CELL	OMEGA_GWAS_mine	OMEGA_CONTROL_mine	OMEGA_DIFF_mine	OMEGA_GWAS_ref	OMEGA_CONTROL_ref	OMEGA_DIFF_ref	NEIGHBORHOOD_SIZE	NUM_DONOR
GTTACAGGTGTAGTGG-L8TX_210513_01_C09-1142430429	1.0886178218301548e-06	-0.0001863783312475	0.0001874669490693	0.001813	0.0031872	-0.0013742	1030	30
GAATAGAAGCCGATTT-L8TX_210325_01_E07-1153814170	0.0002123302852546	-0.0002056480212017	0.0004179783064563	0.00095087	-0.00044005	0.0013909	717	33
GTGACGCGTGTTTCTT-L8TX_210107_02_B12-1142430363	-5.455703461718472e-05	5.205208679093715e-05	-0.0001066091214081	0.0032064	-4.8012e-05	0.0032544	471	33
GTGAGGACAGCTGCCA-L8TX_210401_01_C09-1153814178	5.6132435617750365e-05	9.764879009497908e-05	-4.151635447722871e-05	0.00034411	-0.0037015	0.0040456	899	31
CCGGTGAGTTCAAGTC-L8TX_210826_01_B06-1153814368	2.371282125567524e-05	0.0003486666796588	-0.0003249538584031	0.0032372	-0.0015901	0.0048273	418	29
CACAACAGTTCTGAGT-L8TX_210430_01_F04-1142430405	0.0002231244923976	-4.465314528692986e-05	0.0002677776376845	0.0011337	0.0060474	-0.0049137	478	33
TTTGTTGGTTGTTGAC-L8TX_210430_01_D05-1142430407	9.893562045585888e-05	9.729473833527658e-05	1.640882120582313e-06	-0.0025122	0.0027726	-0.0052848	744	31
TGTGCGGCAGCCCACA-L8TX_210408_01_D10-1153814182	0.0004754874244591	-1.240165869382044e-05	0.000487889083153	0.0017635	0.00049244	0.0012711	1225	54
TCACGCTGTGAGTAGC-L8TX_210825_01_E12-1142292445	0.0002540493708477	-0.0002681509633692	0.0005222003342169	0.00095662	0.00012896	0.00082767	454	30
GATGCTACAAGGCAAC-L8TX_210715_01_A05-1153814277	0.0002096510409984	4.502333280002618e-05	0.0001646277081984	0.00087746	-0.0011836	0.0020611	961	29
ATTTCACCATGACACT-L8TX_210513_01_F11-1153814259	1.7079811852565948e-05	0.0001054047058187	-8.832489396621571e-05	0.0021941	0.00079034	0.0014037	457	28
TGAGGGAGTTGCAACT-L8TX_210506_01_D08-1153814226	0.0002930269870362	2.040401210278043e-05	0.0002726229749334	0.0024424	-0.0018473	0.0042897	570	34
ACGTACATCTCATGGA-L8TX_210513_01_E09-1153814234	8.824986203079272e-05	-0.0001134712775739	0.0002017211396047	0.0023989	0.0042425	-0.0018436	822	35
TTTACTGTCTTCCAGC-L8TX_210513_01_A10-1153814239	6.626927140041344e-05	0.0001777508147494	-0.0001114815433489	0.00074422	-0.00088298	0.0016272	616	33
GGGTAGAAGCCTTTGA-L8TX_201015_01_G03-1153814149	0.0004834932222668	-5.367384264547785e-06	0.0004888606065313	0.0037955	0.00046522	0.0033302	496	32
TTACAGGGTGCTGATT-L8TX_210826_01_G05-1153814361	0.0001128767220218	6.389082817077778e-05	4.8985893851032815e-05	0.0002493	0.002229	-0.0019797	1078	34
TATTTCGAGAGTAACT-L8TX_201106_01_A04-1142430348	-0.0001769404400175	-0.0001269432521247	-4.999718789279082e-05	0.00071003	0.00093722	-0.0002272	595	35
CCTCTCCAGCTTCATG-L8TX_210325_01_H08-1142430397	0.0001824025650184	9.078287408840424e-05	9.161969093000828e-05	-0.00024978	-0.0016167	0.0013669	607	34
TATTGGGCACCGTGAC-L8TX_210422_01_C02-1153814198	0.0002067120895369	-0.0001665058338055	0.0003732179233424	-0.0032933	0.0063871	-0.0096804	613	34
ATCCTATTCTTAGCTT-L8TX_201217_01_G06-1142430354	0.0001043313914333	0.0003246766387288	-0.0002203452472954	0.00074285	-0.0002958	0.0010386	543	33
CGGTCAGGTCACGTGC-L8TX_210805_01_G03-1153814322	3.876304149501727e-05	-0.0001129289910853	0.0001516920325803	0.0021469	-0.002466	0.0046129	800	32
TGCTTGCTCTGACAGT-L8TX_210825_01_F12-1153814357	0.0005790585673917	0.0001402681082414	0.0004387904591503	0.00094663	0.00064154	0.00030508	719	33
GGTGAGGTCAATAGCC-L8XR_210729_01_E09-1122543707	0.0001274747393439	-7.07541980594212e-05	0.0001982289374033	0.00093307	-0.00029764	0.0012307	755	34
CGAGAAGTCCGAAATC-L8TX_210805_01_B04-1153814348	-8.502338027771737e-05	-0.0001192577372876	3.4234357009937344e-05	-0.00082811	-0.0010607	0.00023255	631	31
GCTACAACACACCTTC-L8TX_210311_01_D03-1153814157	-0.0001432640382991	0.0001048652402336	-0.0002481292785327	-0.0004336	-0.0021481	0.0017145	1183	33
CTAGGACGTTAGTTGG-L8XR_211007_02_F03-1135448413	0.0001713186187872	-0.0003521642313971	0.0005234828501844	0.0012241	0.0013883	-0.00016426	924	34
GTCTAGAGTCATCAGT-L8TX_210506_01_E08-1153814230	-0.0002737348579697	-0.0001290238313414	-0.0001447110266283	0.00015133	0.0019619	-0.0018106	1748	34
GAGAAATAGACATAAC-L8TX_210826_01_F05-1153814359	-3.42535472927391e-05	8.116059043830342e-05	-0.000115414137731	0.00046637	0.0034632	-0.0029968	1318	34
ATTCCATTCGACATAC-L8TX_210429_01_B03-1153814206	-4.517723253640923e-05	-0.0001408684106817	9.56911781453256e-05	0.0009629	0.0014539	-0.00049099	652	34
GGTGGCTGTTTCGATG-L8TX_210422_01_G02-1153814196	0.000137852082055	-0.0001629273696449	0.0003007794516999	0.0019738	-0.00067773	0.0026515	505	36
TTCAATCGTATCGCTA-L8TX_210401_01_F09-1142430399	-3.563171167399072e-05	-6.596629298324305e-05	3.0334581309252333e-05	0.0030571	0.00067169	0.0023854	959	31
TCACAAGGTGAGGCAT-L8TX_210805_01_B03-1153814324	9.091250659561748e-05	-0.0002944391555629	0.0003853516621585	0.00021842	-0.0029411	0.0031595	1377	31
TCATCCGTCCGCACTT-L8TX_210826_01_H05-1153814364	-0.0002817359945405	2.447297086252032e-05	-0.000306208965403	0.0028014	0.001247	0.0015544	698	34
GGTCCTGCACACTAAT-L8XR_210812_01_E11-1126220036	0.0001117347434374	0.0001092520856527	2.48265778473126e-06	-0.00050243	-0.0012766	0.00077421	598	35
ACACTGATCCCTCTTT-L8TX_210715_01_F05-1153814275	5.646669739333156e-05	2.9951912529944435e-05	2.651478486338712e-05	-0.00078981	0.0031392	-0.003929	599	35
CGATGGCAGTATTGCC-L8TX_210506_01_B09-1153814245	5.952162561016703e-05	1.7924176403256728e-05	4.159744920691031e-05	-0.0016422	-0.0012993	-0.00034288	570	33
CAAGACTGTCATGGCC-L8TX_201217_01_G06-1142430354	4.132808335418688e-05	0.0001438095746249	-0.0001024814912707	-0.00020069	-0.00047772	0.00027703	522	29
CCCATTGGTAAGGCCA-L8TX_201106_01_B04-1142430350	-7.573925340573853e-05	7.3755438406496e-05	-0.0001494946918122	-0.0010646	-0.0010612	-3.3443e-06	419	34
AATTAGCGTTGGCCGA-L8XR_211021_02_G06-1138433804	0.0001218892312983	8.312528057664386e-05	3.8763950721748745e-05	-0.00034963	0.0016405	-0.0019902	501	33
TTCTAGTTCAGCTGAT-L8TX_210825_01_H11-1142430455	0.0001749103469562	0.000265826781823	-9.091643486680622e-05	0.00018266	-0.0020299	0.0022126	584	33
TGCAGATTCATGCCCT-L8TX_211021_01_B04-1153814390	8.927585079358047e-05	6.709988150870487e-05	2.21759692848756e-05	0.002471	-0.00077393	0.0032449	794	30
CCCAACTCAAGTATCC-L8TX_201119_01_B09-1142430352	-2.1428842253756128e-05	0.0001620468605315	-0.0001834757027852	9.7565e-05	-0.00097976	0.0010773	542	35
TGCAGGCGTTAGGGTG-L8TX_210430_01_D05-1142430407	-1.412159991062555e-06	0.0001550478264437	-0.0001564599864347	-0.0023139	1.3625e-05	-0.0023275	614	30
AGAACAATCTGTTCAT-L8TX_210513_01_G09-1142430433	-0.0002058352385213	7.070622585967489e-05	-0.000276541464381	-0.0024717	0.00015179	-0.0026234	714	31
GGCGTCAGTTGCAACT-L8TX_210513_01_A10-1153814239	-0.0003238707233976	0.0002234631610879	-0.0005473338844855	0.00020538	-0.0025939	0.0027993	648	31
GTCTCACCATAGGAGC-L8TX_210513_01_G11-1153814261	1.2212734599161764e-05	6.765605158281525e-05	-5.544331698365349e-05	-0.003109	-0.0029209	-0.00018813	632	30
CCGGTAGCAGGATGAC-L8TX_210506_01_C08-1153814224	-0.0001713056508768	5.842768923850614e-05	-0.0002297333401153	-0.0016979	0.0021535	-0.0038514	834	33
ACCAAACTCATTGAGC-L8TX_210311_01_D03-1153814157	-8.206439154062889e-05	-3.2811586957999126e-05	-4.925280458262976e-05	0.0055556	0.00056538	0.0049902	445	35
TTTGATCCAACACACT-L8TX_201016_01_E05-1153814151	0.0004745633944705	-6.159056884315013e-05	0.0005361539633137	-0.00097872	0.0034211	-0.0043998	525	31
TCTATACAGCGCTGAA-L8TX_210701_01_E07-1153814263	0.000217728881407	-0.0006284691589786	0.0008461980403857	0.0028262	-0.00059941	0.0034256	1326	33
GTCCGTAAGTGTTGCG-L8XR_210805_01_E10-1124629229	1.1333275857111637e-05	-0.0001256259237084	0.0001369591995655	-0.0027537	0.0014773	-0.004231	524	29
CCAATGAGTAGATCCT-L8TX_210708_01_E09-1153814283	-0.0001268740401446	-9.572100869101716e-05	-3.115303145365158e-05	-0.00013741	-8.3056e-05	-5.435e-05	390	32
AGTCACAAGCAGATAT-L8TX_210506_01_F08-1153814217	-0.0001315020438168	-9.93994176429407e-05	-3.210262617388764e-05	0.0031758	0.001698	0.0014778	712	46
TCCACCAGTGGTCTCG-L8TX_210729_01_F12-1153814344	1.4306232391640607e-05	-1.6238485920447013e-05	3.0544718312087624e-05	0.0037221	-0.00039234	0.0041144	733	29
TCTCCGACATCCGAGC-L8TX_210311_01_D03-1153814157	9.044254060975904e-05	-0.0001018257217192	0.000192268262329	0.0062084	0.0018621	0.0043463	738	30
AGTCAGGCATGAATAG-L8XR_210715_01_A12-1121939868	-6.932942956831224e-05	-3.62688533601209e-05	-3.3060576208191335e-05	-0.00088956	-0.0040292	0.0031396	668	32
GGGTTTCCAGCAATAA-L8XR_210729_01_E09-1122543707	3.034516498543321e-05	0.0001696918749129	-0.0001393467099274	0.0033223	0.0016438	0.0016785	842	29
TGAACGTCATGGATCT-L8TX_210708_01_C09-1153814271	-0.0001455976375029	-8.253770265658774e-05	-6.305993484640121e-05	-0.00015763	0.00010568	-0.00026331	631	31
AACAAGACAAATCGTC-L8TX_210722_01_F07-1153814303	-0.000169644235107	0.0002437779548651	-0.0004134221899721	0.0023126	-0.0016636	0.0039762	531	33
AAGGTAACAGCGGATA-L8TX_210722_01_G08-1153814336	0.0003613002215754	0.0003214996641207	3.980055745462352e-05	0.0034322	-0.0026643	0.0060965	493	31
GGCTGTGCACCCTAAA-L8TX_210415_01_G01-1153814188	8.555307891477996e-05	-0.0002935873498992	0.000379140428814	-0.0012317	-0.00047516	-0.00075658	624	43
CCTACGTAGTCGGCCT-L8TX_210506_01_A09-1153814215	-0.0003585278795088	0.0001458393874625	-0.0005043672669714	0.0035	-0.0025967	0.0060967	587	32
TTTACCAGTGGATTTC-L8TX_210825_01_G12-1153814490	-2.129071306625013e-05	-5.844395226133849e-06	-1.544631784011628e-05	-0.00085078	-0.00081874	-3.2044e-05	761	31
GTGTGGCAGTCGCCCA-L8TX_210708_01_F09-1153814281	0.0001353374471315	-0.0002377382624112	0.0003730757095428	0.0015568	-0.0018789	0.0034357	602	29
GGATTCAGTTTGAGCA-L8XR_210812_01_F11-1124987484	9.591653867263464e-05	-0.0004322111541613	0.000528127692834	0.001816	0.0018185	-2.4561e-06	966	28
TTTGTGTTCGAGGTGG-L8XR_210722_01_B08-1122543704	-0.0001767806916969	5.075446458831159e-05	-0.0002275351562853	-0.00078262	-0.0010365	0.00025385	570	35
CCGTAGGGTCGTTGCG-L8TX_210311_01_F03-1142430382	-7.12334231157929e-07	0.0001893836179076	-0.0001900959521388	0.0024308	0.0018026	0.00062823	1088	39
TCATGTTTCGCATTGA-L8TX_210506_01_A08-1142430425	-1.876965407139473e-06	-4.549225809871769e-05	4.361529269157822e-05	-0.00079004	-0.0003762	-0.00041385	698	29
CACAGGCCATAGAAAC-L8TX_210701_01_H06-1153814265	8.731450588036585e-05	-4.717108675405151e-05	0.0001344855926344	-0.00085411	-0.0010271	0.00017302	927	32
CGTTAGAGTCGTTATG-L8TX_210430_01_C04-1142430413	0.000264982886874	0.0001223842966783	0.0001425985901957	6.2648e-05	0.0030814	-0.0030188	681	31
TTGGTTTAGGATTCCT-L8TX_210415_01_H11-1153814192	8.092282396647617e-05	-6.408871186412526e-05	0.0001450115358306	0.001701	0.0014317	0.00026936	502	36
CTGAGGCGTATTCTCT-L8TX_210715_01_A05-1153814277	0.0008205614665359	0.0005104925259077	0.0003100689406281	0.0009249	0.0013921	-0.00046719	487	35
AATGCCAGTTGTCTAG-L8TX_210408_01_D10-1153814182	-0.0001271704851763	-0.0001446725193841	1.7502034207709578e-05	0.0012047	0.00023202	0.00097269	1361	32
CCCATTGAGACTTCAC-L8TX_210430_01_F04-1142430405	4.661693172837835e-05	-7.817850269246933e-05	0.0001247954344208	0.00073081	0.00080489	-7.4078e-05	664	30
TGTTGAGGTCATAACC-L8TX_210825_01_E12-1142292445	5.4386548139741925e-06	-0.0003648808561295	0.0003703195109434	-0.0018208	-0.0025527	0.0007319	998	35
CTTGTTCCATTCCTGT-L8XR_211021_02_E08-1138433803	-0.0001546758740354	-0.0001134040210257	-4.127185300972196e-05	-0.00056751	0.0022978	-0.0028653	1140	31
GGGATGACATGTTACG-L8TX_210429_01_H02-1142430403	8.345092839138572e-05	5.033018472022324e-05	3.312074367116249e-05	0.0030531	0.0045813	-0.0015283	929	32
CTCCTGAGTTATCGAG-L8XR_210805_01_E10-1124629229	0.0005842295472162	-0.0001553615427724	0.0007395910899886	0.0027905	0.0011518	0.0016387	789	34
CTGGTCTGTCGTCTCT-L8TX_210708_01_E09-1153814283	0.0001821599351125	-1.5732398252076293e-05	0.0001978923333646	0.00064705	-0.0013364	0.0019834	508	34
GGTTGCGGTTAGCGTA-L8XR_210722_01_B08-1122543704	0.0001862895076165	6.217283480724128e-06	0.0001800722241357	-0.0017398	-0.0021711	0.0004313	550	30
ACAAGCTGTGATTAGA-L8TX_210805_01_A04-1153814346	-1.0800463107286258e-05	-6.707876111233521e-05	5.627829800504895e-05	0.0010572	0.0012262	-0.00016908	1301	43
AGGTGTTGTGGTCTGC-L8TX_210715_01_E05-1153814273	2.8314528928558108e-05	0.0001783264168329	-0.0001500118879043	0.00027838	-0.0024	0.0026784	1053	32
TCTTGCGTCTGAATCG-L8TX_210812_01_C10-1153814352	0.0003976907913451	0.0001239431283091	0.0002737476630359	0.0019728	-0.001776	0.0037488	428	35
GTGACGCGTCATACCA-L8TX_210318_01_C05-1142430384	4.801103229286877e-05	0.0001396882937622	-9.167726146940198e-05	-0.0018345	-0.0023677	0.00053326	409	28
TATCTTGCAAATTGCC-L8TX_210722_01_D08-1153814330	0.0002135867896965	-8.323138739956283e-07	0.0002144191035705	0.0024952	-0.007077	0.0095722	771	30
GTGGGAACAGGCTCTG-L8TX_210430_01_C04-1142430413	0.0001455989361108	-7.653418409209797e-05	0.0002221331202029	0.00093031	0.0023566	-0.0014263	720	30
TGTAGACGTTATCCAG-L8TX_210107_02_F12-1142430369	-8.720878476028595e-05	-3.3154691368387897e-06	-8.389331562344717e-05	0.0014818	-3.9286e-05	0.0015211	477	33
TACGGTATCATTCGGA-L8TX_210401_01_B09-1153814174	-7.780020077499062e-05	-4.476789844760991e-05	-3.303230232738071e-05	0.0020293	-2.621e-06	0.0020319	599	36
CACGTTCCATCTGCGG-L8TX_210318_01_C05-1142430384	8.587380008740892e-05	0.0003157213712347	-0.0002298475711473	-0.001516	-0.0015047	-1.1223e-05	743	31
ATTTCACGTGCGAACA-L8TX_210513_01_D09-1153814243	0.00014892575725	9.783566087213352e-05	5.109009637787351e-05	0.00058887	2.6747e-05	0.00056212	520	36
GTCAAACAGGATCACG-L8TX_210311_01_D03-1153814157	-0.0001757268865749	-6.676314137591068e-05	-0.000108963745199	-0.001032	0.00063131	-0.0016634	833	33
TTCGGTCCATACAGGG-L8TX_210121_01_D03-1142430374	4.729704582426242e-05	1.045598196759322e-05	3.68410638566692e-05	-0.00067131	-0.00050858	-0.00016273	602	34
GACTCTCGTGCAAGAC-L8TX_210729_01_D12-1153814314	8.053358110287499e-05	-0.000107918709099	0.0001884522902019	-0.0013701	-0.001137	-0.00023309	1336	30
ATCGTGACAGTAGGAC-L8TX_210722_01_D08-1153814330	0.0001245851669164	8.556363655687609e-05	3.902153035960086e-05	-0.00036758	-0.0030105	0.002643	1136	32
GAGCAAATCGCTAAGT-L8XR_210729_01_D09-1124629224	0.0001389247877606	0.0001584787879896	-1.9554000229057763e-05	0.0036811	-0.0020797	0.0057608	857	31
TCGGTCTGTGAACGGT-L8TX_210923_01_G06-1153814375	-0.0001145713577404	0.0003425682156784	-0.0004571395734189	0.0023894	-0.0037442	0.0061335	584	34
TGGGAGAAGGTTCTAC-L8TX_210722_01_F08-1153814334	6.32581182134979e-05	-0.0001410651903232	0.0002043233085367	0.0011561	0.00030323	0.00085284	729	31
TCTACCGAGCCGCACT-L8TX_210430_01_E05-1142430422	0.0003684521489171	-6.288785179719555e-05	0.0004313400007143	-0.0023847	0.0015823	-0.003967	526	34
CTCCCTCCACAAACGG-L8TX_210701_01_B07-1153814269	-4.332679050355381e-05	0.000425386343531	-0.0004687131340345	0.0031372	0.0013636	0.0017736	599	34
GTTGTAGTCATCACAG-L8TX_210325_01_H08-1142430397	0.0001526644631679	-0.0002218591669739	0.0003745236301419	-0.00076311	0.0021979	-0.0029611	733	32
AGGCATTTCCTTTAGT-L8TX_210318_01_H04-1142430390	0.0001235907520233	0.0001032776300019	2.031312202138968e-05	0.0041573	-0.00082823	0.0049855	561	38
CCTCCTCAGGATTTCC-L8TX_210415_01_F11-1142430401	3.443274878545927e-05	5.534185232529501e-05	-2.090910353983574e-05	-0.0010514	0.0021341	-0.0031855	687	29
ATGCCTCAGTAGATCA-L8TX_210514_01_G12-1142430439	7.095406284488794e-05	-4.115351759314597e-05	0.000112107580438	0.001577	2.1181e-05	0.0015558	631	31
TTCGGTCGTCACTTAG-L8TX_210826_01_H05-1153814364	7.712057379974686e-05	-9.834590870604182e-05	0.0001754664825057	-0.00062334	9.1477e-05	-0.00071482	860	34
GACTATGAGCGTATAA-L8TX_210318_01_C05-1142430384	0.0001343087500777	2.4523540705136263e-05	0.0001097852093726	-0.0017477	0.00067278	-0.0024205	1012	30
GAGCCTGGTTGCCAAT-L8TX_201016_01_E05-1153814151	-7.67538161085599e-05	0.0003560595080823	-0.0004328133241908	-0.0016304	0.00037956	-0.00201	645	34
TATCCTAAGCCTATCA-L8TX_210107_02_B12-1142430363	0.0001049694424736	-1.2147727377776286e-05	0.0001171171698514	-0.0015821	9.5036e-05	-0.0016771	974	31
CCACACTAGTCCGCGT-L8TX_210722_01_D08-1153814330	3.1772324356256846e-05	-0.0001090879805522	0.0001408603049084	-0.00013736	-0.00073779	0.00060043	857	31
TGAATGCGTGACTAAA-L8TX_210107_02_F12-1142430369	2.05293494599343e-05	5.854954840764878e-05	-3.802019894771448e-05	0.0025425	-0.0019613	0.0045038	540	31
TCTGGCTAGTACCCTA-L8TX_210429_01_B03-1153814206	6.87047939812121e-05	1.7584469468662838e-05	5.1120324512549264e-05	0.0018478	-0.0011743	0.003022	572	31
CATAGACGTCGTCGGT-L8TX_210430_01_E05-1142430422	0.0007644430996661	0.0001257928762636	0.0006386502234025	-0.00077095	-0.00074125	-2.9703e-05	735	37
CGGGTGTGTTGCTGAT-L8TX_210826_01_A06-1153814366	-7.42317926493074e-05	6.82527757455505e-05	-0.0001424845683948	0.0028065	0.00089009	0.0019164	500	33
TCGGATACAACTGCTA-L8TX_210825_01_E12-1142292445	6.766577539504114e-05	-2.5974718377122144e-05	9.364049377216328e-05	-0.00067434	-0.0028736	0.0021993	610	31
GGGAGATAGCGGACAT-L8TX_210506_01_B08-1153814220	0.0002408473144789	-0.000462262811373	0.0007031101258519	0.0027095	0.0022394	0.00047003	675	31
AGGAAATAGGATATAC-L8TX_210318_01_D05-1142430392	0.0005113940430387	0.0003888789673296	0.0001225150757091	-0.0016019	-0.000912	-0.00068991	856	33
TGGGCGTTCTTTGATC-L8TX_210708_01_F09-1153814281	-9.658192539200162e-05	-0.0002773867925558	0.0001808048671638	0.0016366	0.0017621	-0.00012547	918	29
TTCTAACAGTTGCGAG-L8TX_210422_01_C02-1153814198	6.367160194727056e-05	0.0001847507468304	-0.0001210791448832	-0.0020865	0.0010695	-0.003156	810	35
GTTAGACAGTAGTGCG-L8TX_210402_01_G09-1153814180	0.000383268944113	-0.0001080835192797	0.0004913524633928	0.0014564	-0.0019544	0.0034108	461	36
GACTTCCCAGGCATGA-L8TX_210722_01_C07-1142430451	0.0001024188592418	9.418337315603652e-05	8.235486085765258e-06	-0.0017867	0.00039058	-0.0021773	880	28
GTAGCTATCTCCAATT-L8TX_210825_01_G12-1153814490	-0.0002874921678116	0.0001246255440026	-0.0004121177118143	-0.00027045	-0.0011331	0.00086265	681	35
CGGGCATTCCAATCCC-L8TX_210812_01_C10-1153814352	-0.0001071404760266	0.0001884240659062	-0.0002955645419329	0.0024989	-0.00054767	0.0030466	836	30
GGCTGTGTCGAGTGGA-L8TX_201217_01_G06-1142430354	0.0001175172408675	7.549650958173058e-05	4.202073128579686e-05	0.00042712	0.00066879	-0.00024167	536	33
TTTCAGTCAATAAGGT-L8TX_210826_01_C06-1153814371	-9.995424666410636e-05	-0.000156869427279	5.691518061491173e-05	0.001533	-0.002058	0.003591	1259	44
GATCGTAAGATCGCTT-L8TX_210708_01_C09-1153814271	-5.931297411543352e-06	0.0002417980159656	-0.0002477293133772	0.0029229	-0.00015641	0.0030793	788	29
GAGTGAGCAGCGAACA-L8TX_210701_01_H06-1153814265	2.7579559944164777e-05	-1.1906687573435224e-05	3.94862475176e-05	0.00071312	0.0011061	-0.00039295	1149	29
GACGTTATCCAACACA-L8TX_210513_01_H10-1153814232	5.566027708334225e-05	0.0001174886122491	-6.182833516580096e-05	0.0008883	-0.00083978	0.0017281	580	33
GTCTGTCAGCTGCCAC-L8TX_210701_01_B07-1153814269	0.0007452192377421	-0.0005674911396916	0.0013127103774338	0.00075702	-0.003661	0.004418	578	30
CGTAATGAGGTTCTAC-L8TX_211021_01_B04-1153814390	-0.0003817490816042	0.0002427736798111	-0.0006245227614154	0.0029947	0.0004873	0.0025075	559	35
TATACCTGTCGCTTGG-L8TX_210513_01_F11-1153814259	-9.42789256421968e-05	9.061920085534582e-05	-0.0001848981264975	0.00089207	-0.00026279	0.0011549	586	30
TGACGCGCAGTCAGAG-L8TX_210408_01_E10-1153814184	0.0002395359739876	0.0003360574976079	-9.652152362032628e-05	-0.00026003	0.0056824	-0.0059425	621	31
CTCAATTAGAGGGTAA-L8TX_210722_01_G07-1153814308	-0.0006814279151909	-2.1176607921273185e-05	-0.0006602513072696	0.00024096	-0.0011202	0.0013612	636	36
TGAGTCATCTACGGTA-L8TX_210513_01_G11-1153814261	9.623120652397668e-05	-4.6390300845528985e-05	0.0001426215073695	-0.0013605	0.00029568	-0.0016562	514	34
ACCCTTGAGGTCGAGT-L8TX_210521_01_D05-1142430443	-0.0002671619956734	0.0004067909792917	-0.0006739529749651	-0.0038643	0.0013593	-0.0052236	895	31
TTGGGCGTCTACAGGT-L8TX_210805_01_B03-1153814324	-0.0001856748858102	-0.0001366932198312	-4.898166597901288e-05	-0.0014456	-0.0016074	0.0001618	973	34
AGTGTTGTCTAACGCA-L8TX_210805_01_B03-1153814324	-2.489357956894209e-05	-0.0004266865455768	0.0004017929660078	0.0029339	0.00024269	0.0026912	916	28
GGTGAAGCAGAGTGAC-L8TX_210826_01_C06-1153814371	0.0001602058865721	-0.0002425191973394	0.0004027250839116	0.00020931	0.00044297	-0.00023367	695	34
CCACTTGGTTCAACGT-L8TX_210430_01_E05-1142430422	-0.0003635936678923	-3.396222125067807e-05	-0.0003296314466416	0.00096916	0.0011011	-0.00013191	1201	41
CCGCTAAAGTTAGACC-L8XR_210715_01_D12-1121747486	-6.875266954912191e-05	-0.0001241267597087	5.537409015963673e-05	0.0028028	-0.0012266	0.0040294	1642	31
CTTTCGGAGCCTATCA-L8TX_210107_02_F12-1142430369	-0.000476740285713	0.0001942652597353	-0.0006710055454483	0.00015988	-0.0016949	0.0018548	501	32
TTAATCCAGGACGGAG-L8TX_210430_01_C04-1142430413	-1.6841228563967934e-05	-0.0001249391386146	0.0001080979100507	0.00011544	0.00075666	-0.00064123	467	33
AGGGTCCGTGTTCGAT-L8TX_210506_01_H08-1153814228	-0.0002450778140353	8.657885612466673e-05	-0.00033165667016	-0.00093608	0.0023494	-0.0032854	559	35
GTAGGTTTCTCGGCTT-L8TX_210107_02_E12-1142430367	-8.559491382548216e-05	0.0003747601559105	-0.000460355069736	0.001826	-0.00025809	0.0020841	702	30
CAATGACCAGCTTCGG-L8TX_210812_01_D10-1153814354	-2.1887667221800345e-05	-1.6104719819364867e-05	-5.782947402435477e-06	-0.0005293	-0.0010119	0.00048262	638	31
CAAGAGGAGTTACGAA-L8TX_211021_01_B04-1153814390	4.855844633539478e-05	-0.0001897829160009	0.0002383413623363	0.0032859	-0.0042585	0.0075444	904	31
CATAAGCTCCAGCACG-L8TX_210415_01_H11-1153814192	5.648392886200056e-05	8.054794432473103e-05	-2.4064015462730467e-05	0.0011721	-0.0011856	0.0023576	659	33
CGTGCTTGTCATCCCT-L8TX_210318_01_H04-1142430390	0.0003228571434376	0.0002030438561601	0.0001198132872774	-0.0019603	-0.0018067	-0.00015357	636	35
TGTCCTGGTTTGACAC-L8TX_210318_01_D05-1142430392	-5.200254498753242e-05	-0.000104873375758	5.2870830770515166e-05	0.0046906	-0.00085764	0.0055482	765	35
GCACTAATCAGCCCAG-L8TX_210812_01_C10-1153814352	0.0007607567113675	-7.532717001437724e-05	0.0008360838813819	-0.0010616	-0.00020895	-0.00085263	574	31
AGATAGAGTGCTGATT-L8TX_210318_01_E04-1153814164	0.0003217061037533	0.0003663081603401	-4.460205658682434e-05	0.00033031	-0.0030849	0.0034152	546	41
AACGGGAAGACTCAAA-L8TX_210826_01_D06-1153814373	0.0001333607765862	0.0003963590777211	-0.0002629983011349	0.00042603	0.00029483	0.00013121	1013	33
GTCTCACGTGCGAGTA-L8TX_210415_01_H11-1153814192	-0.0001512190967206	0.0001477581948675	-0.0002989772915881	-0.0014856	0.00012666	-0.0016123	699	32
GCGAGAACAGCCTATA-L8TX_210715_01_D05-1153814295	0.000543267725353	2.504597519895859e-05	0.000518221750154	-4.4979e-05	0.0034807	-0.0035257	580	32
AGACCATAGTGCACTT-L8TX_210826_01_G05-1153814361	-3.118872407278967e-05	-2.0507976859665626e-05	-1.0680747213124046e-05	0.00033316	-0.0010208	0.001354	533	32
GGTTGTAGTCCTCAGG-L8TX_210715_01_E05-1153814273	8.333386587582098e-05	-2.539027998086285e-05	0.0001087241458566	0.0012769	-0.00248	0.0037569	802	34
CGTCAAAGTAGTACGG-L8TX_210715_01_F05-1153814275	0.0003116380545011	0.0003051942773989	6.443777102144426e-06	-0.0015774	-0.0017471	0.00016966	1088	34
ATGGGAGAGCAGGCTA-L8TX_201015_01_G03-1153814149	4.42577209546498e-05	-4.744708721005272e-05	9.170480816470252e-05	0.001164	-0.0011095	0.0022735	1247	32
TTTACTGCACATTGTG-L8TX_210506_01_B09-1153814245	-5.2304740268340655e-06	-0.000174624180594	0.0001693937065671	-0.0023724	0.0015495	-0.0039219	767	33
CAACAGTGTCGACTGC-L8TX_210513_01_C09-1142430429	2.057076725751564e-06	7.110736818382049e-05	-6.905029145806893e-05	-0.004226	0.0016611	-0.0058871	771	30
CTGGACGTCACCATGA-L8TX_210513_01_G09-1142430433	2.550242271667672e-05	-1.2228487564615494e-05	3.773091028129222e-05	0.001587	-0.0010652	0.0026522	603	38
GGACGTCGTTACGATC-L8TX_210415_01_H11-1153814192	0.0001622834119831	-0.0001646776408911	0.0003269610528742	0.0026961	0.0026227	7.339e-05	612	30
ATACCGATCGTGCAGC-L8TX_210701_01_H06-1153814265	0.0001584749449309	-0.0002495343877719	0.0004080093327029	-0.00043052	-0.0020343	0.0016038	970	30
GAACGTTCAGTAACCT-L8TX_210513_01_A10-1153814239	8.962235769356366e-07	-7.491913941103382e-05	7.581536298796945e-05	-0.00020247	0.002197	-0.0023994	832	31
GGTCACGCATAAGATG-L8TX_210506_01_C08-1153814224	0.000160339602955	-0.0004724827293496	0.0006328223323047	0.00057538	0.00064025	-6.4874e-05	914	31
TTTACGTAGGTTGTTC-L8TX_210923_01_G06-1153814375	1.1203224044989529e-05	-9.986253539279724e-05	0.0001110657594377	-0.0018322	0.0023083	-0.0041405	723	29
AGTCATGTCAGGAGAC-L8TX_210401_01_F09-1142430399	0.0002245443787866	-0.0003409463740706	0.0005654907528572	0.0036767	-0.0011624	0.0048391	641	33
CACTGGGCACTTTAGG-L8TX_210722_01_B08-1153814305	0.0004341426503438	-0.0001571634031006	0.0005913060534444	-0.0030452	-0.00052226	-0.0025229	1304	32
GAGTTTGGTCGCATCG-L8TX_210506_01_F08-1153814217	4.690687911461544e-05	8.696798229816028e-06	3.8210080884799416e-05	-0.00020791	-0.0015804	0.0013725	693	34
CCCTCTCGTCTCAGAT-L8TX_210729_01_G12-1153814338	2.775835100729884e-05	6.742152513386093e-05	-3.966317412656209e-05	-0.00057223	-0.00076585	0.00019363	583	33
CTATCCGTCTCATTTG-L8TX_210715_01_A05-1153814277	0.0002236838367453	-0.0003215900663548	0.0005452739031001	0.00050234	0.0025438	-0.0020414	699	49
ACCTGAAAGCCTATTG-L8TX_210506_01_E08-1153814230	3.195918361494209e-05	-2.674610349276544e-05	5.870528710770752e-05	-0.00045736	0.0018257	-0.002283	495	33
GTAGGAGGTAATGTGA-L8TX_210923_01_G06-1153814375	-4.433178057923967e-05	-1.3585931425502003e-05	-3.074584915373766e-05	-0.0017112	-0.00015727	-0.0015539	1143	31
TACAGGTGTGTGCTTA-L8TX_210430_01_B04-1153814208	6.759884313022639e-05	0.0001491064876509	-8.15076445207244e-05	0.001353	-0.0013648	0.0027179	515	32
AAAGGATCAGTGTGGA-L8TX_210430_01_D05-1142430407	9.876258177057892e-05	-6.0316123853413856e-05	0.0001590787056239	0.0025913	-0.0006851	0.0032764	1307	30
TAGACCATCTTGGATG-L8TX_210826_01_F05-1153814359	8.152137312699982e-06	4.542039682617558e-05	-3.72682595134756e-05	-0.0001974	-0.0016527	0.0014553	1181	34
TTTAGTCAGTTCCTGA-L8TX_210708_01_E09-1153814283	-7.075529540677331e-05	0.0001743820314863	-0.0002451373268931	0.00056508	-0.0013307	0.0018958	633	32
TAGGGTTCAAGGCGTA-L8TX_210506_01_E08-1153814230	0.0002144449979796	2.557705753124325e-05	0.0001888679404483	0.0003197	0.0017317	-0.001412	411	34
AACAGGGAGTTGGACG-L8TX_210506_01_F08-1153814217	1.6029737402334817e-05	-0.0001607037728417	0.000176733510244	0.0020485	-0.0010581	0.0031066	1183	50
CCGGTTAAGCTGGAAA-L8XR_210729_01_D09-1124629224	0.0002623749687163	-0.0003533462511402	0.0006157212198565	0.001042	0.00096843	7.3535e-05	767	35
AAAGTGAAGGTGCCAA-L8TX_210319_01_F05-1142430388	0.0001699229296349	-2.0812013403386385e-05	0.0001907349430383	-0.00039113	0.0027672	-0.0031583	528	33
GACACGCGTATTCCTT-L8TX_201217_01_B08-1142430356	0.0001624578373936	0.0002651467132871	-0.0001026888758935	0.003442	-0.00044966	0.0038916	631	32
CAATACGCAGCAGTAG-L8TX_210722_01_D08-1153814330	-7.536723784543786e-05	-6.447004290045346e-05	-1.0897194944984393e-05	0.00054296	-0.00022052	0.00076348	629	31
GATGAGGAGAGGCGTT-L8TX_210506_01_B08-1153814220	-8.636810430023296e-05	-9.058285113733102e-05	4.214746837098062e-06	-0.00071011	-0.00010654	-0.00060357	890	30
TGCAGATAGGTTGGTG-L8TX_210430_01_D05-1142430407	4.912811355575212e-05	-1.642394050596358e-05	6.55520540617157e-05	4.9379e-05	-0.002819	0.0028684	469	33
CTGAATGTCTCGACCT-L8TX_211111_01_C10-1153814394	-0.0001780071822676	0.0002043108182005	-0.0003823180004681	0.0010049	-0.0009142	0.0019191	746	30
AAGTACCGTGCTTCAA-L8TX_210729_01_H11-1153814312	0.0001060269590152	-1.817622266182523e-05	0.000124203181677	-0.00019305	0.00086252	-0.0010556	666	33
TCATGTTTCCATCAGG-L8XR_210729_01_D09-1124629224	-4.639643983734508e-05	-0.0001233843963697	7.698795653242693e-05	0.00017074	-0.00083852	0.0010093	674	32
ATCTCTAAGCTCACTA-L8TX_210722_01_C08-1153814328	0.0001266742105319	-9.964761560853708e-05	0.0002263218261404	-0.0028204	0.0015683	-0.0043887	630	33
CGGAACCAGTACGAGC-L8TX_210826_01_G05-1153814361	-0.0002472203452287	-0.0002703765068453	2.3156161616633955e-05	0.0020463	0.0027355	-0.00068919	1040	32
CTCCCTCCACACCAGC-L8TX_210311_01_D03-1153814157	0.0005666580027077	-0.0004167432953973	0.0009834012981051	0.0019809	0.0010571	0.00092383	453	37
GAGGCCTGTCTTGAGT-L8TX_210422_01_C02-1153814198	0.000115288989848	0.0005790650451024	-0.0004637760552544	0.0018873	-0.0016733	0.0035605	742	32
ACGTAGTAGCGCCGTT-L8TX_210430_01_D05-1142430407	-0.0003072323427099	-5.614780049642108e-05	-0.0002510845422135	-0.0013065	0.0032353	-0.0045418	703	30
CATCGCTAGCGAAACC-L8TX_210923_01_G06-1153814375	-7.98119042445222e-05	0.0001921750405452	-0.0002719869447897	0.0032789	-0.0014617	0.0047407	471	33
ATCGGATCAGCATCTA-L8TX_210513_01_H09-1142430435	0.0001640572037349	-0.0001164556676948	0.0002805128714298	-0.00034791	0.00088722	-0.0012351	733	32
GGTGTCGTCGCCAACG-L8TX_201119_01_B09-1142430352	8.956094988103315e-05	-4.059834262066653e-05	0.0001301592925016	-8.4625e-05	0.0019916	-0.0020762	871	33
CTTTCGGAGATCCCAT-L8TX_210319_01_F05-1142430388	0.0003151070302872	0.0001475790275336	0.0001675280027536	0.0014075	0.0016257	-0.00021823	880	32
ACCTACCTCTCGAGTA-L8TX_210722_01_F07-1153814303	0.0002619998791683	5.5226964642494135e-05	0.0002067729145258	0.0049108	-0.0033585	0.0082693	999	31
AGAGCCCCAAGAGGCT-L8TX_210805_01_F02-1153814316	0.000226411369531	0.0001863387703155	4.0072599215499694e-05	-0.00041032	-0.0018944	0.001484	962	31
AACCATGGTACTGCCG-L8TX_210729_01_D12-1153814314	0.0001112403850335	-8.073463142386353e-05	0.0001919750164573	0.0020343	-0.00031421	0.0023485	707	33
AGGGAGTCAGCCGTCA-L8TX_210701_01_B07-1153814269	-2.936727973690933e-05	-0.0003182563111436	0.0002888890314067	0.0030862	0.0020768	0.0010094	1251	31
GAGGGATAGAGCGACT-L8TX_210722_01_D07-1142430453	-0.0001590351536721	-4.427398675313255e-05	-0.0001147611669189	0.00097442	-0.0021117	0.0030861	493	29
AAGTGAACACTGCTTC-L8TX_210506_01_B08-1153814220	0.0001254409036247	-2.291721407068157e-05	0.0001483581176954	0.00096937	-0.00091304	0.0018824	804	30
GATGACTCACGATTCA-L8TX_210701_01_E07-1153814263	3.0466292879377058e-05	-1.595332008708607e-05	4.641961296646313e-05	0.0012192	0.0011481	7.1091e-05	1373	31
GAACCTTAGGTTAGAG-L8XR_210902_02_B08-1131257169	-0.0001963337351154	-0.000118261620944	-7.807211417140836e-05	0.0013472	0.00030008	0.0010471	647	30
CCGTAGGCAACGTATC-L8TX_210506_01_B09-1153814245	0.0001685419807581	-9.080858522681924e-05	0.000259350565985	0.0026625	0.00020084	0.0024617	1201	43
AGAACCTCAAGCGATG-L8TX_210506_01_B09-1153814245	2.3929864906023528e-05	-9.418626978131328e-05	0.0001181161346873	0.0062867	-0.0005596	0.0068463	621	30
TCGTGGGCACGCTGTG-L8TX_210506_01_E08-1153814230	0.0001248121336346	0.0001298976890399	-5.085555405327276e-06	0.0007569	0.00038943	0.00036747	1480	30
CCGCTAGCAGAATGAC-L8XR_211021_02_E08-1138433803	0.0002375183971005	2.452004082031134e-05	0.0002129983562802	0.0012921	-0.00011588	0.001408	1064	29
ATTACTCGTAGGTACG-L8TX_210506_01_D08-1153814226	0.0002974732287162	-0.0001830290360208	0.0004805022647371	-0.001041	-0.0005324	-0.00050855	691	32
CTAGACAAGCAAGTGC-L8TX_201217_01_B08-1142430356	0.0002730682599432	-1.000836739757519e-05	0.0002830766273407	0.0025822	0.0014773	0.0011049	570	33
GACAGCCGTATGGTAA-L8TX_210826_01_C06-1153814371	1.1736359392219954e-05	-2.609581627168917e-05	3.783217566390913e-05	0.00087888	-0.0032727	0.0041516	1765	33
CAACAGTAGCGAAACC-L8TX_210930_01_F03-1153814381	0.0001702601960391	-0.0001889655985901	0.0003592257946293	-0.00083891	-0.0046446	0.0038057	569	31
TCTAACTCACCCTGAG-L8TX_210513_01_A10-1153814239	-2.9043580529319003e-05	0.0006231147190073	-0.0006521582995366	0.0031808	-0.0016488	0.0048296	460	34
ATCGTAGCAATTCTTC-L8TX_210521_01_F05-1153814247	1.630133906906859e-05	2.5861080362618427e-05	-9.559741293549835e-06	-0.0027145	0.00030539	-0.0030199	745	31
GTCATCCCAAGGTCAG-L8TX_210805_01_F02-1153814316	2.6882464517839796e-05	0.0002656267107483	-0.0002387442462305	-0.0002974	0.003509	-0.0038064	472	33
GTCTGTCCAACCACAT-L8TX_210430_01_F05-1142430409	0.0002069537319322	0.0001642385078674	4.271522406478097e-05	0.00024258	-0.00078202	0.0010246	568	31
CTGGCAGGTATCGCGC-L8TX_210422_01_C02-1153814198	0.0001871511328302	6.700775622768896e-06	0.0001804503572074	0.00049971	-0.0023021	0.0028018	752	35
AAGCATCCAATAACGA-L8TX_210722_01_F08-1153814334	-0.0001115047456857	0.0005084746211621	-0.0006199793668479	-0.0027543	0.00025605	-0.0030103	1197	34
TGGGAGACAAGTGGAC-L8TX_210826_01_C06-1153814371	-0.0001303297659479	0.0002009766835465	-0.0003313064494945	0.0034014	-0.0017681	0.0051695	827	30
CAACCAAGTTGCAACT-L8TX_210506_01_E08-1153814230	0.0004467671522533	-0.0001128413318377	0.000559608484091	0.00034793	-0.0011018	0.0014497	552	30
ACCAACATCGCCGAAC-L8TX_201106_01_A04-1142430348	-0.0003083166057464	0.0001317968154174	-0.0004401134211639	-0.0026502	0.00083513	-0.0034853	686	35
ACCACAACACCAACAT-L8TX_210825_01_F12-1153814357	-0.0002342950841214	-0.000167346636837	-6.694844728433164e-05	-0.0043297	-0.00072369	-0.003606	679	31
AGGCATTTCCGATCTC-L8TX_210722_01_E08-1153814332	-9.73170853423841e-06	-4.861531931501011e-05	3.88836107807717e-05	-0.0015628	-0.0016994	0.00013652	606	29
CAGCAATTCGTTCGCT-L8TX_210513_01_H10-1153814232	2.2529073921236757e-05	0.0001123985659893	-8.986949206810291e-05	-0.00062066	-0.00094313	0.00032247	881	29
TTCTGTAAGAGGTCAC-L8TX_210401_01_F09-1142430399	-2.5512920775920885e-05	-5.663291537251933e-05	3.1119994596598445e-05	0.0014302	-0.00095169	0.0023819	660	38
TGCTCCATCAGGCGAA-L8TX_210121_01_D03-1142430374	5.624650165505828e-05	2.5360778427743084e-06	5.3710423812283966e-05	0.0056635	-0.00051729	0.0061808	904	28
ACCAGGACAGTAGGTG-L8XR_210729_01_E09-1122543707	-6.386016599192263e-05	-0.0002224956156605	0.0001586354496685	0.002239	-0.0034865	0.0057254	539	29
TGAGGGACATCCGAAT-L8TX_210715_01_E05-1153814273	0.0003469256470879	0.0002031329473499	0.0001437926997379	0.00086372	0.0011792	-0.00031547	728	39
CTGGACCAGCTAAAGG-L8XR_210812_01_A12-1124987483	-4.002482849315486e-06	7.100925304888726e-05	-7.501173589820274e-05	-0.00071628	0.00022867	-0.00094495	1054	32
GTGTGGCGTGTGTGTT-L8TX_210701_01_A07-1153814267	0.0001833951787048	4.343009879611272e-05	0.0001399650799087	0.00014595	0.00043842	-0.00029248	764	32
ATGCCTCTCACAACCA-L8TX_210701_01_H06-1153814265	0.0001109627421336	-8.827644326564173e-05	0.0001992391853992	0.0015844	-0.00052833	0.0021128	1224	36
TATTGCTGTAAGTAGT-L8TX_210722_01_F08-1153814334	-1.1373810940204196e-05	-0.0002188575796296	0.0002074837686893	-0.001082	0.00055538	-0.0016373	784	31
GTTAGTGCAATTCACG-L8TX_210430_01_H04-1142430420	-5.555966863223332e-05	-0.0001245778680183	6.901819938614627e-05	0.0027247	-0.0023257	0.0050504	1057	34
CTACCTGAGTCGAAGC-L8TX_210430_01_D05-1142430407	-0.0005895662781198	-0.0003621570894996	-0.0002274091886202	0.00090262	-0.0031032	0.0040058	602	29
CAGAGCCAGTATGATG-L8TX_210513_01_H10-1153814232	-4.008198639346946e-05	-5.089264402543403e-07	-3.957305995321512e-05	0.0026728	0.0044072	-0.0017343	800	32
GAGTCTACACATGTTG-L8TX_210805_01_A04-1153814346	-0.0001946814876372	0.0004955654037118	-0.0006902468913491	-0.0027491	-0.0025174	-0.00023172	600	34
TGCTCCATCGTAATGC-L8TX_210513_01_A10-1153814239	-0.0001589307209842	-8.87796615245264e-05	-7.015105945976873e-05	0.00030497	0.00047434	-0.00016937	865	36
GGCTTGGTCTAAGCCA-L8TX_210506_01_B09-1153814245	-0.0001426233936758	0.0001664044245379	-0.0003090278182137	0.00071216	-3.0776e-05	0.00074294	866	37
AAAGTGAGTGTCTTAG-L8TX_210513_01_G09-1142430433	0.000296914310125	-4.079973948267888e-05	0.0003377140496077	-0.0005077	-0.0015785	0.0010708	725	32
TACTTGTAGTATAACG-L8TX_210514_01_G12-1142430439	-5.495867401534252e-05	-4.028064547225864e-05	-1.4678028543083882e-05	0.00029781	-0.0016138	0.0019116	466	33
TATTTCGTCCCGATCT-L8TX_210506_01_B09-1153814245	0.0003405997192659	5.926593474590861e-05	0.00028133378452	-0.00032542	0.0021135	-0.0024389	766	34
GGCAGTCGTTGCACGC-L8TX_211111_01_C10-1153814394	-0.0003643439411875	-2.7673056711363132e-05	-0.0003366708844761	0.00096084	0.002145	-0.0011841	622	30
GGGCGTTCACCCAACG-L8TX_210826_01_G05-1153814361	4.955001753712841e-05	-7.97788018106523e-05	0.0001293288193477	-0.0021257	-0.00044016	-0.0016855	994	29
GCCAGGTGTGCGGCTT-L8TX_210825_01_H11-1142430455	-0.0001142954069847	-0.0001471909249265	3.289551794182066e-05	-0.00091342	0.0020479	-0.0029613	680	36
CATCATGCACTTCATC-L8XR_210812_01_F11-1124987484	0.0001744367865283	-0.000220021019749	0.0003944578062773	0.0052993	-0.00011438	0.0054137	891	30
AAACCAACAGGCATGA-L8XR_210812_01_D11-1124987482	9.682608851320233e-05	-4.566501611424612e-05	0.0001424911046274	-0.00061835	0.0013808	-0.0019992	402	31
AGTTCGACAAATTAGG-L8TX_210506_01_A08-1142430425	0.000174705500617	-6.096439708344447e-05	0.0002356698977004	0.0025782	-0.00014748	0.0027257	658	33
AGCTCAACACAAGCAG-L8TX_210415_01_G11-1153814190	0.0002097809534687	-0.0004202977219912	0.00063007867546	0.00018588	-0.00029706	0.00048295	455	34
GGTGAAGTCGCATGAT-L8TX_210506_01_F07-1153814222	-4.610440573559499e-06	0.0004957497162686	-0.0005003601568421	0.0034897	-0.00095369	0.0044434	449	30
AACAACCCAATGAGCG-L8TX_210506_01_E08-1153814230	0.0002426666076481	0.0001301202779732	0.0001125463296748	0.00068358	0.0010017	-0.00031812	1362	35
TAGACCAAGAGGTCGT-L8TX_201106_01_A04-1142430348	-9.370974116840968e-05	0.00028183907298	-0.0003755488141484	0.0020154	-0.00026413	0.0022795	817	30
ACTGATGCACATAACC-L8TX_210826_01_A07-1142430457	-0.0002276694905372	0.000279683285375	-0.0005073527759122	0.00074564	0.0018	-0.0010543	585	32
CCTCAAACATAACGGG-L8XR_211021_02_E08-1138433803	7.122136993346085e-05	0.0001436459637274	-7.242459379403331e-05	0.0027379	0.00096185	0.0017761	1396	31
CCTCAACAGAGAGAAC-L8TX_210514_01_G12-1142430439	0.0002416305669027	0.0003400740442149	-9.844347731222609e-05	-0.00079049	0.00052831	-0.0013188	622	35
CTCTCAGCAACTCCAA-L8TX_210506_01_F08-1153814217	-0.000457104880245	-0.0003068042340911	-0.0001503006461539	0.0032838	-0.0024762	0.00576	525	31
TAGACTGAGCCTCTTC-L8TX_210826_01_D06-1153814373	0.0001839883729603	-6.466736985255522e-05	0.0002486557428129	-0.00098068	0.0012433	-0.0022239	417	36
CTCAATTTCCTGCCAT-L8TX_210429_01_A03-1153814204	0.0001026883651867	0.0001170616099897	-1.4373244803039852e-05	0.0020722	0.0057037	-0.0036315	860	30
GAGTTGTTCTACAGGT-L8TX_210722_01_H06-1153814299	4.581628426806787e-05	0.0001308060942372	-8.498980996920081e-05	-0.00040017	4.8979e-05	-0.00044914	785	31
CCTTCAGCAATGTCTG-L8TX_210506_01_F07-1153814222	-0.0001237767815994	-0.0001356573581765	1.188057657709919e-05	0.0035404	-6.4178e-05	0.0036046	470	31
CTCTGGTGTGAGAGGG-L8TX_210415_01_F11-1142430401	-3.886660788856224e-05	-0.0001289887705683	9.012216267982086e-05	-0.00028096	0.0038387	-0.0041197	684	28
ACGTACAAGGTACAAT-L8TX_210506_01_A08-1142430425	1.5963895460671118e-05	-9.476290214366744e-05	0.0001107267976043	0.00055112	-0.00038535	0.00093646	730	31
GAGTTGTAGCCTCTCT-L8TX_210722_01_B08-1153814305	7.80579688881206e-05	-4.579856652730754e-05	0.0001238565354154	0.0021897	0.00010129	0.0020884	896	50
AGTACCAAGAGAACCC-L8TX_210415_01_H11-1153814192	8.851794856766438e-05	-3.957385493191024e-05	0.0001280918034995	0.00017253	1.6381e-05	0.00015615	517	29
CGTGCTTTCGGTGTTA-L8TX_210826_01_C06-1153814371	1.647797842614933e-05	-3.11878106546093e-06	1.959675949161026e-05	0.0011666	-0.0018782	0.0030449	781	33
GGATGTTAGCACTCGC-L8TX_210422_01_C02-1153814198	-3.540870022455559e-06	0.0001954048056332	-0.0001989456756556	0.0010322	-0.0016255	0.0026578	2011	34
TCAGGGCTCTCTCTTC-L8TX_210430_01_D05-1142430407	-5.593160000718873e-05	-0.0001096464208892	5.371482088205229e-05	-0.00065485	-0.0019494	0.0012946	824	32
TGAACGTGTCCTCATC-L8TX_210930_01_E03-1153814379	0.0001526302211959	-0.0001246168610151	0.000277247082211	0.00052035	-0.001052	0.0015724	709	36
GTCGTTCCAGGTGACA-L8TX_210319_01_F05-1142430388	-5.806462038911139e-05	-0.0002233338597877	0.0001652692393986	-0.00024224	-0.002918	0.0026757	671	31
GAGCTGCGTCCAGCAC-L8TX_210513_01_H09-1142430435	-4.007171693791519e-05	-1.1522512946140386e-05	-2.8549203991774807e-05	-0.00033138	-0.0020805	0.0017491	589	32
GTACAACTCGTCAAAC-L8TX_210521_01_D05-1142430443	2.8936128623849136e-05	-0.0001796208880178	0.0002085570166416	-0.0040024	-0.00015227	-0.0038501	758	33
CTCCGATGTATTTCTC-L8TX_201016_01_F05-1142430225	0.0006212553362699	4.407420239703944e-05	0.0005771811338729	0.00075027	0.0019096	-0.0011593	578	35
GTGGAGATCGGAATTC-L8TX_210430_01_B04-1153814208	0.0003459961234284	-4.939982350316116e-05	0.0003953959469316	0.0021721	-0.00084161	0.0030137	651	29
CTACCCAAGGACACTG-L8TX_210825_01_F12-1153814357	-0.0003776502958531	-0.0003967342706297	1.908397477660425e-05	-0.0029888	-0.0018879	-0.0011009	648	32
ATGGGTTAGTCATTGC-L8TX_210513_01_C09-1142430429	0.0001171471784448	0.0001034998320059	1.3647346438892723e-05	-0.0017803	0.0025235	-0.0043038	1117	34
GCAGTTAAGTATGACA-L8TX_210826_01_H05-1153814364	-7.948865974404394e-06	-0.0001583337246787	0.0001503848587043	0.0010588	0.002534	-0.0014752	811	32
GAACTGTTCATCGGGC-L8TX_210506_01_E08-1153814230	-0.000189161338121	-2.78056976028704e-05	-0.0001613556405181	0.00094761	-0.0012137	0.0021613	1103	28
GTGCAGCTCGTGGTAT-L8TX_210812_01_C10-1153814352	0.0001080867070251	8.582349507150206e-05	2.226321195366797e-05	0.0033152	-0.0009122	0.0042274	919	37
GTAGATCAGTAACAGT-L8TX_210826_01_D06-1153814373	-8.031404084414167e-05	5.819784850056216e-05	-0.0001385118893447	0.0040479	0.0007724	0.0032755	1432	30
AAAGGCTCATAAGTTC-L8XR_210715_01_A12-1121939868	-9.82071650749649e-06	5.345137042505623e-05	-6.327208693255272e-05	0.00054748	-0.00018914	0.00073662	1319	34
CTTCTAAGTAACCCTA-L8TX_210812_01_A10-1153814350	-0.0001107186533657	4.015446705781633e-05	-0.0001508731204235	-0.001429	-0.00030907	-0.0011199	1104	34
AATAGAGAGAAGAGCA-L8TX_210107_02_E12-1142430367	0.0001703924153725	1.1917626788284868e-05	0.0001584747885843	-0.00010978	0.0013975	-0.0015072	460	35
CCACACTTCACTTGGA-L8TX_210513_01_A10-1153814239	-5.5232361810605885e-05	-0.0001268483555603	7.161599374970324e-05	0.0015055	-0.0031859	0.0046914	723	30
TTGATGGGTCAAATCC-L8TX_210722_01_E08-1153814332	7.98445784112267e-05	-0.0002432337988614	0.0003230783772727	0.0021237	0.00080929	0.0013144	881	35
AACAGGGAGCCGCACT-L8TX_210722_01_B07-1153814297	0.0001255032215443	0.0001810222312325	-5.551900968812047e-05	0.00095086	-0.00039447	0.0013453	1189	57
AGACAAAAGATAACGT-L8TX_210722_01_E08-1153814332	6.679169274873368e-05	9.909184597280893e-05	-3.230015322407523e-05	0.0046827	-0.0016388	0.0063215	637	34
GTTCCGTCACTTTATC-L8TX_210325_01_A09-1153814172	0.0001188657683609	-0.0003794327284484	0.0004982984968093	-0.00039758	-0.0020127	0.0016151	875	48
GTGGCGTCACGAGGTA-L8TX_210408_01_E10-1153814184	-0.0004788769410429	-0.0001222840187268	-0.000356592922316	0.00046337	0.00021397	0.0002494	635	36
GACAGCCCAATTGCAC-L8TX_201030_01_F12-1142430343	0.0001058813505987	0.0001270933039148	-2.121195331615809e-05	0.0014471	-0.00071333	0.0021605	584	33
CCGTAGGGTTGTGGAG-L8TX_210401_01_B09-1153814174	0.0001082675936898	-7.104405610619905e-05	0.000179311649796	0.0014122	0.00036069	0.0010515	753	30
TCCTCTTGTTTCCCAC-L8TX_210506_01_A08-1142430425	0.0004283173961601	-0.0001880275072961	0.0006163449034563	-0.001426	0.0037071	-0.0051332	740	33
ATACTTCTCGCGGTAC-L8TX_210812_01_A10-1153814350	0.0001402586200891	-0.0004031484169216	0.0005434070370107	0.0026203	0.00019318	0.0024271	696	33
ACCTGTCGTTACCTTT-L8TX_201016_01_E05-1153814151	-5.23894345075989e-05	0.0002096641220473	-0.0002620535565549	0.00050646	0.00033409	0.00017237	674	34
TCTTCCTTCGACACCG-L8TX_210311_01_D03-1153814157	0.0001081368862531	0.0001816831842068	-7.354629795370761e-05	0.0042847	-0.00073412	0.0050188	733	32
CATCCGTTCCTACCAC-L8TX_201106_01_B04-1142430350	-4.025646432638879e-05	-0.0002298737157149	0.0001896172513885	-0.0017501	0.00012958	-0.0018797	1107	44
CTCAGAAAGTTGGAAT-L8TX_210506_01_D08-1153814226	-6.111855831397138e-05	-3.678917437437894e-05	-2.4329383939592443e-05	0.0018409	-0.00039043	0.0022314	666	32
AGGAATAGTATTCCGA-L8TX_210422_01_C02-1153814198	0.000346182497457	0.0001520759345198	0.0001941065629372	-0.00075932	0.003711	-0.0044704	539	33
GGGATGAAGGTACCTT-L8TX_210722_01_E08-1153814332	0.0002108685199507	-0.0004554981301172	0.0006663666500679	0.0004748	-0.0027747	0.0032495	802	34
AACCAACCACCCTTAC-L8TX_210429_01_H02-1142430403	5.527129186291602e-05	0.0002367515941102	-0.0001814803022473	0.0032168	0.0039878	-0.00077102	1214	36
GTCTCACGTGGATCAG-L8TX_210107_02_E12-1142430367	-0.0001160476266428	0.0001248444877157	-0.0002408921143586	-0.0010823	0.0015273	-0.0026096	424	35
AGTGACTGTAGTCGGA-L8TX_210701_01_B07-1153814269	6.824417445510864e-05	-3.6115156132539056e-05	0.0001043593305876	-0.0016433	0.0046021	-0.0062454	509	30
TGTCCCAAGACTCAAA-L8TX_210513_01_A10-1153814239	-2.9903868147101734e-05	0.0002264266701571	-0.0002563305383042	0.00021554	0.0012969	-0.0010814	709	37
GTACAACAGAGAAGGT-L8TX_210715_01_F05-1153814275	0.0002167836457283	-1.9695551221283472e-05	0.0002364791969496	-0.00031739	-0.00241	0.0020926	631	32
TCCGATCAGTACGTCT-L8TX_210826_01_A06-1153814366	-4.659912492419845e-05	-2.8886364943955407e-05	-1.7712759980243046e-05	0.0034155	-0.00026563	0.0036811	578	32
TCCACCATCCCTCTAG-L8TX_210722_01_B08-1153814305	7.799675276635414e-05	-0.0001625192066639	0.0002405159594302	-0.00095451	0.00050222	-0.0014567	1139	32
GTTATGGAGGATTTAG-L8TX_201030_01_G12-1142430346	0.0002166317493019	-8.078916082575674e-05	0.0002974209101276	0.0016884	-0.0013765	0.0030649	488	31
AGTGACTTCATGACAC-L8TX_210715_01_D05-1153814295	3.278479600252106e-05	0.0002074839928652	-0.0001746991968627	0.0019621	-0.0016637	0.0036258	855	31
TGAATGCCAACTGTGT-L8TX_210826_01_B06-1153814368	0.0001080067016456	-0.0002607451201947	0.0003687518218403	0.0013906	-0.0022327	0.0036232	549	34
GCAGCCACAGTTCTAG-L8TX_210805_01_B03-1153814324	-3.4518409120727256e-05	-0.0001672708080519	0.0001327523989312	0.0014177	-0.0012596	0.0026774	897	30
GGAGATGAGTCCTGTA-L8TX_210513_01_E09-1153814234	0.0002444228748114	-0.0001906971474938	0.0004351200223052	-0.0010423	0.00054415	-0.0015864	486	30
TCAAGCAGTCGATTAC-L8TX_210722_01_D08-1153814330	0.0003481335417617	1.0994242096005318e-05	0.0003371392996657	0.0036118	0.0020996	0.0015122	1024	33
CCTGTTGTCCATTTGT-L8TX_210715_01_F05-1153814275	0.0002790093640685	0.0001066410205364	0.000172368343532	0.0020002	0.00073543	0.0012647	523	31
TGATGGTGTAGTTACC-L8TX_210513_01_F10-1153814253	0.0002806916673445	5.5417249646003897e-05	0.0002252744176985	0.002289	-0.00093873	0.0032277	633	30
CTTCCGATCTAGGCCG-L8TX_201217_01_G06-1142430354	-2.739322646226657e-06	-0.0003123693570826	0.0003096300344364	0.0014008	0.00049444	0.00090632	488	34
TGCTCGTAGGCCTAGA-L8TX_210521_01_F05-1153814247	-4.89441285704504e-05	0.0002998974802254	-0.0003488416087958	0.0024262	0.00015735	0.0022689	867	36
GTGCTTCCAGCGGTTC-L8TX_210506_01_D08-1153814226	-5.355887730381235e-05	0.0003781392884583	-0.0004316981657621	-0.00046161	0.0042923	-0.0047539	585	33
GCTGAATTCACGTAGT-L8TX_210506_01_A08-1142430425	-0.0001946569964722	0.0001314953503622	-0.0003261523468344	0.0002781	0.0014848	-0.0012067	626	32
AACGAAATCACCGCTT-L8TX_210430_01_E05-1142430422	-0.0004218605683793	3.915743595444271e-05	-0.0004610180043337	0.00011611	0.00057505	-0.00045894	655	28
GTGTAACTCTGCCTCA-L8TX_210708_01_C09-1153814271	0.0004449310431814	-0.0001069696654527	0.0005519007086341	0.0025054	-0.0023217	0.0048272	511	34
CTCCCAATCGACATTG-L8TX_210305_01_G02-1153814153	-9.826695119974928e-05	-0.0004877805320117	0.0003895135808119	0.00074896	0.0053361	-0.0045872	972	34
CCACTTGTCGTTCTGC-L8TX_210513_01_B11-1142430447	8.932285520927666e-05	-9.96949973487258e-05	0.000189017852558	-0.0021199	-0.0007219	-0.001398	1090	30
CCGTGAGTCTTCGACC-L8TX_201217_01_B08-1142430356	0.0002233825280152	0.0001089819265232	0.0001144006014919	-0.00037093	7.1117e-05	-0.00044204	530	32
CTCAAGAAGGTGAGCT-L8TX_201106_01_B04-1142430350	-0.0001144497704124	-0.0001196715509479	5.221780535528134e-06	0.0039221	0.00034163	0.0035805	594	34
CACTAAGGTTAAGGGC-L8TX_211021_01_C04-1153814392	-3.77657615056101e-05	-1.6836072659981062e-05	-2.092968884562904e-05	-0.0020536	-0.00074932	-0.0013043	631	38
TACTGCACAGAGGGAG-L8XR_210729_01_C09-1122543708	0.0003955114767109	-0.0004792074833402	0.0008747189600511	0.0044669	0.0010373	0.0034295	647	30
CCCTCTCCATGGGTTT-L8TX_210430_01_B04-1153814208	1.0198683462493772e-05	-9.151110680240551e-05	0.0001017097902648	-0.003033	0.00044781	-0.0034808	1024	36
TCGGGCAAGACCTGGA-L8TX_210318_01_B05-1153814162	-9.930321646247004e-05	-8.359258678058443e-05	-1.5710629681885596e-05	0.0024639	0.00019357	0.0022703	590	31
GCCATGGGTGTAGTGG-L8TX_210722_01_G08-1153814336	0.0002292848215514	4.9847610109228274e-05	0.0001794372114422	0.00077899	0.0018461	-0.0010671	761	31
AGGAAATGTAGAGATT-L8TX_210715_01_B05-1153814290	-1.1504094364757452e-05	-0.0002152636245474	0.0002037595301827	0.002911	-0.00074749	0.0036585	703	28
TAGGTGCGTTTAACGG-L8XR_210729_01_B09-1122543706	-5.361364777192794e-05	-4.319619586478981e-05	-1.0417451907138126e-05	0.00087686	-0.00025709	0.0011339	527	30
AGGTAGGAGGTCCTGC-L8TX_210408_01_D10-1153814182	-0.0001093602877711	-3.0294546622799333e-05	-7.906574114830675e-05	0.0015172	0.00092824	0.00058895	729	31
TGTGAGTCAGTAGGAC-L8TX_210729_01_F12-1153814344	0.0001918839063759	5.190408091244528e-05	0.0001399798254635	0.0023281	0.00061184	0.0017162	647	36
ACATCCCAGGGTACAC-L8TX_210318_01_C05-1142430384	0.0003666713079099	-0.0001169317295434	0.0004836030374533	-0.0011687	0.0003198	-0.0014885	590	30
CGAGAAGGTTTACTGG-L8TX_210401_01_F09-1142430399	-8.228531853140683e-05	3.188640739642875e-05	-0.0001141717259278	0.0027805	0.00023865	0.0025419	746	31
TCATTCAGTACGAGTG-L8TX_210430_01_E05-1142430422	-0.0003222639504462	0.0004204817699182	-0.0007427457203644	0.0010231	-0.0025377	0.0035607	950	35
ATCACAGTCAGCCCAG-L8TX_210422_01_C02-1153814198	0.0003333964543526	0.0001191515903726	0.00021424486398	-0.0005005	0.0003113	-0.0008118	631	32
TTCATTGCATCAGCGC-L8TX_210429_01_C03-1142430411	1.2154066369108652e-05	-0.0003287554224996	0.0003409094888687	-0.00027242	0.00031639	-0.00058881	605	31
TTGCATTTCGTTCCTG-L8TX_210430_01_F04-1142430405	8.872186476163134e-05	-0.0002121182973237	0.0003008401620853	0.0028219	-0.00040259	0.0032245	633	34
TGATCAGTCTCTCGAC-L8TX_211021_01_C04-1153814392	-4.255061873309916e-05	-2.1829216673044253e-05	-2.0721402060054904e-05	-0.00048246	-4.2146e-05	-0.00044031	734	49
GCTACCTCAGTAACAA-L8TX_210722_01_B08-1153814305	0.0002992272231788	0.000296716855617	2.510367561759134e-06	-0.0012262	-0.00087553	-0.00035065	889	33
TAGGAGGTCGTAACCA-L8TX_210826_01_D06-1153814373	9.472120774355252e-05	-0.0001122301320124	0.0002069513397559	0.0041142	0.00029512	0.0038191	984	32
TCAGTGAGTTCGGACC-L8TX_210430_01_D05-1142430407	0.0001229605300269	-6.684711813011124e-05	0.000189807648157	0.00050399	-0.00086024	0.0013642	1554	34
TCGTCCAGTCAAAGTA-L8TX_210729_01_F12-1153814344	-3.2395079321670086e-05	5.968792550428503e-05	-9.208300482595513e-05	0.0036446	-0.0010393	0.004684	1087	31
CGGGACTTCTGATGGT-L8TX_210923_01_G06-1153814375	0.0002998036189758	4.394750124328191e-06	0.0002954088688515	-8.1266e-05	-0.0021829	0.0021016	750	34
CTAATTGAGCACGATT-L8XR_210729_01_D09-1124629224	-9.028008327219384e-05	0.0002580121479881	-0.0003482922312603	0.0016658	-0.0031887	0.0048545	1163	34
CTCAGTCGTACCCAGC-L8TX_210506_01_C08-1153814224	-0.0001121207369309	-0.0003295261007808	0.0002174053638498	0.0018399	0.0014111	0.00042879	612	32
AGGCCACAGCGAACTG-L8TX_210430_01_E05-1142430422	0.0001722808933049	-0.0001417105339612	0.0003139914272662	-0.00036939	0.0019366	-0.002306	605	33
GCACGGTAGTGTTGTC-L8TX_210107_02_E12-1142430367	0.0001692618182809	-6.017526040129056e-05	0.0002294370786822	0.0032059	0.0007279	0.002478	570	32
CATCCACAGCGACAGT-L8TX_210812_01_A10-1153814350	-5.007006557055498e-06	7.104399577829964e-05	-7.605100233535513e-05	-0.0025507	-0.0031907	0.00063992	1065	33
AAAGGGCAGCCATATC-L8TX_210506_01_B08-1153814220	0.0005733764781956	0.0011529761947694	-0.0005795997165738	0.0036853	0.0017286	0.0019566	838	34
GAGACCCCAAGATTGA-L8TX_210722_01_D08-1153814330	0.0003449005851921	-0.0008841014882482	0.0012290020734403	-0.0024564	0.00059867	-0.0030551	734	32
AACAAGACATGCCGGT-L8TX_210722_01_F08-1153814334	-0.0002297154185262	-0.0001966557303101	-3.305968821609549e-05	-4.5257e-06	-0.0019323	0.0019277	625	33
TTTGGAGCACAAGCTT-L8TX_210722_01_G08-1153814336	0.0001664024129109	-0.0001618043866692	0.0003282067995801	0.0024831	-0.0044175	0.0069006	397	29
TCATTACTCTTCGTGC-L8TX_210513_01_G09-1142430433	0.0001636222566692	-1.1549756190016836e-05	0.0001751720128592	-0.00028391	0.0017245	-0.0020084	1433	31
TGCTGAACACCAGGTC-L8TX_210311_01_D03-1153814157	-2.0956698019639028e-05	1.233755579164958e-05	-3.3294253811288606e-05	0.0018247	-0.00090608	0.0027308	491	31
CTCCTCCGTCCTGTCT-L8TX_210513_01_F09-1142430431	1.3330394921234484e-05	-0.0002953559519761	0.0003086863468973	-0.0020866	-0.0047529	0.0026663	663	34
TTCTTAGGTAATGACT-L8XR_211021_02_G06-1138433804	2.2386329646043835e-05	0.0009181050137153	-0.0008957186840692	0.00077312	0.0025425	-0.0017694	953	32
TATTTCGTCGCAGATT-L8TX_210521_01_D05-1142430443	-0.0002436567514754	-0.0002176351909352	-2.602156054019839e-05	0.0016845	-0.00052557	0.00221	969	31
CTGGACGGTCTGCCTT-L8TX_210415_01_G01-1153814188	0.000811240075689	0.0001437203303397	0.0006675197453492	0.0014651	-0.00087184	0.002337	467	34
TTGGCGGGTCCTTCAG-L8XR_210812_01_E11-1126220036	-7.723032752125655e-05	0.0002258135942747	-0.0003030439217959	-0.00015176	-0.0017175	0.0015657	633	32
CGGCAGTGTAGGCTGA-L8TX_210701_01_B07-1153814269	-0.0001342067319427	0.0002315270445036	-0.0003657337764464	0.0037464	-0.0010461	0.0047926	772	31
CCTCTAGCAGTGCGCT-L8TX_210521_01_D05-1142430443	3.280442716540119e-05	-6.010958396681152e-05	9.29140111322127e-05	-0.00033642	-0.001353	0.0010166	622	33
TGTAACGAGGCTTAGG-L8TX_210715_01_D05-1153814295	0.0001671796672793	-0.0004506573523995	0.0006178370196789	0.00088583	0.00076741	0.00011842	1225	30
CTCCGATAGGCGTCCT-L8TX_210825_01_F12-1153814357	0.0001090943346261	4.721588341688388e-05	6.187845120928584e-05	-0.0023511	0.00033609	-0.0026872	685	43
TACCGAAAGGCTTAAA-L8TX_210506_01_A09-1153814215	-0.0003012467128314	0.0004068275018843	-0.0007080742147158	0.0022734	0.0029282	-0.00065485	461	32
TTGTCCCAGCTCAAAC-L8XR_211021_02_E08-1138433803	0.0002177054177383	-0.0002350523074852	0.0004527577252235	-0.00032128	-0.00018666	-0.00013462	732	31
CATGCAATCCATCACC-L8TX_210318_01_B05-1153814162	0.0001207544706486	-4.455139794680455e-06	0.0001252096104433	0.0011854	9.1857e-05	0.0010935	637	34
ATCCCTGAGCAAATCA-L8TX_201016_01_E05-1153814151	3.326918017569763e-05	6.268438529583094e-05	-2.941520512013331e-05	0.0027511	0.00078132	0.0019697	822	36
TTGGATGTCAAGTAAG-L8TX_211111_01_C10-1153814394	6.975466818577735e-05	-4.166356672579306e-05	0.0001114182349115	0.0021382	-0.002601	0.0047392	1094	32
ATACCGATCTCATTGT-L8TX_210722_01_D07-1142430453	0.0002037049354959	-0.0003206715577637	0.0005243764932597	0.0013263	-0.0010932	0.0024195	395	32
TCTATACTCTGGTCAA-L8TX_210729_01_D12-1153814314	2.237211589120113e-05	-3.3788322963423343e-06	2.5750948187543468e-05	0.0018234	-0.0025346	0.004358	1218	31
AGAATCGAGGCTGGCT-L8XR_211007_02_C04-1135704089	-0.0002770636890358	0.0001251877127022	-0.0004022514017381	0.00068066	-0.0054217	0.0061024	676	32
GCATCGGCAACCAATC-L8TX_210722_01_E07-1153814301	7.678678306727417e-05	-0.0001392807456774	0.0002160675287447	0.0038163	-0.00063337	0.0044496	1039	31
TGAATGCTCGTAATGC-L8TX_210722_01_C08-1153814328	-3.849810188198748e-05	0.0007106871297953	-0.0007491852316772	-0.0037632	0.0023619	-0.0061251	1298	29
TACATTCGTAGAGCTG-L8TX_210825_01_H11-1142430455	8.60736485818171e-05	-0.0003029789077424	0.0003890525563243	0.0006254	-0.0015534	0.0021788	669	32
ACTTATCCATGAGTAA-L8TX_210506_01_G08-1142430427	2.2289000671943552e-05	-0.0001062272102361	0.000128516210908	0.0034174	-0.00034207	0.0037594	558	34
AAGACTCCAAAGCGTG-L8TX_210715_01_E05-1153814273	-0.0001191080690521	-2.7839490400429973e-05	-9.126857865175534e-05	0.0034139	-0.0014428	0.0048568	867	34
TTTGATCGTCCCGTGA-L8TX_210107_02_F12-1142430369	0.0002297475536372	0.0002529028659777	-2.3155312340437796e-05	-0.00030732	-3.557e-05	-0.00027174	457	29
AGTTAGCTCGAAGCAG-L8TX_210226_01_A12-1142430380	0.0001220998921832	-0.0001332526814462	0.0002553525736294	0.0035284	-0.00089069	0.0044191	1116	31
TCATCCGCAAGGGTCA-L8TX_210701_01_H06-1153814265	0.0002854002539897	0.000139145685863	0.0001462545681266	-0.0028857	0.0011717	-0.0040574	685	32
ACCCAAAGTCTGCGCA-L8TX_210429_01_H02-1142430403	4.013202822183765e-05	0.0002851287329786	-0.0002449967047568	0.0032528	0.00080984	0.002443	1383	33
TCCGATCAGGTGCTGA-L8TX_201119_01_B09-1142430352	-0.000109431983567	-0.0001699858346633	6.055385109632601e-05	-0.0035323	-0.0015375	-0.0019948	474	31
ATTACCTTCGAAGAAT-L8TX_201016_01_F05-1142430225	-6.794889521101643e-05	1.4754569348809594e-05	-8.270346455982603e-05	-0.0015686	-7.256e-05	-0.001496	563	39
GACCCTTCATCAGTCA-L8TX_210722_01_F07-1153814303	7.374029838051392e-05	1.177500056438256e-05	6.196529781613136e-05	0.0032436	-0.0023442	0.0055878	1188	31
ACCCAAAAGAGCCGAT-L8TX_201030_01_F12-1142430343	8.270707897693422e-05	0.0001891030999634	-0.0001063960209865	9.8064e-05	0.0021117	-0.0020137	914	33
ATTCATCAGGCACTAG-L8TX_210506_01_B08-1153814220	-0.0003133504409439	2.566966698838396e-05	-0.0003390201079323	0.00085772	-0.00074287	0.0016006	681	29
GACCCAGGTTGCTGAT-L8TX_210701_01_B07-1153814269	0.0003212138108713	-0.0001004189117657	0.000421632722637	0.001343	0.0036466	-0.0023036	684	32
GATCGTAAGAGCAGCT-L8TX_210812_01_D10-1153814354	8.610576903334151e-05	-0.0002808725617368	0.0003669783307701	0.00095153	-0.00025587	0.0012074	474	36
ACTTTCAGTCGCAGTC-L8TX_210429_01_C03-1142430411	0.0001458255072685	-2.550819393554175e-05	0.000171333701204	-0.0010195	-0.0012067	0.00018726	1059	33
TTGCTGCTCTGGAGAG-L8TX_210506_01_B08-1153814220	2.3593257260370104e-05	0.0005652247058608	-0.0005416314486005	-0.0019549	-0.00012212	-0.0018328	592	35
CTGGACGCAGCGATTT-L8TX_210722_01_H06-1153814299	4.902912658471293e-05	8.013088290054313e-07	4.82278177557075e-05	0.0021882	0.00086372	0.0013245	592	30
ATGAGTCAGTTAGTAG-L8TX_210506_01_D08-1153814226	4.504952206813913e-05	-7.272074322545584e-05	0.0001177702652935	0.00011128	0.0027781	-0.0026668	727	30
TTTATGCTCGGTGCAC-L8TX_210415_01_G01-1153814188	1.1947595381890964e-05	1.6767292198151607e-05	-4.819696816260643e-06	0.0023377	-0.0012383	0.003576	484	33
CTGTTTAGTGAGACTC-L8XR_210902_02_D08-1131257170	-4.1079770743095e-06	0.0002446054896361	-0.0002487134667104	0.0046282	-0.0016924	0.0063207	752	31
CAGGGCTCAAATGAGT-L8TX_210701_01_B07-1153814269	0.0007689871873385	0.0003465304504691	0.0004224567368693	0.0024392	0.0043111	-0.001872	485	38
CGCGTGATCACGGGCT-L8TX_210429_01_B03-1153814206	0.0001036309937523	0.000104285469534	-6.544757817045726e-07	0.0020323	-0.0028674	0.0048997	738	30
TACATTCGTCCGACGT-L8TX_210715_01_F05-1153814275	-7.466683744314432e-05	-0.0004058873688748	0.0003312205314317	-0.00024481	-0.0012474	0.0010026	501	29
ATGGATCTCCTCATAT-L8TX_210430_01_G05-1153814200	0.0002590037226874	-0.0001438261614647	0.0004028298841522	0.0038587	-0.00037061	0.0042293	608	29
ATGACCACAAACTGCT-L8TX_210311_01_F03-1142430382	-1.272480481999105e-05	0.0001094314387992	-0.0001221562436192	-0.00072225	0.0038771	-0.0045993	594	30
CGATCGGGTACCCAGC-L8TX_210506_01_B09-1153814245	9.911603249381615e-05	-0.0001132392101829	0.0002123552426767	-0.0014459	-0.0014912	4.5313e-05	629	32
TGGATCAGTGTAAATG-L8TX_210513_01_H09-1142430435	-1.8729455691861595e-05	0.000216207883283	-0.0002349373389748	-0.00012739	0.0020886	-0.002216	522	35
ATCCTATTCTCATGGA-L8TX_210812_01_C10-1153814352	-3.744675405374836e-05	-4.015510168213991e-05	2.708347628391549e-06	-0.00042854	0.0024876	-0.0029161	631	33
TGTGATGGTGTATTGC-L8TX_210513_01_H10-1153814232	-0.0002001707786024	-0.0001173560063886	-8.281477221383001e-05	0.0029454	-0.00026383	0.0032092	736	30
CCTTTGGGTTCGTAAC-L8TX_210319_01_C07-1153814168	-8.764034634107917e-05	-0.0003825741417251	0.000294933795384	-0.0010058	-0.0020988	0.001093	635	31
ACCCTCATCCATAGAC-L8TX_210311_01_F03-1142430382	0.0001261648455799	-1.8174642604623443e-05	0.0001443394881845	-0.0014047	0.0029235	-0.0043282	784	32
TCGTCAACAGCATGGA-L8XR_211014_02_H05-1136687627	1.3627453965834393e-05	0.0002531633946392	-0.0002395359406733	0.0013454	-0.00074896	0.0020944	886	32
TCAAGTGTCGTAGGGA-L8TX_210722_01_C08-1153814328	0.0001580004697042	2.7857465002406288e-05	0.0001301430047018	0.0026863	-0.0025959	0.0052822	1044	30
ATACCGGTCATAGACC-L8XR_211021_02_G06-1138433804	5.0667948526490446e-05	-4.4756225102347234e-05	9.542417362883768e-05	0.0044896	0.00076367	0.0037259	750	28
TGTAAGCTCGACCACG-L8TX_210430_01_A05-1153814213	2.1362844556974008e-05	-5.536222312342323e-06	2.6899066869316333e-05	0.0010521	0.0006064	0.00044573	423	34
TCGCAGGGTCAGTTTG-L8TX_210429_01_H02-1142430403	4.003491007320303e-05	3.130001406370236e-05	8.734896009500673e-06	0.0016008	0.0032872	-0.0016864	1006	31
ACCACAATCGGACTGC-L8TX_210826_01_D06-1153814373	1.6707665672532326e-05	2.4785357445770696e-05	-8.07769177323837e-06	0.0011883	-0.0012762	0.0024645	631	34
AGAAGTAGTCCATAGT-L8TX_210825_01_G12-1153814490	0.000306114035999	1.2644487690221142e-05	0.0002934695483088	0.0017661	0.0028957	-0.0011297	812	35
AAACCCAGTGCCGTAC-L8TX_210521_01_D05-1142430443	-9.056214030658143e-05	-0.0002790845956915	0.0001885224553849	-0.0014678	0.0025104	-0.0039782	1171	30
TGAGCACGTGGATTAT-L8XR_210902_02_D08-1131257170	0.0002723939206422	-1.544677669233473e-05	0.0002878406973345	0.0026842	-0.00052126	0.0032054	454	37
CCCTGATGTATGAGCG-L8TX_201015_01_G03-1153814149	-0.0002784147881388	0.0003591456139577	-0.0006375604020965	0.00029993	-0.0022773	0.0025772	516	38
GAGGCAACACGTTGGC-L8TX_210701_01_E07-1153814263	7.012852127947704e-05	4.7371680314671376e-05	2.2756840964805663e-05	-0.0019444	-0.00026841	-0.001676	591	28
TACCTCGAGCGCTGAA-L8TX_210923_01_H06-1153814377	-4.766256442036603e-05	-0.0001329422406679	8.527967624761259e-05	0.00058165	0.00029638	0.00028527	588	30
TGATTCTTCAAGTCGT-L8TX_210107_02_C12-1142430365	5.473997968848262e-05	0.0002858502180159	-0.0002311102383274	-0.0010384	0.0017667	-0.0028051	773	32
TAACCAGAGAGTTGTA-L8TX_210430_01_C04-1142430413	0.0001158275535692	0.0003946748401079	-0.0002788472865386	-0.0010705	-0.002026	0.00095549	564	32
TACCGGGAGCATTTGC-L8TX_201217_01_B08-1142430356	-1.5238410364479118e-05	0.0003095768180149	-0.0003248152283794	0.0033449	0.00097214	0.0023728	470	31
AGTACCAAGATAACAC-L8TX_211111_01_C10-1153814394	0.0001919456306564	0.000165330537003	2.661509365341208e-05	-0.00014245	0.0045609	-0.0047033	520	34
CTCCACACATCGTGCG-L8TX_210506_01_E08-1153814230	-0.0002902240480878	-0.0002967580998434	6.5340517555541495e-06	-0.0016328	-6.3679e-05	-0.0015691	1698	31
CACTAAGAGTTGTCGT-L8TX_211021_01_C04-1153814392	0.0003467567614815	0.0003742436266834	-2.7486865201884435e-05	-0.00014059	0.0019265	-0.0020671	903	42
CTGTCGTAGTATAGGT-L8TX_210715_01_B05-1153814290	0.0002526344005858	0.0001397138920442	0.0001129205085416	0.00038289	0.0011242	-0.0007413	655	34
ATAGAGAGTAGGCAGT-L8TX_210722_01_C08-1153814328	1.606934973759898e-05	-0.0001269097569132	0.0001429791066508	-0.0011467	-0.00067616	-0.0004705	626	30
CCTATATTCAATCTCT-L8XR_210722_01_D08-1122543703	0.0002601678980533	-0.0003767837047656	0.0006369516028189	0.0044228	-0.00091898	0.0053417	865	30
TGGGCTGCATTCCTAT-L8TX_210826_01_C06-1153814371	-4.791204329037185e-05	-4.0668412231017216e-05	-7.243631059354632e-06	0.0010307	1.7954e-05	0.0010127	1823	30
TGTTTGTCAACTCCAA-L8TX_210319_01_F05-1142430388	0.0001605584173787	-0.0001651963843048	0.0003257548016836	0.00072396	-0.0012479	0.0019719	1254	31
CCTGTATGTCACAGAC-L8XR_211021_02_E08-1138433803	-0.0002125710085754	-0.0005164809436418	0.0003039099350664	0.00039061	-0.0001975	0.00058811	1156	31
CTGAGGCCAAGAGAGA-L8TX_211021_01_C04-1153814392	-7.455200630996423e-05	-0.0003855915591102	0.0003110395528002	6.8941e-06	0.002286	-0.0022791	665	32
AAGCGTTTCCTATTTG-L8TX_210513_01_D09-1153814243	1.6501722766651827e-06	0.000260900959598	-0.0002592507873213	5.203e-05	-0.00021907	0.0002711	801	34
ATTACTGAGGAATAAC-L8XR_210902_02_B08-1131257169	0.0002023030054546	-0.0007531423983468	0.0009554454038015	0.0015324	0.0018329	-0.00030049	859	30
GACTCAACACGACGTC-L8TX_210729_01_G12-1153814338	-6.39292960341773e-05	-5.5941695657601055e-05	-7.98760037657625e-06	0.00081337	0.0006867	0.00012667	1097	31
GTCTACCGTGGGACAT-L8TX_210513_01_C09-1142430429	1.1291041943094323e-05	0.0002098314237195	-0.0001985403817764	-0.00070234	-0.0018651	0.0011627	600	33
GTGGCTTCACCTCACC-L8XR_210805_01_H09-1124629228	0.0001321084849624	0.0001322607207818	-1.522358194422423e-07	0.0040665	-0.0031197	0.0071862	610	30
TCCTTCTCATCGTGGC-L8TX_210513_01_B11-1142430447	7.942574086986308e-05	-1.6325290508352829e-06	8.105826992069836e-05	-0.0012997	-0.0018419	0.00054219	518	30
CCTTCAGGTCGTTGGC-L8TX_210430_01_F04-1142430405	0.0003922072201893	-0.000173445563582	0.0005656527837714	0.0015312	0.0020736	-0.0005424	723	33
GTACAACCAACTTGGT-L8TX_210514_01_F12-1153814237	-3.0344966176692423e-05	-0.0001563312241998	0.0001259862580231	0.0037526	0.00142	0.0023326	654	33
TTGCATTTCAAGCCCG-L8TX_210401_01_C09-1153814178	-0.000108131931339	-0.0001231743515027	1.5042420163771826e-05	0.00011824	-0.001435	0.0015533	697	33
CGTTCTGCACACCGCA-L8TX_210812_01_A10-1153814350	0.0001319195247281	-0.000219178711284	0.0003510982360122	-0.00088561	-0.00090453	1.8919e-05	993	29
TGATTCTAGGGCAACT-L8TX_210513_01_H09-1142430435	0.0001432558256211	6.0731628418483305e-05	8.252419720270715e-05	-0.00069937	0.0033318	-0.0040312	1127	31
GGGAGATGTGAGACCA-L8TX_210826_01_D06-1153814373	6.642392221660039e-05	-0.0001162914994403	0.0001827154216569	-0.0004862	-0.0022758	0.0017896	688	33
ACTATCTTCCTGTAGA-L8TX_210402_01_H09-1153814176	6.197781335440963e-05	-0.0001651772544492	0.0002271550678036	0.00018479	0.0046695	-0.0044847	703	34
GTAATCGGTACCGTCG-L8TX_210408_01_D10-1153814182	3.513775016972566e-05	-7.4080039265511695e-06	4.254575409627683e-05	-0.00095096	0.0023824	-0.0033333	1058	35
GTAGATCTCACGTCCT-L8TX_210825_01_G12-1153814490	-0.0001683881860454	-4.638563050379361e-05	-0.0001220025555416	0.0011903	0.00073394	0.00045636	516	31
CTCAGTCGTGCCTACG-L8TX_210826_01_C06-1153814371	1.849911810784106e-05	0.000239549066743	-0.0002210499486351	0.0011243	-3.0999e-05	0.0011553	1302	31
GACTCAACAGTCCGTG-L8TX_210513_01_G09-1142430433	0.0002801146876003	-0.0006016275099689	0.0008817421975692	0.00014481	-0.00021432	0.00035914	651	40
TTGCATTCATGCACTA-L8TX_210729_01_F12-1153814344	7.982492231167496e-05	7.289244197272528e-05	6.93248033894968e-06	0.0015423	-0.0030305	0.0045728	500	36
GGTCTGGCAGTGTGGA-L8TX_210107_02_C12-1142430365	-0.0006662411145472	0.0003135617332225	-0.0009798028477698	-0.0027139	-0.0013434	-0.0013704	633	30
CCTTTGGCAGGTTCGC-L8TX_210701_01_E07-1153814263	0.0005472196199543	4.40357546118908e-05	0.0005031838653424	0.00045455	0.0007679	-0.00031334	740	37
CATTGTTGTCGCATCG-L8TX_210318_01_D05-1142430392	0.000185043583443	-5.2085273346498994e-05	0.0002371288567895	0.0025124	0.0022601	0.00025232	532	35
CGAAGTTAGCGTGAAC-L8TX_210506_01_H08-1153814228	0.0001171459503556	3.4882113065389986e-05	8.226383729024257e-05	-0.00075245	-0.0024012	0.0016488	751	35
CCTAAGACACGATTCA-L8TX_210729_01_C12-1153814340	-0.0001198946416583	-0.0002430356985567	0.0001231410568983	0.0015054	0.00049855	0.0010068	965	29
TGTCCACTCCCGAAAT-L8TX_210408_01_D10-1153814182	0.0001761626083527	-3.762974449486165e-05	0.0002137923528475	-0.001318	-0.00020894	-0.0011091	988	33
GTGTTAGAGCTCGTGC-L8TX_210812_01_C10-1153814352	0.0001811699613472	0.0001443456937991	3.682426754813808e-05	0.00096858	0.0010248	-5.6217e-05	601	30
CAGCAGCTCGTTTACT-L8TX_210715_01_E05-1153814273	6.972626667835989e-05	7.024377866349905e-05	-5.175119851391619e-07	-0.00098252	0.0013858	-0.0023683	581	30
GGGTGTCTCACTGTCC-L8TX_210513_01_D09-1153814243	-1.0442498463094711e-05	0.0001815149259769	-0.00019195742444	0.00014136	-0.00096815	0.0011095	1416	36
CTTCAGGAGTGAGAGC-L8XR_210805_01_H09-1124629228	8.322167756789606e-05	0.0005671028144742	-0.0004838811369063	0.0011851	0.0020198	-0.00083471	869	31
GTTATGGGTCGTATGT-L8TX_210430_01_F04-1142430405	-6.561885543060536e-05	-0.0002091340193189	0.0001435151638882	0.003441	-0.0012996	0.0047406	514	31
AATTCCTTCTAGCCTC-L8TX_210415_01_H11-1153814192	-0.0005573398609663	-0.0002944919717552	-0.0002628478892111	-0.0011936	0.0031731	-0.0043667	663	30
CCATAAGCATTGTACG-L8TX_210506_01_E08-1153814230	-0.0001489795068856	-0.0001175764758236	-3.140303106193926e-05	0.0017279	-0.0037273	0.0054552	1576	31
ATCCATTAGTGAATAC-L8TX_210514_01_G12-1142430439	0.0002819141143129	-0.0001740392658872	0.0004559533802002	0.0024205	0.0022162	0.0002043	617	41
AACCATGGTCCACAGC-L8TX_210825_01_H11-1142430455	0.0001956047833711	0.0004259848820356	-0.0002303800986645	0.00026538	0.0053838	-0.0051184	590	30
CACAACATCGAGAGCA-L8TX_210513_01_G11-1153814261	-0.0001346534767494	-1.446339878086758e-05	-0.0001201900779686	-0.0023229	0.00010492	-0.0024278	613	32
ATATGCTCAATAACGA-L8XR_210722_01_H07-1122543705	-0.000232418626826	0.0001535249123795	-0.0003859435392055	-0.001463	0.00032129	-0.0017843	789	31
AGTGCCGGTCAACACT-L8TX_201030_01_F12-1142430343	0.0001056632051106	0.0006636784853382	-0.0005580152802275	-0.00012839	0.0018531	-0.0019814	790	34
TTACGCCGTCATAAAG-L8TX_210513_01_G11-1153814261	0.0004116028465927	-2.8858388197811096e-05	0.0004404612347905	-0.00048264	-1.9465e-05	-0.00046318	668	40
CGCGTGACACTTTATC-L8TX_210506_01_F07-1153814222	0.0004311647263191	-7.250403889337825e-06	0.0004384151302084	0.0026658	-0.00022146	0.0028873	397	33
TGGATCATCCATTGCC-L8TX_210325_01_H08-1142430397	0.0001589788870075	-0.0001387894243473	0.0002977683113548	0.0013403	-0.00018887	0.0015292	681	33
CACGAATCAGCATCTA-L8TX_201217_01_B08-1142430356	0.0002708933625942	-7.889351637105998e-07	0.0002716822977579	0.004144	-0.0013686	0.0055126	581	30
GCCTGTTCAAGTACCT-L8TX_211022_01_A04-1153814388	6.016476744956678e-05	3.294595367367045e-05	2.7218813775896332e-05	-0.0010199	-2.5108e-05	-0.0009948	623	31
GGCTTTCTCGTGTGGC-L8TX_210506_01_F07-1153814222	-3.6263453760650326e-05	-0.0005033374767306	0.00046707402297	-0.00029625	0.0003731	-0.00066935	690	30
AACGAAATCCCTCTCC-L8TX_210415_01_H11-1153814192	9.979804357009188e-05	0.0001969299497692	-9.713190619910951e-05	0.0032231	0.0017467	0.0014763	668	30
TGTAAGCCATTCTTCA-L8TX_210826_01_B06-1153814368	0.0001366988264567	-0.0004934009277544	0.0006300997542112	0.0025138	-0.0015817	0.0040955	501	34
CTCTCAGGTCTCAAGT-L8TX_210826_01_C06-1153814371	7.40559980578926e-05	-0.0001001358422783	0.0001741918403362	-0.0012274	0.0014691	-0.0026965	718	30
GCGAGTGAGTTTCCGC-L8XR_211014_02_H05-1136687627	-5.565214616761888e-05	7.662018499158928e-05	-0.0001322723311592	-0.0017969	-0.00080042	-0.00099653	678	38
CCGGACATCGGCTATA-L8TX_210415_01_H11-1153814192	-0.0003293612922107	8.091990767590566e-05	-0.0004102811998866	-0.0029626	0.0024131	-0.0053757	868	29
TCATTACAGCTCTTCC-L8TX_210506_01_E08-1153814230	-6.24246986198312e-05	1.4272510781537344e-05	-7.669720940136855e-05	-0.0011231	0.0059296	-0.0070526	903	31
TGGGATTTCTTCGACC-L8TX_210805_01_B04-1153814348	0.0004305627807354	0.0001871196190341	0.0002434431617012	0.00094855	3.7234e-05	0.00091131	574	31
AAGACAACAAGCTACT-L8TX_201217_01_B08-1142430356	0.0002062754177494	0.0002561168589191	-4.984144116968944e-05	0.0066624	0.00079446	0.005868	593	32
CTAACTTAGCTCTATG-L8TX_210429_01_H02-1142430403	0.0001060182448801	-1.0392052915300778e-06	0.0001070574501716	0.00066781	-0.00045542	0.0011232	1482	36
CATACTTAGTGAGTGC-L8TX_210514_01_G12-1142430439	-4.750935555166492e-05	-0.0003915522351606	0.0003440428796089	0.00029556	0.0027835	-0.002488	719	45
AGGACGATCAAAGGTA-L8TX_210506_01_F08-1153814217	-1.274069790891659e-06	2.634911328872597e-05	-2.7623183079617624e-05	0.0033377	0.001241	0.0020967	569	35
ACCAAACAGCAAGCCA-L8TX_210701_01_B07-1153814269	-6.13896172950569e-05	0.0001949335508505	-0.0002563231681455	-0.0022728	-0.0021872	-8.5521e-05	725	37
TATCCTAGTCTAGTGT-L8TX_210318_01_C05-1142430384	0.0001008224190287	-4.768844848934504e-05	0.000148510867518	-0.00062963	0.00035193	-0.00098156	586	39
TTGTGTTAGTCATACC-L8TX_210825_01_E12-1142292445	0.0002314812712319	0.0003361017383276	-0.0001046204670956	0.005078	-0.0019887	0.0070667	662	35
TTGGGCGCATGGAATA-L8TX_210812_01_C10-1153814352	6.57302198277251e-05	-0.0003502982700763	0.000416028489904	-0.00063448	0.00021703	-0.00085151	486	37
AGCGTATTCAAACCCA-L8TX_210430_01_H04-1142430420	-8.793666640376859e-05	5.164888599329728e-05	-0.000139585552397	0.0010865	-0.0021538	0.0032403	584	32
GTGCACGAGGTTCCAT-L8TX_210514_01_G12-1142430439	0.0002108446368738	7.095803212697897e-05	0.0001398866047468	0.0035215	0.0035328	-1.1356e-05	710	30
GATTGGCGTTACATCC-L8XR_211014_02_H05-1136687627	-0.0001327612270694	0.0002289136223879	-0.0003616748494574	0.006109	4.1682e-05	0.0060674	792	29
AGCCAATCAATCGTCA-L8TX_210513_01_G09-1142430433	-6.47072587294059e-05	4.296495585618601e-05	-0.0001076722145855	0.0042747	0.00063872	0.003636	1052	31
TTCTTCCTCAGGAGAC-L8TX_210722_01_C08-1153814328	0.0001003085417684	-0.0001544756955074	0.0002547842372758	0.0012257	-3.0512e-05	0.0012562	1089	32
GGAAGTGAGTACTCGT-L8TX_210430_01_C04-1142430413	7.803252263813184e-05	-1.1817538874556326e-05	8.985006151268817e-05	-6.6564e-05	0.0025774	-0.0026439	604	32
GCGAGAAGTCGAGCTC-L8TX_210311_01_D03-1153814157	-0.0001040613328073	0.0001475449834913	-0.0002516063162986	0.002018	-0.0011228	0.0031409	1218	32
TGAGCCGGTTTGACCT-L8XR_210729_01_D09-1124629224	-0.0002559443380254	-0.0001966114760192	-5.9332862006256136e-05	0.00081407	-0.0022155	0.0030296	973	32
AAGTGAACAGCTAACT-L8TX_211111_01_C10-1153814394	0.0002285919261889	-7.302552662117404e-05	0.0003016174528101	0.0031193	-0.0045624	0.0076817	1197	29
TCAATCTGTACGGTTT-L8TX_201030_01_G12-1142430346	0.0001974285821193	-0.0002424826745059	0.0004399112566253	0.0018735	0.001062	0.00081148	473	32
AATCGACAGGTAACTA-L8TX_210513_01_H09-1142430435	-6.26600915637731e-05	7.15993736415593e-05	-0.0001342594652053	0.00023375	-0.00068452	0.00091827	645	42
GTGAGTTGTAAGCGGT-L8TX_211021_01_C04-1153814392	-0.0001803590446859	0.0005414738525289	-0.0007218328972148	0.00095382	-0.0053213	0.0062751	957	36
AATTCCTGTAGCGTAG-L8TX_211021_01_B04-1153814390	4.947689997933892e-05	-0.000182365851284	0.0002318427512633	0.005148	2.7081e-05	0.0051209	952	29
TGACTCCCATAGCACT-L8TX_210825_01_G12-1153814490	8.777984639625304e-05	8.697802590436128e-05	8.018204918917626e-07	-0.0033985	-0.0023559	-0.0010426	841	32
ATGATCGGTGTATACC-L8TX_210722_01_C08-1153814328	-5.200742828283575e-05	-0.000245397951105	0.0001933905228221	-0.0007911	-0.00020462	-0.00058649	769	28
AGACACTTCACTGGTA-L8TX_210805_01_G03-1153814322	0.0001162802893052	3.236887808031556e-05	8.391141122494363e-05	-0.0012089	0.0017287	-0.0029376	574	30
GCAGCTGGTGGCTGAA-L8TX_210311_01_F03-1142430382	0.0002124417001269	-0.0004951454848373	0.0007075871849643	0.0035684	0.0022469	0.0013216	668	32
TGTAAGCAGCCGTCGT-L8TX_201016_01_F05-1142430225	0.0001289959637966	-0.0004897123495398	0.0006187083133364	-0.00026649	0.00091612	-0.0011826	624	33
GGTTAGCGTTAGCCAA-L8XR_210715_01_A12-1121939868	-3.31302766331858e-05	9.69529005743204e-05	-0.0001300831772075	0.0014423	0.0034044	-0.0019621	860	33
AGCCACGGTTCAGTAC-L8TX_210805_01_A04-1153814346	0.0010827419386718	-2.1749382252701803e-05	0.0011044913209245	-0.001899	0.0031237	-0.0050227	624	30
TATATCCAGCATTGAA-L8TX_210430_01_F04-1142430405	0.0001060848610804	-0.0001006612961977	0.0002067461572781	1.374e-05	0.00012157	-0.00010783	464	31
GAATAGAAGGAACTAT-L8TX_210708_01_F09-1153814281	-5.940113714625833e-05	-5.890188764901326e-05	-4.99249497245065e-07	-0.0030968	-0.0013545	-0.0017423	690	32
CATTTCATCACTTGTT-L8TX_210402_01_G09-1153814180	0.0001742884394991	-0.0001560431235536	0.0003303315630527	-0.0022834	-0.00037406	-0.0019093	633	37
AGGATCTCAACCCTCT-L8TX_210318_01_E04-1153814164	4.065230119404006e-05	-0.0006927550942908	0.0007334073954848	0.00095306	0.0016366	-0.00068358	1016	31
GGGTTATTCAACAAGG-L8XR_210812_01_D11-1124987482	1.123408320435574e-05	-0.0001916980091288	0.0002029320923331	-0.00056602	-0.00045196	-0.00011406	556	32
TTGGGTACAAGCTGCC-L8TX_210325_01_A09-1153814172	9.24684277431114e-05	-0.0002049703330143	0.0002974387607574	0.0048965	-0.00088792	0.0057844	520	31
TATCTGTCATCAGTGT-L8TX_201106_01_A04-1142430348	0.0001359648757378	-0.0004896381955812	0.0006256030713191	0.0011808	0.002897	-0.0017162	659	29
GGATGAATCCTGGTCT-L8XR_210805_01_H09-1124629228	-7.015927013547855e-05	0.0001184066100021	-0.0001885658801376	0.0013842	-0.0024809	0.0038651	878	34
CATTATGAGCTCAATA-L8XR_210805_01_E10-1124629229	-7.59594022828149e-05	-0.0001213579360088	4.539853372605087e-05	0.0019903	0.0019312	5.908e-05	998	36
GTTTCCTCACCAGGTT-L8XR_211007_02_C04-1135704089	0.0001551931382763	-0.0011478892607665	0.0013030823990429	0.0039789	0.0051957	-0.0012169	991	32
TCACGCTCACCGGTCA-L8TX_210521_01_D05-1142430443	5.219454316877052e-05	-0.0002034307503077	0.0002556252934764	0.0032294	-0.000682	0.0039114	614	34
TCAGCCTTCGAGATGG-L8TX_210825_01_H11-1142430455	-0.0002829818660619	-0.0001152786011559	-0.0001677032649059	0.0012343	0.00014407	0.0010902	716	36
GCTAACCCAAGGTGGC-L8XR_210902_02_D08-1131257170	-0.0003549843934944	3.513059103160395e-05	-0.000390114984526	0.0014451	0.0020692	-0.00062415	908	34
TTCAATCGTTGTGGCC-L8TX_201106_01_B04-1142430350	6.872786199880889e-05	7.799411636002834e-05	-9.266254361219454e-06	0.00031	-0.00090918	0.0012192	466	46
ATAGGCTCATTCAGGT-L8TX_210506_01_E08-1153814230	-9.538835837624528e-05	-0.0001066617359832	1.127337760702174e-05	0.0021344	0.0017241	0.00041024	1588	33
ACCCTTGGTAACATAG-L8TX_210722_01_F08-1153814334	-5.007295481001544e-05	0.000640501813678	-0.000690574768488	0.001682	0.0006605	0.0010215	544	31
ATTCCATTCTAAGCGT-L8TX_210408_01_D10-1153814182	1.403339186295034e-05	0.0001288643679987	-0.0001148309761358	0.0019519	0.0026793	-0.00072743	624	41
CGGGTGTCAGACGCTC-L8TX_210722_01_G07-1153814308	-0.0001115213662373	-1.2114894578437172e-05	-9.940647165894788e-05	-0.0043725	-0.0036104	-0.00076215	712	31
AAGTTCGGTTGACTGT-L8TX_210722_01_E08-1153814332	4.329633795921906e-06	5.456416988142961e-05	-5.0234536085507705e-05	1.2869e-06	0.0028142	-0.0028129	670	32
CGGAACCCACAAGCAG-L8TX_210722_01_B07-1153814297	0.0002089433669888	-0.0003229933192214	0.0005319366862103	-8.7464e-05	-0.00028702	0.00019956	1079	31
TCATTCAGTCGAGTGA-L8TX_210513_01_A11-1142430445	-2.5793136724724155e-05	-0.000185015628106	0.0001592224913813	0.00091337	0.0001244	0.00078897	1290	33
GACTCTCTCGTGTTCC-L8TX_210722_01_D08-1153814330	4.386785043271882e-06	8.461590369800353e-05	-8.022911865473165e-05	0.00045976	0.0026076	-0.0021478	650	31
GACTTCCGTTACGCCG-L8TX_210506_01_A08-1142430425	-9.544659303991902e-05	0.0001303794769757	-0.0002258260700156	-0.002591	0.00061441	-0.0032054	661	31
ACTATCTGTCCTGGGT-L8TX_210415_01_H11-1153814192	-6.064720566967786e-05	2.735939082980896e-05	-8.800659649948682e-05	-0.0013503	-0.0008073	-0.00054296	623	31
TTGTGCGAGGTCCAAT-L8XR_210805_01_E10-1124629229	0.0005066453321412	-0.0002399227715048	0.000746568103646	0.0032089	7.9174e-05	0.0031298	1074	33
TCGTAGAGTCCGGCAT-L8TX_210923_01_G06-1153814375	0.0002466810964382	0.0003709346821247	-0.0001242535856864	-0.00062596	-0.0013191	0.00069316	641	30
TGCACGGCATGCAGCC-L8TX_210722_01_B08-1153814305	-0.0005334005134111	0.0004771635165143	-0.0010105640299254	-0.0012855	-0.00051092	-0.00077453	718	29
ATGGTTGTCGCTTTAT-L8TX_210506_01_E08-1153814230	0.0001135815251196	5.579021633699475e-05	5.779130878262376e-05	0.0027179	-0.00091684	0.0036348	2228	34
GCTACAATCCGGCTTT-L8TX_210107_01_H09-1142430361	0.0001042974547072	3.344888588096354e-05	7.084856882630752e-05	-0.0006139	-0.00098838	0.00037448	824	38
TGATCTTGTACGGTTT-L8TX_210318_01_D05-1142430392	0.0003831409253182	9.400870767300192e-05	0.0002891322176452	0.0003804	0.0029913	-0.0026109	631	36
CTCTGTTCAGCAACCT-L8XR_210902_02_D08-1131257170	4.843389203005099e-05	-0.0001043881335724	0.0001528220256024	0.0014802	0.0018253	-0.00034514	1176	37
GAAGGACCACTGAGTT-L8TX_210722_01_D08-1153814330	3.0327183354018105e-05	0.0001981845377469	-0.0001678573543929	0.0026325	0.0071709	-0.0045384	1030	29
GGAACCCGTGTCTCCT-L8TX_210826_01_C06-1153814371	-5.1322425916054217e-05	7.819507923348137e-05	-0.0001295175051495	-0.00012295	7.9293e-05	-0.00020224	1014	31
TCCTTCTTCAGTGCGC-L8TX_210514_01_G12-1142430439	8.943193285738808e-05	-3.756475077503787e-05	0.0001269966836324	-4.0953e-05	-0.00067279	0.00063183	682	33
GTGGAAGGTGAACCGA-L8TX_210826_01_C06-1153814371	4.703020023887759e-06	2.1454985529064425e-05	-1.6751965505176663e-05	0.0040132	0.0025165	0.0014968	1236	33
TACGTCCGTCTTTCAT-L8TX_210701_01_H06-1153814265	0.0001980925208347	6.716054677978794e-05	0.000130931974055	7.7093e-06	-0.0014525	0.0014602	678	33
CCTCACATCAAGAGTA-L8TX_210722_01_D08-1153814330	-1.622138706534896e-05	6.368022438850933e-05	-7.99016114538583e-05	0.00060776	0.00028601	0.00032175	880	31
TTGGGATTCGGTTCAA-L8TX_210701_01_A07-1153814267	0.0003865564219916	4.983751202330731e-05	0.0003367189099683	-0.0011803	-0.0022332	0.0010528	573	29
GATCGTAGTTCTTAGG-L8TX_211111_01_C10-1153814394	2.704950155428705e-05	-0.0001289014350042	0.0001559509365585	0.0035417	0.002849	0.00069265	1160	33
GATCACACAACATACC-L8TX_210506_01_H08-1153814228	0.0002865797487139	-0.0001770765949764	0.0004636563436904	0.0016125	0.00010733	0.0015051	702	31
GGATGTTGTCATATGC-L8TX_210513_01_A10-1153814239	0.0001745862249664	0.0005500169306096	-0.0003754307056432	-0.00085028	-0.001084	0.00023372	742	34
TGAGCGCTCGACGAGA-L8TX_210805_01_A04-1153814346	-0.0001780320923305	-6.948307049270961e-05	-0.0001085490218378	-4.8909e-05	0.0014687	-0.0015176	559	32
TCTACATTCCTTGGAA-L8TX_210513_01_A10-1153814239	-0.0001255336998835	0.0001108014755408	-0.0002363351754244	-0.001152	0.00067752	-0.0018295	748	32
AGGAGGTTCTGTACAG-L8TX_210408_01_D10-1153814182	2.603391680545658e-05	4.629017752235752e-05	-2.0256260716900936e-05	0.0017132	0.0012462	0.000467	1928	36
GAAGCGATCACCACAA-L8TX_210729_01_C12-1153814340	0.000478786331386	-0.0002895471181382	0.0007683334495243	-0.0011419	-0.00071403	-0.00042788	562	32
TTCCGTGAGGATCATA-L8TX_210521_01_D05-1142430443	9.226885797253778e-06	4.293572199415642e-05	-3.370883619690264e-05	0.00019981	-0.00017819	0.000378	978	33
GGGTAGAGTGTCGCTG-L8TX_210826_01_G05-1153814361	0.0001123652970233	1.7329856023361824e-05	9.503544099996388e-05	0.0031258	2.99e-05	0.0030959	627	35
TTTCAGTCAATTCACG-L8TX_210825_01_G12-1153814490	-0.0001600166054999	0.0002490940780224	-0.0004091106835224	0.0036347	-0.0039533	0.007588	508	31
GTACTTAAGGAGTAAT-L8XR_211007_02_G03-1135704088	-0.0003231282679183	1.2956243917758397e-05	-0.0003360845118361	0.0024972	-0.0018336	0.0043308	745	32
CATTGTTCAATTGCGT-L8TX_210812_01_A10-1153814350	-0.000180127460372	2.403335899704522e-05	-0.0002041608193691	0.002451	0.0036583	-0.0012074	616	30
CTTCCGACATGTTACG-L8TX_210722_01_C07-1142430451	7.8252292330254e-05	2.8929597913562262e-05	4.932269441669173e-05	0.0013408	-0.00061824	0.001959	572	33
GGTGAAGTCGAACTCA-L8TX_210415_01_F11-1142430401	0.0001650387895272	-4.421522262282616e-06	0.0001694603117895	0.0017341	0.001107	0.00062716	453	34
TGCTTGCAGGAGCTGT-L8TX_210107_02_B12-1142430363	0.0001920122218486	-8.75528583175664e-05	0.0002795650801661	0.0014572	0.0011852	0.00027202	498	36
CATTCTAAGCTAGATA-L8TX_210506_01_A09-1153814215	0.000204252633477	-0.0003188752209044	0.0005231278543814	0.0019236	-0.0019664	0.00389	683	33
ATCATTCTCAAACGTC-L8TX_210826_01_A06-1153814366	3.996575785231221e-05	0.000180072536771	-0.0001401067789187	-0.0002414	0.003605	-0.0038464	722	30
CCTCCAATCAGTGTTG-L8TX_210701_01_H06-1153814265	3.4897305310612534e-05	-4.950110197908099e-05	8.439840728969352e-05	-0.0027303	-1.2892e-05	-0.0027175	876	29
AAGACAAGTGTGTACT-L8TX_210513_01_A10-1153814239	2.351005655269909e-05	-0.0002035762635911	0.0002270863201438	-0.0035269	-0.0009055	-0.0026214	620	31
TGCCGAGTCAGGGTAG-L8TX_210513_01_H10-1153814232	0.0001154799297035	7.466599488055839e-05	4.081393482295999e-05	0.002485	0.0027724	-0.0002874	651	33
GTGCTGGAGCTGGAGT-L8TX_210513_01_B11-1142430447	-4.310418374540325e-05	-9.44235299238696e-05	5.131934617846635e-05	0.00043311	0.0017077	-0.0012746	539	37
TCAAGACAGATAACGT-L8TX_210930_01_E03-1153814379	-0.0002704279118322	-0.0001457409451666	-0.0001246869666655	0.0018195	1.63e-05	0.0018032	726	40
AAATGGATCCTAGCCT-L8TX_201030_01_B12-1142430231	-9.573360799740328e-05	7.570525122692313e-05	-0.0001714388592243	-0.0030121	-0.0034956	0.00048342	728	30
GATAGAACATTAGGAA-L8TX_210402_01_G09-1153814180	0.0001069657543518	-6.189011645354892e-05	0.0001688558708053	0.00088311	-0.00070485	0.001588	408	30
TCAGCAAGTTGGAGAC-L8TX_210506_01_A09-1153814215	-7.213862193781731e-06	-0.0005889666009745	0.0005817527387807	0.0007409	-0.0031122	0.0038531	1303	36
TCCTTCTCACCCTGTT-L8TX_210930_01_F03-1153814381	0.0001253222211861	-0.0002718004312655	0.0003971226524516	-0.0016252	-0.0013592	-0.00026597	636	32
AGTTAGCCAAGTGTCT-L8TX_211111_01_C10-1153814394	-5.123197076871148e-05	2.2086800456559595e-05	-7.331877122527107e-05	0.00014212	-0.0019001	0.0020422	1044	33
GATCATGCAATCACGT-L8TX_210708_01_G09-1153814285	-8.160243661597506e-06	0.0007310300210254	-0.000739190264687	0.0010247	0.00021396	0.00081075	576	32
ACTCCCATCTCCGATC-L8TX_210506_01_D08-1153814226	8.583646316321394e-05	-4.870232222997599e-06	9.070669538621154e-05	0.0031929	-2.7327e-05	0.0032202	771	32
GCTACCTAGCGCCGTT-L8TX_210521_01_C05-1142430441	-8.644247222856086e-05	-0.0001968338619199	0.0001103913896914	7.9377e-06	0.00082827	-0.00082033	936	48
AAACGAATCGTAATGC-L8TX_210429_01_A03-1153814204	7.31871709982802e-05	0.0002096230494165	-0.0001364358784182	-0.00058097	0.0017022	-0.0022832	721	33
CAGGGCTTCGCAACAT-L8TX_210506_01_B09-1153814245	0.0002871742113043	0.0004538034543838	-0.0001666292430795	0.0016418	-0.0012796	0.0029214	460	32
CTTTCGGAGGTAAGTT-L8TX_210708_01_H09-1153814288	3.545608546774453e-05	-0.0001347313222149	0.0001701874076826	0.0024824	0.00051692	0.0019655	604	39
CAAGAGGTCCTCTCGA-L8TX_210415_01_G01-1153814188	6.468772348722431e-05	6.580929297729171e-05	-1.1215694900673995e-06	1.5658e-05	0.001044	-0.0010284	462	34
CAAGCTATCGGTGCAC-L8TX_210319_01_C07-1153814168	5.496984775253546e-05	-1.0201872637055068e-05	6.517172038959053e-05	-0.00015192	-0.0010374	0.00088544	648	30
CGAGTGCAGCTGAAGC-L8TX_210415_01_H11-1153814192	0.0002973640498349	-4.78800876794725e-05	0.0003452441375144	-0.0013157	0.0010669	-0.0023826	788	35
TGTTGAGGTGCATTTG-L8TX_210708_01_F09-1153814281	5.8956560016928646e-05	1.706572420351612e-05	4.189083581341253e-05	-5.2359e-05	0.0033344	-0.0033867	589	34
CGGTTGGGTGAGACTC-L8XR_211014_02_H05-1136687627	0.0001564410750392	0.000117729232455	3.871184258428884e-05	0.00043181	0.0027598	-0.002328	637	30
AATGGAAGTCTATGAC-L8TX_210513_01_G09-1142430433	0.0002683000016914	-0.0002149580529785	0.0004832580546699	0.00097996	0.0033023	-0.0023223	1044	30
CAATGACGTTGTTGTG-L8TX_210513_01_F09-1142430431	-0.0002358717733234	-0.0001966914884722	-3.918028485121609e-05	9.8012e-05	-5.7358e-05	0.00015537	625	36
TCAGTCCGTGCCTACG-L8TX_211111_01_C10-1153814394	2.9174567453357973e-05	-0.0001928995153346	0.0002220740827879	-0.00077427	-0.0016868	0.00091252	787	39
ACGTAACCACCAAAGG-L8TX_210121_01_D03-1142430374	8.215536272997862e-05	-9.79729535384228e-06	9.19526580838209e-05	0.00042119	0.00048345	-6.2253e-05	547	37
AGATCCAGTATCGAGG-L8TX_210826_01_G05-1153814361	-1.8824745325288037e-05	-1.8413811058282372e-05	-4.1093426700565866e-07	0.0011094	-0.001579	0.0026884	687	32
GGGTCACCAACATACC-L8TX_210825_01_H11-1142430455	8.745997159048839e-05	4.124834907268536e-05	4.621162251780304e-05	0.0025067	0.00028793	0.0022187	862	37
CATCGGGAGATCGACG-L8TX_210415_01_H11-1153814192	-0.0001948208826995	-0.0001811339813347	-1.3686901364795876e-05	-1.9692e-05	0.0018624	-0.0018821	641	32
CGTGCTTGTACAGTAA-L8TX_210513_01_C09-1142430429	0.0002202603941225	0.000193777198947	2.648319517549119e-05	0.0040368	0.0014504	0.0025865	535	30
GTAGGTTGTGGTACAG-L8TX_211111_01_C10-1153814394	6.991866336210185e-05	0.0001308572969239	-6.093863356187282e-05	0.0008283	0.0019662	-0.0011379	1209	32
TTGAACGCACTAGAGG-L8TX_210805_01_A04-1153814346	-0.0001824654251053	2.0718962327831257e-05	-0.0002031843874331	-0.0026981	-0.0028157	0.00011759	480	29
TTACAGGGTGGTTTAC-L8TX_210708_01_D09-1153814279	3.8056294894344766e-05	1.3877098501703496e-05	2.417919639264127e-05	0.0026785	-0.0005535	0.003232	831	28
TGGGATTAGCCGATTT-L8TX_210401_01_B09-1153814174	-5.596729631973907e-05	8.821348028352055e-05	-0.0001441807766032	-0.00040368	0.0021273	-0.0025309	679	29
AGGAAATCAGACCGCT-L8TX_210715_01_F05-1153814275	-0.0001630277661672	0.0004057174746052	-0.0005687452407725	-0.00052859	-3.5757e-05	-0.00049283	553	33
ACTGTCCAGAGTTGTA-L8TX_210513_01_D09-1153814243	-2.03819519202908e-05	-2.443274648649513e-05	4.050794566204339e-06	0.0011859	0.0020773	-0.00089138	599	31
TAACACGAGACGTCGA-L8TX_210318_01_B05-1153814162	0.0002497941518059	-0.0001639931799795	0.0004137873317855	0.00016748	-0.0025445	0.0027119	521	39
CGGACACCAAGCGCAA-L8TX_210513_01_B10-1142430437	7.814533705748135e-05	-0.0001445689214023	0.0002227142584598	0.0016135	-0.00087328	0.0024867	898	33
TTCGATTGTATTGCCA-L8TX_210521_01_D05-1142430443	-0.0001102539765345	-9.298978958943674e-06	-0.0001009549975755	-0.0027248	0.0008617	-0.0035865	848	30
ACGTACCCAATTTGGT-L8XR_211021_02_E08-1138433803	-0.0005811858304321	1.4634071450109415e-05	-0.0005958199018822	0.00011508	0.0011142	-0.00099914	1061	28
CATTGAGAGAATCGTA-L8TX_210415_01_H11-1153814192	-0.0001126992960938	0.0002066650848255	-0.0003193643809194	-0.00034281	-0.00040801	6.5203e-05	617	32
GTCGTAAAGTCAGCCC-L8TX_210513_01_D09-1153814243	-5.679754054627604e-05	0.0002277161146684	-0.0002845136552147	0.000316	0.0013372	-0.0010212	1041	32
CATTGAGAGATCCAAA-L8TX_210415_01_G11-1153814190	-0.0001448641946032	4.585773426080951e-05	-0.000190721928864	-0.00085367	-0.0003124	-0.00054128	525	32
GAATCGTGTACCTAGT-L8TX_210311_01_D03-1153814157	2.382935094702455e-05	0.0001280391697515	-0.0001042098188045	-0.00018208	-0.0029604	0.0027783	720	29
TCAGTCCAGTGGCCTC-L8TX_210729_01_E11-1153814310	8.771332868242765e-05	9.351044494286131e-05	-5.797116260433666e-06	-0.0010932	-0.00053245	-0.00056073	892	32
ATCAGGTCAGTTCACA-L8TX_210325_01_A09-1153814172	-8.12636517527933e-05	-1.2377165248100522e-05	-6.888648650469278e-05	-0.0018697	0.00077699	-0.0026467	851	33
TTGTGGAAGCTAGCCC-L8TX_210415_01_H11-1153814192	-0.0001991653635131	0.0001185355293546	-0.0003177008928678	0.00081378	-0.0003631	0.0011769	681	32
CCGTTCACATCGTCCT-L8TX_210729_01_E12-1153814342	0.0002456711469932	0.0003053936624834	-5.972251549024273e-05	-0.00098614	0.0014425	-0.0024287	1643	32
GTTACCCTCCCTCTTT-L8TX_210506_01_B09-1153814245	0.0001981214476152	0.0001289642222369	6.915722537831264e-05	0.00046802	-0.00031596	0.00078398	647	31
CACATGATCCCTCATG-L8TX_210825_01_H11-1142430455	0.000203969021021	-0.000222283055075	0.0004262520760961	-0.0014296	-0.0012484	-0.00018114	651	31
ATGGGTTAGTCGCCAC-L8TX_210506_01_E08-1153814230	2.806966481859021e-05	1.0010500069281312e-05	1.8059164749308896e-05	0.0023121	-0.0010363	0.0033485	1193	36
TGTCCTGGTTCTTCAT-L8TX_210812_01_D10-1153814354	-0.000294004921154	0.0001560222762482	-0.0004500271974023	0.001374	-0.0012586	0.0026326	848	34
CTGAATGGTTTGGAAA-L8TX_210430_01_E05-1142430422	0.0004615125591637	2.4915491824596784e-05	0.0004365970673392	0.00068757	0.002274	-0.0015864	813	41
GTCCCATAGAAGGTAG-L8TX_210923_01_H06-1153814377	1.582295080954369e-05	-3.3111448308675226e-05	4.893439911821892e-05	0.0022255	-0.0024073	0.0046328	622	30
TTCTTGATCTTGCAGA-L8TX_210506_01_B09-1153814245	0.000308126497143	-0.0001901778661766	0.0004983043633197	-0.00085108	-0.00084228	-8.7982e-06	603	33
TCTTTGACATTACTCT-L8TX_210430_01_F04-1142430405	0.0001141668547351	-0.0001090070790676	0.0002231739338028	-0.0021843	0.00027621	-0.0024605	662	35
AATCGACTCCAGTGCG-L8TX_201106_01_B04-1142430350	7.171550434589302e-06	0.0001493136724523	-0.0001421421220178	-0.00038176	-0.0013823	0.0010006	413	33
AGGCATTCAAGACAAT-L8TX_210729_01_G12-1153814338	0.0002760258767497	0.0001317405976533	0.0001442852790963	-0.0024919	-0.0011419	-0.00135	457	38
GCCAGGTTCCTACTGC-L8TX_210513_01_H10-1153814232	0.0001266545475772	0.0001425474628884	-1.5892915311251587e-05	0.00033011	-0.00074534	0.0010754	905	35
TTGTGTTGTGTCATTG-L8TX_210429_01_H02-1142430403	-0.0001443680439943	5.712433138168609e-05	-0.000201492375376	-0.002342	0.00076622	-0.0031082	921	31
TAGACTGTCCATGATG-L8TX_210513_01_A10-1153814239	-3.636616911865041e-05	-7.863424313751229e-05	4.226807401886188e-05	0.0020746	-0.0027381	0.0048127	601	32
TCCAGGATCGGCCAGT-L8XR_210715_01_A12-1121939868	0.0005002230189423	3.0431704485832176e-05	0.0004697913144565	0.0034171	-0.0010453	0.0044624	710	32
TCATGCCAGGGATCGT-L8TX_210805_01_F02-1153814316	0.0002768441344958	-8.851786899206619e-05	0.0003653620034879	-0.00027528	0.0012436	-0.0015189	559	33
CTTCCGATCTCATTAC-L8TX_210107_02_E12-1142430367	1.2932775069842907e-05	-2.3729729497841772e-05	3.666250456768468e-05	-0.001495	0.003494	-0.004989	703	31
CACATGAGTTCAGCTA-L8TX_210311_01_D03-1153814157	-7.295264454259379e-07	-9.670609872043286e-05	9.597657227500691e-05	0.0061086	-0.0014287	0.0075373	416	32
TCACTCGGTTCAGCTA-L8TX_210513_01_H10-1153814232	-0.0001028765764648	-0.0002248152897974	0.0001219387133326	-0.00084763	6.9675e-06	-0.00085459	1045	29
CTCAGAAAGCCAACCC-L8TX_210429_01_B03-1153814206	-1.4438615518372038e-05	2.092157094297054e-05	-3.536018646134257e-05	0.00188	-0.0012731	0.0031531	635	34
GGAAGTGCATCTAGAC-L8TX_210722_01_F07-1153814303	-8.328141285573962e-05	0.0002050323001484	-0.0002883137130041	-9.3198e-05	0.0020311	-0.0021243	698	30
TTTAGTCCAGACGCTC-L8TX_210825_01_G12-1153814490	-1.6154080173776863e-05	6.410329813700363e-05	-8.025737831078049e-05	-0.0026875	0.0020714	-0.0047589	514	29
GGGTCAACAGCTAATT-L8XR_211007_02_C04-1135704089	-6.67652342752332e-05	4.729776504823615e-05	-0.0001140629993234	0.00507	-0.0031377	0.0082078	960	28
CCCTGGACATATTGAC-L8XR_210729_01_D09-1124629224	0.0001115014156418	2.091204864397933e-06	0.0001094102107774	0.0026663	0.0012878	0.0013784	1001	34
TTTCGATCAAGAGTTA-L8TX_210708_01_E09-1153814283	0.0002856825074024	-0.0001940993254478	0.0004797818328503	0.00041103	0.0012177	-0.00080664	498	31
ATACTTCAGTCTAACC-L8TX_210708_01_F09-1153814281	0.0003072395753649	-5.5394149816902216e-05	0.0003626337251818	0.0013762	-0.00011277	0.001489	1035	31
TACTTCATCATGGGAG-L8TX_210325_01_H08-1142430397	2.945471141831958e-05	0.0002380990310247	-0.0002086443196064	0.00089443	-0.00096309	0.0018575	1097	51
CGATGCGGTCGAAGCA-L8TX_210429_01_H02-1142430403	-0.0004601177191648	0.0003345318125015	-0.0007946495316663	0.0017262	0.0021235	-0.00039732	923	33
GCGGAAAAGTCTACCA-L8TX_201106_01_A04-1142430348	2.229213271138604e-05	-0.0001964794267622	0.0002187715594735	0.0013175	-3.2882e-05	0.0013504	483	30
AGCATCATCGCGTGAC-L8TX_210408_01_D10-1153814182	0.0001202423285092	3.837320284447525e-05	8.186912566481919e-05	0.0012172	0.00040885	0.00080833	705	32
TGACAGTCAAGGCGTA-L8TX_210415_01_G11-1153814190	3.596071067090297e-05	0.0001015557322665	-6.559502159568554e-05	0.00015571	-0.00096888	0.0011246	597	36
CTGCAGGCAGGCACTC-L8TX_210722_01_G07-1153814308	-7.606017682289048e-05	-5.599253356239021e-05	-2.006764326050027e-05	-0.00080874	-0.0008683	5.9555e-05	806	31
ATTACTCCAATATCCG-L8TX_210708_01_C09-1153814271	-0.0001679513243295	-2.5610421125422976e-05	-0.0001423409032041	0.0013711	-0.0013072	0.0026783	1018	50
TGTTTGTTCGCTTAAG-L8TX_210812_01_D10-1153814354	5.861115415119758e-05	-9.892228741587438e-06	6.850338289278503e-05	-0.00050878	-0.0015865	0.0010777	806	32
TTTACGCGTTTACTTG-L8XR_211014_02_H05-1136687627	6.209987055507512e-05	-0.0001867847979539	0.000248884668509	0.002517	0.0012922	0.0012248	819	33
GAACACTTCTTCACAT-L8TX_210430_01_E05-1142430422	0.0001713486800446	5.563262869443487e-05	0.0001157160513502	-0.00034439	-0.0016763	0.0013319	696	29
ATTGTTCCACGAGAAC-L8TX_210722_01_C08-1153814328	-8.648613902341003e-06	2.939511719585848e-05	-3.804373109819948e-05	-0.0006358	-0.0048058	0.00417	784	29
CTGGCAGAGGATGGCT-L8TX_210107_02_D12-1142430358	-1.6028562143275854e-05	-0.0001424165855252	0.0001263880233819	-0.0011437	-0.0017348	0.00059119	987	29
ACAGCCGTCTACCAGA-L8TX_210826_01_F05-1153814359	-6.260193819651961e-05	-0.0004192575475361	0.0003566556093396	-1.3011e-05	-0.0015658	0.0015527	537	33
ATTCCCGAGGCTAACG-L8TX_210715_01_F05-1153814275	-0.0001586931540955	6.652000925298809e-05	-0.0002252131633485	0.00085495	-0.00011611	0.00097106	496	30
AACAAAGGTTAAGCAA-L8TX_210415_01_G01-1153814188	8.917418199175298e-05	0.0001189439875733	-2.9769805581552467e-05	0.0032068	0.0010203	0.0021865	534	30
TGGATCAGTTCTGACA-L8TX_210826_01_H05-1153814364	-8.203111629723412e-05	0.0003274739963196	-0.0004095051126169	0.0013394	-0.0014907	0.0028301	705	31
CTGTATTTCGGTTAGT-L8TX_210513_01_B11-1142430447	0.0003075438648036	0.0002081905925176	9.935327228603494e-05	-0.0010086	0.0039198	-0.0049284	531	34
CCTTTAGTCGCAAACT-L8XR_211021_02_E08-1138433803	0.0002224497102075	-0.0002015930929613	0.0004240428031688	0.0023627	-0.0014619	0.0038246	1360	28
CAGTGCGTCCCTTCCC-L8TX_210826_01_G05-1153814361	-0.0002174791544772	-0.0001529903268403	-6.448882763694823e-05	-0.0016826	0.0032372	-0.0049198	1015	35
TCATCCGCAAGGATGC-L8TX_210826_01_D06-1153814373	-4.149494476457958e-05	0.0001058801509873	-0.0001473750957519	0.0006741	0.0020988	-0.0014247	877	30
TTTGGTTGTCACTACA-L8TX_201119_01_B09-1142430352	5.698185084763812e-05	-7.108564550807912e-05	0.0001280674963557	0.0028746	-5.1906e-05	0.0029265	527	33
TGCTTCCAGGATGATG-L8XR_210729_01_D09-1124629224	-3.686973807838556e-05	7.241017587841743e-05	-0.0001092799139568	0.0038094	-0.0030243	0.0068337	684	29
TGAATCGTCTATACTC-L8TX_210325_01_F08-1142430394	0.0003698336251308	0.0001133766320524	0.0002564569930783	0.0030624	0.00021176	0.0028507	532	35
GAATAGATCTGTCAGA-L8TX_210318_01_E04-1153814164	-5.817838875502649e-06	0.0001272020075143	-0.0001330198463898	-0.0020186	0.0016518	-0.0036705	702	37
TCGTAGAGTCACTAGT-L8TX_210708_01_F09-1153814281	0.0001132054066213	0.0001777414623925	-6.453605577121895e-05	0.00063736	0.0026992	-0.0020619	999	30
TTCTAGTCAAGAGGTC-L8TX_210408_01_D10-1153814182	0.0001616150347932	-8.21690337934985e-06	0.0001698319381725	0.0023356	-0.0011946	0.0035301	1060	29
TTCACGCGTACCAGAG-L8TX_210430_01_F04-1142430405	1.1101593671571758e-05	1.9647579087961767e-05	-8.54598541639001e-06	-0.0015255	0.00012227	-0.0016478	720	40
TTGGGATCAAAGCTCT-L8TX_210415_01_G11-1153814190	0.0002162392166264	0.0003632716151713	-0.0001470323985448	0.0017023	-0.00044233	0.0021446	506	34
CGAATTGAGCCTCGTG-L8TX_210325_01_H08-1142430397	5.56210416753445e-05	-2.0015052078208547e-05	7.563609375355305e-05	0.0011262	0.0016437	-0.00051747	416	35
TTTCATGAGAATAACC-L8TX_210715_01_C05-1153814293	0.0002478467308829	-4.8234433322928056e-05	0.0002960811642058	0.00029548	0.0019681	-0.0016726	612	29
CCAAGCGCAAGCTGTT-L8TX_210701_01_H06-1153814265	-0.0001139353095456	-9.223851659482708e-05	-2.169679295084149e-05	0.0013743	0.0013884	-1.4089e-05	1190	32
GTCTGTCGTGAGTGAC-L8TX_210319_01_F05-1142430388	0.0001370407701993	-0.0001261491615557	0.0002631899317551	-0.00063557	0.00098934	-0.0016249	584	32
GATCCCTTCACCCATC-L8TX_210825_01_H11-1142430455	-1.0711903149500509e-05	2.19542881657025e-05	-3.266619131520301e-05	0.00033581	-0.004077	0.0044128	680	32
AGTAACCTCTTGTTAC-L8TX_210826_01_A06-1153814366	5.134931439805412e-05	0.0004942715977872	-0.0004429222833892	0.00067585	-0.0013272	0.002003	672	38
CACATGACAGCGTAGA-L8TX_210722_01_G07-1153814308	0.0001715222880039	-0.0002346432761894	0.0004061655641934	0.0041495	0.00097903	0.0031705	1341	31
TACAACGTCTTAGCTT-L8TX_210401_01_B09-1153814174	0.0001063943302525	0.0003079351901386	-0.000201540859886	-0.0014095	-0.00057629	-0.00083323	431	35
GGGTCAACAAGGCCAA-L8XR_211021_02_G06-1138433804	0.0001399321313054	-0.0001711798221998	0.0003111119535052	-0.00024756	0.0048055	-0.0050531	1057	28
GGCTAGTGTAATTAGC-L8XR_210902_02_D08-1131257170	0.0001888721060048	3.61298537865971e-05	0.0001527422522182	-0.00076881	-0.0018561	0.0010873	693	32
ATAGACCAGGGCGAGA-L8TX_210729_01_D12-1153814314	4.84501060235878e-05	-3.504363285153705e-05	8.349373887512484e-05	0.0015061	0.0027302	-0.0012241	731	32
GCCGTGATCGTTACCC-L8TX_201030_01_F12-1142430343	-0.0001249866821116	0.0003210523936793	-0.000446039075791	0.0018891	-0.0013269	0.003216	694	36
TCAATTCAGGGAACAA-L8TX_210722_01_D08-1153814330	-9.248844487215564e-06	-0.0003032210566731	0.0002939722121858	0.0033312	0.0010292	0.002302	1203	30
CGCATAACAGTCAGCC-L8TX_210513_01_B10-1142430437	0.0003333592240287	-0.0002300385744397	0.0005633977984685	-0.0015111	0.0035241	-0.0050352	886	33
TCGGATAAGGTACAAT-L8TX_210513_01_G10-1153814255	-4.33147930237512e-05	-0.0002113831019356	0.0001680683089119	0.0010376	-0.00037312	0.0014107	446	34
CGCATGGGTCCACGCA-L8TX_210722_01_G07-1153814308	-0.0001628457764895	-7.661341797284003e-05	-8.623235851666886e-05	-0.00144	0.0012533	-0.0026933	912	31
TTCCACGTCCTCTCGA-L8TX_210513_01_B10-1142430437	0.0001333521574803	-4.918816088634292e-05	0.0001825403183666	-0.00037244	0.00066537	-0.0010378	433	34
AGCGCCAGTCATAACC-L8TX_210930_01_E03-1153814379	0.0002518676437036	0.0002040372166402	4.783042706345541e-05	-0.00012794	0.0014105	-0.0015384	518	34
GTAACCATCCGGACGT-L8TX_210318_01_G04-1153814166	5.975615358373767e-05	-0.0001625004807682	0.000222256634352	-0.00085301	0.0054435	-0.0062965	545	31
TCCTCTTCACTCCTGT-L8TX_210107_01_H09-1142430361	4.4787539066247725e-05	8.459056827347658e-05	-3.980302920722885e-05	-0.00052475	0.002466	-0.0029907	726	34
TTTCCTCCAGACTGCC-L8TX_210422_01_C02-1153814198	0.0001840293205213	-0.0003030086954617	0.000487038015983	0.00040857	0.0021704	-0.0017618	433	29
TCATACTCACTCCGGA-L8TX_210408_01_D10-1153814182	7.909209560384526e-05	0.0001380944687209	-5.900237311707355e-05	0.00024503	-0.0013866	0.0016316	669	31
GCAGCTGCAAGCGGAT-L8TX_210825_01_F12-1153814357	-4.359361410650359e-05	0.0001984815301639	-0.0002420751442704	0.00019996	-0.00073941	0.00093937	644	33
ACTTTGTGTTGAAGTA-L8TX_210722_01_E08-1153814332	4.36039286842461e-05	-8.11321325046402e-06	5.1717141934710126e-05	0.0011118	-0.0034424	0.0045543	603	29
CGAGTTAGTAACATGA-L8TX_210107_01_H09-1142430361	-5.504153300679588e-05	0.0004189211724721	-0.0004739627054789	-0.00051946	-0.0002986	-0.00022087	796	30
TCCTTGCAGTAAGTCC-L8XR_211021_02_E08-1138433803	4.389769740250831e-05	-0.0001173565622014	0.0001612542596039	0.001218	-0.0030997	0.0043178	439	32
CATAAGCAGCAGCGAT-L8TX_210430_01_F04-1142430405	0.0001501094913254	6.175831553465685e-05	8.835117579076346e-05	0.0015696	0.0028302	-0.0012606	527	31
TGAGCGCGTTATTCCT-L8TX_210805_01_G02-1153814318	0.0001006737322466	-0.0002350426225303	0.0003357163547769	0.00079792	0.0018133	-0.0010154	402	38
TTGTGGATCTTCTTCC-L8TX_210415_01_H11-1153814192	7.308786039476864e-05	-4.7110731445698384e-05	0.0001201985918404	0.00042625	-0.0004155	0.00084175	719	38
AGATCGTGTTGCCAAT-L8TX_210722_01_G08-1153814336	9.212903053776412e-05	-7.184430600096388e-05	0.0001639733365387	-0.0011914	0.00054969	-0.0017411	584	30
GCACTAATCGCTCCTA-L8TX_201030_01_G12-1142430346	0.0001316308189256	-0.0001894084840557	0.0003210393029813	0.0014532	0.00060102	0.00085217	490	35
CTTGAGATCCATGAGT-L8TX_210715_01_A05-1153814277	2.8275744192076828e-05	-6.709366348273363e-05	9.536940767481046e-05	0.00059394	-0.0025598	0.0031537	531	33
GTGAGGACAGCGGTCT-L8TX_211021_01_C04-1153814392	0.0003356383484098	-9.551218092176768e-05	0.0004311505293316	0.002362	0.0020446	0.00031735	461	33
TCCAGAAGTAGTGCGA-L8TX_210506_01_H08-1153814228	0.0001692442603267	-0.0001514272024538	0.0003206714627806	0.00402	0.0024364	0.0015836	806	32
ACTAACCAGCACAGGG-L8XR_210902_02_B08-1131257169	5.993116363582085e-05	-0.0002937053604821	0.0003536365241179	0.0024512	7.2787e-05	0.0023784	771	31
TGCCGAGGTGCGGATA-L8TX_210318_01_G04-1153814166	8.28533530281702e-05	-0.0001188669620866	0.0002017203151147	1.3779e-05	-0.0001309	0.00014468	605	32
AAGACAAAGCTCCATA-L8TX_210930_01_F03-1153814381	0.0006118424061156	0.0001494317747375	0.0004624106313781	0.00036025	-0.0013554	0.0017157	915	34
ATTATGGTCGAGCAAA-L8XR_211014_02_D05-1136687625	0.0004716116151693	2.8881497713398937e-05	0.0004427301174559	-0.0011509	0.0029641	-0.0041149	1190	31
TGCATCCCACAGCCAC-L8TX_210722_01_D08-1153814330	-0.0001879423148593	0.0006044086624045	-0.0007923509772638	0.0010676	0.00077046	0.00029715	786	31
CTCCTCCCATGTTCGA-L8TX_210401_01_F09-1142430399	-2.860354379202461e-06	0.0001494090178284	-0.0001522693722076	0.002597	-0.0029689	0.0055659	551	31
CTAGCGGGTCATAACG-L8XR_210722_01_B08-1122543704	-2.0308714262556537e-05	0.000265258620814	-0.0002855673350765	-0.0016477	-0.0042977	0.0026499	601	32
AGTACCATCCACGTCT-L8TX_210513_01_G11-1153814261	-0.0002073220509327	-6.122284484406242e-05	-0.0001460992060886	-0.0011339	-0.002428	0.0012941	647	33
CGATGGCAGGTCTACT-L8TX_210408_01_D10-1153814182	0.0002082680643787	0.000270463057802	-6.219499342330635e-05	0.0021036	-0.0034559	0.0055596	641	31
GGAGCAACACAAAGCG-L8TX_210430_01_E05-1142430422	0.0003455051045672	-5.654053809107295e-05	0.0004020456426583	-0.00036052	-0.00020885	-0.00015167	705	34
ACCTACCGTTGAGTCT-L8TX_210506_01_A08-1142430425	-0.00029991504556	0.0001609683859431	-0.0004608834315031	-0.00035336	0.0011571	-0.0015104	736	47
CGCATGGCATGTCAGT-L8TX_210826_01_C06-1153814371	0.0002373420426429	5.4242542341535e-05	0.0001830995003014	0.0020928	0.00090391	0.0011889	1521	33
CGCATAAAGATTACCC-L8TX_210506_01_D08-1153814226	6.197505927154037e-05	-0.0003025634735161	0.0003645385327877	-0.0017238	0.0013082	-0.003032	767	32
TGTGAGTCACTCAGAT-L8TX_210729_01_G12-1153814338	0.0001291363347547	-0.0001296875220732	0.000258823856828	0.0031117	-0.00067962	0.0037913	551	33
CAACAGTTCCGTGCGA-L8TX_210513_01_G10-1153814255	8.803932266719666e-05	-0.0002176144392047	0.0003056537618719	0.0018598	-0.0024694	0.0043292	614	37
TGAGCATTCGTGCTCT-L8TX_210805_01_F02-1153814316	-6.19574281672971e-05	2.9746346876713526e-05	-9.170377504401065e-05	-0.0018798	-0.00020558	-0.0016742	541	34
TCTCTGGGTTACCCTC-L8TX_201015_01_G03-1153814149	1.2521095679185468e-05	7.622935787820779e-05	-6.370826219902232e-05	0.0031739	0.001381	0.0017928	892	32
AACCATGCACCAAATC-L8TX_210729_01_E12-1153814342	0.0001196127179616	-0.0002045399674957	0.0003241526854574	0.001118	0.00034626	0.00077173	1241	31
TCTCAGCGTGTCCAAT-L8TX_210708_01_D09-1153814279	0.0003130797840852	-0.0002396926625908	0.0005527724466761	0.0031543	-0.0042519	0.0074063	407	32
AGACACTGTGATTCTG-L8TX_210722_01_E08-1153814332	-2.9894882157138925e-05	0.0001699662761656	-0.0001998611583228	0.0010841	-0.00015171	0.0012358	826	43
CTAACTTCACAGAAGC-L8TX_210415_01_E11-1153814186	-0.0007669706351899	-0.0002024662966251	-0.0005645043385647	0.00031264	0.0012322	-0.0009196	421	34
GGGATCCGTGTCCACG-L8TX_210514_01_G12-1142430439	-0.0001352010506952	4.635425922719546e-05	-0.0001815553099224	-0.0011422	0.00043429	-0.0015765	634	33
TGATGGTAGGAACGCT-L8TX_201217_01_B08-1142430356	0.0002621503860187	-2.2409468077289537e-06	0.0002643913328264	0.0022489	0.0018177	0.00043119	752	31
ACAACCAAGGTGCTGA-L8TX_210506_01_F07-1153814222	0.0001722832573641	4.7075837803500985e-05	0.0001252074195606	0.0038223	-0.0048452	0.0086675	576	32
CTCAATTCACGTCGGT-L8TX_210513_01_E09-1153814234	-0.0001506227428267	0.0001803999077261	-0.0003310226505529	0.0032174	-0.00043954	0.0036569	582	34
TATCCTATCACGATCA-L8TX_210722_01_E07-1153814301	-0.0001115257075786	-8.244183712377535e-05	-2.9083870454904464e-05	0.0004961	-0.0010438	0.0015399	1566	33
GAAACCTGTTGCACGC-L8TX_210226_01_A12-1142430380	-0.0001049415907895	1.6642570389958485e-05	-0.0001215841611794	0.002853	0.0010721	0.0017809	1179	35
AACCCAATCGTGCATA-L8TX_210226_01_A12-1142430380	-0.000158741758403	0.0001175006641665	-0.0002762424225695	-0.0017349	0.0042597	-0.0059946	899	30
ACCAGGGAGGTGAAGC-L8XR_210812_01_E11-1126220036	-1.3959276475999664e-06	-3.750318936706061e-05	3.610726171946064e-05	-0.00072113	-0.0016268	0.00090568	679	30
TTTGGTAAGCGGGCAA-L8XR_210729_01_E09-1122543707	-4.0009574359453325e-05	-0.0001223367162889	8.232714192946216e-05	0.0027348	0.0016651	0.0010697	632	34
GTAAGTCAGGACTAAT-L8TX_210805_01_B04-1153814348	-3.432862674229213e-05	3.5901376778872175e-05	-7.02300035211643e-05	0.00065672	-0.00080514	0.0014619	656	33
TCTTGACGTCCTTCTC-L8XR_210715_01_A12-1121939868	2.4175659988730132e-05	-5.849450936511823e-05	8.267016935384836e-05	-0.0022395	-0.0014971	-0.00074235	782	29
GGCAGTCGTCGATTCA-L8TX_210513_01_F09-1142430431	5.738688716865804e-05	9.089210349010173e-05	-3.350521632144369e-05	0.0020176	0.0011478	0.00086976	485	39
GTAGCTAAGTGGCAGT-L8TX_210514_01_G12-1142430439	-3.606520452456129e-05	1.1364654557288825e-05	-4.7429859081850114e-05	-0.0010988	0.00051941	-0.0016182	704	34
CACCAAACAGAGTAAT-L8TX_210708_01_F09-1153814281	-0.0001133622381901	4.5874833131100446e-05	-0.0001592370713212	0.0034989	0.0001784	0.0033205	967	31
TAGGTACTCAAGGTGG-L8TX_210506_01_D08-1153814226	-0.0001306685628433	-0.0001639026544988	3.323409165556721e-05	1.5094e-05	-0.0023623	0.0023774	588	38
ATCGGCGTCAAGGTGG-L8TX_210430_01_C04-1142430413	0.0001797770467771	-8.478850127598643e-05	0.0002645655480531	0.00019229	0.00062476	-0.00043247	641	34
AGGGTCCCACTTGACA-L8TX_210805_01_B04-1153814348	0.0001649710993104	-8.999158127835718e-05	0.0002549626805887	3.0261e-05	-0.0023637	0.0023939	632	34
TAGGTTGGTCCGACGT-L8TX_210430_01_E05-1142430422	-9.91065465294176e-05	0.0002229031713591	-0.0003220097178885	0.001687	0.00094673	0.00074025	613	32
GGGTCTGCACCCAAGC-L8TX_210107_02_E12-1142430367	0.0001018645695494	4.153305274390091e-05	6.033151680555718e-05	-9.8812e-05	-0.001449	0.0013502	679	36
CTGCGAGGTTGGACCC-L8TX_210506_01_E08-1153814230	0.0001419539103866	0.0002700911237883	-0.0001281372134016	-0.0015974	-0.0012759	-0.00032151	1035	34
GGCCGTTAGCCTGATG-L8XR_210715_01_A12-1121939868	-0.0001862686328021	-0.0002135942204528	2.7325587650722788e-05	0.00056569	-0.00074106	0.0013067	551	33
ATTCTTGCATTCCTAT-L8TX_210805_01_B04-1153814348	-7.702092383337634e-05	-0.0002178985327648	0.0001408776089314	-0.00036188	0.00097772	-0.0013396	533	29
TTTGACTGTGAATATG-L8TX_210805_01_F02-1153814316	-0.0002919293896473	0.0002719159590598	-0.0005638453487071	0.0022281	-0.0018735	0.0041016	557	33
AGTAGTCTCCGCGAGT-L8TX_210722_01_C08-1153814328	-8.093535545448031e-05	0.0004792066089763	-0.0005601419644308	0.002597	0.0016499	0.00094713	488	30
TAGACTGTCGGTTAGT-L8TX_210429_01_E03-1142430418	0.0001875261003188	0.0001039920697252	8.353403059363698e-05	-0.0025342	0.0027223	-0.0052565	512	35
AATCAGGAGTGTTGTA-L8XR_210722_01_B08-1122543704	3.4207922469705805e-05	0.0002138015872545	-0.0001795936647848	0.00074984	-0.0019956	0.0027455	717	32
CTGAGGCTCGTCAACA-L8TX_210506_01_B08-1153814220	0.0002192669098751	-4.748231341335604e-06	0.0002240151412164	-0.00070243	-0.00077375	7.1322e-05	478	32
GGCACGTCATGATAGA-L8TX_210805_01_G03-1153814322	-0.0003804704626135	0.000186073254411	-0.0005665437170246	0.0038747	-0.00040945	0.0042841	535	32
TTGATGGGTTCTTGCC-L8TX_210401_01_F09-1142430399	-0.0001333147885336	9.004515218282977e-05	-0.0002233599407164	0.0021009	-0.00062158	0.0027225	606	32
CTTGATTCAGTCGCAC-L8TX_210701_01_E07-1153814263	3.451367139150452e-06	7.786110337271541e-05	-7.440973623356496e-05	0.004777	-0.0023709	0.0071479	602	30
GGTTATGGTGAGACTC-L8XR_210902_02_B08-1131257169	0.0002581227434122	-8.08080489034284e-05	0.0003389307923156	0.0028052	-0.0016947	0.0045	824	31
TTGACCCGTGATTCTG-L8TX_210226_01_A12-1142430380	-3.6468517557002535e-05	4.3259261591909904e-05	-7.972777914891244e-05	0.00029051	0.00057605	-0.00028554	1392	29
CATTCATCAGCAAGAC-L8TX_210722_01_D07-1142430453	8.240122944594705e-06	1.912178156302632e-05	-1.0881658618431614e-05	-0.0015381	0.00059791	-0.002136	747	31
CTGAGGCTCAGACCCG-L8TX_210430_01_D05-1142430407	-0.0001302499816161	-0.0004705973505878	0.0003403473689717	0.00051468	0.0028727	-0.002358	587	39
AGGATCTGTCTGATAC-L8TX_210319_01_F05-1142430388	8.195963816447517e-05	2.305230220959364e-05	5.890733595488153e-05	0.0016427	0.0035869	-0.0019441	628	35
GGTTTAATCGAGCAAA-L8XR_211014_02_D05-1136687625	8.727073090862916e-05	0.000112568275713	-2.5297544804378052e-05	0.0015111	0.0016429	-0.00013179	881	31
TTGTTCAAGCCATCCG-L8TX_210430_01_E05-1142430422	1.599528767475821e-05	3.0454267163610035e-05	-1.4458979488851826e-05	0.0013583	0.0016482	-0.00028989	643	30
CAAGACTCATAGTCAC-L8TX_210429_01_H02-1142430403	1.1656472466817256e-05	5.422938084120819e-05	-4.2572908374390937e-05	-0.0014039	0.0030133	-0.0044173	1185	32
AAAGGATGTCTACGTA-L8TX_210513_01_A10-1153814239	6.293772295476732e-05	0.0001400451751763	-7.710745222161757e-05	-0.00065044	-0.0027779	0.0021274	845	35
ATGCGATCAAGCACCC-L8TX_210805_01_A04-1153814346	-6.20833311129693e-05	0.0001269423060332	-0.0001890256371462	-0.0008569	-0.0014487	0.00059183	490	34
TGCAGATTCAAGAGGC-L8TX_210715_01_E05-1153814273	9.713270143315984e-06	0.0002937717001069	-0.0002840584299636	0.0021101	0.0029101	-0.00079994	529	32
TCCAGAAAGACTAGAT-L8TX_210701_01_H06-1153814265	0.0001042158701107	-1.9342622790361632e-05	0.0001235584929011	0.00069319	-0.0030539	0.0037471	1353	32
TTAGCCTGTTGTTGCT-L8XR_211014_02_D05-1136687625	-5.14780545072855e-05	3.917163450235442e-06	-5.539521795752094e-05	0.0017132	0.00098822	0.00072501	891	32
AGGCAATCAAAGCGCA-L8XR_210722_01_H07-1122543705	0.0001633804305583	-0.0003588444434831	0.0005222248740415	0.0010503	-0.000382	0.0014323	1128	29
CCGTTCAGTCCGACGT-L8TX_210415_01_G11-1153814190	0.0003144204591502	-0.0002420558799978	0.0005564763391481	0.00098852	-8.7324e-05	0.0010758	1198	31
TTGTTCAGTGCCGTTG-L8TX_210930_01_F03-1153814381	0.0001613918861325	-0.0001812044172444	0.0003425963033769	-0.0023848	-0.00044146	-0.0019434	543	30
CCATAAATCATGGTGT-L8XR_211021_02_E08-1138433803	1.7468245863482144e-05	-9.726377468020277e-05	0.0001147320205436	-0.0021543	0.0036308	-0.005785	1316	36
TACGCTTGTTATCCTA-L8XR_210812_01_D11-1124987482	-6.1011625832277605e-05	5.3552999201983325e-05	-0.0001145646250342	-0.001445	0.00075445	-0.0021995	712	33
TCAGTTTCACTCACTC-L8TX_210729_01_C12-1153814340	0.0001047347933774	-8.450291498157439e-06	0.0001131850848756	-0.0026607	0.0019533	-0.004614	532	32
ATCGTAGAGACCATTC-L8TX_210415_01_F11-1142430401	5.624618788952856e-05	1.0841835970332209e-05	4.540435191919635e-05	-0.0021397	-0.00035109	-0.0017886	520	32
CCCTCTCTCCTTCAGC-L8TX_210715_01_F05-1153814275	0.0002686295454675	-6.580501470177471e-05	0.0003344345601692	0.00035483	-0.00077961	0.0011344	775	30
CTGTGAAGTACGGTTT-L8TX_210826_01_D06-1153814373	4.642890013004778e-05	-2.955989115660976e-05	7.598879128665754e-05	0.00028425	-0.0003345	0.00061875	1178	32
ATGCATGGTATGGTAA-L8TX_210513_01_C09-1142430429	4.862486588260746e-05	-9.75595987111374e-05	0.0001461844645937	0.0006376	0.00027184	0.00036576	591	33
ACGGGTCGTCCTGTTC-L8TX_210513_01_D09-1153814243	-0.000117308336829	-0.0013694505444164	0.0012521422075874	0.00069554	0.00066469	3.0852e-05	403	33
TCGCACTCAGGTGACA-L8TX_210506_01_H08-1153814228	-0.0001199768145574	-7.477677098667746e-05	-4.52000435707375e-05	0.00052804	0.001003	-0.00047492	627	37
GAGTCATTCCTGATAG-L8TX_210729_01_E12-1153814342	-6.035422355407875e-05	4.744807702752407e-05	-0.0001078023005816	0.00092636	-0.0027725	0.0036989	1471	31
TATTGCTGTAAGGCCA-L8TX_210506_01_A09-1153814215	-7.343104894764575e-05	3.678567472809354e-05	-0.0001102167236757	-0.00075022	-0.0037189	0.0029687	611	32
ACCTGTCCACTAGGCC-L8TX_210513_01_B10-1142430437	0.0002076962526545	0.000272276325017	-6.458007236257509e-05	-0.002046	0.00048512	-0.0025311	835	28
GGGCTCAAGCTGACCC-L8TX_210401_01_F09-1142430399	-0.0001376764987254	-0.0003583879092679	0.0002207114105425	0.0014797	-0.0013495	0.0028292	657	43
ATGGTTGAGCATGCAG-L8TX_210812_01_D10-1153814354	0.0001757004108094	0.0001193767126903	5.632369811905842e-05	0.0015796	0.0016602	-8.0634e-05	837	29
ATACTTCGTAGGACCA-L8TX_210402_01_G09-1153814180	-0.0001157607842655	3.945872799400058e-05	-0.0001552195122595	0.00053496	0.00061702	-8.2065e-05	739	33
TCGATTTCAAATGGAT-L8TX_210722_01_C08-1153814328	-0.0001167073449332	2.215334263114756e-05	-0.0001388606875644	0.0035772	0.0014679	0.0021093	849	30
AATAGAGAGCTGTACT-L8TX_210415_01_G01-1153814188	-0.0001176188864704	-0.0003071263584537	0.0001895074719833	0.0010649	-2.3322e-05	0.0010883	723	34
GTAACCAGTCTACTGA-L8TX_210430_01_E05-1142430422	2.7434557008343036e-05	6.61498869109678e-05	-3.871532990262476e-05	0.0028614	0.0002173	0.0026441	663	30
CTGTGAATCATGCAGT-L8TX_210318_01_G04-1153814166	0.0003677841028048	0.0001528207459307	0.0002149633568741	-0.00047238	-0.0030917	0.0026193	775	32
GATAGCTGTGTTACAC-L8TX_210722_01_D08-1153814330	4.8779417955781673e-05	0.0001096987157907	-6.0919297834959736e-05	0.0004159	0.0010651	-0.00064922	730	32
TTGCCTGCAGCTACTA-L8TX_210401_01_F09-1142430399	1.3589235099001115e-05	-7.327385572666654e-05	8.686309082566766e-05	0.0014283	0.00087961	0.00054864	783	37
CATCGCTAGGATTTGA-L8TX_210812_01_C10-1153814352	0.0005215485723559	0.0001720132357331	0.0003495353366227	-0.00063366	0.0011684	-0.0018021	564	34
TGTGAGTAGAACTTCC-L8TX_210513_01_H10-1153814232	8.918678346269386e-05	7.134575666924786e-05	1.7841026793445996e-05	-0.00077741	-0.00065232	-0.00012509	617	31
CTGTAGACAGCTCCTT-L8TX_210506_01_E08-1153814230	0.0005062721259951	-0.0008152416172964	0.0013215137432915	-0.00011879	-0.00017451	5.5719e-05	1123	31
GAGACCCCAATCCTTT-L8TX_210826_01_D06-1153814373	-3.5145604658775574e-05	0.0001539208666897	-0.0001890664713485	0.0047743	0.0027122	0.0020621	1284	30
GGAGGATAGTATGGAT-L8TX_210923_01_H06-1153814377	-6.207342209458078e-05	-3.076431658062676e-05	-3.130910551395402e-05	0.00082187	0.00048643	0.00033544	595	36
ATTTCTGGTACCGTCG-L8TX_210722_01_G07-1153814308	5.356208814528545e-05	-0.0001040254541709	0.0001575875423162	0.0024221	-0.00018398	0.0026061	625	36
CACCTGTTCAATACGC-L8XR_210729_01_D09-1124629224	8.888023199791566e-05	0.0001685189085977	-7.963867659984546e-05	0.00090549	-0.0040655	0.004971	1103	30
AAAGGATGTGGCTGCT-L8TX_210506_01_E08-1153814230	-2.994131185579988e-05	0.0003476794849572	-0.000377620796813	0.0019784	0.0021817	-0.00020334	1770	31
ATGGTTGTCTCTAAGG-L8TX_210729_01_E11-1153814310	0.0001341451246323	-6.940158390428366e-05	0.0002035467085366	-0.00014968	0.0015309	-0.0016805	811	32
ATCGTCCCAAGTGGGT-L8TX_210429_01_H02-1142430403	0.0001789709506562	-0.0002691354982529	0.0004481064489092	-0.0017147	-0.0010822	-0.00063254	705	30
TTTGTTGGTATCTCTT-L8TX_210513_01_H10-1153814232	-0.0011808900441836	0.0005424442129276	-0.0017233342571112	0.00061699	0.0021728	-0.0015558	715	32
TCTATCAAGCCTGAGA-L8TX_210521_01_D05-1142430443	-9.72185646324521e-05	-0.000135325483038	3.810691840559157e-05	-0.0034661	-0.00026446	-0.0032016	1057	31
TGTTCTAGTATGCGGA-L8TX_210805_01_A04-1153814346	-0.000158500195	-0.000119803086119	-3.869710888102116e-05	-0.00060257	0.0012962	-0.0018987	646	31
GCGTGCAAGCAGTACG-L8TX_211022_01_A04-1153814388	8.295374446982348e-05	-1.6505756449485626e-05	9.945950091930912e-05	0.0037464	0.002445	0.0013014	996	29
GAAGGGTTCATCTATC-L8TX_210715_01_B05-1153814290	-0.0002195634938511	0.0008088938602396	-0.0010284573540907	0.0017823	-0.0016377	0.0034201	503	36
ATGAAAGTCTGCAGCG-L8TX_210430_01_F04-1142430405	0.0004502107609927	-0.0002523300634504	0.0007025408244432	0.0024226	0.002282	0.0001406	527	31
CATCCACAGTTCATGC-L8TX_210415_01_G11-1153814190	-0.00019475659951	0.000682407480951	-0.000877164080461	-0.0023422	-0.00051142	-0.0018307	722	32
TTGAGTGCATGGTGGA-L8TX_201015_01_G03-1153814149	1.0331300385446824e-06	-0.0002322908864149	0.0002333240164534	-0.0021831	0.0021001	-0.0042833	561	34
TCTATCAAGTGATCGG-L8TX_210729_01_G12-1153814338	0.000134206814058	0.0001266084603398	7.598353718233432e-06	0.0028591	-0.0015251	0.0043842	709	31
TCTAACTTCACCTTAT-L8TX_210325_01_H08-1142430397	1.0174917553029386e-05	0.0001514217822653	-0.0001412468647123	0.001005	-0.00015054	0.0011556	737	36
CCTCCAAAGCTAGAGC-L8TX_210826_01_C06-1153814371	1.0225063881107182e-05	-0.0001340953608747	0.0001443204247558	2.6803e-05	0.00089571	-0.00086891	651	31
CTGGACGGTGGCTAGA-L8TX_210506_01_A08-1142430425	8.878185023279265e-05	4.5339857738994754e-05	4.344199249379789e-05	-0.0012749	-0.0010252	-0.00024976	758	30
TCTGGCTCAAAGTGTA-L8TX_210715_01_F05-1153814275	0.0001580448913892	0.0002928566272174	-0.0001348117358282	-0.00041106	-0.00030597	-0.00010509	690	33
ATTCATCAGGTTGGTG-L8TX_211022_01_A04-1153814388	0.0001144838628555	-0.0002152852338688	0.0003297690967244	0.0022289	0.0012113	0.0010176	928	28
AGGGTGATCAAGAGGC-L8TX_210506_01_E08-1153814230	-3.20315635827244e-05	-0.0001481562712097	0.000116124707627	0.00261	-0.0024224	0.0050323	911	39
GTCAAGTTCTGGGATT-L8TX_201030_01_G12-1142430346	6.836516908337777e-05	9.650536506185368e-05	-2.8140195978475905e-05	-0.00023778	-0.00022558	-1.22e-05	552	31
AGGGTGAAGAGAATCT-L8TX_210415_01_G01-1153814188	1.0640463320503786e-05	2.757168519266931e-05	-1.6931221872165525e-05	-0.0010169	-0.00062305	-0.00039383	598	35
TCAAGACTCTACGGTA-L8TX_201217_01_B08-1142430356	0.0001863537922081	0.0002147857046404	-2.843191243231472e-05	0.00060036	0.00019041	0.00040995	431	34
CATCGTCTCTGATTCT-L8TX_210812_01_A10-1153814350	-5.048667244079094e-05	3.13903005982373e-06	-5.362570250061467e-05	0.0025362	0.0013086	0.0012276	1009	32
TGAACGTTCGATCCAA-L8TX_210318_01_C05-1142430384	-6.457135890082734e-05	-0.0004272530853407	0.0003626817264398	-0.0016296	0.0016834	-0.0033129	777	30
TTGTGTTCAACGACTT-L8TX_210826_01_C06-1153814371	0.0004397194489365	0.00025506293678	0.0001846565121565	0.00038678	0.0014891	-0.0011023	586	32
GAAGAATTCGTTCCTG-L8TX_210319_01_F05-1142430388	-8.34101332081732e-05	5.087410855070603e-05	-0.0001342842417588	-0.0013381	-0.0029565	0.0016184	618	28
CTCACTGTCTTGGGCG-L8TX_210429_01_A03-1153814204	0.0001596305285051	-1.9517949836228014e-05	0.0001791484783413	0.0020935	-0.0012205	0.003314	713	32
TCCACCATCTGCTGAA-L8TX_210923_01_H06-1153814377	-0.0001395764284858	-1.311118909314652e-05	-0.0001264652393927	-0.000666	0.00013448	-0.00080049	703	35
TGTGATGAGTAGGTTA-L8TX_210722_01_D08-1153814330	-0.0001734919149101	-6.085845931365125e-05	-0.0001126334555965	-0.0014047	-0.00025785	-0.0011469	677	31
CCCAAACCAGCCTAAC-L8XR_210902_02_D08-1131257170	0.0003780669766495	0.0001876318200684	0.000190435156581	0.00045323	0.00094749	-0.00049426	800	34
GAGTGAGGTTTGGCGG-L8XR_211021_02_G06-1138433804	6.795430349550894e-05	-0.0001347968817745	0.00020275118527	0.0011374	-0.0016769	0.0028143	782	31
TATTGCTGTCGCGGTT-L8TX_210506_01_C08-1153814224	0.0001972210623707	-0.0003696819397207	0.0005669030020914	0.00065064	-0.0012499	0.0019005	551	37
ACTATCTAGCTGCCTG-L8TX_210729_01_E11-1153814310	1.348158381826378e-05	-7.520315823498584e-05	8.868474205324962e-05	0.0038951	-0.00067218	0.0045673	698	32
GTCCACTCACAAGTTC-L8TX_210422_01_C02-1153814198	-7.348735901894574e-05	4.15851276699584e-05	-0.0001150724866889	-0.0018986	0.0032915	-0.0051902	616	31
CCTCAACGTTACCGTA-L8TX_210521_01_D05-1142430443	0.0004457434232907	-0.000515378357499	0.0009611217807897	-0.00085293	0.0010175	-0.0018704	748	32
GGATGTTCACATCATG-L8TX_210415_01_H11-1153814192	8.483700759216861e-05	-4.274023873334811e-05	0.0001275772463255	0.0034165	0.00078899	0.0026275	661	33
GGAGGTAAGTTGCGAG-L8TX_210319_01_C07-1153814168	5.7462998415737455e-06	7.255996799580631e-05	-6.681366815423256e-05	-0.00013655	-0.00012545	-1.1107e-05	680	33
ATGAGGGTCAAGCCGC-L8TX_210506_01_A08-1142430425	-6.306690962095675e-05	-0.0001168033567347	5.373644711382729e-05	0.002509	-0.00063996	0.0031489	545	33
CTCCTTTTCCTAGCGG-L8TX_210513_01_A10-1153814239	0.0001158751516593	0.0003566746684663	-0.000240799516807	-0.00026768	-0.00032925	6.1567e-05	896	37
GCGTGCAGTTACGGAG-L8TX_210701_01_B07-1153814269	2.754751259059024e-05	1.384347220739746e-05	1.3704040383192778e-05	0.00088443	0.001338	-0.00045357	512	30
GTCATCCTCTACCTCA-L8XR_211014_02_D05-1136687625	0.0003268109345223	0.0002917119482242	3.5098986298076206e-05	0.00175	-0.0017722	0.0035222	1297	32
TTGTTTGGTACGAGTG-L8TX_210701_01_H06-1153814265	0.0002380335539477	8.949379574226435e-05	0.0001485397582054	0.0014433	-0.0023108	0.0037541	484	37
GACGTTAGTTCAAACC-L8TX_210825_01_F12-1153814357	6.639659929545413e-05	-5.344448147981725e-05	0.0001198410807752	0.0031888	0.001956	0.0012327	883	31
ATGGGTTCACCCAACG-L8TX_210513_01_A10-1153814239	8.161507402577645e-05	0.0003477080896166	-0.0002660930155908	-0.0007666	-0.0013299	0.00056331	585	32
GCTGGGTCATGAATAG-L8TX_210311_01_D03-1153814157	9.646262125500256e-05	0.000171309382675	-7.484676142000526e-05	0.00058518	0.00069904	-0.00011385	636	38
GTCTTTGTCATTGCAA-L8XR_211021_02_E08-1138433803	-1.161548943554148e-05	3.997911453832104e-05	-5.159460397386252e-05	-0.0044417	-0.00034392	-0.0040978	574	30
GTTCATTCAGAGAATT-L8TX_210805_01_F02-1153814316	-7.2010556638154e-05	9.62044443306298e-05	-0.0001682150009687	-0.00058745	0.0007095	-0.0012969	627	33
CAACAACTCGAGAGAC-L8TX_210513_01_D09-1153814243	7.951599815304736e-05	1.995221526899697e-05	5.956378288405039e-05	0.00026547	-0.00083362	0.0010991	1086	32
TCAGTGATCGTCGCTT-L8TX_210826_01_D06-1153814373	0.0001246016980927	0.0003212479123494	-0.0001966462142566	0.00090911	0.0039267	-0.0030175	1235	30
CTCAATTGTCCAAGAG-L8TX_210107_02_F12-1142430369	0.0001981530609696	-0.0002450073582799	0.0004431604192496	0.0023775	0.0025123	-0.00013472	743	30
GGAGATGGTTGCGGAA-L8TX_211021_01_C04-1153814392	-0.0001455668722421	0.0005051864895992	-0.0006507533618413	-0.0013363	0.0040214	-0.0053577	522	32
GGAGGATGTGAGTCAG-L8TX_210429_01_H02-1142430403	4.958446876233328e-05	-6.714320301791993e-06	5.629878906412527e-05	0.0029318	0.0021184	0.00081343	1150	35
CCGGTAGAGCGAGTAC-L8TX_211111_01_C10-1153814394	0.0005422140905843	-0.0004580128711711	0.0010002269617555	0.0026357	-0.00083065	0.0034663	504	35
CTCAGGGAGCTTGTGT-L8TX_210729_01_E11-1153814310	-1.829644072916242e-05	0.0001739853376959	-0.0001922817784251	0.0028471	-0.001352	0.0041991	865	32
CCTCATGGTCCTATAG-L8TX_210825_01_G12-1153814490	0.0002440251673163	-2.800072583702246e-05	0.0002720258931533	0.0011749	-0.00052831	0.0017032	933	31
ACAGAAACAAAGGAGA-L8TX_210521_01_D05-1142430443	-5.628580707888562e-05	-1.7139156268041228e-05	-3.914665081084439e-05	-0.00024249	0.0029126	-0.0031551	1023	31
TAGAGTCCAGGCCCTA-L8TX_210107_02_D12-1142430358	3.0427451293517047e-05	-4.801781828524988e-05	7.844526957876693e-05	-0.0011818	-0.00032802	-0.00085381	543	33
CAAGCTAGTGTTATCG-L8TX_201106_01_B04-1142430350	-4.25607606660074e-05	4.270020938174882e-05	-8.526097004775621e-05	0.001393	0.001196	0.00019705	677	34
ATTCGTTAGCGCCGTT-L8TX_201106_01_A04-1142430348	-0.0001115322440868	-4.6517359169778746e-05	-6.501488491702742e-05	0.0018474	-0.0011838	0.0030311	742	31
GACTCAAGTCACCGCA-L8TX_210826_01_C06-1153814371	-0.0002644573997865	0.0001028467711352	-0.0003673041709218	0.002278	0.00041449	0.0018635	1060	28
GACCAATGTTCTAACG-L8TX_210715_01_C05-1153814293	5.177182357447986e-05	0.0003018405419221	-0.0002500687183476	0.0021153	0.0032421	-0.0011268	991	29
TCAGGGCGTTCCTTGC-L8TX_210722_01_G07-1153814308	-0.000135935657338	0.0001374689004383	-0.0002734045577763	0.0045028	-0.0016137	0.0061165	829	34
AACGCTAGTGTGCAAC-L8XR_210729_01_C09-1122543708	2.74189972068816e-05	0.000260341620379	-0.0002329226231721	0.0026056	-9.6931e-05	0.0027025	874	31
CTGTGAAAGTCCCAAT-L8TX_201030_01_F12-1142430343	4.5146668395618303e-05	0.0001761904986579	-0.0001310438302622	0.0025426	0.0011447	0.0013979	628	35
CTGCTCACAGCGTACC-L8TX_210708_01_H09-1153814288	7.628312533824448e-05	0.0001289594638236	-5.267633848544846e-05	-0.0036455	-0.0012852	-0.0023603	1005	34
CCGTTCATCGGCGATC-L8TX_210506_01_F08-1153814217	-7.511482375775721e-05	0.0001003387657715	-0.0001754535895293	0.0025411	0.00042935	0.0021117	637	34
TAATCTCGTGTTCCAA-L8TX_210722_01_B07-1153814297	0.0006561758450328	-0.000891463785098	0.0015476396301309	-0.0022972	-0.00028526	-0.0020119	509	30
AAAGTCCCAATCCTTT-L8TX_210429_01_A03-1153814204	0.0001558747311945	0.0003751445312866	-0.000219269800092	-0.00067011	-0.00069166	2.1545e-05	724	34
TCGATTTAGGTGCAGT-L8TX_210923_01_H06-1153814377	0.0001287668461889	-1.334654285122546e-05	0.0001421133890402	0.0018451	0.00010265	0.0017424	859	35
GGTAGAGTCTTGCAAG-L8TX_210729_01_H11-1153814312	-0.0003533078061098	-0.0001055752911798	-0.00024773251493	-0.00087086	-0.00094563	7.4771e-05	665	33
CTACATTAGGCCTGAA-L8TX_210506_01_B08-1153814220	4.115541974492969e-05	-0.0001398931220797	0.0001810485418246	0.00045437	-0.0019229	0.0023773	798	32
GACACGCAGAGTGGCT-L8TX_210318_01_G04-1153814166	0.0003991105555244	0.0001237766837654	0.0002753338717589	0.00046468	-0.0020677	0.0025324	848	29
AACCTGACAAGCTGCC-L8TX_210107_02_D12-1142430358	-7.665896068347652e-05	-0.0007784423036043	0.0007017833429209	-0.00011887	-0.0017881	0.0016692	760	35
TACGGGCGTAGCTGTT-L8TX_210514_01_G12-1142430439	0.0001063992999254	8.491927508474592e-05	2.1480024840715427e-05	0.00020723	0.00022113	-1.39e-05	736	33
CGGGTGTAGGATGAGA-L8TX_210513_01_G11-1153814261	9.541444723281163e-05	6.255355239222001e-05	3.286089484059162e-05	-0.0010872	-0.0013606	0.0002734	1267	34
CTCCGATAGACGGAAA-L8TX_210506_01_F07-1153814222	1.2742463495774646e-05	-9.634683548373245e-06	2.237714704414789e-05	-0.0014153	0.00073123	-0.0021465	593	31
GTCGTAAAGCTACTAC-L8TX_210429_01_H02-1142430403	-1.6524537122253016e-05	0.0001598003524834	-0.0001763248896056	-0.00070876	-0.0010192	0.00031048	1119	31
ATGTCCCCATATGCGT-L8TX_210430_01_F04-1142430405	3.625349823532685e-05	-0.0001011163000406	0.000137369798276	-0.0021303	0.0019191	-0.0040494	578	30
GATGCTAAGATGTTGA-L8TX_210722_01_G07-1153814308	-7.120510103054704e-05	2.510563261703407e-05	-9.631073364758113e-05	0.00073236	-0.0013364	0.0020687	1035	33
CCTCTCCCACAGTGTT-L8TX_210325_01_H08-1142430397	2.507223716186869e-05	4.032980369483005e-05	-1.5257566532961368e-05	-0.00074607	0.00014562	-0.00089169	480	32
TATTTCGAGGAGCAAA-L8TX_210325_01_H08-1142430397	-0.0002087566209922	0.000346333321685	-0.0005550899426773	-0.00064921	-2.1838e-05	-0.00062738	568	31
ATGGTTGCACGTACTA-L8TX_210708_01_D09-1153814279	-0.0001257099543089	4.514101125865887e-05	-0.0001708509655675	-0.0026257	0.0012211	-0.0038469	496	33
TCAATCTCAATCACGT-L8TX_210430_01_C04-1142430413	0.0001618637863143	-0.0002802371507915	0.0004421009371058	0.0015169	0.0010404	0.00047655	688	34
TTCACGCAGCATGATA-L8TX_210121_01_D03-1142430374	0.0002042986604459	-0.0002028393747905	0.0004071380352364	0.001633	0.00062449	0.0010085	620	32
AATTCCTTCCAACCAA-L8TX_211021_01_B04-1153814390	-8.128022806407108e-06	9.990563439057116e-05	-0.0001080336571969	-0.00075681	0.0024409	-0.0031977	965	33
CTGTGGGCAGTCGCTG-L8TX_210430_01_F04-1142430405	9.4321594870678e-06	-2.216485654604073e-05	3.1597016033108525e-05	0.00054758	-0.00059736	0.0011449	486	37
CTCCGATAGAAGCTGC-L8TX_210826_01_C06-1153814371	6.70115385970639e-05	-0.0001424568075437	0.0002094683461408	0.0032634	0.0032047	5.8746e-05	699	33
GTTTGGACAAGCGAAC-L8TX_210430_01_D05-1142430407	-0.0001481476399032	2.4872119989808195e-05	-0.000173019759893	-0.0012049	0.002544	-0.0037489	1407	37
GGGTGTCGTACCGTCG-L8TX_210825_01_E12-1142292445	-1.5169173834259726e-05	0.0003712803011615	-0.0003864494749957	0.0045373	0.0025406	0.0019967	449	36
ATCGTCCGTCGAATTC-L8TX_210701_01_B07-1153814269	0.0001392805566768	-0.0008737534756599	0.0010130340323367	-0.0021904	0.0012543	-0.0034448	474	31
TGACTCCGTCGTCAGC-L8TX_211021_01_C04-1153814392	0.000188068514149	-4.5703475370241664e-05	0.0002337719895192	-0.0015946	-0.00095848	-0.00063615	599	31
CGGAACCGTCAGGTAG-L8TX_210506_01_B09-1153814245	0.0002392816828044	-0.0001034658152481	0.0003427474980526	-0.00088511	-0.00062353	-0.00026158	741	32
CAGCACGAGGGCAACT-L8TX_210506_01_E08-1153814230	-0.0001561850489157	-0.0001981989944253	4.201394550959885e-05	0.00060624	0.0020148	-0.0014085	1434	30
TCCTCCCAGCATCTTG-L8TX_210513_01_B10-1142430437	-2.6282587651975025e-05	-3.967671470523982e-05	1.3394127053264794e-05	-0.00061701	0.0023715	-0.0029885	612	32
GTTGTGAAGAGGGTGG-L8TX_210722_01_D07-1142430453	0.0003266499820105	4.1406985293370814e-05	0.0002852429967171	-0.0014989	0.00024633	-0.0017452	492	31
TTTCAGTCACTCCCTA-L8TX_210128_01_A05-1142430378	9.24879744855359e-05	3.787030858201422e-05	5.461766590352168e-05	-0.00036368	-0.0001244	-0.00023928	571	35
AACGAAAAGTTGCATC-L8TX_210506_01_B09-1153814245	0.0003780361875756	5.717593887494296e-05	0.0003208602487007	-0.00039494	-0.00020466	-0.00019028	800	30
TCGCTTGAGCTGAGTG-L8TX_210318_01_E04-1153814164	-0.000480528606975	-0.0004296032070477	-5.092539992729398e-05	0.00089411	0.00040337	0.00049074	430	36
TTCGCAACAAGTCGCT-L8XR_210715_01_A12-1121939868	-0.0002314544712322	4.096871822939218e-05	-0.0002724231894616	0.0012674	-0.00045445	0.0017218	903	31
GAGAGGTAGGTGCAGT-L8TX_210722_01_F08-1153814334	-4.506275238124321e-05	0.0003089408407157	-0.000354003593097	0.0010539	-0.0014802	0.0025341	665	34
TTCTTGATCGCACGAC-L8TX_210722_01_E08-1153814332	0.0002235198505752	2.650156051317325e-05	0.0001970182900621	-0.0021644	-0.00058071	-0.0015837	514	31
GGTGTCGTCCGGCAGT-L8TX_210513_01_C09-1142430429	0.0003185738229905	0.0001550799409837	0.0001634938820067	0.0026507	0.0023036	0.0003471	529	32
CTAACCCTCGCATTGA-L8TX_210506_01_B09-1153814245	-8.977873090556247e-06	0.0002167473593295	-0.00022572523242	0.003948	-0.00038274	0.0043308	484	34
GATGACTTCCTGTACC-L8TX_210430_01_C04-1142430413	2.8496945495141344e-05	0.0001185607668192	-9.006382132408374e-05	0.0040349	0.00019896	0.0038359	1198	42
GACCAATGTGTGACCC-L8TX_210506_01_F08-1153814217	-0.0001978346202241	-0.0001220863312444	-7.574828897973887e-05	-0.0006303	-0.00066888	3.8584e-05	813	32
AGGCTGCCACACCTGG-L8TX_210513_01_C11-1153814257	-0.0001561057301532	-0.000180506741758	2.440101160485164e-05	0.00030387	-0.0028663	0.0031702	735	30
CAGTGCGCATCCTGTC-L8TX_210318_01_C05-1142430384	8.69798636082697e-05	-0.0001374449587691	0.0002244248223773	0.0018193	-0.00101	0.0028293	499	34
GGTGAAGGTAATCAGA-L8TX_210825_01_G12-1153814490	-0.0004684360482685	-0.0007386320278267	0.0002701959795582	-0.001541	-0.0017803	0.0002393	689	34
GTTGTCCGTGCTGTCG-L8TX_210708_01_F09-1153814281	0.0003052213847801	-6.129156858720895e-05	0.0003665129533673	-0.0026459	0.0009781	-0.003624	683	33
TCATGGATCGAAATCC-L8TX_210722_01_D08-1153814330	-9.776290970615143e-06	-6.532871426477248e-06	-3.243419544137897e-06	-0.00051409	-0.0035918	0.0030777	608	29
GCCAACGAGCGCTGCT-L8TX_210722_01_E07-1153814301	0.0005229547658515	-4.560512155694825e-05	0.0005685598874084	-0.0016668	9.786e-05	-0.0017647	427	34
GGCACGTAGCATATGA-L8TX_211021_01_C04-1153814392	4.237378324058627e-05	6.617618400188855e-05	-2.3802400761302284e-05	3.4072e-05	0.0016809	-0.0016469	716	33
GATGACTTCTAGACCA-L8TX_210415_01_G01-1153814188	0.0001600437106767	3.879492760729508e-05	0.0001212487830694	-0.0010175	-0.0019178	0.00090029	926	30
ATGAGGGAGGTATTGA-L8TX_210722_01_G07-1153814308	0.001051886137021	0.0003233097042118	0.0007285764328092	0.0015788	0.00027763	0.0013012	1055	38
TTGTGTTTCATAAGGA-L8TX_210805_01_B03-1153814324	2.977174855534337e-05	-0.0001192188100727	0.000148990558628	0.0019362	-0.0023451	0.0042813	571	35
ACTATGGCAACCTAAC-L8TX_210805_01_B03-1153814324	7.464362649789033e-06	0.0002120144898946	-0.0002045501272448	0.0026209	0.0019118	0.00070908	705	29
GACATCAGTAGGACTG-L8TX_210430_01_D05-1142430407	0.0001774936474064	4.503292205666579e-05	0.0001324607253497	-0.0010678	6.8439e-05	-0.0011362	789	41
CTGAGGCTCAAATGCC-L8TX_210325_01_E07-1153814170	0.0001177941015732	-0.0001540131355227	0.000271807237096	0.0024972	4.3997e-05	0.0024532	1029	36
CGGAGAACACATAACC-L8TX_210513_01_D09-1153814243	-7.943828578255403e-06	-3.3949976337256176e-05	2.6006147759000773e-05	0.0010689	-0.00237	0.003439	549	29
TTCATTGAGCCTGCCA-L8TX_210923_01_H06-1153814377	-0.0002661100391869	-0.0001344723703505	-0.0001316376688363	4.3387e-05	0.0017491	-0.0017057	535	28
AGGGTGAAGCGTGAGT-L8TX_210513_01_C09-1142430429	1.4117456802118378e-05	0.0001277085712313	-0.0001135911144292	-0.00046863	0.0050504	-0.005519	559	34
AAAGTCCGTTGGTACT-L8TX_210729_01_F12-1153814344	7.453937464574146e-05	-0.0001484422489618	0.0002229816236075	-0.00019471	0.0020442	-0.0022389	805	34
CGGAATTTCACCTTGC-L8TX_210812_01_C10-1153814352	0.0003055987718606	-5.9959763431430574e-05	0.000365558535292	0.00056787	-0.0010553	0.0016231	894	29
GTTGTAGTCGCAGTGC-L8TX_210429_01_H02-1142430403	0.0001191300597255	-6.369062184595271e-05	0.0001828206815715	0.0020057	-0.0013521	0.0033578	1568	38
TACTTCACAAGTTGGG-L8TX_210715_01_F05-1153814275	0.0001154393562314	1.797656124367091e-05	9.746279498775664e-05	0.0025802	0.0020263	0.00055388	931	30
CTTGCAACAATAGTCT-L8XR_211021_02_E08-1138433803	4.870632972156569e-05	0.0001496755819772	-0.0001009692522556	0.001181	-0.0020996	0.0032806	1466	32
GTGGCGTAGCATCAAA-L8TX_210429_01_H02-1142430403	9.184862325584074e-05	-0.0001433132262289	0.0002351618494848	0.00028385	0.00143	-0.0011461	1319	40
GCTTTCGTCGAGTGAG-L8TX_210715_01_A05-1153814277	9.50138798211209e-05	-8.194159955755545e-05	0.0001769554793786	0.002242	-0.0014362	0.0036782	749	31
TACCGGGAGCAATTCC-L8TX_210729_01_E11-1153814310	0.0001519400591788	0.0001297770035552	2.216305562357306e-05	0.00096955	0.00050951	0.00046003	902	34
AGCGCCACAAGGCGTA-L8TX_210430_01_F04-1142430405	9.260173246667452e-05	0.0004760303631848	-0.0003834286307182	0.002065	0.00145	0.00061501	524	32
TTTGGAGAGGACACTG-L8TX_210226_01_A12-1142430380	5.333755703526569e-06	-7.717842483674941e-05	8.251218054027598e-05	-0.0014397	-0.0038814	0.0024417	847	33
GACACGCTCAGTGTCA-L8TX_210923_01_G06-1153814375	4.8416475134854447e-05	7.556819904347086e-06	4.085965523050736e-05	0.0035197	-0.00189	0.0054097	790	32
GCATCGGCACACCTGG-L8TX_210506_01_F08-1153814217	3.660107736054338e-05	7.549995308106847e-05	-3.889887572052509e-05	0.0046594	-0.00073675	0.0053962	534	38
GGTAGAGAGACCTCAT-L8TX_210826_01_G05-1153814361	-0.000200994766393	0.0002010929854147	-0.0004020877518077	0.0014773	-0.0019993	0.0034766	619	31
CAGCCAGCAGTCTTCC-L8TX_211021_01_C04-1153814392	-4.414722413932028e-05	-0.0007965911749444	0.0007524439508051	-0.0023832	0.0016837	-0.0040669	566	36
GGGCTCAGTTGCATTG-L8TX_210415_01_G01-1153814188	-7.590471125428135e-05	8.567863763211386e-05	-0.0001615833488863	0.00072821	0.001667	-0.00093875	714	32
CGGGTGTAGTCACGCC-L8TX_210513_01_D09-1153814243	3.624967593715623e-05	-2.3193333142907537e-05	5.944300908006376e-05	-0.0011804	0.0025122	-0.0036926	497	37
GAAGTAATCTGCATAG-L8TX_210708_01_G09-1153814285	-0.0002111863176271	7.353288688423486e-05	-0.0002847192045113	0.0027381	-0.0050098	0.0077479	388	35
CCCAACTCACCTGCTT-L8TX_210708_01_C09-1153814271	2.349295711237125e-05	-0.0001116017104722	0.0001350946675846	0.0026651	-0.00040342	0.0030685	865	31
GTGAGTTCATCAACCA-L8TX_210812_01_D10-1153814354	3.231939178029707e-05	0.0001958104673171	-0.0001634910755368	0.0026947	0.0011032	0.0015916	894	33
GTGTCCTCAGGCCTGT-L8TX_210430_01_A05-1153814213	-0.0001214962177943	0.0003161385100847	-0.000437634727879	-0.00053218	0.0013034	-0.0018356	736	38
ACCTGTTGTAACTACG-L8XR_210812_01_E11-1126220036	0.0002335782616353	0.0001063410897005	0.0001272371719347	0.0021765	0.0011996	0.00097694	564	29
TCTGCCATCTGTCTCG-L8TX_201217_01_G06-1142430354	3.280141783798381e-05	-0.0003101364365875	0.0003429378544255	0.0019023	-0.0020488	0.0039511	1060	50
CCTCTAGCAATACCTG-L8TX_210715_01_D05-1153814295	0.0001690623203228	-0.0002607310542758	0.0004297933745987	-0.0020899	-0.00028442	-0.0018055	725	37
CATACTTGTCTACACA-L8TX_210513_01_A10-1153814239	-0.0002882772326639	0.0001702743946649	-0.0004585516273288	-0.00037526	0.00036934	-0.0007446	620	33
GGGTAGACACACAGCC-L8TX_210930_01_F03-1153814381	5.9027547382120366e-05	-0.0001051895532883	0.0001642171006704	-0.00070849	-0.00065402	-5.4464e-05	1011	29
ATTTCACAGCACTGGA-L8TX_201016_01_E05-1153814151	-0.0001030502569982	0.0010672673881217	-0.00117031764512	0.00074766	0.0010427	-0.00029507	532	32
TTGGGATAGGGTGAAA-L8TX_210722_01_H06-1153814299	0.0001036948755086	-8.023465305619092e-05	0.0001839295285648	0.00086995	0.0017116	-0.00084166	576	31
GGTAACTAGTCTGCAT-L8TX_210506_01_H08-1153814228	2.078238408963936e-05	8.951311261717604e-05	-6.873072852753668e-05	-0.0013785	-0.0003185	-0.00106	525	31
TAAGCACCACTGTTCC-L8TX_201030_01_G12-1142430346	-4.82951488257759e-05	-0.0001248655611792	7.657041235351191e-05	0.001113	-0.00010933	0.0012223	755	32
CAATCGAGTGTGAGCA-L8TX_210318_01_C05-1142430384	4.55091186747053e-05	0.0001581278787086	-0.0001126187600339	-0.0021917	0.00082102	-0.0030127	516	35
CATCGTCAGGAACGTC-L8TX_210722_01_G08-1153814336	-0.0001437995857697	4.527393315294604e-05	-0.0001890735189227	0.0031935	0.0028268	0.00036662	483	31
TCAGGGCCAGCATACT-L8TX_210107_02_B12-1142430363	-3.2571782651347125e-07	-7.000467602581634e-05	6.967895819930287e-05	0.00086086	0.00027969	0.00058117	556	32
TACCTCGGTCGACTGC-L8TX_210506_01_B09-1153814245	-8.751376559931634e-05	3.707536772382364e-05	-0.0001245891333231	-0.00012256	0.00037532	-0.00049788	451	34
CTTGATTCAATTGGTC-L8TX_210513_01_H10-1153814232	1.869870521049001e-05	0.0001865606001231	-0.0001678618949126	-0.00034006	-0.00021071	-0.00012935	1066	33
GGGTGTCAGCCTTGAT-L8TX_210812_01_A10-1153814350	0.0002468071490596	0.0002732017940301	-2.639464497048485e-05	0.001605	0.0019216	-0.00031662	450	33
ACCTGAACAATTCACG-L8TX_210722_01_C08-1153814328	0.0001189640318796	0.000102047089338	1.6916942541583165e-05	-0.00059263	-0.0023024	0.0017098	1129	30
ACTATCTGTTAAGAAC-L8TX_210429_01_B03-1153814206	9.612817450020736e-05	-0.0001351462715175	0.0002312744460177	0.0017652	0.00049408	0.0012711	1007	32
TTCCTCTCAACGTATC-L8TX_210506_01_B09-1153814245	-0.0001228106006902	-0.0001720916196524	4.928101896222681e-05	0.00088559	-0.0011191	0.0020047	516	30
ATAGACCGTCTGCAAT-L8TX_210701_01_B07-1153814269	-0.0001869160557502	0.0005557622957133	-0.0007426783514636	0.0011616	-0.0023038	0.0034654	655	31
GGAAGTATCCTCACTA-L8XR_210805_01_H09-1124629228	0.0001774217516941	8.667536666752338e-05	9.074638502661316e-05	0.0027442	-0.00012673	0.0028709	664	32
GTTACGACAGTAGAGC-L8TX_211021_01_B04-1153814390	-5.49064371777823e-06	-5.314394557491083e-05	4.76533018571326e-05	0.0048063	0.0038939	0.00091242	661	31
GAATAGAGTATCAGGG-L8TX_210722_01_B08-1153814305	0.0002574697714292	-2.9675987894010798e-06	0.0002604373702186	0.00050836	0.0020557	-0.0015474	1164	28
GATCCCTGTAGATGTA-L8TX_210826_01_A06-1153814366	1.557708498226871e-05	-4.994217238300767e-05	6.551925736527638e-05	-0.000256	-0.00072378	0.00046778	560	38
ACGTCCTAGTTTGTCG-L8TX_210311_01_D03-1153814157	0.0001240471344497	-0.000125738165064	0.0002497852995138	0.0019372	-0.004535	0.0064722	421	33
TGCATGACACAAATCC-L8TX_210521_01_D05-1142430443	0.0002975002083254	-0.000113336075594	0.0004108362839194	0.0020309	-0.0024708	0.0045017	768	30
AATAGAGGTAGGTTTC-L8TX_210729_01_E12-1153814342	6.536977170660642e-05	9.926630422924922e-05	-3.3896532522642805e-05	-0.00015124	0.00022405	-0.00037529	1287	31
ACATCGAAGTCGAGGT-L8TX_210506_01_E08-1153814230	0.0001955701841969	-9.24845745908478e-05	0.0002880547587878	0.0016952	0.0011349	0.00056036	1063	31
AGCCGCTAGCTGTACG-L8XR_210722_01_B08-1122543704	0.0002778367336506	-0.000164346358498	0.0004421830921487	0.001336	-0.001346	0.0026819	460	32
AAACGCTGTACCTAAC-L8TX_210506_01_F07-1153814222	-0.0001121542988782	0.0001900102717078	-0.000302164570586	0.00015709	0.0018695	-0.0017124	1035	32
GTTACGAGTAGGGTAC-L8TX_210408_01_D10-1153814182	-7.3059316162275e-05	0.0002273986361377	-0.0003004579523	0.00048341	0.00088398	-0.00040056	1390	31
ATGAAAGTCCTGCCAT-L8TX_210311_01_F03-1142430382	2.086745055123676e-05	0.0001124742938655	-9.160684331426632e-05	0.0020638	0.00073008	0.0013338	470	36
TCGTAGAAGCGTACAG-L8TX_210722_01_C07-1142430451	-4.587839663431007e-05	-2.4101044838118487e-05	-2.1777351796191585e-05	0.0012858	0.00089577	0.00039007	515	33
GCAACCGCACGGTGTC-L8TX_211021_01_C04-1153814392	0.0002498795900597	0.0001556596572178	9.421993284192178e-05	0.00065361	-0.00095552	0.0016091	627	36
TCAAGCACAGTATTCG-L8TX_210701_01_B07-1153814269	3.628629323762499e-05	0.0001682577457039	-0.0001319714524662	-0.00024367	-0.00090899	0.00066532	750	33
CAAATCATCTCACAAA-L8XR_211021_02_E08-1138433803	-0.0003471712955625	-0.0003246750052461	-2.2496290316392236e-05	-0.0007504	-0.001885	0.0011346	1323	33
AGTAGCTTCCTTCTAG-L8XR_210812_01_A12-1124987483	-0.0002877342740499	9.684759983207607e-05	-0.000384581873882	0.0048251	-0.0018386	0.0066637	1387	35
ACATCGAGTCAAATCC-L8TX_210107_02_B12-1142430363	-0.0001085984258775	-0.000106597031185	-2.001394692503801e-06	0.00050468	-0.00028119	0.00078587	452	38
CCACAAACAGGACTAG-L8TX_201016_01_E05-1153814151	-0.0002240241174823	-2.194940630782916e-05	-0.0002020747111745	0.0078691	-0.0017921	0.0096612	461	34
GATCAGTGTTGTTTGG-L8TX_210701_01_H06-1153814265	-1.554263607275888e-05	-0.0001511535332293	0.0001356108971565	-0.00056286	-0.0012188	0.00065593	446	33
TTATTGCCACCGTGCA-L8TX_210826_01_C06-1153814371	8.641631306520802e-05	-1.438203743989376e-05	0.0001007983505051	0.001753	-0.00052935	0.0022824	533	33
GGGTTTAAGGAGATAG-L8TX_210826_01_G05-1153814361	-0.0001766762358664	0.000105675997858	-0.0002823522337245	-0.0031782	0.00047521	-0.0036534	450	32
TAGGGTTGTTGTCAGT-L8TX_210805_01_G02-1153814318	0.0002819422162484	2.570153678483405e-05	0.0002562406794636	-0.0013828	0.00088988	-0.0022727	463	32
TCAGGTATCGCTAAAC-L8TX_210708_01_E09-1153814283	2.6058611382725693e-05	4.895523784362005e-05	-2.289662646089436e-05	0.0018281	-0.0012076	0.0030357	1106	35
GCGATTTAGCTTACTT-L8XR_210729_01_E09-1122543707	0.000131476067721	-5.60399404092565e-05	0.0001875160081302	0.00303	-0.00046515	0.0034952	577	34
TCATCATCAGTAACGG-L8TX_210513_01_H09-1142430435	0.000175965898639	1.150331275438933e-05	0.0001644625858846	-0.00087574	0.0031791	-0.0040548	491	33
GTTACAGAGAAATCCA-L8TX_210826_01_C06-1153814371	-8.235471293841283e-05	0.0001737530304697	-0.0002561077434081	-0.0018667	0.0010068	-0.0028734	496	34
CCACTTGGTCAACGCC-L8TX_210415_01_H11-1153814192	0.0009138408609489	0.0006538246888034	0.0002600161721454	-0.00015949	-0.00058991	0.00043042	912	33
TTCCTTCTCGGTCATA-L8TX_210715_01_E05-1153814273	0.000104822559475	-3.073774497850096e-05	0.0001355603044535	-0.001876	0.002526	-0.0044019	751	32
CATCAAGGTTCTCACC-L8TX_201016_01_F05-1142430225	0.0002945304529939	-0.0002678337897884	0.0005623642427823	-0.004306	-0.0026909	-0.0016151	838	31
TGAATGCCATCCAATG-L8TX_210319_01_C07-1153814168	-8.956555979414663e-05	-1.2956678433273118e-05	-7.660888136087351e-05	0.0008467	-0.0016257	0.0024724	572	39
GTATCGCCACGAATCC-L8XR_211014_02_D05-1136687625	0.0001171265062547	0.000425453611833	-0.0003083271055782	0.0015261	0.00067057	0.00085551	1460	29
TCCATGCTCATTGCCC-L8TX_210430_01_F04-1142430405	0.0009112197850484	0.0002101418175446	0.0007010779675037	5.6225e-06	-0.0020052	0.0020108	613	36
ATAGAGAAGTCCCTAA-L8TX_210715_01_F05-1153814275	-0.0003465676375904	0.0008449280719444	-0.0011914957095349	0.0020907	-0.00056547	0.0026562	657	44
GTGTCCTGTTGGTGTT-L8TX_210430_01_B04-1153814208	0.0002346005291659	0.0002050035435355	2.9596985630396424e-05	0.00091211	-0.0028355	0.0037476	736	32
CCTCTCCGTTCAACGT-L8TX_201119_01_B09-1142430352	0.0001098506105015	-0.0002764029480279	0.0003862535585295	0.0017099	-0.0017216	0.0034315	704	28
ATTACTCGTCGCACAC-L8TX_210729_01_C12-1153814340	-6.873598541976826e-05	-0.000138430455992	6.969447057231095e-05	0.00074585	-0.00066578	0.0014116	693	33
GATAGCTTCAACCTCC-L8TX_210521_01_D05-1142430443	0.0001030792420534	0.0002085705203965	-0.000105491278343	-0.0029495	0.0017487	-0.0046981	784	31
CGGACACGTCACTCAA-L8TX_210506_01_E08-1153814230	-3.3124491321480425e-05	3.248610261183565e-05	-6.561059393331607e-05	0.0028918	0.0031009	-0.00020912	1211	31
TGGAGGACAGCTCGGT-L8TX_210430_01_E05-1142430422	-0.0005063507300864	0.0003449557462246	-0.0008513064763111	0.0025804	0.0032014	-0.00062101	711	33
GGCTTGGTCGGCTGGT-L8TX_201217_01_B08-1142430356	-7.242649702126204e-05	0.0001190740881413	-0.0001915005851626	0.0022373	-0.0015949	0.0038321	461	31
TACGTCCTCCGAGATT-L8TX_210701_01_H06-1153814265	-0.0001131032893096	0.0005080094639479	-0.0006211127532576	0.0011191	0.0017596	-0.00064053	597	36
ACTTTCATCTCGCAGG-L8TX_210701_01_E07-1153814263	3.167698001671084e-05	4.1334474363697615e-05	-9.657494346986771e-06	0.0021302	-0.0017708	0.0039009	594	31
AAGACAAGTTCTCTCG-L8TX_210513_01_H10-1153814232	5.854231079214362e-05	-0.0001231420468817	0.0001816843576739	0.0024686	-0.00024629	0.0027149	697	36
GCGTGCACATCCAATG-L8TX_210513_01_B10-1142430437	0.000231886987707	0.0003257891977949	-9.390221008792088e-05	-0.0017901	0.003231	-0.005021	861	34
CCTCTAGGTTTGTTGG-L8TX_210408_01_D10-1153814182	1.030331555072331e-05	6.30207495777374e-05	-5.271743402701408e-05	0.0027353	-0.0015822	0.0043175	655	33
TCCACCACACGTATAC-L8TX_210812_01_D10-1153814354	4.8104475665556245e-05	-0.000238904894494	0.0002870093701595	0.0027443	-0.0024785	0.0052228	962	32
CACTTCGTCCAACTAG-L8TX_210513_01_H09-1142430435	0.0001719623806744	2.8358909608620964e-05	0.0001436034710658	0.00055043	-0.001412	0.0019624	891	30
CAAGAGGTCTCATGGA-L8TX_210506_01_F08-1153814217	-0.0001147546299679	0.000348709551113	-0.0004634641810809	0.0012007	0.0023616	-0.0011609	587	33
CGACAGCTCGGACTGC-L8TX_210318_01_H04-1142430390	-7.657240093468855e-05	9.89893092886158e-05	-0.0001755617102233	0.0025559	0.0012065	0.0013494	798	32
GGAGATGAGTGGCGAT-L8TX_210826_01_C06-1153814371	0.0001324385345616	-1.1091415945532982e-05	0.0001435299505071	0.0014825	-0.00067784	0.0021603	1171	31
TGCAGTATCTACCCAC-L8TX_210226_01_A12-1142430380	-5.638643404609827e-05	-4.743604707466757e-05	-8.950386971430696e-06	0.00074361	0.0015035	-0.00075986	1163	33
CTGCGAGCACAGTATC-L8TX_210506_01_F07-1153814222	0.0003027042828076	0.0002673677134564	3.533656935118004e-05	0.0028828	-0.0017666	0.0046495	502	35
GATTGGTAGGCATCAG-L8TX_201106_01_A04-1142430348	-9.69019934867427e-06	1.6971750937567063e-05	-2.6661950286241333e-05	-0.0011149	0.0030283	-0.0041432	1183	28
GACCCAGCAACTCGAT-L8TX_210722_01_G07-1153814308	0.000210715908017	-0.0001303884080649	0.0003411043160819	-0.0004428	0.00097633	-0.0014191	918	31
GTGAGGATCGCGCCAA-L8TX_210708_01_C09-1153814271	-0.0001673047181095	0.000360678052701	-0.0005279827708105	-0.0015983	-0.0011464	-0.00045191	544	38
TCCGGGAAGTCATCCA-L8TX_210729_01_C12-1153814340	-0.0001775458583454	2.621039923753848e-05	-0.0002037562575829	0.00050148	-0.00080059	0.0013021	596	31
GAGTTACGTAAGCTCT-L8TX_210729_01_E11-1153814310	-1.409378265122053e-05	0.0001140703799444	-0.0001281641625956	0.0020639	-0.00011679	0.0021806	1036	32
GTTGCTCGTCTGTCAA-L8TX_210930_01_F03-1153814381	0.0001313851327298	0.0003065973517545	-0.0001752122190247	-0.001648	-0.00016228	-0.0014857	480	33
TTTCGATTCTTTCAGT-L8TX_210722_01_C08-1153814328	0.0001291508814284	-0.000210992861862	0.0003401437432905	0.00039685	-0.0012727	0.0016696	1058	35
AGGTAGGAGCGACAGT-L8TX_210513_01_H10-1153814232	-5.796639451086609e-05	9.205407581764225e-06	-6.717180209263031e-05	0.0017306	-0.001567	0.0032975	679	30
CATCGGGCACAAGCAG-L8TX_210513_01_H10-1153814232	0.0006052648866137	-0.0007637475542786	0.0013690124408924	0.00083766	0.00028866	0.000549	967	32
GGCGTCATCTCCTGAC-L8TX_210415_01_H11-1153814192	-0.0001039574835822	-1.948990012091901e-05	-8.446758346135467e-05	-0.00067286	-0.00091633	0.00024346	704	31
TACCCGTTCCAATGCA-L8TX_210107_02_E12-1142430367	-0.0002417963968268	-0.0004422239655792	0.0002004275687524	-0.0033954	-0.0027523	-0.00064307	915	33
TATCAGGCACCGTGGT-L8TX_210701_01_B07-1153814269	0.0001146200689375	0.0001075757871944	7.044281743102802e-06	-0.0003961	-0.0010044	0.00060829	459	34
CCTTCAGGTGCTCGTG-L8TX_210318_01_C05-1142430384	0.000610447242091	0.0001558309605223	0.0004546162815686	-0.00076292	-2.7604e-05	-0.00073532	898	33
CTGCCTATCGTCGGGT-L8TX_210729_01_F12-1153814344	6.95952508072054e-05	-0.0001154273369879	0.0001850225877951	0.0023593	0.001186	0.0011734	787	30
CTATCTATCACCGGGT-L8TX_210402_01_G09-1153814180	6.787735539747611e-05	5.753277197080036e-05	1.0344583426675752e-05	-0.0019165	-0.0001899	-0.0017266	620	31
AAGACTCAGCATTGAA-L8TX_210513_01_C10-1153814241	0.0002436295844447	-0.0001155832792356	0.0003592128636804	7.8666e-05	0.0028648	-0.0027861	691	31
TATTCCAGTCAAGCCC-L8TX_210708_01_F09-1153814281	2.193630941922666e-05	-3.174479395922355e-05	5.368110337845021e-05	0.00093358	-0.00040296	0.0013365	731	34
GTTGTGAGTTGTAGCT-L8TX_210429_01_H02-1142430403	0.0001346082096546	0.0001141357374562	2.0472472198417184e-05	0.00019361	0.0028619	-0.0026683	811	31
AAGACAACACATAACC-L8TX_210729_01_G12-1153814338	8.46010694470324e-06	-0.0005457397541396	0.0005541998610843	0.0002688	-0.001393	0.0016618	793	30
ATCGTAGTCCCTCATG-L8TX_210715_01_E05-1153814273	0.0001381517448728	0.0013814027489895	-0.0012432510041166	0.0011266	0.00093804	0.00018856	1020	35
AGGAATACAGTCGCTG-L8TX_210923_01_G06-1153814375	0.0001048713246967	5.505069117862162e-06	9.936625557886616e-05	0.00021765	0.0022453	-0.0020277	911	32
TCTTCCTTCTGAGGCC-L8TX_210107_02_F12-1142430369	0.0002519709426342	-0.0001858583698312	0.0004378293124655	6.7697e-05	-0.00074937	0.00081707	614	38
CTCATCGAGTTGAAGT-L8TX_210715_01_C05-1153814293	9.097211553705044e-05	-0.0003105544405558	0.0004015265560928	0.0014254	-0.0036191	0.0050445	1018	30
TATATCCTCGCAGTCG-L8TX_210506_01_A09-1153814215	-0.0002403768088979	-3.415503436109761e-05	-0.0002062217745368	0.0027803	-0.001975	0.0047553	728	42
GTCTTTACACCCTAAA-L8TX_210513_01_G11-1153814261	-0.0004691978178875	0.0002290717696895	-0.000698269587577	0.0013873	0.0016412	-0.00025383	1329	33
TGAGTTTCACGAATCC-L8XR_211021_02_E08-1138433803	-2.2503307110786496e-05	0.0003741844931995	-0.0003966878003103	-0.0012519	0.001444	-0.002696	617	31
CGGAATCGTGCATTAG-L8XR_210812_01_E11-1126220036	0.0004868266804162	-0.000128761716018	0.0006155883964343	0.0021672	0.0026322	-0.00046505	522	38
TCGCAGGTCTAAACGC-L8TX_210729_01_F12-1153814344	0.000139590124933	2.918601224339453e-05	0.0001104041126896	0.00070172	0.00088728	-0.00018557	912	32
CCGATCTTCTGAGATC-L8TX_201015_01_G03-1153814149	2.9167479650024672e-05	0.0001409125856592	-0.0001117451060092	0.00071316	0.00030178	0.00041138	573	34
TCATTCAAGTACCGGA-L8TX_210701_01_B07-1153814269	-0.0004324353318255	-0.0001120532981946	-0.0003203820336309	-0.0027294	0.0017137	-0.0044432	485	32
GATCGAGCACTTAACG-L8XR_210715_01_D12-1121747486	0.0001878937241949	0.0002061095090808	-1.821578488584349e-05	0.0019511	0.0015636	0.00038747	508	32
TCGGGTGTCCGATAAC-L8TX_210805_01_B03-1153814324	0.0001597774784339	4.409444011697344e-05	0.0001156830383169	0.0044106	0.00076435	0.0036463	1148	32
TCCATCGGTGCGTGCT-L8TX_210422_01_C02-1153814198	0.0002048581862616	-0.0004493764169299	0.0006542346031916	0.0041302	0.0014734	0.0026568	637	41
GTTGTGAGTCTATGAC-L8TX_201030_01_F12-1142430343	5.938294375346509e-05	1.8351730941288772e-06	5.754777065933621e-05	-0.0016721	0.00041931	-0.0020914	626	37
TTAAAGGCATAAACCT-L8XR_210729_01_B09-1122543706	0.0004214853466739	-5.093613008366418e-05	0.0004724214767576	0.00013142	0.0024763	-0.0023449	1287	30
GTGTGATCACACCGCA-L8TX_210708_01_E09-1153814283	-4.324797066031413e-05	-9.970930967257364e-05	5.6461339012259495e-05	0.0043552	-4.9402e-05	0.0044046	1178	32
AGGCCACTCCTGGGAC-L8TX_210325_01_F08-1142430394	-2.854802997639443e-05	2.5278377016258396e-05	-5.382640699265282e-05	0.00042513	0.00045734	-3.2211e-05	1626	39
TACGGGCCATCTGCGG-L8TX_201106_01_B04-1142430350	-0.0001035984545602	-0.0001071684854827	3.5700309225177555e-06	0.00039135	0.00019099	0.00020036	1090	36
CATTGTTCAATTGCAC-L8TX_210722_01_B08-1153814305	3.0055901348637865e-06	-0.0002555174027784	0.0002585229929133	-0.0014875	-0.0028004	0.001313	780	31
CCTCAGTGTGCTATTG-L8TX_210506_01_C08-1153814224	0.0003078710634501	-9.717091336663206e-05	0.0004050419768167	-0.0029414	0.0035051	-0.0064464	585	30
ATCACGAGTCACTTAG-L8TX_210826_01_A06-1153814366	-0.0006981217295541	0.0010775077029743	-0.0017756294325285	0.0010977	0.0010114	8.6256e-05	565	32
TATTTCGTCAGGAACG-L8TX_210729_01_G12-1153814338	0.0003151950044472	0.0001161729075173	0.0001990220969299	0.001634	-0.0017223	0.0033563	772	34
TGCAGGCGTTCGGTAT-L8TX_210930_01_E03-1153814379	-9.180019423902674e-06	-5.493874082543638e-05	4.57587214015337e-05	-0.0012947	-0.00078642	-0.00050831	780	32
TCGTAGACATGGAGAC-L8TX_210318_01_D05-1142430392	0.0001084502130305	-0.0001767933248273	0.0002852435378578	-0.00048984	0.00057501	-0.0010649	704	32
GATTGGTAGCAGTAAT-L8TX_211021_01_C04-1153814392	-6.519730838683306e-06	6.033331866230306e-05	-6.685304950098636e-05	0.0017311	0.0017857	-5.4573e-05	644	33
AATCGACGTGGTATGG-L8TX_210318_01_D05-1142430392	-8.049731586633524e-07	3.482867073298058e-05	-3.563364389164394e-05	-0.0015397	0.0017727	-0.0033124	1110	32
TCTGCCAAGACCATTC-L8TX_211111_01_C10-1153814394	0.0001058026466932	-3.3608694602212506e-05	0.0001394113412955	-0.0016553	0.00060114	-0.0022565	1000	34
ATGGGTTCAACCACAT-L8TX_210513_01_F10-1153814253	0.0001403532528473	0.0001681474589152	-2.779420606796284e-05	-0.0019005	0.0025401	-0.0044406	1033	30
TCTTGCGGTAGCTGCC-L8TX_210722_01_G08-1153814336	7.319842211424499e-05	-7.584253406187371e-06	8.078267552043236e-05	-0.00058689	-0.001632	0.0010451	870	37
GTGGCGTTCCACGTGG-L8TX_210805_01_B03-1153814324	-0.0007843883451499	-3.1732063420840906e-05	-0.0007526562817291	-8.7941e-05	-0.00066414	0.0005762	863	37
GCAGTTACAAACTAGA-L8TX_210708_01_C09-1153814271	-0.0001264908049748	-0.0004351444242061	0.0003086536192312	-0.0023378	0.0040824	-0.0064202	395	29
TGGTTAGGTACGTGAG-L8TX_210430_01_C04-1142430413	-5.738902318221936e-05	-3.40698966145038e-05	-2.331912656771556e-05	-0.0017407	0.00015557	-0.0018962	799	31
CTCCACACAGTGTGGA-L8TX_210923_01_G06-1153814375	-0.0004784595593738	0.000450769437766	-0.0009292289971399	0.00031166	0.0047423	-0.0044306	621	33
AATCGACAGACGACGT-L8TX_201030_01_F12-1142430343	-0.0001165464093928	-0.0001640737723552	4.752736296242064e-05	-0.00075227	-0.0010083	0.00025604	568	36
ACTCTCGGTTGTTGAC-L8TX_210318_01_G04-1153814166	0.0001413787519802	0.000166389555399	-2.5010803418783656e-05	-0.00034599	0.0013018	-0.0016477	667	30
GTGGAAGTCGCGTCGA-L8TX_210513_01_C09-1142430429	0.0001966570326084	0.0001166268367151	8.003019589327689e-05	-0.00048304	-0.0010426	0.00055954	895	34
CGGGTCAAGTAAGACT-L8TX_210506_01_H08-1153814228	0.0002904850119158	3.684881977798764e-05	0.0002536361921378	-0.0016861	0.0049678	-0.0066539	520	32
TAAGCGTTCGCCAGAC-L8TX_210107_02_F12-1142430369	0.0001079340684718	0.0001145777036421	-6.643635170329823e-06	-0.0025464	0.0042677	-0.0068142	424	33
AGGGTCCTCAGCGGAA-L8TX_210826_01_G05-1153814361	0.0002229601302273	-0.000356358957529	0.0005793190877564	0.0011895	0.0037186	-0.0025291	761	32
CCGGTAGCAGGTCCCA-L8TX_210722_01_G07-1153814308	-0.0002311164025653	-3.482389237230128e-05	-0.000196292510193	-0.0015405	-0.0019019	0.00036135	1063	34
CAGCTATAGGTAGCTT-L8XR_210722_01_D08-1122543703	0.0003744690981313	4.047566243771302e-05	0.0003339934356936	0.0043395	0.00027612	0.0040634	790	29
TCAGCCTCAAACACCT-L8TX_210729_01_D12-1153814314	0.0004132894159646	0.0004596654626746	-4.637604670995458e-05	0.0010186	-0.0011546	0.0021732	874	33
CACAACATCGCATGAT-L8TX_210429_01_H02-1142430403	0.000210084217256	7.937966046194121e-05	0.0001307045567941	0.00073855	-0.0021061	0.0028446	1393	32
ATTGGCTAGTTTCCTG-L8XR_211021_02_E08-1138433803	-0.0002126187529698	0.0001046964219415	-0.0003173151749114	0.0044372	-0.0041235	0.0085607	1283	32
CTGTGAACAAGTGCAG-L8TX_210701_01_H06-1153814265	6.749486731026034e-05	0.0001518717184789	-8.437685116867319e-05	-0.00087605	-0.00071366	-0.00016239	993	30
CGTAGTAGTACTGACT-L8TX_201217_01_G06-1142430354	0.0001312102778985	0.0001456303064232	-1.4420028524705156e-05	0.00042091	6.1027e-06	0.00041481	711	43
CGGGTGTAGAGGCGTT-L8TX_210729_01_D12-1153814314	-4.538460023264226e-06	-0.0001078016572701	0.0001032631972469	0.0010625	0.00044445	0.0006181	828	31
ATCCACCGTGCGACAA-L8TX_210825_01_F12-1153814357	-9.99545038749075e-05	-0.0001574866969295	5.7532193054593976e-05	0.00085113	0.0047179	-0.0038668	734	35
CACTTCGAGAACAAGG-L8TX_210715_01_B05-1153814290	-9.085158016428972e-06	-0.0001027007805403	9.361562252387323e-05	0.0023555	0.0029986	-0.00064311	827	29
ATGGGTTGTGTGGACA-L8TX_210812_01_C10-1153814352	-7.114690076107742e-05	-0.0001228770422459	5.173014148490942e-05	0.00057503	-0.00042642	0.0010015	705	33
CGCAGGTGTAGGTAGC-L8TX_210513_01_H10-1153814232	0.000421693353071	0.0011267503773024	-0.0007050570242314	0.00043191	0.00082716	-0.00039524	927	30
TAGACCAAGAGTTCGG-L8TX_210521_01_D05-1142430443	9.710619935817668e-05	-0.0001255238731534	0.0002226300725116	-0.0017765	0.0016346	-0.0034111	563	30
AGTTTGATCACTAATG-L8XR_210902_02_D08-1131257170	-1.3438655394184396e-05	0.0001941297750104	-0.0002075684304046	0.00057394	0.001728	-0.0011541	1147	31
AAAGGTAAGGTCGACA-L8TX_210826_01_D06-1153814373	8.698089585180932e-05	-0.0002066448210435	0.0002936257168953	0.00047892	0.00082274	-0.00034382	1516	36
TACCCACGTGGTCTAT-L8TX_210107_02_B12-1142430363	0.0001483555059398	0.0002207675739152	-7.241206797531461e-05	0.0013086	0.002562	-0.0012535	560	33
GGGACCTAGGATTCCT-L8TX_210715_01_E05-1153814273	-0.0004343752699554	8.460529058910109e-05	-0.0005189805605445	0.0014912	-0.00071416	0.0022054	731	30
AAATGGCCATGATTGT-L8XR_211007_02_G03-1135704088	7.626638577526525e-05	-5.453212283982241e-05	0.000130798508615	0.0021275	0.0013293	0.00079821	838	31
CCGCTAAAGGTGAGAC-L8XR_210902_02_B08-1131257169	-7.205575555184961e-05	0.0012149156500607	-0.0012869714056126	0.0047423	0.00060017	0.0041422	739	30
GGTAACTTCTGCTAGA-L8TX_210513_01_G11-1153814261	0.0003946875989141	0.0005645296107692	-0.0001698420118551	0.0016366	-1.836e-05	0.0016549	678	31
GGGCTCAAGGTAATCA-L8TX_210722_01_D08-1153814330	0.0003739242875199	5.807910040482527e-05	0.000315845187115	0.0018155	0.00071302	0.0011025	1068	30
CTGTGAACAGTCGCTG-L8TX_210422_01_C02-1153814198	4.813484293501254e-05	5.245420220176253e-05	-4.319359266749993e-06	-0.00020939	-0.00081392	0.00060453	716	34
TCCCACAAGAGGTGCT-L8TX_210701_01_E07-1153814263	5.671505323530165e-05	2.429670522857301e-05	3.241834800672864e-05	9.5164e-05	0.00067257	-0.0005774	1122	31
GTTCATTTCATCCTGC-L8XR_210805_01_H09-1124629228	-9.515690056731416e-05	-0.0001471865218193	5.20296212520174e-05	0.0040264	0.0051635	-0.001137	1008	32
CACCGTTCACTTCAGA-L8TX_210318_01_E04-1153814164	5.544472334458311e-05	-0.0004113740401312	0.0004668187634758	0.0012564	0.00097376	0.00028266	644	32
GGTTAACCAAGTATCC-L8TX_210430_01_C04-1142430413	-0.0001024628462442	-2.3682080840668928e-05	-7.878076540355521e-05	0.00045162	-0.0021603	0.0026119	460	34
TATTCCACAACGGTAG-L8TX_210805_01_B04-1153814348	0.0001555987070164	-0.0001894498106069	0.0003450485176234	-0.00073584	-0.00046128	-0.00027456	608	31
AATCGTGTCCTACCGT-L8TX_210826_01_C06-1153814371	0.0001211478321245	-1.5824429172809734e-05	0.0001369722612974	0.00079331	0.0023203	-0.001527	931	32
GGACGTCTCACACGAT-L8TX_210318_01_E04-1153814164	4.65314037215906e-05	-0.0002555289584369	0.0003020603621585	-0.00061558	0.00055506	-0.0011706	626	33
GAACTGTGTCCAGGTC-L8TX_210722_01_F08-1153814334	-2.3306424878586747e-05	-0.0002331592670041	0.0002098528421255	0.0010263	0.0012947	-0.00026837	654	33
TGAATCGGTCTTAGTG-L8TX_210715_01_C05-1153814293	-8.074664734123442e-05	0.0001546636700903	-0.0002354103174316	0.0017784	0.0044468	-0.0026684	1067	31
GGTAAACCAAGGGTTG-L8XR_211021_02_G06-1138433804	0.0002251101224571	-0.0001875792914884	0.0004126894139455	0.0035761	-0.0013057	0.0048818	1027	32
CGTGAGGAGTCTATGA-L8XR_210812_01_E11-1126220036	5.30791614503493e-06	2.458721163587352e-05	-1.9279295490838588e-05	-0.0020905	0.0028364	-0.0049269	643	31
CCTCAACTCTTAGCAG-L8TX_210430_01_E05-1142430422	0.0006953329568742	0.0001119258620223	0.0005834070948519	0.0026033	-0.0021471	0.0047504	599	33
TAACCAGAGAAATGGG-L8TX_210513_01_G09-1142430433	0.0002303170472944	8.958189180989016e-05	0.0001407351554845	-0.0025798	0.00031124	-0.002891	710	36
CAAAGAAGTTAAACCC-L8TX_201015_01_G03-1153814149	-0.0004834995304505	3.604593503580766e-05	-0.0005195454654863	0.0017783	0.0037166	-0.0019383	690	33
GCAGGACCATACTCCT-L8XR_211021_02_G06-1138433804	-0.0002451088345935	0.000368723060595	-0.0006138318951885	1.5107e-05	-0.00052191	0.00053702	1290	29
TGCGGCAGTGATTAGA-L8TX_210429_01_B03-1153814206	0.0001257023630552	0.0001557360748709	-3.0033711815731035e-05	0.00092365	-0.0024179	0.0033415	591	30
TGAGCATAGAACAAGG-L8TX_210701_01_H06-1153814265	-1.841622956499177e-05	-0.0001252114704615	0.0001067952408965	0.00038615	0.0015217	-0.0011355	1204	37
CCCTCTCAGGGAGGGT-L8TX_210701_01_E07-1153814263	4.782287447709623e-05	0.0003674856806367	-0.0003196628061596	-0.00091443	-0.00042791	-0.00048652	1127	32
TGAATCGAGACGATAT-L8TX_210930_01_F03-1153814381	-6.658340800661836e-05	9.136879034610842e-05	-0.0001579521983527	-6.8609e-05	-0.00080624	0.00073763	530	30
CATTGTTTCACAAGAA-L8TX_210826_01_G05-1153814361	-2.372019137001363e-05	-0.0001405364222325	0.0001168162308625	-0.00011993	0.0020447	-0.0021646	555	32
CTTCAATTCCAAGCCG-L8TX_210415_01_G01-1153814188	0.0005021211801265	-0.0002861189799493	0.0007882401600758	-0.0014004	0.0003225	-0.0017229	506	38
TCGCGCACACTCGCTC-L8XR_210812_01_E11-1126220036	-0.0002584677573399	0.000174355999178	-0.0004328237565179	0.0022849	0.0014592	0.00082571	766	29
GTGTGATAGTCACTCA-L8TX_210429_01_B03-1153814206	8.420999833538376e-05	0.0001507763050848	-6.65663067494293e-05	-2.1518e-05	-0.0028253	0.0028037	560	31
TCAGTTTTCGCTAGCG-L8TX_210708_01_E09-1153814283	0.0003786988149156	-0.0001093539923993	0.000488052807315	0.0023355	-0.00085159	0.0031871	601	34
TTCTTCCCACAACCGC-L8TX_210506_01_E08-1153814230	0.000314755994986	-0.0001104801455425	0.0004252361405286	0.0031798	-0.00070015	0.00388	2059	35
GGTGTTAGTAGTCACT-L8TX_210430_01_B04-1153814208	0.0001101522770187	-0.0001815677913664	0.0002917200683852	-0.00039711	0.002013	-0.0024101	537	29
ATGTTCAAGCCTTAAA-L8XR_211021_02_E08-1138433803	-0.0006549335579759	-0.0008026297240702	0.0001476961660943	0.0022204	-0.0032091	0.0054295	1123	32
AAGCCATCAGAGTGTG-L8TX_210514_01_G12-1142430439	0.0005165854080831	6.610948414092737e-05	0.0004504759239422	0.0021636	-0.0040178	0.0061814	661	42
CAACTAGGTTTATTCG-L8XR_211021_02_E08-1138433803	-0.0001660492313246	-0.000197611346741	3.156211541640428e-05	-0.0013055	0.00045654	-0.001762	927	32
ATCCACCTCATTGCGA-L8TX_210825_01_E12-1142292445	0.0004035330873721	-0.0004147678205882	0.0008183009079603	-0.0023582	-0.0012102	-0.0011481	798	29
CTCCCAAAGACCATAA-L8TX_201029_01_D11-1142430229	-5.993065705358087e-05	-0.0001435937483765	8.366309132300386e-05	-0.00051721	-0.0014186	0.00090144	888	30
CGTAAGTCACTACCCT-L8TX_210429_01_H02-1142430403	0.0003321682962315	-3.462016391942604e-06	0.0003356303126235	-0.0015847	-0.0020589	0.00047419	488	34
GATGTTGGTCCGCAGT-L8TX_210513_01_G09-1142430433	0.0001384296759858	-0.0001755644204279	0.0003139940964137	-0.0010658	-0.0003825	-0.00068334	1143	37
TGACGCGTCTATTCGT-L8TX_210805_01_A04-1153814346	2.2943572767974865e-05	-1.91056736679866e-05	4.204924643596146e-05	0.00049151	-0.0013919	0.0018834	616	32
TACTGCCAGCCGATTT-L8TX_210722_01_B08-1153814305	-0.00013121773447	3.652469586203375e-05	-0.000167742430332	-0.0023925	0.0019345	-0.004327	827	30
GTTGCGGGTCTCACGG-L8TX_210226_01_A12-1142430380	7.63819276802478e-05	-6.529186039881312e-06	8.291111372012912e-05	0.00029574	0.00018335	0.00011238	1251	33
GCCATTCTCCTGTTGC-L8TX_210318_01_D05-1142430392	0.0004619050398943	-0.0003893800006898	0.0008512850405841	-0.0010938	0.0013456	-0.0024394	750	35
AGGACGACACCCTGTT-L8TX_210513_01_H09-1142430435	-9.796027264500448e-05	0.000622245617501	-0.000720205890146	8.3686e-05	0.0027934	-0.0027097	1057	31
ACCAACAAGTAACGTA-L8TX_210430_01_H04-1142430420	0.000202830267008	-0.0001876072739115	0.0003904375409195	-9.8919e-05	0.00085471	-0.00095363	1063	34
TCGTGCTAGACATAAC-L8TX_210107_01_H09-1142430361	-0.0001222932406285	0.0001567540726964	-0.000279047313325	-0.0010745	0.0019487	-0.0030232	780	34
ATACTTCTCAGCTTGA-L8TX_201015_01_G03-1153814149	6.877266430993943e-05	-0.0001593090668073	0.0002280817311173	0.0029551	-0.00020536	0.0031605	754	35
TCATTGTAGGACAGTC-L8TX_210826_01_A06-1153814366	-0.0004082940329236	-2.609280176432413e-05	-0.0003822012311593	0.00077647	-0.00025746	0.0010339	592	32
TGCTTCGGTACTAACC-L8TX_210923_01_H06-1153814377	-0.000245415237211	-7.419380811304692e-05	-0.000171221429098	0.0009639	-0.0014932	0.0024571	474	35
TGTGGCGGTTGGCCTG-L8TX_210722_01_G07-1153814308	2.592334234470704e-05	-5.287975324724744e-05	7.880309559195447e-05	-0.00015654	0.0020059	-0.0021624	647	31
TATATCCTCGTTCAGA-L8TX_211021_01_C04-1153814392	-3.3362605480382686e-05	-0.0001084363409176	7.507373543727704e-05	0.000555	0.0056373	-0.0050823	540	35
TCCTTCTCACCATAAC-L8TX_210729_01_F12-1153814344	6.48406580758053e-05	5.999614075392982e-05	4.8445173218754784e-06	0.0034831	-0.0017454	0.0052286	681	30
TGCTTCGGTGCATTTG-L8TX_210930_01_E03-1153814379	-0.0002823973110214	-0.0002257511310436	-5.664617997773512e-05	-0.001411	-0.0018746	0.00046366	829	30
CATTCCGGTCGCACGT-L8TX_210729_01_E12-1153814342	0.0003571522469074	-0.0004184384702257	0.0007755907171332	0.0011454	0.0020577	-0.00091236	646	34
AAGAATCAGGGTTAGA-L8XR_211014_02_H05-1136687627	0.0001103405648263	9.470741858684991e-05	1.5633146239496862e-05	0.00018609	0.00073601	-0.00054992	506	32
AGCGCCATCTTAAGGC-L8TX_210722_01_G07-1153814308	0.0002451320999546	6.046559529812193e-06	0.0002390855404248	-0.00083162	-0.003234	0.0024024	464	31
CTCTGGTAGTCGGCAA-L8TX_210325_01_F08-1142430394	-0.0001213182917021	-0.0002458761802243	0.0001245578885222	0.00026685	-0.0031941	0.0034609	1130	30
GCTTTCGTCTCGCTCA-L8TX_210715_01_E05-1153814273	0.0002114447991353	-4.329991209638031e-05	0.0002547447112317	-0.00075917	0.0022968	-0.003056	795	31
GATGGAGGTAATTGGA-L8TX_210513_01_F09-1142430431	-3.932326971985806e-05	7.297925961400059e-05	-0.0001123025293338	0.0021405	-0.00017882	0.0023194	544	35
ACGATCATCGTTATCT-L8TX_210722_01_H06-1153814299	5.426041584648324e-05	0.0001384662524151	-8.420583656866735e-05	-0.0031128	5.5032e-06	-0.0031183	1333	28
TGCAGTACAATGAACA-L8TX_210521_01_D05-1142430443	-0.0003982842907208	-0.0001001791837237	-0.000298105106997	-0.00074241	0.0058017	-0.0065441	666	30
GCCTGTTTCTGAGATC-L8TX_210513_01_G09-1142430433	-0.0004779277538653	-0.00022915150784	-0.0002487762460252	0.0032868	-0.0039469	0.0072337	1024	38
TGAGCATAGCTCTTCC-L8TX_210826_01_D06-1153814373	7.50798620939065e-05	-0.0002642007536134	0.0003392806157073	-0.0017229	-0.0012466	-0.00047628	1287	35
CTCCACAGTATTTCGG-L8TX_210812_01_A10-1153814350	6.265573949448163e-05	2.787837372114916e-05	3.477736577333248e-05	0.0016335	0.0036196	-0.0019861	541	35
CATTGAGTCTAGGCCG-L8TX_201217_01_B08-1142430356	-0.0002316617710522	-0.0001804510021586	-5.121076889352748e-05	0.0010336	-0.0019097	0.0029433	813	38
AATCACGAGTAGACAT-L8TX_210325_01_F08-1142430394	0.00013939974591	-0.0001471327976579	0.0002865325435679	0.0034471	0.00029344	0.0031537	862	30
TGTTACTTCGAACCAT-L8TX_210415_01_H11-1153814192	7.990324141933134e-05	-7.41634240155611e-05	0.0001540666654348	0.00084939	-0.00070299	0.0015524	621	32
GGTCTGGCACGCTGTG-L8TX_210513_01_E09-1153814234	5.759198278976317e-05	0.0001759284324649	-0.0001183364496751	-0.0024314	0.0026146	-0.0050461	459	35
GACGTTAGTATCGCAT-L8TX_210708_01_D09-1153814279	0.0001101198901539	0.0001736189648563	-6.349907470236232e-05	0.0013686	0.0021436	-0.00077503	502	32
GACTATGAGCCTCATA-L8TX_210514_01_G12-1142430439	-0.0001061238247745	6.626335148735402e-05	-0.0001723871762618	0.0020324	0.00033507	0.0016973	782	44
TGGGAAGTCACATCAG-L8TX_210701_01_H06-1153814265	-0.0002756298358897	-0.0002111592240841	-6.447061180561462e-05	-0.0017731	0.00028513	-0.0020582	921	29
GCTGCAGCAGACTGCC-L8TX_210722_01_B08-1153814305	-8.830192499434788e-05	2.4953906859466955e-05	-0.0001132558318538	0.0016719	-0.0017163	0.0033882	872	31
GCTGGGTTCTGCCCTA-L8TX_210401_01_B09-1153814174	-0.0001033135873985	-0.0003183732487287	0.0002150596613302	1.7363e-05	0.00041968	-0.00040232	485	33
GGTCTGGTCTCTCTTC-L8TX_210513_01_F09-1142430431	-0.0006823066576011	-0.0004080827720658	-0.0002742238855352	0.00096031	-0.0045612	0.0055215	496	31
ATTACTCCAGGCGTTC-L8TX_210401_01_C09-1153814178	0.0001719332856156	5.307107975174878e-05	0.0001188622058639	-0.001025	-0.00051543	-0.00050962	765	34
AACGGGAAGAGTACCG-L8TX_210430_01_E05-1142430422	-1.936833854729853e-05	0.0002975576447559	-0.0003169259833032	-0.0020367	0.00076911	-0.0028058	788	32
TGAGGAGAGTAATTGG-L8TX_210923_01_G06-1153814375	-0.000124374506304	-6.968531487531809e-06	-0.0001174059748165	-0.0035152	-0.00035105	-0.0031642	500	35
GTTGCTCGTGAGGCAT-L8TX_210722_01_C08-1153814328	0.0001064467665838	-9.394190224208908e-05	0.0002003886688259	0.0022605	-0.0029211	0.0051815	801	35
GAGTTTGGTCACCTAT-L8XR_211021_02_G06-1138433804	4.560586817488603e-05	-2.3870918342557296e-05	6.947678651744332e-05	0.0022228	-0.00018043	0.0024032	840	28
TGTTTGTAGTGCCTCG-L8TX_211111_01_C10-1153814394	0.0002079031326671	-0.000259012499511	0.0004669156321781	-8.1666e-05	-0.00068692	0.00060526	1196	35
CCACCATCACCACTGG-L8TX_210121_01_C03-1142430372	-5.854956176918989e-05	0.0001079361918363	-0.0001664857536055	0.00095628	-0.0029445	0.0039008	640	34
GCATGATAGGTACATA-L8TX_210429_01_B03-1153814206	0.0001702754812511	3.503198691385155e-05	0.0001352434943372	0.0018385	0.0011509	0.00068752	610	29
ACTTTGTAGACTTCCA-L8TX_210506_01_H08-1153814228	-5.408788520291895e-08	0.0001931347195025	-0.0001931888073877	0.0021355	-0.0012892	0.0034247	629	30
TGTGTGAAGATTCGCT-L8TX_210408_01_E10-1153814184	0.000105503671509	5.5896411280419655e-05	4.960726022867604e-05	0.0031407	-0.0017836	0.0049242	676	32
GTTCGCTTCGTCTAAG-L8TX_210826_01_G05-1153814361	-0.0001977699065405	-5.222404138089056e-05	-0.0001455458651596	-0.00089528	0.0010264	-0.0019217	1051	46
CGTAATGAGTTTCGAC-L8TX_210722_01_G07-1153814308	-1.7159652177788638e-05	-3.562500643690534e-05	1.8465354259116705e-05	-0.00055137	0.00017579	-0.00072715	1074	31
AAGACAATCCATAGGT-L8TX_210415_01_G01-1153814188	-7.081846474516557e-05	-0.0001577163318486	8.68978671035175e-05	0.00096638	-0.0026776	0.003644	649	31
GACACGCAGCAACTTC-L8TX_210521_01_F05-1153814247	0.0004443263939232	0.0001857249445444	0.0002586014493788	-0.00020862	0.0014683	-0.0016769	591	32
GGTGATTAGTCCTGTA-L8TX_210812_01_D10-1153814354	-0.0001053372766309	-3.220090597180056e-05	-7.313637065913068e-05	-0.0026878	-3.4197e-05	-0.0026536	738	34
CCGTGCTGTATTGCAG-L8XR_210729_01_B09-1122543706	-0.0003762603126825	0.0001237983153463	-0.0005000586280289	0.001474	-0.00083596	0.00231	539	30
GCTCAAATCAGTCCGG-L8TX_210430_01_C04-1142430413	-8.73408303404397e-05	5.599831786212059e-06	-9.294066212665177e-05	-0.00068656	0.0013405	-0.0020271	645	32
AGGGTTTTCAGGGATG-L8TX_210715_01_E05-1153814273	-4.8431324232472445e-06	-0.000208083854104	0.0002032407216807	0.00075655	0.0022746	-0.001518	779	36
CAGCAATCAGGACAGT-L8TX_210430_01_D05-1142430407	0.0001276975844534	7.933317675876516e-05	4.836440769463653e-05	0.0012945	-0.0016285	0.002923	461	33
TGCATGACAGGACAGT-L8TX_210715_01_F05-1153814275	-4.56822196387478e-05	-2.5487730638626568e-05	-2.019448900012123e-05	-0.00075397	-0.0024249	0.0016709	616	34
CAGGGCTCATTGAAGA-L8TX_210513_01_A10-1153814239	-0.0001892576737591	0.0002588216784899	-0.000448079352249	0.00094205	-0.00075039	0.0016924	712	32
CCAGGATGTTTGCGAA-L8XR_210715_01_A12-1121939868	9.979539055319836e-05	0.0001921370467438	-9.234165619066802e-05	0.0010762	-0.0024555	0.0035317	828	30
TGTTCCGAGTCCGCGT-L8TX_210430_01_D05-1142430407	-7.631819637184463e-05	0.0001014407516662	-0.0001777589480381	-0.0010848	0.00038571	-0.0014705	1249	55
AGGTCATGTAGAGCTG-L8TX_210430_01_C04-1142430413	-0.0001634830789176	-3.507768584713763e-05	-0.0001284053930704	-0.0006055	-0.0028611	0.0022556	679	33
ACTGTCCGTACAAGCG-L8TX_210521_01_D05-1142430443	-1.147683568168498e-05	-5.865805792187161e-05	4.718122224018663e-05	-0.0025649	0.00042855	-0.0029934	1052	29
GCTAGTGTCCAATTAG-L8XR_211007_02_C04-1135704089	0.0001323065057099	-0.0002186610852858	0.0003509675909957	-0.001117	0.00015518	-0.0012722	683	36
AGACACTGTGACACGA-L8TX_210107_02_F12-1142430369	-8.579028526545198e-05	2.206709575108124e-05	-0.0001078573810165	0.0017594	0.00034269	0.0014167	577	36
TCGAACATCGGACTGC-L8TX_210521_01_C05-1142430441	-1.5214153045626316e-05	0.0001777145100772	-0.0001929286631229	-0.00017648	-0.00039652	0.00022004	931	32
GACCCAGCAATATCCG-L8TX_210513_01_A11-1142430445	0.0003347176083013	7.443489609413773e-05	0.0002602827122072	0.00074555	0.00077908	-3.3527e-05	565	36
TGCGACGTCGTGACTA-L8TX_210513_01_B11-1142430447	0.0001774147993367	-1.1420843294284642e-05	0.000188835642631	0.0025449	-0.0016285	0.0041734	764	32
TGTTACTTCAAGAGGC-L8TX_210430_01_G05-1153814200	-0.000198246784534	-0.0002203239791616	2.2077194627530467e-05	0.0023797	-0.0021017	0.0044813	748	35
CGTGATACACCATAAC-L8TX_210318_01_D05-1142430392	0.000287353759229	-1.7286817081621598e-05	0.0003046405763106	-0.00019286	0.00040275	-0.00059561	688	30
GCCCGAATCCGGCTTT-L8TX_210311_01_D03-1153814157	6.71088838755276e-05	-3.741702284478144e-05	0.0001045259067203	-0.00038918	0.00035855	-0.00074773	1103	32
GTAGAAACAAACGGCA-L8TX_210805_01_A04-1153814346	4.734452759698294e-05	0.0001139657271519	-6.662119955493315e-05	0.0026592	-0.00079253	0.0034517	739	33
GGTGATTCAGGTCCGT-L8TX_210514_01_G12-1142430439	-9.079024647052744e-05	3.366824076861706e-05	-0.0001244584872391	-0.00010832	-0.0003862	0.00027788	535	32
ATCGCCTGTTGCTAGT-L8TX_210506_01_B09-1153814245	1.9742816218269048e-05	-0.0001373928472056	0.0001571356634239	0.0019801	-0.0034526	0.0054327	722	33
TGCTGGATCCTAGTCC-L8XR_210812_01_A12-1124987483	-0.0003809338918994	0.0001711210733766	-0.0005520549652761	0.00066298	-0.00012612	0.0007891	633	37
TGCTGAATCGACCATA-L8TX_210318_01_G04-1153814166	-3.880207094493045e-05	-4.757254201340989e-06	-3.404481674358946e-05	0.00028551	-0.00056738	0.00085288	495	33
AGAGCCCAGCGCCCAT-L8TX_210401_01_F09-1142430399	-9.243186064808364e-05	7.656443317330217e-05	-0.0001689962938213	0.0022384	0.0035323	-0.0012939	579	32
TCTTAGTCATGAATAG-L8TX_210708_01_D09-1153814279	0.0003597692074611	-0.0009066567122419	0.001266425919703	0.0013635	0.00024928	0.0011142	659	37
TACACCCGTTGCGGAA-L8TX_210429_01_H02-1142430403	6.715225278049922e-05	-0.0002535249779362	0.0003206772307167	0.00014135	0.0030488	-0.0029075	1070	34
CTAAGTGTCTACACTT-L8TX_210812_01_C10-1153814352	-0.0001558720209466	-0.0005396963802969	0.0003838243593502	-0.0012571	-0.0031249	0.0018679	581	30
TGATTTCGTTGAAGTA-L8TX_210226_01_A12-1142430380	0.0001477049452887	-4.090052478385522e-05	0.0001886054700726	0.0024103	-0.0020433	0.0044536	470	36
CTTCAATCAGAAATTG-L8TX_210715_01_E05-1153814273	3.902218171540205e-05	0.0001022789593904	-6.325677767499925e-05	0.0025258	-0.0016037	0.0041295	599	32
ATCGTAGGTAAGCTCT-L8TX_210311_01_D03-1153814157	-2.7284995430407785e-05	-0.0005188218136241	0.0004915368181937	0.00049493	-0.0023018	0.0027968	630	33
AACCTGATCCTGTTGC-L8TX_210729_01_E11-1153814310	9.50927081517308e-06	-0.0005823341906616	0.0005918434614767	0.0040631	0.0019268	0.0021363	649	30
CGGCAGTCATGTGCTA-L8TX_210729_01_D12-1153814314	3.984255549983259e-05	5.680487959862043e-05	-1.6962324098787837e-05	0.0017445	0.0024289	-0.00068441	692	32
TACATTCGTATTAAGG-L8TX_210513_01_H09-1142430435	3.138898309201032e-05	4.6868489788354655e-05	-1.547950669634434e-05	-0.0023552	0.0023411	-0.0046963	590	32
GGGTCACTCTCGACCT-L8TX_210430_01_F04-1142430405	0.0001702050615339	-6.467854821150784e-05	0.0002348836097454	0.00037083	0.003633	-0.0032621	616	30
TCATTCACATACAGGG-L8TX_210506_01_C08-1153814224	-4.353748789310222e-05	-0.0002276349921825	0.0001840975042894	-0.00076036	-0.0029093	0.0021489	730	33
TCACAAGGTATGACAA-L8TX_210318_01_B05-1153814162	-1.7297973050428905e-05	-0.0001025687429164	8.527076986599629e-05	0.0032513	-0.001072	0.0043234	1067	32
ATTGTTCGTCAACACT-L8TX_201030_01_B12-1142430231	0.0001865254448064	3.566029487556599e-05	0.0001508651499308	0.0011711	-0.001685	0.002856	536	31
TCTCCGAAGTTGGGAC-L8TX_211021_01_B04-1153814390	-4.378707774581008e-05	0.000193179404693	-0.0002369664824388	-0.00062649	0.0031643	-0.0037908	1065	31
TGAGTCACATTGTCGA-L8TX_210429_01_E03-1142430418	-0.0002973788576542	-0.0001419034847064	-0.0001554753729477	-0.0034533	-0.001761	-0.0016923	590	31
CTCTCAGGTTGCCGCA-L8TX_210430_01_E05-1142430422	8.052190431179337e-05	0.0002357044252232	-0.0001551825209114	0.001175	0.00039916	0.00077586	927	30
GTCGCGAAGGAACATT-L8TX_210514_01_G12-1142430439	8.199308936885312e-05	4.493255644949884e-05	3.706053291935428e-05	-0.00090434	0.0033835	-0.0042878	539	34
GCTGGGTAGGGCAACT-L8TX_201119_01_B09-1142430352	-0.0001589105550377	2.9305343071643283e-05	-0.0001882158981093	-0.0015898	0.0014388	-0.0030286	626	29
CATTCATAGGATGAGA-L8TX_210729_01_E11-1153814310	-2.282142778392234e-05	4.074082524316467e-05	-6.3562253027087e-05	0.0020243	-0.0012695	0.0032937	549	31
AGGCAGGTCTCCATAT-L8XR_210729_01_D09-1124629224	-5.75242308189041e-05	2.567367150105927e-05	-8.319790231996337e-05	-8.0785e-05	-0.0010881	0.0010073	768	37
GGATCTAAGAGTATAC-L8TX_210825_01_H11-1142430455	-6.652669456824413e-05	2.1016227826023e-05	-8.754292239426712e-05	-0.00048968	-0.00099527	0.00050559	765	29
TGATCTTAGAAACTAC-L8TX_210506_01_E08-1153814230	-5.2765610622261305e-05	0.0001323525999206	-0.0001851182105429	0.0019799	0.0025799	-0.00060004	1347	36
CTAACTTTCAAGCCGC-L8TX_210506_01_A08-1142430425	-0.0003553401128315	-7.758859030407937e-05	-0.0002777515225274	-0.00049599	0.00022203	-0.00071802	654	31
GTTCTATAGCGCCATC-L8TX_210422_01_C02-1153814198	7.958039383525776e-05	3.466451917940738e-06	7.611394191731702e-05	-0.0013437	0.00085248	-0.0021962	497	35
GGTGTTATCGTGCATA-L8TX_210513_01_C09-1142430429	-1.7707401626863977e-05	-1.865120980100251e-05	9.438081741385336e-07	0.0014078	0.00042898	0.00097887	923	30
CAGCAGCTCCTCGATC-L8TX_210107_02_C12-1142430365	-2.6348027064148156e-05	-0.0001177213349226	9.13733078585385e-05	0.0069977	0.0032104	0.0037874	567	29
CCAATGAGTATGCGTT-L8TX_201106_01_A04-1142430348	-0.0003332586930103	-0.0001272157853638	-0.0002060429076464	0.001128	-0.0038404	0.0049683	540	30
TCATCCGCATGACTAC-L8TX_210506_01_B08-1153814220	-0.0001462697441817	-8.262524530501225e-05	-6.364449887676981e-05	0.0049375	0.0037601	0.0011774	476	30
CCAATGAGTCGAGTGA-L8TX_210401_01_B09-1153814174	-3.8420290881275184e-05	4.076563628159133e-05	-7.918592716286651e-05	0.0022786	0.00088109	0.0013975	527	33
TCATTGTAGGGCCCTT-L8TX_210429_01_A03-1153814204	-5.5912824109434295e-05	-6.269470808241104e-05	6.7818839729767485e-06	-0.00081278	0.0040042	-0.004817	565	29
GTGCTGGTCAACCGAT-L8TX_210513_01_H10-1153814232	-0.000370924918198	0.0001956497279789	-0.0005665746461769	0.00072561	0.00030134	0.00042426	1299	37
CCAATTTAGCCATTTG-L8TX_210121_01_C03-1142430372	7.959698931482464e-05	-1.861330986810952e-05	9.821029918293416e-05	-0.0014606	-0.00056675	-0.00089381	486	31
ATGATCGCATGAATAG-L8TX_210513_01_G09-1142430433	7.35147629117319e-05	-0.0006556389623207	0.0007291537252325	0.0015724	0.0025817	-0.0010093	855	31
CTGGTCAAGTTAGCCG-L8XR_211014_02_D05-1136687625	-0.000452623583546	-3.4025515406880295e-05	-0.0004185980681391	0.0018194	0.00086818	0.00095124	1020	30
CGTTAGACACCCTAAA-L8TX_210506_01_A08-1142430425	0.0001371653600215	7.98570701092107e-05	5.730828991236033e-05	0.00029388	0.00013653	0.00015735	745	34
ACCATTAAGGTTAGAG-L8XR_210805_01_H09-1124629228	0.0001151328038232	0.0005838342964664	-0.0004687014926432	0.00043149	-0.0022429	0.0026743	604	29
TCCTCCCGTGCAATAA-L8TX_210325_01_A09-1153814172	-9.861789349690482e-05	0.0001024672242197	-0.0002010851177167	0.0018107	0.0057718	-0.0039611	378	33
CTCAGTCAGTGCCGAA-L8TX_210318_01_D05-1142430392	0.0001317030275411	-9.141204189111843e-05	0.0002231150694322	-0.00095552	0.0019733	-0.0029288	591	30
CTTTCGGTCCGATAGT-L8TX_201106_01_B04-1142430350	3.632881066223458e-05	0.000141848271716	-0.0001055194610538	0.0011121	-0.00087312	0.0019852	623	32
GCTAAGTTCTATTGTC-L8XR_211021_02_E08-1138433803	-7.450725319302592e-05	0.0001111528329321	-0.0001856600861251	0.0035246	0.0012753	0.0022493	914	30
GTTACCCGTTTGGCTA-L8TX_210513_01_A10-1153814239	5.186808239577811e-05	6.15102820457756e-05	-9.642199649997484e-06	0.0022302	-0.0017659	0.0039961	666	32
CGAGGAATCTCGTCGT-L8TX_210506_01_B08-1153814220	6.723439567788948e-06	3.4956873595997123e-06	3.2277522081892357e-06	0.00012472	-0.0037399	0.0038647	740	31
CTAGTGAGTAAATTGC-L8XR_210715_01_D12-1121747486	-1.843426456217642e-05	0.000132574833724	-0.0001510090982862	0.00080313	0.0012697	-0.00046656	638	31
GTCACGGGTCCCTGAG-L8TX_210722_01_G08-1153814336	4.959013956073008e-05	0.0002448436584519	-0.0001952535188911	0.0021642	-0.00067126	0.0028354	474	36
TTCTTCCTCCTCACGT-L8TX_210708_01_H09-1153814288	-0.000301908759691	4.535877273562978e-05	-0.0003472675324267	-0.0014787	0.00024013	-0.0017188	785	33
TACGGGCCATGAATCC-L8TX_210430_01_E05-1142430422	0.0001793040419292	0.0004822786997603	-0.000302974657831	0.0010088	0.0002046	0.00080423	913	49
AAGTACCTCGTTCATT-L8TX_210722_01_D08-1153814330	-7.083187066155566e-05	6.102604006498156e-05	-0.0001318579107265	-0.00090542	-0.0026646	0.0017592	683	35
CCGGGTAGTGACTCTA-L8TX_210923_01_H06-1153814377	9.480895386781171e-05	-5.114954014535154e-05	0.0001459584940131	-0.0018152	-8.2051e-05	-0.0017332	550	30
CAGCGTGCACATACGT-L8TX_210506_01_B09-1153814245	-4.5733757592191824e-05	-0.0001151162951645	6.938253757230966e-05	0.00084032	-2.1957e-05	0.00086228	560	33
TCATTCACAAGCACAG-L8TX_210826_01_A07-1142430457	-3.846081112485672e-05	0.0002910930247817	-0.0003295538359066	-0.00064078	0.00070147	-0.0013423	745	34
AGTCACAAGGCATTTC-L8TX_210521_01_D05-1142430443	0.0004789974528261	-0.0005534283887589	0.0010324258415851	0.00019914	0.003399	-0.0031998	668	42
TTTGATCTCGTAACCA-L8TX_210521_01_D05-1142430443	0.0001475861483379	0.0003896472320723	-0.0002420610837344	0.0001143	-0.0032953	0.0034096	978	33
GATTCTTGTACACTCA-L8TX_210923_01_G06-1153814375	-0.0002903190818238	-0.0006910839277782	0.0004007648459544	-0.00090773	0.0010907	-0.0019984	598	33
TGCGATAAGGTGTGAC-L8TX_210923_01_G06-1153814375	-9.178943382089107e-05	0.0001634513081911	-0.0002552407420119	0.0026652	-0.0021364	0.0048016	918	31
TCAGTCCGTATTTCCT-L8TX_210521_01_D05-1142430443	0.0002014625599528	-1.3883663496074555e-05	0.0002153462234489	-0.0023913	0.0012539	-0.0036452	722	31
GTCGCGACACACAGAG-L8TX_211022_01_A04-1153814388	3.4701987248671084e-05	3.030385294933063e-05	4.398134299340455e-06	-0.00043716	0.0010426	-0.0014798	944	32
GACTCTCGTTGTTTGG-L8TX_201016_01_F05-1142430225	0.0001386916730748	-4.952918145026037e-05	0.0001882208545251	-0.0011495	0.00070903	-0.0018585	766	33
ATCTCTATCGAGAGCA-L8TX_210430_01_E05-1142430422	-0.0002389793639007	0.0002332819049143	-0.000472261268815	0.0019448	-0.0028745	0.0048193	774	34
AACCACACAACACGTT-L8TX_210825_01_H11-1142430455	0.0002706077860295	-0.0002164342686277	0.0004870420546572	0.0004475	0.0010083	-0.00056079	614	34
ACTTTCAAGGAGTACC-L8TX_210722_01_F07-1153814303	4.299754732446025e-05	-4.375005624504995e-05	8.674760356951021e-05	-0.0027506	0.00020644	-0.002957	674	35
CTACTATTCACTGGGC-L8TX_210701_01_E07-1153814263	-0.0003560113256325	-9.2165813989339e-05	-0.0002638455116432	-0.00020231	0.0021814	-0.0023837	900	29
CTGCAGGCAGAGGCAT-L8TX_210923_01_G06-1153814375	2.475772247672753e-05	0.0002621065880358	-0.0002373488655591	0.00092213	-9.5453e-05	0.0010176	712	29
AGTTCCCAGCCTGACC-L8TX_210729_01_D12-1153814314	0.0002783667652304	-0.0002050274992274	0.0004833942644579	-0.00098889	-0.0021297	0.0011408	1647	33
CGTGCTTTCTCATAGG-L8TX_210506_01_C08-1153814224	0.0002356241837597	0.0001294574773146	0.0001061667064451	0.00018497	-0.00061124	0.00079621	729	31
TGCAGATGTCACATTG-L8TX_210325_01_A09-1153814172	0.0004290807244043	3.546549224662325e-05	0.0003936152321577	0.0016853	-0.0030823	0.0047675	470	34
TCTTGCGGTAACAGGC-L8TX_210318_01_E04-1153814164	-0.0001429096195056	-2.487457155325228e-06	-0.0001404221623503	-0.00063609	-0.001958	0.0013219	450	36
GGGTGAATCACAACCA-L8TX_210415_01_H11-1153814192	-0.0001108865588359	-7.897426862529743e-05	-3.191229021064371e-05	0.00045191	-0.00024879	0.0007007	730	34
TCACATTGTCACAGAG-L8TX_210506_01_B08-1153814220	3.0762527999298574e-05	1.619065009804532e-06	2.914346298949404e-05	0.0012031	0.0011118	9.128e-05	1090	33
GGGACTCCACTGCTTC-L8TX_210506_01_H08-1153814228	-4.473368017877676e-06	-0.0003144515214737	0.0003099781534558	-0.00040433	0.0032094	-0.0036137	573	32
GGTGAAGAGCGCGTTC-L8TX_210826_01_A06-1153814366	0.0008166869856004	-0.0001728261346153	0.0009895131202158	0.00056221	-0.00078084	0.0013431	626	33
GGATGTTGTATCGCGC-L8TX_210506_01_E08-1153814230	0.0003164601736572	3.8711922807426525e-05	0.0002777482508497	0.0015244	0.001997	-0.00047258	1803	30
GTAGGAGGTACGTGAG-L8TX_210121_01_D03-1142430374	0.0001047327880239	-0.0001764146359807	0.0002811474240046	6.2079e-05	0.0030815	-0.0030194	817	32
GGTTCTCGTCCACAGC-L8TX_210429_01_B03-1153814206	4.223982645535943e-05	-1.567240798464918e-05	5.791223444000861e-05	-0.00056705	-0.00063588	6.8833e-05	504	35
AACCTGATCGCTGATA-L8TX_210521_01_C05-1142430441	-4.008280391258267e-05	0.000580646912042	-0.0006207297159545	0.00026767	-0.001571	0.0018386	865	29
ATTCATCCACAACATC-L8TX_210722_01_B08-1153814305	0.0005544429204632	0.0003411184331684	0.0002133244872948	-0.0010961	0.00025541	-0.0013515	753	31
TCGTAGAGTTATCCAG-L8TX_210701_01_H06-1153814265	8.56893362752638e-05	0.0001338769487915	-4.81876125162586e-05	-0.0020281	0.0024324	-0.0044605	1245	38
GGGACTCTCACTGGGC-L8TX_210319_01_F05-1142430388	0.0002759574189572	-0.0001148633041335	0.0003908207230908	-8.4515e-06	-0.0045586	0.0045501	790	31
CTACGGGAGACGAGCT-L8TX_210825_01_E12-1142292445	-3.0291954954580136e-05	-9.299392456649236e-05	6.270196961191223e-05	0.00058778	-8.312e-05	0.0006709	673	37
GTCTCACTCAACACCA-L8TX_210715_01_F05-1153814275	5.474600968963751e-05	0.0003404434140639	-0.0002856974043743	0.002546	-0.00041542	0.0029614	599	30
GCGTGCACATGTCGTA-L8TX_210318_01_G04-1153814166	3.450825938806103e-05	0.0003635026738304	-0.0003289944144424	0.0014001	-0.00066203	0.0020621	897	32
CCCTGTTAGCTGCACA-L8XR_210812_01_A12-1124987483	-0.0003080995109341	-3.639750750856384e-05	-0.0002717020034255	0.002267	-0.00056431	0.0028313	733	30
ATACCTTGTCCTATAG-L8TX_210729_01_G12-1153814338	-0.0002807521275353	-0.0003272183605224	4.646623298713712e-05	0.0028124	0.00017762	0.0026348	741	30
AGGAGGTTCTAAACGC-L8TX_210513_01_A10-1153814239	2.7565893642092367e-05	-0.0002716108300734	0.0002991767237155	0.0012387	0.001154	8.4678e-05	807	32
GGGAAGTAGGCCTGCT-L8TX_210401_01_F09-1142430399	-0.0005994907384586	-0.000210179417516	-0.0003893113209426	-0.0021888	-0.0010661	-0.0011227	685	33
CCTTCAGTCTTCTGGC-L8TX_210402_01_H09-1153814176	4.63210794292699e-05	9.164034194293688e-05	-4.531926251366696e-05	-0.0015356	0.0026093	-0.0041449	1096	35
GAAGTAACACGCTGAC-L8TX_210430_01_D05-1142430407	-2.340126569701787e-05	0.0002890051764972	-0.0003124064421942	0.0029852	-0.0013838	0.004369	414	34
CATCAAGGTGACAACG-L8TX_210430_01_B04-1153814208	0.0001607940101527	0.000484575328653	-0.0003237813185002	-0.0017923	0.00044053	-0.0022329	570	31
TGCATGATCGTGAGAG-L8TX_210513_01_A10-1153814239	-5.138205284238556e-05	-2.6994499165722275e-05	-2.438755367666328e-05	-0.0010589	0.00092856	-0.0019875	735	30
ACCAAACCAACCCGCA-L8TX_210402_01_G09-1153814180	-0.0001074605577291	-3.956741310657259e-05	-6.789314462253302e-05	-0.001451	0.0018652	-0.0033162	439	37
TCGACGGAGGATTTCC-L8TX_210708_01_C09-1153814271	0.0001603493962103	-0.0001510352668269	0.0003113846630372	0.0020376	-0.0036452	0.0056829	830	31
TAGACTGTCTCTTCAA-L8TX_210826_01_H05-1153814364	3.75836115040243e-06	0.0002261410375481	-0.0002223826763977	0.0011723	0.002813	-0.0016408	564	38
CCAAGCGAGAGAGCAA-L8TX_210506_01_B08-1153814220	-0.0001652081938149	8.06107972245084e-05	-0.0002458189910394	0.00068582	-0.0015733	0.0022591	796	33
GTTTGTTTCTTAGGAC-L8XR_210729_01_B09-1122543706	-0.0003642782136206	-1.1897428792004953e-05	-0.0003523807848286	0.0011175	0.0031414	-0.0020239	1098	35
CACTTCGAGTAGCCAG-L8TX_210429_01_B03-1153814206	3.273365850368148e-05	2.093383619592263e-05	1.1799822307758852e-05	0.001393	-0.00019597	0.001589	651	29
TCATGCCGTGGACCAA-L8TX_210521_01_C05-1142430441	0.000361646632768	-7.814288876806026e-05	0.000439789521536	-0.00045209	0.0024733	-0.0029254	772	40
CGGGTGTCAAGCGATG-L8TX_210722_01_G08-1153814336	0.0001795588235006	-0.0001628628966536	0.0003424217201543	0.00026063	0.0023059	-0.0020453	590	28
CATCGCTTCCGATAAC-L8TX_210722_01_C08-1153814328	-7.481687693413591e-05	6.480642160184291e-06	-8.12975190943202e-05	0.00020536	-0.0011116	0.001317	509	32
AACTTCTCACGTCGTG-L8TX_210826_01_A06-1153814366	9.4476932976447e-07	2.520735533438567e-05	-2.42625860046212e-05	-2.0299e-05	-0.00076767	0.00074737	425	30
TAAGCACTCTTCTTCC-L8TX_210121_01_C03-1142430372	7.383659434907565e-05	0.0001773052425035	-0.0001034686481544	-0.00031023	0.0029922	-0.0033025	606	35
TCATGCCTCTCGAACA-L8TX_210513_01_F09-1142430431	0.0002338722288684	5.059111386612199e-05	0.0001832811150023	0.00010475	-0.0028226	0.0029274	610	32
TCAGGTAGTGACCGAA-L8TX_210722_01_E08-1153814332	0.0002290434214066	-0.0001833959066209	0.0004124393280275	-0.0017754	0.00011122	-0.0018866	673	29
TGGTTAATCCACAATA-L8XR_210729_01_D09-1124629224	0.00044893009316	-0.0002216925120101	0.0006706226051701	0.0019044	0.00023011	0.0016743	480	34
CAAGGGAAGGGCCCTT-L8TX_210415_01_E11-1153814186	-1.3207149066501266e-06	0.0001236607364686	-0.0001249814513753	-0.0012694	-5.4382e-05	-0.001215	431	32
GCTGCAGCAAGGATGC-L8TX_210930_01_F03-1153814381	-0.0002560460065611	-0.0004786946692629	0.0002226486627017	0.0046895	-0.00067585	0.0053654	674	31
TTGGAGGCATTCAGCA-L8XR_210902_02_D08-1131257170	0.000245007084957	-0.0007145446097928	0.0009595516947498	0.0022261	-0.00032634	0.0025524	800	30
TCATGAGGTCGTGATT-L8TX_210506_01_B08-1153814220	-7.344111672878018e-05	3.681412379924283e-05	-0.000110255240528	-0.0013014	-0.000169	-0.0011324	679	31
TTACAGGCACTCCTGT-L8TX_210513_01_H10-1153814232	0.0001724603604198	0.0001704233480866	2.037012333136148e-06	0.0004186	0.00182	-0.0014014	829	36
TCTGTCGCATGACGTT-L8TX_210729_01_C12-1153814340	0.0003402230346629	2.4446738509016865e-05	0.0003157762961539	0.0017862	-0.0008924	0.0026786	812	35
AATTACCCAAAGCGCA-L8XR_211014_02_H05-1136687627	4.302146033022903e-05	-0.000204328937233	0.0002473503975633	0.0045236	-0.00035896	0.0048825	1012	32
TTACGTTAGTGTACCT-L8TX_201016_01_F05-1142430225	0.0001864435972261	-0.0002709981561299	0.0004574417533561	-0.00071133	0.00026078	-0.00097211	518	31
CGTTAACAGCCTGAGC-L8XR_211014_02_H05-1136687627	-0.0001742441778713	0.0001694844052578	-0.0003437285831292	0.00071673	0.0014102	-0.00069343	596	34
TGGATTGGTCAAACTG-L8XR_210722_01_D08-1122543703	0.0001165590528873	2.04663574519092e-05	9.60926954354562e-05	0.002375	0.00060335	0.0017717	780	43
GATCAGTGTGGACTGA-L8TX_210318_01_C05-1142430384	-7.432147977240154e-05	-4.176753476708661e-05	-3.255394500531493e-05	0.0027259	0.0014751	0.0012508	670	41
CAGAGCCCATCACGGC-L8TX_210812_01_A10-1153814350	1.0056238816370886e-05	-0.0003253181074665	0.0003353743462829	0.00059209	-0.0043415	0.0049335	1306	33
AACACACGTCTAACGT-L8TX_210826_01_D06-1153814373	0.0001928567749739	2.529891376829513e-05	0.0001675578612056	4.4758e-05	-0.0021693	0.002214	1820	33
ATACTTCTCGCTGATA-L8TX_210708_01_G09-1153814285	-0.0006646663212042	0.0001687769085843	-0.0008334432297885	-0.00029535	0.0020543	-0.0023497	626	30
TTCTCTCTCTCATTTG-L8TX_210311_01_F03-1142430382	0.000250444905734	-2.216735667995391e-05	0.000272612262414	0.00038382	0.0017379	-0.0013541	469	38
GATGATCCAGGCCTGT-L8TX_210506_01_D08-1153814226	-9.023891472437304e-05	0.000130896691812	-0.0002211356065364	0.00052204	0.0003341	0.00018794	675	31
TGGCGTGTCTCTGCTG-L8TX_210513_01_A10-1153814239	0.0002377922753694	-4.663324323227235e-05	0.0002844255186017	0.0020839	0.0019802	0.00010364	753	30
CTACTATGTCAAAGTA-L8TX_210513_01_H10-1153814232	-0.0005147210999292	0.0002826151323793	-0.0007973362323086	-0.00065291	-0.0020852	0.0014322	750	32
CATGCCTAGAGGTCAC-L8TX_210722_01_E07-1153814301	-8.378761758921588e-05	7.028013256996936e-05	-0.0001540677501591	0.001388	-0.0036399	0.0050278	530	31
CTGTATTGTACGGCAA-L8TX_210121_01_D03-1142430374	-0.0002707986998353	-0.0001094445702326	-0.0001613541296026	0.00035412	-0.0012312	0.0015854	834	29
GGCAAATCAGGCTAAG-L8XR_211007_02_G03-1135704088	-5.997515350562518e-05	0.0001909952006681	-0.0002509703541737	0.0033317	-0.0022896	0.0056213	944	35
ATTAGCGGTCAGGAAG-L8XR_210729_01_E09-1122543707	0.0002660692405966	0.0001165001690666	0.0001495690715299	0.0030524	-0.0011371	0.0041894	514	38
ATAGAGAGTGTCCATA-L8TX_210305_01_G02-1153814153	-3.307975576355176e-05	-0.0002716598214765	0.0002385800657129	0.00088795	-0.00066142	0.0015494	718	31
CAAGCTATCCGGACGT-L8TX_210812_01_A10-1153814350	2.587616408820044e-05	8.717308174540191e-05	-6.129691765720147e-05	-0.00013719	0.0013456	-0.0014828	730	32
AAGGTATAGAACAAGT-L8XR_211021_02_E08-1138433803	0.00014268896893	0.0009793926543607	-0.0008367036854307	0.00027832	0.0043622	-0.0040839	1222	33
GTCACTCGTCCTGTTC-L8TX_210701_01_E07-1153814263	0.0005054308172207	-7.704139575106447e-05	0.0005824722129718	0.0025404	-0.00098891	0.0035293	575	31
CTCTCGAGTCACCGCA-L8TX_210430_01_E05-1142430422	8.871525695705902e-05	0.0002046248724221	-0.0001159096154651	0.001629	-0.0021808	0.0038098	502	33
GATAGCTGTGGACTGA-L8TX_210722_01_D07-1142430453	0.0001356709123502	-9.344066736778786e-05	0.0002291115797179	0.00050373	-0.0016747	0.0021785	748	30
AGCGTATTCGCACTCT-L8TX_210513_01_A10-1153814239	-4.3835941232648994e-05	0.0002162097530515	-0.0002600456942841	-0.003072	-0.0026225	-0.00044955	894	32
CTAACTTTCATACGGT-L8TX_210107_02_B12-1142430363	3.810230292197355e-05	-8.38038547125362e-05	0.0001219061576345	-0.0013802	-0.000373	-0.0010072	519	34
TTTGTTGGTATCCTTT-L8TX_211111_01_C10-1153814394	0.0004238771077898	0.0001559984079616	0.0002678786998282	0.0023352	-0.0022569	0.0045921	779	30
GTGAGGATCGACCACG-L8TX_210506_01_B09-1153814245	-7.453030585574274e-05	-3.570281070653148e-06	-7.09600247850896e-05	0.00061155	0.0043167	-0.0037052	477	30
TCAGCCTTCTACTGAG-L8TX_210722_01_D08-1153814330	-0.0001225736285773	3.076306964215803e-05	-0.0001533366982195	0.0017674	-0.00058216	0.0023495	1381	31
CGGGTCATCCCTCTTT-L8TX_210107_02_D12-1142430358	5.514997880912216e-05	-0.0001832289273966	0.0002383789062057	-0.0028455	0.00023094	-0.0030765	679	31
TTTCGATGTGAATTGA-L8TX_210708_01_C09-1153814271	-0.0001149919549414	-0.000231650547597	0.0001166585926556	1.4012e-05	0.0021303	-0.0021163	974	36
TTACAGGGTGTGTTTG-L8TX_210422_01_C02-1153814198	0.0003538211886984	-1.0732522680724074e-05	0.0003645537113792	0.0049562	-0.00029035	0.0052465	569	37
GTTGTGATCTCTATGT-L8TX_210805_01_B03-1153814324	-2.2452666168622084e-05	3.695632157619157e-05	-5.940898774481365e-05	9.4181e-05	0.002512	-0.0024178	1087	31
TCTCACCAGGGTGAGT-L8XR_210812_01_A12-1124987483	7.498901898336564e-05	0.0001709274400427	-9.593842105942705e-05	-0.001494	-0.0010748	-0.00041922	702	34
AATGGCTGTTCTAACG-L8TX_210429_01_A03-1153814204	0.0001756891006489	-0.0002777501393006	0.0004534392399496	0.00098437	0.0012931	-0.00030878	840	31
TCCATGCCATGACCCG-L8TX_210826_01_B06-1153814368	0.0001542124251486	-3.290960130061051e-05	0.0001871220264492	0.00042499	0.0023936	-0.0019686	464	32
TCTTAGTTCCTACTGC-L8TX_210826_01_H05-1153814364	4.310932780054754e-05	-0.0003615181984023	0.0004046275262028	-0.00033173	-0.0020809	0.0017491	498	29
GGAAGTGCAAAGCTCT-L8TX_210826_01_D06-1153814373	0.0001509024194596	-3.4248673399591726e-05	0.0001851510928592	-0.00012129	-0.0020316	0.0019103	695	34
TATTGCTTCAAGCGTT-L8TX_210513_01_H10-1153814232	2.2464639960933524e-05	0.0004283840495592	-0.0004059194095983	-0.0012946	-0.0041466	0.002852	698	34
AGGCCACCAGTGGCTC-L8TX_210805_01_A04-1153814346	2.0218692775087342e-05	3.5530995823793726e-05	-1.5312303048706384e-05	0.0010567	0.0011554	-9.8677e-05	648	37
ATAGACCAGAATCCCT-L8TX_210415_01_G11-1153814190	-5.346208095489495e-05	-0.000155874434323	0.0001024123533681	0.00088418	-0.0014169	0.0023011	597	40
CCGTAGGGTAATGTGA-L8TX_210319_01_F05-1142430388	0.000277413400791	-0.0001089711931015	0.0003863845938925	-0.0020444	-0.0014335	-0.00061093	750	29
GTCCTCAAGATGTTCC-L8TX_210513_01_H09-1142430435	0.0004102230038944	-0.0005279016665557	0.0009381246704501	0.0006957	-0.002202	0.0028977	738	32
AGAACCTTCCGACAGC-L8TX_210715_01_E05-1153814273	0.0001660418512881	-0.0002279280920918	0.0003939699433799	0.0017566	0.00052755	0.0012291	749	34
GTGGGAAAGGAAAGAC-L8TX_210701_01_E07-1153814263	0.0002936472279672	0.0002752103131107	1.8436914856466338e-05	0.0012914	-0.001694	0.0029855	735	30
TCGACCTTCCGATAAC-L8TX_211021_01_B04-1153814390	-0.0001014908003651	-9.300037057180208e-05	-8.490429793357691e-06	-0.0023345	0.00028497	-0.0026194	578	29
GCATGATTCAGAACCT-L8TX_210430_01_G05-1153814200	1.2318163283265963e-05	-0.0004195191743577	0.0004318373376409	0.0012478	-0.0025478	0.0037957	553	34
CTTCCGACATCGTCCT-L8TX_210401_01_C09-1153814178	-7.533681608021199e-05	-0.0001322952341275	5.69584180473801e-05	-0.0012265	-0.0014459	0.00021942	756	36
AGTCTCCTCACCGCTT-L8TX_210513_01_H10-1153814232	0.0003734824333313	-3.3983587366862935e-05	0.0004074660206981	0.00050041	0.0014301	-0.00092966	975	33
AGAACAAGTGTAGTGG-L8TX_210923_01_H06-1153814377	8.902830769853594e-05	4.826973670768716e-06	8.420133402776723e-05	-0.0010393	0.00088943	-0.0019287	832	35
TCTACCGGTGGATCGA-L8TX_210107_01_H09-1142430361	-1.0425503786850028e-05	-0.0002052785376267	0.0001948530338399	0.00095784	-0.00034606	0.0013039	525	37
GCAACCGGTACGAAAT-L8TX_210513_01_D09-1153814243	0.0007449017569911	-5.784572321180072e-05	0.0008027474802029	0.0019229	-0.00069561	0.0026185	578	35
AGGACGATCAGACCCG-L8TX_210318_01_E04-1153814164	0.0001216518803874	-7.03715721914045e-05	0.0001920234525788	0.00021445	-0.00020761	0.00042206	640	46
AAAGGTAAGTTGGCTT-L8TX_210930_01_E03-1153814379	-0.0001736198977034	-0.0001583578089653	-1.5262088738154917e-05	-0.00081932	7.0317e-05	-0.00088964	636	30
TCCTTTCAGGGCAAGG-L8TX_201016_01_F05-1142430225	-0.000218447668101	2.737469538834389e-05	-0.0002458223634893	0.0018591	-0.0026183	0.0044773	662	36
TATACCTTCAGACTGT-L8TX_210318_01_C05-1142430384	0.0002009766455725	-0.0002562356997381	0.0004572123453107	-0.0013529	2.7521e-05	-0.0013804	756	29
TGTGATGGTCACTCAA-L8TX_210430_01_C04-1142430413	0.0001350428208382	-0.0002773602312466	0.0004124030520848	0.0042578	0.002909	0.0013488	731	29
ACATCGATCCACGTCT-L8TX_210826_01_F05-1153814359	-0.0001327308424675	-3.301216803100957e-05	-9.971867443655628e-05	0.0020504	-0.00090777	0.0029582	1069	29
AACGGGAAGGTGCTTT-L8TX_210722_01_G07-1153814308	0.0004362599957746	-4.956661996586295e-06	0.0004412166577711	-0.00041099	-0.00097565	0.00056465	913	29
GGGACTCGTCAACCAT-L8TX_210506_01_D08-1153814226	-0.0002027544279949	0.000161929846855	-0.0003646842748499	-0.0022306	0.00089252	-0.0031231	764	31
ATTATCCGTTGTCCCT-L8TX_210805_01_A04-1153814346	-0.0001115527648945	0.0002365475967109	-0.0003481003616054	0.001337	0.00029612	0.0010409	525	32
CTCTCGAAGGTGCATG-L8TX_210429_01_C03-1142430411	0.0004624572164057	9.523266119268254e-05	0.000367224555213	-0.00013295	0.0007063	-0.00083926	755	36
TTACGTTGTCTTCAAG-L8TX_210513_01_C09-1142430429	-0.0001237340558018	0.0005697228173777	-0.0006934568731796	0.0040701	0.0015382	0.0025319	574	30
CATCGTCTCGACCCAG-L8TX_210319_01_F05-1142430388	2.391202752115176e-05	0.0001091598861672	-8.524785864610488e-05	0.0010514	-0.00038828	0.0014397	1120	46
TTGGGTATCAAGTGTC-L8TX_210826_01_C06-1153814371	9.851010608802636e-05	9.823212905554122e-06	8.868689318247222e-05	-0.00086591	-0.00074342	-0.00012249	944	31
TAAGCGTGTTTGACAC-L8TX_210812_01_A10-1153814350	0.0002295224193472	-0.0001594779994616	0.0003890004188089	0.00081242	0.0009704	-0.00015798	880	29
CGGGTCAGTGCTAGCC-L8TX_211021_01_C04-1153814392	0.0001006196041726	0.0001126269275476	-1.2007323375002173e-05	0.0018509	-0.0010508	0.0029017	667	33
TACGTCCTCATAGAGA-L8TX_210826_01_A06-1153814366	-2.413740255466094e-05	0.0004723596621671	-0.0004964970647218	-0.00099164	0.00073585	-0.0017275	490	33
GAGCCTGTCATGGTAC-L8TX_210513_01_H09-1142430435	-0.0001703207430371	0.0001601049979291	-0.0003304257409662	0.001553	0.0023584	-0.00080536	785	35
TTCTAGTCAGGCTTGC-L8TX_210513_01_C09-1142430429	-0.0002315190675961	0.0001175524808213	-0.0003490715484174	-0.0013084	0.0017738	-0.0030822	673	32
GTCGCAATCTTGGATA-L8XR_211007_02_F03-1135448413	0.0001321098076266	5.708958879147649e-05	7.502021883515789e-05	0.00090101	-0.0021664	0.0030674	1099	31
ACTATCCGTTAGAGCC-L8XR_211014_02_H05-1136687627	6.01323941408816e-05	0.000127992366146	-6.785997200512152e-05	0.0014181	0.0018379	-0.00041975	1082	31
GTCTGTCAGCATGTTC-L8TX_210430_01_E05-1142430422	5.40246288394265e-05	0.0003279120817364	-0.0002738874528969	-0.00025074	5.5595e-05	-0.00030633	534	33
CATCGCTCACATACGT-L8TX_210722_01_E08-1153814332	-8.726253323192402e-05	-5.633182319594049e-05	-3.093071003598353e-05	-0.00075188	-0.0017142	0.00096233	884	53
AATGCATGTTATCCTA-L8XR_210729_01_E09-1122543707	0.0001169214838017	-0.0002038914630414	0.0003208129468432	0.00037924	0.0020493	-0.0016701	1045	32
TATCGCCGTTGCAAGG-L8TX_210715_01_D05-1153814295	-0.0002636002724759	-0.000111184264262	-0.0001524160082139	-0.0020576	0.004466	-0.0065236	647	33
TTCTGTACAAGTATAG-L8TX_210701_01_E07-1153814263	0.0002096872148262	-0.0003117829698006	0.0005214701846269	0.0016149	-0.00016738	0.0017823	1227	32
CCTACGTTCTCCTGCA-L8TX_210513_01_C09-1142430429	3.9043990142983885e-05	-0.0003353599565504	0.0003744039466933	0.0031514	-0.0034955	0.0066469	534	33
AACGGGATCCCTATTA-L8TX_210506_01_F08-1153814217	9.353218800428778e-07	-0.0001511016478756	0.0001520369697557	0.0039642	-0.00032062	0.0042848	452	32
CTTCTCTGTAAGGAGA-L8TX_210506_01_B09-1153814245	0.0002644011358209	-8.169226689539672e-05	0.0003460934027163	0.0021778	-0.0016749	0.0038526	718	53
GTTACCCAGGCATGCA-L8TX_201106_01_A04-1142430348	5.628493133021352e-05	-0.0001178848876094	0.0001741698189397	0.0014027	0.00013457	0.0012681	708	33
TAGAGTCAGCGGTATG-L8TX_210701_01_B07-1153814269	6.707811486604008e-05	-0.0001125401601855	0.0001796182750515	0.0012435	-0.002673	0.0039165	774	34
AACGTCAGTGTGCTTA-L8TX_210708_01_C09-1153814271	0.0001673960083301	2.8323069717263165e-05	0.0001390729386129	0.00036696	-0.0014164	0.0017834	546	35
AGGATCTTCATGCCCT-L8TX_210121_01_C03-1142430372	1.738467421385168e-05	-0.0001060927849774	0.0001234774591913	0.0020474	-0.0016648	0.0037122	484	30
GGGTTTATCGAACTCA-L8TX_210825_01_F12-1153814357	0.0008375966064876	2.4678071160278563e-05	0.0008129185353273	0.0015427	-0.00074719	0.0022899	726	32
ACACAGTTCGCTGCGA-L8TX_210825_01_H11-1142430455	-0.0002591059223733	0.0001687236185146	-0.0004278295408879	0.001494	0.00019199	0.001302	879	35
CTTCTAAAGACGCATG-L8TX_201030_01_B12-1142430231	2.1936013088658238e-05	9.519792921355158e-05	-7.326191612489334e-05	-0.0019032	0.00055858	-0.0024617	467	31
TATCAGGCAGTATTCG-L8TX_210826_01_G05-1153814361	-3.270071431402813e-05	1.5847424292107317e-05	-4.854813860613545e-05	0.0012379	-0.00019059	0.0014284	623	30
ATTTCACAGGTAAGTT-L8TX_210722_01_E08-1153814332	-3.256741024204388e-05	-0.0002585078027132	0.0002259403924712	0.00092341	0.0027002	-0.0017768	636	32
TAGGAGGCAAGAAACT-L8TX_210805_01_B03-1153814324	-0.0001707187291733	1.398208547197844e-05	-0.0001847008146452	-0.0021172	-0.0018876	-0.00022965	644	30
AAGTTCGTCTATGTGG-L8TX_210521_01_D05-1142430443	-0.0007510060099466	-5.947503542061995e-05	-0.000691530974526	0.0012356	0.001725	-0.00048938	905	31
TCGTCCATCCAAGCTA-L8TX_210729_01_G12-1153814338	3.4661018289563094e-05	2.3161816558240174e-05	1.149920173132292e-05	0.00067917	0.0016672	-0.000988	883	30
CACGTGGAGATTGACA-L8TX_210521_01_D05-1142430443	-3.34182359513858e-05	0.0001022831736628	-0.0001357014096141	-0.0013529	0.00043664	-0.0017895	763	31
GTCGAATAGTCTTCCC-L8TX_210513_01_H10-1153814232	8.361248133155117e-05	0.0006422484710558	-0.0005586359897243	-0.00019008	-0.00096857	0.00077849	1136	33
AAACCCACACTGGATT-L8TX_210805_01_F03-1153814320	9.403395682560924e-05	-0.0003705625831404	0.000464596539966	-0.0011673	-0.0010741	-9.3224e-05	562	32
ATTTACCAGGAACTCG-L8TX_210812_01_C10-1153814352	-0.000207451512873	0.0001091971452159	-0.000316648658089	0.0031263	-0.0025319	0.0056582	372	36
GTCTGTCAGCCACCGT-L8TX_210506_01_B09-1153814245	0.0002346250766577	6.748875658999362e-06	0.0002278762009987	-0.00078624	0.0058227	-0.0066089	493	30
AGTTCCCAGACTCTTG-L8TX_210430_01_F04-1142430405	0.0001445635029475	-1.861208695024027e-05	0.0001631755898977	-0.00096834	-0.00022287	-0.00074547	700	35
CAATGACCATTCCTCG-L8TX_210729_01_D12-1153814314	0.0003191251605125	0.0001792082296454	0.0001399169308671	0.00066881	-0.0038534	0.0045222	1247	29
TTGCCTGAGGACCCAA-L8TX_210430_01_C04-1142430413	4.354256996486223e-05	-0.0001534653803472	0.0001970079503121	0.0048437	0.0014242	0.0034196	465	29
CACTTAAAGCTTAGCG-L8XR_211007_02_G03-1135704088	6.46066710570426e-06	-5.469521043109021e-05	6.115587753679447e-05	0.0013977	-0.0050354	0.0064331	929	34
CATACAGGTATCACCA-L8TX_210513_01_A11-1142430445	-0.0002762346149155	0.0004239933164024	-0.000700227931318	0.0034891	0.0020369	0.0014522	832	35
TGATCAGAGTGGCAGT-L8TX_210826_01_H05-1153814364	0.0001190553004608	-0.0001252612010216	0.0002443165014824	0.0025992	-0.0045841	0.0071833	645	31
GTTCGCTTCTATCGCC-L8XR_210805_01_E10-1124629229	7.756858747086944e-05	-8.207840506771255e-05	0.0001596469925385	-0.0010333	0.00086245	-0.0018957	754	32
GACCTTCTCTTCACGC-L8TX_211111_01_C10-1153814394	-0.0001324656664007	0.0001888377747686	-0.0003213034411693	-3.0915e-05	-0.0015907	0.0015598	762	31
AATCGACGTGCCTTCT-L8TX_210729_01_E12-1153814342	-0.0001908191121292	1.7429661861249512e-06	-0.0001925620783153	-0.00042428	0.0042323	-0.0046566	625	35
CCATAAGAGTTCCAGT-L8TX_210422_01_C02-1153814198	3.4123474742447328e-06	0.0005192732064927	-0.0005158608590185	0.001752	-0.003449	0.0052009	847	30
TGACTCCTCCTGCTAC-L8TX_201029_01_D11-1142430229	0.0010741432449489	0.0003601536317656	0.0007139896131833	0.0003436	0.00046474	-0.00012114	551	33
AGAACAAGTCAGATTC-L8TX_210107_02_D12-1142430358	-0.0001398724074388	0.0001674782222088	-0.0003073506296477	0.0021539	-0.0002246	0.0023785	557	32
CCGGTTAAGCAAGATG-L8XR_210902_02_B08-1131257169	6.405672236870505e-05	-0.0004337739485253	0.000497830670894	0.0027313	-0.0016543	0.0043856	471	33
GGGTATTAGGTAAGAG-L8TX_210805_01_A04-1153814346	-6.53096291262256e-05	-2.775454406836251e-05	-3.7555085057863085e-05	-0.00032182	-0.0012337	0.00091192	573	31
TGCTCGTTCGAAGCAG-L8TX_210513_01_D09-1153814243	-0.0001358171595363	-0.0002496620556978	0.0001138448961614	-0.004804	0.0015107	-0.0063147	573	33
GTAACACTCTATGCCC-L8TX_210722_01_B08-1153814305	-5.45436720013661e-06	-8.323219713499882e-06	2.8688525133632727e-06	0.0032555	-0.0014027	0.0046582	524	34
TCTAACTGTGCATCTA-L8TX_210805_01_G03-1153814322	6.566592776084852e-05	0.0001460084868097	-8.034255904890142e-05	-8.8563e-05	0.0027617	-0.0028503	753	30
TTCCACGCAATGGCCC-L8TX_210701_01_A07-1153814267	9.39629265800808e-05	5.932564657060793e-05	3.463728000947287e-05	0.00081926	0.0019948	-0.0011756	504	31
TGAGACTCATATACCG-L8TX_210722_01_F07-1153814303	2.941755873126522e-05	7.620328036819351e-05	-4.678572163692829e-05	-0.0005261	-0.0010191	0.00049305	548	32
GAGCCTGGTGCCGGTT-L8TX_201030_01_B12-1142430231	-0.0001311755692138	-0.0002045319235031	7.335635428937012e-05	0.0013504	-0.00085756	0.002208	462	35
TTAACTGAGGACCTCA-L8XR_210722_01_H07-1122543705	5.46268122020167e-05	-8.95199637614532e-06	6.357880857816202e-05	0.0047161	0.0025667	0.0021494	527	31
CGGCAGTAGGAACGTC-L8TX_210513_01_F11-1153814259	-2.4558980396692653e-05	-0.0008317033229614	0.0008071443425647	0.002919	0.00087738	0.0020416	564	32
TACAGGTAGCCTCTCT-L8TX_210715_01_E05-1153814273	0.0002924193725888	0.0003796291777215	-8.720980513273878e-05	-0.00029661	9.726e-06	-0.00030633	882	40
TGATGGTTCACGATCA-L8TX_210825_01_E12-1142292445	-5.683301099433883e-05	5.831642513963277e-05	-0.0001151494361339	0.0037281	-0.001446	0.0051741	1250	28
TAACGACTCATGACAC-L8TX_210506_01_H08-1153814228	1.7115466388632644e-05	2.5174289092208363e-05	-8.058822703575719e-06	-0.00038494	0.00094855	-0.0013335	1627	31
CAATCGACATTACTCT-L8TX_210422_01_G02-1153814196	-0.0003168538471484	-0.0001834237404197	-0.0001334301067287	0.0027669	0.0017254	0.0010415	537	34
TCAGGGCCACGCGCTA-L8TX_210430_01_H04-1142430420	-7.154046020989212e-05	5.724020142766464e-05	-0.0001287806616375	0.00053875	-0.0034355	0.0039742	993	31
AGTACCATCATTTGTC-L8TX_201016_01_E05-1153814151	0.0001350120177761	-0.0001181664378602	0.0002531784556364	-0.00032271	0.0024293	-0.002752	597	36
GTGTGGCAGGCCACTC-L8TX_210701_01_B07-1153814269	4.842834778554827e-05	1.1011099069700806e-05	3.741724871584746e-05	-0.0017424	-0.0020489	0.00030651	669	33
TTTACGTTCACTGTTT-L8TX_210729_01_H11-1153814312	7.588105274811789e-05	0.0001737863476766	-9.790529492848524e-05	0.00079267	-0.00029426	0.0010869	587	31
TACCTGCGTGTGTCGC-L8TX_210513_01_C09-1142430429	0.0001888076379994	-0.0005383571142976	0.0007271647522971	0.0016007	-0.002969	0.0045697	510	35
AGATGCTAGGGCTGAT-L8TX_210506_01_C08-1153814224	-8.769726818247412e-05	-4.170455345284313e-06	-8.352681283718981e-05	0.0020016	0.00089576	0.0011059	495	34
CAAGAGGAGCGGGTTA-L8TX_210107_02_E12-1142430367	7.225748932370102e-05	9.279196849111571e-05	-2.053447916741469e-05	0.0015559	-0.00015303	0.0017089	1083	32
TATACCTTCCGTGGGT-L8TX_210722_01_B08-1153814305	-3.6864106186175024e-05	0.0002018152763598	-0.0002386793825459	0.0037374	-0.0033754	0.0071128	620	29
CTTTCAACACCGTCGA-L8TX_210708_01_G09-1153814285	-0.0003276119978129	-0.0001296023984288	-0.000198009599384	0.0004287	0.0020178	-0.0015891	629	37
AACCTTAAGTGTTGTA-L8XR_210729_01_D09-1124629224	-4.417592139309975e-05	-0.0002491446378575	0.0002049687164644	-0.0010627	0.0026812	-0.0037438	1102	30
ATCTCTATCCTACCGT-L8TX_210318_01_G04-1153814166	0.0002649738865355	3.2166269647292366e-05	0.0002328076168882	0.0008205	0.0014838	-0.00066327	648	38
TTCCTAATCGAAGCAG-L8TX_210513_01_F11-1153814259	0.0004080975512759	0.0005463621640643	-0.0001382646127884	0.0019746	0.0036873	-0.0017127	561	35
CCATAAGGTGAGTTTC-L8TX_210325_01_H08-1142430397	-5.794872209669401e-05	-4.779673999674981e-05	-1.0151982099944209e-05	-0.0019322	0.00037378	-0.002306	947	34
AGCCACGCATTGAAGA-L8TX_210430_01_H04-1142430420	0.0001785517186939	-0.0001132758019079	0.0002918275206018	0.00059659	0.00053239	6.4199e-05	772	30
CCTCATGCATCTCCCA-L8TX_210708_01_F09-1153814281	4.003715369929463e-05	-0.00013961519821	0.0001796523519093	0.0012536	-0.00022487	0.0014785	1007	29
AAGGTAACAAGTCCAT-L8TX_210429_01_H02-1142430403	0.000200385919254	0.0001169307861502	8.345513310385355e-05	-0.00040798	-0.002002	0.001594	914	32
TACATTCGTCAACACT-L8TX_210722_01_C08-1153814328	-8.958923665674876e-05	3.1934415532241946e-05	-0.0001215236521889	0.0026371	-0.0025008	0.0051379	927	37
ATTCATCCAGTGGCTC-L8TX_210422_01_C02-1153814198	3.174849714232896e-05	-0.0002028138457546	0.0002345623428969	0.0027371	0.002532	0.00020507	787	32
TTAATCCAGCTGGTGA-L8TX_201106_01_A04-1142430348	0.0001408564773622	-0.0004407280314608	0.0005815845088231	-0.0011432	-0.0018641	0.00072098	530	31
TTCGTGCTCAGGGCCT-L8XR_210729_01_D09-1124629224	-5.605399652846921e-05	4.498437271510429e-05	-0.0001010383692435	0.0018058	-2.8424e-05	0.0018343	792	28
ACCTGTCGTTGTCTAG-L8TX_210722_01_D07-1142430453	0.000149876877755	-4.284025367046966e-05	0.0001927171314255	-0.0023223	-0.00028666	-0.0020357	947	32
GCTCAAAGTACAACGG-L8TX_210506_01_H08-1153814228	-1.0025324721304304e-05	-2.904707271456037e-05	1.9021747993256072e-05	-0.0010765	-0.0015951	0.00051862	591	37
GTCGTAATCTTACTGT-L8TX_210506_01_B09-1153814245	2.6537441197392483e-05	0.0002976173716676	-0.0002710799304702	-0.00025359	-0.0020498	0.0017962	554	34
TATACCTAGGAACGAA-L8TX_210311_01_F03-1142430382	-2.5331947468285007e-05	-0.0004223735127958	0.0003970415653275	-7.5004e-06	0.0017952	-0.0018027	575	39
TTACTGTGTAGTACGG-L8TX_210506_01_B09-1153814245	-3.5810435401008024e-05	-0.0002870639406761	0.0002512535052751	0.0009135	0.001608	-0.0006945	692	31
GTTGGCCAGGTCAAAG-L8XR_211021_02_G06-1138433804	-0.0001197094268566	0.000517932030067	-0.0006376414569236	0.0017938	0.0010267	0.00076711	766	29
GGGACCTGTGTGTCGC-L8TX_210701_01_E07-1153814263	7.274017968743756e-05	-0.000213976434274	0.0002867166139615	0.0026013	0.0019328	0.00066852	1177	30
CTCACTGGTCCGTACG-L8TX_210513_01_B10-1142430437	0.0001956032152845	-6.171755206666371e-05	0.0002573207673512	0.00087775	-0.00012213	0.00099988	631	39
CAGGTATGTCAGGAGT-L8TX_210812_01_D10-1153814354	0.000164108794876	2.710608779980435e-05	0.0001370027070762	-0.00042638	-0.0021484	0.0017221	793	34
GTCCCATTCCTCACCA-L8TX_210708_01_G09-1153814285	5.774723333353385e-05	0.000103483442345	-4.5736209011479033e-05	0.0025442	-0.0016628	0.004207	722	34
CCTGACTTCACTTCAT-L8XR_210722_01_B08-1122543704	-5.546493110367098e-05	6.935904707882583e-05	-0.0001248239781824	0.0011143	0.00015723	0.00095712	927	32
TTGGGATAGATTGCGG-L8TX_210408_01_D10-1153814182	-3.462397821055726e-05	-7.671856375666323e-05	4.209458554610597e-05	0.00033776	0.001311	-0.00097323	649	32
CGAGGCTCATCCGAAT-L8TX_210722_01_H06-1153814299	9.6516214795896e-05	-0.0001915180706611	0.000288034285457	0.0027433	0.0024798	0.00026344	635	34
TGGAGAGTCCCTCTCC-L8TX_210513_01_E09-1153814234	-2.3819620958590157e-05	8.097321040581191e-07	-2.4629353062648274e-05	0.0016151	0.0014184	0.0001967	512	32
CTGGCAGTCTGGACCG-L8TX_210825_01_F12-1153814357	0.0002582275517833	0.0006138925995895	-0.0003556650478062	0.00054409	-0.0016804	0.0022245	771	33
TCATATCGTCATAGTC-L8TX_201106_01_A04-1142430348	-0.0002065972730673	0.0002271589203014	-0.0004337561933688	-0.00015718	-0.0012101	0.0010529	678	34
GTGGCTTCAAATTCGT-L8XR_211014_02_H05-1136687627	6.017467705744103e-05	-9.673308521813556e-05	0.0001569077622755	-0.0020427	0.00081834	-0.002861	915	30
GTTTACTGTATCATGC-L8TX_210722_01_E07-1153814301	5.784440312427908e-05	-0.0001881197979386	0.0002459642010628	0.0015891	0.0023091	-0.00071999	1047	35
CGGACACTCGTGTGAT-L8TX_210430_01_C04-1142430413	0.0002237820593538	4.971383444203959e-05	0.0001740682249118	-0.0003303	-0.0011013	0.00077101	654	39
CCGGTAGGTATCTCGA-L8TX_210430_01_D05-1142430407	0.0001207402673766	-4.3214799885997136e-05	0.0001639550672626	0.0011186	-0.00047444	0.0015931	672	35
TCTCCGATCATGTCTT-L8TX_210415_01_E11-1153814186	1.223087625934573e-05	-0.0002366429936247	0.000248873869884	-0.00083214	-0.00087158	3.944e-05	825	34
GTTGTCCTCCTGGTCT-L8TX_210513_01_C09-1142430429	6.970923978309307e-05	6.952169878827013e-05	1.8754099482294482e-07	0.0004555	0.0017834	-0.0013279	826	35
GAGTTGTAGGACTATA-L8TX_210513_01_G09-1142430433	-0.0001443054203732	-0.0001942416494468	4.993622907357916e-05	0.00083688	-0.0044986	0.0053355	1445	30
GTGGAAGGTTCCATTT-L8TX_210722_01_C08-1153814328	8.1511708773248e-06	-0.0003856398874473	0.0003937910583246	-0.0022345	0.00074491	-0.0029794	1167	31
TAACCAGCATGTGCCG-L8TX_210715_01_A05-1153814277	0.0002945869423275	0.0001730468785647	0.0001215400637628	0.0035066	0.001615	0.0018916	877	30
TGTGATGCAAGTCCAT-L8TX_210701_01_H06-1153814265	0.0001370430805785	0.0003895162791141	-0.0002524731985356	-0.0026484	0.0014753	-0.0041236	730	30
TAAGTCGCAGACAAGC-L8TX_210430_01_C04-1142430413	4.010270828390363e-07	-4.873264175329889e-05	4.913366883613793e-05	-0.00062664	-0.00062062	-6.0282e-06	786	35
CTATAGGAGATGACCG-L8TX_210722_01_C08-1153814328	-4.541402469344949e-05	-5.8641752416885046e-05	1.3227727723435556e-05	0.00090896	0.00022897	0.00068	1290	32
GTCGCGAGTTATGGTC-L8TX_210826_01_B06-1153814368	0.000336164470399	-0.0003196123427694	0.0006557768131685	0.0008451	0.0011024	-0.00025732	427	38
TATCCTACAGATTTCG-L8TX_210521_01_D05-1142430443	0.0001090155652723	-0.0002107190805261	0.0003197346457984	0.0024924	0.0040131	-0.0015208	1148	35
CTCAATTAGTAATCCC-L8TX_210812_01_A10-1153814350	0.00044491699031	0.0003631006692157	8.181632109425488e-05	0.00052599	0.0019122	-0.0013862	393	33
ATGGGAGCACTGAATC-L8TX_210715_01_E05-1153814273	6.8624460251187e-05	-0.0001117020859793	0.0001803265462305	-0.0012939	0.00054615	-0.00184	525	34
CTCCACATCACATACG-L8TX_210722_01_C08-1153814328	7.77348892053394e-05	0.00025208512909	-0.0001743502398846	0.0037804	-0.00059327	0.0043736	426	34
CATTGTTCACCTCTGT-L8TX_210311_01_F03-1142430382	-9.725997617818298e-05	6.792056560367532e-05	-0.0001651805417818	0.0036324	-0.00038011	0.0040126	605	34
TGATGACTCATGTTTC-L8XR_210812_01_E11-1126220036	-8.552754658451429e-05	-5.905258178755032e-05	-2.6474964796963964e-05	0.00019673	0.0025857	-0.002389	862	33
CTGGCAGCAGTTGGTT-L8TX_210430_01_D05-1142430407	-3.2418510104583363e-05	1.934824699647836e-05	-5.176675710106172e-05	0.0024791	-0.00092258	0.0034017	608	36
CGGTCAGAGGTGCAGT-L8TX_210506_01_E08-1153814230	2.4715090057435517e-06	-0.0001344011604466	0.0001368726694524	-0.00084684	0.0046967	-0.0055436	783	30
GATAGAATCTCTGGTC-L8TX_210825_01_G12-1153814490	0.000123013873363	0.0001476049145812	-2.459104121822401e-05	-0.00020836	0.0022576	-0.002466	635	32
GTTACAGGTACGATCT-L8TX_210513_01_G09-1142430433	-0.0001044421105756	0.0004323814511821	-0.0005368235617578	-0.0020959	-0.001587	-0.00050897	1102	31
AAGGAATCAGTTAGAA-L8TX_210923_01_H06-1153814377	-2.2877401902583785e-05	-0.0005431438030543	0.0005202664011517	-0.0011923	-0.0021203	0.00092795	820	35
AGTTCGAGTTGGGACA-L8TX_210722_01_D08-1153814330	0.000147007627156	-0.0001757725992343	0.0003227802263903	0.0023555	-0.00078027	0.0031358	895	29
GCCGTGATCGCTCTAC-L8TX_210513_01_C10-1153814241	0.0001266698804971	-0.0001781794466543	0.0003048493271514	-0.00099666	0.00046777	-0.0014644	1294	39
CCGTGAGCAGCTACCG-L8TX_210826_01_H05-1153814364	-3.2949430741152035e-05	7.489911680842796e-05	-0.0001078485475495	-0.0010737	0.00094042	-0.0020141	708	33
TTTCCTCGTGAGGAAA-L8TX_210805_01_F02-1153814316	0.0002518041294652	-0.0002569639417675	0.0005087680712327	-0.00045923	0.0021502	-0.0026094	1000	34
CATACTTTCAAAGCCT-L8TX_210514_01_G12-1142430439	0.0001597603356316	-9.038018637544893e-05	0.0002501405220071	0.0013291	-0.0023133	0.0036425	526	34
CCCGAAGAGGCGATAC-L8TX_210325_01_F08-1142430394	0.0002344117174983	-2.2545309649079288e-05	0.0002569570271474	-0.00049584	-0.0030604	0.0025645	469	40
ATTACCTCATGGAAGC-L8TX_211111_01_C10-1153814394	-0.0002856649059271	-0.0001229001046809	-0.0001627648012461	0.00058266	0.0018332	-0.0012505	623	29
GTTATGGTCTACTTCA-L8TX_201106_01_B04-1142430350	4.631670654142331e-06	0.0004175673833732	-0.0004129357127191	0.00096407	0.0026031	-0.001639	520	35
CTGCCTACACAGAGCA-L8TX_210513_01_G11-1153814261	-5.208071421765188e-05	-0.0001298133814157	7.773266719807043e-05	-0.0043165	0.0022629	-0.0065795	540	30
CATCCTCAGGAGTCGG-L8XR_211014_02_D05-1136687625	-9.75803830091676e-05	3.662148305073638e-05	-0.0001342018660599	0.0020949	0.00077286	0.001322	1112	30
AGACACTTCCTCACTG-L8TX_210415_01_H11-1153814192	1.5647243134538657e-05	-4.987869708547248e-05	6.552594022001113e-05	0.0012703	-0.0014458	0.002716	579	30
CGTTCTGGTCCTCAGG-L8TX_201217_01_B08-1142430356	0.0002178816162601	-0.000123506315453	0.0003413879317131	-0.00083668	-0.0026964	0.0018597	519	41
CTCATTACAAGTGGTG-L8TX_210506_01_F07-1153814222	-5.335898230318396e-06	-5.279687855008746e-05	4.746098031976906e-05	-3.0173e-05	-0.00097471	0.00094453	640	29
CCGGGTACATAATGCC-L8TX_210408_01_E10-1153814184	1.5049950507914437e-06	-6.545281670514192e-05	6.695781175593336e-05	0.0025827	-0.00029399	0.0028767	877	31
CTTCGGTTCGTTGTTT-L8TX_201217_01_B08-1142430356	-8.925446946999479e-05	-0.0001901159504704	0.0001008614810004	0.0016355	-0.00058823	0.0022237	397	35
CTCAGGGTCTAGCAAC-L8TX_210513_01_D10-1153814249	-0.0001218465493563	-0.0003841461764018	0.0002622996270455	0.0067877	-0.0024296	0.0092173	461	35
AGATAGAGTGGTAATA-L8TX_210826_01_D06-1153814373	-5.541414515315195e-05	-5.92995259809284e-05	3.885380827776453e-06	0.0018226	-0.0025692	0.0043918	1023	32
CTTCCGATCATCTACT-L8TX_210729_01_C12-1153814340	0.0002640818159829	0.0005145615978266	-0.0002504797818437	0.00055375	0.0021295	-0.0015758	621	32
TACAGGTAGTGATGGC-L8TX_201016_01_F05-1142430225	0.0004946670871639	3.4403894016701506e-05	0.0004602631931472	-0.0021641	0.0025496	-0.0047138	833	36
AGTTCGAGTTTGAAAG-L8TX_210430_01_F04-1142430405	5.466075611249159e-05	5.7294654201961074e-05	-2.633898089469485e-06	0.00065223	7.317e-05	0.00057906	606	33
CTCAAGAAGTAACCTC-L8TX_210722_01_E07-1153814301	0.0001594001184731	2.313422152311455e-05	0.00013626589695	0.003806	-0.001283	0.005089	672	30
AGAACAACACAGTCCG-L8TX_210318_01_C05-1142430384	4.211060824454035e-06	0.0002152370462952	-0.0002110259854707	0.0010415	0.0013991	-0.00035755	854	32
TCATTGTGTATCGTAC-L8TX_201106_01_B04-1142430350	-3.03132993735804e-05	-0.0004039081623536	0.00037359486298	-0.00063932	0.0020888	-0.0027282	703	30
TCTGGCTGTGCTCGTG-L8TX_210826_01_A06-1153814366	0.000311576593961	-0.0001862248299629	0.000497801423924	-0.0038134	0.0016557	-0.005469	800	28
AACGAAATCTTTCGAT-L8TX_210701_01_B07-1153814269	-0.0005494256888476	0.0001756797401414	-0.000725105428989	0.0029473	0.0015872	0.0013602	475	31
GTTCGCTGTGTTACTG-L8TX_210805_01_G02-1153814318	0.0001611668720895	-0.000103042659857	0.0002642095319465	0.0034663	0.0039227	-0.00045632	677	30
CACGTGGGTAACTGCT-L8TX_210708_01_G09-1153814285	3.549460660728272e-05	-0.0002276937115331	0.0002631883181404	0.0034438	0.0026623	0.00078152	414	31
GGGAGATAGCGTGTTT-L8TX_210430_01_E05-1142430422	-0.0003502083850384	0.000247028822923	-0.0005972372079615	0.001921	-6.9317e-05	0.0019903	594	28
AGGGTGATCCGTGCGA-L8TX_210430_01_D05-1142430407	0.0007920210641921	0.0003963313743259	0.0003956896898661	-0.0018988	-0.00084739	-0.0010514	559	34
ATTCCCGAGCGTTGTT-L8TX_210513_01_C09-1142430429	0.0003135550062774	-0.0001041619756712	0.0004177169819487	0.0010919	0.0048075	-0.0037156	504	34
TCATATCCATCCAACA-L8TX_201030_01_G12-1142430346	-4.8040204418834095e-05	0.0001612525987673	-0.0002092928031862	0.0018632	-0.0017398	0.003603	592	32
TGTTACTGTGTCCTAA-L8TX_210506_01_E08-1153814230	-5.611839956814416e-05	-0.0002375793604288	0.0001814609608607	-0.0007418	0.0016301	-0.0023719	543	34
TTTGTCTAGGACCTTG-L8XR_210812_01_D11-1124987482	-0.0001050898116396	-0.000214205733924	0.0001091159222843	-7.7282e-05	0.00098349	-0.0010608	1099	30
GAAATGACAATACCTG-L8TX_210506_01_C08-1153814224	-1.5893318859007928e-05	-9.605479326542518e-05	8.016147440641725e-05	-4.401e-05	0.0023296	-0.0023736	716	32
GCCAACGAGACATATG-L8TX_210429_01_H02-1142430403	-9.019023093414258e-05	0.0001570160073628	-0.0002472062382969	-0.0023443	0.00087329	-0.0032175	1011	33
TATCCAGCACAAAGCG-L8XR_210902_02_B08-1131257169	6.651395141484222e-05	-0.0001496647236237	0.0002161786750386	0.0039861	0.001493	0.002493	538	30
GGGTGTCTCAAAGCCT-L8TX_210805_01_F02-1153814316	0.0001207802168631	-7.374489742516768e-05	0.0001945251142883	-0.0011762	0.0015108	-0.002687	651	30
ACGGTTACACACGTGC-L8TX_211021_01_C04-1153814392	-0.0001405756625608	-0.000605572946289	0.0004649972837282	2.7892e-06	-0.0015698	0.0015725	557	32
CTAACCCAGAGGTCAC-L8TX_210521_01_D05-1142430443	-0.0009090514047115	-0.0002897218624043	-0.0006193295423071	-0.0010162	0.00027511	-0.0012913	1088	33
GGCTTGGCACAATGTC-L8TX_210923_01_G06-1153814375	0.0001334196274867	-0.0002536847572571	0.0003871043847439	-0.00025623	0.0012833	-0.0015395	583	32
TCTGCCAGTATTTCTC-L8TX_210722_01_D08-1153814330	-1.475118837629686e-06	0.0001648308592468	-0.0001663059780844	0.0012179	0.00035651	0.00086134	1079	31
AACAAAGGTGGCAACA-L8TX_201016_01_E05-1153814151	1.0281938134167355e-05	0.0001852291026326	-0.0001749471644985	0.0024752	-0.0023712	0.0048464	704	32
TGGATTGGTTGTCATC-L8XR_210722_01_B08-1122543704	-8.481732474159363e-05	7.924726758089698e-05	-0.0001640645923224	0.0020874	-0.00043497	0.0025223	969	30
ACGTTCCTCTCTCAAT-L8TX_210826_01_D06-1153814373	2.1467559939979044e-05	-0.0002062299972235	0.0002276975571635	-0.0024302	-0.00083552	-0.0015947	647	32
GCTTCACCACGTATAC-L8TX_210722_01_B08-1153814305	1.9784155783230783e-05	-0.0001213166221753	0.0001411007779585	-0.0011145	-0.0029572	0.0018426	1157	32
AGTGTTGGTAGATTGA-L8TX_210708_01_E09-1153814283	0.000326211274912	-0.0003577770498933	0.0006839883248053	0.00012091	0.0027211	-0.0026002	472	39
TCAAGCAGTCCCTAAA-L8TX_210722_01_C08-1153814328	9.458247591537882e-06	-6.0397039567281336e-06	1.5497951548266015e-05	-0.0013979	-0.0022123	0.00081444	1091	30
GTGTTAGGTCTGCATA-L8TX_210402_01_H09-1153814176	9.98896080045047e-05	-2.9985191803056946e-05	0.0001298747998075	-4.0587e-06	0.0005542	-0.00055826	544	33
GGAGGTACACTGGATT-L8TX_201106_01_B04-1142430350	-0.0001406821499038	8.398953515594579e-05	-0.0002246716850597	0.0018456	-0.0019917	0.0038374	540	36
ATCGTGATCGAGAGCA-L8TX_210408_01_D10-1153814182	-7.30128563918307e-06	9.66717792991864e-05	-0.0001039730649383	-0.00019235	-0.0031234	0.0029311	1065	32
CCGATCTCATCTTAGG-L8TX_210729_01_C12-1153814340	0.0002651716765865	-0.0001252318973952	0.0003904035739818	-0.0025083	-0.0024371	-7.1139e-05	569	33
GTATTCAAGGAGGCAT-L8XR_211007_02_C04-1135704089	0.0001971497437407	-4.9830942723486015e-05	0.0002469806864642	-0.0029789	0.0039869	-0.0069657	623	34
TGCTTCGGTATTCTCT-L8TX_210408_01_D10-1153814182	8.16609061834456e-05	5.922521059746929e-05	2.2435695585976308e-05	0.0030101	-0.00053814	0.0035483	1345	34
AAGCGTTTCTATACGG-L8TX_210826_01_C06-1153814371	6.936897468714958e-05	0.0001871864650878	-0.0001178174904006	0.0031659	0.0013728	0.0017932	1157	31
TGGTTAATCATGAAGG-L8XR_211021_02_E08-1138433803	9.407267777847082e-05	-3.530332463261241e-05	0.000129376002411	0.0039532	0.0046437	-0.00069046	1470	31
GACCGTGGTTCACGAT-L8TX_210121_01_C03-1142430372	-1.559264372866487e-05	-7.270476685840401e-05	5.7112123129739136e-05	0.00057806	0.0017611	-0.0011831	673	32
ATAGGCTGTCAAGTTC-L8TX_210513_01_C09-1142430429	-0.000139324032094	-0.0001420101238892	2.686091795223476e-06	0.00042147	0.0020886	-0.0016671	874	48
GTAACACAGTTTGGCT-L8TX_210506_01_H08-1153814228	0.0003710153272259	-0.0002381231122907	0.0006091384395167	-0.00021097	0.0014052	-0.0016162	704	29
CTACATTCAAGAATAC-L8TX_210415_01_G11-1153814190	-0.0004250554170597	0.0003026801194231	-0.0007277355364828	0.0041094	0.0014802	0.0026292	651	32
TAAGCACCATAGGTAA-L8TX_210722_01_E08-1153814332	-5.249587024923338e-05	0.000144669620383	-0.0001971654906322	0.00032604	-0.0012036	0.0015297	551	30
CTAAGGTTCCTTCGTA-L8XR_210722_01_H07-1122543705	-7.216491173668633e-05	-3.338632015172805e-05	-3.877859158495829e-05	-0.0010008	-0.0022226	0.0012218	496	35
TAACCAGGTCACTCTC-L8TX_210401_01_F09-1142430399	0.0001462228952679	-0.0001381745914658	0.0002843974867337	0.0022622	-0.0019086	0.0041708	759	47
ACTTCGCTCCAGTGTA-L8TX_210722_01_E07-1153814301	2.97825435104306e-05	2.3136399732106267e-07	2.955117951310954e-05	0.0020265	-0.0013934	0.0034199	672	35
TTAATCCGTGGTCTGC-L8TX_210722_01_F08-1153814334	-1.974687400216983e-05	2.5944118619496825e-05	-4.569099262166666e-05	0.0021682	-0.0017631	0.0039313	843	32
GCACATACAGCAGATG-L8TX_210401_01_C09-1153814178	0.0002779508681474	-0.0004804750952987	0.0007584259634462	-0.00012986	-0.0026626	0.0025327	858	31
TGCCGAGCATAGAAAC-L8TX_210708_01_D09-1153814279	0.0002238790116758	5.4524993309908144e-05	0.0001693540183659	0.00029148	-0.001875	0.0021665	443	34
TGAGGGAGTTGTGGCC-L8TX_210107_02_E12-1142430367	-2.1878946907785488e-05	-9.034887675770831e-05	6.846992984992282e-05	0.00030755	-0.00066481	0.00097236	870	30
GTTGAACTCACTGCTC-L8TX_210722_01_E07-1153814301	9.028974867625636e-05	1.3994187859087066e-05	7.62955608171693e-05	0.001466	0.00091565	0.00055031	770	32
CGGGACTGTATTAAGG-L8TX_210430_01_H04-1142430420	-2.714864641108646e-05	-9.3540595566537e-05	6.639194915545055e-05	-0.00029823	0.002956	-0.0032543	880	30
TGGCGTGTCAGTAGGG-L8TX_210715_01_F05-1153814275	6.971450783542832e-06	0.0001642055577083	-0.0001572341069247	-0.00026232	0.0025126	-0.0027749	835	32
GTGCAGCGTATCTCGA-L8TX_210506_01_F07-1153814222	0.0001903324835581	0.0001464192359619	4.39132475962238e-05	0.005225	0.002725	0.0025	543	31
CCTAGTTGTAATCGTG-L8XR_211014_02_D05-1136687625	9.213888773623708e-05	-2.4668228782522476e-05	0.0001168071165187	0.003165	-0.0029446	0.0061097	900	30
GCTTAGTAGCCTGTTC-L8XR_211021_02_G06-1138433804	0.0001848232525137	-3.4875745019490335e-05	0.0002196989975332	0.00047403	-0.0011672	0.0016412	995	28
TTGAGTGCAGGCCCTA-L8TX_210506_01_B09-1153814245	0.0001187798532354	8.009703889866244e-05	3.868281433675608e-05	0.00017882	-0.00037976	0.00055859	484	31
AATTTCCTCGACCATA-L8TX_210708_01_F09-1153814281	-9.376758663302765e-06	4.567379340928489e-05	-5.505055207258765e-05	0.0010351	-0.0012699	0.0023051	1111	31
GATTGGTAGTCACGAG-L8TX_210930_01_F03-1153814381	-0.0001085364796186	-0.0002564048238275	0.0001478683442088	0.0032605	-0.0014997	0.0047602	497	29
TTCTAGTAGATTTGCC-L8TX_210826_01_C06-1153814371	1.6266623080477126e-05	-9.70831493723795e-05	0.0001133497724528	0.0021127	-0.0028002	0.0049129	1486	31
TGCCGAGCAAGAGGCT-L8TX_210430_01_F04-1142430405	-1.538879472146969e-05	-4.985055310742647e-05	3.4461758385956784e-05	-0.0010378	0.0027483	-0.0037862	904	39
CACACAACAGCGCTTG-L8TX_210311_01_F03-1142430382	9.1661160308288e-05	-0.0001260723987303	0.0002177335590386	-0.00019798	-0.00085363	0.00065564	581	36
GTCGTTCTCGACCAAT-L8TX_210429_01_A03-1153814204	-8.342757245284221e-06	-8.353185661058673e-06	1.0428415774452589e-08	-4.635e-05	-0.00065199	0.00060564	809	30
TTACAGGGTCAACGCC-L8TX_210701_01_A07-1153814267	-0.0001447489335038	-0.000360350246389	0.0002156013128852	0.0002623	0.00090201	-0.0006397	644	35
TTACCGTGTCACCAAA-L8XR_210715_01_D12-1121747486	0.000136849916251	-5.834558667372683e-05	0.0001951955029247	0.0006902	0.001267	-0.00057685	926	34
GAAGCGAGTTGCATGT-L8TX_201030_01_G12-1142430346	0.000329831607814	0.0001461505562762	0.0001836810515377	0.0030059	-0.0021681	0.005174	451	39
CAGTTAGTCCGGTAGC-L8TX_210708_01_D09-1153814279	6.27590437912897e-05	-2.1467981439477047e-05	8.422702523076675e-05	0.00098987	0.00075946	0.0002304	991	31
GGTAACTTCTGTGCAA-L8TX_210430_01_B04-1153814208	0.0001482988616014	-0.0001603263775386	0.00030862523914	-0.0015018	0.0025071	-0.004009	827	40
CCCTCTCGTATCGAGG-L8TX_210311_01_D03-1153814157	-0.000166811459781	0.0004236232454214	-0.0005904347052024	0.00090773	0.00045175	0.00045598	742	35
TTTGGAGTCGACCTAA-L8TX_210826_01_D06-1153814373	-3.575963626998043e-05	0.0006364012310376	-0.0006721608673076	-0.0010078	0.002051	-0.0030589	705	32
AGGCAATCACGAATTT-L8XR_211014_02_H05-1136687627	0.00028969531753	-0.0003513376917214	0.0006410330092515	0.00051889	0.00028455	0.00023434	753	31
ATCACAGGTGTTCCAA-L8TX_210521_01_F05-1153814247	0.0003054767836295	-0.0011723773938315	0.0014778541774611	0.0031659	-0.0018	0.0049659	516	30
AACCATGGTGTTAGCT-L8TX_210805_01_B03-1153814324	-0.0002199373434506	-0.0001840859742086	-3.585136924198507e-05	-0.0011224	0.0019595	-0.0030818	689	31
GTTGCTCCATCGATCA-L8TX_210729_01_F12-1153814344	6.558223213245618e-05	-7.669412077926214e-05	0.0001422763529117	0.0030048	-0.0026844	0.0056892	584	34
ACGTACACACTCCCTA-L8TX_210701_01_E07-1153814263	-3.052523664082782e-05	0.0009672183616623	-0.0009977435983032	0.00056869	0.00039094	0.00017774	805	31
TCATATCCAACACACT-L8TX_210812_01_C10-1153814352	0.0001036438025018	-0.0003016196618555	0.0004052634643573	-0.0012693	-0.00021764	-0.0010517	807	29
AATAGAGTCTGCAGCG-L8TX_210318_01_E04-1153814164	8.732230011143386e-05	3.964022415145445e-05	4.768207595997942e-05	0.0011767	0.0023207	-0.001144	516	31
TGTTACTAGTTTCGGT-L8TX_211111_01_C10-1153814394	-5.378574044818278e-05	-8.630509423353235e-05	3.2519353785349566e-05	0.0023239	-0.0015238	0.0038478	902	35
TCATTGCGTTAGACCA-L8XR_210812_01_F11-1124987484	2.593999115568082e-05	9.738224638348188e-05	-7.144225522780106e-05	0.0018856	-0.00067195	0.0025576	712	32
TCTGGCTGTTCAAGTC-L8TX_210325_01_H08-1142430397	-0.0008559017098516	0.0003464528475529	-0.0012023545574045	0.0027514	-0.00029675	0.0030481	474	36
CTCCCAACACATCATG-L8TX_210408_01_D10-1153814182	0.0002305964019916	0.0001305420344323	0.0001000543675593	0.0016697	-0.00097128	0.002641	781	32
TAATCTCTCTCCGCAT-L8TX_210930_01_E03-1153814379	0.0002717741018684	0.0002750630337045	-3.2889318360806823e-06	0.00248	0.0013746	0.0011054	1046	30
ATTACCTTCAGAGCGA-L8TX_210506_01_B09-1153814245	0.0006836232745088	-9.227235712946967e-05	0.0007758956316383	0.0028085	0.0044909	-0.0016825	801	33
TTGGTTTAGAAGCTCG-L8TX_210825_01_H11-1142430455	-3.484971346630968e-05	0.0002054335684513	-0.0002402832819176	-0.0022445	-0.0011034	-0.0011411	611	32
GACTCTCAGATGCTTC-L8TX_201030_01_F12-1142430343	-6.303894256610911e-05	2.3710534220763995e-05	-8.67494767868731e-05	-0.00051873	-0.0001499	-0.00036883	753	34
CAGGCCACAGTGTACT-L8TX_210825_01_E12-1142292445	5.256626881821225e-06	-0.0001062969530041	0.0001115535798859	0.00098803	0.0022629	-0.0012748	835	30
ACAGAAATCGAAGGAC-L8TX_210513_01_H09-1142430435	-0.0001210069064249	0.0001384352614149	-0.0002594421678399	-0.0014033	0.00047723	-0.0018805	703	31
ATTCCCGAGCATGCAG-L8TX_210401_01_F09-1142430399	0.0001805601425082	0.0005912374461399	-0.0004106773036316	-0.0017382	-0.00015457	-0.0015836	483	34
CCTCAGTCACCCTGAG-L8TX_210722_01_G08-1153814336	-1.56606260402965e-05	-0.0001636350068643	0.000147974380824	0.002997	-0.0023191	0.0053161	656	29
TTTGGAGCACAGCCTG-L8TX_210521_01_D05-1142430443	-0.0005485133562243	0.0003921121493713	-0.0009406255055956	0.0010671	-0.0022742	0.0033414	949	32
GGGATGAAGCACTCTA-L8TX_210318_01_D05-1142430392	5.659303774425544e-06	5.312092435142932e-06	3.472113392826121e-07	-0.00051693	0.00094103	-0.001458	616	32
TTTCAGTAGATGGGCT-L8TX_210506_01_G08-1142430427	1.878611633303161e-05	-0.0001095427151878	0.0001283288315208	-0.001806	-8.9789e-05	-0.0017162	1115	49
CTTTCAACAGCGATTT-L8TX_210701_01_E07-1153814263	8.69105123059135e-05	-0.0001054870725341	0.00019239758484	-0.00078011	0.0030691	-0.0038492	1164	31
ATCCTATTCGTTAGTG-L8TX_210722_01_F08-1153814334	1.5780478798056678e-05	-0.0001380798403438	0.0001538603191418	0.0017886	-0.0017801	0.0035687	567	36
CTTACCGAGCGCGTTC-L8TX_210715_01_B05-1153814290	0.0001395938420926	-0.0003241159902019	0.0004637098322946	0.0022642	0.0055058	-0.0032416	765	28
ATGAAAGAGGTGGCTA-L8TX_210729_01_E12-1153814342	0.000107170076109	-8.831084243835418e-05	0.0001954809185473	0.0019376	0.0012557	0.00068191	822	31
GGTAGAGCACATGGTT-L8TX_210430_01_E05-1142430422	-0.0002091735165701	2.315391203312157e-06	-0.0002114889077734	0.0008787	-0.0017201	0.0025988	959	34
AGGGCTCAGCACCCAC-L8TX_210826_01_B06-1153814368	-0.0001143834235997	-0.000197168641837	8.278521823737121e-05	-0.00048408	0.0042009	-0.004685	564	34
TTTATGCGTTAAGACA-L8TX_210722_01_C08-1153814328	0.0001827398615594	-0.0001293642480296	0.0003121041095891	-0.0031949	-0.00017334	-0.0030215	871	30
GTCTACCGTGACCGAA-L8TX_210722_01_G07-1153814308	5.845585660292392e-05	-0.0001867370743235	0.0002451929309264	-0.0018158	-0.0021537	0.00033789	927	30
TTAGGGTAGTTCGCAT-L8TX_210722_01_D08-1153814330	2.097052714662677e-05	-0.0001894719019827	0.0002104424291293	0.0021073	-0.0025302	0.0046374	1149	32
TAAGTCGGTTCGGTCG-L8TX_210715_01_E05-1153814273	4.1128820206043054e-05	0.0001474430177324	-0.0001063141975264	-0.00053429	0.001942	-0.0024763	953	31
CGGGTGTAGTTGCGCC-L8TX_210513_01_C09-1142430429	-0.0001967856413791	-0.0001170440080652	-7.974163331394704e-05	-0.0016898	-0.0005559	-0.0011339	773	44
GCAGGTTGTTGCTTCG-L8XR_211021_02_E08-1138433803	2.282614314672185e-06	-0.000204879994457	0.0002071626087716	-0.00094748	-0.0016054	0.00065791	1055	31
TGCATGAGTGAATTGA-L8TX_210708_01_D09-1153814279	0.0002159918121798	4.739415302496658e-06	0.0002112523968773	-0.0024551	-0.00087317	-0.001582	562	31
ACAACCAGTTACAGCT-L8TX_210805_01_F02-1153814316	-3.0475984979528948e-05	-1.9160723019650816e-05	-1.1315261959878132e-05	0.00042836	0.0004606	-3.2236e-05	613	37
ATATCCTCACCAGTAT-L8TX_210708_01_E09-1153814283	-4.5175802144788106e-05	-8.093857646988981e-05	3.5762774325101706e-05	0.0015026	-0.0016381	0.0031408	1365	34
GTCGAATGTAAGCTCT-L8TX_210513_01_H10-1153814232	0.0003062863706878	5.8535474077922746e-05	0.0002477508966099	0.00043422	-0.0014552	0.0018894	1091	33
GCACATTAGTCAGGCC-L8XR_211014_02_H05-1136687627	-0.0001088290510316	-2.801643760550426e-05	-8.081261342609712e-05	0.0033955	-0.00084634	0.0042419	864	35
TTTCAGTAGTGGATTA-L8TX_210826_01_D06-1153814373	5.019719517752571e-05	7.180799995840429e-05	-2.161080478087857e-05	0.00040167	0.0023774	-0.0019757	676	29
AAAGTCCGTTGTAGCT-L8TX_210430_01_E05-1142430422	-0.0003170009522204	0.0003726538241572	-0.0006896547763777	-0.00065038	0.0043437	-0.0049941	519	29
TTGTGTTTCGGCGATC-L8TX_201016_01_E05-1153814151	-8.140562039036011e-05	0.0008134837377889	-0.0008948893581792	-0.0015759	0.0014682	-0.0030441	639	40
ACATCCCGTAGCACAG-L8TX_210318_01_B05-1153814162	0.000244422088351	-6.552254791612398e-05	0.0003099446362671	0.0047387	0.0024524	0.0022863	987	30
GATGATCTCGTTTACT-L8TX_210429_01_H02-1142430403	3.772353171193496e-05	0.000338131964972	-0.0003004084332601	0.0016058	-0.0014404	0.0030462	1319	29
GCTACAACAGCGTAGA-L8TX_210923_01_G06-1153814375	0.0004453374520019	-0.0003259756085535	0.0007713130605554	0.0017484	0.0020404	-0.00029204	608	33
TTGACCCAGGCCTAAG-L8TX_210506_01_B09-1153814245	5.443985564203442e-05	4.639705638123174e-05	8.042799260802685e-06	-0.00047389	-3.4645e-05	-0.00043925	905	35
CAACAACAGGATGAGA-L8TX_210107_02_F12-1142430369	0.0003335700267136	5.30104569599496e-05	0.0002805595697537	0.00072218	0.0010709	-0.00034869	716	35
AAAGTGAGTCTTGGTA-L8TX_201030_01_G12-1142430346	1.5253125915469718e-06	-1.849685417463764e-05	2.002216676618461e-05	-0.0012892	0.00045639	-0.0017456	549	31
AAGTGAATCCTTCTTC-L8TX_210506_01_E08-1153814230	0.0002761539940095	-0.0001783921706557	0.0004545461646652	0.0010896	0.0020487	-0.00095911	1439	31
TGAGCATAGACGCCCT-L8TX_210506_01_F07-1153814222	0.0004264206365479	1.0557531429059537e-05	0.0004158631051188	0.00065289	0.0069914	-0.0063385	591	31
GTCTAGAAGCCTAGGA-L8TX_210708_01_E09-1153814283	-3.715631688638923e-06	-0.0002339850511712	0.0002302694194825	-0.00040499	0.0010802	-0.0014852	477	35
TGGAACTTCTGCATGA-L8TX_210513_01_C09-1142430429	7.44645706835582e-05	-7.561447461075486e-05	0.0001500790452943	0.00028558	-0.003448	0.0037336	716	28
TGCAGGCGTACGCGTC-L8TX_210513_01_H10-1153814232	0.0003322986094773	-8.918947728841532e-05	0.0004214880867658	0.0030198	0.00023573	0.0027841	1069	35
GCGGATCGTGCTTATG-L8TX_210107_02_B12-1142430363	-4.2486195680400885e-05	-0.0001310821086957	8.859591301536184e-05	0.0041548	0.0025105	0.0016443	447	34
GATGATCCATGTGACT-L8TX_210722_01_B08-1153814305	0.0001033480089796	-0.0001631356448731	0.0002664836538528	-0.00014602	0.0022521	-0.0023981	488	33
CTACATTGTATCAGCT-L8TX_210415_01_F11-1142430401	0.00020487762179	0.0004656128605496	-0.0002607352387596	-0.0021126	0.00056627	-0.0026788	894	29
GAAGTAAAGTTCCGGC-L8TX_210513_01_C09-1142430429	0.0001757381771108	-5.250743190291663e-05	0.0002282456090137	0.00225	-0.0014636	0.0037136	716	30
ATTACCTGTTGATGTC-L8TX_210506_01_B09-1153814245	2.6047918772618024e-05	-2.7350446813449965e-05	5.339836558606799e-05	0.0016762	0.00025835	0.0014178	1215	30
ACTGATGCAACGCCCA-L8TX_201217_01_B08-1142430356	7.801969633052738e-05	-4.321892470899527e-05	0.0001212386210395	0.00026694	-0.0021383	0.0024052	628	30
TGCATGAGTGTGATGG-L8TX_210506_01_E08-1153814230	9.50372865655262e-05	-9.47817431701468e-05	0.0001898190297356	-0.00041755	-0.0010325	0.00061495	1034	37
CTACCTGCAAAGGTTA-L8TX_210319_01_C07-1153814168	-0.0002068563871523	-0.0003167605926794	0.000109904205527	-5.3783e-05	0.0028744	-0.0029282	670	30
AACCTGATCTGGTCAA-L8TX_210430_01_H04-1142430420	7.245304531358531e-05	0.0005415243104676	-0.000469071265154	0.0026819	-0.0020898	0.0047716	1159	34
TCCTAATCATGACGGA-L8TX_210305_01_G02-1153814153	1.928837344751503e-05	1.620642855267185e-05	3.081944894843182e-06	-0.00109	-0.0018837	0.00079372	533	31
TTGTTTGCATCCAACA-L8TX_210311_01_F03-1142430382	-5.0310725826761146e-05	-0.00023317314322	0.0001828624173933	-0.00067935	-0.00076337	8.4025e-05	775	34
GCAACCGAGGGCAATC-L8TX_210226_01_A12-1142430380	7.978794019169743e-05	6.292293435096507e-05	1.6865005840732366e-05	0.0015278	-0.0017553	0.0032831	1027	39
ACAGAAAAGCCTGCCA-L8TX_210722_01_D08-1153814330	-0.0001806766019707	3.8454619056697385e-05	-0.0002191312210274	0.0012491	-0.0025022	0.0037513	667	31
CGCATAAAGGGTTAAT-L8TX_210408_01_D10-1153814182	-7.477867037038773e-06	-5.552478373191423e-05	4.804691669487546e-05	-0.00052306	-0.00024581	-0.00027725	1883	36
CTAACCCGTACGTACT-L8TX_210429_01_H02-1142430403	4.296636713775822e-05	-7.632124019040553e-05	0.0001192876073281	0.00084949	0.00089976	-5.0268e-05	1668	36
GACCCAGTCGGTCACG-L8TX_210513_01_H10-1153814232	-0.00070307717423	0.000172626146597	-0.000875703320827	2.1407e-05	0.0016074	-0.001586	897	31
TGTGAGTCACAAAGTA-L8TX_210319_01_F05-1142430388	0.0001031666180493	0.0002253581056505	-0.0001221914876011	0.00048668	-0.00079935	0.001286	607	38
CGGAGAAGTCGCCTAG-L8TX_210513_01_G11-1153814261	-8.720845255391984e-05	-8.385196890385336e-05	-3.3564836500664884e-06	-3.6881e-05	-0.0011028	0.0010659	667	33
CTATGGCCACCTCGCT-L8XR_210902_02_D08-1131257170	1.4269307918289302e-05	-0.0001231710813693	0.0001374403892876	0.00040177	-0.0024036	0.0028054	503	36
TTACCGCCATCACGGC-L8TX_210430_01_C04-1142430413	9.49939158349708e-07	-5.437751985114172e-05	5.532745900949143e-05	-0.0019302	-0.0024076	0.00047746	585	33
TCCTGCAAGAACCGCA-L8TX_210513_01_D09-1153814243	2.9684782790837524e-05	-4.486764780394429e-05	7.455243059478181e-05	-0.0011717	-0.00018319	-0.00098853	701	31
TTACCGCTCGTCGACG-L8TX_210701_01_H06-1153814265	0.0004670806872523	0.0001872661865778	0.0002798145006745	-0.0013611	-0.0022127	0.00085158	748	31
GGGACAAGTGGCAGAT-L8TX_210826_01_C06-1153814371	0.0004686112206228	0.0002172945664301	0.0002513166541926	-0.0019875	-0.0024598	0.00047232	785	34
AATCCGTAGTATTGGC-L8XR_210902_02_B08-1131257169	-0.0002751119666323	-0.0003153598398995	4.024787326720327e-05	0.00021108	-0.00056564	0.00077672	965	30
GAGAGGTCACGCGCTA-L8TX_210107_02_C12-1142430365	7.503547293842358e-06	-0.0002251143469012	0.000232617894195	-5.3143e-05	0.00035845	-0.00041159	762	31
TCACTCGTCCAGCCTT-L8TX_210715_01_F05-1153814275	5.7692679649461686e-05	8.80153273488127e-05	-3.032264769935102e-05	-0.0011079	0.0004955	-0.0016034	644	34
GTTCGCTAGGCTTAAA-L8TX_211021_01_C04-1153814392	0.0001794743347673	-2.558541508265602e-05	0.0002050597498499	0.00087944	-0.00084378	0.0017232	622	31
TATTGCTTCCTCTAGC-L8TX_210318_01_G04-1153814166	0.0001421992507565	0.0002426096830423	-0.0001004104322857	-0.0011405	-0.00066327	-0.00047728	580	30
ACTGATGAGCATCAGG-L8TX_210506_01_B09-1153814245	0.0003052757422878	1.9742437792017284e-05	0.0002855333044958	0.00076469	-0.0045773	0.005342	776	29
GTCTCACAGCCTCAAT-L8TX_210722_01_B08-1153814305	-9.78330544666071e-05	-0.0001089387396719	1.1105685205336016e-05	-0.0021112	0.00025935	-0.0023705	957	30
ATGACCATCGGTCTAA-L8TX_210514_01_G12-1142430439	0.0003981074922143	-0.0001991156527928	0.0005972231450072	0.0016501	2.9738e-05	0.0016204	583	36
TTACGTTCATACCAGT-L8TX_210825_01_F12-1153814357	-8.714395285211006e-05	-0.0001482410659969	6.109711314483884e-05	-0.00096287	-9.7771e-05	-0.0008651	535	34
GGGAGATTCTATCGGA-L8TX_201015_01_G03-1153814149	6.413932400407241e-05	6.666800251967045e-05	-2.5286785155980367e-06	8.3604e-05	0.0020491	-0.0019655	654	29
AGCGTCGTCGATACAC-L8TX_210402_01_G09-1153814180	3.4682804175325144e-05	-4.459992340431809e-05	7.928272757964323e-05	-0.0037085	-9.4482e-05	-0.003614	476	35
TGTAAGTGTCTCAGCC-L8XR_210805_01_H09-1124629228	0.000107089211549	1.3235902436645854e-05	9.385330911235438e-05	-0.001406	0.0035648	-0.0049708	712	28
CTTCTAAGTCGGCACT-L8TX_210513_01_H09-1142430435	-4.416697677950699e-05	-0.0003833681928486	0.0003392012160691	-0.00059176	-0.0024695	0.0018777	762	29
ATGAGGGGTTGTTTGG-L8TX_210930_01_E03-1153814379	-0.0004726248953881	-0.0006304063674068	0.0001577814720187	0.0005109	0.0007301	-0.0002192	632	31
GGGTATTCAATAAGGT-L8TX_210513_01_E10-1153814251	-1.7751057286317427e-05	-0.0003118239177513	0.000294072860465	0.0021217	-0.00252	0.0046417	484	35
TCGCTCAAGGCCTGCT-L8TX_210430_01_H04-1142430420	-6.068142109849405e-05	-3.734734393602968e-05	-2.333407716246437e-05	0.0033088	0.0007315	0.0025773	925	32
TCGACCTCACCAACAT-L8TX_210107_02_B12-1142430363	0.000524440495936	0.0008580633380025	-0.0003336228420665	-0.0018569	0.00070253	-0.0025594	832	30
TTCGGTCCAACCAGAG-L8TX_210107_02_B12-1142430363	-0.0003033826674248	-0.00021578145994	-8.760120748477259e-05	-0.0014355	-0.00027423	-0.0011612	1175	35
ATCGATGTCTGACCCT-L8TX_210826_01_B06-1153814368	0.0001274610381185	7.956119497469398e-05	4.7899843143810354e-05	0.003147	-0.0005861	0.0037331	1005	31
CACAACACAAATTGCC-L8TX_210430_01_F04-1142430405	4.048843864179907e-05	7.030951987155984e-05	-2.9821081229760776e-05	-0.00048337	0.00086744	-0.0013508	705	38
ATCCTATTCAACCCGG-L8TX_210430_01_F04-1142430405	0.0001384025600234	-0.0001487473512448	0.0002871499112683	0.0024777	0.00056075	0.001917	495	32
GTGTGGCAGCTGAAGC-L8TX_210402_01_G09-1153814180	-6.901602359545516e-05	-4.212278968057833e-05	-2.689323391487683e-05	-0.0011777	-0.0016708	0.00049315	607	35
TTAGGGTAGGACTATA-L8TX_201217_01_B08-1142430356	0.0001853579619849	0.0003969117795085	-0.0002115538175235	0.0029672	0.0023292	0.00063799	628	32
ATCGATGTCCACCTGT-L8TX_210506_01_E08-1153814230	0.0002599879275509	-0.0003966522090449	0.0006566401365958	0.00057155	0.00043274	0.00013881	1299	32
GGACCGAAGAGCAAGC-L8XR_210722_01_H07-1122543705	5.207417559291457e-05	-0.0001191774012108	0.0001712515768037	-0.00085904	0.0032669	-0.0041259	469	31
TCATAACCACTAAGCC-L8XR_211021_02_E08-1138433803	-6.70771389767345e-05	-7.709787939274775e-05	1.0020740416013252e-05	-0.0020464	0.0040891	-0.0061355	1178	33
CTAACTTGTCACTTCC-L8TX_210513_01_D09-1153814243	-1.316237317604116e-05	-0.0001746516187863	0.0001614892456103	-0.0015972	0.0015915	-0.0031886	1216	31
TCCCACATCGTGGCTG-L8TX_201217_01_G06-1142430354	0.000190816891244	-0.0003147258734236	0.0005055427646676	0.0015683	0.00052151	0.0010468	618	36
CAATGACCACCGTCTT-L8TX_210729_01_D12-1153814314	-3.424499384144294e-05	3.758959701903829e-05	-7.183459086048123e-05	-0.0002185	0.00027863	-0.00049713	1953	32
GAATCACCAAATGCTC-L8TX_210521_01_C05-1142430441	-0.0001682775219538	-0.0001926151759979	2.433765404413112e-05	-0.00033991	-0.00057544	0.00023552	723	36
CAGTTCCAGGCGACAT-L8TX_210715_01_B05-1153814290	0.000357207402449	-3.8737536323242536e-05	0.0003959449387722	0.00072733	-0.00028155	0.0010089	598	36
CAGATCACATGCAGCC-L8TX_210701_01_B07-1153814269	-0.0003013915899147	8.995300025731732e-05	-0.000391344590172	-0.00096492	0.0013525	-0.0023174	467	34
GCACGTGAGGGAGATA-L8TX_210513_01_H10-1153814232	1.8701824499056342e-05	9.708199017278587e-05	-7.838016567372954e-05	-0.00089353	-0.0009369	4.3372e-05	921	29
AAATGGCCAGGATAAC-L8XR_210722_01_B08-1122543704	0.0003113062795641	-0.0001952946735679	0.0005066009531321	-0.0016628	0.00075519	-0.002418	798	32
CCCTTAGAGTAATCCC-L8TX_210826_01_B06-1153814368	-3.192662484875829e-05	0.0001311044288253	-0.0001630310536741	0.0023331	-0.0013833	0.0037164	533	41
CCATAAGTCCTGTAAG-L8TX_210430_01_H04-1142430420	8.911117945001006e-05	-2.147893465166409e-05	0.0001105901141016	-0.00014588	-0.00069224	0.00054636	1511	35
GTTCCGTCATCTTTCA-L8TX_210506_01_B08-1153814220	3.0200243833356394e-05	-0.0001525514700091	0.0001827517138425	0.00081484	0.0012754	-0.00046054	725	31
GCGAAGCCATGAGCAG-L8XR_210902_02_D08-1131257170	0.0001795971957135	-0.0001493460371228	0.0003289432328363	0.0040516	0.0011596	0.002892	1077	28
TAGATCGCACTGAATC-L8TX_210715_01_E05-1153814273	-4.929298192290818e-05	-0.0001088995269347	5.960654501185078e-05	-0.0017568	0.0018889	-0.0036456	644	29
TTACGCCCATGGCTAT-L8TX_210402_01_H09-1153814176	-3.336443645815488e-06	-0.000194644206087	0.0001913077624412	0.0016228	-0.00016177	0.0017845	579	30
ACGGTCGTCTAAGCCA-L8TX_201015_01_G03-1153814149	0.0001261780603194	-0.0002018535244444	0.0003280315847639	0.0013708	0.0010117	0.00035908	486	31
GATGCTAGTATGTGTC-L8TX_210825_01_F12-1153814357	7.990208829413807e-05	-7.701644940876623e-05	0.0001569185377029	0.00013017	-0.002214	0.0023442	440	30
CATACCCTCCCAATAG-L8TX_210812_01_C10-1153814352	-0.0001744392530146	0.0001748982667005	-0.0003493375197152	0.0012699	-0.0026705	0.0039404	686	33
TCAATCTTCCTCTCTT-L8TX_210825_01_H11-1142430455	-4.584011632492663e-05	-0.0001482196216398	0.0001023795053149	-0.0013541	-0.0024118	0.0010577	558	34
TGAGCATAGGCGTCCT-L8TX_210430_01_E05-1142430422	-0.0001570979445314	-0.0002613883247647	0.0001042903802332	-0.00035744	0.0027807	-0.0031381	734	34
TGCAGGCCACATACTG-L8TX_201217_01_G06-1142430354	0.0005263928912107	-0.0002082656152319	0.0007346585064427	0.00060091	-0.00033349	0.0009344	643	34
ACGGGTCAGACACACG-L8TX_210729_01_E12-1153814342	-0.0001604969313858	0.0001943120363763	-0.0003548089677621	-5.1628e-05	-0.00055879	0.00050717	1694	31
TCGAACATCGAATGCT-L8TX_210826_01_G05-1153814361	-0.0002747570628062	0.0002376002530616	-0.0005123573158678	-0.0017425	0.00084208	-0.0025846	894	34
GTTTGGACAAATGCGG-L8TX_210513_01_A10-1153814239	-0.0004213271532992	-0.000140436014881	-0.0002808911384182	0.000883	0.00064304	0.00023996	774	37
CTGAATGTCACTAGCA-L8TX_210514_01_F12-1153814237	-2.8476087374090584e-05	-0.0001670224057991	0.000138546318425	0.0015921	0.00085326	0.00073885	540	31
AGTCAACAGCCAAGTG-L8TX_210825_01_F12-1153814357	1.286172342538116e-05	-0.0001960319081051	0.0002088936315305	0.00054345	-0.00060684	0.0011503	681	31
TGCTTGCCACTAGAGG-L8TX_210701_01_E07-1153814263	2.43256306186156e-05	0.0001994227296774	-0.0001750970990588	0.00056038	-0.004733	0.0052934	858	30
CTGAGGCTCGCCAGAC-L8TX_210722_01_E07-1153814301	1.3341773004941088e-05	0.0002662371998153	-0.0002528954268104	0.0047867	-0.00020989	0.0049966	724	30
GCGGATCGTGACGTCC-L8TX_210430_01_B04-1153814208	0.0005835441168171	-8.005628163455996e-05	0.0006636003984516	0.0016748	-0.0017578	0.0034326	605	31
AATGCCACACAAGCTT-L8TX_210513_01_E09-1153814234	-0.0002779334846054	0.0001774391387955	-0.0004553726234009	0.0001752	-0.0032209	0.0033961	555	30
CATCAAGGTATGAGAT-L8TX_210506_01_E08-1153814230	0.0001307513210023	0.0001498820761868	-1.913075518447172e-05	-0.0011865	-0.002735	0.0015485	695	30
CAATTTCCAGACAAGC-L8TX_210107_02_F12-1142430369	0.000433634624966	-1.1983293760031285e-05	0.000445617918726	-0.0028974	-0.00095239	-0.001945	893	29
TACATCAAGGAGCAAC-L8XR_210722_01_D08-1122543703	0.0001704223827796	0.0002675542631861	-9.713188040647596e-05	0.0028757	-0.0013197	0.0041954	636	30
CTGCTCAAGCATCCTA-L8TX_210506_01_D08-1153814226	-0.0001456441622914	-3.688887797852758e-05	-0.0001087552843129	0.0052738	-6.3362e-05	0.0053371	558	31
GTCCTCACAACAAAGT-L8TX_210506_01_H08-1153814228	2.1408847870308484e-05	-0.0002045486918355	0.0002259575397058	0.0010567	0.0017936	-0.0007369	832	35
AGAACAAGTGACATGC-L8XR_210805_01_E10-1124629229	-0.0002081827391532	4.3686658034770494e-05	-0.000251869397188	0.00097002	-0.00096146	0.0019315	1251	36
TTGTTTGAGCGATTCT-L8TX_210805_01_F02-1153814316	0.0001391201142879	-0.000153906305193	0.0002930264194809	0.0020216	0.0016282	0.0003934	669	32
AGCTAGTTCCCATAAA-L8XR_211021_02_G06-1138433804	0.000123759867246	0.0001475674753641	-2.3807608118120053e-05	0.00049295	0.0012175	-0.0007246	1382	29
TGCACGGGTCCATAGT-L8TX_210826_01_D06-1153814373	5.3101634460207245e-06	-0.000188463996727	0.000193774160173	-0.0011235	-0.00034695	-0.00077657	1058	31
CGGCAGTTCCATCTAT-L8TX_210729_01_G12-1153814338	-3.2707363715044e-05	0.0001800082738578	-0.0002127156375729	0.0028252	0.0012193	0.0016059	741	31
CGTCAAAGTGAATGAT-L8TX_211021_01_C04-1153814392	-2.0334885147035278e-07	-0.0001195249784267	0.0001193216295753	-0.00094827	0.0020243	-0.0029725	684	35
GTGGGAAGTTTAGACC-L8TX_210826_01_G05-1153814361	0.0002399773397929	7.375456855893226e-05	0.000166222771234	0.0033259	0.00015933	0.0031665	584	39
AAGTACCGTTGACGGA-L8TX_210430_01_G04-1153814211	-9.457726312612932e-05	-0.0001411276211131	4.655035798701585e-05	-0.0011243	0.0020667	-0.003191	623	30
GCACGTGTCGAAGAAT-L8TX_201106_01_B04-1142430350	0.0001943038858479	-0.000236315008073	0.000430618893921	0.0033214	0.001238	0.0020834	826	32
GCCTGTTAGTACCCTA-L8TX_210430_01_F04-1142430405	-0.0002626292177664	-0.0001540200509547	-0.0001086091668116	0.0031129	-0.0043561	0.0074691	474	33
ACTCCCACAGCAGAAC-L8TX_210415_01_G11-1153814190	8.726779604662847e-05	-0.0004711568270066	0.0005584246230532	-0.00061799	0.0007595	-0.0013775	811	32
GACCGTGGTAACACCT-L8TX_210812_01_C10-1153814352	-0.0002064793563179	6.50868692103558e-05	-0.0002715662255282	-0.0026992	0.0026288	-0.005328	587	32
CCACTTGTCTCTTGCG-L8TX_210729_01_E11-1153814310	6.615843183279646e-05	7.953070434964505e-05	-1.3372272516848584e-05	0.00060255	-0.0010104	0.001613	787	31
ACTTATCTCCTCCACA-L8TX_210715_01_E05-1153814273	-0.0001233824681609	-0.0002540340605258	0.0001306515923648	-0.00025447	-0.002569	0.0023146	1052	32
GAAGCCCGTTACGGAG-L8TX_201106_01_A04-1142430348	3.8786428465833855e-05	3.0288699066982936e-05	8.49772939885092e-06	0.001669	0.0015351	0.00013396	839	37
CTTCATCCAGCATTAT-L8XR_211007_02_G03-1135704088	-0.0002622407533652	8.289274617157512e-05	-0.0003451334995368	0.0020273	-0.0019872	0.0040145	734	28
GAACGTTAGTCTGTAC-L8TX_210430_01_B04-1153814208	0.0002181209234797	6.584641754050393e-05	0.0001522745059391	0.00050388	0.0030543	-0.0025504	636	31
GTCGTTCAGAGTGACC-L8TX_210722_01_D08-1153814330	-0.0001226206246541	0.0001428295794223	-0.0002654502040765	-0.00031329	0.0019082	-0.0022215	787	34
TGTTTGTCACCGTGCA-L8TX_210429_01_C03-1142430411	-0.0001162884613921	-0.0002063789867363	9.009052534422632e-05	-0.0013356	-0.0021373	0.0008017	483	29
CGTAGTACAATGTGGG-L8TX_210402_01_G09-1153814180	0.0002769728940493	0.0001215671599837	0.0001554057340655	9.9234e-05	-0.0018718	0.0019711	519	31
ACCCGGTAGCAAGACA-L8XR_211014_02_D05-1136687625	0.0001153895526968	-0.0002008866552855	0.0003162762079824	0.0012355	-0.0021904	0.0034259	1734	32
TCCACGTCAAGTGGTG-L8TX_210729_01_E12-1153814342	-4.2480016471674366e-05	-0.0001636495333004	0.0001211695168287	0.0019087	-0.0010327	0.0029414	526	31
AATGCCAAGGACTAAT-L8TX_201106_01_A04-1142430348	-2.8761449349882744e-05	0.0001394315991428	-0.0001681930484926	0.0037612	-0.00072049	0.0044817	570	30
TGGAACTAGCGATTCT-L8TX_210826_01_B06-1153814368	-0.0002196174502478	-9.514787210268034e-05	-0.0001244695781451	0.00040901	-0.0017683	0.0021773	893	39
TAATTCCCAGACTCTA-L8TX_201015_01_G03-1153814149	-9.200098277160368e-05	-0.0003482926643396	0.000256291681568	0.0024015	0.0011754	0.001226	678	32
GTGACGCAGAGCACTG-L8TX_210715_01_D05-1153814295	0.0002448912274885	-0.0003549244337229	0.0005998156612114	0.0019181	-0.003539	0.0054571	548	32
CTGCAGGTCTTCGACC-L8TX_210729_01_G12-1153814338	-2.5099549980914056e-06	0.0003214974002779	-0.000324007355276	0.0014162	0.0037534	-0.0023372	672	29
TATTTGCTCCTTCTAG-L8XR_210729_01_D09-1124629224	0.0001764256495864	-0.0001213512429639	0.0002977768925504	0.00089671	-0.00055088	0.0014476	600	37
CACACAATCTCAGAAC-L8TX_210722_01_D08-1153814330	-4.571573477085922e-06	-0.0001420283672496	0.0001374567937725	0.0022445	-0.002982	0.0052265	1058	31
AAGACTCGTATCGAAA-L8TX_210513_01_A10-1153814239	0.0001824677746041	-8.512822487023505e-05	0.0002675959994743	-0.001916	0.00083158	-0.0027476	831	34
GGGTTTCCAGTAGCCT-L8XR_210729_01_C09-1122543708	-0.0001588440154142	0.0001703406848595	-0.0003291847002738	0.00014873	-0.003865	0.0040137	581	31
CGAGTTACAAAGCTAA-L8TX_210430_01_E05-1142430422	4.894701001758159e-06	-0.0001105779626062	0.0001154726636079	0.00092801	0.00012533	0.00080267	672	32
GCGATCGGTCTATGAC-L8TX_210826_01_D06-1153814373	-7.843994107226804e-05	-0.0002380215295673	0.000159581588495	-0.00072892	0.0036803	-0.0044093	934	30
GATGACTAGGCTTCCG-L8TX_210325_01_A09-1153814172	0.0002068421948693	9.70800946235794e-05	0.0001097621002457	0.0024708	0.00065674	0.0018141	473	36
TATCCTAGTAGGATAT-L8TX_210513_01_H09-1142430435	-0.0003116390513692	-8.156911291639077e-05	-0.0002300699384528	0.00059377	0.00053842	5.5345e-05	833	32
CTAACTTGTACAGTAA-L8TX_210506_01_A08-1142430425	0.0015020977535142	0.0001330273301094	0.0013690704234047	0.0023247	0.0029958	-0.00067114	652	30
TCACGGGGTATGAAGT-L8TX_210826_01_C06-1153814371	5.883579190570869e-05	7.076060875746977e-05	-1.1924816851761089e-05	0.00057876	0.003033	-0.0024542	1500	31
GTGTGATCATATCTGG-L8TX_210506_01_A08-1142430425	-0.0001553731432548	0.00027582051614	-0.0004311936593948	0.0041185	0.00089963	0.0032189	622	35
CCGCAAGAGTCATAGA-L8TX_210825_01_E12-1142292445	-8.193316122602792e-05	3.7656914796719033e-06	-8.569885270569982e-05	0.0032319	0.004078	-0.00084608	725	33
CCTCATGGTTTCGTAG-L8TX_210722_01_D08-1153814330	0.0003018534673211	-8.360809022897124e-05	0.0003854615575501	8.0855e-05	0.001762	-0.0016812	820	29
TACGCTCAGCATACTC-L8TX_210701_01_H06-1153814265	-5.349334333056202e-05	6.258965893065476e-05	-0.0001160830022612	-0.0010405	-3.4888e-05	-0.0010056	500	33
AAGCCATAGCTGTCCG-L8TX_210826_01_G05-1153814361	2.7867253769425344e-05	-0.0001315313679642	0.0001593986217336	-0.0018741	0.00092518	-0.0027993	743	34
ATCGGCGCAGTCTGGC-L8TX_210923_01_G06-1153814375	0.000310550285809	-5.897338532626992e-05	0.0003695236711352	0.0028146	-0.0030641	0.0058786	702	28
TTGCTGCGTAGAGTTA-L8TX_210805_01_B03-1153814324	5.7362948466648025e-05	-4.104305072345504e-05	9.840599919010306e-05	-0.00028307	0.00030473	-0.0005878	1078	33
AGGTAGGGTCAATCTG-L8TX_210401_01_F09-1142430399	-7.09388693470324e-05	-0.0002879289706899	0.0002169901013429	0.0015975	0.0019886	-0.00039109	629	37
ATCAGGTAGTCTGGTT-L8TX_210826_01_C06-1153814371	0.0001527195870158	2.3442539829790705e-05	0.0001292770471861	-0.0012048	0.0017392	-0.002944	665	30
AGGACTTTCTCCTGCA-L8TX_210826_01_C06-1153814371	-0.0001714267842516	-6.767307251718783e-05	-0.0001037537117344	-0.00039628	0.0010796	-0.0014759	1967	38
CCATAGCCAGCTCATA-L8XR_210722_01_B08-1122543704	3.3997430878605764e-05	-7.321953446671757e-05	0.0001072169653453	0.00065781	-0.00084713	0.0015049	1134	30
CCACTTGTCTGGACCG-L8TX_210722_01_C08-1153814328	-1.1368735170299045e-05	0.0002858783013681	-0.0002972470365384	0.0027218	0.0020468	0.00067497	919	31
GATAGCTGTATCGCTA-L8TX_201106_01_A04-1142430348	9.92900492681176e-05	9.641545144940708e-05	2.8745978187105098e-06	0.0012766	0.0022818	-0.0010052	462	31
TCGACCTTCGTTAGAC-L8TX_210513_01_C09-1142430429	-3.548771348475566e-05	-0.0001696855277514	0.0001341978142667	0.0011252	0.0045938	-0.0034686	428	31
GTTCGCTTCGCTGACG-L8TX_210513_01_B10-1142430437	6.875261950558951e-05	-0.0002568109615417	0.0003255635810473	-0.0024029	-0.00079492	-0.001608	746	31
AATCCCTGTGCTCCAC-L8XR_210812_01_E11-1126220036	5.875009999309521e-05	-0.0001347680242177	0.0001935181242108	-0.0010447	-0.00056911	-0.00047559	696	34
GTGAGGAAGTCCCGAC-L8TX_210513_01_H10-1153814232	9.232537816477676e-05	2.9902979876082668e-05	6.242239828869408e-05	0.0052745	-0.0024118	0.0076863	657	32
CTACCCATCTCCAATT-L8TX_210826_01_D06-1153814373	-8.404847770795066e-05	-6.934810670630503e-05	-1.4700371001645627e-05	-0.0026705	-0.00054299	-0.0021275	1701	33
AATGAAGGTTAGGATT-L8XR_210729_01_B09-1122543706	-2.87076665782239e-05	-8.286686724027017e-06	-2.0420979854196883e-05	0.0010648	-0.002529	0.0035938	690	31
CATACAGTCTCATAGG-L8TX_210318_01_D05-1142430392	-0.0004781030556432	0.0010018562332999	-0.0014799592889431	-0.0026409	-0.0017388	-0.00090212	651	30
AGGGTGATCTCTCGCA-L8TX_210513_01_A11-1142430445	-7.741873359673113e-05	-0.0001550348317036	7.761609810693642e-05	-0.00018993	0.0054506	-0.0056406	594	28
TTCCAATTCGAGTCCG-L8TX_210506_01_E08-1153814230	-0.0001661061625369	0.000435026171307	-0.0006011323338439	0.0034232	-0.0018257	0.0052489	499	34
TCAGCAAGTTACCCAA-L8TX_210506_01_G08-1142430427	5.421681391212668e-07	0.0003414954316991	-0.00034095326356	-0.00058494	-0.001231	0.00064605	799	30
CATCCGTAGGGCAGAG-L8TX_210415_01_G01-1153814188	0.0001128871076966	-2.9199455763635653e-05	0.0001420865634602	0.0043911	0.00065618	0.003735	600	33
TGTGCGGTCAGTGGGA-L8TX_210430_01_A05-1153814213	-0.0003356523538226	-0.0002036214126808	-0.0001320309411418	0.0025012	0.0022703	0.00023087	446	30
CTCCCTCTCGGTGCAC-L8TX_210708_01_F09-1153814281	9.173560411424792e-06	-0.0001717904299933	0.0001809639904048	0.0051961	-0.0023033	0.0074994	888	32
GTAAGTCTCGAACACT-L8TX_210311_01_D03-1153814157	0.0001125876054044	-0.0001958553042413	0.0003084429096458	-8.4316e-05	-0.0013198	0.0012355	646	31
TTGCTGCGTCAGGTAG-L8TX_210930_01_E03-1153814379	-7.469217729240207e-05	-0.0003313191895314	0.000256627012239	0.0025452	0.002605	-5.98e-05	900	35
TGTTCTAGTGAGTTTC-L8TX_210826_01_C06-1153814371	0.000110436593988	-1.0885592557273362e-05	0.0001213221865453	-0.0019573	0.0015477	-0.003505	684	34
ACGATCATCGTCACCT-L8TX_210930_01_F03-1153814381	-0.0001403320536146	0.0001229075336252	-0.0002632395872398	9.2228e-05	0.0029046	-0.0028124	691	32
TACTTGTGTACCACGC-L8TX_210506_01_D08-1153814226	2.344423059833608e-05	-8.12510255951541e-05	0.0001046952561934	0.0018205	-0.0014991	0.0033195	580	31
TAAGTGCTCCTCCTAA-L8XR_211014_02_D05-1136687625	-4.023045836028825e-05	7.09415292050449e-05	-0.0001111719875653	-0.0011125	-0.0013586	0.00024607	540	30
CTACTATAGCTAAGTA-L8TX_210513_01_E09-1153814234	-8.69640022478909e-05	-0.000173482356737	8.651835448912244e-05	0.0041256	0.0011875	0.002938	487	34
GCCAATTAGTGAGCGG-L8XR_211014_02_H05-1136687627	-0.0001063236899325	-9.670605078997722e-05	-9.617639142550625e-06	0.0034445	0.00085053	0.0025939	817	32
TTCCGTGCAATTCACG-L8TX_210729_01_D12-1153814314	0.0001530846536143	0.0004906001218947	-0.0003375154682803	-0.00066583	0.0072395	-0.0079053	642	32
TTACAGGTCTTCTCAA-L8TX_210701_01_H06-1153814265	0.0003884389073181	0.00010420975915	0.000284229148168	-0.0017985	0.003757	-0.0055555	899	32
CCATAAGTCCTACAAG-L8TX_210506_01_B09-1153814245	0.0002510405658365	0.0002501560617155	8.845041210581986e-07	0.00087989	-0.000876	0.0017559	593	32
CTCATTAAGAACTGAT-L8TX_210430_01_C04-1142430413	0.000396500118974	0.0002598705360391	0.0001366295829349	0.00052497	-0.00017793	0.0007029	743	34
TAGCACATCCGTGGTG-L8TX_210521_01_D05-1142430443	-6.12556022666806e-05	9.111923460666858e-05	-0.0001523748368733	0.0020144	-0.0020898	0.0041042	587	34
CTCATCGTCCCAGCGA-L8TX_210402_01_G09-1153814180	0.0004565865903404	0.0001121159992592	0.0003444705910812	0.0042164	0.0029087	0.0013077	627	35
AGGGTCCCAAAGCGTG-L8TX_210107_02_E12-1142430367	-8.73520003514938e-05	0.0002063902863063	-0.0002937422866578	0.00081535	-0.00064679	0.0014621	1298	66
TTCATGTTCCTATTGT-L8TX_210430_01_F04-1142430405	0.0002555200020023	-0.0001761584157365	0.0004316784177388	0.0011156	0.00014775	0.00096789	767	34
GCTTCACTCCACAAGT-L8TX_210513_01_H10-1153814232	-8.116998737787063e-06	-0.0001428695639608	0.000134752565223	1.4542e-05	0.0010472	-0.0010327	992	30
TACGGTTAGGCTAGAA-L8XR_211021_02_E08-1138433803	-0.0001265817364124	0.0005516792342667	-0.0006782609706792	-0.00074561	0.0038427	-0.0045883	945	32
GGGCCATGTAAGTTAG-L8TX_210506_01_B08-1153814220	2.951086018761208e-05	1.2230269002498226e-05	1.7280591185113854e-05	0.004561	0.00025527	0.0043057	430	31
CGTAATGTCCTAAGTG-L8TX_210513_01_C09-1142430429	-0.0002265726262404	-1.62438271321642e-05	-0.0002103287991082	-0.00044954	0.001147	-0.0015965	659	29
CCTAAGAAGGGCCTCT-L8TX_210715_01_F05-1153814275	1.447953894143909e-05	-0.0002691168543967	0.0002835963933381	0.0019008	8.5263e-05	0.0018155	716	29
AATCACGAGTCATGAA-L8TX_210506_01_G08-1142430427	0.0010152935466553	0.0001921197683327	0.0008231737783226	0.002556	-0.0015103	0.0040664	530	39
GATCATGCATAGTCGT-L8TX_210722_01_D07-1142430453	6.241392524080887e-05	-9.335789997398772e-05	0.0001557718252147	-0.001084	-0.0004622	-0.00062181	818	33
CCACACTGTGCCTATA-L8TX_210107_02_F12-1142430369	0.000104387399216	-2.66768458965156e-05	0.0001310642451125	-0.00084078	-0.0018084	0.00096766	557	33
TTCGCTGTCATAAGGA-L8TX_210701_01_E07-1153814263	0.0002240428839167	-5.4189895331092535e-05	0.0002782327792478	0.0029052	0.0041826	-0.0012773	584	31
CATCCCACAAACAGGC-L8TX_210826_01_G05-1153814361	-0.0001034381643634	-0.0001117567079983	8.318543634900467e-06	-0.00064192	0.0018319	-0.0024738	1145	29
AGATCGTCACTACCCT-L8TX_210825_01_F12-1153814357	0.0001047465818824	-0.0001082065490648	0.0002129531309472	0.00045465	-0.001806	0.0022606	692	36
GTCTACCAGGTCCAGA-L8TX_210506_01_E08-1153814230	0.00016037537701	6.416179457143218e-05	9.621358243862506e-05	0.002452	0.00033691	0.0021151	643	30
CGCATGGCAAGTAGTA-L8TX_210826_01_C06-1153814371	-0.0001039448420737	-0.0002000228950897	9.607805301602512e-05	0.0025751	-0.00064089	0.003216	1029	31
CCGGTAGCAGTCGCAC-L8TX_210513_01_A10-1153814239	0.0002720705501891	9.237783069206592e-05	0.000179692719497	-0.0019599	0.0020791	-0.004039	723	34
TTTAGTCTCGGCTTGG-L8TX_210415_01_H11-1153814192	0.0002659158475232	-3.2154984953025496e-05	0.0002980708324762	-0.0018299	-0.0018953	6.5417e-05	589	33
ACTTATCAGATGCTTC-L8TX_210408_01_D10-1153814182	0.0002928521709123	-5.099494256510525e-05	0.0003438471134774	-0.0013218	0.0025915	-0.0039133	674	31
GTACAATGTCAAAGAA-L8XR_210805_01_H09-1124629228	-2.779008997205761e-05	-0.0002159591115598	0.0001881690215878	0.0038232	0.0038781	-5.4936e-05	546	32
GAGTCATAGCCTTTGA-L8TX_210805_01_G02-1153814318	-4.29620696374661e-05	0.0001293003091627	-0.0001722623788001	-0.0029363	0.00031082	-0.0032471	984	30
CTCCAACGTTCTTAGG-L8TX_210318_01_C05-1142430384	0.0004339703462516	-5.835670224320156e-05	0.0004923270484948	0.00053447	5.0397e-05	0.00048408	776	31
CGTAAGTAGATGCAGC-L8TX_210722_01_B07-1153814297	6.958159093039424e-05	-0.000105905423115	0.0001754870140454	0.0011733	0.0023182	-0.0011449	727	35
GGGCTCAGTGTCCGTG-L8TX_210506_01_E08-1153814230	0.0002407437721666	-4.974037168655274e-05	0.0002904841438532	0.0010124	-0.00042663	0.001439	1369	29
GGTCCATCATAACGGG-L8XR_210715_01_A12-1121939868	-2.452574943472054e-05	8.079571885766829e-05	-0.0001053214682923	0.00022593	-0.0020711	0.002297	1010	30
TCCACCATCTGCACCT-L8TX_210415_01_F11-1142430401	0.0001299957531297	5.6859648227958e-05	7.313610490179099e-05	0.0012839	0.00023301	0.0010509	819	32
TGGATGTAGGCATCAG-L8TX_201217_01_G06-1142430354	-2.843138152910588e-05	-0.0004432872772924	0.0004148558957633	0.0020338	0.0016958	0.00033802	467	34
GTCTAGAAGCGCCGTT-L8TX_210415_01_H11-1153814192	-8.557352560798365e-05	0.0003331322195746	-0.0004187057451826	-2.0484e-05	3.6303e-05	-5.6786e-05	378	35
GCCAGCAGTGAGTTTC-L8TX_210318_01_E04-1153814164	-3.0816624903077734e-05	-0.0001454006523034	0.0001145840274004	0.00097502	-0.0020741	0.0030491	507	33
GGGACCTCAAGACCGA-L8TX_210826_01_G05-1153814361	9.46599719471422e-05	-0.0003374181680523	0.0004320781399994	-0.0029477	0.00037154	-0.0033193	864	34
CGAATTGCACAGCCAC-L8TX_210826_01_A07-1142430457	-3.705743101867237e-06	2.4505003057649608e-06	-6.156243407632198e-06	8.2469e-05	0.0017798	-0.0016974	470	33
ACTTCGCCAGCTGTTA-L8TX_210513_01_A11-1142430445	0.0001129389944403	-0.000249609697968	0.0003625486924084	0.0028327	-0.00019606	0.0030287	1177	33
CTCTCAGTCTGCGTCT-L8TX_210826_01_D06-1153814373	-6.098382848421353e-05	0.0001255411716759	-0.0001865250001601	0.002473	0.0014176	0.0010554	1501	31
CATTTCAAGATTGGGC-L8TX_210826_01_G05-1153814361	-0.0001649260191974	-0.0001446076095714	-2.0318409625988203e-05	-0.0013561	-0.0012663	-8.978e-05	725	32
TCACGGGAGCCTTCTC-L8TX_210430_01_G05-1153814200	-2.3760985581259525e-05	0.0002264637513135	-0.0002502247368948	0.0032609	-0.00038445	0.0036453	654	30
GTAGAGGTCATAAGGA-L8TX_210325_01_E07-1153814170	0.0001103304679079	-3.929592371621514e-05	0.0001496263916241	0.0034429	-0.0013103	0.0047531	618	28
AGACCCGCAGCGGTCT-L8TX_210708_01_F09-1153814281	-0.0001173812934292	5.628754411607161e-05	-0.0001736688375452	0.00019204	-0.0019884	0.0021804	966	32
GTCAAGTTCCAGCTCT-L8TX_210729_01_F12-1153814344	-4.878098967988477e-05	-0.0001828612801839	0.000134080290504	-0.0020148	-0.00070492	-0.0013099	766	34
TAATCTCCAGATACTC-L8TX_210729_01_F12-1153814344	-3.114858236972953e-05	-0.0002364154749233	0.0002052668925536	0.0017204	-0.00046767	0.0021881	637	30
TCCATCATCTCTAGCC-L8XR_210805_01_H09-1124629228	-6.350471807470852e-05	0.0002095878384429	-0.0002730925565176	0.0015605	-0.00086182	0.0024223	872	29
AGTCAACGTGGTGATG-L8TX_210923_01_H06-1153814377	0.0002961401168993	-7.809124661569986e-06	0.0003039492415609	0.00087669	0.00035717	0.00051953	750	32
GATCACAAGTAGCCAG-L8TX_210729_01_E11-1153814310	0.0002020322200242	-2.124743810602797e-05	0.0002232796581302	-0.00068648	0.0035956	-0.0042821	913	33
TTGTTTGTCGGAAACG-L8TX_211111_01_C10-1153814394	0.0001886102650917	-2.697121982640989e-05	0.0002155814849181	0.0014633	0.0015708	-0.00010752	1006	33
TATACCTTCTCCTGCA-L8TX_210325_01_A09-1153814172	-3.00868575256056e-05	-7.581603309378896e-05	4.572917556818336e-05	-0.00042428	0.0027349	-0.0031591	706	31
CCAACCCGTACCGTTT-L8XR_210812_01_E11-1126220036	-8.103035292389179e-05	0.0001100374996049	-0.0001910678525287	0.0031563	-0.00016248	0.0033188	673	34
GAGTTGTCACAAAGTA-L8TX_210430_01_G04-1153814211	-0.0002551510098897	-2.647332517785937e-05	-0.0002286776847119	0.0019585	-0.0011725	0.003131	804	31
CAGATTGGTCCAGCCA-L8TX_210513_01_A11-1142430445	-0.0001957547325871	4.4848597654466656e-05	-0.0002406033302416	0.00021907	-0.0019611	0.0021802	818	30
CTGCGAGGTGGGCTTC-L8TX_210805_01_A04-1153814346	-0.0001418814254622	-3.945900099703947e-06	-0.0001379355253625	-0.00014577	0.0016173	-0.001763	546	31
CAACCAACAAGAGGCT-L8TX_210506_01_E08-1153814230	0.0001303004939982	-6.887857585253338e-05	0.0001991790698507	0.001731	-0.00068592	0.0024169	527	36
GGTTTAATCGCTTCTA-L8XR_210722_01_B08-1122543704	-3.713854172188795e-05	-9.734331510006558e-06	-2.7404210211881397e-05	0.0016164	-0.0032134	0.0048298	501	30
GGTTCTCAGAAGGCTC-L8TX_210121_01_C03-1142430372	-9.870251262519722e-05	-0.000134212333743	3.550982111789406e-05	-0.0038825	5.0851e-05	-0.0039333	609	33
AATCGTGGTCTGTAGT-L8TX_210722_01_F08-1153814334	0.0001584372747514	-5.266094238314879e-05	0.0002110982171346	0.00068753	0.0014427	-0.00075513	654	31
TAAGCGTCATAATCGC-L8TX_210715_01_A05-1153814277	-8.261542640416672e-05	-0.0001360599295035	5.344450309936684e-05	0.00044889	-0.0016702	0.0021191	636	37
ATGTCCCAGTCGGCAA-L8TX_210506_01_A08-1142430425	-0.0001348622937882	-0.0003220706525716	0.0001872083587834	-0.003455	-0.00076302	-0.002692	557	36
ATCGTCCTCGTGGGAA-L8TX_210429_01_C03-1142430411	-0.0004574877141843	-0.0001531957141237	-0.0003042920000606	-0.0023456	0.0013546	-0.0037001	387	36
ATCGATGGTCCATAGT-L8TX_210708_01_G09-1153814285	-0.0003358687292507	5.469067445221174e-05	-0.0003905594037029	0.0012045	0.00047259	0.00073189	1276	33
GTGTTCCTCCTGGCTT-L8XR_210812_01_A12-1124987483	5.424552560449137e-05	-9.449337046834372e-05	0.0001487388960728	0.00064628	-0.002111	0.0027572	620	29
CTCTGTTCACCTACTT-L8XR_210812_01_A12-1124987483	0.0001175451852709	0.0001903702456048	-7.282506033388377e-05	0.0049009	-0.00063668	0.0055376	834	30
CCACACTTCTACCTTA-L8TX_210429_01_A03-1153814204	0.0001239418199905	-7.179569233741655e-05	0.0001957375123279	0.0046037	0.0020765	0.0025272	632	34
ACGTACATCAAGAATG-L8TX_210422_01_F02-1153814194	0.0004527835081865	-0.0001743168249401	0.0006271003331267	0.0029175	0.0017411	0.0011764	630	30
TTTCACAAGACATCAA-L8TX_210506_01_H08-1153814228	0.0001404502733141	1.936057176410705e-05	0.00012108970155	2.8601e-05	-0.00032018	0.00034879	557	32
CTGTGAAGTGACACAG-L8TX_201217_01_B08-1142430356	-8.322819091884089e-05	-5.675090530275715e-05	-2.647728561608374e-05	-0.0018531	0.0015311	-0.0033842	670	33
CATTGCCCAGACCCGT-L8TX_201023_01_F08-1142430227	0.0002278270986589	-0.0001064232205695	0.0003342503192285	-0.0013619	0.0057967	-0.0071586	587	34
TGCATGAGTGATTGGG-L8TX_210506_01_B08-1153814220	0.0001695515486101	1.8871310837116896e-05	0.0001506802377729	0.0019019	-0.00079395	0.0026959	573	39
GCTTTCGAGAGAGGTA-L8TX_210722_01_H06-1153814299	0.000177772767373	-0.0003161776290708	0.0004939503964439	0.0045789	7.2301e-05	0.0045066	625	30
GAGGGATGTCCATACA-L8TX_210430_01_D05-1142430407	5.876517056503119e-05	0.0001324266473469	-7.36614767819622e-05	-0.00064669	-0.0033156	0.0026689	523	36
TGAACGTTCGCCAGTG-L8TX_210107_02_F12-1142430369	0.0001176245347323	9.18833316575602e-05	2.57412030747662e-05	-0.00053862	-0.00095527	0.00041665	396	35
AGGCTGCCACACTTAG-L8TX_210722_01_C07-1142430451	-0.0001067227982715	0.0002813160961041	-0.0003880388943757	0.0031599	-0.0019792	0.0051391	451	32
TCAGGTAGTGTTAGCT-L8TX_210708_01_D09-1153814279	-1.6266449377917635e-05	-0.0003218446092505	0.0003055781598725	-0.0025345	-0.002343	-0.0001915	921	31
AGCCAATGTGAATTAG-L8TX_210722_01_D08-1153814330	0.0001017428130894	-5.978398055289751e-05	0.0001615267936423	0.0017894	-0.0021912	0.0039807	966	32
GGAGGATTCTTACCAT-L8TX_210415_01_F11-1142430401	0.0002920360165963	0.0002578389414644	3.419707513198063e-05	0.0016678	0.00035939	0.0013084	496	37
TATATCCCATGTTTGG-L8TX_210415_01_G01-1153814188	-9.91767818640607e-05	0.0001922783007724	-0.0002914550826364	-0.00060351	-0.001125	0.00052144	586	35
ATGCCTCGTACGGATG-L8TX_210506_01_D08-1153814226	-1.08539484528736e-05	-7.387624113681487e-05	6.302229268394127e-05	0.001697	0.002694	-0.00099696	638	32
TCTTCCTTCCAAATGC-L8TX_210722_01_D07-1142430453	2.154040791847077e-05	0.000323221333694	-0.0003016809257755	0.0010295	-0.00053338	0.0015629	951	35
GTAGCTAGTCCGGTGT-L8TX_210812_01_C10-1153814352	0.0002315076286651	0.0003270790949949	-9.557146632978267e-05	-0.000643	-0.00044346	-0.00019954	440	33
CTCAAGATCTGTTGGA-L8TX_210325_01_A09-1153814172	7.074099938763583e-05	0.0001016602801714	-3.091928078379637e-05	-0.0017781	0.0003961	-0.0021742	907	33
GGTAACTCATTGAGCT-L8TX_210430_01_B04-1153814208	0.0001340446208624	-1.9322303986605266e-05	0.000153366924849	0.0026241	-0.00098069	0.0036048	672	37
ATGAGGGCAACAGTGG-L8TX_201030_01_F12-1142430343	-0.0007101186136474	-8.449447443289733e-05	-0.0006256241392145	0.0028403	-0.00031701	0.0031573	514	31
TGGCGTGAGCGCTGAA-L8TX_210729_01_C12-1153814340	-7.389812590095271e-05	0.0002050438989278	-0.0002789420248288	0.0012954	0.001483	-0.00018759	518	31
CACTGAAAGGTCATTC-L8TX_210513_01_H09-1142430435	0.0003407115515097	3.988349879664718e-05	0.000300828052713	0.0011185	0.0011862	-6.7751e-05	873	30
CTACCTCAGCTAATTG-L8XR_211021_02_E08-1138433803	0.000113115922196	0.0001141813133868	-1.0653911907952424e-06	0.0015342	0.00073976	0.00079446	1634	30
TTTAGTCCACGTACAT-L8TX_210722_01_D08-1153814330	0.0001278429286871	-4.087731149431673e-05	0.0001687202401815	0.0014528	5.8333e-05	0.0013945	575	32
TCCTTTCAGTCGTTAC-L8TX_210506_01_E08-1153814230	8.426804533280672e-05	-0.0001065506729969	0.0001908187183297	0.0016761	0.0013548	0.00032132	922	29
GACCCTTGTATACCCA-L8TX_210506_01_F08-1153814217	4.208910617455149e-05	-0.0001328236912327	0.0001749127974072	-0.0021544	-0.002406	0.00025159	605	32
TTTGGAGTCTAGCAAC-L8TX_210430_01_H04-1142430420	0.0002319570660231	-0.0002126664156761	0.0004446234816993	-0.00070463	-0.0014928	0.00078818	440	34
TATCGCCCACAATGAA-L8TX_210422_01_C02-1153814198	0.0001178510253862	0.0001040379120905	1.3813113295721774e-05	0.0012692	0.00072628	0.00054291	1621	36
CGCATAAAGCGTGAGT-L8TX_210415_01_H11-1153814192	0.0002517610860703	-0.0002305078213617	0.000482268907432	-0.0012576	-0.0027879	0.0015304	786	33
AGCGCCAGTAGCTAAA-L8TX_210513_01_F09-1142430431	4.365795800490492e-05	-0.000161417038321	0.0002050749963259	-0.0035842	0.0033157	-0.0068999	517	36
CTCAGGGCAACGGCTC-L8TX_210506_01_B08-1153814220	-1.5460375530388125e-05	5.366388020483117e-05	-6.91242557352193e-05	0.0035268	-0.0022487	0.0057755	610	30
TTGGGTAGTTCTCCTG-L8TX_211022_01_A04-1153814388	9.651176284451252e-05	-7.893772804722096e-05	0.0001754494908917	0.0021405	0.00010716	0.0020333	397	34
GATCAGTTCAATTGGC-L8XR_210805_01_H09-1124629228	8.58711080019555e-05	-0.0002179144538731	0.0003037855618751	0.0025604	-0.0029064	0.0054668	573	28
TGGAACTTCAAGTCGT-L8TX_210430_01_D05-1142430407	0.0001995414712535	4.868979827825156e-05	0.0001508516729753	-0.00044613	0.00075675	-0.0012029	874	31
TCATCATGTTCCAGGC-L8TX_210708_01_E09-1153814283	9.425110619050408e-05	-4.484822984144002e-05	0.0001390993360319	-0.00054218	0.0035328	-0.004075	845	29
GGAGGTAAGCGTGAGT-L8TX_210930_01_E03-1153814379	0.000187216977147	-9.963197209627088e-05	0.0002868489492433	0.0024389	-0.00074836	0.0031872	579	34
CATCCGTAGGTCATAA-L8TX_210701_01_H06-1153814265	0.0005201797557729	0.000344805428342	0.0001753743274308	0.0011334	-0.00093511	0.0020685	655	33
AGGTGTTGTACACGTT-L8TX_201217_01_B08-1142430356	9.262693440445792e-05	1.0911888056355894e-05	8.171504634810203e-05	-0.00029513	-0.00093802	0.00064289	712	35
AGTTCCCGTGCAAGAC-L8TX_210311_01_D03-1153814157	7.338006025776494e-05	-0.0001201523561083	0.0001935324163661	-0.0010102	-0.00035635	-0.00065389	604	34
CCGCAAGTCGATTGGT-L8TX_201217_01_B08-1142430356	-0.00037848128009	-0.0001177823705589	-0.000260698909531	0.0015919	-0.0016243	0.0032162	627	33
ATCACAGTCATGGCCG-L8TX_210826_01_A06-1153814366	-0.0002327548382197	8.471720114297155e-05	-0.0003174720393627	-0.0024265	-0.0048028	0.0023763	602	33
CGCCAGAAGTTTAGGA-L8TX_210715_01_B05-1153814290	3.949088139015876e-06	9.223870249967512e-05	-8.828961436065925e-05	-0.00081821	0.0037613	-0.0045795	801	32
TAACACGAGCAATAAC-L8TX_210401_01_B09-1153814174	-8.76198868900885e-05	-0.0001028854352579	1.5265548367900483e-05	-0.001213	-0.00043075	-0.00078227	503	30
TCACAAGTCGTTCAGA-L8TX_210325_01_H08-1142430397	-0.0006611143185462	0.0001498230259636	-0.0008109373445098	0.0040538	0.00025747	0.0037963	472	31
ATGACCAAGCCTTCTC-L8TX_210401_01_F09-1142430399	0.000844396010401	-0.0002121059099182	0.0010565019203193	0.0019232	0.0021557	-0.00023246	571	34
TCTTTGAGTTTGGCTA-L8TX_210506_01_F08-1153814217	-0.0001007959296037	7.765215036577484e-05	-0.0001784480799695	0.0012866	-0.0019112	0.0031978	528	30
GGGACTCCAGTGTACT-L8TX_210430_01_H04-1142430420	5.237414733647837e-05	-6.036420627343808e-05	0.0001127383536099	0.00054621	0.00093674	-0.00039053	812	32
TAACTTCAGCATCCTA-L8TX_210408_01_D10-1153814182	0.0002037200237343	-0.0002764182826724	0.0004801383064068	0.0026562	0.00041992	0.0022362	1203	30
ATTTACCCATACCATG-L8TX_210506_01_B08-1153814220	0.0006885398337377	0.0001848689022045	0.0005036709315332	0.000427	0.0018683	-0.0014413	724	32
ACCAAACGTGTGAATA-L8TX_210701_01_E07-1153814263	6.944222094297735e-05	0.0001420668234017	-7.262460245876578e-05	-0.00081615	-0.00036292	-0.00045323	704	35
CATGGTAAGCAGCAGT-L8TX_210930_01_F03-1153814381	5.012647095314559e-05	-0.0001452445370515	0.0001953710080046	0.001741	0.00073479	0.0010062	388	36
CCATAAGCAAATCGGG-L8TX_210805_01_G02-1153814318	0.0002682515620646	4.567358668732543e-06	0.0002636842033959	0.0062919	-0.0058033	0.012095	555	31
TTTGTCTAGTGAGCGG-L8XR_211021_02_E08-1138433803	-0.0001377263561461	0.0002851057374078	-0.0004228320935539	-0.0015726	-0.0014808	-9.1873e-05	796	31
ATTGGGTAGCTTCTAG-L8TX_210729_01_D12-1153814314	-7.274438685985985e-05	0.0004669159735825	-0.0005396603604424	0.0022586	-0.00039083	0.0026495	1272	31
GATAGAACAAGCAATA-L8TX_210513_01_H10-1153814232	2.648957166604864e-05	5.0062411888831794e-05	-2.3572840222783155e-05	0.00054497	-0.0035067	0.0040516	773	31
GTCGAAGCAAGGACCA-L8XR_210722_01_B08-1122543704	-0.0001178199966441	0.0005928376398738	-0.0007106576365179	0.00051839	-0.0045008	0.0050192	536	32
GTCAGCGGTCGTTCAA-L8TX_210513_01_A10-1153814239	-0.0001816869200894	-0.0003748138308862	0.0001931269107968	-0.0026349	0.0010034	-0.0036383	856	33
GTGGTTACACTGTTCC-L8TX_210506_01_C08-1153814224	0.0001165684415864	-0.0001286012154314	0.0002451696570179	0.0013897	-6.9641e-05	0.0014593	735	32
GCAGCCAGTCGGTACC-L8TX_210722_01_G08-1153814336	-9.737601230043524e-05	1.8953496801596297e-05	-0.000116329509102	0.0026766	0.0015597	0.0011169	1279	33
GACCTTCCATTGTAGC-L8TX_210722_01_E08-1153814332	9.60656238311459e-05	-4.000698907668031e-05	0.0001360726129078	-0.00037216	-0.0024152	0.0020431	593	30
AGTCAGGCACTTACAG-L8XR_210805_01_E10-1124629229	-8.915137561265848e-05	9.17478576761248e-05	-0.0001808992332887	0.0023032	-0.0013985	0.0037017	1207	34
CCGATGGTCCAATGCA-L8TX_210402_01_H09-1153814176	3.90231773960892e-05	-6.34413073096652e-05	0.0001024644847057	0.00013474	-0.00021584	0.00035059	535	31
GTTGTGAAGGTCGCCT-L8TX_210805_01_H03-1153814326	-0.0001034817876448	0.0001902146824902	-0.0002936964701351	-0.00015472	0.0012441	-0.0013988	1040	31
ACAAGCTGTGCAACGA-L8TX_210325_01_F08-1142430394	-6.482829900105074e-05	-7.05585536260814e-05	5.730254625030669e-06	0.00073907	-0.00059504	0.0013341	1437	38
AAGTTCGCATCAGCTA-L8TX_210826_01_B06-1153814368	0.0005785554323287	-5.921113067634658e-05	0.000637766563005	0.0018674	-0.0019581	0.0038255	747	43
CCATCACAGGGTAGCT-L8TX_210513_01_F09-1142430431	-0.0003747047028074	0.0002543699877301	-0.0006290746905375	-0.00016001	-0.0012176	0.0010576	865	35
ATATCCTGTTGTGTTG-L8TX_210722_01_B08-1153814305	-0.0001682264696887	-4.225707756443223e-05	-0.0001259693921243	0.0020755	-0.0011524	0.0032279	1330	32
TGAATGCTCTTCCGTG-L8TX_210826_01_C06-1153814371	0.0001002711222052	3.647750678216433e-05	6.379361542309129e-05	0.00013102	0.0015265	-0.0013955	1309	29
TCAGCAAGTCCTAAGA-L8XR_210805_01_H09-1124629228	-1.34392229231318e-05	-4.488343146887254e-05	3.144420854574074e-05	0.0013773	-0.00054566	0.0019229	570	33
GCCAGCAGTACGCGTC-L8TX_210401_01_F09-1142430399	9.97986635138201e-05	0.0004477276497138	-0.0003479289861999	0.0040249	-0.00011266	0.0041376	498	36
CCCAACTAGTCATCGT-L8TX_210311_01_D03-1153814157	0.0001740579612973	-0.0003715679957793	0.0005456259570767	-0.002834	-0.00058374	-0.0022503	445	36
TATATCCCAAGACAAT-L8TX_210722_01_G08-1153814336	2.6644446441883205e-05	0.0004158844684613	-0.0003892400220194	0.0019985	-0.0012534	0.003252	654	34
GGATCTACAGCGTATT-L8TX_210729_01_G12-1153814338	1.7263947935219266e-05	-0.0002148794143303	0.0002321433622655	-0.00042125	-0.0030571	0.0026358	649	30
GATTCTTTCTTGGCTC-L8TX_211111_01_C10-1153814394	0.0001441476753882	0.0001768739255532	-3.272625016500027e-05	0.00058888	0.0001134	0.00047549	1182	32
GGGCATGAGGAGGTTA-L8XR_211021_02_E08-1138433803	-0.000125134402125	0.0005845263806033	-0.0007096607827283	0.00066929	-0.0017573	0.0024266	1234	37
CTCAGGATCCCGCAAA-L8XR_210812_01_F11-1124987484	7.185040062525384e-05	3.366750227338448e-05	3.818289835186936e-05	0.00065951	-0.0019362	0.0025957	503	31
ATGACCAAGAAACTAC-L8TX_201119_01_B09-1142430352	1.6908866945471356e-05	-8.89186029925283e-05	0.0001058274699379	0.0010677	-0.0018803	0.002948	484	37
TTCACGCCAAATGCGG-L8TX_210430_01_B04-1153814208	-6.349356377509067e-06	9.1177063111059e-05	-9.752641948856808e-05	-0.00054105	-0.0022135	0.0016724	776	31
TGCATGATCATCGACA-L8TX_210318_01_E04-1153814164	-0.0002098863140577	-0.0002851394686857	7.525315462805521e-05	0.0016997	0.00035499	0.0013447	537	35
CGCCAGACAAGCGCAA-L8TX_210708_01_E09-1153814283	5.981311220828008e-05	-1.5503171331080715e-05	7.53162835393608e-05	-0.00052633	3.1356e-05	-0.00055769	1097	33
CCCTAACCAGAGACTG-L8TX_210415_01_H11-1153814192	-4.4106379868199126e-05	-0.0001466315793396	0.0001025251994714	-0.0020783	0.00096038	-0.0030387	613	31
CGATGCGGTAGACAGC-L8TX_210506_01_E08-1153814230	-2.8667817735014348e-05	-7.72363256098324e-05	4.856850787481805e-05	0.001144	0.0011681	-2.4097e-05	618	38
CAGATCAAGCGTCGAA-L8TX_201106_01_B04-1142430350	8.173814476843435e-05	-0.0001714836510239	0.0002532217957924	0.0015338	-0.0019554	0.0034892	470	34
CTTTCGGAGTCATTGC-L8TX_210513_01_C11-1153814257	0.0001759713766936	-8.916054935024821e-05	0.0002651319260439	0.0013082	0.00088316	0.00042505	480	31
TCTTTGATCGGTCAGC-L8TX_210513_01_C09-1142430429	0.0001187684448864	5.687766846235014e-05	6.189077642406991e-05	-0.00097466	-0.00060671	-0.00036796	782	33
GTTCATTGTGTTGAGG-L8TX_210319_01_F05-1142430388	-8.305115102565123e-05	0.0001126680855564	-0.0001957192365821	0.00085703	-0.00048132	0.0013384	682	36
ACTGTGAAGTGGCGAT-L8TX_210722_01_C07-1142430451	-4.882070493167241e-05	-0.0001235513142034	7.473060927182681e-05	0.0015803	-6.8629e-05	0.0016489	508	33
ATCCAACAGCTATATG-L8XR_211021_02_G06-1138433804	0.0001844174005941	0.0001095641133181	7.485328727594317e-05	0.00041674	-0.0022123	0.002629	1021	33
CTTCAATGTTGTGGCC-L8TX_210430_01_F04-1142430405	6.612131512739053e-05	0.0003646475229301	-0.0002985262078027	-0.00032	-0.0044448	0.0041248	631	34
TGATTCTTCCAACTAG-L8TX_210826_01_D06-1153814373	0.0002247055613	2.1390498395294887e-05	0.0002033150629047	0.0036451	-0.00015605	0.0038011	1436	32
CGGACACAGTCACAGG-L8TX_210722_01_F08-1153814334	-0.000399641307033	-0.0001709470034366	-0.0002286943035963	-0.00030521	-0.0014129	0.0011077	1179	38
GTCGAATGTTGAAGTA-L8TX_210408_01_D10-1153814182	3.505770969666563e-05	-5.331519090693614e-05	8.837290060360177e-05	0.002674	-0.00048981	0.0031638	757	34
GATCCCTAGAGTGGCT-L8TX_210513_01_H09-1142430435	0.0003494871956062	-0.0001048004621755	0.0004542876577817	0.001241	0.000763	0.00047799	561	33
GAAGGGTGTTGCATAC-L8TX_210715_01_E05-1153814273	0.0001174472508692	-9.738427924715776e-05	0.0002148315301163	0.0018548	0.0021064	-0.00025162	546	34
TACATTCAGTGCACAG-L8TX_210513_01_C09-1142430429	0.0001441817429614	0.0005798878356148	-0.0004357060926533	0.0030037	0.0017044	0.0012994	534	34
GAAGCCTGTCCTAACT-L8XR_210812_01_E11-1126220036	-0.0004699503011533	0.0003970466037103	-0.0008669969048636	-0.0015045	0.0002558	-0.0017603	724	31
ACATTTCTCCTTGAAG-L8TX_210812_01_D10-1153814354	0.000335497455568	6.968249112010361e-05	0.0002658149644479	0.0053562	-0.0021362	0.0074924	758	31
