pred_id	recall	precision
baseline:E2G_Distance	0.0	0.0
baseline:E2G_Distance	0.03821656050955414	0.8181818181818182
baseline:E2G_Distance	0.07218683651804671	0.7906976744186046
baseline:E2G_Distance	0.10615711252653928	0.78125
baseline:E2G_Distance	0.1316348195329087	0.7294117647058823
baseline:E2G_Distance	0.16348195329087048	0.7264150943396226
baseline:E2G_Distance	0.1932059447983015	0.7109375
baseline:E2G_Distance	0.21443736730360935	0.6733333333333333
baseline:E2G_Distance	0.23779193205944799	0.6549707602339181
baseline:E2G_Distance	0.25902335456475584	0.6256410256410256
baseline:E2G_Distance	0.2760084925690021	0.6018518518518519
baseline:E2G_Distance	0.2908704883227176	0.5732217573221757
baseline:E2G_Distance	0.3078556263269639	0.5576923076923077
baseline:E2G_Distance	0.3248407643312102	0.5387323943661971
baseline:E2G_Distance	0.3375796178343949	0.521311475409836
baseline:E2G_Distance	0.35456475583864117	0.5107033639143731
baseline:E2G_Distance	0.3651804670912951	0.4942528735632184
baseline:E2G_Distance	0.38004246284501064	0.48509485094850946
baseline:E2G_Distance	0.3991507430997877	0.47959183673469385
baseline:E2G_Distance	0.4118895966029724	0.46973365617433416
baseline:E2G_Distance	0.4309978768577495	0.46774193548387094
baseline:E2G_Distance	0.4416135881104034	0.4551422319474836
baseline:E2G_Distance	0.4543524416135881	0.4476987447698745
baseline:E2G_Distance	0.46709129511677283	0.4408817635270541
baseline:E2G_Distance	0.47558386411889597	0.4307692307692308
baseline:E2G_Distance	0.4861995753715499	0.4232902033271719
baseline:E2G_Distance	0.49469214437367304	0.41238938053097346
baseline:E2G_Distance	0.505307855626327	0.40545144804088584
baseline:E2G_Distance	0.5222929936305732	0.40327868852459015
baseline:E2G_Distance	0.5392781316348195	0.40253565768621236
baseline:E2G_Distance	0.5498938428874734	0.39663093415007655
baseline:E2G_Distance	0.5562632696390658	0.3887240356083086
baseline:E2G_Distance	0.5626326963906582	0.3807471264367816
baseline:E2G_Distance	0.5668789808917197	0.3713490959666203
baseline:E2G_Distance	0.5753715498938429	0.36522911051212936
baseline:E2G_Distance	0.5881104033970276	0.362565445026178
baseline:E2G_Distance	0.5944798301486199	0.356234096692112
baseline:E2G_Distance	0.6050955414012739	0.3527227722772277
baseline:E2G_Distance	0.613588110403397	0.34777376654632974
baseline:E2G_Distance	0.6178343949044586	0.3399532710280374
baseline:E2G_Distance	0.6242038216560509	0.3348519362186788
baseline:E2G_Distance	0.6284501061571125	0.3288888888888889
baseline:E2G_Distance	0.6454352441613588	0.3297180043383948
baseline:E2G_Distance	0.6475583864118896	0.32343584305408274
baseline:E2G_Distance	0.6539278131634819	0.31917098445595854
baseline:E2G_Distance	0.6602972399150743	0.3154158215010142
baseline:E2G_Distance	0.6645435244161358	0.31020812685827553
baseline:E2G_Distance	0.6666666666666666	0.3048543689320388
baseline:E2G_Distance	0.6709129511677282	0.3006660323501427
baseline:E2G_Distance	0.6794055201698513	0.29767441860465116
baseline:E2G_Distance	0.692144373673036	0.296094459582198
baseline:E2G_Distance	0.6942675159235668	0.2906666666666667
baseline:E2G_Distance	0.6942675159235668	0.2850915431560593
baseline:E2G_Distance	0.6963906581740976	0.2808219178082192
baseline:E2G_Distance	0.6985138004246284	0.276006711409396
baseline:E2G_Distance	0.7006369426751592	0.2720527617477329
baseline:E2G_Distance	0.7048832271762208	0.2688259109311741
baseline:E2G_Distance	0.7112526539278131	0.26650755767700873
baseline:E2G_Distance	0.7133757961783439	0.2627052384675528
baseline:E2G_Distance	0.7133757961783439	0.25846153846153846
baseline:E2G_Distance	0.7176220806794055	0.25547996976568405
baseline:E2G_Distance	0.721868365180467	0.25297619047619047
baseline:E2G_Distance	0.7239915074309978	0.24963396778916544
baseline:E2G_Distance	0.7282377919320594	0.247296322999279
baseline:E2G_Distance	0.7303609341825902	0.24431818181818182
baseline:E2G_Distance	0.732484076433121	0.24109014675052412
baseline:E2G_Distance	0.732484076433121	0.23743977976600136
baseline:E2G_Distance	0.7367303609341825	0.23541383989145184
baseline:E2G_Distance	0.7388535031847133	0.23246492985971945
baseline:E2G_Distance	0.7409766454352441	0.22990777338603424
baseline:E2G_Distance	0.7430997876857749	0.22727272727272727
baseline:E2G_Distance	0.7430997876857749	0.22407170294494239
baseline:E2G_Distance	0.7473460721868365	0.22236260265319013
baseline:E2G_Distance	0.7494692144373672	0.21993769470404984
baseline:E2G_Distance	0.7494692144373672	0.21683046683046683
baseline:E2G_Distance	0.7537154989384289	0.2147610405323654
baseline:E2G_Distance	0.7579617834394905	0.21313432835820895
baseline:E2G_Distance	0.7579617834394905	0.21024734982332155
baseline:E2G_Distance	0.7579617834394905	0.20767888307155322
baseline:E2G_Distance	0.7622080679405521	0.20620333141872488
baseline:E2G_Distance	0.7622080679405521	0.20363017583664209
baseline:E2G_Distance	0.7643312101910829	0.20179372197309417
baseline:E2G_Distance	0.7664543524416136	0.2
baseline:E2G_Distance	0.7685774946921444	0.1982475355969332
baseline:E2G_Distance	0.772823779193206	0.19686316928069228
baseline:E2G_Distance	0.772823779193206	0.1946524064171123
baseline:E2G_Distance	0.772823779193206	0.19249074563722898
baseline:E2G_Distance	0.772823779193206	0.19027705175117615
baseline:E2G_Distance	0.772823779193206	0.18811369509043926
baseline:E2G_Distance	0.772823779193206	0.18609406952965235
baseline:E2G_Distance	0.7749469214437368	0.18462316641375823
baseline:E2G_Distance	0.7749469214437368	0.18268268268268267
baseline:E2G_Distance	0.7749469214437368	0.1806930693069307
baseline:E2G_Distance	0.7749469214437368	0.17883390494855464
baseline:E2G_Distance	0.7770700636942676	0.17749757516973813
baseline:E2G_Distance	0.7791932059447984	0.17610364683301344
baseline:E2G_Distance	0.7791932059447984	0.17426400759734093
baseline:E2G_Distance	0.7791932059447984	0.17230046948356809
baseline:E2G_Distance	0.7791932059447984	0.17053903345724908
baseline:E2G_Distance	0.7813163481953291	0.1693511274735389
baseline:E2G_Distance	0.7813163481953291	0.16757741347905283
baseline:E2G_Distance	0.7834394904458599	0.16644113667117727
baseline:E2G_Distance	0.7834394904458599	0.1648793565683646
baseline:E2G_Distance	0.7834394904458599	0.16327433628318583
baseline:E2G_Distance	0.7855626326963907	0.16213847502191062
baseline:E2G_Distance	0.7855626326963907	0.1605902777777778
baseline:E2G_Distance	0.7876857749469215	0.15956989247311829
baseline:E2G_Distance	0.7876857749469215	0.15814151747655583
baseline:E2G_Distance	0.7898089171974523	0.1570945945945946
baseline:E2G_Distance	0.7919320594479831	0.15600167294019238
baseline:E2G_Distance	0.7940552016985138	0.1550580431177446
baseline:E2G_Distance	0.7940552016985138	0.15365653245686114
baseline:E2G_Distance	0.7961783439490446	0.15274949083503056
baseline:E2G_Distance	0.7983014861995754	0.1518578352180937
baseline:E2G_Distance	0.802547770700637	0.1513210568454764
baseline:E2G_Distance	0.802547770700637	0.1500595474394601
baseline:E2G_Distance	0.802547770700637	0.1487603305785124
baseline:E2G_Distance	0.802547770700637	0.14748341786968397
baseline:E2G_Distance	0.802547770700637	0.14628482972136223
baseline:E2G_Distance	0.802547770700637	0.14504988488104376
baseline:E2G_Distance	0.8046709129511678	0.14421613394216135
baseline:E2G_Distance	0.8046709129511678	0.1430188679245283
baseline:E2G_Distance	0.8046709129511678	0.14184131736526945
baseline:E2G_Distance	0.8046709129511678	0.14073523950984032
baseline:E2G_Distance	0.8067940552016986	0.1400147383935151
baseline:E2G_Distance	0.8067940552016986	0.1388888888888889
baseline:E2G_Distance	0.8067940552016986	0.13778100072516317
baseline:E2G_Distance	0.8067940552016986	0.13664149586479685
baseline:E2G_Distance	0.8089171974522293	0.13597430406852248
baseline:E2G_Distance	0.8089171974522293	0.13496280552603612
baseline:E2G_Distance	0.8089171974522293	0.1339662447257384
baseline:E2G_Distance	0.8089171974522293	0.13289152424136727
baseline:E2G_Distance	0.8089171974522293	0.13187954309449637
baseline:E2G_Distance	0.8110403397027601	0.13127147766323025
baseline:E2G_Distance	0.8110403397027601	0.13028649386084584
baseline:E2G_Distance	0.8110403397027601	0.1293599729089062
baseline:E2G_Distance	0.8110403397027601	0.1284033613445378
baseline:E2G_Distance	0.8110403397027601	0.12750333778371162
baseline:E2G_Distance	0.8110403397027601	0.1265738899933731
baseline:E2G_Distance	0.8110403397027601	0.12569924317209608
baseline:E2G_Distance	0.8110403397027601	0.12479581836001306
baseline:E2G_Distance	0.8195329087048833	0.12508101101749838
baseline:E2G_Distance	0.8195329087048833	0.12423559703894432
baseline:E2G_Distance	0.8195329087048833	0.12324393358876118
baseline:E2G_Distance	0.8195329087048833	0.1223842739378567
baseline:E2G_Distance	0.8195329087048833	0.12149826880705068
baseline:E2G_Distance	0.8195329087048833	0.1207004377736085
baseline:E2G_Distance	0.8195329087048833	0.1199130164647406
baseline:E2G_Distance	0.8195329087048833	0.11909904350509103
baseline:E2G_Distance	0.8195329087048833	0.11833231146535868
baseline:E2G_Distance	0.8195329087048833	0.11753958587088915
baseline:E2G_Distance	0.8195329087048833	0.1167927382753404
baseline:E2G_Distance	0.8195329087048833	0.11598557692307693
baseline:E2G_Distance	0.8195329087048833	0.11518949567293345
baseline:E2G_Distance	0.8195329087048833	0.11443818559146161
baseline:E2G_Distance	0.8195329087048833	0.11366313309776208
baseline:E2G_Distance	0.8195329087048833	0.1128985083357707
baseline:E2G_Distance	0.8237791932059448	0.1127906976744186
baseline:E2G_Distance	0.8259023354564756	0.1123627960716349
baseline:E2G_Distance	0.8259023354564756	0.11155721250358475
baseline:E2G_Distance	0.8259023354564756	0.11088939566704675
baseline:E2G_Distance	0.8259023354564756	0.11016709147550269
baseline:E2G_Distance	0.8259023354564756	0.10945413618458076
baseline:E2G_Distance	0.8280254777070064	0.10909090909090909
baseline:E2G_Distance	0.8280254777070064	0.10836343428730202
baseline:E2G_Distance	0.8301486199575372	0.1080110497237569
baseline:E2G_Distance	0.8301486199575372	0.10735859417902252
baseline:E2G_Distance	0.8301486199575372	0.10668485675306957
baseline:E2G_Distance	0.8301486199575372	0.10604827773257391
baseline:E2G_Distance	0.8301486199575372	0.10536243600107788
baseline:E2G_Distance	0.8301486199575372	0.1047695605573419
baseline:E2G_Distance	0.8301486199575372	0.10415556739477891
baseline:E2G_Distance	0.8301486199575372	0.10352131321154355
baseline:E2G_Distance	0.8301486199575372	0.10289473684210526
baseline:E2G_Distance	0.8301486199575372	0.1023292331850301
baseline:E2G_Distance	0.8301486199575372	0.10174342961228207
baseline:E2G_Distance	0.8301486199575372	0.10116429495472186
baseline:E2G_Distance	0.8301486199575372	0.10059171597633136
baseline:E2G_Distance	0.8301486199575372	0.10005117707267144
baseline:E2G_Distance	0.832271762208068	0.09972017298397354
baseline:E2G_Distance	0.832271762208068	0.09919028340080972
baseline:E2G_Distance	0.832271762208068	0.09866599546941858
baseline:E2G_Distance	0.832271762208068	0.0980980980980981
baseline:E2G_Distance	0.832271762208068	0.09758526263380632
baseline:E2G_Distance	0.832271762208068	0.09698169223156854
baseline:E2G_Distance	0.832271762208068	0.09648043317745508
baseline:E2G_Distance	0.832271762208068	0.09596083231334149
baseline:E2G_Distance	0.832271762208068	0.09544679814950086
baseline:E2G_Distance	0.832271762208068	0.09493824170501332
baseline:E2G_Distance	0.8343949044585988	0.09465317919075145
baseline:E2G_Distance	0.8343949044585988	0.0941317365269461
baseline:E2G_Distance	0.8365180467091295	0.09389895138226882
baseline:E2G_Distance	0.8365180467091295	0.09340919867235657
baseline:E2G_Distance	0.8365180467091295	0.09288071664309289
baseline:E2G_Distance	0.8386411889596603	0.09261430246189918
baseline:E2G_Distance	0.8386411889596603	0.09213902495917892
baseline:E2G_Distance	0.8386411889596603	0.09168987929433611
baseline:E2G_Distance	0.8386411889596603	0.09116085852757905
baseline:E2G_Distance	0.8386411889596603	0.09065871012164334
baseline:E2G_Distance	0.8386411889596603	0.09022384650525354
baseline:E2G_Distance	0.8386411889596603	0.08977272727272727
baseline:E2G_Distance	0.8386411889596603	0.08928571428571429
baseline:E2G_Distance	0.8386411889596603	0.08878399640368623
baseline:E2G_Distance	0.8386411889596603	0.0883668903803132
baseline:E2G_Distance	0.8386411889596603	0.08793410507569012
baseline:E2G_Distance	0.8386411889596603	0.08752492798581875
baseline:E2G_Distance	0.8407643312101911	0.0873015873015873
baseline:E2G_Distance	0.8407643312101911	0.08682306511729884
baseline:E2G_Distance	0.8407643312101911	0.08638743455497382
baseline:E2G_Distance	0.8407643312101911	0.08595615367918386
baseline:E2G_Distance	0.8407643312101911	0.08554763447828904
baseline:E2G_Distance	0.8428874734607219	0.08535798752956353
baseline:E2G_Distance	0.8450106157112527	0.08513368983957219
baseline:E2G_Distance	0.8450106157112527	0.08471690080885483
baseline:E2G_Distance	0.8450106157112527	0.08432203389830509
baseline:E2G_Distance	0.8450106157112527	0.08393083087304935
baseline:E2G_Distance	0.8450106157112527	0.08350818296265212
baseline:E2G_Distance	0.8450106157112527	0.08314184249007729
baseline:E2G_Distance	0.8471337579617835	0.08296943231441048
baseline:E2G_Distance	0.8471337579617835	0.08257450331125828
baseline:E2G_Distance	0.8471337579617835	0.08221718524623944
baseline:E2G_Distance	0.8471337579617835	0.08182936833470057
baseline:E2G_Distance	0.8471337579617835	0.08147845619767205
baseline:E2G_Distance	0.8492569002123143	0.08131734092295181
baseline:E2G_Distance	0.8492569002123143	0.08093889113719142
baseline:E2G_Distance	0.8492569002123143	0.08058017727639001
baseline:E2G_Distance	0.8492569002123143	0.08020854220974534
baseline:E2G_Distance	0.8492569002123143	0.07987220447284345
baseline:E2G_Distance	0.8492569002123143	0.07952286282306163
baseline:E2G_Distance	0.8492569002123143	0.0791295746785361
baseline:E2G_Distance	0.8492569002123143	0.07880220646178093
baseline:E2G_Distance	0.8492569002123143	0.07844675426554226
baseline:E2G_Distance	0.8492569002123143	0.078125
baseline:E2G_Distance	0.8492569002123143	0.07777561734396267
baseline:E2G_Distance	0.8492569002123143	0.07745933384972889
baseline:E2G_Distance	0.8492569002123143	0.07710100231303008
baseline:E2G_Distance	0.8492569002123143	0.07677543186180422
baseline:E2G_Distance	0.8492569002123143	0.0764379896808714
baseline:E2G_Distance	0.8535031847133758	0.07649857278782113
baseline:E2G_Distance	0.8535031847133758	0.07619408642911296
baseline:E2G_Distance	0.8535031847133758	0.0758633704472542
baseline:E2G_Distance	0.8535031847133758	0.0755639097744361
baseline:E2G_Distance	0.8535031847133758	0.07523862998315553
baseline:E2G_Distance	0.8556263269639066	0.07511649580615098
baseline:E2G_Distance	0.8556263269639066	0.07476808905380333
baseline:E2G_Distance	0.8556263269639066	0.07445039719194532
baseline:E2G_Distance	0.8556263269639066	0.07414903403863846
baseline:E2G_Distance	0.8556263269639066	0.07382304451364718
baseline:E2G_Distance	0.8577494692144374	0.07372262773722628
baseline:E2G_Distance	0.8577494692144374	0.0734145011811739
baseline:E2G_Distance	0.8577494692144374	0.07309571195947169
baseline:E2G_Distance	0.8577494692144374	0.07280591097495044
baseline:E2G_Distance	0.8577494692144374	0.0725314183123878
baseline:E2G_Distance	0.8598726114649682	0.07242489270386267
baseline:E2G_Distance	0.861995753715499	0.07233208622839836
baseline:E2G_Distance	0.861995753715499	0.07206247781327653
baseline:E2G_Distance	0.861995753715499	0.07179487179487179
baseline:E2G_Distance	0.861995753715499	0.0715292459478506
baseline:E2G_Distance	0.861995753715499	0.07125307125307126
baseline:E2G_Distance	0.861995753715499	0.07099143206854346
baseline:E2G_Distance	0.861995753715499	0.07071938686639959
baseline:E2G_Distance	0.861995753715499	0.07044941870553531
baseline:E2G_Distance	0.861995753715499	0.07018150388936906
baseline:E2G_Distance	0.8641188959660298	0.07007575757575757
baseline:E2G_Distance	0.8662420382165605	0.0699828473413379
baseline:E2G_Distance	0.8662420382165605	0.06971975393028025
baseline:E2G_Distance	0.8683651804670913	0.06962887299965952
baseline:E2G_Distance	0.8683651804670913	0.06935730032219772
baseline:E2G_Distance	0.8683651804670913	0.06908783783783784
baseline:E2G_Distance	0.8683651804670913	0.06884362901868372
baseline:E2G_Distance	0.8683651804670913	0.06858963608921684
baseline:E2G_Distance	0.8683651804670913	0.06832609421984631
baseline:E2G_Distance	0.8683651804670913	0.0680872315631763
baseline:E2G_Distance	0.8683651804670913	0.06780503978779841
baseline:E2G_Distance	0.8683651804670913	0.0675698000991244
baseline:E2G_Distance	0.8683651804670913	0.06728080276361244
baseline:E2G_Distance	0.8683651804670913	0.06703819046058024
baseline:E2G_Distance	0.8683651804670913	0.06677551020408164
baseline:E2G_Distance	0.8683651804670913	0.06652569941444372
baseline:E2G_Distance	0.8704883227176221	0.06643979906011992
baseline:E2G_Distance	0.8704883227176221	0.06620377845955111
baseline:E2G_Distance	0.8704883227176221	0.06596942880128721
baseline:E2G_Distance	0.8704883227176221	0.06574727389352149
baseline:E2G_Distance	0.8704883227176221	0.06552661019657983
baseline:E2G_Distance	0.8704883227176221	0.06529702181876094
baseline:E2G_Distance	0.8704883227176221	0.06506903666084748
baseline:E2G_Distance	0.8704883227176221	0.06485289465359063
baseline:E2G_Distance	0.8704883227176221	0.06461780929866036
baseline:E2G_Distance	0.8704883227176221	0.06440464970153943
baseline:E2G_Distance	0.8726114649681529	0.0643494598403006
baseline:E2G_Distance	0.8726114649681529	0.0641185647425897
baseline:E2G_Distance	0.8726114649681529	0.06389925373134328
baseline:E2G_Distance	0.8726114649681529	0.06369130636913063
baseline:E2G_Distance	0.8726114649681529	0.06346510191476219
baseline:E2G_Distance	0.8726114649681529	0.06323076923076923
baseline:E2G_Distance	0.8726114649681529	0.06301747930082796
baseline:E2G_Distance	0.8726114649681529	0.06280562347188264
baseline:E2G_Distance	0.8726114649681529	0.0625951873286628
baseline:E2G_Distance	0.8747346072186837	0.06254744193107636
baseline:E2G_Distance	0.8747346072186837	0.06234866828087167
baseline:E2G_Distance	0.8747346072186837	0.062132408384859
baseline:E2G_Distance	0.8747346072186837	0.0619362597714973
baseline:E2G_Distance	0.8747346072186837	0.06174134572156451
baseline:E2G_Distance	0.8747346072186837	0.06153846153846154
baseline:E2G_Distance	0.8747346072186837	0.06134603930911257
baseline:E2G_Distance	0.8747346072186837	0.061136667161299896
baseline:E2G_Distance	0.8747346072186837	0.060937731104866145
baseline:E2G_Distance	0.8747346072186837	0.060749041580654674
baseline:E2G_Distance	0.8747346072186837	0.06054371785451874
baseline:E2G_Distance	0.8747346072186837	0.06035745678288895
baseline:E2G_Distance	0.8747346072186837	0.06017233825032861
baseline:E2G_Distance	0.8768577494692145	0.06011644832605531
baseline:E2G_Distance	0.8768577494692145	0.05993324626324191
baseline:E2G_Distance	0.8768577494692145	0.05974251410386229
baseline:E2G_Distance	0.8768577494692145	0.05956158061724834
baseline:E2G_Distance	0.8768577494692145	0.05938173975557153
baseline:E2G_Distance	0.8768577494692145	0.05919449620180593
baseline:E2G_Distance	0.8768577494692145	0.05901686196056016
baseline:E2G_Distance	0.8768577494692145	0.058823529411764705
baseline:E2G_Distance	0.8768577494692145	0.05864811133200795
baseline:E2G_Distance	0.8768577494692145	0.05847373637264618
baseline:E2G_Distance	0.8768577494692145	0.058300395256917
baseline:E2G_Distance	0.8768577494692145	0.058119898677174216
baseline:E2G_Distance	0.8768577494692145	0.057948645994106915
baseline:E2G_Distance	0.8768577494692145	0.05777839955232233
baseline:E2G_Distance	0.8768577494692145	0.05760111576011158
baseline:E2G_Distance	0.8768577494692145	0.05741693312943139
baseline:E2G_Distance	0.8768577494692145	0.05724185724185724
baseline:E2G_Distance	0.8768577494692145	0.057075732448866774
baseline:E2G_Distance	0.8768577494692145	0.0569027280242491
baseline:E2G_Distance	0.8768577494692145	0.05673856298942163
baseline:E2G_Distance	0.8768577494692145	0.05657534246575342
baseline:E2G_Distance	0.8768577494692145	0.05640535372848948
baseline:E2G_Distance	0.8768577494692145	0.056236383442265794
baseline:E2G_Distance	0.8768577494692145	0.056076035302104546
baseline:E2G_Distance	0.8768577494692145	0.05590902937593069
baseline:E2G_Distance	0.8768577494692145	0.05573549257759784
baseline:E2G_Distance	0.8768577494692145	0.05557798412057596
baseline:E2G_Distance	0.8768577494692145	0.055413927277606335
baseline:E2G_Distance	0.8768577494692145	0.05525083612040134
baseline:E2G_Distance	0.8768577494692145	0.05509605122732124
baseline:E2G_Distance	0.8768577494692145	0.05489831184367938
baseline:E2G_Distance	0.8768577494692145	0.054745493107104984
baseline:E2G_Distance	0.8768577494692145	0.05458630716362675
baseline:E2G_Distance	0.8789808917197452	0.054567022538552785
baseline:E2G_Distance	0.8789808917197452	0.05439495467087111
baseline:E2G_Distance	0.8789808917197452	0.054245283018867926
baseline:E2G_Distance	0.8789808917197452	0.054089365037888686
baseline:E2G_Distance	0.8789808917197452	0.05394136807817589
baseline:E2G_Distance	0.881104033970276	0.05391711056255684
baseline:E2G_Distance	0.881104033970276	0.053763440860215055
baseline:E2G_Distance	0.881104033970276	0.053610644619558195
baseline:E2G_Distance	0.881104033970276	0.05346560164905952
baseline:E2G_Distance	0.881104033970276	0.053321341385070026
baseline:E2G_Distance	0.881104033970276	0.05317785750896976
baseline:E2G_Distance	0.881104033970276	0.05302159192538648
baseline:E2G_Distance	0.881104033970276	0.052879714576962285
baseline:E2G_Distance	0.881104033970276	0.05273859448468675
baseline:E2G_Distance	0.881104033970276	0.052598225602027884
baseline:E2G_Distance	0.881104033970276	0.05245860194665655
baseline:E2G_Distance	0.881104033970276	0.052313122400100845
baseline:E2G_Distance	0.881104033970276	0.05217500628614533
baseline:E2G_Distance	0.881104033970276	0.05203761755485893
baseline:E2G_Distance	0.881104033970276	0.05190095047523762
baseline:E2G_Distance	0.881104033970276	0.05176499937632531
baseline:E2G_Distance	0.881104033970276	0.05162975864642946
baseline:E2G_Distance	0.881104033970276	0.051495222732348925
baseline:E2G_Distance	0.881104033970276	0.05134232339477916
baseline:E2G_Distance	0.881104033970276	0.05120927936821323
baseline:E2G_Distance	0.881104033970276	0.051076923076923075
baseline:E2G_Distance	0.881104033970276	0.050945249202062365
baseline:E2G_Distance	0.881104033970276	0.05080803134182174
baseline:E2G_Distance	0.881104033970276	0.05066536442436821
baseline:E2G_Distance	0.881104033970276	0.050535801266439355
baseline:E2G_Distance	0.881104033970276	0.05040689906473946
baseline:E2G_Distance	0.881104033970276	0.05027865277441241
baseline:E2G_Distance	0.881104033970276	0.05014499758337361
baseline:E2G_Distance	0.881104033970276	0.05001807882367121
baseline:E2G_Distance	0.881104033970276	0.04988580358216132
baseline:E2G_Distance	0.881104033970276	0.049760191846522785
baseline:E2G_Distance	0.8832271762208068	0.049754814017462026
baseline:E2G_Distance	0.8832271762208068	0.049630159866380336
baseline:E2G_Distance	0.8832271762208068	0.049494348602022606
baseline:E2G_Distance	0.8853503184713376	0.04948380206479174
baseline:E2G_Distance	0.8853503184713376	0.049354953248905195
baseline:E2G_Distance	0.8853503184713376	0.049226773698500766
baseline:E2G_Distance	0.8853503184713376	0.049105040037682526
baseline:E2G_Distance	0.8853503184713376	0.04897815362931642
baseline:E2G_Distance	0.8874734607218684	0.04897480960749854
baseline:E2G_Distance	0.8874734607218684	0.048854604955586724
baseline:E2G_Distance	0.8874734607218684	0.04872930753089298
baseline:E2G_Distance	0.8874734607218684	0.04861030352366554
baseline:E2G_Distance	0.8874734607218684	0.04849187935034803
baseline:E2G_Distance	0.8874734607218684	0.04837403078347414
baseline:E2G_Distance	0.8874734607218684	0.048256753636573536
baseline:E2G_Distance	0.8874734607218684	0.04814004376367615
baseline:E2G_Distance	0.8874734607218684	0.04802389705882353
baseline:E2G_Distance	0.8874734607218684	0.04790830945558739
baseline:E2G_Distance	0.8874734607218684	0.047782350251486055
baseline:E2G_Distance	0.8874734607218684	0.047657051647474635
baseline:E2G_Distance	0.8874734607218684	0.04753781417036279
baseline:E2G_Distance	0.8874734607218684	0.04742455184933061
baseline:E2G_Distance	0.8874734607218684	0.047311827956989246
baseline:E2G_Distance	0.8874734607218684	0.047199638663053295
baseline:E2G_Distance	0.8895966029723992	0.047189998873747044
baseline:E2G_Distance	0.8980891719745223	0.047522750252780584
baseline:E2G_Distance	1.0	0.045480880648899186
sHet:genebayes_shet	0.0	0.0
sHet:genebayes_shet	0.0	0.0
sHet:genebayes_shet	0.0	0.0
sHet:genebayes_shet	0.0	0.0
sHet:genebayes_shet	0.0021231422505307855	0.010526315789473684
sHet:genebayes_shet	0.004246284501061571	0.01834862385321101
sHet:genebayes_shet	0.006369426751592357	0.025423728813559324
sHet:genebayes_shet	0.006369426751592357	0.018292682926829267
sHet:genebayes_shet	0.008492569002123142	0.0223463687150838
sHet:genebayes_shet	0.008492569002123142	0.021164021164021163
sHet:genebayes_shet	0.010615711252653927	0.020080321285140562
sHet:genebayes_shet	0.010615711252653927	0.01937984496124031
sHet:genebayes_shet	0.010615711252653927	0.018656716417910446
sHet:genebayes_shet	0.010615711252653927	0.017361111111111112
sHet:genebayes_shet	0.010615711252653927	0.016286644951140065
sHet:genebayes_shet	0.010615711252653927	0.015822784810126583
sHet:genebayes_shet	0.010615711252653927	0.015384615384615385
sHet:genebayes_shet	0.010615711252653927	0.015015015015015015
sHet:genebayes_shet	0.010615711252653927	0.014705882352941176
sHet:genebayes_shet	0.010615711252653927	0.014367816091954023
sHet:genebayes_shet	0.012738853503184714	0.01662049861495845
sHet:genebayes_shet	0.012738853503184714	0.016042780748663103
sHet:genebayes_shet	0.012738853503184714	0.015544041450777202
sHet:genebayes_shet	0.012738853503184714	0.015037593984962405
sHet:genebayes_shet	0.012738853503184714	0.014423076923076924
sHet:genebayes_shet	0.012738853503184714	0.013761467889908258
sHet:genebayes_shet	0.012738853503184714	0.013452914798206279
sHet:genebayes_shet	0.012738853503184714	0.013215859030837005
sHet:genebayes_shet	0.014861995753715499	0.015283842794759825
sHet:genebayes_shet	0.01910828025477707	0.018867924528301886
sHet:genebayes_shet	0.021231422505307854	0.02040816326530612
sHet:genebayes_shet	0.021231422505307854	0.020080321285140562
sHet:genebayes_shet	0.02335456475583864	0.02131782945736434
sHet:genebayes_shet	0.04246284501061571	0.03322259136212625
sHet:genebayes_shet	0.04246284501061571	0.033003300330033
sHet:genebayes_shet	0.04246284501061571	0.03262642740619902
sHet:genebayes_shet	0.04246284501061571	0.03210272873194221
sHet:genebayes_shet	0.04246284501061571	0.03164556962025317
sHet:genebayes_shet	0.04670912951167728	0.028205128205128206
sHet:genebayes_shet	0.04670912951167728	0.027848101265822784
sHet:genebayes_shet	0.04883227176220807	0.027777777777777776
sHet:genebayes_shet	0.04883227176220807	0.027446300715990454
sHet:genebayes_shet	0.04883227176220807	0.02715466351829988
sHet:genebayes_shet	0.04883227176220807	0.026744186046511628
sHet:genebayes_shet	0.04883227176220807	0.026497695852534562
sHet:genebayes_shet	0.04883227176220807	0.02631578947368421
sHet:genebayes_shet	0.050955414012738856	0.027210884353741496
sHet:genebayes_shet	0.050955414012738856	0.02705749718151071
sHet:genebayes_shet	0.050955414012738856	0.026875699888017916
sHet:genebayes_shet	0.050955414012738856	0.026373626373626374
sHet:genebayes_shet	0.050955414012738856	0.026200873362445413
sHet:genebayes_shet	0.050955414012738856	0.02583423035522067
sHet:genebayes_shet	0.055201698513800426	0.024667931688804556
sHet:genebayes_shet	0.059447983014861996	0.0223463687150838
sHet:genebayes_shet	0.06581740976645435	0.02206405693950178
sHet:genebayes_shet	0.06794055201698514	0.022598870056497175
sHet:genebayes_shet	0.07006369426751592	0.023190442726633873
sHet:genebayes_shet	0.07006369426751592	0.022964509394572025
sHet:genebayes_shet	0.07643312101910828	0.024896265560165973
sHet:genebayes_shet	0.08067940552016985	0.025885558583106268
sHet:genebayes_shet	0.08280254777070063	0.026458616010854818
sHet:genebayes_shet	0.08280254777070063	0.02606951871657754
sHet:genebayes_shet	0.08917197452229299	0.027851458885941646
sHet:genebayes_shet	0.08917197452229299	0.027686222808174028
sHet:genebayes_shet	0.08917197452229299	0.02530120481927711
sHet:genebayes_shet	0.09129511677282377	0.02577937649880096
sHet:genebayes_shet	0.09554140127388536	0.026564344746162927
sHet:genebayes_shet	0.09978768577494693	0.027614571092831962
sHet:genebayes_shet	0.10191082802547771	0.028021015761821366
sHet:genebayes_shet	0.1040339702760085	0.028372900984365953
sHet:genebayes_shet	0.1040339702760085	0.028
sHet:genebayes_shet	0.1040339702760085	0.02785673678226265
sHet:genebayes_shet	0.1040339702760085	0.027730616864742503
sHet:genebayes_shet	0.1040339702760085	0.027481772293886708
sHet:genebayes_shet	0.10615711252653928	0.027948574622694244
sHet:genebayes_shet	0.11464968152866242	0.028954423592493297
sHet:genebayes_shet	0.11464968152866242	0.028692879914984058
sHet:genebayes_shet	0.11677282377919321	0.029054410987849975
sHet:genebayes_shet	0.11677282377919321	0.028901734104046242
sHet:genebayes_shet	0.11677282377919321	0.027160493827160494
sHet:genebayes_shet	0.11889596602972399	0.027518427518427518
sHet:genebayes_shet	0.11889596602972399	0.027317073170731707
sHet:genebayes_shet	0.12101910828025478	0.02771025765678172
sHet:genebayes_shet	0.12314225053078556	0.02804642166344294
sHet:genebayes_shet	0.12314225053078556	0.027924891670678863
sHet:genebayes_shet	0.12314225053078556	0.02759276879162702
sHet:genebayes_shet	0.12314225053078556	0.027268453220498354
sHet:genebayes_shet	0.12314225053078556	0.0270901447921532
sHet:genebayes_shet	0.13588110403397027	0.029725963771481654
sHet:genebayes_shet	0.14012738853503184	0.03024747937671861
sHet:genebayes_shet	0.15286624203821655	0.032816773017319965
sHet:genebayes_shet	0.15286624203821655	0.032667876588021776
sHet:genebayes_shet	0.15286624203821655	0.032490974729241874
sHet:genebayes_shet	0.1592356687898089	0.0334075723830735
sHet:genebayes_shet	0.16560509554140126	0.03443708609271523
sHet:genebayes_shet	0.16560509554140126	0.03427065026362039
sHet:genebayes_shet	0.16560509554140126	0.03413566739606127
sHet:genebayes_shet	0.16985138004246284	0.03289473684210526
sHet:genebayes_shet	0.1762208067940552	0.0340024580090127
sHet:genebayes_shet	0.17834394904458598	0.03329369797859691
sHet:genebayes_shet	0.18259023354564755	0.034005535784895215
sHet:genebayes_shet	0.18471337579617833	0.034333070244672456
sHet:genebayes_shet	0.1910828025477707	0.03540519276160504
sHet:genebayes_shet	0.1910828025477707	0.03526645768025078
sHet:genebayes_shet	0.1910828025477707	0.035115099492781895
sHet:genebayes_shet	0.1910828025477707	0.034992223950233284
sHet:genebayes_shet	0.1910828025477707	0.03484320557491289
sHet:genebayes_shet	0.1910828025477707	0.034708831469340534
sHet:genebayes_shet	0.1910828025477707	0.03462870334744132
sHet:genebayes_shet	0.1932059447983015	0.03491941673062164
sHet:genebayes_shet	0.1932059447983015	0.034785932721712536
sHet:genebayes_shet	0.1932059447983015	0.034653465346534656
sHet:genebayes_shet	0.19532908704883228	0.034874905231235785
sHet:genebayes_shet	0.19745222929936307	0.03508110147114297
sHet:genebayes_shet	0.19957537154989385	0.035391566265060244
sHet:genebayes_shet	0.20169851380042464	0.03570086433671552
sHet:genebayes_shet	0.208067940552017	0.03674540682414698
sHet:genebayes_shet	0.208067940552017	0.036676646706586824
sHet:genebayes_shet	0.208067940552017	0.03659447348767737
sHet:genebayes_shet	0.21019108280254778	0.03677563150074294
sHet:genebayes_shet	0.21868365180467092	0.03810580836108028
sHet:genebayes_shet	0.21868365180467092	0.03760496531580869
sHet:genebayes_shet	0.21868365180467092	0.037550127597520966
sHet:genebayes_shet	0.2208067940552017	0.03785948307244266
sHet:genebayes_shet	0.2208067940552017	0.03762662807525326
sHet:genebayes_shet	0.2229299363057325	0.03781058696435002
sHet:genebayes_shet	0.22505307855626328	0.038088393819619114
sHet:genebayes_shet	0.22717622080679406	0.03831006086645184
sHet:genebayes_shet	0.22929936305732485	0.03854389721627409
sHet:genebayes_shet	0.22929936305732485	0.03831145796381696
sHet:genebayes_shet	0.23142250530785563	0.03851590106007067
sHet:genebayes_shet	0.23142250530785563	0.038032100488485696
sHet:genebayes_shet	0.23142250530785563	0.037586206896551726
sHet:genebayes_shet	0.23142250530785563	0.03745704467353952
sHet:genebayes_shet	0.23142250530785563	0.03731598767545361
sHet:genebayes_shet	0.23142250530785563	0.03715064758009543
sHet:genebayes_shet	0.23142250530785563	0.03699932111337407
sHet:genebayes_shet	0.23354564755838642	0.03721244925575101
sHet:genebayes_shet	0.24628450106157113	0.03904409289801414
sHet:genebayes_shet	0.24628450106157113	0.03893924135615979
sHet:genebayes_shet	0.2526539278131635	0.0396138482023968
sHet:genebayes_shet	0.25690021231422505	0.040079496522027164
sHet:genebayes_shet	0.2611464968152866	0.04064771976206213
sHet:genebayes_shet	0.2653927813163482	0.04124051468162323
sHet:genebayes_shet	0.2653927813163482	0.041050903119868636
sHet:genebayes_shet	0.267515923566879	0.04108249103358331
sHet:genebayes_shet	0.27176220806794055	0.04153147306943543
sHet:genebayes_shet	0.27176220806794055	0.04145077720207254
sHet:genebayes_shet	0.27176220806794055	0.040276903713027064
sHet:genebayes_shet	0.27176220806794055	0.04002501563477173
sHet:genebayes_shet	0.27176220806794055	0.03987538940809969
sHet:genebayes_shet	0.27388535031847133	0.03995044905543512
sHet:genebayes_shet	0.2760084925690021	0.039816232771822356
sHet:genebayes_shet	0.2802547770700637	0.04007285974499089
sHet:genebayes_shet	0.2802547770700637	0.03991533111581494
sHet:genebayes_shet	0.2802547770700637	0.039819004524886875
sHet:genebayes_shet	0.2802547770700637	0.039711191335740074
sHet:genebayes_shet	0.28662420382165604	0.040552718534094326
sHet:genebayes_shet	0.2908704883227176	0.04105483967635601
sHet:genebayes_shet	0.29723991507430997	0.041891083183722325
sHet:genebayes_shet	0.29723991507430997	0.04165426956263017
sHet:genebayes_shet	0.29723991507430997	0.04150607767565965
sHet:genebayes_shet	0.30148619957537154	0.042011834319526625
sHet:genebayes_shet	0.30148619957537154	0.041351193942923706
sHet:genebayes_shet	0.30148619957537154	0.04125508425334108
sHet:genebayes_shet	0.3057324840764331	0.04176334106728538
sHet:genebayes_shet	0.3099787685774947	0.04224537037037037
sHet:genebayes_shet	0.31422505307855625	0.0411682892906815
sHet:genebayes_shet	0.3184713375796178	0.040749796251018745
sHet:genebayes_shet	0.3205944798301486	0.04094360086767896
sHet:genebayes_shet	0.3227176220806794	0.04108108108108108
sHet:genebayes_shet	0.3227176220806794	0.04075067024128686
sHet:genebayes_shet	0.3227176220806794	0.04067433770404067
sHet:genebayes_shet	0.3227176220806794	0.040619989310529125
sHet:genebayes_shet	0.3227176220806794	0.04052252732604639
sHet:genebayes_shet	0.32696390658174096	0.04097924427887174
sHet:genebayes_shet	0.32696390658174096	0.04093567251461988
sHet:genebayes_shet	0.32696390658174096	0.04084880636604774
sHet:genebayes_shet	0.33121019108280253	0.0412262156448203
sHet:genebayes_shet	0.33121019108280253	0.04096638655462185
sHet:genebayes_shet	0.3354564755838641	0.040533606977937404
sHet:genebayes_shet	0.3354564755838641	0.04047131147540984
sHet:genebayes_shet	0.3354564755838641	0.04032669729453803
sHet:genebayes_shet	0.3354564755838641	0.040091347373763006
sHet:genebayes_shet	0.3375796178343949	0.0402226157348849
sHet:genebayes_shet	0.3375796178343949	0.04012112036336109
sHet:genebayes_shet	0.3375796178343949	0.0400604686318972
sHet:genebayes_shet	0.33970276008492567	0.040211108318673035
sHet:genebayes_shet	0.33970276008492567	0.04011030333416896
sHet:genebayes_shet	0.33970276008492567	0.03992015968063872
sHet:genebayes_shet	0.33970276008492567	0.039830719442369926
sHet:genebayes_shet	0.34182590233545646	0.04002983590253605
sHet:genebayes_shet	0.34182590233545646	0.039950372208436724
sHet:genebayes_shet	0.34182590233545646	0.03983176645225136
sHet:genebayes_shet	0.34182590233545646	0.03976290442084465
sHet:genebayes_shet	0.34182590233545646	0.03959665518937531
sHet:genebayes_shet	0.3481953290870488	0.04021579205492889
sHet:genebayes_shet	0.3481953290870488	0.040156709108716944
sHet:genebayes_shet	0.35456475583864117	0.04000958313368472
sHet:genebayes_shet	0.35668789808917195	0.040172166427546625
sHet:genebayes_shet	0.35881104033970274	0.040363028421304036
sHet:genebayes_shet	0.3609341825902335	0.040495474035254886
sHet:genebayes_shet	0.3609341825902335	0.040351293615001185
sHet:genebayes_shet	0.3609341825902335	0.040227165168007575
sHet:genebayes_shet	0.3630573248407643	0.040415977310328526
sHet:genebayes_shet	0.37367303609341823	0.040145985401459854
sHet:genebayes_shet	0.37367303609341823	0.04006373776462554
sHet:genebayes_shet	0.37791932059447986	0.040390288177898796
sHet:genebayes_shet	0.37791932059447986	0.0402806064720525
sHet:genebayes_shet	0.38004246284501064	0.04043370228145471
sHet:genebayes_shet	0.3842887473460722	0.04083013760433115
sHet:genebayes_shet	0.386411889596603	0.040834642135965896
sHet:genebayes_shet	0.3885350318471338	0.04097626511419615
sHet:genebayes_shet	0.3885350318471338	0.0409121395036888
sHet:genebayes_shet	0.3885350318471338	0.04080267558528428
sHet:genebayes_shet	0.39065817409766457	0.04096170970614425
sHet:genebayes_shet	0.39065817409766457	0.040870724122612175
sHet:genebayes_shet	0.39065817409766457	0.040780141843971635
sHet:genebayes_shet	0.4012738853503185	0.04177718832891247
sHet:genebayes_shet	0.40552016985138006	0.042144748455428066
sHet:genebayes_shet	0.40764331210191085	0.04226282192383887
sHet:genebayes_shet	0.40764331210191085	0.0421792618629174
sHet:genebayes_shet	0.4140127388535032	0.042753782065336546
sHet:genebayes_shet	0.4140127388535032	0.04259501965923984
sHet:genebayes_shet	0.42038216560509556	0.04319371727748691
sHet:genebayes_shet	0.42038216560509556	0.04312785885428011
sHet:genebayes_shet	0.42038216560509556	0.043043478260869565
sHet:genebayes_shet	0.42038216560509556	0.042931483087597574
sHet:genebayes_shet	0.42250530785562634	0.04301772589710333
sHet:genebayes_shet	0.42462845010615713	0.04311273981461522
sHet:genebayes_shet	0.43312101910828027	0.04384268214055448
sHet:genebayes_shet	0.43524416135881105	0.04394426580921758
sHet:genebayes_shet	0.43524416135881105	0.043897216274089934
sHet:genebayes_shet	0.43736730360934184	0.04404532820183878
sHet:genebayes_shet	0.4394904458598726	0.04418356456776948
sHet:genebayes_shet	0.4394904458598726	0.04412705180132168
sHet:genebayes_shet	0.4416135881104034	0.04393747359526827
sHet:genebayes_shet	0.4416135881104034	0.043863348797975536
sHet:genebayes_shet	0.4437367303609342	0.04366903468449645
sHet:genebayes_shet	0.445859872611465	0.043777360850531584
sHet:genebayes_shet	0.44798301486199577	0.043930876535498646
sHet:genebayes_shet	0.44798301486199577	0.04381229235880399
sHet:genebayes_shet	0.45222929936305734	0.044163383786025294
sHet:genebayes_shet	0.4543524416135881	0.04424229894562746
sHet:genebayes_shet	0.4543524416135881	0.04418748709477596
sHet:genebayes_shet	0.4564755838641189	0.04434818481848185
sHet:genebayes_shet	0.4585987261146497	0.044508551411498044
sHet:genebayes_shet	0.4585987261146497	0.044444444444444446
sHet:genebayes_shet	0.4585987261146497	0.04434407719154178
sHet:genebayes_shet	0.46496815286624205	0.04478527607361963
sHet:genebayes_shet	0.46496815286624205	0.04469387755102041
sHet:genebayes_shet	0.4692144373673036	0.04501935221022611
sHet:genebayes_shet	0.4692144373673036	0.04495524816924329
sHet:genebayes_shet	0.4713375796178344	0.0450761421319797
sHet:genebayes_shet	0.4713375796178344	0.044939271255060725
sHet:genebayes_shet	0.4713375796178344	0.04482132041187159
sHet:genebayes_shet	0.4713375796178344	0.04478515230986484
sHet:genebayes_shet	0.4713375796178344	0.04471299093655589
sHet:genebayes_shet	0.4713375796178344	0.04463208685162847
sHet:genebayes_shet	0.4713375796178344	0.04451574092640866
sHet:genebayes_shet	0.4734607218683652	0.04467147435897436
sHet:genebayes_shet	0.4734607218683652	0.044608921784356874
sHet:genebayes_shet	0.47558386411889597	0.044755244755244755
sHet:genebayes_shet	0.47770700636942676	0.04485645933014354
sHet:genebayes_shet	0.47983014861995754	0.043943223799338904
sHet:genebayes_shet	0.47983014861995754	0.043892017867547095
sHet:genebayes_shet	0.4883227176220807	0.04460822342901474
sHet:genebayes_shet	0.4883227176220807	0.04451325720921231
sHet:genebayes_shet	0.4883227176220807	0.04436728395061729
sHet:genebayes_shet	0.4883227176220807	0.04422226494904826
sHet:genebayes_shet	0.4883227176220807	0.044061302681992334
sHet:genebayes_shet	0.4883227176220807	0.04401913875598086
sHet:genebayes_shet	0.49044585987261147	0.04414293904070323
sHet:genebayes_shet	0.49044585987261147	0.04406714994276994
sHet:genebayes_shet	0.49256900212314225	0.04419047619047619
sHet:genebayes_shet	0.49256900212314225	0.04408132243967319
sHet:genebayes_shet	0.49256900212314225	0.04400606980273141
sHet:genebayes_shet	0.49256900212314225	0.04392275653161681
sHet:genebayes_shet	0.49256900212314225	0.0438231960710238
sHet:genebayes_shet	0.49256900212314225	0.043740573152337855
sHet:genebayes_shet	0.49469214437367304	0.04384644335716974
sHet:genebayes_shet	0.4968152866242038	0.04391067742540814
sHet:genebayes_shet	0.5010615711252654	0.04416167664670659
sHet:genebayes_shet	0.5010615711252654	0.04407919312663429
sHet:genebayes_shet	0.5031847133757962	0.04420817011751539
sHet:genebayes_shet	0.5138004246284501	0.044998140572703606
sHet:genebayes_shet	0.5159235668789809	0.04481741054961269
sHet:genebayes_shet	0.5180467091295117	0.04491899852724595
sHet:genebayes_shet	0.5180467091295117	0.04486118771833057
sHet:genebayes_shet	0.5180467091295117	0.04481998530492285
sHet:genebayes_shet	0.5201698513800425	0.04493763756419662
sHet:genebayes_shet	0.5222929936305732	0.045021961932650074
sHet:genebayes_shet	0.5222929936305732	0.044980800877674164
sHet:genebayes_shet	0.5265392781316348	0.045288531775018265
sHet:genebayes_shet	0.5329087048832272	0.04576116681859617
sHet:genebayes_shet	0.5329087048832272	0.04571116372245493
sHet:genebayes_shet	0.535031847133758	0.04582651391162029
sHet:genebayes_shet	0.5520169851380042	0.046255114748265436
sHet:genebayes_shet	0.5583864118895966	0.0467389372667496
sHet:genebayes_shet	0.5583864118895966	0.04664774742816601
sHet:genebayes_shet	0.5583864118895966	0.04660641502746766
sHet:genebayes_shet	0.5605095541401274	0.046742209631728045
sHet:genebayes_shet	0.5605095541401274	0.04661840014126788
sHet:genebayes_shet	0.5605095541401274	0.04656905979890633
sHet:genebayes_shet	0.5626326963906582	0.04667958428747578
sHet:genebayes_shet	0.564755838641189	0.046822742474916385
sHet:genebayes_shet	0.5774946921443737	0.04721402534282243
sHet:genebayes_shet	0.5774946921443737	0.047156726768377254
sHet:genebayes_shet	0.5796178343949044	0.04726454293628809
sHet:genebayes_shet	0.5796178343949044	0.04719917012448133
sHet:genebayes_shet	0.5817409766454352	0.04733114527552254
sHet:genebayes_shet	0.5817409766454352	0.04729030031066621
sHet:genebayes_shet	0.583864118895966	0.04735663853969347
sHet:genebayes_shet	0.583864118895966	0.04729962160302718
sHet:genebayes_shet	0.5859872611464968	0.04742268041237113
sHet:genebayes_shet	0.5859872611464968	0.047325102880658436
sHet:genebayes_shet	0.5881104033970276	0.047447756080849605
sHet:genebayes_shet	0.5881104033970276	0.047382825863838525
sHet:genebayes_shet	0.5902335456475584	0.04741599863551083
sHet:genebayes_shet	0.5923566878980892	0.04752171691364333
sHet:genebayes_shet	0.5944798301486199	0.04764335545346265
sHet:genebayes_shet	0.5966029723991507	0.047748513169073914
sHet:genebayes_shet	0.5966029723991507	0.047699881174673234
sHet:genebayes_shet	0.6050955414012739	0.048305084745762714
sHet:genebayes_shet	0.6050955414012739	0.0473186119873817
sHet:genebayes_shet	0.6072186836518046	0.04742165478361798
sHet:genebayes_shet	0.6072186836518046	0.04735099337748344
sHet:genebayes_shet	0.6093418259023354	0.04746940125702944
sHet:genebayes_shet	0.613588110403397	0.04773703336636934
sHet:genebayes_shet	0.613588110403397	0.04765045342126958
sHet:genebayes_shet	0.6178343949044586	0.04785397138628515
sHet:genebayes_shet	0.6178343949044586	0.04770491803278688
sHet:genebayes_shet	0.6178343949044586	0.047619047619047616
sHet:genebayes_shet	0.6178343949044586	0.04700371507026328
sHet:genebayes_shet	0.6220806794055201	0.04725044347685857
sHet:genebayes_shet	0.6220806794055201	0.04715159317669778
sHet:genebayes_shet	0.6220806794055201	0.047113683872005145
sHet:genebayes_shet	0.6220806794055201	0.04701540436456996
sHet:genebayes_shet	0.6220806794055201	0.046947604550552795
sHet:genebayes_shet	0.6242038216560509	0.04707012487992315
sHet:genebayes_shet	0.6390658174097664	0.04796048438495857
sHet:genebayes_shet	0.6390658174097664	0.04652241112828439
sHet:genebayes_shet	0.6411889596602972	0.04663372452130945
sHet:genebayes_shet	0.6411889596602972	0.04659774726122512
sHet:genebayes_shet	0.6411889596602972	0.046454391632056606
sHet:genebayes_shet	0.6411889596602972	0.04633323105247008
sHet:genebayes_shet	0.6411889596602972	0.04626934273019764
sHet:genebayes_shet	0.6411889596602972	0.04619149587029673
sHet:genebayes_shet	0.6411889596602972	0.046092796092796096
sHet:genebayes_shet	0.6411889596602972	0.04602255409935995
sHet:genebayes_shet	0.6411889596602972	0.04592457420924574
sHet:genebayes_shet	0.6454352441613588	0.04613750189710123
sHet:genebayes_shet	0.6475583864118896	0.0461981217812784
sHet:genebayes_shet	0.6475583864118896	0.046142208774583963
sHet:genebayes_shet	0.6475583864118896	0.046037735849056606
sHet:genebayes_shet	0.6475583864118896	0.04595449751393702
sHet:genebayes_shet	0.6475583864118896	0.045878459687123944
sHet:genebayes_shet	0.6518046709129511	0.04612379807692308
sHet:genebayes_shet	0.6539278131634819	0.0462323626538577
sHet:genebayes_shet	0.6539278131634819	0.046059518468670554
sHet:genebayes_shet	0.6560509554140127	0.04612628750559785
sHet:genebayes_shet	0.6560509554140127	0.046057534654941126
sHet:genebayes_shet	0.6560509554140127	0.04598214285714286
sHet:genebayes_shet	0.6560509554140127	0.04590699747437231
sHet:genebayes_shet	0.6560509554140127	0.04586611251298798
sHet:genebayes_shet	0.6602972399150743	0.04610139341832197
sHet:genebayes_shet	0.6602972399150743	0.04604678708913237
sHet:genebayes_shet	0.6624203821656051	0.045342246766458365
sHet:genebayes_shet	0.6645435244161358	0.04535574554412404
sHet:genebayes_shet	0.6645435244161358	0.04532290761656531
sHet:genebayes_shet	0.673036093418259	0.04585563431216549
sHet:genebayes_shet	0.673036093418259	0.045743145743145745
sHet:genebayes_shet	0.6772823779193206	0.04595879556259905
sHet:genebayes_shet	0.6772823779193206	0.045813586097946286
sHet:genebayes_shet	0.6794055201698513	0.045878136200716846
sHet:genebayes_shet	0.6815286624203821	0.045512547851977884
sHet:genebayes_shet	0.6836518046709129	0.0455832389580974
sHet:genebayes_shet	0.6878980891719745	0.04580152671755725
sHet:genebayes_shet	0.6878980891719745	0.045743329097839895
sHet:genebayes_shet	0.6900212314225053	0.04519538311778612
sHet:genebayes_shet	0.692144373673036	0.04523380047176356
sHet:genebayes_shet	0.692144373673036	0.0451961735754887
sHet:genebayes_shet	0.692144373673036	0.04515235457063712
sHet:genebayes_shet	0.6985138004246284	0.045542635658914726
sHet:genebayes_shet	0.7070063694267515	0.04603898797179593
sHet:genebayes_shet	0.7070063694267515	0.04593103448275862
sHet:genebayes_shet	0.7070063694267515	0.04589305402425579
sHet:genebayes_shet	0.7091295116772823	0.045973847212663455
sHet:genebayes_shet	0.7091295116772823	0.04593590977857241
sHet:genebayes_shet	0.7091295116772823	0.04587281966762807
sHet:genebayes_shet	0.7133757961783439	0.04610318331503842
sHet:genebayes_shet	0.7133757961783439	0.04604632040564616
sHet:genebayes_shet	0.7133757961783439	0.045951859956236324
sHet:genebayes_shet	0.7133757961783439	0.04590791091679191
sHet:genebayes_shet	0.7133757961783439	0.04588283490372798
sHet:genebayes_shet	0.7154989384288747	0.045975443383356074
sHet:genebayes_shet	0.7154989384288747	0.0459315796647131
sHet:genebayes_shet	0.7176220806794055	0.04578704958005961
sHet:genebayes_shet	0.7176220806794055	0.04541789841440473
sHet:genebayes_shet	0.721868365180467	0.045662100456621
sHet:genebayes_shet	0.721868365180467	0.04555808656036447
sHet:genebayes_shet	0.7239915074309978	0.045655375552282766
sHet:genebayes_shet	0.7303609341825902	0.045940170940170943
sHet:genebayes_shet	0.7430997876857749	0.04580552283732496
sHet:genebayes_shet	0.7430997876857749	0.045656144012522826
sHet:genebayes_shet	0.7494692144373672	0.046005473739085104
sHet:genebayes_shet	0.7515923566878981	0.046099752571949475
sHet:genebayes_shet	0.7537154989384289	0.046169853036805826
sHet:genebayes_shet	0.7537154989384289	0.04606202153886078
sHet:genebayes_shet	0.7600849256900213	0.046397096941420427
sHet:genebayes_shet	0.7600849256900213	0.04624725487663093
sHet:genebayes_shet	0.7622080679405521	0.0463345379452762
sHet:genebayes_shet	0.7622080679405521	0.046262886597938147
sHet:genebayes_shet	0.7622080679405521	0.04615582411931088
sHet:genebayes_shet	0.772823779193206	0.0460409815330129
sHet:genebayes_shet	0.7770700636942676	0.04621795681272888
sHet:genebayes_shet	0.7791932059447984	0.04628578635389078
sHet:genebayes_shet	0.7791932059447984	0.04624495967741935
sHet:genebayes_shet	0.7791932059447984	0.046215841833522224
sHet:genebayes_shet	0.7813163481953291	0.046260213702074164
sHet:genebayes_shet	0.7813163481953291	0.046144200626959245
sHet:genebayes_shet	0.7813163481953291	0.046074871666457996
sHet:genebayes_shet	0.7834394904458599	0.046130766345793224
sHet:genebayes_shet	0.7834394904458599	0.046101949025487254
sHet:genebayes_shet	0.7855626326963907	0.04615192715479606
sHet:genebayes_shet	0.7855626326963907	0.04611741243923719
sHet:genebayes_shet	0.7876857749469215	0.046201743462017435
sHet:genebayes_shet	0.7876857749469215	0.046161503048401144
sHet:genebayes_shet	0.7876857749469215	0.04613280278537677
sHet:genebayes_shet	0.7919320594479831	0.04634116039259535
sHet:genebayes_shet	0.7919320594479831	0.04628940183668404
sHet:genebayes_shet	0.7919320594479831	0.04625496031746032
sHet:genebayes_shet	0.7919320594479831	0.04620339402948099
sHet:genebayes_shet	0.7919320594479831	0.046169080331724226
sHet:genebayes_shet	0.7940552016985138	0.045576407506702415
sHet:genebayes_shet	0.7940552016985138	0.04551539491298527
sHet:genebayes_shet	0.7983014861995754	0.045714285714285714
sHet:genebayes_shet	0.8004246284501062	0.045813586097946286
sHet:genebayes_shet	0.8004246284501062	0.04571359282163211
sHet:genebayes_shet	0.8004246284501062	0.04567482432759874
sHet:genebayes_shet	0.8004246284501062	0.045647172781208376
sHet:genebayes_shet	0.802547770700637	0.04572949431405759
sHet:genebayes_shet	0.8067940552016986	0.045921450151057405
sHet:genebayes_shet	0.8110403397027601	0.04612412460758271
sHet:genebayes_shet	0.8131634819532909	0.04620581493545663
sHet:genebayes_shet	0.821656050955414	0.04664336507171267
sHet:genebayes_shet	0.8237791932059448	0.04671321935949916
sHet:genebayes_shet	0.8259023354564756	0.04677167247805699
sHet:genebayes_shet	0.8280254777070064	0.04684684684684685
sHet:genebayes_shet	0.8301486199575372	0.046921876875075
sHet:genebayes_shet	0.8301486199575372	0.04684317718940937
sHet:genebayes_shet	0.8301486199575372	0.046820740031134
sHet:genebayes_shet	0.8365180467091295	0.04672675521821632
sHet:genebayes_shet	0.8365180467091295	0.04664377885639872
sHet:genebayes_shet	0.8386411889596603	0.04670687004848055
sHet:genebayes_shet	0.8386411889596603	0.04666272888363851
sHet:genebayes_shet	0.8428874734607219	0.046211151204749154
sHet:genebayes_shet	0.8450106157112527	0.04630060493252676
sHet:genebayes_shet	0.851380042462845	0.046606229660622965
sHet:genebayes_shet	0.851380042462845	0.04656834281732668
sHet:genebayes_shet	0.8535031847133758	0.046619505972399396
sHet:genebayes_shet	0.8556263269639066	0.04669215618120728
sHet:genebayes_shet	0.8556263269639066	0.04665431812919657
sHet:genebayes_shet	0.8577494692144374	0.0467430290408423
sHet:genebayes_shet	0.8577494692144374	0.04669440591770689
sHet:genebayes_shet	0.861995753715499	0.046865981761514484
sHet:genebayes_shet	0.8641188959660298	0.046948898373514826
sHet:genebayes_shet	0.8683651804670913	0.04699528898081121
sHet:genebayes_shet	0.8683651804670913	0.04691981186187909
sHet:genebayes_shet	0.8683651804670913	0.046860678276810265
sHet:genebayes_shet	0.8704883227176221	0.04693223443223443
sHet:genebayes_shet	0.8726114649681529	0.04697679734826837
sHet:genebayes_shet	0.8768577494692145	0.04716227018385292
sHet:genebayes_shet	0.8768577494692145	0.047135357224378
sHet:genebayes_shet	0.8768577494692145	0.04711384896189824
sHet:genebayes_shet	0.8768577494692145	0.04706016408386509
sHet:genebayes_shet	0.8789808917197452	0.04713651371968575
sHet:genebayes_shet	0.8789808917197452	0.04709897610921502
sHet:genebayes_shet	0.8832271762208068	0.04728347351670834
sHet:genebayes_shet	0.8832271762208068	0.04724588302101079
sHet:genebayes_shet	0.8832271762208068	0.04721371013505845
sHet:genebayes_shet	0.8832271762208068	0.047165532879818596
sHet:genebayes_shet	0.8832271762208068	0.04713346929526399
sHet:genebayes_shet	0.8853503184713376	0.04720932865391147
sHet:genebayes_shet	0.8874734607218684	0.04727971948874562
sHet:genebayes_shet	0.8874734607218684	0.047173005304141744
sHet:genebayes_shet	0.8895966029723992	0.0472112676056338
sHet:genebayes_shet	0.8895966029723992	0.04718468468468468
sHet:genebayes_shet	0.8895966029723992	0.04709452624480162
sHet:genebayes_shet	0.8895966029723992	0.04706278782432888
sHet:genebayes_shet	0.89171974522293	0.047127468581687613
sHet:genebayes_shet	0.8938428874734607	0.04721848362494392
sHet:genebayes_shet	1.0	0.045480880648899186
TFgene:is_tf	0.08067940552016985	0.04993429697766097
TFgene:is_tf	1.0	0.045480880648899186
Alu:OverlapsAlu	0.14225053078556263	0.0426479949077021
Alu:OverlapsAlu	1.0	0.045480880648899186
Alu:OverlapsAluJ	0.03821656050955414	0.027993779160186624
Alu:OverlapsAluJ	1.0	0.045480880648899186
Alu:OverlapsAluS	0.08067940552016985	0.045508982035928146
Alu:OverlapsAluS	1.0	0.045480880648899186
Alu:OverlapsAluY	0.010615711252653927	0.026881720430107527
Alu:OverlapsAluY	1.0	0.045480880648899186
Motif:MotifDensityJaspar2026	0.0	0.0
Motif:MotifDensityJaspar2026	0.0	0.0
Motif:MotifDensityJaspar2026	0.010615711252653927	0.1111111111111111
Motif:MotifDensityJaspar2026	0.010615711252653927	0.06578947368421052
Motif:MotifDensityJaspar2026	0.012738853503184714	0.05454545454545454
Motif:MotifDensityJaspar2026	0.012738853503184714	0.047619047619047616
Motif:MotifDensityJaspar2026	0.016985138004246284	0.055944055944055944
Motif:MotifDensityJaspar2026	0.01910828025477707	0.05389221556886228
Motif:MotifDensityJaspar2026	0.01910828025477707	0.04736842105263158
Motif:MotifDensityJaspar2026	0.021231422505307854	0.042735042735042736
Motif:MotifDensityJaspar2026	0.025477707006369428	0.0375
Motif:MotifDensityJaspar2026	0.025477707006369428	0.03625377643504532
Motif:MotifDensityJaspar2026	0.027600849256900213	0.03724928366762178
Motif:MotifDensityJaspar2026	0.029723991507430998	0.03783783783783784
Motif:MotifDensityJaspar2026	0.036093418259023353	0.04271356783919598
Motif:MotifDensityJaspar2026	0.04246284501061571	0.045146726862302484
Motif:MotifDensityJaspar2026	0.044585987261146494	0.045951859956236324
Motif:MotifDensityJaspar2026	0.04670912951167728	0.04602510460251046
Motif:MotifDensityJaspar2026	0.04883227176220807	0.04609218436873747
Motif:MotifDensityJaspar2026	0.050955414012738856	0.04597701149425287
Motif:MotifDensityJaspar2026	0.05307855626326964	0.044642857142857144
Motif:MotifDensityJaspar2026	0.05307855626326964	0.043706293706293704
Motif:MotifDensityJaspar2026	0.05307855626326964	0.04180602006688963
Motif:MotifDensityJaspar2026	0.05307855626326964	0.03863987635239567
Motif:MotifDensityJaspar2026	0.05732484076433121	0.03941605839416058
Motif:MotifDensityJaspar2026	0.05732484076433121	0.03829787234042553
Motif:MotifDensityJaspar2026	0.05732484076433121	0.037552155771905425
Motif:MotifDensityJaspar2026	0.06581740976645435	0.040364583333333336
Motif:MotifDensityJaspar2026	0.06581740976645435	0.03959131545338442
Motif:MotifDensityJaspar2026	0.06794055201698514	0.040100250626566414
Motif:MotifDensityJaspar2026	0.07006369426751592	0.04064039408866995
Motif:MotifDensityJaspar2026	0.07006369426751592	0.03832752613240418
Motif:MotifDensityJaspar2026	0.07006369426751592	0.03793103448275862
Motif:MotifDensityJaspar2026	0.07218683651804671	0.03794642857142857
Motif:MotifDensityJaspar2026	0.08067940552016985	0.04090419806243272
Motif:MotifDensityJaspar2026	0.08067940552016985	0.03991596638655462
Motif:MotifDensityJaspar2026	0.08492569002123142	0.03996003996003996
Motif:MotifDensityJaspar2026	0.08917197452229299	0.04019138755980861
Motif:MotifDensityJaspar2026	0.08917197452229299	0.03885291396854764
Motif:MotifDensityJaspar2026	0.08917197452229299	0.038461538461538464
Motif:MotifDensityJaspar2026	0.09129511677282377	0.03866906474820144
Motif:MotifDensityJaspar2026	0.09554140127388536	0.03889369057908384
Motif:MotifDensityJaspar2026	0.09766454352441614	0.03928266438941076
Motif:MotifDensityJaspar2026	0.09766454352441614	0.03885135135135135
Motif:MotifDensityJaspar2026	0.09766454352441614	0.038301415487094086
Motif:MotifDensityJaspar2026	0.09766454352441614	0.03745928338762215
Motif:MotifDensityJaspar2026	0.09766454352441614	0.03682946357085669
Motif:MotifDensityJaspar2026	0.09978768577494693	0.037360890302066775
Motif:MotifDensityJaspar2026	0.09978768577494693	0.036920659858601726
Motif:MotifDensityJaspar2026	0.1040339702760085	0.03807303807303807
Motif:MotifDensityJaspar2026	0.10615711252653928	0.03759398496240601
Motif:MotifDensityJaspar2026	0.10828025477707007	0.03766617429837518
Motif:MotifDensityJaspar2026	0.10828025477707007	0.03709090909090909
Motif:MotifDensityJaspar2026	0.11040339702760085	0.03722261989978525
Motif:MotifDensityJaspar2026	0.11252653927813164	0.03742937853107345
Motif:MotifDensityJaspar2026	0.11252653927813164	0.03680555555555556
Motif:MotifDensityJaspar2026	0.11252653927813164	0.03627652292950034
Motif:MotifDensityJaspar2026	0.12526539278131635	0.038637851997380485
Motif:MotifDensityJaspar2026	0.12951167728237792	0.03945666235446313
Motif:MotifDensityJaspar2026	0.12951167728237792	0.03905249679897567
Motif:MotifDensityJaspar2026	0.1316348195329087	0.039141414141414144
Motif:MotifDensityJaspar2026	0.1316348195329087	0.038822792736380715
Motif:MotifDensityJaspar2026	0.1316348195329087	0.038485412787088766
Motif:MotifDensityJaspar2026	0.1316348195329087	0.03820086260012323
Motif:MotifDensityJaspar2026	0.1337579617834395	0.03825136612021858
Motif:MotifDensityJaspar2026	0.1337579617834395	0.037997587454764774
Motif:MotifDensityJaspar2026	0.13588110403397027	0.03798219584569733
Motif:MotifDensityJaspar2026	0.13800424628450106	0.038325471698113206
Motif:MotifDensityJaspar2026	0.13800424628450106	0.03814553990610329
Motif:MotifDensityJaspar2026	0.14437367303609341	0.03859250851305335
Motif:MotifDensityJaspar2026	0.1464968152866242	0.038873239436619716
Motif:MotifDensityJaspar2026	0.14861995753715498	0.03882418191902385
Motif:MotifDensityJaspar2026	0.14861995753715498	0.03852504127682994
Motif:MotifDensityJaspar2026	0.15286624203821655	0.03934426229508197
Motif:MotifDensityJaspar2026	0.15286624203821655	0.038876889848812095
Motif:MotifDensityJaspar2026	0.15498938428874734	0.039142091152815014
Motif:MotifDensityJaspar2026	0.15498938428874734	0.03870625662778367
Motif:MotifDensityJaspar2026	0.15711252653927812	0.038702928870292884
Motif:MotifDensityJaspar2026	0.15711252653927812	0.0381246780010304
Motif:MotifDensityJaspar2026	0.1613588110403397	0.03801900950475238
Motif:MotifDensityJaspar2026	0.16348195329087048	0.038346613545816734
Motif:MotifDensityJaspar2026	0.16348195329087048	0.037782139352306184
Motif:MotifDensityJaspar2026	0.16560509554140126	0.03795620437956204
Motif:MotifDensityJaspar2026	0.16772823779193205	0.03763696998570748
Motif:MotifDensityJaspar2026	0.16772823779193205	0.037423022264329704
Motif:MotifDensityJaspar2026	0.16772823779193205	0.037246581801037244
Motif:MotifDensityJaspar2026	0.16985138004246284	0.037261294829995344
Motif:MotifDensityJaspar2026	0.16985138004246284	0.03681546249424758
Motif:MotifDensityJaspar2026	0.16985138004246284	0.03656307129798903
Motif:MotifDensityJaspar2026	0.17197452229299362	0.03678474114441417
Motif:MotifDensityJaspar2026	0.17197452229299362	0.03648648648648649
Motif:MotifDensityJaspar2026	0.1762208067940552	0.03619712167466201
Motif:MotifDensityJaspar2026	0.1762208067940552	0.03603994789405124
Motif:MotifDensityJaspar2026	0.18046709129511676	0.03678061445261791
Motif:MotifDensityJaspar2026	0.18259023354564755	0.036989247311827955
Motif:MotifDensityJaspar2026	0.18471337579617833	0.03706859821048147
Motif:MotifDensityJaspar2026	0.18683651804670912	0.037367303609341825
Motif:MotifDensityJaspar2026	0.18683651804670912	0.037177862272919304
Motif:MotifDensityJaspar2026	0.1932059447983015	0.03823529411764706
Motif:MotifDensityJaspar2026	0.1932059447983015	0.03812316715542522
Motif:MotifDensityJaspar2026	0.19532908704883228	0.03833333333333333
Motif:MotifDensityJaspar2026	0.19532908704883228	0.037782340862423
Motif:MotifDensityJaspar2026	0.19532908704883228	0.03758169934640523
Motif:MotifDensityJaspar2026	0.19532908704883228	0.03735282176207876
Motif:MotifDensityJaspar2026	0.19532908704883228	0.036992360273421794
Motif:MotifDensityJaspar2026	0.19532908704883228	0.03659506762132061
Motif:MotifDensityJaspar2026	0.19745222929936307	0.036802532647407994
Motif:MotifDensityJaspar2026	0.21019108280254778	0.03794557301648141
Motif:MotifDensityJaspar2026	0.21019108280254778	0.03755690440060698
Motif:MotifDensityJaspar2026	0.21019108280254778	0.03737259343148358
Motif:MotifDensityJaspar2026	0.21019108280254778	0.03710644677661169
Motif:MotifDensityJaspar2026	0.21231422505307856	0.03727171077152441
Motif:MotifDensityJaspar2026	0.21231422505307856	0.036845983787767135
Motif:MotifDensityJaspar2026	0.21443736730360935	0.036942209217264085
Motif:MotifDensityJaspar2026	0.21443736730360935	0.036660617059891105
Motif:MotifDensityJaspar2026	0.21443736730360935	0.03642264695275874
Motif:MotifDensityJaspar2026	0.21868365180467092	0.0368120085775554
Motif:MotifDensityJaspar2026	0.2208067940552017	0.036931818181818184
Motif:MotifDensityJaspar2026	0.2229299363057325	0.037037037037037035
Motif:MotifDensityJaspar2026	0.2229299363057325	0.03679046951646812
Motif:MotifDensityJaspar2026	0.22929936305732485	0.037578288100208766
Motif:MotifDensityJaspar2026	0.24203821656050956	0.03815261044176707
Motif:MotifDensityJaspar2026	0.24416135881104034	0.03833333333333333
Motif:MotifDensityJaspar2026	0.2484076433121019	0.03865213082259663
Motif:MotifDensityJaspar2026	0.2505307855626327	0.03880302532061822
Motif:MotifDensityJaspar2026	0.2526539278131635	0.0387243735763098
Motif:MotifDensityJaspar2026	0.2526539278131635	0.03858625162127108
Motif:MotifDensityJaspar2026	0.2526539278131635	0.03844911147011309
Motif:MotifDensityJaspar2026	0.25477707006369427	0.03858520900321544
Motif:MotifDensityJaspar2026	0.25902335456475584	0.03889065986611412
Motif:MotifDensityJaspar2026	0.25902335456475584	0.0387424579231502
Motif:MotifDensityJaspar2026	0.25902335456475584	0.03860759493670886
Motif:MotifDensityJaspar2026	0.2611464968152866	0.03870358716173694
Motif:MotifDensityJaspar2026	0.2611464968152866	0.038557993730407525
Motif:MotifDensityJaspar2026	0.2611464968152866	0.03834164588528678
Motif:MotifDensityJaspar2026	0.2611464968152866	0.03821062441752097
Motif:MotifDensityJaspar2026	0.2632696390658174	0.03833075734157651
Motif:MotifDensityJaspar2026	0.267515923566879	0.038391224862888484
Motif:MotifDensityJaspar2026	0.267515923566879	0.03821656050955414
Motif:MotifDensityJaspar2026	0.267515923566879	0.038020519010259504
Motif:MotifDensityJaspar2026	0.26963906581740976	0.03822998193859121
Motif:MotifDensityJaspar2026	0.26963906581740976	0.03804673457159976
Motif:MotifDensityJaspar2026	0.26963906581740976	0.03785394932935916
Motif:MotifDensityJaspar2026	0.26963906581740976	0.03770783847980998
Motif:MotifDensityJaspar2026	0.27388535031847133	0.03807556080283353
Motif:MotifDensityJaspar2026	0.27388535031847133	0.03770827243496054
Motif:MotifDensityJaspar2026	0.2781316348195329	0.038037166085946574
Motif:MotifDensityJaspar2026	0.2823779193205945	0.03841709994222992
Motif:MotifDensityJaspar2026	0.28874734607218683	0.03881278538812785
Motif:MotifDensityJaspar2026	0.28874734607218683	0.038680318543799774
Motif:MotifDensityJaspar2026	0.2908704883227176	0.038821195806177385
Motif:MotifDensityJaspar2026	0.2908704883227176	0.038624189455878206
Motif:MotifDensityJaspar2026	0.2908704883227176	0.038537271448663854
Motif:MotifDensityJaspar2026	0.2908704883227176	0.038396860986547085
Motif:MotifDensityJaspar2026	0.2908704883227176	0.03831096196868009
Motif:MotifDensityJaspar2026	0.2929936305732484	0.03842940685045948
Motif:MotifDensityJaspar2026	0.30148619957537154	0.038819026790595956
Motif:MotifDensityJaspar2026	0.30148619957537154	0.03871319520174482
Motif:MotifDensityJaspar2026	0.30148619957537154	0.0385241454150841
Motif:MotifDensityJaspar2026	0.30148619957537154	0.03839913466738778
Motif:MotifDensityJaspar2026	0.3036093418259023	0.03859649122807018
Motif:MotifDensityJaspar2026	0.3036093418259023	0.03844086021505377
Motif:MotifDensityJaspar2026	0.3057324840764331	0.03863697343708076
Motif:MotifDensityJaspar2026	0.31210191082802546	0.03928380545163014
Motif:MotifDensityJaspar2026	0.31210191082802546	0.03922091782283885
Motif:MotifDensityJaspar2026	0.31634819532908703	0.03960659223817119
Motif:MotifDensityJaspar2026	0.31634819532908703	0.039345128069712174
Motif:MotifDensityJaspar2026	0.3205944798301486	0.03958060288335518
Motif:MotifDensityJaspar2026	0.3227176220806794	0.03969704883781666
Motif:MotifDensityJaspar2026	0.3248407643312102	0.039771250324928516
Motif:MotifDensityJaspar2026	0.3248407643312102	0.039586028460543335
Motif:MotifDensityJaspar2026	0.33121019108280253	0.04020618556701031
Motif:MotifDensityJaspar2026	0.3354564755838641	0.04061696658097686
Motif:MotifDensityJaspar2026	0.3354564755838641	0.04055441478439425
Motif:MotifDensityJaspar2026	0.3375796178343949	0.04056122448979592
Motif:MotifDensityJaspar2026	0.3524416135881104	0.04127299850820487
Motif:MotifDensityJaspar2026	0.3524416135881104	0.0411604264815274
Motif:MotifDensityJaspar2026	0.35456475583864117	0.041234567901234566
Motif:MotifDensityJaspar2026	0.3651804670912951	0.04221894943544428
Motif:MotifDensityJaspar2026	0.3651804670912951	0.042125887827577764
Motif:MotifDensityJaspar2026	0.36942675159235666	0.04250122129946263
Motif:MotifDensityJaspar2026	0.37367303609341823	0.04282238442822384
Motif:MotifDensityJaspar2026	0.37367303609341823	0.042573778422835024
Motif:MotifDensityJaspar2026	0.37367303609341823	0.04249154997585707
Motif:MotifDensityJaspar2026	0.37579617834394907	0.04258902791145332
Motif:MotifDensityJaspar2026	0.37579617834394907	0.04252763094666026
Motif:MotifDensityJaspar2026	0.38004246284501064	0.04283321368748504
Motif:MotifDensityJaspar2026	0.38004246284501064	0.04272076372315036
Motif:MotifDensityJaspar2026	0.38004246284501064	0.042649511555873244
Motif:MotifDensityJaspar2026	0.38004246284501064	0.04251781472684085
Motif:MotifDensityJaspar2026	0.3821656050955414	0.042583392476934
Motif:MotifDensityJaspar2026	0.386411889596603	0.042914406979485974
Motif:MotifDensityJaspar2026	0.386411889596603	0.042692939244663386
Motif:MotifDensityJaspar2026	0.3885350318471338	0.0426672884122173
Motif:MotifDensityJaspar2026	0.3885350318471338	0.04250871080139373
Motif:MotifDensityJaspar2026	0.39278131634819535	0.04283398934938643
Motif:MotifDensityJaspar2026	0.39278131634819535	0.04267589388696655
Motif:MotifDensityJaspar2026	0.40976645435244163	0.04346846846846847
Motif:MotifDensityJaspar2026	0.40976645435244163	0.04336104246236801
Motif:MotifDensityJaspar2026	0.4140127388535032	0.04369258346403764
Motif:MotifDensityJaspar2026	0.4140127388535032	0.043585158694680375
Motif:MotifDensityJaspar2026	0.4182590233545648	0.04394378764220388
Motif:MotifDensityJaspar2026	0.42038216560509556	0.04399022439457898
Motif:MotifDensityJaspar2026	0.42462845010615713	0.04425757911042266
Motif:MotifDensityJaspar2026	0.42462845010615713	0.04414036636504083
Motif:MotifDensityJaspar2026	0.4267515923566879	0.04422442244224423
Motif:MotifDensityJaspar2026	0.4288747346072187	0.044201312910284465
Motif:MotifDensityJaspar2026	0.4288747346072187	0.044027898866608545
Motif:MotifDensityJaspar2026	0.4288747346072187	0.0438177874186551
Motif:MotifDensityJaspar2026	0.4288747346072187	0.043609671848013815
Motif:MotifDensityJaspar2026	0.4309978768577495	0.043674698795180725
Motif:MotifDensityJaspar2026	0.4309978768577495	0.04356223175965665
Motif:MotifDensityJaspar2026	0.4309978768577495	0.043487574978577546
Motif:MotifDensityJaspar2026	0.4309978768577495	0.0433946130825139
Motif:MotifDensityJaspar2026	0.43312101910828027	0.04339502233567326
Motif:MotifDensityJaspar2026	0.43312101910828027	0.043256997455470736
Motif:MotifDensityJaspar2026	0.43312101910828027	0.04314720812182741
Motif:MotifDensityJaspar2026	0.43524416135881105	0.04320337197049526
Motif:MotifDensityJaspar2026	0.43524416135881105	0.043085329970575875
Motif:MotifDensityJaspar2026	0.4394904458598726	0.043359865940511104
Motif:MotifDensityJaspar2026	0.4394904458598726	0.04328732747804266
Motif:MotifDensityJaspar2026	0.4416135881104034	0.04337851929092805
Motif:MotifDensityJaspar2026	0.4416135881104034	0.04329725228975854
Motif:MotifDensityJaspar2026	0.4437367303609342	0.04339700996677741
Motif:MotifDensityJaspar2026	0.4437367303609342	0.04321753515301902
Motif:MotifDensityJaspar2026	0.4585987261146497	0.043557168784029036
Motif:MotifDensityJaspar2026	0.4607218683651805	0.04357429718875502
Motif:MotifDensityJaspar2026	0.46496815286624205	0.043878982167902224
Motif:MotifDensityJaspar2026	0.4713375796178344	0.044293695131683956
Motif:MotifDensityJaspar2026	0.4734607218683652	0.044369279745324314
Motif:MotifDensityJaspar2026	0.4734607218683652	0.04428997020854022
Motif:MotifDensityJaspar2026	0.47558386411889597	0.044418005155661314
Motif:MotifDensityJaspar2026	0.47558386411889597	0.04427752520260921
Motif:MotifDensityJaspar2026	0.47558386411889597	0.04416403785488959
Motif:MotifDensityJaspar2026	0.47558386411889597	0.04404246952418404
Motif:MotifDensityJaspar2026	0.47558386411889597	0.04392156862745098
Motif:MotifDensityJaspar2026	0.47558386411889597	0.04381846635367762
Motif:MotifDensityJaspar2026	0.47770700636942676	0.043911007025761124
Motif:MotifDensityJaspar2026	0.47983014861995754	0.04381543233811555
Motif:MotifDensityJaspar2026	0.47983014861995754	0.043713733075435204
Motif:MotifDensityJaspar2026	0.47983014861995754	0.04359567901234568
Motif:MotifDensityJaspar2026	0.47983014861995754	0.04355367122759684
Motif:MotifDensityJaspar2026	0.47983014861995754	0.04350336862367661
Motif:MotifDensityJaspar2026	0.4819532908704883	0.04362867576398232
Motif:MotifDensityJaspar2026	0.4840764331210191	0.04362801377726751
Motif:MotifDensityJaspar2026	0.4861995753715499	0.04365230651925276
Motif:MotifDensityJaspar2026	0.4861995753715499	0.04356096633060681
Motif:MotifDensityJaspar2026	0.4883227176220807	0.04365154678307079
Motif:MotifDensityJaspar2026	0.4883227176220807	0.043585370475649046
Motif:MotifDensityJaspar2026	0.49044585987261147	0.04364254675987153
Motif:MotifDensityJaspar2026	0.49044585987261147	0.043568464730290454
Motif:MotifDensityJaspar2026	0.49044585987261147	0.04349463377894935
Motif:MotifDensityJaspar2026	0.49044585987261147	0.04335585585585586
Motif:MotifDensityJaspar2026	0.49256900212314225	0.04345383030530062
Motif:MotifDensityJaspar2026	0.5010615711252654	0.04335844203564211
Motif:MotifDensityJaspar2026	0.5010615711252654	0.04323928178820081
Motif:MotifDensityJaspar2026	0.505307855626327	0.043502101992323156
Motif:MotifDensityJaspar2026	0.505307855626327	0.043406894036111615
Motif:MotifDensityJaspar2026	0.505307855626327	0.043319985438660356
Motif:MotifDensityJaspar2026	0.5116772823779193	0.04369900271985494
Motif:MotifDensityJaspar2026	0.5138004246284501	0.043824701195219126
Motif:MotifDensityJaspar2026	0.5138004246284501	0.043745480838756325
Motif:MotifDensityJaspar2026	0.5138004246284501	0.04342364973981697
Motif:MotifDensityJaspar2026	0.5138004246284501	0.04329159212880143
Motif:MotifDensityJaspar2026	0.5159235668789809	0.043400607251294875
Motif:MotifDensityJaspar2026	0.5159235668789809	0.04331550802139037
Motif:MotifDensityJaspar2026	0.5180467091295117	0.04339320647341277
Motif:MotifDensityJaspar2026	0.5180467091295117	0.04330079858030168
Motif:MotifDensityJaspar2026	0.5222929936305732	0.04347057784060788
Motif:MotifDensityJaspar2026	0.5222929936305732	0.04338624338624339
Motif:MotifDensityJaspar2026	0.5307855626326964	0.04399084990322013
Motif:MotifDensityJaspar2026	0.5307855626326964	0.043898156277436345
Motif:MotifDensityJaspar2026	0.5329087048832272	0.04400420757363254
Motif:MotifDensityJaspar2026	0.535031847133758	0.04412537208895115
Motif:MotifDensityJaspar2026	0.5371549893842887	0.04413047270190127
Motif:MotifDensityJaspar2026	0.5392781316348195	0.04408191600138841
Motif:MotifDensityJaspar2026	0.5414012738853503	0.04411001556824079
Motif:MotifDensityJaspar2026	0.5414012738853503	0.04401104590956161
Motif:MotifDensityJaspar2026	0.5435244161358811	0.04405437962484943
Motif:MotifDensityJaspar2026	0.5435244161358811	0.04379062606910708
Motif:MotifDensityJaspar2026	0.5456475583864119	0.043886612021857924
Motif:MotifDensityJaspar2026	0.5456475583864119	0.04381926683716965
Motif:MotifDensityJaspar2026	0.5498938428874734	0.04399524375743163
Motif:MotifDensityJaspar2026	0.5583864118895966	0.043796835970024976
Motif:MotifDensityJaspar2026	0.5583864118895966	0.04366594720239084
Motif:MotifDensityJaspar2026	0.5583864118895966	0.043557469360715466
Motif:MotifDensityJaspar2026	0.5605095541401274	0.043621943159286185
Motif:MotifDensityJaspar2026	0.5605095541401274	0.043557168784029036
Motif:MotifDensityJaspar2026	0.5605095541401274	0.043236161152964296
Motif:MotifDensityJaspar2026	0.5605095541401274	0.04316546762589928
Motif:MotifDensityJaspar2026	0.564755838641189	0.043357783211083946
Motif:MotifDensityJaspar2026	0.5690021231422505	0.04357015119492765
Motif:MotifDensityJaspar2026	0.5711252653927813	0.04360512238612417
Motif:MotifDensityJaspar2026	0.5732484076433121	0.043661060802069857
Motif:MotifDensityJaspar2026	0.5732484076433121	0.043625787687833255
Motif:MotifDensityJaspar2026	0.5774946921443737	0.04389220590608359
Motif:MotifDensityJaspar2026	0.5774946921443737	0.04384268214055448
Motif:MotifDensityJaspar2026	0.5796178343949044	0.043933054393305436
Motif:MotifDensityJaspar2026	0.5817409766454352	0.044016064257028115
Motif:MotifDensityJaspar2026	0.5817409766454352	0.04386807556836375
Motif:MotifDensityJaspar2026	0.5817409766454352	0.04376297716019805
Motif:MotifDensityJaspar2026	0.5859872611464968	0.04400510204081633
Motif:MotifDensityJaspar2026	0.5859872611464968	0.04392805984402356
Motif:MotifDensityJaspar2026	0.5859872611464968	0.0438234360114322
Motif:MotifDensityJaspar2026	0.5859872611464968	0.043760900586649755
Motif:MotifDensityJaspar2026	0.5859872611464968	0.04365016606041436
Motif:MotifDensityJaspar2026	0.5859872611464968	0.043588123815540114
Motif:MotifDensityJaspar2026	0.5859872611464968	0.04354686020826759
Motif:MotifDensityJaspar2026	0.5881104033970276	0.04364266582637467
Motif:MotifDensityJaspar2026	0.5881104033970276	0.04341692789968652
Motif:MotifDensityJaspar2026	0.5902335456475584	0.04350547730829421
Motif:MotifDensityJaspar2026	0.5902335456475584	0.04345107846201938
Motif:MotifDensityJaspar2026	0.5902335456475584	0.04340359094457455
Motif:MotifDensityJaspar2026	0.5902335456475584	0.043315674665004675
Motif:MotifDensityJaspar2026	0.5944798301486199	0.04354587869362364
Motif:MotifDensityJaspar2026	0.5944798301486199	0.04349176762969866
Motif:MotifDensityJaspar2026	0.6093418259023354	0.043950995405819294
Motif:MotifDensityJaspar2026	0.6093418259023354	0.04387708301482954
Motif:MotifDensityJaspar2026	0.6093418259023354	0.04379005187671651
Motif:MotifDensityJaspar2026	0.6093418259023354	0.043663471778487756
Motif:MotifDensityJaspar2026	0.6114649681528662	0.043662825955124315
Motif:MotifDensityJaspar2026	0.613588110403397	0.043761356753482736
Motif:MotifDensityJaspar2026	0.6157112526539278	0.04383975812547241
Motif:MotifDensityJaspar2026	0.6157112526539278	0.043786803563339874
Motif:MotifDensityJaspar2026	0.6157112526539278	0.043668122270742356
Motif:MotifDensityJaspar2026	0.6157112526539278	0.04362870467880247
Motif:MotifDensityJaspar2026	0.6157112526539278	0.04356316659155776
Motif:MotifDensityJaspar2026	0.6157112526539278	0.043497825108744566
Motif:MotifDensityJaspar2026	0.6178343949044586	0.043562874251497005
Motif:MotifDensityJaspar2026	0.6178343949044586	0.04351727231942575
Motif:MotifDensityJaspar2026	0.6242038216560509	0.04390681003584229
Motif:MotifDensityJaspar2026	0.6263269639065817	0.044010144711323286
Motif:MotifDensityJaspar2026	0.6263269639065817	0.04395113230035757
Motif:MotifDensityJaspar2026	0.6284501061571125	0.0440083258994945
Motif:MotifDensityJaspar2026	0.6284501061571125	0.043884358784284656
Motif:MotifDensityJaspar2026	0.6326963906581741	0.044043748152527346
Motif:MotifDensityJaspar2026	0.6326963906581741	0.04393336281881174
Motif:MotifDensityJaspar2026	0.6369426751592356	0.04409171075837742
Motif:MotifDensityJaspar2026	0.6390658174097664	0.044147843942505136
Motif:MotifDensityJaspar2026	0.643312101910828	0.044350117096018736
Motif:MotifDensityJaspar2026	0.643312101910828	0.044278825076720735
Motif:MotifDensityJaspar2026	0.6454352441613588	0.044353662095126936
Motif:MotifDensityJaspar2026	0.6454352441613588	0.04428259286234523
Motif:MotifDensityJaspar2026	0.6454352441613588	0.04419889502762431
Motif:MotifDensityJaspar2026	0.6454352441613588	0.0441155129879553
Motif:MotifDensityJaspar2026	0.6475583864118896	0.04415810047777617
Motif:MotifDensityJaspar2026	0.6475583864118896	0.044126157407407406
Motif:MotifDensityJaspar2026	0.6624203821656051	0.04469914040114613
Motif:MotifDensityJaspar2026	0.6624203821656051	0.04462880846803032
Motif:MotifDensityJaspar2026	0.6624203821656051	0.04456506213398086
Motif:MotifDensityJaspar2026	0.6624203821656051	0.04448880650221018
Motif:MotifDensityJaspar2026	0.6624203821656051	0.04440017076988757
Motif:MotifDensityJaspar2026	0.6645435244161358	0.04449182658137882
Motif:MotifDensityJaspar2026	0.6666666666666666	0.04453269039852503
Motif:MotifDensityJaspar2026	0.6666666666666666	0.04440673172111441
Motif:MotifDensityJaspar2026	0.673036093418259	0.044748729531338224
Motif:MotifDensityJaspar2026	0.673036093418259	0.04468564984493938
Motif:MotifDensityJaspar2026	0.673036093418259	0.04461018857303687
Motif:MotifDensityJaspar2026	0.6751592356687898	0.044606536681161456
Motif:MotifDensityJaspar2026	0.6772823779193206	0.044634112214915346
Motif:MotifDensityJaspar2026	0.6815286624203821	0.04479486463857103
Motif:MotifDensityJaspar2026	0.6815286624203821	0.04474491218288263
Motif:MotifDensityJaspar2026	0.6836518046709129	0.0447968836950473
Motif:MotifDensityJaspar2026	0.6857749469214437	0.04484242676662502
Motif:MotifDensityJaspar2026	0.6857749469214437	0.04478646699944537
Motif:MotifDensityJaspar2026	0.6857749469214437	0.04470588235294118
Motif:MotifDensityJaspar2026	0.6878980891719745	0.04475756319933692
Motif:MotifDensityJaspar2026	0.6963906581740976	0.045241379310344824
Motif:MotifDensityJaspar2026	0.6963906581740976	0.04516040203772546
Motif:MotifDensityJaspar2026	0.6985138004246284	0.045254470426409905
Motif:MotifDensityJaspar2026	0.6985138004246284	0.045173692159824246
Motif:MotifDensityJaspar2026	0.7006369426751592	0.04524886877828054
Motif:MotifDensityJaspar2026	0.7048832271762208	0.04546699534374144
Motif:MotifDensityJaspar2026	0.7091295116772823	0.04522068778770647
Motif:MotifDensityJaspar2026	0.7091295116772823	0.04515344058402055
Motif:MotifDensityJaspar2026	0.7112526539278131	0.04523970290344362
Motif:MotifDensityJaspar2026	0.7133757961783439	0.04533189422558014
Motif:MotifDensityJaspar2026	0.7154989384288747	0.04536887452880991
Motif:MotifDensityJaspar2026	0.7154989384288747	0.04528352593388874
Motif:MotifDensityJaspar2026	0.7154989384288747	0.045228828345188564
Motif:MotifDensityJaspar2026	0.7176220806794055	0.04532046124966479
Motif:MotifDensityJaspar2026	0.7176220806794055	0.04524765729585007
Motif:MotifDensityJaspar2026	0.7197452229299363	0.045302686088467194
Motif:MotifDensityJaspar2026	0.7197452229299363	0.0452
Motif:MotifDensityJaspar2026	0.7261146496815286	0.04546663121510237
Motif:MotifDensityJaspar2026	0.7261146496815286	0.045388188453881886
Motif:MotifDensityJaspar2026	0.7261146496815286	0.04528002118363564
Motif:MotifDensityJaspar2026	0.7261146496815286	0.0452141723955579
Motif:MotifDensityJaspar2026	0.7261146496815286	0.045160438399577445
Motif:MotifDensityJaspar2026	0.7261146496815286	0.045077105575326216
Motif:MotifDensityJaspar2026	0.7303609341825902	0.04528699315429173
Motif:MotifDensityJaspar2026	0.7367303609341825	0.045550013126804935
Motif:MotifDensityJaspar2026	0.7367303609341825	0.045484336085987676
Motif:MotifDensityJaspar2026	0.7367303609341825	0.045406961528395705
Motif:MotifDensityJaspar2026	0.7367303609341825	0.04534169606690187
Motif:MotifDensityJaspar2026	0.7367303609341825	0.045288436439571915
Motif:MotifDensityJaspar2026	0.7388535031847133	0.04529480671612651
Motif:MotifDensityJaspar2026	0.7515923566878981	0.045349730976172176
Motif:MotifDensityJaspar2026	0.7558386411889597	0.04555925262349629
Motif:MotifDensityJaspar2026	0.7579617834394905	0.04564050115060087
Motif:MotifDensityJaspar2026	0.7579617834394905	0.04558804750351168
Motif:MotifDensityJaspar2026	0.7664543524416136	0.04604004591251116
Motif:MotifDensityJaspar2026	0.7664543524416136	0.04595798854232973
Motif:MotifDensityJaspar2026	0.7664543524416136	0.0459112298105049
Motif:MotifDensityJaspar2026	0.7685774946921444	0.04595658245524946
Motif:MotifDensityJaspar2026	0.7685774946921444	0.04589831368074046
Motif:MotifDensityJaspar2026	0.7685774946921444	0.04582278481012658
Motif:MotifDensityJaspar2026	0.772823779193206	0.04601769911504425
Motif:MotifDensityJaspar2026	0.772823779193206	0.04594799293107801
Motif:MotifDensityJaspar2026	0.772823779193206	0.04584382871536524
Motif:MotifDensityJaspar2026	0.7770700636942676	0.04604932058379466
Motif:MotifDensityJaspar2026	0.7813163481953291	0.046207935710698145
Motif:MotifDensityJaspar2026	0.7813163481953291	0.04616156547917712
Motif:MotifDensityJaspar2026	0.7813163481953291	0.04613263131503071
Motif:MotifDensityJaspar2026	0.7919320594479831	0.046625
Motif:MotifDensityJaspar2026	0.7961783439490446	0.046845721424109935
Motif:MotifDensityJaspar2026	0.7983014861995754	0.04686526237068428
Motif:MotifDensityJaspar2026	0.7983014861995754	0.0467894474863116
Motif:MotifDensityJaspar2026	0.7983014861995754	0.04664433693090187
Motif:MotifDensityJaspar2026	0.8089171974522293	0.04658271182296124
Motif:MotifDensityJaspar2026	0.8089171974522293	0.04652014652014652
Motif:MotifDensityJaspar2026	0.8110403397027601	0.04652295700889051
Motif:MotifDensityJaspar2026	0.8110403397027601	0.04649464459591042
Motif:MotifDensityJaspar2026	0.8131634819532909	0.04654837141468157
Motif:MotifDensityJaspar2026	0.8131634819532909	0.046508803885853066
Motif:MotifDensityJaspar2026	0.8131634819532909	0.04645803008248423
Motif:MotifDensityJaspar2026	0.8131634819532909	0.046401744608674585
Motif:MotifDensityJaspar2026	0.8131634819532909	0.046334381804984275
Motif:MotifDensityJaspar2026	0.8152866242038217	0.04634882317441159
Motif:MotifDensityJaspar2026	0.8174097664543525	0.04630186410102225
Motif:MotifDensityJaspar2026	0.8174097664543525	0.04625180201826045
Motif:MotifDensityJaspar2026	0.8195329087048833	0.0463329732325051
Motif:MotifDensityJaspar2026	0.8195329087048833	0.04628852380381341
Motif:MotifDensityJaspar2026	0.8259023354564756	0.04657567049808429
Motif:MotifDensityJaspar2026	0.832271762208068	0.04684512428298279
Motif:MotifDensityJaspar2026	0.8343949044585988	0.046880591673625197
Motif:MotifDensityJaspar2026	0.8386411889596603	0.04706302871440486
Motif:MotifDensityJaspar2026	0.8450106157112527	0.047156398104265404
Motif:MotifDensityJaspar2026	0.8450106157112527	0.04709501834102473
Motif:MotifDensityJaspar2026	0.8450106157112527	0.047028240576627675
Motif:MotifDensityJaspar2026	0.8450106157112527	0.04697273692906881
Motif:MotifDensityJaspar2026	0.8471337579617835	0.04702970297029703
Motif:MotifDensityJaspar2026	0.8471337579617835	0.04695222405271829
Motif:MotifDensityJaspar2026	0.8471337579617835	0.04691358024691358
Motif:MotifDensityJaspar2026	0.8471337579617835	0.04688050757842792
Motif:MotifDensityJaspar2026	0.8471337579617835	0.04682548996596644
Motif:MotifDensityJaspar2026	0.8471337579617835	0.04674868189806678
Motif:MotifDensityJaspar2026	0.8662420382165605	0.04718399444894183
Motif:MotifDensityJaspar2026	0.8683651804670913	0.047250462107208874
Motif:MotifDensityJaspar2026	0.8683651804670913	0.04720683287165282
Motif:MotifDensityJaspar2026	0.8726114649681529	0.04734477594747149
Motif:MotifDensityJaspar2026	0.8726114649681529	0.047295742232451095
Motif:MotifDensityJaspar2026	0.8747346072186837	0.04735087920928629
Motif:MotifDensityJaspar2026	0.8747346072186837	0.0472802386963507
Motif:MotifDensityJaspar2026	0.8747346072186837	0.047193585337915234
Motif:MotifDensityJaspar2026	0.8747346072186837	0.04716117216117216
Motif:MotifDensityJaspar2026	0.8768577494692145	0.04691582415085766
Motif:MotifDensityJaspar2026	0.8789808917197452	0.04695474651241919
Motif:MotifDensityJaspar2026	0.8832271762208068	0.04713346929526399
Motif:MotifDensityJaspar2026	0.8853503184713376	0.04719330013580806
Motif:MotifDensityJaspar2026	0.8959660297239915	0.0475011256190905
Motif:MotifDensityJaspar2026	0.8959660297239915	0.04745838956365272
Motif:MotifDensityJaspar2026	0.8980891719745223	0.04748540637629097
Motif:MotifCountsJaspar2026	0.0	0.0
Motif:MotifCountsJaspar2026	0.0	0.0
Motif:MotifCountsJaspar2026	0.0	0.0
Motif:MotifCountsJaspar2026	0.0	0.0
Motif:MotifCountsJaspar2026	0.0	0.0
Motif:MotifCountsJaspar2026	0.0	0.0
Motif:MotifCountsJaspar2026	0.0021231422505307855	0.024390243902439025
Motif:MotifCountsJaspar2026	0.0021231422505307855	0.02127659574468085
Motif:MotifCountsJaspar2026	0.0021231422505307855	0.014492753623188406
Motif:MotifCountsJaspar2026	0.004246284501061571	0.0273972602739726
Motif:MotifCountsJaspar2026	0.004246284501061571	0.023255813953488372
Motif:MotifCountsJaspar2026	0.004246284501061571	0.01639344262295082
Motif:MotifCountsJaspar2026	0.004246284501061571	0.014925373134328358
Motif:MotifCountsJaspar2026	0.004246284501061571	0.012903225806451613
Motif:MotifCountsJaspar2026	0.004246284501061571	0.012738853503184714
Motif:MotifCountsJaspar2026	0.004246284501061571	0.011428571428571429
Motif:MotifCountsJaspar2026	0.004246284501061571	0.0111731843575419
Motif:MotifCountsJaspar2026	0.004246284501061571	0.01098901098901099
Motif:MotifCountsJaspar2026	0.004246284501061571	0.01092896174863388
Motif:MotifCountsJaspar2026	0.004246284501061571	0.010869565217391304
Motif:MotifCountsJaspar2026	0.004246284501061571	0.010810810810810811
Motif:MotifCountsJaspar2026	0.004246284501061571	0.010638297872340425
Motif:MotifCountsJaspar2026	0.004246284501061571	0.010582010582010581
Motif:MotifCountsJaspar2026	0.004246284501061571	0.010416666666666666
Motif:MotifCountsJaspar2026	0.004246284501061571	0.00980392156862745
Motif:MotifCountsJaspar2026	0.004246284501061571	0.00881057268722467
Motif:MotifCountsJaspar2026	0.004246284501061571	0.00851063829787234
Motif:MotifCountsJaspar2026	0.004246284501061571	0.00847457627118644
Motif:MotifCountsJaspar2026	0.006369426751592357	0.011904761904761904
Motif:MotifCountsJaspar2026	0.006369426751592357	0.011764705882352941
Motif:MotifCountsJaspar2026	0.006369426751592357	0.011278195488721804
Motif:MotifCountsJaspar2026	0.006369426751592357	0.011194029850746268
Motif:MotifCountsJaspar2026	0.006369426751592357	0.010752688172043012
Motif:MotifCountsJaspar2026	0.010615711252653927	0.017123287671232876
Motif:MotifCountsJaspar2026	0.010615711252653927	0.017064846416382253
Motif:MotifCountsJaspar2026	0.010615711252653927	0.016891891891891893
Motif:MotifCountsJaspar2026	0.010615711252653927	0.016835016835016835
Motif:MotifCountsJaspar2026	0.010615711252653927	0.015432098765432098
Motif:MotifCountsJaspar2026	0.010615711252653927	0.014925373134328358
Motif:MotifCountsJaspar2026	0.012738853503184714	0.017094017094017096
Motif:MotifCountsJaspar2026	0.012738853503184714	0.016713091922005572
Motif:MotifCountsJaspar2026	0.012738853503184714	0.015424164524421594
Motif:MotifCountsJaspar2026	0.021231422505307854	0.024213075060532687
Motif:MotifCountsJaspar2026	0.021231422505307854	0.02364066193853428
Motif:MotifCountsJaspar2026	0.021231422505307854	0.02237136465324385
Motif:MotifCountsJaspar2026	0.02335456475583864	0.024070021881838075
Motif:MotifCountsJaspar2026	0.02335456475583864	0.023404255319148935
Motif:MotifCountsJaspar2026	0.025477707006369428	0.024640657084188913
Motif:MotifCountsJaspar2026	0.025477707006369428	0.024096385542168676
Motif:MotifCountsJaspar2026	0.025477707006369428	0.022770398481973434
Motif:MotifCountsJaspar2026	0.036093418259023353	0.02982456140350877
Motif:MotifCountsJaspar2026	0.036093418259023353	0.02847571189279732
Motif:MotifCountsJaspar2026	0.040339702760084924	0.030944625407166124
Motif:MotifCountsJaspar2026	0.044585987261146494	0.033707865168539325
Motif:MotifCountsJaspar2026	0.04670912951167728	0.03442879499217527
Motif:MotifCountsJaspar2026	0.04670912951167728	0.03338391502276176
Motif:MotifCountsJaspar2026	0.04670912951167728	0.030303030303030304
Motif:MotifCountsJaspar2026	0.04670912951167728	0.028241335044929396
Motif:MotifCountsJaspar2026	0.04883227176220807	0.02836004932182491
Motif:MotifCountsJaspar2026	0.04883227176220807	0.027315914489311165
Motif:MotifCountsJaspar2026	0.04883227176220807	0.026713124274099883
Motif:MotifCountsJaspar2026	0.06157112526539278	0.03176341730558598
Motif:MotifCountsJaspar2026	0.06369426751592357	0.031880977683315624
Motif:MotifCountsJaspar2026	0.07006369426751592	0.03350253807106599
Motif:MotifCountsJaspar2026	0.08067940552016985	0.03682170542635659
Motif:MotifCountsJaspar2026	0.08492569002123142	0.037243947858473
Motif:MotifCountsJaspar2026	0.0870488322717622	0.03744292237442922
Motif:MotifCountsJaspar2026	0.08917197452229299	0.03626943005181347
Motif:MotifCountsJaspar2026	0.09129511677282377	0.03415409054805401
Motif:MotifCountsJaspar2026	0.09766454352441614	0.03427719821162444
Motif:MotifCountsJaspar2026	0.10191082802547771	0.03397027600849257
Motif:MotifCountsJaspar2026	0.10615711252653928	0.03465003465003465
Motif:MotifCountsJaspar2026	0.11252653927813164	0.03470857891290111
Motif:MotifCountsJaspar2026	0.12314225053078556	0.03647798742138365
Motif:MotifCountsJaspar2026	0.1464968152866242	0.04090100770598696
Motif:MotifCountsJaspar2026	0.15286624203821655	0.04056338028169014
Motif:MotifCountsJaspar2026	0.15711252653927812	0.040326975476839236
Motif:MotifCountsJaspar2026	0.1613588110403397	0.03954214360041623
Motif:MotifCountsJaspar2026	0.1613588110403397	0.03805708562844266
Motif:MotifCountsJaspar2026	0.17197452229299362	0.03862660944206009
Motif:MotifCountsJaspar2026	0.17834394904458598	0.03860294117647059
Motif:MotifCountsJaspar2026	0.18046709129511676	0.03706934147405146
Motif:MotifCountsJaspar2026	0.18683651804670912	0.03680468423253869
Motif:MotifCountsJaspar2026	0.1932059447983015	0.03596837944664032
Motif:MotifCountsJaspar2026	0.19957537154989385	0.03567362428842505
Motif:MotifCountsJaspar2026	0.2229299363057325	0.03758052970651396
Motif:MotifCountsJaspar2026	0.2356687898089172	0.03809196980096088
Motif:MotifCountsJaspar2026	0.2484076433121019	0.03861386138613861
Motif:MotifCountsJaspar2026	0.25690021231422505	0.0378716744913928
Motif:MotifCountsJaspar2026	0.28450106157112526	0.03964497041420118
Motif:MotifCountsJaspar2026	0.28662420382165604	0.03841775754126352
Motif:MotifCountsJaspar2026	0.3036093418259023	0.03917808219178082
Motif:MotifCountsJaspar2026	0.3227176220806794	0.03968668407310705
Motif:MotifCountsJaspar2026	0.34394904458598724	0.04040907957096533
Motif:MotifCountsJaspar2026	0.36942675159235666	0.04204929917834703
Motif:MotifCountsJaspar2026	0.39278131634819535	0.04296330701346958
Motif:MotifCountsJaspar2026	0.40552016985138006	0.042350332594235034
Motif:MotifCountsJaspar2026	0.42462845010615713	0.04279905842071474
Motif:MotifCountsJaspar2026	0.43736730360934184	0.04260599793174767
Motif:MotifCountsJaspar2026	0.46496815286624205	0.04354742493537483
Motif:MotifCountsJaspar2026	0.4819532908704883	0.04371269015983054
Motif:MotifCountsJaspar2026	0.49469214437367304	0.04325227399294598
Motif:MotifCountsJaspar2026	0.5074309978768577	0.04290843806104129
Motif:MotifCountsJaspar2026	0.524416135881104	0.042926659714980886
Motif:MotifCountsJaspar2026	0.554140127388535	0.0436673916680609
Motif:MotifCountsJaspar2026	0.5753715498938429	0.04381568310428456
Motif:MotifCountsJaspar2026	0.6050955414012739	0.044755025125628144
Motif:MotifCountsJaspar2026	0.6220806794055201	0.044226415094339624
Motif:MotifCountsJaspar2026	0.6369426751592356	0.04416310908287943
Motif:MotifCountsJaspar2026	0.6772823779193206	0.04560400285918513
Motif:MotifCountsJaspar2026	0.7048832271762208	0.04598337950138504
Motif:MotifCountsJaspar2026	0.721868365180467	0.045983229645658645
Motif:MotifCountsJaspar2026	0.7494692144373672	0.046459594630165836
Motif:MotifCountsJaspar2026	0.7749469214437368	0.04690310974042663
Motif:MotifCountsJaspar2026	0.7834394904458599	0.04646769928220627
Motif:MotifCountsJaspar2026	0.7961783439490446	0.04641089108910891
Motif:MotifCountsJaspar2026	0.8131634819532909	0.046633386095214904
Motif:MotifCountsJaspar2026	0.821656050955414	0.04641400815543296
Motif:MotifCountsJaspar2026	0.8428874734607219	0.04677191328934967
Motif:MotifCountsJaspar2026	0.8577494692144374	0.04686774941995359
Motif:MotifCountsJaspar2026	0.8662420382165605	0.046993780234968904
Motif:MotifCountsJaspar2026	0.8853503184713376	0.04738097943415521
Motif:MotifCountsJaspar2026	0.8853503184713376	0.04706546275395034
Motif:MotifCountsJaspar2026	0.8959660297239915	0.047437050359712234
Motif:MotifCountsJaspar2026	0.8980891719745223	0.04748540637629097
Motif:MotifCountsJaspar2026	0.8980891719745223	0.04742152466367713
Motif:MotifCountsJaspar2026	0.8980891719745223	0.047416208945185515
Motif:MotifCountsJaspar2026	1.0	0.045480880648899186
Motif:UniqueMotifDensityJaspar2026	0.0	0.0
Motif:UniqueMotifDensityJaspar2026	0.0	0.0
Motif:UniqueMotifDensityJaspar2026	0.012738853503184714	0.10714285714285714
Motif:UniqueMotifDensityJaspar2026	0.012738853503184714	0.0594059405940594
Motif:UniqueMotifDensityJaspar2026	0.016985138004246284	0.045714285714285714
Motif:UniqueMotifDensityJaspar2026	0.01910828025477707	0.047619047619047616
Motif:UniqueMotifDensityJaspar2026	0.02335456475583864	0.052132701421800945
Motif:UniqueMotifDensityJaspar2026	0.02335456475583864	0.04700854700854701
Motif:UniqueMotifDensityJaspar2026	0.029723991507430998	0.04778156996587031
Motif:UniqueMotifDensityJaspar2026	0.03397027600849257	0.0463768115942029
Motif:UniqueMotifDensityJaspar2026	0.03397027600849257	0.0443213296398892
Motif:UniqueMotifDensityJaspar2026	0.03397027600849257	0.04071246819338423
Motif:UniqueMotifDensityJaspar2026	0.04883227176220807	0.0515695067264574
Motif:UniqueMotifDensityJaspar2026	0.050955414012738856	0.0525164113785558
Motif:UniqueMotifDensityJaspar2026	0.06369426751592357	0.05725190839694656
Motif:UniqueMotifDensityJaspar2026	0.06581740976645435	0.056776556776556776
Motif:UniqueMotifDensityJaspar2026	0.06581740976645435	0.05575539568345324
Motif:UniqueMotifDensityJaspar2026	0.06581740976645435	0.05486725663716814
Motif:UniqueMotifDensityJaspar2026	0.07006369426751592	0.05454545454545454
Motif:UniqueMotifDensityJaspar2026	0.07006369426751592	0.05392156862745098
Motif:UniqueMotifDensityJaspar2026	0.07218683651804671	0.05448717948717949
Motif:UniqueMotifDensityJaspar2026	0.07218683651804671	0.05287713841368585
Motif:UniqueMotifDensityJaspar2026	0.07430997876857749	0.05200594353640416
Motif:UniqueMotifDensityJaspar2026	0.07643312101910828	0.05150214592274678
Motif:UniqueMotifDensityJaspar2026	0.07643312101910828	0.05
Motif:UniqueMotifDensityJaspar2026	0.08492569002123142	0.052980132450331126
Motif:UniqueMotifDensityJaspar2026	0.08492569002123142	0.05025125628140704
Motif:UniqueMotifDensityJaspar2026	0.0870488322717622	0.05024509803921569
Motif:UniqueMotifDensityJaspar2026	0.09129511677282377	0.05155875299760192
Motif:UniqueMotifDensityJaspar2026	0.09129511677282377	0.050058207217694994
Motif:UniqueMotifDensityJaspar2026	0.09129511677282377	0.048919226393629126
Motif:UniqueMotifDensityJaspar2026	0.09341825902335456	0.04927211646136618
Motif:UniqueMotifDensityJaspar2026	0.09554140127388536	0.04939626783754116
Motif:UniqueMotifDensityJaspar2026	0.09766454352441614	0.04549950544015826
Motif:UniqueMotifDensityJaspar2026	0.09766454352441614	0.0446168768186227
Motif:UniqueMotifDensityJaspar2026	0.09766454352441614	0.04427333974975938
Motif:UniqueMotifDensityJaspar2026	0.09766454352441614	0.043151969981238276
Motif:UniqueMotifDensityJaspar2026	0.09766454352441614	0.04220183486238532
Motif:UniqueMotifDensityJaspar2026	0.09978768577494693	0.04188948306595366
Motif:UniqueMotifDensityJaspar2026	0.09978768577494693	0.04137323943661972
Motif:UniqueMotifDensityJaspar2026	0.10615711252653928	0.043440486533449174
Motif:UniqueMotifDensityJaspar2026	0.10828025477707007	0.04336734693877551
Motif:UniqueMotifDensityJaspar2026	0.11040339702760085	0.04377104377104377
Motif:UniqueMotifDensityJaspar2026	0.11464968152866242	0.04455445544554455
Motif:UniqueMotifDensityJaspar2026	0.11677282377919321	0.044971381847914965
Motif:UniqueMotifDensityJaspar2026	0.1316348195329087	0.04637247569184742
Motif:UniqueMotifDensityJaspar2026	0.1316348195329087	0.045756457564575644
Motif:UniqueMotifDensityJaspar2026	0.1316348195329087	0.04492753623188406
Motif:UniqueMotifDensityJaspar2026	0.13588110403397027	0.045714285714285714
Motif:UniqueMotifDensityJaspar2026	0.13588110403397027	0.04478656403079076
Motif:UniqueMotifDensityJaspar2026	0.13588110403397027	0.04419889502762431
Motif:UniqueMotifDensityJaspar2026	0.14225053078556263	0.04533152909336942
Motif:UniqueMotifDensityJaspar2026	0.1464968152866242	0.04618473895582329
Motif:UniqueMotifDensityJaspar2026	0.1464968152866242	0.0457863304578633
Motif:UniqueMotifDensityJaspar2026	0.1464968152866242	0.04542462146148782
Motif:UniqueMotifDensityJaspar2026	0.14861995753715498	0.04563233376792699
Motif:UniqueMotifDensityJaspar2026	0.15286624203821655	0.046511627906976744
Motif:UniqueMotifDensityJaspar2026	0.1592356687898089	0.04581551618814905
Motif:UniqueMotifDensityJaspar2026	0.1592356687898089	0.045317220543806644
Motif:UniqueMotifDensityJaspar2026	0.1613588110403397	0.045103857566765576
Motif:UniqueMotifDensityJaspar2026	0.16560509554140126	0.045828437132784956
Motif:UniqueMotifDensityJaspar2026	0.16560509554140126	0.0455607476635514
Motif:UniqueMotifDensityJaspar2026	0.16772823779193205	0.04553314121037464
Motif:UniqueMotifDensityJaspar2026	0.16985138004246284	0.045662100456621
Motif:UniqueMotifDensityJaspar2026	0.16985138004246284	0.04524886877828054
Motif:UniqueMotifDensityJaspar2026	0.16985138004246284	0.044593088071348944
Motif:UniqueMotifDensityJaspar2026	0.16985138004246284	0.04419889502762431
Motif:UniqueMotifDensityJaspar2026	0.17197452229299362	0.04438356164383562
Motif:UniqueMotifDensityJaspar2026	0.1740976645435244	0.04451682953311618
Motif:UniqueMotifDensityJaspar2026	0.1762208067940552	0.044743935309973046
Motif:UniqueMotifDensityJaspar2026	0.17834394904458598	0.04472843450479233
Motif:UniqueMotifDensityJaspar2026	0.17834394904458598	0.04446797247220752
Motif:UniqueMotifDensityJaspar2026	0.19532908704883228	0.04623115577889447
Motif:UniqueMotifDensityJaspar2026	0.19532908704883228	0.04568023833167825
Motif:UniqueMotifDensityJaspar2026	0.19745222929936307	0.04585798816568047
Motif:UniqueMotifDensityJaspar2026	0.19745222929936307	0.0455435847208619
Motif:UniqueMotifDensityJaspar2026	0.19957537154989385	0.04571984435797665
Motif:UniqueMotifDensityJaspar2026	0.19957537154989385	0.04543257612373127
Motif:UniqueMotifDensityJaspar2026	0.19957537154989385	0.04517059106198943
Motif:UniqueMotifDensityJaspar2026	0.20169851380042464	0.0451735615786971
Motif:UniqueMotifDensityJaspar2026	0.20169851380042464	0.045023696682464455
Motif:UniqueMotifDensityJaspar2026	0.20382165605095542	0.0451764705882353
Motif:UniqueMotifDensityJaspar2026	0.20382165605095542	0.04473438956197577
Motif:UniqueMotifDensityJaspar2026	0.20382165605095542	0.0441785549930971
Motif:UniqueMotifDensityJaspar2026	0.208067940552017	0.044525215810995
Motif:UniqueMotifDensityJaspar2026	0.21019108280254778	0.044675090252707585
Motif:UniqueMotifDensityJaspar2026	0.21231422505307856	0.044662795891022775
Motif:UniqueMotifDensityJaspar2026	0.2229299363057325	0.04639858594785683
Motif:UniqueMotifDensityJaspar2026	0.2229299363057325	0.046052631578947366
Motif:UniqueMotifDensityJaspar2026	0.2229299363057325	0.045771578029642546
Motif:UniqueMotifDensityJaspar2026	0.2229299363057325	0.045513654096228866
Motif:UniqueMotifDensityJaspar2026	0.23354564755838642	0.04573804573804574
Motif:UniqueMotifDensityJaspar2026	0.2356687898089172	0.045810978126289724
Motif:UniqueMotifDensityJaspar2026	0.2356687898089172	0.04562268803945746
Motif:UniqueMotifDensityJaspar2026	0.2356687898089172	0.045380212591986914
Motif:UniqueMotifDensityJaspar2026	0.23991507430997877	0.04571197411003236
Motif:UniqueMotifDensityJaspar2026	0.24416135881104034	0.04622186495176849
Motif:UniqueMotifDensityJaspar2026	0.2484076433121019	0.04659498207885305
Motif:UniqueMotifDensityJaspar2026	0.2484076433121019	0.046336633663366336
Motif:UniqueMotifDensityJaspar2026	0.2526539278131635	0.04679512386944554
Motif:UniqueMotifDensityJaspar2026	0.25477707006369427	0.046511627906976744
Motif:UniqueMotifDensityJaspar2026	0.25477707006369427	0.04627844195912071
Motif:UniqueMotifDensityJaspar2026	0.25690021231422505	0.046431312356101304
Motif:UniqueMotifDensityJaspar2026	0.25690021231422505	0.04623614826136798
Motif:UniqueMotifDensityJaspar2026	0.2653927813163482	0.047546595663750475
Motif:UniqueMotifDensityJaspar2026	0.267515923566879	0.047637051039697544
Motif:UniqueMotifDensityJaspar2026	0.267515923566879	0.04742190440346255
Motif:UniqueMotifDensityJaspar2026	0.267515923566879	0.047067612999626446
Motif:UniqueMotifDensityJaspar2026	0.27176220806794055	0.047372316802368614
Motif:UniqueMotifDensityJaspar2026	0.27388535031847133	0.047409040793825796
Motif:UniqueMotifDensityJaspar2026	0.27388535031847133	0.04711468224981739
Motif:UniqueMotifDensityJaspar2026	0.27388535031847133	0.04672220210068816
Motif:UniqueMotifDensityJaspar2026	0.2760084925690021	0.04674577490111471
Motif:UniqueMotifDensityJaspar2026	0.2781316348195329	0.04683589560243118
Motif:UniqueMotifDensityJaspar2026	0.2781316348195329	0.046371681415929206
Motif:UniqueMotifDensityJaspar2026	0.28662420382165604	0.04584040747028863
Motif:UniqueMotifDensityJaspar2026	0.28874734607218683	0.045899426257171784
Motif:UniqueMotifDensityJaspar2026	0.2908704883227176	0.04611242006058566
Motif:UniqueMotifDensityJaspar2026	0.2908704883227176	0.04594232059020791
Motif:UniqueMotifDensityJaspar2026	0.2929936305732484	0.046169287387085985
Motif:UniqueMotifDensityJaspar2026	0.2929936305732484	0.04606141522029372
Motif:UniqueMotifDensityJaspar2026	0.2929936305732484	0.04595404595404595
Motif:UniqueMotifDensityJaspar2026	0.2929936305732484	0.04565001653986107
Motif:UniqueMotifDensityJaspar2026	0.2951167728237792	0.04570864847089773
Motif:UniqueMotifDensityJaspar2026	0.29723991507430997	0.0457516339869281
Motif:UniqueMotifDensityJaspar2026	0.29936305732484075	0.04549854791868345
Motif:UniqueMotifDensityJaspar2026	0.29936305732484075	0.045352203280797684
Motif:UniqueMotifDensityJaspar2026	0.30148619957537154	0.04551282051282051
Motif:UniqueMotifDensityJaspar2026	0.30148619957537154	0.04513668150031786
Motif:UniqueMotifDensityJaspar2026	0.30148619957537154	0.045007923930269415
Motif:UniqueMotifDensityJaspar2026	0.30148619957537154	0.04492249288199937
Motif:UniqueMotifDensityJaspar2026	0.3036093418259023	0.044968553459119494
Motif:UniqueMotifDensityJaspar2026	0.3057324840764331	0.04498594189315839
Motif:UniqueMotifDensityJaspar2026	0.3057324840764331	0.0446927374301676
Motif:UniqueMotifDensityJaspar2026	0.3057324840764331	0.04449938195302843
Motif:UniqueMotifDensityJaspar2026	0.3078556263269639	0.04469790382244143
Motif:UniqueMotifDensityJaspar2026	0.3078556263269639	0.0445468509984639
Motif:UniqueMotifDensityJaspar2026	0.3078556263269639	0.04434250764525994
Motif:UniqueMotifDensityJaspar2026	0.31634819532908703	0.04522003034901366
Motif:UniqueMotifDensityJaspar2026	0.31634819532908703	0.04498792270531401
Motif:UniqueMotifDensityJaspar2026	0.31634819532908703	0.04481203007518797
Motif:UniqueMotifDensityJaspar2026	0.3227176220806794	0.045346062052505964
Motif:UniqueMotifDensityJaspar2026	0.32696390658174096	0.045778834720570746
Motif:UniqueMotifDensityJaspar2026	0.32908704883227174	0.0457767277023036
Motif:UniqueMotifDensityJaspar2026	0.33121019108280253	0.04589585172109444
Motif:UniqueMotifDensityJaspar2026	0.33970276008492567	0.04644412191582003
Motif:UniqueMotifDensityJaspar2026	0.34182590233545646	0.046437842515142776
Motif:UniqueMotifDensityJaspar2026	0.35668789808917195	0.047058823529411764
Motif:UniqueMotifDensityJaspar2026	0.35668789808917195	0.04692737430167598
Motif:UniqueMotifDensityJaspar2026	0.35668789808917195	0.04661487236403995
Motif:UniqueMotifDensityJaspar2026	0.35881104033970274	0.04656930283824745
Motif:UniqueMotifDensityJaspar2026	0.35881104033970274	0.04632675438596491
Motif:UniqueMotifDensityJaspar2026	0.35881104033970274	0.04606159716544017
Motif:UniqueMotifDensityJaspar2026	0.35881104033970274	0.045898967952199894
Motif:UniqueMotifDensityJaspar2026	0.3609341825902335	0.045983229645658645
Motif:UniqueMotifDensityJaspar2026	0.3630573248407643	0.04601722282023681
Motif:UniqueMotifDensityJaspar2026	0.3630573248407643	0.04588140595653341
Motif:UniqueMotifDensityJaspar2026	0.3630573248407643	0.04570970328789094
Motif:UniqueMotifDensityJaspar2026	0.3630573248407643	0.04547872340425532
Motif:UniqueMotifDensityJaspar2026	0.3651804670912951	0.04514435695538058
Motif:UniqueMotifDensityJaspar2026	0.3651804670912951	0.04500261643118786
Motif:UniqueMotifDensityJaspar2026	0.3651804670912951	0.04490861618798955
Motif:UniqueMotifDensityJaspar2026	0.3651804670912951	0.0447334200260078
Motif:UniqueMotifDensityJaspar2026	0.3651804670912951	0.04466372370812776
Motif:UniqueMotifDensityJaspar2026	0.3651804670912951	0.04454804454804455
Motif:UniqueMotifDensityJaspar2026	0.3651804670912951	0.04422730779120596
Motif:UniqueMotifDensityJaspar2026	0.37154989384288745	0.044802867383512544
Motif:UniqueMotifDensityJaspar2026	0.37154989384288745	0.04442751967504443
Motif:UniqueMotifDensityJaspar2026	0.37154989384288745	0.04424778761061947
Motif:UniqueMotifDensityJaspar2026	0.37367303609341823	0.04428787116255662
Motif:UniqueMotifDensityJaspar2026	0.37791932059447986	0.04461152882205514
Motif:UniqueMotifDensityJaspar2026	0.38004246284501064	0.04462727499376714
Motif:UniqueMotifDensityJaspar2026	0.3842887473460722	0.044913151364764266
Motif:UniqueMotifDensityJaspar2026	0.3842887473460722	0.044713438735177864
Motif:UniqueMotifDensityJaspar2026	0.386411889596603	0.04487179487179487
Motif:UniqueMotifDensityJaspar2026	0.386411889596603	0.044673539518900345
Motif:UniqueMotifDensityJaspar2026	0.386411889596603	0.044422748352453016
Motif:UniqueMotifDensityJaspar2026	0.39278131634819535	0.04349870679520339
Motif:UniqueMotifDensityJaspar2026	0.39278131634819535	0.04338649155722327
Motif:UniqueMotifDensityJaspar2026	0.39278131634819535	0.04302325581395349
Motif:UniqueMotifDensityJaspar2026	0.39490445859872614	0.04301572617946346
Motif:UniqueMotifDensityJaspar2026	0.3991507430997877	0.043198529411764705
Motif:UniqueMotifDensityJaspar2026	0.3991507430997877	0.04297142857142857
Motif:UniqueMotifDensityJaspar2026	0.3991507430997877	0.04279535624857728
Motif:UniqueMotifDensityJaspar2026	0.4012738853503185	0.042847426887327136
Motif:UniqueMotifDensityJaspar2026	0.4012738853503185	0.04258675078864353
Motif:UniqueMotifDensityJaspar2026	0.4033970276008493	0.0426774483378257
Motif:UniqueMotifDensityJaspar2026	0.4033970276008493	0.04259134723156243
Motif:UniqueMotifDensityJaspar2026	0.40552016985138006	0.0427484333034915
Motif:UniqueMotifDensityJaspar2026	0.40552016985138006	0.04251057200089027
Motif:UniqueMotifDensityJaspar2026	0.40976645435244163	0.042774822695035464
Motif:UniqueMotifDensityJaspar2026	0.4118895966029724	0.04281615537408961
Motif:UniqueMotifDensityJaspar2026	0.4118895966029724	0.042609268614100596
Motif:UniqueMotifDensityJaspar2026	0.4118895966029724	0.04247865119334355
Motif:UniqueMotifDensityJaspar2026	0.4118895966029724	0.042348832132722114
Motif:UniqueMotifDensityJaspar2026	0.4140127388535032	0.042492917847025496
Motif:UniqueMotifDensityJaspar2026	0.4182590233545648	0.042788879235447434
Motif:UniqueMotifDensityJaspar2026	0.4267515923566879	0.04351591253518078
Motif:UniqueMotifDensityJaspar2026	0.4267515923566879	0.04345006485084306
Motif:UniqueMotifDensityJaspar2026	0.4267515923566879	0.043356341673856776
Motif:UniqueMotifDensityJaspar2026	0.4267515923566879	0.04316083315439124
Motif:UniqueMotifDensityJaspar2026	0.4267515923566879	0.0430775825117874
Motif:UniqueMotifDensityJaspar2026	0.4309978768577495	0.04323748668796592
Motif:UniqueMotifDensityJaspar2026	0.43312101910828027	0.043339706819630335
Motif:UniqueMotifDensityJaspar2026	0.43524416135881105	0.04336788660884282
Motif:UniqueMotifDensityJaspar2026	0.43736730360934184	0.04350580781414995
Motif:UniqueMotifDensityJaspar2026	0.43736730360934184	0.04330460374185411
Motif:UniqueMotifDensityJaspar2026	0.4394904458598726	0.043441762854144805
Motif:UniqueMotifDensityJaspar2026	0.4394904458598726	0.043305439330543934
Motif:UniqueMotifDensityJaspar2026	0.4394904458598726	0.04313398624713482
Motif:UniqueMotifDensityJaspar2026	0.4394904458598726	0.04299958454507686
Motif:UniqueMotifDensityJaspar2026	0.4416135881104034	0.04311774461028192
Motif:UniqueMotifDensityJaspar2026	0.4437367303609342	0.04322647362978283
Motif:UniqueMotifDensityJaspar2026	0.44798301486199577	0.0435141266240462
Motif:UniqueMotifDensityJaspar2026	0.45010615711252655	0.04349610176446451
Motif:UniqueMotifDensityJaspar2026	0.45010615711252655	0.04337152209492635
Motif:UniqueMotifDensityJaspar2026	0.46709129511677283	0.043772383605252686
Motif:UniqueMotifDensityJaspar2026	0.46709129511677283	0.04365079365079365
Motif:UniqueMotifDensityJaspar2026	0.46709129511677283	0.043555731538309245
Motif:UniqueMotifDensityJaspar2026	0.46709129511677283	0.043461082576056895
Motif:UniqueMotifDensityJaspar2026	0.4713375796178344	0.04370939161252215
Motif:UniqueMotifDensityJaspar2026	0.4734607218683652	0.043811394891944994
Motif:UniqueMotifDensityJaspar2026	0.4734607218683652	0.043639921722113506
Motif:UniqueMotifDensityJaspar2026	0.47558386411889597	0.04373291682936353
Motif:UniqueMotifDensityJaspar2026	0.47770700636942676	0.043834015195791935
Motif:UniqueMotifDensityJaspar2026	0.47770700636942676	0.043655413271245634
Motif:UniqueMotifDensityJaspar2026	0.47770700636942676	0.04353715170278638
Motif:UniqueMotifDensityJaspar2026	0.47770700636942676	0.04344468044023943
Motif:UniqueMotifDensityJaspar2026	0.4819532908704883	0.04367064255482878
Motif:UniqueMotifDensityJaspar2026	0.4819532908704883	0.04354498369460963
Motif:UniqueMotifDensityJaspar2026	0.4840764331210191	0.04362801377726751
Motif:UniqueMotifDensityJaspar2026	0.4840764331210191	0.04350314825414997
Motif:UniqueMotifDensityJaspar2026	0.4840764331210191	0.043329532497149374
Motif:UniqueMotifDensityJaspar2026	0.49044585987261147	0.04377487208641274
Motif:UniqueMotifDensityJaspar2026	0.49256900212314225	0.043666478449087144
Motif:UniqueMotifDensityJaspar2026	0.49256900212314225	0.04360902255639098
Motif:UniqueMotifDensityJaspar2026	0.49469214437367304	0.04369023063941496
Motif:UniqueMotifDensityJaspar2026	0.4968152866242038	0.0437874251497006
Motif:UniqueMotifDensityJaspar2026	0.4989384288747346	0.04388422035480859
Motif:UniqueMotifDensityJaspar2026	0.5010615711252654	0.04394785847299814
Motif:UniqueMotifDensityJaspar2026	0.5010615711252654	0.04380103934669636
Motif:UniqueMotifDensityJaspar2026	0.505307855626327	0.04401701498058073
Motif:UniqueMotifDensityJaspar2026	0.505307855626327	0.043911439114391146
Motif:UniqueMotifDensityJaspar2026	0.505307855626327	0.04386288241798747
Motif:UniqueMotifDensityJaspar2026	0.505307855626327	0.04368575624082232
Motif:UniqueMotifDensityJaspar2026	0.505307855626327	0.043581761582127815
Motif:UniqueMotifDensityJaspar2026	0.505307855626327	0.043510054844606946
Motif:UniqueMotifDensityJaspar2026	0.505307855626327	0.04343065693430657
Motif:UniqueMotifDensityJaspar2026	0.5074309978768577	0.043509921718550885
Motif:UniqueMotifDensityJaspar2026	0.5074309978768577	0.04344664606435194
Motif:UniqueMotifDensityJaspar2026	0.5074309978768577	0.04330494654828773
Motif:UniqueMotifDensityJaspar2026	0.5074309978768577	0.04319537321525393
Motif:UniqueMotifDensityJaspar2026	0.5074309978768577	0.043086352983594735
Motif:UniqueMotifDensityJaspar2026	0.5116772823779193	0.043337529221363066
Motif:UniqueMotifDensityJaspar2026	0.5116772823779193	0.04321319705935091
Motif:UniqueMotifDensityJaspar2026	0.5159235668789809	0.043501611170784105
Motif:UniqueMotifDensityJaspar2026	0.5159235668789809	0.043377365226704746
Motif:UniqueMotifDensityJaspar2026	0.5159235668789809	0.043284645529034556
Motif:UniqueMotifDensityJaspar2026	0.5201698513800425	0.04297491668128398
Motif:UniqueMotifDensityJaspar2026	0.5201698513800425	0.04288464904603536
Motif:UniqueMotifDensityJaspar2026	0.5222929936305732	0.0429769392033543
Motif:UniqueMotifDensityJaspar2026	0.524416135881104	0.04307638646668992
Motif:UniqueMotifDensityJaspar2026	0.524416135881104	0.043008880376110045
Motif:UniqueMotifDensityJaspar2026	0.524416135881104	0.042956521739130435
Motif:UniqueMotifDensityJaspar2026	0.524416135881104	0.042881944444444445
Motif:UniqueMotifDensityJaspar2026	0.524416135881104	0.04265239164220342
Motif:UniqueMotifDensityJaspar2026	0.5265392781316348	0.04269237390256499
Motif:UniqueMotifDensityJaspar2026	0.5329087048832272	0.04300154188795614
Motif:UniqueMotifDensityJaspar2026	0.5371549893842887	0.04326265389876881
Motif:UniqueMotifDensityJaspar2026	0.5392781316348195	0.0433521078682369
Motif:UniqueMotifDensityJaspar2026	0.5392781316348195	0.04326349855220576
Motif:UniqueMotifDensityJaspar2026	0.5414012738853503	0.043345232024477306
Motif:UniqueMotifDensityJaspar2026	0.5477707006369427	0.04373622647906425
Motif:UniqueMotifDensityJaspar2026	0.5477707006369427	0.04364743698189816
Motif:UniqueMotifDensityJaspar2026	0.5477707006369427	0.04358108108108108
Motif:UniqueMotifDensityJaspar2026	0.5477707006369427	0.04350758853288364
Motif:UniqueMotifDensityJaspar2026	0.5477707006369427	0.043405114401076715
Motif:UniqueMotifDensityJaspar2026	0.5477707006369427	0.04334677419354839
Motif:UniqueMotifDensityJaspar2026	0.5477707006369427	0.043266812007378835
Motif:UniqueMotifDensityJaspar2026	0.5477707006369427	0.04317269076305221
Motif:UniqueMotifDensityJaspar2026	0.5477707006369427	0.04306459689534301
Motif:UniqueMotifDensityJaspar2026	0.5498938428874734	0.043166666666666666
Motif:UniqueMotifDensityJaspar2026	0.5605095541401274	0.043824701195219126
Motif:UniqueMotifDensityJaspar2026	0.5626326963906582	0.043881437324060274
Motif:UniqueMotifDensityJaspar2026	0.5626326963906582	0.04377994382950603
Motif:UniqueMotifDensityJaspar2026	0.564755838641189	0.04387990762124711
Motif:UniqueMotifDensityJaspar2026	0.564755838641189	0.043800428124485424
Motif:UniqueMotifDensityJaspar2026	0.564755838641189	0.04375
Motif:UniqueMotifDensityJaspar2026	0.5690021231422505	0.04387688277668631
Motif:UniqueMotifDensityJaspar2026	0.5732484076433121	0.04409603135717785
Motif:UniqueMotifDensityJaspar2026	0.5732484076433121	0.04401695467883926
Motif:UniqueMotifDensityJaspar2026	0.5732484076433121	0.04393101204035145
Motif:UniqueMotifDensityJaspar2026	0.5753715498938429	0.043972091513873116
Motif:UniqueMotifDensityJaspar2026	0.5753715498938429	0.04385113268608414
Motif:UniqueMotifDensityJaspar2026	0.5774946921443737	0.04388512423362375
Motif:UniqueMotifDensityJaspar2026	0.5796178343949044	0.043954274673965545
Motif:UniqueMotifDensityJaspar2026	0.5796178343949044	0.04385542168674699
Motif:UniqueMotifDensityJaspar2026	0.5817409766454352	0.04391025641025641
Motif:UniqueMotifDensityJaspar2026	0.5817409766454352	0.043847015522483594
Motif:UniqueMotifDensityJaspar2026	0.583864118895966	0.04390866996646974
Motif:UniqueMotifDensityJaspar2026	0.583864118895966	0.04381771829190567
Motif:UniqueMotifDensityJaspar2026	0.5859872611464968	0.043914081145584725
Motif:UniqueMotifDensityJaspar2026	0.5859872611464968	0.04378172588832487
Motif:UniqueMotifDensityJaspar2026	0.6029723991507431	0.04422298349423855
Motif:UniqueMotifDensityJaspar2026	0.6050955414012739	0.0442409189692642
Motif:UniqueMotifDensityJaspar2026	0.6072186836518046	0.04430673896204493
Motif:UniqueMotifDensityJaspar2026	0.6072186836518046	0.044238205723124514
Motif:UniqueMotifDensityJaspar2026	0.6072186836518046	0.04416988416988417
Motif:UniqueMotifDensityJaspar2026	0.6093418259023354	0.04426962825852229
Motif:UniqueMotifDensityJaspar2026	0.6157112526539278	0.04461538461538461
Motif:UniqueMotifDensityJaspar2026	0.6157112526539278	0.0445468509984639
Motif:UniqueMotifDensityJaspar2026	0.6199575371549894	0.04475095785440613
Motif:UniqueMotifDensityJaspar2026	0.6220806794055201	0.044821783692825454
Motif:UniqueMotifDensityJaspar2026	0.6220806794055201	0.04475332213227432
Motif:UniqueMotifDensityJaspar2026	0.6242038216560509	0.044817073170731705
Motif:UniqueMotifDensityJaspar2026	0.6242038216560509	0.04468085106382979
Motif:UniqueMotifDensityJaspar2026	0.6263269639065817	0.04470374299136233
Motif:UniqueMotifDensityJaspar2026	0.6284501061571125	0.04476032058067443
Motif:UniqueMotifDensityJaspar2026	0.6284501061571125	0.04469948655995168
Motif:UniqueMotifDensityJaspar2026	0.6390658174097664	0.045276774969915765
Motif:UniqueMotifDensityJaspar2026	0.6411889596602972	0.045379413974455295
Motif:UniqueMotifDensityJaspar2026	0.643312101910828	0.045475011256190905
Motif:UniqueMotifDensityJaspar2026	0.643312101910828	0.04540686347969429
Motif:UniqueMotifDensityJaspar2026	0.643312101910828	0.04525765496639283
Motif:UniqueMotifDensityJaspar2026	0.6454352441613588	0.04529201430274136
Motif:UniqueMotifDensityJaspar2026	0.6454352441613588	0.04523136438030055
Motif:UniqueMotifDensityJaspar2026	0.6454352441613588	0.045144045144045145
Motif:UniqueMotifDensityJaspar2026	0.6454352441613588	0.045037037037037035
Motif:UniqueMotifDensityJaspar2026	0.6475583864118896	0.045138375018499335
Motif:UniqueMotifDensityJaspar2026	0.6496815286624203	0.0451460607848923
Motif:UniqueMotifDensityJaspar2026	0.6496815286624203	0.04508619419478414
Motif:UniqueMotifDensityJaspar2026	0.6496815286624203	0.04500661862038535
Motif:UniqueMotifDensityJaspar2026	0.6518046709129511	0.045074144765819994
Motif:UniqueMotifDensityJaspar2026	0.6518046709129511	0.04502126411497287
Motif:UniqueMotifDensityJaspar2026	0.6581740976645435	0.04537470725995316
Motif:UniqueMotifDensityJaspar2026	0.6581740976645435	0.04531501242508405
Motif:UniqueMotifDensityJaspar2026	0.6581740976645435	0.04507124164001163
Motif:UniqueMotifDensityJaspar2026	0.6602972399150743	0.04514443315430396
Motif:UniqueMotifDensityJaspar2026	0.6602972399150743	0.04506593247355456
Motif:UniqueMotifDensityJaspar2026	0.6602972399150743	0.04493570293310215
Motif:UniqueMotifDensityJaspar2026	0.6645435244161358	0.045152914021927296
Motif:UniqueMotifDensityJaspar2026	0.6666666666666666	0.045225406884632
Motif:UniqueMotifDensityJaspar2026	0.6687898089171974	0.04525862068965517
Motif:UniqueMotifDensityJaspar2026	0.6687898089171974	0.04516129032258064
Motif:UniqueMotifDensityJaspar2026	0.6687898089171974	0.045103092783505154
Motif:UniqueMotifDensityJaspar2026	0.692144373673036	0.04585736390490927
Motif:UniqueMotifDensityJaspar2026	0.6942675159235668	0.045901179112857945
Motif:UniqueMotifDensityJaspar2026	0.6942675159235668	0.045823991031390135
Motif:UniqueMotifDensityJaspar2026	0.6963906581740976	0.04588054273324941
Motif:UniqueMotifDensityJaspar2026	0.6963906581740976	0.04573340769659788
Motif:UniqueMotifDensityJaspar2026	0.6985138004246284	0.04582172701949861
Motif:UniqueMotifDensityJaspar2026	0.7006369426751592	0.0458970792767733
Motif:UniqueMotifDensityJaspar2026	0.70276008492569	0.04598499583217561
Motif:UniqueMotifDensityJaspar2026	0.7048832271762208	0.046053544180885
Motif:UniqueMotifDensityJaspar2026	0.7091295116772823	0.04627961756962727
Motif:UniqueMotifDensityJaspar2026	0.7091295116772823	0.04622197619706615
Motif:UniqueMotifDensityJaspar2026	0.7091295116772823	0.04618362831858407
Motif:UniqueMotifDensityJaspar2026	0.7091295116772823	0.046100759144237405
Motif:UniqueMotifDensityJaspar2026	0.7133757961783439	0.04627461782123674
Motif:UniqueMotifDensityJaspar2026	0.7133757961783439	0.04618556701030928
Motif:UniqueMotifDensityJaspar2026	0.7154989384288747	0.0462530881141916
Motif:UniqueMotifDensityJaspar2026	0.7154989384288747	0.04610753865097825
Motif:UniqueMotifDensityJaspar2026	0.7154989384288747	0.046019390959989075
Motif:UniqueMotifDensityJaspar2026	0.7154989384288747	0.04598171646882249
Motif:UniqueMotifDensityJaspar2026	0.7197452229299363	0.046210468920392586
Motif:UniqueMotifDensityJaspar2026	0.7197452229299363	0.046153846153846156
Motif:UniqueMotifDensityJaspar2026	0.7197452229299363	0.0460973619798749
Motif:UniqueMotifDensityJaspar2026	0.721868365180467	0.046151757839011806
Motif:UniqueMotifDensityJaspar2026	0.721868365180467	0.046089196150196556
Motif:UniqueMotifDensityJaspar2026	0.7261146496815286	0.046316359696641385
Motif:UniqueMotifDensityJaspar2026	0.7261146496815286	0.04617877396705374
Motif:UniqueMotifDensityJaspar2026	0.7282377919320594	0.046257585974376264
Motif:UniqueMotifDensityJaspar2026	0.7282377919320594	0.04617662897145934
Motif:UniqueMotifDensityJaspar2026	0.7303609341825902	0.046273876782351356
Motif:UniqueMotifDensityJaspar2026	0.7303609341825902	0.046211714132187
Motif:UniqueMotifDensityJaspar2026	0.732484076433121	0.046197107659346544
Motif:UniqueMotifDensityJaspar2026	0.7346072186836518	0.04623813978350929
Motif:UniqueMotifDensityJaspar2026	0.7367303609341825	0.04629753168779186
Motif:UniqueMotifDensityJaspar2026	0.7367303609341825	0.04625433217808585
Motif:UniqueMotifDensityJaspar2026	0.7367303609341825	0.04618046313548044
Motif:UniqueMotifDensityJaspar2026	0.7367303609341825	0.046100704131792215
Motif:UniqueMotifDensityJaspar2026	0.7367303609341825	0.046039538277829375
Motif:UniqueMotifDensityJaspar2026	0.7367303609341825	0.04591769220590181
Motif:UniqueMotifDensityJaspar2026	0.7494692144373672	0.0455719080815905
Motif:UniqueMotifDensityJaspar2026	0.7494692144373672	0.04543699317801519
Motif:UniqueMotifDensityJaspar2026	0.7515923566878981	0.045507134593135365
Motif:UniqueMotifDensityJaspar2026	0.7579617834394905	0.04582210242587601
Motif:UniqueMotifDensityJaspar2026	0.7600849256900213	0.04590332093858187
Motif:UniqueMotifDensityJaspar2026	0.7622080679405521	0.04595494111623144
Motif:UniqueMotifDensityJaspar2026	0.7643312101910829	0.04602991944764097
Motif:UniqueMotifDensityJaspar2026	0.7664543524416136	0.04608118458003574
Motif:UniqueMotifDensityJaspar2026	0.7664543524416136	0.04601070609227632
Motif:UniqueMotifDensityJaspar2026	0.7685774946921444	0.046055979643765906
Motif:UniqueMotifDensityJaspar2026	0.7685774946921444	0.04599161478846398
Motif:UniqueMotifDensityJaspar2026	0.7685774946921444	0.045939086294416245
Motif:UniqueMotifDensityJaspar2026	0.7685774946921444	0.04586342328645635
Motif:UniqueMotifDensityJaspar2026	0.7685774946921444	0.04579380139152435
Motif:UniqueMotifDensityJaspar2026	0.7685774946921444	0.045741723527925195
Motif:UniqueMotifDensityJaspar2026	0.7685774946921444	0.04562641794807159
Motif:UniqueMotifDensityJaspar2026	0.7707006369426752	0.04560301507537688
Motif:UniqueMotifDensityJaspar2026	0.7707006369426752	0.04551153460381144
Motif:UniqueMotifDensityJaspar2026	0.7707006369426752	0.04544316474712068
Motif:UniqueMotifDensityJaspar2026	0.7707006369426752	0.04538634658664666
Motif:UniqueMotifDensityJaspar2026	0.7707006369426752	0.04532967032967033
Motif:UniqueMotifDensityJaspar2026	0.7791932059447984	0.045714997508719483
Motif:UniqueMotifDensityJaspar2026	0.7791932059447984	0.04564676616915423
Motif:UniqueMotifDensityJaspar2026	0.7791932059447984	0.04559006211180124
Motif:UniqueMotifDensityJaspar2026	0.7834394904458599	0.045787318525871694
Motif:UniqueMotifDensityJaspar2026	0.7855626326963907	0.045843142113740555
Motif:UniqueMotifDensityJaspar2026	0.7898089171974523	0.04601113172541744
Motif:UniqueMotifDensityJaspar2026	0.7919320594479831	0.04604938271604938
Motif:UniqueMotifDensityJaspar2026	0.7983014861995754	0.046345371625785774
Motif:UniqueMotifDensityJaspar2026	0.7983014861995754	0.04628831712421519
Motif:UniqueMotifDensityJaspar2026	0.8046709129511678	0.0462646484375
Motif:UniqueMotifDensityJaspar2026	0.8046709129511678	0.04618571776748721
Motif:UniqueMotifDensityJaspar2026	0.8110403397027601	0.046460715154463636
Motif:UniqueMotifDensityJaspar2026	0.821656050955414	0.046966019417475725
Motif:UniqueMotifDensityJaspar2026	0.821656050955414	0.04688067837674137
Motif:UniqueMotifDensityJaspar2026	0.821656050955414	0.04675042280744141
Motif:UniqueMotifDensityJaspar2026	0.821656050955414	0.04669401544401544
Motif:UniqueMotifDensityJaspar2026	0.821656050955414	0.046637744034707156
Motif:UniqueMotifDensityJaspar2026	0.8237791932059448	0.04669635335178722
Motif:UniqueMotifDensityJaspar2026	0.8280254777070064	0.04686373467916366
Motif:UniqueMotifDensityJaspar2026	0.832271762208068	0.04704188167526701
Motif:UniqueMotifDensityJaspar2026	0.832271762208068	0.04699112922560537
Motif:UniqueMotifDensityJaspar2026	0.832271762208068	0.04695173074619715
Motif:UniqueMotifDensityJaspar2026	0.832271762208068	0.04688434397799306
Motif:UniqueMotifDensityJaspar2026	0.8343949044585988	0.046930976833054694
Motif:UniqueMotifDensityJaspar2026	0.8386411889596603	0.04710231337944193
Motif:UniqueMotifDensityJaspar2026	0.8386411889596603	0.04701821211760505
Motif:UniqueMotifDensityJaspar2026	0.8386411889596603	0.0469790675547098
Motif:UniqueMotifDensityJaspar2026	0.8386411889596603	0.04688983855650522
Motif:UniqueMotifDensityJaspar2026	0.8492569002123143	0.0469593801361822
Motif:UniqueMotifDensityJaspar2026	0.8492569002123143	0.046832923545252314
Motif:UniqueMotifDensityJaspar2026	0.851380042462845	0.04690058479532164
Motif:UniqueMotifDensityJaspar2026	0.851380042462845	0.046867695184665735
Motif:UniqueMotifDensityJaspar2026	0.851380042462845	0.046812981554984825
Motif:UniqueMotifDensityJaspar2026	0.851380042462845	0.046752943919785475
Motif:UniqueMotifDensityJaspar2026	0.851380042462845	0.046698497729125425
Motif:UniqueMotifDensityJaspar2026	0.851380042462845	0.046622485757470064
Motif:UniqueMotifDensityJaspar2026	0.851380042462845	0.04656834281732668
Motif:UniqueMotifDensityJaspar2026	0.851380042462845	0.04650353705207005
Motif:UniqueMotifDensityJaspar2026	0.851380042462845	0.046444290016214966
Motif:UniqueMotifDensityJaspar2026	0.851380042462845	0.046412037037037036
Motif:UniqueMotifDensityJaspar2026	0.8641188959660298	0.04658882783882784
Motif:UniqueMotifDensityJaspar2026	0.8683651804670913	0.046716162193032554
Motif:UniqueMotifDensityJaspar2026	0.8683651804670913	0.04665754049737623
Motif:UniqueMotifDensityJaspar2026	0.8704883227176221	0.04671299988606585
Motif:UniqueMotifDensityJaspar2026	0.8768577494692145	0.046974522292993634
Motif:UniqueMotifDensityJaspar2026	0.8832271762208068	0.04727272727272727
Motif:UniqueMotifDensityJaspar2026	0.8832271762208068	0.047208352246935995
Motif:UniqueMotifDensityJaspar2026	0.8959660297239915	0.047549295774647886
Motif:UniqueMotifDensityJaspar2026	0.8959660297239915	0.047517171489697106
Motif:UniqueMotifDensityJaspar2026	0.8980891719745223	0.047490737622094985
Motif:UniqueMotifDensityJaspar2026	1.0	0.045480880648899186
Motif:UniqueMotifCountsJaspar2026	0.0	0.0
Motif:UniqueMotifCountsJaspar2026	0.0	0.0
Motif:UniqueMotifCountsJaspar2026	0.0	0.0
Motif:UniqueMotifCountsJaspar2026	0.0	0.0
Motif:UniqueMotifCountsJaspar2026	0.0	0.0
Motif:UniqueMotifCountsJaspar2026	0.0	0.0
Motif:UniqueMotifCountsJaspar2026	0.0	0.0
Motif:UniqueMotifCountsJaspar2026	0.0	0.0
Motif:UniqueMotifCountsJaspar2026	0.0021231422505307855	0.011764705882352941
Motif:UniqueMotifCountsJaspar2026	0.0021231422505307855	0.010752688172043012
Motif:UniqueMotifCountsJaspar2026	0.0021231422505307855	0.01
Motif:UniqueMotifCountsJaspar2026	0.0021231422505307855	0.007246376811594203
Motif:UniqueMotifCountsJaspar2026	0.0021231422505307855	0.007142857142857143
Motif:UniqueMotifCountsJaspar2026	0.006369426751592357	0.020833333333333332
Motif:UniqueMotifCountsJaspar2026	0.006369426751592357	0.01935483870967742
Motif:UniqueMotifCountsJaspar2026	0.006369426751592357	0.018518518518518517
Motif:UniqueMotifCountsJaspar2026	0.006369426751592357	0.018072289156626505
Motif:UniqueMotifCountsJaspar2026	0.008492569002123142	0.022099447513812154
Motif:UniqueMotifCountsJaspar2026	0.010615711252653927	0.02512562814070352
Motif:UniqueMotifCountsJaspar2026	0.010615711252653927	0.022727272727272728
Motif:UniqueMotifCountsJaspar2026	0.010615711252653927	0.02066115702479339
Motif:UniqueMotifCountsJaspar2026	0.010615711252653927	0.018726591760299626
Motif:UniqueMotifCountsJaspar2026	0.010615711252653927	0.016722408026755852
Motif:UniqueMotifCountsJaspar2026	0.014861995753715499	0.021538461538461538
Motif:UniqueMotifCountsJaspar2026	0.014861995753715499	0.02064896755162242
Motif:UniqueMotifCountsJaspar2026	0.016985138004246284	0.02077922077922078
Motif:UniqueMotifCountsJaspar2026	0.016985138004246284	0.02040816326530612
Motif:UniqueMotifCountsJaspar2026	0.01910828025477707	0.02
Motif:UniqueMotifCountsJaspar2026	0.03184713375796178	0.029469548133595286
Motif:UniqueMotifCountsJaspar2026	0.03184713375796178	0.027422303473491772
Motif:UniqueMotifCountsJaspar2026	0.040339702760084924	0.03247863247863248
Motif:UniqueMotifCountsJaspar2026	0.04883227176220807	0.03599374021909233
Motif:UniqueMotifCountsJaspar2026	0.050955414012738856	0.03483309143686502
Motif:UniqueMotifCountsJaspar2026	0.05732484076433121	0.03501945525291829
Motif:UniqueMotifCountsJaspar2026	0.06369426751592357	0.034924330616996506
Motif:UniqueMotifCountsJaspar2026	0.06581740976645435	0.03276955602536998
Motif:UniqueMotifCountsJaspar2026	0.07643312101910828	0.03491755577109602
Motif:UniqueMotifCountsJaspar2026	0.08917197452229299	0.03617571059431524
Motif:UniqueMotifCountsJaspar2026	0.09554140127388536	0.0364963503649635
Motif:UniqueMotifCountsJaspar2026	0.10615711252653928	0.03819709702062643
Motif:UniqueMotifCountsJaspar2026	0.11464968152866242	0.037921348314606744
Motif:UniqueMotifCountsJaspar2026	0.11889596602972399	0.03524229074889868
Motif:UniqueMotifCountsJaspar2026	0.12314225053078556	0.0335842501447597
Motif:UniqueMotifCountsJaspar2026	0.13588110403397027	0.03461330448891293
Motif:UniqueMotifCountsJaspar2026	0.16348195329087048	0.0386352232814852
Motif:UniqueMotifCountsJaspar2026	0.17834394904458598	0.03977272727272727
Motif:UniqueMotifCountsJaspar2026	0.19532908704883228	0.04116331096196868
Motif:UniqueMotifCountsJaspar2026	0.20382165605095542	0.0399002493765586
Motif:UniqueMotifCountsJaspar2026	0.22717622080679406	0.0404996214988645
Motif:UniqueMotifCountsJaspar2026	0.23354564755838642	0.039511494252873564
Motif:UniqueMotifCountsJaspar2026	0.2505307855626327	0.03963721867651999
Motif:UniqueMotifCountsJaspar2026	0.2802547770700637	0.04130162703379224
Motif:UniqueMotifCountsJaspar2026	0.3078556263269639	0.042028985507246375
Motif:UniqueMotifCountsJaspar2026	0.3333333333333333	0.04248985115020298
Motif:UniqueMotifCountsJaspar2026	0.3481953290870488	0.04140368593789447
Motif:UniqueMotifCountsJaspar2026	0.39065817409766457	0.043519394512771994
Motif:UniqueMotifCountsJaspar2026	0.40976645435244163	0.043527289129454215
Motif:UniqueMotifCountsJaspar2026	0.43524416135881105	0.044142980189491816
Motif:UniqueMotifCountsJaspar2026	0.46284501061571126	0.04398708635996772
Motif:UniqueMotifCountsJaspar2026	0.49044585987261147	0.04426135274956888
Motif:UniqueMotifCountsJaspar2026	0.5095541401273885	0.04420703628660895
Motif:UniqueMotifCountsJaspar2026	0.5286624203821656	0.04363827549947424
Motif:UniqueMotifCountsJaspar2026	0.5690021231422505	0.04436351597417646
Motif:UniqueMotifCountsJaspar2026	0.6093418259023354	0.045368321214037305
Motif:UniqueMotifCountsJaspar2026	0.6411889596602972	0.045994517209869024
Motif:UniqueMotifCountsJaspar2026	0.6815286624203821	0.04700541806999561
Motif:UniqueMotifCountsJaspar2026	0.7070063694267515	0.04667788057190917
Motif:UniqueMotifCountsJaspar2026	0.7388535031847133	0.04735982580293958
Motif:UniqueMotifCountsJaspar2026	0.7558386411889597	0.04676826064109301
Motif:UniqueMotifCountsJaspar2026	0.772823779193206	0.046553267681289166
Motif:UniqueMotifCountsJaspar2026	0.7813163481953291	0.04604604604604605
Motif:UniqueMotifCountsJaspar2026	0.8046709129511678	0.046372201150128474
Motif:UniqueMotifCountsJaspar2026	0.832271762208068	0.04702495201535509
Motif:UniqueMotifCountsJaspar2026	0.8471337579617835	0.04673225579761068
Motif:UniqueMotifCountsJaspar2026	0.8598726114649682	0.04694019471488178
Motif:UniqueMotifCountsJaspar2026	0.8704883227176221	0.046883933676386505
Motif:UniqueMotifCountsJaspar2026	0.8832271762208068	0.047080126754187414
Motif:UniqueMotifCountsJaspar2026	0.8959660297239915	0.04749043439117713
Motif:UniqueMotifCountsJaspar2026	0.8980891719745223	0.04748540637629097
Motif:UniqueMotifCountsJaspar2026	0.8980891719745223	0.04742152466367713
Motif:UniqueMotifCountsJaspar2026	0.8980891719745223	0.047416208945185515
Motif:UniqueMotifCountsJaspar2026	1.0	0.045480880648899186
Motif:CTCFMotifHitJaspar2026	0.06581740976645435	0.017714285714285714
Motif:CTCFMotifHitJaspar2026	1.0	0.045480880648899186
