pred_id	recall	precision
baseline:E2G_Distance	0.0	0.0
baseline:E2G_Distance	0.03821656050955414	0.8181818181818182
baseline:E2G_Distance	0.07218683651804671	0.7906976744186046
baseline:E2G_Distance	0.10615711252653928	0.78125
baseline:E2G_Distance	0.1316348195329087	0.7294117647058823
baseline:E2G_Distance	0.16348195329087048	0.7264150943396226
baseline:E2G_Distance	0.1932059447983015	0.7109375
baseline:E2G_Distance	0.21443736730360935	0.6733333333333333
baseline:E2G_Distance	0.23779193205944799	0.6549707602339181
baseline:E2G_Distance	0.25902335456475584	0.6256410256410256
baseline:E2G_Distance	0.2760084925690021	0.6018518518518519
baseline:E2G_Distance	0.2908704883227176	0.5732217573221757
baseline:E2G_Distance	0.3078556263269639	0.5576923076923077
baseline:E2G_Distance	0.3248407643312102	0.5387323943661971
baseline:E2G_Distance	0.3375796178343949	0.521311475409836
baseline:E2G_Distance	0.35456475583864117	0.5107033639143731
baseline:E2G_Distance	0.3651804670912951	0.4942528735632184
baseline:E2G_Distance	0.38004246284501064	0.48509485094850946
baseline:E2G_Distance	0.3991507430997877	0.47959183673469385
baseline:E2G_Distance	0.4118895966029724	0.46973365617433416
baseline:E2G_Distance	0.4309978768577495	0.46774193548387094
baseline:E2G_Distance	0.4416135881104034	0.4551422319474836
baseline:E2G_Distance	0.4543524416135881	0.4476987447698745
baseline:E2G_Distance	0.46709129511677283	0.4408817635270541
baseline:E2G_Distance	0.47558386411889597	0.4307692307692308
baseline:E2G_Distance	0.4861995753715499	0.4232902033271719
baseline:E2G_Distance	0.49469214437367304	0.41238938053097346
baseline:E2G_Distance	0.505307855626327	0.40545144804088584
baseline:E2G_Distance	0.5222929936305732	0.40327868852459015
baseline:E2G_Distance	0.5392781316348195	0.40253565768621236
baseline:E2G_Distance	0.5498938428874734	0.39663093415007655
baseline:E2G_Distance	0.5562632696390658	0.3887240356083086
baseline:E2G_Distance	0.5626326963906582	0.3807471264367816
baseline:E2G_Distance	0.5668789808917197	0.3713490959666203
baseline:E2G_Distance	0.5753715498938429	0.36522911051212936
baseline:E2G_Distance	0.5881104033970276	0.362565445026178
baseline:E2G_Distance	0.5944798301486199	0.356234096692112
baseline:E2G_Distance	0.6050955414012739	0.3527227722772277
baseline:E2G_Distance	0.613588110403397	0.34777376654632974
baseline:E2G_Distance	0.6178343949044586	0.3399532710280374
baseline:E2G_Distance	0.6242038216560509	0.3348519362186788
baseline:E2G_Distance	0.6284501061571125	0.3288888888888889
baseline:E2G_Distance	0.6454352441613588	0.3297180043383948
baseline:E2G_Distance	0.6475583864118896	0.32343584305408274
baseline:E2G_Distance	0.6539278131634819	0.31917098445595854
baseline:E2G_Distance	0.6602972399150743	0.3154158215010142
baseline:E2G_Distance	0.6645435244161358	0.31020812685827553
baseline:E2G_Distance	0.6666666666666666	0.3048543689320388
baseline:E2G_Distance	0.6709129511677282	0.3006660323501427
baseline:E2G_Distance	0.6794055201698513	0.29767441860465116
baseline:E2G_Distance	0.692144373673036	0.296094459582198
baseline:E2G_Distance	0.6942675159235668	0.2906666666666667
baseline:E2G_Distance	0.6942675159235668	0.2850915431560593
baseline:E2G_Distance	0.6963906581740976	0.2808219178082192
baseline:E2G_Distance	0.6985138004246284	0.276006711409396
baseline:E2G_Distance	0.7006369426751592	0.2720527617477329
baseline:E2G_Distance	0.7048832271762208	0.2688259109311741
baseline:E2G_Distance	0.7112526539278131	0.26650755767700873
baseline:E2G_Distance	0.7133757961783439	0.2627052384675528
baseline:E2G_Distance	0.7133757961783439	0.25846153846153846
baseline:E2G_Distance	0.7176220806794055	0.25547996976568405
baseline:E2G_Distance	0.721868365180467	0.25297619047619047
baseline:E2G_Distance	0.7239915074309978	0.24963396778916544
baseline:E2G_Distance	0.7282377919320594	0.247296322999279
baseline:E2G_Distance	0.7303609341825902	0.24431818181818182
baseline:E2G_Distance	0.732484076433121	0.24109014675052412
baseline:E2G_Distance	0.732484076433121	0.23743977976600136
baseline:E2G_Distance	0.7367303609341825	0.23541383989145184
baseline:E2G_Distance	0.7388535031847133	0.23246492985971945
baseline:E2G_Distance	0.7409766454352441	0.22990777338603424
baseline:E2G_Distance	0.7430997876857749	0.22727272727272727
baseline:E2G_Distance	0.7430997876857749	0.22407170294494239
baseline:E2G_Distance	0.7473460721868365	0.22236260265319013
baseline:E2G_Distance	0.7494692144373672	0.21993769470404984
baseline:E2G_Distance	0.7494692144373672	0.21683046683046683
baseline:E2G_Distance	0.7537154989384289	0.2147610405323654
baseline:E2G_Distance	0.7579617834394905	0.21313432835820895
baseline:E2G_Distance	0.7579617834394905	0.21024734982332155
baseline:E2G_Distance	0.7579617834394905	0.20767888307155322
baseline:E2G_Distance	0.7622080679405521	0.20620333141872488
baseline:E2G_Distance	0.7622080679405521	0.20363017583664209
baseline:E2G_Distance	0.7643312101910829	0.20179372197309417
baseline:E2G_Distance	0.7664543524416136	0.2
baseline:E2G_Distance	0.7685774946921444	0.1982475355969332
baseline:E2G_Distance	0.772823779193206	0.19686316928069228
baseline:E2G_Distance	0.772823779193206	0.1946524064171123
baseline:E2G_Distance	0.772823779193206	0.19249074563722898
baseline:E2G_Distance	0.772823779193206	0.19027705175117615
baseline:E2G_Distance	0.772823779193206	0.18811369509043926
baseline:E2G_Distance	0.772823779193206	0.18609406952965235
baseline:E2G_Distance	0.7749469214437368	0.18462316641375823
baseline:E2G_Distance	0.7749469214437368	0.18268268268268267
baseline:E2G_Distance	0.7749469214437368	0.1806930693069307
baseline:E2G_Distance	0.7749469214437368	0.17883390494855464
baseline:E2G_Distance	0.7770700636942676	0.17749757516973813
baseline:E2G_Distance	0.7791932059447984	0.17610364683301344
baseline:E2G_Distance	0.7791932059447984	0.17426400759734093
baseline:E2G_Distance	0.7791932059447984	0.17230046948356809
baseline:E2G_Distance	0.7791932059447984	0.17053903345724908
baseline:E2G_Distance	0.7813163481953291	0.1693511274735389
baseline:E2G_Distance	0.7813163481953291	0.16757741347905283
baseline:E2G_Distance	0.7834394904458599	0.16644113667117727
baseline:E2G_Distance	0.7834394904458599	0.1648793565683646
baseline:E2G_Distance	0.7834394904458599	0.16327433628318583
baseline:E2G_Distance	0.7855626326963907	0.16213847502191062
baseline:E2G_Distance	0.7855626326963907	0.1605902777777778
baseline:E2G_Distance	0.7876857749469215	0.15956989247311829
baseline:E2G_Distance	0.7876857749469215	0.15814151747655583
baseline:E2G_Distance	0.7898089171974523	0.1570945945945946
baseline:E2G_Distance	0.7919320594479831	0.15600167294019238
baseline:E2G_Distance	0.7940552016985138	0.1550580431177446
baseline:E2G_Distance	0.7940552016985138	0.15365653245686114
baseline:E2G_Distance	0.7961783439490446	0.15274949083503056
baseline:E2G_Distance	0.7983014861995754	0.1518578352180937
baseline:E2G_Distance	0.802547770700637	0.1513210568454764
baseline:E2G_Distance	0.802547770700637	0.1500595474394601
baseline:E2G_Distance	0.802547770700637	0.1487603305785124
baseline:E2G_Distance	0.802547770700637	0.14748341786968397
baseline:E2G_Distance	0.802547770700637	0.14628482972136223
baseline:E2G_Distance	0.802547770700637	0.14504988488104376
baseline:E2G_Distance	0.8046709129511678	0.14421613394216135
baseline:E2G_Distance	0.8046709129511678	0.1430188679245283
baseline:E2G_Distance	0.8046709129511678	0.14184131736526945
baseline:E2G_Distance	0.8046709129511678	0.14073523950984032
baseline:E2G_Distance	0.8067940552016986	0.1400147383935151
baseline:E2G_Distance	0.8067940552016986	0.1388888888888889
baseline:E2G_Distance	0.8067940552016986	0.13778100072516317
baseline:E2G_Distance	0.8067940552016986	0.13664149586479685
baseline:E2G_Distance	0.8089171974522293	0.13597430406852248
baseline:E2G_Distance	0.8089171974522293	0.13496280552603612
baseline:E2G_Distance	0.8089171974522293	0.1339662447257384
baseline:E2G_Distance	0.8089171974522293	0.13289152424136727
baseline:E2G_Distance	0.8089171974522293	0.13187954309449637
baseline:E2G_Distance	0.8110403397027601	0.13127147766323025
baseline:E2G_Distance	0.8110403397027601	0.13028649386084584
baseline:E2G_Distance	0.8110403397027601	0.1293599729089062
baseline:E2G_Distance	0.8110403397027601	0.1284033613445378
baseline:E2G_Distance	0.8110403397027601	0.12750333778371162
baseline:E2G_Distance	0.8110403397027601	0.1265738899933731
baseline:E2G_Distance	0.8110403397027601	0.12569924317209608
baseline:E2G_Distance	0.8110403397027601	0.12479581836001306
baseline:E2G_Distance	0.8195329087048833	0.12508101101749838
baseline:E2G_Distance	0.8195329087048833	0.12423559703894432
baseline:E2G_Distance	0.8195329087048833	0.12324393358876118
baseline:E2G_Distance	0.8195329087048833	0.1223842739378567
baseline:E2G_Distance	0.8195329087048833	0.12149826880705068
baseline:E2G_Distance	0.8195329087048833	0.1207004377736085
baseline:E2G_Distance	0.8195329087048833	0.1199130164647406
baseline:E2G_Distance	0.8195329087048833	0.11909904350509103
baseline:E2G_Distance	0.8195329087048833	0.11833231146535868
baseline:E2G_Distance	0.8195329087048833	0.11753958587088915
baseline:E2G_Distance	0.8195329087048833	0.1167927382753404
baseline:E2G_Distance	0.8195329087048833	0.11598557692307693
baseline:E2G_Distance	0.8195329087048833	0.11518949567293345
baseline:E2G_Distance	0.8195329087048833	0.11443818559146161
baseline:E2G_Distance	0.8195329087048833	0.11366313309776208
baseline:E2G_Distance	0.8195329087048833	0.1128985083357707
baseline:E2G_Distance	0.8237791932059448	0.1127906976744186
baseline:E2G_Distance	0.8259023354564756	0.1123627960716349
baseline:E2G_Distance	0.8259023354564756	0.11155721250358475
baseline:E2G_Distance	0.8259023354564756	0.11088939566704675
baseline:E2G_Distance	0.8259023354564756	0.11016709147550269
baseline:E2G_Distance	0.8259023354564756	0.10945413618458076
baseline:E2G_Distance	0.8280254777070064	0.10909090909090909
baseline:E2G_Distance	0.8280254777070064	0.10836343428730202
baseline:E2G_Distance	0.8301486199575372	0.1080110497237569
baseline:E2G_Distance	0.8301486199575372	0.10735859417902252
baseline:E2G_Distance	0.8301486199575372	0.10668485675306957
baseline:E2G_Distance	0.8301486199575372	0.10604827773257391
baseline:E2G_Distance	0.8301486199575372	0.10536243600107788
baseline:E2G_Distance	0.8301486199575372	0.1047695605573419
baseline:E2G_Distance	0.8301486199575372	0.10415556739477891
baseline:E2G_Distance	0.8301486199575372	0.10352131321154355
baseline:E2G_Distance	0.8301486199575372	0.10289473684210526
baseline:E2G_Distance	0.8301486199575372	0.1023292331850301
baseline:E2G_Distance	0.8301486199575372	0.10174342961228207
baseline:E2G_Distance	0.8301486199575372	0.10116429495472186
baseline:E2G_Distance	0.8301486199575372	0.10059171597633136
baseline:E2G_Distance	0.8301486199575372	0.10005117707267144
baseline:E2G_Distance	0.832271762208068	0.09972017298397354
baseline:E2G_Distance	0.832271762208068	0.09919028340080972
baseline:E2G_Distance	0.832271762208068	0.09866599546941858
baseline:E2G_Distance	0.832271762208068	0.0980980980980981
baseline:E2G_Distance	0.832271762208068	0.09758526263380632
baseline:E2G_Distance	0.832271762208068	0.09698169223156854
baseline:E2G_Distance	0.832271762208068	0.09648043317745508
baseline:E2G_Distance	0.832271762208068	0.09596083231334149
baseline:E2G_Distance	0.832271762208068	0.09544679814950086
baseline:E2G_Distance	0.832271762208068	0.09493824170501332
baseline:E2G_Distance	0.8343949044585988	0.09465317919075145
baseline:E2G_Distance	0.8343949044585988	0.0941317365269461
baseline:E2G_Distance	0.8365180467091295	0.09389895138226882
baseline:E2G_Distance	0.8365180467091295	0.09340919867235657
baseline:E2G_Distance	0.8365180467091295	0.09288071664309289
baseline:E2G_Distance	0.8386411889596603	0.09261430246189918
baseline:E2G_Distance	0.8386411889596603	0.09213902495917892
baseline:E2G_Distance	0.8386411889596603	0.09168987929433611
baseline:E2G_Distance	0.8386411889596603	0.09116085852757905
baseline:E2G_Distance	0.8386411889596603	0.09065871012164334
baseline:E2G_Distance	0.8386411889596603	0.09022384650525354
baseline:E2G_Distance	0.8386411889596603	0.08977272727272727
baseline:E2G_Distance	0.8386411889596603	0.08928571428571429
baseline:E2G_Distance	0.8386411889596603	0.08878399640368623
baseline:E2G_Distance	0.8386411889596603	0.0883668903803132
baseline:E2G_Distance	0.8386411889596603	0.08793410507569012
baseline:E2G_Distance	0.8386411889596603	0.08752492798581875
baseline:E2G_Distance	0.8407643312101911	0.0873015873015873
baseline:E2G_Distance	0.8407643312101911	0.08682306511729884
baseline:E2G_Distance	0.8407643312101911	0.08638743455497382
baseline:E2G_Distance	0.8407643312101911	0.08595615367918386
baseline:E2G_Distance	0.8407643312101911	0.08554763447828904
baseline:E2G_Distance	0.8428874734607219	0.08535798752956353
baseline:E2G_Distance	0.8450106157112527	0.08513368983957219
baseline:E2G_Distance	0.8450106157112527	0.08471690080885483
baseline:E2G_Distance	0.8450106157112527	0.08432203389830509
baseline:E2G_Distance	0.8450106157112527	0.08393083087304935
baseline:E2G_Distance	0.8450106157112527	0.08350818296265212
baseline:E2G_Distance	0.8450106157112527	0.08314184249007729
baseline:E2G_Distance	0.8471337579617835	0.08296943231441048
baseline:E2G_Distance	0.8471337579617835	0.08257450331125828
baseline:E2G_Distance	0.8471337579617835	0.08221718524623944
baseline:E2G_Distance	0.8471337579617835	0.08182936833470057
baseline:E2G_Distance	0.8471337579617835	0.08147845619767205
baseline:E2G_Distance	0.8492569002123143	0.08131734092295181
baseline:E2G_Distance	0.8492569002123143	0.08093889113719142
baseline:E2G_Distance	0.8492569002123143	0.08058017727639001
baseline:E2G_Distance	0.8492569002123143	0.08020854220974534
baseline:E2G_Distance	0.8492569002123143	0.07987220447284345
baseline:E2G_Distance	0.8492569002123143	0.07952286282306163
baseline:E2G_Distance	0.8492569002123143	0.0791295746785361
baseline:E2G_Distance	0.8492569002123143	0.07880220646178093
baseline:E2G_Distance	0.8492569002123143	0.07844675426554226
baseline:E2G_Distance	0.8492569002123143	0.078125
baseline:E2G_Distance	0.8492569002123143	0.07777561734396267
baseline:E2G_Distance	0.8492569002123143	0.07745933384972889
baseline:E2G_Distance	0.8492569002123143	0.07710100231303008
baseline:E2G_Distance	0.8492569002123143	0.07677543186180422
baseline:E2G_Distance	0.8492569002123143	0.0764379896808714
baseline:E2G_Distance	0.8535031847133758	0.07649857278782113
baseline:E2G_Distance	0.8535031847133758	0.07619408642911296
baseline:E2G_Distance	0.8535031847133758	0.0758633704472542
baseline:E2G_Distance	0.8535031847133758	0.0755639097744361
baseline:E2G_Distance	0.8535031847133758	0.07523862998315553
baseline:E2G_Distance	0.8556263269639066	0.07511649580615098
baseline:E2G_Distance	0.8556263269639066	0.07476808905380333
baseline:E2G_Distance	0.8556263269639066	0.07445039719194532
baseline:E2G_Distance	0.8556263269639066	0.07414903403863846
baseline:E2G_Distance	0.8556263269639066	0.07382304451364718
baseline:E2G_Distance	0.8577494692144374	0.07372262773722628
baseline:E2G_Distance	0.8577494692144374	0.0734145011811739
baseline:E2G_Distance	0.8577494692144374	0.07309571195947169
baseline:E2G_Distance	0.8577494692144374	0.07280591097495044
baseline:E2G_Distance	0.8577494692144374	0.0725314183123878
baseline:E2G_Distance	0.8598726114649682	0.07242489270386267
baseline:E2G_Distance	0.861995753715499	0.07233208622839836
baseline:E2G_Distance	0.861995753715499	0.07206247781327653
baseline:E2G_Distance	0.861995753715499	0.07179487179487179
baseline:E2G_Distance	0.861995753715499	0.0715292459478506
baseline:E2G_Distance	0.861995753715499	0.07125307125307126
baseline:E2G_Distance	0.861995753715499	0.07099143206854346
baseline:E2G_Distance	0.861995753715499	0.07071938686639959
baseline:E2G_Distance	0.861995753715499	0.07044941870553531
baseline:E2G_Distance	0.861995753715499	0.07018150388936906
baseline:E2G_Distance	0.8641188959660298	0.07007575757575757
baseline:E2G_Distance	0.8662420382165605	0.0699828473413379
baseline:E2G_Distance	0.8662420382165605	0.06971975393028025
baseline:E2G_Distance	0.8683651804670913	0.06962887299965952
baseline:E2G_Distance	0.8683651804670913	0.06935730032219772
baseline:E2G_Distance	0.8683651804670913	0.06908783783783784
baseline:E2G_Distance	0.8683651804670913	0.06884362901868372
baseline:E2G_Distance	0.8683651804670913	0.06858963608921684
baseline:E2G_Distance	0.8683651804670913	0.06832609421984631
baseline:E2G_Distance	0.8683651804670913	0.0680872315631763
baseline:E2G_Distance	0.8683651804670913	0.06780503978779841
baseline:E2G_Distance	0.8683651804670913	0.0675698000991244
baseline:E2G_Distance	0.8683651804670913	0.06728080276361244
baseline:E2G_Distance	0.8683651804670913	0.06703819046058024
baseline:E2G_Distance	0.8683651804670913	0.06677551020408164
baseline:E2G_Distance	0.8683651804670913	0.06652569941444372
baseline:E2G_Distance	0.8704883227176221	0.06643979906011992
baseline:E2G_Distance	0.8704883227176221	0.06620377845955111
baseline:E2G_Distance	0.8704883227176221	0.06596942880128721
baseline:E2G_Distance	0.8704883227176221	0.06574727389352149
baseline:E2G_Distance	0.8704883227176221	0.06552661019657983
baseline:E2G_Distance	0.8704883227176221	0.06529702181876094
baseline:E2G_Distance	0.8704883227176221	0.06506903666084748
baseline:E2G_Distance	0.8704883227176221	0.06485289465359063
baseline:E2G_Distance	0.8704883227176221	0.06461780929866036
baseline:E2G_Distance	0.8704883227176221	0.06440464970153943
baseline:E2G_Distance	0.8726114649681529	0.0643494598403006
baseline:E2G_Distance	0.8726114649681529	0.0641185647425897
baseline:E2G_Distance	0.8726114649681529	0.06389925373134328
baseline:E2G_Distance	0.8726114649681529	0.06369130636913063
baseline:E2G_Distance	0.8726114649681529	0.06346510191476219
baseline:E2G_Distance	0.8726114649681529	0.06323076923076923
baseline:E2G_Distance	0.8726114649681529	0.06301747930082796
baseline:E2G_Distance	0.8726114649681529	0.06280562347188264
baseline:E2G_Distance	0.8726114649681529	0.0625951873286628
baseline:E2G_Distance	0.8747346072186837	0.06254744193107636
baseline:E2G_Distance	0.8747346072186837	0.06234866828087167
baseline:E2G_Distance	0.8747346072186837	0.062132408384859
baseline:E2G_Distance	0.8747346072186837	0.0619362597714973
baseline:E2G_Distance	0.8747346072186837	0.06174134572156451
baseline:E2G_Distance	0.8747346072186837	0.06153846153846154
baseline:E2G_Distance	0.8747346072186837	0.06134603930911257
baseline:E2G_Distance	0.8747346072186837	0.061136667161299896
baseline:E2G_Distance	0.8747346072186837	0.060937731104866145
baseline:E2G_Distance	0.8747346072186837	0.060749041580654674
baseline:E2G_Distance	0.8747346072186837	0.06054371785451874
baseline:E2G_Distance	0.8747346072186837	0.06035745678288895
baseline:E2G_Distance	0.8747346072186837	0.06017233825032861
baseline:E2G_Distance	0.8768577494692145	0.06011644832605531
baseline:E2G_Distance	0.8768577494692145	0.05993324626324191
baseline:E2G_Distance	0.8768577494692145	0.05974251410386229
baseline:E2G_Distance	0.8768577494692145	0.05956158061724834
baseline:E2G_Distance	0.8768577494692145	0.05938173975557153
baseline:E2G_Distance	0.8768577494692145	0.05919449620180593
baseline:E2G_Distance	0.8768577494692145	0.05901686196056016
baseline:E2G_Distance	0.8768577494692145	0.058823529411764705
baseline:E2G_Distance	0.8768577494692145	0.05864811133200795
baseline:E2G_Distance	0.8768577494692145	0.05847373637264618
baseline:E2G_Distance	0.8768577494692145	0.058300395256917
baseline:E2G_Distance	0.8768577494692145	0.058119898677174216
baseline:E2G_Distance	0.8768577494692145	0.057948645994106915
baseline:E2G_Distance	0.8768577494692145	0.05777839955232233
baseline:E2G_Distance	0.8768577494692145	0.05760111576011158
baseline:E2G_Distance	0.8768577494692145	0.05741693312943139
baseline:E2G_Distance	0.8768577494692145	0.05724185724185724
baseline:E2G_Distance	0.8768577494692145	0.057075732448866774
baseline:E2G_Distance	0.8768577494692145	0.0569027280242491
baseline:E2G_Distance	0.8768577494692145	0.05673856298942163
baseline:E2G_Distance	0.8768577494692145	0.05657534246575342
baseline:E2G_Distance	0.8768577494692145	0.05640535372848948
baseline:E2G_Distance	0.8768577494692145	0.056236383442265794
baseline:E2G_Distance	0.8768577494692145	0.056076035302104546
baseline:E2G_Distance	0.8768577494692145	0.05590902937593069
baseline:E2G_Distance	0.8768577494692145	0.05573549257759784
baseline:E2G_Distance	0.8768577494692145	0.05557798412057596
baseline:E2G_Distance	0.8768577494692145	0.055413927277606335
baseline:E2G_Distance	0.8768577494692145	0.05525083612040134
baseline:E2G_Distance	0.8768577494692145	0.05509605122732124
baseline:E2G_Distance	0.8768577494692145	0.05489831184367938
baseline:E2G_Distance	0.8768577494692145	0.054745493107104984
baseline:E2G_Distance	0.8768577494692145	0.05458630716362675
baseline:E2G_Distance	0.8789808917197452	0.054567022538552785
baseline:E2G_Distance	0.8789808917197452	0.05439495467087111
baseline:E2G_Distance	0.8789808917197452	0.054245283018867926
baseline:E2G_Distance	0.8789808917197452	0.054089365037888686
baseline:E2G_Distance	0.8789808917197452	0.05394136807817589
baseline:E2G_Distance	0.881104033970276	0.05391711056255684
baseline:E2G_Distance	0.881104033970276	0.053763440860215055
baseline:E2G_Distance	0.881104033970276	0.053610644619558195
baseline:E2G_Distance	0.881104033970276	0.05346560164905952
baseline:E2G_Distance	0.881104033970276	0.053321341385070026
baseline:E2G_Distance	0.881104033970276	0.05317785750896976
baseline:E2G_Distance	0.881104033970276	0.05302159192538648
baseline:E2G_Distance	0.881104033970276	0.052879714576962285
baseline:E2G_Distance	0.881104033970276	0.05273859448468675
baseline:E2G_Distance	0.881104033970276	0.052598225602027884
baseline:E2G_Distance	0.881104033970276	0.05245860194665655
baseline:E2G_Distance	0.881104033970276	0.052313122400100845
baseline:E2G_Distance	0.881104033970276	0.05217500628614533
baseline:E2G_Distance	0.881104033970276	0.05203761755485893
baseline:E2G_Distance	0.881104033970276	0.05190095047523762
baseline:E2G_Distance	0.881104033970276	0.05176499937632531
baseline:E2G_Distance	0.881104033970276	0.05162975864642946
baseline:E2G_Distance	0.881104033970276	0.051495222732348925
baseline:E2G_Distance	0.881104033970276	0.05134232339477916
baseline:E2G_Distance	0.881104033970276	0.05120927936821323
baseline:E2G_Distance	0.881104033970276	0.051076923076923075
baseline:E2G_Distance	0.881104033970276	0.050945249202062365
baseline:E2G_Distance	0.881104033970276	0.05080803134182174
baseline:E2G_Distance	0.881104033970276	0.05066536442436821
baseline:E2G_Distance	0.881104033970276	0.050535801266439355
baseline:E2G_Distance	0.881104033970276	0.05040689906473946
baseline:E2G_Distance	0.881104033970276	0.05027865277441241
baseline:E2G_Distance	0.881104033970276	0.05014499758337361
baseline:E2G_Distance	0.881104033970276	0.05001807882367121
baseline:E2G_Distance	0.881104033970276	0.04988580358216132
baseline:E2G_Distance	0.881104033970276	0.049760191846522785
baseline:E2G_Distance	0.8832271762208068	0.049754814017462026
baseline:E2G_Distance	0.8832271762208068	0.049630159866380336
baseline:E2G_Distance	0.8832271762208068	0.049494348602022606
baseline:E2G_Distance	0.8853503184713376	0.04948380206479174
baseline:E2G_Distance	0.8853503184713376	0.049354953248905195
baseline:E2G_Distance	0.8853503184713376	0.049226773698500766
baseline:E2G_Distance	0.8853503184713376	0.049105040037682526
baseline:E2G_Distance	0.8853503184713376	0.04897815362931642
baseline:E2G_Distance	0.8874734607218684	0.04897480960749854
baseline:E2G_Distance	0.8874734607218684	0.048854604955586724
baseline:E2G_Distance	0.8874734607218684	0.04872930753089298
baseline:E2G_Distance	0.8874734607218684	0.04861030352366554
baseline:E2G_Distance	0.8874734607218684	0.04849187935034803
baseline:E2G_Distance	0.8874734607218684	0.04837403078347414
baseline:E2G_Distance	0.8874734607218684	0.048256753636573536
baseline:E2G_Distance	0.8874734607218684	0.04814004376367615
baseline:E2G_Distance	0.8874734607218684	0.04802389705882353
baseline:E2G_Distance	0.8874734607218684	0.04790830945558739
baseline:E2G_Distance	0.8874734607218684	0.047782350251486055
baseline:E2G_Distance	0.8874734607218684	0.047657051647474635
baseline:E2G_Distance	0.8874734607218684	0.04753781417036279
baseline:E2G_Distance	0.8874734607218684	0.04742455184933061
baseline:E2G_Distance	0.8874734607218684	0.047311827956989246
baseline:E2G_Distance	0.8874734607218684	0.047199638663053295
baseline:E2G_Distance	0.8895966029723992	0.047189998873747044
baseline:E2G_Distance	0.8980891719745223	0.047522750252780584
baseline:E2G_Distance	1.0	0.045480880648899186
ChromHMM:CrhmmBool-Acetylated_Regions	0.2059447983014862	0.053005464480874315
ChromHMM:CrhmmBool-Acetylated_Regions	1.0	0.045480880648899186
ChromHMM:CrhmmBool-Promoter_Bivalent	0.03821656050955414	0.02214022140221402
ChromHMM:CrhmmBool-Promoter_Bivalent	1.0	0.045480880648899186
ChromHMM:CrhmmBool-Other	0.05307855626326964	0.018656716417910446
ChromHMM:CrhmmBool-Other	1.0	0.045480880648899186
ChromHMM:CrhmmBool-Enh_Mesenchyme	0.16985138004246284	0.04151530877010898
ChromHMM:CrhmmBool-Enh_Mesenchyme	1.0	0.045480880648899186
ChromHMM:CrhmmBool-Enh_Strong	0.6390658174097664	0.06308949905680152
ChromHMM:CrhmmBool-Enh_Strong	1.0	0.045480880648899186
ChromHMM:CrhmmBool-Enh_ESC	0.09129511677282377	0.055627425614489
ChromHMM:CrhmmBool-Enh_ESC	1.0	0.045480880648899186
ChromHMM:CrhmmBool-Enh_Weak	0.14437367303609341	0.03908045977011494
ChromHMM:CrhmmBool-Enh_Weak	1.0	0.045480880648899186
ChromHMM:CrhmmBool-Heterochromatin_Regions	0.02335456475583864	0.03819444444444445
ChromHMM:CrhmmBool-Heterochromatin_Regions	1.0	0.045480880648899186
ChromHMM:CrhmmBool-Promoter_Active	0.267515923566879	0.04090909090909091
ChromHMM:CrhmmBool-Promoter_Active	1.0	0.045480880648899186
ChromHMM:CrhmmBool-Quiescent_Regions	0.07855626326963906	0.03952991452991453
ChromHMM:CrhmmBool-Quiescent_Regions	1.0	0.045480880648899186
ChromHMM:CrhmmBool-RepressivePolycomb_Regions	0.07855626326963906	0.03154305200341006
ChromHMM:CrhmmBool-RepressivePolycomb_Regions	1.0	0.045480880648899186
ChromHMM:CrhmmBool-TSS	0.05732484076433121	0.024657534246575342
ChromHMM:CrhmmBool-TSS	1.0	0.045480880648899186
ChromHMM:CrhmmBool-Transcribed_Region	0.025477707006369428	0.017118402282453638
ChromHMM:CrhmmBool-Transcribed_Region	1.0	0.045480880648899186
ChromHMM:CrhmmBool-Enh_Transcribed	0.04670912951167728	0.030261348005502064
ChromHMM:CrhmmBool-Enh_Transcribed	1.0	0.045480880648899186
ArchR:ArchR_Score	0.0	0.0
ArchR:ArchR_Score	0.006369426751592357	0.2
ArchR:ArchR_Score	0.008492569002123142	0.12121212121212122
ArchR:ArchR_Score	0.010615711252653927	0.10416666666666667
ArchR:ArchR_Score	0.01910828025477707	0.14516129032258066
ArchR:ArchR_Score	0.021231422505307854	0.13157894736842105
ArchR:ArchR_Score	0.02335456475583864	0.12222222222222222
ArchR:ArchR_Score	0.027600849256900213	0.12380952380952381
ArchR:ArchR_Score	0.03184713375796178	0.12605042016806722
ArchR:ArchR_Score	0.03397027600849257	0.11940298507462686
ArchR:ArchR_Score	0.036093418259023353	0.11486486486486487
ArchR:ArchR_Score	0.036093418259023353	0.10429447852760736
ArchR:ArchR_Score	0.04246284501061571	0.11299435028248588
ArchR:ArchR_Score	0.04246284501061571	0.10362694300518134
ArchR:ArchR_Score	0.04246284501061571	0.09569377990430622
ArchR:ArchR_Score	0.044585987261146494	0.09375
ArchR:ArchR_Score	0.044585987261146494	0.08823529411764706
ArchR:ArchR_Score	0.05307855626326964	0.0992063492063492
ArchR:ArchR_Score	0.05307855626326964	0.09398496240601503
ArchR:ArchR_Score	0.05307855626326964	0.08928571428571429
ArchR:ArchR_Score	0.055201698513800426	0.08783783783783784
ArchR:ArchR_Score	0.055201698513800426	0.08387096774193549
ArchR:ArchR_Score	0.055201698513800426	0.08
ArchR:ArchR_Score	0.059447983014861996	0.08259587020648967
ArchR:ArchR_Score	0.06581740976645435	0.08781869688385269
ArchR:ArchR_Score	0.06794055201698514	0.08695652173913043
ArchR:ArchR_Score	0.07218683651804671	0.08877284595300261
ArchR:ArchR_Score	0.07218683651804671	0.08521303258145363
ArchR:ArchR_Score	0.07218683651804671	0.08232445520581114
ArchR:ArchR_Score	0.07218683651804671	0.07962529274004684
ArchR:ArchR_Score	0.07430997876857749	0.07936507936507936
ArchR:ArchR_Score	0.07430997876857749	0.07675438596491228
ArchR:ArchR_Score	0.07430997876857749	0.07446808510638298
ArchR:ArchR_Score	0.07430997876857749	0.07231404958677685
ArchR:ArchR_Score	0.07643312101910828	0.07214428857715431
ArchR:ArchR_Score	0.08067940552016985	0.07407407407407407
ArchR:ArchR_Score	0.08067940552016985	0.07196969696969698
ArchR:ArchR_Score	0.08492569002123142	0.07380073800738007
ArchR:ArchR_Score	0.08492569002123142	0.0718132854578097
ArchR:ArchR_Score	0.08917197452229299	0.07355516637478109
ArchR:ArchR_Score	0.08917197452229299	0.07179487179487179
ArchR:ArchR_Score	0.09129511677282377	0.07178631051752922
ArchR:ArchR_Score	0.09341825902335456	0.07166123778501629
ArchR:ArchR_Score	0.09554140127388536	0.07154213036565978
ArchR:ArchR_Score	0.09554140127388536	0.06998444790046657
ArchR:ArchR_Score	0.09554140127388536	0.0684931506849315
ArchR:ArchR_Score	0.09766454352441614	0.06855439642324888
ArchR:ArchR_Score	0.09766454352441614	0.06705539358600583
ArchR:ArchR_Score	0.09978768577494693	0.06704707560627675
ArchR:ArchR_Score	0.1040339702760085	0.06843575418994413
ArchR:ArchR_Score	0.1040339702760085	0.06712328767123288
ArchR:ArchR_Score	0.1040339702760085	0.06568364611260054
ArchR:ArchR_Score	0.10615711252653928	0.06578947368421052
ArchR:ArchR_Score	0.10615711252653928	0.06459948320413436
ArchR:ArchR_Score	0.10615711252653928	0.06345177664974619
ArchR:ArchR_Score	0.10615711252653928	0.06234413965087282
ArchR:ArchR_Score	0.10615711252653928	0.061124694376528114
ArchR:ArchR_Score	0.10828025477707007	0.06129807692307692
ArchR:ArchR_Score	0.11252653927813164	0.06264775413711583
ArchR:ArchR_Score	0.11252653927813164	0.06155632984901278
ArchR:ArchR_Score	0.11677282377919321	0.06285714285714286
ArchR:ArchR_Score	0.11677282377919321	0.06186726659167604
ArchR:ArchR_Score	0.11889596602972399	0.06201550387596899
ArchR:ArchR_Score	0.11889596602972399	0.06100217864923747
ArchR:ArchR_Score	0.11889596602972399	0.059957173447537475
ArchR:ArchR_Score	0.12101910828025478	0.06006322444678609
ArchR:ArchR_Score	0.12314225053078556	0.060228452751817235
ArchR:ArchR_Score	0.12314225053078556	0.059244126659857
ArchR:ArchR_Score	0.12314225053078556	0.05840886203423968
ArchR:ArchR_Score	0.12314225053078556	0.05759682224428997
ArchR:ArchR_Score	0.12314225053078556	0.056695992179863146
ArchR:ArchR_Score	0.12738853503184713	0.05785920925747348
ArchR:ArchR_Score	0.12738853503184713	0.05698005698005698
ArchR:ArchR_Score	0.12951167728237792	0.05706267539756782
ArchR:ArchR_Score	0.12951167728237792	0.05622119815668203
ArchR:ArchR_Score	0.12951167728237792	0.055505004549590536
ArchR:ArchR_Score	0.12951167728237792	0.05480682839173405
ArchR:ArchR_Score	0.1316348195329087	0.055013309671694766
ArchR:ArchR_Score	0.1316348195329087	0.05433829973707274
ArchR:ArchR_Score	0.1316348195329087	0.05367965367965368
ArchR:ArchR_Score	0.1316348195329087	0.05303678357570573
ArchR:ArchR_Score	0.1337579617834395	0.05325443786982249
ArchR:ArchR_Score	0.1337579617834395	0.05263157894736842
ArchR:ArchR_Score	0.13588110403397027	0.05284888521882741
ArchR:ArchR_Score	0.13800424628450106	0.053061224489795916
ArchR:ArchR_Score	0.13800424628450106	0.05241935483870968
ArchR:ArchR_Score	0.14012738853503184	0.05263157894736842
ArchR:ArchR_Score	0.14225053078556263	0.05279747832939322
ArchR:ArchR_Score	0.14225053078556263	0.05218068535825545
ArchR:ArchR_Score	0.14861995753715498	0.05388760585065435
ArchR:ArchR_Score	0.15074309978768577	0.05403348554033485
ArchR:ArchR_Score	0.15074309978768577	0.05342362678705794
ArchR:ArchR_Score	0.15286624203821655	0.05361131794489948
ArchR:ArchR_Score	0.15498938428874734	0.05379513633014001
ArchR:ArchR_Score	0.15498938428874734	0.05324580598103574
ArchR:ArchR_Score	0.15711252653927812	0.05339105339105339
ArchR:ArchR_Score	0.1592356687898089	0.05357142857142857
ArchR:ArchR_Score	0.16348195329087048	0.054455445544554455
ArchR:ArchR_Score	0.16348195329087048	0.05392156862745098
ArchR:ArchR_Score	0.16560509554140126	0.05409153952843273
ArchR:ArchR_Score	0.16560509554140126	0.05357142857142857
ArchR:ArchR_Score	0.16772823779193205	0.05366847826086957
ArchR:ArchR_Score	0.16985138004246284	0.05383580080753701
ArchR:ArchR_Score	0.16985138004246284	0.05322687957418496
ArchR:ArchR_Score	0.1762208067940552	0.054677206851119896
ArchR:ArchR_Score	0.17834394904458598	0.05483028720626632
ArchR:ArchR_Score	0.17834394904458598	0.05426356589147287
ArchR:ArchR_Score	0.18046709129511676	0.05438259756877799
ArchR:ArchR_Score	0.18046709129511676	0.053899809765377296
ArchR:ArchR_Score	0.18046709129511676	0.05339195979899498
ArchR:ArchR_Score	0.18046709129511676	0.05289359054138146
ArchR:ArchR_Score	0.18046709129511676	0.05243676742751388
ArchR:ArchR_Score	0.18259023354564755	0.052599388379204894
ArchR:ArchR_Score	0.18259023354564755	0.05215281989084294
ArchR:ArchR_Score	0.18471337579617833	0.052315093205051115
ArchR:ArchR_Score	0.18471337579617833	0.0518783542039356
ArchR:ArchR_Score	0.18471337579617833	0.0514488468361916
ArchR:ArchR_Score	0.18895966029723993	0.05216881594372802
ArchR:ArchR_Score	0.18895966029723993	0.051714119697850086
ArchR:ArchR_Score	0.1910828025477707	0.05178365937859609
ArchR:ArchR_Score	0.19532908704883228	0.05251141552511415
ArchR:ArchR_Score	0.19745222929936307	0.05263157894736842
ArchR:ArchR_Score	0.19957537154989385	0.052779337450870295
ArchR:ArchR_Score	0.20382165605095542	0.053452115812917596
ArchR:ArchR_Score	0.2059447983014862	0.05359116022099448
ArchR:ArchR_Score	0.21019108280254778	0.054246575342465755
ArchR:ArchR_Score	0.21019108280254778	0.05380434782608696
ArchR:ArchR_Score	0.21231422505307856	0.05393743257820928
ArchR:ArchR_Score	0.21443736730360935	0.05406852248394004
ArchR:ArchR_Score	0.2208067940552017	0.05526036131774708
ArchR:ArchR_Score	0.2208067940552017	0.0547945205479452
ArchR:ArchR_Score	0.2208067940552017	0.054364871928907474
ArchR:ArchR_Score	0.2208067940552017	0.05394190871369295
ArchR:ArchR_Score	0.2208067940552017	0.05352547606793618
ArchR:ArchR_Score	0.2229299363057325	0.05365355135411344
ArchR:ArchR_Score	0.22717622080679406	0.05425963488843814
ArchR:ArchR_Score	0.22929936305732485	0.054380664652567974
ArchR:ArchR_Score	0.23354564755838642	0.055
ArchR:ArchR_Score	0.23354564755838642	0.05459057071960298
ArchR:ArchR_Score	0.23779193205944799	0.05519960571710202
ArchR:ArchR_Score	0.23991507430997877	0.05531081742535487
ArchR:ArchR_Score	0.24203821656050956	0.05542051531356344
ArchR:ArchR_Score	0.24628450106157113	0.05601158860453887
ArchR:ArchR_Score	0.24628450106157113	0.05558217537134643
ArchR:ArchR_Score	0.2484076433121019	0.055687767729652546
ArchR:ArchR_Score	0.2505307855626327	0.055791962174940896
ArchR:ArchR_Score	0.2505307855626327	0.05539906103286385
ArchR:ArchR_Score	0.25902335456475584	0.05690298507462686
ArchR:ArchR_Score	0.2632696390658174	0.057460611677479144
ArchR:ArchR_Score	0.2632696390658174	0.0570902394106814
ArchR:ArchR_Score	0.2632696390658174	0.056672760511883
ArchR:ArchR_Score	0.2632696390658174	0.05631244323342416
ArchR:ArchR_Score	0.2653927813163482	0.0563570784490532
ArchR:ArchR_Score	0.26963906581740976	0.056899641577060935
ArchR:ArchR_Score	0.26963906581740976	0.05654496883348174
ArchR:ArchR_Score	0.27388535031847133	0.057054400707651484
ArchR:ArchR_Score	0.27388535031847133	0.056678383128295255
ArchR:ArchR_Score	0.27388535031847133	0.056307289393278045
ArchR:ArchR_Score	0.27388535031847133	0.055941023417172595
ArchR:ArchR_Score	0.2760084925690021	0.05603448275862069
ArchR:ArchR_Score	0.2781316348195329	0.056102783725910065
ArchR:ArchR_Score	0.2823779193205945	0.056595744680851066
ArchR:ArchR_Score	0.2823779193205945	0.05626057529610829
ArchR:ArchR_Score	0.28450106157112526	0.056349873843566024
ArchR:ArchR_Score	0.28450106157112526	0.055996656916005014
ArchR:ArchR_Score	0.28450106157112526	0.055670959700872456
ArchR:ArchR_Score	0.28450106157112526	0.055349029326724496
ArchR:ArchR_Score	0.28450106157112526	0.05503080082135524
ArchR:ArchR_Score	0.28662420382165604	0.05512454062882809
ArchR:ArchR_Score	0.28662420382165604	0.05481120584652863
ArchR:ArchR_Score	0.2908704883227176	0.055286521388216305
ArchR:ArchR_Score	0.2929936305732484	0.05535499398315283
ArchR:ArchR_Score	0.2929936305732484	0.05504587155963303
ArchR:ArchR_Score	0.2951167728237792	0.05513685045616819
ArchR:ArchR_Score	0.2951167728237792	0.05481072555205047
ArchR:ArchR_Score	0.29936305732484075	0.05527244217953744
ArchR:ArchR_Score	0.3078556263269639	0.056508183943881525
ArchR:ArchR_Score	0.3099787685774947	0.05656722200697404
ArchR:ArchR_Score	0.3099787685774947	0.05626204238921002
ArchR:ArchR_Score	0.3099787685774947	0.055938697318007664
ArchR:ArchR_Score	0.3099787685774947	0.055640243902439025
ArchR:ArchR_Score	0.3099787685774947	0.05534495830174375
ArchR:ArchR_Score	0.31422505307855625	0.05580693815987934
ArchR:ArchR_Score	0.31422505307855625	0.0555138784696174
ArchR:ArchR_Score	0.31422505307855625	0.05520328235732935
ArchR:ArchR_Score	0.31634819532908703	0.05522609340252038
ArchR:ArchR_Score	0.3184713375796178	0.05530973451327434
ArchR:ArchR_Score	0.3227176220806794	0.05575935436537051
ArchR:ArchR_Score	0.3227176220806794	0.05547445255474453
ArchR:ArchR_Score	0.3248407643312102	0.05555555555555555
ArchR:ArchR_Score	0.3248407643312102	0.055274566473988436
ArchR:ArchR_Score	0.32696390658174096	0.055355859094176854
ArchR:ArchR_Score	0.32696390658174096	0.05507868383404864
ArchR:ArchR_Score	0.32908704883227174	0.055140519388118106
ArchR:ArchR_Score	0.32908704883227174	0.05486725663716814
ArchR:ArchR_Score	0.33121019108280253	0.054948925678055656
ArchR:ArchR_Score	0.3333333333333333	0.055029793200140203
ArchR:ArchR_Score	0.3354564755838641	0.05509065550906555
ArchR:ArchR_Score	0.3375796178343949	0.05517002081887578
ArchR:ArchR_Score	0.34394904458598724	0.05591991715567829
ArchR:ArchR_Score	0.346072186836518	0.0559945036070079
ArchR:ArchR_Score	0.3481953290870488	0.05603006491288008
ArchR:ArchR_Score	0.3524416135881104	0.0564050288820931
ArchR:ArchR_Score	0.3524416135881104	0.056137977680081164
ArchR:ArchR_Score	0.3524416135881104	0.0558734432850892
ArchR:ArchR_Score	0.3524416135881104	0.05561139028475712
ArchR:ArchR_Score	0.3524416135881104	0.05533333333333333
ArchR:ArchR_Score	0.3524416135881104	0.055058043117744614
ArchR:ArchR_Score	0.3524416135881104	0.05478547854785479
ArchR:ArchR_Score	0.35456475583864117	0.054862023653088045
ArchR:ArchR_Score	0.35456475583864117	0.05461085676913015
ArchR:ArchR_Score	0.35456475583864117	0.054344288968434754
ArchR:ArchR_Score	0.35456475583864117	0.05409782960803369
ArchR:ArchR_Score	0.35456475583864117	0.05385359561431796
ArchR:ArchR_Score	0.35456475583864117	0.053611556982343496
ArchR:ArchR_Score	0.35456475583864117	0.05337168424416747
ArchR:ArchR_Score	0.6985138004246284	0.04526069610675471
ArchR:ArchR_Score	0.7006369426751592	0.045310998215021284
ArchR:ArchR_Score	0.7006369426751592	0.04521786790901617
ArchR:ArchR_Score	0.70276008492569	0.045261862436756464
ArchR:ArchR_Score	0.70276008492569	0.04517537873618125
ArchR:ArchR_Score	0.70276008492569	0.045083083628439116
ArchR:ArchR_Score	0.7048832271762208	0.04512708984640478
ArchR:ArchR_Score	0.7070063694267515	0.0451647904516479
ArchR:ArchR_Score	0.7070063694267515	0.04507919317720319
ArchR:ArchR_Score	0.7070063694267515	0.044981764149669055
ArchR:ArchR_Score	0.7070063694267515	0.04489080614720949
ArchR:ArchR_Score	0.7091295116772823	0.04494079655543595
ArchR:ArchR_Score	0.7154989384288747	0.04525919957023906
ArchR:ArchR_Score	0.7154989384288747	0.04517426273458445
ArchR:ArchR_Score	0.7176220806794055	0.04521739130434783
ArchR:ArchR_Score	0.721868365180467	0.045399919882494325
ArchR:ArchR_Score	0.721868365180467	0.04530313124583611
ArchR:ArchR_Score	0.721868365180467	0.04521877909296449
ArchR:ArchR_Score	0.721868365180467	0.04513474047524227
ArchR:ArchR_Score	0.721868365180467	0.04505101364780707
ArchR:ArchR_Score	0.7282377919320594	0.045358370801375295
ArchR:ArchR_Score	0.732484076433121	0.04553854276663147
ArchR:ArchR_Score	0.732484076433121	0.045448557502305365
ArchR:ArchR_Score	0.7346072186836518	0.045496383957922416
ArchR:ArchR_Score	0.7367303609341825	0.045544034650216565
ArchR:ArchR_Score	0.7367303609341825	0.045454545454545456
ArchR:ArchR_Score	0.7388535031847133	0.04549614328670414
ArchR:ArchR_Score	0.7388535031847133	0.04541302361999217
ArchR:ArchR_Score	0.7409766454352441	0.04546046632799271
ArchR:ArchR_Score	0.7430997876857749	0.04550773631517358
ArchR:ArchR_Score	0.7430997876857749	0.045425048669695
ArchR:ArchR_Score	0.7430997876857749	0.04533678756476684
ArchR:ArchR_Score	0.7430997876857749	0.045254719420739595
ArchR:ArchR_Score	0.7452229299363057	0.04530201342281879
ArchR:ArchR_Score	0.7473460721868365	0.04534913682040711
ArchR:ArchR_Score	0.7473460721868365	0.04526166902404526
ArchR:ArchR_Score	0.7515923566878981	0.045431211498973306
ArchR:ArchR_Score	0.7537154989384289	0.04547783756085063
ArchR:ArchR_Score	0.7537154989384289	0.04539641943734015
ArchR:ArchR_Score	0.7558386411889597	0.04544294102629563
ArchR:ArchR_Score	0.7558386411889597	0.045361875637105
ArchR:ArchR_Score	0.7600849256900213	0.04552969604476663
ArchR:ArchR_Score	0.7643312101910829	0.0456968773800457
ArchR:ArchR_Score	0.7643312101910829	0.0456158134820071
ArchR:ArchR_Score	0.7685774946921444	0.04577064104185106
ArchR:ArchR_Score	0.772823779193206	0.045942193613530226
ArchR:ArchR_Score	0.7749469214437368	0.0459871487967746
ArchR:ArchR_Score	0.7791932059447984	0.046151911468812874
ArchR:ArchR_Score	0.7791932059447984	0.04606501820007531
ArchR:ArchR_Score	0.7791932059447984	0.0459784515159108
ArchR:ArchR_Score	0.7791932059447984	0.04589794897448724
ArchR:ArchR_Score	0.7813163481953291	0.045942571785268414
ArchR:ArchR_Score	0.7834394904458599	0.04598703888334995
ArchR:ArchR_Score	0.7876857749469215	0.04613853998258923
ArchR:ArchR_Score	0.7876857749469215	0.046052631578947366
ArchR:ArchR_Score	0.7876857749469215	0.0459727385377943
ArchR:ArchR_Score	0.7876857749469215	0.04588744588744589
ArchR:ArchR_Score	0.7876857749469215	0.045808124459809856
ArchR:ArchR_Score	0.7898089171974523	0.04585233575742635
ArchR:ArchR_Score	0.7940552016985138	0.046019441368278576
ArchR:ArchR_Score	0.7983014861995754	0.04618029968066814
ArchR:ArchR_Score	0.8004246284501062	0.04621797229373544
ArchR:ArchR_Score	0.802547770700637	0.04626116754375229
ArchR:ArchR_Score	0.8067940552016986	0.046426389737324374
ArchR:ArchR_Score	0.8089171974522293	0.0464690815953165
ArchR:ArchR_Score	0.8089171974522293	0.04638986971873858
ArchR:ArchR_Score	0.8110403397027601	0.046432478424699164
ArchR:ArchR_Score	0.8152866242038217	0.04659063334142199
ArchR:ArchR_Score	0.8152866242038217	0.046511627906976744
ArchR:ArchR_Score	0.8152866242038217	0.04642727602466449
ArchR:ArchR_Score	0.8152866242038217	0.04634322954380883
ArchR:ArchR_Score	0.8152866242038217	0.046259486808818216
ArchR:ArchR_Score	0.8152866242038217	0.04618159951894167
ArchR:ArchR_Score	0.8152866242038217	0.046092906013683835
ArchR:ArchR_Score	0.8152866242038217	0.04601557819053325
ArchR:ArchR_Score	0.8152866242038217	0.04593850939107549
ArchR:ArchR_Score	0.8152866242038217	0.04586169831601576
ArchR:ArchR_Score	0.8152866242038217	0.045774228155918466
ArchR:ArchR_Score	0.8152866242038217	0.04569252736792004
ArchR:ArchR_Score	0.8174097664543525	0.045724465558194774
ArchR:ArchR_Score	0.8174097664543525	0.045648565330803886
ArchR:ArchR_Score	0.8195329087048833	0.04568047337278106
ArchR:ArchR_Score	0.8195329087048833	0.04560491493383743
ArchR:ArchR_Score	0.821656050955414	0.04563141139016626
ArchR:ArchR_Score	0.821656050955414	0.0455562095350206
ArchR:ArchR_Score	0.821656050955414	0.045470567500881215
ArchR:ArchR_Score	0.821656050955414	0.04539589442815249
ArchR:ArchR_Score	0.821656050955414	0.04531615925058548
ArchR:ArchR_Score	0.821656050955414	0.04524199205050269
ArchR:ArchR_Score	0.821656050955414	0.045162796125568914
ArchR:ArchR_Score	0.821656050955414	0.04508912967493883
ArchR:ArchR_Score	0.8237791932059448	0.045121525758809164
ArchR:ArchR_Score	0.8280254777070064	0.04528039010797631
ArchR:ArchR_Score	0.8301486199575372	0.04531757070004636
ArchR:ArchR_Score	0.832271762208068	0.04534937528921795
ArchR:ArchR_Score	0.8343949044585988	0.04538630326827578
ArchR:ArchR_Score	0.8343949044585988	0.04530259365994236
ArchR:ArchR_Score	0.8365180467091295	0.045339470655926355
ArchR:ArchR_Score	0.8365180467091295	0.04526654411764706
ArchR:ArchR_Score	0.8407643312101911	0.04542326221610461
ArchR:ArchR_Score	0.8407643312101911	0.04535043518094366
ArchR:ArchR_Score	0.8407643312101911	0.04527784129887949
ArchR:ArchR_Score	0.8428874734607219	0.045319634703196346
ArchR:ArchR_Score	0.8428874734607219	0.04524216524216524
ArchR:ArchR_Score	0.8450106157112527	0.04528387757424053
ArchR:ArchR_Score	0.8450106157112527	0.04521185959332046
ArchR:ArchR_Score	0.8450106157112527	0.04513495123610796
ArchR:ArchR_Score	0.8471337579617835	0.04517663043478261
ArchR:ArchR_Score	0.8492569002123143	0.04521817770743839
ArchR:ArchR_Score	0.8492569002123143	0.045146726862302484
ArchR:ArchR_Score	0.8492569002123143	0.04506534474988734
ArchR:ArchR_Score	0.851380042462845	0.045106861642294716
ArchR:ArchR_Score	0.851380042462845	0.04503593890386343
ArchR:ArchR_Score	0.8535031847133758	0.04507231752438614
ArchR:ArchR_Score	0.8577494692144374	0.04522050593239311
ArchR:ArchR_Score	0.8577494692144374	0.04514975413500223
ArchR:ArchR_Score	0.861995753715499	0.04529733348209305
ArchR:ArchR_Score	0.861995753715499	0.045211581291759464
ArchR:ArchR_Score	0.8641188959660298	0.04525239048254392
ArchR:ArchR_Score	0.8662420382165605	0.0452930728241563
ArchR:ArchR_Score	0.8662420382165605	0.04520775623268698
ArchR:ArchR_Score	0.8704883227176221	0.04535899988936829
ArchR:ArchR_Score	0.8704883227176221	0.04528885452336242
ArchR:ArchR_Score	0.8726114649681529	0.04532921583765303
ArchR:ArchR_Score	0.8768577494692145	0.045474565073772295
ArchR:ArchR_Score	0.8768577494692145	0.04539459221806991
ArchR:ArchR_Score	0.8768577494692145	0.04532484635645303
ArchR:ArchR_Score	0.8768577494692145	0.045235487404162104
ArchR:ArchR_Score	0.8768577494692145	0.045151415764731605
ArchR:ArchR_Score	0.8789808917197452	0.04519157297238293
ArchR:ArchR_Score	0.8789808917197452	0.045112781954887216
ArchR:ArchR_Score	0.8789808917197452	0.04504406484604504
ArchR:ArchR_Score	0.881104033970276	0.045079296111231806
ArchR:ArchR_Score	0.881104033970276	0.04500108436347864
ArchR:ArchR_Score	0.881104033970276	0.04492314353756224
ArchR:ArchR_Score	0.8832271762208068	0.04495839187290608
ArchR:ArchR_Score	0.8832271762208068	0.044885627967198964
ArchR:ArchR_Score	0.8874734607218684	0.045028546805989444
ArchR:ArchR_Score	0.8874734607218684	0.04495590449559045
ArchR:ArchR_Score	0.8874734607218684	0.04488831615120275
ArchR:ArchR_Score	0.8874734607218684	0.044816125227833174
ArchR:ArchR_Score	0.8895966029723992	0.04485601113371159
ArchR:ArchR_Score	0.8938428874734607	0.0450026723677178
ArchR:ArchR_Score	0.8959660297239915	0.04503735325506937
ArchR:ArchR_Score	0.8959660297239915	0.044960579586618366
ArchR:ArchR_Score	0.8980891719745223	0.04499521327518349
ArchR:ArchR_Score	0.9002123142250531	0.04503451938396176
ArchR:ArchR_Score	0.9002123142250531	0.04495811684869049
ArchR:ArchR_Score	0.9002123142250531	0.04488672453948762
ArchR:ArchR_Score	0.9002123142250531	0.04481555860902653
ArchR:ArchR_Score	0.9044585987261147	0.04496042216358839
ArchR:ArchR_Score	0.9044585987261147	0.04488935721812434
ArchR:ArchR_Score	0.9065817409766455	0.04492372435560232
ArchR:ArchR_Score	0.9065817409766455	0.04485294117647059
ArchR:ArchR_Score	0.9065817409766455	0.044787077826725405
ArchR:ArchR_Score	0.9087048832271762	0.04482614160033515
ArchR:ArchR_Score	0.9087048832271762	0.04476051035348254
ArchR:ArchR_Score	0.9087048832271762	0.04469507101086048
ArchR:ArchR_Score	0.910828025477707	0.044729433844228964
ArchR:ArchR_Score	0.9129511677282378	0.04476368936081616
ArchR:ArchR_Score	0.9129511677282378	0.0446985446985447
ArchR:ArchR_Score	0.9129511677282378	0.04462895692786715
ArchR:ArchR_Score	0.9171974522292994	0.04477147890973158
ArchR:ArchR_Score	0.9193205944798302	0.04480082772891878
ArchR:ArchR_Score	0.921443736730361	0.04483007953723789
ArchR:ArchR_Score	0.9235668789808917	0.04486848891181021
ArchR:ArchR_Score	0.9235668789808917	0.04479917610710608
ArchR:ArchR_Score	0.9278131634819533	0.044940353763883174
ArchR:ArchR_Score	0.9278131634819533	0.04487574450605874
ArchR:ArchR_Score	0.9299363057324841	0.04491386382280558
ArchR:ArchR_Score	0.9299363057324841	0.04484947778005324
ArchR:ArchR_Score	0.9320594479830149	0.04488293630508128
ArchR:ArchR_Score	0.9341825902335457	0.04492087799897907
ArchR:ArchR_Score	0.9341825902335457	0.0448567641961464
ArchR:ArchR_Score	0.9384288747346072	0.04499185667752443
ArchR:ArchR_Score	0.9384288747346072	0.04492783085993088
ArchR:ArchR_Score	0.940552016985138	0.04495636289831541
ArchR:ArchR_Score	0.940552016985138	0.044888033235383526
ArchR:ArchR_Score	0.9426751592356688	0.04492562986947283
ArchR:ArchR_Score	0.9447983014861996	0.0449585774904021
ArchR:ArchR_Score	0.9447983014861996	0.04489507667473769
ArchR:ArchR_Score	0.9469214437367304	0.04492797421174574
ArchR:ArchR_Score	0.9469214437367304	0.04486018909676121
ArchR:ArchR_Score	0.9490445859872612	0.04489754921655283
ArchR:ArchR_Score	0.9511677282377919	0.04493480441323972
ArchR:ArchR_Score	0.9511677282377919	0.04487179487179487
ArchR:ArchR_Score	0.9511677282377919	0.04480896179235847
ArchR:ArchR_Score	0.9511677282377919	0.044746304434678384
ArchR:ArchR_Score	0.9532908704883227	0.0447835627368841
ArchR:ArchR_Score	0.9532908704883227	0.044721115537848605
ArchR:ArchR_Score	0.9596602972399151	0.04495723095285459
ArchR:ArchR_Score	0.9596602972399151	0.04489471593166468
ArchR:ArchR_Score	0.9617834394904459	0.044931561198174964
ArchR:ArchR_Score	0.9617834394904459	0.04486925515055468
ArchR:ArchR_Score	0.9617834394904459	0.04480269013945208
ArchR:ArchR_Score	0.9681528662420382	0.045037037037037035
ArchR:ArchR_Score	0.9681528662420382	0.04497484959068942
ArchR:ArchR_Score	0.9681528662420382	0.04489514620458797
ArchR:ArchR_Score	0.970276008492569	0.04492725127801809
ArchR:ArchR_Score	0.970276008492569	0.044861097477176794
ArchR:ArchR_Score	0.9723991507430998	0.04489315820427367
ArchR:ArchR_Score	0.9723991507430998	0.04483163664839467
ArchR:ArchR_Score	0.9766454352441614	0.044965786901270774
ArchR:ArchR_Score	0.9808917197452229	0.04509516837481698
ArchR:ArchR_Score	0.9830148619957537	0.045126705653021446
ArchR:ArchR_Score	0.9851380042462845	0.045162546233210046
ArchR:ArchR_Score	0.9893842887473461	0.04528668610301263
ArchR:ArchR_Score	0.9915074309978769	0.045322204968944096
ArchR:ArchR_Score	0.9915074309978769	0.04525632328714023
ArchR:ArchR_Score	0.9936305732484076	0.045287400812850785
ArchR:ArchR_Score	0.9978768577494692	0.04541062801932367
ArchR:ArchR_FDR	0.0	0.0
ArchR:ArchR_FDR	0.008492569002123142	0.26666666666666666
ArchR:ArchR_FDR	0.010615711252653927	0.16666666666666666
ArchR:ArchR_FDR	0.010615711252653927	0.10204081632653061
ArchR:ArchR_FDR	0.014861995753715499	0.1111111111111111
ArchR:ArchR_FDR	0.016985138004246284	0.10126582278481013
ArchR:ArchR_FDR	0.02335456475583864	0.11702127659574468
ArchR:ArchR_FDR	0.025477707006369428	0.1111111111111111
ArchR:ArchR_FDR	0.027600849256900213	0.10655737704918032
ArchR:ArchR_FDR	0.03184713375796178	0.11029411764705882
ArchR:ArchR_FDR	0.03184713375796178	0.1
ArchR:ArchR_FDR	0.03397027600849257	0.09696969696969697
ArchR:ArchR_FDR	0.03821656050955414	0.1
ArchR:ArchR_FDR	0.04246284501061571	0.10256410256410256
ArchR:ArchR_FDR	0.044585987261146494	0.10047846889952153
ArchR:ArchR_FDR	0.04883227176220807	0.1031390134529148
ArchR:ArchR_FDR	0.050955414012738856	0.10084033613445378
ArchR:ArchR_FDR	0.055201698513800426	0.10317460317460317
ArchR:ArchR_FDR	0.059447983014861996	0.1044776119402985
ArchR:ArchR_FDR	0.06157112526539278	0.10283687943262411
ArchR:ArchR_FDR	0.06581740976645435	0.10437710437710437
ArchR:ArchR_FDR	0.06794055201698514	0.10289389067524116
ArchR:ArchR_FDR	0.07430997876857749	0.1076923076923077
ArchR:ArchR_FDR	0.07430997876857749	0.10294117647058823
ArchR:ArchR_FDR	0.07430997876857749	0.09859154929577464
ArchR:ArchR_FDR	0.07430997876857749	0.0948509485094851
ArchR:ArchR_FDR	0.07643312101910828	0.09326424870466321
ArchR:ArchR_FDR	0.07643312101910828	0.08977556109725686
ArchR:ArchR_FDR	0.07643312101910828	0.08653846153846154
ArchR:ArchR_FDR	0.07855626326963906	0.08584686774941995
ArchR:ArchR_FDR	0.07855626326963906	0.08314606741573034
ArchR:ArchR_FDR	0.08280254777070063	0.08459869848156182
ArchR:ArchR_FDR	0.0870488322717622	0.0859538784067086
ArchR:ArchR_FDR	0.08917197452229299	0.0855397148676171
ArchR:ArchR_FDR	0.08917197452229299	0.08316831683168317
ArchR:ArchR_FDR	0.09129511677282377	0.08285163776493257
ArchR:ArchR_FDR	0.09341825902335456	0.0825515947467167
ArchR:ArchR_FDR	0.09554140127388536	0.08211678832116788
ArchR:ArchR_FDR	0.09766454352441614	0.08170515097690942
ArchR:ArchR_FDR	0.09978768577494693	0.08131487889273356
ArchR:ArchR_FDR	0.09978768577494693	0.07939189189189189
ArchR:ArchR_FDR	0.09978768577494693	0.07755775577557755
ArchR:ArchR_FDR	0.09978768577494693	0.07568438003220612
ArchR:ArchR_FDR	0.10191082802547771	0.07559055118110236
ArchR:ArchR_FDR	0.1040339702760085	0.07550077041602465
ArchR:ArchR_FDR	0.10615711252653928	0.07541478129713423
ArchR:ArchR_FDR	0.11464968152866242	0.07976366322008863
ArchR:ArchR_FDR	0.11889596602972399	0.08104196816208394
ArchR:ArchR_FDR	0.11889596602972399	0.07932011331444759
ArchR:ArchR_FDR	0.12101910828025478	0.07905686546463246
ArchR:ArchR_FDR	0.12526539278131635	0.08027210884353742
ArchR:ArchR_FDR	0.12526539278131635	0.07866666666666666
ArchR:ArchR_FDR	0.12738853503184713	0.0784313725490196
ArchR:ArchR_FDR	0.12738853503184713	0.07702182284980745
ArchR:ArchR_FDR	0.12738853503184713	0.07566204287515763
ArchR:ArchR_FDR	0.12738853503184713	0.07434944237918216
ArchR:ArchR_FDR	0.12738853503184713	0.0730816077953715
ArchR:ArchR_FDR	0.12738853503184713	0.0718562874251497
ArchR:ArchR_FDR	0.12951167728237792	0.071849234393404
ArchR:ArchR_FDR	0.12951167728237792	0.07068366164542295
ArchR:ArchR_FDR	0.1316348195329087	0.07061503416856492
ArchR:ArchR_FDR	0.1316348195329087	0.06950672645739911
ArchR:ArchR_FDR	0.1316348195329087	0.0684326710816777
ArchR:ArchR_FDR	0.1337579617834395	0.06847826086956521
ArchR:ArchR_FDR	0.1337579617834395	0.06737967914438503
ArchR:ArchR_FDR	0.13588110403397027	0.06729758149316509
ArchR:ArchR_FDR	0.13588110403397027	0.06632124352331606
ArchR:ArchR_FDR	0.13800424628450106	0.06639427987742594
ArchR:ArchR_FDR	0.14225053078556263	0.06747230614300101
ArchR:ArchR_FDR	0.14225053078556263	0.06646825396825397
ArchR:ArchR_FDR	0.1464968152866242	0.0675146771037182
ArchR:ArchR_FDR	0.14861995753715498	0.06750241080038573
ArchR:ArchR_FDR	0.15074309978768577	0.0675547098001903
ArchR:ArchR_FDR	0.15286624203821655	0.0675422138836773
ArchR:ArchR_FDR	0.15286624203821655	0.0666049953746531
ArchR:ArchR_FDR	0.15286624203821655	0.06569343065693431
ArchR:ArchR_FDR	0.15498938428874734	0.06570657065706571
ArchR:ArchR_FDR	0.1592356687898089	0.06666666666666667
ArchR:ArchR_FDR	0.1592356687898089	0.06584723441615452
ArchR:ArchR_FDR	0.16348195329087048	0.06672443674176777
ArchR:ArchR_FDR	0.16348195329087048	0.0658682634730539
ArchR:ArchR_FDR	0.16560509554140126	0.06593406593406594
ArchR:ArchR_FDR	0.16772823779193205	0.06599832915622389
ArchR:ArchR_FDR	0.16772823779193205	0.0651277823577906
ArchR:ArchR_FDR	0.17197452229299362	0.06601466992665037
ArchR:ArchR_FDR	0.17197452229299362	0.0652699435938759
ArchR:ArchR_FDR	0.1740976645435244	0.0653386454183267
ArchR:ArchR_FDR	0.1740976645435244	0.06456692913385827
ArchR:ArchR_FDR	0.1762208067940552	0.0646417445482866
ArchR:ArchR_FDR	0.1762208067940552	0.06394453004622497
ArchR:ArchR_FDR	0.1762208067940552	0.06326219512195122
ArchR:ArchR_FDR	0.17834394904458598	0.06334841628959276
ArchR:ArchR_FDR	0.17834394904458598	0.06263982102908278
ArchR:ArchR_FDR	0.17834394904458598	0.06199261992619926
ArchR:ArchR_FDR	0.18046709129511676	0.0620891161431702
ArchR:ArchR_FDR	0.18259023354564755	0.06213872832369942
ArchR:ArchR_FDR	0.18259023354564755	0.06151645207439199
ArchR:ArchR_FDR	0.18683651804670912	0.06227883934890304
ArchR:ArchR_FDR	0.18895966029723993	0.062237762237762236
ArchR:ArchR_FDR	0.1932059447983015	0.06293222683264177
ArchR:ArchR_FDR	0.19532908704883228	0.06301369863013699
ArchR:ArchR_FDR	0.19532908704883228	0.06241519674355495
ArchR:ArchR_FDR	0.19532908704883228	0.06178643384822028
ArchR:ArchR_FDR	0.19532908704883228	0.061129568106312294
ArchR:ArchR_FDR	0.19745222929936307	0.061224489795918366
ArchR:ArchR_FDR	0.19745222929936307	0.060665362035225046
ArchR:ArchR_FDR	0.19957537154989385	0.060762766645119586
ArchR:ArchR_FDR	0.19957537154989385	0.060140754958413305
ArchR:ArchR_FDR	0.19957537154989385	0.05960684844641725
ArchR:ArchR_FDR	0.20169851380042464	0.059710873664362035
ArchR:ArchR_FDR	0.20169851380042464	0.059190031152647975
ArchR:ArchR_FDR	0.20169851380042464	0.05867819641754169
ArchR:ArchR_FDR	0.20169851380042464	0.058175137783221066
ArchR:ArchR_FDR	0.20169851380042464	0.05768063145112325
ArchR:ArchR_FDR	0.20382165605095542	0.05772699939867709
ArchR:ArchR_FDR	0.20382165605095542	0.057210965435041714
ArchR:ArchR_FDR	0.20382165605095542	0.05673758865248227
ArchR:ArchR_FDR	0.208067940552017	0.05741066198008202
ArchR:ArchR_FDR	0.21019108280254778	0.05752469494479954
ArchR:ArchR_FDR	0.21231422505307856	0.05763688760806916
ArchR:ArchR_FDR	0.21231422505307856	0.05711022272986865
ArchR:ArchR_FDR	0.21231422505307856	0.056657223796033995
ArchR:ArchR_FDR	0.21656050955414013	0.05733558178752108
ArchR:ArchR_FDR	0.21656050955414013	0.056856187290969896
ArchR:ArchR_FDR	0.2208067940552017	0.05752212389380531
ArchR:ArchR_FDR	0.2229299363057325	0.057628979143798026
ArchR:ArchR_FDR	0.2229299363057325	0.05715841045182363
ArchR:ArchR_FDR	0.2229299363057325	0.05672609400324149
ArchR:ArchR_FDR	0.2229299363057325	0.05627009646302251
ArchR:ArchR_FDR	0.2229299363057325	0.05579171094580234
ArchR:ArchR_FDR	0.2229299363057325	0.05532139093782929
ArchR:ArchR_FDR	0.22505307855626328	0.05541035023523262
ArchR:ArchR_FDR	0.22717622080679406	0.05549792531120332
ArchR:ArchR_FDR	0.22717622080679406	0.05509783728115345
ArchR:ArchR_FDR	0.22929936305732485	0.05518650996423097
ArchR:ArchR_FDR	0.22929936305732485	0.05473897617840851
ArchR:ArchR_FDR	0.22929936305732485	0.05432595573440644
ArchR:ArchR_FDR	0.22929936305732485	0.05391912131802296
ArchR:ArchR_FDR	0.22929936305732485	0.053544868616757564
ArchR:ArchR_FDR	0.23142250530785563	0.05364173228346457
ArchR:ArchR_FDR	0.23142250530785563	0.05327468230694037
ArchR:ArchR_FDR	0.2356687898089172	0.053831231813773035
ArchR:ArchR_FDR	0.23779193205944799	0.05394990366088632
ArchR:ArchR_FDR	0.24203821656050956	0.05454545454545454
ArchR:ArchR_FDR	0.24203821656050956	0.05418250950570342
ArchR:ArchR_FDR	0.24203821656050956	0.05374823196605375
ArchR:ArchR_FDR	0.24203821656050956	0.05334581188582124
ArchR:ArchR_FDR	0.24416135881104034	0.05346350534635053
ArchR:ArchR_FDR	0.24416135881104034	0.0530932594644506
ArchR:ArchR_FDR	0.24416135881104034	0.05272810637322329
ArchR:ArchR_FDR	0.24416135881104034	0.05239179954441914
ArchR:ArchR_FDR	0.24416135881104034	0.05203619909502263
ArchR:ArchR_FDR	0.24628450106157113	0.052158273381294966
ArchR:ArchR_FDR	0.2484076433121019	0.05225547119249665
ArchR:ArchR_FDR	0.2505307855626327	0.052374611628939194
ArchR:ArchR_FDR	0.2505307855626327	0.05202821869488536
ArchR:ArchR_FDR	0.2505307855626327	0.051709027169149865
ArchR:ArchR_FDR	0.2505307855626327	0.051371353939921635
ArchR:ArchR_FDR	0.2526539278131635	0.05149286023366508
ArchR:ArchR_FDR	0.2526539278131635	0.05111683848797251
ArchR:ArchR_FDR	0.25477707006369427	0.05123825789923143
ArchR:ArchR_FDR	0.25477707006369427	0.050912176495545185
ArchR:ArchR_FDR	0.25477707006369427	0.050590219224283306
ArchR:ArchR_FDR	0.25902335456475584	0.05113160100586756
ArchR:ArchR_FDR	0.25902335456475584	0.05081216159933361
ArchR:ArchR_FDR	0.25902335456475584	0.0505175983436853
ArchR:ArchR_FDR	0.2611464968152866	0.05063812268423219
ArchR:ArchR_FDR	0.2611464968152866	0.050347932869422844
ArchR:ArchR_FDR	0.2611464968152866	0.050020333468889795
ArchR:ArchR_FDR	0.2632696390658174	0.050121261115602264
ArchR:ArchR_FDR	0.2653927813163482	0.050241157556270094
ArchR:ArchR_FDR	0.2653927813163482	0.04994007191370355
ArchR:ArchR_FDR	0.267515923566879	0.05003971405877681
ArchR:ArchR_FDR	0.267515923566879	0.04970414201183432
ArchR:ArchR_FDR	0.267515923566879	0.04939239513916111
ArchR:ArchR_FDR	0.267515923566879	0.049103663289166016
ArchR:ArchR_FDR	0.27176220806794055	0.04959318093762108
ArchR:ArchR_FDR	0.27388535031847133	0.04971098265895954
ArchR:ArchR_FDR	0.27388535031847133	0.04940635771734968
ArchR:ArchR_FDR	0.2802547770700637	0.05024743052912067
ArchR:ArchR_FDR	0.2802547770700637	0.049981067777357065
ArchR:ArchR_FDR	0.2802547770700637	0.04969879518072289
ArchR:ArchR_FDR	0.2823779193205945	0.049812734082397
ArchR:ArchR_FDR	0.28450106157112526	0.04992548435171386
ArchR:ArchR_FDR	0.28450106157112526	0.04966641957005189
ArchR:ArchR_FDR	0.28662420382165604	0.049778761061946904
ArchR:ArchR_FDR	0.2908704883227176	0.050256786500366836
ArchR:ArchR_FDR	0.2908704883227176	0.05
ArchR:ArchR_FDR	0.2951167728237792	0.05045372050816697
ArchR:ArchR_FDR	0.29723991507430997	0.05052327679538073
ArchR:ArchR_FDR	0.29723991507430997	0.05025125628140704
ArchR:ArchR_FDR	0.29936305732484075	0.05035714285714286
ArchR:ArchR_FDR	0.3036093418259023	0.05081734186211798
ArchR:ArchR_FDR	0.3036093418259023	0.05056577086280056
ArchR:ArchR_FDR	0.3057324840764331	0.05063291139240506
ArchR:ArchR_FDR	0.3057324840764331	0.05036726128016789
ArchR:ArchR_FDR	0.3099787685774947	0.05081796032022276
ArchR:ArchR_FDR	0.31210191082802546	0.05090027700831025
ArchR:ArchR_FDR	0.31210191082802546	0.05065472088215024
ArchR:ArchR_FDR	0.31210191082802546	0.05039424065821049
ArchR:ArchR_FDR	0.31634819532908703	0.05081855388813097
ArchR:ArchR_FDR	0.3205944798301486	0.051238547675602306
ArchR:ArchR_FDR	0.3205944798301486	0.050996285038838234
ArchR:ArchR_FDR	0.3227176220806794	0.05104096709200806
ArchR:ArchR_FDR	0.3227176220806794	0.05078516538590044
ArchR:ArchR_FDR	0.3248407643312102	0.050881277020286
ArchR:ArchR_FDR	0.32908704883227174	0.05129053606882859
ArchR:ArchR_FDR	0.33121019108280253	0.05138339920948617
ArchR:ArchR_FDR	0.3333333333333333	0.05147540983606557
ArchR:ArchR_FDR	0.3333333333333333	0.051190088033909356
ArchR:ArchR_FDR	0.3333333333333333	0.050940947436729396
ArchR:ArchR_FDR	0.3354564755838641	0.05103359173126615
ArchR:ArchR_FDR	0.3354564755838641	0.0507875281260045
ArchR:ArchR_FDR	0.3354564755838641	0.05056
ArchR:ArchR_FDR	0.3354564755838641	0.05033450143357757
ArchR:ArchR_FDR	0.3375796178343949	0.050412175015852885
ArchR:ArchR_FDR	0.33970276008492567	0.050505050505050504
ArchR:ArchR_FDR	0.33970276008492567	0.05026704366949419
ArchR:ArchR_FDR	0.33970276008492567	0.050031269543464665
ArchR:ArchR_FDR	0.33970276008492567	0.049813200498132
ArchR:ArchR_FDR	0.34182590233545646	0.04990700557966522
ArchR:ArchR_FDR	0.34182590233545646	0.04969135802469136
ArchR:ArchR_FDR	0.34394904458598724	0.04978488014751076
ArchR:ArchR_FDR	0.34394904458598724	0.04955643927806669
ArchR:ArchR_FDR	0.34394904458598724	0.049345111178799875
ArchR:ArchR_FDR	0.346072186836518	0.04943888383378829
ArchR:ArchR_FDR	0.346072186836518	0.04922983992751435
ArchR:ArchR_FDR	0.3481953290870488	0.04932330827067669
ArchR:ArchR_FDR	0.3481953290870488	0.04911650194669063
ArchR:ArchR_FDR	0.3481953290870488	0.04891142260662094
ArchR:ArchR_FDR	0.3524416135881104	0.04928741092636579
ArchR:ArchR_FDR	0.35456475583864117	0.04937906564163217
ArchR:ArchR_FDR	0.35456475583864117	0.04916102443332352
ArchR:ArchR_FDR	0.35668789808917195	0.04925241864555849
ArchR:ArchR_FDR	0.35881104033970274	0.04932866316403969
ArchR:ArchR_FDR	0.3609341825902335	0.04938988959907031
ArchR:ArchR_FDR	0.3630573248407643	0.049464853919583454
ArchR:ArchR_FDR	0.3651804670912951	0.049553442811869776
ArchR:ArchR_FDR	0.3673036093418259	0.04959862385321101
ArchR:ArchR_FDR	0.3673036093418259	0.04938624036540108
ArchR:ArchR_FDR	0.37154989384288745	0.049744172825469016
ArchR:ArchR_FDR	0.37367303609341823	0.04980192416525184
ArchR:ArchR_FDR	0.37791932059447986	0.050169109357384445
ArchR:ArchR_FDR	0.38004246284501064	0.05022446689113356
ArchR:ArchR_FDR	0.38004246284501064	0.05002794857462269
ArchR:ArchR_FDR	0.3842887473460722	0.05038975501113586
ArchR:ArchR_FDR	0.3842887473460722	0.050194120909595116
ArchR:ArchR_FDR	0.39278131634819535	0.051076753175041414
ArchR:ArchR_FDR	0.39278131634819535	0.05088008800880088
ArchR:ArchR_FDR	0.39490445859872614	0.05094494658997535
ArchR:ArchR_FDR	0.3970276008492569	0.05100927441352973
ArchR:ArchR_FDR	0.3991507430997877	0.051086956521739134
ArchR:ArchR_FDR	0.4012738853503185	0.05116404981050352
ArchR:ArchR_FDR	0.4012738853503185	0.0509571313022378
ArchR:ArchR_FDR	0.4033970276008493	0.051034112275047006
ArchR:ArchR_FDR	0.40552016985138006	0.05109684323167469
ArchR:ArchR_FDR	0.40764331210191085	0.0511727078891258
ArchR:ArchR_FDR	0.40764331210191085	0.050982474774296335
ArchR:ArchR_FDR	0.40764331210191085	0.05075337034099921
ArchR:ArchR_FDR	0.40764331210191085	0.05055292259083728
ArchR:ArchR_FDR	0.40764331210191085	0.05035405192761605
ArchR:ArchR_FDR	0.40764331210191085	0.050169845832244576
ArchR:ArchR_FDR	0.40764331210191085	0.04997397188964081
ArchR:ArchR_FDR	0.40976645435244163	0.050012956724540036
ArchR:ArchR_FDR	0.40976645435244163	0.04981930820856995
ArchR:ArchR_FDR	0.40976645435244163	0.049639917695473254
ArchR:ArchR_FDR	0.4118895966029724	0.04970535485523956
ArchR:ArchR_FDR	0.416135881104034	0.050012758356723655
ArchR:ArchR_FDR	0.416135881104034	0.049834731756928555
ArchR:ArchR_FDR	0.42038216560509556	0.05016468203699012
ArchR:ArchR_FDR	0.42250530785562634	0.05023983842464024
ArchR:ArchR_FDR	0.42462845010615713	0.050314465408805034
ArchR:ArchR_FDR	0.4267515923566879	0.05035070140280561
ArchR:ArchR_FDR	0.4267515923566879	0.05017473789316026
ArchR:ArchR_FDR	0.4267515923566879	0.05
ArchR:ArchR_FDR	0.4288747346072187	0.050061957868649316
ArchR:ArchR_FDR	0.4309978768577495	0.05011108368304122
ArchR:ArchR_FDR	0.4309978768577495	0.04993849938499385
ArchR:ArchR_FDR	0.43312101910828027	0.0500122579063496
ArchR:ArchR_FDR	0.43312101910828027	0.04984119227950159
ArchR:ArchR_FDR	0.43736730360934184	0.05015826637448259
ArchR:ArchR_FDR	0.4394904458598726	0.05021834061135371
ArchR:ArchR_FDR	0.4394904458598726	0.05003625815808557
ArchR:ArchR_FDR	0.4394904458598726	0.04985549132947977
ArchR:ArchR_FDR	0.4416135881104034	0.04991600671946244
ArchR:ArchR_FDR	0.4416135881104034	0.049748863908155944
ArchR:ArchR_FDR	0.4437367303609342	0.0498093422306959
ArchR:ArchR_FDR	0.4437367303609342	0.0496437054631829
ArchR:ArchR_FDR	0.4437367303609342	0.049467455621301774
ArchR:ArchR_FDR	0.4437367303609342	0.04929245283018868
ArchR:ArchR_FDR	0.445859872611465	0.04936530324400564
ArchR:ArchR_FDR	0.45010615711252655	0.049660342000468496
ArchR:ArchR_FDR	0.45222929936305734	0.04971988795518207
ArchR:ArchR_FDR	0.4543524416135881	0.049790600279199626
ArchR:ArchR_FDR	0.4564755838641189	0.049860853432282005
ArchR:ArchR_FDR	0.4564755838641189	0.04968800554656806
ArchR:ArchR_FDR	0.4585987261146497	0.04973520607874741
ArchR:ArchR_FDR	0.4585987261146497	0.04957539591462015
ArchR:ArchR_FDR	0.4585987261146497	0.04941660947151681
ArchR:ArchR_FDR	0.4607218683651805	0.049486887115165336
ArchR:ArchR_FDR	0.46284501061571126	0.049545454545454545
ArchR:ArchR_FDR	0.46284501061571126	0.049377123442808604
ArchR:ArchR_FDR	0.4692144373673036	0.04989839692932942
ArchR:ArchR_FDR	0.4713375796178344	0.049966239027684
ArchR:ArchR_FDR	0.4734607218683652	0.050033654924837336
ArchR:ArchR_FDR	0.47558386411889597	0.0501006486244688
ArchR:ArchR_FDR	0.47558386411889597	0.04993312527864467
ArchR:ArchR_FDR	0.47558386411889597	0.049777777777777775
ArchR:ArchR_FDR	0.4819532908704883	0.05027685492801772
ArchR:ArchR_FDR	0.4861995753715499	0.05055187637969095
ArchR:ArchR_FDR	0.4861995753715499	0.050385038503850385
ArchR:ArchR_FDR	0.4861995753715499	0.05021929824561404
ArchR:ArchR_FDR	0.49044585987261147	0.050491803278688525
ArchR:ArchR_FDR	0.49044585987261147	0.05033776421878405
ArchR:ArchR_FDR	0.49256900212314225	0.050401911796654354
ArchR:ArchR_FDR	0.49469214437367304	0.050465670348711286
ArchR:ArchR_FDR	0.49469214437367304	0.05031310732023321
ArchR:ArchR_FDR	0.4968152866242038	0.05035506778566817
ArchR:ArchR_FDR	0.4989384288747346	0.050407550407550406
ArchR:ArchR_FDR	0.5010615711252654	0.0504704875962361
ArchR:ArchR_FDR	0.5010615711252654	0.05031982942430704
ArchR:ArchR_FDR	0.5031847133757962	0.05038265306122449
ArchR:ArchR_FDR	0.5031847133757962	0.050222504767959315
ArchR:ArchR_FDR	0.5031847133757962	0.05007394886963871
ArchR:ArchR_FDR	0.5074309978768577	0.05031578947368421
ArchR:ArchR_FDR	0.5074309978768577	0.05015739769150052
ArchR:ArchR_FDR	0.5095541401273885	0.050219711236660386
ArchR:ArchR_FDR	0.5095541401273885	0.05007302315877321
ArchR:ArchR_FDR	0.5095541401273885	0.0499271895152902
ArchR:ArchR_FDR	0.5116772823779193	0.04998962870773698
ArchR:ArchR_FDR	0.5138004246284501	0.050051706308169595
ArchR:ArchR_FDR	0.5138004246284501	0.04990719736028047
ArchR:ArchR_FDR	0.5138004246284501	0.04976352046062102
ArchR:ArchR_FDR	0.5138004246284501	0.04961049610496105
ArchR:ArchR_FDR	0.5138004246284501	0.049458409973431434
ArchR:ArchR_FDR	0.5159235668789809	0.049511002444987774
ArchR:ArchR_FDR	0.5201698513800425	0.049776513612352705
ArchR:ArchR_FDR	0.5201698513800425	0.04962527850921612
ArchR:ArchR_FDR	0.5265392781316348	0.050080775444264945
ArchR:ArchR_FDR	0.5265392781316348	0.04993958920660491
ArchR:ArchR_FDR	0.5265392781316348	0.04979919678714859
ArchR:ArchR_FDR	0.5307855626326964	0.0500600720865038
ArchR:ArchR_FDR	0.5329087048832272	0.05010980235575963
ArchR:ArchR_FDR	0.535031847133758	0.05014925373134328
ArchR:ArchR_FDR	0.5371549893842887	0.0501984126984127
ArchR:ArchR_FDR	0.5477707006369427	0.05102848101265823
ArchR:ArchR_FDR	0.5498938428874734	0.05108481262327416
ArchR:ArchR_FDR	0.554140127388535	0.0513375295043273
ArchR:ArchR_FDR	0.554140127388535	0.051176470588235295
ArchR:ArchR_FDR	0.5562632696390658	0.05123191239734063
ArchR:ArchR_FDR	0.5583864118895966	0.05127705205693118
ArchR:ArchR_FDR	0.5583864118895966	0.05112752721617418
ArchR:ArchR_FDR	0.5583864118895966	0.05098875533152385
ArchR:ArchR_FDR	0.5605095541401274	0.05104408352668213
ArchR:ArchR_FDR	0.5605095541401274	0.05090628615503278
ArchR:ArchR_FDR	0.5605095541401274	0.05076923076923077
ArchR:ArchR_FDR	0.5605095541401274	0.05063291139240506
ArchR:ArchR_FDR	0.5605095541401274	0.0504973221117062
ArchR:ArchR_FDR	0.5668789808917197	0.05091533180778032
ArchR:ArchR_FDR	0.5711252653927813	0.051160136934195515
ArchR:ArchR_FDR	0.5711252653927813	0.05100492984452029
ArchR:ArchR_FDR	0.5711252653927813	0.05086989409984871
ArchR:ArchR_FDR	0.5711252653927813	0.050726004148595134
ArchR:ArchR_FDR	0.5732484076433121	0.05078051532819259
ArchR:ArchR_FDR	0.5753715498938429	0.05083474019883699
ArchR:ArchR_FDR	0.5774946921443737	0.0508791619902731
ArchR:ArchR_FDR	0.5774946921443737	0.05072734054457292
ArchR:ArchR_FDR	0.5796178343949044	0.05077180583968756
ArchR:ArchR_FDR	0.5796178343949044	0.05063995548135782
ArchR:ArchR_FDR	0.5817409766454352	0.050693802035152634
ArchR:ArchR_FDR	0.5859872611464968	0.05093190625576675
ArchR:ArchR_FDR	0.5859872611464968	0.05080066261733849
ArchR:ArchR_FDR	0.5902335456475584	0.05103726822103911
ArchR:ArchR_FDR	0.5902335456475584	0.05090642739425014
ArchR:ArchR_FDR	0.5923566878980892	0.05095890410958904
ArchR:ArchR_FDR	0.5923566878980892	0.050828930588449624
ArchR:ArchR_FDR	0.5944798301486199	0.050872093023255814
ArchR:ArchR_FDR	0.5944798301486199	0.050743022834360274
ArchR:ArchR_FDR	0.5944798301486199	0.05060545816013013
ArchR:ArchR_FDR	0.5944798301486199	0.05047773571299802
ArchR:ArchR_FDR	0.5966029723991507	0.05052139518158936
ArchR:ArchR_FDR	0.5987261146496815	0.050573888091822096
ArchR:ArchR_FDR	0.5987261146496815	0.050438204256841354
ArchR:ArchR_FDR	0.6008492569002123	0.050490633363068686
ArchR:ArchR_FDR	0.6008492569002123	0.050355871886121
ArchR:ArchR_FDR	0.6050955414012739	0.050576752440106475
ArchR:ArchR_FDR	0.6050955414012739	0.05045140732873075
ArchR:ArchR_FDR	0.6050955414012739	0.05031779661016949
ArchR:ArchR_FDR	0.613588110403397	0.05089820359281437
ArchR:ArchR_FDR	0.6157112526539278	0.05094869992972593
ArchR:ArchR_FDR	0.6178343949044586	0.050990012265638686
ArchR:ArchR_FDR	0.6178343949044586	0.0508652333508128
ArchR:ArchR_FDR	0.6242038216560509	0.051255230125523014
ArchR:ArchR_FDR	0.6242038216560509	0.051130434782608696
ArchR:ArchR_FDR	0.6242038216560509	0.05100624566273421
ArchR:ArchR_FDR	0.6263269639065817	0.05105572862582208
ArchR:ArchR_FDR	0.6263269639065817	0.05090595340811044
ArchR:ArchR_FDR	0.6263269639065817	0.050774526678141134
ArchR:ArchR_FDR	0.6326963906581741	0.05115001716443529
ArchR:ArchR_FDR	0.6369426751592356	0.05136106831022085
ArchR:ArchR_FDR	0.6369426751592356	0.05123825789923143
ArchR:ArchR_FDR	0.6390658174097664	0.05128642017379451
ArchR:ArchR_FDR	0.6390658174097664	0.0511643719190889
ArchR:ArchR_FDR	0.6411889596602972	0.05121248092250297
ArchR:ArchR_FDR	0.643312101910828	0.05126036203688039
ArchR:ArchR_FDR	0.6454352441613588	0.05130801687763713
ArchR:ArchR_FDR	0.6454352441613588	0.051187068530055564
ArchR:ArchR_FDR	0.6454352441613588	0.05105811219348337
ArchR:ArchR_FDR	0.6454352441613588	0.050921273031825795
ArchR:ArchR_FDR	0.6454352441613588	0.05078516538590044
ArchR:ArchR_FDR	0.6454352441613588	0.0506582236293951
ArchR:ArchR_FDR	0.6454352441613588	0.05054031587697423
ArchR:ArchR_FDR	0.6475583864118896	0.05058882069995024
ArchR:ArchR_FDR	0.6496815286624203	0.05063710077775939
ArchR:ArchR_FDR	0.6496815286624203	0.0504950495049505
ArchR:ArchR_FDR	0.6518046709129511	0.050526662277814355
ArchR:ArchR_FDR	0.6518046709129511	0.05041050903119869
ArchR:ArchR_FDR	0.6518046709129511	0.05028665028665029
ArchR:ArchR_FDR	0.6518046709129511	0.05017159666612191
ArchR:ArchR_FDR	0.6518046709129511	0.05005706831893038
ArchR:ArchR_FDR	0.6518046709129511	0.0499430616560924
ArchR:ArchR_FDR	0.6518046709129511	0.04982148653034729
ArchR:ArchR_FDR	0.6539278131634819	0.04987046632124352
ArchR:ArchR_FDR	0.6539278131634819	0.04974963656921338
ArchR:ArchR_FDR	0.6539278131634819	0.049637389202256244
ArchR:ArchR_FDR	0.6539278131634819	0.04950972512457804
Cicero:Cicero_Score	0.0	0.0
Cicero:Cicero_Score	0.0021231422505307855	0.06666666666666667
Cicero:Cicero_Score	0.006369426751592357	0.10344827586206896
Cicero:Cicero_Score	0.006369426751592357	0.06818181818181818
Cicero:Cicero_Score	0.012738853503184714	0.10344827586206896
Cicero:Cicero_Score	0.016985138004246284	0.1095890410958904
Cicero:Cicero_Score	0.021231422505307854	0.11494252873563218
Cicero:Cicero_Score	0.021231422505307854	0.10101010101010101
Cicero:Cicero_Score	0.02335456475583864	0.09401709401709402
Cicero:Cicero_Score	0.025477707006369428	0.09230769230769231
Cicero:Cicero_Score	0.029723991507430998	0.0958904109589041
Cicero:Cicero_Score	0.03397027600849257	0.10126582278481013
Cicero:Cicero_Score	0.036093418259023353	0.09883720930232558
Cicero:Cicero_Score	0.040339702760084924	0.10160427807486631
Cicero:Cicero_Score	0.04670912951167728	0.11055276381909548
Cicero:Cicero_Score	0.050955414012738856	0.11320754716981132
Cicero:Cicero_Score	0.05307855626326964	0.1111111111111111
Cicero:Cicero_Score	0.05307855626326964	0.10460251046025104
Cicero:Cicero_Score	0.05307855626326964	0.099601593625498
Cicero:Cicero_Score	0.05732484076433121	0.10266159695817491
Cicero:Cicero_Score	0.06157112526539278	0.10545454545454545
Cicero:Cicero_Score	0.06794055201698514	0.11149825783972125
Cicero:Cicero_Score	0.07006369426751592	0.11036789297658862
Cicero:Cicero_Score	0.07006369426751592	0.10576923076923077
Cicero:Cicero_Score	0.07218683651804671	0.10461538461538461
Cicero:Cicero_Score	0.07218683651804671	0.10059171597633136
Cicero:Cicero_Score	0.07430997876857749	0.09971509971509972
Cicero:Cicero_Score	0.07430997876857749	0.09615384615384616
Cicero:Cicero_Score	0.07855626326963906	0.09814323607427056
Cicero:Cicero_Score	0.08067940552016985	0.09743589743589744
Cicero:Cicero_Score	0.0870488322717622	0.10098522167487685
Cicero:Cicero_Score	0.09129511677282377	0.10287081339712918
Cicero:Cicero_Score	0.09341825902335456	0.10208816705336426
Cicero:Cicero_Score	0.09554140127388536	0.10158013544018059
Cicero:Cicero_Score	0.09978768577494693	0.10307017543859649
Cicero:Cicero_Score	0.10191082802547771	0.1023454157782516
Cicero:Cicero_Score	0.11040339702760085	0.1078838174273859
Cicero:Cicero_Score	0.11677282377919321	0.11133603238866396
Cicero:Cicero_Score	0.11889596602972399	0.11045364891518737
Cicero:Cicero_Score	0.12101910828025478	0.10961538461538461
Cicero:Cicero_Score	0.12738853503184713	0.11278195488721804
Cicero:Cicero_Score	0.1316348195329087	0.11397058823529412
Cicero:Cicero_Score	0.1337579617834395	0.11229946524064172
Cicero:Cicero_Score	0.13588110403397027	0.11169284467713787
Cicero:Cicero_Score	0.14012738853503184	0.11282051282051282
Cicero:Cicero_Score	0.14225053078556263	0.11166666666666666
Cicero:Cicero_Score	0.15286624203821655	0.11745513866231648
Cicero:Cicero_Score	0.15498938428874734	0.11661341853035144
Cicero:Cicero_Score	0.1592356687898089	0.11755485893416928
Cicero:Cicero_Score	0.1613588110403397	0.11692307692307692
Cicero:Cicero_Score	0.1613588110403397	0.1144578313253012
Cicero:Cicero_Score	0.1613588110403397	0.11242603550295859
Cicero:Cicero_Score	0.16348195329087048	0.1119186046511628
Cicero:Cicero_Score	0.16985138004246284	0.11428571428571428
Cicero:Cicero_Score	0.16985138004246284	0.11235955056179775
Cicero:Cicero_Score	0.17834394904458598	0.11586206896551725
Cicero:Cicero_Score	0.18259023354564755	0.11637347767253045
Cicero:Cicero_Score	0.18259023354564755	0.11436170212765957
Cicero:Cicero_Score	0.18895966029723993	0.11649214659685864
Cicero:Cicero_Score	0.18895966029723993	0.11454311454311454
Cicero:Cicero_Score	0.19532908704883228	0.11630847029077118
Cicero:Cicero_Score	0.19532908704883228	0.11457036114570361
Cicero:Cicero_Score	0.19745222929936307	0.11397058823529412
Cicero:Cicero_Score	0.19957537154989385	0.11338962605548854
Cicero:Cicero_Score	0.19957537154989385	0.1117717003567182
Cicero:Cicero_Score	0.20169851380042464	0.11124121779859485
Cicero:Cicero_Score	0.21019108280254778	0.11418685121107267
Cicero:Cicero_Score	0.21231422505307856	0.11363636363636363
Cicero:Cicero_Score	0.21443736730360935	0.1132286995515695
Cicero:Cicero_Score	0.21443736730360935	0.1113561190738699
Cicero:Cicero_Score	0.21868365180467092	0.11207834602829161
Cicero:Cicero_Score	0.2229299363057325	0.11278195488721804
Cicero:Cicero_Score	0.2229299363057325	0.11122881355932203
Cicero:Cicero_Score	0.22505307855626328	0.11076280041797283
Cicero:Cicero_Score	0.22929936305732485	0.11134020618556702
Cicero:Cicero_Score	0.22929936305732485	0.109979633401222
Cicero:Cicero_Score	0.23354564755838642	0.11066398390342053
Cicero:Cicero_Score	0.23354564755838642	0.10923535253227408
Cicero:Cicero_Score	0.23354564755838642	0.10794896957801767
Cicero:Cicero_Score	0.23779193205944799	0.10852713178294573
Cicero:Cicero_Score	0.24416135881104034	0.10983763132760267
Cicero:Cicero_Score	0.24628450106157113	0.10953729933899906
Cicero:Cicero_Score	0.2484076433121019	0.1092436974789916
Cicero:Cicero_Score	0.2526539278131635	0.10967741935483871
Cicero:Cicero_Score	0.25690021231422505	0.11010009099181074
Cicero:Cicero_Score	0.2611464968152866	0.11061151079136691
Cicero:Cicero_Score	0.2632696390658174	0.1103202846975089
Cicero:Cicero_Score	0.267515923566879	0.11091549295774648
Cicero:Cicero_Score	0.27176220806794055	0.11149825783972125
Cicero:Cicero_Score	0.2781316348195329	0.11283376399655469
Cicero:Cicero_Score	0.28450106157112526	0.11423699914748509
Cicero:Cicero_Score	0.28874734607218683	0.11467116357504216
Cicero:Cicero_Score	0.2929936305732484	0.11509591326105087
Cicero:Cicero_Score	0.2929936305732484	0.11395540875309662
Cicero:Cicero_Score	0.29723991507430997	0.11428571428571428
Cicero:Cicero_Score	0.29723991507430997	0.11299435028248588
Cicero:Cicero_Score	0.29723991507430997	0.11191047162270183
Cicero:Cicero_Score	0.29936305732484075	0.11163895486935867
Cicero:Cicero_Score	0.29936305732484075	0.11050156739811912
Cicero:Cicero_Score	0.3036093418259023	0.11093871217998448
Cicero:Cicero_Score	0.3057324840764331	0.11068408916218293
Cicero:Cicero_Score	0.3057324840764331	0.10967250571210967
Cicero:Cicero_Score	0.3078556263269639	0.10943396226415095
Cicero:Cicero_Score	0.3078556263269639	0.10828976848394324
Cicero:Cicero_Score	0.31210191082802546	0.10880829015544041
Cicero:Cicero_Score	0.31634819532908703	0.10931768158473955
Cicero:Cicero_Score	0.31634819532908703	0.10836363636363637
Cicero:Cicero_Score	0.3184713375796178	0.10814708002883922
Cicero:Cicero_Score	0.3205944798301486	0.10793423874195854
Cicero:Cicero_Score	0.3227176220806794	0.10764872521246459
Cicero:Cicero_Score	0.32696390658174096	0.1080701754385965
Cicero:Cicero_Score	0.33121019108280253	0.10855949895615867
Cicero:Cicero_Score	0.33121019108280253	0.10758620689655173
Cicero:Cicero_Score	0.33121019108280253	0.10663021189336978
Cicero:Cicero_Score	0.3333333333333333	0.10636856368563685
Cicero:Cicero_Score	0.3375796178343949	0.10685483870967742
Cicero:Cicero_Score	0.33970276008492567	0.10666666666666667
Cicero:Cicero_Score	0.34394904458598724	0.10714285714285714
Cicero:Cicero_Score	0.3481953290870488	0.10761154855643044
Cicero:Cicero_Score	0.3481953290870488	0.10677083333333333
Cicero:Cicero_Score	0.3481953290870488	0.10594315245478036
Cicero:Cicero_Score	0.3481953290870488	0.10512820512820513
Cicero:Cicero_Score	0.3481953290870488	0.10425937698664971
Cicero:Cicero_Score	0.3503184713375796	0.10403530895334175
Cicero:Cicero_Score	0.3524416135881104	0.10387984981226533
Cicero:Cicero_Score	0.35456475583864117	0.10366232153941651
Cicero:Cicero_Score	0.35668789808917195	0.10344827586206896
Cicero:Cicero_Score	0.35668789808917195	0.10262675626145389
Cicero:Cicero_Score	0.35668789808917195	0.10187992722862341
Cicero:Cicero_Score	0.35668789808917195	0.10114388922335943
Cicero:Cicero_Score	0.3609341825902335	0.10149253731343283
Cicero:Cicero_Score	0.3651804670912951	0.1018957345971564
Cicero:Cicero_Score	0.37154989384288745	0.10294117647058823
Cicero:Cicero_Score	0.37367303609341823	0.10268378063010501
Cicero:Cicero_Score	0.37367303609341823	0.10191082802547771
Cicero:Cicero_Score	0.37579617834394907	0.10178263369752731
Cicero:Cicero_Score	0.37791932059447986	0.10159817351598173
Cicero:Cicero_Score	0.386411889596603	0.10299943406904358
Cicero:Cicero_Score	0.386411889596603	0.10224719101123596
Cicero:Cicero_Score	0.3885350318471338	0.10212053571428571
Cicero:Cicero_Score	0.39490445859872614	0.10310421286031042
Cicero:Cicero_Score	0.39490445859872614	0.10242290748898679
Cicero:Cicero_Score	0.3970276008492569	0.10229759299781181
Cicero:Cicero_Score	0.3970276008492569	0.10152008686210641
Cicero:Cicero_Score	0.3970276008492569	0.10086299892125135
Cicero:Cicero_Score	0.4012738853503185	0.10123192287091591
Cicero:Cicero_Score	0.4012738853503185	0.10053191489361703
Cicero:Cicero_Score	0.4012738853503185	0.09989429175475686
Cicero:Cicero_Score	0.4033970276008493	0.09978991596638656
Cicero:Cicero_Score	0.40552016985138006	0.09968684759916492
Cicero:Cicero_Score	0.40764331210191085	0.09953343701399689
Cicero:Cicero_Score	0.40976645435244163	0.09938208032955716
Cicero:Cicero_Score	0.4118895966029724	0.0992835209825998
Cicero:Cicero_Score	0.4140127388535032	0.09913573970513473
Cicero:Cicero_Score	0.4140127388535032	0.09848484848484848
Cicero:Cicero_Score	0.4140127388535032	0.09779338014042126
Cicero:Cicero_Score	0.416135881104034	0.09770687936191426
Cicero:Cicero_Score	0.42038216560509556	0.0981169474727453
Cicero:Cicero_Score	0.42462845010615713	0.09852216748768473
Cicero:Cicero_Score	0.4288747346072187	0.098922624877571
Cicero:Cicero_Score	0.4309978768577495	0.0988315481986368
Cicero:Cicero_Score	0.4309978768577495	0.09820996613449444
Cicero:Cicero_Score	0.4309978768577495	0.09764309764309764
Cicero:Cicero_Score	0.43312101910828027	0.09751434034416825
Cicero:Cicero_Score	0.43524416135881105	0.09738717339667459
Cicero:Cicero_Score	0.43524416135881105	0.09683514407179972
Cicero:Cicero_Score	0.4437367303609342	0.09812206572769953
Cicero:Cicero_Score	0.45010615711252655	0.09897292250233426
Cicero:Cicero_Score	0.4543524416135881	0.09930394431554525
Cicero:Cicero_Score	0.4543524416135881	0.09866297833102812
Cicero:Cicero_Score	0.4564755838641189	0.09853345554537121
Cicero:Cicero_Score	0.4564755838641189	0.09790528233151184
Cicero:Cicero_Score	0.4607218683651805	0.09827898550724638
Cicero:Cicero_Score	0.46284501061571126	0.0981981981981982
Cicero:Cicero_Score	0.46496815286624205	0.09803043867502238
Cicero:Cicero_Score	0.46496815286624205	0.097506678539626
Cicero:Cicero_Score	0.46496815286624205	0.09698848538529672
Cicero:Cicero_Score	0.46709129511677283	0.09691629955947137
Cicero:Cicero_Score	0.46709129511677283	0.09636443276390715
Cicero:Cicero_Score	0.46709129511677283	0.09586056644880174
Cicero:Cicero_Score	0.46709129511677283	0.0953619419159081
Cicero:Cicero_Score	0.4713375796178344	0.09573091849935317
Cicero:Cicero_Score	0.4734607218683652	0.09566709566709566
Cicero:Cicero_Score	0.47558386411889597	0.09556313993174062
Cicero:Cicero_Score	0.47983014861995754	0.09592529711375213
Cicero:Cicero_Score	0.4819532908704883	0.09582102152807091
Cicero:Cicero_Score	0.4861995753715499	0.09617807643847123
Cicero:Cicero_Score	0.4861995753715499	0.09569577935645633
Cicero:Cicero_Score	0.4861995753715499	0.09521829521829522
Cicero:Cicero_Score	0.4861995753715499	0.0947455523376086
Cicero:Cicero_Score	0.4861995753715499	0.09427748044462742
Cicero:Cicero_Score	0.4861995753715499	0.09381401065137239
Cicero:Cicero_Score	0.4861995753715499	0.09331703341483293
Cicero:Cicero_Score	0.4861995753715499	0.09286293592862936
Cicero:Cicero_Score	0.49044585987261147	0.09322033898305085
Cicero:Cicero_Score	0.49256900212314225	0.09309791332263243
Cicero:Cicero_Score	0.49256900212314225	0.09261477045908184
Cicero:Cicero_Score	0.49469214437367304	0.09257052046086611
Cicero:Cicero_Score	0.49469214437367304	0.09213127718465797
Cicero:Cicero_Score	0.4968152866242038	0.09208972845336481
Cicero:Cicero_Score	0.5010615711252654	0.09244026635330983
Cicero:Cicero_Score	0.5031847133757962	0.09239766081871345
Cicero:Cicero_Score	0.5031847133757962	0.09193173002327386
Cicero:Cicero_Score	0.5031847133757962	0.09150579150579151
Cicero:Cicero_Score	0.505307855626327	0.09146810146041506
Cicero:Cicero_Score	0.7409766454352441	0.04600580015818613
Cicero:Cicero_Score	0.7409766454352441	0.045927095670482955
Cicero:Cicero_Score	0.7409766454352441	0.04585468400998555
Cicero:Cicero_Score	0.7409766454352441	0.045776495278069256
Cicero:Cicero_Score	0.7409766454352441	0.04570455735987428
Cicero:Cicero_Score	0.7473460721868365	0.04602510460251046
Cicero:Cicero_Score	0.7473460721868365	0.045953002610966055
Cicero:Cicero_Score	0.7473460721868365	0.04587514661801121
Cicero:Cicero_Score	0.7473460721868365	0.045803513337670784
Cicero:Cicero_Score	0.7473460721868365	0.04573210341691568
Cicero:Cicero_Score	0.7494692144373672	0.045790634323517966
Cicero:Cicero_Score	0.7494692144373672	0.04571354571354572
Cicero:Cicero_Score	0.7494692144373672	0.045636716224951517
Cicero:Cicero_Score	0.7537154989384289	0.0458182756840475
Cicero:Cicero_Score	0.7579617834394905	0.04600515463917526
Cicero:Cicero_Score	0.7600849256900213	0.046062789500772
Cicero:Cicero_Score	0.7622080679405521	0.046120246659815005
Cicero:Cicero_Score	0.7622080679405521	0.04604925602873269
Cicero:Cicero_Score	0.7643312101910829	0.046094750320102434
Cicero:Cicero_Score	0.7664543524416136	0.04615187931475326
Cicero:Cicero_Score	0.7685774946921444	0.04620883329078376
Cicero:Cicero_Score	0.7707006369426752	0.04625382262996942
Cicero:Cicero_Score	0.7707006369426752	0.04617733112835517
Cicero:Cicero_Score	0.7749469214437368	0.04636098056649308
Cicero:Cicero_Score	0.7749469214437368	0.04628455490743089
Cicero:Cicero_Score	0.7770700636942676	0.04634084578374272
Cicero:Cicero_Score	0.7791932059447984	0.046396965865992415
Cicero:Cicero_Score	0.7791932059447984	0.046326685180509974
Cicero:Cicero_Score	0.7791932059447984	0.046256617091000755
Cicero:Cicero_Score	0.7791932059447984	0.0461867606342814
Cicero:Cicero_Score	0.7813163481953291	0.046242774566473986
Cicero:Cicero_Score	0.7855626326963907	0.04641244355243352
Cicero:Cicero_Score	0.7855626326963907	0.04634268537074148
Cicero:Cicero_Score	0.7855626326963907	0.04626735025634613
Cicero:Cicero_Score	0.7855626326963907	0.0461980272193782
Cicero:Cicero_Score	0.7919320594479831	0.04650292980925071
Cicero:Cicero_Score	0.7919320594479831	0.04642768235001245
Cicero:Cicero_Score	0.7940552016985138	0.046476947930905926
Cicero:Cicero_Score	0.7940552016985138	0.04640774289614096
Cicero:Cicero_Score	0.7983014861995754	0.04658077304261645
Cicero:Cicero_Score	0.7983014861995754	0.046500123670541675
Cicero:Cicero_Score	0.8004246284501062	0.04654895666131621
Cicero:Cicero_Score	0.8004246284501062	0.046474358974358976
Cicero:Cicero_Score	0.8004246284501062	0.04640571147218119
Cicero:Cicero_Score	0.8004246284501062	0.046331571832370654
Cicero:Cicero_Score	0.802547770700637	0.046380368098159507
Cicero:Cicero_Score	0.802547770700637	0.04630650496141125
Cicero:Cicero_Score	0.8046709129511678	0.046343849351919784
Cicero:Cicero_Score	0.8067940552016986	0.0463980463980464
Cicero:Cicero_Score	0.8067940552016986	0.04633016337478664
Cicero:Cicero_Score	0.8110403397027601	0.046505965424884346
Cicero:Cicero_Score	0.8131634819532909	0.04655968879163627
Cicero:Cicero_Score	0.8131634819532909	0.04648058252427185
Cicero:Cicero_Score	0.8131634819532909	0.04641299079011149
Cicero:Cicero_Score	0.8174097664543525	0.04658760890609874
Cicero:Cicero_Score	0.8237791932059448	0.04688255195746738
Cicero:Cicero_Score	0.8237791932059448	0.04681467181467181
Cicero:Cicero_Score	0.8237791932059448	0.04674698795180723
Cicero:Cicero_Score	0.8259023354564756	0.046794177793816914
Cicero:Cicero_Score	0.8259023354564756	0.046726726726726724
Cicero:Cicero_Score	0.8259023354564756	0.046653873830654835
Cicero:Cicero_Score	0.8259023354564756	0.04658124775475991
Cicero:Cicero_Score	0.8301486199575372	0.04674237895995218
Cicero:Cicero_Score	0.8301486199575372	0.04667542079503402
Cicero:Cicero_Score	0.8301486199575372	0.04659199237368923
Cicero:Cicero_Score	0.8301486199575372	0.04652546406473108
Cicero:Cicero_Score	0.832271762208068	0.04657794676806084
Cicero:Cicero_Score	0.832271762208068	0.0465005931198102
Cicero:Cicero_Score	0.8343949044585988	0.04654743574558806
Cicero:Cicero_Score	0.8343949044585988	0.04647587511825922
Cicero:Cicero_Score	0.8343949044585988	0.046410014170996695
Cicero:Cicero_Score	0.8365180467091295	0.0464458328421549
Cicero:Cicero_Score	0.8365180467091295	0.046374764595103576
Cicero:Cicero_Score	0.8365180467091295	0.0463093559003291
Cicero:Cicero_Score	0.8407643312101911	0.0464679652663694
Cicero:Cicero_Score	0.8407643312101911	0.046397188049209136
Cicero:Cicero_Score	0.8428874734607219	0.04644904644904645
Cicero:Cicero_Score	0.8450106157112527	0.04650075943451338
Cicero:Cicero_Score	0.8492569002123143	0.04666355576294914
Cicero:Cicero_Score	0.851380042462845	0.046714818266542404
Cicero:Cicero_Score	0.851380042462845	0.046649604467194045
Cicero:Cicero_Score	0.851380042462845	0.04658457249070632
Cicero:Cicero_Score	0.851380042462845	0.04651972157772622
Cicero:Cicero_Score	0.851380042462845	0.04645505097312326
Cicero:Cicero_Score	0.8577494692144374	0.04673762147154095
Cicero:Cicero_Score	0.8598726114649682	0.046788354898336416
Cicero:Cicero_Score	0.861995753715499	0.04683894785417628
Cicero:Cicero_Score	0.8641188959660298	0.04688940092165898
Cicero:Cicero_Score	0.8662420382165605	0.04693971468016567
Cicero:Cicero_Score	0.8662420382165605	0.046875
Cicero:Cicero_Score	0.8683651804670913	0.04692519504359798
Cicero:Cicero_Score	0.8704883227176221	0.04696987054645435
Cicero:Cicero_Score	0.8768577494692145	0.04724859855851733
Cicero:Cicero_Score	0.8768577494692145	0.04717843271647247
Cicero:Cicero_Score	0.8768577494692145	0.047108474962929164
Cicero:Cicero_Score	0.8832271762208068	0.04738580703952614
Cicero:Cicero_Score	0.8832271762208068	0.04732112387669207
Cicero:Cicero_Score	0.8832271762208068	0.0472566170623651
Cicero:Cicero_Score	0.8853503184713376	0.0473057288712422
Cicero:Cicero_Score	0.8874734607218684	0.04735470714852158
Cicero:Cicero_Score	0.8874734607218684	0.047285067873303166
Cicero:Cicero_Score	0.8895966029723992	0.047328589178809444
Cicero:Cicero_Score	0.8938428874734607	0.047490129723632264
Cicero:Cicero_Score	0.8938428874734607	0.0474205902230232
Cicero:Cicero_Score	0.8980891719745223	0.047581552305961755
Cicero:Cicero_Score	0.9002123142250531	0.04762974612446641
Cicero:Cicero_Score	0.9002123142250531	0.04755495737999103
Cicero:Cicero_Score	0.9002123142250531	0.047491039426523295
Cicero:Cicero_Score	0.9023354564755839	0.04752851711026616
Cicero:Cicero_Score	0.9023354564755839	0.047459519821328865
Cicero:Cicero_Score	0.9023354564755839	0.04739600758336121
Cicero:Cicero_Score	0.9023354564755839	0.04732739420935412
Cicero:Cicero_Score	0.9065817409766455	0.047486654804270466
Cicero:Cicero_Score	0.9065817409766455	0.0474233673922701
Cicero:Cicero_Score	0.9065817409766455	0.04735499611844294
Cicero:Cicero_Score	0.9065817409766455	0.04729205892125374
Cicero:Cicero_Score	0.9065817409766455	0.047229288795487226
Cicero:Cicero_Score	0.9065817409766455	0.04716668507677013
Cicero:Cicero_Score	0.9087048832271762	0.0472093536289433
Cicero:Cicero_Score	0.9087048832271762	0.047146948667107294
Cicero:Cicero_Score	0.9087048832271762	0.047084708470847086
Cicero:Cicero_Score	0.9129511677282378	0.047242364315535045
Cicero:Cicero_Score	0.9129511677282378	0.04718016238753566
Cicero:Cicero_Score	0.9129511677282378	0.04710780017528484
Cicero:Cicero_Score	0.9150743099787686	0.04715536105032823
Cicero:Cicero_Score	0.9150743099787686	0.04709353146853147
Cicero:Cicero_Score	0.9171974522292994	0.04714098646879092
Cicero:Cicero_Score	0.9171974522292994	0.047079337401918046
Cicero:Cicero_Score	0.9193205944798302	0.04712668698302133
Cicero:Cicero_Score	0.9193205944798302	0.04706010216280839
Cicero:Cicero_Score	0.921443736730361	0.047102235728239635
Cicero:Cicero_Score	0.921443736730361	0.047025679921985045
Cicero:Cicero_Score	0.9235668789808917	0.04707282761605887
Cicero:Cicero_Score	0.9256900212314225	0.04711476118435271
Cicero:Cicero_Score	0.9256900212314225	0.04705374487373192
Cicero:Cicero_Score	0.9320594479830149	0.0473162319465402
Cicero:Cicero_Score	0.9320594479830149	0.0472551130247578
Cicero:Cicero_Score	0.9320594479830149	0.04718400687876182
Cicero:Cicero_Score	0.9320594479830149	0.047123228853585226
Cicero:Cicero_Score	0.9363057324840764	0.047277015437392794
Cicero:Cicero_Score	0.9363057324840764	0.04721627408993576
Cicero:Cicero_Score	0.9384288747346072	0.04726261762189906
Cicero:Cicero_Score	0.9384288747346072	0.047202050405809486
Cicero:Cicero_Score	0.9426751592356688	0.04735494880546075
Cicero:Cicero_Score	0.9447983014861996	0.047395888806049634
Cicero:Cicero_Score	0.9447983014861996	0.0473303552435652
Cicero:Cicero_Score	0.9447983014861996	0.04726500265533723
Cicero:Cicero_Score	0.9447983014861996	0.047204837169831336
Cicero:Cicero_Score	0.9447983014861996	0.047139830508474576
Cicero:Cicero_Score	0.9447983014861996	0.04707998307236564
Cicero:Cicero_Score	0.9447983014861996	0.04701035284174942
Cicero:Cicero_Score	0.9447983014861996	0.04694588036712733
Cicero:Cicero_Score	0.9469214437367304	0.046991887050890316
Cicero:Cicero_Score	0.9469214437367304	0.04693254761654214
Cicero:Cicero_Score	0.9469214437367304	0.04687335785601682
Cicero:Cicero_Score	0.9469214437367304	0.04681431720373675
Cicero:Cicero_Score	0.9469214437367304	0.046750524109014674
Cicero:Cicero_Score	0.9490445859872612	0.04679158379566628
Cicero:Cicero_Score	0.9490445859872612	0.046727994982228724
Cicero:Cicero_Score	0.9490445859872612	0.04666945082480685
Cicero:Cicero_Score	0.9490445859872612	0.046611053180396246
Cicero:Cicero_Score	0.9490445859872612	0.04655280149968757
Cicero:Cicero_Score	0.9511677282377919	0.046593863754550185
Cicero:Cicero_Score	0.9511677282377919	0.04653095139177399
Cicero:Cicero_Score	0.9511677282377919	0.046473029045643155
Cicero:Cicero_Score	0.9532908704883227	0.046518856195607125
Cicero:Cicero_Score	0.9554140127388535	0.04655975168132437
Cicero:Cicero_Score	0.9575371549893843	0.04659572269862589
Cicero:Cicero_Score	0.9596602972399151	0.046641213497059124
Cicero:Cicero_Score	0.9596602972399151	0.046583530866742245
Cicero:Cicero_Score	0.9596602972399151	0.04651641453123392
Cicero:Cicero_Score	0.9617834394904459	0.0465618254702436
Cicero:Cicero_Score	0.9617834394904459	0.046499692055019505
Cicero:Cicero_Score	0.9617834394904459	0.04643772424397745
Cicero:Cicero_Score	0.9639065817409767	0.04647829647829648
Cicero:Cicero_Score	0.9660297239915074	0.04652351738241309
Cicero:Cicero_Score	0.9660297239915074	0.04646175839885633
Cicero:Cicero_Score	0.9681528662420382	0.0465068842427333
Cicero:Cicero_Score	0.9681528662420382	0.046445304542676716
Cicero:Cicero_Score	0.9681528662420382	0.04638860630722279
Cicero:Cicero_Score	0.9681528662420382	0.04633204633204633
Cicero:Cicero_Score	0.9681528662420382	0.04627562411203572
Cicero:Cicero_Score	0.9681528662420382	0.04621933914453679
Cicero:Cicero_Score	0.9681528662420382	0.046163190929337926
Cicero:Cicero_Score	0.9681528662420382	0.04610717896865521
Cicero:Cicero_Score	0.970276008492569	0.04614297253634895
Cicero:Cicero_Score	0.970276008492569	0.04608713190802743
Cicero:Cicero_Score	0.9723991507430998	0.04613215149073328
Cicero:Cicero_Score	0.9723991507430998	0.04607182376018509
Cicero:Cicero_Score	0.9723991507430998	0.04601165360659031
Cicero:Cicero_Score	0.9723991507430998	0.0459516404133641
Cicero:Cicero_Score	0.9723991507430998	0.045896382403046394
Cicero:Cicero_Score	0.9766454352441614	0.046041437293564205
Cicero:Cicero_Score	0.9766454352441614	0.045981607357057176
Cicero:Cicero_Score	0.9766454352441614	0.04592193271438554
Cicero:Cicero_Score	0.9766454352441614	0.045866985741350084
Cicero:Cicero_Score	0.9766454352441614	0.04581217010257942
Cicero:Cicero_Score	0.9787685774946921	0.045856958121953645
Cicero:Cicero_Score	0.9808917197452229	0.04590163934426229
Cicero:Cicero_Score	0.9808917197452229	0.04584697826734147
Cicero:Cicero_Score	0.9808917197452229	0.04579244721974428
Cicero:Cicero_Score	0.9808917197452229	0.04573804573804574
Cicero:Cicero_Score	0.9808917197452229	0.045679256476171645
Cicero:Cicero_Score	0.9808917197452229	0.04562512344459806
Cicero:Cicero_Score	0.9808917197452229	0.04557111856381929
Cicero:Cicero_Score	0.9851380042462845	0.045714285714285714
Cicero:Cicero_Score	0.9872611464968153	0.045758708915567804
Cicero:Cicero_Score	0.9915074309978769	0.045901317082759976
Cicero:Cicero_Score	0.9957537154989384	0.04604358924013352
Cicero:Cicero_Score	0.9957537154989384	0.04598940968817415
Cicero:Cicero_Score	0.9957537154989384	0.04593535749265426
Cicero:Cicero_Score	0.9957537154989384	0.04588143220504794
Cicero:Cicero_Score	0.9978768577494692	0.04592085979482169
Cicero:Cicero_Score	1.0	0.045964672587098666
Cicero:Cicero_Score	1.0	0.04590643274853801
Cicero:Cicero_Score	1.0	0.04584387774965933
Cicero:Cicero_Score	1.0	0.04578149300155521
Cicero:Cicero_Score	1.0	0.04572815533980582
Cicero:Cicero_Score	1.0	0.045670512944826915
Cicero:Cicero_Score	1.0	0.04561743341404358
Cicero:Cicero_Score	1.0	0.045564477121021574
Cicero:Cicero_Score	1.0	0.04551164363706638
SCENT:SCENT_Score	0.0021231422505307855	0.02702702702702703
SCENT:SCENT_Score	0.006369426751592357	0.030612244897959183
SCENT:SCENT_Score	0.02335456475583864	0.06748466257668712
SCENT:SCENT_Score	0.029723991507430998	0.060085836909871244
SCENT:SCENT_Score	0.04670912951167728	0.07006369426751592
SCENT:SCENT_Score	0.059447983014861996	0.07427055702917772
SCENT:SCENT_Score	0.06369426751592357	0.0684931506849315
SCENT:SCENT_Score	0.07218683651804671	0.06732673267326733
SCENT:SCENT_Score	0.07218683651804671	0.05811965811965812
SCENT:SCENT_Score	0.07430997876857749	0.05368098159509203
SCENT:SCENT_Score	0.07643312101910828	0.04951856946354883
SCENT:SCENT_Score	0.08067940552016985	0.0472636815920398
SCENT:SCENT_Score	0.09554140127388536	0.05172413793103448
SCENT:SCENT_Score	0.10191082802547771	0.050156739811912224
SCENT:SCENT_Score	0.10828025477707007	0.04922779922779923
SCENT:SCENT_Score	0.11464968152866242	0.048736462093862815
SCENT:SCENT_Score	0.12101910828025478	0.04777870913663034
SCENT:SCENT_Score	0.13588110403397027	0.0499219968798752
SCENT:SCENT_Score	0.15286624203821655	0.05278592375366569
SCENT:SCENT_Score	0.15498938428874734	0.05112044817927171
SCENT:SCENT_Score	0.16348195329087048	0.050724637681159424
SCENT:SCENT_Score	0.16985138004246284	0.05082592121982211
SCENT:SCENT_Score	0.1740976645435244	0.05
SCENT:SCENT_Score	0.18046709129511676	0.04950495049504951
SCENT:SCENT_Score	0.18471337579617833	0.048576214405360134
SCENT:SCENT_Score	0.19532908704883228	0.04898828541001065
SCENT:SCENT_Score	0.20169851380042464	0.0490702479338843
SCENT:SCENT_Score	0.21231422505307856	0.04965243296921549
SCENT:SCENT_Score	0.2229299363057325	0.050119331742243436
SCENT:SCENT_Score	0.23142250530785563	0.050276752767527674
SCENT:SCENT_Score	0.2505307855626327	0.052796420581655484
SCENT:SCENT_Score	0.2653927813163482	0.05397236614853195
SCENT:SCENT_Score	0.27176220806794055	0.05355648535564853
SCENT:SCENT_Score	0.2802547770700637	0.05365853658536585
SCENT:SCENT_Score	0.2908704883227176	0.05385220125786164
SCENT:SCENT_Score	0.3078556263269639	0.05547054322876817
SCENT:SCENT_Score	0.31634819532908703	0.055410933432502786
SCENT:SCENT_Score	0.34182590233545646	0.058018018018018015
SCENT:SCENT_Score	0.3481953290870488	0.057242582897033156
SCENT:SCENT_Score	0.3481953290870488	0.05722260990928123
SCENT:SCENT_Score	0.35668789808917195	0.056968463886063074
SCENT:SCENT_Score	0.37154989384288745	0.05732066819521782
SCENT:SCENT_Score	0.37367303609341823	0.05757278377494275
SCENT:SCENT_Score	0.37367303609341823	0.05753514220333442
SCENT:SCENT_Score	0.37367303609341823	0.057497549820320154
SCENT:SCENT_Score	0.39490445859872614	0.05919796308084023
SCENT:SCENT_Score	0.3970276008492569	0.05947837150127226
SCENT:SCENT_Score	0.3970276008492569	0.05945945945945946
SCENT:SCENT_Score	0.40976645435244163	0.05927518427518427
SCENT:SCENT_Score	0.40976645435244163	0.0592206198220313
SCENT:SCENT_Score	0.40976645435244163	0.059093692590324556
SCENT:SCENT_Score	0.40976645435244163	0.059057527539779685
SCENT:SCENT_Score	0.4118895966029724	0.059290953545232276
SCENT:SCENT_Score	0.42462845010615713	0.05936479667557139
SCENT:SCENT_Score	0.4288747346072187	0.059905100830367736
SCENT:SCENT_Score	0.4288747346072187	0.059763313609467454
SCENT:SCENT_Score	0.4288747346072187	0.05969267139479906
SCENT:SCENT_Score	0.4288747346072187	0.05955188679245283
SCENT:SCENT_Score	0.4437367303609342	0.059748427672955975
SCENT:SCENT_Score	0.4437367303609342	0.05968018275271274
SCENT:SCENT_Score	0.4437367303609342	0.05949331056077427
SCENT:SCENT_Score	0.45222929936305734	0.060459835367584445
SCENT:SCENT_Score	0.4543524416135881	0.06064040804760555
SCENT:SCENT_Score	0.46496815286624205	0.060049355634768306
SCENT:SCENT_Score	0.46496815286624205	0.05986878075451066
SCENT:SCENT_Score	0.4692144373673036	0.06023439629326792
SCENT:SCENT_Score	0.4713375796178344	0.06034248437075292
SCENT:SCENT_Score	0.4713375796178344	0.06017891027378693
SCENT:SCENT_Score	0.4713375796178344	0.05988670083625573
SCENT:SCENT_Score	0.4713375796178344	0.059854408196279324
SCENT:SCENT_Score	0.4734607218683652	0.05994623655913978
SCENT:SCENT_Score	0.47558386411889597	0.06018269747447609
SCENT:SCENT_Score	0.47983014861995754	0.06047631790206048
SCENT:SCENT_Score	0.47983014861995754	0.060460139111824504
SCENT:SCENT_Score	0.4819532908704883	0.060388401170524075
SCENT:SCENT_Score	0.4819532908704883	0.06037234042553191
SCENT:SCENT_Score	0.4883227176220807	0.06059009483667018
SCENT:SCENT_Score	0.49044585987261147	0.060789473684210525
SCENT:SCENT_Score	0.49469214437367304	0.06093096234309624
SCENT:SCENT_Score	0.49469214437367304	0.06089911134343962
SCENT:SCENT_Score	0.4989384288747346	0.06097560975609756
SCENT:SCENT_Score	0.5010615711252654	0.061187451387088414
SCENT:SCENT_Score	0.5074309978768577	0.061344969199178645
SCENT:SCENT_Score	0.5074309978768577	0.06123494747630028
SCENT:SCENT_Score	0.5095541401273885	0.061318344404701075
SCENT:SCENT_Score	0.5116772823779193	0.061479591836734696
SCENT:SCENT_Score	0.5116772823779193	0.06132315521628499
SCENT:SCENT_Score	0.5116772823779193	0.06116751269035533
SCENT:SCENT_Score	0.5180467091295117	0.06161616161616162
SCENT:SCENT_Score	0.5201698513800425	0.061743951612903226
SCENT:SCENT_Score	0.5201698513800425	0.06155778894472362
SCENT:SCENT_Score	0.5222929936305732	0.061654135338345864
SCENT:SCENT_Score	0.5222929936305732	0.061331338818249814
SCENT:SCENT_Score	0.5265392781316348	0.061630218687872766
SCENT:SCENT_Score	0.5286624203821656	0.06157270029673591
SCENT:SCENT_Score	0.5307855626326964	0.06148548942449582
SCENT:SCENT_Score	0.5371549893842887	0.06193390452876377
SCENT:SCENT_Score	0.5456475583864119	0.0625913297613249
SCENT:SCENT_Score	0.5562632696390658	0.06339220904911687
SCENT:SCENT_Score	0.5605095541401274	0.063599132739099
SCENT:SCENT_Score	0.564755838641189	0.0637736753776073
SCENT:SCENT_Score	0.5753715498938429	0.06460071513706794
SCENT:SCENT_Score	0.5902335456475584	0.06582997868813639
SCENT:SCENT_Score	0.6008492569002123	0.06654126498941923
SCENT:SCENT_Score	0.6072186836518046	0.06683804627249357
SCENT:SCENT_Score	0.6199575371549894	0.06773370447691951
SCENT:SCENT_Score	0.6284501061571125	0.0679678530424799
SCENT:SCENT_Score	0.8089171974522293	0.08195310819531082
SCENT:SCENT_Score	1.0	0.045480880648899186
SCENT:SCENT_beta	0.0021231422505307855	1.0
SCENT:SCENT_beta	0.008492569002123142	0.2857142857142857
SCENT:SCENT_beta	0.012738853503184714	0.23076923076923078
SCENT:SCENT_beta	0.025477707006369428	0.3157894736842105
SCENT:SCENT_beta	0.040339702760084924	0.38
SCENT:SCENT_beta	0.04883227176220807	0.3770491803278688
SCENT:SCENT_beta	0.05732484076433121	0.375
SCENT:SCENT_beta	0.06369426751592357	0.35294117647058826
SCENT:SCENT_beta	0.07855626326963906	0.3854166666666667
SCENT:SCENT_beta	0.08280254777070063	0.3644859813084112
SCENT:SCENT_beta	0.09129511677282377	0.3644067796610169
SCENT:SCENT_beta	0.09978768577494693	0.3643410852713178
SCENT:SCENT_beta	0.1040339702760085	0.35
SCENT:SCENT_beta	0.11677282377919321	0.36423841059602646
SCENT:SCENT_beta	0.12101910828025478	0.35185185185185186
SCENT:SCENT_beta	0.12738853503184713	0.3468208092485549
SCENT:SCENT_beta	0.1337579617834395	0.3423913043478261
SCENT:SCENT_beta	0.14225053078556263	0.34183673469387754
SCENT:SCENT_beta	0.15286624203821655	0.34782608695652173
SCENT:SCENT_beta	0.15498938428874734	0.3333333333333333
SCENT:SCENT_beta	0.15711252653927812	0.3203463203463203
SCENT:SCENT_beta	0.15711252653927812	0.30578512396694213
SCENT:SCENT_beta	0.16560509554140126	0.30708661417322836
SCENT:SCENT_beta	0.16772823779193205	0.2981132075471698
SCENT:SCENT_beta	0.16985138004246284	0.2888086642599278
SCENT:SCENT_beta	0.17197452229299362	0.2793103448275862
SCENT:SCENT_beta	0.1762208067940552	0.2757475083056478
SCENT:SCENT_beta	0.18046709129511676	0.2724358974358974
SCENT:SCENT_beta	0.18683651804670912	0.2724458204334365
SCENT:SCENT_beta	0.19532908704883228	0.2754491017964072
SCENT:SCENT_beta	0.20382165605095542	0.2774566473988439
SCENT:SCENT_beta	0.21231422505307856	0.2801120448179272
SCENT:SCENT_beta	0.21443736730360935	0.27445652173913043
SCENT:SCENT_beta	0.2208067940552017	0.27440633245382584
SCENT:SCENT_beta	0.22929936305732485	0.27621483375959077
SCENT:SCENT_beta	0.23354564755838642	0.2736318407960199
SCENT:SCENT_beta	0.23779193205944799	0.2711864406779661
SCENT:SCENT_beta	0.24203821656050956	0.2688679245283019
SCENT:SCENT_beta	0.24628450106157113	0.26666666666666666
SCENT:SCENT_beta	0.2505307855626327	0.2645739910313901
SCENT:SCENT_beta	0.25477707006369427	0.26258205689277897
SCENT:SCENT_beta	0.25690021231422505	0.2579957356076759
SCENT:SCENT_beta	0.2611464968152866	0.25571725571725573
SCENT:SCENT_beta	0.2632696390658174	0.2515212981744422
SCENT:SCENT_beta	0.26963906581740976	0.251984126984127
SCENT:SCENT_beta	0.27388535031847133	0.2504854368932039
SCENT:SCENT_beta	0.2823779193205945	0.25285171102661597
SCENT:SCENT_beta	0.28450106157112526	0.24907063197026022
SCENT:SCENT_beta	0.28874734607218683	0.24772313296903462
SCENT:SCENT_beta	0.2929936305732484	0.24555160142348753
SCENT:SCENT_beta	0.2951167728237792	0.2425828970331588
SCENT:SCENT_beta	0.29936305732484075	0.24143835616438356
SCENT:SCENT_beta	0.30148619957537154	0.23825503355704697
SCENT:SCENT_beta	0.3078556263269639	0.23809523809523808
SCENT:SCENT_beta	0.3099787685774947	0.2347266881028939
SCENT:SCENT_beta	0.31422505307855625	0.23380726698262244
SCENT:SCENT_beta	0.31634819532908703	0.23136645962732919
SCENT:SCENT_beta	0.3248407643312102	0.2328767123287671
SCENT:SCENT_beta	0.32696390658174096	0.23053892215568864
SCENT:SCENT_beta	0.3333333333333333	0.23122238586156113
SCENT:SCENT_beta	0.3354564755838641	0.2289855072463768
SCENT:SCENT_beta	0.33970276008492567	0.22792022792022792
SCENT:SCENT_beta	0.34394904458598724	0.226890756302521
SCENT:SCENT_beta	0.3481953290870488	0.22620689655172413
SCENT:SCENT_beta	0.3481953290870488	0.22282608695652173
SCENT:SCENT_beta	0.3503184713375796	0.22088353413654618
SCENT:SCENT_beta	0.3524416135881104	0.21899736147757257
SCENT:SCENT_beta	0.35881104033970274	0.21948051948051947
SCENT:SCENT_beta	0.3609341825902335	0.2176696542893726
SCENT:SCENT_beta	0.3630573248407643	0.2159090909090909
SCENT:SCENT_beta	0.3673036093418259	0.21544209215442092
SCENT:SCENT_beta	0.36942675159235666	0.2134969325153374
SCENT:SCENT_beta	0.37154989384288745	0.21160822249093109
SCENT:SCENT_beta	0.37367303609341823	0.20952380952380953
SCENT:SCENT_beta	0.37579617834394907	0.20799059929494712
SCENT:SCENT_beta	0.3842887473460722	0.20949074074074073
SCENT:SCENT_beta	0.3885350318471338	0.2089041095890411
SCENT:SCENT_beta	0.39278131634819535	0.20856820744081173
SCENT:SCENT_beta	0.39278131634819535	0.20601336302895323
SCENT:SCENT_beta	0.39278131634819535	0.20352035203520352
SCENT:SCENT_beta	0.3970276008492569	0.20326086956521738
SCENT:SCENT_beta	0.3991507430997877	0.20193340494092374
SCENT:SCENT_beta	0.4012738853503185	0.20063694267515925
SCENT:SCENT_beta	0.40552016985138006	0.20041972717733472
SCENT:SCENT_beta	0.40764331210191085	0.19875776397515527
SCENT:SCENT_beta	0.4118895966029724	0.1983640081799591
SCENT:SCENT_beta	0.416135881104034	0.1977800201816347
SCENT:SCENT_beta	0.4182590233545648	0.1966067864271457
SCENT:SCENT_beta	0.4182590233545648	0.19447186574531095
SCENT:SCENT_beta	0.42250530785562634	0.1943359375
SCENT:SCENT_beta	0.42462845010615713	0.1932367149758454
SCENT:SCENT_beta	0.4309978768577495	0.1938872970391595
SCENT:SCENT_beta	0.43312101910828027	0.19281663516068054
SCENT:SCENT_beta	0.43524416135881105	0.19176800748362957
SCENT:SCENT_beta	0.43736730360934184	0.1902123730378578
SCENT:SCENT_beta	0.4394904458598726	0.18886861313868614
SCENT:SCENT_beta	0.4394904458598726	0.18699186991869918
SCENT:SCENT_beta	0.4394904458598726	0.18498659517426275
SCENT:SCENT_beta	0.4394904458598726	0.18253968253968253
SCENT:SCENT_beta	0.4437367303609342	0.18253275109170305
SCENT:SCENT_beta	0.44798301486199577	0.18221070811744386
SCENT:SCENT_beta	0.45010615711252655	0.18135158254918735
SCENT:SCENT_beta	0.4543524416135881	0.18135593220338983
SCENT:SCENT_beta	0.4564755838641189	0.18052057094878254
SCENT:SCENT_beta	0.4585987261146497	0.17970049916805325
SCENT:SCENT_beta	0.46496815286624205	0.18054410552349548
SCENT:SCENT_beta	0.46709129511677283	0.17973856209150327
SCENT:SCENT_beta	0.46709129511677283	0.1779935275080906
SCENT:SCENT_beta	0.46709129511677283	0.1762820512820513
SCENT:SCENT_beta	0.4713375796178344	0.1761904761904762
SCENT:SCENT_beta	0.47558386411889597	0.17568627450980392
SCENT:SCENT_beta	0.47558386411889597	0.17418351477449456
SCENT:SCENT_beta	0.47770700636942676	0.17347725520431764
SCENT:SCENT_beta	0.47983014861995754	0.172782874617737
SCENT:SCENT_beta	0.4840764331210191	0.17246596066565809
SCENT:SCENT_beta	0.4861995753715499	0.17179294823705926
SCENT:SCENT_beta	0.4861995753715499	0.17038690476190477
SCENT:SCENT_beta	0.4861995753715499	0.16887905604719763
SCENT:SCENT_beta	0.4861995753715499	0.1672753834915997
SCENT:SCENT_beta	0.4883227176220807	0.16666666666666666
SCENT:SCENT_beta	0.49044585987261147	0.16606757728253055
SCENT:SCENT_beta	0.49256900212314225	0.16547788873038516
SCENT:SCENT_beta	0.4989384288747346	0.16607773851590105
SCENT:SCENT_beta	0.4989384288747346	0.1646811492641906
SCENT:SCENT_beta	0.4989384288747346	0.16342141863699583
SCENT:SCENT_beta	0.5010615711252654	0.16287094547964112
SCENT:SCENT_beta	0.5010615711252654	0.16164383561643836
SCENT:SCENT_beta	0.5074309978768577	0.16236413043478262
SCENT:SCENT_beta	0.5074309978768577	0.16115981119352663
SCENT:SCENT_beta	0.5074309978768577	0.15997322623828647
SCENT:SCENT_beta	0.5116772823779193	0.1597084161696488
SCENT:SCENT_beta	0.5138004246284501	0.15910585141354372
SCENT:SCENT_beta	0.5180467091295117	0.15916503587736464
SCENT:SCENT_beta	0.5201698513800425	0.15847347994825356
SCENT:SCENT_beta	0.5222929936305732	0.1579961464354528
SCENT:SCENT_beta	0.5222929936305732	0.15668789808917197
SCENT:SCENT_beta	0.524416135881104	0.1562302340290955
SCENT:SCENT_beta	0.5265392781316348	0.15577889447236182
SCENT:SCENT_beta	0.5286624203821656	0.15514018691588785
SCENT:SCENT_beta	0.5307855626326964	0.1547029702970297
SCENT:SCENT_beta	0.5329087048832272	0.1541769041769042
SCENT:SCENT_beta	0.535031847133758	0.1537522879804759
SCENT:SCENT_beta	0.535031847133758	0.15263476680799515
SCENT:SCENT_beta	0.5414012738853503	0.153337342152736
SCENT:SCENT_beta	0.5456475583864119	0.15352449223416964
SCENT:SCENT_beta	0.5477707006369427	0.15311572700296736
SCENT:SCENT_beta	0.5498938428874734	0.15271226415094338
SCENT:SCENT_beta	0.554140127388535	0.15281030444964872
SCENT:SCENT_beta	0.554140127388535	0.1518324607329843
SCENT:SCENT_beta	0.554140127388535	0.15077989601386482
SCENT:SCENT_beta	0.554140127388535	0.1496559633027523
SCENT:SCENT_beta	0.554140127388535	0.14871794871794872
SCENT:SCENT_beta	0.5583864118895966	0.14892412231030577
SCENT:SCENT_beta	0.5605095541401274	0.1484814398200225
SCENT:SCENT_beta	0.5605095541401274	0.1475684740078256
SCENT:SCENT_beta	0.5668789808917197	0.14833333333333334
SCENT:SCENT_beta	0.5690021231422505	0.1479028697571744
SCENT:SCENT_beta	0.5732484076433121	0.14810751508502468
SCENT:SCENT_beta	0.5753715498938429	0.14760348583877997
SCENT:SCENT_beta	0.5753715498938429	0.14664502164502163
SCENT:SCENT_beta	0.5753715498938429	0.14577729962345348
SCENT:SCENT_beta	0.5753715498938429	0.1449197860962567
SCENT:SCENT_beta	0.5753715498938429	0.1440723019670388
SCENT:SCENT_beta	0.5753715498938429	0.14308342133051744
SCENT:SCENT_beta	0.5753715498938429	0.14218258132214062
SCENT:SCENT_beta	0.5774946921443737	0.14188836724047993
SCENT:SCENT_beta	0.5774946921443737	0.14107883817427386
SCENT:SCENT_beta	0.5817409766454352	0.14130995358432183
SCENT:SCENT_beta	0.5817409766454352	0.14051282051282052
SCENT:SCENT_beta	0.5817409766454352	0.13958227203260315
SCENT:SCENT_beta	0.5817409766454352	0.13880445795339413
SCENT:SCENT_beta	0.583864118895966	0.1385390428211587
SCENT:SCENT_beta	0.5881104033970276	0.13877755511022044
SCENT:SCENT_beta	0.5881104033970276	0.13794820717131473
SCENT:SCENT_beta	0.5881104033970276	0.13706086095992084
SCENT:SCENT_beta	0.5902335456475584	0.1367437284800787
SCENT:SCENT_beta	0.5923566878980892	0.13643031784841075
SCENT:SCENT_beta	0.5923566878980892	0.13570038910505836
SCENT:SCENT_beta	0.5944798301486199	0.1354620222544751
SCENT:SCENT_beta	0.5944798301486199	0.1347449470644851
SCENT:SCENT_beta	0.5944798301486199	0.13371537726838587
SCENT:SCENT_beta	0.5987261146496815	0.1339667458432304
SCENT:SCENT_beta	0.5987261146496815	0.13320736891828058
SCENT:SCENT_beta	0.6008492569002123	0.13286384976525822
SCENT:SCENT_beta	0.6029723991507431	0.13264829518916393
SCENT:SCENT_beta	0.6029723991507431	0.13197026022304834
SCENT:SCENT_beta	0.6029723991507431	0.13129912159038373
SCENT:SCENT_beta	0.6029723991507431	0.13063477460901565
SCENT:SCENT_beta	0.6029723991507431	0.12991765782250686
SCENT:SCENT_beta	0.6029723991507431	0.1292083712465878
SCENT:SCENT_beta	0.6029723991507431	0.12856496152105024
SCENT:SCENT_beta	0.6050955414012739	0.12837837837837837
SCENT:SCENT_beta	0.6050955414012739	0.1276309896999552
SCENT:SCENT_beta	0.6072186836518046	0.12745098039215685
SCENT:SCENT_beta	0.6072186836518046	0.12682926829268293
SCENT:SCENT_beta	0.6072186836518046	0.1262135922330097
SCENT:SCENT_beta	0.6072186836518046	0.1252737625930793
SCENT:SCENT_beta	0.6072186836518046	0.12467306015693112
SCENT:SCENT_beta	0.6072186836518046	0.12402428447528187
SCENT:SCENT_beta	0.6072186836518046	0.12343547690979716
SCENT:SCENT_beta	0.6093418259023354	0.12317596566523605
SCENT:SCENT_beta	0.613588110403397	0.12334613743064447
SCENT:SCENT_beta	0.6157112526539278	0.1231945624468989
SCENT:SCENT_beta	0.6178343949044586	0.12288851351351351
SCENT:SCENT_beta	0.6178343949044586	0.1223203026481715
SCENT:SCENT_beta	0.6178343949044586	0.12170639899623588
SCENT:SCENT_beta	0.6199575371549894	0.12141372141372142
SCENT:SCENT_beta	0.6199575371549894	0.12076095947063689
SCENT:SCENT_beta	0.6199575371549894	0.12021407986825854
SCENT:SCENT_beta	0.6199575371549894	0.11957411957411958
SCENT:SCENT_beta	0.6220806794055201	0.11934826883910386
SCENT:SCENT_beta	0.6220806794055201	0.11881589618815896
SCENT:SCENT_beta	0.6220806794055201	0.11824051654560129
SCENT:SCENT_beta	0.6242038216560509	0.1181197267979108
SCENT:SCENT_beta	0.6242038216560509	0.1176
SCENT:SCENT_beta	0.6263269639065817	0.11748307447232179
SCENT:SCENT_beta	0.6284501061571125	0.11732065001981767
SCENT:SCENT_beta	0.6326963906581741	0.11760063141278611
SCENT:SCENT_beta	0.6326963906581741	0.11700039261876717
SCENT:SCENT_beta	0.6390658174097664	0.117578125
SCENT:SCENT_beta	0.643312101910828	0.11776136805285659
SCENT:SCENT_beta	0.6475583864118896	0.11794276875483373
SCENT:SCENT_beta	0.6496815286624203	0.11782826338082403
SCENT:SCENT_beta	0.6539278131634819	0.11805289382905328
SCENT:SCENT_beta	0.6539278131634819	0.1175123998473865
SCENT:SCENT_beta	0.6539278131634819	0.11702127659574468
SCENT:SCENT_beta	0.6539278131634819	0.11649016641452345
SCENT:SCENT_beta	0.6539278131634819	0.11596385542168675
SCENT:SCENT_beta	0.6539278131634819	0.11548556430446194
SCENT:SCENT_beta	0.6539278131634819	0.11501120238984316
SCENT:SCENT_beta	0.6539278131634819	0.11449814126394052
SCENT:SCENT_beta	0.6560509554140127	0.11440207330618289
SCENT:SCENT_beta	0.6581740976645435	0.11430678466076696
SCENT:SCENT_beta	0.6581740976645435	0.11384502387073081
SCENT:SCENT_beta	0.6581740976645435	0.11338697878566203
SCENT:SCENT_beta	0.6581740976645435	0.11293260473588343
SCENT:SCENT_beta	0.6581740976645435	0.11248185776487664
SCENT:SCENT_beta	0.6581740976645435	0.11203469461510661
SCENT:SCENT_beta	0.6581740976645435	0.11159107271418287
SCENT:SCENT_beta	0.6581740976645435	0.11115095016134816
SCENT:SCENT_beta	0.8492569002123143	0.04702562896778745
SCENT:SCENT_beta	0.8492569002123143	0.04696489374192791
SCENT:SCENT_beta	0.851380042462845	0.047016062844413176
SCENT:SCENT_beta	0.8535031847133758	0.047072599531615925
SCENT:SCENT_beta	0.8535031847133758	0.0470065481758653
SCENT:SCENT_beta	0.8577494692144374	0.047179726731285766
SCENT:SCENT_beta	0.8577494692144374	0.04711919757406111
SCENT:SCENT_beta	0.8577494692144374	0.047058823529411764
SCENT:SCENT_beta	0.8577494692144374	0.04699860400186133
SCENT:SCENT_beta	0.8598726114649682	0.047054722899965144
SCENT:SCENT_beta	0.861995753715499	0.04711069853794384
SCENT:SCENT_beta	0.861995753715499	0.047050643179974504
SCENT:SCENT_beta	0.861995753715499	0.04698530262701076
SCENT:SCENT_beta	0.8641188959660298	0.047041146555709665
SCENT:SCENT_beta	0.8662420382165605	0.04708597807270629
SCENT:SCENT_beta	0.8683651804670913	0.04714153988012909
SCENT:SCENT_beta	0.8683651804670913	0.04708184643720502
SCENT:SCENT_beta	0.8683651804670913	0.04701689849407978
SCENT:SCENT_beta	0.8704883227176221	0.04707233065442021
SCENT:SCENT_beta	0.8747346072186837	0.047236872277000685
SCENT:SCENT_beta	0.8768577494692145	0.04729188136951792
SCENT:SCENT_beta	0.8768577494692145	0.04722698684962836
SCENT:SCENT_beta	0.8789808917197452	0.04728186386477844
SCENT:SCENT_beta	0.8789808917197452	0.04722253906695563
SCENT:SCENT_beta	0.8789808917197452	0.047163362952836636
SCENT:SCENT_beta	0.8789808917197452	0.04710433496415974
SCENT:SCENT_beta	0.8789808917197452	0.0470401090785138
SCENT:SCENT_beta	0.8789808917197452	0.04698138901497957
SCENT:SCENT_beta	0.8832271762208068	0.04714949563640485
SCENT:SCENT_beta	0.8832271762208068	0.04709078560108671
SCENT:SCENT_beta	0.8832271762208068	0.047026904815735925
SCENT:SCENT_beta	0.8832271762208068	0.046963197109957104
SCENT:SCENT_beta	0.8832271762208068	0.04690494982523396
SCENT:SCENT_beta	0.8874734607218684	0.04707207207207207
SCENT:SCENT_beta	0.8874734607218684	0.047013834214374085
SCENT:SCENT_beta	0.8895966029723992	0.04706807458997978
SCENT:SCENT_beta	0.8895966029723992	0.047009985414563
SCENT:SCENT_beta	0.89171974522293	0.047058823529411764
SCENT:SCENT_beta	0.89171974522293	0.047000895255147716
SCENT:SCENT_beta	0.89171974522293	0.046922131605407216
SCENT:SCENT_beta	0.89171974522293	0.04686453916536487
SCENT:SCENT_beta	0.89171974522293	0.046801872074883
SCENT:SCENT_beta	0.8938428874734607	0.04685587089593767
SCENT:SCENT_beta	0.8938428874734607	0.046793375569634324
SCENT:SCENT_beta	0.8938428874734607	0.04673104673104673
SCENT:SCENT_beta	0.8938428874734607	0.0466688837157743
SCENT:SCENT_beta	0.8959660297239915	0.04671759105502048
SCENT:SCENT_beta	0.8959660297239915	0.04666076957098629
SCENT:SCENT_beta	0.8980891719745223	0.046714522363335176
SCENT:SCENT_beta	0.8980891719745223	0.04665269659203706
SCENT:SCENT_beta	0.9002123142250531	0.046701178543892496
SCENT:SCENT_beta	0.9023354564755839	0.04674953250467495
SCENT:SCENT_beta	0.9023354564755839	0.046687905086235305
SCENT:SCENT_beta	0.9044585987261147	0.04673614920460779
SCENT:SCENT_beta	0.9044585987261147	0.04667981591058514
SCENT:SCENT_beta	0.9044585987261147	0.04662361825544489
SCENT:SCENT_beta	0.9065817409766455	0.046671767406273906
SCENT:SCENT_beta	0.9065817409766455	0.04661572052401747
SCENT:SCENT_beta	0.9065817409766455	0.04655473179241169
SCENT:SCENT_beta	0.9065817409766455	0.04649390243902439
SCENT:SCENT_beta	0.9065817409766455	0.04643828167482327
SCENT:SCENT_beta	0.9087048832271762	0.04649141864001738
SCENT:SCENT_beta	0.910828025477707	0.0465444287729196
SCENT:SCENT_beta	0.9129511677282378	0.04659731252709146
SCENT:SCENT_beta	0.9129511677282378	0.046536796536796536
SCENT:SCENT_beta	0.9129511677282378	0.046481461463625556
SCENT:SCENT_beta	0.9171974522292994	0.04663715858793047
SCENT:SCENT_beta	0.9171974522292994	0.04657179818887452
SCENT:SCENT_beta	0.9171974522292994	0.04651663615807042
SCENT:SCENT_beta	0.9193205944798302	0.04656915465691547
SCENT:SCENT_beta	0.921443736730361	0.04662154903856483
SCENT:SCENT_beta	0.9235668789808917	0.046668812359188926
SCENT:SCENT_beta	0.9235668789808917	0.046608807457409196
SCENT:SCENT_beta	0.9235668789808917	0.046553938356164386
SCENT:SCENT_beta	0.9235668789808917	0.046499198289684664
SCENT:SCENT_beta	0.9256900212314225	0.046551355968396324
SCENT:SCENT_beta	0.9256900212314225	0.04649674736056308
SCENT:SCENT_beta	0.9299363057324841	0.04664536741214057
SCENT:SCENT_beta	0.9320594479830149	0.04669219315039353
SCENT:SCENT_beta	0.9341825902335457	0.04673889951136605
SCENT:SCENT_beta	0.9341825902335457	0.046674445740956826
SCENT:SCENT_beta	0.9384288747346072	0.046831955922865015
SCENT:SCENT_beta	0.9384288747346072	0.04677743676579532
SCENT:SCENT_beta	0.9384288747346072	0.046723044397463005
SCENT:SCENT_beta	0.9426751592356688	0.046875
SCENT:SCENT_beta	0.9447983014861996	0.04692607824528103
SCENT:SCENT_beta	0.9469214437367304	0.04697209057398631
SCENT:SCENT_beta	0.9490445859872612	0.04701798674660776
SCENT:SCENT_beta	0.9532908704883227	0.047173776003362054
SCENT:SCENT_beta	0.9532908704883227	0.04711931997061601
SCENT:SCENT_beta	0.9532908704883227	0.047064989517819705
SCENT:SCENT_beta	0.9532908704883227	0.04701078421107737
SCENT:SCENT_beta	0.9532908704883227	0.04695670361848986
SCENT:SCENT_beta	0.9532908704883227	0.046902747310143114
SCENT:SCENT_beta	0.9532908704883227	0.04683914041310244
SCENT:SCENT_beta	0.9575371549893843	0.046993852245493385
SCENT:SCENT_beta	0.9575371549893843	0.04694004995836803
SCENT:SCENT_beta	0.9575371549893843	0.04687662405155389
SCENT:SCENT_beta	0.9575371549893843	0.046823089700996676
SCENT:SCENT_beta	0.9596602972399151	0.046863659927423536
SCENT:SCENT_beta	0.9596602972399151	0.0468102734051367
SCENT:SCENT_beta	0.9596602972399151	0.04674733684972593
SCENT:SCENT_beta	0.9596602972399151	0.046694214876033056
SCENT:SCENT_beta	0.9596602972399151	0.046641213497059124
SCENT:SCENT_beta	0.9596602972399151	0.04658833230261802
SCENT:SCENT_beta	0.9596602972399151	0.04653078031706815
SCENT:SCENT_beta	0.9617834394904459	0.04657618753855645
SCENT:SCENT_beta	0.9617834394904459	0.04651879235982748
SCENT:SCENT_beta	0.9617834394904459	0.046456773664239566
SCENT:SCENT_beta	0.9617834394904459	0.046399672231895936
SCENT:SCENT_beta	0.9639065817409767	0.04644976468180888
SCENT:SCENT_beta	0.9639065817409767	0.046388065801573515
SCENT:SCENT_beta	0.9660297239915074	0.04642383430262218
SCENT:SCENT_beta	0.9681528662420382	0.04646896973402629
SCENT:SCENT_beta	0.9681528662420382	0.046412213740458015
SCENT:SCENT_beta	0.9681528662420382	0.046360309068727124
SCENT:SCENT_beta	0.9681528662420382	0.04630852036153143
SCENT:SCENT_beta	0.9681528662420382	0.04625684723067559
SCENT:SCENT_beta	0.9681528662420382	0.04620528928969501
SCENT:SCENT_beta	0.970276008492569	0.04625037951624329
SCENT:SCENT_beta	0.970276008492569	0.04619894864537
SCENT:SCENT_beta	0.970276008492569	0.04614763203069777
SCENT:SCENT_beta	0.9723991507430998	0.046192637418053455
SCENT:SCENT_beta	0.9745222929936306	0.046232876712328765
SCENT:SCENT_beta	0.9745222929936306	0.04618170842137036
SCENT:SCENT_beta	0.9787685774946921	0.04632700231132549
SCENT:SCENT_beta	0.9787685774946921	0.046275848223248345
SCENT:SCENT_beta	0.9787685774946921	0.046224806978842875
SCENT:SCENT_beta	0.9787685774946921	0.046164630482675745
SCENT:SCENT_beta	0.9787685774946921	0.0461
SCENT:SCENT_beta	0.9787685774946921	0.04604934571970832
SCENT:SCENT_beta	0.9787685774946921	0.04599421330938841
SCENT:SCENT_beta	0.9787685774946921	0.04593921275535625
SCENT:SCENT_beta	0.9808917197452229	0.045988453115667925
SCENT:SCENT_beta	0.9808917197452229	0.04592901878914405
SCENT:SCENT_beta	0.9808917197452229	0.045874292523086085
SCENT:SCENT_beta	0.9808917197452229	0.04582424122197976
SCENT:SCENT_beta	0.9808917197452229	0.04577429901912217
SCENT:SCENT_beta	0.9808917197452229	0.045724465558194774
SCENT:SCENT_beta	0.9808917197452229	0.045665711179203324
SCENT:SCENT_beta	0.9830148619957537	0.04571484992101106
SCENT:SCENT_beta	0.9830148619957537	0.045656246918449855
SCENT:SCENT_beta	0.9851380042462845	0.045705279747832936
SCENT:SCENT_beta	0.9872611464968153	0.045749704840613935
SCENT:SCENT_beta	0.9872611464968153	0.04569575471698113
SCENT:SCENT_beta	0.9893842887473461	0.045744576420928634
SCENT:SCENT_beta	0.9893842887473461	0.04569523435967837
SCENT:SCENT_beta	0.9893842887473461	0.045645998628660985
SCENT:SCENT_beta	0.9893842887473461	0.04559686888454012
SCENT:SCENT_beta	0.9915074309978769	0.045645586941647935
SCENT:SCENT_beta	0.9915074309978769	0.045596563171255614
SCENT:SCENT_beta	0.9915074309978769	0.04554320265262337
SCENT:SCENT_beta	0.9915074309978769	0.04549439844130541
SCENT:SCENT_beta	0.9915074309978769	0.04544569871545348
SCENT:SCENT_beta	0.9915074309978769	0.04539710313988529
SCENT:SCENT_beta	0.9915074309978769	0.045348611380850654
SCENT:SCENT_beta	0.9936305732484076	0.04539722572509458
SCENT:SCENT_beta	0.9936305732484076	0.04534883720930233
SCENT:SCENT_beta	0.9936305732484076	0.04529616724738676
SCENT:SCENT_beta	0.9936305732484076	0.045247993812240164
SCENT:SCENT_beta	0.9957537154989384	0.04529650376666023
Signac:Signac_Score	0.0021231422505307855	1.0
Signac:Signac_Score	0.03184713375796178	0.75
Signac:Signac_Score	0.05307855626326964	0.5952380952380952
Signac:Signac_Score	0.08280254777070063	0.609375
Signac:Signac_Score	0.09766454352441614	0.5411764705882353
Signac:Signac_Score	0.11040339702760085	0.49523809523809526
Signac:Signac_Score	0.12526539278131635	0.472
Signac:Signac_Score	0.1316348195329087	0.4189189189189189
Signac:Signac_Score	0.15286624203821655	0.42857142857142855
Signac:Signac_Score	0.16985138004246284	0.425531914893617
Signac:Signac_Score	0.18046709129511676	0.4106280193236715
Signac:Signac_Score	0.1910828025477707	0.39473684210526316
Signac:Signac_Score	0.19532908704883228	0.36947791164658633
Signac:Signac_Score	0.20169851380042464	0.35315985130111527
Signac:Signac_Score	0.21443736730360935	0.3506944444444444
Signac:Signac_Score	0.2208067940552017	0.33766233766233766
Signac:Signac_Score	0.22717622080679406	0.32621951219512196
Signac:Signac_Score	0.23779193205944799	0.3218390804597701
Signac:Signac_Score	0.2505307855626327	0.31891891891891894
Signac:Signac_Score	0.267515923566879	0.3230769230769231
Signac:Signac_Score	0.27388535031847133	0.3146341463414634
Signac:Signac_Score	0.27388535031847133	0.3006993006993007
Signac:Signac_Score	0.2823779193205945	0.296875
Signac:Signac_Score	0.28662420382165604	0.2890792291220557
Signac:Signac_Score	0.30148619957537154	0.29098360655737704
Signac:Signac_Score	0.3057324840764331	0.2823529411764706
Signac:Signac_Score	0.31210191082802546	0.2768361581920904
Signac:Signac_Score	0.3205944798301486	0.27355072463768115
Signac:Signac_Score	0.3248407643312102	0.26608695652173914
Signac:Signac_Score	0.32696390658174096	0.25925925925925924
Signac:Signac_Score	0.32908704883227174	0.252442996742671
Signac:Signac_Score	0.3354564755838641	0.24960505529225907
Signac:Signac_Score	0.33970276008492567	0.2450229709035222
Signac:Signac_Score	0.3503184713375796	0.24553571428571427
Signac:Signac_Score	0.35668789808917195	0.24312590448625182
Signac:Signac_Score	0.3651804670912951	0.24225352112676057
Signac:Signac_Score	0.3673036093418259	0.23731138545953362
Signac:Signac_Score	0.37367303609341823	0.23435419440745672
Signac:Signac_Score	0.37579617834394907	0.22957198443579765
Signac:Signac_Score	0.37791932059447986	0.22531645569620254
Signac:Signac_Score	0.3885350318471338	0.22620519159456118
Signac:Signac_Score	0.39278131634819535	0.22342995169082125
Signac:Signac_Score	0.4033970276008493	0.2240566037735849
Signac:Signac_Score	0.4118895966029724	0.22350230414746544
Signac:Signac_Score	0.4182590233545648	0.22184684684684686
Signac:Signac_Score	0.42038216560509556	0.21806167400881057
Signac:Signac_Score	0.42038216560509556	0.21359223300970873
Signac:Signac_Score	0.42250530785562634	0.21013727560718057
Signac:Signac_Score	0.4267515923566879	0.2080745341614907
Signac:Signac_Score	0.4267515923566879	0.20364741641337386
Signac:Signac_Score	0.4309978768577495	0.2013888888888889
Signac:Signac_Score	0.43524416135881105	0.19961051606621227
Signac:Signac_Score	0.43736730360934184	0.19694072657743786
Signac:Signac_Score	0.4437367303609342	0.1956928838951311
Signac:Signac_Score	0.4437367303609342	0.1919191919191919
Signac:Signac_Score	0.445859872611465	0.18935978358881875
Signac:Signac_Score	0.45010615711252655	0.1879432624113475
Signac:Signac_Score	0.45222929936305734	0.18554006968641115
Signac:Signac_Score	0.4543524416135881	0.18337617823479005
Signac:Signac_Score	0.4564755838641189	0.18112889637742208
Signac:Signac_Score	0.4585987261146497	0.17851239669421487
Signac:Signac_Score	0.4607218683651805	0.17642276422764228
Signac:Signac_Score	0.4607218683651805	0.1736
Signac:Signac_Score	0.4692144373673036	0.17387883556254918
Signac:Signac_Score	0.4734607218683652	0.17260061919504643
Signac:Signac_Score	0.47770700636942676	0.17136329017517135
Signac:Signac_Score	0.47770700636942676	0.16879219804951237
Signac:Signac_Score	0.47983014861995754	0.16678966789667896
Signac:Signac_Score	0.4819532908704883	0.1650909090909091
Signac:Signac_Score	0.4840764331210191	0.16355810616929697
Signac:Signac_Score	0.4883227176220807	0.16277423920736023
Signac:Signac_Score	0.49044585987261147	0.16131284916201116
Signac:Signac_Score	0.49256900212314225	0.15988973121984837
Signac:Signac_Score	0.49469214437367304	0.1583956492182189
Signac:Signac_Score	0.49469214437367304	0.1563758389261745
Signac:Signac_Score	0.49469214437367304	0.1543046357615894
Signac:Signac_Score	0.5010615711252654	0.1541476159372959
Signac:Signac_Score	0.5031847133757962	0.1529032258064516
Signac:Signac_Score	0.5031847133757962	0.15085932527052834
Signac:Signac_Score	0.5031847133757962	0.1490566037735849
Signac:Signac_Score	0.5031847133757962	0.14729645742697328
Signac:Signac_Score	0.5095541401273885	0.14696876913655849
Signac:Signac_Score	0.5095541401273885	0.14492753623188406
Signac:Signac_Score	0.5138004246284501	0.1444776119402985
Signac:Signac_Score	0.5180467091295117	0.14403778040141677
Signac:Signac_Score	0.5201698513800425	0.14302393461762988
Signac:Signac_Score	0.5265392781316348	0.14310444316214657
Signac:Signac_Score	0.5265392781316348	0.1415525114155251
Signac:Signac_Score	0.5286624203821656	0.14059853190287974
Signac:Signac_Score	0.5307855626326964	0.13950892857142858
Signac:Signac_Score	0.535031847133758	0.1390728476821192
Signac:Signac_Score	0.5371549893842887	0.13802509547190397
Signac:Signac_Score	0.5392781316348195	0.13707501349163517
Signac:Signac_Score	0.5392781316348195	0.13561131873998933
Signac:Signac_Score	0.5392781316348195	0.13417855256207079
Signac:Signac_Score	0.5392781316348195	0.13277574490329325
Signac:Signac_Score	0.5414012738853503	0.13164687661331956
Signac:Signac_Score	0.5414012738853503	0.1302349336057201
Signac:Signac_Score	0.5435244161358811	0.1294891249367729
Signac:Signac_Score	0.5498938428874734	0.12969454181271908
Signac:Signac_Score	0.5520169851380042	0.12896825396825398
Signac:Signac_Score	0.554140127388535	0.12825552825552824
Signac:Signac_Score	0.5562632696390658	0.12749391727493917
Signac:Signac_Score	0.5605095541401274	0.12729026036644167
Signac:Signac_Score	0.5605095541401274	0.12607449856733524
Signac:Signac_Score	0.5605095541401274	0.12488174077578051
Signac:Signac_Score	0.5605095541401274	0.12371134020618557
Signac:Signac_Score	0.5668789808917197	0.12395543175487465
Signac:Signac_Score	0.5690021231422505	0.12333179935572941
Signac:Signac_Score	0.5690021231422505	0.12226277372262774
Signac:Signac_Score	0.5711252653927813	0.12155445097153186
Signac:Signac_Score	0.5711252653927813	0.12046574115539632
Signac:Signac_Score	0.5732484076433121	0.11989342806394317
Signac:Signac_Score	0.5753715498938429	0.11933069132540731
Signac:Signac_Score	0.5753715498938429	0.1183406113537118
Signac:Signac_Score	0.5753715498938429	0.11736682546556951
Signac:Signac_Score	0.5774946921443737	0.11683848797250859
Signac:Signac_Score	0.5774946921443737	0.11589262888794205
Signac:Signac_Score	0.5796178343949044	0.11538461538461539
Signac:Signac_Score	0.583864118895966	0.1152073732718894
Signac:Signac_Score	0.5859872611464968	0.11471321695760599
Signac:Signac_Score	0.5902335456475584	0.11454470539761022
Signac:Signac_Score	0.5944798301486199	0.11442582754393134
Signac:Signac_Score	0.5987261146496815	0.11435523114355231
Signac:Signac_Score	0.5987261146496815	0.11343523732904263
Signac:Signac_Score	0.5987261146496815	0.11252992817238627
Signac:Signac_Score	0.6008492569002123	0.11207920792079208
Signac:Signac_Score	0.6072186836518046	0.11237721021611002
Signac:Signac_Score	0.6093418259023354	0.11193447737909516
Signac:Signac_Score	0.613588110403397	0.1118421052631579
Signac:Signac_Score	0.613588110403397	0.1109404990403071
Signac:Signac_Score	0.613588110403397	0.1100952380952381
Signac:Signac_Score	0.6157112526539278	0.10959939531368103
Signac:Signac_Score	0.6178343949044586	0.1090704647676162
Signac:Signac_Score	0.6199575371549894	0.1086713807219948
Signac:Signac_Score	0.6199575371549894	0.10790835181079084
Signac:Signac_Score	0.6199575371549894	0.10715596330275229
Signac:Signac_Score	0.6199575371549894	0.10633648943918426
Signac:Signac_Score	0.6242038216560509	0.10625225876400433
Signac:Signac_Score	0.6242038216560509	0.10552763819095477
Signac:Signac_Score	0.6242038216560509	0.10473815461346633
Signac:Signac_Score	0.6242038216560509	0.10396039603960396
Signac:Signac_Score	0.6263269639065817	0.1035814606741573
Signac:Signac_Score	0.6284501061571125	0.10324380885943495
Signac:Signac_Score	0.6284501061571125	0.10249307479224377
Signac:Signac_Score	0.6284501061571125	0.10182318541451668
Signac:Signac_Score	0.6305732484076433	0.10146908097027674
Signac:Signac_Score	0.6305732484076433	0.10081466395112017
Signac:Signac_Score	0.6326963906581741	0.10050590219224283
Signac:Signac_Score	0.6348195329087049	0.10020107238605898
Signac:Signac_Score	0.6348195329087049	0.09953395472703062
Signac:Signac_Score	0.6348195329087049	0.09887566137566138
Signac:Signac_Score	0.6369426751592356	0.09852216748768473
Signac:Signac_Score	0.6411889596602972	0.09849967384213959
Signac:Signac_Score	0.6411889596602972	0.09786130913804278
Signac:Signac_Score	0.6475583864118896	0.09822866344605476
Signac:Signac_Score	0.6475583864118896	0.09756877799104287
Signac:Signac_Score	0.6475583864118896	0.0968869123252859
Signac:Signac_Score	0.6475583864118896	0.09630565203662772
Signac:Signac_Score	0.6496815286624203	0.09601506118606841
Signac:Signac_Score	0.6518046709129511	0.09575795383655646
Signac:Signac_Score	0.6518046709129511	0.09516429014259145
Signac:Signac_Score	0.6518046709129511	0.09460708782742681
Signac:Signac_Score	0.6518046709129511	0.09402756508422665
Signac:Signac_Score	0.6518046709129511	0.09339823547307576
Signac:Signac_Score	0.6518046709129511	0.09286146400483969
Signac:Signac_Score	0.6518046709129511	0.09233082706766917
Signac:Signac_Score	0.6539278131634819	0.09210526315789473
Signac:Signac_Score	0.6560509554140127	0.09185493460166469
Signac:Signac_Score	0.6560509554140127	0.09128508124076809
Signac:Signac_Score	0.6560509554140127	0.0907488986784141
Signac:Signac_Score	0.6602972399150743	0.09082943925233646
Signac:Signac_Score	0.6624203821656051	0.09061864652918966
Signac:Signac_Score	0.6645435244161358	0.09038406006352873
Signac:Signac_Score	0.6645435244161358	0.08989086731763354
Signac:Signac_Score	0.6666666666666666	0.08968866038274778
Signac:Signac_Score	0.6666666666666666	0.08920454545454545
Signac:Signac_Score	0.6666666666666666	0.08870056497175141
Signac:Signac_Score	0.6666666666666666	0.08817747823645043
Signac:Signac_Score	0.6666666666666666	0.08770949720670392
Signac:Signac_Score	0.6666666666666666	0.08722222222222223
Signac:Signac_Score	0.6666666666666666	0.08676429953025698
Signac:Signac_Score	0.6687898089171974	0.08658603628367234
Signac:Signac_Score	0.6709129511677282	0.08638600328048114
Signac:Signac_Score	0.6709129511677282	0.08593962469404406
Signac:Signac_Score	0.6709129511677282	0.0854978354978355
Signac:Signac_Score	0.673036093418259	0.08528383104654291
Signac:Signac_Score	0.6772823779193206	0.08536259031308537
Signac:Signac_Score	0.6772823779193206	0.0849307774227902
Signac:Signac_Score	0.6794055201698513	0.0847682119205298
Signac:Signac_Score	0.6836518046709129	0.08487084870848709
Signac:Signac_Score	0.6857749469214437	0.08466579292267366
Signac:Signac_Score	0.6878980891719745	0.08450704225352113
Signac:Signac_Score	0.6878980891719745	0.0840466926070039
Signac:Signac_Score	0.6878980891719745	0.08361290322580645
Signac:Signac_Score	0.6900212314225053	0.0834403080872914
Signac:Signac_Score	0.6900212314225053	0.0830352580480327
Signac:Signac_Score	0.692144373673036	0.08284625158831004
Signac:Signac_Score	0.6942675159235668	0.082701062215478
Signac:Signac_Score	0.6942675159235668	0.08230556254719355
Signac:Signac_Score	0.6942675159235668	0.08191382765531062
Signac:Signac_Score	0.6963906581740976	0.08177511842433309
Signac:Signac_Score	0.6963906581740976	0.08136938724882163
Signac:Signac_Score	0.6985138004246284	0.08121451493458405
Signac:Signac_Score	0.70276008492569	0.08132678132678132
Signac:Signac_Score	0.70276008492569	0.08090931312637496
Signac:Signac_Score	0.70276008492569	0.0805352798053528
Signac:Signac_Score	0.7048832271762208	0.08036794964899541
Signac:Signac_Score	0.7048832271762208	0.0799807275355336
Signac:Signac_Score	0.7048832271762208	0.07961630695443644
Signac:Signac_Score	0.7112526539278131	0.07993319016941064
Signac:Signac_Score	0.7112526539278131	0.07955355022559962
Signac:Signac_Score	0.7112526539278131	0.07919621749408984
Signac:Signac_Score	0.7133757961783439	0.07905882352941176
Signac:Signac_Score	0.7133757961783439	0.07868852459016394
Signac:Signac_Score	0.7133757961783439	0.07832167832167833
Signac:Signac_Score	0.7154989384288747	0.07819025522041763
Signac:Signac_Score	0.7154989384288747	0.07784707784707785
Signac:Signac_Score	0.7197452229299363	0.07794895378247874
Signac:Signac_Score	0.721868365180467	0.07780320366132723
Signac:Signac_Score	0.7239915074309978	0.07764116575591985
Signac:Signac_Score	0.7239915074309978	0.0773067331670823
Signac:Signac_Score	0.7239915074309978	0.07694043321299639
Signac:Signac_Score	0.7239915074309978	0.07661199730397664
Signac:Signac_Score	0.7239915074309978	0.07628635346756152
Signac:Signac_Score	0.7239915074309978	0.07594654788418709
Signac:Signac_Score	0.7261146496815286	0.07584830339321358
Signac:Signac_Score	0.7282377919320594	0.07571743929359824
Signac:Signac_Score	0.7282377919320594	0.07538461538461538
Signac:Signac_Score	0.7282377919320594	0.0750711315386299
Signac:Signac_Score	0.7303609341825902	0.07496186533013728
Signac:Signac_Score	0.732484076433121	0.07486979166666667
Signac:Signac_Score	0.732484076433121	0.07456235141560406
Signac:Signac_Score	0.7346072186836518	0.07447266465777012
Signac:Signac_Score	0.7346072186836518	0.07416934619506967
Signac:Signac_Score	0.7367303609341825	0.07408198121263877
Signac:Signac_Score	0.7367303609341825	0.07375132837407014
Signac:Signac_Score	0.7367303609341825	0.07343915343915344
Signac:Signac_Score	0.7367303609341825	0.0731450252951096
Signac:Signac_Score	0.7367303609341825	0.07282266526757608
Signac:Signac_Score	0.7388535031847133	0.07274247491638795
Signac:Signac_Score	0.7409766454352441	0.07263267429760666
Signac:Signac_Score	0.7409766454352441	0.07234660033167496
Signac:Signac_Score	0.7452229299363057	0.07246077621800165
Signac:Signac_Score	0.7473460721868365	0.0723535457348407
Signac:Signac_Score	0.7473460721868365	0.07204257060990585
Signac:Signac_Score	0.7473460721868365	0.07174887892376682
Signac:Signac_Score	0.7473460721868365	0.07144306880454637
Signac:Signac_Score	0.7537154989384289	0.07177517185604529
Signac:Signac_Score	0.7558386411889597	0.07168747482883608
Signac:Signac_Score	0.7600849256900213	0.07181544633901706
Signac:Signac_Score	0.7685774946921444	0.07232767232767233
Signac:Signac_Score	0.7685774946921444	0.07203980099502487
Signac:Signac_Score	0.7685774946921444	0.07176843774781919
Signac:Signac_Score	0.7685774946921444	0.07148499210110584
Signac:Signac_Score	0.7685774946921444	0.07121778477277199
Signac:Signac_Score	0.7685774946921444	0.07095256762054096
Signac:Signac_Score	0.7685774946921444	0.07068931849248193
Signac:Signac_Score	0.7685774946921444	0.07042801556420233
Signac:Signac_Score	0.7707006369426752	0.07036247334754797
Signac:Signac_Score	0.772823779193206	0.07029741212823484
Signac:Signac_Score	0.772823779193206	0.07004040792765057
Signac:Signac_Score	0.772823779193206	0.06973180076628352
Signac:Signac_Score	0.772823779193206	0.06947890818858561
Signac:Signac_Score	0.7749469214437368	0.06941802966907569
Signac:Signac_Score	0.7749469214437368	0.06914188293237356
Signac:Signac_Score	0.7749469214437368	0.06888092092847707
Signac:Signac_Score	0.7749469214437368	0.0686348251222264
Signac:Signac_Score	0.7770700636942676	0.06857785272625071
Signac:Signac_Score	0.7770700636942676	0.06832182191525107
Signac:Signac_Score	0.7770700636942676	0.06808035714285714
Signac:Signac_Score	0.7791932059447984	0.06802594995366079
Signac:Signac_Score	0.7813163481953291	0.06797192463982268
Signac:Signac_Score	0.7813163481953291	0.06770929162833486
Signac:Signac_Score	0.7813163481953291	0.06747341400806747
Signac:Signac_Score	0.7855626326963907	0.06759225429302156
Signac:Signac_Score	0.7855626326963907	0.0673461958500182
Signac:Signac_Score	0.7855626326963907	0.0671019223793979
Signac:Signac_Score	0.7876857749469215	0.06705223206217242
Signac:Signac_Score	0.7876857749469215	0.06679870363701837
Signac:Signac_Score	0.7898089171974523	0.06673842841765339
Signac:Signac_Score	0.7898089171974523	0.06651171106740568
Signac:Signac_Score	0.7898089171974523	0.06628652886671418
Signac:Signac_Score	0.9087048832271762	0.055490729936470896
Signac:Signac_Score	0.9087048832271762	0.0553543714433523
Signac:Signac_Score	0.9129511677282378	0.05546955624355005
Signac:Signac_Score	0.9129511677282378	0.055333933856646506
Signac:Signac_Score	0.9129511677282378	0.055184804928131416
Signac:Signac_Score	0.9129511677282378	0.055050569709384205
Signac:Signac_Score	0.9150743099787686	0.05504469987228608
Signac:Signac_Score	0.9150743099787686	0.054911453688367945
Signac:Signac_Score	0.9171974522292994	0.05489897064430042
Signac:Signac_Score	0.9171974522292994	0.05476673427991886
Signac:Signac_Score	0.9171974522292994	0.054628224582701064
Signac:Signac_Score	0.9171974522292994	0.054490413723511606
Signac:Signac_Score	0.9171974522292994	0.05436013590033975
Signac:Signac_Score	0.9171974522292994	0.054230479538036655
Signac:Signac_Score	0.9193205944798302	0.054226675015654355
Signac:Signac_Score	0.9193205944798302	0.05409795102448776
Signac:Signac_Score	0.9256900212314225	0.054336989032901295
Signac:Signac_Score	0.9256900212314225	0.05418841660452399
Signac:Signac_Score	0.9256900212314225	0.05405405405405406
Signac:Signac_Score	0.9256900212314225	0.053913688636082605
Signac:Signac_Score	0.9299363057324841	0.0540340488527017
Signac:Signac_Score	0.9299363057324841	0.05389442598744924
Signac:Signac_Score	0.9299363057324841	0.0537687208445863
Signac:Signac_Score	0.9320594479830149	0.05376607470912431
Signac:Signac_Score	0.9320594479830149	0.05363469761759316
Signac:Signac_Score	0.9320594479830149	0.05351048269137006
Signac:Signac_Score	0.9320594479830149	0.05338684178523653
Signac:Signac_Score	0.9341825902335457	0.05337862428727405
Signac:Signac_Score	0.9341825902335457	0.0532558702493343
Signac:Signac_Score	0.9341825902335457	0.05313367950730588
Signac:Signac_Score	0.9341825902335457	0.05301204819277108
Signac:Signac_Score	0.9341825902335457	0.052884615384615384
Signac:Signac_Score	0.9363057324840764	0.05287769784172662
Signac:Signac_Score	0.9363057324840764	0.052757506878813254
Signac:Signac_Score	0.9363057324840764	0.052637861064693245
Signac:Signac_Score	0.9363057324840764	0.05250625074413621
Signac:Signac_Score	0.9363057324840764	0.05237529691211401
Signac:Signac_Score	0.9363057324840764	0.05225737646640597
Signac:Signac_Score	0.9363057324840764	0.05213998581224876
Signac:Signac_Score	0.9363057324840764	0.05202312138728324
Signac:Signac_Score	0.9363057324840764	0.05190067082499706
Signac:Signac_Score	0.940552016985138	0.05201361981918516
Signac:Signac_Score	0.9426751592356688	0.05200890242473937
Signac:Signac_Score	0.9447983014861996	0.05200420708192124
Signac:Signac_Score	0.9447983014861996	0.05188899253731343
Signac:Signac_Score	0.9469214437367304	0.05187856228917064
Signac:Signac_Score	0.9490445859872612	0.05187420215852385
Signac:Signac_Score	0.9511677282377919	0.05186986222067848
Signac:Signac_Score	0.9532908704883227	0.051871534195933454
Signac:Signac_Score	0.9532908704883227	0.05174599515961738
Signac:Signac_Score	0.9532908704883227	0.051626997815338624
Signac:Signac_Score	0.9554140127388535	0.051623264884708045
Signac:Signac_Score	0.9554140127388535	0.05149919890135042
Signac:Signac_Score	0.9554140127388535	0.051381593971226304
Signac:Signac_Score	0.9554140127388535	0.051258685499487415
Signac:Signac_Score	0.9554140127388535	0.05114798817913162
Signac:Signac_Score	0.9554140127388535	0.05103776794828173
Signac:Signac_Score	0.9575371549893843	0.05104119511090991
Signac:Signac_Score	0.9596602972399151	0.0510446075663467
Signac:Signac_Score	0.9596602972399151	0.05093531665539779
Signac:Signac_Score	0.9596602972399151	0.050820778052619746
Signac:Signac_Score	0.9596602972399151	0.05070106561974201
Signac:Signac_Score	0.9596602972399151	0.050593239310499215
Signac:Signac_Score	0.9596602972399151	0.05048023229841412
Signac:Signac_Score	0.9617834394904459	0.050479162023623805
Signac:Signac_Score	0.9617834394904459	0.0503725119537418
Signac:Signac_Score	0.9617834394904459	0.05026073449461888
Signac:Signac_Score	0.9617834394904459	0.05015500442869796
Signac:Signac_Score	0.9617834394904459	0.05004418912947415
Signac:Signac_Score	0.9639065817409767	0.050044091710758375
Signac:Signac_Score	0.9660297239915074	0.05004949950500495
Signac:Signac_Score	0.9681528662420382	0.050054884742041714
Signac:Signac_Score	0.9681528662420382	0.04995070653959908
Signac:Signac_Score	0.9681528662420382	0.04984696108439003
Signac:Signac_Score	0.9681528662420382	0.049727371864776444
Signac:Signac_Score	0.9681528662420382	0.04961375258404961
Signac:Signac_Score	0.970276008492569	0.0496199782844734
Signac:Signac_Score	0.970276008492569	0.049517824249647846
Signac:Signac_Score	0.970276008492569	0.049416089965397925
Signac:Signac_Score	0.970276008492569	0.049314772849897485
Signac:Signac_Score	0.970276008492569	0.04920857112092172
Signac:Signac_Score	0.9723991507430998	0.04921555985385773
Signac:Signac_Score	0.9723991507430998	0.04910474965154927
Signac:Signac_Score	0.9723991507430998	0.04900492189171838
Signac:Signac_Score	0.9723991507430998	0.048905499199145754
Signac:Signac_Score	0.9723991507430998	0.04880647911338448
Signac:Signac_Score	0.9766454352441614	0.04891535516801361
Signac:Signac_Score	0.9766454352441614	0.04881154499151104
Signac:Signac_Score	0.9766454352441614	0.048713332627343
Signac:Signac_Score	0.9787685774946921	0.04872120059184105
Signac:Signac_Score	0.9787685774946921	0.04862356291530429
Signac:Signac_Score	0.9830148619957537	0.048736842105263155
Signac:Signac_Score	0.9830148619957537	0.048634453781512606
Signac:Signac_Score	0.9830148619957537	0.04853758255582346
Signac:Signac_Score	0.9830148619957537	0.04843602887331311
Signac:Signac_Score	0.9830148619957537	0.048334899258795284
Signac:Signac_Score	0.9830148619957537	0.04823419106156891
Signac:Signac_Score	0.9830148619957537	0.04813890621750884
Signac:Signac_Score	0.9830148619957537	0.04804399709453149
Signac:Signac_Score	0.9830148619957537	0.0479395319942017
Signac:Signac_Score	0.9851380042462845	0.047943790039264314
Signac:Signac_Score	0.9851380042462845	0.047844916477624254
Signac:Signac_Score	0.9851380042462845	0.047746449886807985
Signac:Signac_Score	0.9851380042462845	0.04764838775929349
Signac:Signac_Score	0.9851380042462845	0.04755072760811642
Signac:Signac_Score	0.9851380042462845	0.04745832054822543
Signac:Signac_Score	0.9851380042462845	0.04735660338844662
Signac:Signac_Score	0.9851380042462845	0.04725532131581627
Signac:Signac_Score	0.9851380042462845	0.04715926415286106
Signac:Signac_Score	0.9851380042462845	0.04706359671366264
Signac:Signac_Score	0.9872611464968153	0.04706477732793522
Signac:Signac_Score	0.9872611464968153	0.04697444186281442
Signac:Signac_Score	0.9872611464968153	0.04688445251058681
Signac:Signac_Score	0.9872611464968153	0.04679480728590118
Signac:Signac_Score	0.9872611464968153	0.04670081349804158
Signac:Signac_Score	0.9872611464968153	0.04659785549654274
Signac:Signac_Score	0.9893842887473461	0.046609321864372874
Signac:Signac_Score	0.9915074309978769	0.04662074473395228
Signac:Signac_Score	0.9915074309978769	0.04652321179517832
Signac:Signac_Score	0.9936305732484076	0.0465301252734142
Signac:Signac_Score	0.9936305732484076	0.04643778527485612
Signac:Signac_Score	0.9936305732484076	0.046336633663366336
Signac:Signac_Score	0.9936305732484076	0.046249629410020754
Signac:Signac_Score	0.9936305732484076	0.04616295127244032
Signac:Signac_Score	0.9936305732484076	0.04607206142941524
Signac:Signac_Score	0.9936305732484076	0.04598152878758106
Signac:Signac_Score	0.9978768577494692	0.04609198783956066
Signac:Signac_Score	0.9978768577494692	0.046001761769599685
Signac:Signac_Score	0.9978768577494692	0.045907403789802695
Signac:Signac_Score	0.9978768577494692	0.04580896686159844
Signac:Signac_Score	0.9978768577494692	0.04571095117681385
Signac:Signac_Score	0.9978768577494692	0.045622209279751504
Signac:Signac_Score	0.9978768577494692	0.04552940036811005
Signac:Signac_Score	0.9978768577494692	0.045441361307164266
Signac:Signac_pvalue	0.0021231422505307855	1.0
Signac:Signac_pvalue	0.03397027600849257	0.7619047619047619
Signac:Signac_pvalue	0.055201698513800426	0.6190476190476191
Signac:Signac_pvalue	0.07006369426751592	0.5409836065573771
Signac:Signac_pvalue	0.09554140127388536	0.5625
Signac:Signac_pvalue	0.11040339702760085	0.5252525252525253
Signac:Signac_pvalue	0.12738853503184713	0.5084745762711864
Signac:Signac_pvalue	0.13588110403397027	0.463768115942029
Signac:Signac_pvalue	0.14861995753715498	0.445859872611465
Signac:Signac_pvalue	0.1613588110403397	0.42696629213483145
Signac:Signac_pvalue	0.17197452229299362	0.4090909090909091
Signac:Signac_pvalue	0.18046709129511676	0.391705069124424
Signac:Signac_pvalue	0.18471337579617833	0.3686440677966102
Signac:Signac_pvalue	0.19532908704883228	0.3607843137254902
Signac:Signac_pvalue	0.20382165605095542	0.35036496350364965
Signac:Signac_pvalue	0.21019108280254778	0.336734693877551
Signac:Signac_pvalue	0.21868365180467092	0.3259493670886076
Signac:Signac_pvalue	0.22505307855626328	0.3164179104477612
Signac:Signac_pvalue	0.22717622080679406	0.3022598870056497
Signac:Signac_pvalue	0.23142250530785563	0.29222520107238603
Signac:Signac_pvalue	0.24203821656050956	0.2900763358778626
Signac:Signac_pvalue	0.2526539278131635	0.28883495145631066
Signac:Signac_pvalue	0.2653927813163482	0.28868360277136257
Signac:Signac_pvalue	0.27176220806794055	0.2831858407079646
Signac:Signac_pvalue	0.2760084925690021	0.2748414376321353
Signac:Signac_pvalue	0.2823779193205945	0.2703252032520325
Signac:Signac_pvalue	0.2823779193205945	0.2602739726027397
Signac:Signac_pvalue	0.28450106157112526	0.2523540489642185
Signac:Signac_pvalue	0.28874734607218683	0.24727272727272728
Signac:Signac_pvalue	0.2951167728237792	0.24385964912280703
Signac:Signac_pvalue	0.29723991507430997	0.23688663282571912
Signac:Signac_pvalue	0.29936305732484075	0.23076923076923078
Signac:Signac_pvalue	0.30148619957537154	0.22503961965134706
Signac:Signac_pvalue	0.3036093418259023	0.2196620583717358
Signac:Signac_pvalue	0.3078556263269639	0.21609538002980627
Signac:Signac_pvalue	0.3099787685774947	0.21128798842257598
Signac:Signac_pvalue	0.31422505307855625	0.2084507042253521
Signac:Signac_pvalue	0.31634819532908703	0.20438957475994513
Signac:Signac_pvalue	0.3184713375796178	0.20026702269692923
Signac:Signac_pvalue	0.3205944798301486	0.1961038961038961
Signac:Signac_pvalue	0.32696390658174096	0.1949367088607595
Signac:Signac_pvalue	0.3354564755838641	0.19506172839506172
Signac:Signac_pvalue	0.3375796178343949	0.19156626506024096
Signac:Signac_pvalue	0.33970276008492567	0.18801410105757932
Signac:Signac_pvalue	0.34394904458598724	0.18620689655172415
Signac:Signac_pvalue	0.3524416135881104	0.1860986547085202
Signac:Signac_pvalue	0.35456475583864117	0.18311403508771928
Signac:Signac_pvalue	0.35668789808917195	0.17967914438502675
Signac:Signac_pvalue	0.35881104033970274	0.17677824267782427
Signac:Signac_pvalue	0.35881104033970274	0.17333333333333334
Signac:Signac_pvalue	0.3630573248407643	0.1716867469879518
Signac:Signac_pvalue	0.3651804670912951	0.16945812807881774
Signac:Signac_pvalue	0.3673036093418259	0.16682738669238187
Signac:Signac_pvalue	0.3673036093418259	0.16382575757575757
Signac:Signac_pvalue	0.36942675159235666	0.16186046511627908
Signac:Signac_pvalue	0.37367303609341823	0.16073059360730593
Signac:Signac_pvalue	0.3842887473460722	0.162041181736795
Signac:Signac_pvalue	0.3842887473460722	0.15919085312225154
Signac:Signac_pvalue	0.39065817409766457	0.15889464594127806
Signac:Signac_pvalue	0.39278131634819535	0.15677966101694915
Signac:Signac_pvalue	0.39278131634819535	0.15416666666666667
Signac:Signac_pvalue	0.3991507430997877	0.1540983606557377
Signac:Signac_pvalue	0.40552016985138006	0.15415657788539144
Signac:Signac_pvalue	0.40764331210191085	0.15250198570293885
Signac:Signac_pvalue	0.4118895966029724	0.15179968701095461
Signac:Signac_pvalue	0.4118895966029724	0.14946070878274267
Signac:Signac_pvalue	0.4140127388535032	0.1479514415781487
Signac:Signac_pvalue	0.4140127388535032	0.14573991031390135
Signac:Signac_pvalue	0.4140127388535032	0.14369933677229182
Signac:Signac_pvalue	0.416135881104034	0.14223512336719885
Signac:Signac_pvalue	0.42250530785562634	0.14244810307802433
Signac:Signac_pvalue	0.42462845010615713	0.14104372355430184
Signac:Signac_pvalue	0.4267515923566879	0.13987473903966596
Signac:Signac_pvalue	0.4288747346072187	0.1386410432395333
Signac:Signac_pvalue	0.4288747346072187	0.13685636856368563
Signac:Signac_pvalue	0.4288747346072187	0.1351170568561873
Signac:Signac_pvalue	0.43312101910828027	0.13465346534653466
Signac:Signac_pvalue	0.43524416135881105	0.13355048859934854
Signac:Signac_pvalue	0.43736730360934184	0.13247588424437298
Signac:Signac_pvalue	0.43736730360934184	0.1306277742549144
Signac:Signac_pvalue	0.4394904458598726	0.12969924812030076
Signac:Signac_pvalue	0.4416135881104034	0.12871287128712872
Signac:Signac_pvalue	0.445859872611465	0.12836185819070906
Signac:Signac_pvalue	0.45010615711252655	0.12794206397103197
Signac:Signac_pvalue	0.4543524416135881	0.12753277711561384
Signac:Signac_pvalue	0.4543524416135881	0.12603062426383982
Signac:Signac_pvalue	0.4564755838641189	0.12514551804423749
Signac:Signac_pvalue	0.4585987261146497	0.1242093156986774
Signac:Signac_pvalue	0.4607218683651805	0.12322544009085747
Signac:Signac_pvalue	0.46284501061571126	0.12226584408300617
Signac:Signac_pvalue	0.4692144373673036	0.12250554323725056
Signac:Signac_pvalue	0.4713375796178344	0.12164383561643835
Signac:Signac_pvalue	0.4713375796178344	0.12032520325203253
Signac:Signac_pvalue	0.47558386411889597	0.12017167381974249
Signac:Signac_pvalue	0.47770700636942676	0.11949017525225704
Signac:Signac_pvalue	0.47770700636942676	0.11823436678928008
Signac:Signac_pvalue	0.47770700636942676	0.11706555671175858
Signac:Signac_pvalue	0.47770700636942676	0.11591962905718702
Signac:Signac_pvalue	0.47983014861995754	0.11530612244897959
Signac:Signac_pvalue	0.47983014861995754	0.11419909044972208
Signac:Signac_pvalue	0.4819532908704883	0.11344327836081959
Signac:Signac_pvalue	0.4840764331210191	0.11275964391691394
Signac:Signac_pvalue	0.4861995753715499	0.1121999020088192
Signac:Signac_pvalue	0.4883227176220807	0.11159631246967491
Signac:Signac_pvalue	0.49469214437367304	0.11196540124939933
Signac:Signac_pvalue	0.4989384288747346	0.11190476190476191
Signac:Signac_pvalue	0.4989384288747346	0.11090136857008023
Signac:Signac_pvalue	0.5031847133757962	0.11085126286248831
Signac:Signac_pvalue	0.5074309978768577	0.11069939786938397
Signac:Signac_pvalue	0.5138004246284501	0.11106011932078935
Signac:Signac_pvalue	0.5159235668789809	0.11050477489768076
Signac:Signac_pvalue	0.5159235668789809	0.10945945945945947
Signac:Signac_pvalue	0.5180467091295117	0.10892857142857143
Signac:Signac_pvalue	0.5222929936305732	0.10889774236387782
Signac:Signac_pvalue	0.524416135881104	0.10833333333333334
Signac:Signac_pvalue	0.5265392781316348	0.10777922642329422
Signac:Signac_pvalue	0.5329087048832272	0.10814304179233089
Signac:Signac_pvalue	0.5329087048832272	0.10726495726495726
Signac:Signac_pvalue	0.5371549893842887	0.10720338983050848
Signac:Signac_pvalue	0.5392781316348195	0.10672268907563025
Signac:Signac_pvalue	0.5392781316348195	0.10578925447730113
Signac:Signac_pvalue	0.5435244161358811	0.10569777043765483
Signac:Signac_pvalue	0.5498938428874734	0.10606060606060606
Signac:Signac_pvalue	0.5520169851380042	0.10556232237109216
Signac:Signac_pvalue	0.5562632696390658	0.10556003223207092
Signac:Signac_pvalue	0.5583864118895966	0.10507391130643227
Signac:Signac_pvalue	0.5583864118895966	0.10419968304278922
Signac:Signac_pvalue	0.5583864118895966	0.10333988212180746
Signac:Signac_pvalue	0.5583864118895966	0.10257410296411856
Signac:Signac_pvalue	0.5583864118895966	0.10181958962446767
Signac:Signac_pvalue	0.5583864118895966	0.1009984639016897
Signac:Signac_pvalue	0.5605095541401274	0.10060975609756098
Signac:Signac_pvalue	0.564755838641189	0.10064320847521756
Signac:Signac_pvalue	0.564755838641189	0.09992486851990984
Signac:Signac_pvalue	0.564755838641189	0.09917971662938106
Signac:Signac_pvalue	0.5668789808917197	0.09874260355029586
Signac:Signac_pvalue	0.5690021231422505	0.09838472834067548
Signac:Signac_pvalue	0.5690021231422505	0.09766763848396501
Signac:Signac_pvalue	0.5732484076433121	0.09764918625678119
Signac:Signac_pvalue	0.5796178343949044	0.09798994974874371
Signac:Signac_pvalue	0.5817409766454352	0.09761311008193801
Signac:Signac_pvalue	0.5859872611464968	0.09762999646268129
Signac:Signac_pvalue	0.5859872611464968	0.09697821503865074
Signac:Signac_pvalue	0.5859872611464968	0.09626787582839205
Signac:Signac_pvalue	0.5902335456475584	0.09629373051610668
Signac:Signac_pvalue	0.5987261146496815	0.09704060564349622
Signac:Signac_pvalue	0.5987261146496815	0.09641025641025641
Signac:Signac_pvalue	0.5987261146496815	0.09578804347826086
Signac:Signac_pvalue	0.6008492569002123	0.09551130610867364
Signac:Signac_pvalue	0.6008492569002123	0.09487093530003353
Signac:Signac_pvalue	0.6029723991507431	0.09457209457209458
Signac:Signac_pvalue	0.6050955414012739	0.0942772080714522
Signac:Signac_pvalue	0.6050955414012739	0.09368836291913216
Signac:Signac_pvalue	0.6050955414012739	0.0930764206401045
Signac:Signac_pvalue	0.6050955414012739	0.09250243427458617
Signac:Signac_pvalue	0.6072186836518046	0.09222831344727507
Signac:Signac_pvalue	0.6072186836518046	0.09163729573854534
Signac:Signac_pvalue	0.6072186836518046	0.0910828025477707
Signac:Signac_pvalue	0.6093418259023354	0.09085153529597974
Signac:Signac_pvalue	0.6093418259023354	0.09030837004405286
Signac:Signac_pvalue	0.6093418259023354	0.08974358974358974
Signac:Signac_pvalue	0.6114649681528662	0.08952440161641281
Signac:Signac_pvalue	0.613588110403397	0.08928019771393265
Signac:Signac_pvalue	0.613588110403397	0.08873196192815475
Signac:Signac_pvalue	0.6178343949044586	0.08882783882783883
Signac:Signac_pvalue	0.6199575371549894	0.08861911987860395
Signac:Signac_pvalue	0.6242038216560509	0.08871454435727218
Signac:Signac_pvalue	0.6242038216560509	0.08812949640287769
Signac:Signac_pvalue	0.6242038216560509	0.08763040238450075
Signac:Signac_pvalue	0.6284501061571125	0.0877296976882039
Signac:Signac_pvalue	0.6284501061571125	0.08721272834413671
Signac:Signac_pvalue	0.6284501061571125	0.0867272194550249
Signac:Signac_pvalue	0.6284501061571125	0.08619685497961561
Signac:Signac_pvalue	0.6284501061571125	0.08569774174869717
Signac:Signac_pvalue	0.6305732484076433	0.08551684422689318
Signac:Signac_pvalue	0.6348195329087049	0.08555078683834048
Signac:Signac_pvalue	0.6411889596602972	0.08594194649971543
Signac:Signac_pvalue	0.643312101910828	0.08573853989813243
Signac:Signac_pvalue	0.6475583864118896	0.0858429496200394
Signac:Signac_pvalue	0.6475583864118896	0.08533855623950755
Signac:Signac_pvalue	0.6475583864118896	0.08484005563282336
Signac:Signac_pvalue	0.6475583864118896	0.08439402324294411
Signac:Signac_pvalue	0.6475583864118896	0.08392955421023665
Signac:Signac_pvalue	0.6475583864118896	0.08347016967706623
Signac:Signac_pvalue	0.6496815286624203	0.08331064524911516
Signac:Signac_pvalue	0.6496815286624203	0.0828819068255688
Signac:Signac_pvalue	0.6496815286624203	0.08241314301104229
Signac:Signac_pvalue	0.6496815286624203	0.08197160460755425
Signac:Signac_pvalue	0.6539278131634819	0.08206767918998135
Signac:Signac_pvalue	0.6539278131634819	0.08161102278749338
Signac:Signac_pvalue	0.6539278131634819	0.08120221460585289
Signac:Signac_pvalue	0.6539278131634819	0.08077629163388408
Signac:Signac_pvalue	0.6539278131634819	0.08037578288100208
Signac:Signac_pvalue	0.6560509554140127	0.08021806853582554
Signac:Signac_pvalue	0.6560509554140127	0.07980371900826447
Signac:Signac_pvalue	0.6560509554140127	0.07939362795477903
Signac:Signac_pvalue	0.6560509554140127	0.0789877300613497
Signac:Signac_pvalue	0.6560509554140127	0.07858596134282808
Signac:Signac_pvalue	0.6560509554140127	0.07818825910931174
Signac:Signac_pvalue	0.6560509554140127	0.07781415260639638
Signac:Signac_pvalue	0.6560509554140127	0.07742420446003508
Signac:Signac_pvalue	0.6560509554140127	0.07701894317048853
Signac:Signac_pvalue	0.6581740976645435	0.07688492063492064
Signac:Signac_pvalue	0.6624203821656051	0.07701802024191558
Signac:Signac_pvalue	0.6645435244161358	0.07688528617047409
Signac:Signac_pvalue	0.6645435244161358	0.07650941090197996
Signac:Signac_pvalue	0.6645435244161358	0.07615571776155718
Signac:Signac_pvalue	0.6645435244161358	0.07575024201355277
Signac:Signac_pvalue	0.6666666666666666	0.075626204238921
Signac:Signac_pvalue	0.6687898089171974	0.07552145768400863
Signac:Signac_pvalue	0.6709129511677282	0.07539966595084706
Signac:Signac_pvalue	0.673036093418259	0.07527903110900024
Signac:Signac_pvalue	0.6751592356687898	0.07514177693761814
Signac:Signac_pvalue	0.6751592356687898	0.07478833490122296
Signac:Signac_pvalue	0.6751592356687898	0.07445563099976586
Signac:Signac_pvalue	0.6772823779193206	0.07434164530412492
Signac:Signac_pvalue	0.6794055201698513	0.07421150278293136
Signac:Signac_pvalue	0.6794055201698513	0.07388593858231356
Signac:Signac_pvalue	0.6794055201698513	0.07354631119282923
Signac:Signac_pvalue	0.6794055201698513	0.07322654462242563
Signac:Signac_pvalue	0.6815286624203821	0.07312072892938497
Signac:Signac_pvalue	0.6836518046709129	0.07301587301587302
Signac:Signac_pvalue	0.6878980891719745	0.07313769751693003
Signac:Signac_pvalue	0.6878980891719745	0.07280898876404494
Signac:Signac_pvalue	0.6900212314225053	0.07270693512304251
Signac:Signac_pvalue	0.6900212314225053	0.07239919803965249
Signac:Signac_pvalue	0.692144373673036	0.07229984475493458
Signac:Signac_pvalue	0.692144373673036	0.07198056966217709
Signac:Signac_pvalue	0.6942675159235668	0.07188393053418334
Signac:Signac_pvalue	0.6942675159235668	0.07158493870402802
Signac:Signac_pvalue	0.6942675159235668	0.07127288578901482
Signac:Signac_pvalue	0.6942675159235668	0.07096354166666667
Signac:Signac_pvalue	0.6942675159235668	0.07064160725858717
Signac:Signac_pvalue	0.6963906581740976	0.07056798623063683
Signac:Signac_pvalue	0.6963906581740976	0.07025058899121868
Signac:Signac_pvalue	0.6963906581740976	0.06996587030716724
Signac:Signac_pvalue	0.6963906581740976	0.06968345018058211
Signac:Signac_pvalue	0.6963906581740976	0.0693886185741485
Signac:Signac_pvalue	0.6963906581740976	0.06911083017277707
Signac:Signac_pvalue	0.6963906581740976	0.06879194630872483
Signac:Signac_pvalue	0.70276008492569	0.06913116123642439
Signac:Signac_pvalue	0.7048832271762208	0.06905158069883527
Signac:Signac_pvalue	0.7070063694267515	0.06897265948632975
Signac:Signac_pvalue	0.7112526539278131	0.06911491644316071
Signac:Signac_pvalue	0.7133757961783439	0.0690505548705302
Signac:Signac_pvalue	0.7133757961783439	0.06878198567041965
Signac:Signac_pvalue	0.7133757961783439	0.06851549755301795
Signac:Signac_pvalue	0.7133757961783439	0.06823720552396426
Signac:Signac_pvalue	0.7197452229299363	0.06858183289500304
Signac:Signac_pvalue	0.7197452229299363	0.0683054604070119
Signac:Signac_pvalue	0.7197452229299363	0.06803130644190247
Signac:Signac_pvalue	0.7197452229299363	0.06777289084366253
Signac:Signac_pvalue	0.7197452229299363	0.06750298685782556
Signac:Signac_pvalue	0.7197452229299363	0.06722189173111243
Signac:Signac_pvalue	0.7197452229299363	0.06695634999012443
Signac:Signac_pvalue	0.721868365180467	0.06690279417552145
Signac:Signac_pvalue	0.7239915074309978	0.06684963732601451
Signac:Signac_pvalue	0.7239915074309978	0.0666015625
Signac:Signac_pvalue	0.7282377919320594	0.06671853724956234
Signac:Signac_pvalue	0.7282377919320594	0.06645998837434605
Signac:Signac_pvalue	0.7282377919320594	0.06619065997684291
Signac:Signac_pvalue	0.7282377919320594	0.0659361783929258
Signac:Signac_pvalue	0.7303609341825902	0.0658751436231329
Signac:Signac_pvalue	0.7303609341825902	0.06563632894485785
Signac:Signac_pvalue	0.7303609341825902	0.06538680859152253
Signac:Signac_pvalue	0.7303609341825902	0.06513917818594964
Signac:Signac_pvalue	0.732484076433121	0.06508205998868138
Signac:Signac_pvalue	0.732484076433121	0.06482525366403608
Signac:Signac_pvalue	0.732484076433121	0.06457046603032005
Signac:Signac_pvalue	0.7346072186836518	0.06451612903225806
Signac:Signac_pvalue	0.7346072186836518	0.06428836863619472
Signac:Signac_pvalue	0.7346072186836518	0.06403849713122339
Signac:Signac_pvalue	0.7346072186836518	0.06381409074142383
Signac:Signac_pvalue	0.7367303609341825	0.06377504135269252
Signac:Signac_pvalue	0.7367303609341825	0.06355311355311355
Signac:Signac_pvalue	0.7367303609341825	0.06333272494980836
Signac:Signac_pvalue	0.7388535031847133	0.06329574390687523
Signac:Signac_pvalue	0.7430997876857749	0.06344027551205365
Signac:Signac_pvalue	0.7430997876857749	0.06322254335260116
Signac:Signac_pvalue	0.7430997876857749	0.06299496040316775
Signac:Signac_pvalue	0.7430997876857749	0.06278026905829596
Signac:Signac_pvalue	0.7430997876857749	0.06254467476769121
Signac:Signac_pvalue	0.7452229299363057	0.06251113089937667
Signac:Signac_pvalue	0.7452229299363057	0.06228926353149956
Signac:Signac_pvalue	0.7452229299363057	0.06205799151343706
Signac:Signac_pvalue	0.7452229299363057	0.06183932346723044
Signac:Signac_pvalue	0.7473460721868365	0.06179775280898876
Signac:Signac_pvalue	0.7473460721868365	0.0615923009623797
Signac:Signac_pvalue	0.7494692144373672	0.06156260899895361
Signac:Signac_pvalue	0.7494692144373672	0.061359290804797496
Signac:Signac_pvalue	0.7515923566878981	0.06130931763075857
Signac:Signac_pvalue	0.7537154989384289	0.06128085620576558
Signac:Signac_pvalue	0.7537154989384289	0.06107001548253914
Signac:Signac_pvalue	0.7537154989384289	0.060860620606891826
Signac:Signac_pvalue	0.7537154989384289	0.06065265675721852
Signac:Signac_pvalue	0.7558386411889597	0.06060606060606061
Signac:Signac_pvalue	0.7558386411889597	0.06040040719375636
Signac:Signac_pvalue	0.7579617834394905	0.06037544393708777
Signac:Signac_pvalue	0.7600849256900213	0.06035064059339177
Signac:Signac_pvalue	0.7622080679405521	0.060315860215053765
Signac:Signac_pvalue	0.7622080679405521	0.060123932339641604
Signac:Signac_pvalue	0.7643312101910829	0.06009013520280421
Signac:Signac_pvalue	0.7685774946921444	0.060232945091514146
Signac:Signac_pvalue	0.7685774946921444	0.060043124896334385
Signac:Signac_pvalue	0.7685774946921444	0.059854497354497355
Signac:Signac_pvalue	0.7685774946921444	0.05966705126091973
Signac:Signac_pvalue	0.7685774946921444	0.05948077555044364
Signac:Signac_pvalue	0.7685774946921444	0.059256834179080044
Signac:Signac_pvalue	0.7685774946921444	0.05904420159843419
Signac:Signac_pvalue	0.7707006369426752	0.05900520156046814
Signac:Signac_pvalue	0.7707006369426752	0.058823529411764705
Signac:Signac_pvalue	0.7707006369426752	0.05864297253634895
Signac:Signac_pvalue	0.772823779193206	0.05861513687600644
Signac:Signac_pvalue	0.772823779193206	0.05843634612297319
Signac:Signac_pvalue	0.772823779193206	0.05824931989118259
Signac:Signac_pvalue	0.772823779193206	0.05802646261756735
Signac:Signac_pvalue	0.772823779193206	0.05784204671857619
Signac:Signac_pvalue	0.7770700636942676	0.05797560589260257
Signac:Signac_pvalue	0.7791932059447984	0.05794126934006947
Signac:Signac_pvalue	0.7813163481953291	0.057925389579726115
Signac:Signac_pvalue	0.7813163481953291	0.057734546595544396
Signac:Signac_pvalue	0.7813163481953291	0.05756295948693884
Signac:Signac_pvalue	0.7834394904458599	0.05752143413873734
Signac:Signac_pvalue	0.7834394904458599	0.05735156978551446
Signac:Signac_pvalue	0.7834394904458599	0.057173845677099475
Signac:Signac_pvalue	0.7855626326963907	0.05716051289973737
Signac:Signac_pvalue	0.7855626326963907	0.056993222427603206
Signac:Signac_pvalue	0.7898089171974523	0.05713408078636154
Signac:Signac_pvalue	0.7898089171974523	0.056967840735068914
Signac:Signac_pvalue	0.7919320594479831	0.05695526034509085
Signac:Signac_pvalue	0.7919320594479831	0.0567818541634952
Signac:Signac_pvalue	0.7919320594479831	0.056618093503339406
Signac:Signac_pvalue	0.7940552016985138	0.05659806295399516
Signac:Signac_pvalue	0.7961783439490446	0.05658669081032141
Signac:Signac_pvalue	0.7961783439490446	0.05642491724345471
Signac:Signac_pvalue	0.7961783439490446	0.05624718764061797
Signac:Signac_pvalue	0.7961783439490446	0.05606219165794588
Signac:Signac_pvalue	0.7983014861995754	0.05602741767247802
Signac:Signac_pvalue	0.8004246284501062	0.05600118835412953
Signac:Signac_pvalue	0.8004246284501062	0.0558187740598164
Signac:Signac_pvalue	0.8046709129511678	0.05595747822235346
Signac:Signac_pvalue	0.8046709129511678	0.055792727808037686
Signac:Signac_pvalue	0.8089171974522293	0.05593071051086318
Signac:Signac_pvalue	0.8110403397027601	0.05591334894613583
Signac:Signac_pvalue	0.8110403397027601	0.05575014594279042
Signac:Signac_pvalue	0.8110403397027601	0.055595983117450155
Signac:Signac_pvalue	0.8110403397027601	0.05544267053701016
Signac:Signac_pvalue	0.8110403397027601	0.05529020118685772
Signac:Signac_pvalue	0.8152866242038217	0.05542725173210162
Signac:Signac_pvalue	0.8152866242038217	0.055275658557650785
Signac:Signac_pvalue	0.8174097664543525	0.05526051385101191
Signac:Signac_pvalue	0.8195329087048833	0.05524545584657221
Signac:Signac_pvalue	0.8195329087048833	0.05509563231515843
Signac:Signac_pvalue	0.8195329087048833	0.05492316448491747
Signac:Signac_pvalue	0.8195329087048833	0.054775081595004965
Signac:Signac_pvalue	0.8195329087048833	0.05462779507500708
Signac:Signac_pvalue	0.821656050955414	0.0546070269507549
Signac:Signac_pvalue	0.821656050955414	0.054461018857303686
Signac:Signac_pvalue	0.821656050955414	0.054308167274768455
Signac:Signac_pvalue	0.8237791932059448	0.05429610971172684
Signac:Signac_pvalue	0.8259023354564756	0.05426897321428571
Signac:Signac_pvalue	0.8280254777070064	0.05426464449700849
Signac:Signac_pvalue	0.8280254777070064	0.05411405577910365
Signac:Signac_pvalue	0.8280254777070064	0.053964300539643004
Signac:Signac_pvalue	0.8301486199575372	0.05395336001103905
Signac:Signac_pvalue	0.832271762208068	0.05394990366088632
Signac:Signac_pvalue	0.832271762208068	0.05380181169365907
Signac:Signac_pvalue	0.832271762208068	0.053661875427789184
Signac:Signac_pvalue	0.832271762208068	0.05351535836177474
Signac:Signac_pvalue	0.832271762208068	0.05337690631808279
Signac:Signac_pvalue	0.832271762208068	0.053239168817058265
Signac:Signac_pvalue	0.8343949044585988	0.05323760498509889
Signac:Signac_pvalue	0.8365180467091295	0.0532360491825429
Signac:Signac_pvalue	0.8365180467091295	0.05309973045822102
Signac:Signac_pvalue	0.8365180467091295	0.05296410807904288
Signac:Signac_pvalue	0.8365180467091295	0.052829176722982034
Signac:Signac_pvalue	0.8365180467091295	0.052694931122107797
Signac:Signac_pvalue	0.8365180467091295	0.05256136606189968
Signac:Signac_pvalue	0.8365180467091295	0.052428476380572187
Signac:Signac_pvalue	0.8365180467091295	0.05228931652289317
Signac:Signac_pvalue	0.8365180467091295	0.05215089344804765
Signac:Signac_pvalue	0.8365180467091295	0.05201320132013201
Signac:Signac_pvalue	0.8365180467091295	0.051883065578087965
Signac:Signac_pvalue	0.8365180467091295	0.05175357940365165
Signac:Signac_pvalue	0.8386411889596603	0.051755765199161426
Signac:Signac_pvalue	0.8428874734607219	0.051888642007580706
Signac:Signac_pvalue	0.8428874734607219	0.05175335679833138
Signac:Signac_pvalue	0.8428874734607219	0.0516187751917826
Signac:Signac_pvalue	0.8428874734607219	0.05149156939040207
Signac:Signac_pvalue	0.8450106157112527	0.05148105031690596
Signac:Signac_pvalue	0.8471337579617835	0.051483870967741936
Signac:Signac_pvalue	0.8471337579617835	0.05135796112755824
Signac:Signac_pvalue	0.8492569002123143	0.05136106831022085
Signac:Signac_pvalue	0.8535031847133758	0.05149225054438324
Signac:Signac_pvalue	0.8556263269639066	0.05149501661129568
Signac:Signac_pvalue	0.8556263269639066	0.051357206575761434
Signac:Signac_pvalue	0.8577494692144374	0.05136028476989575
Signac:Signac_pvalue	0.8577494692144374	0.05122353239508051
Signac:Signac_pvalue	0.8577494692144374	0.05110043005312421
Signac:Signac_pvalue	0.8577494692144374	0.050977917981072554
Signac:Signac_pvalue	0.8577494692144374	0.05084959093769666
Signac:Signac_pvalue	0.8598726114649682	0.05085384229030638
Signac:Signac_pvalue	0.8598726114649682	0.05073280721533258
Signac:Signac_pvalue	0.8598726114649682	0.05061234691327168
Signac:Signac_pvalue	0.8598726114649682	0.05047987037267855
Signac:Signac_pvalue	0.861995753715499	0.050484953991544394
Signac:Signac_pvalue	0.8641188959660298	0.0504774897680764
Signac:Signac_pvalue	0.8662420382165605	0.05047630830137325
Signac:Signac_pvalue	0.8662420382165605	0.05035793631202172
Signac:Signac_pvalue	0.8704883227176221	0.05047396282161763
Signac:Signac_pvalue	0.8726114649681529	0.05047279872282942
Signac:Signac_pvalue	0.8726114649681529	0.05034913634693128
Signac:Signac_pvalue	0.8726114649681529	0.050219941348973604
Signac:Signac_pvalue	0.8726114649681529	0.05010362062660002
Signac:Signac_pvalue	0.8747346072186837	0.05009727626459144
Signac:Signac_pvalue	0.8768577494692145	0.05009704027171276
Signac:Signac_pvalue	0.8789808917197452	0.050102868207672756
