cell,call
bc1_1,bc1
bc1_2,bc1
bc1_3,bc1
bc1_4,bc1
bc1_5,bc1
bc1_6,bc1
bc1_7,bc1
bc1_8,bc1
bc1_9,bc1
bc1_10,bc1
bc1_11,bc1
bc1_12,bc1
bc1_13,bc1
bc1_14,bc1
bc1_15,bc1
bc1_16,bc1
bc1_17,bc1
bc1_18,bc1
bc1_19,bc1
bc1_20,bc1
bc1_21,bc1
bc1_22,bc1
bc1_23,bc1
bc1_24,bc1
bc1_25,bc1
bc1_26,bc1
bc1_27,bc1
bc1_28,bc1
bc1_29,bc1
bc1_30,bc1
bc1_31,bc1
bc1_32,bc1
bc1_33,bc1
bc1_34,bc1
bc1_35,bc1
bc1_36,bc1
bc1_37,bc1
bc1_38,bc1
bc1_39,bc1
bc1_40,bc1
bc1_41,bc1
bc1_42,bc1
bc1_43,bc1
bc1_44,bc1
bc1_45,bc1
bc1_46,bc1
bc1_47,bc1
bc1_48,bc1
bc1_49,bc1
bc1_50,bc1
bc1_51,bc1
bc1_52,bc1
bc1_53,bc1
bc1_54,bc1
bc1_55,bc1
bc1_56,bc1
bc1_57,bc1
bc1_58,bc1
bc1_59,bc1
bc1_60,bc1
bc1_61,bc1
bc1_62,bc1
bc1_63,bc1
bc1_64,bc1
bc1_65,bc1
bc1_66,bc1
bc1_67,bc1
bc1_68,bc1
bc1_69,bc1
bc1_70,bc1
bc1_71,bc1
bc1_72,bc1
bc1_73,bc1
bc1_74,bc1
bc1_75,bc1
bc1_76,bc1
bc1_77,bc1
bc1_78,bc1
bc1_79,bc1
bc1_80,bc1
bc1_81,bc1
bc1_82,bc1
bc1_83,bc1
bc1_84,bc1
bc1_85,bc1
bc1_86,bc1
bc1_87,bc1
bc1_88,bc1
bc1_89,bc1
bc1_90,bc1
bc1_91,bc1
bc1_92,bc1
bc1_93,bc1
bc1_94,bc1
bc1_95,bc1
bc1_96,bc1
bc1_97,bc1
bc1_98,bc1
bc1_99,bc1
bc1_100,bc1
bc1_101,bc1
bc1_102,bc1
bc1_103,bc1
bc1_104,bc1
bc1_105,bc1
bc1_106,bc1
bc1_107,bc1
bc1_108,bc1
bc1_109,bc1
bc1_110,bc1
bc1_111,bc1
bc1_112,bc1
bc1_113,bc1
bc1_114,bc1
bc1_115,bc1
bc1_116,bc1
bc1_117,bc1
bc1_118,bc1
bc1_119,bc1
bc1_120,bc1
bc1_121,bc1
bc1_122,bc1
bc1_123,bc1
bc1_124,bc1
bc1_125,bc1
bc1_126,bc1
bc1_127,bc1
bc1_128,bc1
bc1_129,bc1
bc1_130,bc1
bc1_131,bc1
bc1_132,bc1
bc1_133,bc1
bc1_134,bc1
bc1_135,bc1
bc1_136,bc1
bc1_137,bc1
bc1_138,bc1
bc1_139,bc1
bc1_140,bc1
bc1_141,bc1
bc1_142,bc1
bc1_143,bc1
bc1_144,bc1
bc1_145,bc1
bc1_146,bc1
bc1_147,bc1
bc1_148,bc1
bc1_149,bc1
bc1_150,bc1
bc1_151,bc1
bc1_152,bc1
bc1_153,bc1
bc1_154,bc1
bc1_155,bc1
bc1_156,bc1
bc1_157,bc1
bc1_158,bc1
bc1_159,bc1
bc1_160,bc1
bc1_161,bc1
bc1_162,bc1
bc1_163,bc1
bc1_164,bc1
bc1_165,bc1
bc1_166,bc1
bc1_167,bc1
bc1_168,bc1
bc1_169,bc1
bc1_170,bc1
bc1_171,bc1
bc1_172,bc1
bc1_173,bc1
bc1_174,bc1
bc1_175,bc1
bc1_176,bc1
bc1_177,bc1
bc1_178,bc1
bc1_179,bc1
bc1_180,bc1
bc1_181,bc1
bc1_182,bc1
bc1_183,bc1
bc1_184,bc1
bc1_185,bc1
bc1_186,bc1
bc1_187,bc1
bc1_188,bc1
bc1_189,bc1
bc1_190,bc1
bc1_191,bc1
bc1_192,bc1
bc1_193,bc1
bc1_194,bc1
bc1_195,bc1
bc1_196,bc1
bc1_197,bc1
bc1_198,bc1
bc1_199,bc1
bc1_200,bc1
bc1_201,bc1
bc1_202,bc1
bc1_203,bc1
bc1_204,bc1
bc1_205,bc1
bc1_206,bc1
bc1_207,bc1
bc1_208,bc1
bc1_209,bc1
bc1_210,bc1
bc1_211,bc1
bc1_212,bc1
bc1_213,bc1
bc1_214,bc1
bc1_215,bc1
bc1_216,bc1
bc1_217,bc1
bc1_218,bc1
bc1_219,bc1
bc1_220,bc1
bc1_221,bc1
bc1_222,bc1
bc1_223,bc1
bc1_224,bc1
bc1_225,bc1
bc1_226,bc1
bc1_227,bc1
bc1_228,bc1
bc1_229,bc1
bc1_230,bc1
bc1_231,bc1
bc1_232,bc1
bc1_233,bc1
bc1_234,bc1
bc1_235,bc1
bc1_236,bc1
bc1_237,bc1
bc1_238,bc1
bc1_239,bc1
bc1_240,bc1
bc1_241,bc1
bc1_242,bc1
bc1_243,bc1
bc1_244,bc1
bc1_245,bc1
bc1_246,bc1
bc1_247,bc1
bc1_248,bc1
bc1_249,bc1
bc1_250,bc1
bc1_251,bc1
bc1_252,bc1
bc1_253,bc1
bc1_254,bc1
bc1_255,bc1
bc1_256,bc1
bc1_257,bc1
bc1_258,bc1
bc1_259,bc1
bc1_260,bc1
bc1_261,bc1
bc1_262,bc1
bc1_263,bc1
bc1_264,bc1
bc1_265,bc1
bc1_266,bc1
bc1_267,bc1
bc1_268,bc1
bc1_269,bc1
bc1_270,bc1
bc1_271,bc1
bc1_272,bc1
bc1_273,bc1
bc1_274,bc1
bc1_275,bc1
bc1_276,bc1
bc1_277,bc1
bc1_278,bc1
bc1_279,bc1
bc1_280,bc1
bc1_281,bc1
bc1_282,bc1
bc1_283,bc1
bc1_284,bc1
bc1_285,bc1
bc1_286,bc1
bc1_287,bc1
bc1_288,bc1
bc1_289,bc1
bc1_290,bc1
bc1_291,bc1
bc1_292,bc1
bc1_293,bc1
bc1_294,bc1
bc1_295,bc1
bc1_296,bc1
bc1_297,bc1
bc1_298,bc1
bc1_299,bc1
bc1_300,bc1
bc1_301,bc1
bc1_302,bc1
bc1_303,bc1
bc1_304,bc1
bc1_305,bc1
bc1_306,bc1
bc1_307,bc1
bc1_308,bc1
bc1_309,bc1
bc1_310,bc1
bc1_311,bc1
bc1_312,bc1
bc1_313,bc1
bc1_314,bc1
bc1_315,bc1
bc1_316,bc1
bc1_317,bc1
bc1_318,bc1
bc1_319,bc1
bc1_320,bc1
bc1_321,bc1
bc1_322,bc1
bc1_323,bc1
bc1_324,bc1
bc1_325,bc1
bc1_326,bc1
bc1_327,bc1
bc1_328,bc1
bc1_329,bc1
bc1_330,bc1
bc1_331,bc1
bc1_332,bc1
bc1_333,bc1
bc1_334,bc1
bc1_335,bc1
bc1_336,bc1
bc1_337,bc1
bc1_338,bc1
bc1_339,bc1
bc1_340,bc1
bc1_341,bc1
bc1_342,bc1
bc1_343,bc1
bc1_344,bc1
bc1_345,bc1
bc1_346,bc1
bc1_347,bc1
bc1_348,bc1
bc1_349,bc1
bc1_350,bc1
bc1_351,bc1
bc1_352,bc1
bc1_353,bc1
bc1_354,bc1
bc1_355,bc1
bc1_356,bc1
bc1_357,bc1
bc1_358,bc1
bc1_359,bc1
bc1_360,bc1
bc1_361,bc1
bc1_362,bc1
bc1_363,bc1
bc1_364,bc1
bc1_365,bc1
bc1_366,bc1
bc1_367,bc1
bc1_368,bc1
bc1_369,bc1
bc1_370,bc1
bc1_371,bc1
bc1_372,bc1
bc1_373,bc1
bc1_374,bc1
bc1_375,bc1
bc1_376,bc1
bc1_377,bc1
bc1_378,bc1
bc1_379,bc1
bc1_380,bc1
bc1_381,bc1
bc1_382,bc1
bc1_383,bc1
bc1_384,bc1
bc1_385,bc1
bc1_386,bc1
bc1_387,bc1
bc1_388,bc1
bc1_389,bc1
bc1_390,bc1
bc1_391,bc1
bc1_392,bc1
bc1_393,bc1
bc1_394,bc1
bc1_395,bc1
bc1_396,bc1
bc1_397,bc1
bc1_398,bc1
bc1_399,bc1
bc1_400,bc1
bc1_401,bc1
bc1_402,bc1
bc1_403,bc1
bc1_404,bc1
bc1_405,bc1
bc1_406,bc1
bc1_407,bc1
bc1_408,bc1
bc1_409,bc1
bc1_410,bc1
bc1_411,bc1
bc1_412,bc1
bc1_413,bc1
bc1_414,bc1
bc1_415,bc1
bc1_416,bc1
bc1_417,bc1
bc1_418,bc1
bc1_419,bc1
bc1_420,bc1
bc1_421,bc1
bc1_422,bc1
bc1_423,bc1
bc1_424,bc1
bc1_425,bc1
bc1_426,bc1
bc1_427,bc1
bc1_428,bc1
bc1_429,bc1
bc1_430,bc1
bc1_431,bc1
bc1_432,bc1
bc1_433,bc1
bc1_434,bc1
bc1_435,bc1
bc1_436,bc1
bc1_437,bc1
bc1_438,bc1
bc1_439,bc1
bc1_440,bc1
bc1_441,bc1
bc1_442,bc1
bc1_443,bc1
bc1_444,bc1
bc1_445,bc1
bc1_446,bc1
bc1_447,bc1
bc1_448,bc1
bc1_449,bc1
bc1_450,bc1
bc1_451,bc1
bc1_452,bc1
bc1_453,bc1
bc1_454,bc1
bc1_455,bc1
bc1_456,bc1
bc1_457,bc1
bc1_458,bc1
bc1_459,bc1
bc1_460,bc1
bc1_461,bc1
bc1_462,bc1
bc1_463,bc1
bc1_464,bc1
bc1_465,bc1
bc1_466,bc1
bc1_467,bc1
bc1_468,bc1
bc1_469,bc1
bc1_470,bc1
bc1_471,bc1
bc1_472,bc1
bc1_473,bc1
bc1_474,bc1
bc1_475,bc1
bc1_476,bc1
bc1_477,bc1
bc1_478,bc1
bc1_479,bc1
bc1_480,bc1
bc1_481,bc1
bc1_482,bc1
bc1_483,bc1
bc1_484,bc1
bc1_485,bc1
bc1_486,bc1
bc1_487,bc1
bc1_488,bc1
bc1_489,bc1
bc1_490,bc1
bc1_491,bc1
bc1_492,bc1
bc1_493,bc1
bc1_494,bc1
bc1_495,bc1
bc1_496,bc1
bc1_497,bc1
bc1_498,bc1
bc1_499,bc1
bc1_500,bc1
bc1_501,bc1
bc1_502,bc1
bc1_503,bc1
bc1_504,bc1
bc1_505,bc1
bc1_506,bc1
bc1_507,bc1
bc1_508,bc1
bc1_509,bc1
bc1_510,bc1
bc1_511,bc1
bc1_512,bc1
bc1_513,bc1
bc1_514,bc1
bc1_515,bc1
bc1_516,bc1
bc1_517,bc1
bc1_518,bc1
bc1_519,bc1
bc1_520,bc1
bc1_521,bc1
bc1_522,bc1
bc1_523,bc1
bc1_524,bc1
bc1_525,bc1
bc1_526,bc1
bc1_527,bc1
bc1_528,bc1
bc1_529,bc1
bc1_530,bc1
bc1_531,bc1
bc1_532,bc1
bc1_533,bc1
bc1_534,bc1
bc1_535,bc1
bc1_536,bc1
bc1_537,bc1
bc1_538,bc1
bc1_539,bc1
bc1_540,bc1
bc1_541,bc1
bc1_542,bc1
bc1_543,bc1
bc1_544,bc1
bc1_545,bc1
bc1_546,bc1
bc1_547,bc1
bc1_548,bc1
bc1_549,bc1
bc1_550,bc1
bc1_551,bc1
bc1_552,bc1
bc1_553,bc1
bc1_554,bc1
bc1_555,bc1
bc1_556,bc1
bc1_557,bc1
bc1_558,bc1
bc1_559,bc1
bc1_560,bc1
bc1_561,bc1
bc1_562,bc1
bc1_563,bc1
bc1_564,bc1
bc1_565,bc1
bc1_566,bc1
bc1_567,bc1
bc1_568,bc1
bc1_569,bc1
bc1_570,bc1
bc1_571,bc1
bc1_572,bc1
bc1_573,bc1
bc1_574,bc1
bc1_575,bc1
bc1_576,bc1
bc1_577,bc1
bc1_578,bc1
bc1_579,bc1
bc1_580,bc1
bc1_581,bc1
bc1_582,bc1
bc1_583,bc1
bc1_584,bc1
bc1_585,bc1
bc1_586,bc1
bc1_587,bc1
bc1_588,bc1
bc1_589,bc1
bc1_590,bc1
bc1_591,bc1
bc1_592,bc1
bc1_593,bc1
bc1_594,bc1
bc1_595,bc1
bc1_596,bc1
bc1_597,bc1
bc1_598,bc1
bc1_599,bc1
bc1_600,bc1
bc1_601,bc1
bc1_602,bc1
bc1_603,bc1
bc1_604,bc1
bc1_605,bc1
bc1_606,bc1
bc1_607,bc1
bc1_608,bc1
bc1_609,bc1
bc1_610,bc1
bc1_611,bc1
bc1_612,bc1
bc1_613,bc1
bc1_614,bc1
bc1_615,bc1
bc1_616,bc1
bc1_617,bc1
bc1_618,bc1
bc1_619,bc1
bc1_620,bc1
bc1_621,bc1
bc1_622,bc1
bc1_623,bc1
bc1_624,bc1
bc1_625,bc1
bc1_626,bc1
bc1_627,bc1
bc1_628,bc1
bc1_629,bc1
bc1_630,bc1
bc1_631,bc1
bc1_632,bc1
bc1_633,bc1
bc1_634,bc1
bc1_635,bc1
bc1_636,bc1
bc1_637,bc1
bc1_638,bc1
bc1_639,bc1
bc1_640,bc1
bc1_641,bc1
bc1_642,bc1
bc1_643,bc1
bc1_644,bc1
bc1_645,bc1
bc1_646,bc1
bc1_647,bc1
bc1_648,bc1
bc1_649,bc1
bc1_650,bc1
bc1_651,bc1
bc1_652,bc1
bc1_653,bc1
bc1_654,bc1
bc1_655,bc1
bc1_656,bc1
bc1_657,bc1
bc1_658,bc1
bc1_659,bc1
bc1_660,bc1
bc1_661,bc1
bc1_662,bc1
bc1_663,bc1
bc1_664,bc1
bc1_665,bc1
bc1_666,bc1
bc1_667,bc1
bc1_668,bc1
bc1_669,bc1
bc1_670,bc1
bc1_671,bc1
bc1_672,bc1
bc1_673,bc1
bc1_674,bc1
bc1_675,bc1
bc1_676,bc1
bc1_677,bc1
bc1_678,bc1
bc1_679,bc1
bc1_680,bc1
bc1_681,bc1
bc1_682,bc1
bc1_683,bc1
bc1_684,bc1
bc1_685,bc1
bc1_686,bc1
bc1_687,bc1
bc1_688,bc1
bc1_689,bc1
bc1_690,bc1
bc1_691,bc1
bc1_692,bc1
bc1_693,bc1
bc1_694,bc1
bc1_695,bc1
bc1_696,bc1
bc1_697,bc1
bc1_698,bc1
bc1_699,bc1
bc1_700,bc1
bc1_701,bc1
bc1_702,bc1
bc1_703,bc1
bc1_704,bc1
bc1_705,bc1
bc1_706,bc1
bc1_707,bc1
bc1_708,bc1
bc1_709,bc1
bc1_710,bc1
bc1_711,bc1
bc1_712,bc1
bc1_713,bc1
bc1_714,bc1
bc1_715,bc1
bc1_716,bc1
bc1_717,bc1
bc1_718,bc1
bc1_719,bc1
bc1_720,bc1
bc1_721,bc1
bc1_722,bc1
bc1_723,bc1
bc1_724,bc1
bc1_725,bc1
bc1_726,bc1
bc1_727,bc1
bc1_728,bc1
bc1_729,bc1
bc1_730,bc1
bc1_731,bc1
bc1_732,bc1
bc1_733,bc1
bc1_734,bc1
bc1_735,bc1
bc1_736,bc1
bc1_737,bc1
bc1_738,bc1
bc1_739,bc1
bc1_740,bc1
bc1_741,bc1
bc1_742,bc1
bc1_743,bc1
bc1_744,bc1
bc1_745,bc1
bc1_746,bc1
bc1_747,bc1
bc1_748,bc1
bc1_749,bc1
bc1_750,bc1
bc1_751,bc1
bc1_752,bc1
bc1_753,bc1
bc1_754,bc1
bc1_755,bc1
bc1_756,bc1
bc1_757,bc1
bc1_758,bc1
bc1_759,bc1
bc1_760,bc1
bc1_761,bc1
bc1_762,bc1
bc1_763,bc1
bc1_764,bc1
bc1_765,bc1
bc1_766,bc1
bc1_767,bc1
bc1_768,bc1
bc1_769,bc1
bc1_770,bc1
bc1_771,bc1
bc1_772,bc1
bc1_773,bc1
bc1_774,bc1
bc1_775,bc1
bc1_776,bc1
bc1_777,bc1
bc1_778,bc1
bc1_779,bc1
bc1_780,bc1
bc1_781,bc1
bc1_782,bc1
bc1_783,bc1
bc1_784,bc1
bc1_785,bc1
bc1_786,bc1
bc1_787,bc1
bc1_788,bc1
bc1_789,bc1
bc1_790,bc1
bc1_791,bc1
bc1_792,bc1
bc1_793,bc1
bc1_794,bc1
bc1_795,bc1
bc1_796,bc1
bc1_797,bc1
bc1_798,bc1
bc1_799,bc1
bc1_800,bc1
bc1_801,bc1
bc1_802,bc1
bc1_803,bc1
bc1_804,bc1
bc1_805,bc1
bc1_806,bc1
bc1_807,bc1
bc1_808,bc1
bc1_809,bc1
bc1_810,bc1
bc1_811,bc1
bc1_812,bc1
bc1_813,bc1
bc1_814,bc1
bc1_815,bc1
bc1_816,bc1
bc1_817,bc1
bc1_818,bc1
bc1_819,bc1
bc1_820,bc1
bc1_821,bc1
bc1_822,bc1
bc1_823,bc1
bc1_824,bc1
bc1_825,bc1
bc1_826,bc1
bc1_827,bc1
bc1_828,bc1
bc1_829,bc1
bc1_830,bc1
bc1_831,bc1
bc1_832,bc1
bc1_833,bc1
bc1_834,bc1
bc1_835,bc1
bc1_836,bc1
bc1_837,bc1
bc1_838,bc1
bc1_839,bc1
bc1_840,bc1
bc1_841,bc1
bc1_842,bc1
bc1_843,bc1
bc1_844,bc1
bc1_845,bc1
bc1_846,bc1
bc1_847,bc1
bc1_848,bc1
bc1_849,bc1
bc1_850,bc1
bc1_851,bc1
bc1_852,bc1
bc1_853,bc1
bc1_854,bc1
bc1_855,bc1
bc1_856,bc1
bc1_857,bc1
bc1_858,bc1
bc1_859,bc1
bc1_860,bc1
bc1_861,bc1
bc1_862,bc1
bc1_863,bc1
bc1_864,bc1
bc1_865,bc1
bc1_866,bc1
bc1_867,bc1
bc1_868,bc1
bc1_869,bc1
bc1_870,bc1
bc1_871,bc1
bc1_872,bc1
bc1_873,bc1
bc1_874,bc1
bc1_875,bc1
bc1_876,bc1
bc1_877,bc1
bc1_878,bc1
bc1_879,bc1
bc1_880,bc1
bc1_881,bc1
bc1_882,bc1
bc1_883,bc1
bc1_884,bc1
bc1_885,bc1
bc1_886,bc1
bc1_887,bc1
bc1_888,bc1
bc1_889,bc1
bc1_890,bc1
bc1_891,bc1
bc1_892,bc1
bc1_893,bc1
bc1_894,bc1
bc1_895,bc1
bc1_896,bc1
bc1_897,bc1
bc1_898,bc1
bc1_899,bc1
bc1_900,bc1
bc1_901,bc1
bc1_902,bc1
bc1_903,bc1
bc1_904,bc1
bc1_905,bc1
bc1_906,bc1
bc1_907,bc1
bc1_908,bc1
bc1_909,bc1
bc1_910,bc1
bc1_911,bc1
bc1_912,bc1
bc1_913,bc1
bc1_914,bc1
bc1_915,bc1
bc1_916,bc1
bc1_917,bc1
bc1_918,bc1
bc1_919,bc1
bc1_920,bc1
bc1_921,bc1
bc1_922,bc1
bc1_923,bc1
bc1_924,bc1
bc1_925,bc1
bc1_926,bc1
bc1_927,bc1
bc1_928,bc1
bc1_929,bc1
bc1_930,bc1
bc1_931,bc1
bc1_932,bc1
bc1_933,bc1
bc1_934,bc1
bc1_935,bc1
bc1_936,bc1
bc1_937,bc1
bc1_938,bc1
bc1_939,bc1
bc1_940,bc1
bc1_941,bc1
bc1_942,bc1
bc1_943,bc1
bc1_944,bc1
bc1_945,bc1
bc1_946,bc1
bc1_947,bc1
bc1_948,bc1
bc1_949,bc1
bc1_950,bc1
bc1_951,bc1
bc1_952,bc1
bc1_953,bc1
bc1_954,bc1
bc1_955,bc1
bc1_956,bc1
bc1_957,bc1
bc1_958,bc1
bc1_959,bc1
bc1_960,bc1
bc1_961,bc1
bc1_962,bc1
bc1_963,bc1
bc1_964,bc1
bc1_965,bc1
bc1_966,bc1
bc1_967,bc1
bc1_968,bc1
bc1_969,bc1
bc1_970,bc1
bc1_971,bc1
bc1_972,bc1
bc1_973,bc1
bc1_974,bc1
bc1_975,bc1
bc1_976,bc1
bc1_977,bc1
bc1_978,bc1
bc1_979,bc1
bc1_980,bc1
bc1_981,bc1
bc1_982,bc1
bc1_983,bc1
bc1_984,bc1
bc1_985,bc1
bc1_986,bc1
bc1_987,bc1
bc1_988,bc1
bc1_989,bc1
bc1_990,bc1
bc1_991,bc1
bc1_992,bc1
bc1_993,bc1
bc1_994,bc1
bc1_995,bc1
bc1_996,bc1
bc1_997,bc1
bc1_998,bc1
bc1_999,bc1
bc1_1000,bc1
bc1_1001,bc1
bc1_1002,bc1
bc1_1003,bc1
bc1_1004,bc1
bc1_1005,bc1
bc1_1006,bc1
bc1_1007,bc1
bc1_1008,bc1
bc1_1009,bc1
bc1_1010,bc1
bc1_1011,bc1
bc1_1012,bc1
bc1_1013,bc1
bc1_1014,bc1
bc1_1015,bc1
bc1_1016,bc1
bc1_1017,bc1
bc1_1018,bc1
bc1_1019,bc1
bc1_1020,bc1
bc1_1021,bc1
bc1_1022,bc1
bc1_1023,bc1
bc1_1024,bc1
bc1_1025,bc1
bc1_1026,bc1
bc1_1027,bc1
bc1_1028,bc1
bc1_1029,bc1
bc1_1030,bc1
bc1_1031,bc1
bc1_1032,bc1
bc1_1033,bc1
bc1_1034,bc1
bc1_1035,bc1
bc1_1036,bc1
bc1_1037,bc1
bc1_1038,bc1
bc1_1039,bc1
bc1_1040,bc1
bc1_1041,bc1
bc1_1042,bc1
bc1_1043,bc1
bc1_1044,bc1
bc1_1045,bc1
bc1_1046,bc1
bc1_1047,bc1
bc1_1048,bc1
bc1_1049,bc1
bc1_1050,bc1
bc1_1051,bc1
bc1_1052,bc1
bc1_1053,bc1
bc1_1054,bc1
bc1_1055,bc1
bc1_1056,bc1
bc1_1057,bc1
bc1_1058,bc1
bc1_1059,bc1
bc1_1060,bc1
bc1_1061,bc1
bc1_1062,bc1
bc1_1063,bc1
bc1_1064,bc1
bc1_1065,bc1
bc1_1066,bc1
bc1_1067,bc1
bc1_1068,bc1
bc1_1069,bc1
bc1_1070,bc1
bc1_1071,bc1
bc1_1072,bc1
bc1_1073,bc1
bc1_1074,bc1
bc1_1075,bc1
bc1_1076,bc1
bc1_1077,bc1
bc1_1078,bc1
bc1_1079,bc1
bc1_1080,bc1
bc1_1081,bc1
bc1_1082,bc1
bc1_1083,bc1
bc1_1084,bc1
bc1_1085,bc1
bc1_1086,bc1
bc1_1087,bc1
bc1_1088,bc1
bc1_1089,bc1
bc1_1090,bc1
bc1_1091,bc1
bc1_1092,bc1
bc1_1093,bc1
bc1_1094,bc1
bc1_1095,bc1
bc1_1096,bc1
bc1_1097,bc1
bc1_1098,bc1
bc1_1099,bc1
bc1_1100,bc1
bc1_1101,bc1
bc1_1102,bc1
bc1_1103,bc1
bc1_1104,bc1
bc1_1105,bc1
bc1_1106,bc1
bc1_1107,bc1
bc1_1108,bc1
bc1_1109,bc1
bc1_1110,bc1
bc1_1111,bc1
bc1_1112,bc1
bc1_1113,bc1
bc1_1114,bc1
bc1_1115,bc1
bc1_1116,bc1
bc1_1117,bc1
bc1_1118,bc1
bc1_1119,bc1
bc1_1120,bc1
bc1_1121,bc1
bc1_1122,bc1
bc1_1123,bc1
bc1_1124,bc1
bc1_1125,bc1
bc1_1126,bc1
bc1_1127,bc1
bc1_1128,bc1
bc1_1129,bc1
bc1_1130,bc1
bc1_1131,bc1
bc1_1132,bc1
bc1_1133,bc1
bc1_1134,bc1
bc1_1135,bc1
bc1_1136,bc1
bc1_1137,bc1
bc1_1138,bc1
bc1_1139,bc1
bc1_1140,bc1
bc1_1141,bc1
bc1_1142,bc1
bc1_1143,bc1
bc1_1144,bc1
bc1_1145,bc1
bc1_1146,bc1
bc1_1147,bc1
bc1_1148,bc1
bc1_1149,bc1
bc1_1150,bc1
bc1_1151,bc1
bc1_1152,bc1
bc1_1153,bc1
bc1_1154,bc1
bc1_1155,bc1
bc1_1156,bc1
bc1_1157,bc1
bc1_1158,bc1
bc1_1159,bc1
bc1_1160,bc1
bc1_1161,bc1
bc1_1162,bc1
bc1_1163,bc1
bc1_1164,bc1
bc1_1165,bc1
bc1_1166,bc1
bc1_1167,bc1
bc1_1168,bc1
bc1_1169,bc1
bc1_1170,bc1
bc1_1171,bc1
bc1_1172,bc1
bc1_1173,bc1
bc1_1174,bc1
bc1_1175,bc1
bc1_1176,bc1
bc1_1177,bc1
bc1_1178,bc1
bc1_1179,bc1
bc1_1180,bc1
bc1_1181,bc1
bc1_1182,bc1
bc1_1183,bc1
bc1_1184,bc1
bc1_1185,bc1
bc1_1186,bc1
bc1_1187,bc1
bc1_1188,bc1
bc1_1189,bc1
bc1_1190,bc1
bc1_1191,bc1
bc1_1192,bc1
bc1_1193,bc1
bc1_1194,bc1
bc1_1195,bc1
bc1_1196,bc1
bc1_1197,bc1
bc1_1198,bc1
bc1_1199,bc1
bc1_1200,bc1
bc1_1201,bc1
bc1_1202,bc1
bc1_1203,bc1
bc1_1204,bc1
bc1_1205,bc1
bc1_1206,bc1
bc1_1207,bc1
bc1_1208,bc1
bc1_1209,bc1
bc1_1210,bc1
bc1_1211,bc1
bc1_1212,bc1
bc1_1213,bc1
bc1_1214,bc1
bc1_1215,bc1
bc1_1216,bc1
bc1_1217,bc1
bc1_1218,bc1
bc1_1219,bc1
bc1_1220,bc1
bc1_1221,bc1
bc1_1222,bc1
bc1_1223,bc1
bc1_1224,bc1
bc1_1225,bc1
bc1_1226,bc1
bc1_1227,bc1
bc1_1228,bc1
bc1_1229,bc1
bc1_1230,bc1
bc1_1231,bc1
bc1_1232,bc1
bc1_1233,bc1
bc1_1234,bc1
bc1_1235,bc1
bc1_1236,bc1
bc1_1237,bc1
bc1_1238,bc1
bc1_1239,bc1
bc1_1240,bc1
bc1_1241,bc1
bc1_1242,bc1
bc1_1243,bc1
bc1_1244,bc1
bc1_1245,bc1
bc1_1246,bc1
bc1_1247,bc1
bc1_1248,bc1
bc1_1249,bc1
bc1_1250,bc1
bc1_1251,bc1
bc1_1252,bc1
bc1_1253,bc1
bc1_1254,bc1
bc1_1255,bc1
bc1_1256,bc1
bc1_1257,bc1
bc1_1258,bc1
bc1_1259,bc1
bc1_1260,bc1
bc1_1261,bc1
bc1_1262,bc1
bc1_1263,bc1
bc1_1264,bc1
bc1_1265,bc1
bc1_1266,bc1
bc1_1267,bc1
bc1_1268,bc1
bc1_1269,bc1
bc1_1270,bc1
bc1_1271,bc1
bc1_1272,bc1
bc1_1273,bc1
bc1_1274,bc1
bc1_1275,bc1
bc1_1276,bc1
bc1_1277,bc1
bc1_1278,bc1
bc1_1279,bc1
bc1_1280,bc1
bc1_1281,bc1
bc1_1282,bc1
bc1_1283,bc1
bc1_1284,bc1
bc1_1285,bc1
bc1_1286,bc1
bc1_1287,bc1
bc1_1288,bc1
bc1_1289,bc1
bc1_1290,bc1
bc1_1291,bc1
bc1_1292,bc1
bc1_1293,bc1
bc1_1294,bc1
bc1_1295,bc1
bc1_1296,bc1
bc1_1297,bc1
bc1_1298,bc1
bc1_1299,bc1
bc1_1300,bc1
bc1_1301,bc1
bc1_1302,bc1
bc1_1303,bc1
bc1_1304,bc1
bc1_1305,bc1
bc1_1306,bc1
bc1_1307,bc1
bc1_1308,bc1
bc1_1309,bc1
bc1_1310,bc1
bc1_1311,bc1
bc1_1312,bc1
bc1_1313,bc1
bc1_1314,bc1
bc1_1315,bc1
bc1_1316,bc1
bc1_1317,bc1
bc1_1318,bc1
bc1_1319,bc1
bc1_1320,bc1
bc1_1321,bc1
bc1_1322,bc1
bc1_1323,bc1
bc1_1324,bc1
bc1_1325,bc1
bc1_1326,bc1
bc1_1327,bc1
bc1_1328,bc1
bc1_1329,bc1
bc1_1330,bc1
bc1_1331,bc1
bc2_1,bc2
bc2_2,bc2
bc2_3,bc2
bc2_4,bc2
bc2_5,bc2
bc2_6,bc2
bc2_7,bc2
bc2_8,bc2
bc2_9,bc2
bc2_10,bc2
bc2_11,bc2
bc2_12,bc2
bc2_13,bc2
bc2_14,bc2
bc2_15,bc2
bc2_16,bc2
bc2_17,bc2
bc2_18,bc2
bc2_19,bc2
bc2_20,bc2
bc2_21,bc2
bc2_22,bc2
bc2_23,bc2
bc2_24,bc2
bc2_25,bc2
bc2_26,bc2
bc2_27,bc2
bc2_28,bc2
bc2_29,bc2
bc2_30,bc2
bc2_31,bc2
bc2_32,bc2
bc2_33,bc2
bc2_34,bc2
bc2_35,bc2
bc2_36,bc2
bc2_37,bc2
bc2_38,bc2
bc2_39,bc2
bc2_40,bc2
bc2_41,bc2
bc2_42,bc2
bc2_43,bc2
bc2_44,bc2
bc2_45,bc2
bc2_46,bc2
bc2_47,bc2
bc2_48,bc2
bc2_49,bc2
bc2_50,bc2
bc2_51,bc2
bc2_52,bc2
bc2_53,bc2
bc2_54,bc2
bc2_55,bc2
bc2_56,bc2
bc2_57,bc2
bc2_58,bc2
bc2_59,bc2
bc2_60,bc2
bc2_61,bc2
bc2_62,bc2
bc2_63,bc2
bc2_64,bc2
bc2_65,bc2
bc2_66,bc2
bc2_67,bc2
bc2_68,bc2
bc2_69,bc2
bc2_70,bc2
bc2_71,bc2
bc2_72,bc2
bc2_73,bc2
bc2_74,bc2
bc2_75,bc2
bc2_76,bc2
bc2_77,bc2
bc2_78,bc2
bc2_79,bc2
bc2_80,bc2
bc2_81,bc2
bc2_82,bc2
bc2_83,bc2
bc2_84,bc2
bc2_85,bc2
bc2_86,bc2
bc2_87,bc2
bc2_88,bc2
bc2_89,bc2
bc2_90,bc2
bc2_91,bc2
bc2_92,bc2
bc2_93,bc2
bc2_94,bc2
bc2_95,bc2
bc2_96,bc2
bc2_97,bc2
bc2_98,bc2
bc2_99,bc2
bc2_100,bc2
bc2_101,bc2
bc2_102,bc2
bc2_103,bc2
bc2_104,bc2
bc2_105,bc2
bc2_106,bc2
bc2_107,bc2
bc2_108,bc2
bc2_109,bc2
bc2_110,bc2
bc2_111,bc2
bc2_112,bc2
bc2_113,bc2
bc2_114,bc2
bc2_115,bc2
bc2_116,bc2
bc2_117,bc2
bc2_118,bc2
bc2_119,bc2
bc2_120,bc2
bc2_121,bc2
bc2_122,bc2
bc2_123,bc2
bc2_124,bc2
bc2_125,bc2
bc2_126,bc2
bc2_127,bc2
bc2_128,bc2
bc2_129,bc2
bc2_130,bc2
bc2_131,bc2
bc2_132,bc2
bc2_133,bc2
bc2_134,bc2
bc2_135,bc2
bc2_136,bc2
bc2_137,bc2
bc2_138,bc2
bc2_139,bc2
bc2_140,bc2
bc2_141,bc2
bc2_142,bc2
bc2_143,bc2
bc2_144,bc2
bc2_145,bc2
bc2_146,bc2
bc2_147,bc2
bc2_148,bc2
bc2_149,bc2
bc2_150,bc2
bc2_151,bc2
bc2_152,bc2
bc2_153,bc2
bc2_154,bc2
bc2_155,bc2
bc2_156,bc2
bc2_157,bc2
bc2_158,bc2
bc2_159,bc2
bc2_160,bc2
bc2_161,bc2
bc2_162,bc2
bc2_163,bc2
bc2_164,bc2
bc2_165,bc2
bc2_166,bc2
bc2_167,bc2
bc2_168,bc2
bc2_169,bc2
bc2_170,bc2
bc2_171,bc2
bc2_172,bc2
bc2_173,bc2
bc2_174,bc2
bc2_175,bc2
bc2_176,bc2
bc2_177,bc2
bc2_178,bc2
bc2_179,bc2
bc2_180,bc2
bc2_181,bc2
bc2_182,bc2
bc2_183,bc2
bc2_184,bc2
bc2_185,bc2
bc2_186,bc2
bc2_187,bc2
bc2_188,bc2
bc2_189,bc2
bc2_190,bc2
bc2_191,bc2
bc2_192,bc2
bc2_193,bc2
bc2_194,bc2
bc2_195,bc2
bc2_196,bc2
bc2_197,bc2
bc2_198,bc2
bc2_199,bc2
bc2_200,bc2
bc2_201,bc2
bc2_202,bc2
bc2_203,bc2
bc2_204,bc2
bc2_205,bc2
bc2_206,bc2
bc2_207,bc2
bc2_208,bc2
bc2_209,bc2
bc2_210,bc2
bc2_211,bc2
bc2_212,bc2
bc2_213,bc2
bc2_214,bc2
bc2_215,bc2
bc2_216,bc2
bc2_217,bc2
bc2_218,bc2
bc2_219,bc2
bc2_220,bc2
bc2_221,bc2
bc2_222,bc2
bc2_223,bc2
bc2_224,bc2
bc2_225,bc2
bc2_226,bc2
bc2_227,bc2
bc2_228,bc2
bc2_229,bc2
bc2_230,bc2
bc2_231,bc2
bc2_232,bc2
bc2_233,bc2
bc2_234,bc2
bc2_235,bc2
bc2_236,bc2
bc2_237,bc2
bc2_238,bc2
bc2_239,bc2
bc2_240,bc2
bc2_241,bc2
bc2_242,bc2
bc2_243,bc2
bc2_244,bc2
bc2_245,bc2
bc2_246,bc2
bc2_247,bc2
bc2_248,bc2
bc2_249,bc2
bc2_250,bc2
bc2_251,bc2
bc2_252,bc2
bc2_253,bc2
bc2_254,bc2
bc2_255,bc2
bc2_256,bc2
bc2_257,bc2
bc2_258,bc2
bc2_259,bc2
bc2_260,bc2
bc2_261,bc2
bc2_262,bc2
bc2_263,bc2
bc2_264,bc2
bc2_265,bc2
bc2_266,bc2
bc2_267,bc2
bc2_268,bc2
bc2_269,bc2
bc2_270,bc2
bc2_271,bc2
bc2_272,bc2
bc2_273,bc2
bc2_274,bc2
bc2_275,bc2
bc2_276,bc2
bc2_277,bc2
bc2_278,bc2
bc2_279,bc2
bc2_280,bc2
bc2_281,bc2
bc2_282,bc2
bc2_283,bc2
bc2_284,bc2
bc2_285,bc2
bc2_286,bc2
bc2_287,bc2
bc2_288,bc2
bc2_289,bc2
bc2_290,bc2
bc2_291,bc2
bc2_292,bc2
bc2_293,bc2
bc2_294,bc2
bc2_295,bc2
bc2_296,bc2
bc2_297,bc2
bc2_298,bc2
bc2_299,bc2
bc2_300,bc2
bc2_301,bc2
bc2_302,bc2
bc2_303,bc2
bc2_304,bc2
bc2_305,bc2
bc2_306,bc2
bc2_307,bc2
bc2_308,bc2
bc2_309,bc2
bc2_310,bc2
bc2_311,bc2
bc2_312,bc2
bc2_313,bc2
bc2_314,bc2
bc2_315,bc2
bc2_316,bc2
bc2_317,bc2
bc2_318,bc2
bc2_319,bc2
bc2_320,bc2
bc2_321,bc2
bc2_322,bc2
bc2_323,bc2
bc2_324,bc2
bc2_325,bc2
bc2_326,bc2
bc2_327,bc2
bc2_328,bc2
bc2_329,bc2
bc2_330,bc2
bc2_331,bc2
bc2_332,bc2
bc2_333,bc2
bc2_334,bc2
bc2_335,bc2
bc2_336,bc2
bc2_337,bc2
bc2_338,bc2
bc2_339,bc2
bc2_340,bc2
bc2_341,bc2
bc2_342,bc2
bc2_343,bc2
bc2_344,bc2
bc2_345,bc2
bc2_346,bc2
bc2_347,bc2
bc2_348,bc2
bc2_349,bc2
bc2_350,bc2
bc2_351,bc2
bc2_352,bc2
bc2_353,bc2
bc2_354,bc2
bc2_355,bc2
bc2_356,bc2
bc2_357,bc2
bc2_358,bc2
bc2_359,bc2
bc2_360,bc2
bc2_361,bc2
bc2_362,bc2
bc2_363,bc2
bc2_364,bc2
bc2_365,bc2
bc2_366,bc2
bc2_367,bc2
bc2_368,bc2
bc2_369,bc2
bc2_370,bc2
bc2_371,bc2
bc2_372,bc2
bc2_373,bc2
bc2_374,bc2
bc2_375,bc2
bc2_376,bc2
bc2_377,bc2
bc2_378,bc2
bc2_379,bc2
bc2_380,bc2
bc2_381,bc2
bc2_382,bc2
bc2_383,bc2
bc2_384,bc2
bc2_385,bc2
bc2_386,bc2
bc2_387,bc2
bc2_388,bc2
bc2_389,bc2
bc2_390,bc2
bc2_391,bc2
bc2_392,bc2
bc2_393,bc2
bc2_394,bc2
bc2_395,bc2
bc2_396,bc2
bc2_397,bc2
bc2_398,bc2
bc2_399,bc2
bc2_400,bc2
bc2_401,bc2
bc2_402,bc2
bc2_403,bc2
bc2_404,bc2
bc2_405,bc2
bc2_406,bc2
bc2_407,bc2
bc2_408,bc2
bc2_409,bc2
bc2_410,bc2
bc2_411,bc2
bc2_412,bc2
bc2_413,bc2
bc2_414,bc2
bc2_415,bc2
bc2_416,bc2
bc2_417,bc2
bc2_418,bc2
bc2_419,bc2
bc2_420,bc2
bc2_421,bc2
bc2_422,bc2
bc2_423,bc2
bc2_424,bc2
bc2_425,bc2
bc2_426,bc2
bc2_427,bc2
bc2_428,bc2
bc2_429,bc2
bc2_430,bc2
bc2_431,bc2
bc2_432,bc2
bc2_433,bc2
bc2_434,bc2
bc2_435,bc2
bc2_436,bc2
bc2_437,bc2
bc2_438,bc2
bc2_439,bc2
bc2_440,bc2
bc2_441,bc2
bc2_442,bc2
bc2_443,bc2
bc2_444,bc2
bc2_445,bc2
bc2_446,bc2
bc2_447,bc2
bc2_448,bc2
bc2_449,bc2
bc2_450,bc2
bc2_451,bc2
bc2_452,bc2
bc2_453,bc2
bc2_454,bc2
bc2_455,bc2
bc2_456,bc2
bc2_457,bc2
bc2_458,bc2
bc2_459,bc2
bc2_460,bc2
bc2_461,bc2
bc2_462,bc2
bc2_463,bc2
bc2_464,bc2
bc2_465,bc2
bc2_466,bc2
bc2_467,bc2
bc2_468,bc2
bc2_469,bc2
bc2_470,bc2
bc2_471,bc2
bc2_472,bc2
bc2_473,bc2
bc2_474,bc2
bc2_475,bc2
bc2_476,bc2
bc2_477,bc2
bc2_478,bc2
bc2_479,bc2
bc2_480,bc2
bc2_481,bc2
bc2_482,bc2
bc2_483,bc2
bc2_484,bc2
bc2_485,bc2
bc2_486,bc2
bc2_487,bc2
bc2_488,bc2
bc2_489,bc2
bc2_490,bc2
bc2_491,bc2
bc2_492,bc2
bc2_493,bc2
bc2_494,bc2
bc2_495,bc2
bc2_496,bc2
bc2_497,bc2
bc2_498,bc2
bc2_499,bc2
bc2_500,bc2
bc2_501,bc2
bc2_502,bc2
bc2_503,bc2
bc2_504,bc2
bc2_505,bc2
bc2_506,bc2
bc2_507,bc2
bc2_508,bc2
bc2_509,bc2
bc2_510,bc2
bc2_511,bc2
bc2_512,bc2
bc2_513,bc2
bc2_514,bc2
bc2_515,bc2
bc2_516,bc2
bc2_517,bc2
bc2_518,bc2
bc2_519,bc2
bc2_520,bc2
bc2_521,bc2
bc2_522,bc2
bc2_523,bc2
bc2_524,bc2
bc2_525,bc2
bc2_526,bc2
bc2_527,bc2
bc2_528,bc2
bc2_529,bc2
bc2_530,bc2
bc2_531,bc2
bc2_532,bc2
bc2_533,bc2
bc2_534,bc2
bc2_535,bc2
bc2_536,bc2
bc2_537,bc2
bc2_538,bc2
bc2_539,bc2
bc2_540,bc2
bc2_541,bc2
bc2_542,bc2
bc2_543,bc2
bc2_544,bc2
bc2_545,bc2
bc2_546,bc2
bc2_547,bc2
bc2_548,bc2
bc2_549,bc2
bc2_550,bc2
bc2_551,bc2
bc2_552,bc2
bc2_553,bc2
bc2_554,bc2
bc2_555,bc2
bc2_556,bc2
bc2_557,bc2
bc2_558,bc2
bc2_559,bc2
bc2_560,bc2
bc2_561,bc2
bc2_562,bc2
bc2_563,bc2
bc2_564,bc2
bc2_565,bc2
bc2_566,bc2
bc2_567,bc2
bc2_568,bc2
bc2_569,bc2
bc2_570,bc2
bc2_571,bc2
bc2_572,bc2
bc2_573,bc2
bc2_574,bc2
bc2_575,bc2
bc2_576,bc2
bc2_577,bc2
bc2_578,bc2
bc2_579,bc2
bc2_580,bc2
bc2_581,bc2
bc2_582,bc2
bc2_583,bc2
bc2_584,bc2
bc2_585,bc2
bc2_586,bc2
bc2_587,bc2
bc2_588,bc2
bc2_589,bc2
bc2_590,bc2
bc2_591,bc2
bc2_592,bc2
bc2_593,bc2
bc2_594,bc2
bc2_595,bc2
bc2_596,bc2
bc2_597,bc2
bc2_598,bc2
bc2_599,bc2
bc2_600,bc2
bc2_601,bc2
bc2_602,bc2
bc2_603,bc2
bc2_604,bc2
bc2_605,bc2
bc2_606,bc2
bc2_607,bc2
bc2_608,bc2
bc2_609,bc2
bc2_610,bc2
bc2_611,bc2
bc2_612,bc2
bc2_613,bc2
bc2_614,bc2
bc2_615,bc2
bc2_616,bc2
bc2_617,bc2
bc2_618,bc2
bc2_619,bc2
bc2_620,bc2
bc2_621,bc2
bc2_622,bc2
bc2_623,bc2
bc2_624,bc2
bc2_625,bc2
bc2_626,bc2
bc2_627,bc2
bc2_628,bc2
bc2_629,bc2
bc2_630,bc2
bc2_631,bc2
bc2_632,bc2
bc2_633,bc2
bc2_634,bc2
bc2_635,bc2
bc2_636,bc2
bc2_637,bc2
bc2_638,bc2
bc2_639,bc2
bc2_640,bc2
bc2_641,bc2
bc2_642,bc2
bc2_643,bc2
bc2_644,bc2
bc2_645,bc2
bc2_646,bc2
bc2_647,bc2
bc2_648,bc2
bc2_649,bc2
bc2_650,bc2
bc2_651,bc2
bc2_652,bc2
bc2_653,bc2
bc2_654,bc2
bc2_655,bc2
bc2_656,bc2
bc2_657,bc2
bc2_658,bc2
bc2_659,bc2
bc2_660,bc2
bc2_661,bc2
bc2_662,bc2
bc2_663,bc2
bc2_664,bc2
bc2_665,bc2
bc2_666,bc2
bc2_667,bc2
bc2_668,bc2
bc2_669,bc2
bc2_670,bc2
bc2_671,bc2
bc2_672,bc2
bc2_673,bc2
bc2_674,bc2
bc2_675,bc2
bc2_676,bc2
bc2_677,bc2
bc2_678,bc2
bc2_679,bc2
bc2_680,bc2
bc2_681,bc2
bc2_682,bc2
bc2_683,bc2
bc2_684,bc2
bc2_685,bc2
bc2_686,bc2
bc2_687,bc2
bc2_688,bc2
bc2_689,bc2
bc2_690,bc2
bc2_691,bc2
bc2_692,bc2
bc2_693,bc2
bc2_694,bc2
bc2_695,bc2
bc2_696,bc2
bc2_697,bc2
bc2_698,bc2
bc2_699,bc2
bc2_700,bc2
bc2_701,bc2
bc2_702,bc2
bc2_703,bc2
bc2_704,bc2
bc2_705,bc2
bc2_706,bc2
bc2_707,bc2
bc2_708,bc2
bc2_709,bc2
bc2_710,bc2
bc2_711,bc2
bc2_712,bc2
bc2_713,bc2
bc2_714,bc2
bc2_715,bc2
bc2_716,bc2
bc2_717,bc2
bc2_718,bc2
bc2_719,bc2
bc2_720,bc2
bc2_721,bc2
bc2_722,bc2
bc2_723,bc2
bc2_724,bc2
bc2_725,bc2
bc2_726,bc2
bc2_727,bc2
bc2_728,bc2
bc2_729,bc2
bc2_730,bc2
bc2_731,bc2
bc2_732,bc2
bc2_733,bc2
bc2_734,bc2
bc2_735,bc2
bc2_736,bc2
bc2_737,bc2
bc3_1,bc3
bc3_2,bc3
bc3_3,bc3
bc3_4,bc3
bc3_5,bc3
bc3_6,bc3
bc3_7,bc3
bc3_8,bc3
bc3_9,bc3
bc3_10,bc3
bc3_11,bc3
bc3_12,bc3
bc3_13,bc3
bc3_14,bc3
bc3_15,bc3
bc3_16,bc3
bc3_17,bc3
bc3_18,bc3
bc3_19,bc3
bc3_20,bc3
bc3_21,bc3
bc3_22,bc3
bc3_23,bc3
bc3_24,bc3
bc3_25,bc3
bc3_26,bc3
bc3_27,bc3
bc3_28,bc3
bc3_29,bc3
bc3_30,bc3
bc3_31,bc3
bc3_32,bc3
bc3_33,bc3
bc3_34,bc3
bc3_35,bc3
bc3_36,bc3
bc3_37,bc3
bc3_38,bc3
bc3_39,bc3
bc3_40,bc3
bc3_41,bc3
bc3_42,bc3
bc3_43,bc3
bc3_44,bc3
bc3_45,bc3
bc3_46,bc3
bc3_47,bc3
bc3_48,bc3
bc3_49,bc3
bc3_50,bc3
bc3_51,bc3
bc3_52,bc3
bc3_53,bc3
bc3_54,bc3
bc3_55,bc3
bc3_56,bc3
bc3_57,bc3
bc3_58,bc3
bc3_59,bc3
bc3_60,bc3
bc3_61,bc3
bc3_62,bc3
bc3_63,bc3
bc3_64,bc3
bc3_65,bc3
bc3_66,bc3
bc3_67,bc3
bc3_68,bc3
bc3_69,bc3
bc3_70,bc3
bc3_71,bc3
bc3_72,bc3
bc3_73,bc3
bc3_74,bc3
bc3_75,bc3
bc3_76,bc3
bc3_77,bc3
bc3_78,bc3
bc3_79,bc3
bc3_80,bc3
bc3_81,bc3
bc3_82,bc3
bc3_83,bc3
bc3_84,bc3
bc3_85,bc3
bc3_86,bc3
bc3_87,bc3
bc3_88,bc3
bc3_89,bc3
bc3_90,bc3
bc3_91,bc3
bc3_92,bc3
bc3_93,bc3
bc3_94,bc3
bc3_95,bc3
bc3_96,bc3
bc3_97,bc3
bc3_98,bc3
bc3_99,bc3
bc3_100,bc3
bc3_101,bc3
bc3_102,bc3
bc3_103,bc3
bc3_104,bc3
bc3_105,bc3
bc3_106,bc3
bc3_107,bc3
bc3_108,bc3
bc3_109,bc3
bc3_110,bc3
bc3_111,bc3
bc3_112,bc3
bc3_113,bc3
bc3_114,bc3
bc3_115,bc3
bc3_116,bc3
bc3_117,bc3
bc3_118,bc3
bc3_119,bc3
bc3_120,bc3
bc3_121,bc3
bc3_122,bc3
bc3_123,bc3
bc3_124,bc3
bc3_125,bc3
bc3_126,bc3
bc3_127,bc3
bc3_128,bc3
bc3_129,bc3
bc3_130,bc3
bc3_131,bc3
bc3_132,bc3
bc3_133,bc3
bc3_134,bc3
bc3_135,bc3
bc3_136,bc3
bc3_137,bc3
bc3_138,bc3
bc3_139,bc3
bc3_140,bc3
bc3_141,bc3
bc3_142,bc3
bc3_143,bc3
bc3_144,bc3
bc3_145,bc3
bc3_146,bc3
bc3_147,bc3
bc3_148,bc3
bc3_149,bc3
bc3_150,bc3
bc3_151,bc3
bc3_152,bc3
bc3_153,bc3
bc3_154,bc3
bc3_155,bc3
bc3_156,bc3
bc3_157,bc3
bc3_158,bc3
bc3_159,bc3
bc3_160,bc3
bc3_161,bc3
bc3_162,bc3
bc3_163,bc3
bc3_164,bc3
bc3_165,bc3
bc3_166,bc3
bc3_167,bc3
bc3_168,bc3
bc3_169,bc3
bc3_170,bc3
bc3_171,bc3
bc3_172,bc3
bc3_173,bc3
bc3_174,bc3
bc3_175,bc3
bc3_176,bc3
bc3_177,bc3
bc3_178,bc3
bc3_179,bc3
bc3_180,bc3
bc3_181,bc3
bc3_182,bc3
bc3_183,bc3
bc3_184,bc3
bc3_185,bc3
bc3_186,bc3
bc3_187,bc3
bc3_188,bc3
bc3_189,bc3
bc3_190,bc3
bc3_191,bc3
bc3_192,bc3
bc3_193,bc3
bc3_194,bc3
bc3_195,bc3
bc3_196,bc3
bc3_197,bc3
bc3_198,bc3
bc3_199,bc3
bc3_200,bc3
bc3_201,bc3
bc3_202,bc3
bc3_203,bc3
bc3_204,bc3
bc3_205,bc3
bc3_206,bc3
bc3_207,bc3
bc3_208,bc3
bc3_209,bc3
bc3_210,bc3
bc3_211,bc3
bc3_212,bc3
bc3_213,bc3
bc3_214,bc3
bc3_215,bc3
bc3_216,bc3
bc3_217,bc3
bc3_218,bc3
bc3_219,bc3
bc3_220,bc3
bc3_221,bc3
bc3_222,bc3
bc3_223,bc3
bc3_224,bc3
bc3_225,bc3
bc3_226,bc3
bc3_227,bc3
bc3_228,bc3
bc3_229,bc3
bc3_230,bc3
bc3_231,bc3
bc3_232,bc3
bc3_233,bc3
bc3_234,bc3
bc3_235,bc3
bc3_236,bc3
bc3_237,bc3
bc3_238,bc3
bc3_239,bc3
bc3_240,bc3
bc3_241,bc3
bc3_242,bc3
bc3_243,bc3
bc3_244,bc3
bc3_245,bc3
bc3_246,bc3
bc3_247,bc3
bc3_248,bc3
bc3_249,bc3
bc3_250,bc3
bc3_251,bc3
bc3_252,bc3
bc3_253,bc3
bc3_254,bc3
bc3_255,bc3
bc3_256,bc3
bc3_257,bc3
bc3_258,bc3
bc3_259,bc3
bc3_260,bc3
bc3_261,bc3
bc3_262,bc3
bc3_263,bc3
bc3_264,bc3
bc3_265,bc3
bc3_266,bc3
bc3_267,bc3
bc3_268,bc3
bc3_269,bc3
bc3_270,bc3
bc3_271,bc3
bc3_272,bc3
bc3_273,bc3
bc3_274,bc3
bc3_275,bc3
bc3_276,bc3
bc3_277,bc3
bc3_278,bc3
bc3_279,bc3
bc3_280,bc3
bc3_281,bc3
bc3_282,bc3
bc3_283,bc3
bc3_284,bc3
bc3_285,bc3
bc3_286,bc3
bc3_287,bc3
bc3_288,bc3
bc3_289,bc3
bc3_290,bc3
bc3_291,bc3
bc3_292,bc3
bc3_293,bc3
bc3_294,bc3
bc3_295,bc3
bc3_296,bc3
bc3_297,bc3
bc3_298,bc3
bc3_299,bc3
bc3_300,bc3
bc3_301,bc3
bc3_302,bc3
bc3_303,bc3
bc3_304,bc3
bc3_305,bc3
bc3_306,bc3
bc3_307,bc3
bc3_308,bc3
bc3_309,bc3
bc3_310,bc3
bc3_311,bc3
bc3_312,bc3
bc3_313,bc3
bc3_314,bc3
bc3_315,bc3
bc3_316,bc3
bc3_317,bc3
bc3_318,bc3
bc3_319,bc3
bc3_320,bc3
bc3_321,bc3
bc3_322,bc3
bc3_323,bc3
bc3_324,bc3
bc3_325,bc3
bc3_326,bc3
bc3_327,bc3
bc3_328,bc3
bc3_329,bc3
bc3_330,bc3
bc3_331,bc3
bc3_332,bc3
bc3_333,bc3
bc3_334,bc3
bc3_335,bc3
bc3_336,bc3
bc3_337,bc3
bc3_338,bc3
bc3_339,bc3
bc3_340,bc3
bc3_341,bc3
bc3_342,bc3
bc3_343,bc3
bc3_344,bc3
bc3_345,bc3
bc3_346,bc3
bc3_347,bc3
bc3_348,bc3
bc3_349,bc3
bc3_350,bc3
bc3_351,bc3
bc3_352,bc3
bc3_353,bc3
bc3_354,bc3
bc3_355,bc3
bc3_356,bc3
bc3_357,bc3
bc3_358,bc3
bc3_359,bc3
bc3_360,bc3
bc3_361,bc3
bc3_362,bc3
bc3_363,bc3
bc3_364,bc3
bc3_365,bc3
bc3_366,bc3
bc3_367,bc3
bc3_368,bc3
bc3_369,bc3
bc3_370,bc3
bc3_371,bc3
bc3_372,bc3
bc3_373,bc3
bc3_374,bc3
bc3_375,bc3
bc3_376,bc3
bc3_377,bc3
bc3_378,bc3
bc3_379,bc3
bc3_380,bc3
bc3_381,bc3
bc3_382,bc3
bc3_383,bc3
bc3_384,bc3
bc3_385,bc3
bc3_386,bc3
bc3_387,bc3
bc3_388,bc3
bc3_389,bc3
bc3_390,bc3
bc3_391,bc3
bc3_392,bc3
bc3_393,bc3
bc3_394,bc3
bc3_395,bc3
bc3_396,bc3
bc3_397,bc3
bc3_398,bc3
bc3_399,bc3
bc3_400,bc3
bc3_401,bc3
bc3_402,bc3
bc3_403,bc3
bc3_404,bc3
bc3_405,bc3
bc3_406,bc3
bc3_407,bc3
bc3_408,bc3
bc3_409,bc3
bc3_410,bc3
bc3_411,bc3
bc3_412,bc3
bc3_413,bc3
bc3_414,bc3
bc3_415,bc3
bc3_416,bc3
bc3_417,bc3
bc3_418,bc3
bc3_419,bc3
bc3_420,bc3
bc3_421,bc3
bc3_422,bc3
bc3_423,bc3
bc3_424,bc3
bc3_425,bc3
bc3_426,bc3
bc3_427,bc3
bc3_428,bc3
bc3_429,bc3
bc3_430,bc3
bc3_431,bc3
bc3_432,bc3
bc3_433,bc3
bc3_434,bc3
bc3_435,bc3
bc3_436,bc3
bc3_437,bc3
bc3_438,bc3
bc3_439,bc3
bc3_440,bc3
bc3_441,bc3
bc3_442,bc3
bc3_443,bc3
bc3_444,bc3
bc3_445,bc3
bc3_446,bc3
bc3_447,bc3
bc3_448,bc3
bc3_449,bc3
bc3_450,bc3
bc3_451,bc3
bc3_452,bc3
bc3_453,bc3
bc3_454,bc3
bc3_455,bc3
bc3_456,bc3
bc3_457,bc3
bc3_458,bc3
bc3_459,bc3
bc3_460,bc3
bc3_461,bc3
bc3_462,bc3
bc3_463,bc3
bc3_464,bc3
bc3_465,bc3
bc3_466,bc3
bc3_467,bc3
bc3_468,bc3
bc3_469,bc3
bc3_470,bc3
bc3_471,bc3
bc3_472,bc3
bc3_473,bc3
bc3_474,bc3
bc3_475,bc3
bc3_476,bc3
bc3_477,bc3
bc3_478,bc3
bc3_479,bc3
bc3_480,bc3
bc3_481,bc3
bc3_482,bc3
bc3_483,bc3
bc3_484,bc3
bc3_485,bc3
bc3_486,bc3
bc3_487,bc3
bc3_488,bc3
bc3_489,bc3
bc3_490,bc3
bc3_491,bc3
bc3_492,bc3
bc3_493,bc3
bc3_494,bc3
bc3_495,bc3
bc3_496,bc3
bc3_497,bc3
bc3_498,bc3
bc3_499,bc3
bc3_500,bc3
bc3_501,bc3
bc3_502,bc3
bc3_503,bc3
bc3_504,bc3
bc3_505,bc3
bc3_506,bc3
bc3_507,bc3
bc3_508,bc3
bc3_509,bc3
bc3_510,bc3
bc3_511,bc3
bc3_512,bc3
bc3_513,bc3
bc3_514,bc3
bc3_515,bc3
bc3_516,bc3
bc3_517,bc3
bc3_518,bc3
bc3_519,bc3
bc3_520,bc3
bc3_521,bc3
bc3_522,bc3
bc3_523,bc3
bc3_524,bc3
bc3_525,bc3
bc3_526,bc3
bc3_527,bc3
bc3_528,bc3
bc3_529,bc3
bc3_530,bc3
bc3_531,bc3
bc3_532,bc3
bc3_533,bc3
bc3_534,bc3
bc3_535,bc3
bc3_536,bc3
bc3_537,bc3
bc3_538,bc3
bc3_539,bc3
bc3_540,bc3
bc3_541,bc3
bc3_542,bc3
bc3_543,bc3
bc3_544,bc3
bc3_545,bc3
bc3_546,bc3
bc3_547,bc3
bc3_548,bc3
bc3_549,bc3
bc3_550,bc3
bc3_551,bc3
bc3_552,bc3
bc3_553,bc3
bc3_554,bc3
bc3_555,bc3
bc3_556,bc3
bc3_557,bc3
bc3_558,bc3
bc3_559,bc3
bc3_560,bc3
bc3_561,bc3
bc3_562,bc3
bc3_563,bc3
bc3_564,bc3
bc3_565,bc3
bc3_566,bc3
bc3_567,bc3
bc3_568,bc3
bc3_569,bc3
bc3_570,bc3
bc3_571,bc3
bc3_572,bc3
bc3_573,bc3
bc3_574,bc3
bc3_575,bc3
bc3_576,bc3
bc3_577,bc3
bc3_578,bc3
bc3_579,bc3
bc3_580,bc3
bc3_581,bc3
bc3_582,bc3
bc3_583,bc3
bc3_584,bc3
bc3_585,bc3
bc3_586,bc3
bc3_587,bc3
bc3_588,bc3
bc3_589,bc3
bc3_590,bc3
bc3_591,bc3
bc3_592,bc3
bc3_593,bc3
bc3_594,bc3
bc3_595,bc3
bc3_596,bc3
bc3_597,bc3
bc3_598,bc3
bc3_599,bc3
bc3_600,bc3
bc3_601,bc3
bc3_602,bc3
bc3_603,bc3
bc3_604,bc3
bc3_605,bc3
bc3_606,bc3
bc3_607,bc3
bc3_608,bc3
bc3_609,bc3
bc3_610,bc3
bc3_611,bc3
bc3_612,bc3
bc3_613,bc3
bc3_614,bc3
bc3_615,bc3
bc3_616,bc3
bc3_617,bc3
bc3_618,bc3
bc3_619,bc3
bc3_620,bc3
bc3_621,bc3
bc3_622,bc3
bc3_623,bc3
bc3_624,bc3
bc3_625,bc3
bc3_626,bc3
bc3_627,bc3
bc3_628,bc3
bc3_629,bc3
bc3_630,bc3
bc3_631,bc3
bc3_632,bc3
bc3_633,bc3
bc3_634,bc3
bc3_635,bc3
bc3_636,bc3
bc3_637,bc3
bc3_638,bc3
bc3_639,bc3
bc3_640,bc3
bc3_641,bc3
bc3_642,bc3
bc3_643,bc3
bc3_644,bc3
bc3_645,bc3
bc3_646,bc3
bc3_647,bc3
bc3_648,bc3
bc3_649,bc3
bc3_650,bc3
bc3_651,bc3
bc3_652,bc3
bc3_653,bc3
bc3_654,bc3
bc3_655,bc3
bc3_656,bc3
bc3_657,bc3
bc3_658,bc3
bc3_659,bc3
bc3_660,bc3
bc3_661,bc3
bc3_662,bc3
bc3_663,bc3
bc3_664,bc3
bc3_665,bc3
bc3_666,bc3
bc3_667,bc3
bc3_668,bc3
bc3_669,bc3
bc3_670,bc3
bc3_671,bc3
bc3_672,bc3
bc3_673,bc3
bc3_674,bc3
bc3_675,bc3
bc3_676,bc3
bc3_677,bc3
bc3_678,bc3
bc3_679,bc3
bc3_680,bc3
bc3_681,bc3
bc3_682,bc3
bc3_683,bc3
bc3_684,bc3
bc3_685,bc3
bc3_686,bc3
bc3_687,bc3
bc3_688,bc3
bc3_689,bc3
bc3_690,bc3
bc3_691,bc3
bc3_692,bc3
bc3_693,bc3
bc3_694,bc3
bc3_695,bc3
bc3_696,bc3
bc3_697,bc3
bc3_698,bc3
bc3_699,bc3
bc3_700,bc3
bc3_701,bc3
bc3_702,bc3
bc3_703,bc3
bc3_704,bc3
bc3_705,bc3
bc3_706,bc3
bc3_707,bc3
bc3_708,bc3
bc3_709,bc3
bc3_710,bc3
bc3_711,bc3
bc3_712,bc3
bc3_713,bc3
bc3_714,bc3
bc3_715,bc3
bc3_716,bc3
bc3_717,bc3
bc3_718,bc3
bc3_719,bc3
bc3_720,bc3
bc3_721,bc3
bc3_722,bc3
bc3_723,bc3
bc3_724,bc3
bc3_725,bc3
bc3_726,bc3
bc3_727,bc3
bc3_728,bc3
bc3_729,bc3
bc3_730,bc3
bc3_731,bc3
bc3_732,bc3
bc3_733,bc3
bc3_734,bc3
bc3_735,bc3
bc3_736,bc3
bc3_737,bc3
bc3_738,bc3
bc3_739,bc3
bc3_740,bc3
bc3_741,bc3
bc3_742,bc3
bc3_743,bc3
bc3_744,bc3
bc3_745,bc3
bc3_746,bc3
bc3_747,bc3
bc3_748,bc3
bc3_749,bc3
bc3_750,bc3
bc3_751,bc3
bc3_752,bc3
bc3_753,bc3
bc3_754,bc3
bc3_755,bc3
bc3_756,bc3
bc3_757,bc3
bc3_758,bc3
bc3_759,bc3
bc3_760,bc3
bc3_761,bc3
bc3_762,bc3
bc3_763,bc3
bc3_764,bc3
bc3_765,bc3
bc3_766,bc3
bc3_767,bc3
bc3_768,bc3
bc3_769,bc3
bc3_770,bc3
bc3_771,bc3
bc3_772,bc3
bc3_773,bc3
bc3_774,bc3
bc3_775,bc3
bc3_776,bc3
bc3_777,bc3
bc3_778,bc3
bc3_779,bc3
bc3_780,bc3
bc3_781,bc3
bc3_782,bc3
bc3_783,bc3
bc3_784,bc3
bc3_785,bc3
bc3_786,bc3
bc3_787,bc3
bc3_788,bc3
bc3_789,bc3
bc3_790,bc3
bc3_791,bc3
bc3_792,bc3
bc3_793,bc3
bc3_794,bc3
bc3_795,bc3
bc3_796,bc3
bc3_797,bc3
bc3_798,bc3
bc3_799,bc3
bc3_800,bc3
bc3_801,bc3
bc3_802,bc3
bc3_803,bc3
bc3_804,bc3
bc3_805,bc3
bc3_806,bc3
bc3_807,bc3
bc3_808,bc3
bc3_809,bc3
bc3_810,bc3
bc3_811,bc3
bc3_812,bc3
bc3_813,bc3
bc3_814,bc3
bc3_815,bc3
bc3_816,bc3
bc3_817,bc3
bc3_818,bc3
bc3_819,bc3
bc3_820,bc3
bc3_821,bc3
bc3_822,bc3
bc3_823,bc3
bc3_824,bc3
bc3_825,bc3
bc3_826,bc3
bc3_827,bc3
bc3_828,bc3
bc3_829,bc3
bc3_830,bc3
bc3_831,bc3
bc3_832,bc3
bc3_833,bc3
bc3_834,bc3
bc3_835,bc3
bc3_836,bc3
bc3_837,bc3
bc3_838,bc3
bc3_839,bc3
bc3_840,bc3
bc3_841,bc3
bc3_842,bc3
bc3_843,bc3
bc3_844,bc3
bc3_845,bc3
bc3_846,bc3
bc3_847,bc3
bc3_848,bc3
bc3_849,bc3
bc3_850,bc3
bc3_851,bc3
bc3_852,bc3
bc3_853,bc3
bc3_854,bc3
bc3_855,bc3
bc3_856,bc3
bc3_857,bc3
bc3_858,bc3
bc3_859,bc3
bc3_860,bc3
bc3_861,bc3
bc3_862,bc3
bc3_863,bc3
bc3_864,bc3
bc3_865,bc3
bc3_866,bc3
bc3_867,bc3
bc3_868,bc3
bc3_869,bc3
bc3_870,bc3
bc3_871,bc3
bc3_872,bc3
bc3_873,bc3
bc3_874,bc3
bc3_875,bc3
bc3_876,bc3
bc3_877,bc3
bc3_878,bc3
bc3_879,bc3
bc3_880,bc3
bc3_881,bc3
bc3_882,bc3
bc3_883,bc3
bc3_884,bc3
bc3_885,bc3
bc3_886,bc3
bc3_887,bc3
bc3_888,bc3
bc3_889,bc3
bc3_890,bc3
bc3_891,bc3
bc3_892,bc3
bc3_893,bc3
bc3_894,bc3
bc3_895,bc3
bc3_896,bc3
bc3_897,bc3
bc3_898,bc3
bc3_899,bc3
bc3_900,bc3
bc3_901,bc3
bc3_902,bc3
bc3_903,bc3
bc3_904,bc3
bc3_905,bc3
bc3_906,bc3
bc3_907,bc3
bc3_908,bc3
bc3_909,bc3
bc3_910,bc3
bc3_911,bc3
bc3_912,bc3
bc3_913,bc3
bc3_914,bc3
bc3_915,bc3
bc3_916,bc3
bc3_917,bc3
bc3_918,bc3
bc3_919,bc3
bc3_920,bc3
bc3_921,bc3
bc3_922,bc3
bc3_923,bc3
bc3_924,bc3
bc3_925,bc3
bc3_926,bc3
bc3_927,bc3
bc3_928,bc3
bc3_929,bc3
bc3_930,bc3
bc3_931,bc3
bc3_932,bc3
bc3_933,bc3
bc3_934,bc3
bc3_935,bc3
bc3_936,bc3
bc3_937,bc3
bc3_938,bc3
bc3_939,bc3
bc3_940,bc3
bc3_941,bc3
bc3_942,bc3
bc3_943,bc3
bc3_944,bc3
bc3_945,bc3
bc3_946,bc3
bc3_947,bc3
bc3_948,bc3
bc3_949,bc3
bc3_950,bc3
bc3_951,bc3
bc3_952,bc3
bc3_953,bc3
bc3_954,bc3
bc3_955,bc3
bc3_956,bc3
bc3_957,bc3
bc3_958,bc3
bc3_959,bc3
bc3_960,bc3
bc3_961,bc3
bc3_962,bc3
bc3_963,bc3
bc3_964,bc3
bc3_965,bc3
bc3_966,bc3
bc3_967,bc3
bc3_968,bc3
bc3_969,bc3
bc3_970,bc3
bc3_971,bc3
bc3_972,bc3
bc3_973,bc3
bc3_974,bc3
bc3_975,bc3
bc3_976,bc3
bc3_977,bc3
bc3_978,bc3
bc3_979,bc3
bc3_980,bc3
bc3_981,bc3
bc3_982,bc3
bc3_983,bc3
bc3_984,bc3
bc3_985,bc3
bc3_986,bc3
bc3_987,bc3
bc3_988,bc3
bc3_989,bc3
bc3_990,bc3
bc3_991,bc3
bc3_992,bc3
bc3_993,bc3
bc3_994,bc3
bc3_995,bc3
bc3_996,bc3
bc3_997,bc3
bc3_998,bc3
bc3_999,bc3
bc3_1000,bc3
bc3_1001,bc3
bc3_1002,bc3
bc3_1003,bc3
bc3_1004,bc3
bc3_1005,bc3
bc3_1006,bc3
bc3_1007,bc3
bc3_1008,bc3
bc3_1009,bc3
bc3_1010,bc3
bc3_1011,bc3
bc3_1012,bc3
bc3_1013,bc3
bc3_1014,bc3
bc3_1015,bc3
bc3_1016,bc3
bc3_1017,bc3
bc3_1018,bc3
bc3_1019,bc3
bc3_1020,bc3
bc3_1021,bc3
bc3_1022,bc3
bc3_1023,bc3
bc3_1024,bc3
bc3_1025,bc3
bc3_1026,bc3
bc3_1027,bc3
bc3_1028,bc3
bc3_1029,bc3
bc3_1030,bc3
bc3_1031,bc3
bc3_1032,bc3
bc3_1033,bc3
bc3_1034,bc3
bc3_1035,bc3
bc3_1036,bc3
bc3_1037,bc3
bc3_1038,bc3
bc3_1039,bc3
bc3_1040,bc3
bc3_1041,bc3
bc3_1042,bc3
bc3_1043,bc3
bc3_1044,bc3
bc3_1045,bc3
bc3_1046,bc3
bc3_1047,bc3
bc3_1048,bc3
bc3_1049,bc3
bc3_1050,bc3
bc3_1051,bc3
bc3_1052,bc3
bc3_1053,bc3
bc3_1054,bc3
bc3_1055,bc3
bc3_1056,bc3
bc3_1057,bc3
bc3_1058,bc3
bc3_1059,bc3
bc3_1060,bc3
bc3_1061,bc3
bc3_1062,bc3
bc3_1063,bc3
bc3_1064,bc3
bc3_1065,bc3
bc3_1066,bc3
bc3_1067,bc3
bc3_1068,bc3
bc3_1069,bc3
bc3_1070,bc3
bc3_1071,bc3
bc3_1072,bc3
bc3_1073,bc3
bc3_1074,bc3
bc3_1075,bc3
bc3_1076,bc3
bc3_1077,bc3
bc3_1078,bc3
bc3_1079,bc3
bc3_1080,bc3
bc3_1081,bc3
bc3_1082,bc3
bc3_1083,bc3
bc3_1084,bc3
bc3_1085,bc3
bc3_1086,bc3
bc3_1087,bc3
bc3_1088,bc3
bc3_1089,bc3
bc3_1090,bc3
bc3_1091,bc3
bc3_1092,bc3
bc3_1093,bc3
bc3_1094,bc3
bc3_1095,bc3
bc3_1096,bc3
bc3_1097,bc3
bc3_1098,bc3
bc3_1099,bc3
bc3_1100,bc3
bc3_1101,bc3
bc3_1102,bc3
bc3_1103,bc3
bc3_1104,bc3
bc3_1105,bc3
bc3_1106,bc3
bc3_1107,bc3
bc3_1108,bc3
bc3_1109,bc3
bc3_1110,bc3
bc3_1111,bc3
bc3_1112,bc3
bc3_1113,bc3
bc3_1114,bc3
bc3_1115,bc3
bc3_1116,bc3
bc3_1117,bc3
bc3_1118,bc3
bc3_1119,bc3
bc3_1120,bc3
bc3_1121,bc3
bc3_1122,bc3
bc3_1123,bc3
bc3_1124,bc3
bc3_1125,bc3
bc3_1126,bc3
bc3_1127,bc3
bc3_1128,bc3
bc3_1129,bc3
bc3_1130,bc3
bc3_1131,bc3
bc3_1132,bc3
bc3_1133,bc3
bc3_1134,bc3
bc3_1135,bc3
bc3_1136,bc3
bc3_1137,bc3
bc3_1138,bc3
bc3_1139,bc3
bc3_1140,bc3
bc3_1141,bc3
bc3_1142,bc3
bc3_1143,bc3
bc3_1144,bc3
bc3_1145,bc3
bc3_1146,bc3
bc3_1147,bc3
bc3_1148,bc3
bc3_1149,bc3
bc3_1150,bc3
bc3_1151,bc3
bc3_1152,bc3
bc3_1153,bc3
bc3_1154,bc3
bc3_1155,bc3
bc3_1156,bc3
bc3_1157,bc3
bc3_1158,bc3
bc3_1159,bc3
bc3_1160,bc3
bc3_1161,bc3
bc3_1162,bc3
bc3_1163,bc3
bc3_1164,bc3
bc3_1165,bc3
bc3_1166,bc3
bc3_1167,bc3
bc3_1168,bc3
bc3_1169,bc3
bc3_1170,bc3
bc3_1171,bc3
bc3_1172,bc3
bc3_1173,bc3
bc3_1174,bc3
bc3_1175,bc3
bc3_1176,bc3
bc3_1177,bc3
bc3_1178,bc3
bc3_1179,bc3
bc3_1180,bc3
bc3_1181,bc3
bc3_1182,bc3
bc3_1183,bc3
bc3_1184,bc3
bc3_1185,bc3
bc3_1186,bc3
bc3_1187,bc3
bc3_1188,bc3
bc3_1189,bc3
bc3_1190,bc3
bc3_1191,bc3
bc3_1192,bc3
bc3_1193,bc3
bc3_1194,bc3
bc3_1195,bc3
bc3_1196,bc3
bc3_1197,bc3
bc3_1198,bc3
bc3_1199,bc3
bc3_1200,bc3
bc3_1201,bc3
bc3_1202,bc3
bc3_1203,bc3
bc3_1204,bc3
bc3_1205,bc3
bc3_1206,bc3
bc3_1207,bc3
bc3_1208,bc3
bc3_1209,bc3
bc3_1210,bc3
bc3_1211,bc3
bc3_1212,bc3
bc3_1213,bc3
bc3_1214,bc3
bc3_1215,bc3
bc3_1216,bc3
bc3_1217,bc3
bc3_1218,bc3
bc3_1219,bc3
bc3_1220,bc3
bc3_1221,bc3
bc3_1222,bc3
bc3_1223,bc3
bc3_1224,bc3
bc3_1225,bc3
bc3_1226,bc3
bc3_1227,bc3
bc3_1228,bc3
bc3_1229,bc3
bc3_1230,bc3
bc3_1231,bc3
bc3_1232,bc3
bc3_1233,bc3
bc3_1234,bc3
bc3_1235,bc3
bc3_1236,bc3
bc3_1237,bc3
bc3_1238,bc3
bc3_1239,bc3
bc3_1240,bc3
bc3_1241,bc3
bc3_1242,bc3
bc3_1243,bc3
bc3_1244,bc3
bc3_1245,bc3
bc3_1246,bc3
bc3_1247,bc3
bc3_1248,bc3
bc3_1249,bc3
bc3_1250,bc3
bc3_1251,bc3
bc3_1252,bc3
bc3_1253,bc3
bc3_1254,bc3
bc3_1255,bc3
bc3_1256,bc3
bc3_1257,bc3
bc3_1258,bc3
bc3_1259,bc3
bc3_1260,bc3
bc3_1261,bc3
bc3_1262,bc3
bc3_1263,bc3
bc3_1264,bc3
bc3_1265,bc3
bc3_1266,bc3
bc3_1267,bc3
bc3_1268,bc3
bc3_1269,bc3
bc3_1270,bc3
bc3_1271,bc3
bc3_1272,bc3
bc3_1273,bc3
bc3_1274,bc3
bc3_1275,bc3
bc3_1276,bc3
bc3_1277,bc3
bc3_1278,bc3
bc3_1279,bc3
bc3_1280,bc3
bc3_1281,bc3
bc3_1282,bc3
bc3_1283,bc3
bc3_1284,bc3
bc3_1285,bc3
bc3_1286,bc3
bc3_1287,bc3
bc3_1288,bc3
bc3_1289,bc3
bc3_1290,bc3
bc3_1291,bc3
bc3_1292,bc3
bc3_1293,bc3
bc3_1294,bc3
bc3_1295,bc3
bc3_1296,bc3
bc3_1297,bc3
bc3_1298,bc3
bc3_1299,bc3
bc3_1300,bc3
bc3_1301,bc3
bc3_1302,bc3
bc3_1303,bc3
bc3_1304,bc3
bc3_1305,bc3
bc3_1306,bc3
bc3_1307,bc3
bc3_1308,bc3
bc3_1309,bc3
bc3_1310,bc3
bc3_1311,bc3
bc3_1312,bc3
bc3_1313,bc3
bc3_1314,bc3
bc3_1315,bc3
bc3_1316,bc3
bc3_1317,bc3
bc3_1318,bc3
bc3_1319,bc3
bc3_1320,bc3
bc3_1321,bc3
bc3_1322,bc3
bc3_1323,bc3
bc3_1324,bc3
bc3_1325,bc3
bc3_1326,bc3
bc3_1327,bc3
bc3_1328,bc3
bc3_1329,bc3
bc3_1330,bc3
bc3_1331,bc3
bc3_1332,bc3
bc3_1333,bc3
bc3_1334,bc3
bc3_1335,bc3
bc3_1336,bc3
bc3_1337,bc3
bc3_1338,bc3
bc3_1339,bc3
bc3_1340,bc3
bc3_1341,bc3
bc3_1342,bc3
bc3_1343,bc3
bc3_1344,bc3
bc3_1345,bc3
bc3_1346,bc3
bc3_1347,bc3
bc3_1348,bc3
bc3_1349,bc3
bc3_1350,bc3
bc3_1351,bc3
bc3_1352,bc3
bc3_1353,bc3
bc3_1354,bc3
bc3_1355,bc3
bc3_1356,Negative
bc3_1357,bc3
bc3_1358,bc3
bc3_1359,bc3
bc3_1360,bc3
bc3_1361,bc3
bc3_1362,bc3
bc3_1363,bc3
bc3_1364,bc3
bc3_1365,bc3
bc3_1366,bc3
bc3_1367,bc3
bc3_1368,bc3
bc3_1369,bc3
bc3_1370,bc3
bc3_1371,bc3
bc3_1372,bc3
bc3_1373,bc3
bc3_1374,bc3
bc3_1375,bc3
bc3_1376,bc3
bc3_1377,bc3
bc3_1378,bc3
bc3_1379,bc3
bc3_1380,bc3
bc3_1381,bc3
bc3_1382,bc3
bc3_1383,Multiplet
bc3_1384,bc3
bc3_1385,bc3
bc3_1386,bc3
bc3_1387,bc3
bc3_1388,bc3
bc3_1389,bc3
bc3_1390,bc3
bc3_1391,bc3
bc3_1392,bc3
bc3_1393,bc3
bc3_1394,bc3
bc3_1395,bc3
bc3_1396,bc3
bc3_1397,bc3
bc3_1398,bc3
bc3_1399,bc3
bc3_1400,bc3
bc3_1401,bc3
bc3_1402,bc3
bc3_1403,bc3
bc3_1404,bc3
bc3_1405,bc3
bc3_1406,bc3
bc3_1407,bc3
bc3_1408,bc3
bc3_1409,bc3
bc3_1410,bc3
bc3_1411,bc3
bc3_1412,bc3
bc3_1413,bc3
bc3_1414,bc3
bc3_1415,bc3
bc3_1416,bc3
bc3_1417,bc3
bc3_1418,bc3
bc3_1419,bc3
bc3_1420,bc3
bc3_1421,bc3
bc3_1422,bc3
bc3_1423,bc3
bc3_1424,bc3
bc3_1425,bc3
bc3_1426,bc3
bc3_1427,bc3
bc3_1428,bc3
bc3_1429,bc3
bc3_1430,bc3
bc3_1431,bc3
bc3_1432,bc3
bc3_1433,bc3
bc3_1434,bc3
bc3_1435,bc3
bc3_1436,bc3
bc3_1437,bc3
bc3_1438,bc3
bc3_1439,bc3
bc3_1440,bc3
bc3_1441,bc3
bc3_1442,bc3
bc3_1443,bc3
bc3_1444,bc3
bc3_1445,bc3
bc3_1446,bc3
bc3_1447,bc3
bc3_1448,bc3
bc3_1449,bc3
bc3_1450,bc3
bc3_1451,bc3
bc3_1452,bc3
bc3_1453,bc3
bc3_1454,bc3
bc3_1455,bc3
bc3_1456,bc3
bc3_1457,bc3
bc3_1458,bc3
bc3_1459,bc3
bc3_1460,bc3
bc3_1461,bc3
bc3_1462,bc3
bc3_1463,bc3
bc3_1464,bc3
bc3_1465,bc3
bc3_1466,bc3
bc3_1467,bc3
bc3_1468,bc3
bc3_1469,bc3
bc3_1470,bc3
bc3_1471,bc3
bc3_1472,bc3
bc3_1473,bc3
bc3_1474,bc3
bc3_1475,bc3
bc3_1476,bc3
bc3_1477,bc3
bc3_1478,bc3
bc3_1479,bc3
bc3_1480,bc3
bc3_1481,bc3
bc3_1482,bc3
bc3_1483,bc3
bc3_1484,bc3
bc3_1485,bc3
bc3_1486,bc3
bc3_1487,bc3
bc3_1488,bc3
bc3_1489,bc3
bc3_1490,bc3
bc3_1491,bc3
bc3_1492,bc3
bc3_1493,bc3
bc3_1494,bc3
bc3_1495,bc3
bc3_1496,bc3
bc3_1497,bc3
bc3_1498,bc3
bc3_1499,bc3
bc3_1500,bc3
bc3_1501,bc3
bc3_1502,bc3
bc3_1503,bc3
bc3_1504,bc3
bc3_1505,bc3
bc3_1506,bc3
bc3_1507,bc3
bc3_1508,bc3
bc3_1509,bc3
bc3_1510,bc3
bc3_1511,bc3
bc3_1512,bc3
bc3_1513,bc3
bc3_1514,bc3
bc3_1515,bc3
bc3_1516,bc3
bc3_1517,bc3
bc3_1518,bc3
bc3_1519,bc3
bc3_1520,bc3
bc3_1521,bc3
bc3_1522,bc3
bc3_1523,bc3
bc3_1524,bc3
bc3_1525,bc3
bc3_1526,bc3
bc3_1527,bc3
bc3_1528,bc3
bc3_1529,bc3
bc3_1530,bc3
bc3_1531,bc3
bc3_1532,bc3
bc3_1533,bc3
bc3_1534,bc3
bc3_1535,bc3
bc3_1536,bc3
bc3_1537,bc3
bc3_1538,bc3
bc3_1539,bc3
bc3_1540,bc3
bc3_1541,bc3
bc3_1542,bc3
bc3_1543,bc3
bc3_1544,bc3
bc3_1545,bc3
bc3_1546,bc3
bc3_1547,bc3
bc3_1548,bc3
bc3_1549,bc3
bc3_1550,bc3
bc3_1551,bc3
bc3_1552,bc3
bc3_1553,bc3
bc3_1554,bc3
bc3_1555,bc3
bc3_1556,bc3
bc3_1557,bc3
bc3_1558,bc3
bc3_1559,bc3
bc3_1560,bc3
bc3_1561,bc3
bc3_1562,bc3
bc3_1563,bc3
bc3_1564,bc3
bc3_1565,bc3
bc3_1566,bc3
bc3_1567,bc3
bc3_1568,bc3
bc3_1569,bc3
bc3_1570,bc3
bc3_1571,bc3
bc3_1572,bc3
bc3_1573,bc3
bc3_1574,bc3
bc3_1575,bc3
bc3_1576,bc3
bc3_1577,bc3
bc3_1578,bc3
bc3_1579,bc3
bc3_1580,bc3
bc3_1581,bc3
bc3_1582,bc3
bc3_1583,bc3
bc3_1584,bc3
bc3_1585,bc3
bc3_1586,bc3
bc3_1587,bc3
bc3_1588,bc3
bc3_1589,bc3
bc3_1590,bc3
bc3_1591,bc3
bc3_1592,bc3
bc3_1593,bc3
bc3_1594,bc3
bc3_1595,bc3
bc3_1596,bc3
bc3_1597,bc3
bc3_1598,bc3
bc3_1599,bc3
bc3_1600,bc3
bc3_1601,bc3
bc3_1602,bc3
bc3_1603,bc3
bc3_1604,bc3
bc3_1605,bc3
bc3_1606,bc3
bc3_1607,bc3
bc4_1,bc4
bc4_2,bc4
bc4_3,bc4
bc4_4,bc4
bc4_5,bc4
bc4_6,bc4
bc4_7,bc4
bc4_8,bc4
bc4_9,bc4
bc4_10,bc4
bc4_11,bc4
bc4_12,bc4
bc4_13,bc4
bc4_14,bc4
bc4_15,bc4
bc4_16,bc4
bc4_17,bc4
bc4_18,bc4
bc4_19,bc4
bc4_20,bc4
bc4_21,bc4
bc4_22,bc4
bc4_23,bc4
bc4_24,bc4
bc4_25,bc4
bc4_26,bc4
bc4_27,bc4
bc4_28,bc4
bc4_29,bc4
bc4_30,bc4
bc4_31,bc4
bc4_32,bc4
bc4_33,bc4
bc4_34,bc4
bc4_35,bc4
bc4_36,bc4
bc4_37,bc4
bc4_38,bc4
bc4_39,bc4
bc4_40,bc4
bc4_41,bc4
bc4_42,bc4
bc4_43,bc4
bc4_44,bc4
bc4_45,bc4
bc4_46,bc4
bc4_47,bc4
bc4_48,bc4
bc4_49,bc4
bc4_50,bc4
bc4_51,bc4
bc4_52,bc4
bc4_53,bc4
bc4_54,bc4
bc4_55,bc4
bc4_56,bc4
bc4_57,bc4
bc4_58,bc4
bc4_59,bc4
bc4_60,bc4
bc4_61,bc4
bc4_62,bc4
bc4_63,bc4
bc4_64,bc4
bc4_65,bc4
bc4_66,bc4
bc4_67,bc4
bc4_68,bc4
bc4_69,bc4
bc4_70,bc4
bc4_71,bc4
bc4_72,bc4
bc4_73,bc4
bc4_74,bc4
bc4_75,bc4
bc4_76,bc4
bc4_77,bc4
bc4_78,bc4
bc4_79,bc4
bc4_80,bc4
bc4_81,bc4
bc4_82,bc4
bc4_83,bc4
bc4_84,bc4
bc4_85,bc4
bc4_86,bc4
bc4_87,bc4
bc4_88,bc4
bc4_89,bc4
bc4_90,bc4
bc4_91,bc4
bc4_92,bc4
bc4_93,bc4
bc4_94,bc4
bc4_95,bc4
bc4_96,bc4
bc4_97,bc4
bc4_98,bc4
bc4_99,bc4
bc4_100,bc4
bc4_101,bc4
bc4_102,bc4
bc4_103,bc4
bc4_104,bc4
bc4_105,bc4
bc4_106,bc4
bc4_107,bc4
bc4_108,bc4
bc4_109,bc4
bc4_110,bc4
bc4_111,bc4
bc4_112,bc4
bc4_113,bc4
bc4_114,bc4
bc4_115,bc4
bc4_116,bc4
bc4_117,bc4
bc4_118,bc4
bc4_119,bc4
bc4_120,bc4
bc4_121,bc4
bc4_122,bc4
bc4_123,bc4
bc4_124,bc4
bc4_125,bc4
bc4_126,bc4
bc4_127,bc4
bc4_128,bc4
bc4_129,bc4
bc4_130,bc4
bc4_131,bc4
bc4_132,bc4
bc4_133,bc4
bc4_134,bc4
bc4_135,bc4
bc4_136,bc4
bc4_137,bc4
bc4_138,bc4
bc4_139,bc4
bc4_140,bc4
bc4_141,bc4
bc4_142,bc4
bc4_143,bc4
bc4_144,bc4
bc4_145,bc4
bc4_146,bc4
bc4_147,bc4
bc4_148,bc4
bc4_149,bc4
bc4_150,bc4
bc4_151,bc4
bc4_152,bc4
bc4_153,bc4
bc4_154,bc4
bc4_155,bc4
bc4_156,bc4
bc4_157,bc4
bc4_158,bc4
bc4_159,bc4
bc4_160,bc4
bc4_161,bc4
bc4_162,bc4
bc4_163,bc4
bc4_164,bc4
bc4_165,bc4
bc4_166,bc4
bc4_167,bc4
bc4_168,bc4
bc4_169,bc4
bc4_170,bc4
bc4_171,bc4
bc4_172,bc4
bc4_173,bc4
bc4_174,bc4
bc4_175,bc4
bc4_176,bc4
bc4_177,bc4
bc4_178,bc4
bc4_179,bc4
bc4_180,bc4
bc4_181,bc4
bc4_182,bc4
bc4_183,bc4
bc4_184,bc4
bc4_185,bc4
bc4_186,bc4
bc4_187,bc4
bc4_188,bc4
bc4_189,bc4
bc4_190,bc4
bc4_191,bc4
bc4_192,bc4
bc4_193,bc4
bc4_194,bc4
bc4_195,bc4
bc4_196,bc4
bc4_197,bc4
bc4_198,bc4
bc4_199,bc4
bc4_200,bc4
bc4_201,bc4
bc4_202,bc4
bc4_203,bc4
bc4_204,bc4
bc4_205,bc4
bc4_206,bc4
bc4_207,bc4
bc4_208,bc4
bc4_209,bc4
bc4_210,bc4
bc4_211,bc4
bc4_212,bc4
bc4_213,bc4
bc4_214,bc4
bc4_215,bc4
bc4_216,bc4
bc4_217,bc4
bc4_218,bc4
bc4_219,bc4
bc4_220,bc4
bc4_221,bc4
bc4_222,bc4
bc4_223,bc4
bc4_224,bc4
bc4_225,bc4
bc4_226,bc4
bc4_227,bc4
bc4_228,bc4
bc4_229,bc4
bc4_230,bc4
bc4_231,bc4
bc4_232,bc4
bc4_233,bc4
bc4_234,bc4
bc4_235,bc4
bc4_236,bc4
bc4_237,bc4
bc4_238,bc4
bc4_239,bc4
bc4_240,bc4
bc4_241,bc4
bc4_242,bc4
bc4_243,bc4
bc4_244,bc4
bc4_245,bc4
bc4_246,bc4
bc4_247,bc4
bc4_248,bc4
bc4_249,bc4
bc4_250,bc4
bc4_251,bc4
bc4_252,bc4
bc4_253,bc4
bc4_254,bc4
bc4_255,bc4
bc4_256,bc4
bc4_257,bc4
bc4_258,bc4
bc4_259,bc4
bc4_260,bc4
bc4_261,bc4
bc4_262,bc4
bc4_263,bc4
bc4_264,bc4
bc4_265,bc4
bc4_266,bc4
bc4_267,bc4
bc4_268,bc4
bc4_269,bc4
bc4_270,bc4
bc4_271,bc4
bc4_272,bc4
bc4_273,bc4
bc4_274,bc4
bc4_275,bc4
bc4_276,bc4
bc4_277,bc4
bc4_278,bc4
bc4_279,bc4
bc4_280,bc4
bc4_281,bc4
bc4_282,bc4
bc4_283,bc4
bc4_284,bc4
bc4_285,bc4
bc4_286,bc4
bc4_287,bc4
bc4_288,bc4
bc4_289,bc4
bc4_290,bc4
bc4_291,bc4
bc4_292,bc4
bc4_293,bc4
bc4_294,bc4
bc4_295,bc4
bc4_296,bc4
bc4_297,bc4
bc4_298,bc4
bc4_299,bc4
bc4_300,bc4
bc4_301,bc4
bc4_302,bc4
bc4_303,bc4
bc4_304,bc4
bc4_305,bc4
bc4_306,bc4
bc4_307,bc4
bc4_308,bc4
bc4_309,bc4
bc4_310,bc4
bc4_311,bc4
bc4_312,bc4
bc4_313,bc4
bc4_314,bc4
bc4_315,bc4
bc4_316,bc4
bc4_317,bc4
bc4_318,bc4
bc4_319,bc4
bc4_320,bc4
bc4_321,bc4
bc4_322,bc4
bc4_323,bc4
bc4_324,bc4
bc4_325,bc4
bc4_326,bc4
bc4_327,bc4
bc4_328,bc4
bc4_329,bc4
bc4_330,bc4
bc4_331,bc4
bc4_332,bc4
bc4_333,bc4
bc4_334,bc4
bc4_335,bc4
bc4_336,bc4
bc4_337,bc4
bc4_338,bc4
bc4_339,bc4
bc4_340,bc4
bc4_341,bc4
bc4_342,bc4
bc4_343,bc4
bc4_344,bc4
bc4_345,bc4
bc4_346,bc4
bc4_347,bc4
bc4_348,bc4
bc4_349,bc4
bc4_350,bc4
bc4_351,bc4
bc4_352,bc4
bc4_353,bc4
bc4_354,bc4
bc4_355,bc4
bc4_356,bc4
bc4_357,bc4
bc4_358,bc4
bc4_359,bc4
bc4_360,bc4
bc4_361,bc4
bc4_362,bc4
bc4_363,bc4
bc4_364,bc4
bc4_365,bc4
bc4_366,bc4
bc4_367,bc4
bc4_368,bc4
bc4_369,bc4
bc4_370,bc4
bc4_371,bc4
bc4_372,bc4
bc4_373,bc4
bc4_374,bc4
bc4_375,bc4
bc4_376,bc4
bc4_377,bc4
bc4_378,bc4
bc4_379,bc4
bc4_380,bc4
bc4_381,bc4
bc4_382,bc4
bc4_383,bc4
bc4_384,bc4
bc4_385,bc4
bc4_386,bc4
bc4_387,bc4
bc4_388,bc4
bc4_389,bc4
bc4_390,bc4
bc4_391,bc4
bc4_392,bc4
bc4_393,bc4
bc4_394,bc4
bc4_395,bc4
bc4_396,bc4
bc4_397,bc4
bc4_398,bc4
bc4_399,bc4
bc4_400,bc4
bc4_401,bc4
bc4_402,bc4
bc4_403,bc4
bc4_404,bc4
bc4_405,bc4
bc4_406,bc4
bc4_407,bc4
bc4_408,bc4
bc4_409,bc4
bc4_410,bc4
bc4_411,bc4
bc4_412,bc4
bc4_413,bc4
bc4_414,bc4
bc4_415,bc4
bc4_416,bc4
bc4_417,bc4
bc4_418,bc4
bc4_419,bc4
bc4_420,bc4
bc4_421,bc4
bc4_422,bc4
bc4_423,bc4
bc4_424,bc4
bc4_425,bc4
bc4_426,bc4
bc4_427,bc4
bc4_428,bc4
bc4_429,bc4
bc4_430,bc4
bc4_431,bc4
bc4_432,bc4
bc4_433,bc4
bc4_434,bc4
bc4_435,bc4
bc4_436,bc4
bc4_437,bc4
bc4_438,bc4
bc4_439,bc4
bc4_440,bc4
bc4_441,bc4
bc4_442,bc4
bc4_443,bc4
bc4_444,bc4
bc4_445,bc4
bc4_446,bc4
bc4_447,bc4
bc4_448,bc4
bc4_449,bc4
bc4_450,bc4
bc4_451,bc4
bc4_452,bc4
bc4_453,bc4
bc4_454,bc4
bc4_455,bc4
bc4_456,bc4
bc4_457,bc4
bc4_458,bc4
bc4_459,bc4
bc4_460,bc4
bc4_461,bc4
bc4_462,bc4
bc4_463,bc4
bc4_464,bc4
bc4_465,bc4
bc4_466,bc4
bc4_467,bc4
bc4_468,bc4
bc4_469,bc4
bc4_470,bc4
bc4_471,bc4
bc4_472,bc4
bc4_473,bc4
bc4_474,bc4
bc4_475,bc4
bc4_476,bc4
bc4_477,bc4
bc4_478,bc4
bc4_479,bc4
bc4_480,bc4
bc4_481,bc4
bc4_482,bc4
bc4_483,bc4
bc4_484,bc4
bc4_485,bc4
bc4_486,bc4
bc4_487,bc4
bc4_488,bc4
bc4_489,bc4
bc4_490,bc4
bc4_491,bc4
bc4_492,bc4
bc4_493,bc4
bc4_494,bc4
bc4_495,bc4
bc4_496,bc4
bc4_497,bc4
bc4_498,bc4
bc4_499,bc4
bc4_500,bc4
bc4_501,bc4
bc4_502,bc4
bc4_503,bc4
bc4_504,bc4
bc4_505,bc4
bc4_506,bc4
bc4_507,bc4
bc4_508,bc4
bc4_509,bc4
bc4_510,bc4
bc4_511,bc4
bc4_512,bc4
bc4_513,bc4
bc4_514,bc4
bc4_515,bc4
bc4_516,bc4
bc4_517,bc4
bc4_518,bc4
bc4_519,bc4
bc4_520,bc4
bc4_521,bc4
bc4_522,bc4
bc4_523,bc4
bc4_524,bc4
bc4_525,bc4
bc4_526,bc4
bc4_527,bc4
bc4_528,bc4
bc4_529,bc4
bc4_530,bc4
bc4_531,bc4
bc4_532,bc4
bc4_533,bc4
bc4_534,bc4
bc4_535,bc4
bc4_536,bc4
bc4_537,bc4
bc4_538,bc4
bc4_539,bc4
bc4_540,bc4
bc4_541,bc4
bc4_542,bc4
bc4_543,bc4
bc4_544,bc4
bc4_545,bc4
bc4_546,bc4
bc4_547,bc4
bc4_548,bc4
bc4_549,bc4
bc4_550,bc4
bc4_551,bc4
bc4_552,bc4
bc4_553,bc4
bc4_554,bc4
bc4_555,bc4
bc4_556,bc4
bc4_557,bc4
bc4_558,bc4
bc4_559,bc4
bc4_560,bc4
bc4_561,bc4
bc4_562,bc4
bc4_563,bc4
bc4_564,bc4
bc4_565,bc4
bc4_566,bc4
bc4_567,bc4
bc4_568,bc4
bc4_569,bc4
bc4_570,bc4
bc4_571,bc4
bc4_572,bc4
bc4_573,bc4
bc4_574,bc4
bc4_575,bc4
bc4_576,bc4
bc4_577,bc4
bc4_578,bc4
bc4_579,bc4
bc4_580,bc4
bc4_581,bc4
bc4_582,bc4
bc4_583,bc4
bc4_584,bc4
bc4_585,bc4
bc4_586,bc4
bc4_587,bc4
bc4_588,bc4
bc4_589,bc4
bc4_590,bc4
bc4_591,bc4
bc4_592,bc4
bc4_593,bc4
bc4_594,bc4
bc4_595,bc4
bc4_596,bc4
bc4_597,bc4
bc4_598,bc4
bc4_599,bc4
bc4_600,bc4
bc4_601,bc4
bc4_602,bc4
bc4_603,bc4
bc4_604,bc4
bc4_605,bc4
bc4_606,bc4
bc4_607,bc4
bc4_608,bc4
bc4_609,bc4
bc4_610,bc4
bc4_611,bc4
bc4_612,bc4
bc4_613,bc4
bc4_614,bc4
bc4_615,bc4
bc4_616,bc4
bc4_617,bc4
bc4_618,bc4
bc4_619,bc4
bc4_620,bc4
bc4_621,bc4
bc4_622,bc4
bc4_623,bc4
bc4_624,bc4
bc4_625,bc4
bc4_626,bc4
bc4_627,bc4
bc4_628,bc4
bc4_629,bc4
bc4_630,bc4
bc4_631,bc4
bc4_632,bc4
bc4_633,bc4
bc4_634,bc4
bc4_635,bc4
bc4_636,bc4
bc4_637,bc4
bc4_638,bc4
bc4_639,bc4
bc4_640,bc4
bc4_641,bc4
bc4_642,bc4
bc4_643,bc4
bc4_644,bc4
bc4_645,bc4
bc4_646,bc4
bc4_647,bc4
bc4_648,bc4
bc4_649,bc4
bc4_650,bc4
bc4_651,bc4
bc4_652,bc4
bc4_653,bc4
bc4_654,bc4
bc4_655,bc4
bc4_656,bc4
bc4_657,bc4
bc4_658,bc4
bc4_659,bc4
bc4_660,bc4
bc4_661,bc4
bc4_662,bc4
bc4_663,bc4
bc4_664,bc4
bc4_665,bc4
bc4_666,bc4
bc4_667,bc4
bc4_668,bc4
bc4_669,bc4
bc4_670,bc4
bc4_671,bc4
bc4_672,bc4
bc4_673,bc4
bc4_674,bc4
bc4_675,bc4
bc4_676,bc4
bc4_677,bc4
bc4_678,bc4
bc4_679,bc4
bc4_680,bc4
bc4_681,bc4
bc4_682,bc4
bc4_683,bc4
bc4_684,bc4
bc4_685,bc4
bc4_686,bc4
bc4_687,bc4
bc4_688,bc4
bc4_689,bc4
bc4_690,bc4
bc4_691,bc4
bc4_692,bc4
bc4_693,bc4
bc4_694,bc4
bc4_695,bc4
bc4_696,bc4
bc4_697,bc4
bc4_698,bc4
bc4_699,bc4
bc4_700,bc4
bc4_701,bc4
bc4_702,bc4
bc4_703,bc4
bc4_704,bc4
bc4_705,bc4
bc4_706,bc4
bc4_707,bc4
bc4_708,bc4
bc4_709,bc4
bc4_710,bc4
bc4_711,bc4
bc4_712,bc4
bc4_713,bc4
bc4_714,bc4
bc4_715,bc4
bc4_716,bc4
bc4_717,bc4
bc4_718,bc4
bc4_719,bc4
bc4_720,bc4
bc4_721,bc4
bc4_722,bc4
bc4_723,bc4
bc4_724,bc4
bc4_725,bc4
bc4_726,bc4
bc4_727,bc4
bc4_728,bc4
bc4_729,bc4
bc4_730,bc4
bc4_731,bc4
bc4_732,bc4
bc4_733,bc4
bc4_734,bc4
bc4_735,bc4
bc4_736,bc4
bc4_737,bc4
bc4_738,bc4
bc4_739,bc4
bc4_740,bc4
bc4_741,bc4
bc4_742,bc4
bc4_743,bc4
bc4_744,bc4
bc4_745,bc4
bc4_746,bc4
bc4_747,bc4
bc4_748,bc4
bc4_749,bc4
bc4_750,bc4
bc4_751,bc4
bc4_752,bc4
bc4_753,bc4
bc4_754,bc4
bc4_755,bc4
bc4_756,bc4
bc4_757,bc4
bc4_758,bc4
bc4_759,bc4
bc4_760,bc4
bc4_761,bc4
bc4_762,bc4
bc4_763,bc4
bc4_764,bc4
bc4_765,bc4
bc4_766,bc4
bc4_767,bc4
bc4_768,bc4
bc4_769,bc4
bc4_770,bc4
bc4_771,bc4
bc4_772,bc4
bc4_773,bc4
bc4_774,bc4
bc4_775,bc4
bc4_776,bc4
bc4_777,bc4
bc4_778,bc4
bc4_779,bc4
bc4_780,bc4
bc4_781,bc4
bc4_782,bc4
bc4_783,bc4
bc4_784,bc4
bc4_785,bc4
bc4_786,bc4
bc4_787,bc4
bc4_788,bc4
bc4_789,bc4
bc4_790,bc4
bc4_791,bc4
bc4_792,bc4
bc4_793,bc4
bc4_794,bc4
bc4_795,bc4
bc4_796,bc4
bc4_797,bc4
bc4_798,bc4
bc4_799,bc4
bc4_800,bc4
bc4_801,bc4
bc4_802,bc4
bc4_803,bc4
bc4_804,bc4
bc4_805,bc4
bc4_806,bc4
bc4_807,bc4
bc4_808,bc4
bc4_809,bc4
bc4_810,bc4
bc4_811,bc4
bc4_812,bc4
bc4_813,bc4
bc4_814,bc4
bc4_815,bc4
bc4_816,bc4
bc4_817,bc4
bc4_818,bc4
bc4_819,bc4
bc4_820,bc4
bc4_821,bc4
bc4_822,bc4
bc4_823,bc4
bc4_824,bc4
bc4_825,bc4
bc4_826,bc4
bc4_827,bc4
bc4_828,bc4
bc4_829,bc4
bc4_830,bc4
bc4_831,bc4
bc4_832,bc4
bc4_833,bc4
bc4_834,bc4
bc4_835,bc4
bc4_836,bc4
bc4_837,bc4
bc4_838,bc4
bc4_839,bc4
bc4_840,bc4
bc4_841,bc4
bc4_842,bc4
bc4_843,bc4
bc4_844,bc4
bc4_845,bc4
bc4_846,bc4
bc4_847,bc4
bc4_848,bc4
bc4_849,bc4
bc4_850,bc4
bc4_851,bc4
bc4_852,bc4
bc4_853,bc4
bc4_854,bc4
bc4_855,bc4
bc4_856,bc4
bc4_857,bc4
bc4_858,bc4
bc4_859,bc4
bc4_860,bc4
bc4_861,bc4
bc4_862,bc4
bc4_863,bc4
bc4_864,bc4
bc4_865,bc4
bc4_866,bc4
bc4_867,bc4
bc4_868,bc4
bc4_869,bc4
bc4_870,bc4
bc4_871,bc4
bc4_872,bc4
bc4_873,bc4
bc4_874,bc4
bc4_875,bc4
bc4_876,bc4
bc4_877,bc4
bc4_878,bc4
bc4_879,bc4
bc4_880,bc4
bc4_881,bc4
bc4_882,bc4
bc4_883,bc4
bc4_884,bc4
bc4_885,bc4
bc4_886,bc4
bc4_887,bc4
bc4_888,bc4
bc4_889,bc4
bc4_890,bc4
bc4_891,bc4
bc4_892,bc4
bc4_893,bc4
bc4_894,bc4
bc4_895,bc4
bc4_896,bc4
bc4_897,bc4
bc4_898,bc4
bc4_899,bc4
bc4_900,bc4
bc4_901,bc4
bc4_902,bc4
bc4_903,bc4
bc4_904,bc4
bc4_905,bc4
bc4_906,bc4
bc4_907,bc4
bc4_908,bc4
bc4_909,bc4
bc4_910,bc4
bc4_911,bc4
bc4_912,bc4
bc4_913,bc4
bc4_914,bc4
bc4_915,bc4
bc4_916,bc4
bc4_917,bc4
bc4_918,bc4
bc4_919,bc4
bc4_920,bc4
bc4_921,bc4
bc4_922,bc4
bc4_923,bc4
bc4_924,bc4
bc4_925,bc4
bc4_926,bc4
bc4_927,bc4
bc4_928,bc4
bc4_929,bc4
bc4_930,bc4
bc4_931,bc4
bc4_932,bc4
bc4_933,bc4
bc4_934,bc4
bc4_935,bc4
bc4_936,bc4
bc4_937,bc4
bc4_938,bc4
bc4_939,bc4
bc4_940,bc4
bc4_941,bc4
bc4_942,bc4
bc4_943,bc4
bc4_944,bc4
bc4_945,bc4
bc4_946,bc4
bc4_947,bc4
bc4_948,bc4
bc4_949,bc4
bc4_950,bc4
bc4_951,bc4
bc4_952,bc4
bc4_953,bc4
bc4_954,bc4
bc4_955,bc4
bc4_956,bc4
bc4_957,bc4
bc4_958,bc4
bc4_959,bc4
bc4_960,bc4
bc4_961,bc4
bc4_962,bc4
bc4_963,bc4
bc4_964,bc4
bc4_965,bc4
bc4_966,bc4
bc4_967,bc4
bc4_968,bc4
bc4_969,bc4
bc4_970,bc4
bc4_971,bc4
bc4_972,bc4
bc4_973,bc4
bc4_974,bc4
bc4_975,bc4
bc4_976,bc4
bc4_977,bc4
bc4_978,bc4
bc4_979,bc4
bc4_980,bc4
bc4_981,bc4
bc4_982,bc4
bc4_983,bc4
bc4_984,bc4
bc4_985,bc4
bc4_986,bc4
bc4_987,bc4
bc4_988,bc4
bc4_989,bc4
bc4_990,bc4
bc4_991,bc4
bc4_992,bc4
bc4_993,bc4
bc4_994,bc4
bc4_995,bc4
bc4_996,bc4
bc4_997,bc4
bc4_998,bc4
bc4_999,bc4
bc4_1000,bc4
bc4_1001,bc4
bc4_1002,bc4
bc4_1003,bc4
bc4_1004,bc4
bc4_1005,bc4
bc4_1006,bc4
bc4_1007,bc4
bc4_1008,bc4
bc4_1009,bc4
bc4_1010,bc4
bc4_1011,bc4
bc4_1012,bc4
bc4_1013,bc4
bc4_1014,bc4
bc4_1015,bc4
bc4_1016,bc4
bc4_1017,bc4
bc4_1018,bc4
bc4_1019,bc4
bc4_1020,bc4
bc4_1021,bc4
bc4_1022,bc4
bc4_1023,bc4
bc4_1024,bc4
bc4_1025,bc4
bc4_1026,bc4
bc4_1027,bc4
bc4_1028,bc4
bc4_1029,bc4
bc4_1030,bc4
bc4_1031,bc4
bc4_1032,bc4
bc4_1033,bc4
bc4_1034,bc4
bc4_1035,bc4
bc4_1036,bc4
bc4_1037,bc4
bc4_1038,bc4
bc4_1039,bc4
bc4_1040,bc4
bc4_1041,bc4
bc4_1042,bc4
bc4_1043,bc4
bc4_1044,bc4
bc4_1045,bc4
bc4_1046,bc4
bc4_1047,bc4
bc4_1048,bc4
bc4_1049,bc4
bc4_1050,bc4
bc4_1051,bc4
bc4_1052,bc4
bc4_1053,bc4
bc4_1054,bc4
bc4_1055,bc4
bc4_1056,bc4
bc4_1057,bc4
bc4_1058,bc4
bc4_1059,bc4
bc4_1060,bc4
bc4_1061,bc4
bc4_1062,bc4
bc4_1063,bc4
bc4_1064,bc4
bc4_1065,bc4
bc4_1066,bc4
bc4_1067,bc4
bc4_1068,bc4
bc4_1069,bc4
bc4_1070,bc4
bc4_1071,bc4
bc4_1072,bc4
bc4_1073,bc4
bc4_1074,bc4
bc4_1075,bc4
bc4_1076,bc4
bc4_1077,bc4
bc4_1078,bc4
bc4_1079,bc4
bc4_1080,bc4
bc4_1081,bc4
bc4_1082,bc4
bc4_1083,bc4
bc4_1084,bc4
bc4_1085,bc4
bc4_1086,bc4
bc4_1087,bc4
bc4_1088,bc4
bc4_1089,bc4
bc4_1090,bc4
bc4_1091,bc4
bc4_1092,bc4
bc4_1093,bc4
bc4_1094,bc4
bc4_1095,bc4
bc4_1096,bc4
bc4_1097,bc4
bc4_1098,bc4
bc4_1099,bc4
bc4_1100,bc4
bc4_1101,bc4
bc4_1102,bc4
bc4_1103,Multiplet
bc4_1104,bc4
bc4_1105,bc4
bc4_1106,bc4
bc4_1107,bc4
bc4_1108,bc4
bc4_1109,bc4
bc4_1110,bc4
bc4_1111,bc4
bc4_1112,bc4
bc4_1113,bc4
bc4_1114,bc4
bc4_1115,bc4
bc4_1116,bc4
bc4_1117,bc4
bc4_1118,bc4
bc4_1119,bc4
bc4_1120,bc4
bc4_1121,bc4
bc4_1122,bc4
bc4_1123,bc4
bc4_1124,bc4
bc4_1125,bc4
bc4_1126,bc4
bc4_1127,bc4
bc4_1128,bc4
bc4_1129,bc4
bc4_1130,bc4
bc4_1131,bc4
bc4_1132,bc4
bc4_1133,bc4
bc4_1134,bc4
bc4_1135,bc4
bc4_1136,bc4
bc4_1137,bc4
bc4_1138,bc4
bc4_1139,bc4
bc4_1140,bc4
bc4_1141,bc4
bc4_1142,bc4
bc4_1143,bc4
bc4_1144,bc4
bc4_1145,bc4
bc4_1146,bc4
bc4_1147,bc4
bc4_1148,bc4
bc4_1149,bc4
bc4_1150,bc4
bc4_1151,bc4
bc4_1152,bc4
bc4_1153,bc4
bc4_1154,bc4
bc4_1155,bc4
bc4_1156,bc4
bc4_1157,bc4
bc4_1158,bc4
bc4_1159,bc4
bc4_1160,bc4
bc4_1161,bc4
bc4_1162,bc4
bc4_1163,bc4
bc4_1164,bc4
bc4_1165,bc4
bc4_1166,bc4
bc4_1167,bc4
bc4_1168,bc4
bc4_1169,bc4
bc4_1170,bc4
bc4_1171,bc4
bc4_1172,bc4
bc4_1173,bc4
bc4_1174,bc4
bc4_1175,bc4
bc4_1176,bc4
bc4_1177,bc4
bc4_1178,bc4
bc4_1179,bc4
bc4_1180,bc4
bc4_1181,bc4
bc4_1182,bc4
bc4_1183,bc4
bc4_1184,bc4
bc4_1185,bc4
bc4_1186,bc4
bc4_1187,bc4
bc4_1188,bc4
bc4_1189,bc4
bc4_1190,bc4
bc4_1191,bc4
bc4_1192,bc4
bc4_1193,bc4
bc4_1194,bc4
bc4_1195,bc4
bc4_1196,bc4
bc4_1197,bc4
bc4_1198,bc4
bc4_1199,bc4
bc4_1200,bc4
bc4_1201,bc4
bc4_1202,bc4
bc4_1203,bc4
bc4_1204,bc4
bc4_1205,bc4
bc4_1206,bc4
bc4_1207,bc4
bc4_1208,bc4
bc4_1209,bc4
bc4_1210,bc4
bc4_1211,bc4
bc4_1212,bc4
bc4_1213,bc4
bc4_1214,bc4
bc4_1215,bc4
bc4_1216,bc4
bc4_1217,bc4
bc4_1218,bc4
bc4_1219,bc4
bc4_1220,bc4
bc4_1221,bc4
bc4_1222,bc4
bc4_1223,bc4
bc4_1224,bc4
bc4_1225,bc4
bc4_1226,bc4
bc4_1227,bc4
bc4_1228,bc4
bc4_1229,bc4
bc4_1230,bc4
bc4_1231,bc4
bc4_1232,bc4
bc4_1233,bc4
bc4_1234,bc4
bc4_1235,bc4
bc4_1236,bc4
bc4_1237,bc4
bc4_1238,bc4
bc4_1239,bc4
bc4_1240,bc4
bc4_1241,bc4
bc4_1242,bc4
bc4_1243,bc4
bc4_1244,bc4
bc4_1245,bc4
bc4_1246,bc4
bc4_1247,bc4
bc4_1248,bc4
bc4_1249,bc4
bc4_1250,bc4
bc4_1251,bc4
bc4_1252,bc4
bc4_1253,bc4
bc4_1254,bc4
bc4_1255,bc4
bc4_1256,bc4
bc4_1257,bc4
bc4_1258,bc4
bc4_1259,bc4
bc4_1260,bc4
bc4_1261,bc4
bc4_1262,bc4
bc4_1263,bc4
bc4_1264,bc4
bc4_1265,bc4
bc4_1266,bc4
bc4_1267,bc4
bc4_1268,bc4
bc4_1269,bc4
bc4_1270,bc4
bc4_1271,bc4
bc4_1272,bc4
bc4_1273,bc4
bc4_1274,bc4
bc4_1275,bc4
bc4_1276,bc4
bc4_1277,bc4
bc4_1278,bc4
bc4_1279,bc4
bc4_1280,bc4
bc4_1281,bc4
bc4_1282,bc4
bc4_1283,bc4
bc4_1284,bc4
bc4_1285,bc4
bc4_1286,bc4
bc4_1287,bc4
bc4_1288,bc4
bc4_1289,bc4
bc4_1290,bc4
bc4_1291,bc4
bc4_1292,bc4
bc4_1293,bc4
bc4_1294,bc4
bc4_1295,bc4
bc4_1296,bc4
bc4_1297,bc4
bc4_1298,bc4
bc4_1299,bc4
bc4_1300,bc4
bc4_1301,bc4
bc4_1302,bc4
bc4_1303,bc4
bc4_1304,bc4
bc4_1305,bc4
bc4_1306,bc4
bc4_1307,bc4
bc4_1308,bc4
bc4_1309,bc4
bc4_1310,bc4
bc4_1311,bc4
bc4_1312,bc4
bc4_1313,bc4
bc4_1314,bc4
bc4_1315,bc4
bc4_1316,bc4
bc4_1317,bc4
bc4_1318,bc4
bc4_1319,bc4
bc4_1320,bc4
bc4_1321,bc4
bc4_1322,bc4
bc4_1323,bc4
bc4_1324,bc4
bc4_1325,bc4
bc4_1326,bc4
bc4_1327,bc4
bc4_1328,bc4
bc4_1329,bc4
bc4_1330,bc4
bc4_1331,bc4
bc4_1332,bc4
bc4_1333,bc4
bc4_1334,bc4
bc4_1335,bc4
bc4_1336,bc4
bc4_1337,bc4
bc4_1338,bc4
bc4_1339,bc4
bc4_1340,bc4
bc4_1341,bc4
bc4_1342,bc4
bc4_1343,bc4
bc4_1344,bc4
bc4_1345,bc4
bc4_1346,bc4
bc4_1347,bc4
bc4_1348,bc4
bc4_1349,bc4
bc4_1350,bc4
bc4_1351,bc4
bc4_1352,bc4
bc4_1353,bc4
bc4_1354,bc4
bc4_1355,bc4
bc4_1356,bc4
bc4_1357,bc4
bc4_1358,bc4
bc4_1359,bc4
bc4_1360,bc4
bc4_1361,bc4
bc4_1362,bc4
bc4_1363,bc4
bc4_1364,bc4
bc4_1365,bc4
bc4_1366,bc4
bc4_1367,bc4
bc4_1368,bc4
bc4_1369,bc4
bc4_1370,bc4
bc4_1371,bc4
bc4_1372,bc4
bc4_1373,bc4
bc4_1374,bc4
bc4_1375,bc4
bc4_1376,bc4
bc4_1377,bc4
bc4_1378,bc4
bc4_1379,bc4
bc4_1380,bc4
bc4_1381,bc4
bc4_1382,bc4
bc4_1383,bc4
bc4_1384,bc4
bc4_1385,bc4
bc4_1386,bc4
bc4_1387,bc4
bc4_1388,bc4
bc4_1389,bc4
bc4_1390,bc4
bc4_1391,bc4
bc4_1392,bc4
bc4_1393,bc4
bc4_1394,bc4
bc4_1395,bc4
bc4_1396,bc4
bc4_1397,bc4
bc4_1398,bc4
bc4_1399,bc4
bc4_1400,bc4
bc4_1401,bc4
bc4_1402,bc4
bc4_1403,bc4
bc4_1404,bc4
bc4_1405,bc4
bc4_1406,bc4
bc4_1407,bc4
bc4_1408,bc4
bc4_1409,bc4
bc4_1410,bc4
bc4_1411,bc4
bc4_1412,bc4
bc4_1413,bc4
bc4_1414,bc4
bc4_1415,bc4
bc4_1416,bc4
bc4_1417,bc4
bc4_1418,bc4
bc4_1419,bc4
bc4_1420,bc4
bc4_1421,bc4
bc4_1422,bc4
bc4_1423,bc4
bc4_1424,bc4
bc4_1425,bc4
bc4_1426,bc4
bc4_1427,bc4
bc4_1428,bc4
bc4_1429,bc4
bc4_1430,bc4
bc4_1431,bc4
bc4_1432,bc4
bc4_1433,bc4
bc4_1434,bc4
bc4_1435,bc4
bc4_1436,bc4
bc4_1437,bc4
bc4_1438,bc4
bc4_1439,bc4
bc4_1440,bc4
bc4_1441,bc4
bc4_1442,bc4
bc4_1443,bc4
bc4_1444,bc4
bc4_1445,bc4
bc4_1446,bc4
bc4_1447,bc4
bc4_1448,bc4
bc4_1449,bc4
bc4_1450,bc4
bc4_1451,bc4
bc4_1452,bc4
bc4_1453,bc4
bc4_1454,bc4
bc4_1455,bc4
bc4_1456,bc4
bc4_1457,bc4
bc4_1458,bc4
bc4_1459,bc4
bc4_1460,bc4
bc4_1461,bc4
bc4_1462,bc4
bc4_1463,bc4
bc4_1464,bc4
bc4_1465,bc4
bc4_1466,bc4
bc4_1467,bc4
bc4_1468,bc4
bc4_1469,bc4
bc4_1470,bc4
bc4_1471,bc4
bc4_1472,bc4
bc4_1473,bc4
bc4_1474,bc4
bc4_1475,bc4
bc4_1476,bc4
bc4_1477,bc4
bc4_1478,bc4
bc4_1479,bc4
bc4_1480,bc4
bc4_1481,bc4
bc4_1482,bc4
bc4_1483,bc4
bc4_1484,bc4
bc4_1485,bc4
bc4_1486,bc4
bc4_1487,bc4
bc4_1488,bc4
bc4_1489,bc4
bc4_1490,bc4
bc4_1491,bc4
bc4_1492,bc4
bc4_1493,bc4
bc4_1494,bc4
bc4_1495,bc4
bc4_1496,bc4
bc4_1497,bc4
bc4_1498,bc4
bc4_1499,bc4
bc4_1500,bc4
bc4_1501,bc4
bc4_1502,bc4
bc4_1503,bc4
bc4_1504,bc4
bc4_1505,bc4
bc4_1506,bc4
bc4_1507,bc4
bc4_1508,bc4
bc4_1509,bc4
bc4_1510,bc4
bc4_1511,bc4
bc4_1512,bc4
bc4_1513,bc4
bc4_1514,bc4
bc4_1515,bc4
bc4_1516,bc4
bc4_1517,bc4
bc4_1518,bc4
bc4_1519,bc4
bc4_1520,bc4
bc4_1521,bc4
bc4_1522,bc4
bc4_1523,bc4
bc4_1524,bc4
bc4_1525,bc4
bc4_1526,bc4
bc4_1527,bc4
bc4_1528,bc4
bc4_1529,bc4
bc4_1530,bc4
bc4_1531,bc4
bc4_1532,bc4
bc4_1533,bc4
bc4_1534,bc4
bc4_1535,bc4
bc4_1536,bc4
bc4_1537,bc4
bc4_1538,bc4
bc4_1539,bc4
bc4_1540,bc4
bc4_1541,bc4
bc4_1542,bc4
bc4_1543,bc4
bc4_1544,bc4
bc4_1545,bc4
bc4_1546,bc4
bc4_1547,bc4
bc4_1548,bc4
bc4_1549,bc4
bc4_1550,bc4
bc4_1551,bc4
bc4_1552,bc4
bc4_1553,bc4
bc4_1554,bc4
bc4_1555,bc4
bc4_1556,bc4
bc4_1557,bc4
bc4_1558,bc4
bc4_1559,bc4
bc4_1560,bc4
bc4_1561,bc4
bc4_1562,bc4
bc4_1563,bc4
bc4_1564,bc4
bc4_1565,bc4
bc4_1566,bc4
bc4_1567,bc4
bc4_1568,bc4
bc4_1569,bc4
bc4_1570,bc4
bc4_1571,bc4
bc4_1572,bc4
bc4_1573,bc4
bc4_1574,bc4
bc4_1575,bc4
bc4_1576,bc4
bc4_1577,bc4
bc4_1578,bc4
bc4_1579,bc4
bc4_1580,bc4
bc4_1581,bc4
bc4_1582,bc4
bc4_1583,bc4
bc4_1584,bc4
bc4_1585,bc4
bc4_1586,bc4
bc4_1587,bc4
bc4_1588,bc4
bc4_1589,bc4
bc4_1590,bc4
bc4_1591,bc4
bc4_1592,bc4
bc4_1593,bc4
bc4_1594,bc4
bc4_1595,bc4
bc4_1596,bc4
bc4_1597,bc4
bc4_1598,bc4
bc4_1599,bc4
bc4_1600,bc4
bc4_1601,bc4
bc4_1602,bc4
bc4_1603,bc4
bc4_1604,bc4
bc4_1605,bc4
bc4_1606,bc4
bc4_1607,bc4
bc4_1608,bc4
bc4_1609,bc4
bc4_1610,bc4
bc4_1611,bc4
bc4_1612,bc4
bc4_1613,bc4
bc4_1614,bc4
bc4_1615,bc4
bc4_1616,bc4
bc4_1617,bc4
bc4_1618,bc4
bc4_1619,bc4
bc4_1620,bc4
bc4_1621,bc4
bc4_1622,bc4
bc4_1623,bc4
bc4_1624,bc4
bc4_1625,bc4
bc4_1626,bc4
bc4_1627,bc4
bc4_1628,bc4
bc4_1629,bc4
bc4_1630,bc4
bc4_1631,bc4
bc4_1632,bc4
bc4_1633,bc4
bc4_1634,bc4
bc4_1635,bc4
bc4_1636,bc4
bc4_1637,bc4
bc4_1638,bc4
bc4_1639,bc4
bc4_1640,bc4
bc4_1641,bc4
bc4_1642,bc4
bc4_1643,bc4
bc4_1644,bc4
bc4_1645,bc4
bc4_1646,bc4
bc4_1647,bc4
bc4_1648,bc4
bc4_1649,bc4
bc4_1650,bc4
bc4_1651,bc4
bc4_1652,bc4
bc4_1653,bc4
bc4_1654,bc4
bc4_1655,bc4
bc4_1656,bc4
bc4_1657,bc4
bc4_1658,bc4
bc4_1659,bc4
bc4_1660,bc4
bc4_1661,bc4
bc4_1662,bc4
bc4_1663,bc4
bc4_1664,bc4
bc4_1665,bc4
bc4_1666,bc4
bc4_1667,bc4
bc4_1668,bc4
bc4_1669,bc4
bc4_1670,bc4
bc4_1671,bc4
bc4_1672,bc4
bc4_1673,bc4
bc4_1674,bc4
bc4_1675,bc4
bc4_1676,bc4
bc4_1677,bc4
bc4_1678,bc4
bc4_1679,bc4
bc4_1680,bc4
bc4_1681,bc4
bc4_1682,bc4
bc4_1683,bc4
bc4_1684,bc4
bc4_1685,bc4
bc4_1686,bc4
bc4_1687,bc4
bc4_1688,bc4
bc4_1689,bc4
bc4_1690,bc4
bc4_1691,bc4
bc4_1692,bc4
bc4_1693,bc4
bc4_1694,bc4
bc4_1695,bc4
bc4_1696,bc4
bc4_1697,bc4
bc4_1698,bc4
bc4_1699,bc4
bc4_1700,bc4
bc4_1701,bc4
bc4_1702,bc4
bc4_1703,bc4
bc4_1704,bc4
bc4_1705,bc4
bc4_1706,bc4
bc4_1707,bc4
bc4_1708,bc4
bc4_1709,bc4
bc4_1710,bc4
bc4_1711,bc4
bc4_1712,bc4
bc4_1713,bc4
bc4_1714,bc4
bc4_1715,bc4
bc4_1716,bc4
bc4_1717,bc4
bc4_1718,bc4
bc4_1719,bc4
bc4_1720,bc4
bc4_1721,bc4
bc4_1722,bc4
bc4_1723,bc4
bc4_1724,bc4
bc4_1725,bc4
bc4_1726,bc4
bc4_1727,bc4
bc4_1728,bc4
bc4_1729,bc4
bc4_1730,bc4
bc4_1731,bc4
bc4_1732,bc4
bc4_1733,bc4
bc4_1734,bc4
bc4_1735,bc4
bc4_1736,bc4
bc4_1737,bc4
bc4_1738,bc4
bc4_1739,bc4
bc4_1740,bc4
bc4_1741,bc4
bc4_1742,bc4
bc4_1743,bc4
bc5_1,bc5
bc5_2,bc5
bc5_3,bc5
bc5_4,bc5
bc5_5,bc5
bc5_6,bc5
bc5_7,bc5
bc5_8,bc5
bc5_9,bc5
bc5_10,bc5
bc5_11,bc5
bc5_12,bc5
bc5_13,bc5
bc5_14,bc5
bc5_15,bc5
bc5_16,bc5
bc5_17,bc5
bc5_18,bc5
bc5_19,bc5
bc5_20,bc5
bc5_21,bc5
bc5_22,bc5
bc5_23,bc5
bc5_24,bc5
bc5_25,bc5
bc5_26,bc5
bc5_27,bc5
bc5_28,bc5
bc5_29,bc5
bc5_30,bc5
bc5_31,bc5
bc5_32,bc5
bc5_33,bc5
bc5_34,bc5
bc5_35,bc5
bc5_36,bc5
bc5_37,bc5
bc5_38,bc5
bc5_39,bc5
bc5_40,bc5
bc5_41,bc5
bc5_42,bc5
bc5_43,bc5
bc5_44,bc5
bc5_45,bc5
bc5_46,bc5
bc5_47,bc5
bc5_48,bc5
bc5_49,bc5
bc5_50,bc5
bc5_51,bc5
bc5_52,bc5
bc5_53,bc5
bc5_54,bc5
bc5_55,bc5
bc5_56,bc5
bc5_57,bc5
bc5_58,bc5
bc5_59,bc5
bc5_60,bc5
bc5_61,bc5
bc5_62,bc5
bc5_63,bc5
bc5_64,bc5
bc5_65,bc5
bc5_66,bc5
bc5_67,bc5
bc5_68,bc5
bc5_69,bc5
bc5_70,bc5
bc5_71,bc5
bc5_72,bc5
bc5_73,bc5
bc5_74,bc5
bc5_75,bc5
bc5_76,bc5
bc5_77,bc5
bc5_78,bc5
bc5_79,bc5
bc5_80,bc5
bc5_81,bc5
bc5_82,bc5
bc5_83,bc5
bc5_84,bc5
bc5_85,bc5
bc5_86,bc5
bc5_87,bc5
bc5_88,bc5
bc5_89,bc5
bc5_90,bc5
bc5_91,bc5
bc5_92,bc5
bc5_93,bc5
bc5_94,bc5
bc5_95,bc5
bc5_96,bc5
bc5_97,bc5
bc5_98,bc5
bc5_99,bc5
bc5_100,bc5
bc5_101,bc5
bc5_102,bc5
bc5_103,bc5
bc5_104,bc5
bc5_105,bc5
bc5_106,bc5
bc5_107,bc5
bc5_108,bc5
bc5_109,bc5
bc5_110,bc5
bc5_111,bc5
bc5_112,bc5
bc5_113,bc5
bc5_114,bc5
bc5_115,bc5
bc5_116,bc5
bc5_117,bc5
bc5_118,bc5
bc5_119,bc5
bc5_120,bc5
bc5_121,bc5
bc5_122,bc5
bc5_123,bc5
bc5_124,bc5
bc5_125,bc5
bc5_126,bc5
bc5_127,bc5
bc5_128,bc5
bc5_129,bc5
bc5_130,bc5
bc5_131,bc5
bc5_132,bc5
bc5_133,bc5
bc5_134,bc5
bc5_135,bc5
bc5_136,bc5
bc5_137,bc5
bc5_138,bc5
bc5_139,bc5
bc5_140,bc5
bc5_141,bc5
bc5_142,bc5
bc5_143,bc5
bc5_144,bc5
bc5_145,bc5
bc5_146,bc5
bc5_147,bc5
bc5_148,bc5
bc5_149,bc5
bc5_150,bc5
bc5_151,bc5
bc5_152,bc5
bc5_153,bc5
bc5_154,bc5
bc5_155,bc5
bc5_156,bc5
bc5_157,bc5
bc5_158,bc5
bc5_159,bc5
bc5_160,bc5
bc5_161,bc5
bc5_162,bc5
bc5_163,bc5
bc5_164,bc5
bc5_165,bc5
bc5_166,bc5
bc5_167,bc5
bc5_168,bc5
bc5_169,bc5
bc5_170,bc5
bc5_171,bc5
bc5_172,bc5
bc5_173,bc5
bc5_174,bc5
bc5_175,bc5
bc5_176,bc5
bc5_177,bc5
bc5_178,bc5
bc5_179,bc5
bc5_180,bc5
bc5_181,bc5
bc5_182,bc5
bc5_183,bc5
bc5_184,bc5
bc5_185,bc5
bc5_186,bc5
bc5_187,bc5
bc5_188,bc5
bc5_189,bc5
bc5_190,bc5
bc5_191,bc5
bc5_192,bc5
bc5_193,bc5
bc5_194,bc5
bc5_195,bc5
bc5_196,bc5
bc5_197,bc5
bc5_198,bc5
bc5_199,bc5
bc5_200,bc5
bc5_201,bc5
bc5_202,bc5
bc5_203,bc5
bc5_204,bc5
bc5_205,bc5
bc5_206,bc5
bc5_207,bc5
bc5_208,bc5
bc5_209,bc5
bc5_210,bc5
bc5_211,bc5
bc5_212,bc5
bc5_213,bc5
bc5_214,bc5
bc5_215,bc5
bc5_216,bc5
bc5_217,bc5
bc5_218,bc5
bc5_219,bc5
bc5_220,bc5
bc5_221,bc5
bc5_222,bc5
bc5_223,bc5
bc5_224,bc5
bc5_225,bc5
bc5_226,bc5
bc5_227,bc5
bc5_228,bc5
bc5_229,bc5
bc5_230,bc5
bc5_231,bc5
bc5_232,bc5
bc5_233,bc5
bc5_234,bc5
bc5_235,bc5
bc5_236,bc5
bc5_237,bc5
bc5_238,bc5
bc5_239,bc5
bc5_240,bc5
bc5_241,bc5
bc5_242,bc5
bc5_243,bc5
bc5_244,bc5
bc5_245,bc5
bc5_246,bc5
bc5_247,bc5
bc5_248,bc5
bc5_249,bc5
bc5_250,bc5
bc5_251,bc5
bc5_252,bc5
bc5_253,bc5
bc5_254,bc5
bc5_255,bc5
bc5_256,bc5
bc5_257,bc5
bc5_258,bc5
bc5_259,bc5
bc5_260,bc5
bc5_261,bc5
bc5_262,bc5
bc5_263,bc5
bc5_264,bc5
bc5_265,bc5
bc5_266,bc5
bc5_267,bc5
bc5_268,bc5
bc5_269,bc5
bc5_270,bc5
bc5_271,bc5
bc5_272,bc5
bc5_273,bc5
bc5_274,bc5
bc5_275,bc5
bc5_276,bc5
bc5_277,bc5
bc5_278,bc5
bc5_279,bc5
bc5_280,bc5
bc5_281,bc5
bc5_282,bc5
bc5_283,bc5
bc5_284,bc5
bc5_285,bc5
bc5_286,bc5
bc5_287,bc5
bc5_288,bc5
bc5_289,bc5
bc5_290,bc5
bc5_291,bc5
bc5_292,bc5
bc5_293,bc5
bc5_294,bc5
bc5_295,bc5
bc5_296,bc5
bc5_297,bc5
bc5_298,bc5
bc5_299,bc5
bc5_300,bc5
bc5_301,bc5
bc5_302,bc5
bc5_303,bc5
bc5_304,bc5
bc5_305,bc5
bc5_306,bc5
bc5_307,bc5
bc5_308,bc5
bc5_309,bc5
bc5_310,bc5
bc5_311,bc5
bc5_312,bc5
bc5_313,bc5
bc5_314,bc5
bc5_315,bc5
bc5_316,bc5
bc5_317,bc5
bc5_318,bc5
bc5_319,bc5
bc5_320,bc5
bc5_321,bc5
bc5_322,bc5
bc5_323,bc5
bc5_324,bc5
bc5_325,bc5
bc5_326,bc5
bc5_327,bc5
bc5_328,bc5
bc5_329,bc5
bc5_330,bc5
bc5_331,bc5
bc5_332,bc5
bc5_333,bc5
bc5_334,bc5
bc5_335,bc5
bc5_336,bc5
bc5_337,bc5
bc5_338,bc5
bc5_339,bc5
bc5_340,bc5
bc5_341,bc5
bc5_342,bc5
bc5_343,bc5
bc5_344,bc5
bc5_345,bc5
bc5_346,bc5
bc5_347,bc5
bc5_348,bc5
bc5_349,bc5
bc5_350,bc5
bc5_351,bc5
bc5_352,bc5
bc5_353,bc5
bc5_354,bc5
bc5_355,bc5
bc5_356,bc5
bc5_357,bc5
bc5_358,bc5
bc5_359,bc5
bc5_360,bc5
bc5_361,bc5
bc5_362,bc5
bc5_363,bc5
bc5_364,bc5
bc5_365,bc5
bc5_366,bc5
bc5_367,bc5
bc5_368,bc5
bc5_369,bc5
bc5_370,bc5
bc5_371,bc5
bc5_372,bc5
bc5_373,bc5
bc5_374,bc5
bc5_375,bc5
bc5_376,bc5
bc5_377,bc5
bc5_378,bc5
bc5_379,bc5
bc5_380,bc5
bc5_381,bc5
bc5_382,bc5
bc5_383,bc5
bc5_384,bc5
bc5_385,bc5
bc5_386,bc5
bc5_387,bc5
bc5_388,bc5
bc5_389,bc5
bc5_390,bc5
bc5_391,bc5
bc5_392,bc5
bc5_393,bc5
bc5_394,bc5
bc5_395,bc5
bc5_396,bc5
bc5_397,bc5
bc5_398,bc5
bc5_399,bc5
bc5_400,bc5
bc5_401,bc5
bc5_402,bc5
bc5_403,bc5
bc5_404,bc5
bc5_405,bc5
bc5_406,bc5
bc5_407,bc5
bc5_408,bc5
bc5_409,bc5
bc5_410,bc5
bc5_411,bc5
bc5_412,bc5
bc5_413,bc5
bc5_414,bc5
bc5_415,bc5
bc5_416,bc5
bc5_417,bc5
bc5_418,bc5
bc5_419,bc5
bc5_420,bc5
bc5_421,bc5
bc5_422,bc5
bc5_423,bc5
bc5_424,bc5
bc5_425,bc5
bc5_426,bc5
bc5_427,bc5
bc5_428,bc5
bc5_429,bc5
bc5_430,bc5
bc5_431,bc5
bc5_432,bc5
bc5_433,bc5
bc5_434,bc5
bc5_435,bc5
bc5_436,bc5
bc5_437,bc5
bc5_438,bc5
bc5_439,bc5
bc5_440,bc5
bc5_441,bc5
bc5_442,bc5
bc5_443,bc5
bc5_444,bc5
bc5_445,bc5
bc5_446,bc5
bc5_447,bc5
bc5_448,bc5
bc5_449,bc5
bc5_450,bc5
bc5_451,bc5
bc5_452,bc5
bc5_453,bc5
bc5_454,bc5
bc5_455,bc5
bc5_456,bc5
bc5_457,bc5
bc5_458,bc5
bc5_459,bc5
bc5_460,bc5
bc5_461,bc5
bc5_462,bc5
bc5_463,bc5
bc5_464,bc5
bc5_465,bc5
bc5_466,bc5
bc5_467,bc5
bc5_468,bc5
bc5_469,bc5
bc5_470,bc5
bc5_471,bc5
bc5_472,bc5
bc5_473,bc5
bc5_474,bc5
bc5_475,bc5
bc5_476,bc5
bc5_477,bc5
bc5_478,bc5
bc5_479,bc5
bc5_480,bc5
bc5_481,bc5
bc5_482,bc5
bc5_483,bc5
bc5_484,bc5
bc5_485,bc5
bc5_486,bc5
bc5_487,bc5
bc5_488,bc5
bc5_489,bc5
bc5_490,bc5
bc5_491,bc5
bc5_492,bc5
bc5_493,bc5
bc5_494,bc5
bc5_495,bc5
bc5_496,bc5
bc5_497,bc5
bc5_498,bc5
bc5_499,bc5
bc5_500,bc5
bc5_501,bc5
bc5_502,bc5
bc5_503,bc5
bc5_504,bc5
bc5_505,bc5
bc5_506,bc5
bc5_507,bc5
bc5_508,bc5
bc5_509,bc5
bc5_510,bc5
bc5_511,bc5
bc5_512,bc5
bc5_513,bc5
bc5_514,bc5
bc5_515,bc5
bc5_516,bc5
bc5_517,bc5
bc5_518,bc5
bc5_519,bc5
bc5_520,bc5
bc5_521,bc5
bc5_522,bc5
bc5_523,bc5
bc5_524,bc5
bc5_525,bc5
bc5_526,bc5
bc5_527,bc5
bc5_528,bc5
bc5_529,bc5
bc5_530,bc5
bc5_531,bc5
bc5_532,bc5
bc5_533,bc5
bc5_534,bc5
bc5_535,bc5
bc5_536,bc5
bc5_537,bc5
bc5_538,bc5
bc5_539,bc5
bc5_540,bc5
bc5_541,bc5
bc5_542,bc5
bc5_543,bc5
bc5_544,bc5
bc5_545,bc5
bc5_546,bc5
bc5_547,bc5
bc5_548,bc5
bc5_549,bc5
bc5_550,bc5
bc5_551,bc5
bc5_552,bc5
bc5_553,bc5
bc5_554,bc5
bc5_555,bc5
bc5_556,bc5
bc5_557,bc5
bc5_558,bc5
bc5_559,bc5
bc5_560,bc5
bc5_561,bc5
bc5_562,bc5
bc5_563,bc5
bc5_564,bc5
bc5_565,bc5
bc5_566,bc5
bc5_567,bc5
bc5_568,bc5
bc5_569,bc5
bc5_570,bc5
bc5_571,bc5
bc5_572,bc5
bc5_573,bc5
bc5_574,bc5
bc5_575,bc5
bc5_576,bc5
bc5_577,bc5
bc5_578,bc5
bc5_579,bc5
bc5_580,bc5
bc5_581,bc5
bc5_582,bc5
bc5_583,bc5
bc5_584,bc5
bc5_585,bc5
bc5_586,bc5
bc5_587,bc5
bc5_588,bc5
bc5_589,bc5
bc5_590,bc5
bc5_591,bc5
bc5_592,bc5
bc5_593,bc5
bc5_594,bc5
bc5_595,bc5
bc5_596,bc5
bc5_597,bc5
bc5_598,bc5
bc5_599,bc5
bc5_600,bc5
bc5_601,bc5
bc5_602,bc5
bc5_603,bc5
bc5_604,bc5
bc5_605,bc5
bc5_606,bc5
bc5_607,bc5
bc5_608,bc5
bc5_609,bc5
bc5_610,bc5
bc5_611,bc5
bc5_612,bc5
bc5_613,bc5
bc5_614,bc5
bc5_615,bc5
bc5_616,bc5
bc5_617,bc5
bc5_618,bc5
bc5_619,bc5
bc5_620,bc5
bc5_621,bc5
bc5_622,bc5
bc5_623,bc5
bc5_624,bc5
bc5_625,bc5
bc5_626,bc5
bc5_627,bc5
bc5_628,bc5
bc5_629,bc5
bc5_630,bc5
bc5_631,bc5
bc5_632,bc5
bc5_633,bc5
bc6_1,bc6
bc6_2,bc6
bc6_3,bc6
bc6_4,bc6
bc6_5,bc6
bc6_6,bc6
bc6_7,bc6
bc6_8,bc6
bc6_9,bc6
bc6_10,bc6
bc6_11,bc6
bc6_12,bc6
bc6_13,bc6
bc6_14,bc6
bc6_15,bc6
bc6_16,bc6
bc6_17,bc6
bc6_18,bc6
bc6_19,bc6
bc6_20,bc6
bc6_21,bc6
bc6_22,bc6
bc6_23,bc6
bc6_24,bc6
bc6_25,bc6
bc6_26,bc6
bc6_27,bc6
bc6_28,bc6
bc6_29,bc6
bc6_30,bc6
bc6_31,bc6
bc6_32,bc6
bc6_33,bc6
bc6_34,bc6
bc6_35,bc6
bc6_36,bc6
bc6_37,bc6
bc6_38,bc6
bc6_39,bc6
bc6_40,bc6
bc6_41,bc6
bc6_42,bc6
bc6_43,bc6
bc6_44,bc6
bc6_45,bc6
bc6_46,bc6
bc6_47,bc6
bc6_48,bc6
bc6_49,bc6
bc6_50,bc6
bc6_51,bc6
bc6_52,bc6
bc6_53,bc6
bc6_54,bc6
bc6_55,bc6
bc6_56,bc6
bc6_57,bc6
bc6_58,bc6
bc6_59,bc6
bc6_60,bc6
bc6_61,bc6
bc6_62,bc6
bc6_63,bc6
bc6_64,bc6
bc6_65,bc6
bc6_66,bc6
bc6_67,bc6
bc6_68,bc6
bc6_69,bc6
bc6_70,bc6
bc6_71,bc6
bc6_72,bc6
bc6_73,bc6
bc6_74,bc6
bc6_75,bc6
bc6_76,bc6
bc6_77,bc6
bc6_78,bc6
bc6_79,bc6
bc6_80,bc6
bc6_81,bc6
bc6_82,bc6
bc6_83,bc6
bc6_84,bc6
bc6_85,bc6
bc6_86,bc6
bc6_87,bc6
bc6_88,bc6
bc6_89,bc6
bc6_90,bc6
bc6_91,bc6
bc6_92,bc6
bc6_93,bc6
bc6_94,bc6
bc6_95,bc6
bc6_96,bc6
bc6_97,bc6
bc6_98,bc6
bc6_99,bc6
bc6_100,bc6
bc6_101,bc6
bc6_102,bc6
bc6_103,bc6
bc6_104,bc6
bc6_105,bc6
bc6_106,bc6
bc6_107,bc6
bc6_108,bc6
bc6_109,bc6
bc6_110,bc6
bc6_111,bc6
bc6_112,bc6
bc6_113,bc6
bc6_114,bc6
bc6_115,bc6
bc6_116,bc6
bc6_117,bc6
bc6_118,bc6
bc6_119,bc6
bc6_120,bc6
bc6_121,bc6
bc6_122,bc6
bc6_123,bc6
bc6_124,bc6
bc6_125,bc6
bc6_126,bc6
bc6_127,bc6
bc6_128,bc6
bc6_129,bc6
bc6_130,bc6
bc6_131,bc6
bc6_132,bc6
bc6_133,bc6
bc6_134,bc6
bc6_135,bc6
bc6_136,bc6
bc6_137,bc6
bc6_138,bc6
bc6_139,bc6
bc6_140,bc6
bc6_141,bc6
bc6_142,bc6
bc6_143,bc6
bc6_144,bc6
bc6_145,bc6
bc6_146,bc6
bc6_147,bc6
bc6_148,bc6
bc6_149,bc6
bc6_150,bc6
bc6_151,bc6
bc6_152,bc6
bc6_153,bc6
bc6_154,bc6
bc6_155,bc6
bc6_156,bc6
bc6_157,bc6
bc6_158,bc6
bc6_159,bc6
bc6_160,bc6
bc6_161,bc6
bc6_162,bc6
bc6_163,bc6
bc6_164,bc6
bc6_165,bc6
bc6_166,bc6
bc6_167,bc6
bc6_168,bc6
bc6_169,bc6
bc6_170,bc6
bc6_171,bc6
bc6_172,bc6
bc6_173,bc6
bc6_174,bc6
bc6_175,bc6
bc6_176,bc6
bc6_177,bc6
bc6_178,bc6
bc6_179,bc6
bc6_180,bc6
bc6_181,bc6
bc6_182,bc6
bc6_183,bc6
bc6_184,bc6
bc6_185,bc6
bc6_186,bc6
bc6_187,bc6
bc6_188,bc6
bc6_189,bc6
bc6_190,bc6
bc6_191,bc6
bc6_192,bc6
bc6_193,bc6
bc6_194,bc6
bc6_195,bc6
bc6_196,bc6
bc6_197,bc6
bc6_198,bc6
bc6_199,bc6
bc6_200,bc6
bc6_201,bc6
bc6_202,bc6
bc6_203,bc6
bc6_204,bc6
bc6_205,bc6
bc6_206,bc6
bc6_207,bc6
bc6_208,bc6
bc6_209,bc6
bc6_210,bc6
bc6_211,bc6
bc6_212,bc6
bc6_213,bc6
bc6_214,bc6
bc6_215,bc6
bc6_216,bc6
bc6_217,bc6
bc6_218,bc6
bc6_219,bc6
bc6_220,bc6
bc6_221,bc6
bc6_222,bc6
bc6_223,bc6
bc6_224,bc6
bc6_225,bc6
bc6_226,bc6
bc6_227,bc6
bc6_228,bc6
bc6_229,bc6
bc6_230,bc6
bc6_231,bc6
bc6_232,bc6
bc6_233,bc6
bc6_234,bc6
bc6_235,bc6
bc6_236,bc6
bc6_237,bc6
bc6_238,bc6
bc6_239,bc6
bc6_240,bc6
bc6_241,bc6
bc6_242,bc6
bc6_243,bc6
bc6_244,bc6
bc6_245,bc6
bc6_246,bc6
bc6_247,bc6
bc6_248,bc6
bc6_249,bc6
bc6_250,bc6
bc6_251,bc6
bc6_252,bc6
bc6_253,bc6
bc6_254,bc6
bc6_255,bc6
bc6_256,bc6
bc6_257,bc6
bc6_258,bc6
bc6_259,bc6
bc6_260,bc6
bc6_261,bc6
bc6_262,bc6
bc6_263,bc6
bc6_264,bc6
bc6_265,bc6
bc6_266,bc6
bc6_267,bc6
bc6_268,bc6
bc6_269,bc6
bc6_270,bc6
bc6_271,bc6
bc6_272,bc6
bc6_273,bc6
bc6_274,bc6
bc6_275,bc6
bc6_276,bc6
bc6_277,bc6
bc6_278,bc6
bc6_279,bc6
bc6_280,bc6
bc6_281,bc6
bc6_282,bc6
bc6_283,bc6
bc6_284,bc6
bc6_285,bc6
bc6_286,bc6
bc6_287,bc6
bc6_288,bc6
bc6_289,bc6
bc6_290,bc6
bc6_291,bc6
bc6_292,bc6
bc6_293,bc6
bc6_294,bc6
bc6_295,bc6
bc6_296,bc6
bc6_297,bc6
bc6_298,bc6
bc6_299,bc6
bc6_300,bc6
bc6_301,bc6
bc6_302,bc6
bc6_303,bc6
bc6_304,bc6
bc6_305,bc6
bc6_306,bc6
bc6_307,bc6
bc6_308,bc6
bc6_309,bc6
bc6_310,bc6
bc6_311,bc6
bc6_312,bc6
bc6_313,bc6
bc6_314,bc6
bc6_315,bc6
bc6_316,bc6
bc6_317,bc6
bc6_318,bc6
bc6_319,bc6
bc6_320,bc6
bc6_321,bc6
bc6_322,bc6
bc6_323,bc6
bc6_324,bc6
bc6_325,bc6
bc6_326,bc6
bc6_327,bc6
bc6_328,bc6
bc6_329,bc6
bc6_330,bc6
bc6_331,bc6
bc6_332,bc6
bc6_333,bc6
bc6_334,bc6
bc6_335,bc6
bc6_336,bc6
bc6_337,bc6
bc6_338,bc6
bc6_339,bc6
bc6_340,bc6
bc6_341,bc6
bc6_342,bc6
bc6_343,bc6
bc6_344,bc6
bc6_345,bc6
bc6_346,bc6
bc6_347,bc6
bc6_348,bc6
bc6_349,bc6
bc6_350,bc6
bc6_351,bc6
bc6_352,bc6
bc6_353,bc6
bc6_354,bc6
bc6_355,bc6
bc6_356,bc6
bc6_357,bc6
bc6_358,bc6
bc6_359,bc6
bc6_360,bc6
bc6_361,bc6
bc6_362,bc6
bc6_363,bc6
bc6_364,bc6
bc6_365,bc6
bc6_366,bc6
bc6_367,bc6
bc6_368,bc6
bc6_369,bc6
bc6_370,bc6
bc6_371,bc6
bc6_372,bc6
bc6_373,bc6
bc6_374,bc6
bc6_375,bc6
bc6_376,bc6
bc6_377,bc6
bc6_378,bc6
bc6_379,bc6
bc6_380,bc6
bc6_381,bc6
bc6_382,bc6
bc6_383,bc6
bc6_384,bc6
bc6_385,bc6
bc6_386,bc6
bc6_387,bc6
bc6_388,bc6
bc6_389,bc6
bc6_390,bc6
bc6_391,bc6
bc6_392,bc6
bc6_393,bc6
bc6_394,bc6
bc6_395,bc6
bc6_396,bc6
bc6_397,bc6
bc6_398,bc6
bc6_399,bc6
bc6_400,bc6
bc6_401,bc6
bc6_402,bc6
bc6_403,bc6
bc6_404,bc6
bc6_405,bc6
bc6_406,bc6
bc6_407,bc6
bc6_408,bc6
bc6_409,bc6
bc6_410,bc6
bc6_411,bc6
bc6_412,bc6
bc6_413,bc6
bc6_414,bc6
bc6_415,bc6
bc6_416,bc6
bc6_417,bc6
bc6_418,bc6
bc6_419,bc6
bc6_420,bc6
bc6_421,bc6
bc6_422,bc6
bc6_423,bc6
bc6_424,bc6
bc6_425,bc6
bc6_426,bc6
bc6_427,bc6
bc6_428,bc6
bc6_429,bc6
bc6_430,bc6
bc6_431,bc6
bc6_432,bc6
bc6_433,bc6
bc6_434,bc6
bc6_435,bc6
bc6_436,bc6
bc6_437,bc6
bc6_438,bc6
bc6_439,bc6
bc6_440,bc6
bc6_441,bc6
bc6_442,bc6
bc6_443,bc6
bc6_444,bc6
bc6_445,bc6
bc6_446,bc6
bc6_447,bc6
bc6_448,bc6
bc6_449,bc6
bc6_450,bc6
bc6_451,bc6
bc6_452,bc6
bc6_453,bc6
bc6_454,bc6
bc6_455,bc6
bc6_456,bc6
bc6_457,bc6
bc6_458,bc6
bc6_459,bc6
bc6_460,bc6
bc6_461,bc6
bc6_462,bc6
bc6_463,Negative
bc6_464,bc6
bc6_465,bc6
bc6_466,bc6
bc6_467,bc6
bc6_468,bc6
bc6_469,bc6
bc6_470,bc6
bc6_471,bc6
bc6_472,bc6
bc6_473,bc6
bc6_474,bc6
bc6_475,bc6
bc6_476,bc6
bc6_477,bc6
bc6_478,bc6
bc6_479,bc6
bc6_480,bc6
bc6_481,bc6
bc6_482,bc6
bc6_483,bc6
bc6_484,bc6
bc6_485,bc6
bc6_486,bc6
bc6_487,bc6
bc6_488,bc6
bc6_489,bc6
bc6_490,bc6
bc6_491,bc6
bc6_492,bc6
bc6_493,bc6
bc6_494,bc6
bc6_495,bc6
bc6_496,bc6
bc6_497,bc6
bc6_498,bc6
bc6_499,bc6
bc6_500,bc6
bc6_501,bc6
bc6_502,bc6
bc6_503,bc6
bc6_504,bc6
bc6_505,bc6
bc6_506,bc6
bc6_507,bc6
bc6_508,bc6
bc6_509,bc6
bc6_510,bc6
bc6_511,bc6
bc6_512,bc6
bc6_513,bc6
bc6_514,bc6
bc6_515,bc6
bc6_516,bc6
bc6_517,bc6
bc6_518,bc6
bc6_519,bc6
bc6_520,bc6
bc6_521,bc6
bc6_522,bc6
bc6_523,bc6
bc6_524,bc6
bc6_525,bc6
bc6_526,bc6
bc6_527,bc6
bc6_528,bc6
bc6_529,bc6
bc6_530,bc6
bc6_531,bc6
bc6_532,bc6
bc6_533,bc6
bc6_534,bc6
bc6_535,bc6
bc6_536,bc6
bc6_537,bc6
bc6_538,bc6
bc6_539,bc6
bc6_540,bc6
bc6_541,bc6
bc6_542,bc6
bc6_543,bc6
bc6_544,bc6
bc6_545,bc6
bc6_546,bc6
bc6_547,bc6
bc6_548,bc6
bc6_549,bc6
bc6_550,bc6
bc6_551,bc6
bc6_552,bc6
bc6_553,bc6
bc6_554,bc6
bc6_555,bc6
bc6_556,bc6
bc6_557,bc6
bc6_558,bc6
bc6_559,bc6
bc6_560,bc6
bc6_561,bc6
bc6_562,bc6
bc6_563,bc6
bc6_564,bc6
bc6_565,bc6
bc6_566,bc6
bc6_567,bc6
bc6_568,bc6
bc6_569,bc6
bc6_570,bc6
bc6_571,bc6
bc6_572,bc6
bc6_573,bc6
bc6_574,bc6
bc6_575,bc6
bc6_576,bc6
bc6_577,bc6
bc6_578,bc6
bc6_579,bc6
bc6_580,bc6
bc6_581,bc6
bc6_582,bc6
bc6_583,bc6
bc6_584,bc6
bc6_585,bc6
bc6_586,bc6
bc6_587,bc6
bc6_588,bc6
bc6_589,bc6
bc6_590,bc6
bc6_591,bc6
bc6_592,bc6
bc6_593,bc6
bc6_594,bc6
bc6_595,bc6
bc6_596,bc6
bc6_597,bc6
bc6_598,bc6
bc6_599,bc6
bc6_600,bc6
bc6_601,bc6
bc6_602,bc6
bc6_603,bc6
bc6_604,bc6
bc6_605,bc6
bc6_606,bc6
bc6_607,bc6
bc6_608,bc6
bc6_609,bc6
bc6_610,bc6
bc6_611,bc6
bc6_612,bc6
bc6_613,bc6
bc6_614,bc6
bc6_615,bc6
bc6_616,bc6
bc6_617,bc6
bc6_618,bc6
bc6_619,bc6
bc6_620,bc6
bc6_621,bc6
bc6_622,bc6
bc6_623,bc6
bc6_624,bc6
bc6_625,bc6
bc6_626,bc6
bc6_627,bc6
bc6_628,bc6
bc6_629,bc6
bc6_630,bc6
bc6_631,bc6
bc6_632,bc6
bc6_633,bc6
bc6_634,bc6
bc6_635,bc6
bc6_636,bc6
bc6_637,bc6
bc6_638,bc6
bc6_639,bc6
bc6_640,bc6
bc6_641,bc6
bc6_642,bc6
bc6_643,bc6
bc6_644,bc6
bc6_645,bc6
bc6_646,bc6
bc6_647,bc6
bc6_648,bc6
bc6_649,bc6
bc6_650,bc6
bc6_651,bc6
bc6_652,bc6
bc6_653,bc6
bc6_654,bc6
bc6_655,bc6
bc6_656,bc6
bc6_657,bc6
bc6_658,bc6
bc6_659,bc6
bc6_660,bc6
bc6_661,bc6
bc6_662,bc6
bc6_663,bc6
bc6_664,bc6
bc6_665,bc6
bc6_666,bc6
bc6_667,bc6
bc6_668,bc6
bc6_669,bc6
bc6_670,bc6
bc6_671,bc6
bc6_672,bc6
bc6_673,bc6
bc6_674,bc6
bc6_675,bc6
bc6_676,bc6
bc6_677,bc6
bc6_678,bc6
bc6_679,bc6
bc6_680,bc6
bc6_681,bc6
bc6_682,bc6
bc6_683,bc6
bc6_684,bc6
bc6_685,bc6
bc6_686,bc6
bc6_687,bc6
bc6_688,bc6
bc6_689,bc6
bc6_690,bc6
bc6_691,bc6
bc6_692,bc6
bc6_693,bc6
bc6_694,bc6
bc6_695,bc6
bc6_696,bc6
bc6_697,bc6
bc6_698,bc6
bc6_699,bc6
bc6_700,bc6
bc6_701,bc6
bc6_702,bc6
bc6_703,bc6
bc6_704,bc6
bc6_705,bc6
bc6_706,bc6
bc6_707,bc6
bc6_708,bc6
bc6_709,bc6
bc6_710,bc6
bc6_711,bc6
bc6_712,bc6
bc6_713,bc6
bc6_714,bc6
bc6_715,bc6
bc6_716,bc6
bc6_717,bc6
bc6_718,bc6
bc6_719,bc6
bc6_720,bc6
bc6_721,bc6
bc6_722,bc6
bc6_723,bc6
bc6_724,bc6
bc6_725,bc6
bc6_726,bc6
bc6_727,bc6
bc6_728,bc6
bc6_729,bc6
bc6_730,bc6
bc6_731,bc6
bc6_732,bc6
bc6_733,bc6
bc6_734,bc6
bc6_735,bc6
bc6_736,bc6
bc6_737,bc6
bc6_738,bc6
bc6_739,bc6
bc6_740,bc6
bc6_741,bc6
bc6_742,bc6
bc6_743,bc6
bc6_744,bc6
bc6_745,bc6
bc6_746,bc6
bc6_747,bc6
bc6_748,bc6
bc6_749,bc6
bc6_750,bc6
bc6_751,bc6
bc6_752,bc6
bc6_753,bc6
bc6_754,bc6
bc6_755,bc6
bc6_756,bc6
bc6_757,bc6
bc6_758,bc6
bc6_759,bc6
bc6_760,bc6
bc6_761,bc6
bc6_762,bc6
bc6_763,bc6
bc6_764,bc6
bc6_765,bc6
bc6_766,bc6
bc6_767,bc6
bc6_768,bc6
bc6_769,bc6
bc6_770,bc6
bc6_771,bc6
bc6_772,bc6
bc6_773,bc6
bc6_774,bc6
bc6_775,bc6
bc6_776,bc6
bc6_777,bc6
bc6_778,bc6
bc6_779,bc6
bc6_780,bc6
bc6_781,bc6
bc6_782,bc6
bc6_783,bc6
bc6_784,bc6
bc6_785,bc6
bc6_786,bc6
bc6_787,bc6
bc6_788,bc6
bc6_789,bc6
bc6_790,bc6
bc6_791,bc6
bc6_792,bc6
bc6_793,bc6
bc6_794,bc6
bc6_795,bc6
bc6_796,bc6
bc6_797,bc6
bc6_798,bc6
bc6_799,bc6
bc6_800,bc6
bc6_801,bc6
bc6_802,bc6
bc6_803,bc6
bc6_804,bc6
bc6_805,bc6
bc6_806,bc6
bc6_807,bc6
bc6_808,bc6
bc6_809,bc6
bc6_810,bc6
bc6_811,bc6
bc6_812,bc6
bc6_813,bc6
bc6_814,bc6
bc6_815,bc6
bc6_816,bc6
bc6_817,bc6
bc6_818,bc6
bc6_819,bc6
bc6_820,bc6
bc6_821,bc6
bc6_822,bc6
bc6_823,bc6
bc6_824,bc6
bc6_825,bc6
bc6_826,bc6
bc6_827,bc6
bc6_828,bc6
bc6_829,bc6
bc6_830,bc6
bc6_831,bc6
bc6_832,bc6
bc6_833,bc6
bc6_834,bc6
bc6_835,bc6
bc6_836,bc6
bc6_837,bc6
bc6_838,bc6
bc6_839,bc6
bc6_840,bc6
bc6_841,bc6
bc6_842,bc6
bc6_843,bc6
bc6_844,bc6
bc6_845,bc6
bc6_846,bc6
bc6_847,bc6
bc6_848,bc6
bc6_849,bc6
bc6_850,bc6
bc6_851,bc6
bc6_852,bc6
bc6_853,bc6
bc6_854,bc6
bc6_855,bc6
bc6_856,bc6
bc6_857,bc6
bc6_858,bc6
bc6_859,bc6
bc6_860,bc6
bc6_861,bc6
bc6_862,bc6
bc6_863,bc6
bc6_864,bc6
bc6_865,bc6
bc6_866,bc6
bc6_867,bc6
bc6_868,bc6
bc6_869,bc6
bc6_870,bc6
bc6_871,bc6
bc6_872,bc6
bc6_873,bc6
bc6_874,bc6
bc6_875,bc6
bc6_876,bc6
bc6_877,bc6
bc6_878,bc6
bc6_879,bc6
bc6_880,bc6
bc6_881,bc6
bc6_882,bc6
bc6_883,bc6
bc6_884,bc6
bc6_885,bc6
bc6_886,bc6
bc6_887,bc6
bc6_888,bc6
bc6_889,bc6
bc6_890,bc6
bc6_891,bc6
bc6_892,bc6
bc6_893,bc6
bc6_894,bc6
bc6_895,bc6
bc6_896,bc6
bc6_897,bc6
bc6_898,bc6
bc6_899,bc6
bc6_900,bc6
bc6_901,bc6
bc6_902,bc6
bc6_903,bc6
bc6_904,bc6
bc6_905,bc6
bc6_906,bc6
bc6_907,bc6
bc6_908,bc6
bc6_909,bc6
bc6_910,bc6
bc6_911,bc6
bc6_912,bc6
bc6_913,bc6
bc6_914,bc6
bc6_915,bc6
bc6_916,bc6
bc6_917,bc6
bc6_918,bc6
bc6_919,bc6
bc6_920,bc6
bc6_921,bc6
bc6_922,bc6
bc6_923,bc6
bc6_924,bc6
bc6_925,bc6
bc6_926,bc6
bc6_927,bc6
bc6_928,bc6
bc6_929,bc6
bc6_930,bc6
bc6_931,bc6
bc6_932,bc6
bc6_933,bc6
bc6_934,bc6
bc6_935,bc6
bc6_936,bc6
bc6_937,bc6
bc6_938,bc6
bc6_939,bc6
bc6_940,bc6
bc6_941,bc6
bc6_942,bc6
bc6_943,bc6
bc6_944,bc6
bc6_945,bc6
bc6_946,bc6
bc6_947,bc6
bc6_948,bc6
bc6_949,bc6
bc6_950,bc6
bc6_951,bc6
bc6_952,bc6
bc6_953,bc6
bc6_954,bc6
bc6_955,bc6
bc6_956,bc6
bc6_957,bc6
bc6_958,bc6
bc6_959,bc6
bc6_960,bc6
bc6_961,bc6
bc6_962,bc6
bc6_963,bc6
bc6_964,bc6
bc6_965,bc6
bc6_966,bc6
bc6_967,bc6
bc6_968,bc6
bc6_969,bc6
bc6_970,bc6
bc6_971,bc6
bc6_972,bc6
bc6_973,bc6
bc6_974,bc6
bc6_975,bc6
bc6_976,bc6
bc6_977,bc6
bc6_978,bc6
bc6_979,bc6
bc6_980,bc6
bc6_981,bc6
bc6_982,bc6
bc6_983,bc6
bc6_984,bc6
bc6_985,bc6
bc6_986,bc6
bc6_987,bc6
bc6_988,bc6
bc6_989,bc6
bc6_990,bc6
bc6_991,bc6
bc6_992,bc6
bc6_993,bc6
bc6_994,bc6
bc6_995,bc6
bc6_996,bc6
bc6_997,bc6
bc6_998,bc6
bc6_999,bc6
bc6_1000,bc6
bc6_1001,bc6
bc6_1002,bc6
bc6_1003,bc6
bc6_1004,bc6
bc6_1005,bc6
bc6_1006,bc6
bc6_1007,bc6
bc6_1008,bc6
bc6_1009,bc6
bc6_1010,bc6
bc6_1011,bc6
bc6_1012,bc6
bc6_1013,bc6
bc6_1014,bc6
bc6_1015,bc6
bc6_1016,bc6
bc6_1017,bc6
bc6_1018,bc6
bc6_1019,bc6
bc6_1020,bc6
bc6_1021,bc6
bc6_1022,bc6
bc6_1023,bc6
bc6_1024,bc6
bc6_1025,bc6
bc6_1026,bc6
bc6_1027,bc6
bc6_1028,bc6
bc6_1029,bc6
bc6_1030,bc6
bc6_1031,bc6
bc6_1032,bc6
bc6_1033,bc6
bc6_1034,bc6
bc6_1035,bc6
bc6_1036,bc6
bc6_1037,bc6
bc6_1038,bc6
bc6_1039,bc6
bc6_1040,bc6
bc6_1041,bc6
bc6_1042,bc6
bc6_1043,bc6
bc6_1044,bc6
bc6_1045,bc6
bc6_1046,bc6
bc6_1047,bc6
bc6_1048,bc6
bc6_1049,bc6
bc6_1050,bc6
bc6_1051,bc6
bc6_1052,bc6
bc6_1053,bc6
bc6_1054,bc6
bc6_1055,bc6
bc6_1056,bc6
bc6_1057,bc6
bc6_1058,bc6
bc6_1059,bc6
bc6_1060,bc6
bc6_1061,bc6
bc6_1062,bc6
bc6_1063,bc6
bc6_1064,bc6
bc6_1065,bc6
bc6_1066,bc6
bc6_1067,bc6
bc6_1068,bc6
bc6_1069,bc6
bc6_1070,bc6
bc6_1071,bc6
bc6_1072,bc6
bc6_1073,bc6
bc6_1074,bc6
bc6_1075,bc6
bc6_1076,bc6
bc6_1077,bc6
bc6_1078,bc6
bc6_1079,bc6
bc6_1080,bc6
bc6_1081,bc6
bc6_1082,bc6
bc6_1083,bc6
bc6_1084,bc6
bc6_1085,bc6
bc6_1086,bc6
bc6_1087,bc6
bc6_1088,bc6
bc6_1089,bc6
bc6_1090,bc6
bc6_1091,bc6
bc6_1092,bc6
bc6_1093,bc6
bc6_1094,bc6
bc6_1095,bc6
bc6_1096,bc6
bc6_1097,bc6
bc6_1098,bc6
bc6_1099,bc6
bc6_1100,bc6
bc6_1101,bc6
bc6_1102,bc6
bc6_1103,bc6
bc6_1104,bc6
bc6_1105,bc6
bc6_1106,bc6
bc6_1107,bc6
bc6_1108,bc6
bc6_1109,bc6
bc6_1110,bc6
bc6_1111,bc6
bc6_1112,bc6
bc6_1113,bc6
bc6_1114,bc6
bc6_1115,bc6
bc6_1116,bc6
bc6_1117,bc6
bc6_1118,bc6
bc6_1119,bc6
bc6_1120,bc6
bc6_1121,bc6
bc6_1122,bc6
bc6_1123,bc6
bc6_1124,bc6
bc6_1125,bc6
bc6_1126,bc6
bc6_1127,bc6
bc6_1128,bc6
bc6_1129,bc6
bc6_1130,bc6
bc6_1131,bc6
bc6_1132,bc6
bc6_1133,bc6
bc6_1134,bc6
bc6_1135,bc6
bc6_1136,bc6
bc6_1137,bc6
bc6_1138,bc6
bc6_1139,bc6
bc6_1140,bc6
bc6_1141,bc6
bc6_1142,bc6
bc6_1143,bc6
bc6_1144,bc6
bc6_1145,bc6
bc6_1146,bc6
bc6_1147,bc6
bc6_1148,bc6
bc6_1149,bc6
bc6_1150,bc6
bc6_1151,bc6
bc6_1152,bc6
bc6_1153,bc6
bc6_1154,bc6
bc6_1155,bc6
bc6_1156,bc6
bc6_1157,bc6
bc6_1158,bc6
bc6_1159,bc6
bc6_1160,bc6
bc6_1161,bc6
bc6_1162,bc6
bc6_1163,bc6
bc6_1164,bc6
bc6_1165,bc6
bc6_1166,bc6
bc6_1167,bc6
bc6_1168,bc6
bc6_1169,bc6
bc6_1170,bc6
bc6_1171,bc6
bc6_1172,bc6
bc6_1173,bc6
bc6_1174,bc6
bc6_1175,bc6
bc6_1176,bc6
bc6_1177,bc6
bc6_1178,bc6
bc6_1179,bc6
bc6_1180,bc6
bc6_1181,bc6
bc6_1182,bc6
bc6_1183,bc6
bc6_1184,bc6
bc6_1185,bc6
bc6_1186,bc6
bc6_1187,bc6
bc6_1188,bc6
bc6_1189,bc6
bc6_1190,bc6
bc6_1191,bc6
bc6_1192,bc6
bc6_1193,bc6
bc6_1194,bc6
bc6_1195,bc6
bc6_1196,bc6
bc6_1197,bc6
bc6_1198,bc6
bc6_1199,bc6
bc6_1200,bc6
bc6_1201,bc6
bc6_1202,bc6
bc6_1203,bc6
bc6_1204,bc6
bc6_1205,bc6
bc6_1206,bc6
bc6_1207,bc6
bc6_1208,bc6
bc6_1209,bc6
bc6_1210,bc6
bc6_1211,bc6
bc6_1212,bc6
bc6_1213,bc6
bc6_1214,bc6
bc6_1215,bc6
bc6_1216,bc6
bc6_1217,bc6
bc6_1218,bc6
bc6_1219,bc6
bc6_1220,bc6
bc6_1221,bc6
bc6_1222,bc6
bc6_1223,bc6
bc6_1224,bc6
bc6_1225,bc6
bc6_1226,bc6
bc6_1227,bc6
bc6_1228,bc6
bc6_1229,bc6
bc6_1230,bc6
bc6_1231,bc6
bc6_1232,bc6
bc6_1233,bc6
bc6_1234,bc6
bc6_1235,bc6
bc6_1236,bc6
bc6_1237,bc6
bc6_1238,bc6
bc6_1239,bc6
bc6_1240,bc6
bc6_1241,bc6
bc6_1242,bc6
bc6_1243,bc6
bc6_1244,bc6
bc6_1245,bc6
bc6_1246,bc6
bc6_1247,bc6
bc6_1248,bc6
bc6_1249,bc6
bc6_1250,bc6
bc6_1251,bc6
bc6_1252,bc6
bc6_1253,bc6
bc6_1254,bc6
bc6_1255,bc6
bc6_1256,bc6
bc6_1257,bc6
bc6_1258,bc6
bc6_1259,bc6
bc6_1260,bc6
bc6_1261,bc6
bc6_1262,bc6
bc6_1263,bc6
bc6_1264,bc6
bc6_1265,bc6
bc6_1266,bc6
bc6_1267,bc6
bc6_1268,bc6
bc6_1269,bc6
bc6_1270,bc6
bc6_1271,bc6
bc6_1272,bc6
bc6_1273,bc6
bc6_1274,bc6
bc6_1275,bc6
bc6_1276,bc6
bc6_1277,bc6
bc6_1278,bc6
bc6_1279,bc6
bc6_1280,bc6
bc6_1281,bc6
bc6_1282,bc6
bc6_1283,bc6
bc6_1284,bc6
bc6_1285,bc6
bc6_1286,bc6
bc6_1287,bc6
bc6_1288,bc6
bc6_1289,bc6
bc6_1290,bc6
bc6_1291,bc6
bc6_1292,bc6
bc6_1293,bc6
bc6_1294,bc6
bc6_1295,bc6
bc6_1296,bc6
bc6_1297,bc6
bc6_1298,bc6
bc6_1299,bc6
bc6_1300,bc6
bc6_1301,bc6
bc6_1302,bc6
bc6_1303,bc6
bc6_1304,bc6
bc6_1305,bc6
bc6_1306,bc6
bc6_1307,bc6
bc6_1308,bc6
bc6_1309,bc6
bc6_1310,bc6
bc6_1311,bc6
bc6_1312,bc6
bc6_1313,bc6
bc6_1314,bc6
bc6_1315,bc6
bc6_1316,bc6
bc6_1317,bc6
bc6_1318,bc6
bc6_1319,bc6
bc6_1320,bc6
bc6_1321,bc6
bc6_1322,bc6
bc6_1323,bc6
bc6_1324,bc6
bc6_1325,bc6
bc6_1326,bc6
bc6_1327,bc6
bc6_1328,bc6
bc6_1329,bc6
bc6_1330,bc6
bc6_1331,bc6
bc6_1332,bc6
bc6_1333,bc6
bc6_1334,bc6
bc6_1335,bc6
bc6_1336,bc6
bc6_1337,bc6
bc6_1338,bc6
bc6_1339,bc6
bc6_1340,bc6
bc6_1341,bc6
bc6_1342,bc6
bc6_1343,bc6
bc6_1344,bc6
bc6_1345,bc6
bc6_1346,bc6
bc6_1347,bc6
bc6_1348,bc6
bc6_1349,bc6
bc6_1350,bc6
bc6_1351,bc6
bc6_1352,bc6
bc6_1353,bc6
bc6_1354,bc6
bc6_1355,bc6
bc6_1356,bc6
bc6_1357,bc6
bc6_1358,bc6
bc6_1359,bc6
bc6_1360,bc6
bc6_1361,bc6
bc6_1362,bc6
bc6_1363,bc6
bc6_1364,bc6
bc6_1365,bc6
bc6_1366,bc6
bc6_1367,bc6
bc6_1368,bc6
bc6_1369,bc6
bc6_1370,bc6
bc6_1371,bc6
bc6_1372,bc6
bc6_1373,bc6
bc6_1374,bc6
bc6_1375,bc6
bc6_1376,bc6
bc6_1377,bc6
bc6_1378,bc6
bc6_1379,bc6
bc6_1380,bc6
bc6_1381,bc6
bc6_1382,bc6
bc6_1383,bc6
bc6_1384,bc6
bc6_1385,bc6
bc6_1386,bc6
bc6_1387,bc6
bc6_1388,bc6
bc6_1389,bc6
bc6_1390,bc6
bc6_1391,bc6
bc6_1392,bc6
bc6_1393,bc6
bc6_1394,bc6
bc6_1395,bc6
bc6_1396,bc6
bc6_1397,bc6
bc6_1398,bc6
bc6_1399,bc6
bc6_1400,bc6
bc6_1401,bc6
bc6_1402,bc6
bc6_1403,bc6
bc6_1404,bc6
bc6_1405,bc6
bc6_1406,bc6
bc6_1407,bc6
bc6_1408,bc6
bc6_1409,bc6
bc6_1410,bc6
bc6_1411,bc6
bc6_1412,bc6
bc6_1413,bc6
bc6_1414,bc6
bc6_1415,bc6
bc6_1416,bc6
bc6_1417,bc6
bc6_1418,bc6
bc6_1419,bc6
bc6_1420,bc6
bc6_1421,bc6
bc6_1422,bc6
bc6_1423,bc6
bc6_1424,bc6
bc6_1425,bc6
bc6_1426,bc6
bc6_1427,bc6
bc6_1428,bc6
bc6_1429,bc6
bc6_1430,bc6
bc6_1431,bc6
bc6_1432,bc6
bc6_1433,bc6
bc6_1434,bc6
bc6_1435,bc6
bc6_1436,bc6
bc6_1437,bc6
bc6_1438,bc6
bc6_1439,bc6
bc6_1440,bc6
bc6_1441,bc6
bc6_1442,bc6
bc6_1443,bc6
bc6_1444,bc6
bc6_1445,bc6
bc6_1446,bc6
bc6_1447,bc6
bc6_1448,bc6
bc6_1449,bc6
bc6_1450,bc6
bc6_1451,bc6
bc6_1452,bc6
bc6_1453,bc6
bc6_1454,bc6
bc6_1455,bc6
bc6_1456,bc6
bc6_1457,bc6
bc6_1458,bc6
bc6_1459,bc6
bc6_1460,bc6
bc6_1461,bc6
bc6_1462,bc6
bc6_1463,bc6
bc6_1464,bc6
bc6_1465,bc6
bc6_1466,bc6
bc6_1467,bc6
bc6_1468,bc6
bc6_1469,bc6
bc6_1470,bc6
bc6_1471,bc6
bc6_1472,bc6
bc6_1473,bc6
bc6_1474,bc6
bc6_1475,bc6
bc6_1476,bc6
bc6_1477,bc6
bc6_1478,bc6
bc6_1479,bc6
bc6_1480,bc6
bc6_1481,bc6
bc6_1482,bc6
bc6_1483,bc6
bc6_1484,bc6
bc6_1485,bc6
bc6_1486,bc6
bc6_1487,bc6
bc6_1488,bc6
bc6_1489,bc6
bc6_1490,bc6
bc6_1491,bc6
bc6_1492,bc6
bc6_1493,bc6
bc6_1494,bc6
bc6_1495,bc6
bc6_1496,bc6
bc6_1497,bc6
bc6_1498,bc6
bc6_1499,bc6
bc6_1500,bc6
bc6_1501,bc6
bc6_1502,bc6
bc6_1503,bc6
bc6_1504,bc6
bc6_1505,bc6
bc6_1506,bc6
bc6_1507,bc6
bc6_1508,bc6
bc6_1509,bc6
bc6_1510,bc6
bc6_1511,bc6
bc6_1512,bc6
bc6_1513,bc6
bc6_1514,bc6
bc6_1515,bc6
bc6_1516,bc6
bc6_1517,bc6
bc6_1518,bc6
bc6_1519,bc6
bc6_1520,bc6
bc6_1521,bc6
bc6_1522,bc6
bc6_1523,bc6
bc6_1524,bc6
bc6_1525,bc6
bc6_1526,bc6
bc6_1527,bc6
bc6_1528,bc6
bc6_1529,bc6
bc6_1530,bc6
bc6_1531,bc6
bc6_1532,bc6
bc6_1533,bc6
bc6_1534,bc6
bc6_1535,bc6
bc6_1536,bc6
bc6_1537,bc6
bc6_1538,bc6
bc6_1539,bc6
bc6_1540,bc6
bc6_1541,bc6
bc6_1542,bc6
bc6_1543,bc6
bc6_1544,bc6
bc6_1545,bc6
bc6_1546,bc6
bc6_1547,bc6
bc6_1548,bc6
bc6_1549,bc6
bc6_1550,bc6
bc6_1551,bc6
bc6_1552,bc6
bc6_1553,bc6
bc6_1554,bc6
bc6_1555,bc6
bc6_1556,bc6
bc6_1557,bc6
bc6_1558,bc6
bc6_1559,bc6
bc6_1560,bc6
bc6_1561,bc6
bc6_1562,bc6
bc6_1563,bc6
bc6_1564,bc6
bc6_1565,bc6
bc6_1566,bc6
bc6_1567,bc6
bc6_1568,bc6
bc6_1569,bc6
bc6_1570,bc6
bc6_1571,bc6
bc6_1572,bc6
bc6_1573,bc6
bc6_1574,bc6
bc6_1575,bc6
bc6_1576,bc6
bc6_1577,bc6
bc6_1578,bc6
bc6_1579,bc6
bc6_1580,bc6
bc6_1581,bc6
bc6_1582,bc6
bc6_1583,bc6
bc6_1584,bc6
bc6_1585,bc6
bc6_1586,bc6
bc6_1587,bc6
bc6_1588,bc6
bc6_1589,bc6
bc6_1590,bc6
bc6_1591,bc6
bc6_1592,bc6
bc6_1593,bc6
bc6_1594,bc6
bc6_1595,bc6
bc6_1596,bc6
bc6_1597,bc6
bc6_1598,bc6
bc6_1599,bc6
bc6_1600,bc6
bc6_1601,bc6
bc6_1602,bc6
bc6_1603,bc6
bc6_1604,bc6
bc6_1605,bc6
bc6_1606,bc6
bc6_1607,bc6
bc6_1608,bc6
bc6_1609,bc6
bc6_1610,bc6
bc6_1611,bc6
bc6_1612,bc6
bc6_1613,bc6
bc6_1614,bc6
bc6_1615,bc6
bc6_1616,bc6
bc6_1617,bc6
bc6_1618,bc6
bc6_1619,bc6
bc6_1620,bc6
bc6_1621,bc6
bc6_1622,bc6
bc6_1623,bc6
bc6_1624,bc6
bc6_1625,bc6
bc6_1626,bc6
bc6_1627,bc6
bc6_1628,bc6
bc6_1629,bc6
bc6_1630,bc6
bc6_1631,bc6
bc6_1632,bc6
bc6_1633,bc6
bc6_1634,bc6
bc6_1635,bc6
bc6_1636,bc6
bc6_1637,bc6
bc6_1638,bc6
bc6_1639,bc6
bc6_1640,bc6
bc6_1641,bc6
bc6_1642,bc6
bc6_1643,bc6
bc6_1644,bc6
bc6_1645,bc6
bc6_1646,bc6
bc6_1647,bc6
bc6_1648,bc6
bc6_1649,bc6
bc6_1650,bc6
bc6_1651,bc6
bc6_1652,bc6
bc6_1653,bc6
bc6_1654,bc6
bc6_1655,bc6
bc6_1656,bc6
bc6_1657,bc6
bc6_1658,bc6
bc6_1659,bc6
bc6_1660,bc6
bc6_1661,bc6
bc6_1662,bc6
bc6_1663,bc6
bc6_1664,bc6
bc6_1665,bc6
bc6_1666,bc6
bc6_1667,bc6
bc6_1668,bc6
bc6_1669,bc6
bc6_1670,bc6
bc6_1671,bc6
bc6_1672,bc6
bc6_1673,bc6
bc6_1674,bc6
bc6_1675,bc6
bc6_1676,bc6
bc6_1677,bc6
bc6_1678,bc6
bc6_1679,bc6
bc6_1680,bc6
bc6_1681,bc6
bc6_1682,bc6
bc6_1683,bc6
bc6_1684,bc6
bc6_1685,bc6
bc6_1686,bc6
bc6_1687,bc6
bc6_1688,bc6
bc6_1689,bc6
bc6_1690,bc6
bc6_1691,bc6
bc6_1692,bc6
bc6_1693,bc6
bc6_1694,bc6
bc6_1695,bc6
bc6_1696,bc6
bc6_1697,bc6
bc6_1698,bc6
bc6_1699,bc6
bc6_1700,bc6
bc6_1701,bc6
bc6_1702,bc6
bc6_1703,bc6
bc6_1704,bc6
bc6_1705,bc6
bc6_1706,bc6
bc6_1707,bc6
bc6_1708,bc6
bc6_1709,bc6
bc6_1710,bc6
bc6_1711,bc6
bc6_1712,bc6
bc6_1713,bc6
bc6_1714,bc6
bc6_1715,bc6
bc6_1716,bc6
bc6_1717,bc6
bc6_1718,bc6
bc6_1719,bc6
bc6_1720,bc6
bc6_1721,bc6
bc6_1722,bc6
bc6_1723,bc6
bc6_1724,bc6
bc6_1725,bc6
bc6_1726,bc6
bc6_1727,bc6
bc6_1728,bc6
bc6_1729,bc6
bc6_1730,bc6
bc6_1731,bc6
bc6_1732,bc6
bc6_1733,bc6
bc6_1734,bc6
bc6_1735,bc6
bc6_1736,bc6
bc6_1737,bc6
bc6_1738,bc6
bc6_1739,bc6
bc6_1740,bc6
bc6_1741,bc6
bc6_1742,bc6
bc6_1743,bc6
bc6_1744,bc6
bc6_1745,bc6
bc6_1746,bc6
bc6_1747,bc6
bc6_1748,bc6
bc6_1749,bc6
bc6_1750,bc6
bc6_1751,bc6
bc6_1752,bc6
bc6_1753,bc6
bc6_1754,bc6
bc6_1755,bc6
bc6_1756,bc6
bc6_1757,bc6
bc6_1758,bc6
bc6_1759,bc6
bc6_1760,bc6
bc6_1761,bc6
bc6_1762,bc6
bc6_1763,bc6
bc6_1764,bc6
bc6_1765,bc6
bc6_1766,bc6
bc6_1767,bc6
bc6_1768,bc6
bc6_1769,bc6
bc6_1770,bc6
bc6_1771,bc6
bc6_1772,bc6
bc6_1773,bc6
bc6_1774,bc6
bc6_1775,bc6
bc6_1776,bc6
bc6_1777,bc6
bc6_1778,bc6
bc6_1779,bc6
bc6_1780,bc6
bc6_1781,bc6
bc6_1782,bc6
bc6_1783,bc6
bc6_1784,bc6
bc6_1785,bc6
bc6_1786,bc6
bc6_1787,bc6
bc6_1788,bc6
bc6_1789,bc6
bc6_1790,bc6
bc6_1791,bc6
bc6_1792,bc6
bc7_1,bc7
bc7_2,bc7
bc7_3,bc7
bc7_4,bc7
bc7_5,bc7
bc7_6,bc7
bc7_7,bc7
bc7_8,bc7
bc7_9,bc7
bc7_10,bc7
bc7_11,bc7
bc7_12,bc7
bc7_13,bc7
bc7_14,bc7
bc7_15,bc7
bc7_16,bc7
bc7_17,bc7
bc7_18,bc7
bc7_19,bc7
bc7_20,bc7
bc7_21,bc7
bc7_22,bc7
bc7_23,bc7
bc7_24,bc7
bc7_25,bc7
bc7_26,bc7
bc7_27,bc7
bc7_28,bc7
bc7_29,bc7
bc7_30,bc7
bc7_31,bc7
bc7_32,bc7
bc7_33,bc7
bc7_34,bc7
bc7_35,bc7
bc7_36,bc7
bc7_37,bc7
bc7_38,bc7
bc7_39,bc7
bc7_40,bc7
bc7_41,bc7
bc7_42,bc7
bc7_43,bc7
bc7_44,bc7
bc7_45,bc7
bc7_46,bc7
bc7_47,bc7
bc7_48,bc7
bc7_49,bc7
bc7_50,bc7
bc7_51,bc7
bc7_52,bc7
bc7_53,bc7
bc7_54,bc7
bc7_55,bc7
bc7_56,bc7
bc7_57,bc7
bc7_58,bc7
bc7_59,bc7
bc7_60,bc7
bc7_61,bc7
bc7_62,bc7
bc7_63,bc7
bc7_64,bc7
bc7_65,bc7
bc7_66,bc7
bc7_67,bc7
bc7_68,bc7
bc7_69,bc7
bc7_70,bc7
bc7_71,bc7
bc7_72,bc7
bc7_73,bc7
bc7_74,bc7
bc7_75,bc7
bc7_76,bc7
bc7_77,bc7
bc7_78,bc7
bc7_79,bc7
bc7_80,bc7
bc7_81,bc7
bc7_82,bc7
bc7_83,bc7
bc7_84,bc7
bc7_85,bc7
bc7_86,bc7
bc7_87,bc7
bc7_88,bc7
bc7_89,bc7
bc7_90,bc7
bc7_91,bc7
bc7_92,bc7
bc7_93,bc7
bc7_94,bc7
bc7_95,bc7
bc7_96,bc7
bc7_97,bc7
bc7_98,bc7
bc7_99,bc7
bc7_100,bc7
bc7_101,bc7
bc7_102,bc7
bc7_103,bc7
bc7_104,bc7
bc7_105,bc7
bc7_106,bc7
bc7_107,bc7
bc7_108,bc7
bc7_109,bc7
bc7_110,bc7
bc7_111,bc7
bc7_112,bc7
bc7_113,bc7
bc7_114,bc7
bc7_115,bc7
bc7_116,bc7
bc7_117,bc7
bc7_118,bc7
bc7_119,bc7
bc7_120,bc7
bc7_121,bc7
bc7_122,bc7
bc7_123,bc7
bc7_124,bc7
bc7_125,bc7
bc7_126,bc7
bc7_127,bc7
bc7_128,bc7
bc7_129,bc7
bc7_130,bc7
bc7_131,bc7
bc7_132,bc7
bc7_133,bc7
bc7_134,bc7
bc7_135,bc7
bc7_136,bc7
bc7_137,bc7
bc7_138,bc7
bc7_139,bc7
bc7_140,bc7
bc7_141,bc7
bc7_142,bc7
bc7_143,bc7
bc7_144,bc7
bc7_145,bc7
bc7_146,bc7
bc7_147,bc7
bc7_148,bc7
bc7_149,bc7
bc7_150,bc7
bc7_151,bc7
bc7_152,bc7
bc7_153,bc7
bc7_154,bc7
bc7_155,bc7
bc7_156,bc7
bc7_157,bc7
bc7_158,bc7
bc7_159,bc7
bc7_160,bc7
bc7_161,bc7
bc7_162,bc7
bc7_163,bc7
bc7_164,bc7
bc7_165,bc7
bc7_166,bc7
bc7_167,bc7
bc7_168,bc7
bc7_169,bc7
bc7_170,bc7
bc7_171,bc7
bc7_172,bc7
bc7_173,bc7
bc7_174,bc7
bc7_175,bc7
bc7_176,bc7
bc7_177,bc7
bc7_178,bc7
bc7_179,bc7
bc7_180,bc7
bc7_181,bc7
bc7_182,bc7
bc7_183,bc7
bc7_184,bc7
bc7_185,bc7
bc7_186,bc7
bc7_187,bc7
bc7_188,bc7
bc7_189,bc7
bc7_190,bc7
bc7_191,bc7
bc7_192,bc7
bc7_193,bc7
bc7_194,bc7
bc7_195,bc7
bc7_196,bc7
bc7_197,bc7
bc7_198,bc7
bc7_199,bc7
bc7_200,bc7
bc7_201,bc7
bc7_202,bc7
bc7_203,bc7
bc7_204,bc7
bc7_205,bc7
bc7_206,bc7
bc7_207,bc7
bc7_208,bc7
bc7_209,bc7
bc7_210,bc7
bc7_211,bc7
bc7_212,bc7
bc7_213,bc7
bc7_214,bc7
bc7_215,bc7
bc7_216,bc7
bc7_217,bc7
bc7_218,bc7
bc7_219,bc7
bc7_220,bc7
bc7_221,bc7
bc7_222,bc7
bc7_223,bc7
bc7_224,bc7
bc7_225,bc7
bc7_226,bc7
bc7_227,bc7
bc7_228,bc7
bc7_229,bc7
bc7_230,bc7
bc7_231,bc7
bc7_232,bc7
bc7_233,bc7
bc7_234,bc7
bc7_235,bc7
bc7_236,bc7
bc7_237,bc7
bc7_238,bc7
bc7_239,bc7
bc7_240,bc7
bc7_241,bc7
bc7_242,bc7
bc7_243,bc7
bc7_244,bc7
bc7_245,bc7
bc7_246,bc7
bc7_247,bc7
bc7_248,bc7
bc7_249,bc7
bc7_250,bc7
bc7_251,bc7
bc7_252,bc7
bc7_253,bc7
bc7_254,bc7
bc7_255,bc7
bc7_256,bc7
bc7_257,bc7
bc7_258,bc7
bc7_259,bc7
bc7_260,bc7
bc7_261,bc7
bc7_262,bc7
bc7_263,bc7
bc7_264,bc7
bc7_265,bc7
bc7_266,bc7
bc7_267,bc7
bc7_268,bc7
bc7_269,bc7
bc7_270,bc7
bc7_271,bc7
bc7_272,bc7
bc7_273,bc7
bc7_274,bc7
bc7_275,bc7
bc7_276,bc7
bc7_277,bc7
bc7_278,bc7
bc7_279,bc7
bc7_280,bc7
bc7_281,bc7
bc7_282,bc7
bc7_283,bc7
bc7_284,bc7
bc7_285,bc7
bc7_286,bc7
bc7_287,bc7
bc7_288,bc7
bc7_289,bc7
bc7_290,bc7
bc7_291,bc7
bc7_292,bc7
bc7_293,bc7
bc7_294,bc7
bc7_295,bc7
bc7_296,bc7
bc7_297,bc7
bc7_298,bc7
bc7_299,bc7
bc7_300,bc7
bc7_301,bc7
bc7_302,bc7
bc7_303,bc7
bc7_304,bc7
bc7_305,bc7
bc7_306,bc7
bc7_307,bc7
bc7_308,bc7
bc7_309,bc7
bc7_310,bc7
bc7_311,bc7
bc7_312,bc7
bc7_313,bc7
bc7_314,bc7
bc7_315,bc7
bc7_316,bc7
bc7_317,bc7
bc7_318,bc7
bc7_319,bc7
bc7_320,bc7
bc7_321,bc7
bc7_322,bc7
bc7_323,bc7
bc7_324,bc7
bc7_325,bc7
bc7_326,bc7
bc7_327,bc7
bc7_328,bc7
bc7_329,bc7
bc7_330,bc7
bc7_331,bc7
bc7_332,bc7
bc7_333,bc7
bc7_334,bc7
bc7_335,bc7
bc7_336,bc7
bc7_337,bc7
bc7_338,bc7
bc7_339,bc7
bc7_340,bc7
bc7_341,bc7
bc7_342,bc7
bc7_343,bc7
bc7_344,bc7
bc7_345,bc7
bc7_346,bc7
bc7_347,bc7
bc7_348,bc7
bc7_349,bc7
bc7_350,bc7
bc7_351,bc7
bc7_352,bc7
bc7_353,bc7
bc7_354,bc7
bc7_355,bc7
bc7_356,bc7
bc7_357,bc7
bc7_358,bc7
bc7_359,bc7
bc7_360,bc7
bc7_361,bc7
bc7_362,bc7
bc7_363,bc7
bc7_364,bc7
bc7_365,bc7
bc7_366,bc7
bc7_367,bc7
bc7_368,bc7
bc7_369,bc7
bc7_370,bc7
bc7_371,bc7
bc7_372,bc7
bc7_373,bc7
bc7_374,bc7
bc7_375,bc7
bc7_376,bc7
bc7_377,bc7
bc7_378,bc7
bc7_379,bc7
bc7_380,bc7
bc7_381,bc7
bc7_382,bc7
bc7_383,bc7
bc7_384,bc7
bc7_385,bc7
bc7_386,bc7
bc7_387,bc7
bc7_388,bc7
bc7_389,bc7
bc7_390,bc7
bc7_391,bc7
bc7_392,bc7
bc7_393,bc7
bc7_394,bc7
bc7_395,bc7
bc7_396,bc7
bc7_397,bc7
bc7_398,bc7
bc7_399,bc7
bc7_400,bc7
bc7_401,bc7
bc7_402,bc7
bc7_403,bc7
bc7_404,bc7
bc7_405,bc7
bc7_406,bc7
bc7_407,bc7
bc7_408,bc7
bc7_409,bc7
bc7_410,bc7
bc7_411,bc7
bc7_412,bc7
bc7_413,bc7
bc7_414,bc7
bc7_415,bc7
bc7_416,bc7
bc7_417,bc7
bc7_418,bc7
bc7_419,bc7
bc7_420,bc7
bc7_421,bc7
bc7_422,bc7
bc7_423,bc7
bc7_424,bc7
bc7_425,bc7
bc7_426,bc7
bc7_427,bc7
bc7_428,bc7
bc7_429,bc7
bc7_430,bc7
bc7_431,bc7
bc7_432,bc7
bc7_433,bc7
bc7_434,bc7
bc7_435,bc7
bc7_436,bc7
bc7_437,bc7
bc7_438,bc7
bc7_439,bc7
bc7_440,bc7
bc7_441,bc7
bc7_442,bc7
bc7_443,bc7
bc7_444,bc7
bc7_445,bc7
bc7_446,bc7
bc7_447,bc7
bc7_448,bc7
bc7_449,bc7
bc7_450,bc7
bc7_451,bc7
bc7_452,bc7
bc7_453,bc7
bc7_454,bc7
bc7_455,bc7
bc7_456,bc7
bc7_457,bc7
bc7_458,bc7
bc7_459,bc7
bc7_460,bc7
bc7_461,bc7
bc7_462,bc7
bc7_463,bc7
bc7_464,bc7
bc7_465,bc7
bc7_466,bc7
bc7_467,bc7
bc7_468,bc7
bc7_469,bc7
bc7_470,bc7
bc7_471,bc7
bc7_472,bc7
bc7_473,bc7
bc7_474,bc7
bc7_475,bc7
bc7_476,bc7
bc7_477,bc7
bc7_478,bc7
bc7_479,bc7
bc7_480,bc7
bc7_481,bc7
bc7_482,bc7
bc7_483,bc7
bc7_484,bc7
bc7_485,bc7
bc7_486,bc7
bc7_487,bc7
bc7_488,bc7
bc7_489,bc7
bc7_490,bc7
bc7_491,bc7
bc7_492,bc7
bc7_493,bc7
bc7_494,bc7
bc7_495,bc7
bc7_496,bc7
bc7_497,bc7
bc7_498,bc7
bc7_499,bc7
bc7_500,bc7
bc7_501,bc7
bc7_502,bc7
bc7_503,bc7
bc7_504,bc7
bc7_505,bc7
bc7_506,bc7
bc7_507,bc7
bc7_508,bc7
bc7_509,bc7
bc7_510,bc7
bc7_511,bc7
bc7_512,bc7
bc7_513,bc7
bc7_514,bc7
bc7_515,bc7
bc7_516,bc7
bc7_517,bc7
bc7_518,bc7
bc7_519,bc7
bc7_520,bc7
bc7_521,bc7
bc7_522,bc7
bc7_523,bc7
bc7_524,bc7
bc7_525,bc7
bc7_526,bc7
bc7_527,bc7
bc7_528,bc7
bc7_529,bc7
bc7_530,bc7
bc7_531,bc7
bc7_532,bc7
bc7_533,bc7
bc7_534,bc7
bc7_535,bc7
bc7_536,bc7
bc7_537,bc7
bc7_538,bc7
bc7_539,bc7
bc7_540,bc7
bc7_541,bc7
bc7_542,bc7
bc7_543,bc7
bc7_544,bc7
bc7_545,bc7
bc7_546,bc7
bc7_547,bc7
bc7_548,bc7
bc7_549,bc7
bc7_550,bc7
bc7_551,bc7
bc7_552,bc7
bc7_553,bc7
bc7_554,bc7
bc7_555,bc7
bc7_556,bc7
bc7_557,bc7
bc7_558,bc7
bc7_559,bc7
bc7_560,bc7
bc7_561,bc7
bc7_562,bc7
bc7_563,bc7
bc7_564,bc7
bc7_565,bc7
bc7_566,bc7
bc7_567,bc7
bc7_568,bc7
bc7_569,bc7
bc7_570,bc7
bc7_571,bc7
bc7_572,bc7
bc7_573,bc7
bc7_574,bc7
bc7_575,bc7
bc7_576,bc7
bc7_577,bc7
bc7_578,bc7
bc7_579,bc7
bc7_580,bc7
bc7_581,bc7
bc7_582,bc7
bc7_583,bc7
bc7_584,bc7
bc7_585,bc7
bc7_586,bc7
bc7_587,bc7
bc7_588,bc7
bc7_589,bc7
bc7_590,bc7
bc7_591,bc7
bc7_592,bc7
bc7_593,bc7
bc7_594,bc7
bc7_595,bc7
bc7_596,bc7
bc7_597,bc7
bc7_598,bc7
bc7_599,bc7
bc7_600,bc7
bc7_601,bc7
bc7_602,bc7
bc7_603,bc7
bc7_604,bc7
bc7_605,bc7
bc7_606,bc7
bc7_607,bc7
bc7_608,bc7
bc7_609,bc7
bc7_610,bc7
bc7_611,bc7
bc7_612,bc7
bc7_613,bc7
bc7_614,bc7
bc7_615,bc7
bc7_616,bc7
bc7_617,bc7
bc7_618,bc7
bc7_619,bc7
bc7_620,bc7
bc7_621,bc7
bc7_622,bc7
bc7_623,bc7
bc7_624,bc7
bc7_625,bc7
bc7_626,bc7
bc7_627,bc7
bc7_628,bc7
bc7_629,bc7
bc7_630,bc7
bc7_631,bc7
bc7_632,bc7
bc7_633,bc7
bc7_634,bc7
bc7_635,bc7
bc7_636,bc7
bc7_637,bc7
bc7_638,bc7
bc7_639,bc7
bc7_640,bc7
bc7_641,bc7
bc7_642,bc7
bc7_643,bc7
bc7_644,bc7
bc7_645,bc7
bc7_646,bc7
bc7_647,bc7
bc7_648,bc7
bc7_649,bc7
bc7_650,bc7
bc7_651,bc7
bc7_652,bc7
bc7_653,bc7
bc7_654,bc7
bc7_655,bc7
bc7_656,bc7
bc7_657,bc7
bc7_658,bc7
bc7_659,bc7
bc7_660,bc7
bc7_661,bc7
bc7_662,bc7
bc7_663,bc7
bc7_664,bc7
bc7_665,bc7
bc7_666,bc7
bc7_667,bc7
bc7_668,bc7
bc7_669,bc7
bc7_670,bc7
bc7_671,bc7
bc7_672,bc7
bc7_673,bc7
bc7_674,bc7
bc7_675,bc7
bc7_676,bc7
bc7_677,bc7
bc7_678,bc7
bc7_679,bc7
bc7_680,bc7
bc7_681,bc7
bc7_682,bc7
bc7_683,bc7
bc7_684,bc7
bc7_685,bc7
bc7_686,bc7
bc7_687,bc7
bc7_688,bc7
bc7_689,bc7
bc7_690,bc7
bc7_691,bc7
bc7_692,bc7
bc7_693,bc7
bc7_694,bc7
bc7_695,bc7
bc7_696,bc7
bc7_697,bc7
bc7_698,bc7
bc7_699,bc7
bc7_700,bc7
bc7_701,bc7
bc7_702,bc7
bc7_703,bc7
bc7_704,bc7
bc7_705,bc7
bc7_706,bc7
bc7_707,bc7
bc7_708,bc7
bc7_709,bc7
bc7_710,bc7
bc7_711,bc7
bc7_712,bc7
bc7_713,bc7
bc7_714,bc7
bc7_715,bc7
bc7_716,bc7
bc7_717,bc7
bc7_718,bc7
bc7_719,bc7
bc7_720,bc7
bc7_721,bc7
bc7_722,bc7
bc7_723,bc7
bc7_724,bc7
bc7_725,bc7
bc7_726,bc7
bc7_727,bc7
bc7_728,bc7
bc7_729,bc7
bc7_730,bc7
bc7_731,bc7
bc7_732,bc7
bc7_733,bc7
bc7_734,bc7
bc7_735,bc7
bc7_736,bc7
bc7_737,bc7
bc7_738,bc7
bc7_739,bc7
bc7_740,bc7
bc7_741,bc7
bc7_742,bc7
bc7_743,bc7
bc7_744,bc7
bc7_745,bc7
bc7_746,bc7
bc7_747,bc7
bc7_748,bc7
bc7_749,bc7
bc7_750,bc7
bc7_751,bc7
bc7_752,bc7
bc7_753,bc7
bc7_754,bc7
bc7_755,bc7
bc7_756,bc7
bc7_757,bc7
bc7_758,bc7
bc7_759,bc7
bc7_760,bc7
bc7_761,bc7
bc7_762,bc7
bc7_763,bc7
bc7_764,bc7
bc7_765,bc7
bc7_766,bc7
bc7_767,bc7
bc7_768,bc7
bc7_769,bc7
bc7_770,bc7
bc7_771,bc7
bc7_772,bc7
bc7_773,bc7
bc7_774,bc7
bc7_775,bc7
bc7_776,bc7
bc7_777,bc7
bc7_778,bc7
bc7_779,bc7
bc7_780,bc7
bc7_781,bc7
bc7_782,bc7
bc7_783,bc7
bc7_784,bc7
bc7_785,bc7
bc7_786,bc7
bc7_787,bc7
bc7_788,bc7
bc7_789,bc7
bc7_790,bc7
bc7_791,bc7
bc7_792,bc7
bc7_793,bc7
bc7_794,bc7
bc7_795,bc7
bc7_796,bc7
bc7_797,bc7
bc7_798,bc7
bc7_799,bc7
bc7_800,bc7
bc7_801,bc7
bc7_802,bc7
bc7_803,bc7
bc7_804,bc7
bc7_805,bc7
bc7_806,bc7
bc7_807,bc7
bc7_808,bc7
bc7_809,bc7
bc7_810,bc7
bc7_811,bc7
bc7_812,bc7
bc7_813,bc7
bc7_814,bc7
bc7_815,bc7
bc7_816,bc7
bc7_817,bc7
bc7_818,bc7
bc7_819,bc7
bc7_820,bc7
bc7_821,bc7
bc7_822,bc7
bc7_823,bc7
bc7_824,bc7
bc7_825,bc7
bc7_826,bc7
bc7_827,bc7
bc7_828,bc7
bc7_829,bc7
bc7_830,bc7
bc7_831,bc7
bc7_832,bc7
bc7_833,bc7
bc7_834,bc7
bc7_835,bc7
bc7_836,bc7
bc7_837,bc7
bc7_838,bc7
bc7_839,bc7
bc7_840,bc7
bc7_841,bc7
bc7_842,bc7
bc7_843,bc7
bc7_844,bc7
bc7_845,bc7
bc7_846,bc7
bc7_847,bc7
bc7_848,bc7
bc7_849,bc7
bc7_850,bc7
bc7_851,bc7
bc7_852,bc7
bc7_853,bc7
bc7_854,bc7
bc7_855,bc7
bc7_856,bc7
bc7_857,bc7
bc7_858,bc7
bc7_859,bc7
bc7_860,bc7
bc7_861,bc7
bc7_862,bc7
bc7_863,bc7
bc7_864,bc7
bc7_865,bc7
bc7_866,bc7
bc7_867,bc7
bc7_868,bc7
bc7_869,bc7
bc7_870,bc7
bc7_871,bc7
bc7_872,bc7
bc7_873,bc7
bc7_874,bc7
bc7_875,bc7
bc7_876,bc7
bc7_877,bc7
bc7_878,bc7
bc7_879,bc7
bc7_880,bc7
bc7_881,bc7
bc7_882,bc7
bc7_883,bc7
bc7_884,bc7
bc7_885,bc7
bc7_886,bc7
bc7_887,bc7
bc7_888,bc7
bc7_889,bc7
bc7_890,bc7
bc7_891,bc7
bc7_892,bc7
bc7_893,bc7
bc7_894,bc7
bc7_895,bc7
bc7_896,bc7
bc7_897,bc7
bc7_898,bc7
bc7_899,bc7
bc7_900,bc7
bc7_901,bc7
bc7_902,bc7
bc7_903,bc7
bc7_904,bc7
bc7_905,bc7
bc7_906,bc7
bc7_907,bc7
bc7_908,bc7
bc7_909,bc7
bc7_910,bc7
bc7_911,bc7
bc7_912,bc7
bc7_913,bc7
bc7_914,bc7
bc7_915,bc7
bc7_916,bc7
bc7_917,bc7
bc7_918,bc7
bc7_919,bc7
bc7_920,bc7
bc7_921,bc7
bc7_922,bc7
bc7_923,bc7
bc7_924,bc7
bc7_925,bc7
bc7_926,bc7
bc7_927,bc7
bc7_928,bc7
bc7_929,bc7
bc7_930,bc7
bc7_931,bc7
bc7_932,bc7
bc7_933,bc7
bc7_934,bc7
bc7_935,bc7
bc7_936,bc7
bc7_937,bc7
bc7_938,bc7
bc7_939,bc7
bc7_940,bc7
bc7_941,bc7
bc7_942,bc7
bc7_943,bc7
bc7_944,bc7
bc7_945,bc7
bc7_946,bc7
bc7_947,bc7
bc7_948,bc7
bc7_949,bc7
bc7_950,bc7
bc7_951,bc7
bc7_952,bc7
bc7_953,bc7
bc7_954,bc7
bc7_955,bc7
bc7_956,bc7
bc7_957,bc7
bc7_958,bc7
bc7_959,bc7
bc7_960,bc7
bc7_961,bc7
bc7_962,bc7
bc7_963,bc7
bc7_964,bc7
bc7_965,bc7
bc7_966,bc7
bc7_967,bc7
bc7_968,bc7
bc7_969,bc7
bc7_970,bc7
bc7_971,bc7
bc7_972,bc7
bc7_973,bc7
bc7_974,bc7
bc7_975,bc7
bc7_976,bc7
bc7_977,bc7
bc7_978,bc7
bc7_979,bc7
bc7_980,bc7
bc7_981,bc7
bc7_982,bc7
bc7_983,bc7
bc7_984,bc7
bc7_985,bc7
bc7_986,bc7
bc7_987,bc7
bc7_988,bc7
bc7_989,bc7
bc7_990,bc7
bc7_991,bc7
bc7_992,bc7
bc7_993,bc7
bc7_994,bc7
bc7_995,bc7
bc7_996,bc7
bc7_997,bc7
bc7_998,bc7
bc7_999,bc7
bc7_1000,bc7
bc7_1001,bc7
bc7_1002,bc7
bc7_1003,bc7
bc7_1004,bc7
bc7_1005,bc7
bc7_1006,bc7
bc7_1007,bc7
bc7_1008,bc7
bc7_1009,bc7
bc7_1010,bc7
bc7_1011,bc7
bc7_1012,bc7
bc7_1013,bc7
bc7_1014,bc7
bc7_1015,bc7
bc7_1016,bc7
bc7_1017,bc7
bc7_1018,bc7
bc7_1019,bc7
bc7_1020,bc7
bc7_1021,bc7
bc7_1022,bc7
bc7_1023,bc7
bc7_1024,bc7
bc7_1025,bc7
bc7_1026,bc7
bc7_1027,bc7
bc7_1028,bc7
bc7_1029,bc7
bc7_1030,bc7
bc7_1031,bc7
bc7_1032,bc7
bc7_1033,bc7
bc7_1034,bc7
bc7_1035,bc7
bc7_1036,bc7
bc7_1037,bc7
bc7_1038,bc7
bc7_1039,bc7
bc7_1040,bc7
bc7_1041,bc7
bc7_1042,bc7
bc7_1043,bc7
bc7_1044,bc7
bc7_1045,bc7
bc7_1046,bc7
bc7_1047,bc7
bc7_1048,bc7
bc7_1049,bc7
bc7_1050,bc7
bc7_1051,bc7
bc7_1052,bc7
bc7_1053,bc7
bc7_1054,bc7
bc7_1055,bc7
bc7_1056,bc7
bc7_1057,bc7
bc7_1058,bc7
bc7_1059,bc7
bc7_1060,bc7
bc7_1061,bc7
bc7_1062,bc7
bc7_1063,bc7
bc7_1064,bc7
bc7_1065,bc7
bc7_1066,bc7
bc7_1067,bc7
bc7_1068,bc7
bc7_1069,bc7
bc7_1070,bc7
bc7_1071,bc7
bc7_1072,bc7
bc7_1073,bc7
bc7_1074,bc7
bc7_1075,bc7
bc7_1076,bc7
bc7_1077,bc7
bc7_1078,bc7
bc7_1079,bc7
bc7_1080,bc7
bc7_1081,bc7
bc7_1082,bc7
bc7_1083,bc7
bc7_1084,bc7
bc7_1085,bc7
bc7_1086,bc7
bc7_1087,bc7
bc7_1088,bc7
bc7_1089,bc7
bc7_1090,bc7
bc7_1091,bc7
bc7_1092,bc7
bc7_1093,bc7
bc7_1094,bc7
bc7_1095,bc7
bc7_1096,bc7
bc7_1097,bc7
bc7_1098,bc7
bc7_1099,bc7
bc7_1100,bc7
bc7_1101,bc7
bc7_1102,bc7
bc7_1103,bc7
bc7_1104,bc7
bc7_1105,bc7
bc7_1106,bc7
bc7_1107,bc7
bc7_1108,bc7
bc7_1109,bc7
bc7_1110,bc7
bc7_1111,bc7
bc7_1112,bc7
bc7_1113,bc7
bc7_1114,bc7
bc7_1115,bc7
bc7_1116,bc7
bc7_1117,bc7
bc7_1118,bc7
bc7_1119,bc7
bc7_1120,bc7
bc7_1121,bc7
bc7_1122,bc7
bc7_1123,bc7
bc7_1124,bc7
bc7_1125,bc7
bc7_1126,bc7
bc7_1127,bc7
bc7_1128,bc7
bc7_1129,bc7
bc7_1130,bc7
bc7_1131,bc7
bc7_1132,bc7
bc7_1133,bc7
bc7_1134,bc7
bc7_1135,bc7
bc7_1136,bc7
bc7_1137,bc7
bc7_1138,bc7
bc7_1139,bc7
bc7_1140,bc7
bc7_1141,bc7
bc7_1142,bc7
bc7_1143,bc7
bc7_1144,bc7
bc7_1145,bc7
bc7_1146,bc7
bc7_1147,bc7
bc7_1148,bc7
bc7_1149,bc7
bc7_1150,bc7
bc7_1151,bc7
bc7_1152,bc7
bc7_1153,bc7
bc7_1154,bc7
bc7_1155,bc7
bc7_1156,bc7
bc7_1157,bc7
bc7_1158,bc7
bc7_1159,bc7
bc7_1160,bc7
bc7_1161,bc7
bc7_1162,bc7
bc7_1163,bc7
bc7_1164,bc7
bc7_1165,bc7
bc7_1166,bc7
bc7_1167,bc7
bc7_1168,bc7
bc7_1169,bc7
bc7_1170,bc7
bc7_1171,bc7
bc7_1172,bc7
bc7_1173,bc7
bc7_1174,bc7
bc7_1175,bc7
bc7_1176,bc7
bc7_1177,bc7
bc7_1178,bc7
bc7_1179,bc7
bc7_1180,bc7
bc7_1181,bc7
bc7_1182,bc7
bc7_1183,bc7
bc7_1184,bc7
bc7_1185,bc7
bc7_1186,bc7
bc7_1187,bc7
bc7_1188,bc7
bc7_1189,bc7
bc7_1190,bc7
bc7_1191,bc7
bc7_1192,bc7
bc7_1193,bc7
bc7_1194,bc7
bc7_1195,bc7
bc7_1196,bc7
bc7_1197,bc7
bc7_1198,bc7
bc7_1199,bc7
bc7_1200,bc7
bc7_1201,bc7
bc7_1202,bc7
bc7_1203,bc7
bc7_1204,bc7
bc7_1205,bc7
bc7_1206,bc7
bc7_1207,bc7
bc7_1208,bc7
bc7_1209,bc7
bc7_1210,bc7
bc7_1211,bc7
bc7_1212,bc7
bc7_1213,bc7
bc7_1214,bc7
bc7_1215,bc7
bc7_1216,bc7
bc7_1217,bc7
bc7_1218,bc7
bc7_1219,bc7
bc7_1220,bc7
bc7_1221,bc7
bc7_1222,bc7
bc7_1223,bc7
bc7_1224,bc7
bc7_1225,bc7
bc7_1226,bc7
bc7_1227,bc7
bc7_1228,bc7
bc7_1229,bc7
bc7_1230,bc7
bc7_1231,bc7
bc7_1232,bc7
bc7_1233,bc7
bc7_1234,bc7
bc7_1235,bc7
bc7_1236,bc7
bc7_1237,bc7
bc7_1238,bc7
bc7_1239,bc7
bc7_1240,bc7
bc7_1241,bc7
bc7_1242,bc7
bc7_1243,bc7
bc7_1244,bc7
bc7_1245,bc7
bc7_1246,bc7
bc7_1247,bc7
bc7_1248,bc7
bc7_1249,bc7
bc7_1250,bc7
bc7_1251,bc7
bc7_1252,bc7
bc7_1253,bc7
bc7_1254,bc7
bc7_1255,bc7
bc7_1256,bc7
bc7_1257,bc7
bc7_1258,bc7
bc7_1259,bc7
bc7_1260,bc7
bc7_1261,bc7
bc7_1262,bc7
bc7_1263,bc7
bc7_1264,bc7
bc7_1265,bc7
bc7_1266,bc7
bc7_1267,bc7
bc7_1268,bc7
bc7_1269,bc7
bc7_1270,bc7
bc7_1271,bc7
bc7_1272,bc7
bc7_1273,bc7
bc7_1274,bc7
bc7_1275,bc7
bc7_1276,bc7
bc7_1277,bc7
bc7_1278,bc7
bc7_1279,bc7
bc7_1280,bc7
bc7_1281,bc7
bc7_1282,bc7
bc7_1283,bc7
bc7_1284,bc7
bc7_1285,bc7
bc7_1286,bc7
bc7_1287,bc7
bc7_1288,bc7
bc7_1289,bc7
bc7_1290,bc7
bc7_1291,bc7
bc7_1292,bc7
bc7_1293,bc7
bc7_1294,bc7
bc7_1295,bc7
bc7_1296,bc7
bc7_1297,bc7
bc7_1298,bc7
bc7_1299,bc7
bc7_1300,bc7
bc7_1301,bc7
bc7_1302,bc7
bc7_1303,bc7
bc7_1304,bc7
bc7_1305,bc7
bc7_1306,bc7
bc7_1307,bc7
bc7_1308,bc7
bc7_1309,bc7
bc7_1310,bc7
bc7_1311,bc7
bc7_1312,bc7
bc7_1313,bc7
bc7_1314,bc7
bc7_1315,bc7
bc7_1316,bc7
bc7_1317,bc7
bc7_1318,bc7
bc7_1319,bc7
bc7_1320,bc7
bc7_1321,bc7
bc7_1322,bc7
bc7_1323,bc7
bc7_1324,bc7
bc7_1325,bc7
bc7_1326,bc7
bc7_1327,bc7
bc7_1328,bc7
bc7_1329,bc7
bc7_1330,bc7
bc7_1331,bc7
bc7_1332,bc7
bc7_1333,bc7
bc7_1334,bc7
bc7_1335,bc7
bc7_1336,bc7
bc7_1337,bc7
bc7_1338,bc7
bc7_1339,bc7
bc7_1340,bc7
bc7_1341,bc7
bc7_1342,bc7
bc7_1343,bc7
bc7_1344,bc7
bc7_1345,bc7
bc7_1346,bc7
bc7_1347,bc7
bc7_1348,bc7
bc7_1349,bc7
bc7_1350,bc7
bc7_1351,bc7
bc7_1352,bc7
bc7_1353,bc7
bc7_1354,bc7
bc7_1355,bc7
bc7_1356,bc7
bc7_1357,bc7
bc7_1358,bc7
bc7_1359,bc7
bc7_1360,bc7
bc7_1361,bc7
bc7_1362,bc7
bc7_1363,bc7
bc7_1364,bc7
bc7_1365,bc7
bc7_1366,bc7
bc7_1367,bc7
bc7_1368,bc7
bc7_1369,bc7
bc7_1370,bc7
bc7_1371,bc7
bc7_1372,bc7
bc7_1373,bc7
bc7_1374,bc7
bc7_1375,bc7
bc7_1376,bc7
bc7_1377,bc7
bc7_1378,bc7
bc7_1379,bc7
bc7_1380,bc7
bc7_1381,bc7
bc7_1382,bc7
bc7_1383,bc7
bc7_1384,bc7
bc7_1385,bc7
bc7_1386,bc7
bc7_1387,bc7
bc7_1388,bc7
bc7_1389,bc7
bc7_1390,bc7
bc7_1391,bc7
bc7_1392,bc7
bc7_1393,bc7
bc7_1394,bc7
bc7_1395,bc7
bc7_1396,bc7
bc7_1397,bc7
bc7_1398,bc7
bc7_1399,bc7
bc7_1400,bc7
bc7_1401,bc7
bc7_1402,bc7
bc7_1403,bc7
bc7_1404,bc7
bc7_1405,bc7
bc7_1406,bc7
bc7_1407,bc7
bc7_1408,bc7
bc7_1409,bc7
bc7_1410,bc7
bc7_1411,bc7
bc7_1412,bc7
bc7_1413,bc7
bc7_1414,bc7
bc7_1415,bc7
bc7_1416,bc7
bc7_1417,bc7
bc7_1418,bc7
bc7_1419,bc7
bc7_1420,bc7
bc7_1421,bc7
bc7_1422,bc7
bc7_1423,bc7
bc7_1424,bc7
bc7_1425,bc7
bc7_1426,bc7
bc7_1427,bc7
bc7_1428,bc7
bc7_1429,bc7
bc7_1430,bc7
bc7_1431,bc7
bc7_1432,bc7
bc7_1433,bc7
bc7_1434,bc7
bc7_1435,bc7
bc7_1436,bc7
bc7_1437,bc7
bc7_1438,bc7
bc7_1439,bc7
bc7_1440,bc7
bc7_1441,bc7
bc7_1442,bc7
bc7_1443,bc7
bc7_1444,bc7
bc7_1445,bc7
bc7_1446,bc7
bc7_1447,bc7
bc7_1448,bc7
bc7_1449,bc7
bc7_1450,bc7
bc7_1451,bc7
bc7_1452,bc7
bc7_1453,bc7
bc7_1454,bc7
bc7_1455,bc7
bc7_1456,bc7
bc7_1457,bc7
bc7_1458,bc7
bc7_1459,bc7
bc7_1460,bc7
bc7_1461,bc7
bc7_1462,bc7
bc7_1463,bc7
bc7_1464,bc7
bc7_1465,bc7
bc7_1466,bc7
bc7_1467,bc7
bc7_1468,bc7
bc7_1469,bc7
bc7_1470,bc7
bc7_1471,bc7
bc7_1472,bc7
bc7_1473,bc7
bc7_1474,bc7
bc7_1475,bc7
bc7_1476,bc7
bc7_1477,bc7
bc7_1478,bc7
bc7_1479,bc7
bc7_1480,bc7
bc7_1481,bc7
bc7_1482,bc7
bc7_1483,bc7
bc7_1484,bc7
bc7_1485,bc7
bc7_1486,bc7
bc7_1487,bc7
bc7_1488,bc7
bc7_1489,bc7
bc7_1490,bc7
bc7_1491,bc7
bc7_1492,bc7
bc7_1493,bc7
bc7_1494,bc7
bc7_1495,bc7
bc7_1496,bc7
bc7_1497,bc7
bc7_1498,bc7
bc7_1499,bc7
bc7_1500,bc7
bc7_1501,bc7
bc7_1502,bc7
bc7_1503,bc7
bc7_1504,bc7
bc7_1505,bc7
bc7_1506,bc7
bc7_1507,bc7
bc7_1508,bc7
bc7_1509,bc7
bc7_1510,bc7
bc7_1511,bc7
bc7_1512,bc7
bc7_1513,bc7
bc7_1514,bc7
bc7_1515,bc7
bc7_1516,bc7
bc7_1517,bc7
bc7_1518,bc7
bc7_1519,bc7
bc7_1520,bc7
bc7_1521,bc7
bc7_1522,bc7
bc7_1523,bc7
bc7_1524,bc7
bc7_1525,bc7
bc7_1526,bc7
bc7_1527,bc7
bc7_1528,bc7
bc7_1529,bc7
bc7_1530,bc7
bc7_1531,bc7
bc7_1532,bc7
bc7_1533,bc7
bc7_1534,bc7
bc7_1535,bc7
bc7_1536,bc7
bc7_1537,bc7
bc7_1538,bc7
bc7_1539,bc7
bc7_1540,bc7
bc7_1541,bc7
bc7_1542,bc7
bc7_1543,bc7
bc7_1544,bc7
bc7_1545,bc7
bc7_1546,bc7
bc7_1547,bc7
bc7_1548,bc7
bc7_1549,bc7
bc7_1550,bc7
bc7_1551,bc7
bc7_1552,bc7
bc7_1553,bc7
bc7_1554,bc7
bc7_1555,bc7
bc7_1556,bc7
bc7_1557,bc7
bc7_1558,bc7
bc7_1559,bc7
bc7_1560,bc7
bc7_1561,bc7
bc7_1562,bc7
bc7_1563,bc7
bc7_1564,bc7
bc7_1565,bc7
bc7_1566,bc7
bc7_1567,bc7
bc7_1568,bc7
bc7_1569,bc7
bc7_1570,bc7
bc7_1571,bc7
bc7_1572,bc7
bc7_1573,bc7
bc7_1574,bc7
bc7_1575,bc7
bc7_1576,bc7
bc7_1577,bc7
bc7_1578,bc7
bc7_1579,bc7
bc7_1580,bc7
bc7_1581,bc7
bc7_1582,bc7
bc7_1583,bc7
bc7_1584,bc7
bc7_1585,bc7
bc7_1586,bc7
bc7_1587,bc7
bc7_1588,bc7
bc7_1589,bc7
bc7_1590,bc7
bc7_1591,bc7
bc7_1592,bc7
bc7_1593,bc7
bc7_1594,bc7
bc7_1595,bc7
bc7_1596,bc7
bc7_1597,bc7
bc7_1598,bc7
bc7_1599,bc7
bc7_1600,bc7
bc7_1601,bc7
bc7_1602,bc7
bc7_1603,bc7
bc7_1604,bc7
bc7_1605,bc7
bc7_1606,bc7
bc7_1607,bc7
bc7_1608,bc7
bc7_1609,bc7
bc7_1610,bc7
bc7_1611,bc7
bc7_1612,bc7
bc7_1613,bc7
bc7_1614,bc7
bc7_1615,bc7
bc7_1616,bc7
bc7_1617,bc7
bc7_1618,bc7
bc7_1619,bc7
bc7_1620,bc7
bc7_1621,bc7
bc7_1622,bc7
bc7_1623,bc7
bc7_1624,bc7
bc7_1625,bc7
bc7_1626,bc7
bc7_1627,bc7
bc7_1628,bc7
bc7_1629,bc7
bc7_1630,bc7
bc7_1631,bc7
bc7_1632,bc7
bc7_1633,bc7
bc7_1634,bc7
bc7_1635,bc7
bc7_1636,bc7
bc7_1637,bc7
bc7_1638,bc7
bc7_1639,bc7
bc7_1640,bc7
bc7_1641,bc7
bc7_1642,bc7
bc7_1643,bc7
bc7_1644,bc7
bc7_1645,bc7
bc7_1646,bc7
bc7_1647,bc7
bc7_1648,bc7
bc7_1649,bc7
bc7_1650,bc7
bc7_1651,bc7
bc8_1,bc8
bc8_2,bc8
bc8_3,bc8
bc8_4,bc8
bc8_5,bc8
bc8_6,bc8
bc8_7,bc8
bc8_8,bc8
bc8_9,bc8
bc8_10,bc8
bc8_11,bc8
bc8_12,bc8
bc8_13,bc8
bc8_14,bc8
bc8_15,bc8
bc8_16,bc8
bc8_17,bc8
bc8_18,bc8
bc8_19,bc8
bc8_20,bc8
bc8_21,bc8
bc8_22,bc8
bc8_23,bc8
bc8_24,bc8
bc8_25,bc8
bc8_26,bc8
bc8_27,bc8
bc8_28,bc8
bc8_29,bc8
bc8_30,bc8
bc8_31,bc8
bc8_32,bc8
bc8_33,bc8
bc8_34,bc8
bc8_35,bc8
bc8_36,bc8
bc8_37,bc8
bc8_38,bc8
bc8_39,bc8
bc8_40,bc8
bc8_41,bc8
bc8_42,bc8
bc8_43,bc8
bc8_44,bc8
bc8_45,bc8
bc8_46,bc8
bc8_47,bc8
bc8_48,bc8
bc8_49,bc8
bc8_50,bc8
bc8_51,bc8
bc8_52,bc8
bc8_53,bc8
bc8_54,bc8
bc8_55,bc8
bc8_56,bc8
bc8_57,bc8
bc8_58,bc8
bc8_59,bc8
bc8_60,bc8
bc8_61,bc8
bc8_62,bc8
bc8_63,bc8
bc8_64,bc8
bc8_65,bc8
bc8_66,bc8
bc8_67,bc8
bc8_68,bc8
bc8_69,bc8
bc8_70,bc8
bc8_71,bc8
bc8_72,bc8
bc8_73,bc8
bc8_74,bc8
bc8_75,bc8
bc8_76,bc8
bc8_77,bc8
bc8_78,bc8
bc8_79,bc8
bc8_80,bc8
bc8_81,bc8
bc8_82,bc8
bc8_83,bc8
bc8_84,bc8
bc8_85,bc8
bc8_86,bc8
bc8_87,bc8
bc8_88,bc8
bc8_89,bc8
bc8_90,bc8
bc8_91,bc8
bc8_92,bc8
bc8_93,bc8
bc8_94,bc8
bc8_95,bc8
bc8_96,bc8
bc8_97,bc8
bc8_98,bc8
bc8_99,bc8
bc8_100,bc8
bc8_101,bc8
bc8_102,bc8
bc8_103,bc8
bc8_104,bc8
bc8_105,bc8
bc8_106,bc8
bc8_107,bc8
bc8_108,bc8
bc8_109,bc8
bc8_110,bc8
bc8_111,bc8
bc8_112,bc8
bc8_113,bc8
bc8_114,bc8
bc8_115,bc8
bc8_116,bc8
bc8_117,bc8
bc8_118,bc8
bc8_119,bc8
bc8_120,bc8
bc8_121,bc8
bc8_122,bc8
bc8_123,bc8
bc8_124,bc8
bc8_125,bc8
bc8_126,bc8
bc8_127,bc8
bc8_128,bc8
bc8_129,bc8
bc8_130,bc8
bc8_131,bc8
bc8_132,bc8
bc8_133,bc8
bc8_134,bc8
bc8_135,bc8
bc8_136,bc8
bc8_137,bc8
bc8_138,bc8
bc8_139,bc8
bc8_140,bc8
bc8_141,bc8
bc8_142,bc8
bc8_143,bc8
bc8_144,bc8
bc8_145,bc8
bc8_146,bc8
bc8_147,bc8
bc8_148,bc8
bc8_149,bc8
bc8_150,bc8
bc8_151,bc8
bc8_152,bc8
bc8_153,bc8
bc8_154,bc8
bc8_155,bc8
bc8_156,bc8
bc8_157,bc8
bc8_158,bc8
bc8_159,bc8
bc8_160,bc8
bc8_161,bc8
bc8_162,bc8
bc8_163,bc8
bc8_164,bc8
bc8_165,bc8
bc8_166,bc8
bc8_167,bc8
bc8_168,bc8
bc8_169,bc8
bc8_170,bc8
bc8_171,bc8
bc8_172,bc8
bc8_173,bc8
bc8_174,bc8
bc8_175,bc8
bc8_176,bc8
bc8_177,bc8
bc8_178,bc8
bc8_179,bc8
bc8_180,bc8
bc8_181,bc8
bc8_182,bc8
bc8_183,bc8
bc8_184,bc8
bc8_185,bc8
bc8_186,bc8
bc8_187,bc8
bc8_188,bc8
bc8_189,bc8
bc8_190,bc8
bc8_191,bc8
bc8_192,bc8
bc8_193,bc8
bc8_194,bc8
bc8_195,bc8
bc8_196,bc8
bc8_197,bc8
bc8_198,bc8
bc8_199,bc8
bc8_200,bc8
bc8_201,bc8
bc8_202,bc8
bc8_203,bc8
bc8_204,bc8
bc8_205,bc8
bc8_206,bc8
bc8_207,bc8
bc8_208,bc8
bc8_209,bc8
bc8_210,bc8
bc8_211,bc8
bc8_212,bc8
bc8_213,bc8
bc8_214,bc8
bc8_215,bc8
bc8_216,bc8
bc8_217,bc8
bc8_218,bc8
bc8_219,bc8
bc8_220,bc8
bc8_221,bc8
bc8_222,bc8
bc8_223,bc8
bc8_224,bc8
bc8_225,bc8
bc8_226,bc8
bc8_227,bc8
bc8_228,bc8
bc8_229,bc8
bc8_230,bc8
bc8_231,bc8
bc8_232,bc8
bc8_233,bc8
bc8_234,bc8
bc8_235,bc8
bc8_236,bc8
bc8_237,bc8
bc8_238,bc8
bc8_239,bc8
bc8_240,bc8
bc8_241,bc8
bc8_242,bc8
bc8_243,bc8
bc8_244,bc8
bc8_245,bc8
bc8_246,bc8
bc8_247,bc8
bc8_248,bc8
bc8_249,bc8
bc8_250,bc8
bc8_251,bc8
bc8_252,bc8
bc8_253,bc8
bc8_254,bc8
bc8_255,bc8
bc8_256,bc8
bc8_257,bc8
bc8_258,bc8
bc8_259,bc8
bc8_260,bc8
bc8_261,bc8
bc8_262,bc8
bc8_263,bc8
bc8_264,bc8
bc8_265,bc8
bc8_266,bc8
bc8_267,bc8
bc8_268,bc8
bc8_269,bc8
bc8_270,bc8
bc8_271,bc8
bc8_272,bc8
bc8_273,bc8
bc8_274,bc8
bc8_275,bc8
bc8_276,bc8
bc8_277,bc8
bc8_278,bc8
bc8_279,bc8
bc8_280,bc8
bc8_281,bc8
bc8_282,bc8
bc8_283,bc8
bc8_284,bc8
bc8_285,bc8
bc8_286,bc8
bc8_287,bc8
bc8_288,bc8
bc8_289,bc8
bc8_290,bc8
bc8_291,bc8
bc8_292,bc8
bc8_293,bc8
bc8_294,bc8
bc8_295,bc8
bc8_296,bc8
bc8_297,bc8
bc8_298,bc8
bc8_299,bc8
bc8_300,bc8
bc8_301,bc8
bc8_302,bc8
bc8_303,bc8
bc8_304,bc8
bc8_305,bc8
bc8_306,bc8
bc8_307,bc8
bc8_308,bc8
bc8_309,bc8
bc8_310,bc8
bc8_311,bc8
bc8_312,bc8
bc8_313,bc8
bc8_314,bc8
bc8_315,bc8
bc8_316,bc8
bc8_317,bc8
bc8_318,bc8
bc8_319,bc8
bc8_320,bc8
bc8_321,bc8
bc8_322,bc8
bc8_323,bc8
bc8_324,bc8
bc8_325,bc8
bc8_326,bc8
bc8_327,bc8
bc8_328,bc8
bc8_329,bc8
bc8_330,bc8
bc8_331,bc8
bc8_332,bc8
bc8_333,bc8
bc8_334,bc8
bc8_335,bc8
bc8_336,bc8
bc8_337,bc8
bc8_338,bc8
bc8_339,bc8
bc8_340,bc8
bc8_341,bc8
bc8_342,bc8
bc8_343,bc8
bc8_344,bc8
bc8_345,bc8
bc8_346,bc8
bc8_347,bc8
bc8_348,bc8
bc8_349,bc8
bc8_350,bc8
bc8_351,bc8
bc8_352,bc8
bc8_353,bc8
bc8_354,bc8
bc8_355,bc8
bc8_356,bc8
bc8_357,bc8
bc8_358,bc8
bc8_359,bc8
bc8_360,bc8
bc8_361,bc8
bc8_362,bc8
bc8_363,bc8
bc8_364,bc8
bc8_365,bc8
bc8_366,bc8
bc8_367,bc8
bc8_368,bc8
bc8_369,bc8
bc8_370,bc8
bc8_371,bc8
bc8_372,bc8
bc8_373,bc8
bc8_374,bc8
bc8_375,bc8
bc8_376,bc8
bc8_377,bc8
bc8_378,bc8
bc8_379,bc8
bc8_380,bc8
bc8_381,bc8
bc8_382,bc8
bc8_383,bc8
bc8_384,bc8
bc8_385,bc8
bc8_386,bc8
bc8_387,bc8
bc8_388,bc8
bc8_389,bc8
bc8_390,bc8
bc8_391,bc8
bc8_392,bc8
bc8_393,bc8
bc8_394,bc8
bc8_395,bc8
bc8_396,bc8
bc8_397,bc8
bc8_398,bc8
bc8_399,bc8
bc8_400,bc8
bc8_401,bc8
bc8_402,bc8
bc8_403,bc8
bc8_404,bc8
bc8_405,bc8
bc8_406,bc8
bc8_407,bc8
bc8_408,bc8
bc8_409,bc8
bc8_410,bc8
bc8_411,bc8
bc8_412,bc8
bc8_413,bc8
bc8_414,bc8
bc8_415,bc8
bc8_416,bc8
bc8_417,bc8
bc8_418,bc8
bc8_419,bc8
bc8_420,bc8
bc8_421,bc8
bc8_422,bc8
bc8_423,bc8
bc8_424,bc8
bc8_425,bc8
bc8_426,bc8
bc8_427,bc8
bc8_428,bc8
bc8_429,bc8
bc8_430,bc8
bc8_431,bc8
bc8_432,bc8
bc8_433,bc8
bc8_434,bc8
bc8_435,bc8
bc8_436,bc8
bc8_437,bc8
bc8_438,bc8
bc8_439,bc8
bc8_440,bc8
bc8_441,bc8
bc8_442,bc8
bc8_443,bc8
bc8_444,bc8
bc8_445,bc8
bc8_446,bc8
bc8_447,bc8
bc8_448,bc8
bc8_449,bc8
bc8_450,bc8
bc8_451,bc8
bc8_452,bc8
bc8_453,bc8
bc8_454,bc8
bc8_455,bc8
bc8_456,bc8
bc8_457,bc8
bc8_458,bc8
bc8_459,bc8
bc8_460,bc8
bc8_461,bc8
bc8_462,bc8
bc8_463,bc8
bc8_464,bc8
bc8_465,bc8
bc8_466,bc8
bc8_467,bc8
bc8_468,bc8
bc8_469,bc8
bc8_470,bc8
bc8_471,bc8
bc8_472,bc8
bc8_473,bc8
bc8_474,bc8
bc8_475,bc8
bc8_476,bc8
bc8_477,bc8
bc8_478,bc8
bc8_479,bc8
bc8_480,bc8
bc8_481,bc8
bc8_482,bc8
bc8_483,bc8
bc8_484,bc8
bc8_485,bc8
bc8_486,bc8
bc8_487,bc8
bc8_488,bc8
bc8_489,bc8
bc8_490,bc8
bc8_491,bc8
bc8_492,bc8
bc8_493,bc8
bc8_494,bc8
bc8_495,bc8
bc8_496,bc8
bc8_497,bc8
bc8_498,bc8
bc8_499,bc8
bc8_500,bc8
bc8_501,bc8
bc8_502,bc8
bc8_503,bc8
bc8_504,bc8
bc8_505,bc8
bc8_506,bc8
bc8_507,bc8
bc8_508,bc8
bc8_509,bc8
bc8_510,bc8
bc8_511,bc8
bc8_512,bc8
bc8_513,bc8
bc8_514,bc8
bc8_515,bc8
bc8_516,bc8
bc8_517,bc8
bc8_518,bc8
bc8_519,bc8
bc8_520,bc8
bc8_521,bc8
bc8_522,bc8
bc8_523,bc8
bc8_524,bc8
bc8_525,bc8
bc8_526,bc8
bc8_527,bc8
bc8_528,bc8
bc8_529,bc8
bc8_530,bc8
bc8_531,bc8
bc8_532,bc8
bc8_533,bc8
bc8_534,bc8
bc8_535,bc8
bc8_536,bc8
bc8_537,bc8
bc8_538,bc8
bc8_539,bc8
bc8_540,bc8
bc8_541,bc8
bc8_542,bc8
bc8_543,bc8
bc8_544,bc8
bc8_545,bc8
bc8_546,bc8
bc8_547,bc8
bc8_548,bc8
bc8_549,bc8
bc8_550,bc8
bc8_551,bc8
bc8_552,bc8
bc8_553,bc8
bc8_554,bc8
bc8_555,bc8
bc8_556,bc8
bc8_557,bc8
bc8_558,bc8
bc8_559,bc8
bc8_560,bc8
bc8_561,bc8
bc8_562,bc8
bc8_563,bc8
bc8_564,bc8
bc8_565,bc8
bc8_566,bc8
bc8_567,bc8
bc8_568,bc8
bc8_569,bc8
bc8_570,bc8
bc8_571,bc8
bc8_572,bc8
bc8_573,bc8
bc8_574,bc8
bc8_575,bc8
bc8_576,bc8
bc8_577,bc8
bc8_578,bc8
bc8_579,bc8
bc8_580,bc8
bc8_581,bc8
bc8_582,bc8
bc8_583,bc8
bc8_584,bc8
bc8_585,bc8
bc8_586,bc8
bc8_587,bc8
bc8_588,bc8
bc8_589,bc8
bc8_590,bc8
bc8_591,bc8
bc8_592,bc8
bc8_593,bc8
bc8_594,bc8
bc8_595,bc8
bc8_596,bc8
bc8_597,bc8
bc8_598,bc8
bc8_599,bc8
bc8_600,bc8
bc8_601,bc8
bc8_602,bc8
bc8_603,bc8
bc8_604,bc8
bc8_605,bc8
bc8_606,bc8
bc8_607,bc8
bc8_608,bc8
bc8_609,bc8
bc8_610,bc8
bc8_611,bc8
bc8_612,bc8
bc8_613,bc8
bc8_614,bc8
bc8_615,bc8
bc8_616,bc8
bc8_617,bc8
bc8_618,bc8
bc8_619,bc8
bc8_620,bc8
bc8_621,bc8
bc8_622,bc8
bc8_623,bc8
bc8_624,bc8
bc8_625,bc8
bc8_626,bc8
bc8_627,bc8
bc8_628,bc8
bc8_629,bc8
bc8_630,bc8
bc8_631,bc8
bc8_632,bc8
bc8_633,bc8
bc8_634,bc8
bc8_635,bc8
bc8_636,bc8
bc8_637,bc8
bc8_638,bc8
bc8_639,bc8
bc8_640,bc8
bc8_641,bc8
bc8_642,bc8
bc8_643,bc8
bc8_644,bc8
bc8_645,bc8
bc8_646,bc8
bc8_647,bc8
bc8_648,bc8
bc8_649,bc8
bc8_650,bc8
bc8_651,bc8
bc8_652,bc8
bc8_653,bc8
bc8_654,bc8
bc8_655,bc8
bc8_656,bc8
bc8_657,bc8
bc8_658,bc8
bc8_659,bc8
bc8_660,bc8
bc8_661,bc8
bc8_662,bc8
bc8_663,bc8
bc8_664,bc8
bc8_665,bc8
bc8_666,bc8
bc8_667,bc8
bc8_668,bc8
bc8_669,bc8
bc8_670,bc8
bc8_671,bc8
bc8_672,bc8
bc8_673,bc8
bc8_674,bc8
bc8_675,bc8
bc8_676,bc8
bc8_677,bc8
bc8_678,bc8
bc8_679,bc8
bc8_680,bc8
bc8_681,bc8
bc8_682,bc8
bc8_683,bc8
bc8_684,bc8
bc8_685,bc8
bc8_686,bc8
bc8_687,bc8
bc8_688,bc8
bc8_689,bc8
bc8_690,bc8
bc8_691,bc8
bc8_692,bc8
bc8_693,bc8
bc8_694,bc8
bc8_695,bc8
bc8_696,bc8
bc8_697,bc8
bc8_698,bc8
bc8_699,bc8
bc8_700,bc8
bc8_701,bc8
bc8_702,bc8
bc8_703,bc8
bc8_704,bc8
bc8_705,bc8
bc8_706,bc8
bc8_707,bc8
bc8_708,bc8
bc8_709,bc8
bc8_710,bc8
bc8_711,bc8
bc8_712,bc8
bc8_713,bc8
bc8_714,bc8
bc8_715,bc8
bc8_716,bc8
bc8_717,bc8
bc8_718,bc8
bc8_719,bc8
bc8_720,bc8
bc8_721,bc8
bc8_722,bc8
bc8_723,bc8
bc8_724,bc8
bc8_725,bc8
bc8_726,bc8
bc8_727,bc8
bc8_728,bc8
bc8_729,bc8
bc8_730,bc8
bc8_731,bc8
bc8_732,bc8
bc8_733,bc8
bc8_734,bc8
bc8_735,bc8
bc8_736,bc8
bc8_737,bc8
bc8_738,bc8
bc8_739,bc8
bc8_740,bc8
bc8_741,bc8
bc8_742,bc8
bc8_743,bc8
bc8_744,bc8
bc8_745,bc8
bc8_746,bc8
bc8_747,bc8
bc8_748,bc8
bc8_749,bc8
bc8_750,bc8
bc8_751,bc8
bc8_752,bc8
bc8_753,bc8
bc8_754,bc8
bc8_755,bc8
bc8_756,bc8
bc8_757,bc8
bc8_758,bc8
bc8_759,bc8
bc8_760,bc8
bc8_761,bc8
bc8_762,bc8
bc8_763,bc8
bc8_764,bc8
bc8_765,bc8
bc8_766,bc8
bc8_767,bc8
bc8_768,bc8
bc8_769,bc8
bc8_770,bc8
bc8_771,bc8
bc8_772,bc8
bc8_773,bc8
bc8_774,bc8
bc8_775,bc8
bc8_776,bc8
bc8_777,bc8
bc8_778,bc8
bc8_779,bc8
bc8_780,bc8
bc8_781,bc8
bc8_782,bc8
bc8_783,bc8
bc8_784,bc8
bc8_785,bc8
bc8_786,bc8
bc8_787,bc8
bc8_788,bc8
bc8_789,bc8
bc8_790,bc8
bc8_791,bc8
bc8_792,bc8
bc8_793,bc8
bc8_794,bc8
bc8_795,bc8
bc8_796,bc8
bc8_797,bc8
bc8_798,bc8
bc8_799,bc8
bc8_800,bc8
bc8_801,bc8
bc8_802,bc8
bc8_803,bc8
bc8_804,bc8
bc8_805,bc8
bc8_806,bc8
bc8_807,bc8
bc8_808,bc8
bc8_809,bc8
bc8_810,bc8
bc8_811,bc8
bc8_812,bc8
bc8_813,bc8
bc8_814,bc8
bc8_815,bc8
bc8_816,bc8
bc8_817,bc8
bc8_818,bc8
bc8_819,bc8
bc8_820,bc8
bc8_821,bc8
bc8_822,bc8
bc8_823,bc8
bc8_824,bc8
bc8_825,bc8
bc8_826,bc8
bc8_827,bc8
bc8_828,bc8
bc8_829,bc8
bc8_830,bc8
bc8_831,bc8
bc8_832,bc8
bc8_833,bc8
bc8_834,bc8
bc8_835,bc8
bc8_836,bc8
bc8_837,bc8
bc8_838,bc8
bc8_839,bc8
bc8_840,bc8
bc8_841,bc8
bc8_842,bc8
bc8_843,bc8
bc8_844,bc8
bc8_845,bc8
bc8_846,bc8
bc8_847,bc8
bc8_848,bc8
bc8_849,bc8
bc8_850,bc8
bc8_851,bc8
bc8_852,bc8
bc8_853,bc8
bc8_854,bc8
bc8_855,bc8
bc8_856,bc8
bc8_857,bc8
bc8_858,bc8
bc8_859,bc8
bc8_860,bc8
bc8_861,bc8
bc8_862,bc8
bc8_863,bc8
bc8_864,bc8
bc8_865,bc8
bc8_866,bc8
bc8_867,bc8
bc8_868,bc8
bc8_869,bc8
bc8_870,bc8
bc8_871,bc8
bc8_872,bc8
bc8_873,bc8
bc8_874,bc8
bc8_875,bc8
bc8_876,bc8
bc8_877,bc8
bc8_878,bc8
bc8_879,bc8
bc8_880,bc8
bc8_881,bc8
bc8_882,bc8
bc8_883,bc8
bc8_884,bc8
bc8_885,bc8
bc8_886,bc8
bc8_887,bc8
bc8_888,bc8
bc8_889,bc8
bc8_890,bc8
bc8_891,bc8
bc8_892,bc8
bc8_893,bc8
bc8_894,bc8
bc8_895,bc8
bc8_896,bc8
bc8_897,bc8
bc8_898,bc8
bc8_899,bc8
bc8_900,bc8
bc8_901,bc8
bc8_902,bc8
bc8_903,bc8
bc8_904,bc8
bc8_905,bc8
bc8_906,bc8
bc8_907,bc8
bc8_908,bc8
bc8_909,bc8
bc8_910,bc8
bc8_911,bc8
bc8_912,bc8
bc8_913,bc8
bc8_914,bc8
bc8_915,bc8
bc8_916,bc8
bc8_917,bc8
bc8_918,bc8
bc8_919,bc8
bc8_920,bc8
bc8_921,bc8
bc8_922,bc8
bc8_923,bc8
bc8_924,bc8
bc8_925,bc8
bc8_926,bc8
bc8_927,bc8
bc8_928,bc8
bc8_929,bc8
bc8_930,bc8
bc8_931,bc8
bc8_932,bc8
bc8_933,bc8
bc8_934,bc8
bc8_935,bc8
bc8_936,bc8
bc8_937,bc8
bc8_938,bc8
bc8_939,bc8
bc8_940,bc8
bc8_941,bc8
bc8_942,bc8
bc8_943,bc8
bc8_944,bc8
bc8_945,bc8
bc8_946,bc8
bc8_947,bc8
bc8_948,bc8
bc8_949,bc8
bc8_950,bc8
bc8_951,bc8
bc8_952,bc8
bc8_953,bc8
bc8_954,bc8
bc8_955,bc8
bc8_956,bc8
bc8_957,bc8
bc8_958,bc8
bc8_959,bc8
bc8_960,bc8
bc8_961,bc8
bc8_962,bc8
bc8_963,bc8
bc8_964,bc8
bc8_965,bc8
bc8_966,bc8
bc8_967,bc8
bc8_968,bc8
bc8_969,bc8
bc8_970,bc8
bc8_971,bc8
bc8_972,bc8
bc8_973,bc8
bc8_974,bc8
bc8_975,bc8
bc8_976,bc8
bc8_977,bc8
bc8_978,bc8
bc8_979,bc8
bc8_980,bc8
bc8_981,bc8
bc8_982,bc8
bc8_983,bc8
bc8_984,bc8
bc8_985,bc8
bc8_986,bc8
bc8_987,bc8
bc8_988,bc8
bc8_989,bc8
bc8_990,bc8
bc8_991,bc8
bc8_992,bc8
bc8_993,bc8
bc8_994,bc8
bc8_995,bc8
bc8_996,bc8
bc8_997,bc8
bc8_998,bc8
bc8_999,bc8
bc8_1000,bc8
bc8_1001,bc8
bc8_1002,bc8
bc8_1003,bc8
bc8_1004,bc8
bc8_1005,bc8
bc8_1006,bc8
bc8_1007,bc8
bc8_1008,bc8
bc8_1009,bc8
bc8_1010,bc8
bc8_1011,bc8
bc8_1012,bc8
bc8_1013,bc8
bc8_1014,bc8
bc8_1015,bc8
bc8_1016,bc8
bc8_1017,bc8
bc8_1018,bc8
bc8_1019,bc8
bc8_1020,bc8
bc8_1021,bc8
bc8_1022,bc8
bc8_1023,bc8
bc8_1024,bc8
bc8_1025,bc8
bc8_1026,bc8
bc8_1027,bc8
bc8_1028,bc8
bc8_1029,bc8
bc8_1030,bc8
bc8_1031,bc8
bc8_1032,bc8
bc8_1033,bc8
bc8_1034,bc8
bc8_1035,bc8
bc8_1036,bc8
bc8_1037,bc8
bc8_1038,bc8
bc8_1039,bc8
bc8_1040,bc8
bc8_1041,bc8
bc8_1042,bc8
bc8_1043,bc8
bc8_1044,bc8
bc8_1045,bc8
bc8_1046,bc8
bc8_1047,bc8
bc8_1048,bc8
bc8_1049,bc8
bc8_1050,bc8
bc8_1051,bc8
bc8_1052,bc8
bc8_1053,bc8
bc8_1054,bc8
bc8_1055,bc8
bc8_1056,bc8
bc8_1057,bc8
bc8_1058,bc8
bc8_1059,bc8
bc8_1060,bc8
bc8_1061,bc8
bc8_1062,bc8
bc8_1063,bc8
bc8_1064,bc8
bc8_1065,bc8
bc8_1066,bc8
bc8_1067,bc8
bc8_1068,bc8
bc8_1069,bc8
bc8_1070,bc8
bc8_1071,bc8
bc8_1072,bc8
bc8_1073,bc8
bc8_1074,bc8
bc8_1075,bc8
bc8_1076,bc8
bc8_1077,bc8
bc8_1078,bc8
bc8_1079,bc8
bc8_1080,bc8
bc8_1081,bc8
bc8_1082,bc8
bc8_1083,bc8
bc8_1084,bc8
bc8_1085,bc8
bc8_1086,bc8
bc8_1087,bc8
bc8_1088,bc8
bc8_1089,bc8
bc8_1090,bc8
bc8_1091,bc8
bc8_1092,bc8
bc8_1093,bc8
bc8_1094,bc8
bc8_1095,bc8
bc8_1096,bc8
bc8_1097,bc8
bc8_1098,bc8
bc8_1099,bc8
bc8_1100,bc8
bc8_1101,bc8
bc8_1102,bc8
bc8_1103,bc8
bc8_1104,bc8
bc8_1105,bc8
bc8_1106,bc8
bc8_1107,bc8
bc8_1108,bc8
bc8_1109,bc8
bc8_1110,bc8
bc8_1111,bc8
bc8_1112,bc8
bc8_1113,bc8
bc8_1114,bc8
bc8_1115,bc8
bc8_1116,bc8
bc8_1117,bc8
bc8_1118,bc8
bc8_1119,bc8
bc8_1120,bc8
bc8_1121,bc8
bc8_1122,bc8
bc8_1123,bc8
bc8_1124,bc8
bc8_1125,bc8
bc8_1126,bc8
bc8_1127,bc8
bc8_1128,bc8
bc8_1129,bc8
bc8_1130,bc8
bc8_1131,bc8
bc8_1132,bc8
bc8_1133,bc8
bc8_1134,bc8
bc8_1135,bc8
bc8_1136,bc8
bc8_1137,bc8
bc8_1138,bc8
bc8_1139,bc8
bc8_1140,bc8
bc8_1141,bc8
bc8_1142,bc8
bc8_1143,bc8
bc8_1144,bc8
bc8_1145,bc8
bc8_1146,bc8
bc8_1147,bc8
bc8_1148,bc8
bc8_1149,bc8
bc8_1150,bc8
bc8_1151,bc8
bc8_1152,bc8
bc8_1153,bc8
bc8_1154,bc8
bc8_1155,bc8
bc8_1156,bc8
bc8_1157,bc8
bc8_1158,bc8
bc8_1159,bc8
bc8_1160,bc8
bc8_1161,bc8
bc8_1162,bc8
bc8_1163,bc8
bc8_1164,bc8
bc8_1165,bc8
bc8_1166,bc8
bc8_1167,bc8
bc8_1168,bc8
bc8_1169,bc8
bc8_1170,bc8
bc8_1171,bc8
bc8_1172,bc8
bc8_1173,bc8
bc8_1174,bc8
bc8_1175,bc8
bc8_1176,bc8
bc8_1177,bc8
bc8_1178,bc8
bc8_1179,bc8
bc8_1180,bc8
bc8_1181,bc8
bc8_1182,bc8
bc8_1183,bc8
bc8_1184,bc8
bc8_1185,bc8
bc8_1186,bc8
bc8_1187,bc8
bc8_1188,bc8
bc8_1189,bc8
bc8_1190,bc8
bc8_1191,bc8
bc8_1192,bc8
bc8_1193,bc8
bc8_1194,bc8
bc8_1195,bc8
bc8_1196,bc8
bc8_1197,bc8
bc8_1198,bc8
bc8_1199,bc8
bc8_1200,bc8
bc8_1201,bc8
bc8_1202,bc8
bc8_1203,bc8
bc8_1204,bc8
bc8_1205,bc8
bc8_1206,bc8
bc8_1207,bc8
bc8_1208,bc8
bc8_1209,bc8
bc8_1210,bc8
bc8_1211,bc8
bc8_1212,bc8
bc8_1213,bc8
bc8_1214,bc8
bc8_1215,bc8
bc8_1216,bc8
bc8_1217,bc8
bc8_1218,bc8
bc8_1219,bc8
bc8_1220,bc8
bc8_1221,bc8
bc8_1222,bc8
bc8_1223,bc8
bc8_1224,bc8
bc8_1225,bc8
bc8_1226,bc8
bc8_1227,bc8
bc8_1228,bc8
bc8_1229,bc8
bc8_1230,bc8
bc8_1231,bc8
bc8_1232,bc8
bc8_1233,bc8
bc8_1234,bc8
bc8_1235,bc8
bc8_1236,bc8
bc8_1237,bc8
bc8_1238,bc8
bc8_1239,bc8
bc8_1240,bc8
bc8_1241,bc8
bc8_1242,bc8
bc8_1243,bc8
bc8_1244,bc8
bc8_1245,bc8
bc8_1246,bc8
bc8_1247,bc8
bc8_1248,bc8
bc8_1249,bc8
bc8_1250,bc8
bc8_1251,bc8
bc8_1252,bc8
bc8_1253,bc8
bc8_1254,bc8
bc8_1255,bc8
bc8_1256,bc8
bc8_1257,bc8
bc8_1258,bc8
bc8_1259,bc8
bc8_1260,bc8
bc8_1261,bc8
bc8_1262,bc8
bc8_1263,bc8
bc8_1264,bc8
bc8_1265,bc8
bc8_1266,bc8
bc8_1267,bc8
bc8_1268,bc8
bc8_1269,bc8
bc8_1270,bc8
bc8_1271,bc8
bc8_1272,bc8
bc8_1273,bc8
bc8_1274,bc8
bc8_1275,bc8
bc8_1276,bc8
bc8_1277,bc8
bc8_1278,bc8
bc8_1279,bc8
bc8_1280,bc8
bc8_1281,bc8
bc8_1282,bc8
bc8_1283,bc8
bc8_1284,bc8
bc8_1285,bc8
bc8_1286,bc8
bc8_1287,bc8
bc8_1288,bc8
bc8_1289,bc8
bc8_1290,bc8
bc8_1291,bc8
bc8_1292,bc8
bc8_1293,bc8
bc8_1294,bc8
bc8_1295,bc8
bc8_1296,bc8
bc8_1297,bc8
bc8_1298,bc8
bc8_1299,bc8
bc8_1300,bc8
bc8_1301,bc8
bc8_1302,bc8
bc8_1303,bc8
bc8_1304,bc8
bc8_1305,bc8
bc8_1306,bc8
bc8_1307,bc8
bc8_1308,bc8
bc8_1309,bc8
bc8_1310,bc8
bc8_1311,bc8
bc8_1312,bc8
bc8_1313,bc8
bc8_1314,bc8
bc8_1315,bc8
bc8_1316,bc8
bc8_1317,bc8
bc8_1318,bc8
bc8_1319,bc8
bc8_1320,bc8
bc8_1321,bc8
bc8_1322,bc8
bc8_1323,bc8
bc8_1324,bc8
bc8_1325,bc8
bc8_1326,bc8
bc8_1327,bc8
bc8_1328,bc8
bc8_1329,bc8
bc8_1330,bc8
bc8_1331,bc8
bc8_1332,bc8
bc8_1333,bc8
bc8_1334,bc8
bc8_1335,bc8
bc8_1336,bc8
bc8_1337,bc8
bc8_1338,bc8
bc8_1339,bc8
bc8_1340,bc8
bc8_1341,bc8
bc8_1342,bc8
bc8_1343,bc8
bc8_1344,bc8
bc8_1345,bc8
bc8_1346,bc8
bc8_1347,bc8
bc8_1348,bc8
bc8_1349,bc8
bc8_1350,bc8
bc8_1351,bc8
bc8_1352,bc8
bc8_1353,bc8
bc8_1354,bc8
bc8_1355,bc8
bc8_1356,bc8
bc8_1357,bc8
bc8_1358,bc8
bc8_1359,bc8
bc8_1360,bc8
bc8_1361,bc8
bc8_1362,bc8
bc8_1363,bc8
bc8_1364,bc8
bc8_1365,bc8
bc8_1366,bc8
bc8_1367,bc8
bc8_1368,bc8
bc8_1369,bc8
bc8_1370,bc8
bc8_1371,bc8
bc8_1372,bc8
bc8_1373,bc8
bc8_1374,bc8
bc8_1375,bc8
bc8_1376,bc8
bc8_1377,bc8
bc8_1378,bc8
bc8_1379,bc8
bc8_1380,bc8
bc8_1381,bc8
bc8_1382,bc8
bc8_1383,bc8
bc8_1384,bc8
bc8_1385,bc8
bc8_1386,bc8
bc8_1387,bc8
bc8_1388,bc8
bc8_1389,bc8
bc8_1390,bc8
bc8_1391,bc8
bc8_1392,bc8
bc8_1393,bc8
bc8_1394,bc8
bc8_1395,bc8
bc8_1396,bc8
bc8_1397,bc8
bc8_1398,bc8
bc8_1399,bc8
bc8_1400,bc8
bc8_1401,bc8
bc8_1402,bc8
bc8_1403,bc8
bc8_1404,bc8
bc8_1405,bc8
bc8_1406,bc8
bc8_1407,bc8
bc8_1408,bc8
bc8_1409,bc8
bc8_1410,bc8
bc8_1411,bc8
bc8_1412,bc8
bc8_1413,bc8
bc8_1414,bc8
bc8_1415,bc8
bc8_1416,bc8
bc8_1417,bc8
bc8_1418,bc8
bc8_1419,bc8
bc8_1420,bc8
bc8_1421,bc8
bc8_1422,bc8
bc8_1423,bc8
bc8_1424,bc8
bc8_1425,bc8
bc8_1426,bc8
bc8_1427,bc8
bc8_1428,bc8
bc8_1429,bc8
bc8_1430,bc8
bc8_1431,bc8
bc8_1432,bc8
bc8_1433,bc8
bc8_1434,bc8
bc8_1435,bc8
bc8_1436,bc8
bc8_1437,bc8
bc8_1438,bc8
bc8_1439,bc8
bc8_1440,bc8
bc8_1441,bc8
bc8_1442,bc8
bc8_1443,bc8
bc8_1444,bc8
bc8_1445,bc8
bc8_1446,bc8
bc8_1447,bc8
bc8_1448,bc8
bc8_1449,bc8
bc8_1450,bc8
bc8_1451,bc8
bc8_1452,bc8
bc8_1453,bc8
bc8_1454,bc8
bc8_1455,bc8
bc8_1456,bc8
bc8_1457,bc8
bc8_1458,bc8
bc8_1459,bc8
bc8_1460,bc8
bc8_1461,bc8
bc8_1462,bc8
bc8_1463,bc8
bc8_1464,bc8
bc8_1465,bc8
bc8_1466,bc8
bc8_1467,bc8
bc8_1468,bc8
bc8_1469,bc8
bc8_1470,bc8
bc8_1471,bc8
bc8_1472,bc8
bc9_1,bc9
bc9_2,bc9
bc9_3,bc9
bc9_4,bc9
bc9_5,bc9
bc9_6,bc9
bc9_7,bc9
bc9_8,bc9
bc9_9,bc9
bc9_10,bc9
bc9_11,bc9
bc9_12,bc9
bc9_13,bc9
bc9_14,bc9
bc9_15,bc9
bc9_16,bc9
bc9_17,bc9
bc9_18,bc9
bc9_19,bc9
bc9_20,bc9
bc9_21,bc9
bc9_22,bc9
bc9_23,bc9
bc9_24,bc9
bc9_25,bc9
bc9_26,bc9
bc9_27,bc9
bc9_28,bc9
bc9_29,bc9
bc9_30,bc9
bc9_31,bc9
bc9_32,bc9
bc9_33,bc9
bc9_34,bc9
bc9_35,bc9
bc9_36,bc9
bc9_37,bc9
bc9_38,bc9
bc9_39,bc9
bc9_40,bc9
bc9_41,bc9
bc9_42,bc9
bc9_43,bc9
bc9_44,bc9
bc9_45,bc9
bc9_46,bc9
bc9_47,bc9
bc9_48,bc9
bc9_49,bc9
bc9_50,bc9
bc9_51,bc9
bc9_52,bc9
bc9_53,bc9
bc9_54,bc9
bc9_55,bc9
bc9_56,bc9
bc9_57,bc9
bc9_58,bc9
bc9_59,bc9
bc9_60,bc9
bc9_61,bc9
bc9_62,bc9
bc9_63,bc9
bc9_64,bc9
bc9_65,bc9
bc9_66,bc9
bc9_67,bc9
bc9_68,bc9
bc9_69,bc9
bc9_70,bc9
bc9_71,bc9
bc9_72,bc9
bc9_73,bc9
bc9_74,bc9
bc9_75,bc9
bc9_76,bc9
bc9_77,bc9
bc9_78,bc9
bc9_79,bc9
bc9_80,bc9
bc9_81,bc9
bc9_82,bc9
bc9_83,bc9
bc9_84,bc9
bc9_85,bc9
bc9_86,bc9
bc9_87,bc9
bc9_88,bc9
bc9_89,bc9
bc9_90,bc9
bc9_91,bc9
bc9_92,bc9
bc9_93,bc9
bc9_94,bc9
bc9_95,bc9
bc9_96,bc9
bc9_97,bc9
bc9_98,bc9
bc9_99,bc9
bc9_100,bc9
bc9_101,bc9
bc9_102,bc9
bc9_103,bc9
bc9_104,bc9
bc9_105,bc9
bc9_106,bc9
bc9_107,bc9
bc9_108,bc9
bc9_109,bc9
bc9_110,bc9
bc9_111,bc9
bc9_112,bc9
bc9_113,bc9
bc9_114,bc9
bc9_115,bc9
bc9_116,bc9
bc9_117,bc9
bc9_118,bc9
bc9_119,bc9
bc9_120,bc9
bc9_121,bc9
bc9_122,bc9
bc9_123,bc9
bc9_124,bc9
bc9_125,bc9
bc9_126,bc9
bc9_127,bc9
bc9_128,bc9
bc9_129,bc9
bc9_130,bc9
bc9_131,bc9
bc9_132,bc9
bc9_133,bc9
bc9_134,bc9
bc9_135,bc9
bc9_136,bc9
bc9_137,bc9
bc9_138,bc9
bc9_139,bc9
bc9_140,bc9
bc9_141,bc9
bc9_142,bc9
bc9_143,bc9
bc9_144,bc9
bc9_145,bc9
bc9_146,bc9
bc9_147,bc9
bc9_148,bc9
bc9_149,bc9
bc9_150,bc9
bc9_151,bc9
bc9_152,bc9
bc9_153,bc9
bc9_154,bc9
bc9_155,bc9
bc9_156,bc9
bc9_157,bc9
bc9_158,bc9
bc9_159,bc9
bc9_160,bc9
bc9_161,bc9
bc9_162,bc9
bc9_163,bc9
bc9_164,bc9
bc9_165,bc9
bc9_166,bc9
bc9_167,bc9
bc9_168,bc9
bc9_169,bc9
bc9_170,bc9
bc9_171,bc9
bc9_172,bc9
bc9_173,bc9
bc9_174,bc9
bc9_175,bc9
bc9_176,bc9
bc9_177,bc9
bc9_178,bc9
bc9_179,bc9
bc9_180,bc9
bc9_181,bc9
bc9_182,bc9
bc9_183,bc9
bc9_184,bc9
bc9_185,bc9
bc9_186,bc9
bc9_187,bc9
bc9_188,bc9
bc9_189,bc9
bc9_190,bc9
bc9_191,bc9
bc9_192,bc9
bc9_193,bc9
bc9_194,bc9
bc9_195,bc9
bc9_196,bc9
bc9_197,bc9
bc9_198,bc9
bc9_199,bc9
bc9_200,bc9
bc9_201,bc9
bc9_202,bc9
bc9_203,bc9
bc9_204,bc9
bc9_205,bc9
bc9_206,bc9
bc9_207,bc9
bc9_208,bc9
bc9_209,bc9
bc9_210,bc9
bc9_211,bc9
bc9_212,bc9
bc9_213,bc9
bc9_214,bc9
bc9_215,bc9
bc9_216,bc9
bc9_217,bc9
bc9_218,bc9
bc9_219,bc9
bc9_220,bc9
bc9_221,bc9
bc9_222,bc9
bc9_223,bc9
bc9_224,bc9
bc9_225,bc9
bc9_226,bc9
bc9_227,bc9
bc9_228,bc9
bc9_229,bc9
bc9_230,bc9
bc9_231,bc9
bc9_232,bc9
bc9_233,bc9
bc9_234,bc9
bc9_235,bc9
bc9_236,bc9
bc9_237,bc9
bc9_238,bc9
bc9_239,bc9
bc9_240,bc9
bc9_241,bc9
bc9_242,bc9
bc9_243,bc9
bc9_244,bc9
bc9_245,bc9
bc9_246,bc9
bc9_247,bc9
bc9_248,bc9
bc9_249,bc9
bc9_250,bc9
bc9_251,bc9
bc9_252,bc9
bc9_253,bc9
bc9_254,bc9
bc9_255,bc9
bc9_256,bc9
bc9_257,bc9
bc9_258,bc9
bc9_259,bc9
bc9_260,bc9
bc9_261,bc9
bc9_262,bc9
bc9_263,bc9
bc9_264,bc9
bc9_265,bc9
bc9_266,bc9
bc9_267,bc9
bc9_268,bc9
bc9_269,bc9
bc9_270,bc9
bc9_271,bc9
bc9_272,bc9
bc9_273,bc9
bc9_274,bc9
bc9_275,bc9
bc9_276,bc9
bc9_277,bc9
bc9_278,bc9
bc9_279,bc9
bc9_280,bc9
bc9_281,bc9
bc9_282,bc9
bc9_283,bc9
bc9_284,bc9
bc9_285,bc9
bc9_286,bc9
bc9_287,bc9
bc9_288,bc9
bc9_289,bc9
bc9_290,bc9
bc9_291,bc9
bc9_292,bc9
bc9_293,bc9
bc9_294,bc9
bc9_295,bc9
bc9_296,bc9
bc9_297,bc9
bc9_298,bc9
bc9_299,bc9
bc9_300,bc9
bc9_301,bc9
bc9_302,bc9
bc9_303,bc9
bc9_304,bc9
bc9_305,bc9
bc9_306,bc9
bc9_307,bc9
bc9_308,bc9
bc9_309,bc9
bc9_310,bc9
bc9_311,bc9
bc9_312,bc9
bc9_313,bc9
bc9_314,bc9
bc9_315,bc9
bc9_316,bc9
bc9_317,bc9
bc9_318,bc9
bc9_319,bc9
bc9_320,bc9
bc9_321,bc9
bc9_322,bc9
bc9_323,bc9
bc9_324,bc9
bc9_325,bc9
bc9_326,bc9
bc9_327,bc9
bc9_328,bc9
bc9_329,bc9
bc9_330,bc9
bc9_331,bc9
bc9_332,bc9
bc9_333,bc9
bc9_334,bc9
bc9_335,bc9
bc9_336,bc9
bc9_337,bc9
bc9_338,bc9
bc9_339,bc9
bc9_340,bc9
bc9_341,bc9
bc9_342,bc9
bc9_343,bc9
bc9_344,bc9
bc9_345,bc9
bc9_346,bc9
bc9_347,bc9
bc9_348,bc9
bc9_349,bc9
bc9_350,bc9
bc9_351,bc9
bc9_352,bc9
bc9_353,bc9
bc9_354,bc9
bc9_355,bc9
bc9_356,bc9
bc9_357,bc9
bc9_358,bc9
bc9_359,bc9
bc9_360,bc9
bc9_361,bc9
bc9_362,bc9
bc9_363,bc9
bc9_364,bc9
bc9_365,bc9
bc9_366,bc9
bc9_367,bc9
bc9_368,bc9
bc9_369,bc9
bc9_370,bc9
bc9_371,bc9
bc9_372,bc9
bc9_373,bc9
bc9_374,bc9
bc9_375,bc9
bc9_376,bc9
bc9_377,bc9
bc9_378,bc9
bc9_379,bc9
bc9_380,bc9
bc9_381,bc9
bc9_382,bc9
bc9_383,bc9
bc9_384,bc9
bc9_385,bc9
bc9_386,bc9
bc9_387,bc9
bc9_388,bc9
bc9_389,bc9
bc9_390,bc9
bc9_391,bc9
bc9_392,bc9
bc9_393,bc9
bc9_394,bc9
bc9_395,bc9
bc9_396,bc9
bc9_397,bc9
bc9_398,bc9
bc9_399,bc9
bc9_400,bc9
bc9_401,bc9
bc9_402,bc9
bc9_403,bc9
bc9_404,bc9
bc9_405,bc9
bc9_406,bc9
bc9_407,bc9
bc9_408,bc9
bc9_409,bc9
bc9_410,bc9
bc9_411,bc9
bc9_412,bc9
bc9_413,bc9
bc9_414,bc9
bc9_415,bc9
bc9_416,bc9
bc9_417,bc9
bc9_418,bc9
bc9_419,bc9
bc9_420,bc9
bc9_421,bc9
bc9_422,bc9
bc9_423,bc9
bc9_424,bc9
bc9_425,bc9
bc9_426,bc9
bc9_427,bc9
bc9_428,bc9
bc9_429,bc9
bc9_430,bc9
bc9_431,bc9
bc9_432,bc9
bc9_433,bc9
bc9_434,bc9
bc9_435,bc9
bc9_436,bc9
bc9_437,bc9
bc9_438,bc9
bc9_439,bc9
bc9_440,bc9
bc9_441,bc9
bc9_442,bc9
bc9_443,bc9
bc9_444,bc9
bc9_445,bc9
bc9_446,bc9
bc9_447,bc9
bc9_448,bc9
bc9_449,bc9
bc9_450,bc9
bc9_451,bc9
bc9_452,bc9
bc9_453,bc9
bc9_454,bc9
bc9_455,bc9
bc9_456,bc9
bc9_457,bc9
bc9_458,bc9
bc9_459,bc9
bc9_460,bc9
bc9_461,bc9
bc9_462,bc9
bc9_463,bc9
bc9_464,bc9
bc9_465,bc9
bc9_466,bc9
bc9_467,bc9
bc9_468,bc9
bc9_469,bc9
bc9_470,bc9
bc9_471,bc9
bc9_472,bc9
bc9_473,bc9
bc9_474,bc9
bc9_475,bc9
bc9_476,bc9
bc9_477,bc9
bc9_478,bc9
bc9_479,bc9
bc9_480,bc9
bc9_481,bc9
bc9_482,bc9
bc9_483,bc9
bc9_484,bc9
bc9_485,bc9
bc9_486,bc9
bc9_487,bc9
bc9_488,bc9
bc9_489,bc9
bc9_490,bc9
bc9_491,bc9
bc9_492,bc9
bc9_493,bc9
bc9_494,bc9
bc9_495,bc9
bc9_496,bc9
bc9_497,bc9
bc9_498,bc9
bc9_499,bc9
bc9_500,bc9
bc9_501,bc9
bc9_502,bc9
bc9_503,bc9
bc9_504,bc9
bc9_505,bc9
bc9_506,bc9
bc9_507,bc9
bc9_508,bc9
bc9_509,bc9
bc9_510,bc9
bc9_511,bc9
bc9_512,bc9
bc9_513,bc9
bc9_514,bc9
bc9_515,bc9
bc9_516,bc9
bc9_517,bc9
bc9_518,bc9
bc9_519,bc9
bc9_520,bc9
bc9_521,bc9
bc9_522,bc9
bc9_523,bc9
bc9_524,bc9
bc9_525,bc9
bc9_526,bc9
bc9_527,bc9
bc9_528,bc9
bc9_529,bc9
bc9_530,bc9
bc9_531,bc9
bc9_532,bc9
bc9_533,bc9
bc9_534,bc9
bc9_535,bc9
bc9_536,bc9
bc9_537,bc9
bc9_538,bc9
bc9_539,bc9
bc9_540,bc9
bc9_541,bc9
bc9_542,bc9
bc9_543,bc9
bc9_544,bc9
bc9_545,bc9
bc9_546,bc9
bc9_547,bc9
bc9_548,bc9
bc9_549,bc9
bc9_550,bc9
bc9_551,bc9
bc9_552,bc9
bc9_553,bc9
bc9_554,bc9
bc9_555,bc9
bc9_556,bc9
bc9_557,bc9
bc9_558,bc9
bc9_559,bc9
bc9_560,bc9
bc9_561,bc9
bc9_562,bc9
bc9_563,bc9
bc9_564,bc9
bc9_565,bc9
bc9_566,bc9
bc9_567,bc9
bc9_568,bc9
bc9_569,bc9
bc9_570,bc9
bc9_571,bc9
bc9_572,bc9
bc9_573,bc9
bc9_574,bc9
bc9_575,bc9
bc9_576,bc9
bc9_577,bc9
bc9_578,bc9
bc9_579,bc9
bc9_580,bc9
bc9_581,bc9
bc9_582,bc9
bc9_583,bc9
bc9_584,bc9
bc9_585,bc9
bc9_586,bc9
bc9_587,bc9
bc9_588,bc9
bc9_589,bc9
bc9_590,bc9
bc9_591,bc9
bc9_592,bc9
bc9_593,bc9
bc9_594,bc9
bc9_595,bc9
bc9_596,bc9
bc9_597,bc9
bc9_598,bc9
bc9_599,bc9
bc9_600,bc9
bc9_601,bc9
bc9_602,bc9
bc9_603,bc9
bc9_604,bc9
bc9_605,bc9
bc9_606,bc9
bc9_607,bc9
bc9_608,bc9
bc9_609,bc9
bc9_610,bc9
bc9_611,bc9
bc9_612,bc9
bc9_613,bc9
bc9_614,bc9
bc9_615,bc9
bc9_616,bc9
bc9_617,bc9
bc9_618,bc9
bc9_619,bc9
bc9_620,bc9
bc9_621,bc9
bc9_622,bc9
bc9_623,bc9
bc9_624,bc9
bc9_625,bc9
bc9_626,bc9
bc9_627,bc9
bc9_628,bc9
bc9_629,bc9
bc9_630,bc9
bc9_631,bc9
bc9_632,bc9
bc9_633,bc9
bc9_634,bc9
bc9_635,bc9
bc9_636,bc9
bc9_637,bc9
bc9_638,bc9
bc9_639,bc9
bc9_640,bc9
bc9_641,bc9
bc9_642,bc9
bc9_643,bc9
bc9_644,bc9
bc9_645,bc9
bc9_646,bc9
bc9_647,bc9
bc9_648,bc9
bc9_649,bc9
bc9_650,bc9
bc9_651,bc9
bc9_652,bc9
bc9_653,bc9
bc9_654,bc9
bc9_655,bc9
bc9_656,bc9
bc9_657,bc9
bc9_658,bc9
bc9_659,bc9
bc9_660,bc9
bc9_661,bc9
bc9_662,bc9
bc9_663,bc9
bc9_664,bc9
bc9_665,bc9
bc9_666,bc9
bc9_667,bc9
bc9_668,bc9
bc9_669,bc9
bc9_670,bc9
bc9_671,bc9
bc9_672,bc9
bc9_673,bc9
bc9_674,bc9
bc9_675,bc9
bc9_676,bc9
bc9_677,bc9
bc9_678,bc9
bc9_679,bc9
bc9_680,bc9
bc9_681,bc9
bc9_682,bc9
bc9_683,bc9
bc9_684,bc9
bc9_685,bc9
bc9_686,bc9
bc9_687,bc9
bc9_688,bc9
bc9_689,bc9
bc9_690,bc9
bc9_691,bc9
bc9_692,bc9
bc9_693,bc9
bc9_694,bc9
bc9_695,bc9
bc9_696,bc9
bc9_697,bc9
bc9_698,bc9
bc9_699,bc9
bc9_700,bc9
bc9_701,bc9
bc9_702,bc9
bc9_703,bc9
bc9_704,bc9
bc9_705,bc9
bc9_706,bc9
bc9_707,bc9
bc9_708,bc9
bc9_709,bc9
bc9_710,bc9
bc9_711,bc9
bc9_712,bc9
bc9_713,bc9
bc9_714,bc9
bc9_715,bc9
bc9_716,bc9
bc9_717,bc9
bc9_718,bc9
bc9_719,bc9
bc9_720,bc9
bc9_721,bc9
bc9_722,bc9
bc9_723,bc9
bc9_724,bc9
bc9_725,bc9
bc9_726,bc9
bc9_727,bc9
bc9_728,bc9
bc9_729,bc9
bc9_730,bc9
bc9_731,bc9
bc9_732,bc9
bc9_733,bc9
bc9_734,bc9
bc9_735,bc9
bc9_736,bc9
bc9_737,bc9
bc9_738,bc9
bc9_739,bc9
bc9_740,bc9
bc9_741,bc9
bc9_742,bc9
bc9_743,bc9
bc9_744,bc9
bc9_745,bc9
bc9_746,bc9
bc9_747,bc9
bc9_748,bc9
bc9_749,bc9
bc9_750,bc9
bc9_751,bc9
bc9_752,bc9
bc9_753,bc9
bc9_754,bc9
bc9_755,bc9
bc9_756,bc9
bc9_757,bc9
bc9_758,bc9
bc9_759,bc9
bc9_760,bc9
bc9_761,bc9
bc9_762,bc9
bc9_763,bc9
bc9_764,bc9
bc9_765,bc9
bc9_766,bc9
bc9_767,bc9
bc9_768,bc9
bc9_769,bc9
bc9_770,bc9
bc9_771,bc9
bc9_772,bc9
bc9_773,bc9
bc9_774,bc9
bc9_775,bc9
bc9_776,bc9
bc9_777,bc9
bc9_778,bc9
bc9_779,bc9
bc9_780,bc9
bc9_781,bc9
bc9_782,bc9
bc9_783,bc9
bc9_784,bc9
bc9_785,bc9
bc9_786,bc9
bc9_787,bc9
bc9_788,bc9
bc9_789,bc9
bc9_790,bc9
bc9_791,bc9
bc9_792,bc9
bc9_793,bc9
bc9_794,bc9
bc9_795,bc9
bc9_796,bc9
bc9_797,bc9
bc9_798,bc9
bc9_799,bc9
bc9_800,bc9
bc9_801,bc9
bc9_802,bc9
bc9_803,bc9
bc9_804,bc9
bc9_805,bc9
bc9_806,bc9
bc9_807,bc9
bc9_808,bc9
bc9_809,bc9
bc9_810,bc9
bc9_811,bc9
bc9_812,bc9
bc9_813,bc9
bc9_814,bc9
bc9_815,bc9
bc9_816,bc9
bc9_817,bc9
bc9_818,bc9
bc9_819,bc9
bc9_820,bc9
bc9_821,bc9
bc9_822,bc9
bc9_823,bc9
bc9_824,bc9
bc9_825,bc9
bc9_826,bc9
bc9_827,bc9
bc9_828,bc9
bc9_829,bc9
bc9_830,bc9
bc9_831,bc9
bc9_832,bc9
bc9_833,bc9
bc9_834,bc9
bc9_835,bc9
bc9_836,bc9
bc9_837,bc9
bc9_838,bc9
bc9_839,bc9
bc9_840,bc9
bc9_841,bc9
bc9_842,bc9
bc9_843,bc9
bc9_844,bc9
bc9_845,bc9
bc9_846,bc9
bc9_847,bc9
bc9_848,bc9
bc9_849,bc9
bc9_850,bc9
bc9_851,bc9
bc9_852,bc9
bc9_853,bc9
bc9_854,bc9
bc9_855,bc9
bc9_856,bc9
bc9_857,bc9
bc9_858,bc9
bc9_859,bc9
bc9_860,bc9
bc9_861,bc9
bc9_862,bc9
bc9_863,bc9
bc9_864,bc9
bc9_865,bc9
bc9_866,bc9
bc9_867,bc9
bc9_868,bc9
bc9_869,bc9
bc9_870,bc9
bc9_871,bc9
bc9_872,bc9
bc9_873,bc9
bc9_874,bc9
bc9_875,bc9
bc9_876,bc9
bc9_877,bc9
bc9_878,bc9
bc9_879,bc9
bc9_880,bc9
bc9_881,bc9
bc9_882,bc9
bc9_883,bc9
bc9_884,bc9
bc9_885,bc9
bc9_886,bc9
bc9_887,bc9
bc9_888,bc9
bc9_889,bc9
bc9_890,bc9
bc9_891,bc9
bc9_892,bc9
bc9_893,bc9
bc9_894,bc9
bc9_895,bc9
bc9_896,bc9
bc9_897,bc9
bc9_898,bc9
bc9_899,bc9
bc9_900,bc9
bc9_901,bc9
bc9_902,bc9
bc9_903,bc9
bc9_904,bc9
bc9_905,bc9
bc9_906,bc9
bc9_907,bc9
bc9_908,bc9
bc9_909,bc9
bc9_910,bc9
bc9_911,bc9
bc9_912,bc9
bc9_913,bc9
bc9_914,bc9
bc9_915,bc9
bc9_916,bc9
bc9_917,bc9
bc9_918,bc9
bc9_919,bc9
bc9_920,bc9
bc9_921,bc9
bc9_922,bc9
bc9_923,bc9
bc9_924,bc9
bc9_925,bc9
bc9_926,bc9
bc9_927,bc9
bc9_928,bc9
bc9_929,bc9
bc9_930,bc9
bc9_931,bc9
bc9_932,bc9
bc9_933,bc9
bc9_934,bc9
bc9_935,bc9
bc9_936,bc9
bc9_937,bc9
bc9_938,bc9
bc9_939,bc9
bc9_940,bc9
bc9_941,bc9
bc9_942,bc9
bc9_943,bc9
bc9_944,bc9
bc9_945,bc9
bc9_946,bc9
bc9_947,bc9
bc9_948,bc9
bc9_949,bc9
bc9_950,bc9
bc9_951,bc9
bc9_952,bc9
bc9_953,bc9
bc9_954,bc9
bc9_955,bc9
bc9_956,bc9
bc9_957,bc9
bc9_958,bc9
bc9_959,bc9
bc9_960,bc9
bc9_961,bc9
bc9_962,bc9
bc9_963,bc9
bc9_964,bc9
bc9_965,bc9
bc9_966,bc9
bc9_967,bc9
bc9_968,bc9
bc9_969,bc9
bc9_970,bc9
bc9_971,bc9
bc9_972,bc9
bc9_973,bc9
bc9_974,bc9
bc9_975,bc9
bc9_976,bc9
bc9_977,bc9
bc9_978,bc9
bc9_979,bc9
bc9_980,bc9
bc9_981,bc9
bc9_982,bc9
bc9_983,bc9
bc9_984,bc9
bc9_985,bc9
bc9_986,bc9
bc9_987,bc9
bc9_988,bc9
bc9_989,bc9
bc9_990,bc9
bc9_991,bc9
bc9_992,bc9
bc9_993,bc9
bc9_994,bc9
bc9_995,bc9
bc9_996,bc9
bc9_997,bc9
bc9_998,bc9
bc9_999,bc9
bc9_1000,bc9
bc9_1001,bc9
bc9_1002,bc9
bc9_1003,bc9
bc9_1004,bc9
bc9_1005,bc9
bc9_1006,bc9
bc9_1007,bc9
bc9_1008,bc9
bc9_1009,bc9
bc9_1010,bc9
bc9_1011,bc9
bc9_1012,bc9
bc9_1013,bc9
bc9_1014,bc9
bc9_1015,bc9
bc9_1016,bc9
bc9_1017,bc9
bc9_1018,bc9
bc9_1019,bc9
bc9_1020,bc9
bc9_1021,bc9
bc9_1022,bc9
bc9_1023,bc9
bc9_1024,bc9
bc9_1025,bc9
bc9_1026,bc9
bc9_1027,bc9
bc9_1028,bc9
bc9_1029,bc9
bc9_1030,bc9
bc9_1031,bc9
bc9_1032,bc9
bc9_1033,bc9
bc9_1034,bc9
bc9_1035,bc9
bc9_1036,bc9
bc9_1037,bc9
bc9_1038,bc9
bc9_1039,bc9
bc9_1040,bc9
bc9_1041,bc9
bc9_1042,bc9
bc9_1043,bc9
bc9_1044,bc9
bc9_1045,bc9
bc9_1046,bc9
bc9_1047,bc9
bc9_1048,bc9
bc9_1049,bc9
bc9_1050,bc9
bc9_1051,bc9
bc9_1052,bc9
bc9_1053,bc9
bc9_1054,bc9
bc9_1055,bc9
bc9_1056,bc9
bc9_1057,bc9
bc9_1058,bc9
bc9_1059,bc9
bc9_1060,bc9
bc9_1061,bc9
bc9_1062,bc9
bc9_1063,bc9
bc9_1064,bc9
bc9_1065,bc9
bc9_1066,bc9
bc9_1067,bc9
bc9_1068,bc9
bc9_1069,bc9
bc9_1070,bc9
bc9_1071,bc9
bc9_1072,bc9
bc9_1073,bc9
bc9_1074,bc9
bc9_1075,bc9
bc9_1076,bc9
bc9_1077,bc9
bc9_1078,bc9
bc9_1079,bc9
bc9_1080,bc9
bc9_1081,bc9
bc9_1082,bc9
bc9_1083,bc9
bc9_1084,bc9
bc9_1085,bc9
bc9_1086,bc9
bc9_1087,bc9
bc9_1088,bc9
bc9_1089,bc9
bc9_1090,bc9
bc9_1091,bc9
bc9_1092,bc9
bc9_1093,bc9
bc9_1094,bc9
bc9_1095,bc9
bc9_1096,bc9
bc9_1097,bc9
bc9_1098,bc9
bc9_1099,bc9
bc9_1100,bc9
bc9_1101,bc9
bc9_1102,bc9
bc9_1103,bc9
bc9_1104,bc9
bc9_1105,bc9
bc9_1106,bc9
bc9_1107,bc9
bc9_1108,bc9
bc9_1109,bc9
bc9_1110,bc9
bc9_1111,bc9
bc9_1112,bc9
bc9_1113,bc9
bc9_1114,bc9
bc9_1115,bc9
bc9_1116,bc9
bc9_1117,bc9
bc9_1118,bc9
bc9_1119,bc9
bc9_1120,bc9
bc9_1121,bc9
bc9_1122,bc9
bc9_1123,bc9
bc9_1124,bc9
bc9_1125,bc9
bc9_1126,bc9
bc9_1127,bc9
bc9_1128,bc9
bc9_1129,bc9
bc9_1130,bc9
bc9_1131,bc9
bc9_1132,bc9
bc9_1133,bc9
bc9_1134,bc9
bc9_1135,bc9
bc9_1136,bc9
bc9_1137,bc9
bc9_1138,bc9
bc9_1139,bc9
bc9_1140,bc9
bc9_1141,bc9
bc9_1142,bc9
bc9_1143,bc9
bc9_1144,bc9
bc9_1145,bc9
bc9_1146,bc9
bc9_1147,bc9
bc9_1148,bc9
bc9_1149,bc9
bc9_1150,bc9
bc9_1151,bc9
bc9_1152,bc9
bc9_1153,bc9
bc9_1154,bc9
bc9_1155,bc9
bc9_1156,bc9
bc9_1157,bc9
bc9_1158,bc9
bc9_1159,bc9
bc9_1160,bc9
bc9_1161,bc9
bc9_1162,bc9
bc9_1163,bc9
bc9_1164,bc9
bc9_1165,bc9
bc9_1166,bc9
bc9_1167,bc9
bc9_1168,bc9
bc9_1169,bc9
bc9_1170,bc9
bc9_1171,bc9
bc9_1172,bc9
bc9_1173,bc9
bc9_1174,bc9
bc9_1175,bc9
bc9_1176,bc9
bc9_1177,bc9
bc9_1178,bc9
bc9_1179,bc9
bc9_1180,bc9
bc9_1181,bc9
bc9_1182,bc9
bc9_1183,bc9
bc9_1184,bc9
bc9_1185,bc9
bc9_1186,bc9
bc9_1187,bc9
bc9_1188,bc9
bc9_1189,bc9
bc9_1190,bc9
bc9_1191,bc9
bc9_1192,bc9
bc9_1193,bc9
bc9_1194,bc9
bc9_1195,bc9
bc9_1196,bc9
bc9_1197,bc9
bc9_1198,bc9
bc9_1199,bc9
bc9_1200,bc9
bc9_1201,bc9
bc9_1202,bc9
bc9_1203,bc9
bc9_1204,bc9
bc9_1205,bc9
bc9_1206,bc9
bc9_1207,bc9
bc9_1208,bc9
bc9_1209,bc9
bc9_1210,bc9
bc9_1211,bc9
bc9_1212,bc9
bc9_1213,bc9
bc9_1214,bc9
bc9_1215,bc9
bc9_1216,bc9
bc9_1217,bc9
bc9_1218,bc9
bc9_1219,bc9
bc9_1220,bc9
bc9_1221,bc9
bc9_1222,bc9
bc9_1223,bc9
bc9_1224,bc9
bc9_1225,bc9
bc9_1226,bc9
bc9_1227,bc9
bc9_1228,bc9
bc9_1229,bc9
bc9_1230,bc9
bc9_1231,bc9
bc9_1232,bc9
bc9_1233,bc9
bc9_1234,bc9
bc9_1235,bc9
bc9_1236,bc9
bc9_1237,bc9
bc9_1238,bc9
bc9_1239,bc9
bc9_1240,bc9
bc9_1241,bc9
bc9_1242,bc9
bc9_1243,bc9
bc9_1244,bc9
bc9_1245,bc9
bc9_1246,bc9
bc9_1247,bc9
bc9_1248,bc9
bc9_1249,bc9
bc9_1250,bc9
bc9_1251,bc9
bc9_1252,bc9
bc9_1253,bc9
bc9_1254,bc9
bc9_1255,bc9
bc9_1256,bc9
bc9_1257,bc9
bc9_1258,bc9
bc9_1259,bc9
bc9_1260,bc9
bc9_1261,bc9
bc9_1262,bc9
bc9_1263,bc9
bc9_1264,bc9
bc9_1265,bc9
bc9_1266,bc9
bc9_1267,bc9
bc9_1268,bc9
bc9_1269,bc9
bc9_1270,bc9
bc9_1271,bc9
bc9_1272,bc9
bc9_1273,bc9
bc9_1274,bc9
bc9_1275,bc9
bc9_1276,bc9
bc9_1277,bc9
bc9_1278,bc9
bc9_1279,bc9
bc9_1280,bc9
bc9_1281,bc9
bc9_1282,bc9
bc9_1283,bc9
bc9_1284,bc9
bc9_1285,bc9
bc9_1286,bc9
bc9_1287,bc9
bc9_1288,bc9
bc9_1289,bc9
bc9_1290,bc9
bc9_1291,bc9
bc9_1292,bc9
bc9_1293,bc9
bc9_1294,bc9
bc9_1295,bc9
bc9_1296,bc9
bc9_1297,bc9
bc9_1298,bc9
bc9_1299,bc9
bc9_1300,bc9
bc9_1301,bc9
bc9_1302,bc9
bc9_1303,bc9
bc9_1304,bc9
bc9_1305,bc9
bc9_1306,bc9
bc9_1307,bc9
bc9_1308,bc9
bc9_1309,bc9
bc9_1310,bc9
bc9_1311,bc9
bc9_1312,bc9
bc9_1313,bc9
bc9_1314,bc9
bc9_1315,bc9
bc9_1316,bc9
bc9_1317,bc9
bc9_1318,bc9
bc9_1319,bc9
bc9_1320,bc9
bc9_1321,bc9
bc9_1322,bc9
bc9_1323,bc9
bc9_1324,bc9
bc9_1325,bc9
bc9_1326,bc9
bc9_1327,bc9
bc9_1328,bc9
bc9_1329,bc9
bc9_1330,bc9
bc9_1331,bc9
bc9_1332,bc9
bc9_1333,bc9
bc9_1334,bc9
bc9_1335,bc9
bc9_1336,bc9
bc9_1337,bc9
bc9_1338,bc9
bc9_1339,bc9
bc9_1340,bc9
bc9_1341,bc9
bc9_1342,bc9
bc9_1343,bc9
bc9_1344,bc9
bc9_1345,bc9
bc9_1346,bc9
bc9_1347,bc9
bc9_1348,bc9
bc9_1349,bc9
bc9_1350,bc9
bc9_1351,bc9
bc9_1352,bc9
bc9_1353,bc9
bc9_1354,bc9
bc9_1355,bc9
bc9_1356,bc9
bc9_1357,bc9
bc9_1358,bc9
bc9_1359,bc9
bc9_1360,bc9
bc9_1361,bc9
bc9_1362,bc9
bc9_1363,bc9
bc9_1364,bc9
bc9_1365,bc9
bc9_1366,bc9
bc9_1367,bc9
bc9_1368,bc9
bc9_1369,bc9
bc9_1370,bc9
bc9_1371,bc9
bc9_1372,bc9
bc9_1373,bc9
bc9_1374,bc9
bc9_1375,bc9
bc9_1376,bc9
bc9_1377,bc9
bc9_1378,bc9
bc9_1379,bc9
bc9_1380,bc9
bc9_1381,bc9
bc9_1382,bc9
bc9_1383,bc9
bc9_1384,bc9
bc9_1385,bc9
bc9_1386,bc9
bc9_1387,bc9
bc9_1388,bc9
bc9_1389,bc9
bc9_1390,bc9
bc9_1391,bc9
bc9_1392,bc9
bc9_1393,bc9
bc9_1394,bc9
bc9_1395,bc9
bc9_1396,bc9
bc9_1397,bc9
bc9_1398,bc9
bc9_1399,bc9
bc9_1400,bc9
bc9_1401,bc9
bc9_1402,bc9
bc9_1403,bc9
bc9_1404,bc9
bc9_1405,bc9
bc9_1406,bc9
bc9_1407,bc9
bc9_1408,bc9
bc9_1409,bc9
bc9_1410,bc9
bc9_1411,bc9
bc9_1412,bc9
bc9_1413,bc9
bc9_1414,bc9
bc9_1415,bc9
bc9_1416,bc9
bc9_1417,bc9
bc9_1418,bc9
bc9_1419,bc9
bc9_1420,bc9
bc9_1421,bc9
bc9_1422,bc9
bc9_1423,bc9
bc9_1424,bc9
bc9_1425,bc9
bc9_1426,bc9
bc9_1427,bc9
bc9_1428,bc9
bc9_1429,bc9
bc9_1430,bc9
bc9_1431,bc9
bc9_1432,bc9
bc9_1433,bc9
bc9_1434,bc9
bc9_1435,bc9
bc9_1436,bc9
bc9_1437,bc9
bc9_1438,bc9
bc9_1439,bc9
bc9_1440,bc9
bc9_1441,bc9
bc9_1442,bc9
bc9_1443,bc9
bc9_1444,bc9
bc9_1445,bc9
bc9_1446,bc9
bc9_1447,bc9
bc9_1448,bc9
bc9_1449,bc9
bc9_1450,bc9
bc9_1451,bc9
bc9_1452,bc9
bc9_1453,bc9
bc9_1454,bc9
bc9_1455,bc9
bc9_1456,bc9
bc9_1457,bc9
bc9_1458,bc9
bc9_1459,bc9
bc9_1460,bc9
bc9_1461,bc9
bc9_1462,bc9
bc9_1463,bc9
bc9_1464,bc9
bc9_1465,bc9
bc9_1466,bc9
bc9_1467,bc9
bc9_1468,bc9
bc9_1469,bc9
bc9_1470,bc9
bc9_1471,bc9
bc9_1472,bc9
bc9_1473,bc9
bc9_1474,bc9
bc9_1475,bc9
bc9_1476,bc9
bc9_1477,bc9
bc9_1478,bc9
bc9_1479,bc9
bc9_1480,bc9
bc9_1481,bc9
bc9_1482,bc9
bc9_1483,bc9
bc9_1484,bc9
bc9_1485,bc9
bc9_1486,bc9
bc9_1487,bc9
bc9_1488,bc9
bc9_1489,bc9
bc9_1490,bc9
bc9_1491,bc9
bc9_1492,bc9
bc9_1493,bc9
bc9_1494,bc9
bc9_1495,bc9
bc9_1496,bc9
bc9_1497,bc9
bc9_1498,bc9
bc9_1499,bc9
bc9_1500,bc9
bc9_1501,bc9
bc9_1502,bc9
bc9_1503,bc9
bc9_1504,bc9
bc9_1505,bc9
bc9_1506,bc9
bc9_1507,bc9
bc9_1508,bc9
bc9_1509,bc9
bc9_1510,bc9
bc9_1511,bc9
bc9_1512,bc9
bc9_1513,bc9
bc9_1514,bc9
bc9_1515,bc9
bc9_1516,bc9
bc9_1517,bc9
bc9_1518,bc9
bc9_1519,bc9
bc9_1520,bc9
bc9_1521,bc9
bc9_1522,bc9
bc9_1523,bc9
bc9_1524,bc9
bc9_1525,bc9
bc9_1526,bc9
bc9_1527,bc9
bc9_1528,bc9
bc9_1529,bc9
bc9_1530,bc9
bc9_1531,bc9
bc9_1532,bc9
bc9_1533,bc9
bc9_1534,bc9
bc9_1535,bc9
bc9_1536,bc9
bc9_1537,bc9
bc9_1538,bc9
bc9_1539,bc9
bc9_1540,bc9
bc9_1541,bc9
bc9_1542,bc9
bc9_1543,bc9
bc9_1544,bc9
bc9_1545,bc9
bc9_1546,bc9
bc9_1547,bc9
bc9_1548,bc9
bc9_1549,bc9
bc9_1550,bc9
bc9_1551,bc9
bc9_1552,bc9
bc9_1553,bc9
bc9_1554,bc9
bc9_1555,bc9
bc9_1556,bc9
bc9_1557,bc9
bc9_1558,bc9
bc9_1559,bc9
bc9_1560,bc9
bc9_1561,bc9
bc9_1562,bc9
bc9_1563,bc9
bc9_1564,bc9
bc9_1565,bc9
bc9_1566,bc9
bc9_1567,bc9
bc9_1568,bc9
bc9_1569,bc9
bc9_1570,bc9
bc9_1571,bc9
bc9_1572,bc9
bc9_1573,bc9
bc9_1574,bc9
bc9_1575,bc9
bc9_1576,bc9
bc9_1577,bc9
bc9_1578,bc9
bc9_1579,bc9
bc9_1580,bc9
bc9_1581,bc9
bc9_1582,bc9
bc9_1583,bc9
bc9_1584,bc9
bc9_1585,bc9
bc9_1586,bc9
bc9_1587,bc9
bc9_1588,bc9
bc9_1589,bc9
bc9_1590,bc9
bc9_1591,bc9
bc9_1592,bc9
bc9_1593,bc9
bc9_1594,bc9
bc9_1595,bc9
bc9_1596,bc9
bc9_1597,bc9
bc9_1598,bc9
bc9_1599,bc9
bc9_1600,bc9
bc9_1601,bc9
bc9_1602,bc9
bc9_1603,bc9
bc9_1604,bc9
bc9_1605,bc9
bc9_1606,bc9
bc9_1607,bc9
bc9_1608,bc9
bc9_1609,bc9
bc9_1610,bc9
bc9_1611,bc9
bc9_1612,bc9
bc9_1613,bc9
bc9_1614,bc9
bc9_1615,bc9
bc9_1616,bc9
bc9_1617,bc9
bc9_1618,bc9
bc9_1619,bc9
bc9_1620,bc9
bc9_1621,bc9
bc9_1622,bc9
bc9_1623,bc9
bc9_1624,bc9
bc9_1625,bc9
bc9_1626,bc9
bc9_1627,bc9
bc9_1628,bc9
bc9_1629,bc9
bc9_1630,bc9
bc9_1631,bc9
bc9_1632,bc9
bc9_1633,bc9
bc9_1634,bc9
bc9_1635,bc9
bc9_1636,bc9
bc9_1637,bc9
bc9_1638,bc9
bc9_1639,bc9
bc9_1640,bc9
bc9_1641,bc9
bc9_1642,bc9
bc9_1643,bc9
bc9_1644,bc9
bc9_1645,bc9
bc9_1646,bc9
bc9_1647,bc9
bc9_1648,bc9
bc9_1649,bc9
bc9_1650,bc9
bc9_1651,bc9
bc9_1652,bc9
bc9_1653,bc9
bc9_1654,bc9
bc9_1655,bc9
bc9_1656,bc9
bc9_1657,bc9
bc9_1658,bc9
bc9_1659,bc9
bc9_1660,bc9
bc9_1661,bc9
bc9_1662,bc9
bc9_1663,bc9
bc9_1664,bc9
bc9_1665,bc9
bc9_1666,bc9
bc9_1667,bc9
bc9_1668,bc9
bc9_1669,bc9
bc9_1670,bc9
bc9_1671,bc9
bc9_1672,bc9
bc9_1673,bc9
bc9_1674,bc9
bc9_1675,bc9
bc9_1676,bc9
bc9_1677,bc9
bc9_1678,bc9
bc9_1679,bc9
bc9_1680,bc9
bc9_1681,bc9
bc9_1682,bc9
bc9_1683,bc9
bc9_1684,bc9
bc9_1685,bc9
bc9_1686,bc9
bc9_1687,bc9
bc9_1688,bc9
bc9_1689,bc9
bc9_1690,bc9
bc9_1691,bc9
bc9_1692,bc9
bc9_1693,bc9
bc9_1694,bc9
bc9_1695,bc9
bc9_1696,bc9
bc9_1697,bc9
bc9_1698,bc9
bc9_1699,bc9
bc9_1700,bc9
bc9_1701,bc9
bc9_1702,bc9
bc9_1703,bc9
bc9_1704,bc9
bc9_1705,bc9
bc9_1706,bc9
bc9_1707,bc9
bc9_1708,bc9
bc9_1709,bc9
bc9_1710,bc9
bc9_1711,bc9
bc9_1712,bc9
bc9_1713,bc9
bc9_1714,bc9
bc9_1715,bc9
bc9_1716,bc9
bc9_1717,bc9
bc9_1718,bc9
bc9_1719,bc9
bc9_1720,bc9
bc9_1721,bc9
bc9_1722,bc9
bc9_1723,bc9
bc9_1724,bc9
bc9_1725,bc9
bc9_1726,bc9
bc9_1727,bc9
bc9_1728,bc9
bc9_1729,bc9
bc9_1730,bc9
bc9_1731,bc9
bc9_1732,bc9
bc9_1733,bc9
bc9_1734,bc9
bc9_1735,bc9
bc9_1736,bc9
bc9_1737,bc9
bc9_1738,bc9
bc9_1739,bc9
bc9_1740,bc9
bc9_1741,bc9
bc9_1742,bc9
bc9_1743,bc9
bc9_1744,bc9
bc9_1745,bc9
bc9_1746,bc9
bc9_1747,bc9
bc9_1748,bc9
bc9_1749,bc9
bc9_1750,bc9
bc9_1751,bc9
bc9_1752,bc9
bc9_1753,bc9
bc9_1754,bc9
bc9_1755,bc9
bc9_1756,bc9
bc9_1757,bc9
bc9_1758,bc9
bc9_1759,bc9
bc9_1760,bc9
bc9_1761,bc9
bc9_1762,bc9
bc9_1763,bc9
bc9_1764,bc9
bc9_1765,bc9
bc9_1766,bc9
bc9_1767,bc9
bc9_1768,bc9
bc9_1769,bc9
bc9_1770,bc9
bc9_1771,bc9
bc9_1772,bc9
bc9_1773,bc9
bc9_1774,bc9
bc9_1775,bc9
bc9_1776,bc9
bc9_1777,bc9
bc9_1778,bc9
bc9_1779,bc9
bc9_1780,bc9
bc9_1781,bc9
bc9_1782,bc9
bc9_1783,bc9
bc9_1784,bc9
bc9_1785,bc9
bc9_1786,bc9
bc9_1787,bc9
bc9_1788,bc9
bc9_1789,bc9
bc9_1790,bc9
bc9_1791,bc9
bc9_1792,bc9
bc9_1793,bc9
bc9_1794,bc9
bc9_1795,bc9
bc9_1796,bc9
bc9_1797,bc9
bc9_1798,bc9
bc9_1799,bc9
bc9_1800,bc9
bc9_1801,bc9
bc9_1802,bc9
bc9_1803,bc9
bc9_1804,bc9
bc9_1805,bc9
bc9_1806,bc9
bc9_1807,bc9
bc9_1808,bc9
bc9_1809,bc9
bc9_1810,bc9
bc9_1811,bc9
bc9_1812,bc9
bc9_1813,bc9
bc9_1814,bc9
bc9_1815,bc9
bc9_1816,bc9
bc9_1817,bc9
bc9_1818,bc9
bc9_1819,bc9
bc9_1820,bc9
bc9_1821,bc9
bc9_1822,bc9
bc9_1823,bc9
bc9_1824,bc9
bc9_1825,bc9
bc9_1826,bc9
bc9_1827,bc9
bc9_1828,bc9
bc9_1829,bc9
bc9_1830,bc9
bc9_1831,bc9
bc9_1832,bc9
bc9_1833,bc9
bc9_1834,bc9
bc9_1835,bc9
bc9_1836,bc9
bc9_1837,bc9
bc9_1838,bc9
bc9_1839,bc9
bc9_1840,bc9
bc9_1841,bc9
bc9_1842,bc9
bc9_1843,bc9
bc9_1844,bc9
bc9_1845,bc9
bc9_1846,bc9
bc9_1847,bc9
bc9_1848,bc9
bc9_1849,bc9
bc9_1850,bc9
bc9_1851,bc9
bc9_1852,bc9
bc9_1853,bc9
bc9_1854,bc9
bc9_1855,bc9
bc9_1856,bc9
bc9_1857,bc9
bc9_1858,bc9
bc9_1859,bc9
bc9_1860,bc9
bc9_1861,bc9
bc9_1862,bc9
bc9_1863,bc9
bc9_1864,bc9
bc9_1865,bc9
bc9_1866,bc9
bc9_1867,bc9
bc9_1868,bc9
bc9_1869,bc9
bc9_1870,bc9
bc9_1871,bc9
bc9_1872,bc9
bc9_1873,bc9
bc9_1874,bc9
bc9_1875,bc9
bc9_1876,bc9
bc9_1877,bc9
bc9_1878,bc9
bc9_1879,bc9
bc9_1880,bc9
bc9_1881,bc9
bc9_1882,bc9
bc9_1883,bc9
bc9_1884,bc9
bc9_1885,bc9
bc9_1886,bc9
bc9_1887,bc9
bc9_1888,bc9
bc9_1889,bc9
bc9_1890,bc9
bc9_1891,bc9
bc9_1892,bc9
bc9_1893,bc9
bc9_1894,bc9
bc9_1895,bc9
bc9_1896,bc9
bc9_1897,bc9
bc9_1898,bc9
bc9_1899,bc9
bc9_1900,bc9
bc9_1901,bc9
bc9_1902,bc9
bc9_1903,bc9
bc9_1904,bc9
bc9_1905,bc9
bc9_1906,bc9
bc9_1907,bc9
bc9_1908,bc9
bc9_1909,bc9
bc9_1910,bc9
bc9_1911,bc9
bc9_1912,bc9
bc9_1913,bc9
bc9_1914,bc9
bc9_1915,bc9
bc9_1916,bc9
bc9_1917,bc9
bc9_1918,bc9
bc9_1919,bc9
bc9_1920,bc9
bc9_1921,bc9
bc9_1922,bc9
bc9_1923,bc9
bc9_1924,bc9
bc9_1925,bc9
bc9_1926,bc9
bc9_1927,bc9
bc9_1928,bc9
bc9_1929,bc9
bc9_1930,bc9
bc9_1931,bc9
bc9_1932,bc9
bc9_1933,bc9
bc9_1934,bc9
bc9_1935,bc9
bc9_1936,bc9
bc9_1937,bc9
bc9_1938,bc9
bc9_1939,bc9
bc9_1940,bc9
bc9_1941,bc9
bc9_1942,bc9
bc9_1943,bc9
bc9_1944,bc9
bc9_1945,bc9
bc9_1946,bc9
bc9_1947,bc9
bc9_1948,bc9
bc9_1949,bc9
bc9_1950,bc9
bc9_1951,bc9
bc9_1952,bc9
bc9_1953,bc9
bc9_1954,bc9
bc9_1955,bc9
bc9_1956,bc9
bc9_1957,bc9
bc9_1958,bc9
bc9_1959,bc9
bc9_1960,bc9
bc9_1961,bc9
bc9_1962,bc9
bc9_1963,bc9
bc9_1964,bc9
bc9_1965,bc9
bc9_1966,bc9
bc9_1967,bc9
bc9_1968,bc9
bc9_1969,bc9
bc9_1970,bc9
bc9_1971,bc9
bc9_1972,bc9
bc9_1973,bc9
bc9_1974,bc9
bc9_1975,bc9
bc9_1976,bc9
bc9_1977,bc9
bc9_1978,bc9
bc9_1979,bc9
bc9_1980,bc9
bc9_1981,bc9
bc9_1982,bc9
bc9_1983,bc9
bc9_1984,bc9
bc9_1985,bc9
bc9_1986,bc9
bc9_1987,bc9
bc9_1988,bc9
bc9_1989,bc9
bc9_1990,bc9
bc9_1991,bc9
bc9_1992,bc9
bc9_1993,bc9
bc9_1994,bc9
bc9_1995,bc9
bc9_1996,bc9
bc9_1997,bc9
bc9_1998,bc9
bc9_1999,bc9
bc9_2000,bc9
bc10_1,bc10
bc10_2,bc10
bc10_3,bc10
bc10_4,bc10
bc10_5,bc10
bc10_6,bc10
bc10_7,bc10
bc10_8,bc10
bc10_9,bc10
bc10_10,bc10
bc10_11,bc10
bc10_12,bc10
bc10_13,bc10
bc10_14,bc10
bc10_15,bc10
bc10_16,bc10
bc10_17,bc10
bc10_18,bc10
bc10_19,bc10
bc10_20,bc10
bc10_21,bc10
bc10_22,bc10
bc10_23,bc10
bc10_24,bc10
bc10_25,bc10
bc10_26,bc10
bc10_27,bc10
bc10_28,bc10
bc10_29,bc10
bc10_30,bc10
bc10_31,bc10
bc10_32,bc10
bc10_33,bc10
bc10_34,bc10
bc10_35,bc10
bc10_36,bc10
bc10_37,bc10
bc10_38,bc10
bc10_39,bc10
bc10_40,bc10
bc10_41,bc10
bc10_42,bc10
bc10_43,bc10
bc10_44,bc10
bc10_45,bc10
bc10_46,bc10
bc10_47,bc10
bc10_48,bc10
bc10_49,bc10
bc10_50,bc10
bc10_51,bc10
bc10_52,bc10
bc10_53,bc10
bc10_54,bc10
bc10_55,bc10
bc10_56,bc10
bc10_57,bc10
bc10_58,bc10
bc10_59,bc10
bc10_60,bc10
bc10_61,bc10
bc10_62,bc10
bc10_63,bc10
bc10_64,bc10
bc10_65,bc10
bc10_66,bc10
bc10_67,bc10
bc10_68,bc10
bc10_69,bc10
bc10_70,bc10
bc10_71,bc10
bc10_72,bc10
bc10_73,bc10
bc10_74,bc10
bc10_75,bc10
bc10_76,bc10
bc10_77,bc10
bc10_78,bc10
bc10_79,bc10
bc10_80,bc10
bc10_81,bc10
bc10_82,bc10
bc10_83,bc10
bc10_84,bc10
bc10_85,bc10
bc10_86,bc10
bc10_87,bc10
bc10_88,bc10
bc10_89,bc10
bc10_90,bc10
bc10_91,bc10
bc10_92,bc10
bc10_93,bc10
bc10_94,bc10
bc10_95,bc10
bc10_96,bc10
bc10_97,bc10
bc10_98,bc10
bc10_99,bc10
bc10_100,bc10
bc10_101,bc10
bc10_102,bc10
bc10_103,bc10
bc10_104,bc10
bc10_105,bc10
bc10_106,bc10
bc10_107,bc10
bc10_108,bc10
bc10_109,bc10
bc10_110,bc10
bc10_111,bc10
bc10_112,bc10
bc10_113,bc10
bc10_114,bc10
bc10_115,bc10
bc10_116,bc10
bc10_117,bc10
bc10_118,bc10
bc10_119,bc10
bc10_120,bc10
bc10_121,bc10
bc10_122,bc10
bc10_123,bc10
bc10_124,bc10
bc10_125,bc10
bc10_126,bc10
bc10_127,bc10
bc10_128,bc10
bc10_129,bc10
bc10_130,bc10
bc10_131,bc10
bc10_132,bc10
bc10_133,bc10
bc10_134,bc10
bc10_135,bc10
bc10_136,bc10
bc10_137,bc10
bc10_138,bc10
bc10_139,bc10
bc10_140,bc10
bc10_141,bc10
bc10_142,bc10
bc10_143,bc10
bc10_144,bc10
bc10_145,bc10
bc10_146,bc10
bc10_147,bc10
bc10_148,bc10
bc10_149,bc10
bc10_150,bc10
bc10_151,bc10
bc10_152,bc10
bc10_153,bc10
bc10_154,bc10
bc10_155,bc10
bc10_156,bc10
bc10_157,bc10
bc10_158,bc10
bc10_159,bc10
bc10_160,bc10
bc10_161,bc10
bc10_162,bc10
bc10_163,bc10
bc10_164,bc10
bc10_165,bc10
bc10_166,bc10
bc10_167,bc10
bc10_168,bc10
bc10_169,bc10
bc10_170,bc10
bc10_171,bc10
bc10_172,bc10
bc10_173,bc10
bc10_174,bc10
bc10_175,bc10
bc10_176,bc10
bc10_177,bc10
bc10_178,bc10
bc10_179,bc10
bc10_180,bc10
bc10_181,bc10
bc10_182,bc10
bc10_183,bc10
bc10_184,bc10
bc10_185,bc10
bc10_186,bc10
bc10_187,bc10
bc10_188,bc10
bc10_189,bc10
bc10_190,bc10
bc10_191,bc10
bc10_192,bc10
bc10_193,bc10
bc10_194,bc10
bc10_195,bc10
bc10_196,bc10
bc10_197,bc10
bc10_198,bc10
bc10_199,bc10
bc10_200,bc10
bc10_201,bc10
bc10_202,bc10
bc10_203,bc10
bc10_204,bc10
bc10_205,bc10
bc10_206,bc10
bc10_207,bc10
bc10_208,bc10
bc10_209,bc10
bc10_210,bc10
bc10_211,bc10
bc10_212,bc10
bc10_213,bc10
bc10_214,bc10
bc10_215,bc10
bc10_216,bc10
bc10_217,bc10
bc10_218,bc10
bc10_219,bc10
bc10_220,bc10
bc10_221,bc10
bc10_222,bc10
bc10_223,bc10
bc10_224,bc10
bc10_225,bc10
bc10_226,bc10
bc10_227,bc10
bc10_228,bc10
bc10_229,bc10
bc10_230,bc10
bc10_231,bc10
bc10_232,bc10
bc10_233,bc10
bc10_234,bc10
bc10_235,bc10
bc10_236,bc10
bc10_237,bc10
bc10_238,bc10
bc10_239,bc10
bc10_240,bc10
bc10_241,bc10
bc10_242,bc10
bc10_243,bc10
bc10_244,bc10
bc10_245,bc10
bc10_246,bc10
bc10_247,bc10
bc10_248,bc10
bc10_249,bc10
bc10_250,bc10
bc10_251,bc10
bc10_252,bc10
bc10_253,bc10
bc10_254,bc10
bc10_255,bc10
bc10_256,bc10
bc10_257,bc10
bc10_258,bc10
bc10_259,bc10
bc10_260,bc10
bc10_261,bc10
bc10_262,bc10
bc10_263,bc10
bc10_264,bc10
bc10_265,bc10
bc10_266,bc10
bc10_267,bc10
bc10_268,bc10
bc10_269,bc10
bc10_270,bc10
bc10_271,bc10
bc10_272,bc10
bc10_273,bc10
bc10_274,bc10
bc10_275,bc10
bc10_276,bc10
bc10_277,bc10
bc10_278,bc10
bc10_279,bc10
bc10_280,bc10
bc10_281,bc10
bc10_282,bc10
bc10_283,bc10
bc10_284,bc10
bc10_285,bc10
bc10_286,bc10
bc10_287,bc10
bc10_288,bc10
bc10_289,bc10
bc10_290,bc10
bc10_291,bc10
bc10_292,bc10
bc10_293,bc10
bc10_294,bc10
bc10_295,bc10
bc10_296,bc10
bc10_297,bc10
bc10_298,bc10
bc10_299,bc10
bc10_300,bc10
bc10_301,bc10
bc10_302,bc10
bc10_303,bc10
bc10_304,bc10
bc10_305,bc10
bc10_306,bc10
bc10_307,bc10
bc10_308,bc10
bc10_309,bc10
bc10_310,bc10
bc10_311,bc10
bc10_312,bc10
bc10_313,bc10
bc10_314,bc10
bc10_315,bc10
bc10_316,bc10
bc10_317,bc10
bc10_318,bc10
bc10_319,bc10
bc10_320,bc10
bc10_321,bc10
bc10_322,bc10
bc10_323,bc10
bc10_324,bc10
bc10_325,bc10
bc10_326,bc10
bc10_327,bc10
bc10_328,bc10
bc10_329,bc10
bc10_330,bc10
bc10_331,bc10
bc10_332,bc10
bc10_333,bc10
bc10_334,bc10
bc10_335,bc10
bc10_336,bc10
bc10_337,bc10
bc10_338,bc10
bc10_339,bc10
bc10_340,bc10
bc10_341,bc10
bc10_342,bc10
bc10_343,bc10
bc10_344,bc10
bc10_345,bc10
bc10_346,bc10
bc10_347,bc10
bc10_348,bc10
bc10_349,bc10
bc10_350,bc10
bc10_351,bc10
bc10_352,bc10
bc10_353,bc10
bc10_354,bc10
bc10_355,bc10
bc10_356,bc10
bc10_357,bc10
bc10_358,bc10
bc10_359,bc10
bc10_360,bc10
bc10_361,bc10
bc10_362,bc10
bc10_363,bc10
bc10_364,bc10
bc10_365,bc10
bc10_366,bc10
bc10_367,bc10
bc10_368,bc10
bc10_369,bc10
bc10_370,bc10
bc10_371,bc10
bc10_372,bc10
bc10_373,bc10
bc10_374,bc10
bc10_375,bc10
bc10_376,bc10
bc10_377,bc10
bc10_378,bc10
bc10_379,bc10
bc10_380,bc10
bc10_381,bc10
bc10_382,bc10
bc10_383,bc10
bc10_384,bc10
bc10_385,bc10
bc10_386,bc10
bc10_387,bc10
bc10_388,bc10
bc10_389,bc10
bc10_390,bc10
bc10_391,bc10
bc10_392,bc10
bc10_393,bc10
bc10_394,bc10
bc10_395,bc10
bc10_396,bc10
bc10_397,bc10
bc10_398,bc10
bc10_399,bc10
bc10_400,bc10
bc10_401,bc10
bc10_402,bc10
bc10_403,bc10
bc10_404,bc10
bc10_405,bc10
bc10_406,bc10
bc10_407,bc10
bc10_408,bc10
bc10_409,bc10
bc10_410,bc10
bc10_411,bc10
bc10_412,bc10
bc10_413,bc10
bc10_414,bc10
bc10_415,bc10
bc10_416,bc10
bc10_417,bc10
bc10_418,bc10
bc10_419,bc10
bc10_420,bc10
bc10_421,bc10
bc10_422,bc10
bc10_423,bc10
bc10_424,bc10
bc10_425,bc10
bc10_426,bc10
bc10_427,bc10
bc10_428,bc10
bc10_429,bc10
bc10_430,bc10
bc10_431,bc10
bc10_432,bc10
bc10_433,bc10
bc10_434,bc10
bc10_435,bc10
bc10_436,bc10
bc10_437,bc10
bc10_438,bc10
bc10_439,bc10
bc10_440,bc10
bc10_441,bc10
bc10_442,bc10
bc10_443,bc10
bc10_444,bc10
bc10_445,bc10
bc10_446,bc10
bc10_447,bc10
bc10_448,bc10
bc10_449,bc10
bc10_450,bc10
bc10_451,bc10
bc10_452,bc10
bc10_453,bc10
bc10_454,bc10
bc10_455,bc10
bc10_456,bc10
bc10_457,bc10
bc10_458,bc10
bc10_459,bc10
bc10_460,bc10
bc10_461,bc10
bc10_462,bc10
bc10_463,bc10
bc10_464,bc10
bc10_465,bc10
bc10_466,bc10
bc10_467,bc10
bc10_468,bc10
bc10_469,bc10
bc10_470,bc10
bc10_471,bc10
bc10_472,bc10
bc10_473,bc10
bc10_474,bc10
bc10_475,bc10
bc10_476,bc10
bc10_477,bc10
bc10_478,bc10
bc10_479,bc10
bc10_480,bc10
bc10_481,bc10
bc10_482,bc10
bc10_483,bc10
bc10_484,bc10
bc10_485,bc10
bc10_486,bc10
bc10_487,bc10
bc10_488,bc10
bc10_489,bc10
bc10_490,bc10
bc10_491,bc10
bc10_492,bc10
bc10_493,bc10
bc10_494,bc10
bc10_495,bc10
bc10_496,bc10
bc10_497,bc10
bc10_498,bc10
bc10_499,bc10
bc10_500,bc10
bc10_501,bc10
bc10_502,bc10
bc10_503,bc10
bc10_504,bc10
bc10_505,bc10
bc10_506,bc10
bc10_507,bc10
bc10_508,bc10
bc10_509,bc10
bc10_510,bc10
bc10_511,bc10
bc10_512,bc10
bc10_513,bc10
bc10_514,bc10
bc10_515,bc10
bc10_516,bc10
bc10_517,bc10
bc10_518,bc10
bc10_519,bc10
bc10_520,bc10
bc10_521,bc10
bc10_522,bc10
bc10_523,bc10
bc10_524,bc10
bc10_525,bc10
bc10_526,bc10
bc10_527,bc10
bc10_528,bc10
bc10_529,bc10
bc10_530,bc10
bc10_531,bc10
bc10_532,bc10
bc10_533,bc10
bc10_534,bc10
bc10_535,bc10
bc10_536,bc10
bc10_537,bc10
bc10_538,bc10
bc10_539,bc10
bc10_540,bc10
bc10_541,bc10
bc10_542,bc10
bc10_543,bc10
bc10_544,bc10
bc10_545,bc10
bc10_546,bc10
bc10_547,bc10
bc10_548,bc10
bc10_549,bc10
bc10_550,bc10
bc10_551,bc10
bc10_552,bc10
bc10_553,bc10
bc10_554,bc10
bc10_555,bc10
bc10_556,bc10
bc10_557,bc10
bc10_558,bc10
bc10_559,bc10
bc10_560,bc10
bc10_561,bc10
bc10_562,bc10
bc10_563,bc10
bc10_564,bc10
bc10_565,bc10
bc10_566,bc10
bc10_567,bc10
bc10_568,bc10
bc10_569,bc10
bc10_570,bc10
bc10_571,bc10
bc10_572,bc10
bc10_573,bc10
bc10_574,bc10
bc10_575,bc10
bc10_576,bc10
bc10_577,bc10
bc10_578,bc10
bc10_579,bc10
bc10_580,bc10
bc10_581,bc10
bc10_582,bc10
bc10_583,bc10
bc10_584,bc10
bc10_585,bc10
bc10_586,bc10
bc10_587,bc10
bc10_588,bc10
bc10_589,bc10
bc10_590,bc10
bc10_591,bc10
bc10_592,bc10
bc10_593,bc10
bc10_594,bc10
bc10_595,bc10
bc10_596,bc10
bc10_597,bc10
bc10_598,bc10
bc10_599,bc10
bc10_600,bc10
bc10_601,bc10
bc10_602,bc10
bc10_603,bc10
bc10_604,bc10
bc10_605,bc10
bc10_606,bc10
bc10_607,bc10
bc10_608,bc10
bc10_609,bc10
bc10_610,bc10
bc10_611,bc10
bc10_612,bc10
bc10_613,bc10
bc10_614,bc10
bc10_615,bc10
bc10_616,bc10
bc10_617,bc10
bc10_618,bc10
bc10_619,bc10
bc10_620,bc10
bc10_621,bc10
bc10_622,bc10
bc10_623,bc10
bc10_624,bc10
bc10_625,bc10
bc10_626,bc10
bc10_627,bc10
bc10_628,bc10
bc10_629,bc10
bc10_630,bc10
bc10_631,bc10
bc10_632,bc10
bc10_633,bc10
bc10_634,bc10
bc10_635,bc10
bc10_636,bc10
bc10_637,bc10
bc10_638,bc10
bc10_639,bc10
bc10_640,bc10
bc10_641,bc10
bc10_642,bc10
bc10_643,bc10
bc10_644,bc10
bc10_645,bc10
bc10_646,bc10
bc10_647,bc10
bc10_648,bc10
bc10_649,bc10
bc10_650,bc10
bc10_651,bc10
bc10_652,bc10
bc10_653,bc10
bc10_654,bc10
bc10_655,bc10
bc10_656,bc10
bc10_657,bc10
bc10_658,bc10
bc10_659,bc10
bc10_660,bc10
bc10_661,bc10
bc10_662,bc10
bc10_663,bc10
bc10_664,bc10
bc10_665,bc10
bc10_666,bc10
bc10_667,bc10
bc10_668,bc10
bc10_669,bc10
bc10_670,bc10
bc10_671,bc10
bc10_672,bc10
bc10_673,bc10
bc10_674,bc10
bc10_675,bc10
bc10_676,bc10
bc10_677,bc10
bc10_678,bc10
bc10_679,bc10
bc10_680,bc10
bc10_681,bc10
bc10_682,bc10
bc10_683,bc10
bc10_684,bc10
bc10_685,bc10
bc10_686,bc10
bc10_687,bc10
bc10_688,bc10
bc10_689,bc10
bc10_690,bc10
bc10_691,bc10
bc10_692,bc10
bc10_693,bc10
bc10_694,bc10
bc10_695,bc10
bc10_696,bc10
bc10_697,bc10
bc10_698,bc10
bc10_699,bc10
bc10_700,bc10
bc10_701,bc10
bc10_702,bc10
bc10_703,bc10
bc10_704,bc10
bc10_705,bc10
bc10_706,bc10
bc10_707,bc10
bc10_708,bc10
bc10_709,bc10
bc10_710,bc10
bc10_711,bc10
bc10_712,bc10
bc10_713,bc10
bc10_714,bc10
bc10_715,bc10
bc10_716,bc10
bc10_717,bc10
bc10_718,bc10
bc10_719,bc10
bc10_720,bc10
bc10_721,bc10
bc10_722,bc10
bc10_723,bc10
bc10_724,bc10
bc10_725,bc10
bc10_726,bc10
bc10_727,bc10
bc10_728,bc10
bc10_729,bc10
bc10_730,bc10
bc10_731,bc10
bc10_732,bc10
bc10_733,bc10
bc10_734,bc10
bc10_735,bc10
bc10_736,bc10
bc10_737,bc10
bc10_738,bc10
bc10_739,bc10
bc10_740,bc10
bc10_741,bc10
bc10_742,bc10
bc10_743,bc10
bc10_744,bc10
bc10_745,bc10
bc10_746,bc10
bc10_747,bc10
bc10_748,bc10
bc10_749,bc10
bc10_750,bc10
bc10_751,bc10
bc10_752,bc10
bc10_753,bc10
bc10_754,bc10
bc10_755,bc10
bc10_756,bc10
bc10_757,bc10
bc10_758,bc10
bc10_759,bc10
bc10_760,bc10
bc10_761,bc10
bc10_762,bc10
bc10_763,bc10
bc10_764,bc10
bc10_765,bc10
bc10_766,bc10
bc10_767,bc10
bc10_768,bc10
bc10_769,bc10
bc10_770,bc10
bc10_771,bc10
bc10_772,bc10
bc10_773,bc10
bc10_774,bc10
bc10_775,bc10
bc10_776,bc10
bc10_777,bc10
bc10_778,bc10
bc10_779,bc10
bc10_780,bc10
bc10_781,bc10
bc10_782,bc10
bc10_783,bc10
bc10_784,bc10
bc10_785,bc10
bc10_786,bc10
bc10_787,bc10
bc10_788,bc10
bc10_789,bc10
bc10_790,bc10
bc10_791,bc10
bc10_792,bc10
bc10_793,bc10
bc10_794,bc10
bc10_795,bc10
bc10_796,bc10
bc10_797,bc10
bc10_798,bc10
bc10_799,bc10
bc10_800,bc10
bc10_801,bc10
bc10_802,bc10
bc10_803,bc10
bc10_804,bc10
bc10_805,bc10
bc10_806,bc10
bc10_807,bc10
bc10_808,bc10
bc10_809,bc10
bc10_810,bc10
bc10_811,bc10
bc10_812,bc10
bc10_813,bc10
bc10_814,bc10
bc10_815,bc10
bc10_816,bc10
bc10_817,bc10
bc10_818,bc10
bc10_819,bc10
bc10_820,bc10
bc10_821,bc10
bc10_822,bc10
bc10_823,bc10
bc10_824,bc10
bc10_825,bc10
bc10_826,bc10
bc10_827,bc10
bc10_828,bc10
bc10_829,bc10
bc10_830,bc10
bc10_831,bc10
bc10_832,bc10
bc10_833,bc10
bc10_834,bc10
bc10_835,bc10
bc10_836,bc10
bc10_837,bc10
bc10_838,bc10
bc10_839,bc10
bc10_840,bc10
bc10_841,bc10
bc10_842,bc10
bc10_843,bc10
bc10_844,bc10
bc10_845,bc10
bc10_846,bc10
bc10_847,bc10
bc10_848,bc10
bc10_849,bc10
bc10_850,bc10
bc10_851,bc10
bc10_852,bc10
bc10_853,bc10
bc10_854,bc10
bc10_855,bc10
bc10_856,bc10
bc10_857,bc10
bc10_858,bc10
bc10_859,bc10
bc10_860,bc10
bc10_861,bc10
bc10_862,bc10
bc10_863,bc10
bc10_864,bc10
bc10_865,bc10
bc10_866,bc10
bc10_867,bc10
bc10_868,bc10
bc10_869,bc10
bc10_870,bc10
bc10_871,bc10
bc10_872,bc10
bc10_873,bc10
bc10_874,bc10
bc10_875,bc10
bc10_876,bc10
bc10_877,bc10
bc10_878,bc10
bc10_879,bc10
bc10_880,bc10
bc10_881,bc10
bc10_882,bc10
bc10_883,bc10
bc10_884,bc10
bc10_885,bc10
bc10_886,bc10
bc10_887,bc10
bc10_888,bc10
bc10_889,bc10
bc10_890,bc10
bc10_891,bc10
bc10_892,bc10
bc10_893,bc10
bc10_894,bc10
bc10_895,bc10
bc10_896,bc10
bc10_897,bc10
bc10_898,bc10
bc10_899,bc10
bc10_900,bc10
bc10_901,bc10
bc10_902,bc10
bc10_903,bc10
bc10_904,bc10
bc10_905,bc10
bc10_906,bc10
bc10_907,bc10
bc10_908,bc10
bc10_909,bc10
bc10_910,bc10
bc10_911,bc10
bc10_912,bc10
bc10_913,bc10
bc10_914,bc10
bc10_915,bc10
bc10_916,bc10
bc10_917,bc10
bc10_918,bc10
bc10_919,bc10
bc10_920,bc10
bc10_921,bc10
bc10_922,bc10
bc10_923,bc10
bc10_924,bc10
bc10_925,bc10
bc10_926,bc10
bc10_927,bc10
bc10_928,bc10
bc10_929,bc10
bc10_930,bc10
bc10_931,bc10
bc10_932,bc10
bc10_933,bc10
bc10_934,bc10
bc10_935,bc10
bc10_936,bc10
bc10_937,bc10
bc10_938,bc10
bc10_939,bc10
bc10_940,bc10
bc10_941,bc10
bc10_942,bc10
bc10_943,bc10
bc10_944,bc10
bc10_945,bc10
bc10_946,bc10
bc10_947,bc10
bc10_948,bc10
bc10_949,bc10
bc10_950,bc10
bc10_951,bc10
bc10_952,bc10
bc10_953,bc10
bc10_954,bc10
bc10_955,bc10
bc10_956,bc10
bc10_957,bc10
bc10_958,bc10
bc10_959,bc10
bc10_960,bc10
bc10_961,bc10
bc10_962,bc10
bc10_963,bc10
bc10_964,bc10
bc10_965,bc10
bc10_966,bc10
bc10_967,bc10
bc10_968,bc10
bc10_969,bc10
bc10_970,bc10
bc10_971,bc10
bc10_972,bc10
bc10_973,bc10
bc10_974,bc10
bc10_975,bc10
bc10_976,bc10
bc10_977,bc10
bc10_978,bc10
bc10_979,bc10
bc10_980,bc10
bc10_981,bc10
bc10_982,bc10
bc10_983,bc10
bc10_984,bc10
bc10_985,bc10
bc10_986,bc10
bc10_987,bc10
bc10_988,bc10
bc10_989,bc10
bc10_990,bc10
bc10_991,bc10
bc10_992,bc10
bc10_993,bc10
bc10_994,bc10
bc10_995,bc10
bc10_996,bc10
bc10_997,bc10
bc10_998,bc10
bc10_999,bc10
bc10_1000,bc10
bc10_1001,bc10
bc10_1002,bc10
bc10_1003,bc10
bc10_1004,bc10
bc10_1005,bc10
bc10_1006,bc10
bc10_1007,bc10
bc10_1008,bc10
bc10_1009,bc10
bc10_1010,bc10
bc10_1011,bc10
bc10_1012,bc10
bc10_1013,bc10
bc10_1014,bc10
bc10_1015,bc10
bc10_1016,bc10
bc10_1017,bc10
bc10_1018,bc10
bc10_1019,bc10
bc10_1020,bc10
bc10_1021,bc10
bc10_1022,bc10
bc10_1023,bc10
bc10_1024,bc10
bc10_1025,bc10
bc10_1026,bc10
bc10_1027,bc10
bc10_1028,bc10
bc10_1029,bc10
bc10_1030,bc10
bc10_1031,bc10
bc10_1032,bc10
bc10_1033,bc10
bc10_1034,bc10
bc10_1035,bc10
bc10_1036,bc10
bc10_1037,bc10
bc10_1038,bc10
bc10_1039,bc10
bc10_1040,bc10
bc10_1041,bc10
bc10_1042,bc10
bc10_1043,bc10
bc10_1044,bc10
bc10_1045,bc10
bc10_1046,bc10
bc10_1047,bc10
bc10_1048,bc10
bc10_1049,bc10
bc10_1050,bc10
bc10_1051,bc10
bc10_1052,bc10
bc10_1053,bc10
bc10_1054,bc10
bc10_1055,bc10
bc10_1056,bc10
bc10_1057,bc10
bc10_1058,bc10
bc10_1059,bc10
bc10_1060,bc10
bc10_1061,bc10
bc10_1062,bc10
bc10_1063,bc10
bc10_1064,bc10
bc10_1065,bc10
bc10_1066,bc10
bc10_1067,bc10
bc10_1068,bc10
bc10_1069,bc10
bc10_1070,bc10
bc10_1071,bc10
bc10_1072,bc10
bc10_1073,bc10
bc10_1074,bc10
bc10_1075,bc10
bc10_1076,bc10
bc10_1077,bc10
bc10_1078,bc10
bc10_1079,bc10
bc10_1080,bc10
bc10_1081,bc10
bc10_1082,bc10
bc10_1083,bc10
bc10_1084,bc10
bc10_1085,bc10
bc10_1086,bc10
bc10_1087,bc10
bc10_1088,bc10
bc10_1089,bc10
bc10_1090,bc10
bc10_1091,bc10
bc10_1092,bc10
bc10_1093,bc10
bc10_1094,bc10
bc10_1095,bc10
bc10_1096,bc10
bc10_1097,bc10
bc10_1098,bc10
bc10_1099,bc10
bc10_1100,bc10
bc10_1101,bc10
bc10_1102,bc10
bc10_1103,bc10
bc10_1104,bc10
bc10_1105,bc10
bc10_1106,bc10
bc10_1107,bc10
bc10_1108,bc10
bc10_1109,bc10
bc10_1110,bc10
bc10_1111,bc10
bc10_1112,bc10
bc10_1113,bc10
bc10_1114,bc10
bc10_1115,bc10
bc10_1116,bc10
bc10_1117,bc10
bc10_1118,bc10
bc10_1119,bc10
bc10_1120,bc10
bc10_1121,bc10
bc10_1122,bc10
bc10_1123,bc10
bc10_1124,bc10
bc10_1125,bc10
bc10_1126,bc10
bc10_1127,bc10
bc10_1128,bc10
bc10_1129,bc10
bc10_1130,bc10
bc10_1131,bc10
bc10_1132,bc10
bc10_1133,bc10
bc10_1134,bc10
bc10_1135,bc10
bc10_1136,bc10
bc10_1137,bc10
bc10_1138,bc10
bc10_1139,bc10
bc10_1140,bc10
bc10_1141,bc10
bc10_1142,bc10
bc10_1143,bc10
bc10_1144,bc10
bc10_1145,bc10
bc10_1146,bc10
bc10_1147,bc10
bc10_1148,bc10
bc10_1149,bc10
bc10_1150,bc10
bc10_1151,bc10
bc10_1152,bc10
bc10_1153,bc10
bc10_1154,bc10
bc10_1155,bc10
bc10_1156,bc10
bc10_1157,bc10
bc10_1158,bc10
bc10_1159,bc10
bc10_1160,bc10
bc10_1161,bc10
bc10_1162,bc10
bc10_1163,bc10
bc10_1164,bc10
bc10_1165,bc10
bc10_1166,bc10
bc10_1167,bc10
bc10_1168,bc10
bc10_1169,bc10
bc10_1170,bc10
bc10_1171,bc10
bc10_1172,bc10
bc10_1173,bc10
bc10_1174,bc10
bc10_1175,bc10
bc10_1176,bc10
bc10_1177,bc10
bc10_1178,bc10
bc10_1179,bc10
bc10_1180,bc10
bc10_1181,bc10
bc10_1182,bc10
bc10_1183,bc10
bc10_1184,bc10
bc10_1185,bc10
bc10_1186,bc10
bc10_1187,bc10
bc10_1188,bc10
bc10_1189,bc10
bc10_1190,bc10
bc10_1191,bc10
bc10_1192,bc10
bc10_1193,bc10
bc10_1194,bc10
bc10_1195,bc10
bc10_1196,bc10
bc10_1197,bc10
bc10_1198,bc10
bc10_1199,bc10
bc10_1200,bc10
bc10_1201,bc10
bc10_1202,bc10
bc10_1203,bc10
bc10_1204,bc10
bc10_1205,bc10
bc10_1206,bc10
bc10_1207,bc10
bc10_1208,bc10
bc10_1209,bc10
bc10_1210,bc10
bc10_1211,bc10
bc10_1212,bc10
bc10_1213,bc10
bc10_1214,bc10
bc10_1215,bc10
bc10_1216,bc10
bc10_1217,bc10
bc10_1218,bc10
bc10_1219,bc10
bc10_1220,bc10
bc10_1221,bc10
bc10_1222,bc10
bc10_1223,bc10
bc10_1224,bc10
bc10_1225,bc10
bc10_1226,bc10
bc10_1227,bc10
bc10_1228,bc10
bc10_1229,bc10
bc10_1230,bc10
bc10_1231,bc10
bc10_1232,bc10
bc10_1233,bc10
bc10_1234,bc10
bc10_1235,bc10
bc10_1236,bc10
bc10_1237,bc10
bc10_1238,bc10
bc10_1239,bc10
bc10_1240,bc10
bc10_1241,bc10
bc10_1242,bc10
bc10_1243,bc10
bc10_1244,bc10
bc10_1245,bc10
bc10_1246,bc10
bc10_1247,bc10
bc10_1248,bc10
bc10_1249,bc10
bc10_1250,bc10
bc10_1251,bc10
bc10_1252,bc10
bc10_1253,bc10
bc10_1254,bc10
bc10_1255,bc10
bc10_1256,bc10
bc10_1257,bc10
bc10_1258,bc10
bc10_1259,bc10
bc10_1260,bc10
bc10_1261,bc10
bc10_1262,bc10
bc10_1263,bc10
bc10_1264,bc10
bc10_1265,bc10
bc10_1266,bc10
bc10_1267,bc10
bc10_1268,bc10
bc10_1269,bc10
bc10_1270,bc10
bc10_1271,bc10
bc10_1272,bc10
bc10_1273,bc10
bc10_1274,bc10
bc10_1275,bc10
bc10_1276,bc10
bc10_1277,bc10
bc10_1278,bc10
bc10_1279,bc10
bc10_1280,bc10
bc10_1281,bc10
bc10_1282,bc10
bc10_1283,bc10
bc10_1284,bc10
bc10_1285,bc10
bc10_1286,bc10
bc10_1287,bc10
bc10_1288,bc10
bc10_1289,bc10
bc10_1290,bc10
bc10_1291,bc10
bc10_1292,bc10
bc10_1293,bc10
bc10_1294,bc10
bc10_1295,bc10
bc10_1296,bc10
bc10_1297,bc10
bc10_1298,bc10
bc10_1299,bc10
bc10_1300,bc10
bc10_1301,bc10
bc10_1302,bc10
bc10_1303,bc10
bc10_1304,bc10
bc10_1305,bc10
bc10_1306,bc10
bc10_1307,bc10
bc10_1308,bc10
bc10_1309,bc10
bc10_1310,bc10
bc10_1311,bc10
bc10_1312,bc10
bc10_1313,bc10
bc10_1314,bc10
bc10_1315,bc10
bc10_1316,bc10
bc10_1317,bc10
bc10_1318,bc10
bc10_1319,bc10
bc10_1320,bc10
bc10_1321,bc10
bc10_1322,bc10
bc10_1323,bc10
bc10_1324,bc10
bc10_1325,bc10
bc10_1326,bc10
bc10_1327,bc10
bc10_1328,bc10
bc10_1329,bc10
bc10_1330,bc10
bc10_1331,bc10
bc10_1332,bc10
bc10_1333,bc10
bc10_1334,bc10
bc10_1335,bc10
bc10_1336,bc10
bc10_1337,bc10
bc10_1338,bc10
bc10_1339,bc10
bc10_1340,bc10
bc10_1341,bc10
bc10_1342,bc10
bc10_1343,bc10
bc10_1344,bc10
bc10_1345,bc10
bc10_1346,bc10
bc10_1347,bc10
bc10_1348,bc10
bc10_1349,bc10
bc10_1350,bc10
bc10_1351,bc10
bc10_1352,bc10
bc10_1353,bc10
bc10_1354,bc10
bc10_1355,bc10
bc10_1356,bc10
bc10_1357,bc10
bc10_1358,bc10
bc10_1359,bc10
bc10_1360,bc10
bc10_1361,bc10
bc10_1362,bc10
bc10_1363,bc10
bc10_1364,bc10
bc10_1365,bc10
bc10_1366,bc10
bc10_1367,bc10
bc10_1368,bc10
bc10_1369,bc10
bc10_1370,bc10
bc10_1371,bc10
bc10_1372,bc10
bc10_1373,bc10
bc10_1374,bc10
bc10_1375,bc10
bc10_1376,bc10
bc10_1377,bc10
bc10_1378,bc10
bc10_1379,bc10
bc10_1380,bc10
bc10_1381,bc10
bc10_1382,bc10
bc10_1383,bc10
bc10_1384,bc10
bc10_1385,bc10
bc10_1386,bc10
bc10_1387,bc10
bc10_1388,bc10
bc10_1389,bc10
bc10_1390,bc10
bc10_1391,bc10
bc10_1392,bc10
bc10_1393,bc10
bc10_1394,bc10
bc10_1395,bc10
bc10_1396,bc10
bc10_1397,bc10
bc10_1398,bc10
bc10_1399,bc10
bc10_1400,bc10
bc10_1401,bc10
bc10_1402,bc10
bc10_1403,bc10
bc10_1404,bc10
bc10_1405,bc10
bc10_1406,bc10
bc10_1407,bc10
bc10_1408,bc10
bc10_1409,bc10
bc10_1410,bc10
bc10_1411,bc10
bc10_1412,bc10
bc10_1413,bc10
bc10_1414,bc10
bc10_1415,bc10
bc10_1416,bc10
bc10_1417,bc10
bc10_1418,bc10
bc10_1419,bc10
bc10_1420,bc10
bc10_1421,bc10
bc10_1422,bc10
bc10_1423,bc10
bc10_1424,bc10
bc10_1425,bc10
bc10_1426,bc10
bc10_1427,bc10
bc10_1428,bc10
bc10_1429,bc10
bc10_1430,bc10
bc10_1431,bc10
bc10_1432,bc10
bc10_1433,bc10
bc10_1434,bc10
bc10_1435,bc10
bc10_1436,bc10
bc10_1437,bc10
bc10_1438,bc10
bc10_1439,bc10
bc10_1440,bc10
bc10_1441,bc10
bc10_1442,bc10
bc10_1443,bc10
bc10_1444,bc10
bc10_1445,bc10
bc10_1446,bc10
bc10_1447,bc10
bc10_1448,bc10
bc10_1449,bc10
bc10_1450,bc10
bc10_1451,bc10
bc10_1452,bc10
bc10_1453,bc10
bc10_1454,bc10
bc10_1455,bc10
bc10_1456,bc10
bc10_1457,bc10
bc10_1458,bc10
bc10_1459,bc10
bc10_1460,bc10
bc10_1461,bc10
bc10_1462,bc10
bc10_1463,bc10
bc10_1464,bc10
bc10_1465,bc10
bc10_1466,bc10
bc10_1467,bc10
bc10_1468,bc10
bc10_1469,bc10
bc10_1470,bc10
bc10_1471,bc10
bc10_1472,bc10
bc10_1473,bc10
bc10_1474,bc10
bc10_1475,bc10
bc10_1476,bc10
bc10_1477,bc10
bc10_1478,bc10
bc10_1479,bc10
bc10_1480,bc10
bc10_1481,bc10
bc10_1482,bc10
bc10_1483,bc10
bc10_1484,bc10
bc10_1485,bc10
bc10_1486,bc10
bc10_1487,bc10
bc10_1488,bc10
bc10_1489,bc10
bc10_1490,bc10
bc10_1491,bc10
bc10_1492,bc10
bc10_1493,bc10
bc10_1494,bc10
bc10_1495,bc10
bc10_1496,bc10
bc10_1497,bc10
bc10_1498,bc10
bc10_1499,bc10
bc10_1500,bc10
bc10_1501,bc10
bc10_1502,bc10
bc10_1503,bc10
bc10_1504,bc10
bc10_1505,bc10
bc10_1506,bc10
bc10_1507,bc10
bc10_1508,bc10
bc10_1509,bc10
bc10_1510,bc10
bc10_1511,bc10
bc10_1512,bc10
bc10_1513,bc10
bc10_1514,bc10
bc10_1515,bc10
bc10_1516,bc10
bc10_1517,bc10
bc10_1518,bc10
bc10_1519,bc10
bc10_1520,bc10
bc10_1521,bc10
bc10_1522,bc10
bc10_1523,bc10
bc10_1524,bc10
bc10_1525,bc10
bc10_1526,bc10
bc10_1527,bc10
bc10_1528,bc10
bc10_1529,bc10
bc10_1530,bc10
bc10_1531,bc10
bc10_1532,bc10
bc10_1533,bc10
bc10_1534,bc10
bc10_1535,bc10
bc10_1536,bc10
bc10_1537,bc10
bc10_1538,bc10
bc10_1539,bc10
bc10_1540,bc10
bc10_1541,bc10
bc10_1542,bc10
bc10_1543,bc10
bc10_1544,bc10
bc10_1545,bc10
bc10_1546,bc10
bc10_1547,bc10
bc10_1548,bc10
bc10_1549,bc10
bc10_1550,bc10
bc10_1551,bc10
bc10_1552,bc10
bc10_1553,bc10
bc10_1554,bc10
bc10_1555,bc10
bc10_1556,bc10
bc10_1557,bc10
bc10_1558,bc10
bc10_1559,bc10
bc10_1560,bc10
bc10_1561,bc10
bc10_1562,bc10
bc10_1563,bc10
bc10_1564,bc10
bc10_1565,bc10
bc10_1566,bc10
bc10_1567,bc10
bc10_1568,bc10
bc10_1569,bc10
bc10_1570,bc10
bc10_1571,bc10
bc10_1572,bc10
bc10_1573,bc10
bc10_1574,bc10
bc10_1575,bc10
bc10_1576,bc10
bc10_1577,bc10
bc10_1578,bc10
bc10_1579,bc10
bc10_1580,bc10
bc10_1581,bc10
bc10_1582,bc10
bc10_1583,bc10
bc10_1584,bc10
bc10_1585,bc10
bc10_1586,bc10
bc10_1587,bc10
bc10_1588,bc10
bc10_1589,bc10
bc10_1590,bc10
bc10_1591,bc10
bc10_1592,bc10
bc10_1593,bc10
bc10_1594,bc10
bc10_1595,bc10
bc10_1596,bc10
bc10_1597,bc10
bc10_1598,bc10
bc10_1599,bc10
bc10_1600,bc10
bc10_1601,bc10
bc10_1602,bc10
bc10_1603,bc10
bc10_1604,bc10
bc10_1605,bc10
bc10_1606,bc10
bc10_1607,bc10
bc10_1608,bc10
bc10_1609,bc10
bc10_1610,bc10
bc10_1611,bc10
bc10_1612,bc10
bc10_1613,bc10
bc10_1614,bc10
bc10_1615,bc10
bc10_1616,bc10
bc10_1617,bc10
bc10_1618,bc10
bc10_1619,bc10
bc10_1620,bc10
doublet_1|bc8_1396_bc9_670,Multiplet
doublet_2|bc8_1194_bc7_648,Multiplet
doublet_3|bc3_958_bc1_1106,Multiplet
doublet_4|bc4_14_bc3_497,Multiplet
doublet_5|bc10_337_bc1_988,Multiplet
doublet_6|bc8_846_bc2_256,Multiplet
doublet_7|bc6_17_bc9_56,Multiplet
doublet_8|bc6_690_bc7_773,Multiplet
doublet_9|bc7_28_bc6_539,Multiplet
doublet_10|bc10_452_bc5_610,Multiplet
doublet_11|bc10_512_bc2_294,Multiplet
doublet_12|bc2_42_bc2_171,bc2
doublet_13|bc1_768_bc8_566,Multiplet
doublet_14|bc3_755_bc6_745,Multiplet
doublet_15|bc8_358_bc6_136,Multiplet
doublet_16|bc8_392_bc10_1518,Multiplet
doublet_17|bc1_508_bc4_1534,Multiplet
doublet_18|bc9_869_bc6_1464,Multiplet
doublet_19|bc4_151_bc7_1245,Multiplet
doublet_20|bc6_522_bc3_743,bc6
doublet_21|bc8_665_bc10_1294,Multiplet
doublet_22|bc8_1126_bc9_721,Multiplet
doublet_23|bc6_209_bc3_570,Multiplet
doublet_24|bc8_847_bc3_141,Multiplet
doublet_25|bc8_1266_bc9_1841,Multiplet
doublet_26|bc4_1189_bc9_630,Multiplet
doublet_27|bc9_1056_bc9_939,bc9
doublet_28|bc6_1131_bc1_1134,Multiplet
doublet_29|bc6_1720_bc6_752,bc6
doublet_30|bc10_497_bc1_42,Multiplet
doublet_31|bc9_1200_bc9_298,bc9
doublet_32|bc4_1019_bc3_1374,Multiplet
doublet_33|bc7_238_bc4_641,Multiplet
doublet_34|bc2_601_bc9_1092,Multiplet
doublet_35|bc4_1683_bc9_1136,Multiplet
doublet_36|bc6_1094_bc1_1207,Multiplet
doublet_37|bc10_1280_bc6_1755,Multiplet
doublet_38|bc9_1674_bc1_804,bc1
doublet_39|bc4_1246_bc7_937,Multiplet
doublet_40|bc10_511_bc1_695,Multiplet
doublet_41|bc3_891_bc8_293,bc8
doublet_42|bc7_208_bc5_210,Multiplet
doublet_43|bc9_896_bc10_634,Multiplet
doublet_44|bc4_201_bc6_1690,Multiplet
doublet_45|bc5_562_bc7_105,Multiplet
doublet_46|bc8_35_bc8_806,bc8
doublet_47|bc4_683_bc10_270,Multiplet
doublet_48|bc9_819_bc8_1442,Multiplet
doublet_49|bc7_422_bc4_600,Multiplet
doublet_50|bc9_943_bc10_1157,Multiplet
doublet_51|bc10_414_bc9_612,Multiplet
doublet_52|bc7_813_bc4_1292,bc4
doublet_53|bc3_844_bc5_507,Multiplet
doublet_54|bc1_651_bc3_1114,Multiplet
doublet_55|bc10_188_bc9_1621,Multiplet
doublet_56|bc7_146_bc10_1477,Multiplet
doublet_57|bc4_1638_bc3_636,Multiplet
doublet_58|bc4_535_bc6_489,Multiplet
doublet_59|bc9_548_bc6_812,Multiplet
doublet_60|bc4_575_bc6_99,Multiplet
doublet_61|bc7_732_bc4_800,Multiplet
doublet_62|bc5_536_bc2_481,Multiplet
doublet_63|bc7_1646_bc7_1291,bc7
doublet_64|bc9_1693_bc4_1405,Multiplet
doublet_65|bc10_1368_bc2_597,Multiplet
doublet_66|bc1_1125_bc1_341,bc1
doublet_67|bc9_1062_bc6_536,Multiplet
doublet_68|bc1_501_bc4_883,Multiplet
doublet_69|bc1_855_bc10_1438,Multiplet
doublet_70|bc8_844_bc9_452,bc9
doublet_71|bc7_38_bc6_1639,Multiplet
doublet_72|bc4_1198_bc8_374,Multiplet
doublet_73|bc3_258_bc10_77,Multiplet
doublet_74|bc9_1186_bc9_1372,bc9
doublet_75|bc3_12_bc5_360,Multiplet
doublet_76|bc10_368_bc1_179,Multiplet
doublet_77|bc3_830_bc6_953,Multiplet
doublet_78|bc2_502_bc4_508,Multiplet
doublet_79|bc9_782_bc10_612,Multiplet
doublet_80|bc4_553_bc4_813,bc4
doublet_81|bc10_228_bc2_566,Multiplet
doublet_82|bc4_1527_bc4_955,bc4
doublet_83|bc7_550_bc1_585,Multiplet
doublet_84|bc8_395_bc2_253,bc8
doublet_85|bc4_1706_bc6_602,Multiplet
doublet_86|bc6_1388_bc9_497,Multiplet
doublet_87|bc10_29_bc9_1703,Multiplet
doublet_88|bc1_936_bc10_889,Multiplet
doublet_89|bc4_1663_bc9_1624,Multiplet
doublet_90|bc3_1340_bc3_682,bc3
doublet_91|bc6_311_bc1_1063,Multiplet
doublet_92|bc6_9_bc5_330,Multiplet
doublet_93|bc10_791_bc10_1302,bc10
doublet_94|bc6_314_bc4_1282,Multiplet
doublet_95|bc3_554_bc9_1059,Multiplet
doublet_96|bc6_957_bc8_948,Multiplet
doublet_97|bc10_79_bc3_1294,Multiplet
doublet_98|bc6_245_bc10_126,bc6
doublet_99|bc6_285_bc10_437,bc6
doublet_100|bc7_1211_bc8_617,Multiplet
doublet_101|bc4_544_bc9_575,Multiplet
doublet_102|bc1_455_bc4_418,Multiplet
doublet_103|bc4_1385_bc2_267,Multiplet
doublet_104|bc10_408_bc7_814,Multiplet
doublet_105|bc9_1192_bc3_548,Multiplet
doublet_106|bc7_245_bc6_1685,Multiplet
doublet_107|bc2_172_bc10_151,Multiplet
doublet_108|bc10_302_bc7_1052,Multiplet
doublet_109|bc6_430_bc9_1531,bc9
doublet_110|bc10_828_bc6_244,Multiplet
doublet_111|bc8_20_bc3_811,Multiplet
doublet_112|bc9_551_bc7_1620,Multiplet
doublet_113|bc3_113_bc8_1072,Multiplet
doublet_114|bc9_1923_bc10_797,Multiplet
doublet_115|bc6_620_bc6_839,bc6
doublet_116|bc4_1093_bc5_609,Multiplet
doublet_117|bc9_1899_bc1_889,Multiplet
doublet_118|bc7_470_bc10_1315,bc10
doublet_119|bc7_566_bc4_394,Multiplet
doublet_120|bc10_1535_bc4_900,Multiplet
doublet_121|bc4_1727_bc1_109,Multiplet
doublet_122|bc10_372_bc5_550,Multiplet
doublet_123|bc1_994_bc7_1556,Multiplet
doublet_124|bc9_957_bc1_552,Multiplet
doublet_125|bc6_1558_bc6_989,bc6
doublet_126|bc3_1103_bc5_30,Multiplet
doublet_127|bc1_801_bc6_30,Multiplet
doublet_128|bc6_531_bc9_34,Multiplet
doublet_129|bc9_489_bc8_700,Multiplet
doublet_130|bc2_31_bc8_816,Multiplet
doublet_131|bc6_640_bc8_160,bc6
doublet_132|bc2_637_bc4_568,Multiplet
doublet_133|bc10_282_bc5_111,Multiplet
doublet_134|bc6_936_bc6_1381,bc6
doublet_135|bc6_855_bc4_1531,Multiplet
doublet_136|bc3_953_bc7_1629,Multiplet
doublet_137|bc6_820_bc3_1297,Multiplet
doublet_138|bc8_317_bc9_1660,Multiplet
doublet_139|bc2_292_bc9_1528,bc9
doublet_140|bc10_1582_bc9_249,Multiplet
doublet_141|bc3_1142_bc6_10,Multiplet
doublet_142|bc6_586_bc2_281,Multiplet
doublet_143|bc3_612_bc9_195,Multiplet
doublet_144|bc6_934_bc4_1712,bc6
doublet_145|bc7_444_bc6_664,Multiplet
doublet_146|bc7_1452_bc6_857,Multiplet
doublet_147|bc1_464_bc7_1062,Multiplet
doublet_148|bc5_289_bc3_1392,Multiplet
doublet_149|bc6_403_bc10_153,Multiplet
doublet_150|bc6_810_bc8_308,Multiplet
doublet_151|bc6_1116_bc8_1404,Multiplet
doublet_152|bc3_490_bc6_1126,Multiplet
doublet_153|bc10_332_bc3_118,bc10
doublet_154|bc9_985_bc9_1426,bc9
doublet_155|bc3_1506_bc8_738,Multiplet
doublet_156|bc8_1108_bc8_383,bc8
doublet_157|bc9_904_bc10_1267,Multiplet
doublet_158|bc8_862_bc8_1032,bc8
doublet_159|bc7_1420_bc7_230,bc7
doublet_160|bc9_1022_bc10_1421,Multiplet
doublet_161|bc5_81_bc8_849,Multiplet
doublet_162|bc1_79_bc8_650,Multiplet
doublet_163|bc1_83_bc6_1172,Multiplet
doublet_164|bc6_309_bc1_118,Multiplet
doublet_165|bc8_1360_bc6_340,Multiplet
doublet_166|bc4_1191_bc7_815,Multiplet
doublet_167|bc10_276_bc9_873,bc10
doublet_168|bc3_1310_bc3_183,bc3
doublet_169|bc9_675_bc10_787,Multiplet
doublet_170|bc10_656_bc6_49,Multiplet
doublet_171|bc6_1576_bc6_599,bc6
doublet_172|bc9_1452_bc10_78,Multiplet
doublet_173|bc6_1638_bc7_996,Multiplet
doublet_174|bc10_594_bc10_591,bc10
doublet_175|bc6_1455_bc10_1466,Multiplet
doublet_176|bc8_1016_bc2_438,Multiplet
doublet_177|bc10_393_bc7_274,Multiplet
doublet_178|bc1_415_bc6_375,Multiplet
doublet_179|bc1_345_bc9_676,Multiplet
doublet_180|bc8_745_bc3_758,Multiplet
doublet_181|bc1_852_bc7_721,Multiplet
doublet_182|bc7_828_bc6_1017,Multiplet
doublet_183|bc7_343_bc9_172,Multiplet
doublet_184|bc1_204_bc9_109,Multiplet
doublet_185|bc9_723_bc10_103,bc9
doublet_186|bc2_211_bc10_1198,Multiplet
doublet_187|bc10_492_bc4_822,Multiplet
doublet_188|bc4_655_bc5_395,Multiplet
doublet_189|bc8_963_bc10_937,Multiplet
doublet_190|bc1_283_bc5_386,Multiplet
doublet_191|bc8_1343_bc9_619,Multiplet
doublet_192|bc7_1057_bc10_1492,Multiplet
doublet_193|bc1_715_bc9_1290,Multiplet
doublet_194|bc9_1898_bc10_457,Multiplet
doublet_195|bc6_688_bc1_361,Multiplet
doublet_196|bc9_1341_bc10_796,Multiplet
doublet_197|bc5_487_bc1_832,Multiplet
doublet_198|bc5_317_bc7_1152,Multiplet
doublet_199|bc6_332_bc9_1506,Multiplet
doublet_200|bc6_701_bc1_291,Multiplet
doublet_201|bc2_491_bc6_841,Multiplet
doublet_202|bc10_532_bc9_1933,Multiplet
doublet_203|bc1_668_bc1_1013,bc1
doublet_204|bc3_529_bc4_170,Multiplet
doublet_205|bc6_678_bc4_1543,Multiplet
doublet_206|bc7_849_bc2_233,Multiplet
doublet_207|bc3_1040_bc3_188,bc3
doublet_208|bc8_1263_bc9_725,Multiplet
doublet_209|bc2_107_bc1_744,bc1
doublet_210|bc5_260_bc4_512,Multiplet
doublet_211|bc10_591_bc6_1407,Multiplet
doublet_212|bc9_582_bc6_659,Multiplet
doublet_213|bc3_480_bc4_606,Multiplet
doublet_214|bc7_190_bc9_1384,Multiplet
doublet_215|bc3_780_bc1_380,Multiplet
doublet_216|bc3_520_bc9_17,bc3
doublet_217|bc7_583_bc9_1908,Multiplet
doublet_218|bc1_527_bc1_966,bc1
doublet_219|bc4_706_bc6_1358,Multiplet
doublet_220|bc1_770_bc7_461,bc1
doublet_221|bc6_1251_bc3_431,Multiplet
doublet_222|bc4_608_bc6_1336,bc4
doublet_223|bc3_949_bc4_1248,bc4
doublet_224|bc4_644_bc9_1545,bc4
doublet_225|bc2_456_bc5_43,Multiplet
doublet_226|bc1_901_bc1_268,bc1
doublet_227|bc10_274_bc4_1333,Multiplet
doublet_228|bc7_194_bc1_315,Multiplet
doublet_229|bc4_1117_bc6_1593,Multiplet
doublet_230|bc10_378_bc10_943,bc10
doublet_231|bc5_568_bc7_1644,Multiplet
doublet_232|bc9_906_bc7_493,Multiplet
doublet_233|bc4_1261_bc9_1427,Multiplet
doublet_234|bc2_392_bc8_45,Multiplet
doublet_235|bc3_181_bc7_901,Multiplet
doublet_236|bc8_714_bc10_211,Multiplet
doublet_237|bc1_408_bc4_1576,Multiplet
doublet_238|bc3_670_bc7_1289,bc3
doublet_239|bc10_1038_bc9_1747,Multiplet
doublet_240|bc9_1426_bc8_1070,Multiplet
doublet_241|bc7_1428_bc4_733,Multiplet
doublet_242|bc10_258_bc4_1316,Multiplet
doublet_243|bc3_1320_bc3_756,bc3
doublet_244|bc3_1067_bc1_688,Multiplet
doublet_245|bc9_1157_bc4_708,Multiplet
doublet_246|bc4_317_bc2_208,Multiplet
doublet_247|bc10_1281_bc1_68,Multiplet
doublet_248|bc4_450_bc10_1225,Multiplet
doublet_249|bc6_975_bc8_373,Multiplet
doublet_250|bc8_1189_bc9_1780,bc8
doublet_251|bc5_537_bc10_1162,Multiplet
doublet_252|bc6_734_bc7_91,Multiplet
doublet_253|bc6_1335_bc2_541,Multiplet
doublet_254|bc5_49_bc1_29,Multiplet
doublet_255|bc7_1407_bc4_96,Multiplet
doublet_256|bc1_474_bc4_627,Multiplet
doublet_257|bc2_316_bc7_497,bc7
doublet_258|bc3_1586_bc6_1597,bc6
doublet_259|bc9_1311_bc10_969,Multiplet
doublet_260|bc3_996_bc4_1491,Multiplet
doublet_261|bc10_1148_bc8_556,Multiplet
doublet_262|bc4_729_bc7_32,Multiplet
doublet_263|bc5_427_bc6_255,Multiplet
doublet_264|bc4_748_bc3_609,bc3
doublet_265|bc7_1295_bc4_1452,Multiplet
doublet_266|bc8_794_bc10_1416,Multiplet
doublet_267|bc10_1303_bc1_891,Multiplet
doublet_268|bc10_431_bc7_541,Multiplet
doublet_269|bc9_1725_bc4_786,Multiplet
doublet_270|bc6_276_bc2_570,Multiplet
doublet_271|bc9_99_bc3_599,Multiplet
doublet_272|bc1_567_bc6_437,Multiplet
doublet_273|bc9_34_bc7_849,bc9
doublet_274|bc8_189_bc9_257,Multiplet
doublet_275|bc7_517_bc8_910,Multiplet
doublet_276|bc7_837_bc8_1385,Multiplet
doublet_277|bc9_1364_bc6_1741,Multiplet
doublet_278|bc9_1075_bc2_91,Multiplet
doublet_279|bc4_578_bc1_755,Multiplet
doublet_280|bc5_430_bc7_268,Multiplet
doublet_281|bc10_382_bc2_672,Multiplet
doublet_282|bc4_458_bc4_109,bc4
doublet_283|bc6_360_bc3_457,Multiplet
doublet_284|bc4_278_bc4_1274,bc4
doublet_285|bc9_381_bc9_1219,bc9
doublet_286|bc8_858_bc7_432,Multiplet
doublet_287|bc4_1335_bc6_1507,Multiplet
doublet_288|bc8_351_bc8_25,bc8
doublet_289|bc3_988_bc8_991,Multiplet
doublet_290|bc10_1328_bc6_988,Multiplet
doublet_291|bc3_645_bc7_332,bc3
