accession,annotation_type,lab.title,status,date_released,assembly,encyclopedia_version,description
ENCSR108TCK,ChromBPNet-model,"Anshul Kundaje, Stanford",released,2026-06-06,GRCh38,,ChromBPNet models trained on DNase-seq data in GM12878 (ENCSR000EMT)
ENCSR081YFO,ChromBPNet-model,"Anshul Kundaje, Stanford",released,2026-06-06,GRCh38,,ChromBPNet models trained on ATAC-seq data in GM12878 (ENCSR637XSC)
ENCSR854PQL,BPNet-model,"Anshul Kundaje, Stanford",released,2026-06-03,GRCh38,,BPNet models trained on EP300 ChIP-seq data in GM12878 (ENCSR000BHB)(status:unvalidated)(no known direct/potential direct motif; low model performance (counts_pearson<0.5))
ENCSR268UNG,BPNet-model,"Anshul Kundaje, Stanford",released,2026-06-02,GRCh38,,"BPNet models trained on ZSCAN29 ChIP-seq data in GM12878 (ENCSR412YGM)(status:passed)(found direct motif (counts, profile))"
ENCSR997TVR,element gene regulatory interaction predictions,"Jesse Engreitz, Stanford",released,2025-04-24,GRCh38,,ENCODE-rE2G (extended) predictions for GM12878; Donor: ENCDO000AAK
ENCSR614LCR,gkm-SVM-model,"Michael Beer, JHU",released,2025-05-17,,,ATAC_182_hg38: gkm-SVM enhancer and promoter models for ATAC-seq in GM12878 (human)
ENCSR223QZI,gkm-SVM-model,"Michael Beer, JHU",released,2025-05-17,,,ATAC_16_hg38: gkm-SVM enhancer and promoter models for ATAC-seq in GM12878 (human)
ENCSR324QIB,BPNet-model,"Anshul Kundaje, Stanford",released,2026-06-02,GRCh38,,BPNet models trained on NKRF ChIP-seq data in GM12878 (ENCSR732PJX)(status:unvalidated)(no known direct/potential direct motif)
ENCSR272SPY,BPNet-model,"Anshul Kundaje, Stanford",released,2026-06-02,GRCh38,,BPNet models trained on ZBTB33 ChIP-seq data in GM12878 (ENCSR542FLV)(status:unvalidated)(not found direct motif (znf))
ENCSR759DXD,BPNet-model,"Anshul Kundaje, Stanford",released,2026-06-03,GRCh38,,"BPNet models trained on ZEB1 ChIP-seq data in GM12878 (ENCSR000BND)(status:passed)(found direct motif (counts, profile))"
ENCSR278BSA,BPNet-model,"Anshul Kundaje, Stanford",released,2026-06-02,GRCh38,,BPNet models trained on SKIL ChIP-seq data in GM12878 (ENCSR212YKD)(status:unvalidated)(no known direct/potential direct motif)
ENCSR696HRR,BPNet-model,"Anshul Kundaje, Stanford",released,2026-06-03,GRCh38,,"BPNet models trained on ZNF24 ChIP-seq data in GM12878 (ENCSR072PWP)(status:passed)(found direct motif (counts, profile))"
ENCSR760SDZ,BPNet-control,"Anshul Kundaje, Stanford",released,2026-06-03,GRCh38,,
ENCSR361MOG,BPNet-model,"Anshul Kundaje, Stanford",released,2026-06-02,GRCh38,,"BPNet models trained on ZBTB4 ChIP-seq data in GM12878 (ENCSR691IQB)(status:unvalidated)(found potential direct motif (counts, profile); low model performance (counts_pearson<0.5))"
ENCSR097PUR,BPNet-model,"Anshul Kundaje, Stanford",released,2026-06-02,GRCh38,,BPNet models trained on ARID3A ChIP-seq data in GM12878 (ENCSR778UBR)(status:unvalidated)(no known direct/potential direct motif)
ENCSR566GAW,BPNet-model,"Anshul Kundaje, Stanford",released,2026-06-03,GRCh38,,BPNet models trained on RCOR1 ChIP-seq data in GM12878 (ENCSR000DZC)(status:unvalidated)(no known direct/potential direct motif)
ENCSR762CIK,BPNet-model,"Anshul Kundaje, Stanford",released,2026-06-03,GRCh38,,BPNet models trained on EP300 ChIP-seq data in GM12878 (ENCSR000DZD)(status:unvalidated)(no known direct/potential direct motif)
ENCSR607ZHJ,BPNet-model,"Anshul Kundaje, Stanford",released,2026-06-03,GRCh38,,"BPNet models trained on ZNF384 ChIP-seq data in GM12878 (ENCSR000DYP)(status:passed)(found direct motif (counts, profile))"
ENCSR996JFB,BPNet-model,"Anshul Kundaje, Stanford",released,2026-06-03,GRCh38,,"BPNet models trained on ZBTB33 ChIP-seq data in GM12878 (ENCSR000BHC)(status:passed)(found direct motif (counts, profile))"
ENCSR364XJS,BPNet-control,"Anshul Kundaje, Stanford",released,2026-06-03,GRCh38,,
ENCSR975UIJ,BPNet-model,"Anshul Kundaje, Stanford",released,2026-06-03,GRCh38,,"BPNet models trained on ZBED1 ChIP-seq data in GM12878 (ENCSR207PFI)(status:passed)(found direct motif (counts, profile))"
ENCSR714POK,BPNet-model,"Anshul Kundaje, Stanford",released,2026-06-03,GRCh38,,"BPNet models trained on MYC ChIP-seq data in GM12878 (ENCSR000DKU)(status:unvalidated)(found direct motif (counts, profile); low model performance (counts_pearson<0.5))"
ENCSR636IJY,BPNet-model,"Anshul Kundaje, Stanford",released,2026-06-03,GRCh38,,BPNet models trained on TRIM22 ChIP-seq data in GM12878 (ENCSR835XKS)(status:unvalidated)(no known direct/potential direct motif)
ENCSR617PQM,BPNet-control,"Anshul Kundaje, Stanford",released,2026-06-03,GRCh38,,
ENCSR561QKH,BPNet-model,"Anshul Kundaje, Stanford",released,2026-06-03,GRCh38,,BPNet models trained on PRDM15 ChIP-seq data in GM12878 (ENCSR748SQL)(status:unvalidated)(not found direct motif (znf); low model performance (counts_pearson<0.5))
ENCSR192NSR,BPNet-model,"Anshul Kundaje, Stanford",released,2026-06-02,GRCh38,,"BPNet models trained on JUND ChIP-seq data in GM12878 (ENCSR000EYV)(status:unvalidated)(found direct motif (counts, profile); low model performance (counts_pearson<0.5))"
ENCSR175ZXW,BPNet-model,"Anshul Kundaje, Stanford",released,2026-06-02,GRCh38,,BPNet models trained on BCLAF1 ChIP-seq data in GM12878 (ENCSR342THD)(status:unvalidated)(no known direct/potential direct motif)
ENCSR073XKY,BPNet-model,"Anshul Kundaje, Stanford",released,2026-06-02,GRCh38,,BPNet models trained on TRIM22 ChIP-seq data in GM12878 (ENCSR637QAM)(status:unvalidated)(no known direct/potential direct motif)
ENCSR597MUO,BPNet-model,"Anshul Kundaje, Stanford",released,2026-06-03,GRCh38,,"BPNet models trained on STAT3 ChIP-seq data in GM12878 (ENCSR000DZV)(status:passed)(found direct motif (counts, profile))"
ENCSR477PLK,BPNet-model,"Anshul Kundaje, Stanford",released,2026-06-02,GRCh38,,BPNet models trained on MLLT1 ChIP-seq data in GM12878 (ENCSR552XSN)(status:unvalidated)(no known direct/potential direct motif)
ENCSR391ETD,BPNet-model,"Anshul Kundaje, Stanford",released,2026-06-02,GRCh38,,"BPNet models trained on RFX5 ChIP-seq data in GM12878 (ENCSR000DZW)(status:passed)(found direct motif (counts, profile))"
ENCSR126MOD,BPNet-model,"Anshul Kundaje, Stanford",released,2026-06-02,GRCh38,,BPNet models trained on NFXL1 ChIP-seq data in GM12878 (ENCSR746XEG)(status:unvalidated)(no known direct/potential direct motif; low model performance (counts_pearson<0.5))
ENCSR994VPU,BPNet-control,"Anshul Kundaje, Stanford",released,2026-06-03,GRCh38,,
ENCSR138KGN,BPNet-control,"Anshul Kundaje, Stanford",released,2026-06-03,GRCh38,,
ENCSR549XOW,BPNet-model,"Anshul Kundaje, Stanford",released,2026-06-03,GRCh38,,"BPNet models trained on ZBTB11 ChIP-seq data in GM12878 (ENCSR057DTZ)(status:passed)(found direct motif (counts, profile))"
ENCSR188JQZ,BPNet-model,"Anshul Kundaje, Stanford",released,2026-06-02,GRCh38,,BPNet models trained on KLF5 ChIP-seq data in GM12878 (ENCSR974OFJ)(status:unvalidated)(not found direct motif (znf))
ENCSR683WNX,BPNet-model,"Anshul Kundaje, Stanford",released,2026-06-03,GRCh38,,BPNet models trained on BCL11A ChIP-seq data in GM12878 (ENCSR000BHA)(status:passed)(found direct motif (profile))
ENCSR799YYJ,BPNet-control,"Anshul Kundaje, Stanford",released,2026-06-03,GRCh38,,
ENCSR038OGP,BPNet-model,"Anshul Kundaje, Stanford",released,2026-06-02,GRCh38,,BPNet models trained on EP300 ChIP-seq data in GM12878 (ENCSR000DZG)(status:unvalidated)(no known direct/potential direct motif)
ENCSR616HRZ,BPNet-control,"Anshul Kundaje, Stanford",released,2026-06-03,GRCh38,,
ENCSR256GCW,BPNet-control,"Anshul Kundaje, Stanford",released,2026-06-03,GRCh38,,
ENCSR247NZK,BPNet-model,"Anshul Kundaje, Stanford",released,2026-06-02,GRCh38,,BPNet models trained on BCLAF1 ChIP-seq data in GM12878 (ENCSR000BJZ)(status:unvalidated)(no known direct/potential direct motif)
ENCSR941GFS,BPNet-model,"Anshul Kundaje, Stanford",released,2026-06-03,GRCh38,,"BPNet models trained on ZNF687 ChIP-seq data in GM12878 (ENCSR859FDL)(status:unvalidated)(found potential direct motif (counts, profile))"
ENCSR823DBW,BPNet-model,"Anshul Kundaje, Stanford",released,2026-06-03,GRCh38,,"BPNet models trained on ZBTB40 ChIP-seq data in GM12878 (ENCSR189YYK)(status:passed)(found direct motif (counts, profile))"
ENCSR308RCC,BPNet-model,"Anshul Kundaje, Stanford",released,2026-06-02,GRCh38,,BPNet models trained on GATAD2B ChIP-seq data in GM12878 (ENCSR828NCB)(status:unvalidated)(no known direct/potential direct motif)
ENCSR370SAQ,BPNet-model,"Anshul Kundaje, Stanford",released,2026-06-02,GRCh38,,"BPNet models trained on NFIC ChIP-seq data in GM12878 (ENCSR000BRN)(status:passed)(found direct motif (counts, profile))"
ENCSR822JGM,BPNet-model,"Anshul Kundaje, Stanford",released,2026-06-03,GRCh38,,BPNet models trained on ZNF274 ChIP-seq data in GM12878 (ENCSR000EUK)(status:unvalidated)(not found direct motif (znf))
ENCSR228KIR,BPNet-control,"Anshul Kundaje, Stanford",released,2026-06-03,GRCh38,,
ENCSR511IIM,BPNet-control,"Anshul Kundaje, Stanford",released,2026-06-03,GRCh38,,
ENCSR128QTL,BPNet-model,"Anshul Kundaje, Stanford",released,2026-06-02,GRCh38,,"BPNet models trained on CEBPB ChIP-seq data in GM12878 (ENCSR681NOM)(status:unvalidated)(found direct motif (counts, profile); low model performance (counts_pearson<0.5))"
ENCSR342GUC,BPNet-model,"Anshul Kundaje, Stanford",released,2026-06-02,GRCh38,,"BPNet models trained on ZNF217 ChIP-seq data in GM12878 (ENCSR764CZW)(status:unvalidated)(found potential direct motif (counts, profile))"
ENCSR341OZX,BPNet-model,"Anshul Kundaje, Stanford",released,2026-06-02,GRCh38,,BPNet models trained on ZNF592 ChIP-seq data in GM12878 (ENCSR173ZVL)(status:unvalidated)(not found potential direct motif (znf))
ENCSR570MQG,BPNet-control,"Anshul Kundaje, Stanford",released,2026-06-03,GRCh38,,
ENCSR924MMU,BPNet-model,"Anshul Kundaje, Stanford",released,2026-06-03,GRCh38,,"BPNet models trained on CEBPB ChIP-seq data in GM12878 (ENCSR000BRX)(status:passed)(found direct motif (counts, profile))"
ENCSR637GXZ,ChromBPNet-bias-model,"Anshul Kundaje, Stanford",released,2025-08-27,GRCh38,,
ENCSR389HIH,ChromBPNet-model,"Anshul Kundaje, Stanford",released,2025-01-08,GRCh38,,ChromBPNet models trained on ATAC-seq data in GM12878 (ENCSR637XSC) submitted for ChromBPNet manuscript
ENCSR003WJE,ChromBPNet-model,"Anshul Kundaje, Stanford",released,2025-01-08,GRCh38,,ChromBPNet models trained on DNase-seq data in GM12878 (ENCSR000EMT) submitted for ChromBPNet manuscript
ENCSR604WPK,element gene regulatory interaction predictions,"Jesse Engreitz, Stanford",released,2025-04-24,GRCh38,,ENCODE-rE2G predictions for GM12878; Donor: ENCDO000AAK
ENCSR067KBX,ChromBPNet-model,"Anshul Kundaje, Stanford",released,2026-06-06,GRCh38,,ChromBPNet models trained on ATAC-seq data in GM12878 (ENCSR095QNB)
ENCSR386RTL,BPNet-model,"Anshul Kundaje, Stanford",released,2026-06-02,GRCh38,,"BPNet models trained on CREB1 ChIP-seq data in GM12878 (ENCSR000BUF)(status:passed)(found direct motif (counts, profile))"
ENCSR728JEK,BPNet-model,"Anshul Kundaje, Stanford",released,2026-06-03,GRCh38,,"BPNet models trained on ARNT ChIP-seq data in GM12878 (ENCSR590KEQ)(status:passed)(found direct motif (counts, profile))"
ENCSR920YZT,BPNet-model,"Anshul Kundaje, Stanford",released,2026-06-03,GRCh38,,"BPNet models trained on IKZF1 ChIP-seq data in GM12878 (ENCSR000EUJ)(status:passed)(found direct motif (counts, profile))"
ENCSR150VCL,BPNet-model,"Anshul Kundaje, Stanford",released,2026-06-02,GRCh38,,"BPNet models trained on E2F8 ChIP-seq data in GM12878 (ENCSR793HVL)(status:passed)(found direct motif (counts, profile))"
ENCSR041JHG,BPNet-model,"Anshul Kundaje, Stanford",released,2026-06-02,GRCh38,,BPNet models trained on BMI1 ChIP-seq data in GM12878 (ENCSR469WII)(status:unvalidated)(no known direct/potential direct motif)
ENCSR239UVB,BPNet-model,"Anshul Kundaje, Stanford",released,2026-06-02,GRCh38,,"BPNet models trained on BHLHE40 ChIP-seq data in GM12878 (ENCSR000DZJ)(status:passed)(found direct motif (counts, profile))"
ENCSR691OIV,BPNet-model,"Anshul Kundaje, Stanford",released,2026-06-03,GRCh38,,"BPNet models trained on E4F1 ChIP-seq data in GM12878 (ENCSR439WAF)(status:passed)(found direct motif (counts, profile))"
ENCSR677QQV,BPNet-model,"Anshul Kundaje, Stanford",released,2026-06-03,GRCh38,,"BPNet models trained on RELB ChIP-seq data in GM12878 (ENCSR387QUV)(status:passed)(found direct motif (counts, profile))"
ENCSR457BBJ,BPNet-model,"Anshul Kundaje, Stanford",released,2026-06-02,GRCh38,,"BPNet models trained on EBF1 ChIP-seq data in GM12878 (ENCSR000DZQ)(status:passed)(found direct motif (counts, profile))"
ENCSR430POV,BPNet-model,"Anshul Kundaje, Stanford",released,2026-06-02,GRCh38,,"BPNet models trained on IRF4 ChIP-seq data in GM12878 (ENCSR000BGY)(status:passed)(found direct motif (counts, profile))"
ENCSR273TEU,BPNet-model,"Anshul Kundaje, Stanford",released,2026-06-02,GRCh38,,"BPNet models trained on PAX5 ChIP-seq data in GM12878 (ENCSR000BHD)(status:passed)(found direct motif (counts, profile))"
ENCSR861AYR,BPNet-model,"Anshul Kundaje, Stanford",released,2026-06-03,GRCh38,,"BPNet models trained on NR2F1 ChIP-seq data in GM12878 (ENCSR514VYD)(status:passed)(found direct motif (counts, profile))"
ENCSR538HRY,BPNet-model,"Anshul Kundaje, Stanford",released,2026-06-03,GRCh38,,"BPNet models trained on MAFK ChIP-seq data in GM12878 (ENCSR000DYV)(status:passed)(found direct motif (counts, profile))"
ENCSR130BYX,BPNet-model,"Anshul Kundaje, Stanford",released,2026-06-02,GRCh38,,"BPNet models trained on RUNX3 ChIP-seq data in GM12878 (ENCSR000BRI)(status:passed)(found direct motif (counts, profile))"
ENCSR218LOC,BPNet-model,"Anshul Kundaje, Stanford",released,2026-06-02,GRCh38,,"BPNet models trained on POU2F2 ChIP-seq data in GM12878 (ENCSR000BGP)(status:passed)(found direct motif (counts, profile))"
ENCSR249YHP,BPNet-model,"Anshul Kundaje, Stanford",released,2026-06-02,GRCh38,,"BPNet models trained on EBF1 ChIP-seq data in GM12878 (ENCSR000BGU)(status:passed)(found direct motif (counts, profile))"
ENCSR941VQC,BPNet-model,"Anshul Kundaje, Stanford",released,2026-06-03,GRCh38,,"BPNet models trained on NFYA ChIP-seq data in GM12878 (ENCSR000DNN)(status:passed)(found direct motif (counts, profile))"
ENCSR363LRQ,BPNet-model,"Anshul Kundaje, Stanford",released,2026-06-02,GRCh38,,"BPNet models trained on MXI1 ChIP-seq data in GM12878 (ENCSR000DZI)(status:passed)(found direct motif (counts, profile))"
ENCSR862QUY,BPNet-model,"Anshul Kundaje, Stanford",released,2026-06-03,GRCh38,,"BPNet models trained on SRF ChIP-seq data in GM12878 (ENCSR000BMI)(status:passed)(found direct motif (counts, profile))"
ENCSR511BKM,BPNet-model,"Anshul Kundaje, Stanford",released,2026-06-03,GRCh38,,"BPNet models trained on USF1 ChIP-seq data in GM12878 (ENCSR000BGI)(status:passed)(found direct motif (counts, profile))"
ENCSR714UPI,BPNet-model,"Anshul Kundaje, Stanford",released,2026-06-03,GRCh38,,"BPNet models trained on TCF12 ChIP-seq data in GM12878 (ENCSR000BGZ)(status:passed)(found direct motif (counts, profile))"
ENCSR205QBW,BPNet-model,"Anshul Kundaje, Stanford",released,2026-06-02,GRCh38,,"BPNet models trained on FOS ChIP-seq data in GM12878 (ENCSR000EYZ)(status:passed)(found direct motif (counts, profile))"
ENCSR974FAN,BPNet-model,"Anshul Kundaje, Stanford",released,2026-06-03,GRCh38,,BPNet models trained on FOXK2 ChIP-seq data in GM12878 (ENCSR861JUQ)(status:passed)(found direct motif (profile))
ENCSR101PVF,BPNet-model,"Anshul Kundaje, Stanford",released,2026-06-02,GRCh38,,"BPNet models trained on PBX3 ChIP-seq data in GM12878 (ENCSR000BGR)(status:passed)(found direct motif (counts, profile))"
ENCSR289CZE,BPNet-model,"Anshul Kundaje, Stanford",released,2026-06-02,GRCh38,,"BPNet models trained on IKZF2 ChIP-seq data in GM12878 (ENCSR680UQE)(status:passed)(found direct motif (counts, profile))"
ENCSR914CPB,BPNet-model,"Anshul Kundaje, Stanford",released,2026-06-03,GRCh38,,"BPNet models trained on E2F4 ChIP-seq data in GM12878 (ENCSR000DYY)(status:passed)(found direct motif (counts, profile))"
ENCSR524YDZ,BPNet-model,"Anshul Kundaje, Stanford",released,2026-06-03,GRCh38,,BPNet models trained on BCL3 ChIP-seq data in GM12878 (ENCSR000BNQ)(status:unvalidated)(no known direct/potential direct motif)
ENCSR056PCS,BPNet-model,"Anshul Kundaje, Stanford",released,2026-06-02,GRCh38,,"BPNet models trained on RELA ChIP-seq data in GM12878 (ENCSR664POU)(status:passed)(found direct motif (counts, profile))"
ENCSR419MKE,BPNet-model,"Anshul Kundaje, Stanford",released,2026-06-02,GRCh38,,"BPNet models trained on CTCF ChIP-seq data in GM12878 (ENCSR000DZN)(status:passed)(found direct motif (counts, profile))"
ENCSR040PVF,BPNet-model,"Anshul Kundaje, Stanford",released,2026-06-02,GRCh38,,"BPNet models trained on PAX5 ChIP-seq data in GM12878 (ENCSR000BHJ)(status:passed)(found direct motif (counts, profile))"
ENCSR113JWW,BPNet-model,"Anshul Kundaje, Stanford",released,2026-06-02,GRCh38,,"BPNet models trained on PAX8 ChIP-seq data in GM12878 (ENCSR192AFN)(status:passed)(found direct motif (counts, profile))"
ENCSR948FHI,BPNet-model,"Anshul Kundaje, Stanford",released,2026-06-03,GRCh38,,"BPNet models trained on ATF2 ChIP-seq data in GM12878 (ENCSR961PPA)(status:passed)(found direct motif (counts, profile))"
ENCSR415CSY,BPNet-model,"Anshul Kundaje, Stanford",released,2026-06-02,GRCh38,,BPNet models trained on EGR1 ChIP-seq data in GM12878 (ENCSR000BRG)(status:passed)(found direct motif (counts))
ENCSR769ACL,BPNet-model,"Anshul Kundaje, Stanford",released,2026-06-03,GRCh38,,"BPNet models trained on NFYB ChIP-seq data in GM12878 (ENCSR000DNM)(status:passed)(found direct motif (counts, profile))"
ENCSR853ETF,BPNet-model,"Anshul Kundaje, Stanford",released,2026-06-03,GRCh38,,"BPNet models trained on ESRRA ChIP-seq data in GM12878 (ENCSR000DYQ)(status:passed)(found direct motif (counts, profile))"
ENCSR664ZPG,BPNet-model,"Anshul Kundaje, Stanford",released,2026-06-03,GRCh38,,"BPNet models trained on CUX1 ChIP-seq data in GM12878 (ENCSR000DYR)(status:passed)(found direct motif (counts, profile))"
ENCSR254CFS,BPNet-model,"Anshul Kundaje, Stanford",released,2026-06-02,GRCh38,,"BPNet models trained on NR2C2 ChIP-seq data in GM12878 (ENCSR000EUL)(status:passed)(found direct motif (counts, profile))"
ENCSR199HXS,BPNet-model,"Anshul Kundaje, Stanford",released,2026-06-02,GRCh38,,"BPNet models trained on IKZF1 ChIP-seq data in GM12878 (ENCSR874AFU)(status:passed)(found direct motif (counts, profile))"
ENCSR326PIH,BPNet-model,"Anshul Kundaje, Stanford",released,2026-06-02,GRCh38,,"BPNet models trained on TCF3 ChIP-seq data in GM12878 (ENCSR000BQT)(status:passed)(found direct motif (counts, profile))"
ENCSR970WDM,BPNet-model,"Anshul Kundaje, Stanford",released,2026-06-03,GRCh38,,"BPNet models trained on MEF2B ChIP-seq data in GM12878 (ENCSR177VFS)(status:passed)(found direct motif (counts, profile))"
ENCSR617OUA,BPNet-model,"Anshul Kundaje, Stanford",released,2026-06-03,GRCh38,,"BPNet models trained on ELK1 ChIP-seq data in GM12878 (ENCSR000DZB)(status:passed)(found direct motif (counts, profile))"
ENCSR284EMN,BPNet-model,"Anshul Kundaje, Stanford",released,2026-06-02,GRCh38,,"BPNet models trained on ELF1 ChIP-seq data in GM12878 (ENCSR000BMB)(status:passed)(found direct motif (counts, profile))"
ENCSR419HPN,BPNet-model,"Anshul Kundaje, Stanford",released,2026-06-02,GRCh38,,"BPNet models trained on MAX ChIP-seq data in GM12878 (ENCSR000DZF)(status:passed)(found direct motif (counts, profile))"
ENCSR099EKK,BPNet-model,"Anshul Kundaje, Stanford",released,2026-06-02,GRCh38,,"BPNet models trained on IKZF2 ChIP-seq data in GM12878 (ENCSR822AHX)(status:passed)(found direct motif (counts, profile))"
ENCSR090VBP,BPNet-model,"Anshul Kundaje, Stanford",released,2026-06-02,GRCh38,,"BPNet models trained on GABPA ChIP-seq data in GM12878 (ENCSR331HPA)(status:passed)(found direct motif (counts, profile))"
ENCSR771NZC,BPNet-model,"Anshul Kundaje, Stanford",released,2026-06-03,GRCh38,,"BPNet models trained on SRF ChIP-seq data in GM12878 (ENCSR041XML)(status:passed)(found direct motif (counts, profile))"
ENCSR142BYT,BPNet-model,"Anshul Kundaje, Stanford",released,2026-06-02,GRCh38,,"BPNet models trained on IKZF1 ChIP-seq data in GM12878 (ENCSR441VHN)(status:passed)(found direct motif (counts, profile))"
ENCSR342AKH,BPNet-model,"Anshul Kundaje, Stanford",released,2026-06-02,GRCh38,,"BPNet models trained on BHLHE40 ChIP-seq data in GM12878 (ENCSR987MTA)(status:passed)(found direct motif (counts, profile))"
ENCSR989CSU,BPNet-model,"Anshul Kundaje, Stanford",released,2026-06-03,GRCh38,,BPNet models trained on NR2C1 ChIP-seq data in GM12878 (ENCSR784VIQ)(status:passed)(found direct motif (profile))
ENCSR748FOU,BPNet-model,"Anshul Kundaje, Stanford",released,2026-06-03,GRCh38,,"BPNet models trained on TBP ChIP-seq data in GM12878 (ENCSR000DZZ)(status:passed)(found direct motif (counts, profile))"
ENCSR141EXZ,BPNet-model,"Anshul Kundaje, Stanford",released,2026-06-02,GRCh38,,"BPNet models trained on EGR1 ChIP-seq data in GM12878 (ENCSR000BMQ)(status:passed)(found direct motif (counts, profile))"
ENCSR367ANH,BPNet-model,"Anshul Kundaje, Stanford",released,2026-06-02,GRCh38,,"BPNet models trained on BATF ChIP-seq data in GM12878 (ENCSR000BGT)(status:passed)(found direct motif (counts, profile))"
ENCSR805HVX,BPNet-model,"Anshul Kundaje, Stanford",released,2026-06-03,GRCh38,,"BPNet models trained on ATF2 ChIP-seq data in GM12878 (ENCSR000BQK)(status:passed)(found direct motif (counts, profile))"
ENCSR275MUR,BPNet-model,"Anshul Kundaje, Stanford",released,2026-06-02,GRCh38,,"BPNet models trained on MEF2A ChIP-seq data in GM12878 (ENCSR000BKB)(status:passed)(found direct motif (counts, profile))"
ENCSR040IAH,BPNet-model,"Anshul Kundaje, Stanford",released,2026-06-02,GRCh38,,"BPNet models trained on SRF ChIP-seq data in GM12878 (ENCSR000BGE)(status:passed)(found direct motif (counts, profile))"
ENCSR946PGY,BPNet-model,"Anshul Kundaje, Stanford",released,2026-06-03,GRCh38,,"BPNet models trained on ETS1 ChIP-seq data in GM12878 (ENCSR000BKA)(status:passed)(found direct motif (counts, profile))"
ENCSR739XCG,BPNet-model,"Anshul Kundaje, Stanford",released,2026-06-03,GRCh38,,"BPNet models trained on TCF12 ChIP-seq data in GM12878 (ENCSR725VFL)(status:passed)(found direct motif (counts, profile))"
ENCSR661AQY,BPNet-model,"Anshul Kundaje, Stanford",released,2026-06-03,GRCh38,,"BPNet models trained on NRF1 ChIP-seq data in GM12878 (ENCSR000DZO)(status:passed)(found direct motif (counts, profile))"
ENCSR095LRJ,BPNet-model,"Anshul Kundaje, Stanford",released,2026-06-02,GRCh38,,"BPNet models trained on SP1 ChIP-seq data in GM12878 (ENCSR000BHK)(status:passed)(found direct motif (counts, profile))"
ENCSR583JLE,BPNet-model,"Anshul Kundaje, Stanford",released,2026-06-03,GRCh38,,"BPNet models trained on ELF1 ChIP-seq data in GM12878 (ENCSR841NDX)(status:passed)(found direct motif (counts, profile))"
ENCSR001IUM,BPNet-model,"Anshul Kundaje, Stanford",released,2026-06-02,GRCh38,,"BPNet models trained on PKNOX1 ChIP-seq data in GM12878 (ENCSR711XNY)(status:passed)(found direct motif (counts, profile))"
ENCSR476ZGO,BPNet-model,"Anshul Kundaje, Stanford",released,2026-06-02,GRCh38,,"BPNet models trained on TBX21 ChIP-seq data in GM12878 (ENCSR739IHN)(status:passed)(found direct motif (counts, profile))"
ENCSR794WXP,BPNet-control,"Anshul Kundaje, Stanford",released,2026-06-03,GRCh38,,
ENCSR335TIH,BPNet-model,"Anshul Kundaje, Stanford",released,2026-06-02,GRCh38,,"BPNet models trained on MAZ ChIP-seq data in GM12878 (ENCSR903MVU)(status:passed)(found direct motif (counts, profile))"
ENCSR591EPF,BPNet-control,"Anshul Kundaje, Stanford",released,2026-06-03,GRCh38,,
ENCSR478VGG,BPNet-model,"Anshul Kundaje, Stanford",released,2026-06-02,GRCh38,,"BPNet models trained on BACH1 ChIP-seq data in GM12878 (ENCSR636MKU)(status:passed)(found direct motif (counts, profile))"
ENCSR528VFK,BPNet-control,"Anshul Kundaje, Stanford",released,2026-06-03,GRCh38,,
ENCSR401RIZ,BPNet-model,"Anshul Kundaje, Stanford",released,2026-06-02,GRCh38,,"BPNet models trained on YY1 ChIP-seq data in GM12878 (ENCSR000EUM)(status:passed)(found direct motif (counts, profile))"
ENCSR767JFZ,BPNet-control,"Anshul Kundaje, Stanford",released,2026-06-03,GRCh38,,
ENCSR020NVK,BPNet-model,"Anshul Kundaje, Stanford",released,2026-06-02,GRCh38,,"BPNet models trained on MEF2C ChIP-seq data in GM12878 (ENCSR000BNG)(status:passed)(found direct motif (counts, profile))"
ENCSR496BQS,BPNet-model,"Anshul Kundaje, Stanford",released,2026-06-02,GRCh38,,"BPNet models trained on JUNB ChIP-seq data in GM12878 (ENCSR897MMC)(status:passed)(found direct motif (counts, profile))"
ENCSR231QNA,BPNet-control,"Anshul Kundaje, Stanford",released,2026-06-03,GRCh38,,
ENCSR764UVH,BPNet-model,"Anshul Kundaje, Stanford",released,2026-06-03,GRCh38,,"BPNet models trained on NFATC3 ChIP-seq data in GM12878 (ENCSR437GBJ)(status:passed)(found direct motif (counts, profile))"
ENCSR708LPR,BPNet-control,"Anshul Kundaje, Stanford",released,2026-06-03,GRCh38,,
ENCSR461ZEC,BPNet-model,"Anshul Kundaje, Stanford",released,2026-06-02,GRCh38,,"BPNet models trained on MAZ ChIP-seq data in GM12878 (ENCSR000DZA)(status:passed)(found direct motif (counts, profile))"
ENCSR195LUF,BPNet-control,"Anshul Kundaje, Stanford",released,2026-06-03,GRCh38,,
ENCSR016SWO,BPNet-model,"Anshul Kundaje, Stanford",released,2026-06-02,GRCh38,,"BPNet models trained on CREM ChIP-seq data in GM12878 (ENCSR839XZU)(status:passed)(found direct motif (counts, profile))"
ENCSR461OAF,BPNet-control,"Anshul Kundaje, Stanford",released,2026-06-03,GRCh38,,
ENCSR343JRI,BPNet-model,"Anshul Kundaje, Stanford",released,2026-06-02,GRCh38,,BPNet models trained on CEBPZ ChIP-seq data in GM12878 (ENCSR347NOB)(status:unvalidated)(no known direct/potential direct motif)
ENCSR634PNC,BPNet-control,"Anshul Kundaje, Stanford",released,2026-06-03,GRCh38,,
ENCSR842QLN,BPNet-model,"Anshul Kundaje, Stanford",released,2026-06-03,GRCh38,,"BPNet models trained on JUND ChIP-seq data in GM12878 (ENCSR000DYS)(status:passed)(found direct motif (counts, profile))"
ENCSR759NEP,BPNet-control,"Anshul Kundaje, Stanford",released,2026-06-03,GRCh38,,
ENCSR478NYG,BPNet-model,"Anshul Kundaje, Stanford",released,2026-06-02,GRCh38,,"BPNet models trained on ETV6 ChIP-seq data in GM12878 (ENCSR626VUC)(status:passed)(found direct motif (counts, profile))"
ENCSR812MUG,BPNet-control,"Anshul Kundaje, Stanford",released,2026-06-03,GRCh38,,
ENCSR466HDF,BPNet-model,"Anshul Kundaje, Stanford",released,2026-06-02,GRCh38,,"BPNet models trained on YY1 ChIP-seq data in GM12878 (ENCSR000BNP)(status:passed)(found direct motif (counts, profile))"
ENCSR185NOS,BPNet-control,"Anshul Kundaje, Stanford",released,2026-06-03,GRCh38,,
ENCSR855QIU,BPNet-model,"Anshul Kundaje, Stanford",released,2026-06-03,GRCh38,,"BPNet models trained on NFATC1 ChIP-seq data in GM12878 (ENCSR000BQL)(status:passed)(found direct motif (counts, profile))"
ENCSR117ZPY,BPNet-control,"Anshul Kundaje, Stanford",released,2026-06-03,GRCh38,,
ENCSR292YQD,BPNet-model,"Anshul Kundaje, Stanford",released,2026-06-02,GRCh38,,"BPNet models trained on TCF7 ChIP-seq data in GM12878 (ENCSR501DKS)(status:passed)(found direct motif (counts, profile))"
ENCSR622BMW,BPNet-control,"Anshul Kundaje, Stanford",released,2026-06-03,GRCh38,,
ENCSR079TDJ,BPNet-model,"Anshul Kundaje, Stanford",released,2026-06-02,GRCh38,,"BPNet models trained on CTCF ChIP-seq data in GM12878 (ENCSR000DRZ)(status:passed)(found direct motif (counts, profile))"
ENCSR866ABZ,BPNet-control,"Anshul Kundaje, Stanford",released,2026-06-03,GRCh38,,
ENCSR805DLB,BPNet-model,"Anshul Kundaje, Stanford",released,2026-06-03,GRCh38,,"BPNet models trained on REST ChIP-seq data in GM12878 (ENCSR000BQS)(status:passed)(found direct motif (counts, profile))"
ENCSR111SRS,BPNet-control,"Anshul Kundaje, Stanford",released,2026-06-03,GRCh38,,
ENCSR355QCJ,BPNet-model,"Anshul Kundaje, Stanford",released,2026-06-02,GRCh38,,"BPNet models trained on USF2 ChIP-seq data in GM12878 (ENCSR000DZU)(status:passed)(found direct motif (counts, profile))"
ENCSR286GVT,BPNet-control,"Anshul Kundaje, Stanford",released,2026-06-03,GRCh38,,
ENCSR898TRL,BPNet-model,"Anshul Kundaje, Stanford",released,2026-06-03,GRCh38,,"BPNet models trained on CBFB ChIP-seq data in GM12878 (ENCSR860UHK)(status:passed)(found direct motif (counts, profile))"
ENCSR469QKI,BPNet-control,"Anshul Kundaje, Stanford",released,2026-06-03,GRCh38,,
ENCSR784NGD,BPNet-model,"Anshul Kundaje, Stanford",released,2026-06-03,GRCh38,,"BPNet models trained on REST ChIP-seq data in GM12878 (ENCSR000BGF)(status:passed)(found direct motif (counts, profile))"
ENCSR475QWK,BPNet-control,"Anshul Kundaje, Stanford",released,2026-06-03,GRCh38,,
ENCSR991FIE,BPNet-model,"Anshul Kundaje, Stanford",released,2026-06-03,GRCh38,,"BPNet models trained on CTCF ChIP-seq data in GM12878 (ENCSR000DKV)(status:passed)(found direct motif (counts, profile))"
ENCSR828JES,BPNet-model,"Anshul Kundaje, Stanford",released,2026-06-03,GRCh38,,"BPNet models trained on CTCF ChIP-seq data in GM12878 (ENCSR000AKB)(status:passed)(found direct motif (counts, profile))"
ENCSR911LWL,BPNet-control,"Anshul Kundaje, Stanford",released,2026-06-03,GRCh38,,
ENCSR003PRH,BPNet-model,"Anshul Kundaje, Stanford",released,2026-06-02,GRCh38,,"BPNet models trained on RELA ChIP-seq data in GM12878 (ENCSR000EAG)(status:passed)(found direct motif (counts, profile))"
ENCSR734LVS,element gene regulatory interaction predictions,"Roderic Guigo, CRG",released,2023-10-18,GRCh38,,enhancer gene links in GM12878 cell line
ENCSR310DFZ,chromatin state,"Zhiping Weng, UMass",released,2023-05-18,GRCh38,ENCODE v4,ChromHMM 15-state model of GM12878
ENCSR476SAS,element gene regulatory interaction predictions,"Christina Leslie, MSKCC",released,2023-02-13,GRCh38,,GraphRegLR features and prediction scores for GM12878
ENCSR398LKB,candidate Cis-Regulatory Elements,"Zhiping Weng, UMass",released,2022-12-20,GRCh38,ENCODE v4,candidate regulatory elements for GRCh38 in GM12878
ENCSR321BIY,footprints,"Alan Boyle, University of Michigan",released,2022-11-30,GRCh38,,TRACE ATAC-seq footprint calls with PWM MA1657.1 in GM12878
ENCSR376PNX,footprints,"Alan Boyle, University of Michigan",released,2022-11-30,GRCh38,,TRACE ATAC-seq footprint calls with PWM MA1656.1 in GM12878
ENCSR741UQI,footprints,"Alan Boyle, University of Michigan",released,2022-12-06,GRCh38,,TRACE ATAC-seq footprint calls with PWM MA1655.1 in GM12878
ENCSR753RRJ,footprints,"Alan Boyle, University of Michigan",released,2022-12-06,GRCh38,,TRACE ATAC-seq footprint calls with PWM MA1654.1 in GM12878
ENCSR359PNY,footprints,"Alan Boyle, University of Michigan",released,2022-12-05,GRCh38,,TRACE ATAC-seq footprint calls with PWM MA1653.1 in GM12878
ENCSR228UZG,footprints,"Alan Boyle, University of Michigan",released,2022-12-06,GRCh38,,TRACE ATAC-seq footprint calls with PWM MA1652.1 in GM12878
ENCSR460QCR,footprints,"Alan Boyle, University of Michigan",released,2022-12-06,GRCh38,,TRACE ATAC-seq footprint calls with PWM MA1651.1 in GM12878
ENCSR514EHL,footprints,"Alan Boyle, University of Michigan",released,2022-12-05,GRCh38,,TRACE ATAC-seq footprint calls with PWM MA1650.1 in GM12878
ENCSR965YKA,footprints,"Alan Boyle, University of Michigan",released,2022-12-06,GRCh38,,TRACE ATAC-seq footprint calls with PWM MA1649.1 in GM12878
ENCSR767MEI,footprints,"Alan Boyle, University of Michigan",released,2022-12-06,GRCh38,,TRACE ATAC-seq footprint calls with PWM MA1646.1 in GM12878
ENCSR075RMT,footprints,"Alan Boyle, University of Michigan",released,2022-12-06,GRCh38,,TRACE ATAC-seq footprint calls with PWM MA1645.1 in GM12878
ENCSR432HHV,footprints,"Alan Boyle, University of Michigan",released,2022-12-06,GRCh38,,TRACE ATAC-seq footprint calls with PWM MA1644.1 in GM12878
ENCSR998NGX,footprints,"Alan Boyle, University of Michigan",released,2022-12-06,GRCh38,,TRACE ATAC-seq footprint calls with PWM MA1643.1 in GM12878
ENCSR280ZQF,footprints,"Alan Boyle, University of Michigan",released,2022-12-06,GRCh38,,TRACE ATAC-seq footprint calls with PWM MA1641.1 in GM12878
ENCSR484GAB,footprints,"Alan Boyle, University of Michigan",released,2022-12-07,GRCh38,,TRACE ATAC-seq footprint calls with PWM MA1638.1 in GM12878
ENCSR606QFN,footprints,"Alan Boyle, University of Michigan",released,2022-12-06,GRCh38,,TRACE ATAC-seq footprint calls with PWM MA1637.1 in GM12878
ENCSR953SNS,footprints,"Alan Boyle, University of Michigan",released,2022-12-06,GRCh38,,TRACE ATAC-seq footprint calls with PWM MA1634.1 in GM12878
ENCSR996OIZ,footprints,"Alan Boyle, University of Michigan",released,2022-11-30,GRCh38,,TRACE ATAC-seq footprint calls with PWM MA1633.1 in GM12878
ENCSR676DAA,footprints,"Alan Boyle, University of Michigan",released,2022-11-30,GRCh38,,TRACE ATAC-seq footprint calls with PWM MA1632.1 in GM12878
ENCSR121WWG,footprints,"Alan Boyle, University of Michigan",released,2022-12-05,GRCh38,,TRACE ATAC-seq footprint calls with PWM MA1630.1 in GM12878
ENCSR532OJQ,footprints,"Alan Boyle, University of Michigan",released,2022-12-06,GRCh38,,TRACE ATAC-seq footprint calls with PWM MA1629.1 in GM12878
ENCSR567WAG,footprints,"Alan Boyle, University of Michigan",released,2022-11-30,GRCh38,,TRACE ATAC-seq footprint calls with PWM MA1628.1 in GM12878
ENCSR045MYZ,footprints,"Alan Boyle, University of Michigan",released,2022-12-06,GRCh38,,TRACE ATAC-seq footprint calls with PWM MA1627.1 in GM12878
ENCSR685WDA,footprints,"Alan Boyle, University of Michigan",released,2022-12-05,GRCh38,,TRACE ATAC-seq footprint calls with PWM MA1625.1 in GM12878
ENCSR574ULZ,footprints,"Alan Boyle, University of Michigan",released,2022-12-07,GRCh38,,TRACE ATAC-seq footprint calls with PWM MA1624.1 in GM12878
ENCSR228OJN,footprints,"Alan Boyle, University of Michigan",released,2022-12-07,GRCh38,,TRACE ATAC-seq footprint calls with PWM MA1623.1 in GM12878
ENCSR280GBY,footprints,"Alan Boyle, University of Michigan",released,2022-12-06,GRCh38,,TRACE ATAC-seq footprint calls with PWM MA1622.1 in GM12878
ENCSR239COU,footprints,"Alan Boyle, University of Michigan",released,2022-11-30,GRCh38,,TRACE ATAC-seq footprint calls with PWM MA1621.1 in GM12878
ENCSR002CPO,footprints,"Alan Boyle, University of Michigan",released,2022-12-06,GRCh38,,TRACE ATAC-seq footprint calls with PWM MA1618.1 in GM12878
ENCSR558SKA,footprints,"Alan Boyle, University of Michigan",released,2022-12-06,GRCh38,,TRACE ATAC-seq footprint calls with PWM MA1616.1 in GM12878
ENCSR819ENJ,footprints,"Alan Boyle, University of Michigan",released,2022-12-06,GRCh38,,TRACE ATAC-seq footprint calls with PWM MA1615.1 in GM12878
ENCSR058QEE,footprints,"Alan Boyle, University of Michigan",released,2022-12-06,GRCh38,,TRACE ATAC-seq footprint calls with PWM MA1608.1 in GM12878
ENCSR302ORW,footprints,"Alan Boyle, University of Michigan",released,2022-11-30,GRCh38,,TRACE ATAC-seq footprint calls with PWM MA1604.1 in GM12878
ENCSR353NXG,footprints,"Alan Boyle, University of Michigan",released,2022-12-06,GRCh38,,TRACE ATAC-seq footprint calls with PWM MA1603.1 in GM12878
ENCSR915ZUP,footprints,"Alan Boyle, University of Michigan",released,2022-12-06,GRCh38,,TRACE ATAC-seq footprint calls with PWM MA1602.1 in GM12878
ENCSR497XQC,footprints,"Alan Boyle, University of Michigan",released,2022-12-06,GRCh38,,TRACE ATAC-seq footprint calls with PWM MA1601.1 in GM12878
ENCSR537MBD,footprints,"Alan Boyle, University of Michigan",released,2022-12-06,GRCh38,,TRACE ATAC-seq footprint calls with PWM MA1600.1 in GM12878
ENCSR803OQN,footprints,"Alan Boyle, University of Michigan",released,2022-11-30,GRCh38,,TRACE ATAC-seq footprint calls with PWM MA1599.1 in GM12878
ENCSR228LSY,footprints,"Alan Boyle, University of Michigan",released,2022-12-06,GRCh38,,TRACE ATAC-seq footprint calls with PWM MA1597.1 in GM12878
ENCSR433FJL,footprints,"Alan Boyle, University of Michigan",released,2022-11-30,GRCh38,,TRACE ATAC-seq footprint calls with PWM MA1596.1 in GM12878
ENCSR374DQI,footprints,"Alan Boyle, University of Michigan",released,2022-12-06,GRCh38,,TRACE ATAC-seq footprint calls with PWM MA1594.1 in GM12878
ENCSR299PMJ,footprints,"Alan Boyle, University of Michigan",released,2022-11-30,GRCh38,,TRACE ATAC-seq footprint calls with PWM MA1593.1 in GM12878
ENCSR410WZF,footprints,"Alan Boyle, University of Michigan",released,2022-12-06,GRCh38,,TRACE ATAC-seq footprint calls with PWM MA1592.1 in GM12878
ENCSR906JIJ,footprints,"Alan Boyle, University of Michigan",released,2022-12-05,GRCh38,,TRACE ATAC-seq footprint calls with PWM MA1589.1 in GM12878
ENCSR800NWK,footprints,"Alan Boyle, University of Michigan",released,2022-12-06,GRCh38,,TRACE ATAC-seq footprint calls with PWM MA1588.1 in GM12878
ENCSR485MNZ,footprints,"Alan Boyle, University of Michigan",released,2022-12-06,GRCh38,,TRACE ATAC-seq footprint calls with PWM MA1587.1 in GM12878
ENCSR383MIY,footprints,"Alan Boyle, University of Michigan",released,2022-12-07,GRCh38,,TRACE ATAC-seq footprint calls with PWM MA1585.1 in GM12878
ENCSR251WYL,footprints,"Alan Boyle, University of Michigan",released,2022-12-06,GRCh38,,TRACE ATAC-seq footprint calls with PWM MA1584.1 in GM12878
ENCSR096RZU,footprints,"Alan Boyle, University of Michigan",released,2022-12-06,GRCh38,,TRACE ATAC-seq footprint calls with PWM MA1583.1 in GM12878
ENCSR739DDF,footprints,"Alan Boyle, University of Michigan",released,2022-12-06,GRCh38,,TRACE ATAC-seq footprint calls with PWM MA1581.1 in GM12878
ENCSR514LCC,footprints,"Alan Boyle, University of Michigan",released,2022-12-06,GRCh38,,TRACE ATAC-seq footprint calls with PWM MA1580.1 in GM12878
ENCSR277HMW,footprints,"Alan Boyle, University of Michigan",released,2022-12-06,GRCh38,,TRACE ATAC-seq footprint calls with PWM MA1579.1 in GM12878
ENCSR535OHA,footprints,"Alan Boyle, University of Michigan",released,2022-12-07,GRCh38,,TRACE ATAC-seq footprint calls with PWM MA1578.1 in GM12878
ENCSR515YUJ,footprints,"Alan Boyle, University of Michigan",released,2022-11-30,GRCh38,,TRACE ATAC-seq footprint calls with PWM MA1577.1 in GM12878
ENCSR101TVH,footprints,"Alan Boyle, University of Michigan",released,2022-12-07,GRCh38,,TRACE ATAC-seq footprint calls with PWM MA1574.1 in GM12878
ENCSR845MRD,footprints,"Alan Boyle, University of Michigan",released,2022-12-06,GRCh38,,TRACE ATAC-seq footprint calls with PWM MA1573.1 in GM12878
ENCSR208CWV,footprints,"Alan Boyle, University of Michigan",released,2022-12-13,GRCh38,,TRACE ATAC-seq footprint calls with PWM MA1572.1 in GM12878
ENCSR858EER,footprints,"Alan Boyle, University of Michigan",released,2022-12-07,GRCh38,,TRACE ATAC-seq footprint calls with PWM MA1571.1 in GM12878
ENCSR494MZY,footprints,"Alan Boyle, University of Michigan",released,2022-11-30,GRCh38,,TRACE ATAC-seq footprint calls with PWM MA1569.1 in GM12878
ENCSR513TYA,footprints,"Alan Boyle, University of Michigan",released,2022-12-06,GRCh38,,TRACE ATAC-seq footprint calls with PWM MA1567.1 in GM12878
ENCSR260CHQ,footprints,"Alan Boyle, University of Michigan",released,2022-12-06,GRCh38,,TRACE ATAC-seq footprint calls with PWM MA1566.1 in GM12878
ENCSR605MNT,footprints,"Alan Boyle, University of Michigan",released,2022-12-06,GRCh38,,TRACE ATAC-seq footprint calls with PWM MA1565.1 in GM12878
ENCSR333OVR,footprints,"Alan Boyle, University of Michigan",released,2022-12-07,GRCh38,,TRACE ATAC-seq footprint calls with PWM MA1564.1 in GM12878
ENCSR731FGL,footprints,"Alan Boyle, University of Michigan",released,2022-11-30,GRCh38,,TRACE ATAC-seq footprint calls with PWM MA1563.1 in GM12878
ENCSR015IWW,footprints,"Alan Boyle, University of Michigan",released,2022-11-30,GRCh38,,TRACE ATAC-seq footprint calls with PWM MA1562.1 in GM12878
ENCSR720FQT,footprints,"Alan Boyle, University of Michigan",released,2022-12-06,GRCh38,,TRACE ATAC-seq footprint calls with PWM MA1561.1 in GM12878
ENCSR962TVQ,footprints,"Alan Boyle, University of Michigan",released,2022-12-06,GRCh38,,TRACE ATAC-seq footprint calls with PWM MA1560.1 in GM12878
ENCSR791UPS,footprints,"Alan Boyle, University of Michigan",released,2022-12-06,GRCh38,,TRACE ATAC-seq footprint calls with PWM MA1559.1 in GM12878
ENCSR832KFP,footprints,"Alan Boyle, University of Michigan",released,2022-12-06,GRCh38,,TRACE ATAC-seq footprint calls with PWM MA1558.1 in GM12878
ENCSR524KDN,footprints,"Alan Boyle, University of Michigan",released,2022-12-06,GRCh38,,TRACE ATAC-seq footprint calls with PWM MA1557.1 in GM12878
ENCSR158JJH,footprints,"Alan Boyle, University of Michigan",released,2022-12-05,GRCh38,,TRACE ATAC-seq footprint calls with PWM MA1554.1 in GM12878
ENCSR277WRW,footprints,"Alan Boyle, University of Michigan",released,2022-12-06,GRCh38,,TRACE ATAC-seq footprint calls with PWM MA1550.1 in GM12878
ENCSR853YPM,footprints,"Alan Boyle, University of Michigan",released,2022-12-06,GRCh38,,TRACE ATAC-seq footprint calls with PWM MA1548.1 in GM12878
ENCSR624WQU,footprints,"Alan Boyle, University of Michigan",released,2022-12-06,GRCh38,,TRACE ATAC-seq footprint calls with PWM MA1547.1 in GM12878
ENCSR349ZIX,footprints,"Alan Boyle, University of Michigan",released,2022-12-06,GRCh38,,TRACE ATAC-seq footprint calls with PWM MA1545.1 in GM12878
ENCSR860CHP,footprints,"Alan Boyle, University of Michigan",released,2022-12-06,GRCh38,,TRACE ATAC-seq footprint calls with PWM MA1544.1 in GM12878
ENCSR173RIV,footprints,"Alan Boyle, University of Michigan",released,2022-12-06,GRCh38,,TRACE ATAC-seq footprint calls with PWM MA1542.1 in GM12878
ENCSR988DCK,footprints,"Alan Boyle, University of Michigan",released,2022-11-30,GRCh38,,TRACE ATAC-seq footprint calls with PWM MA1541.1 in GM12878
ENCSR550JIR,footprints,"Alan Boyle, University of Michigan",released,2022-12-06,GRCh38,,TRACE ATAC-seq footprint calls with PWM MA1540.1 in GM12878
ENCSR841BJK,footprints,"Alan Boyle, University of Michigan",released,2022-12-06,GRCh38,,TRACE ATAC-seq footprint calls with PWM MA1535.1 in GM12878
ENCSR980GWX,footprints,"Alan Boyle, University of Michigan",released,2022-12-05,GRCh38,,TRACE ATAC-seq footprint calls with PWM MA1534.1 in GM12878
ENCSR878YRD,footprints,"Alan Boyle, University of Michigan",released,2022-12-06,GRCh38,,TRACE ATAC-seq footprint calls with PWM MA1533.1 in GM12878
ENCSR957MWW,footprints,"Alan Boyle, University of Michigan",released,2022-12-06,GRCh38,,TRACE ATAC-seq footprint calls with PWM MA1532.1 in GM12878
ENCSR793QGF,footprints,"Alan Boyle, University of Michigan",released,2022-12-06,GRCh38,,TRACE ATAC-seq footprint calls with PWM MA1531.1 in GM12878
ENCSR916VAK,footprints,"Alan Boyle, University of Michigan",released,2022-12-06,GRCh38,,TRACE ATAC-seq footprint calls with PWM MA1530.1 in GM12878
ENCSR492UJV,footprints,"Alan Boyle, University of Michigan",released,2022-12-06,GRCh38,,TRACE ATAC-seq footprint calls with PWM MA1529.1 in GM12878
ENCSR243JVH,footprints,"Alan Boyle, University of Michigan",released,2022-12-06,GRCh38,,TRACE ATAC-seq footprint calls with PWM MA1525.1 in GM12878
ENCSR999SVI,footprints,"Alan Boyle, University of Michigan",released,2022-12-05,GRCh38,,TRACE ATAC-seq footprint calls with PWM MA1524.1 in GM12878
ENCSR163TUN,footprints,"Alan Boyle, University of Michigan",released,2022-12-06,GRCh38,,TRACE ATAC-seq footprint calls with PWM MA1522.1 in GM12878
ENCSR523DMA,footprints,"Alan Boyle, University of Michigan",released,2022-12-06,GRCh38,,TRACE ATAC-seq footprint calls with PWM MA1521.1 in GM12878
ENCSR984RPV,footprints,"Alan Boyle, University of Michigan",released,2022-12-06,GRCh38,,TRACE ATAC-seq footprint calls with PWM MA1520.1 in GM12878
ENCSR788VUE,footprints,"Alan Boyle, University of Michigan",released,2022-12-06,GRCh38,,TRACE ATAC-seq footprint calls with PWM MA1519.1 in GM12878
ENCSR811OKC,footprints,"Alan Boyle, University of Michigan",released,2022-12-07,GRCh38,,TRACE ATAC-seq footprint calls with PWM MA1517.1 in GM12878
ENCSR555WYJ,footprints,"Alan Boyle, University of Michigan",released,2022-12-05,GRCh38,,TRACE ATAC-seq footprint calls with PWM MA1516.1 in GM12878
ENCSR188MVH,footprints,"Alan Boyle, University of Michigan",released,2022-12-05,GRCh38,,TRACE ATAC-seq footprint calls with PWM MA1515.1 in GM12878
ENCSR550GLR,footprints,"Alan Boyle, University of Michigan",released,2022-12-07,GRCh38,,TRACE ATAC-seq footprint calls with PWM MA1514.1 in GM12878
ENCSR127CWB,footprints,"Alan Boyle, University of Michigan",released,2022-12-07,GRCh38,,TRACE ATAC-seq footprint calls with PWM MA1513.1 in GM12878
ENCSR469SGG,footprints,"Alan Boyle, University of Michigan",released,2022-12-07,GRCh38,,TRACE ATAC-seq footprint calls with PWM MA1512.1 in GM12878
ENCSR384WOP,footprints,"Alan Boyle, University of Michigan",released,2022-12-06,GRCh38,,TRACE ATAC-seq footprint calls with PWM MA1511.1 in GM12878
ENCSR874BZI,footprints,"Alan Boyle, University of Michigan",released,2022-12-06,GRCh38,,TRACE ATAC-seq footprint calls with PWM MA1509.1 in GM12878
ENCSR024YSS,footprints,"Alan Boyle, University of Michigan",released,2022-12-06,GRCh38,,TRACE ATAC-seq footprint calls with PWM MA1508.1 in GM12878
ENCSR582FMX,footprints,"Alan Boyle, University of Michigan",released,2022-12-07,GRCh38,,TRACE ATAC-seq footprint calls with PWM MA1506.1 in GM12878
ENCSR827KUT,footprints,"Alan Boyle, University of Michigan",released,2022-12-07,GRCh38,,TRACE ATAC-seq footprint calls with PWM MA1505.1 in GM12878
ENCSR893YPW,footprints,"Alan Boyle, University of Michigan",released,2022-12-06,GRCh38,,TRACE ATAC-seq footprint calls with PWM MA1503.1 in GM12878
ENCSR384LXW,footprints,"Alan Boyle, University of Michigan",released,2022-12-06,GRCh38,,TRACE ATAC-seq footprint calls with PWM MA1502.1 in GM12878
ENCSR013JHH,footprints,"Alan Boyle, University of Michigan",released,2022-12-06,GRCh38,,TRACE ATAC-seq footprint calls with PWM MA1501.1 in GM12878
ENCSR046WMB,footprints,"Alan Boyle, University of Michigan",released,2022-12-06,GRCh38,,TRACE ATAC-seq footprint calls with PWM MA1499.1 in GM12878
ENCSR004GTD,footprints,"Alan Boyle, University of Michigan",released,2022-12-06,GRCh38,,TRACE ATAC-seq footprint calls with PWM MA1498.1 in GM12878
ENCSR067MNQ,footprints,"Alan Boyle, University of Michigan",released,2022-12-06,GRCh38,,TRACE ATAC-seq footprint calls with PWM MA1496.1 in GM12878
ENCSR334TXA,footprints,"Alan Boyle, University of Michigan",released,2022-12-05,GRCh38,,TRACE ATAC-seq footprint calls with PWM MA1495.1 in GM12878
ENCSR385VGE,footprints,"Alan Boyle, University of Michigan",released,2022-12-06,GRCh38,,TRACE ATAC-seq footprint calls with PWM MA1493.1 in GM12878
ENCSR633GHG,footprints,"Alan Boyle, University of Michigan",released,2022-12-06,GRCh38,,TRACE ATAC-seq footprint calls with PWM MA1491.1 in GM12878
ENCSR305GUL,footprints,"Alan Boyle, University of Michigan",released,2022-11-30,GRCh38,,TRACE ATAC-seq footprint calls with PWM MA1489.1 in GM12878
ENCSR058NZJ,footprints,"Alan Boyle, University of Michigan",released,2022-12-06,GRCh38,,TRACE ATAC-seq footprint calls with PWM MA1487.1 in GM12878
ENCSR504JUA,footprints,"Alan Boyle, University of Michigan",released,2022-12-06,GRCh38,,TRACE ATAC-seq footprint calls with PWM MA1485.1 in GM12878
ENCSR367JUB,footprints,"Alan Boyle, University of Michigan",released,2022-12-06,GRCh38,,TRACE ATAC-seq footprint calls with PWM MA1484.1 in GM12878
ENCSR950EYA,footprints,"Alan Boyle, University of Michigan",released,2022-12-06,GRCh38,,TRACE ATAC-seq footprint calls with PWM MA1483.1 in GM12878
ENCSR475TBS,footprints,"Alan Boyle, University of Michigan",released,2022-12-05,GRCh38,,TRACE ATAC-seq footprint calls with PWM MA1481.1 in GM12878
ENCSR533TWD,footprints,"Alan Boyle, University of Michigan",released,2022-12-06,GRCh38,,TRACE ATAC-seq footprint calls with PWM MA1480.1 in GM12878
ENCSR860YJO,footprints,"Alan Boyle, University of Michigan",released,2022-12-06,GRCh38,,TRACE ATAC-seq footprint calls with PWM MA1479.1 in GM12878
ENCSR847RXA,footprints,"Alan Boyle, University of Michigan",released,2022-12-05,GRCh38,,TRACE ATAC-seq footprint calls with PWM MA1478.1 in GM12878
ENCSR223WBD,footprints,"Alan Boyle, University of Michigan",released,2022-12-06,GRCh38,,TRACE ATAC-seq footprint calls with PWM MA1474.1 in GM12878
ENCSR163UUV,footprints,"Alan Boyle, University of Michigan",released,2022-12-06,GRCh38,,TRACE ATAC-seq footprint calls with PWM MA1473.1 in GM12878
ENCSR423TSA,footprints,"Alan Boyle, University of Michigan",released,2022-12-07,GRCh38,,TRACE ATAC-seq footprint calls with PWM MA1468.1 in GM12878
ENCSR662SKD,footprints,"Alan Boyle, University of Michigan",released,2022-12-05,GRCh38,,TRACE ATAC-seq footprint calls with PWM MA1466.1 in GM12878
ENCSR399PIV,footprints,"Alan Boyle, University of Michigan",released,2022-12-06,GRCh38,,TRACE ATAC-seq footprint calls with PWM MA1464.1 in GM12878
ENCSR977XDN,footprints,"Alan Boyle, University of Michigan",released,2022-12-06,GRCh38,,TRACE ATAC-seq footprint calls with PWM MA1463.1 in GM12878
ENCSR253HZZ,footprints,"Alan Boyle, University of Michigan",released,2022-12-06,GRCh38,,TRACE ATAC-seq footprint calls with PWM MA1421.1 in GM12878
ENCSR607WDX,footprints,"Alan Boyle, University of Michigan",released,2022-12-06,GRCh38,,TRACE ATAC-seq footprint calls with PWM MA1420.1 in GM12878
ENCSR976DLA,footprints,"Alan Boyle, University of Michigan",released,2022-12-06,GRCh38,,TRACE ATAC-seq footprint calls with PWM MA1419.1 in GM12878
ENCSR133CVL,footprints,"Alan Boyle, University of Michigan",released,2022-12-06,GRCh38,,TRACE ATAC-seq footprint calls with PWM MA1418.1 in GM12878
ENCSR292GHR,footprints,"Alan Boyle, University of Michigan",released,2022-12-06,GRCh38,,TRACE ATAC-seq footprint calls with PWM MA1155.1 in GM12878
ENCSR527ITN,footprints,"Alan Boyle, University of Michigan",released,2022-12-06,GRCh38,,TRACE ATAC-seq footprint calls with PWM MA1154.1 in GM12878
ENCSR503FZN,footprints,"Alan Boyle, University of Michigan",released,2022-12-06,GRCh38,,TRACE ATAC-seq footprint calls with PWM MA1153.1 in GM12878
ENCSR698AZI,footprints,"Alan Boyle, University of Michigan",released,2022-12-06,GRCh38,,TRACE ATAC-seq footprint calls with PWM MA1151.1 in GM12878
ENCSR074MVT,footprints,"Alan Boyle, University of Michigan",released,2022-12-06,GRCh38,,TRACE ATAC-seq footprint calls with PWM MA1150.1 in GM12878
ENCSR099MMA,footprints,"Alan Boyle, University of Michigan",released,2022-12-06,GRCh38,,TRACE ATAC-seq footprint calls with PWM MA1149.1 in GM12878
ENCSR369NEK,footprints,"Alan Boyle, University of Michigan",released,2022-12-06,GRCh38,,TRACE ATAC-seq footprint calls with PWM MA1148.1 in GM12878
ENCSR680XLM,footprints,"Alan Boyle, University of Michigan",released,2022-12-06,GRCh38,,TRACE ATAC-seq footprint calls with PWM MA1147.1 in GM12878
ENCSR136WJI,footprints,"Alan Boyle, University of Michigan",released,2022-12-05,GRCh38,,TRACE ATAC-seq footprint calls with PWM MA1146.1 in GM12878
ENCSR233SJW,footprints,"Alan Boyle, University of Michigan",released,2022-12-06,GRCh38,,TRACE ATAC-seq footprint calls with PWM MA1144.1 in GM12878
ENCSR028SRZ,footprints,"Alan Boyle, University of Michigan",released,2022-12-06,GRCh38,,TRACE ATAC-seq footprint calls with PWM MA1142.1 in GM12878
ENCSR114OZK,footprints,"Alan Boyle, University of Michigan",released,2022-12-05,GRCh38,,TRACE ATAC-seq footprint calls with PWM MA1141.1 in GM12878
ENCSR225NIA,footprints,"Alan Boyle, University of Michigan",released,2022-12-06,GRCh38,,TRACE ATAC-seq footprint calls with PWM MA1138.1 in GM12878
ENCSR716DYN,footprints,"Alan Boyle, University of Michigan",released,2022-11-30,GRCh38,,TRACE ATAC-seq footprint calls with PWM MA1137.1 in GM12878
ENCSR034FTE,footprints,"Alan Boyle, University of Michigan",released,2022-12-06,GRCh38,,TRACE ATAC-seq footprint calls with PWM MA1135.1 in GM12878
ENCSR887KUP,footprints,"Alan Boyle, University of Michigan",released,2022-12-06,GRCh38,,TRACE ATAC-seq footprint calls with PWM MA1134.1 in GM12878
ENCSR076PLF,footprints,"Alan Boyle, University of Michigan",released,2022-12-06,GRCh38,,TRACE ATAC-seq footprint calls with PWM MA1132.1 in GM12878
ENCSR886SBC,footprints,"Alan Boyle, University of Michigan",released,2022-12-06,GRCh38,,TRACE ATAC-seq footprint calls with PWM MA1130.1 in GM12878
ENCSR088XMA,footprints,"Alan Boyle, University of Michigan",released,2022-12-06,GRCh38,,TRACE ATAC-seq footprint calls with PWM MA1128.1 in GM12878
ENCSR326YOE,footprints,"Alan Boyle, University of Michigan",released,2022-12-06,GRCh38,,TRACE ATAC-seq footprint calls with PWM MA1127.1 in GM12878
ENCSR347YJG,footprints,"Alan Boyle, University of Michigan",released,2022-12-06,GRCh38,,TRACE ATAC-seq footprint calls with PWM MA1125.1 in GM12878
ENCSR569GZQ,footprints,"Alan Boyle, University of Michigan",released,2022-11-30,GRCh38,,TRACE ATAC-seq footprint calls with PWM MA1124.1 in GM12878
ENCSR833NVK,footprints,"Alan Boyle, University of Michigan",released,2022-12-06,GRCh38,,TRACE ATAC-seq footprint calls with PWM MA1123.2 in GM12878
ENCSR274NYS,footprints,"Alan Boyle, University of Michigan",released,2022-12-05,GRCh38,,TRACE ATAC-seq footprint calls with PWM MA1122.1 in GM12878
ENCSR537ISZ,footprints,"Alan Boyle, University of Michigan",released,2022-12-06,GRCh38,,TRACE ATAC-seq footprint calls with PWM MA1121.1 in GM12878
ENCSR677PLW,footprints,"Alan Boyle, University of Michigan",released,2022-12-07,GRCh38,,TRACE ATAC-seq footprint calls with PWM MA1120.1 in GM12878
ENCSR197TRY,footprints,"Alan Boyle, University of Michigan",released,2022-12-06,GRCh38,,TRACE ATAC-seq footprint calls with PWM MA1119.1 in GM12878
ENCSR906IRF,footprints,"Alan Boyle, University of Michigan",released,2022-12-06,GRCh38,,TRACE ATAC-seq footprint calls with PWM MA1118.1 in GM12878
ENCSR632CHS,footprints,"Alan Boyle, University of Michigan",released,2022-12-06,GRCh38,,TRACE ATAC-seq footprint calls with PWM MA1117.1 in GM12878
ENCSR008IXW,footprints,"Alan Boyle, University of Michigan",released,2022-12-07,GRCh38,,TRACE ATAC-seq footprint calls with PWM MA1116.1 in GM12878
ENCSR456XGK,footprints,"Alan Boyle, University of Michigan",released,2022-12-06,GRCh38,,TRACE ATAC-seq footprint calls with PWM MA1114.1 in GM12878
ENCSR158QPO,footprints,"Alan Boyle, University of Michigan",released,2022-12-06,GRCh38,,TRACE ATAC-seq footprint calls with PWM MA1113.2 in GM12878
ENCSR823RKA,footprints,"Alan Boyle, University of Michigan",released,2022-12-06,GRCh38,,TRACE ATAC-seq footprint calls with PWM MA1112.2 in GM12878
ENCSR380FHL,footprints,"Alan Boyle, University of Michigan",released,2022-12-06,GRCh38,,TRACE ATAC-seq footprint calls with PWM MA1111.1 in GM12878
ENCSR679UGO,footprints,"Alan Boyle, University of Michigan",released,2022-12-06,GRCh38,,TRACE ATAC-seq footprint calls with PWM MA1110.1 in GM12878
ENCSR772NLG,footprints,"Alan Boyle, University of Michigan",released,2022-12-06,GRCh38,,TRACE ATAC-seq footprint calls with PWM MA1109.1 in GM12878
ENCSR369AVR,footprints,"Alan Boyle, University of Michigan",released,2022-12-06,GRCh38,,TRACE ATAC-seq footprint calls with PWM MA1108.2 in GM12878
ENCSR323MMN,footprints,"Alan Boyle, University of Michigan",released,2022-12-06,GRCh38,,TRACE ATAC-seq footprint calls with PWM MA1107.2 in GM12878
ENCSR649KFL,footprints,"Alan Boyle, University of Michigan",released,2022-12-06,GRCh38,,TRACE ATAC-seq footprint calls with PWM MA1106.1 in GM12878
ENCSR763JJW,footprints,"Alan Boyle, University of Michigan",released,2022-12-06,GRCh38,,TRACE ATAC-seq footprint calls with PWM MA1105.2 in GM12878
ENCSR332OZS,footprints,"Alan Boyle, University of Michigan",released,2022-12-06,GRCh38,,TRACE ATAC-seq footprint calls with PWM MA1104.2 in GM12878
ENCSR031OLL,footprints,"Alan Boyle, University of Michigan",released,2022-12-05,GRCh38,,TRACE ATAC-seq footprint calls with PWM MA1102.2 in GM12878
ENCSR919SML,footprints,"Alan Boyle, University of Michigan",released,2022-12-06,GRCh38,,TRACE ATAC-seq footprint calls with PWM MA1101.2 in GM12878
ENCSR258FLA,footprints,"Alan Boyle, University of Michigan",released,2022-12-06,GRCh38,,TRACE ATAC-seq footprint calls with PWM MA1100.2 in GM12878
ENCSR309HFV,footprints,"Alan Boyle, University of Michigan",released,2022-12-06,GRCh38,,TRACE ATAC-seq footprint calls with PWM MA1099.2 in GM12878
ENCSR957CPA,footprints,"Alan Boyle, University of Michigan",released,2022-12-07,GRCh38,,TRACE ATAC-seq footprint calls with PWM MA0913.2 in GM12878
ENCSR259TVO,footprints,"Alan Boyle, University of Michigan",released,2022-12-06,GRCh38,,TRACE ATAC-seq footprint calls with PWM MA0912.2 in GM12878
ENCSR816MOY,footprints,"Alan Boyle, University of Michigan",released,2022-12-06,GRCh38,,TRACE ATAC-seq footprint calls with PWM MA0911.1 in GM12878
ENCSR036NSX,footprints,"Alan Boyle, University of Michigan",released,2022-11-30,GRCh38,,TRACE ATAC-seq footprint calls with PWM MA0910.2 in GM12878
ENCSR335SIK,footprints,"Alan Boyle, University of Michigan",released,2022-12-06,GRCh38,,TRACE ATAC-seq footprint calls with PWM MA0909.2 in GM12878
ENCSR998ADW,footprints,"Alan Boyle, University of Michigan",released,2022-12-06,GRCh38,,TRACE ATAC-seq footprint calls with PWM MA0908.1 in GM12878
ENCSR805WSV,footprints,"Alan Boyle, University of Michigan",released,2022-12-06,GRCh38,,TRACE ATAC-seq footprint calls with PWM MA0907.1 in GM12878
ENCSR929PGS,footprints,"Alan Boyle, University of Michigan",released,2022-12-06,GRCh38,,TRACE ATAC-seq footprint calls with PWM MA0906.1 in GM12878
ENCSR007CBY,footprints,"Alan Boyle, University of Michigan",released,2022-12-06,GRCh38,,TRACE ATAC-seq footprint calls with PWM MA0905.1 in GM12878
ENCSR822RUS,footprints,"Alan Boyle, University of Michigan",released,2022-12-06,GRCh38,,TRACE ATAC-seq footprint calls with PWM MA0904.2 in GM12878
ENCSR070JKV,footprints,"Alan Boyle, University of Michigan",released,2022-12-07,GRCh38,,TRACE ATAC-seq footprint calls with PWM MA0902.2 in GM12878
ENCSR575NJX,footprints,"Alan Boyle, University of Michigan",released,2022-12-05,GRCh38,,TRACE ATAC-seq footprint calls with PWM MA0900.2 in GM12878
ENCSR041YJV,footprints,"Alan Boyle, University of Michigan",released,2022-12-06,GRCh38,,TRACE ATAC-seq footprint calls with PWM MA0898.1 in GM12878
ENCSR802QNF,footprints,"Alan Boyle, University of Michigan",released,2022-12-05,GRCh38,,TRACE ATAC-seq footprint calls with PWM MA0897.1 in GM12878
ENCSR474MAH,footprints,"Alan Boyle, University of Michigan",released,2022-12-06,GRCh38,,TRACE ATAC-seq footprint calls with PWM MA0896.1 in GM12878
ENCSR139VXT,footprints,"Alan Boyle, University of Michigan",released,2022-12-06,GRCh38,,TRACE ATAC-seq footprint calls with PWM MA0894.1 in GM12878
ENCSR818HSU,footprints,"Alan Boyle, University of Michigan",released,2022-12-06,GRCh38,,TRACE ATAC-seq footprint calls with PWM MA0890.1 in GM12878
ENCSR446WMG,footprints,"Alan Boyle, University of Michigan",released,2022-12-06,GRCh38,,TRACE ATAC-seq footprint calls with PWM MA0889.1 in GM12878
ENCSR727WHW,footprints,"Alan Boyle, University of Michigan",released,2022-12-06,GRCh38,,TRACE ATAC-seq footprint calls with PWM MA0888.1 in GM12878
ENCSR774EFS,footprints,"Alan Boyle, University of Michigan",released,2022-12-06,GRCh38,,TRACE ATAC-seq footprint calls with PWM MA0887.1 in GM12878
ENCSR244RQS,footprints,"Alan Boyle, University of Michigan",released,2022-12-05,GRCh38,,TRACE ATAC-seq footprint calls with PWM MA0886.1 in GM12878
ENCSR846RGY,footprints,"Alan Boyle, University of Michigan",released,2022-12-06,GRCh38,,TRACE ATAC-seq footprint calls with PWM MA0884.1 in GM12878
ENCSR509RTD,footprints,"Alan Boyle, University of Michigan",released,2022-12-06,GRCh38,,TRACE ATAC-seq footprint calls with PWM MA0883.1 in GM12878
ENCSR027FZX,footprints,"Alan Boyle, University of Michigan",released,2022-12-06,GRCh38,,TRACE ATAC-seq footprint calls with PWM MA0882.1 in GM12878
ENCSR841ZWI,footprints,"Alan Boyle, University of Michigan",released,2022-12-05,GRCh38,,TRACE ATAC-seq footprint calls with PWM MA0881.1 in GM12878
ENCSR954BJG,footprints,"Alan Boyle, University of Michigan",released,2022-12-06,GRCh38,,TRACE ATAC-seq footprint calls with PWM MA0880.1 in GM12878
ENCSR917OAZ,footprints,"Alan Boyle, University of Michigan",released,2022-12-07,GRCh38,,TRACE ATAC-seq footprint calls with PWM MA0879.1 in GM12878
ENCSR611NER,footprints,"Alan Boyle, University of Michigan",released,2022-12-06,GRCh38,,TRACE ATAC-seq footprint calls with PWM MA0878.2 in GM12878
ENCSR905YJH,footprints,"Alan Boyle, University of Michigan",released,2022-12-06,GRCh38,,TRACE ATAC-seq footprint calls with PWM MA0877.2 in GM12878
ENCSR436ECI,footprints,"Alan Boyle, University of Michigan",released,2022-12-05,GRCh38,,TRACE ATAC-seq footprint calls with PWM MA0876.1 in GM12878
ENCSR660IVG,footprints,"Alan Boyle, University of Michigan",released,2022-12-06,GRCh38,,TRACE ATAC-seq footprint calls with PWM MA0875.1 in GM12878
ENCSR715FNM,footprints,"Alan Boyle, University of Michigan",released,2022-12-05,GRCh38,,TRACE ATAC-seq footprint calls with PWM MA0874.1 in GM12878
ENCSR597SSD,footprints,"Alan Boyle, University of Michigan",released,2022-12-06,GRCh38,,TRACE ATAC-seq footprint calls with PWM MA0873.1 in GM12878
ENCSR588JKV,footprints,"Alan Boyle, University of Michigan",released,2022-12-06,GRCh38,,TRACE ATAC-seq footprint calls with PWM MA0871.2 in GM12878
ENCSR873UWO,footprints,"Alan Boyle, University of Michigan",released,2022-12-06,GRCh38,,TRACE ATAC-seq footprint calls with PWM MA0870.1 in GM12878
ENCSR921ISJ,footprints,"Alan Boyle, University of Michigan",released,2022-12-06,GRCh38,,TRACE ATAC-seq footprint calls with PWM MA0869.1 in GM12878
ENCSR673FHN,footprints,"Alan Boyle, University of Michigan",released,2022-12-06,GRCh38,,TRACE ATAC-seq footprint calls with PWM MA0868.2 in GM12878
ENCSR680NAQ,footprints,"Alan Boyle, University of Michigan",released,2022-12-05,GRCh38,,TRACE ATAC-seq footprint calls with PWM MA0867.2 in GM12878
ENCSR062RMG,footprints,"Alan Boyle, University of Michigan",released,2022-12-06,GRCh38,,TRACE ATAC-seq footprint calls with PWM MA0866.1 in GM12878
ENCSR156WNL,footprints,"Alan Boyle, University of Michigan",released,2022-12-06,GRCh38,,TRACE ATAC-seq footprint calls with PWM MA0865.1 in GM12878
ENCSR397PGM,footprints,"Alan Boyle, University of Michigan",released,2022-12-05,GRCh38,,TRACE ATAC-seq footprint calls with PWM MA0864.2 in GM12878
ENCSR011PZF,footprints,"Alan Boyle, University of Michigan",released,2022-12-05,GRCh38,,TRACE ATAC-seq footprint calls with PWM MA0863.1 in GM12878
ENCSR981COL,footprints,"Alan Boyle, University of Michigan",released,2022-12-06,GRCh38,,TRACE ATAC-seq footprint calls with PWM MA0862.1 in GM12878
ENCSR883PIB,footprints,"Alan Boyle, University of Michigan",released,2022-12-06,GRCh38,,TRACE ATAC-seq footprint calls with PWM MA0861.1 in GM12878
ENCSR894JRK,footprints,"Alan Boyle, University of Michigan",released,2022-12-05,GRCh38,,TRACE ATAC-seq footprint calls with PWM MA0859.1 in GM12878
ENCSR461QOB,footprints,"Alan Boyle, University of Michigan",released,2022-12-06,GRCh38,,TRACE ATAC-seq footprint calls with PWM MA0857.1 in GM12878
ENCSR160SNS,footprints,"Alan Boyle, University of Michigan",released,2022-12-05,GRCh38,,TRACE ATAC-seq footprint calls with PWM MA0856.1 in GM12878
ENCSR906XFX,footprints,"Alan Boyle, University of Michigan",released,2022-12-06,GRCh38,,TRACE ATAC-seq footprint calls with PWM MA0855.1 in GM12878
ENCSR065EMR,footprints,"Alan Boyle, University of Michigan",released,2022-12-07,GRCh38,,TRACE ATAC-seq footprint calls with PWM MA0854.1 in GM12878
ENCSR393CIM,footprints,"Alan Boyle, University of Michigan",released,2022-12-06,GRCh38,,TRACE ATAC-seq footprint calls with PWM MA0853.1 in GM12878
ENCSR712JCB,footprints,"Alan Boyle, University of Michigan",released,2022-12-06,GRCh38,,TRACE ATAC-seq footprint calls with PWM MA0852.2 in GM12878
ENCSR597BCO,footprints,"Alan Boyle, University of Michigan",released,2022-12-06,GRCh38,,TRACE ATAC-seq footprint calls with PWM MA0844.1 in GM12878
ENCSR628YNQ,footprints,"Alan Boyle, University of Michigan",released,2022-12-05,GRCh38,,TRACE ATAC-seq footprint calls with PWM MA0843.1 in GM12878
ENCSR406VSV,footprints,"Alan Boyle, University of Michigan",released,2022-12-05,GRCh38,,TRACE ATAC-seq footprint calls with PWM MA0842.2 in GM12878
ENCSR009MAV,footprints,"Alan Boyle, University of Michigan",released,2022-12-07,GRCh38,,TRACE ATAC-seq footprint calls with PWM MA0841.1 in GM12878
ENCSR110CIK,footprints,"Alan Boyle, University of Michigan",released,2022-12-06,GRCh38,,TRACE ATAC-seq footprint calls with PWM MA0840.1 in GM12878
ENCSR676EYT,footprints,"Alan Boyle, University of Michigan",released,2022-11-30,GRCh38,,TRACE ATAC-seq footprint calls with PWM MA0839.1 in GM12878
ENCSR432TIU,footprints,"Alan Boyle, University of Michigan",released,2022-12-05,GRCh38,,TRACE ATAC-seq footprint calls with PWM MA0838.1 in GM12878
ENCSR389QJB,footprints,"Alan Boyle, University of Michigan",released,2022-12-05,GRCh38,,TRACE ATAC-seq footprint calls with PWM MA0837.1 in GM12878
ENCSR804XVF,footprints,"Alan Boyle, University of Michigan",released,2022-12-06,GRCh38,,TRACE ATAC-seq footprint calls with PWM MA0836.2 in GM12878
ENCSR101AVG,footprints,"Alan Boyle, University of Michigan",released,2022-12-05,GRCh38,,TRACE ATAC-seq footprint calls with PWM MA0835.2 in GM12878
ENCSR732DJR,footprints,"Alan Boyle, University of Michigan",released,2022-12-06,GRCh38,,TRACE ATAC-seq footprint calls with PWM MA0834.1 in GM12878
ENCSR047XAE,footprints,"Alan Boyle, University of Michigan",released,2022-12-06,GRCh38,,TRACE ATAC-seq footprint calls with PWM MA0833.2 in GM12878
ENCSR375INX,footprints,"Alan Boyle, University of Michigan",released,2022-12-07,GRCh38,,TRACE ATAC-seq footprint calls with PWM MA0832.1 in GM12878
ENCSR598ZFC,footprints,"Alan Boyle, University of Michigan",released,2022-12-06,GRCh38,,TRACE ATAC-seq footprint calls with PWM MA0831.2 in GM12878
ENCSR892NGE,footprints,"Alan Boyle, University of Michigan",released,2022-12-06,GRCh38,,TRACE ATAC-seq footprint calls with PWM MA0830.2 in GM12878
ENCSR829TRI,footprints,"Alan Boyle, University of Michigan",released,2022-12-06,GRCh38,,TRACE ATAC-seq footprint calls with PWM MA0827.1 in GM12878
ENCSR919LZT,footprints,"Alan Boyle, University of Michigan",released,2022-12-05,GRCh38,,TRACE ATAC-seq footprint calls with PWM MA0826.1 in GM12878
ENCSR405DDF,footprints,"Alan Boyle, University of Michigan",released,2022-12-07,GRCh38,,TRACE ATAC-seq footprint calls with PWM MA0825.1 in GM12878
ENCSR803KYQ,footprints,"Alan Boyle, University of Michigan",released,2022-11-30,GRCh38,,TRACE ATAC-seq footprint calls with PWM MA0823.1 in GM12878
ENCSR072IJG,footprints,"Alan Boyle, University of Michigan",released,2022-12-07,GRCh38,,TRACE ATAC-seq footprint calls with PWM MA0822.1 in GM12878
ENCSR103PQW,footprints,"Alan Boyle, University of Michigan",released,2022-12-06,GRCh38,,TRACE ATAC-seq footprint calls with PWM MA0821.1 in GM12878
ENCSR759JHD,footprints,"Alan Boyle, University of Michigan",released,2022-12-07,GRCh38,,TRACE ATAC-seq footprint calls with PWM MA0820.1 in GM12878
ENCSR487YVF,footprints,"Alan Boyle, University of Michigan",released,2022-12-06,GRCh38,,TRACE ATAC-seq footprint calls with PWM MA0819.1 in GM12878
ENCSR027WUV,footprints,"Alan Boyle, University of Michigan",released,2022-12-06,GRCh38,,TRACE ATAC-seq footprint calls with PWM MA0818.1 in GM12878
ENCSR904HUE,footprints,"Alan Boyle, University of Michigan",released,2022-12-05,GRCh38,,TRACE ATAC-seq footprint calls with PWM MA0817.1 in GM12878
ENCSR977WCL,footprints,"Alan Boyle, University of Michigan",released,2022-12-06,GRCh38,,TRACE ATAC-seq footprint calls with PWM MA0816.1 in GM12878
ENCSR039XZQ,footprints,"Alan Boyle, University of Michigan",released,2022-12-07,GRCh38,,TRACE ATAC-seq footprint calls with PWM MA0811.1 in GM12878
ENCSR957NJO,footprints,"Alan Boyle, University of Michigan",released,2022-12-06,GRCh38,,TRACE ATAC-seq footprint calls with PWM MA0809.2 in GM12878
ENCSR838SUB,footprints,"Alan Boyle, University of Michigan",released,2022-12-06,GRCh38,,TRACE ATAC-seq footprint calls with PWM MA0808.1 in GM12878
ENCSR323MES,footprints,"Alan Boyle, University of Michigan",released,2022-12-06,GRCh38,,TRACE ATAC-seq footprint calls with PWM MA0805.1 in GM12878
ENCSR592EAU,footprints,"Alan Boyle, University of Michigan",released,2022-12-06,GRCh38,,TRACE ATAC-seq footprint calls with PWM MA0804.1 in GM12878
ENCSR877OLA,footprints,"Alan Boyle, University of Michigan",released,2022-12-06,GRCh38,,TRACE ATAC-seq footprint calls with PWM MA0803.1 in GM12878
ENCSR277WSR,footprints,"Alan Boyle, University of Michigan",released,2022-12-06,GRCh38,,TRACE ATAC-seq footprint calls with PWM MA0802.1 in GM12878
ENCSR423LJB,footprints,"Alan Boyle, University of Michigan",released,2022-12-06,GRCh38,,TRACE ATAC-seq footprint calls with PWM MA0801.1 in GM12878
ENCSR771HAH,footprints,"Alan Boyle, University of Michigan",released,2022-12-06,GRCh38,,TRACE ATAC-seq footprint calls with PWM MA0800.1 in GM12878
ENCSR051QDP,footprints,"Alan Boyle, University of Michigan",released,2022-12-06,GRCh38,,TRACE ATAC-seq footprint calls with PWM MA0799.1 in GM12878
ENCSR965WRS,footprints,"Alan Boyle, University of Michigan",released,2022-12-06,GRCh38,,TRACE ATAC-seq footprint calls with PWM MA0798.2 in GM12878
ENCSR209VOQ,footprints,"Alan Boyle, University of Michigan",released,2022-12-06,GRCh38,,TRACE ATAC-seq footprint calls with PWM MA0797.1 in GM12878
ENCSR268NXQ,footprints,"Alan Boyle, University of Michigan",released,2022-12-07,GRCh38,,TRACE ATAC-seq footprint calls with PWM MA0796.1 in GM12878
ENCSR826HGS,footprints,"Alan Boyle, University of Michigan",released,2022-11-30,GRCh38,,TRACE ATAC-seq footprint calls with PWM MA0795.1 in GM12878
ENCSR422UOP,footprints,"Alan Boyle, University of Michigan",released,2022-12-06,GRCh38,,TRACE ATAC-seq footprint calls with PWM MA0794.1 in GM12878
ENCSR243JER,footprints,"Alan Boyle, University of Michigan",released,2022-12-07,GRCh38,,TRACE ATAC-seq footprint calls with PWM MA0793.1 in GM12878
ENCSR516UFW,footprints,"Alan Boyle, University of Michigan",released,2022-12-07,GRCh38,,TRACE ATAC-seq footprint calls with PWM MA0791.1 in GM12878
ENCSR974FLE,footprints,"Alan Boyle, University of Michigan",released,2022-12-06,GRCh38,,TRACE ATAC-seq footprint calls with PWM MA0789.1 in GM12878
ENCSR145ONF,footprints,"Alan Boyle, University of Michigan",released,2022-12-06,GRCh38,,TRACE ATAC-seq footprint calls with PWM MA0785.1 in GM12878
ENCSR139TNQ,footprints,"Alan Boyle, University of Michigan",released,2022-12-06,GRCh38,,TRACE ATAC-seq footprint calls with PWM MA0784.1 in GM12878
ENCSR566QQQ,footprints,"Alan Boyle, University of Michigan",released,2022-12-06,GRCh38,,TRACE ATAC-seq footprint calls with PWM MA0783.1 in GM12878
ENCSR929QGU,footprints,"Alan Boyle, University of Michigan",released,2022-12-07,GRCh38,,TRACE ATAC-seq footprint calls with PWM MA0782.2 in GM12878
ENCSR392RBW,footprints,"Alan Boyle, University of Michigan",released,2022-12-06,GRCh38,,TRACE ATAC-seq footprint calls with PWM MA0781.1 in GM12878
ENCSR921NEU,footprints,"Alan Boyle, University of Michigan",released,2022-11-30,GRCh38,,TRACE ATAC-seq footprint calls with PWM MA0780.1 in GM12878
ENCSR571CTD,footprints,"Alan Boyle, University of Michigan",released,2022-12-05,GRCh38,,TRACE ATAC-seq footprint calls with PWM MA0779.1 in GM12878
ENCSR208MBH,footprints,"Alan Boyle, University of Michigan",released,2022-12-06,GRCh38,,TRACE ATAC-seq footprint calls with PWM MA0778.1 in GM12878
ENCSR553JFA,footprints,"Alan Boyle, University of Michigan",released,2022-11-30,GRCh38,,TRACE ATAC-seq footprint calls with PWM MA0777.1 in GM12878
ENCSR396DSJ,footprints,"Alan Boyle, University of Michigan",released,2022-12-07,GRCh38,,TRACE ATAC-seq footprint calls with PWM MA0776.1 in GM12878
ENCSR627RDV,footprints,"Alan Boyle, University of Michigan",released,2022-12-07,GRCh38,,TRACE ATAC-seq footprint calls with PWM MA0774.1 in GM12878
ENCSR471AHG,footprints,"Alan Boyle, University of Michigan",released,2022-12-06,GRCh38,,TRACE ATAC-seq footprint calls with PWM MA0773.1 in GM12878
ENCSR307HUK,footprints,"Alan Boyle, University of Michigan",released,2022-12-06,GRCh38,,TRACE ATAC-seq footprint calls with PWM MA0772.1 in GM12878
ENCSR658FFE,footprints,"Alan Boyle, University of Michigan",released,2022-12-05,GRCh38,,TRACE ATAC-seq footprint calls with PWM MA0771.1 in GM12878
ENCSR834WUP,footprints,"Alan Boyle, University of Michigan",released,2022-12-06,GRCh38,,TRACE ATAC-seq footprint calls with PWM MA0770.1 in GM12878
ENCSR614DUJ,footprints,"Alan Boyle, University of Michigan",released,2022-11-30,GRCh38,,TRACE ATAC-seq footprint calls with PWM MA0769.2 in GM12878
ENCSR129OLQ,footprints,"Alan Boyle, University of Michigan",released,2022-12-07,GRCh38,,TRACE ATAC-seq footprint calls with PWM MA0768.1 in GM12878
ENCSR031DRN,footprints,"Alan Boyle, University of Michigan",released,2022-12-06,GRCh38,,TRACE ATAC-seq footprint calls with PWM MA0767.1 in GM12878
ENCSR578GQW,footprints,"Alan Boyle, University of Michigan",released,2022-12-06,GRCh38,,TRACE ATAC-seq footprint calls with PWM MA0766.2 in GM12878
ENCSR794ICS,footprints,"Alan Boyle, University of Michigan",released,2022-12-07,GRCh38,,TRACE ATAC-seq footprint calls with PWM MA0765.2 in GM12878
ENCSR652WZH,footprints,"Alan Boyle, University of Michigan",released,2022-12-06,GRCh38,,TRACE ATAC-seq footprint calls with PWM MA0764.2 in GM12878
ENCSR084HDC,footprints,"Alan Boyle, University of Michigan",released,2022-12-06,GRCh38,,TRACE ATAC-seq footprint calls with PWM MA0763.1 in GM12878
ENCSR422RXB,footprints,"Alan Boyle, University of Michigan",released,2022-11-30,GRCh38,,TRACE ATAC-seq footprint calls with PWM MA0762.1 in GM12878
ENCSR858QIP,footprints,"Alan Boyle, University of Michigan",released,2022-12-06,GRCh38,,TRACE ATAC-seq footprint calls with PWM MA0761.2 in GM12878
ENCSR921WDB,footprints,"Alan Boyle, University of Michigan",released,2022-12-06,GRCh38,,TRACE ATAC-seq footprint calls with PWM MA0760.1 in GM12878
ENCSR764PGQ,footprints,"Alan Boyle, University of Michigan",released,2022-12-05,GRCh38,,TRACE ATAC-seq footprint calls with PWM MA0759.1 in GM12878
ENCSR988MRD,footprints,"Alan Boyle, University of Michigan",released,2022-12-06,GRCh38,,TRACE ATAC-seq footprint calls with PWM MA0758.1 in GM12878
ENCSR147UHB,footprints,"Alan Boyle, University of Michigan",released,2022-12-06,GRCh38,,TRACE ATAC-seq footprint calls with PWM MA0757.1 in GM12878
ENCSR031ZCO,footprints,"Alan Boyle, University of Michigan",released,2022-12-06,GRCh38,,TRACE ATAC-seq footprint calls with PWM MA0756.1 in GM12878
ENCSR554UNH,footprints,"Alan Boyle, University of Michigan",released,2022-12-06,GRCh38,,TRACE ATAC-seq footprint calls with PWM MA0755.1 in GM12878
ENCSR089OCO,footprints,"Alan Boyle, University of Michigan",released,2022-12-06,GRCh38,,TRACE ATAC-seq footprint calls with PWM MA0754.1 in GM12878
ENCSR036TWS,footprints,"Alan Boyle, University of Michigan",released,2022-11-30,GRCh38,,TRACE ATAC-seq footprint calls with PWM MA0753.2 in GM12878
ENCSR724DLH,footprints,"Alan Boyle, University of Michigan",released,2022-12-06,GRCh38,,TRACE ATAC-seq footprint calls with PWM MA0752.1 in GM12878
ENCSR597SFJ,footprints,"Alan Boyle, University of Michigan",released,2022-12-06,GRCh38,,TRACE ATAC-seq footprint calls with PWM MA0751.1 in GM12878
ENCSR835YLI,footprints,"Alan Boyle, University of Michigan",released,2022-12-05,GRCh38,,TRACE ATAC-seq footprint calls with PWM MA0750.2 in GM12878
ENCSR205QQD,footprints,"Alan Boyle, University of Michigan",released,2022-11-30,GRCh38,,TRACE ATAC-seq footprint calls with PWM MA0748.2 in GM12878
ENCSR259YKG,footprints,"Alan Boyle, University of Michigan",released,2022-12-06,GRCh38,,TRACE ATAC-seq footprint calls with PWM MA0747.1 in GM12878
ENCSR986KIQ,footprints,"Alan Boyle, University of Michigan",released,2022-12-06,GRCh38,,TRACE ATAC-seq footprint calls with PWM MA0746.2 in GM12878
ENCSR423GTE,footprints,"Alan Boyle, University of Michigan",released,2022-12-06,GRCh38,,TRACE ATAC-seq footprint calls with PWM MA0745.2 in GM12878
ENCSR171PPT,footprints,"Alan Boyle, University of Michigan",released,2022-12-07,GRCh38,,TRACE ATAC-seq footprint calls with PWM MA0744.2 in GM12878
ENCSR138QYL,footprints,"Alan Boyle, University of Michigan",released,2022-12-06,GRCh38,,TRACE ATAC-seq footprint calls with PWM MA0743.2 in GM12878
ENCSR679SSU,footprints,"Alan Boyle, University of Michigan",released,2022-12-07,GRCh38,,TRACE ATAC-seq footprint calls with PWM MA0742.1 in GM12878
ENCSR665TSL,footprints,"Alan Boyle, University of Michigan",released,2022-12-07,GRCh38,,TRACE ATAC-seq footprint calls with PWM MA0741.1 in GM12878
ENCSR130MHT,footprints,"Alan Boyle, University of Michigan",released,2022-12-06,GRCh38,,TRACE ATAC-seq footprint calls with PWM MA0740.1 in GM12878
ENCSR154AUV,footprints,"Alan Boyle, University of Michigan",released,2022-12-06,GRCh38,,TRACE ATAC-seq footprint calls with PWM MA0739.1 in GM12878
ENCSR580GEZ,footprints,"Alan Boyle, University of Michigan",released,2022-12-06,GRCh38,,TRACE ATAC-seq footprint calls with PWM MA0738.1 in GM12878
ENCSR728HRX,footprints,"Alan Boyle, University of Michigan",released,2022-12-07,GRCh38,,TRACE ATAC-seq footprint calls with PWM MA0737.1 in GM12878
ENCSR010WOD,footprints,"Alan Boyle, University of Michigan",released,2022-12-07,GRCh38,,TRACE ATAC-seq footprint calls with PWM MA0736.1 in GM12878
ENCSR445GVG,footprints,"Alan Boyle, University of Michigan",released,2022-12-06,GRCh38,,TRACE ATAC-seq footprint calls with PWM MA0735.1 in GM12878
ENCSR508AGQ,footprints,"Alan Boyle, University of Michigan",released,2022-12-06,GRCh38,,TRACE ATAC-seq footprint calls with PWM MA0734.2 in GM12878
ENCSR373XMF,footprints,"Alan Boyle, University of Michigan",released,2022-12-06,GRCh38,,TRACE ATAC-seq footprint calls with PWM MA0733.1 in GM12878
ENCSR348GCD,footprints,"Alan Boyle, University of Michigan",released,2022-12-06,GRCh38,,TRACE ATAC-seq footprint calls with PWM MA0732.1 in GM12878
ENCSR072LWC,footprints,"Alan Boyle, University of Michigan",released,2022-12-06,GRCh38,,TRACE ATAC-seq footprint calls with PWM MA0731.1 in GM12878
ENCSR525ZPR,footprints,"Alan Boyle, University of Michigan",released,2022-12-06,GRCh38,,TRACE ATAC-seq footprint calls with PWM MA0729.1 in GM12878
ENCSR591LUP,footprints,"Alan Boyle, University of Michigan",released,2022-11-30,GRCh38,,TRACE ATAC-seq footprint calls with PWM MA0727.1 in GM12878
ENCSR219OQH,footprints,"Alan Boyle, University of Michigan",released,2022-12-06,GRCh38,,TRACE ATAC-seq footprint calls with PWM MA0726.1 in GM12878
ENCSR267DZX,footprints,"Alan Boyle, University of Michigan",released,2022-12-06,GRCh38,,TRACE ATAC-seq footprint calls with PWM MA0724.1 in GM12878
ENCSR949JVE,footprints,"Alan Boyle, University of Michigan",released,2022-12-06,GRCh38,,TRACE ATAC-seq footprint calls with PWM MA0715.1 in GM12878
ENCSR248WQX,footprints,"Alan Boyle, University of Michigan",released,2022-12-06,GRCh38,,TRACE ATAC-seq footprint calls with PWM MA0714.1 in GM12878
ENCSR919WQB,footprints,"Alan Boyle, University of Michigan",released,2022-12-05,GRCh38,,TRACE ATAC-seq footprint calls with PWM MA0712.2 in GM12878
ENCSR709GNJ,footprints,"Alan Boyle, University of Michigan",released,2022-12-06,GRCh38,,TRACE ATAC-seq footprint calls with PWM MA0711.1 in GM12878
ENCSR781QIF,footprints,"Alan Boyle, University of Michigan",released,2022-11-30,GRCh38,,TRACE ATAC-seq footprint calls with PWM MA0710.1 in GM12878
ENCSR189PIG,footprints,"Alan Boyle, University of Michigan",released,2022-12-06,GRCh38,,TRACE ATAC-seq footprint calls with PWM MA0705.1 in GM12878
ENCSR254JEJ,footprints,"Alan Boyle, University of Michigan",released,2022-12-06,GRCh38,,TRACE ATAC-seq footprint calls with PWM MA0703.2 in GM12878
ENCSR826MWF,footprints,"Alan Boyle, University of Michigan",released,2022-12-07,GRCh38,,TRACE ATAC-seq footprint calls with PWM MA0702.2 in GM12878
ENCSR867YQX,footprints,"Alan Boyle, University of Michigan",released,2022-12-06,GRCh38,,TRACE ATAC-seq footprint calls with PWM MA0701.2 in GM12878
ENCSR005OZN,footprints,"Alan Boyle, University of Michigan",released,2022-12-06,GRCh38,,TRACE ATAC-seq footprint calls with PWM MA0700.2 in GM12878
ENCSR467IMX,footprints,"Alan Boyle, University of Michigan",released,2022-12-06,GRCh38,,TRACE ATAC-seq footprint calls with PWM MA0699.1 in GM12878
ENCSR405XXV,footprints,"Alan Boyle, University of Michigan",released,2022-12-07,GRCh38,,TRACE ATAC-seq footprint calls with PWM MA0698.1 in GM12878
ENCSR430NFT,footprints,"Alan Boyle, University of Michigan",released,2022-12-05,GRCh38,,TRACE ATAC-seq footprint calls with PWM MA0697.1 in GM12878
ENCSR197FBD,footprints,"Alan Boyle, University of Michigan",released,2022-12-06,GRCh38,,TRACE ATAC-seq footprint calls with PWM MA0696.1 in GM12878
ENCSR495DUN,footprints,"Alan Boyle, University of Michigan",released,2022-12-05,GRCh38,,TRACE ATAC-seq footprint calls with PWM MA0695.1 in GM12878
ENCSR184HYW,footprints,"Alan Boyle, University of Michigan",released,2022-12-06,GRCh38,,TRACE ATAC-seq footprint calls with PWM MA0694.1 in GM12878
ENCSR641SZI,footprints,"Alan Boyle, University of Michigan",released,2022-12-05,GRCh38,,TRACE ATAC-seq footprint calls with PWM MA0692.1 in GM12878
ENCSR999RNE,footprints,"Alan Boyle, University of Michigan",released,2022-12-06,GRCh38,,TRACE ATAC-seq footprint calls with PWM MA0691.1 in GM12878
ENCSR986XRW,footprints,"Alan Boyle, University of Michigan",released,2022-12-05,GRCh38,,TRACE ATAC-seq footprint calls with PWM MA0690.1 in GM12878
ENCSR756LUR,footprints,"Alan Boyle, University of Michigan",released,2022-12-05,GRCh38,,TRACE ATAC-seq footprint calls with PWM MA0689.1 in GM12878
ENCSR978ESU,footprints,"Alan Boyle, University of Michigan",released,2022-12-06,GRCh38,,TRACE ATAC-seq footprint calls with PWM MA0688.1 in GM12878
ENCSR048BCH,footprints,"Alan Boyle, University of Michigan",released,2022-12-06,GRCh38,,TRACE ATAC-seq footprint calls with PWM MA0687.1 in GM12878
ENCSR390LID,footprints,"Alan Boyle, University of Michigan",released,2022-11-30,GRCh38,,TRACE ATAC-seq footprint calls with PWM MA0686.1 in GM12878
ENCSR706DSP,footprints,"Alan Boyle, University of Michigan",released,2022-12-07,GRCh38,,TRACE ATAC-seq footprint calls with PWM MA0685.1 in GM12878
ENCSR656AYU,footprints,"Alan Boyle, University of Michigan",released,2022-12-06,GRCh38,,TRACE ATAC-seq footprint calls with PWM MA0684.2 in GM12878
ENCSR360GWB,footprints,"Alan Boyle, University of Michigan",released,2022-12-06,GRCh38,,TRACE ATAC-seq footprint calls with PWM MA0683.1 in GM12878
ENCSR584WHD,footprints,"Alan Boyle, University of Michigan",released,2022-12-06,GRCh38,,TRACE ATAC-seq footprint calls with PWM MA0682.2 in GM12878
ENCSR998UVK,footprints,"Alan Boyle, University of Michigan",released,2022-12-05,GRCh38,,TRACE ATAC-seq footprint calls with PWM MA0681.2 in GM12878
ENCSR405GFP,footprints,"Alan Boyle, University of Michigan",released,2022-12-06,GRCh38,,TRACE ATAC-seq footprint calls with PWM MA0680.1 in GM12878
ENCSR045RYQ,footprints,"Alan Boyle, University of Michigan",released,2022-11-30,GRCh38,,TRACE ATAC-seq footprint calls with PWM MA0679.2 in GM12878
ENCSR228FRH,footprints,"Alan Boyle, University of Michigan",released,2022-12-06,GRCh38,,TRACE ATAC-seq footprint calls with PWM MA0678.1 in GM12878
ENCSR374SOC,footprints,"Alan Boyle, University of Michigan",released,2022-11-30,GRCh38,,TRACE ATAC-seq footprint calls with PWM MA0677.1 in GM12878
ENCSR221PGU,footprints,"Alan Boyle, University of Michigan",released,2022-12-06,GRCh38,,TRACE ATAC-seq footprint calls with PWM MA0676.1 in GM12878
ENCSR560HEW,footprints,"Alan Boyle, University of Michigan",released,2022-12-06,GRCh38,,TRACE ATAC-seq footprint calls with PWM MA0672.1 in GM12878
ENCSR978CVB,footprints,"Alan Boyle, University of Michigan",released,2022-12-06,GRCh38,,TRACE ATAC-seq footprint calls with PWM MA0671.1 in GM12878
ENCSR694VUE,footprints,"Alan Boyle, University of Michigan",released,2022-12-06,GRCh38,,TRACE ATAC-seq footprint calls with PWM MA0670.1 in GM12878
ENCSR114IET,footprints,"Alan Boyle, University of Michigan",released,2022-12-05,GRCh38,,TRACE ATAC-seq footprint calls with PWM MA0669.1 in GM12878
ENCSR223OCT,footprints,"Alan Boyle, University of Michigan",released,2022-11-30,GRCh38,,TRACE ATAC-seq footprint calls with PWM MA0668.1 in GM12878
ENCSR547JCY,footprints,"Alan Boyle, University of Michigan",released,2022-12-06,GRCh38,,TRACE ATAC-seq footprint calls with PWM MA0667.1 in GM12878
ENCSR972HJE,footprints,"Alan Boyle, University of Michigan",released,2022-11-30,GRCh38,,TRACE ATAC-seq footprint calls with PWM MA0666.1 in GM12878
ENCSR879DFB,footprints,"Alan Boyle, University of Michigan",released,2022-12-06,GRCh38,,TRACE ATAC-seq footprint calls with PWM MA0665.1 in GM12878
ENCSR886PXF,footprints,"Alan Boyle, University of Michigan",released,2022-12-06,GRCh38,,TRACE ATAC-seq footprint calls with PWM MA0664.1 in GM12878
ENCSR320LBI,footprints,"Alan Boyle, University of Michigan",released,2022-12-06,GRCh38,,TRACE ATAC-seq footprint calls with PWM MA0663.1 in GM12878
ENCSR866UWM,footprints,"Alan Boyle, University of Michigan",released,2022-12-06,GRCh38,,TRACE ATAC-seq footprint calls with PWM MA0661.1 in GM12878
ENCSR282NDF,footprints,"Alan Boyle, University of Michigan",released,2022-12-06,GRCh38,,TRACE ATAC-seq footprint calls with PWM MA0660.1 in GM12878
ENCSR512JEL,footprints,"Alan Boyle, University of Michigan",released,2022-12-06,GRCh38,,TRACE ATAC-seq footprint calls with PWM MA0659.2 in GM12878
ENCSR697LYM,footprints,"Alan Boyle, University of Michigan",released,2022-12-06,GRCh38,,TRACE ATAC-seq footprint calls with PWM MA0658.1 in GM12878
ENCSR487OCX,footprints,"Alan Boyle, University of Michigan",released,2022-12-06,GRCh38,,TRACE ATAC-seq footprint calls with PWM MA0657.1 in GM12878
ENCSR079UXD,footprints,"Alan Boyle, University of Michigan",released,2022-12-07,GRCh38,,TRACE ATAC-seq footprint calls with PWM MA0655.1 in GM12878
ENCSR450EPT,footprints,"Alan Boyle, University of Michigan",released,2022-12-06,GRCh38,,TRACE ATAC-seq footprint calls with PWM MA0654.1 in GM12878
ENCSR287WVD,footprints,"Alan Boyle, University of Michigan",released,2022-12-06,GRCh38,,TRACE ATAC-seq footprint calls with PWM MA0653.1 in GM12878
ENCSR793SRO,footprints,"Alan Boyle, University of Michigan",released,2022-12-05,GRCh38,,TRACE ATAC-seq footprint calls with PWM MA0652.1 in GM12878
ENCSR778ESU,footprints,"Alan Boyle, University of Michigan",released,2022-12-05,GRCh38,,TRACE ATAC-seq footprint calls with PWM MA0651.1 in GM12878
ENCSR853WAZ,footprints,"Alan Boyle, University of Michigan",released,2022-11-30,GRCh38,,TRACE ATAC-seq footprint calls with PWM MA0650.2 in GM12878
ENCSR168FMM,footprints,"Alan Boyle, University of Michigan",released,2022-12-06,GRCh38,,TRACE ATAC-seq footprint calls with PWM MA0649.1 in GM12878
ENCSR440BWL,footprints,"Alan Boyle, University of Michigan",released,2022-12-05,GRCh38,,TRACE ATAC-seq footprint calls with PWM MA0648.1 in GM12878
ENCSR742NFG,footprints,"Alan Boyle, University of Michigan",released,2022-12-06,GRCh38,,TRACE ATAC-seq footprint calls with PWM MA0647.1 in GM12878
ENCSR664DXO,footprints,"Alan Boyle, University of Michigan",released,2022-11-30,GRCh38,,TRACE ATAC-seq footprint calls with PWM MA0646.1 in GM12878
ENCSR130VQT,footprints,"Alan Boyle, University of Michigan",released,2022-12-06,GRCh38,,TRACE ATAC-seq footprint calls with PWM MA0645.1 in GM12878
ENCSR739PXC,footprints,"Alan Boyle, University of Michigan",released,2022-12-06,GRCh38,,TRACE ATAC-seq footprint calls with PWM MA0643.1 in GM12878
ENCSR337ESJ,footprints,"Alan Boyle, University of Michigan",released,2022-12-06,GRCh38,,TRACE ATAC-seq footprint calls with PWM MA0642.1 in GM12878
ENCSR397QUB,footprints,"Alan Boyle, University of Michigan",released,2022-12-06,GRCh38,,TRACE ATAC-seq footprint calls with PWM MA0641.1 in GM12878
ENCSR188TIZ,footprints,"Alan Boyle, University of Michigan",released,2022-12-05,GRCh38,,TRACE ATAC-seq footprint calls with PWM MA0640.2 in GM12878
ENCSR477BZP,footprints,"Alan Boyle, University of Michigan",released,2022-12-05,GRCh38,,TRACE ATAC-seq footprint calls with PWM MA0639.1 in GM12878
ENCSR992VTS,footprints,"Alan Boyle, University of Michigan",released,2022-12-07,GRCh38,,TRACE ATAC-seq footprint calls with PWM MA0638.1 in GM12878
ENCSR817TVD,footprints,"Alan Boyle, University of Michigan",released,2022-12-06,GRCh38,,TRACE ATAC-seq footprint calls with PWM MA0637.1 in GM12878
ENCSR269ELU,footprints,"Alan Boyle, University of Michigan",released,2022-12-07,GRCh38,,TRACE ATAC-seq footprint calls with PWM MA0636.1 in GM12878
ENCSR367CVI,footprints,"Alan Boyle, University of Michigan",released,2022-12-06,GRCh38,,TRACE ATAC-seq footprint calls with PWM MA0635.1 in GM12878
ENCSR254AVT,footprints,"Alan Boyle, University of Michigan",released,2022-12-06,GRCh38,,TRACE ATAC-seq footprint calls with PWM MA0633.1 in GM12878
ENCSR812ZEL,footprints,"Alan Boyle, University of Michigan",released,2022-12-05,GRCh38,,TRACE ATAC-seq footprint calls with PWM MA0632.2 in GM12878
ENCSR299HYA,footprints,"Alan Boyle, University of Michigan",released,2022-12-06,GRCh38,,TRACE ATAC-seq footprint calls with PWM MA0631.1 in GM12878
ENCSR166FYJ,footprints,"Alan Boyle, University of Michigan",released,2022-12-06,GRCh38,,TRACE ATAC-seq footprint calls with PWM MA0627.2 in GM12878
ENCSR422UJX,footprints,"Alan Boyle, University of Michigan",released,2022-12-06,GRCh38,,TRACE ATAC-seq footprint calls with PWM MA0626.1 in GM12878
ENCSR163QBN,footprints,"Alan Boyle, University of Michigan",released,2022-11-30,GRCh38,,TRACE ATAC-seq footprint calls with PWM MA0623.2 in GM12878
ENCSR645CPU,footprints,"Alan Boyle, University of Michigan",released,2022-12-06,GRCh38,,TRACE ATAC-seq footprint calls with PWM MA0622.1 in GM12878
ENCSR707WME,footprints,"Alan Boyle, University of Michigan",released,2022-12-13,GRCh38,,TRACE ATAC-seq footprint calls with PWM MA0621.1 in GM12878
ENCSR049CFU,footprints,"Alan Boyle, University of Michigan",released,2022-12-07,GRCh38,,TRACE ATAC-seq footprint calls with PWM MA0620.3 in GM12878
ENCSR104ZTF,footprints,"Alan Boyle, University of Michigan",released,2022-12-07,GRCh38,,TRACE ATAC-seq footprint calls with PWM MA0619.1 in GM12878
ENCSR170CEE,footprints,"Alan Boyle, University of Michigan",released,2022-12-06,GRCh38,,TRACE ATAC-seq footprint calls with PWM MA0618.1 in GM12878
ENCSR147EEE,footprints,"Alan Boyle, University of Michigan",released,2022-12-06,GRCh38,,TRACE ATAC-seq footprint calls with PWM MA0616.2 in GM12878
ENCSR900POD,footprints,"Alan Boyle, University of Michigan",released,2022-12-06,GRCh38,,TRACE ATAC-seq footprint calls with PWM MA0615.1 in GM12878
ENCSR613KQR,footprints,"Alan Boyle, University of Michigan",released,2022-12-06,GRCh38,,TRACE ATAC-seq footprint calls with PWM MA0614.1 in GM12878
ENCSR737FUN,footprints,"Alan Boyle, University of Michigan",released,2022-12-06,GRCh38,,TRACE ATAC-seq footprint calls with PWM MA0613.1 in GM12878
ENCSR404GMG,footprints,"Alan Boyle, University of Michigan",released,2022-12-07,GRCh38,,TRACE ATAC-seq footprint calls with PWM MA0612.2 in GM12878
ENCSR925KQR,footprints,"Alan Boyle, University of Michigan",released,2022-12-06,GRCh38,,TRACE ATAC-seq footprint calls with PWM MA0610.1 in GM12878
ENCSR877UYF,footprints,"Alan Boyle, University of Michigan",released,2022-12-06,GRCh38,,TRACE ATAC-seq footprint calls with PWM MA0609.2 in GM12878
ENCSR798JDZ,footprints,"Alan Boyle, University of Michigan",released,2022-12-06,GRCh38,,TRACE ATAC-seq footprint calls with PWM MA0608.1 in GM12878
ENCSR794XZP,footprints,"Alan Boyle, University of Michigan",released,2022-12-06,GRCh38,,TRACE ATAC-seq footprint calls with PWM MA0607.1 in GM12878
ENCSR631VCC,footprints,"Alan Boyle, University of Michigan",released,2022-12-06,GRCh38,,TRACE ATAC-seq footprint calls with PWM MA0606.1 in GM12878
ENCSR889RUF,footprints,"Alan Boyle, University of Michigan",released,2022-12-06,GRCh38,,TRACE ATAC-seq footprint calls with PWM MA0605.2 in GM12878
ENCSR234RJQ,footprints,"Alan Boyle, University of Michigan",released,2022-12-06,GRCh38,,TRACE ATAC-seq footprint calls with PWM MA0604.1 in GM12878
ENCSR362TIF,footprints,"Alan Boyle, University of Michigan",released,2022-12-06,GRCh38,,TRACE ATAC-seq footprint calls with PWM MA0603.1 in GM12878
ENCSR792MYR,footprints,"Alan Boyle, University of Michigan",released,2022-12-06,GRCh38,,TRACE ATAC-seq footprint calls with PWM MA0600.2 in GM12878
ENCSR277PKO,footprints,"Alan Boyle, University of Michigan",released,2022-12-06,GRCh38,,TRACE ATAC-seq footprint calls with PWM MA0599.1 in GM12878
ENCSR799OMV,footprints,"Alan Boyle, University of Michigan",released,2022-12-06,GRCh38,,TRACE ATAC-seq footprint calls with PWM MA0598.3 in GM12878
ENCSR792WEK,footprints,"Alan Boyle, University of Michigan",released,2022-12-06,GRCh38,,TRACE ATAC-seq footprint calls with PWM MA0596.1 in GM12878
ENCSR236RSS,footprints,"Alan Boyle, University of Michigan",released,2022-12-06,GRCh38,,TRACE ATAC-seq footprint calls with PWM MA0595.1 in GM12878
ENCSR672QQJ,footprints,"Alan Boyle, University of Michigan",released,2022-12-07,GRCh38,,TRACE ATAC-seq footprint calls with PWM MA0594.2 in GM12878
ENCSR116BQQ,footprints,"Alan Boyle, University of Michigan",released,2022-12-06,GRCh38,,TRACE ATAC-seq footprint calls with PWM MA0593.1 in GM12878
ENCSR662BZT,footprints,"Alan Boyle, University of Michigan",released,2022-12-06,GRCh38,,TRACE ATAC-seq footprint calls with PWM MA0592.3 in GM12878
ENCSR096MJL,footprints,"Alan Boyle, University of Michigan",released,2022-12-07,GRCh38,,TRACE ATAC-seq footprint calls with PWM MA0591.1 in GM12878
ENCSR265OAX,footprints,"Alan Boyle, University of Michigan",released,2022-12-06,GRCh38,,TRACE ATAC-seq footprint calls with PWM MA0528.2 in GM12878
ENCSR956YXJ,footprints,"Alan Boyle, University of Michigan",released,2022-12-06,GRCh38,,TRACE ATAC-seq footprint calls with PWM MA0527.1 in GM12878
ENCSR936QAO,footprints,"Alan Boyle, University of Michigan",released,2022-12-07,GRCh38,,TRACE ATAC-seq footprint calls with PWM MA0526.3 in GM12878
ENCSR333WIO,footprints,"Alan Boyle, University of Michigan",released,2022-12-05,GRCh38,,TRACE ATAC-seq footprint calls with PWM MA0525.2 in GM12878
ENCSR567TMB,footprints,"Alan Boyle, University of Michigan",released,2022-12-07,GRCh38,,TRACE ATAC-seq footprint calls with PWM MA0524.2 in GM12878
ENCSR694DNT,footprints,"Alan Boyle, University of Michigan",released,2022-12-06,GRCh38,,TRACE ATAC-seq footprint calls with PWM MA0523.1 in GM12878
ENCSR623XLM,footprints,"Alan Boyle, University of Michigan",released,2022-11-30,GRCh38,,TRACE ATAC-seq footprint calls with PWM MA0521.1 in GM12878
ENCSR388ACQ,footprints,"Alan Boyle, University of Michigan",released,2022-12-06,GRCh38,,TRACE ATAC-seq footprint calls with PWM MA0520.1 in GM12878
ENCSR376MEX,footprints,"Alan Boyle, University of Michigan",released,2022-12-06,GRCh38,,TRACE ATAC-seq footprint calls with PWM MA0519.1 in GM12878
ENCSR309CGB,footprints,"Alan Boyle, University of Michigan",released,2022-12-07,GRCh38,,TRACE ATAC-seq footprint calls with PWM MA0518.1 in GM12878
ENCSR516ADE,footprints,"Alan Boyle, University of Michigan",released,2022-12-06,GRCh38,,TRACE ATAC-seq footprint calls with PWM MA0517.1 in GM12878
ENCSR730ZNY,footprints,"Alan Boyle, University of Michigan",released,2022-12-06,GRCh38,,TRACE ATAC-seq footprint calls with PWM MA0516.2 in GM12878
ENCSR522PHK,footprints,"Alan Boyle, University of Michigan",released,2022-12-06,GRCh38,,TRACE ATAC-seq footprint calls with PWM MA0515.1 in GM12878
ENCSR241ZOA,footprints,"Alan Boyle, University of Michigan",released,2022-12-06,GRCh38,,TRACE ATAC-seq footprint calls with PWM MA0514.1 in GM12878
ENCSR175AUA,footprints,"Alan Boyle, University of Michigan",released,2022-12-07,GRCh38,,TRACE ATAC-seq footprint calls with PWM MA0513.1 in GM12878
ENCSR957CDV,footprints,"Alan Boyle, University of Michigan",released,2022-12-06,GRCh38,,TRACE ATAC-seq footprint calls with PWM MA0512.2 in GM12878
ENCSR858ACO,footprints,"Alan Boyle, University of Michigan",released,2022-12-06,GRCh38,,TRACE ATAC-seq footprint calls with PWM MA0511.2 in GM12878
ENCSR889IXK,footprints,"Alan Boyle, University of Michigan",released,2022-11-30,GRCh38,,TRACE ATAC-seq footprint calls with PWM MA0510.2 in GM12878
ENCSR941WRJ,footprints,"Alan Boyle, University of Michigan",released,2022-11-30,GRCh38,,TRACE ATAC-seq footprint calls with PWM MA0509.2 in GM12878
ENCSR487IED,footprints,"Alan Boyle, University of Michigan",released,2022-11-30,GRCh38,,TRACE ATAC-seq footprint calls with PWM MA0508.3 in GM12878
ENCSR227ZPG,footprints,"Alan Boyle, University of Michigan",released,2022-12-05,GRCh38,,TRACE ATAC-seq footprint calls with PWM MA0507.1 in GM12878
ENCSR155QNR,footprints,"Alan Boyle, University of Michigan",released,2022-11-30,GRCh38,,TRACE ATAC-seq footprint calls with PWM MA0506.1 in GM12878
ENCSR797GJI,footprints,"Alan Boyle, University of Michigan",released,2022-12-06,GRCh38,,TRACE ATAC-seq footprint calls with PWM MA0505.1 in GM12878
ENCSR097YUV,footprints,"Alan Boyle, University of Michigan",released,2022-12-06,GRCh38,,TRACE ATAC-seq footprint calls with PWM MA0504.1 in GM12878
ENCSR914TLA,footprints,"Alan Boyle, University of Michigan",released,2022-12-06,GRCh38,,TRACE ATAC-seq footprint calls with PWM MA0502.2 in GM12878
ENCSR654GRE,footprints,"Alan Boyle, University of Michigan",released,2022-12-06,GRCh38,,TRACE ATAC-seq footprint calls with PWM MA0501.1 in GM12878
ENCSR325MFH,footprints,"Alan Boyle, University of Michigan",released,2022-12-06,GRCh38,,TRACE ATAC-seq footprint calls with PWM MA0500.2 in GM12878
ENCSR861SFY,footprints,"Alan Boyle, University of Michigan",released,2022-12-06,GRCh38,,TRACE ATAC-seq footprint calls with PWM MA0499.2 in GM12878
ENCSR581TAD,footprints,"Alan Boyle, University of Michigan",released,2022-12-06,GRCh38,,TRACE ATAC-seq footprint calls with PWM MA0496.3 in GM12878
ENCSR164CYG,footprints,"Alan Boyle, University of Michigan",released,2022-12-06,GRCh38,,TRACE ATAC-seq footprint calls with PWM MA0495.3 in GM12878
ENCSR307ZLZ,footprints,"Alan Boyle, University of Michigan",released,2022-12-05,GRCh38,,TRACE ATAC-seq footprint calls with PWM MA0494.1 in GM12878
ENCSR071XCX,footprints,"Alan Boyle, University of Michigan",released,2022-12-06,GRCh38,,TRACE ATAC-seq footprint calls with PWM MA0493.1 in GM12878
ENCSR476FEH,footprints,"Alan Boyle, University of Michigan",released,2022-11-30,GRCh38,,TRACE ATAC-seq footprint calls with PWM MA0491.2 in GM12878
ENCSR986STI,footprints,"Alan Boyle, University of Michigan",released,2022-11-30,GRCh38,,TRACE ATAC-seq footprint calls with PWM MA0490.2 in GM12878
ENCSR301SGS,footprints,"Alan Boyle, University of Michigan",released,2022-12-05,GRCh38,,TRACE ATAC-seq footprint calls with PWM MA0488.1 in GM12878
ENCSR114JAI,footprints,"Alan Boyle, University of Michigan",released,2022-12-07,GRCh38,,TRACE ATAC-seq footprint calls with PWM MA0486.2 in GM12878
ENCSR664SWS,footprints,"Alan Boyle, University of Michigan",released,2022-11-30,GRCh38,,TRACE ATAC-seq footprint calls with PWM MA0485.2 in GM12878
ENCSR526RLD,footprints,"Alan Boyle, University of Michigan",released,2022-12-07,GRCh38,,TRACE ATAC-seq footprint calls with PWM MA0484.2 in GM12878
ENCSR910LQK,footprints,"Alan Boyle, University of Michigan",released,2022-12-07,GRCh38,,TRACE ATAC-seq footprint calls with PWM MA0483.1 in GM12878
ENCSR821FDF,footprints,"Alan Boyle, University of Michigan",released,2022-12-05,GRCh38,,TRACE ATAC-seq footprint calls with PWM MA0482.2 in GM12878
ENCSR004VOY,footprints,"Alan Boyle, University of Michigan",released,2022-11-30,GRCh38,,TRACE ATAC-seq footprint calls with PWM MA0480.1 in GM12878
ENCSR861KOL,footprints,"Alan Boyle, University of Michigan",released,2022-11-30,GRCh38,,TRACE ATAC-seq footprint calls with PWM MA0479.1 in GM12878
ENCSR236XED,footprints,"Alan Boyle, University of Michigan",released,2022-12-06,GRCh38,,TRACE ATAC-seq footprint calls with PWM MA0478.1 in GM12878
ENCSR178FTS,footprints,"Alan Boyle, University of Michigan",released,2022-12-06,GRCh38,,TRACE ATAC-seq footprint calls with PWM MA0477.2 in GM12878
ENCSR421UVE,footprints,"Alan Boyle, University of Michigan",released,2022-12-07,GRCh38,,TRACE ATAC-seq footprint calls with PWM MA0476.1 in GM12878
ENCSR888NMN,footprints,"Alan Boyle, University of Michigan",released,2022-12-06,GRCh38,,TRACE ATAC-seq footprint calls with PWM MA0475.2 in GM12878
ENCSR285GLP,footprints,"Alan Boyle, University of Michigan",released,2022-12-06,GRCh38,,TRACE ATAC-seq footprint calls with PWM MA0474.2 in GM12878
ENCSR260MXI,footprints,"Alan Boyle, University of Michigan",released,2022-12-06,GRCh38,,TRACE ATAC-seq footprint calls with PWM MA0473.3 in GM12878
ENCSR716JAZ,footprints,"Alan Boyle, University of Michigan",released,2022-12-05,GRCh38,,TRACE ATAC-seq footprint calls with PWM MA0472.2 in GM12878
ENCSR564WKA,footprints,"Alan Boyle, University of Michigan",released,2022-12-06,GRCh38,,TRACE ATAC-seq footprint calls with PWM MA0471.2 in GM12878
ENCSR911VFC,footprints,"Alan Boyle, University of Michigan",released,2022-12-13,GRCh38,,TRACE ATAC-seq footprint calls with PWM MA0468.1 in GM12878
ENCSR978HUO,footprints,"Alan Boyle, University of Michigan",released,2022-12-06,GRCh38,,TRACE ATAC-seq footprint calls with PWM MA0467.1 in GM12878
ENCSR041VAK,footprints,"Alan Boyle, University of Michigan",released,2022-12-06,GRCh38,,TRACE ATAC-seq footprint calls with PWM MA0466.2 in GM12878
ENCSR749JXA,footprints,"Alan Boyle, University of Michigan",released,2022-12-06,GRCh38,,TRACE ATAC-seq footprint calls with PWM MA0464.2 in GM12878
ENCSR703KZN,footprints,"Alan Boyle, University of Michigan",released,2022-12-06,GRCh38,,TRACE ATAC-seq footprint calls with PWM MA0463.2 in GM12878
ENCSR556TMS,footprints,"Alan Boyle, University of Michigan",released,2022-12-06,GRCh38,,TRACE ATAC-seq footprint calls with PWM MA0462.2 in GM12878
ENCSR253JFZ,footprints,"Alan Boyle, University of Michigan",released,2022-12-06,GRCh38,,TRACE ATAC-seq footprint calls with PWM MA0461.2 in GM12878
ENCSR464FEW,footprints,"Alan Boyle, University of Michigan",released,2022-12-06,GRCh38,,TRACE ATAC-seq footprint calls with PWM MA0442.2 in GM12878
ENCSR833AEE,footprints,"Alan Boyle, University of Michigan",released,2022-12-06,GRCh38,,TRACE ATAC-seq footprint calls with PWM MA0259.1 in GM12878
ENCSR503TFV,footprints,"Alan Boyle, University of Michigan",released,2022-12-06,GRCh38,,TRACE ATAC-seq footprint calls with PWM MA0258.2 in GM12878
ENCSR557ZUM,footprints,"Alan Boyle, University of Michigan",released,2022-12-06,GRCh38,,TRACE ATAC-seq footprint calls with PWM MA0163.1 in GM12878
ENCSR202MBN,footprints,"Alan Boyle, University of Michigan",released,2022-12-06,GRCh38,,TRACE ATAC-seq footprint calls with PWM MA0162.4 in GM12878
ENCSR553EVJ,footprints,"Alan Boyle, University of Michigan",released,2022-12-05,GRCh38,,TRACE ATAC-seq footprint calls with PWM MA0161.2 in GM12878
ENCSR364MAH,footprints,"Alan Boyle, University of Michigan",released,2022-12-06,GRCh38,,TRACE ATAC-seq footprint calls with PWM MA0159.1 in GM12878
ENCSR443MUB,footprints,"Alan Boyle, University of Michigan",released,2022-12-05,GRCh38,,TRACE ATAC-seq footprint calls with PWM MA0158.2 in GM12878
ENCSR159HZF,footprints,"Alan Boyle, University of Michigan",released,2022-12-05,GRCh38,,TRACE ATAC-seq footprint calls with PWM MA0156.2 in GM12878
ENCSR930OCH,footprints,"Alan Boyle, University of Michigan",released,2022-12-06,GRCh38,,TRACE ATAC-seq footprint calls with PWM MA0155.1 in GM12878
ENCSR573HQS,footprints,"Alan Boyle, University of Michigan",released,2022-12-05,GRCh38,,TRACE ATAC-seq footprint calls with PWM MA0154.4 in GM12878
ENCSR561JGS,footprints,"Alan Boyle, University of Michigan",released,2022-12-05,GRCh38,,TRACE ATAC-seq footprint calls with PWM MA0153.2 in GM12878
ENCSR474PPU,footprints,"Alan Boyle, University of Michigan",released,2022-12-06,GRCh38,,TRACE ATAC-seq footprint calls with PWM MA0150.2 in GM12878
ENCSR742YAH,footprints,"Alan Boyle, University of Michigan",released,2022-12-13,GRCh38,,TRACE ATAC-seq footprint calls with PWM MA0149.1 in GM12878
ENCSR982NEW,footprints,"Alan Boyle, University of Michigan",released,2022-12-06,GRCh38,,TRACE ATAC-seq footprint calls with PWM MA0147.3 in GM12878
ENCSR173DVR,footprints,"Alan Boyle, University of Michigan",released,2022-12-06,GRCh38,,TRACE ATAC-seq footprint calls with PWM MA0146.2 in GM12878
ENCSR613HGD,footprints,"Alan Boyle, University of Michigan",released,2022-11-30,GRCh38,,TRACE ATAC-seq footprint calls with PWM MA0145.3 in GM12878
ENCSR530FAA,footprints,"Alan Boyle, University of Michigan",released,2022-12-06,GRCh38,,TRACE ATAC-seq footprint calls with PWM MA0144.2 in GM12878
ENCSR607YUE,footprints,"Alan Boyle, University of Michigan",released,2022-12-06,GRCh38,,TRACE ATAC-seq footprint calls with PWM MA0143.4 in GM12878
ENCSR008ODD,footprints,"Alan Boyle, University of Michigan",released,2022-12-06,GRCh38,,TRACE ATAC-seq footprint calls with PWM MA0142.1 in GM12878
ENCSR321RMA,footprints,"Alan Boyle, University of Michigan",released,2022-12-06,GRCh38,,TRACE ATAC-seq footprint calls with PWM MA0141.3 in GM12878
ENCSR483SGG,footprints,"Alan Boyle, University of Michigan",released,2022-12-06,GRCh38,,TRACE ATAC-seq footprint calls with PWM MA0140.2 in GM12878
ENCSR423FMC,footprints,"Alan Boyle, University of Michigan",released,2022-12-06,GRCh38,,TRACE ATAC-seq footprint calls with PWM MA0139.1 in GM12878
ENCSR099OWF,footprints,"Alan Boyle, University of Michigan",released,2022-11-30,GRCh38,,TRACE ATAC-seq footprint calls with PWM MA0138.2 in GM12878
ENCSR260SUO,footprints,"Alan Boyle, University of Michigan",released,2022-12-07,GRCh38,,TRACE ATAC-seq footprint calls with PWM MA0137.3 in GM12878
ENCSR665EZH,footprints,"Alan Boyle, University of Michigan",released,2022-12-06,GRCh38,,TRACE ATAC-seq footprint calls with PWM MA0136.2 in GM12878
ENCSR942XUW,footprints,"Alan Boyle, University of Michigan",released,2022-12-06,GRCh38,,TRACE ATAC-seq footprint calls with PWM MA0135.1 in GM12878
ENCSR690JSQ,footprints,"Alan Boyle, University of Michigan",released,2022-12-06,GRCh38,,TRACE ATAC-seq footprint calls with PWM MA0132.2 in GM12878
ENCSR016WUE,footprints,"Alan Boyle, University of Michigan",released,2022-12-06,GRCh38,,TRACE ATAC-seq footprint calls with PWM MA0131.2 in GM12878
ENCSR224JNF,footprints,"Alan Boyle, University of Michigan",released,2022-12-06,GRCh38,,TRACE ATAC-seq footprint calls with PWM MA0125.1 in GM12878
ENCSR577PYH,footprints,"Alan Boyle, University of Michigan",released,2022-12-07,GRCh38,,TRACE ATAC-seq footprint calls with PWM MA0124.2 in GM12878
ENCSR858VWO,footprints,"Alan Boyle, University of Michigan",released,2022-11-30,GRCh38,,TRACE ATAC-seq footprint calls with PWM MA0122.3 in GM12878
ENCSR647SHH,footprints,"Alan Boyle, University of Michigan",released,2022-12-06,GRCh38,,TRACE ATAC-seq footprint calls with PWM MA0119.1 in GM12878
ENCSR425CUG,footprints,"Alan Boyle, University of Michigan",released,2022-12-06,GRCh38,,TRACE ATAC-seq footprint calls with PWM MA0117.2 in GM12878
ENCSR473FAM,footprints,"Alan Boyle, University of Michigan",released,2022-12-06,GRCh38,,TRACE ATAC-seq footprint calls with PWM MA0116.1 in GM12878
ENCSR300KAC,footprints,"Alan Boyle, University of Michigan",released,2022-12-06,GRCh38,,TRACE ATAC-seq footprint calls with PWM MA0115.1 in GM12878
ENCSR423KGH,footprints,"Alan Boyle, University of Michigan",released,2022-12-06,GRCh38,,TRACE ATAC-seq footprint calls with PWM MA0114.4 in GM12878
ENCSR729TIQ,footprints,"Alan Boyle, University of Michigan",released,2022-12-06,GRCh38,,TRACE ATAC-seq footprint calls with PWM MA0113.3 in GM12878
ENCSR867GEY,footprints,"Alan Boyle, University of Michigan",released,2022-12-06,GRCh38,,TRACE ATAC-seq footprint calls with PWM MA0112.3 in GM12878
ENCSR383GWI,footprints,"Alan Boyle, University of Michigan",released,2022-12-06,GRCh38,,TRACE ATAC-seq footprint calls with PWM MA0111.1 in GM12878
ENCSR193TUY,footprints,"Alan Boyle, University of Michigan",released,2022-12-06,GRCh38,,TRACE ATAC-seq footprint calls with PWM MA0108.2 in GM12878
ENCSR033MEE,footprints,"Alan Boyle, University of Michigan",released,2022-12-06,GRCh38,,TRACE ATAC-seq footprint calls with PWM MA0107.1 in GM12878
ENCSR939PLF,footprints,"Alan Boyle, University of Michigan",released,2022-12-06,GRCh38,,TRACE ATAC-seq footprint calls with PWM MA0106.3 in GM12878
ENCSR677ZIE,footprints,"Alan Boyle, University of Michigan",released,2022-12-06,GRCh38,,TRACE ATAC-seq footprint calls with PWM MA0105.4 in GM12878
ENCSR094DJJ,footprints,"Alan Boyle, University of Michigan",released,2022-12-05,GRCh38,,TRACE ATAC-seq footprint calls with PWM MA0104.4 in GM12878
ENCSR751UZK,footprints,"Alan Boyle, University of Michigan",released,2022-12-07,GRCh38,,TRACE ATAC-seq footprint calls with PWM MA0103.3 in GM12878
ENCSR560HND,footprints,"Alan Boyle, University of Michigan",released,2022-12-06,GRCh38,,TRACE ATAC-seq footprint calls with PWM MA0102.4 in GM12878
ENCSR641LFM,footprints,"Alan Boyle, University of Michigan",released,2022-12-06,GRCh38,,TRACE ATAC-seq footprint calls with PWM MA0100.3 in GM12878
ENCSR054EFW,footprints,"Alan Boyle, University of Michigan",released,2022-11-30,GRCh38,,TRACE ATAC-seq footprint calls with PWM MA0099.3 in GM12878
ENCSR955NYE,footprints,"Alan Boyle, University of Michigan",released,2022-12-05,GRCh38,,TRACE ATAC-seq footprint calls with PWM MA0098.3 in GM12878
ENCSR114FLC,footprints,"Alan Boyle, University of Michigan",released,2022-12-07,GRCh38,,TRACE ATAC-seq footprint calls with PWM MA0095.2 in GM12878
ENCSR471KLY,footprints,"Alan Boyle, University of Michigan",released,2022-12-06,GRCh38,,TRACE ATAC-seq footprint calls with PWM MA0093.3 in GM12878
ENCSR117CHX,footprints,"Alan Boyle, University of Michigan",released,2022-12-06,GRCh38,,TRACE ATAC-seq footprint calls with PWM MA0091.1 in GM12878
ENCSR240GIW,footprints,"Alan Boyle, University of Michigan",released,2022-12-06,GRCh38,,TRACE ATAC-seq footprint calls with PWM MA0090.3 in GM12878
ENCSR135OYR,footprints,"Alan Boyle, University of Michigan",released,2022-12-06,GRCh38,,TRACE ATAC-seq footprint calls with PWM MA0089.2 in GM12878
ENCSR501RNL,footprints,"Alan Boyle, University of Michigan",released,2022-12-06,GRCh38,,TRACE ATAC-seq footprint calls with PWM MA0088.2 in GM12878
ENCSR092RJX,footprints,"Alan Boyle, University of Michigan",released,2022-12-06,GRCh38,,TRACE ATAC-seq footprint calls with PWM MA0083.3 in GM12878
ENCSR358UEE,footprints,"Alan Boyle, University of Michigan",released,2022-12-06,GRCh38,,TRACE ATAC-seq footprint calls with PWM MA0081.2 in GM12878
ENCSR187AMZ,footprints,"Alan Boyle, University of Michigan",released,2022-12-06,GRCh38,,TRACE ATAC-seq footprint calls with PWM MA0080.5 in GM12878
ENCSR068SAP,footprints,"Alan Boyle, University of Michigan",released,2022-12-06,GRCh38,,TRACE ATAC-seq footprint calls with PWM MA0079.4 in GM12878
ENCSR274IXG,footprints,"Alan Boyle, University of Michigan",released,2022-12-06,GRCh38,,TRACE ATAC-seq footprint calls with PWM MA0076.2 in GM12878
ENCSR761TFV,footprints,"Alan Boyle, University of Michigan",released,2022-12-06,GRCh38,,TRACE ATAC-seq footprint calls with PWM MA0075.3 in GM12878
ENCSR208DKH,footprints,"Alan Boyle, University of Michigan",released,2022-12-06,GRCh38,,TRACE ATAC-seq footprint calls with PWM MA0074.1 in GM12878
ENCSR820STK,footprints,"Alan Boyle, University of Michigan",released,2022-12-06,GRCh38,,TRACE ATAC-seq footprint calls with PWM MA0073.1 in GM12878
ENCSR936KZP,footprints,"Alan Boyle, University of Michigan",released,2022-12-06,GRCh38,,TRACE ATAC-seq footprint calls with PWM MA0071.1 in GM12878
ENCSR750ULP,footprints,"Alan Boyle, University of Michigan",released,2022-12-06,GRCh38,,TRACE ATAC-seq footprint calls with PWM MA0070.1 in GM12878
ENCSR381JXN,footprints,"Alan Boyle, University of Michigan",released,2022-12-06,GRCh38,,TRACE ATAC-seq footprint calls with PWM MA0069.1 in GM12878
ENCSR679IXO,footprints,"Alan Boyle, University of Michigan",released,2022-12-06,GRCh38,,TRACE ATAC-seq footprint calls with PWM MA0068.2 in GM12878
ENCSR665OTE,footprints,"Alan Boyle, University of Michigan",released,2022-12-05,GRCh38,,TRACE ATAC-seq footprint calls with PWM MA0066.1 in GM12878
ENCSR079FRJ,footprints,"Alan Boyle, University of Michigan",released,2022-12-06,GRCh38,,TRACE ATAC-seq footprint calls with PWM MA0065.2 in GM12878
ENCSR087DCG,footprints,"Alan Boyle, University of Michigan",released,2022-12-06,GRCh38,,TRACE ATAC-seq footprint calls with PWM MA0063.2 in GM12878
ENCSR858PGU,footprints,"Alan Boyle, University of Michigan",released,2022-12-06,GRCh38,,TRACE ATAC-seq footprint calls with PWM MA0062.3 in GM12878
ENCSR267PKH,footprints,"Alan Boyle, University of Michigan",released,2022-12-06,GRCh38,,TRACE ATAC-seq footprint calls with PWM MA0060.3 in GM12878
ENCSR756LPN,footprints,"Alan Boyle, University of Michigan",released,2022-11-30,GRCh38,,TRACE ATAC-seq footprint calls with PWM MA0059.1 in GM12878
ENCSR565JIG,footprints,"Alan Boyle, University of Michigan",released,2022-12-07,GRCh38,,TRACE ATAC-seq footprint calls with PWM MA0058.3 in GM12878
ENCSR296BQQ,footprints,"Alan Boyle, University of Michigan",released,2022-12-06,GRCh38,,TRACE ATAC-seq footprint calls with PWM MA0056.2 in GM12878
ENCSR217IGZ,footprints,"Alan Boyle, University of Michigan",released,2022-12-06,GRCh38,,TRACE ATAC-seq footprint calls with PWM MA0051.1 in GM12878
ENCSR099WSW,footprints,"Alan Boyle, University of Michigan",released,2022-12-07,GRCh38,,TRACE ATAC-seq footprint calls with PWM MA0050.2 in GM12878
ENCSR212IBY,footprints,"Alan Boyle, University of Michigan",released,2022-12-06,GRCh38,,TRACE ATAC-seq footprint calls with PWM MA0048.2 in GM12878
ENCSR130ESQ,footprints,"Alan Boyle, University of Michigan",released,2022-12-05,GRCh38,,TRACE ATAC-seq footprint calls with PWM MA0046.2 in GM12878
ENCSR795PZQ,footprints,"Alan Boyle, University of Michigan",released,2022-12-06,GRCh38,,TRACE ATAC-seq footprint calls with PWM MA0043.3 in GM12878
ENCSR756JAF,footprints,"Alan Boyle, University of Michigan",released,2022-12-06,GRCh38,,TRACE ATAC-seq footprint calls with PWM MA0039.4 in GM12878
ENCSR672YXA,footprints,"Alan Boyle, University of Michigan",released,2022-12-06,GRCh38,,TRACE ATAC-seq footprint calls with PWM MA0038.2 in GM12878
ENCSR854ZUN,footprints,"Alan Boyle, University of Michigan",released,2022-12-06,GRCh38,,TRACE ATAC-seq footprint calls with PWM MA0037.3 in GM12878
ENCSR513GNX,footprints,"Alan Boyle, University of Michigan",released,2022-12-06,GRCh38,,TRACE ATAC-seq footprint calls with PWM MA0036.3 in GM12878
ENCSR164PCI,footprints,"Alan Boyle, University of Michigan",released,2022-12-06,GRCh38,,TRACE ATAC-seq footprint calls with PWM MA0030.1 in GM12878
ENCSR085EJR,footprints,"Alan Boyle, University of Michigan",released,2022-11-30,GRCh38,,TRACE ATAC-seq footprint calls with PWM MA0029.1 in GM12878
ENCSR703BTS,footprints,"Alan Boyle, University of Michigan",released,2022-12-07,GRCh38,,TRACE ATAC-seq footprint calls with PWM MA0028.2 in GM12878
ENCSR453CAX,footprints,"Alan Boyle, University of Michigan",released,2022-12-06,GRCh38,,TRACE ATAC-seq footprint calls with PWM MA0027.2 in GM12878
ENCSR029IQT,footprints,"Alan Boyle, University of Michigan",released,2022-12-06,GRCh38,,TRACE ATAC-seq footprint calls with PWM MA0025.2 in GM12878
ENCSR454HOP,footprints,"Alan Boyle, University of Michigan",released,2022-12-07,GRCh38,,TRACE ATAC-seq footprint calls with PWM MA0024.3 in GM12878
ENCSR822FHW,footprints,"Alan Boyle, University of Michigan",released,2022-12-06,GRCh38,,TRACE ATAC-seq footprint calls with PWM MA0019.1 in GM12878
ENCSR015CZY,footprints,"Alan Boyle, University of Michigan",released,2022-12-06,GRCh38,,TRACE ATAC-seq footprint calls with PWM MA0018.4 in GM12878
ENCSR819RJA,footprints,"Alan Boyle, University of Michigan",released,2022-11-30,GRCh38,,TRACE ATAC-seq footprint calls with PWM MA0017.2 in GM12878
ENCSR219GYY,footprints,"Alan Boyle, University of Michigan",released,2022-11-30,GRCh38,,TRACE ATAC-seq footprint calls with PWM MA0014.3 in GM12878
ENCSR490RWK,footprints,"Alan Boyle, University of Michigan",released,2022-12-13,GRCh38,,TRACE ATAC-seq footprint calls with PWM MA0009.2 in GM12878
ENCSR192XAW,footprints,"Alan Boyle, University of Michigan",released,2022-12-06,GRCh38,,TRACE ATAC-seq footprint calls with PWM MA0007.3 in GM12878
ENCSR303WTX,footprints,"Alan Boyle, University of Michigan",released,2022-12-06,GRCh38,,TRACE ATAC-seq footprint calls with PWM MA0003.4 in GM12878
ENCSR054BIH,footprints,"Alan Boyle, University of Michigan",released,2022-12-06,GRCh38,,TRACE ATAC-seq footprint calls with PWM MA0002.2 in GM12878
ENCSR933GGZ,footprints,"Alan Boyle, University of Michigan",released,2022-03-22,GRCh38,,TRACE footprint calls with PWM MA1155.1 in GM12878
ENCSR258VEV,footprints,"Alan Boyle, University of Michigan",released,2022-03-24,GRCh38,,TRACE footprint calls with PWM MA1602.1 in GM12878
ENCSR027WMW,footprints,"Alan Boyle, University of Michigan",released,2022-03-23,GRCh38,,TRACE footprint calls with PWM MA1601.1 in GM12878
ENCSR094REY,footprints,"Alan Boyle, University of Michigan",released,2022-03-24,GRCh38,,TRACE footprint calls with PWM MA0753.2 in GM12878
ENCSR766SPK,footprints,"Alan Boyle, University of Michigan",released,2022-03-22,GRCh38,,TRACE footprint calls with PWM MA1600.1 in GM12878
ENCSR292ZLT,footprints,"Alan Boyle, University of Michigan",released,2022-03-22,GRCh38,,TRACE footprint calls with PWM MA1599.1 in GM12878
ENCSR720VAT,footprints,"Alan Boyle, University of Michigan",released,2022-03-24,GRCh38,,TRACE footprint calls with PWM MA1657.1 in GM12878
ENCSR149XFH,footprints,"Alan Boyle, University of Michigan",released,2022-03-23,GRCh38,,TRACE footprint calls with PWM MA1597.1 in GM12878
ENCSR553YRI,footprints,"Alan Boyle, University of Michigan",released,2022-03-23,GRCh38,,TRACE footprint calls with PWM MA1596.1 in GM12878
ENCSR326PUM,footprints,"Alan Boyle, University of Michigan",released,2022-03-24,GRCh38,,TRACE footprint calls with PWM MA1656.1 in GM12878
ENCSR696CWK,footprints,"Alan Boyle, University of Michigan",released,2022-03-22,GRCh38,,TRACE footprint calls with PWM MA0116.1 in GM12878
ENCSR745STI,footprints,"Alan Boyle, University of Michigan",released,2022-03-24,GRCh38,,TRACE footprint calls with PWM MA0752.1 in GM12878
ENCSR601GNQ,footprints,"Alan Boyle, University of Michigan",released,2022-03-24,GRCh38,,TRACE footprint calls with PWM MA1125.1 in GM12878
ENCSR660KVX,footprints,"Alan Boyle, University of Michigan",released,2022-03-23,GRCh38,,TRACE footprint calls with PWM MA1594.1 in GM12878
ENCSR201JHE,footprints,"Alan Boyle, University of Michigan",released,2022-03-22,GRCh38,,TRACE footprint calls with PWM MA1655.1 in GM12878
ENCSR874USP,footprints,"Alan Boyle, University of Michigan",released,2022-03-24,GRCh38,,TRACE footprint calls with PWM MA1593.1 in GM12878
ENCSR513QLJ,footprints,"Alan Boyle, University of Michigan",released,2022-03-22,GRCh38,,TRACE footprint calls with PWM MA1154.1 in GM12878
ENCSR007AAG,footprints,"Alan Boyle, University of Michigan",released,2022-03-22,GRCh38,,TRACE footprint calls with PWM MA1630.1 in GM12878
ENCSR121EPU,footprints,"Alan Boyle, University of Michigan",released,2022-03-24,GRCh38,,TRACE footprint calls with PWM MA1592.1 in GM12878
ENCSR139HGT,footprints,"Alan Boyle, University of Michigan",released,2022-03-24,GRCh38,,TRACE footprint calls with PWM MA0528.2 in GM12878
ENCSR320ESK,footprints,"Alan Boyle, University of Michigan",released,2022-03-24,GRCh38,,TRACE footprint calls with PWM MA1124.1 in GM12878
ENCSR393FJK,footprints,"Alan Boyle, University of Michigan",released,2022-03-23,GRCh38,,TRACE footprint calls with PWM MA1654.1 in GM12878
ENCSR912LKF,footprints,"Alan Boyle, University of Michigan",released,2022-03-24,GRCh38,,TRACE footprint calls with PWM MA1653.1 in GM12878
ENCSR942YRP,footprints,"Alan Boyle, University of Michigan",released,2022-03-24,GRCh38,,TRACE footprint calls with PWM MA0088.2 in GM12878
ENCSR193PHC,footprints,"Alan Boyle, University of Michigan",released,2022-03-24,GRCh38,,TRACE footprint calls with PWM MA1589.1 in GM12878
ENCSR086TBD,footprints,"Alan Boyle, University of Michigan",released,2022-03-23,GRCh38,,TRACE footprint calls with PWM MA1588.1 in GM12878
ENCSR111ZFN,footprints,"Alan Boyle, University of Michigan",released,2022-03-24,GRCh38,,TRACE footprint calls with PWM MA1587.1 in GM12878
ENCSR696CTM,footprints,"Alan Boyle, University of Michigan",released,2022-03-24,GRCh38,,TRACE footprint calls with PWM MA1652.1 in GM12878
ENCSR224GWK,footprints,"Alan Boyle, University of Michigan",released,2022-03-22,GRCh38,,TRACE footprint calls with PWM MA1585.1 in GM12878
ENCSR746IAF,footprints,"Alan Boyle, University of Michigan",released,2022-03-24,GRCh38,,TRACE footprint calls with PWM MA1584.1 in GM12878
ENCSR003LNQ,footprints,"Alan Boyle, University of Michigan",released,2022-03-24,GRCh38,,TRACE footprint calls with PWM MA0751.1 in GM12878
ENCSR974BPE,footprints,"Alan Boyle, University of Michigan",released,2022-03-24,GRCh38,,TRACE footprint calls with PWM MA0697.1 in GM12878
ENCSR627TEU,footprints,"Alan Boyle, University of Michigan",released,2022-03-24,GRCh38,,TRACE footprint calls with PWM MA1629.1 in GM12878
ENCSR900ZJB,footprints,"Alan Boyle, University of Michigan",released,2022-03-24,GRCh38,,TRACE footprint calls with PWM MA1628.1 in GM12878
ENCSR668YCW,footprints,"Alan Boyle, University of Michigan",released,2022-03-23,GRCh38,,TRACE footprint calls with PWM MA0696.1 in GM12878
ENCSR028WCV,footprints,"Alan Boyle, University of Michigan",released,2022-03-22,GRCh38,,TRACE footprint calls with PWM MA0146.2 in GM12878
ENCSR627WBA,footprints,"Alan Boyle, University of Michigan",released,2022-03-22,GRCh38,,TRACE footprint calls with PWM MA1583.1 in GM12878
ENCSR586IMQ,footprints,"Alan Boyle, University of Michigan",released,2022-03-24,GRCh38,,TRACE footprint calls with PWM MA1651.1 in GM12878
ENCSR232KQF,footprints,"Alan Boyle, University of Michigan",released,2022-03-24,GRCh38,,TRACE footprint calls with PWM MA0103.3 in GM12878
ENCSR377XDZ,footprints,"Alan Boyle, University of Michigan",released,2022-03-24,GRCh38,,TRACE footprint calls with PWM MA0695.1 in GM12878
ENCSR539NZS,footprints,"Alan Boyle, University of Michigan",released,2022-03-23,GRCh38,,TRACE footprint calls with PWM MA0694.1 in GM12878
ENCSR658YKE,footprints,"Alan Boyle, University of Michigan",released,2022-03-23,GRCh38,,TRACE footprint calls with PWM MA0750.2 in GM12878
ENCSR682ZKT,footprints,"Alan Boyle, University of Michigan",released,2022-03-24,GRCh38,,TRACE footprint calls with PWM MA1581.1 in GM12878
ENCSR636IIQ,footprints,"Alan Boyle, University of Michigan",released,2022-03-24,GRCh38,,TRACE footprint calls with PWM MA0527.1 in GM12878
ENCSR719EID,footprints,"Alan Boyle, University of Michigan",released,2022-03-23,GRCh38,,TRACE footprint calls with PWM MA1580.1 in GM12878
ENCSR897TZC,footprints,"Alan Boyle, University of Michigan",released,2022-03-24,GRCh38,,TRACE footprint calls with PWM MA1579.1 in GM12878
ENCSR397OFX,footprints,"Alan Boyle, University of Michigan",released,2022-03-22,GRCh38,,TRACE footprint calls with PWM MA0698.1 in GM12878
ENCSR796NXG,footprints,"Alan Boyle, University of Michigan",released,2022-03-24,GRCh38,,TRACE footprint calls with PWM MA1650.1 in GM12878
ENCSR820WXY,footprints,"Alan Boyle, University of Michigan",released,2022-03-24,GRCh38,,TRACE footprint calls with PWM MA1649.1 in GM12878
ENCSR765HVB,footprints,"Alan Boyle, University of Michigan",released,2022-03-22,GRCh38,,TRACE footprint calls with PWM MA0748.2 in GM12878
ENCSR838CWO,footprints,"Alan Boyle, University of Michigan",released,2022-03-23,GRCh38,,TRACE footprint calls with PWM MA0095.2 in GM12878
ENCSR663RSC,footprints,"Alan Boyle, University of Michigan",released,2022-03-24,GRCh38,,TRACE footprint calls with PWM MA0844.1 in GM12878
ENCSR143EHK,footprints,"Alan Boyle, University of Michigan",released,2022-03-24,GRCh38,,TRACE footprint calls with PWM MA1627.1 in GM12878
ENCSR569UIH,footprints,"Alan Boyle, University of Michigan",released,2022-03-24,GRCh38,,TRACE footprint calls with PWM MA0726.1 in GM12878
ENCSR456RGL,footprints,"Alan Boyle, University of Michigan",released,2022-03-24,GRCh38,,TRACE footprint calls with PWM MA1578.1 in GM12878
ENCSR111GOS,footprints,"Alan Boyle, University of Michigan",released,2022-03-22,GRCh38,,TRACE footprint calls with PWM MA0724.1 in GM12878
ENCSR426FBO,footprints,"Alan Boyle, University of Michigan",released,2022-03-24,GRCh38,,TRACE footprint calls with PWM MA0526.3 in GM12878
ENCSR606EAR,footprints,"Alan Boyle, University of Michigan",released,2022-03-24,GRCh38,,TRACE footprint calls with PWM MA0093.3 in GM12878
ENCSR649JIH,footprints,"Alan Boyle, University of Michigan",released,2022-03-22,GRCh38,,TRACE footprint calls with PWM MA0633.1 in GM12878
ENCSR631YED,footprints,"Alan Boyle, University of Michigan",released,2022-03-22,GRCh38,,TRACE footprint calls with PWM MA1123.2 in GM12878
ENCSR080VBO,footprints,"Alan Boyle, University of Michigan",released,2022-03-24,GRCh38,,TRACE footprint calls with PWM MA0861.1 in GM12878
ENCSR134AMQ,footprints,"Alan Boyle, University of Michigan",released,2022-03-24,GRCh38,,TRACE footprint calls with PWM MA0525.2 in GM12878
ENCSR455PTR,footprints,"Alan Boyle, University of Michigan",released,2022-03-22,GRCh38,,TRACE footprint calls with PWM MA0106.3 in GM12878
ENCSR066LPV,footprints,"Alan Boyle, University of Michigan",released,2022-03-22,GRCh38,,TRACE footprint calls with PWM MA1577.1 in GM12878
ENCSR610YSM,footprints,"Alan Boyle, University of Michigan",released,2022-03-23,GRCh38,,TRACE footprint calls with PWM MA1574.1 in GM12878
ENCSR383VGQ,footprints,"Alan Boyle, University of Michigan",released,2022-03-24,GRCh38,,TRACE footprint calls with PWM MA1573.1 in GM12878
ENCSR811YGT,footprints,"Alan Boyle, University of Michigan",released,2022-03-22,GRCh38,,TRACE footprint calls with PWM MA0797.1 in GM12878
ENCSR640VDB,footprints,"Alan Boyle, University of Michigan",released,2022-03-24,GRCh38,,TRACE footprint calls with PWM MA1572.1 in GM12878
ENCSR072EFB,footprints,"Alan Boyle, University of Michigan",released,2022-03-23,GRCh38,,TRACE footprint calls with PWM MA1571.1 in GM12878
ENCSR469WBC,footprints,"Alan Boyle, University of Michigan",released,2022-03-24,GRCh38,,TRACE footprint calls with PWM MA0796.1 in GM12878
ENCSR801MLH,footprints,"Alan Boyle, University of Michigan",released,2022-03-23,GRCh38,,TRACE footprint calls with PWM MA0871.2 in GM12878
ENCSR350OCA,footprints,"Alan Boyle, University of Michigan",released,2022-03-23,GRCh38,,TRACE footprint calls with PWM MA0692.1 in GM12878
ENCSR912XCA,footprints,"Alan Boyle, University of Michigan",released,2022-03-22,GRCh38,,TRACE footprint calls with PWM MA0831.2 in GM12878
ENCSR069SXQ,footprints,"Alan Boyle, University of Michigan",released,2022-03-24,GRCh38,,TRACE footprint calls with PWM MA1122.1 in GM12878
ENCSR833GTK,footprints,"Alan Boyle, University of Michigan",released,2022-03-22,GRCh38,,TRACE footprint calls with PWM MA0145.3 in GM12878
ENCSR321YRX,footprints,"Alan Boyle, University of Michigan",released,2022-03-24,GRCh38,,TRACE footprint calls with PWM MA0691.1 in GM12878
ENCSR629VUP,footprints,"Alan Boyle, University of Michigan",released,2022-03-22,GRCh38,,TRACE footprint calls with PWM MA1569.1 in GM12878
ENCSR370INC,footprints,"Alan Boyle, University of Michigan",released,2022-03-22,GRCh38,,TRACE footprint calls with PWM MA0524.2 in GM12878
ENCSR492XWH,footprints,"Alan Boyle, University of Michigan",released,2022-03-23,GRCh38,,TRACE footprint calls with PWM MA0811.1 in GM12878
ENCSR478NYE,footprints,"Alan Boyle, University of Michigan",released,2022-03-22,GRCh38,,TRACE footprint calls with PWM MA0003.4 in GM12878
ENCSR956HAM,footprints,"Alan Boyle, University of Michigan",released,2022-03-23,GRCh38,,TRACE footprint calls with PWM MA0843.1 in GM12878
ENCSR944AVG,footprints,"Alan Boyle, University of Michigan",released,2022-03-24,GRCh38,,TRACE footprint calls with PWM MA0809.2 in GM12878
ENCSR099FLO,footprints,"Alan Boyle, University of Michigan",released,2022-03-23,GRCh38,,TRACE footprint calls with PWM MA0808.1 in GM12878
ENCSR848CBS,footprints,"Alan Boyle, University of Michigan",released,2022-03-24,GRCh38,,TRACE footprint calls with PWM MA1121.1 in GM12878
ENCSR093STE,footprints,"Alan Boyle, University of Michigan",released,2022-03-23,GRCh38,,TRACE footprint calls with PWM MA0090.3 in GM12878
ENCSR638LFI,footprints,"Alan Boyle, University of Michigan",released,2022-03-23,GRCh38,,TRACE footprint calls with PWM MA0632.2 in GM12878
ENCSR334NIK,footprints,"Alan Boyle, University of Michigan",released,2022-03-22,GRCh38,,TRACE footprint calls with PWM MA0769.2 in GM12878
ENCSR232NQV,footprints,"Alan Boyle, University of Michigan",released,2022-03-23,GRCh38,,TRACE footprint calls with PWM MA0523.1 in GM12878
ENCSR327DHO,footprints,"Alan Boyle, University of Michigan",released,2022-03-24,GRCh38,,TRACE footprint calls with PWM MA1421.1 in GM12878
ENCSR422DRM,footprints,"Alan Boyle, University of Michigan",released,2022-03-22,GRCh38,,TRACE footprint calls with PWM MA0830.2 in GM12878
ENCSR215HQE,footprints,"Alan Boyle, University of Michigan",released,2022-03-23,GRCh38,,TRACE footprint calls with PWM MA0832.1 in GM12878
ENCSR439NMG,footprints,"Alan Boyle, University of Michigan",released,2022-03-24,GRCh38,,TRACE footprint calls with PWM MA0521.1 in GM12878
ENCSR736MSQ,footprints,"Alan Boyle, University of Michigan",released,2022-03-24,GRCh38,,TRACE footprint calls with PWM MA0009.2 in GM12878
ENCSR414RMX,footprints,"Alan Boyle, University of Michigan",released,2022-03-22,GRCh38,,TRACE footprint calls with PWM MA1567.1 in GM12878
ENCSR290USW,footprints,"Alan Boyle, University of Michigan",released,2022-03-24,GRCh38,,TRACE footprint calls with PWM MA1566.1 in GM12878
ENCSR504LLS,footprints,"Alan Boyle, University of Michigan",released,2022-03-24,GRCh38,,TRACE footprint calls with PWM MA0688.1 in GM12878
ENCSR328OTD,footprints,"Alan Boyle, University of Michigan",released,2022-03-22,GRCh38,,TRACE footprint calls with PWM MA0690.1 in GM12878
ENCSR122HTT,footprints,"Alan Boyle, University of Michigan",released,2022-03-24,GRCh38,,TRACE footprint calls with PWM MA0689.1 in GM12878
ENCSR035YQB,footprints,"Alan Boyle, University of Michigan",released,2022-03-23,GRCh38,,TRACE footprint calls with PWM MA0805.1 in GM12878
ENCSR266WUD,footprints,"Alan Boyle, University of Michigan",released,2022-03-24,GRCh38,,TRACE footprint calls with PWM MA0804.1 in GM12878
ENCSR223ECX,footprints,"Alan Boyle, University of Michigan",released,2022-03-22,GRCh38,,TRACE footprint calls with PWM MA1565.1 in GM12878
ENCSR350OPM,footprints,"Alan Boyle, University of Michigan",released,2022-03-24,GRCh38,,TRACE footprint calls with PWM MA0803.1 in GM12878
ENCSR769DJU,footprints,"Alan Boyle, University of Michigan",released,2022-03-24,GRCh38,,TRACE footprint calls with PWM MA0802.1 in GM12878
ENCSR519SNG,footprints,"Alan Boyle, University of Michigan",released,2022-03-24,GRCh38,,TRACE footprint calls with PWM MA0108.2 in GM12878
ENCSR650JMG,footprints,"Alan Boyle, University of Michigan",released,2022-03-22,GRCh38,,TRACE footprint calls with PWM MA0091.1 in GM12878
ENCSR236VYK,footprints,"Alan Boyle, University of Michigan",released,2022-03-24,GRCh38,,TRACE footprint calls with PWM MA0520.1 in GM12878
ENCSR988GTV,footprints,"Alan Boyle, University of Michigan",released,2022-03-22,GRCh38,,TRACE footprint calls with PWM MA1625.1 in GM12878
ENCSR542PIP,footprints,"Alan Boyle, University of Michigan",released,2022-03-23,GRCh38,,TRACE footprint calls with PWM MA1624.1 in GM12878
ENCSR156AMO,footprints,"Alan Boyle, University of Michigan",released,2022-03-24,GRCh38,,TRACE footprint calls with PWM MA0519.1 in GM12878
ENCSR371EEU,footprints,"Alan Boyle, University of Michigan",released,2022-03-23,GRCh38,,TRACE footprint calls with PWM MA0518.1 in GM12878
ENCSR317JSP,footprints,"Alan Boyle, University of Michigan",released,2022-03-23,GRCh38,,TRACE footprint calls with PWM MA0144.2 in GM12878
ENCSR887KON,footprints,"Alan Boyle, University of Michigan",released,2022-03-22,GRCh38,,TRACE footprint calls with PWM MA1623.1 in GM12878
ENCSR410WSC,footprints,"Alan Boyle, University of Michigan",released,2022-03-24,GRCh38,,TRACE footprint calls with PWM MA0137.3 in GM12878
ENCSR787HJY,footprints,"Alan Boyle, University of Michigan",released,2022-03-24,GRCh38,,TRACE footprint calls with PWM MA0517.1 in GM12878
ENCSR534JKX,footprints,"Alan Boyle, University of Michigan",released,2022-03-24,GRCh38,,TRACE footprint calls with PWM MA0083.3 in GM12878
ENCSR241UST,footprints,"Alan Boyle, University of Michigan",released,2022-03-24,GRCh38,,TRACE footprint calls with PWM MA0596.1 in GM12878
ENCSR102TNG,footprints,"Alan Boyle, University of Michigan",released,2022-03-22,GRCh38,,TRACE footprint calls with PWM MA0595.1 in GM12878
ENCSR497UFZ,footprints,"Alan Boyle, University of Michigan",released,2022-03-23,GRCh38,,TRACE footprint calls with PWM MA0111.1 in GM12878
ENCSR195KAF,footprints,"Alan Boyle, University of Michigan",released,2022-03-22,GRCh38,,TRACE footprint calls with PWM MA0687.1 in GM12878
ENCSR176PLR,footprints,"Alan Boyle, University of Michigan",released,2022-03-24,GRCh38,,TRACE footprint calls with PWM MA0081.2 in GM12878
ENCSR679CAY,footprints,"Alan Boyle, University of Michigan",released,2022-03-23,GRCh38,,TRACE footprint calls with PWM MA0080.5 in GM12878
ENCSR157JDQ,footprints,"Alan Boyle, University of Michigan",released,2022-03-23,GRCh38,,TRACE footprint calls with PWM MA0686.1 in GM12878
ENCSR456NRD,footprints,"Alan Boyle, University of Michigan",released,2022-03-23,GRCh38,,TRACE footprint calls with PWM MA1564.1 in GM12878
ENCSR698SOS,footprints,"Alan Boyle, University of Michigan",released,2022-03-24,GRCh38,,TRACE footprint calls with PWM MA0747.1 in GM12878
ENCSR505RTM,footprints,"Alan Boyle, University of Michigan",released,2022-03-22,GRCh38,,TRACE footprint calls with PWM MA0685.1 in GM12878
ENCSR156GMA,footprints,"Alan Boyle, University of Michigan",released,2022-03-23,GRCh38,,TRACE footprint calls with PWM MA0746.2 in GM12878
ENCSR229ZNZ,footprints,"Alan Boyle, University of Michigan",released,2022-03-22,GRCh38,,TRACE footprint calls with PWM MA0516.2 in GM12878
ENCSR414GRV,footprints,"Alan Boyle, University of Michigan",released,2022-03-23,GRCh38,,TRACE footprint calls with PWM MA0079.4 in GM12878
ENCSR652ZTX,footprints,"Alan Boyle, University of Michigan",released,2022-03-22,GRCh38,,TRACE footprint calls with PWM MA0515.1 in GM12878
ENCSR858ESJ,footprints,"Alan Boyle, University of Michigan",released,2022-03-22,GRCh38,,TRACE footprint calls with PWM MA0867.2 in GM12878
ENCSR156LAB,footprints,"Alan Boyle, University of Michigan",released,2022-03-22,GRCh38,,TRACE footprint calls with PWM MA0514.1 in GM12878
ENCSR459ODQ,footprints,"Alan Boyle, University of Michigan",released,2022-03-23,GRCh38,,TRACE footprint calls with PWM MA0143.4 in GM12878
ENCSR104KXN,footprints,"Alan Boyle, University of Michigan",released,2022-03-23,GRCh38,,TRACE footprint calls with PWM MA0866.1 in GM12878
ENCSR360NPD,footprints,"Alan Boyle, University of Michigan",released,2022-03-23,GRCh38,,TRACE footprint calls with PWM MA0870.1 in GM12878
ENCSR800RIE,footprints,"Alan Boyle, University of Michigan",released,2022-03-23,GRCh38,,TRACE footprint calls with PWM MA1563.1 in GM12878
ENCSR612VPC,footprints,"Alan Boyle, University of Michigan",released,2022-03-22,GRCh38,,TRACE footprint calls with PWM MA1562.1 in GM12878
ENCSR592IPC,footprints,"Alan Boyle, University of Michigan",released,2022-03-22,GRCh38,,TRACE footprint calls with PWM MA1120.1 in GM12878
ENCSR128KLT,footprints,"Alan Boyle, University of Michigan",released,2022-03-22,GRCh38,,TRACE footprint calls with PWM MA1561.1 in GM12878
ENCSR525DWH,footprints,"Alan Boyle, University of Michigan",released,2022-03-22,GRCh38,,TRACE footprint calls with PWM MA0869.1 in GM12878
ENCSR597BXA,footprints,"Alan Boyle, University of Michigan",released,2022-03-22,GRCh38,,TRACE footprint calls with PWM MA0442.2 in GM12878
ENCSR112WPH,footprints,"Alan Boyle, University of Michigan",released,2022-03-24,GRCh38,,TRACE footprint calls with PWM MA1560.1 in GM12878
ENCSR617XCD,footprints,"Alan Boyle, University of Michigan",released,2022-03-22,GRCh38,,TRACE footprint calls with PWM MA1559.1 in GM12878
ENCSR789MNB,footprints,"Alan Boyle, University of Michigan",released,2022-03-24,GRCh38,,TRACE footprint calls with PWM MA0745.2 in GM12878
ENCSR675MZP,footprints,"Alan Boyle, University of Michigan",released,2022-03-22,GRCh38,,TRACE footprint calls with PWM MA1558.1 in GM12878
ENCSR100IQQ,footprints,"Alan Boyle, University of Michigan",released,2022-03-22,GRCh38,,TRACE footprint calls with PWM MA1557.1 in GM12878
ENCSR898GDK,footprints,"Alan Boyle, University of Michigan",released,2022-03-22,GRCh38,,TRACE footprint calls with PWM MA1153.1 in GM12878
ENCSR763CMG,footprints,"Alan Boyle, University of Michigan",released,2022-03-22,GRCh38,,TRACE footprint calls with PWM MA0795.1 in GM12878
ENCSR361GOW,footprints,"Alan Boyle, University of Michigan",released,2022-03-22,GRCh38,,TRACE footprint calls with PWM MA1622.1 in GM12878
ENCSR650XXH,footprints,"Alan Boyle, University of Michigan",released,2022-03-22,GRCh38,,TRACE footprint calls with PWM MA0513.1 in GM12878
ENCSR011DUL,footprints,"Alan Boyle, University of Michigan",released,2022-03-24,GRCh38,,TRACE footprint calls with PWM MA0631.1 in GM12878
ENCSR355OVL,footprints,"Alan Boyle, University of Michigan",released,2022-03-23,GRCh38,,TRACE footprint calls with PWM MA1119.1 in GM12878
ENCSR624AIW,footprints,"Alan Boyle, University of Michigan",released,2022-03-23,GRCh38,,TRACE footprint calls with PWM MA1118.1 in GM12878
ENCSR118XNT,footprints,"Alan Boyle, University of Michigan",released,2022-03-24,GRCh38,,TRACE footprint calls with PWM MA0744.2 in GM12878
ENCSR653MQV,footprints,"Alan Boyle, University of Michigan",released,2022-03-22,GRCh38,,TRACE footprint calls with PWM MA0743.2 in GM12878
ENCSR912YVK,footprints,"Alan Boyle, University of Michigan",released,2022-03-24,GRCh38,,TRACE footprint calls with PWM MA0856.1 in GM12878
ENCSR285WHX,footprints,"Alan Boyle, University of Michigan",released,2022-03-24,GRCh38,,TRACE footprint calls with PWM MA0855.1 in GM12878
ENCSR115JEN,footprints,"Alan Boyle, University of Michigan",released,2022-03-22,GRCh38,,TRACE footprint calls with PWM MA0512.2 in GM12878
ENCSR649MWI,footprints,"Alan Boyle, University of Michigan",released,2022-03-24,GRCh38,,TRACE footprint calls with PWM MA0074.1 in GM12878
ENCSR382WDL,footprints,"Alan Boyle, University of Michigan",released,2022-03-23,GRCh38,,TRACE footprint calls with PWM MA0684.2 in GM12878
ENCSR348RSS,footprints,"Alan Boyle, University of Michigan",released,2022-03-23,GRCh38,,TRACE footprint calls with PWM MA0511.2 in GM12878
ENCSR749DIW,footprints,"Alan Boyle, University of Michigan",released,2022-03-23,GRCh38,,TRACE footprint calls with PWM MA0002.2 in GM12878
ENCSR941WKI,footprints,"Alan Boyle, University of Michigan",released,2022-03-24,GRCh38,,TRACE footprint calls with PWM MA0073.1 in GM12878
ENCSR363PEL,footprints,"Alan Boyle, University of Michigan",released,2022-03-23,GRCh38,,TRACE footprint calls with PWM MA1151.1 in GM12878
ENCSR493KLJ,footprints,"Alan Boyle, University of Michigan",released,2022-03-22,GRCh38,,TRACE footprint calls with PWM MA1150.1 in GM12878
ENCSR078MWD,footprints,"Alan Boyle, University of Michigan",released,2022-03-22,GRCh38,,TRACE footprint calls with PWM MA0071.1 in GM12878
ENCSR609XCW,footprints,"Alan Boyle, University of Michigan",released,2022-03-23,GRCh38,,TRACE footprint calls with PWM MA1554.1 in GM12878
ENCSR050FHI,footprints,"Alan Boyle, University of Michigan",released,2022-03-23,GRCh38,,TRACE footprint calls with PWM MA0510.2 in GM12878
ENCSR991LNX,footprints,"Alan Boyle, University of Michigan",released,2022-03-24,GRCh38,,TRACE footprint calls with PWM MA0799.1 in GM12878
ENCSR946RRB,footprints,"Alan Boyle, University of Michigan",released,2022-03-23,GRCh38,,TRACE footprint calls with PWM MA0798.2 in GM12878
ENCSR679JQN,footprints,"Alan Boyle, University of Michigan",released,2022-03-22,GRCh38,,TRACE footprint calls with PWM MA0600.2 in GM12878
ENCSR040ETS,footprints,"Alan Boyle, University of Michigan",released,2022-03-23,GRCh38,,TRACE footprint calls with PWM MA0509.2 in GM12878
ENCSR180NMW,footprints,"Alan Boyle, University of Michigan",released,2022-03-22,GRCh38,,TRACE footprint calls with PWM MA0138.2 in GM12878
ENCSR159DIN,footprints,"Alan Boyle, University of Michigan",released,2022-03-23,GRCh38,,TRACE footprint calls with PWM MA1117.1 in GM12878
ENCSR421GPE,footprints,"Alan Boyle, University of Michigan",released,2022-03-23,GRCh38,,TRACE footprint calls with PWM MA0107.1 in GM12878
ENCSR441QFT,footprints,"Alan Boyle, University of Michigan",released,2022-03-22,GRCh38,,TRACE footprint calls with PWM MA1116.1 in GM12878
ENCSR049ASD,footprints,"Alan Boyle, University of Michigan",released,2022-03-23,GRCh38,,TRACE footprint calls with PWM MA1621.1 in GM12878
ENCSR544NSS,footprints,"Alan Boyle, University of Michigan",released,2022-03-23,GRCh38,,TRACE footprint calls with PWM MA0859.1 in GM12878
ENCSR656KMJ,footprints,"Alan Boyle, University of Michigan",released,2022-03-23,GRCh38,,TRACE footprint calls with PWM MA0857.1 in GM12878
ENCSR139OUP,footprints,"Alan Boyle, University of Michigan",released,2022-03-22,GRCh38,,TRACE footprint calls with PWM MA0729.1 in GM12878
ENCSR850NVG,footprints,"Alan Boyle, University of Michigan",released,2022-03-22,GRCh38,,TRACE footprint calls with PWM MA1149.1 in GM12878
ENCSR072QCV,footprints,"Alan Boyle, University of Michigan",released,2022-03-22,GRCh38,,TRACE footprint calls with PWM MA0159.1 in GM12878
ENCSR014JYP,footprints,"Alan Boyle, University of Michigan",released,2022-03-24,GRCh38,,TRACE footprint calls with PWM MA1618.1 in GM12878
ENCSR354DHD,footprints,"Alan Boyle, University of Michigan",released,2022-03-24,GRCh38,,TRACE footprint calls with PWM MA0075.3 in GM12878
ENCSR355HGK,footprints,"Alan Boyle, University of Michigan",released,2022-03-24,GRCh38,,TRACE footprint calls with PWM MA0794.1 in GM12878
ENCSR192IPR,footprints,"Alan Boyle, University of Michigan",released,2022-03-24,GRCh38,,TRACE footprint calls with PWM MA0715.1 in GM12878
ENCSR412QIK,footprints,"Alan Boyle, University of Michigan",released,2022-03-24,GRCh38,,TRACE footprint calls with PWM MA0508.3 in GM12878
ENCSR753PQG,footprints,"Alan Boyle, University of Michigan",released,2022-03-22,GRCh38,,TRACE footprint calls with PWM MA1616.1 in GM12878
ENCSR153WJW,footprints,"Alan Boyle, University of Michigan",released,2022-03-24,GRCh38,,TRACE footprint calls with PWM MA0066.1 in GM12878
ENCSR480XOQ,footprints,"Alan Boyle, University of Michigan",released,2022-03-24,GRCh38,,TRACE footprint calls with PWM MA0065.2 in GM12878
ENCSR474IKA,footprints,"Alan Boyle, University of Michigan",released,2022-03-24,GRCh38,,TRACE footprint calls with PWM MA1550.1 in GM12878
ENCSR909CPF,footprints,"Alan Boyle, University of Michigan",released,2022-03-24,GRCh38,,TRACE footprint calls with PWM MA1148.1 in GM12878
ENCSR750KRF,footprints,"Alan Boyle, University of Michigan",released,2022-03-22,GRCh38,,TRACE footprint calls with PWM MA0793.1 in GM12878
ENCSR273ZGF,footprints,"Alan Boyle, University of Michigan",released,2022-03-24,GRCh38,,TRACE footprint calls with PWM MA0142.1 in GM12878
ENCSR061MVS,footprints,"Alan Boyle, University of Michigan",released,2022-03-22,GRCh38,,TRACE footprint calls with PWM MA0791.1 in GM12878
ENCSR511BLF,footprints,"Alan Boyle, University of Michigan",released,2022-03-23,GRCh38,,TRACE footprint calls with PWM MA0683.1 in GM12878
ENCSR217RAC,footprints,"Alan Boyle, University of Michigan",released,2022-03-24,GRCh38,,TRACE footprint calls with PWM MA0789.1 in GM12878
ENCSR766QZI,footprints,"Alan Boyle, University of Michigan",released,2022-03-24,GRCh38,,TRACE footprint calls with PWM MA0627.2 in GM12878
ENCSR071UTW,footprints,"Alan Boyle, University of Michigan",released,2022-03-22,GRCh38,,TRACE footprint calls with PWM MA0507.1 in GM12878
ENCSR586EFM,footprints,"Alan Boyle, University of Michigan",released,2022-03-22,GRCh38,,TRACE footprint calls with PWM MA0785.1 in GM12878
ENCSR569HRT,footprints,"Alan Boyle, University of Michigan",released,2022-03-24,GRCh38,,TRACE footprint calls with PWM MA0784.1 in GM12878
ENCSR263DKG,footprints,"Alan Boyle, University of Michigan",released,2022-03-24,GRCh38,,TRACE footprint calls with PWM MA1548.1 in GM12878
ENCSR835ANP,footprints,"Alan Boyle, University of Michigan",released,2022-03-22,GRCh38,,TRACE footprint calls with PWM MA1615.1 in GM12878
ENCSR543LGE,footprints,"Alan Boyle, University of Michigan",released,2022-03-24,GRCh38,,TRACE footprint calls with PWM MA0163.1 in GM12878
ENCSR121MBL,footprints,"Alan Boyle, University of Michigan",released,2022-03-23,GRCh38,,TRACE footprint calls with PWM MA0783.1 in GM12878
ENCSR264YTR,footprints,"Alan Boyle, University of Michigan",released,2022-03-22,GRCh38,,TRACE footprint calls with PWM MA0782.2 in GM12878
ENCSR791PLU,footprints,"Alan Boyle, University of Michigan",released,2022-03-22,GRCh38,,TRACE footprint calls with PWM MA0714.1 in GM12878
ENCSR745FXC,footprints,"Alan Boyle, University of Michigan",released,2022-03-24,GRCh38,,TRACE footprint calls with PWM MA1547.1 in GM12878
ENCSR201BUQ,footprints,"Alan Boyle, University of Michigan",released,2022-03-24,GRCh38,,TRACE footprint calls with PWM MA0681.2 in GM12878
ENCSR288KKU,footprints,"Alan Boyle, University of Michigan",released,2022-03-22,GRCh38,,TRACE footprint calls with PWM MA0132.2 in GM12878
ENCSR830BEC,footprints,"Alan Boyle, University of Michigan",released,2022-03-22,GRCh38,,TRACE footprint calls with PWM MA1114.1 in GM12878
ENCSR101HHO,footprints,"Alan Boyle, University of Michigan",released,2022-03-22,GRCh38,,TRACE footprint calls with PWM MA1113.2 in GM12878
ENCSR456FAA,footprints,"Alan Boyle, University of Michigan",released,2022-03-22,GRCh38,,TRACE footprint calls with PWM MA0070.1 in GM12878
ENCSR313TBE,footprints,"Alan Boyle, University of Michigan",released,2022-03-23,GRCh38,,TRACE footprint calls with PWM MA0781.1 in GM12878
ENCSR107AZP,footprints,"Alan Boyle, University of Michigan",released,2022-03-24,GRCh38,,TRACE footprint calls with PWM MA0680.1 in GM12878
ENCSR744UFH,footprints,"Alan Boyle, University of Michigan",released,2022-03-23,GRCh38,,TRACE footprint calls with PWM MA0069.1 in GM12878
ENCSR117OIK,footprints,"Alan Boyle, University of Michigan",released,2022-03-24,GRCh38,,TRACE footprint calls with PWM MA0014.3 in GM12878
ENCSR764CMF,footprints,"Alan Boyle, University of Michigan",released,2022-03-22,GRCh38,,TRACE footprint calls with PWM MA0068.2 in GM12878
ENCSR186JWT,footprints,"Alan Boyle, University of Michigan",released,2022-03-22,GRCh38,,TRACE footprint calls with PWM MA0780.1 in GM12878
ENCSR210AOC,footprints,"Alan Boyle, University of Michigan",released,2022-03-24,GRCh38,,TRACE footprint calls with PWM MA0779.1 in GM12878
ENCSR687TJH,footprints,"Alan Boyle, University of Michigan",released,2022-03-22,GRCh38,,TRACE footprint calls with PWM MA1545.1 in GM12878
ENCSR492RHA,footprints,"Alan Boyle, University of Michigan",released,2022-03-23,GRCh38,,TRACE footprint calls with PWM MA1544.1 in GM12878
ENCSR302VFU,footprints,"Alan Boyle, University of Michigan",released,2022-03-24,GRCh38,,TRACE footprint calls with PWM MA0712.2 in GM12878
ENCSR727AZZ,footprints,"Alan Boyle, University of Michigan",released,2022-03-24,GRCh38,,TRACE footprint calls with PWM MA0711.1 in GM12878
ENCSR168DTA,footprints,"Alan Boyle, University of Michigan",released,2022-03-24,GRCh38,,TRACE footprint calls with PWM MA1646.1 in GM12878
ENCSR613KQZ,footprints,"Alan Boyle, University of Michigan",released,2022-03-24,GRCh38,,TRACE footprint calls with PWM MA1542.1 in GM12878
ENCSR835JVV,footprints,"Alan Boyle, University of Michigan",released,2022-03-24,GRCh38,,TRACE footprint calls with PWM MA0757.1 in GM12878
ENCSR035YJK,footprints,"Alan Boyle, University of Michigan",released,2022-03-24,GRCh38,,TRACE footprint calls with PWM MA0756.1 in GM12878
ENCSR210ECA,footprints,"Alan Boyle, University of Michigan",released,2022-03-23,GRCh38,,TRACE footprint calls with PWM MA0679.2 in GM12878
ENCSR215RIP,footprints,"Alan Boyle, University of Michigan",released,2022-03-22,GRCh38,,TRACE footprint calls with PWM MA0827.1 in GM12878
ENCSR027KED,footprints,"Alan Boyle, University of Michigan",released,2022-03-24,GRCh38,,TRACE footprint calls with PWM MA0678.1 in GM12878
ENCSR715HHV,footprints,"Alan Boyle, University of Michigan",released,2022-03-24,GRCh38,,TRACE footprint calls with PWM MA0826.1 in GM12878
ENCSR345LTT,footprints,"Alan Boyle, University of Michigan",released,2022-03-24,GRCh38,,TRACE footprint calls with PWM MA0842.2 in GM12878
ENCSR929MVD,footprints,"Alan Boyle, University of Michigan",released,2022-03-22,GRCh38,,TRACE footprint calls with PWM MA0506.1 in GM12878
ENCSR337RAM,footprints,"Alan Boyle, University of Michigan",released,2022-03-22,GRCh38,,TRACE footprint calls with PWM MA1541.1 in GM12878
ENCSR689FSV,footprints,"Alan Boyle, University of Michigan",released,2022-03-23,GRCh38,,TRACE footprint calls with PWM MA0505.1 in GM12878
ENCSR717BTD,footprints,"Alan Boyle, University of Michigan",released,2022-03-22,GRCh38,,TRACE footprint calls with PWM MA1540.1 in GM12878
ENCSR632EIW,footprints,"Alan Boyle, University of Michigan",released,2022-03-24,GRCh38,,TRACE footprint calls with PWM MA1147.1 in GM12878
ENCSR099QZT,footprints,"Alan Boyle, University of Michigan",released,2022-03-24,GRCh38,,TRACE footprint calls with PWM MA1112.2 in GM12878
ENCSR472GLQ,footprints,"Alan Boyle, University of Michigan",released,2022-03-22,GRCh38,,TRACE footprint calls with PWM MA0727.1 in GM12878
ENCSR087WIJ,footprints,"Alan Boyle, University of Michigan",released,2022-03-24,GRCh38,,TRACE footprint calls with PWM MA0113.3 in GM12878
ENCSR069HGC,footprints,"Alan Boyle, University of Michigan",released,2022-03-24,GRCh38,,TRACE footprint calls with PWM MA0677.1 in GM12878
ENCSR110MQJ,footprints,"Alan Boyle, University of Michigan",released,2022-03-24,GRCh38,,TRACE footprint calls with PWM MA1111.1 in GM12878
ENCSR792EZE,footprints,"Alan Boyle, University of Michigan",released,2022-03-23,GRCh38,,TRACE footprint calls with PWM MA0017.2 in GM12878
ENCSR813PQS,footprints,"Alan Boyle, University of Michigan",released,2022-03-22,GRCh38,,TRACE footprint calls with PWM MA0504.1 in GM12878
ENCSR596NTY,footprints,"Alan Boyle, University of Michigan",released,2022-03-23,GRCh38,,TRACE footprint calls with PWM MA1535.1 in GM12878
ENCSR539UEE,footprints,"Alan Boyle, University of Michigan",released,2022-03-22,GRCh38,,TRACE footprint calls with PWM MA1534.1 in GM12878
ENCSR346EBB,footprints,"Alan Boyle, University of Michigan",released,2022-03-24,GRCh38,,TRACE footprint calls with PWM MA1533.1 in GM12878
ENCSR434VTB,footprints,"Alan Boyle, University of Michigan",released,2022-03-22,GRCh38,,TRACE footprint calls with PWM MA1110.1 in GM12878
ENCSR933AFF,footprints,"Alan Boyle, University of Michigan",released,2022-03-22,GRCh38,,TRACE footprint calls with PWM MA1146.1 in GM12878
ENCSR376BOK,footprints,"Alan Boyle, University of Michigan",released,2022-03-24,GRCh38,,TRACE footprint calls with PWM MA0494.1 in GM12878
ENCSR070EIN,footprints,"Alan Boyle, University of Michigan",released,2022-03-24,GRCh38,,TRACE footprint calls with PWM MA0115.1 in GM12878
ENCSR622GOF,footprints,"Alan Boyle, University of Michigan",released,2022-03-22,GRCh38,,TRACE footprint calls with PWM MA1532.1 in GM12878
ENCSR744TGS,footprints,"Alan Boyle, University of Michigan",released,2022-03-23,GRCh38,,TRACE footprint calls with PWM MA1531.1 in GM12878
ENCSR770XRY,footprints,"Alan Boyle, University of Michigan",released,2022-03-24,GRCh38,,TRACE footprint calls with PWM MA0626.1 in GM12878
ENCSR615RLK,footprints,"Alan Boyle, University of Michigan",released,2022-03-22,GRCh38,,TRACE footprint calls with PWM MA0710.1 in GM12878
ENCSR256STL,footprints,"Alan Boyle, University of Michigan",released,2022-03-24,GRCh38,,TRACE footprint calls with PWM MA0125.1 in GM12878
ENCSR346FHF,footprints,"Alan Boyle, University of Michigan",released,2022-03-22,GRCh38,,TRACE footprint calls with PWM MA1530.1 in GM12878
ENCSR996LFU,footprints,"Alan Boyle, University of Michigan",released,2022-03-22,GRCh38,,TRACE footprint calls with PWM MA0122.3 in GM12878
ENCSR788DWI,footprints,"Alan Boyle, University of Michigan",released,2022-03-23,GRCh38,,TRACE footprint calls with PWM MA0124.2 in GM12878
ENCSR086TLB,footprints,"Alan Boyle, University of Michigan",released,2022-03-24,GRCh38,,TRACE footprint calls with PWM MA0063.2 in GM12878
ENCSR504RJS,footprints,"Alan Boyle, University of Michigan",released,2022-03-23,GRCh38,,TRACE footprint calls with PWM MA0672.1 in GM12878
ENCSR047LHA,footprints,"Alan Boyle, University of Michigan",released,2022-03-24,GRCh38,,TRACE footprint calls with PWM MA1645.1 in GM12878
ENCSR746TBZ,footprints,"Alan Boyle, University of Michigan",released,2022-03-24,GRCh38,,TRACE footprint calls with PWM MA1529.1 in GM12878
ENCSR424GMG,footprints,"Alan Boyle, University of Michigan",released,2022-03-24,GRCh38,,TRACE footprint calls with PWM MA0048.2 in GM12878
ENCSR422IQX,footprints,"Alan Boyle, University of Michigan",released,2022-03-22,GRCh38,,TRACE footprint calls with PWM MA1644.1 in GM12878
ENCSR184PJN,footprints,"Alan Boyle, University of Michigan",released,2022-03-24,GRCh38,,TRACE footprint calls with PWM MA0502.2 in GM12878
ENCSR553XBN,footprints,"Alan Boyle, University of Michigan",released,2022-03-24,GRCh38,,TRACE footprint calls with PWM MA0060.3 in GM12878
ENCSR189VLI,footprints,"Alan Boyle, University of Michigan",released,2022-03-22,GRCh38,,TRACE footprint calls with PWM MA0778.1 in GM12878
ENCSR936HKU,footprints,"Alan Boyle, University of Michigan",released,2022-03-22,GRCh38,,TRACE footprint calls with PWM MA0105.4 in GM12878
ENCSR524UXG,footprints,"Alan Boyle, University of Michigan",released,2022-03-22,GRCh38,,TRACE footprint calls with PWM MA0671.1 in GM12878
ENCSR453JLX,footprints,"Alan Boyle, University of Michigan",released,2022-03-24,GRCh38,,TRACE footprint calls with PWM MA0025.2 in GM12878
ENCSR536RPY,footprints,"Alan Boyle, University of Michigan",released,2022-03-24,GRCh38,,TRACE footprint calls with PWM MA0161.2 in GM12878
ENCSR870BJU,footprints,"Alan Boyle, University of Michigan",released,2022-03-24,GRCh38,,TRACE footprint calls with PWM MA0119.1 in GM12878
ENCSR350ACW,footprints,"Alan Boyle, University of Michigan",released,2022-03-22,GRCh38,,TRACE footprint calls with PWM MA1643.1 in GM12878
ENCSR608HPU,footprints,"Alan Boyle, University of Michigan",released,2022-03-24,GRCh38,,TRACE footprint calls with PWM MA0670.1 in GM12878
ENCSR840XVM,footprints,"Alan Boyle, University of Michigan",released,2022-03-23,GRCh38,,TRACE footprint calls with PWM MA0841.1 in GM12878
ENCSR219TTT,footprints,"Alan Boyle, University of Michigan",released,2022-03-23,GRCh38,,TRACE footprint calls with PWM MA0150.2 in GM12878
ENCSR077SXS,footprints,"Alan Boyle, University of Michigan",released,2022-03-24,GRCh38,,TRACE footprint calls with PWM MA0089.2 in GM12878
ENCSR049ICZ,footprints,"Alan Boyle, University of Michigan",released,2022-03-22,GRCh38,,TRACE footprint calls with PWM MA1525.1 in GM12878
ENCSR329PWQ,footprints,"Alan Boyle, University of Michigan",released,2022-03-24,GRCh38,,TRACE footprint calls with PWM MA0606.1 in GM12878
ENCSR354BIR,footprints,"Alan Boyle, University of Michigan",released,2022-03-24,GRCh38,,TRACE footprint calls with PWM MA0669.1 in GM12878
ENCSR990ENZ,footprints,"Alan Boyle, University of Michigan",released,2022-03-24,GRCh38,,TRACE footprint calls with PWM MA0623.2 in GM12878
ENCSR419VKC,footprints,"Alan Boyle, University of Michigan",released,2022-03-24,GRCh38,,TRACE footprint calls with PWM MA0668.1 in GM12878
ENCSR459XFM,footprints,"Alan Boyle, University of Michigan",released,2022-03-24,GRCh38,,TRACE footprint calls with PWM MA1109.1 in GM12878
ENCSR075YGX,footprints,"Alan Boyle, University of Michigan",released,2022-03-22,GRCh38,,TRACE footprint calls with PWM MA0056.2 in GM12878
ENCSR143UKM,footprints,"Alan Boyle, University of Michigan",released,2022-03-24,GRCh38,,TRACE footprint calls with PWM MA0500.2 in GM12878
ENCSR497WGK,footprints,"Alan Boyle, University of Michigan",released,2022-03-22,GRCh38,,TRACE footprint calls with PWM MA0499.2 in GM12878
ENCSR442YGT,footprints,"Alan Boyle, University of Michigan",released,2022-03-24,GRCh38,,TRACE footprint calls with PWM MA0667.1 in GM12878
ENCSR727IRA,footprints,"Alan Boyle, University of Michigan",released,2022-03-24,GRCh38,,TRACE footprint calls with PWM MA1641.1 in GM12878
ENCSR523BRP,footprints,"Alan Boyle, University of Michigan",released,2022-03-24,GRCh38,,TRACE footprint calls with PWM MA0147.3 in GM12878
ENCSR250YRA,footprints,"Alan Boyle, University of Michigan",released,2022-03-22,GRCh38,,TRACE footprint calls with PWM MA0104.4 in GM12878
ENCSR911AAF,footprints,"Alan Boyle, University of Michigan",released,2022-03-23,GRCh38,,TRACE footprint calls with PWM MA0100.3 in GM12878
ENCSR597QSV,footprints,"Alan Boyle, University of Michigan",released,2022-03-24,GRCh38,,TRACE footprint calls with PWM MA0777.1 in GM12878
ENCSR694UBE,footprints,"Alan Boyle, University of Michigan",released,2022-03-22,GRCh38,,TRACE footprint calls with PWM MA0776.1 in GM12878
ENCSR207ULQ,footprints,"Alan Boyle, University of Michigan",released,2022-03-23,GRCh38,,TRACE footprint calls with PWM MA1108.2 in GM12878
ENCSR398VSN,footprints,"Alan Boyle, University of Michigan",released,2022-03-23,GRCh38,,TRACE footprint calls with PWM MA0863.1 in GM12878
ENCSR857AJP,footprints,"Alan Boyle, University of Michigan",released,2022-03-22,GRCh38,,TRACE footprint calls with PWM MA0666.1 in GM12878
ENCSR820LWR,footprints,"Alan Boyle, University of Michigan",released,2022-03-24,GRCh38,,TRACE footprint calls with PWM MA1524.1 in GM12878
ENCSR791TNB,footprints,"Alan Boyle, University of Michigan",released,2022-03-24,GRCh38,,TRACE footprint calls with PWM MA0665.1 in GM12878
ENCSR824UAQ,footprints,"Alan Boyle, University of Michigan",released,2022-03-24,GRCh38,,TRACE footprint calls with PWM MA0825.1 in GM12878
ENCSR591HQX,footprints,"Alan Boyle, University of Michigan",released,2022-03-22,GRCh38,,TRACE footprint calls with PWM MA0663.1 in GM12878
ENCSR907GBS,footprints,"Alan Boyle, University of Michigan",released,2022-03-22,GRCh38,,TRACE footprint calls with PWM MA0622.1 in GM12878
ENCSR324ZMU,footprints,"Alan Boyle, University of Michigan",released,2022-03-24,GRCh38,,TRACE footprint calls with PWM MA0664.1 in GM12878
ENCSR000MJZ,footprints,"Alan Boyle, University of Michigan",released,2022-03-24,GRCh38,,TRACE footprint calls with PWM MA0621.1 in GM12878
ENCSR543LKZ,footprints,"Alan Boyle, University of Michigan",released,2022-03-22,GRCh38,,TRACE footprint calls with PWM MA0620.3 in GM12878
ENCSR531XAG,footprints,"Alan Boyle, University of Michigan",released,2022-03-22,GRCh38,,TRACE footprint calls with PWM MA0801.1 in GM12878
ENCSR049MXA,footprints,"Alan Boyle, University of Michigan",released,2022-03-23,GRCh38,,TRACE footprint calls with PWM MA0661.1 in GM12878
ENCSR584KOX,footprints,"Alan Boyle, University of Michigan",released,2022-03-22,GRCh38,,TRACE footprint calls with PWM MA0774.1 in GM12878
ENCSR056JTG,footprints,"Alan Boyle, University of Michigan",released,2022-03-22,GRCh38,,TRACE footprint calls with PWM MA0773.1 in GM12878
ENCSR844CWH,footprints,"Alan Boyle, University of Michigan",released,2022-03-24,GRCh38,,TRACE footprint calls with PWM MA0660.1 in GM12878
ENCSR892UWS,footprints,"Alan Boyle, University of Michigan",released,2022-03-22,GRCh38,,TRACE footprint calls with PWM MA0029.1 in GM12878
ENCSR229WTU,footprints,"Alan Boyle, University of Michigan",released,2022-03-24,GRCh38,,TRACE footprint calls with PWM MA1522.1 in GM12878
ENCSR598KLX,footprints,"Alan Boyle, University of Michigan",released,2022-03-23,GRCh38,,TRACE footprint calls with PWM MA0058.3 in GM12878
ENCSR102SFA,footprints,"Alan Boyle, University of Michigan",released,2022-03-22,GRCh38,,TRACE footprint calls with PWM MA0059.1 in GM12878
ENCSR232FRR,footprints,"Alan Boyle, University of Michigan",released,2022-03-24,GRCh38,,TRACE footprint calls with PWM MA1520.1 in GM12878
ENCSR971WII,footprints,"Alan Boyle, University of Michigan",released,2022-03-23,GRCh38,,TRACE footprint calls with PWM MA0501.1 in GM12878
ENCSR226ITS,footprints,"Alan Boyle, University of Michigan",released,2022-03-24,GRCh38,,TRACE footprint calls with PWM MA0496.3 in GM12878
ENCSR675YQC,footprints,"Alan Boyle, University of Michigan",released,2022-03-23,GRCh38,,TRACE footprint calls with PWM MA0659.2 in GM12878
ENCSR017PJC,footprints,"Alan Boyle, University of Michigan",released,2022-03-24,GRCh38,,TRACE footprint calls with PWM MA0495.3 in GM12878
ENCSR884DMS,footprints,"Alan Boyle, University of Michigan",released,2022-03-22,GRCh38,,TRACE footprint calls with PWM MA0117.2 in GM12878
ENCSR821VMH,footprints,"Alan Boyle, University of Michigan",released,2022-03-22,GRCh38,,TRACE footprint calls with PWM MA1521.1 in GM12878
ENCSR704NZJ,footprints,"Alan Boyle, University of Michigan",released,2022-03-22,GRCh38,,TRACE footprint calls with PWM MA0703.2 in GM12878
ENCSR204DPX,footprints,"Alan Boyle, University of Michigan",released,2022-03-24,GRCh38,,TRACE footprint calls with PWM MA0702.2 in GM12878
ENCSR185DXI,footprints,"Alan Boyle, University of Michigan",released,2022-03-22,GRCh38,,TRACE footprint calls with PWM MA0619.1 in GM12878
ENCSR709YXW,footprints,"Alan Boyle, University of Michigan",released,2022-03-24,GRCh38,,TRACE footprint calls with PWM MA0701.2 in GM12878
ENCSR067GQM,footprints,"Alan Boyle, University of Michigan",released,2022-03-22,GRCh38,,TRACE footprint calls with PWM MA0705.1 in GM12878
ENCSR967DLF,footprints,"Alan Boyle, University of Michigan",released,2022-03-24,GRCh38,,TRACE footprint calls with PWM MA0658.1 in GM12878
ENCSR992WNR,footprints,"Alan Boyle, University of Michigan",released,2022-03-23,GRCh38,,TRACE footprint calls with PWM MA1519.1 in GM12878
ENCSR259CYK,footprints,"Alan Boyle, University of Michigan",released,2022-03-24,GRCh38,,TRACE footprint calls with PWM MA0135.1 in GM12878
ENCSR364LGV,footprints,"Alan Boyle, University of Michigan",released,2022-03-24,GRCh38,,TRACE footprint calls with PWM MA0700.2 in GM12878
ENCSR528QDG,footprints,"Alan Boyle, University of Michigan",released,2022-03-23,GRCh38,,TRACE footprint calls with PWM MA0768.1 in GM12878
ENCSR149BUH,footprints,"Alan Boyle, University of Michigan",released,2022-03-23,GRCh38,,TRACE footprint calls with PWM MA0699.1 in GM12878
ENCSR331SVR,footprints,"Alan Boyle, University of Michigan",released,2022-03-22,GRCh38,,TRACE footprint calls with PWM MA0618.1 in GM12878
ENCSR440MXZ,footprints,"Alan Boyle, University of Michigan",released,2022-03-23,GRCh38,,TRACE footprint calls with PWM MA1107.2 in GM12878
ENCSR296JCV,footprints,"Alan Boyle, University of Michigan",released,2022-03-24,GRCh38,,TRACE footprint calls with PWM MA1517.1 in GM12878
ENCSR306DOH,footprints,"Alan Boyle, University of Michigan",released,2022-03-22,GRCh38,,TRACE footprint calls with PWM MA0599.1 in GM12878
ENCSR830FCK,footprints,"Alan Boyle, University of Michigan",released,2022-03-24,GRCh38,,TRACE footprint calls with PWM MA0039.4 in GM12878
ENCSR397ITH,footprints,"Alan Boyle, University of Michigan",released,2022-03-23,GRCh38,,TRACE footprint calls with PWM MA1516.1 in GM12878
ENCSR262HTS,footprints,"Alan Boyle, University of Michigan",released,2022-03-22,GRCh38,,TRACE footprint calls with PWM MA1515.1 in GM12878
ENCSR692ZWE,footprints,"Alan Boyle, University of Michigan",released,2022-03-23,GRCh38,,TRACE footprint calls with PWM MA0493.1 in GM12878
ENCSR367CGT,footprints,"Alan Boyle, University of Michigan",released,2022-03-22,GRCh38,,TRACE footprint calls with PWM MA1514.1 in GM12878
ENCSR589NYT,footprints,"Alan Boyle, University of Michigan",released,2022-03-24,GRCh38,,TRACE footprint calls with PWM MA0741.1 in GM12878
ENCSR880HPE,footprints,"Alan Boyle, University of Michigan",released,2022-03-23,GRCh38,,TRACE footprint calls with PWM MA1513.1 in GM12878
ENCSR443XKD,footprints,"Alan Boyle, University of Michigan",released,2022-03-23,GRCh38,,TRACE footprint calls with PWM MA0740.1 in GM12878
ENCSR480YMX,footprints,"Alan Boyle, University of Michigan",released,2022-03-22,GRCh38,,TRACE footprint calls with PWM MA0657.1 in GM12878
ENCSR952GGJ,footprints,"Alan Boyle, University of Michigan",released,2022-03-22,GRCh38,,TRACE footprint calls with PWM MA0742.1 in GM12878
ENCSR465EZZ,footprints,"Alan Boyle, University of Michigan",released,2022-03-22,GRCh38,,TRACE footprint calls with PWM MA1512.1 in GM12878
ENCSR616QYB,footprints,"Alan Boyle, University of Michigan",released,2022-03-23,GRCh38,,TRACE footprint calls with PWM MA1511.1 in GM12878
ENCSR254HJG,footprints,"Alan Boyle, University of Michigan",released,2022-03-24,GRCh38,,TRACE footprint calls with PWM MA0488.1 in GM12878
ENCSR994QCM,footprints,"Alan Boyle, University of Michigan",released,2022-03-22,GRCh38,,TRACE footprint calls with PWM MA1132.1 in GM12878
ENCSR255XKV,footprints,"Alan Boyle, University of Michigan",released,2022-03-23,GRCh38,,TRACE footprint calls with PWM MA0491.2 in GM12878
ENCSR631GLW,footprints,"Alan Boyle, University of Michigan",released,2022-03-22,GRCh38,,TRACE footprint calls with PWM MA0490.2 in GM12878
ENCSR268RKT,footprints,"Alan Boyle, University of Michigan",released,2022-03-22,GRCh38,,TRACE footprint calls with PWM MA0655.1 in GM12878
ENCSR216DOX,footprints,"Alan Boyle, University of Michigan",released,2022-03-23,GRCh38,,TRACE footprint calls with PWM MA0654.1 in GM12878
ENCSR757GNO,footprints,"Alan Boyle, University of Michigan",released,2022-03-24,GRCh38,,TRACE footprint calls with PWM MA1608.1 in GM12878
ENCSR923EAY,footprints,"Alan Boyle, University of Michigan",released,2022-03-22,GRCh38,,TRACE footprint calls with PWM MA0653.1 in GM12878
ENCSR413HCU,footprints,"Alan Boyle, University of Michigan",released,2022-03-24,GRCh38,,TRACE footprint calls with PWM MA0652.1 in GM12878
ENCSR542OHQ,footprints,"Alan Boyle, University of Michigan",released,2022-03-22,GRCh38,,TRACE footprint calls with PWM MA0772.1 in GM12878
ENCSR783BDB,footprints,"Alan Boyle, University of Michigan",released,2022-03-24,GRCh38,,TRACE footprint calls with PWM MA1509.1 in GM12878
ENCSR919WHW,footprints,"Alan Boyle, University of Michigan",released,2022-03-22,GRCh38,,TRACE footprint calls with PWM MA1420.1 in GM12878
ENCSR302TVD,footprints,"Alan Boyle, University of Michigan",released,2022-03-23,GRCh38,,TRACE footprint calls with PWM MA1419.1 in GM12878
ENCSR771NGJ,footprints,"Alan Boyle, University of Michigan",released,2022-03-23,GRCh38,,TRACE footprint calls with PWM MA1418.1 in GM12878
ENCSR213AJU,footprints,"Alan Boyle, University of Michigan",released,2022-03-24,GRCh38,,TRACE footprint calls with PWM MA0051.1 in GM12878
ENCSR296YWR,footprints,"Alan Boyle, University of Michigan",released,2022-03-24,GRCh38,,TRACE footprint calls with PWM MA0050.2 in GM12878
ENCSR878PXX,footprints,"Alan Boyle, University of Michigan",released,2022-03-24,GRCh38,,TRACE footprint calls with PWM MA0155.1 in GM12878
ENCSR436JSO,footprints,"Alan Boyle, University of Michigan",released,2022-03-24,GRCh38,,TRACE footprint calls with PWM MA1508.1 in GM12878
ENCSR782FFY,footprints,"Alan Boyle, University of Michigan",released,2022-03-24,GRCh38,,TRACE footprint calls with PWM MA0771.1 in GM12878
ENCSR113FMT,footprints,"Alan Boyle, University of Michigan",released,2022-03-23,GRCh38,,TRACE footprint calls with PWM MA0770.1 in GM12878
ENCSR631PMI,footprints,"Alan Boyle, University of Michigan",released,2022-03-22,GRCh38,,TRACE footprint calls with PWM MA0486.2 in GM12878
ENCSR517EKP,footprints,"Alan Boyle, University of Michigan",released,2022-03-22,GRCh38,,TRACE footprint calls with PWM MA0913.2 in GM12878
ENCSR259YSJ,footprints,"Alan Boyle, University of Michigan",released,2022-03-22,GRCh38,,TRACE footprint calls with PWM MA0910.2 in GM12878
ENCSR923CVN,footprints,"Alan Boyle, University of Michigan",released,2022-03-24,GRCh38,,TRACE footprint calls with PWM MA0912.2 in GM12878
ENCSR653SXM,footprints,"Alan Boyle, University of Michigan",released,2022-03-22,GRCh38,,TRACE footprint calls with PWM MA0909.2 in GM12878
ENCSR170CZI,footprints,"Alan Boyle, University of Michigan",released,2022-03-24,GRCh38,,TRACE footprint calls with PWM MA0873.1 in GM12878
ENCSR802NDP,footprints,"Alan Boyle, University of Michigan",released,2022-03-23,GRCh38,,TRACE footprint calls with PWM MA0908.1 in GM12878
ENCSR138YVL,footprints,"Alan Boyle, University of Michigan",released,2022-03-22,GRCh38,,TRACE footprint calls with PWM MA1506.1 in GM12878
ENCSR467VJL,footprints,"Alan Boyle, University of Michigan",released,2022-03-24,GRCh38,,TRACE footprint calls with PWM MA0485.2 in GM12878
ENCSR096YBW,footprints,"Alan Boyle, University of Michigan",released,2022-03-23,GRCh38,,TRACE footprint calls with PWM MA1505.1 in GM12878
ENCSR064IGS,footprints,"Alan Boyle, University of Michigan",released,2022-03-22,GRCh38,,TRACE footprint calls with PWM MA0907.1 in GM12878
ENCSR575YEE,footprints,"Alan Boyle, University of Michigan",released,2022-03-23,GRCh38,,TRACE footprint calls with PWM MA0906.1 in GM12878
ENCSR393VJF,footprints,"Alan Boyle, University of Michigan",released,2022-03-23,GRCh38,,TRACE footprint calls with PWM MA0651.1 in GM12878
ENCSR884ZVJ,footprints,"Alan Boyle, University of Michigan",released,2022-03-22,GRCh38,,TRACE footprint calls with PWM MA0905.1 in GM12878
ENCSR854DWL,footprints,"Alan Boyle, University of Michigan",released,2022-03-24,GRCh38,,TRACE footprint calls with PWM MA1503.1 in GM12878
ENCSR455DVV,footprints,"Alan Boyle, University of Michigan",released,2022-03-24,GRCh38,,TRACE footprint calls with PWM MA1502.1 in GM12878
ENCSR807RDU,footprints,"Alan Boyle, University of Michigan",released,2022-03-23,GRCh38,,TRACE footprint calls with PWM MA1501.1 in GM12878
ENCSR006CXD,footprints,"Alan Boyle, University of Michigan",released,2022-03-22,GRCh38,,TRACE footprint calls with PWM MA0904.2 in GM12878
ENCSR116QVG,footprints,"Alan Boyle, University of Michigan",released,2022-03-22,GRCh38,,TRACE footprint calls with PWM MA1499.1 in GM12878
ENCSR119BMT,footprints,"Alan Boyle, University of Michigan",released,2022-03-22,GRCh38,,TRACE footprint calls with PWM MA0902.2 in GM12878
ENCSR025TDF,footprints,"Alan Boyle, University of Michigan",released,2022-03-24,GRCh38,,TRACE footprint calls with PWM MA0594.2 in GM12878
ENCSR780OTA,footprints,"Alan Boyle, University of Michigan",released,2022-03-22,GRCh38,,TRACE footprint calls with PWM MA1498.1 in GM12878
ENCSR527EKZ,footprints,"Alan Boyle, University of Michigan",released,2022-03-24,GRCh38,,TRACE footprint calls with PWM MA0158.2 in GM12878
ENCSR881UBN,footprints,"Alan Boyle, University of Michigan",released,2022-03-22,GRCh38,,TRACE footprint calls with PWM MA1496.1 in GM12878
ENCSR431JHB,footprints,"Alan Boyle, University of Michigan",released,2022-03-24,GRCh38,,TRACE footprint calls with PWM MA0900.2 in GM12878
ENCSR542KBR,footprints,"Alan Boyle, University of Michigan",released,2022-03-23,GRCh38,,TRACE footprint calls with PWM MA1495.1 in GM12878
ENCSR870EUC,footprints,"Alan Boyle, University of Michigan",released,2022-03-23,GRCh38,,TRACE footprint calls with PWM MA0650.2 in GM12878
ENCSR386AKW,footprints,"Alan Boyle, University of Michigan",released,2022-03-24,GRCh38,,TRACE footprint calls with PWM MA0911.1 in GM12878
ENCSR440UIN,footprints,"Alan Boyle, University of Michigan",released,2022-03-22,GRCh38,,TRACE footprint calls with PWM MA0484.2 in GM12878
ENCSR813IOR,footprints,"Alan Boyle, University of Michigan",released,2022-03-23,GRCh38,,TRACE footprint calls with PWM MA0114.4 in GM12878
ENCSR659WVJ,footprints,"Alan Boyle, University of Michigan",released,2022-03-22,GRCh38,,TRACE footprint calls with PWM MA0153.2 in GM12878
ENCSR537BXE,footprints,"Alan Boyle, University of Michigan",released,2022-03-22,GRCh38,,TRACE footprint calls with PWM MA0046.2 in GM12878
ENCSR317DXF,footprints,"Alan Boyle, University of Michigan",released,2022-03-24,GRCh38,,TRACE footprint calls with PWM MA0898.1 in GM12878
ENCSR081SGL,footprints,"Alan Boyle, University of Michigan",released,2022-03-22,GRCh38,,TRACE footprint calls with PWM MA0897.1 in GM12878
ENCSR568MIF,footprints,"Alan Boyle, University of Michigan",released,2022-03-22,GRCh38,,TRACE footprint calls with PWM MA0896.1 in GM12878
ENCSR239JOY,footprints,"Alan Boyle, University of Michigan",released,2022-03-24,GRCh38,,TRACE footprint calls with PWM MA0043.3 in GM12878
ENCSR462POV,footprints,"Alan Boyle, University of Michigan",released,2022-03-23,GRCh38,,TRACE footprint calls with PWM MA0131.2 in GM12878
ENCSR264BNM,footprints,"Alan Boyle, University of Michigan",released,2022-03-24,GRCh38,,TRACE footprint calls with PWM MA1106.1 in GM12878
ENCSR340SCH,footprints,"Alan Boyle, University of Michigan",released,2022-03-22,GRCh38,,TRACE footprint calls with PWM MA0739.1 in GM12878
ENCSR253VTN,footprints,"Alan Boyle, University of Michigan",released,2022-03-23,GRCh38,,TRACE footprint calls with PWM MA0649.1 in GM12878
ENCSR906SJK,footprints,"Alan Boyle, University of Michigan",released,2022-03-22,GRCh38,,TRACE footprint calls with PWM MA0823.1 in GM12878
ENCSR046OBQ,footprints,"Alan Boyle, University of Michigan",released,2022-03-23,GRCh38,,TRACE footprint calls with PWM MA0894.1 in GM12878
ENCSR769FXW,footprints,"Alan Boyle, University of Michigan",released,2022-03-24,GRCh38,,TRACE footprint calls with PWM MA0822.1 in GM12878
ENCSR419IFK,footprints,"Alan Boyle, University of Michigan",released,2022-03-22,GRCh38,,TRACE footprint calls with PWM MA1493.1 in GM12878
ENCSR100VDP,footprints,"Alan Boyle, University of Michigan",released,2022-03-22,GRCh38,,TRACE footprint calls with PWM MA0821.1 in GM12878
ENCSR450FUW,footprints,"Alan Boyle, University of Michigan",released,2022-03-23,GRCh38,,TRACE footprint calls with PWM MA0616.2 in GM12878
ENCSR275FSY,footprints,"Alan Boyle, University of Michigan",released,2022-03-22,GRCh38,,TRACE footprint calls with PWM MA1099.2 in GM12878
ENCSR458QWR,footprints,"Alan Boyle, University of Michigan",released,2022-03-23,GRCh38,,TRACE footprint calls with PWM MA1638.1 in GM12878
ENCSR817URO,footprints,"Alan Boyle, University of Michigan",released,2022-03-23,GRCh38,,TRACE footprint calls with PWM MA0648.1 in GM12878
ENCSR924IAQ,footprints,"Alan Boyle, University of Michigan",released,2022-03-22,GRCh38,,TRACE footprint calls with PWM MA1105.2 in GM12878
ENCSR352YXW,footprints,"Alan Boyle, University of Michigan",released,2022-03-22,GRCh38,,TRACE footprint calls with PWM MA0647.1 in GM12878
ENCSR007DXQ,footprints,"Alan Boyle, University of Michigan",released,2022-03-22,GRCh38,,TRACE footprint calls with PWM MA0862.1 in GM12878
ENCSR246HDH,footprints,"Alan Boyle, University of Michigan",released,2022-03-24,GRCh38,,TRACE footprint calls with PWM MA0615.1 in GM12878
ENCSR817EKA,footprints,"Alan Boyle, University of Michigan",released,2022-03-24,GRCh38,,TRACE footprint calls with PWM MA0737.1 in GM12878
ENCSR802PKV,footprints,"Alan Boyle, University of Michigan",released,2022-03-22,GRCh38,,TRACE footprint calls with PWM MA0736.1 in GM12878
ENCSR148FYS,footprints,"Alan Boyle, University of Michigan",released,2022-03-24,GRCh38,,TRACE footprint calls with PWM MA0735.1 in GM12878
ENCSR166TDV,footprints,"Alan Boyle, University of Michigan",released,2022-03-23,GRCh38,,TRACE footprint calls with PWM MA1491.1 in GM12878
ENCSR013AQZ,footprints,"Alan Boyle, University of Michigan",released,2022-03-24,GRCh38,,TRACE footprint calls with PWM MA0734.2 in GM12878
ENCSR090TRQ,footprints,"Alan Boyle, University of Michigan",released,2022-03-24,GRCh38,,TRACE footprint calls with PWM MA0038.2 in GM12878
ENCSR760DLB,footprints,"Alan Boyle, University of Michigan",released,2022-03-24,GRCh38,,TRACE footprint calls with PWM MA0483.1 in GM12878
ENCSR953NQJ,footprints,"Alan Boyle, University of Michigan",released,2022-03-23,GRCh38,,TRACE footprint calls with PWM MA0767.1 in GM12878
ENCSR697RRP,footprints,"Alan Boyle, University of Michigan",released,2022-03-24,GRCh38,,TRACE footprint calls with PWM MA0646.1 in GM12878
ENCSR237KTG,footprints,"Alan Boyle, University of Michigan",released,2022-03-22,GRCh38,,TRACE footprint calls with PWM MA0890.1 in GM12878
ENCSR611QWF,footprints,"Alan Boyle, University of Michigan",released,2022-03-22,GRCh38,,TRACE footprint calls with PWM MA0889.1 in GM12878
ENCSR507QYA,footprints,"Alan Boyle, University of Michigan",released,2022-03-22,GRCh38,,TRACE footprint calls with PWM MA1104.2 in GM12878
ENCSR868RCG,footprints,"Alan Boyle, University of Michigan",released,2022-03-24,GRCh38,,TRACE footprint calls with PWM MA0766.2 in GM12878
ENCSR940VWO,footprints,"Alan Boyle, University of Michigan",released,2022-03-24,GRCh38,,TRACE footprint calls with PWM MA0482.2 in GM12878
ENCSR226QMZ,footprints,"Alan Boyle, University of Michigan",released,2022-03-24,GRCh38,,TRACE footprint calls with PWM MA0037.3 in GM12878
ENCSR132BEZ,footprints,"Alan Boyle, University of Michigan",released,2022-03-22,GRCh38,,TRACE footprint calls with PWM MA0036.3 in GM12878
ENCSR230HVD,footprints,"Alan Boyle, University of Michigan",released,2022-03-24,GRCh38,,TRACE footprint calls with PWM MA0140.2 in GM12878
ENCSR295ZCX,footprints,"Alan Boyle, University of Michigan",released,2022-03-23,GRCh38,,TRACE footprint calls with PWM MA0062.3 in GM12878
ENCSR915MAS,footprints,"Alan Boyle, University of Michigan",released,2022-03-23,GRCh38,,TRACE footprint calls with PWM MA0593.1 in GM12878
ENCSR542BIW,footprints,"Alan Boyle, University of Michigan",released,2022-03-23,GRCh38,,TRACE footprint calls with PWM MA0480.1 in GM12878
ENCSR905CNM,footprints,"Alan Boyle, University of Michigan",released,2022-03-23,GRCh38,,TRACE footprint calls with PWM MA0852.2 in GM12878
ENCSR139DCY,footprints,"Alan Boyle, University of Michigan",released,2022-03-23,GRCh38,,TRACE footprint calls with PWM MA0614.1 in GM12878
ENCSR540CJE,footprints,"Alan Boyle, University of Michigan",released,2022-03-22,GRCh38,,TRACE footprint calls with PWM MA0479.1 in GM12878
ENCSR717WFL,footprints,"Alan Boyle, University of Michigan",released,2022-03-22,GRCh38,,TRACE footprint calls with PWM MA0613.1 in GM12878
ENCSR614EQS,footprints,"Alan Boyle, University of Michigan",released,2022-03-22,GRCh38,,TRACE footprint calls with PWM MA0030.1 in GM12878
ENCSR492QRQ,footprints,"Alan Boyle, University of Michigan",released,2022-03-24,GRCh38,,TRACE footprint calls with PWM MA1487.1 in GM12878
ENCSR382IGC,footprints,"Alan Boyle, University of Michigan",released,2022-03-24,GRCh38,,TRACE footprint calls with PWM MA0476.1 in GM12878
ENCSR734XQB,footprints,"Alan Boyle, University of Michigan",released,2022-03-22,GRCh38,,TRACE footprint calls with PWM MA0478.1 in GM12878
ENCSR578RFT,footprints,"Alan Boyle, University of Michigan",released,2022-03-22,GRCh38,,TRACE footprint calls with PWM MA1130.1 in GM12878
ENCSR348ONW,footprints,"Alan Boyle, University of Michigan",released,2022-03-24,GRCh38,,TRACE footprint calls with PWM MA1144.1 in GM12878
ENCSR799CIP,footprints,"Alan Boyle, University of Michigan",released,2022-03-23,GRCh38,,TRACE footprint calls with PWM MA1138.1 in GM12878
ENCSR300HZN,footprints,"Alan Boyle, University of Michigan",released,2022-03-22,GRCh38,,TRACE footprint calls with PWM MA0477.2 in GM12878
ENCSR315ISR,footprints,"Alan Boyle, University of Michigan",released,2022-03-24,GRCh38,,TRACE footprint calls with PWM MA1128.1 in GM12878
ENCSR087JDQ,footprints,"Alan Boyle, University of Michigan",released,2022-03-22,GRCh38,,TRACE footprint calls with PWM MA1142.1 in GM12878
ENCSR541WVQ,footprints,"Alan Boyle, University of Michigan",released,2022-03-24,GRCh38,,TRACE footprint calls with PWM MA1137.1 in GM12878
ENCSR746YTZ,footprints,"Alan Boyle, University of Michigan",released,2022-03-23,GRCh38,,TRACE footprint calls with PWM MA0099.3 in GM12878
ENCSR545WHM,footprints,"Alan Boyle, University of Michigan",released,2022-03-23,GRCh38,,TRACE footprint calls with PWM MA1141.1 in GM12878
ENCSR836ERY,footprints,"Alan Boyle, University of Michigan",released,2022-03-23,GRCh38,,TRACE footprint calls with PWM MA1134.1 in GM12878
ENCSR138ZIF,footprints,"Alan Boyle, University of Michigan",released,2022-03-22,GRCh38,,TRACE footprint calls with PWM MA1127.1 in GM12878
ENCSR446BWZ,footprints,"Alan Boyle, University of Michigan",released,2022-03-22,GRCh38,,TRACE footprint calls with PWM MA1135.1 in GM12878
ENCSR750IVF,footprints,"Alan Boyle, University of Michigan",released,2022-03-24,GRCh38,,TRACE footprint calls with PWM MA0475.2 in GM12878
ENCSR350EWK,footprints,"Alan Boyle, University of Michigan",released,2022-03-24,GRCh38,,TRACE footprint calls with PWM MA0820.1 in GM12878
ENCSR433UBX,footprints,"Alan Boyle, University of Michigan",released,2022-03-22,GRCh38,,TRACE footprint calls with PWM MA0156.2 in GM12878
ENCSR262KRZ,footprints,"Alan Boyle, University of Michigan",released,2022-03-23,GRCh38,,TRACE footprint calls with PWM MA1485.1 in GM12878
ENCSR728HRF,footprints,"Alan Boyle, University of Michigan",released,2022-03-24,GRCh38,,TRACE footprint calls with PWM MA0149.1 in GM12878
ENCSR806LTL,footprints,"Alan Boyle, University of Michigan",released,2022-03-24,GRCh38,,TRACE footprint calls with PWM MA0888.1 in GM12878
ENCSR585QER,footprints,"Alan Boyle, University of Michigan",released,2022-03-24,GRCh38,,TRACE footprint calls with PWM MA0887.1 in GM12878
ENCSR969PGB,footprints,"Alan Boyle, University of Michigan",released,2022-03-24,GRCh38,,TRACE footprint calls with PWM MA0645.1 in GM12878
ENCSR508DLX,footprints,"Alan Boyle, University of Michigan",released,2022-03-24,GRCh38,,TRACE footprint calls with PWM MA0765.2 in GM12878
ENCSR264IDN,footprints,"Alan Boyle, University of Michigan",released,2022-03-24,GRCh38,,TRACE footprint calls with PWM MA0764.2 in GM12878
ENCSR872ZZJ,footprints,"Alan Boyle, University of Michigan",released,2022-03-22,GRCh38,,TRACE footprint calls with PWM MA0763.1 in GM12878
ENCSR450NQV,footprints,"Alan Boyle, University of Michigan",released,2022-03-23,GRCh38,,TRACE footprint calls with PWM MA0762.1 in GM12878
ENCSR635YBB,footprints,"Alan Boyle, University of Michigan",released,2022-03-23,GRCh38,,TRACE footprint calls with PWM MA0761.2 in GM12878
ENCSR545GJG,footprints,"Alan Boyle, University of Michigan",released,2022-03-23,GRCh38,,TRACE footprint calls with PWM MA1484.1 in GM12878
ENCSR512XIZ,footprints,"Alan Boyle, University of Michigan",released,2022-03-24,GRCh38,,TRACE footprint calls with PWM MA0098.3 in GM12878
ENCSR131VNN,footprints,"Alan Boyle, University of Michigan",released,2022-03-24,GRCh38,,TRACE footprint calls with PWM MA0643.1 in GM12878
ENCSR818IDS,footprints,"Alan Boyle, University of Michigan",released,2022-03-24,GRCh38,,TRACE footprint calls with PWM MA0141.3 in GM12878
ENCSR602VPD,footprints,"Alan Boyle, University of Michigan",released,2022-03-23,GRCh38,,TRACE footprint calls with PWM MA0592.3 in GM12878
ENCSR629ZJD,footprints,"Alan Boyle, University of Michigan",released,2022-03-22,GRCh38,,TRACE footprint calls with PWM MA0258.2 in GM12878
ENCSR051EAT,footprints,"Alan Boyle, University of Michigan",released,2022-03-22,GRCh38,,TRACE footprint calls with PWM MA0112.3 in GM12878
ENCSR153BEA,footprints,"Alan Boyle, University of Michigan",released,2022-03-24,GRCh38,,TRACE footprint calls with PWM MA0474.2 in GM12878
ENCSR263VZP,footprints,"Alan Boyle, University of Michigan",released,2022-03-24,GRCh38,,TRACE footprint calls with PWM MA0760.1 in GM12878
ENCSR433VCE,footprints,"Alan Boyle, University of Michigan",released,2022-03-24,GRCh38,,TRACE footprint calls with PWM MA0800.1 in GM12878
ENCSR603SDW,footprints,"Alan Boyle, University of Michigan",released,2022-03-24,GRCh38,,TRACE footprint calls with PWM MA0642.1 in GM12878
ENCSR469JJQ,footprints,"Alan Boyle, University of Michigan",released,2022-03-22,GRCh38,,TRACE footprint calls with PWM MA0027.2 in GM12878
ENCSR571LER,footprints,"Alan Boyle, University of Michigan",released,2022-03-22,GRCh38,,TRACE footprint calls with PWM MA0886.1 in GM12878
ENCSR833WOX,footprints,"Alan Boyle, University of Michigan",released,2022-03-24,GRCh38,,TRACE footprint calls with PWM MA0612.2 in GM12878
ENCSR185TDW,footprints,"Alan Boyle, University of Michigan",released,2022-03-24,GRCh38,,TRACE footprint calls with PWM MA0076.2 in GM12878
ENCSR528DBM,footprints,"Alan Boyle, University of Michigan",released,2022-03-24,GRCh38,,TRACE footprint calls with PWM MA0759.1 in GM12878
ENCSR530ROO,footprints,"Alan Boyle, University of Michigan",released,2022-03-24,GRCh38,,TRACE footprint calls with PWM MA0028.2 in GM12878
ENCSR209YEK,footprints,"Alan Boyle, University of Michigan",released,2022-03-24,GRCh38,,TRACE footprint calls with PWM MA0136.2 in GM12878
ENCSR308SZH,footprints,"Alan Boyle, University of Michigan",released,2022-03-22,GRCh38,,TRACE footprint calls with PWM MA0641.1 in GM12878
ENCSR118DRZ,footprints,"Alan Boyle, University of Michigan",released,2022-03-23,GRCh38,,TRACE footprint calls with PWM MA0640.2 in GM12878
ENCSR816CYA,footprints,"Alan Boyle, University of Michigan",released,2022-03-22,GRCh38,,TRACE footprint calls with PWM MA1483.1 in GM12878
ENCSR004PPD,footprints,"Alan Boyle, University of Michigan",released,2022-03-24,GRCh38,,TRACE footprint calls with PWM MA0473.3 in GM12878
ENCSR767RRS,footprints,"Alan Boyle, University of Michigan",released,2022-03-22,GRCh38,,TRACE footprint calls with PWM MA0598.3 in GM12878
ENCSR597HWN,footprints,"Alan Boyle, University of Michigan",released,2022-03-22,GRCh38,,TRACE footprint calls with PWM MA0733.1 in GM12878
ENCSR491MIJ,footprints,"Alan Boyle, University of Michigan",released,2022-03-22,GRCh38,,TRACE footprint calls with PWM MA0732.1 in GM12878
ENCSR768ADV,footprints,"Alan Boyle, University of Michigan",released,2022-03-23,GRCh38,,TRACE footprint calls with PWM MA0472.2 in GM12878
ENCSR686ALA,footprints,"Alan Boyle, University of Michigan",released,2022-03-23,GRCh38,,TRACE footprint calls with PWM MA0162.4 in GM12878
ENCSR301KZQ,footprints,"Alan Boyle, University of Michigan",released,2022-03-22,GRCh38,,TRACE footprint calls with PWM MA1637.1 in GM12878
ENCSR616RGZ,footprints,"Alan Boyle, University of Michigan",released,2022-03-22,GRCh38,,TRACE footprint calls with PWM MA1604.1 in GM12878
ENCSR732LCZ,footprints,"Alan Boyle, University of Michigan",released,2022-03-22,GRCh38,,TRACE footprint calls with PWM MA0154.4 in GM12878
ENCSR634DEX,footprints,"Alan Boyle, University of Michigan",released,2022-03-22,GRCh38,,TRACE footprint calls with PWM MA0865.1 in GM12878
ENCSR259NJX,footprints,"Alan Boyle, University of Michigan",released,2022-03-24,GRCh38,,TRACE footprint calls with PWM MA0758.1 in GM12878
ENCSR451UXD,footprints,"Alan Boyle, University of Michigan",released,2022-03-22,GRCh38,,TRACE footprint calls with PWM MA0471.2 in GM12878
ENCSR246JWY,footprints,"Alan Boyle, University of Michigan",released,2022-03-22,GRCh38,,TRACE footprint calls with PWM MA0024.3 in GM12878
ENCSR543TPR,footprints,"Alan Boyle, University of Michigan",released,2022-03-22,GRCh38,,TRACE footprint calls with PWM MA0884.1 in GM12878
ENCSR357VWO,footprints,"Alan Boyle, University of Michigan",released,2022-03-24,GRCh38,,TRACE footprint calls with PWM MA0468.1 in GM12878
ENCSR410WUS,footprints,"Alan Boyle, University of Michigan",released,2022-03-23,GRCh38,,TRACE footprint calls with PWM MA1481.1 in GM12878
ENCSR034PBN,footprints,"Alan Boyle, University of Michigan",released,2022-03-24,GRCh38,,TRACE footprint calls with PWM MA1480.1 in GM12878
ENCSR557DHQ,footprints,"Alan Boyle, University of Michigan",released,2022-03-24,GRCh38,,TRACE footprint calls with PWM MA1479.1 in GM12878
ENCSR840RAS,footprints,"Alan Boyle, University of Michigan",released,2022-03-24,GRCh38,,TRACE footprint calls with PWM MA1478.1 in GM12878
ENCSR059BYX,footprints,"Alan Boyle, University of Michigan",released,2022-03-22,GRCh38,,TRACE footprint calls with PWM MA0610.1 in GM12878
ENCSR252OLK,footprints,"Alan Boyle, University of Michigan",released,2022-03-24,GRCh38,,TRACE footprint calls with PWM MA1603.1 in GM12878
ENCSR035OLD,footprints,"Alan Boyle, University of Michigan",released,2022-03-24,GRCh38,,TRACE footprint calls with PWM MA0883.1 in GM12878
ENCSR713LBJ,footprints,"Alan Boyle, University of Michigan",released,2022-03-22,GRCh38,,TRACE footprint calls with PWM MA0882.1 in GM12878
ENCSR701EDW,footprints,"Alan Boyle, University of Michigan",released,2022-03-22,GRCh38,,TRACE footprint calls with PWM MA0880.1 in GM12878
ENCSR158NGL,footprints,"Alan Boyle, University of Michigan",released,2022-03-24,GRCh38,,TRACE footprint calls with PWM MA0019.1 in GM12878
ENCSR606COM,footprints,"Alan Boyle, University of Michigan",released,2022-03-22,GRCh38,,TRACE footprint calls with PWM MA0639.1 in GM12878
ENCSR046KVJ,footprints,"Alan Boyle, University of Michigan",released,2022-03-23,GRCh38,,TRACE footprint calls with PWM MA0755.1 in GM12878
ENCSR086RPA,footprints,"Alan Boyle, University of Michigan",released,2022-03-23,GRCh38,,TRACE footprint calls with PWM MA0139.1 in GM12878
ENCSR329WKS,footprints,"Alan Boyle, University of Michigan",released,2022-03-23,GRCh38,,TRACE footprint calls with PWM MA1102.2 in GM12878
ENCSR113RNB,footprints,"Alan Boyle, University of Michigan",released,2022-03-24,GRCh38,,TRACE footprint calls with PWM MA0467.1 in GM12878
ENCSR474VFZ,footprints,"Alan Boyle, University of Michigan",released,2022-03-23,GRCh38,,TRACE footprint calls with PWM MA0609.2 in GM12878
ENCSR945DJL,footprints,"Alan Boyle, University of Michigan",released,2022-03-22,GRCh38,,TRACE footprint calls with PWM MA0840.1 in GM12878
ENCSR370NRV,footprints,"Alan Boyle, University of Michigan",released,2022-03-24,GRCh38,,TRACE footprint calls with PWM MA0638.1 in GM12878
ENCSR031CEG,footprints,"Alan Boyle, University of Michigan",released,2022-03-23,GRCh38,,TRACE footprint calls with PWM MA1474.1 in GM12878
ENCSR562VQA,footprints,"Alan Boyle, University of Michigan",released,2022-03-24,GRCh38,,TRACE footprint calls with PWM MA0608.1 in GM12878
ENCSR404VEA,footprints,"Alan Boyle, University of Michigan",released,2022-03-22,GRCh38,,TRACE footprint calls with PWM MA0839.1 in GM12878
ENCSR467QII,footprints,"Alan Boyle, University of Michigan",released,2022-03-24,GRCh38,,TRACE footprint calls with PWM MA1155.1 in GM12878
ENCSR536HQX,footprints,"Alan Boyle, University of Michigan",released,2022-03-24,GRCh38,,TRACE footprint calls with PWM MA1602.1 in GM12878
ENCSR227KLD,footprints,"Alan Boyle, University of Michigan",released,2022-03-22,GRCh38,,TRACE footprint calls with PWM MA1601.1 in GM12878
ENCSR108DLH,footprints,"Alan Boyle, University of Michigan",released,2022-03-22,GRCh38,,TRACE footprint calls with PWM MA0753.2 in GM12878
ENCSR651HIU,footprints,"Alan Boyle, University of Michigan",released,2022-03-22,GRCh38,,TRACE footprint calls with PWM MA1600.1 in GM12878
ENCSR160UTX,footprints,"Alan Boyle, University of Michigan",released,2022-03-23,GRCh38,,TRACE footprint calls with PWM MA1599.1 in GM12878
ENCSR161WAW,footprints,"Alan Boyle, University of Michigan",released,2022-03-23,GRCh38,,TRACE footprint calls with PWM MA1657.1 in GM12878
ENCSR507GGY,footprints,"Alan Boyle, University of Michigan",released,2022-03-24,GRCh38,,TRACE footprint calls with PWM MA1597.1 in GM12878
ENCSR045NEQ,footprints,"Alan Boyle, University of Michigan",released,2022-03-22,GRCh38,,TRACE footprint calls with PWM MA1596.1 in GM12878
ENCSR947HEH,footprints,"Alan Boyle, University of Michigan",released,2022-03-23,GRCh38,,TRACE footprint calls with PWM MA1656.1 in GM12878
ENCSR245FBC,footprints,"Alan Boyle, University of Michigan",released,2022-03-22,GRCh38,,TRACE footprint calls with PWM MA0116.1 in GM12878
ENCSR793FRB,footprints,"Alan Boyle, University of Michigan",released,2022-03-22,GRCh38,,TRACE footprint calls with PWM MA0752.1 in GM12878
ENCSR532ABC,footprints,"Alan Boyle, University of Michigan",released,2022-03-23,GRCh38,,TRACE footprint calls with PWM MA1125.1 in GM12878
ENCSR157YFF,footprints,"Alan Boyle, University of Michigan",released,2022-03-24,GRCh38,,TRACE footprint calls with PWM MA1594.1 in GM12878
ENCSR623NXA,footprints,"Alan Boyle, University of Michigan",released,2022-03-22,GRCh38,,TRACE footprint calls with PWM MA1655.1 in GM12878
ENCSR216KIW,footprints,"Alan Boyle, University of Michigan",released,2022-03-23,GRCh38,,TRACE footprint calls with PWM MA1593.1 in GM12878
ENCSR501OWQ,footprints,"Alan Boyle, University of Michigan",released,2022-03-24,GRCh38,,TRACE footprint calls with PWM MA1154.1 in GM12878
ENCSR717LFR,footprints,"Alan Boyle, University of Michigan",released,2022-03-24,GRCh38,,TRACE footprint calls with PWM MA1630.1 in GM12878
ENCSR863AWF,footprints,"Alan Boyle, University of Michigan",released,2022-03-22,GRCh38,,TRACE footprint calls with PWM MA1592.1 in GM12878
ENCSR531IRT,footprints,"Alan Boyle, University of Michigan",released,2022-03-22,GRCh38,,TRACE footprint calls with PWM MA0528.2 in GM12878
ENCSR530WWW,footprints,"Alan Boyle, University of Michigan",released,2022-03-22,GRCh38,,TRACE footprint calls with PWM MA1124.1 in GM12878
ENCSR103MSY,footprints,"Alan Boyle, University of Michigan",released,2022-03-22,GRCh38,,TRACE footprint calls with PWM MA1654.1 in GM12878
ENCSR832LIT,footprints,"Alan Boyle, University of Michigan",released,2022-03-24,GRCh38,,TRACE footprint calls with PWM MA1653.1 in GM12878
ENCSR464DSW,footprints,"Alan Boyle, University of Michigan",released,2022-03-23,GRCh38,,TRACE footprint calls with PWM MA0088.2 in GM12878
ENCSR372WXE,footprints,"Alan Boyle, University of Michigan",released,2022-03-22,GRCh38,,TRACE footprint calls with PWM MA1589.1 in GM12878
ENCSR784SMN,footprints,"Alan Boyle, University of Michigan",released,2022-03-24,GRCh38,,TRACE footprint calls with PWM MA1588.1 in GM12878
ENCSR702CFJ,footprints,"Alan Boyle, University of Michigan",released,2022-03-22,GRCh38,,TRACE footprint calls with PWM MA1587.1 in GM12878
ENCSR753KGL,footprints,"Alan Boyle, University of Michigan",released,2022-03-24,GRCh38,,TRACE footprint calls with PWM MA1652.1 in GM12878
ENCSR002KXT,footprints,"Alan Boyle, University of Michigan",released,2022-03-22,GRCh38,,TRACE footprint calls with PWM MA1585.1 in GM12878
ENCSR070VAG,footprints,"Alan Boyle, University of Michigan",released,2022-03-23,GRCh38,,TRACE footprint calls with PWM MA1584.1 in GM12878
ENCSR197TJS,footprints,"Alan Boyle, University of Michigan",released,2022-03-24,GRCh38,,TRACE footprint calls with PWM MA0751.1 in GM12878
ENCSR522VYD,footprints,"Alan Boyle, University of Michigan",released,2022-03-23,GRCh38,,TRACE footprint calls with PWM MA0697.1 in GM12878
ENCSR342DXU,footprints,"Alan Boyle, University of Michigan",released,2022-03-24,GRCh38,,TRACE footprint calls with PWM MA1629.1 in GM12878
ENCSR807DDK,footprints,"Alan Boyle, University of Michigan",released,2022-03-23,GRCh38,,TRACE footprint calls with PWM MA1628.1 in GM12878
ENCSR793SLN,footprints,"Alan Boyle, University of Michigan",released,2022-03-22,GRCh38,,TRACE footprint calls with PWM MA0696.1 in GM12878
ENCSR879JOV,footprints,"Alan Boyle, University of Michigan",released,2022-03-24,GRCh38,,TRACE footprint calls with PWM MA0146.2 in GM12878
ENCSR757IBY,footprints,"Alan Boyle, University of Michigan",released,2022-03-24,GRCh38,,TRACE footprint calls with PWM MA1583.1 in GM12878
ENCSR088ION,footprints,"Alan Boyle, University of Michigan",released,2022-03-23,GRCh38,,TRACE footprint calls with PWM MA1651.1 in GM12878
ENCSR888ZPR,footprints,"Alan Boyle, University of Michigan",released,2022-03-22,GRCh38,,TRACE footprint calls with PWM MA0103.3 in GM12878
ENCSR666TQF,footprints,"Alan Boyle, University of Michigan",released,2022-03-24,GRCh38,,TRACE footprint calls with PWM MA0695.1 in GM12878
ENCSR991TVU,footprints,"Alan Boyle, University of Michigan",released,2022-03-24,GRCh38,,TRACE footprint calls with PWM MA0694.1 in GM12878
ENCSR944AWU,footprints,"Alan Boyle, University of Michigan",released,2022-03-22,GRCh38,,TRACE footprint calls with PWM MA0750.2 in GM12878
ENCSR037WDA,footprints,"Alan Boyle, University of Michigan",released,2022-03-23,GRCh38,,TRACE footprint calls with PWM MA1581.1 in GM12878
ENCSR601AJQ,footprints,"Alan Boyle, University of Michigan",released,2022-03-24,GRCh38,,TRACE footprint calls with PWM MA0527.1 in GM12878
ENCSR394BVG,footprints,"Alan Boyle, University of Michigan",released,2022-03-22,GRCh38,,TRACE footprint calls with PWM MA1580.1 in GM12878
ENCSR557ASQ,footprints,"Alan Boyle, University of Michigan",released,2022-03-24,GRCh38,,TRACE footprint calls with PWM MA1579.1 in GM12878
ENCSR729HGL,footprints,"Alan Boyle, University of Michigan",released,2022-03-22,GRCh38,,TRACE footprint calls with PWM MA0698.1 in GM12878
ENCSR563OAP,footprints,"Alan Boyle, University of Michigan",released,2022-03-22,GRCh38,,TRACE footprint calls with PWM MA1650.1 in GM12878
ENCSR778WCT,footprints,"Alan Boyle, University of Michigan",released,2022-03-23,GRCh38,,TRACE footprint calls with PWM MA1649.1 in GM12878
ENCSR786XRR,footprints,"Alan Boyle, University of Michigan",released,2022-03-24,GRCh38,,TRACE footprint calls with PWM MA0748.2 in GM12878
ENCSR251RGI,footprints,"Alan Boyle, University of Michigan",released,2022-03-22,GRCh38,,TRACE footprint calls with PWM MA0095.2 in GM12878
ENCSR832CHW,footprints,"Alan Boyle, University of Michigan",released,2022-03-24,GRCh38,,TRACE footprint calls with PWM MA0844.1 in GM12878
ENCSR789KKH,footprints,"Alan Boyle, University of Michigan",released,2022-03-24,GRCh38,,TRACE footprint calls with PWM MA1627.1 in GM12878
ENCSR781NCH,footprints,"Alan Boyle, University of Michigan",released,2022-03-23,GRCh38,,TRACE footprint calls with PWM MA0726.1 in GM12878
ENCSR431LRP,footprints,"Alan Boyle, University of Michigan",released,2022-03-24,GRCh38,,TRACE footprint calls with PWM MA1578.1 in GM12878
ENCSR167SYV,footprints,"Alan Boyle, University of Michigan",released,2022-03-22,GRCh38,,TRACE footprint calls with PWM MA0724.1 in GM12878
ENCSR919KKR,footprints,"Alan Boyle, University of Michigan",released,2022-03-24,GRCh38,,TRACE footprint calls with PWM MA0526.3 in GM12878
ENCSR655SMN,footprints,"Alan Boyle, University of Michigan",released,2022-03-23,GRCh38,,TRACE footprint calls with PWM MA0093.3 in GM12878
ENCSR648XNX,footprints,"Alan Boyle, University of Michigan",released,2022-03-24,GRCh38,,TRACE footprint calls with PWM MA0633.1 in GM12878
ENCSR294VCR,footprints,"Alan Boyle, University of Michigan",released,2022-03-24,GRCh38,,TRACE footprint calls with PWM MA1123.2 in GM12878
ENCSR649EBD,footprints,"Alan Boyle, University of Michigan",released,2022-03-24,GRCh38,,TRACE footprint calls with PWM MA0861.1 in GM12878
ENCSR865QJT,footprints,"Alan Boyle, University of Michigan",released,2022-03-23,GRCh38,,TRACE footprint calls with PWM MA0525.2 in GM12878
ENCSR265OST,footprints,"Alan Boyle, University of Michigan",released,2022-03-23,GRCh38,,TRACE footprint calls with PWM MA0106.3 in GM12878
ENCSR899KJT,footprints,"Alan Boyle, University of Michigan",released,2022-03-24,GRCh38,,TRACE footprint calls with PWM MA1577.1 in GM12878
ENCSR140DBV,footprints,"Alan Boyle, University of Michigan",released,2022-03-23,GRCh38,,TRACE footprint calls with PWM MA1574.1 in GM12878
ENCSR028WTH,footprints,"Alan Boyle, University of Michigan",released,2022-03-24,GRCh38,,TRACE footprint calls with PWM MA1573.1 in GM12878
ENCSR267ULX,footprints,"Alan Boyle, University of Michigan",released,2022-03-23,GRCh38,,TRACE footprint calls with PWM MA0797.1 in GM12878
ENCSR353QOQ,footprints,"Alan Boyle, University of Michigan",released,2022-03-22,GRCh38,,TRACE footprint calls with PWM MA1572.1 in GM12878
ENCSR558XHU,footprints,"Alan Boyle, University of Michigan",released,2022-03-24,GRCh38,,TRACE footprint calls with PWM MA1571.1 in GM12878
ENCSR116GBW,footprints,"Alan Boyle, University of Michigan",released,2022-03-23,GRCh38,,TRACE footprint calls with PWM MA0796.1 in GM12878
ENCSR814RSS,footprints,"Alan Boyle, University of Michigan",released,2022-03-24,GRCh38,,TRACE footprint calls with PWM MA0871.2 in GM12878
ENCSR356VOU,footprints,"Alan Boyle, University of Michigan",released,2022-03-23,GRCh38,,TRACE footprint calls with PWM MA0692.1 in GM12878
ENCSR585SKY,footprints,"Alan Boyle, University of Michigan",released,2022-03-23,GRCh38,,TRACE footprint calls with PWM MA0831.2 in GM12878
ENCSR729BFR,footprints,"Alan Boyle, University of Michigan",released,2022-03-24,GRCh38,,TRACE footprint calls with PWM MA1122.1 in GM12878
ENCSR297GAG,footprints,"Alan Boyle, University of Michigan",released,2022-03-24,GRCh38,,TRACE footprint calls with PWM MA0145.3 in GM12878
ENCSR688GRV,footprints,"Alan Boyle, University of Michigan",released,2022-03-22,GRCh38,,TRACE footprint calls with PWM MA0691.1 in GM12878
ENCSR021LEN,footprints,"Alan Boyle, University of Michigan",released,2022-03-22,GRCh38,,TRACE footprint calls with PWM MA1569.1 in GM12878
ENCSR928FDA,footprints,"Alan Boyle, University of Michigan",released,2022-03-23,GRCh38,,TRACE footprint calls with PWM MA0524.2 in GM12878
ENCSR172WVG,footprints,"Alan Boyle, University of Michigan",released,2022-03-23,GRCh38,,TRACE footprint calls with PWM MA0811.1 in GM12878
ENCSR762CBA,footprints,"Alan Boyle, University of Michigan",released,2022-03-22,GRCh38,,TRACE footprint calls with PWM MA0003.4 in GM12878
ENCSR412DSE,footprints,"Alan Boyle, University of Michigan",released,2022-03-22,GRCh38,,TRACE footprint calls with PWM MA0843.1 in GM12878
ENCSR575PUG,footprints,"Alan Boyle, University of Michigan",released,2022-03-23,GRCh38,,TRACE footprint calls with PWM MA0809.2 in GM12878
ENCSR564XDL,footprints,"Alan Boyle, University of Michigan",released,2022-03-23,GRCh38,,TRACE footprint calls with PWM MA0808.1 in GM12878
ENCSR289XJC,footprints,"Alan Boyle, University of Michigan",released,2022-03-23,GRCh38,,TRACE footprint calls with PWM MA1121.1 in GM12878
ENCSR436JFQ,footprints,"Alan Boyle, University of Michigan",released,2022-03-22,GRCh38,,TRACE footprint calls with PWM MA0090.3 in GM12878
ENCSR127BSY,footprints,"Alan Boyle, University of Michigan",released,2022-03-24,GRCh38,,TRACE footprint calls with PWM MA0632.2 in GM12878
ENCSR653ISM,footprints,"Alan Boyle, University of Michigan",released,2022-03-24,GRCh38,,TRACE footprint calls with PWM MA0769.2 in GM12878
ENCSR290DFV,footprints,"Alan Boyle, University of Michigan",released,2022-03-23,GRCh38,,TRACE footprint calls with PWM MA0523.1 in GM12878
ENCSR440MAL,footprints,"Alan Boyle, University of Michigan",released,2022-03-23,GRCh38,,TRACE footprint calls with PWM MA1421.1 in GM12878
ENCSR573IOC,footprints,"Alan Boyle, University of Michigan",released,2022-03-22,GRCh38,,TRACE footprint calls with PWM MA0830.2 in GM12878
ENCSR427UKR,footprints,"Alan Boyle, University of Michigan",released,2022-03-22,GRCh38,,TRACE footprint calls with PWM MA0832.1 in GM12878
ENCSR919UCW,footprints,"Alan Boyle, University of Michigan",released,2022-03-23,GRCh38,,TRACE footprint calls with PWM MA0521.1 in GM12878
ENCSR748TLY,footprints,"Alan Boyle, University of Michigan",released,2022-03-22,GRCh38,,TRACE footprint calls with PWM MA0009.2 in GM12878
ENCSR039BYK,footprints,"Alan Boyle, University of Michigan",released,2022-03-23,GRCh38,,TRACE footprint calls with PWM MA1567.1 in GM12878
ENCSR708LXF,footprints,"Alan Boyle, University of Michigan",released,2022-03-22,GRCh38,,TRACE footprint calls with PWM MA1566.1 in GM12878
ENCSR625JRN,footprints,"Alan Boyle, University of Michigan",released,2022-03-23,GRCh38,,TRACE footprint calls with PWM MA0688.1 in GM12878
ENCSR199XRD,footprints,"Alan Boyle, University of Michigan",released,2022-03-24,GRCh38,,TRACE footprint calls with PWM MA0690.1 in GM12878
ENCSR274JZW,footprints,"Alan Boyle, University of Michigan",released,2022-03-24,GRCh38,,TRACE footprint calls with PWM MA0689.1 in GM12878
ENCSR613AIM,footprints,"Alan Boyle, University of Michigan",released,2022-03-23,GRCh38,,TRACE footprint calls with PWM MA0805.1 in GM12878
ENCSR476BSS,footprints,"Alan Boyle, University of Michigan",released,2022-03-24,GRCh38,,TRACE footprint calls with PWM MA0804.1 in GM12878
ENCSR676UPF,footprints,"Alan Boyle, University of Michigan",released,2022-03-23,GRCh38,,TRACE footprint calls with PWM MA1565.1 in GM12878
ENCSR824YFG,footprints,"Alan Boyle, University of Michigan",released,2022-03-23,GRCh38,,TRACE footprint calls with PWM MA0803.1 in GM12878
ENCSR651WSK,footprints,"Alan Boyle, University of Michigan",released,2022-03-23,GRCh38,,TRACE footprint calls with PWM MA0802.1 in GM12878
ENCSR662RBL,footprints,"Alan Boyle, University of Michigan",released,2022-03-23,GRCh38,,TRACE footprint calls with PWM MA0108.2 in GM12878
ENCSR611YYP,footprints,"Alan Boyle, University of Michigan",released,2022-03-24,GRCh38,,TRACE footprint calls with PWM MA0091.1 in GM12878
ENCSR633CMJ,footprints,"Alan Boyle, University of Michigan",released,2022-03-23,GRCh38,,TRACE footprint calls with PWM MA0520.1 in GM12878
ENCSR198ZVR,footprints,"Alan Boyle, University of Michigan",released,2022-03-24,GRCh38,,TRACE footprint calls with PWM MA1625.1 in GM12878
ENCSR230TQJ,footprints,"Alan Boyle, University of Michigan",released,2022-03-23,GRCh38,,TRACE footprint calls with PWM MA1624.1 in GM12878
ENCSR648OJJ,footprints,"Alan Boyle, University of Michigan",released,2022-03-23,GRCh38,,TRACE footprint calls with PWM MA0519.1 in GM12878
ENCSR236AGL,footprints,"Alan Boyle, University of Michigan",released,2022-03-24,GRCh38,,TRACE footprint calls with PWM MA0518.1 in GM12878
ENCSR788XPD,footprints,"Alan Boyle, University of Michigan",released,2022-03-23,GRCh38,,TRACE footprint calls with PWM MA0144.2 in GM12878
ENCSR824WQR,footprints,"Alan Boyle, University of Michigan",released,2022-03-24,GRCh38,,TRACE footprint calls with PWM MA1623.1 in GM12878
ENCSR918LLI,footprints,"Alan Boyle, University of Michigan",released,2022-03-23,GRCh38,,TRACE footprint calls with PWM MA0137.3 in GM12878
ENCSR659HSA,footprints,"Alan Boyle, University of Michigan",released,2022-03-24,GRCh38,,TRACE footprint calls with PWM MA0517.1 in GM12878
ENCSR895RFA,footprints,"Alan Boyle, University of Michigan",released,2022-03-23,GRCh38,,TRACE footprint calls with PWM MA0083.3 in GM12878
ENCSR369JLG,footprints,"Alan Boyle, University of Michigan",released,2022-03-23,GRCh38,,TRACE footprint calls with PWM MA0596.1 in GM12878
ENCSR347XES,footprints,"Alan Boyle, University of Michigan",released,2022-03-22,GRCh38,,TRACE footprint calls with PWM MA0595.1 in GM12878
ENCSR988TPE,footprints,"Alan Boyle, University of Michigan",released,2022-03-24,GRCh38,,TRACE footprint calls with PWM MA0111.1 in GM12878
ENCSR627JRA,footprints,"Alan Boyle, University of Michigan",released,2022-03-22,GRCh38,,TRACE footprint calls with PWM MA0687.1 in GM12878
ENCSR821XTQ,footprints,"Alan Boyle, University of Michigan",released,2022-03-23,GRCh38,,TRACE footprint calls with PWM MA0081.2 in GM12878
ENCSR515ZRE,footprints,"Alan Boyle, University of Michigan",released,2022-03-24,GRCh38,,TRACE footprint calls with PWM MA0080.5 in GM12878
ENCSR834MCG,footprints,"Alan Boyle, University of Michigan",released,2022-03-24,GRCh38,,TRACE footprint calls with PWM MA0686.1 in GM12878
ENCSR483CFM,footprints,"Alan Boyle, University of Michigan",released,2022-03-24,GRCh38,,TRACE footprint calls with PWM MA1564.1 in GM12878
ENCSR475EGS,footprints,"Alan Boyle, University of Michigan",released,2022-03-23,GRCh38,,TRACE footprint calls with PWM MA0747.1 in GM12878
ENCSR145KUX,footprints,"Alan Boyle, University of Michigan",released,2022-03-24,GRCh38,,TRACE footprint calls with PWM MA0685.1 in GM12878
ENCSR279DZJ,footprints,"Alan Boyle, University of Michigan",released,2022-03-22,GRCh38,,TRACE footprint calls with PWM MA0746.2 in GM12878
ENCSR988UJQ,footprints,"Alan Boyle, University of Michigan",released,2022-03-23,GRCh38,,TRACE footprint calls with PWM MA0516.2 in GM12878
ENCSR245ISO,footprints,"Alan Boyle, University of Michigan",released,2022-03-24,GRCh38,,TRACE footprint calls with PWM MA0079.4 in GM12878
ENCSR218XNR,footprints,"Alan Boyle, University of Michigan",released,2022-03-23,GRCh38,,TRACE footprint calls with PWM MA0515.1 in GM12878
ENCSR100BDZ,footprints,"Alan Boyle, University of Michigan",released,2022-03-22,GRCh38,,TRACE footprint calls with PWM MA0867.2 in GM12878
ENCSR088DUC,footprints,"Alan Boyle, University of Michigan",released,2022-03-22,GRCh38,,TRACE footprint calls with PWM MA0514.1 in GM12878
ENCSR892SXE,footprints,"Alan Boyle, University of Michigan",released,2022-03-24,GRCh38,,TRACE footprint calls with PWM MA0143.4 in GM12878
ENCSR856VCA,footprints,"Alan Boyle, University of Michigan",released,2022-03-22,GRCh38,,TRACE footprint calls with PWM MA0866.1 in GM12878
ENCSR547TJU,footprints,"Alan Boyle, University of Michigan",released,2022-03-23,GRCh38,,TRACE footprint calls with PWM MA0870.1 in GM12878
ENCSR619QKX,footprints,"Alan Boyle, University of Michigan",released,2022-03-24,GRCh38,,TRACE footprint calls with PWM MA1563.1 in GM12878
ENCSR738FOV,footprints,"Alan Boyle, University of Michigan",released,2022-03-24,GRCh38,,TRACE footprint calls with PWM MA1562.1 in GM12878
ENCSR469DFJ,footprints,"Alan Boyle, University of Michigan",released,2022-03-22,GRCh38,,TRACE footprint calls with PWM MA1120.1 in GM12878
ENCSR123ZDH,footprints,"Alan Boyle, University of Michigan",released,2022-03-23,GRCh38,,TRACE footprint calls with PWM MA1561.1 in GM12878
ENCSR111MGQ,footprints,"Alan Boyle, University of Michigan",released,2022-03-23,GRCh38,,TRACE footprint calls with PWM MA0869.1 in GM12878
ENCSR998QHZ,footprints,"Alan Boyle, University of Michigan",released,2022-03-23,GRCh38,,TRACE footprint calls with PWM MA0442.2 in GM12878
ENCSR999UFG,footprints,"Alan Boyle, University of Michigan",released,2022-03-22,GRCh38,,TRACE footprint calls with PWM MA1560.1 in GM12878
ENCSR180OPG,footprints,"Alan Boyle, University of Michigan",released,2022-03-23,GRCh38,,TRACE footprint calls with PWM MA1559.1 in GM12878
ENCSR562FRV,footprints,"Alan Boyle, University of Michigan",released,2022-03-23,GRCh38,,TRACE footprint calls with PWM MA0745.2 in GM12878
ENCSR045LHS,footprints,"Alan Boyle, University of Michigan",released,2022-03-24,GRCh38,,TRACE footprint calls with PWM MA1558.1 in GM12878
ENCSR073EKA,footprints,"Alan Boyle, University of Michigan",released,2022-03-24,GRCh38,,TRACE footprint calls with PWM MA1557.1 in GM12878
ENCSR734HFF,footprints,"Alan Boyle, University of Michigan",released,2022-03-23,GRCh38,,TRACE footprint calls with PWM MA1153.1 in GM12878
ENCSR397HUG,footprints,"Alan Boyle, University of Michigan",released,2022-03-24,GRCh38,,TRACE footprint calls with PWM MA0795.1 in GM12878
ENCSR989NWE,footprints,"Alan Boyle, University of Michigan",released,2022-03-23,GRCh38,,TRACE footprint calls with PWM MA1622.1 in GM12878
ENCSR810MES,footprints,"Alan Boyle, University of Michigan",released,2022-03-23,GRCh38,,TRACE footprint calls with PWM MA0513.1 in GM12878
ENCSR357NKH,footprints,"Alan Boyle, University of Michigan",released,2022-03-23,GRCh38,,TRACE footprint calls with PWM MA0631.1 in GM12878
ENCSR737GGZ,footprints,"Alan Boyle, University of Michigan",released,2022-03-23,GRCh38,,TRACE footprint calls with PWM MA1119.1 in GM12878
ENCSR538NXZ,footprints,"Alan Boyle, University of Michigan",released,2022-03-24,GRCh38,,TRACE footprint calls with PWM MA1118.1 in GM12878
ENCSR874BGL,footprints,"Alan Boyle, University of Michigan",released,2022-03-24,GRCh38,,TRACE footprint calls with PWM MA0744.2 in GM12878
ENCSR561RVQ,footprints,"Alan Boyle, University of Michigan",released,2022-03-23,GRCh38,,TRACE footprint calls with PWM MA0743.2 in GM12878
ENCSR740VHL,footprints,"Alan Boyle, University of Michigan",released,2022-03-24,GRCh38,,TRACE footprint calls with PWM MA0856.1 in GM12878
ENCSR631BQO,footprints,"Alan Boyle, University of Michigan",released,2022-03-23,GRCh38,,TRACE footprint calls with PWM MA0855.1 in GM12878
ENCSR570QEE,footprints,"Alan Boyle, University of Michigan",released,2022-03-23,GRCh38,,TRACE footprint calls with PWM MA0512.2 in GM12878
ENCSR686QIF,footprints,"Alan Boyle, University of Michigan",released,2022-03-22,GRCh38,,TRACE footprint calls with PWM MA0074.1 in GM12878
ENCSR827EAQ,footprints,"Alan Boyle, University of Michigan",released,2022-03-24,GRCh38,,TRACE footprint calls with PWM MA0684.2 in GM12878
ENCSR086BKQ,footprints,"Alan Boyle, University of Michigan",released,2022-03-22,GRCh38,,TRACE footprint calls with PWM MA0511.2 in GM12878
ENCSR142TQK,footprints,"Alan Boyle, University of Michigan",released,2022-03-24,GRCh38,,TRACE footprint calls with PWM MA0002.2 in GM12878
ENCSR290ZKS,footprints,"Alan Boyle, University of Michigan",released,2022-03-22,GRCh38,,TRACE footprint calls with PWM MA0073.1 in GM12878
ENCSR383IVT,footprints,"Alan Boyle, University of Michigan",released,2022-03-22,GRCh38,,TRACE footprint calls with PWM MA1151.1 in GM12878
ENCSR833MLK,footprints,"Alan Boyle, University of Michigan",released,2022-03-24,GRCh38,,TRACE footprint calls with PWM MA1150.1 in GM12878
ENCSR804PXW,footprints,"Alan Boyle, University of Michigan",released,2022-03-24,GRCh38,,TRACE footprint calls with PWM MA0071.1 in GM12878
ENCSR095GYT,footprints,"Alan Boyle, University of Michigan",released,2022-03-24,GRCh38,,TRACE footprint calls with PWM MA1554.1 in GM12878
ENCSR288QCE,footprints,"Alan Boyle, University of Michigan",released,2022-03-23,GRCh38,,TRACE footprint calls with PWM MA0510.2 in GM12878
ENCSR348WCN,footprints,"Alan Boyle, University of Michigan",released,2022-03-22,GRCh38,,TRACE footprint calls with PWM MA0799.1 in GM12878
ENCSR193ASW,footprints,"Alan Boyle, University of Michigan",released,2022-03-23,GRCh38,,TRACE footprint calls with PWM MA0798.2 in GM12878
ENCSR603WZD,footprints,"Alan Boyle, University of Michigan",released,2022-03-24,GRCh38,,TRACE footprint calls with PWM MA0600.2 in GM12878
ENCSR657KEU,footprints,"Alan Boyle, University of Michigan",released,2022-03-23,GRCh38,,TRACE footprint calls with PWM MA0509.2 in GM12878
ENCSR357OPD,footprints,"Alan Boyle, University of Michigan",released,2022-03-22,GRCh38,,TRACE footprint calls with PWM MA0138.2 in GM12878
ENCSR797QVI,footprints,"Alan Boyle, University of Michigan",released,2022-03-24,GRCh38,,TRACE footprint calls with PWM MA1117.1 in GM12878
ENCSR653RNH,footprints,"Alan Boyle, University of Michigan",released,2022-03-24,GRCh38,,TRACE footprint calls with PWM MA0107.1 in GM12878
ENCSR156FIF,footprints,"Alan Boyle, University of Michigan",released,2022-03-22,GRCh38,,TRACE footprint calls with PWM MA1116.1 in GM12878
ENCSR516XKP,footprints,"Alan Boyle, University of Michigan",released,2022-03-22,GRCh38,,TRACE footprint calls with PWM MA1621.1 in GM12878
ENCSR457FWT,footprints,"Alan Boyle, University of Michigan",released,2022-03-24,GRCh38,,TRACE footprint calls with PWM MA0859.1 in GM12878
ENCSR315RJT,footprints,"Alan Boyle, University of Michigan",released,2022-03-24,GRCh38,,TRACE footprint calls with PWM MA0857.1 in GM12878
ENCSR750IZC,footprints,"Alan Boyle, University of Michigan",released,2022-03-24,GRCh38,,TRACE footprint calls with PWM MA0729.1 in GM12878
ENCSR161ZXM,footprints,"Alan Boyle, University of Michigan",released,2022-03-22,GRCh38,,TRACE footprint calls with PWM MA1149.1 in GM12878
ENCSR921NTQ,footprints,"Alan Boyle, University of Michigan",released,2022-03-22,GRCh38,,TRACE footprint calls with PWM MA0159.1 in GM12878
ENCSR332TLR,footprints,"Alan Boyle, University of Michigan",released,2022-03-24,GRCh38,,TRACE footprint calls with PWM MA1618.1 in GM12878
ENCSR909ADX,footprints,"Alan Boyle, University of Michigan",released,2022-03-22,GRCh38,,TRACE footprint calls with PWM MA0075.3 in GM12878
ENCSR109BOH,footprints,"Alan Boyle, University of Michigan",released,2022-03-24,GRCh38,,TRACE footprint calls with PWM MA0794.1 in GM12878
ENCSR338YFF,footprints,"Alan Boyle, University of Michigan",released,2022-03-23,GRCh38,,TRACE footprint calls with PWM MA0715.1 in GM12878
ENCSR555VPC,footprints,"Alan Boyle, University of Michigan",released,2022-03-22,GRCh38,,TRACE footprint calls with PWM MA0508.3 in GM12878
ENCSR108DEQ,footprints,"Alan Boyle, University of Michigan",released,2022-03-23,GRCh38,,TRACE footprint calls with PWM MA1616.1 in GM12878
ENCSR969KKX,footprints,"Alan Boyle, University of Michigan",released,2022-03-24,GRCh38,,TRACE footprint calls with PWM MA0066.1 in GM12878
ENCSR491YPK,footprints,"Alan Boyle, University of Michigan",released,2022-03-24,GRCh38,,TRACE footprint calls with PWM MA0065.2 in GM12878
ENCSR567CQW,footprints,"Alan Boyle, University of Michigan",released,2022-03-22,GRCh38,,TRACE footprint calls with PWM MA1550.1 in GM12878
ENCSR057MCP,footprints,"Alan Boyle, University of Michigan",released,2022-03-23,GRCh38,,TRACE footprint calls with PWM MA1148.1 in GM12878
ENCSR820TES,footprints,"Alan Boyle, University of Michigan",released,2022-03-24,GRCh38,,TRACE footprint calls with PWM MA0793.1 in GM12878
ENCSR868TUA,footprints,"Alan Boyle, University of Michigan",released,2022-03-24,GRCh38,,TRACE footprint calls with PWM MA0142.1 in GM12878
ENCSR495DIJ,footprints,"Alan Boyle, University of Michigan",released,2022-03-24,GRCh38,,TRACE footprint calls with PWM MA0791.1 in GM12878
ENCSR481BGX,footprints,"Alan Boyle, University of Michigan",released,2022-03-24,GRCh38,,TRACE footprint calls with PWM MA0683.1 in GM12878
ENCSR321CMY,footprints,"Alan Boyle, University of Michigan",released,2022-03-22,GRCh38,,TRACE footprint calls with PWM MA0790.1 in GM12878
ENCSR728YLJ,footprints,"Alan Boyle, University of Michigan",released,2022-03-22,GRCh38,,TRACE footprint calls with PWM MA0789.1 in GM12878
ENCSR328VVC,footprints,"Alan Boyle, University of Michigan",released,2022-03-23,GRCh38,,TRACE footprint calls with PWM MA0627.2 in GM12878
ENCSR180FCC,footprints,"Alan Boyle, University of Michigan",released,2022-03-22,GRCh38,,TRACE footprint calls with PWM MA0507.1 in GM12878
ENCSR661BOE,footprints,"Alan Boyle, University of Michigan",released,2022-03-22,GRCh38,,TRACE footprint calls with PWM MA0785.1 in GM12878
ENCSR983PSX,footprints,"Alan Boyle, University of Michigan",released,2022-03-24,GRCh38,,TRACE footprint calls with PWM MA0784.1 in GM12878
ENCSR366DSH,footprints,"Alan Boyle, University of Michigan",released,2022-03-23,GRCh38,,TRACE footprint calls with PWM MA1548.1 in GM12878
ENCSR177VLG,footprints,"Alan Boyle, University of Michigan",released,2022-03-24,GRCh38,,TRACE footprint calls with PWM MA1615.1 in GM12878
ENCSR029CSG,footprints,"Alan Boyle, University of Michigan",released,2022-03-24,GRCh38,,TRACE footprint calls with PWM MA0163.1 in GM12878
ENCSR587FUU,footprints,"Alan Boyle, University of Michigan",released,2022-03-23,GRCh38,,TRACE footprint calls with PWM MA0783.1 in GM12878
ENCSR450OKK,footprints,"Alan Boyle, University of Michigan",released,2022-03-24,GRCh38,,TRACE footprint calls with PWM MA0782.2 in GM12878
ENCSR202PNT,footprints,"Alan Boyle, University of Michigan",released,2022-03-23,GRCh38,,TRACE footprint calls with PWM MA0714.1 in GM12878
ENCSR229REG,footprints,"Alan Boyle, University of Michigan",released,2022-03-22,GRCh38,,TRACE footprint calls with PWM MA1547.1 in GM12878
ENCSR799NGL,footprints,"Alan Boyle, University of Michigan",released,2022-03-24,GRCh38,,TRACE footprint calls with PWM MA0682.2 in GM12878
ENCSR069CBM,footprints,"Alan Boyle, University of Michigan",released,2022-03-23,GRCh38,,TRACE footprint calls with PWM MA0681.2 in GM12878
ENCSR133YSU,footprints,"Alan Boyle, University of Michigan",released,2022-03-23,GRCh38,,TRACE footprint calls with PWM MA0132.2 in GM12878
ENCSR804VKK,footprints,"Alan Boyle, University of Michigan",released,2022-03-24,GRCh38,,TRACE footprint calls with PWM MA1114.1 in GM12878
ENCSR803WGT,footprints,"Alan Boyle, University of Michigan",released,2022-03-24,GRCh38,,TRACE footprint calls with PWM MA1113.2 in GM12878
ENCSR421PRG,footprints,"Alan Boyle, University of Michigan",released,2022-03-24,GRCh38,,TRACE footprint calls with PWM MA0070.1 in GM12878
ENCSR661SGG,footprints,"Alan Boyle, University of Michigan",released,2022-03-24,GRCh38,,TRACE footprint calls with PWM MA0781.1 in GM12878
ENCSR890NZX,footprints,"Alan Boyle, University of Michigan",released,2022-03-24,GRCh38,,TRACE footprint calls with PWM MA0680.1 in GM12878
ENCSR642HXW,footprints,"Alan Boyle, University of Michigan",released,2022-03-24,GRCh38,,TRACE footprint calls with PWM MA0069.1 in GM12878
ENCSR462KQS,footprints,"Alan Boyle, University of Michigan",released,2022-03-23,GRCh38,,TRACE footprint calls with PWM MA0014.3 in GM12878
ENCSR698DLI,footprints,"Alan Boyle, University of Michigan",released,2022-03-22,GRCh38,,TRACE footprint calls with PWM MA0068.2 in GM12878
ENCSR029BBG,footprints,"Alan Boyle, University of Michigan",released,2022-03-22,GRCh38,,TRACE footprint calls with PWM MA0780.1 in GM12878
ENCSR240MJL,footprints,"Alan Boyle, University of Michigan",released,2022-03-23,GRCh38,,TRACE footprint calls with PWM MA0779.1 in GM12878
ENCSR508QDC,footprints,"Alan Boyle, University of Michigan",released,2022-03-24,GRCh38,,TRACE footprint calls with PWM MA1545.1 in GM12878
ENCSR687SON,footprints,"Alan Boyle, University of Michigan",released,2022-03-24,GRCh38,,TRACE footprint calls with PWM MA1544.1 in GM12878
ENCSR365CMN,footprints,"Alan Boyle, University of Michigan",released,2022-03-23,GRCh38,,TRACE footprint calls with PWM MA0712.2 in GM12878
ENCSR796PHV,footprints,"Alan Boyle, University of Michigan",released,2022-03-24,GRCh38,,TRACE footprint calls with PWM MA0711.1 in GM12878
ENCSR248GRR,footprints,"Alan Boyle, University of Michigan",released,2022-03-22,GRCh38,,TRACE footprint calls with PWM MA1646.1 in GM12878
ENCSR840IKO,footprints,"Alan Boyle, University of Michigan",released,2022-03-24,GRCh38,,TRACE footprint calls with PWM MA1542.1 in GM12878
ENCSR797CDR,footprints,"Alan Boyle, University of Michigan",released,2022-03-23,GRCh38,,TRACE footprint calls with PWM MA0757.1 in GM12878
ENCSR738JSH,footprints,"Alan Boyle, University of Michigan",released,2022-03-24,GRCh38,,TRACE footprint calls with PWM MA0756.1 in GM12878
ENCSR163PJN,footprints,"Alan Boyle, University of Michigan",released,2022-03-23,GRCh38,,TRACE footprint calls with PWM MA0679.2 in GM12878
ENCSR809RFG,footprints,"Alan Boyle, University of Michigan",released,2022-03-23,GRCh38,,TRACE footprint calls with PWM MA0827.1 in GM12878
ENCSR516GMM,footprints,"Alan Boyle, University of Michigan",released,2022-03-23,GRCh38,,TRACE footprint calls with PWM MA0678.1 in GM12878
ENCSR960BPB,footprints,"Alan Boyle, University of Michigan",released,2022-03-22,GRCh38,,TRACE footprint calls with PWM MA0826.1 in GM12878
ENCSR823OIR,footprints,"Alan Boyle, University of Michigan",released,2022-03-24,GRCh38,,TRACE footprint calls with PWM MA0842.2 in GM12878
ENCSR052MHE,footprints,"Alan Boyle, University of Michigan",released,2022-03-23,GRCh38,,TRACE footprint calls with PWM MA0506.1 in GM12878
ENCSR293QLE,footprints,"Alan Boyle, University of Michigan",released,2022-03-22,GRCh38,,TRACE footprint calls with PWM MA1541.1 in GM12878
ENCSR898JZS,footprints,"Alan Boyle, University of Michigan",released,2022-03-22,GRCh38,,TRACE footprint calls with PWM MA0505.1 in GM12878
ENCSR987HOT,footprints,"Alan Boyle, University of Michigan",released,2022-03-22,GRCh38,,TRACE footprint calls with PWM MA1540.1 in GM12878
ENCSR374VJR,footprints,"Alan Boyle, University of Michigan",released,2022-03-22,GRCh38,,TRACE footprint calls with PWM MA1147.1 in GM12878
ENCSR136LJA,footprints,"Alan Boyle, University of Michigan",released,2022-03-22,GRCh38,,TRACE footprint calls with PWM MA1112.2 in GM12878
ENCSR439SFT,footprints,"Alan Boyle, University of Michigan",released,2022-03-24,GRCh38,,TRACE footprint calls with PWM MA0727.1 in GM12878
ENCSR804FDU,footprints,"Alan Boyle, University of Michigan",released,2022-03-23,GRCh38,,TRACE footprint calls with PWM MA0113.3 in GM12878
ENCSR051YHU,footprints,"Alan Boyle, University of Michigan",released,2022-03-24,GRCh38,,TRACE footprint calls with PWM MA0677.1 in GM12878
ENCSR412VFH,footprints,"Alan Boyle, University of Michigan",released,2022-03-24,GRCh38,,TRACE footprint calls with PWM MA1111.1 in GM12878
ENCSR014SZG,footprints,"Alan Boyle, University of Michigan",released,2022-03-24,GRCh38,,TRACE footprint calls with PWM MA0017.2 in GM12878
ENCSR032CFJ,footprints,"Alan Boyle, University of Michigan",released,2022-03-24,GRCh38,,TRACE footprint calls with PWM MA0676.1 in GM12878
ENCSR097KEP,footprints,"Alan Boyle, University of Michigan",released,2022-03-24,GRCh38,,TRACE footprint calls with PWM MA0504.1 in GM12878
ENCSR277NTJ,footprints,"Alan Boyle, University of Michigan",released,2022-03-24,GRCh38,,TRACE footprint calls with PWM MA1535.1 in GM12878
ENCSR799VAZ,footprints,"Alan Boyle, University of Michigan",released,2022-03-23,GRCh38,,TRACE footprint calls with PWM MA1534.1 in GM12878
ENCSR203ZBH,footprints,"Alan Boyle, University of Michigan",released,2022-03-22,GRCh38,,TRACE footprint calls with PWM MA1533.1 in GM12878
ENCSR235ORE,footprints,"Alan Boyle, University of Michigan",released,2022-03-22,GRCh38,,TRACE footprint calls with PWM MA1110.1 in GM12878
ENCSR206XWE,footprints,"Alan Boyle, University of Michigan",released,2022-03-24,GRCh38,,TRACE footprint calls with PWM MA1146.1 in GM12878
ENCSR004UAK,footprints,"Alan Boyle, University of Michigan",released,2022-03-22,GRCh38,,TRACE footprint calls with PWM MA0494.1 in GM12878
ENCSR568ZNK,footprints,"Alan Boyle, University of Michigan",released,2022-03-24,GRCh38,,TRACE footprint calls with PWM MA0115.1 in GM12878
ENCSR871EUL,footprints,"Alan Boyle, University of Michigan",released,2022-03-22,GRCh38,,TRACE footprint calls with PWM MA1532.1 in GM12878
ENCSR498QKL,footprints,"Alan Boyle, University of Michigan",released,2022-03-24,GRCh38,,TRACE footprint calls with PWM MA1531.1 in GM12878
ENCSR313KNI,footprints,"Alan Boyle, University of Michigan",released,2022-03-22,GRCh38,,TRACE footprint calls with PWM MA0626.1 in GM12878
ENCSR461HBU,footprints,"Alan Boyle, University of Michigan",released,2022-03-24,GRCh38,,TRACE footprint calls with PWM MA0710.1 in GM12878
ENCSR577UGP,footprints,"Alan Boyle, University of Michigan",released,2022-03-24,GRCh38,,TRACE footprint calls with PWM MA0125.1 in GM12878
ENCSR774FHQ,footprints,"Alan Boyle, University of Michigan",released,2022-03-23,GRCh38,,TRACE footprint calls with PWM MA1530.1 in GM12878
ENCSR778VZT,footprints,"Alan Boyle, University of Michigan",released,2022-03-22,GRCh38,,TRACE footprint calls with PWM MA0122.3 in GM12878
ENCSR418OKB,footprints,"Alan Boyle, University of Michigan",released,2022-03-22,GRCh38,,TRACE footprint calls with PWM MA0124.2 in GM12878
ENCSR694OQV,footprints,"Alan Boyle, University of Michigan",released,2022-03-22,GRCh38,,TRACE footprint calls with PWM MA0063.2 in GM12878
ENCSR064AAJ,footprints,"Alan Boyle, University of Michigan",released,2022-03-23,GRCh38,,TRACE footprint calls with PWM MA0672.1 in GM12878
ENCSR875AZP,footprints,"Alan Boyle, University of Michigan",released,2022-03-24,GRCh38,,TRACE footprint calls with PWM MA1645.1 in GM12878
ENCSR125NOR,footprints,"Alan Boyle, University of Michigan",released,2022-03-22,GRCh38,,TRACE footprint calls with PWM MA1529.1 in GM12878
ENCSR400TXV,footprints,"Alan Boyle, University of Michigan",released,2022-03-24,GRCh38,,TRACE footprint calls with PWM MA0048.2 in GM12878
ENCSR915XNR,footprints,"Alan Boyle, University of Michigan",released,2022-03-24,GRCh38,,TRACE footprint calls with PWM MA1644.1 in GM12878
ENCSR866KXJ,footprints,"Alan Boyle, University of Michigan",released,2022-03-23,GRCh38,,TRACE footprint calls with PWM MA0502.2 in GM12878
ENCSR671KTX,footprints,"Alan Boyle, University of Michigan",released,2022-03-24,GRCh38,,TRACE footprint calls with PWM MA0060.3 in GM12878
ENCSR379KSM,footprints,"Alan Boyle, University of Michigan",released,2022-03-24,GRCh38,,TRACE footprint calls with PWM MA0778.1 in GM12878
ENCSR360NQJ,footprints,"Alan Boyle, University of Michigan",released,2022-03-23,GRCh38,,TRACE footprint calls with PWM MA0105.4 in GM12878
ENCSR110OYS,footprints,"Alan Boyle, University of Michigan",released,2022-03-24,GRCh38,,TRACE footprint calls with PWM MA0671.1 in GM12878
ENCSR929CSM,footprints,"Alan Boyle, University of Michigan",released,2022-03-23,GRCh38,,TRACE footprint calls with PWM MA0025.2 in GM12878
ENCSR712KMG,footprints,"Alan Boyle, University of Michigan",released,2022-03-24,GRCh38,,TRACE footprint calls with PWM MA0161.2 in GM12878
ENCSR901VRL,footprints,"Alan Boyle, University of Michigan",released,2022-03-23,GRCh38,,TRACE footprint calls with PWM MA0119.1 in GM12878
ENCSR812LDH,footprints,"Alan Boyle, University of Michigan",released,2022-03-22,GRCh38,,TRACE footprint calls with PWM MA1643.1 in GM12878
ENCSR091TGD,footprints,"Alan Boyle, University of Michigan",released,2022-03-24,GRCh38,,TRACE footprint calls with PWM MA0670.1 in GM12878
ENCSR086XTJ,footprints,"Alan Boyle, University of Michigan",released,2022-03-24,GRCh38,,TRACE footprint calls with PWM MA0841.1 in GM12878
ENCSR135MWJ,footprints,"Alan Boyle, University of Michigan",released,2022-03-23,GRCh38,,TRACE footprint calls with PWM MA0150.2 in GM12878
ENCSR866FPS,footprints,"Alan Boyle, University of Michigan",released,2022-03-24,GRCh38,,TRACE footprint calls with PWM MA0089.2 in GM12878
ENCSR028YSD,footprints,"Alan Boyle, University of Michigan",released,2022-03-24,GRCh38,,TRACE footprint calls with PWM MA1525.1 in GM12878
ENCSR264SRB,footprints,"Alan Boyle, University of Michigan",released,2022-03-23,GRCh38,,TRACE footprint calls with PWM MA0606.1 in GM12878
ENCSR275NUY,footprints,"Alan Boyle, University of Michigan",released,2022-03-23,GRCh38,,TRACE footprint calls with PWM MA0669.1 in GM12878
ENCSR748FPK,footprints,"Alan Boyle, University of Michigan",released,2022-03-22,GRCh38,,TRACE footprint calls with PWM MA0623.2 in GM12878
ENCSR479MIB,footprints,"Alan Boyle, University of Michigan",released,2022-03-22,GRCh38,,TRACE footprint calls with PWM MA0668.1 in GM12878
ENCSR695EGO,footprints,"Alan Boyle, University of Michigan",released,2022-03-23,GRCh38,,TRACE footprint calls with PWM MA1109.1 in GM12878
ENCSR745SQN,footprints,"Alan Boyle, University of Michigan",released,2022-03-22,GRCh38,,TRACE footprint calls with PWM MA0056.2 in GM12878
ENCSR829IIA,footprints,"Alan Boyle, University of Michigan",released,2022-03-24,GRCh38,,TRACE footprint calls with PWM MA0500.2 in GM12878
ENCSR509NIY,footprints,"Alan Boyle, University of Michigan",released,2022-03-24,GRCh38,,TRACE footprint calls with PWM MA0499.2 in GM12878
ENCSR862AOX,footprints,"Alan Boyle, University of Michigan",released,2022-03-23,GRCh38,,TRACE footprint calls with PWM MA0667.1 in GM12878
ENCSR382ESJ,footprints,"Alan Boyle, University of Michigan",released,2022-03-24,GRCh38,,TRACE footprint calls with PWM MA1641.1 in GM12878
ENCSR442FJV,footprints,"Alan Boyle, University of Michigan",released,2022-03-22,GRCh38,,TRACE footprint calls with PWM MA0147.3 in GM12878
ENCSR573QRS,footprints,"Alan Boyle, University of Michigan",released,2022-03-24,GRCh38,,TRACE footprint calls with PWM MA0104.4 in GM12878
ENCSR453CDA,footprints,"Alan Boyle, University of Michigan",released,2022-03-23,GRCh38,,TRACE footprint calls with PWM MA0100.3 in GM12878
ENCSR855WLP,footprints,"Alan Boyle, University of Michigan",released,2022-03-23,GRCh38,,TRACE footprint calls with PWM MA0777.1 in GM12878
ENCSR769ZPN,footprints,"Alan Boyle, University of Michigan",released,2022-03-23,GRCh38,,TRACE footprint calls with PWM MA0776.1 in GM12878
ENCSR847DEG,footprints,"Alan Boyle, University of Michigan",released,2022-03-23,GRCh38,,TRACE footprint calls with PWM MA1108.2 in GM12878
ENCSR308UXY,footprints,"Alan Boyle, University of Michigan",released,2022-03-23,GRCh38,,TRACE footprint calls with PWM MA0863.1 in GM12878
ENCSR660HWD,footprints,"Alan Boyle, University of Michigan",released,2022-03-22,GRCh38,,TRACE footprint calls with PWM MA0666.1 in GM12878
ENCSR348AAD,footprints,"Alan Boyle, University of Michigan",released,2022-03-23,GRCh38,,TRACE footprint calls with PWM MA1524.1 in GM12878
ENCSR011BVI,footprints,"Alan Boyle, University of Michigan",released,2022-03-24,GRCh38,,TRACE footprint calls with PWM MA0665.1 in GM12878
ENCSR531RPM,footprints,"Alan Boyle, University of Michigan",released,2022-03-23,GRCh38,,TRACE footprint calls with PWM MA0825.1 in GM12878
ENCSR552VWY,footprints,"Alan Boyle, University of Michigan",released,2022-03-23,GRCh38,,TRACE footprint calls with PWM MA0663.1 in GM12878
ENCSR856BRD,footprints,"Alan Boyle, University of Michigan",released,2022-03-22,GRCh38,,TRACE footprint calls with PWM MA0622.1 in GM12878
ENCSR338HZI,footprints,"Alan Boyle, University of Michigan",released,2022-03-23,GRCh38,,TRACE footprint calls with PWM MA0664.1 in GM12878
ENCSR756FUO,footprints,"Alan Boyle, University of Michigan",released,2022-03-23,GRCh38,,TRACE footprint calls with PWM MA0621.1 in GM12878
ENCSR349YYK,footprints,"Alan Boyle, University of Michigan",released,2022-03-22,GRCh38,,TRACE footprint calls with PWM MA0620.3 in GM12878
ENCSR827BFD,footprints,"Alan Boyle, University of Michigan",released,2022-03-23,GRCh38,,TRACE footprint calls with PWM MA0801.1 in GM12878
ENCSR543EOK,footprints,"Alan Boyle, University of Michigan",released,2022-03-22,GRCh38,,TRACE footprint calls with PWM MA0661.1 in GM12878
ENCSR945TGL,footprints,"Alan Boyle, University of Michigan",released,2022-03-22,GRCh38,,TRACE footprint calls with PWM MA0774.1 in GM12878
ENCSR468LXS,footprints,"Alan Boyle, University of Michigan",released,2022-03-24,GRCh38,,TRACE footprint calls with PWM MA0773.1 in GM12878
ENCSR664FWI,footprints,"Alan Boyle, University of Michigan",released,2022-03-22,GRCh38,,TRACE footprint calls with PWM MA0660.1 in GM12878
ENCSR908UDT,footprints,"Alan Boyle, University of Michigan",released,2022-03-23,GRCh38,,TRACE footprint calls with PWM MA0029.1 in GM12878
ENCSR008GSL,footprints,"Alan Boyle, University of Michigan",released,2022-03-24,GRCh38,,TRACE footprint calls with PWM MA1522.1 in GM12878
ENCSR017BTZ,footprints,"Alan Boyle, University of Michigan",released,2022-03-24,GRCh38,,TRACE footprint calls with PWM MA0058.3 in GM12878
ENCSR536SOP,footprints,"Alan Boyle, University of Michigan",released,2022-03-22,GRCh38,,TRACE footprint calls with PWM MA0059.1 in GM12878
ENCSR028GIJ,footprints,"Alan Boyle, University of Michigan",released,2022-03-24,GRCh38,,TRACE footprint calls with PWM MA1520.1 in GM12878
ENCSR456SAN,footprints,"Alan Boyle, University of Michigan",released,2022-03-23,GRCh38,,TRACE footprint calls with PWM MA0501.1 in GM12878
ENCSR726HEV,footprints,"Alan Boyle, University of Michigan",released,2022-03-22,GRCh38,,TRACE footprint calls with PWM MA0496.3 in GM12878
ENCSR393VKV,footprints,"Alan Boyle, University of Michigan",released,2022-03-24,GRCh38,,TRACE footprint calls with PWM MA0659.2 in GM12878
ENCSR660RLK,footprints,"Alan Boyle, University of Michigan",released,2022-03-23,GRCh38,,TRACE footprint calls with PWM MA0495.3 in GM12878
ENCSR326IBO,footprints,"Alan Boyle, University of Michigan",released,2022-03-23,GRCh38,,TRACE footprint calls with PWM MA0117.2 in GM12878
ENCSR694NMW,footprints,"Alan Boyle, University of Michigan",released,2022-03-22,GRCh38,,TRACE footprint calls with PWM MA1521.1 in GM12878
ENCSR196IWN,footprints,"Alan Boyle, University of Michigan",released,2022-03-23,GRCh38,,TRACE footprint calls with PWM MA0703.2 in GM12878
ENCSR717NDA,footprints,"Alan Boyle, University of Michigan",released,2022-03-24,GRCh38,,TRACE footprint calls with PWM MA0702.2 in GM12878
ENCSR834TTI,footprints,"Alan Boyle, University of Michigan",released,2022-03-22,GRCh38,,TRACE footprint calls with PWM MA0619.1 in GM12878
ENCSR854FHU,footprints,"Alan Boyle, University of Michigan",released,2022-03-23,GRCh38,,TRACE footprint calls with PWM MA0701.2 in GM12878
ENCSR842ARY,footprints,"Alan Boyle, University of Michigan",released,2022-03-24,GRCh38,,TRACE footprint calls with PWM MA0705.1 in GM12878
ENCSR991UKW,footprints,"Alan Boyle, University of Michigan",released,2022-03-24,GRCh38,,TRACE footprint calls with PWM MA0658.1 in GM12878
ENCSR883WMR,footprints,"Alan Boyle, University of Michigan",released,2022-03-23,GRCh38,,TRACE footprint calls with PWM MA1519.1 in GM12878
ENCSR870EMV,footprints,"Alan Boyle, University of Michigan",released,2022-03-22,GRCh38,,TRACE footprint calls with PWM MA0135.1 in GM12878
ENCSR774KAZ,footprints,"Alan Boyle, University of Michigan",released,2022-03-23,GRCh38,,TRACE footprint calls with PWM MA0700.2 in GM12878
ENCSR826SIT,footprints,"Alan Boyle, University of Michigan",released,2022-03-24,GRCh38,,TRACE footprint calls with PWM MA0768.1 in GM12878
ENCSR503GJB,footprints,"Alan Boyle, University of Michigan",released,2022-03-24,GRCh38,,TRACE footprint calls with PWM MA0699.1 in GM12878
ENCSR847WDA,footprints,"Alan Boyle, University of Michigan",released,2022-03-24,GRCh38,,TRACE footprint calls with PWM MA0618.1 in GM12878
ENCSR533NTA,footprints,"Alan Boyle, University of Michigan",released,2022-03-24,GRCh38,,TRACE footprint calls with PWM MA1107.2 in GM12878
ENCSR123XWU,footprints,"Alan Boyle, University of Michigan",released,2022-03-22,GRCh38,,TRACE footprint calls with PWM MA1517.1 in GM12878
ENCSR679RVR,footprints,"Alan Boyle, University of Michigan",released,2022-03-24,GRCh38,,TRACE footprint calls with PWM MA0599.1 in GM12878
ENCSR656IRM,footprints,"Alan Boyle, University of Michigan",released,2022-03-24,GRCh38,,TRACE footprint calls with PWM MA0039.4 in GM12878
ENCSR042WQW,footprints,"Alan Boyle, University of Michigan",released,2022-03-24,GRCh38,,TRACE footprint calls with PWM MA1516.1 in GM12878
ENCSR974JOM,footprints,"Alan Boyle, University of Michigan",released,2022-03-22,GRCh38,,TRACE footprint calls with PWM MA1515.1 in GM12878
ENCSR830ZGB,footprints,"Alan Boyle, University of Michigan",released,2022-03-24,GRCh38,,TRACE footprint calls with PWM MA0493.1 in GM12878
ENCSR286SOP,footprints,"Alan Boyle, University of Michigan",released,2022-03-24,GRCh38,,TRACE footprint calls with PWM MA1514.1 in GM12878
ENCSR051IUA,footprints,"Alan Boyle, University of Michigan",released,2022-03-23,GRCh38,,TRACE footprint calls with PWM MA0741.1 in GM12878
ENCSR271MQE,footprints,"Alan Boyle, University of Michigan",released,2022-03-23,GRCh38,,TRACE footprint calls with PWM MA1513.1 in GM12878
ENCSR018AST,footprints,"Alan Boyle, University of Michigan",released,2022-03-24,GRCh38,,TRACE footprint calls with PWM MA0740.1 in GM12878
ENCSR043PXL,footprints,"Alan Boyle, University of Michigan",released,2022-03-24,GRCh38,,TRACE footprint calls with PWM MA0657.1 in GM12878
ENCSR048BJL,footprints,"Alan Boyle, University of Michigan",released,2022-03-24,GRCh38,,TRACE footprint calls with PWM MA0742.1 in GM12878
ENCSR235KFB,footprints,"Alan Boyle, University of Michigan",released,2022-03-24,GRCh38,,TRACE footprint calls with PWM MA1512.1 in GM12878
ENCSR631WOK,footprints,"Alan Boyle, University of Michigan",released,2022-03-22,GRCh38,,TRACE footprint calls with PWM MA1511.1 in GM12878
ENCSR363SMV,footprints,"Alan Boyle, University of Michigan",released,2022-03-22,GRCh38,,TRACE footprint calls with PWM MA0488.1 in GM12878
ENCSR201HYM,footprints,"Alan Boyle, University of Michigan",released,2022-03-24,GRCh38,,TRACE footprint calls with PWM MA1132.1 in GM12878
ENCSR773SML,footprints,"Alan Boyle, University of Michigan",released,2022-03-24,GRCh38,,TRACE footprint calls with PWM MA0491.2 in GM12878
ENCSR625FNT,footprints,"Alan Boyle, University of Michigan",released,2022-03-24,GRCh38,,TRACE footprint calls with PWM MA0490.2 in GM12878
ENCSR564PBX,footprints,"Alan Boyle, University of Michigan",released,2022-03-24,GRCh38,,TRACE footprint calls with PWM MA0655.1 in GM12878
ENCSR375IVW,footprints,"Alan Boyle, University of Michigan",released,2022-03-24,GRCh38,,TRACE footprint calls with PWM MA0654.1 in GM12878
ENCSR460SMX,footprints,"Alan Boyle, University of Michigan",released,2022-03-23,GRCh38,,TRACE footprint calls with PWM MA1608.1 in GM12878
ENCSR705GJD,footprints,"Alan Boyle, University of Michigan",released,2022-03-23,GRCh38,,TRACE footprint calls with PWM MA0653.1 in GM12878
ENCSR040WXL,footprints,"Alan Boyle, University of Michigan",released,2022-03-22,GRCh38,,TRACE footprint calls with PWM MA0652.1 in GM12878
ENCSR998NDF,footprints,"Alan Boyle, University of Michigan",released,2022-03-23,GRCh38,,TRACE footprint calls with PWM MA0772.1 in GM12878
ENCSR271UHC,footprints,"Alan Boyle, University of Michigan",released,2022-03-23,GRCh38,,TRACE footprint calls with PWM MA1509.1 in GM12878
ENCSR638YYZ,footprints,"Alan Boyle, University of Michigan",released,2022-03-24,GRCh38,,TRACE footprint calls with PWM MA1420.1 in GM12878
ENCSR214JZU,footprints,"Alan Boyle, University of Michigan",released,2022-03-22,GRCh38,,TRACE footprint calls with PWM MA1419.1 in GM12878
ENCSR345TLK,footprints,"Alan Boyle, University of Michigan",released,2022-03-22,GRCh38,,TRACE footprint calls with PWM MA1418.1 in GM12878
ENCSR360HRR,footprints,"Alan Boyle, University of Michigan",released,2022-03-23,GRCh38,,TRACE footprint calls with PWM MA0051.1 in GM12878
ENCSR615WWM,footprints,"Alan Boyle, University of Michigan",released,2022-03-23,GRCh38,,TRACE footprint calls with PWM MA0050.2 in GM12878
ENCSR963HCY,footprints,"Alan Boyle, University of Michigan",released,2022-03-23,GRCh38,,TRACE footprint calls with PWM MA0155.1 in GM12878
ENCSR403IAN,footprints,"Alan Boyle, University of Michigan",released,2022-03-22,GRCh38,,TRACE footprint calls with PWM MA1508.1 in GM12878
ENCSR259VZC,footprints,"Alan Boyle, University of Michigan",released,2022-03-22,GRCh38,,TRACE footprint calls with PWM MA0771.1 in GM12878
ENCSR884HDP,footprints,"Alan Boyle, University of Michigan",released,2022-03-23,GRCh38,,TRACE footprint calls with PWM MA0770.1 in GM12878
ENCSR503XJF,footprints,"Alan Boyle, University of Michigan",released,2022-03-24,GRCh38,,TRACE footprint calls with PWM MA0486.2 in GM12878
ENCSR345REM,footprints,"Alan Boyle, University of Michigan",released,2022-03-24,GRCh38,,TRACE footprint calls with PWM MA0913.2 in GM12878
ENCSR488HUS,footprints,"Alan Boyle, University of Michigan",released,2022-03-24,GRCh38,,TRACE footprint calls with PWM MA0910.2 in GM12878
ENCSR236YYR,footprints,"Alan Boyle, University of Michigan",released,2022-03-22,GRCh38,,TRACE footprint calls with PWM MA0912.2 in GM12878
ENCSR736WDL,footprints,"Alan Boyle, University of Michigan",released,2022-03-23,GRCh38,,TRACE footprint calls with PWM MA0909.2 in GM12878
ENCSR842IQA,footprints,"Alan Boyle, University of Michigan",released,2022-03-22,GRCh38,,TRACE footprint calls with PWM MA0873.1 in GM12878
ENCSR391QKC,footprints,"Alan Boyle, University of Michigan",released,2022-03-22,GRCh38,,TRACE footprint calls with PWM MA0908.1 in GM12878
ENCSR918MYP,footprints,"Alan Boyle, University of Michigan",released,2022-03-22,GRCh38,,TRACE footprint calls with PWM MA1506.1 in GM12878
ENCSR671RMR,footprints,"Alan Boyle, University of Michigan",released,2022-03-24,GRCh38,,TRACE footprint calls with PWM MA0485.2 in GM12878
ENCSR258DUP,footprints,"Alan Boyle, University of Michigan",released,2022-03-24,GRCh38,,TRACE footprint calls with PWM MA1505.1 in GM12878
ENCSR291CJA,footprints,"Alan Boyle, University of Michigan",released,2022-03-23,GRCh38,,TRACE footprint calls with PWM MA0907.1 in GM12878
ENCSR289SZO,footprints,"Alan Boyle, University of Michigan",released,2022-03-23,GRCh38,,TRACE footprint calls with PWM MA0906.1 in GM12878
ENCSR606IMD,footprints,"Alan Boyle, University of Michigan",released,2022-03-22,GRCh38,,TRACE footprint calls with PWM MA0651.1 in GM12878
ENCSR347ONH,footprints,"Alan Boyle, University of Michigan",released,2022-03-24,GRCh38,,TRACE footprint calls with PWM MA0905.1 in GM12878
ENCSR927MDC,footprints,"Alan Boyle, University of Michigan",released,2022-03-23,GRCh38,,TRACE footprint calls with PWM MA1503.1 in GM12878
ENCSR383SLS,footprints,"Alan Boyle, University of Michigan",released,2022-03-23,GRCh38,,TRACE footprint calls with PWM MA1502.1 in GM12878
ENCSR983TWZ,footprints,"Alan Boyle, University of Michigan",released,2022-03-24,GRCh38,,TRACE footprint calls with PWM MA1501.1 in GM12878
ENCSR180MHU,footprints,"Alan Boyle, University of Michigan",released,2022-03-24,GRCh38,,TRACE footprint calls with PWM MA0904.2 in GM12878
ENCSR417PDY,footprints,"Alan Boyle, University of Michigan",released,2022-03-23,GRCh38,,TRACE footprint calls with PWM MA1499.1 in GM12878
ENCSR272QFJ,footprints,"Alan Boyle, University of Michigan",released,2022-03-23,GRCh38,,TRACE footprint calls with PWM MA0902.2 in GM12878
ENCSR783VPS,footprints,"Alan Boyle, University of Michigan",released,2022-03-22,GRCh38,,TRACE footprint calls with PWM MA0594.2 in GM12878
ENCSR840MZU,footprints,"Alan Boyle, University of Michigan",released,2022-03-23,GRCh38,,TRACE footprint calls with PWM MA1498.1 in GM12878
ENCSR657LGR,footprints,"Alan Boyle, University of Michigan",released,2022-03-24,GRCh38,,TRACE footprint calls with PWM MA0158.2 in GM12878
ENCSR478FCA,footprints,"Alan Boyle, University of Michigan",released,2022-03-22,GRCh38,,TRACE footprint calls with PWM MA1496.1 in GM12878
ENCSR783ZIZ,footprints,"Alan Boyle, University of Michigan",released,2022-03-24,GRCh38,,TRACE footprint calls with PWM MA0900.2 in GM12878
ENCSR526VYS,footprints,"Alan Boyle, University of Michigan",released,2022-03-24,GRCh38,,TRACE footprint calls with PWM MA1495.1 in GM12878
ENCSR577BEY,footprints,"Alan Boyle, University of Michigan",released,2022-03-23,GRCh38,,TRACE footprint calls with PWM MA0650.2 in GM12878
ENCSR010IHS,footprints,"Alan Boyle, University of Michigan",released,2022-03-24,GRCh38,,TRACE footprint calls with PWM MA0911.1 in GM12878
ENCSR617JNV,footprints,"Alan Boyle, University of Michigan",released,2022-03-23,GRCh38,,TRACE footprint calls with PWM MA0484.2 in GM12878
ENCSR061RCN,footprints,"Alan Boyle, University of Michigan",released,2022-03-22,GRCh38,,TRACE footprint calls with PWM MA0114.4 in GM12878
ENCSR599KIH,footprints,"Alan Boyle, University of Michigan",released,2022-03-22,GRCh38,,TRACE footprint calls with PWM MA0153.2 in GM12878
ENCSR155RFO,footprints,"Alan Boyle, University of Michigan",released,2022-03-24,GRCh38,,TRACE footprint calls with PWM MA0046.2 in GM12878
ENCSR257OTL,footprints,"Alan Boyle, University of Michigan",released,2022-03-22,GRCh38,,TRACE footprint calls with PWM MA0898.1 in GM12878
ENCSR127PPN,footprints,"Alan Boyle, University of Michigan",released,2022-03-22,GRCh38,,TRACE footprint calls with PWM MA0897.1 in GM12878
ENCSR830FNU,footprints,"Alan Boyle, University of Michigan",released,2022-03-24,GRCh38,,TRACE footprint calls with PWM MA0896.1 in GM12878
ENCSR146TLA,footprints,"Alan Boyle, University of Michigan",released,2022-03-23,GRCh38,,TRACE footprint calls with PWM MA0043.3 in GM12878
ENCSR267VZP,footprints,"Alan Boyle, University of Michigan",released,2022-03-24,GRCh38,,TRACE footprint calls with PWM MA0131.2 in GM12878
ENCSR266SKB,footprints,"Alan Boyle, University of Michigan",released,2022-03-23,GRCh38,,TRACE footprint calls with PWM MA1106.1 in GM12878
ENCSR207CTH,footprints,"Alan Boyle, University of Michigan",released,2022-03-24,GRCh38,,TRACE footprint calls with PWM MA0738.1 in GM12878
ENCSR519HYL,footprints,"Alan Boyle, University of Michigan",released,2022-03-23,GRCh38,,TRACE footprint calls with PWM MA0739.1 in GM12878
ENCSR136JTZ,footprints,"Alan Boyle, University of Michigan",released,2022-03-22,GRCh38,,TRACE footprint calls with PWM MA0649.1 in GM12878
ENCSR990GPS,footprints,"Alan Boyle, University of Michigan",released,2022-03-22,GRCh38,,TRACE footprint calls with PWM MA0823.1 in GM12878
ENCSR206AUX,footprints,"Alan Boyle, University of Michigan",released,2022-03-24,GRCh38,,TRACE footprint calls with PWM MA0894.1 in GM12878
ENCSR668QQJ,footprints,"Alan Boyle, University of Michigan",released,2022-03-24,GRCh38,,TRACE footprint calls with PWM MA0822.1 in GM12878
ENCSR727JRQ,footprints,"Alan Boyle, University of Michigan",released,2022-03-22,GRCh38,,TRACE footprint calls with PWM MA1493.1 in GM12878
ENCSR943CZS,footprints,"Alan Boyle, University of Michigan",released,2022-03-22,GRCh38,,TRACE footprint calls with PWM MA0821.1 in GM12878
ENCSR572SAB,footprints,"Alan Boyle, University of Michigan",released,2022-03-23,GRCh38,,TRACE footprint calls with PWM MA0616.2 in GM12878
ENCSR992CDG,footprints,"Alan Boyle, University of Michigan",released,2022-03-23,GRCh38,,TRACE footprint calls with PWM MA1099.2 in GM12878
ENCSR188UHN,footprints,"Alan Boyle, University of Michigan",released,2022-03-23,GRCh38,,TRACE footprint calls with PWM MA1638.1 in GM12878
ENCSR230WYG,footprints,"Alan Boyle, University of Michigan",released,2022-03-22,GRCh38,,TRACE footprint calls with PWM MA0648.1 in GM12878
ENCSR871EKX,footprints,"Alan Boyle, University of Michigan",released,2022-03-23,GRCh38,,TRACE footprint calls with PWM MA1105.2 in GM12878
ENCSR363VVJ,footprints,"Alan Boyle, University of Michigan",released,2022-03-24,GRCh38,,TRACE footprint calls with PWM MA0647.1 in GM12878
ENCSR250QHI,footprints,"Alan Boyle, University of Michigan",released,2022-03-23,GRCh38,,TRACE footprint calls with PWM MA0862.1 in GM12878
ENCSR334UZU,footprints,"Alan Boyle, University of Michigan",released,2022-03-22,GRCh38,,TRACE footprint calls with PWM MA0615.1 in GM12878
ENCSR183MLD,footprints,"Alan Boyle, University of Michigan",released,2022-03-22,GRCh38,,TRACE footprint calls with PWM MA0737.1 in GM12878
ENCSR763CSQ,footprints,"Alan Boyle, University of Michigan",released,2022-03-22,GRCh38,,TRACE footprint calls with PWM MA0736.1 in GM12878
ENCSR092WJS,footprints,"Alan Boyle, University of Michigan",released,2022-03-23,GRCh38,,TRACE footprint calls with PWM MA0735.1 in GM12878
ENCSR858FEF,footprints,"Alan Boyle, University of Michigan",released,2022-03-23,GRCh38,,TRACE footprint calls with PWM MA1491.1 in GM12878
ENCSR708GLV,footprints,"Alan Boyle, University of Michigan",released,2022-03-22,GRCh38,,TRACE footprint calls with PWM MA0734.2 in GM12878
ENCSR734JHL,footprints,"Alan Boyle, University of Michigan",released,2022-03-24,GRCh38,,TRACE footprint calls with PWM MA0038.2 in GM12878
ENCSR095BZE,footprints,"Alan Boyle, University of Michigan",released,2022-03-22,GRCh38,,TRACE footprint calls with PWM MA0483.1 in GM12878
ENCSR933BFF,footprints,"Alan Boyle, University of Michigan",released,2022-03-23,GRCh38,,TRACE footprint calls with PWM MA0767.1 in GM12878
ENCSR195WWO,footprints,"Alan Boyle, University of Michigan",released,2022-03-23,GRCh38,,TRACE footprint calls with PWM MA0646.1 in GM12878
ENCSR351KQQ,footprints,"Alan Boyle, University of Michigan",released,2022-03-24,GRCh38,,TRACE footprint calls with PWM MA0890.1 in GM12878
ENCSR314LUH,footprints,"Alan Boyle, University of Michigan",released,2022-03-24,GRCh38,,TRACE footprint calls with PWM MA0889.1 in GM12878
ENCSR353HDW,footprints,"Alan Boyle, University of Michigan",released,2022-03-22,GRCh38,,TRACE footprint calls with PWM MA1104.2 in GM12878
ENCSR454SKD,footprints,"Alan Boyle, University of Michigan",released,2022-03-24,GRCh38,,TRACE footprint calls with PWM MA0766.2 in GM12878
ENCSR283AXJ,footprints,"Alan Boyle, University of Michigan",released,2022-03-22,GRCh38,,TRACE footprint calls with PWM MA0482.2 in GM12878
ENCSR240CSL,footprints,"Alan Boyle, University of Michigan",released,2022-03-24,GRCh38,,TRACE footprint calls with PWM MA0037.3 in GM12878
ENCSR859ZGH,footprints,"Alan Boyle, University of Michigan",released,2022-03-23,GRCh38,,TRACE footprint calls with PWM MA0036.3 in GM12878
ENCSR761HPM,footprints,"Alan Boyle, University of Michigan",released,2022-03-24,GRCh38,,TRACE footprint calls with PWM MA0140.2 in GM12878
ENCSR602BBI,footprints,"Alan Boyle, University of Michigan",released,2022-03-23,GRCh38,,TRACE footprint calls with PWM MA0062.3 in GM12878
ENCSR688CJG,footprints,"Alan Boyle, University of Michigan",released,2022-03-24,GRCh38,,TRACE footprint calls with PWM MA0593.1 in GM12878
ENCSR799YLO,footprints,"Alan Boyle, University of Michigan",released,2022-03-22,GRCh38,,TRACE footprint calls with PWM MA0480.1 in GM12878
ENCSR906LFB,footprints,"Alan Boyle, University of Michigan",released,2022-03-23,GRCh38,,TRACE footprint calls with PWM MA1489.1 in GM12878
ENCSR153NEF,footprints,"Alan Boyle, University of Michigan",released,2022-03-23,GRCh38,,TRACE footprint calls with PWM MA0852.2 in GM12878
ENCSR551GTO,footprints,"Alan Boyle, University of Michigan",released,2022-03-23,GRCh38,,TRACE footprint calls with PWM MA0614.1 in GM12878
ENCSR696NUE,footprints,"Alan Boyle, University of Michigan",released,2022-03-22,GRCh38,,TRACE footprint calls with PWM MA0479.1 in GM12878
ENCSR275NNR,footprints,"Alan Boyle, University of Michigan",released,2022-03-23,GRCh38,,TRACE footprint calls with PWM MA0613.1 in GM12878
ENCSR286LEU,footprints,"Alan Boyle, University of Michigan",released,2022-03-24,GRCh38,,TRACE footprint calls with PWM MA0030.1 in GM12878
ENCSR888QAZ,footprints,"Alan Boyle, University of Michigan",released,2022-03-22,GRCh38,,TRACE footprint calls with PWM MA1487.1 in GM12878
ENCSR885QOQ,footprints,"Alan Boyle, University of Michigan",released,2022-03-24,GRCh38,,TRACE footprint calls with PWM MA0476.1 in GM12878
ENCSR583URR,footprints,"Alan Boyle, University of Michigan",released,2022-03-22,GRCh38,,TRACE footprint calls with PWM MA0478.1 in GM12878
ENCSR265LKG,footprints,"Alan Boyle, University of Michigan",released,2022-03-22,GRCh38,,TRACE footprint calls with PWM MA1130.1 in GM12878
ENCSR552JEU,footprints,"Alan Boyle, University of Michigan",released,2022-03-23,GRCh38,,TRACE footprint calls with PWM MA1144.1 in GM12878
ENCSR285WVJ,footprints,"Alan Boyle, University of Michigan",released,2022-03-22,GRCh38,,TRACE footprint calls with PWM MA1138.1 in GM12878
ENCSR695NLE,footprints,"Alan Boyle, University of Michigan",released,2022-03-24,GRCh38,,TRACE footprint calls with PWM MA0477.2 in GM12878
ENCSR629NRX,footprints,"Alan Boyle, University of Michigan",released,2022-03-24,GRCh38,,TRACE footprint calls with PWM MA1128.1 in GM12878
ENCSR719KFZ,footprints,"Alan Boyle, University of Michigan",released,2022-03-22,GRCh38,,TRACE footprint calls with PWM MA1142.1 in GM12878
ENCSR715NUL,footprints,"Alan Boyle, University of Michigan",released,2022-03-24,GRCh38,,TRACE footprint calls with PWM MA1137.1 in GM12878
ENCSR209POX,footprints,"Alan Boyle, University of Michigan",released,2022-03-24,GRCh38,,TRACE footprint calls with PWM MA0099.3 in GM12878
ENCSR159TWK,footprints,"Alan Boyle, University of Michigan",released,2022-03-23,GRCh38,,TRACE footprint calls with PWM MA1141.1 in GM12878
ENCSR578DXU,footprints,"Alan Boyle, University of Michigan",released,2022-03-24,GRCh38,,TRACE footprint calls with PWM MA1134.1 in GM12878
ENCSR941AEK,footprints,"Alan Boyle, University of Michigan",released,2022-03-22,GRCh38,,TRACE footprint calls with PWM MA1127.1 in GM12878
ENCSR449QXM,footprints,"Alan Boyle, University of Michigan",released,2022-03-23,GRCh38,,TRACE footprint calls with PWM MA1135.1 in GM12878
ENCSR490HQO,footprints,"Alan Boyle, University of Michigan",released,2022-03-23,GRCh38,,TRACE footprint calls with PWM MA0475.2 in GM12878
ENCSR707NTZ,footprints,"Alan Boyle, University of Michigan",released,2022-03-22,GRCh38,,TRACE footprint calls with PWM MA0820.1 in GM12878
ENCSR470HSV,footprints,"Alan Boyle, University of Michigan",released,2022-03-22,GRCh38,,TRACE footprint calls with PWM MA0156.2 in GM12878
ENCSR110VRS,footprints,"Alan Boyle, University of Michigan",released,2022-03-22,GRCh38,,TRACE footprint calls with PWM MA1485.1 in GM12878
ENCSR929OTS,footprints,"Alan Boyle, University of Michigan",released,2022-03-23,GRCh38,,TRACE footprint calls with PWM MA0149.1 in GM12878
ENCSR463XTM,footprints,"Alan Boyle, University of Michigan",released,2022-03-23,GRCh38,,TRACE footprint calls with PWM MA0888.1 in GM12878
ENCSR238LCX,footprints,"Alan Boyle, University of Michigan",released,2022-03-23,GRCh38,,TRACE footprint calls with PWM MA0887.1 in GM12878
ENCSR673EEP,footprints,"Alan Boyle, University of Michigan",released,2022-03-23,GRCh38,,TRACE footprint calls with PWM MA0645.1 in GM12878
ENCSR423TPF,footprints,"Alan Boyle, University of Michigan",released,2022-03-22,GRCh38,,TRACE footprint calls with PWM MA0765.2 in GM12878
ENCSR953AYT,footprints,"Alan Boyle, University of Michigan",released,2022-03-24,GRCh38,,TRACE footprint calls with PWM MA0764.2 in GM12878
ENCSR008OAT,footprints,"Alan Boyle, University of Michigan",released,2022-03-24,GRCh38,,TRACE footprint calls with PWM MA0763.1 in GM12878
ENCSR172ZEK,footprints,"Alan Boyle, University of Michigan",released,2022-03-24,GRCh38,,TRACE footprint calls with PWM MA0762.1 in GM12878
ENCSR823OXR,footprints,"Alan Boyle, University of Michigan",released,2022-03-23,GRCh38,,TRACE footprint calls with PWM MA0761.2 in GM12878
ENCSR059DGT,footprints,"Alan Boyle, University of Michigan",released,2022-03-23,GRCh38,,TRACE footprint calls with PWM MA1484.1 in GM12878
ENCSR000VGA,footprints,"Alan Boyle, University of Michigan",released,2022-03-23,GRCh38,,TRACE footprint calls with PWM MA0098.3 in GM12878
ENCSR875HSY,footprints,"Alan Boyle, University of Michigan",released,2022-03-23,GRCh38,,TRACE footprint calls with PWM MA0643.1 in GM12878
ENCSR344HZC,footprints,"Alan Boyle, University of Michigan",released,2022-03-23,GRCh38,,TRACE footprint calls with PWM MA0141.3 in GM12878
ENCSR606VUB,footprints,"Alan Boyle, University of Michigan",released,2022-03-23,GRCh38,,TRACE footprint calls with PWM MA0592.3 in GM12878
ENCSR103WRI,footprints,"Alan Boyle, University of Michigan",released,2022-03-24,GRCh38,,TRACE footprint calls with PWM MA0258.2 in GM12878
ENCSR920HQW,footprints,"Alan Boyle, University of Michigan",released,2022-03-22,GRCh38,,TRACE footprint calls with PWM MA0112.3 in GM12878
ENCSR550SXZ,footprints,"Alan Boyle, University of Michigan",released,2022-03-22,GRCh38,,TRACE footprint calls with PWM MA0474.2 in GM12878
ENCSR478JHU,footprints,"Alan Boyle, University of Michigan",released,2022-03-22,GRCh38,,TRACE footprint calls with PWM MA0760.1 in GM12878
ENCSR251IKQ,footprints,"Alan Boyle, University of Michigan",released,2022-03-22,GRCh38,,TRACE footprint calls with PWM MA0800.1 in GM12878
ENCSR704RWA,footprints,"Alan Boyle, University of Michigan",released,2022-03-22,GRCh38,,TRACE footprint calls with PWM MA0642.1 in GM12878
ENCSR405ORQ,footprints,"Alan Boyle, University of Michigan",released,2022-03-22,GRCh38,,TRACE footprint calls with PWM MA0027.2 in GM12878
ENCSR037EST,footprints,"Alan Boyle, University of Michigan",released,2022-03-22,GRCh38,,TRACE footprint calls with PWM MA0886.1 in GM12878
ENCSR239MNJ,footprints,"Alan Boyle, University of Michigan",released,2022-03-24,GRCh38,,TRACE footprint calls with PWM MA0612.2 in GM12878
ENCSR470ETX,footprints,"Alan Boyle, University of Michigan",released,2022-03-24,GRCh38,,TRACE footprint calls with PWM MA0076.2 in GM12878
ENCSR687HYV,footprints,"Alan Boyle, University of Michigan",released,2022-03-22,GRCh38,,TRACE footprint calls with PWM MA0759.1 in GM12878
ENCSR860YHJ,footprints,"Alan Boyle, University of Michigan",released,2022-03-22,GRCh38,,TRACE footprint calls with PWM MA0028.2 in GM12878
ENCSR202CBW,footprints,"Alan Boyle, University of Michigan",released,2022-03-23,GRCh38,,TRACE footprint calls with PWM MA0136.2 in GM12878
ENCSR400ZEM,footprints,"Alan Boyle, University of Michigan",released,2022-03-23,GRCh38,,TRACE footprint calls with PWM MA0641.1 in GM12878
ENCSR908SLJ,footprints,"Alan Boyle, University of Michigan",released,2022-03-24,GRCh38,,TRACE footprint calls with PWM MA0640.2 in GM12878
ENCSR016KME,footprints,"Alan Boyle, University of Michigan",released,2022-03-22,GRCh38,,TRACE footprint calls with PWM MA1483.1 in GM12878
ENCSR362JZA,footprints,"Alan Boyle, University of Michigan",released,2022-03-23,GRCh38,,TRACE footprint calls with PWM MA0473.3 in GM12878
ENCSR094DPT,footprints,"Alan Boyle, University of Michigan",released,2022-03-23,GRCh38,,TRACE footprint calls with PWM MA0598.3 in GM12878
ENCSR188FOC,footprints,"Alan Boyle, University of Michigan",released,2022-03-22,GRCh38,,TRACE footprint calls with PWM MA0733.1 in GM12878
ENCSR154PUN,footprints,"Alan Boyle, University of Michigan",released,2022-03-22,GRCh38,,TRACE footprint calls with PWM MA0732.1 in GM12878
ENCSR270TZR,footprints,"Alan Boyle, University of Michigan",released,2022-03-22,GRCh38,,TRACE footprint calls with PWM MA0472.2 in GM12878
ENCSR957ZKE,footprints,"Alan Boyle, University of Michigan",released,2022-03-22,GRCh38,,TRACE footprint calls with PWM MA0162.4 in GM12878
ENCSR027PRY,footprints,"Alan Boyle, University of Michigan",released,2022-03-24,GRCh38,,TRACE footprint calls with PWM MA1637.1 in GM12878
ENCSR751ZUH,footprints,"Alan Boyle, University of Michigan",released,2022-03-24,GRCh38,,TRACE footprint calls with PWM MA1604.1 in GM12878
ENCSR575YFG,footprints,"Alan Boyle, University of Michigan",released,2022-03-22,GRCh38,,TRACE footprint calls with PWM MA0154.4 in GM12878
ENCSR786WRR,footprints,"Alan Boyle, University of Michigan",released,2022-03-24,GRCh38,,TRACE footprint calls with PWM MA0865.1 in GM12878
ENCSR001TUW,footprints,"Alan Boyle, University of Michigan",released,2022-03-22,GRCh38,,TRACE footprint calls with PWM MA0758.1 in GM12878
ENCSR918TZG,footprints,"Alan Boyle, University of Michigan",released,2022-03-22,GRCh38,,TRACE footprint calls with PWM MA0471.2 in GM12878
ENCSR192DGF,footprints,"Alan Boyle, University of Michigan",released,2022-03-24,GRCh38,,TRACE footprint calls with PWM MA0470.2 in GM12878
ENCSR201FTE,footprints,"Alan Boyle, University of Michigan",released,2022-03-22,GRCh38,,TRACE footprint calls with PWM MA0864.2 in GM12878
ENCSR494GUJ,footprints,"Alan Boyle, University of Michigan",released,2022-03-24,GRCh38,,TRACE footprint calls with PWM MA0024.3 in GM12878
ENCSR559OEZ,footprints,"Alan Boyle, University of Michigan",released,2022-03-22,GRCh38,,TRACE footprint calls with PWM MA0884.1 in GM12878
ENCSR466SOZ,footprints,"Alan Boyle, University of Michigan",released,2022-03-23,GRCh38,,TRACE footprint calls with PWM MA0468.1 in GM12878
ENCSR222BSG,footprints,"Alan Boyle, University of Michigan",released,2022-03-23,GRCh38,,TRACE footprint calls with PWM MA1481.1 in GM12878
ENCSR658OXX,footprints,"Alan Boyle, University of Michigan",released,2022-03-22,GRCh38,,TRACE footprint calls with PWM MA1480.1 in GM12878
ENCSR435IRN,footprints,"Alan Boyle, University of Michigan",released,2022-03-22,GRCh38,,TRACE footprint calls with PWM MA1479.1 in GM12878
ENCSR237KEJ,footprints,"Alan Boyle, University of Michigan",released,2022-03-22,GRCh38,,TRACE footprint calls with PWM MA1478.1 in GM12878
ENCSR238WDN,footprints,"Alan Boyle, University of Michigan",released,2022-03-22,GRCh38,,TRACE footprint calls with PWM MA0610.1 in GM12878
ENCSR783WDE,footprints,"Alan Boyle, University of Michigan",released,2022-03-23,GRCh38,,TRACE footprint calls with PWM MA1603.1 in GM12878
ENCSR460BAA,footprints,"Alan Boyle, University of Michigan",released,2022-03-23,GRCh38,,TRACE footprint calls with PWM MA0883.1 in GM12878
ENCSR487GSL,footprints,"Alan Boyle, University of Michigan",released,2022-03-24,GRCh38,,TRACE footprint calls with PWM MA0882.1 in GM12878
ENCSR150IXK,footprints,"Alan Boyle, University of Michigan",released,2022-03-23,GRCh38,,TRACE footprint calls with PWM MA0880.1 in GM12878
ENCSR168NZR,footprints,"Alan Boyle, University of Michigan",released,2022-03-23,GRCh38,,TRACE footprint calls with PWM MA0879.1 in GM12878
ENCSR970POO,footprints,"Alan Boyle, University of Michigan",released,2022-03-24,GRCh38,,TRACE footprint calls with PWM MA0019.1 in GM12878
ENCSR406LUK,footprints,"Alan Boyle, University of Michigan",released,2022-03-22,GRCh38,,TRACE footprint calls with PWM MA0639.1 in GM12878
ENCSR637ZGM,footprints,"Alan Boyle, University of Michigan",released,2022-03-23,GRCh38,,TRACE footprint calls with PWM MA0755.1 in GM12878
ENCSR458UOP,footprints,"Alan Boyle, University of Michigan",released,2022-03-22,GRCh38,,TRACE footprint calls with PWM MA0754.1 in GM12878
ENCSR651SAP,footprints,"Alan Boyle, University of Michigan",released,2022-03-24,GRCh38,,TRACE footprint calls with PWM MA0139.1 in GM12878
ENCSR992XNC,footprints,"Alan Boyle, University of Michigan",released,2022-03-23,GRCh38,,TRACE footprint calls with PWM MA1102.2 in GM12878
ENCSR730ENY,footprints,"Alan Boyle, University of Michigan",released,2022-03-23,GRCh38,,TRACE footprint calls with PWM MA0467.1 in GM12878
ENCSR042HMU,footprints,"Alan Boyle, University of Michigan",released,2022-03-22,GRCh38,,TRACE footprint calls with PWM MA0609.2 in GM12878
ENCSR086TBZ,footprints,"Alan Boyle, University of Michigan",released,2022-03-22,GRCh38,,TRACE footprint calls with PWM MA0840.1 in GM12878
ENCSR330AMW,footprints,"Alan Boyle, University of Michigan",released,2022-03-24,GRCh38,,TRACE footprint calls with PWM MA0638.1 in GM12878
ENCSR149JLK,footprints,"Alan Boyle, University of Michigan",released,2022-03-24,GRCh38,,TRACE footprint calls with PWM MA1474.1 in GM12878
ENCSR738PQE,footprints,"Alan Boyle, University of Michigan",released,2022-03-24,GRCh38,,TRACE footprint calls with PWM MA0608.1 in GM12878
ENCSR378RVE,footprints,"Alan Boyle, University of Michigan",released,2022-03-24,GRCh38,,TRACE footprint calls with PWM MA0839.1 in GM12878
ENCSR285RRM,footprints,"Alan Boyle, University of Michigan",released,2022-03-23,GRCh38,,TRACE footprint calls with PWM MA0018.4 in GM12878
ENCSR288ZGZ,footprints,"Alan Boyle, University of Michigan",released,2022-03-22,GRCh38,,TRACE footprint calls with PWM MA0819.1 in GM12878
ENCSR422ITV,footprints,"Alan Boyle, University of Michigan",released,2022-03-23,GRCh38,,TRACE footprint calls with PWM MA0637.1 in GM12878
ENCSR602XJM,footprints,"Alan Boyle, University of Michigan",released,2022-03-23,GRCh38,,TRACE footprint calls with PWM MA0838.1 in GM12878
ENCSR439ARP,footprints,"Alan Boyle, University of Michigan",released,2022-03-22,GRCh38,,TRACE footprint calls with PWM MA0837.1 in GM12878
ENCSR116KSQ,footprints,"Alan Boyle, University of Michigan",released,2022-03-22,GRCh38,,TRACE footprint calls with PWM MA0836.2 in GM12878
ENCSR735ROC,footprints,"Alan Boyle, University of Michigan",released,2022-03-22,GRCh38,,TRACE footprint calls with PWM MA0466.2 in GM12878
ENCSR698GNV,footprints,"Alan Boyle, University of Michigan",released,2022-03-23,GRCh38,,TRACE footprint calls with PWM MA0102.4 in GM12878
ENCSR382XYL,footprints,"Alan Boyle, University of Michigan",released,2022-03-22,GRCh38,,TRACE footprint calls with PWM MA1473.1 in GM12878
ENCSR776ZQW,footprints,"Alan Boyle, University of Michigan",released,2022-03-22,GRCh38,,TRACE footprint calls with PWM MA0878.2 in GM12878
ENCSR868FIE,footprints,"Alan Boyle, University of Michigan",released,2022-03-23,GRCh38,,TRACE footprint calls with PWM MA0876.1 in GM12878
ENCSR062MZM,footprints,"Alan Boyle, University of Michigan",released,2022-03-23,GRCh38,,TRACE footprint calls with PWM MA0636.1 in GM12878
ENCSR346MKM,footprints,"Alan Boyle, University of Michigan",released,2022-03-22,GRCh38,,TRACE footprint calls with PWM MA0464.2 in GM12878
ENCSR319HTL,footprints,"Alan Boyle, University of Michigan",released,2022-03-23,GRCh38,,TRACE footprint calls with PWM MA0817.1 in GM12878
ENCSR511QXE,footprints,"Alan Boyle, University of Michigan",released,2022-03-22,GRCh38,,TRACE footprint calls with PWM MA0818.1 in GM12878
ENCSR108YCK,footprints,"Alan Boyle, University of Michigan",released,2022-03-22,GRCh38,,TRACE footprint calls with PWM MA0607.1 in GM12878
ENCSR173OYG,footprints,"Alan Boyle, University of Michigan",released,2022-03-22,GRCh38,,TRACE footprint calls with PWM MA0463.2 in GM12878
ENCSR663ZKY,footprints,"Alan Boyle, University of Michigan",released,2022-03-22,GRCh38,,TRACE footprint calls with PWM MA0731.1 in GM12878
ENCSR874GMC,footprints,"Alan Boyle, University of Michigan",released,2022-03-22,GRCh38,,TRACE footprint calls with PWM MA1634.1 in GM12878
ENCSR741APQ,footprints,"Alan Boyle, University of Michigan",released,2022-03-23,GRCh38,,TRACE footprint calls with PWM MA0462.2 in GM12878
ENCSR369PVV,footprints,"Alan Boyle, University of Michigan",released,2022-03-22,GRCh38,,TRACE footprint calls with PWM MA0835.2 in GM12878
ENCSR104MNK,footprints,"Alan Boyle, University of Michigan",released,2022-03-22,GRCh38,,TRACE footprint calls with PWM MA0875.1 in GM12878
ENCSR289QFD,footprints,"Alan Boyle, University of Michigan",released,2022-03-22,GRCh38,,TRACE footprint calls with PWM MA0635.1 in GM12878
ENCSR772NXB,footprints,"Alan Boyle, University of Michigan",released,2022-03-23,GRCh38,,TRACE footprint calls with PWM MA0877.2 in GM12878
ENCSR608HHK,footprints,"Alan Boyle, University of Michigan",released,2022-03-22,GRCh38,,TRACE footprint calls with PWM MA1101.2 in GM12878
ENCSR878LDE,footprints,"Alan Boyle, University of Michigan",released,2022-03-22,GRCh38,,TRACE footprint calls with PWM MA1633.1 in GM12878
ENCSR736XCY,footprints,"Alan Boyle, University of Michigan",released,2022-03-22,GRCh38,,TRACE footprint calls with PWM MA0591.1 in GM12878
ENCSR436TVE,footprints,"Alan Boyle, University of Michigan",released,2022-03-23,GRCh38,,TRACE footprint calls with PWM MA1468.1 in GM12878
ENCSR752CGZ,footprints,"Alan Boyle, University of Michigan",released,2022-03-22,GRCh38,,TRACE footprint calls with PWM MA0461.2 in GM12878
ENCSR786LYT,footprints,"Alan Boyle, University of Michigan",released,2022-03-22,GRCh38,,TRACE footprint calls with PWM MA0834.1 in GM12878
ENCSR737UFH,footprints,"Alan Boyle, University of Michigan",released,2022-03-22,GRCh38,,TRACE footprint calls with PWM MA1466.1 in GM12878
ENCSR012TFZ,footprints,"Alan Boyle, University of Michigan",released,2022-03-22,GRCh38,,TRACE footprint calls with PWM MA0833.2 in GM12878
ENCSR904MCV,footprints,"Alan Boyle, University of Michigan",released,2022-03-23,GRCh38,,TRACE footprint calls with PWM MA0605.2 in GM12878
ENCSR313SDA,footprints,"Alan Boyle, University of Michigan",released,2022-03-23,GRCh38,,TRACE footprint calls with PWM MA1632.1 in GM12878
ENCSR337HIZ,footprints,"Alan Boyle, University of Michigan",released,2022-03-22,GRCh38,,TRACE footprint calls with PWM MA0604.1 in GM12878
ENCSR414UQS,footprints,"Alan Boyle, University of Michigan",released,2022-03-22,GRCh38,,TRACE footprint calls with PWM MA0816.1 in GM12878
ENCSR893CSN,footprints,"Alan Boyle, University of Michigan",released,2022-03-23,GRCh38,,TRACE footprint calls with PWM MA1100.2 in GM12878
ENCSR461QLW,footprints,"Alan Boyle, University of Michigan",released,2022-03-22,GRCh38,,TRACE footprint calls with PWM MA0874.1 in GM12878
ENCSR296UYZ,footprints,"Alan Boyle, University of Michigan",released,2022-03-23,GRCh38,,TRACE footprint calls with PWM MA0007.3 in GM12878
ENCSR110QII,footprints,"Alan Boyle, University of Michigan",released,2022-03-23,GRCh38,,TRACE footprint calls with PWM MA0603.1 in GM12878
ENCSR367YYA,footprints,"Alan Boyle, University of Michigan",released,2022-03-23,GRCh38,,TRACE footprint calls with PWM MA0259.1 in GM12878
ENCSR072PJK,footprints,"Alan Boyle, University of Michigan",released,2022-03-22,GRCh38,,TRACE footprint calls with PWM MA1464.1 in GM12878
ENCSR032OWS,footprints,"Alan Boyle, University of Michigan",released,2022-03-23,GRCh38,,TRACE footprint calls with PWM MA1463.1 in GM12878
ENCSR496XKU,footprints,"Alan Boyle, University of Michigan",released,2022-03-23,GRCh38,,TRACE footprint calls with PWM MA0853.1 in GM12878
ENCSR740JXD,footprints,"Alan Boyle, University of Michigan",released,2022-03-23,GRCh38,,TRACE footprint calls with PWM MA0854.1 in GM12878
ENCSR593IRL,footprints,"Alan Boyle, University of Michigan",released,2022-03-22,GRCh38,,TRACE footprint calls with PWM MA0018.4 in GM12878
ENCSR211QLN,footprints,"Alan Boyle, University of Michigan",released,2022-03-22,GRCh38,,TRACE footprint calls with PWM MA0819.1 in GM12878
ENCSR708EBC,footprints,"Alan Boyle, University of Michigan",released,2022-03-22,GRCh38,,TRACE footprint calls with PWM MA0637.1 in GM12878
ENCSR896NUE,footprints,"Alan Boyle, University of Michigan",released,2022-03-23,GRCh38,,TRACE footprint calls with PWM MA0838.1 in GM12878
ENCSR074PJT,footprints,"Alan Boyle, University of Michigan",released,2022-03-23,GRCh38,,TRACE footprint calls with PWM MA0837.1 in GM12878
ENCSR343FPL,footprints,"Alan Boyle, University of Michigan",released,2022-03-22,GRCh38,,TRACE footprint calls with PWM MA0836.2 in GM12878
ENCSR767SNA,footprints,"Alan Boyle, University of Michigan",released,2022-03-22,GRCh38,,TRACE footprint calls with PWM MA0466.2 in GM12878
ENCSR190HVQ,footprints,"Alan Boyle, University of Michigan",released,2022-03-23,GRCh38,,TRACE footprint calls with PWM MA0102.4 in GM12878
ENCSR741GVB,footprints,"Alan Boyle, University of Michigan",released,2022-03-22,GRCh38,,TRACE footprint calls with PWM MA1473.1 in GM12878
ENCSR266XQR,footprints,"Alan Boyle, University of Michigan",released,2022-03-22,GRCh38,,TRACE footprint calls with PWM MA0878.2 in GM12878
ENCSR719DGT,footprints,"Alan Boyle, University of Michigan",released,2022-03-22,GRCh38,,TRACE footprint calls with PWM MA0876.1 in GM12878
ENCSR270RDT,footprints,"Alan Boyle, University of Michigan",released,2022-03-22,GRCh38,,TRACE footprint calls with PWM MA0636.1 in GM12878
ENCSR379JJU,footprints,"Alan Boyle, University of Michigan",released,2022-03-22,GRCh38,,TRACE footprint calls with PWM MA0464.2 in GM12878
ENCSR198FVA,footprints,"Alan Boyle, University of Michigan",released,2022-03-23,GRCh38,,TRACE footprint calls with PWM MA0817.1 in GM12878
ENCSR177PRD,footprints,"Alan Boyle, University of Michigan",released,2022-03-22,GRCh38,,TRACE footprint calls with PWM MA0818.1 in GM12878
ENCSR966MMN,footprints,"Alan Boyle, University of Michigan",released,2022-03-22,GRCh38,,TRACE footprint calls with PWM MA0607.1 in GM12878
ENCSR143JON,footprints,"Alan Boyle, University of Michigan",released,2022-03-22,GRCh38,,TRACE footprint calls with PWM MA0463.2 in GM12878
ENCSR339GBO,footprints,"Alan Boyle, University of Michigan",released,2022-03-22,GRCh38,,TRACE footprint calls with PWM MA0731.1 in GM12878
ENCSR810VAH,footprints,"Alan Boyle, University of Michigan",released,2022-03-23,GRCh38,,TRACE footprint calls with PWM MA1634.1 in GM12878
ENCSR222ARB,footprints,"Alan Boyle, University of Michigan",released,2022-03-22,GRCh38,,TRACE footprint calls with PWM MA0462.2 in GM12878
ENCSR114BUC,footprints,"Alan Boyle, University of Michigan",released,2022-03-22,GRCh38,,TRACE footprint calls with PWM MA0835.2 in GM12878
ENCSR808QJT,footprints,"Alan Boyle, University of Michigan",released,2022-03-23,GRCh38,,TRACE footprint calls with PWM MA0875.1 in GM12878
ENCSR703JHZ,footprints,"Alan Boyle, University of Michigan",released,2022-03-22,GRCh38,,TRACE footprint calls with PWM MA0635.1 in GM12878
ENCSR064FTR,footprints,"Alan Boyle, University of Michigan",released,2022-03-22,GRCh38,,TRACE footprint calls with PWM MA0877.2 in GM12878
ENCSR418HPZ,footprints,"Alan Boyle, University of Michigan",released,2022-03-23,GRCh38,,TRACE footprint calls with PWM MA1101.2 in GM12878
ENCSR813PHC,footprints,"Alan Boyle, University of Michigan",released,2022-03-23,GRCh38,,TRACE footprint calls with PWM MA1633.1 in GM12878
ENCSR795PNA,footprints,"Alan Boyle, University of Michigan",released,2022-03-23,GRCh38,,TRACE footprint calls with PWM MA0591.1 in GM12878
ENCSR695XJL,footprints,"Alan Boyle, University of Michigan",released,2022-03-23,GRCh38,,TRACE footprint calls with PWM MA1468.1 in GM12878
ENCSR717AWE,footprints,"Alan Boyle, University of Michigan",released,2022-03-22,GRCh38,,TRACE footprint calls with PWM MA0461.2 in GM12878
ENCSR975YLJ,footprints,"Alan Boyle, University of Michigan",released,2022-03-22,GRCh38,,TRACE footprint calls with PWM MA0834.1 in GM12878
ENCSR018ABE,footprints,"Alan Boyle, University of Michigan",released,2022-03-22,GRCh38,,TRACE footprint calls with PWM MA1466.1 in GM12878
ENCSR843XJV,footprints,"Alan Boyle, University of Michigan",released,2022-03-22,GRCh38,,TRACE footprint calls with PWM MA0833.2 in GM12878
ENCSR995TVR,footprints,"Alan Boyle, University of Michigan",released,2022-03-23,GRCh38,,TRACE footprint calls with PWM MA0605.2 in GM12878
ENCSR038OWG,footprints,"Alan Boyle, University of Michigan",released,2022-03-22,GRCh38,,TRACE footprint calls with PWM MA1632.1 in GM12878
ENCSR632GMJ,footprints,"Alan Boyle, University of Michigan",released,2022-03-23,GRCh38,,TRACE footprint calls with PWM MA0604.1 in GM12878
ENCSR731PCC,footprints,"Alan Boyle, University of Michigan",released,2022-03-22,GRCh38,,TRACE footprint calls with PWM MA0816.1 in GM12878
ENCSR665BFR,footprints,"Alan Boyle, University of Michigan",released,2022-03-22,GRCh38,,TRACE footprint calls with PWM MA1100.2 in GM12878
ENCSR130HYT,footprints,"Alan Boyle, University of Michigan",released,2022-03-23,GRCh38,,TRACE footprint calls with PWM MA0874.1 in GM12878
ENCSR940VRN,footprints,"Alan Boyle, University of Michigan",released,2022-03-22,GRCh38,,TRACE footprint calls with PWM MA0007.3 in GM12878
ENCSR977TPO,footprints,"Alan Boyle, University of Michigan",released,2022-03-22,GRCh38,,TRACE footprint calls with PWM MA0603.1 in GM12878
ENCSR915TFG,footprints,"Alan Boyle, University of Michigan",released,2022-03-23,GRCh38,,TRACE footprint calls with PWM MA0259.1 in GM12878
ENCSR883FME,footprints,"Alan Boyle, University of Michigan",released,2022-03-22,GRCh38,,TRACE footprint calls with PWM MA1464.1 in GM12878
ENCSR008RTG,footprints,"Alan Boyle, University of Michigan",released,2022-03-22,GRCh38,,TRACE footprint calls with PWM MA1463.1 in GM12878
ENCSR046YXH,footprints,"Alan Boyle, University of Michigan",released,2022-03-23,GRCh38,,TRACE footprint calls with PWM MA0853.1 in GM12878
ENCSR695TLS,footprints,"Alan Boyle, University of Michigan",released,2022-03-23,GRCh38,,TRACE footprint calls with PWM MA0854.1 in GM12878
ENCSR478NMS,chromatin state,"Maxwell Libbrecht, SFU",released,2023-10-18,GRCh38,,Segway annotation of Donor ENCDO000AAK: Homo sapiens GM12878
ENCSR176LTW,gkm-SVM-model,"Michael Beer, JHU",released,2022-04-22,,,TF_2421_hg38: gkm-SVM model for IKZF2 ChIP-seq in GM12878 (human)
ENCSR146EZZ,gkm-SVM-model,"Michael Beer, JHU",released,2022-04-22,,,TF_2386_hg38: gkm-SVM model for FOXK2 ChIP-seq in GM12878 (human)
ENCSR249YCE,gkm-SVM-model,"Michael Beer, JHU",released,2022-04-22,,,TF_2378_hg38: gkm-SVM model for BHLHE40 ChIP-seq in GM12878 (human)
ENCSR993XTS,gkm-SVM-model,"Michael Beer, JHU",released,2022-04-22,,,TF_2343_hg38: gkm-SVM model for SRF ChIP-seq in GM12878 (human)
ENCSR308KNX,gkm-SVM-model,"Michael Beer, JHU",released,2022-04-22,,,TF_2338_hg38: gkm-SVM model for IKZF2 ChIP-seq in GM12878 (human)
ENCSR145XJD,gkm-SVM-model,"Michael Beer, JHU",released,2022-04-22,,,TF_2283_hg38: gkm-SVM model for ARID3A ChIP-seq in GM12878 (human)
ENCSR183OKY,gkm-SVM-model,"Michael Beer, JHU",released,2022-04-22,,,TF_2223_hg38: gkm-SVM model for SKIL ChIP-seq in GM12878 (human)
ENCSR544BOR,gkm-SVM-model,"Michael Beer, JHU",released,2022-04-22,,,TF_2184_hg38: gkm-SVM model for CBFB ChIP-seq in GM12878 (human)
ENCSR383VRU,gkm-SVM-model,"Michael Beer, JHU",released,2022-04-22,,,TF_2155_hg38: gkm-SVM model for HDAC2 ChIP-seq in GM12878 (human)
ENCSR107MWB,gkm-SVM-model,"Michael Beer, JHU",released,2022-04-22,,,TF_2136_hg38: gkm-SVM model for CHD4 ChIP-seq in GM12878 (human)
ENCSR612DXH,gkm-SVM-model,"Michael Beer, JHU",released,2022-04-22,,,TF_2093_hg38: gkm-SVM model for KDM1A ChIP-seq in GM12878 (human)
ENCSR348EXR,gkm-SVM-model,"Michael Beer, JHU",released,2022-04-22,,,TF_2083_hg38: gkm-SVM model for BACH1 ChIP-seq in GM12878 (human)
ENCSR312ZQI,gkm-SVM-model,"Michael Beer, JHU",released,2022-04-22,,,TF_2082_hg38: gkm-SVM model for RB1 ChIP-seq in GM12878 (human)
ENCSR409GEI,gkm-SVM-model,"Michael Beer, JHU",released,2022-04-22,,,TF_2046_hg38: gkm-SVM model for ZBTB40 ChIP-seq in GM12878 (human)
ENCSR058IUT,gkm-SVM-model,"Michael Beer, JHU",released,2022-04-22,,,TF_2015_hg38: gkm-SVM model for ATF2 ChIP-seq in GM12878 (human)
ENCSR786BTV,gkm-SVM-model,"Michael Beer, JHU",released,2022-04-22,,,TF_1956_hg38: gkm-SVM model for PKNOX1 ChIP-seq in GM12878 (human)
ENCSR130SCM,gkm-SVM-model,"Michael Beer, JHU",released,2022-04-22,,,TF_1883_hg38: gkm-SVM model for RBBP5 ChIP-seq in GM12878 (human)
ENCSR744ASU,gkm-SVM-model,"Michael Beer, JHU",released,2022-04-22,,,TF_1857_hg38: gkm-SVM model for CBX5 ChIP-seq in GM12878 (human)
ENCSR062ZRJ,gkm-SVM-model,"Michael Beer, JHU",released,2022-04-22,,,TF_1855_hg38: gkm-SVM model for SMAD5 ChIP-seq in GM12878 (human)
ENCSR383YIC,gkm-SVM-model,"Michael Beer, JHU",released,2022-04-22,,,TF_1846_hg38: gkm-SVM model for BMI1 ChIP-seq in GM12878 (human)
ENCSR575FMM,gkm-SVM-model,"Michael Beer, JHU",released,2022-04-22,,,TF_1840_hg38: gkm-SVM model for ZFP36 ChIP-seq in GM12878 (human)
ENCSR350VOF,gkm-SVM-model,"Michael Beer, JHU",released,2022-04-22,,,TF_1822_hg38: gkm-SVM model for TCF3 ChIP-seq in GM12878 (human)
ENCSR277CAJ,gkm-SVM-model,"Michael Beer, JHU",released,2022-04-22,,,TF_1817_hg38: gkm-SVM model for MAFK ChIP-seq in GM12878 (human)
ENCSR874GOM,gkm-SVM-model,"Michael Beer, JHU",released,2022-04-22,,,TF_1811_hg38: gkm-SVM model for NFYA ChIP-seq in GM12878 (human)
ENCSR186IXU,gkm-SVM-model,"Michael Beer, JHU",released,2022-04-22,,,TF_1808_hg38: gkm-SVM model for EGR1 ChIP-seq in GM12878 (human)
ENCSR002SHI,gkm-SVM-model,"Michael Beer, JHU",released,2022-04-22,,,TF_1803_hg38: gkm-SVM model for ZNF143 ChIP-seq in GM12878 (human)
ENCSR733IUN,gkm-SVM-model,"Michael Beer, JHU",released,2022-04-22,,,TF_1796_hg38: gkm-SVM model for ZZZ3 ChIP-seq in GM12878 (human)
ENCSR501PWJ,gkm-SVM-model,"Michael Beer, JHU",released,2022-04-22,,,TF_1779_hg38: gkm-SVM model for RFX5 ChIP-seq in GM12878 (human)
ENCSR970RSN,gkm-SVM-model,"Michael Beer, JHU",released,2022-04-22,,,TF_1765_hg38: gkm-SVM model for SMC3 ChIP-seq in GM12878 (human)
ENCSR568AJQ,gkm-SVM-model,"Michael Beer, JHU",released,2022-04-22,,,TF_1736_hg38: gkm-SVM model for EED ChIP-seq in GM12878 (human)
ENCSR181CMW,gkm-SVM-model,"Michael Beer, JHU",released,2022-04-22,,,TF_1731_hg38: gkm-SVM model for PAX8 ChIP-seq in GM12878 (human)
ENCSR495VAC,gkm-SVM-model,"Michael Beer, JHU",released,2022-04-22,,,TF_1730_hg38: gkm-SVM model for NBN ChIP-seq in GM12878 (human)
ENCSR214PBG,gkm-SVM-model,"Michael Beer, JHU",released,2022-04-22,,,TF_1727_hg38: gkm-SVM model for MTA2 ChIP-seq in GM12878 (human)
ENCSR193NUM,gkm-SVM-model,"Michael Beer, JHU",released,2022-04-22,,,TF_1726_hg38: gkm-SVM model for MEF2B ChIP-seq in GM12878 (human)
ENCSR205FZA,gkm-SVM-model,"Michael Beer, JHU",released,2022-04-22,,,TF_1720_hg38: gkm-SVM model for E2F8 ChIP-seq in GM12878 (human)
ENCSR862OOY,gkm-SVM-model,"Michael Beer, JHU",released,2022-04-22,,,TF_1667_hg38: gkm-SVM model for CEBPB ChIP-seq in GM12878 (human)
ENCSR891RIX,gkm-SVM-model,"Michael Beer, JHU",released,2022-04-22,,,TF_1635_hg38: gkm-SVM model for CBX3 ChIP-seq in GM12878 (human)
ENCSR282SSD,gkm-SVM-model,"Michael Beer, JHU",released,2022-04-22,,,TF_1630_hg38: gkm-SVM model for TRIM22 ChIP-seq in GM12878 (human)
ENCSR062GHE,gkm-SVM-model,"Michael Beer, JHU",released,2022-04-22,,,TF_1629_hg38: gkm-SVM model for IRF5 ChIP-seq in GM12878 (human)
ENCSR218NBK,gkm-SVM-model,"Michael Beer, JHU",released,2022-04-22,,,TF_1616_hg38: gkm-SVM model for JUNB ChIP-seq in GM12878 (human)
ENCSR666XFQ,gkm-SVM-model,"Michael Beer, JHU",released,2022-04-22,,,TF_1611_hg38: gkm-SVM model for ZBTB33 ChIP-seq in GM12878 (human)
ENCSR081AMG,gkm-SVM-model,"Michael Beer, JHU",released,2022-04-22,,,TF_1589_hg38: gkm-SVM model for STAT1 ChIP-seq in GM12878 (human)
ENCSR916VWD,gkm-SVM-model,"Michael Beer, JHU",released,2022-04-22,,,TF_1581_hg38: gkm-SVM model for EGR1 ChIP-seq in GM12878 (human)
ENCSR493AIU,gkm-SVM-model,"Michael Beer, JHU",released,2022-04-22,,,TF_1554_hg38: gkm-SVM model for CREM ChIP-seq in GM12878 (human)
ENCSR506NJI,gkm-SVM-model,"Michael Beer, JHU",released,2022-04-22,,,TF_1551_hg38: gkm-SVM model for TCF7 ChIP-seq in GM12878 (human)
ENCSR813VRL,gkm-SVM-model,"Michael Beer, JHU",released,2022-04-22,,,TF_1546_hg38: gkm-SVM model for UBTF ChIP-seq in GM12878 (human)
ENCSR451VAQ,gkm-SVM-model,"Michael Beer, JHU",released,2022-04-22,,,TF_1544_hg38: gkm-SVM model for HSF1 ChIP-seq in GM12878 (human)
ENCSR526CBH,gkm-SVM-model,"Michael Beer, JHU",released,2022-04-22,,,TF_1540_hg38: gkm-SVM model for ETV6 ChIP-seq in GM12878 (human)
ENCSR961HGJ,gkm-SVM-model,"Michael Beer, JHU",released,2022-04-22,,,TF_1539_hg38: gkm-SVM model for NR2C2 ChIP-seq in GM12878 (human)
ENCSR786JUX,gkm-SVM-model,"Michael Beer, JHU",released,2022-04-22,,,TF_1537_hg38: gkm-SVM model for ZNF384 ChIP-seq in GM12878 (human)
ENCSR428VEW,gkm-SVM-model,"Michael Beer, JHU",released,2022-04-22,,,TF_1535_hg38: gkm-SVM model for MYC ChIP-seq in GM12878 (human)
ENCSR532EKN,gkm-SVM-model,"Michael Beer, JHU",released,2022-04-22,,,TF_1520_hg38: gkm-SVM model for TBL1XR1 ChIP-seq in GM12878 (human)
ENCSR983PUC,gkm-SVM-model,"Michael Beer, JHU",released,2022-04-22,,,TF_1515_hg38: gkm-SVM model for REST ChIP-seq in GM12878 (human)
ENCSR306BBG,gkm-SVM-model,"Michael Beer, JHU",released,2022-04-22,,,TF_1512_hg38: gkm-SVM model for RAD21 ChIP-seq in GM12878 (human)
ENCSR643CXW,gkm-SVM-model,"Michael Beer, JHU",released,2022-04-22,,,TF_1502_hg38: gkm-SVM model for MEF2A ChIP-seq in GM12878 (human)
ENCSR162NLF,gkm-SVM-model,"Michael Beer, JHU",released,2022-04-22,,,TF_1479_hg38: gkm-SVM model for POLR2A ChIP-seq in GM12878 (human)
ENCSR534WKQ,gkm-SVM-model,"Michael Beer, JHU",released,2022-04-22,,,TF_1473_hg38: gkm-SVM model for BCL11A ChIP-seq in GM12878 (human)
ENCSR446CHX,gkm-SVM-model,"Michael Beer, JHU",released,2022-04-22,,,TF_1446_hg38: gkm-SVM model for NFYB ChIP-seq in GM12878 (human)
ENCSR449EFD,gkm-SVM-model,"Michael Beer, JHU",released,2022-04-22,,,TF_1414_hg38: gkm-SVM model for ELF1 ChIP-seq in GM12878 (human)
ENCSR762EIB,gkm-SVM-model,"Michael Beer, JHU",released,2022-04-22,,,TF_1405_hg38: gkm-SVM model for IKZF1 ChIP-seq in GM12878 (human)
ENCSR492BZP,gkm-SVM-model,"Michael Beer, JHU",released,2022-04-22,,,TF_1357_hg38: gkm-SVM model for STAT1 ChIP-seq in GM12878 (human)
ENCSR520LPP,gkm-SVM-model,"Michael Beer, JHU",released,2022-04-22,,,TF_1333_hg38: gkm-SVM model for FOXM1 ChIP-seq in GM12878 (human)
ENCSR862URR,gkm-SVM-model,"Michael Beer, JHU",released,2022-04-22,,,TF_1313_hg38: gkm-SVM model for EBF1 ChIP-seq in GM12878 (human)
ENCSR199LJR,gkm-SVM-model,"Michael Beer, JHU",released,2022-04-22,,,TF_1298_hg38: gkm-SVM model for POLR2AphosphoS2 ChIP-seq in GM12878 (human)
ENCSR502HCX,gkm-SVM-model,"Michael Beer, JHU",released,2022-04-22,,,TF_1296_hg38: gkm-SVM model for YY1 ChIP-seq in GM12878 (human)
ENCSR725ZBC,gkm-SVM-model,"Michael Beer, JHU",released,2022-04-22,,,TF_1278_hg38: gkm-SVM model for BRCA1 ChIP-seq in GM12878 (human)
ENCSR008AXP,gkm-SVM-model,"Michael Beer, JHU",released,2022-04-22,,,TF_1251_hg38: gkm-SVM model for USF1 ChIP-seq in GM12878 (human)
ENCSR428ZPI,gkm-SVM-model,"Michael Beer, JHU",released,2022-04-22,,,TF_1250_hg38: gkm-SVM model for PBX3 ChIP-seq in GM12878 (human)
ENCSR235HVA,gkm-SVM-model,"Michael Beer, JHU",released,2022-04-22,,,TF_1247_hg38: gkm-SVM model for RAD21 ChIP-seq in GM12878 (human)
ENCSR664MQW,gkm-SVM-model,"Michael Beer, JHU",released,2022-04-22,,,TF_1235_hg38: gkm-SVM model for YBX1 ChIP-seq in GM12878 (human)
ENCSR935CCT,gkm-SVM-model,"Michael Beer, JHU",released,2022-04-22,,,TF_1230_hg38: gkm-SVM model for PRDM15 ChIP-seq in GM12878 (human)
ENCSR313XKP,gkm-SVM-model,"Michael Beer, JHU",released,2022-04-22,,,TF_1220_hg38: gkm-SVM model for HDGF ChIP-seq in GM12878 (human)
ENCSR298BYR,gkm-SVM-model,"Michael Beer, JHU",released,2022-04-22,,,TF_1205_hg38: gkm-SVM model for STAT3 ChIP-seq in GM12878 (human)
ENCSR579FJY,gkm-SVM-model,"Michael Beer, JHU",released,2022-04-22,,,TF_1204_hg38: gkm-SVM model for IRF4 ChIP-seq in GM12878 (human)
ENCSR304HBX,gkm-SVM-model,"Michael Beer, JHU",released,2022-04-22,,,TF_1201_hg38: gkm-SVM model for RXRA ChIP-seq in GM12878 (human)
ENCSR506DPY,gkm-SVM-model,"Michael Beer, JHU",released,2022-04-22,,,TF_1193_hg38: gkm-SVM model for ZNF207 ChIP-seq in GM12878 (human)
ENCSR608SRZ,gkm-SVM-model,"Michael Beer, JHU",released,2022-04-22,,,TF_1188_hg38: gkm-SVM model for CREB1 ChIP-seq in GM12878 (human)
ENCSR200ZIT,gkm-SVM-model,"Michael Beer, JHU",released,2022-04-22,,,TF_1168_hg38: gkm-SVM model for ARNT ChIP-seq in GM12878 (human)
ENCSR331WEB,gkm-SVM-model,"Michael Beer, JHU",released,2022-04-22,,,TF_1167_hg38: gkm-SVM model for CEBPB ChIP-seq in GM12878 (human)
ENCSR945LPP,gkm-SVM-model,"Michael Beer, JHU",released,2022-04-22,,,TF_1161_hg38: gkm-SVM model for ELK1 ChIP-seq in GM12878 (human)
ENCSR993KER,gkm-SVM-model,"Michael Beer, JHU",released,2022-04-22,,,TF_1151_hg38: gkm-SVM model for ETS1 ChIP-seq in GM12878 (human)
ENCSR877SFF,gkm-SVM-model,"Michael Beer, JHU",released,2022-04-22,,,TF_1150_hg38: gkm-SVM model for MAX ChIP-seq in GM12878 (human)
ENCSR519NMR,gkm-SVM-model,"Michael Beer, JHU",released,2022-04-22,,,TF_1140_hg38: gkm-SVM model for SREBF1 ChIP-seq in GM12878 (human)
ENCSR088EMI,gkm-SVM-model,"Michael Beer, JHU",released,2022-04-22,,,TF_1127_hg38: gkm-SVM model for NRF1 ChIP-seq in GM12878 (human)
ENCSR070QZP,gkm-SVM-model,"Michael Beer, JHU",released,2022-04-22,,,TF_1076_hg38: gkm-SVM model for POU2F2 ChIP-seq in GM12878 (human)
ENCSR765WLA,gkm-SVM-model,"Michael Beer, JHU",released,2022-04-22,,,TF_1071_hg38: gkm-SVM model for REST ChIP-seq in GM12878 (human)
ENCSR125WZL,gkm-SVM-model,"Michael Beer, JHU",released,2022-04-22,,,TF_1068_hg38: gkm-SVM model for SREBF2 ChIP-seq in GM12878 (human)
ENCSR740PWA,gkm-SVM-model,"Michael Beer, JHU",released,2022-04-22,,,TF_1067_hg38: gkm-SVM model for KLF5 ChIP-seq in GM12878 (human)
ENCSR648USD,gkm-SVM-model,"Michael Beer, JHU",released,2022-04-22,,,TF_1065_hg38: gkm-SVM model for TARDBP ChIP-seq in GM12878 (human)
ENCSR215NMD,gkm-SVM-model,"Michael Beer, JHU",released,2022-04-22,,,TF_1064_hg38: gkm-SVM model for GABPA ChIP-seq in GM12878 (human)
ENCSR558CIF,gkm-SVM-model,"Michael Beer, JHU",released,2022-04-22,,,TF_1063_hg38: gkm-SVM model for ESRRA ChIP-seq in GM12878 (human)
ENCSR342FKG,gkm-SVM-model,"Michael Beer, JHU",released,2022-04-22,,,TF_1053_hg38: gkm-SVM model for ETV6 ChIP-seq in GM12878 (human)
ENCSR632LKZ,gkm-SVM-model,"Michael Beer, JHU",released,2022-04-22,,,TF_1047_hg38: gkm-SVM model for MYB ChIP-seq in GM12878 (human)
ENCSR671CAE,gkm-SVM-model,"Michael Beer, JHU",released,2022-04-22,,,TF_1041_hg38: gkm-SVM model for CHD1 ChIP-seq in GM12878 (human)
ENCSR734BZV,gkm-SVM-model,"Michael Beer, JHU",released,2022-04-22,,,TF_1034_hg38: gkm-SVM model for ZEB1 ChIP-seq in GM12878 (human)
ENCSR547VIA,gkm-SVM-model,"Michael Beer, JHU",released,2022-04-22,,,TF_1020_hg38: gkm-SVM model for ASH2L ChIP-seq in GM12878 (human)
ENCSR829LAP,gkm-SVM-model,"Michael Beer, JHU",released,2022-04-22,,,TF_1019_hg38: gkm-SVM model for HCFC1 ChIP-seq in GM12878 (human)
ENCSR865SOT,gkm-SVM-model,"Michael Beer, JHU",released,2022-04-22,,,TF_995_hg38: gkm-SVM model for RELB ChIP-seq in GM12878 (human)
ENCSR879XTH,gkm-SVM-model,"Michael Beer, JHU",released,2022-04-22,,,TF_966_hg38: gkm-SVM model for ATF3 ChIP-seq in GM12878 (human)
ENCSR298AJQ,gkm-SVM-model,"Michael Beer, JHU",released,2022-04-22,,,TF_961_hg38: gkm-SVM model for EZH2 ChIP-seq in GM12878 (human)
ENCSR883JFP,gkm-SVM-model,"Michael Beer, JHU",released,2022-04-22,,,TF_951_hg38: gkm-SVM model for CUX1 ChIP-seq in GM12878 (human)
ENCSR827WAN,gkm-SVM-model,"Michael Beer, JHU",released,2022-04-22,,,TF_942_hg38: gkm-SVM model for FOS ChIP-seq in GM12878 (human)
ENCSR243LJI,gkm-SVM-model,"Michael Beer, JHU",released,2022-04-22,,,TF_938_hg38: gkm-SVM model for EP300 ChIP-seq in GM12878 (human)
ENCSR307KMO,gkm-SVM-model,"Michael Beer, JHU",released,2022-04-22,,,TF_924_hg38: gkm-SVM model for POLR2AphosphoS5 ChIP-seq in GM12878 (human)
ENCSR712ZOX,gkm-SVM-model,"Michael Beer, JHU",released,2022-04-22,,,TF_921_hg38: gkm-SVM model for SRF ChIP-seq in GM12878 (human)
ENCSR142ZIP,gkm-SVM-model,"Michael Beer, JHU",released,2022-04-22,,,TF_917_hg38: gkm-SVM model for ATF2 ChIP-seq in GM12878 (human)
ENCSR816KAZ,gkm-SVM-model,"Michael Beer, JHU",released,2022-04-22,,,TF_913_hg38: gkm-SVM model for CHD2 ChIP-seq in GM12878 (human)
ENCSR565JPM,gkm-SVM-model,"Michael Beer, JHU",released,2022-04-22,,,TF_911_hg38: gkm-SVM model for JUND ChIP-seq in GM12878 (human)
ENCSR049DFG,gkm-SVM-model,"Michael Beer, JHU",released,2022-04-22,,,TF_900_hg38: gkm-SVM model for EP300 ChIP-seq in GM12878 (human)
ENCSR033BKE,gkm-SVM-model,"Michael Beer, JHU",released,2022-04-22,,,TF_892_hg38: gkm-SVM model for YY1 ChIP-seq in GM12878 (human)
ENCSR187HYP,gkm-SVM-model,"Michael Beer, JHU",released,2022-04-22,,,TF_891_hg38: gkm-SVM model for MAZ ChIP-seq in GM12878 (human)
ENCSR076HXR,gkm-SVM-model,"Michael Beer, JHU",released,2022-04-22,,,TF_877_hg38: gkm-SVM model for IRF3 ChIP-seq in GM12878 (human)
ENCSR762VZP,gkm-SVM-model,"Michael Beer, JHU",released,2022-04-22,,,TF_862_hg38: gkm-SVM model for ATF7 ChIP-seq in GM12878 (human)
ENCSR936WTH,gkm-SVM-model,"Michael Beer, JHU",released,2022-04-22,,,TF_823_hg38: gkm-SVM model for ZBED1 ChIP-seq in GM12878 (human)
ENCSR540QVZ,gkm-SVM-model,"Michael Beer, JHU",released,2022-04-22,,,TF_812_hg38: gkm-SVM model for MEF2C ChIP-seq in GM12878 (human)
ENCSR338JKX,gkm-SVM-model,"Michael Beer, JHU",released,2022-04-22,,,TF_753_hg38: gkm-SVM model for POLR2A ChIP-seq in GM12878 (human)
ENCSR304BVT,gkm-SVM-model,"Michael Beer, JHU",released,2022-04-22,,,TF_746_hg38: gkm-SVM model for CEBPZ ChIP-seq in GM12878 (human)
ENCSR723MQZ,gkm-SVM-model,"Michael Beer, JHU",released,2022-04-22,,,TF_730_hg38: gkm-SVM model for BATF ChIP-seq in GM12878 (human)
ENCSR665REM,gkm-SVM-model,"Michael Beer, JHU",released,2022-04-22,,,TF_729_hg38: gkm-SVM model for TCF12 ChIP-seq in GM12878 (human)
ENCSR498FYG,gkm-SVM-model,"Michael Beer, JHU",released,2022-04-22,,,TF_720_hg38: gkm-SVM model for RAD51 ChIP-seq in GM12878 (human)
ENCSR641XBZ,gkm-SVM-model,"Michael Beer, JHU",released,2022-04-22,,,TF_711_hg38: gkm-SVM model for E2F4 ChIP-seq in GM12878 (human)
ENCSR550JXM,gkm-SVM-model,"Michael Beer, JHU",released,2022-04-22,,,TF_704_hg38: gkm-SVM model for NFATC3 ChIP-seq in GM12878 (human)
ENCSR043QQZ,gkm-SVM-model,"Michael Beer, JHU",released,2022-04-22,,,TF_702_hg38: gkm-SVM model for RELA ChIP-seq in GM12878 (human)
ENCSR478KNM,gkm-SVM-model,"Michael Beer, JHU",released,2022-04-22,,,TF_696_hg38: gkm-SVM model for MXI1 ChIP-seq in GM12878 (human)
ENCSR987BXD,gkm-SVM-model,"Michael Beer, JHU",released,2022-04-22,,,TF_682_hg38: gkm-SVM model for TARDBP ChIP-seq in GM12878 (human)
ENCSR035HPF,gkm-SVM-model,"Michael Beer, JHU",released,2022-04-22,,,TF_678_hg38: gkm-SVM model for SUZ12 ChIP-seq in GM12878 (human)
ENCSR997QCM,gkm-SVM-model,"Michael Beer, JHU",released,2022-04-22,,,TF_650_hg38: gkm-SVM model for E4F1 ChIP-seq in GM12878 (human)
ENCSR806CVL,gkm-SVM-model,"Michael Beer, JHU",released,2022-04-22,,,TF_630_hg38: gkm-SVM model for MLLT1 ChIP-seq in GM12878 (human)
ENCSR957GLR,gkm-SVM-model,"Michael Beer, JHU",released,2022-04-22,,,TF_619_hg38: gkm-SVM model for TRIM22 ChIP-seq in GM12878 (human)
ENCSR939VXA,gkm-SVM-model,"Michael Beer, JHU",released,2022-04-22,,,TF_607_hg38: gkm-SVM model for TBX21 ChIP-seq in GM12878 (human)
ENCSR465YLX,gkm-SVM-model,"Michael Beer, JHU",released,2022-04-22,,,TF_568_hg38: gkm-SVM model for IKZF1 ChIP-seq in GM12878 (human)
ENCSR528AVE,gkm-SVM-model,"Michael Beer, JHU",released,2022-04-22,,,TF_565_hg38: gkm-SVM model for RUNX3 ChIP-seq in GM12878 (human)
ENCSR073CPJ,gkm-SVM-model,"Michael Beer, JHU",released,2022-04-22,,,TF_553_hg38: gkm-SVM model for PAX5 ChIP-seq in GM12878 (human)
ENCSR108PSN,gkm-SVM-model,"Michael Beer, JHU",released,2022-04-22,,,TF_546_hg38: gkm-SVM model for TBP ChIP-seq in GM12878 (human)
ENCSR240UFG,gkm-SVM-model,"Michael Beer, JHU",released,2022-04-22,,,TF_543_hg38: gkm-SVM model for EBF1 ChIP-seq in GM12878 (human)
ENCSR843OBI,gkm-SVM-model,"Michael Beer, JHU",released,2022-04-22,,,TF_531_hg38: gkm-SVM model for PML ChIP-seq in GM12878 (human)
ENCSR618KXY,gkm-SVM-model,"Michael Beer, JHU",released,2022-04-22,,,TF_522_hg38: gkm-SVM model for JUND ChIP-seq in GM12878 (human)
ENCSR081LYK,gkm-SVM-model,"Michael Beer, JHU",released,2022-04-22,,,TF_513_hg38: gkm-SVM model for USF2 ChIP-seq in GM12878 (human)
ENCSR182MIN,gkm-SVM-model,"Michael Beer, JHU",released,2022-04-22,,,TF_510_hg38: gkm-SVM model for IRF3 ChIP-seq in GM12878 (human)
ENCSR492GKZ,gkm-SVM-model,"Michael Beer, JHU",released,2022-04-22,,,TF_506_hg38: gkm-SVM model for POLR2A ChIP-seq in GM12878 (human)
ENCSR881YHB,gkm-SVM-model,"Michael Beer, JHU",released,2022-04-22,,,TF_504_hg38: gkm-SVM model for WRNIP1 ChIP-seq in GM12878 (human)
ENCSR322XSI,gkm-SVM-model,"Michael Beer, JHU",released,2022-04-22,,,TF_461_hg38: gkm-SVM model for LARP7 ChIP-seq in GM12878 (human)
ENCSR326NLH,gkm-SVM-model,"Michael Beer, JHU",released,2022-04-22,,,TF_440_hg38: gkm-SVM model for STAT5A ChIP-seq in GM12878 (human)
ENCSR208FQV,gkm-SVM-model,"Michael Beer, JHU",released,2022-04-22,,,TF_429_hg38: gkm-SVM model for TAF1 ChIP-seq in GM12878 (human)
ENCSR077YML,gkm-SVM-model,"Michael Beer, JHU",released,2022-04-22,,,TF_425_hg38: gkm-SVM model for SPI1 ChIP-seq in GM12878 (human)
ENCSR695UDJ,gkm-SVM-model,"Michael Beer, JHU",released,2022-04-22,,,TF_409_hg38: gkm-SVM model for ZNF217 ChIP-seq in GM12878 (human)
ENCSR261LIA,gkm-SVM-model,"Michael Beer, JHU",released,2022-04-22,,,TF_404_hg38: gkm-SVM model for ZNF687 ChIP-seq in GM12878 (human)
ENCSR053ICD,gkm-SVM-model,"Michael Beer, JHU",released,2022-04-22,,,TF_369_hg38: gkm-SVM model for MTA3 ChIP-seq in GM12878 (human)
ENCSR947UQL,gkm-SVM-model,"Michael Beer, JHU",released,2022-04-22,,,TF_357_hg38: gkm-SVM model for ZNF143 ChIP-seq in GM12878 (human)
ENCSR096NAJ,gkm-SVM-model,"Michael Beer, JHU",released,2022-04-22,,,TF_355_hg38: gkm-SVM model for NFIC ChIP-seq in GM12878 (human)
ENCSR646GDS,gkm-SVM-model,"Michael Beer, JHU",released,2022-04-22,,,TF_346_hg38: gkm-SVM model for SP1 ChIP-seq in GM12878 (human)
ENCSR640EMU,gkm-SVM-model,"Michael Beer, JHU",released,2022-04-22,,,TF_338_hg38: gkm-SVM model for PAX5 ChIP-seq in GM12878 (human)
ENCSR624KEQ,gkm-SVM-model,"Michael Beer, JHU",released,2022-04-22,,,TF_336_hg38: gkm-SVM model for SIX5 ChIP-seq in GM12878 (human)
ENCSR997FDD,gkm-SVM-model,"Michael Beer, JHU",released,2022-04-22,,,TF_328_hg38: gkm-SVM model for NFATC1 ChIP-seq in GM12878 (human)
ENCSR770YTF,gkm-SVM-model,"Michael Beer, JHU",released,2022-04-22,,,TF_322_hg38: gkm-SVM model for RCOR1 ChIP-seq in GM12878 (human)
ENCSR163SVT,gkm-SVM-model,"Michael Beer, JHU",released,2022-04-22,,,TF_311_hg38: gkm-SVM model for NR2F1 ChIP-seq in GM12878 (human)
ENCSR100MZF,gkm-SVM-model,"Michael Beer, JHU",released,2022-04-22,,,TF_283_hg38: gkm-SVM model for NFXL1 ChIP-seq in GM12878 (human)
ENCSR845RZD,gkm-SVM-model,"Michael Beer, JHU",released,2022-04-22,,,TF_254_hg38: gkm-SVM model for ZSCAN29 ChIP-seq in GM12878 (human)
ENCSR326ZVD,gkm-SVM-model,"Michael Beer, JHU",released,2022-04-22,,,TF_250_hg38: gkm-SVM model for BHLHE40 ChIP-seq in GM12878 (human)
ENCSR715DTP,gkm-SVM-model,"Michael Beer, JHU",released,2022-04-22,,,TF_244_hg38: gkm-SVM model for SIN3A ChIP-seq in GM12878 (human)
ENCSR485OXA,gkm-SVM-model,"Michael Beer, JHU",released,2022-04-22,,,TF_237_hg38: gkm-SVM model for BCLAF1 ChIP-seq in GM12878 (human)
ENCSR313HWG,gkm-SVM-model,"Michael Beer, JHU",released,2022-04-22,,,TF_232_hg38: gkm-SVM model for IKZF1 ChIP-seq in GM12878 (human)
ENCSR376QRR,gkm-SVM-model,"Michael Beer, JHU",released,2022-04-22,,,TF_220_hg38: gkm-SVM model for BCLAF1 ChIP-seq in GM12878 (human)
ENCSR858EMH,gkm-SVM-model,"Michael Beer, JHU",released,2022-04-22,,,TF_194_hg38: gkm-SVM model for ZNF592 ChIP-seq in GM12878 (human)
ENCSR557OQL,gkm-SVM-model,"Michael Beer, JHU",released,2022-04-22,,,TF_175_hg38: gkm-SVM model for MAZ ChIP-seq in GM12878 (human)
ENCSR425VDX,gkm-SVM-model,"Michael Beer, JHU",released,2022-04-22,,,TF_165_hg38: gkm-SVM model for GATAD2B ChIP-seq in GM12878 (human)
ENCSR815IKI,gkm-SVM-model,"Michael Beer, JHU",released,2022-04-22,,,TF_146_hg38: gkm-SVM model for SMARCA5 ChIP-seq in GM12878 (human)
ENCSR826VES,gkm-SVM-model,"Michael Beer, JHU",released,2022-04-22,,,TF_118_hg38: gkm-SVM model for DPF2 ChIP-seq in GM12878 (human)
ENCSR384JMC,gkm-SVM-model,"Michael Beer, JHU",released,2022-04-22,,,TF_115_hg38: gkm-SVM model for ZNF24 ChIP-seq in GM12878 (human)
ENCSR893AOJ,gkm-SVM-model,"Michael Beer, JHU",released,2022-04-22,,,TF_107_hg38: gkm-SVM model for NR2C1 ChIP-seq in GM12878 (human)
ENCSR867FAP,gkm-SVM-model,"Michael Beer, JHU",released,2022-04-22,,,TF_99_hg38: gkm-SVM model for SMAD1 ChIP-seq in GM12878 (human)
ENCSR618MZJ,gkm-SVM-model,"Michael Beer, JHU",released,2022-04-22,,,TF_88_hg38: gkm-SVM model for NKRF ChIP-seq in GM12878 (human)
ENCSR152KJU,gkm-SVM-model,"Michael Beer, JHU",released,2022-04-22,,,TF_35_hg38: gkm-SVM model for ZBTB33 ChIP-seq in GM12878 (human)
ENCSR827ODZ,gkm-SVM-model,"Michael Beer, JHU",released,2022-04-22,,,TF_21_hg38: gkm-SVM model for SRF ChIP-seq in GM12878 (human)
ENCSR589RDR,gkm-SVM-model,"Michael Beer, JHU",released,2022-04-22,,,TF_14_hg38: gkm-SVM model for BCL3 ChIP-seq in GM12878 (human)
ENCSR192IJP,gkm-SVM-model,"Michael Beer, JHU",released,2022-04-22,,,TF_7_hg38: gkm-SVM model for ELF1 ChIP-seq in GM12878 (human)
ENCSR350QYR,gkm-SVM-model,"Michael Beer, JHU",released,2022-04-22,,,TF_4_hg38: gkm-SVM model for EP300 ChIP-seq in GM12878 (human)
ENCSR327LQG,gkm-SVM-model,"Michael Beer, JHU",released,2022-04-22,,,TF_1_hg38: gkm-SVM model for TCF12 ChIP-seq in GM12878 (human)
ENCSR516PXY,gkm-SVM-model,"Michael Beer, JHU",released,2022-04-22,,,TF_2765_hg38: gkm-SVM model for CTCF ChIP-seq in GM12878 (human)
ENCSR845FUV,gkm-SVM-model,"Michael Beer, JHU",released,2022-04-22,,,TF_2761_hg38: gkm-SVM model for CTCF ChIP-seq in GM12878 (human)
ENCSR330OOD,gkm-SVM-model,"Michael Beer, JHU",released,2022-04-22,,,TF_2753_hg38: gkm-SVM model for CTCF ChIP-seq in GM12878 (human)
ENCSR420APZ,gkm-SVM-model,"Michael Beer, JHU",released,2022-04-22,,,TF_2601_hg38: gkm-SVM model for CTCF ChIP-seq in GM12878 (human)
ENCSR222IIY,gkm-SVM-model,"Michael Beer, JHU",released,2022-04-22,,,DHS_553_hg38: gkm-SVM enhancer and promoter models for DNase-seq in GM12878 (human)
ENCSR450FYE,candidate Cis-Regulatory Elements,"Zhiping Weng, UMass",released,2022-02-15,GRCh38,ENCODE v3; current,candidate regulatory elements for GRCh38 in GM12878
ENCSR988QYW,chromatin state,"Manolis Kellis, Broad",released,2021-05-26,hg19; GRCh38,ENCODE v2; current,ChromHMM 18-state model of BSS00439: GM12878 from donor(s) ENCDO000AAK
ENCSR880JAE,imputation,"Manolis Kellis, Broad",released,2021-05-27,hg19,ENCODE v2; current,chromImpute EpiMap hg19 imputation of H3K27me3 in BSS00439: GM12878 from donor(s) ENCDO000AAK
ENCSR848JSP,imputation,"Manolis Kellis, Broad",released,2021-05-28,hg19,ENCODE v2; current,chromImpute EpiMap hg19 imputation of H3K36me3 in BSS00439: GM12878 from donor(s) ENCDO000AAK
ENCSR270AHE,imputation,"Manolis Kellis, Broad",released,2021-05-28,hg19,ENCODE v2; current,chromImpute EpiMap hg19 imputation of H4K20me1 in BSS00439: GM12878 from donor(s) ENCDO000AAK
ENCSR872MLK,imputation,"Manolis Kellis, Broad",released,2021-05-28,hg19,ENCODE v2; current,chromImpute EpiMap hg19 imputation of H3K4me2 in BSS00439: GM12878 from donor(s) ENCDO000AAK
ENCSR287ZCC,imputation,"Manolis Kellis, Broad",released,2021-05-28,hg19,ENCODE v2; current,chromImpute EpiMap hg19 imputation of H2AFZ in BSS00439: GM12878 from donor(s) ENCDO000AAK
ENCSR878FSZ,imputation,"Manolis Kellis, Broad",released,2021-05-27,hg19,ENCODE v2; current,chromImpute EpiMap hg19 imputation of H3K79me2 in BSS00439: GM12878 from donor(s) ENCDO000AAK
ENCSR218RPQ,imputation,"Manolis Kellis, Broad",released,2021-05-28,hg19,ENCODE v2; current,chromImpute EpiMap hg19 imputation of ATAC-seq in BSS00439: GM12878 from donor(s) ENCDO000AAK
ENCSR774EJS,imputation,"Manolis Kellis, Broad",released,2021-05-28,hg19,ENCODE v2; current,chromImpute EpiMap hg19 imputation of H3K9me3 in BSS00439: GM12878 from donor(s) ENCDO000AAK
ENCSR786WQT,imputation,"Manolis Kellis, Broad",released,2021-05-27,hg19,ENCODE v2; current,chromImpute EpiMap hg19 imputation of H3K4me3 in BSS00439: GM12878 from donor(s) ENCDO000AAK
ENCSR888LIQ,imputation,"Manolis Kellis, Broad",released,2021-05-28,hg19,ENCODE v2; current,chromImpute EpiMap hg19 imputation of H3K27ac in BSS00439: GM12878 from donor(s) ENCDO000AAK
ENCSR914ZHH,imputation,"Manolis Kellis, Broad",released,2021-05-26,hg19,ENCODE v2; current,chromImpute EpiMap hg19 imputation of SMC3 in BSS00439: GM12878 from donor(s) ENCDO000AAK
ENCSR894MLX,imputation,"Manolis Kellis, Broad",released,2021-05-27,hg19,ENCODE v2; current,chromImpute EpiMap hg19 imputation of H3K9ac in BSS00439: GM12878 from donor(s) ENCDO000AAK
ENCSR610LNP,imputation,"Manolis Kellis, Broad",released,2021-05-26,hg19,ENCODE v2; current,chromImpute EpiMap hg19 imputation of EP300 in BSS00439: GM12878 from donor(s) ENCDO000AAK
ENCSR837NNO,imputation,"Manolis Kellis, Broad",released,2021-05-26,hg19,ENCODE v2; current,chromImpute EpiMap hg19 imputation of POLR2A in BSS00439: GM12878 from donor(s) ENCDO000AAK
ENCSR289LDF,imputation,"Manolis Kellis, Broad",released,2021-05-28,hg19,ENCODE v2; current,chromImpute EpiMap hg19 imputation of DNase-seq in BSS00439: GM12878 from donor(s) ENCDO000AAK
ENCSR046KWB,imputation,"Manolis Kellis, Broad",released,2021-05-26,hg19,ENCODE v2; current,chromImpute EpiMap hg19 imputation of H3K4me1 in BSS00439: GM12878 from donor(s) ENCDO000AAK
ENCSR150IXN,imputation,"Manolis Kellis, Broad",released,2021-05-26,hg19,ENCODE v2; current,chromImpute EpiMap hg19 imputation of RAD21 in BSS00439: GM12878 from donor(s) ENCDO000AAK
ENCSR405TXA,imputation,"Manolis Kellis, Broad",released,2021-05-28,hg19,ENCODE v2; current,chromImpute EpiMap hg19 imputation of CTCF in BSS00439: GM12878 from donor(s) ENCDO000AAK
ENCSR820WFY,candidate Cis-Regulatory Elements,"Zhiping Weng, UMass",released,2020-07-23,GRCh38,ENCODE v2,candidate Cis-Regulatory Elements in GM12878 for GRCh38
ENCSR844LGI,imputation,"Bill Noble, UW",released,2020-02-21,GRCh38,current; ENCODE v5,avocado:encode2018core-hg38 imputations of total_RNA-seq_plus_strand_signal_of_all_reads in GM12878 nucleolus fraction (J358) at 25bp resolution.
ENCSR196TGM,imputation,"Bill Noble, UW",released,2020-02-21,GRCh38,current; ENCODE v5,avocado:encode2018core-hg38 imputations of total_RNA-seq_minus_strand_signal_of_all_reads in GM12878 nucleolus fraction (J358) at 25bp resolution.
ENCSR070SUV,imputation,"Bill Noble, UW",released,2020-02-21,GRCh38,current; ENCODE v5,avocado:encode2018core-hg38 imputations of small_RNA-seq_plus_strand_signal_of_all_reads in GM12878 nucleolus fraction (J358) at 25bp resolution.
ENCSR375YFM,imputation,"Bill Noble, UW",released,2020-02-21,GRCh38,current; ENCODE v5,avocado:encode2018core-hg38 imputations of small_RNA-seq_minus_strand_signal_of_all_reads in GM12878 nucleolus fraction (J358) at 25bp resolution.
ENCSR683PMQ,imputation,"Bill Noble, UW",released,2020-02-21,GRCh38,ENCODE v5; current,avocado:encode2018core-hg38 imputations of polyA_depleted_RNA-seq_plus_strand_signal_of_all_reads in GM12878 nucleolus fraction (J358) at 25bp resolution.
ENCSR237ADO,imputation,"Bill Noble, UW",released,2020-02-21,GRCh38,ENCODE v5; current,avocado:encode2018core-hg38 imputations of polyA_depleted_RNA-seq_minus_strand_signal_of_all_reads in GM12878 nucleolus fraction (J358) at 25bp resolution.
ENCSR879QGN,imputation,"Bill Noble, UW",released,2020-02-21,GRCh38,current; ENCODE v5,avocado:encode2018core-hg38 imputations of polyA_RNA-seq_plus_strand_signal_of_all_reads in GM12878 nucleolus fraction (J358) at 25bp resolution.
ENCSR638SXT,imputation,"Bill Noble, UW",released,2020-02-21,GRCh38,current; ENCODE v5,avocado:encode2018core-hg38 imputations of polyA_RNA-seq_minus_strand_signal_of_all_reads in GM12878 nucleolus fraction (J358) at 25bp resolution.
ENCSR637JYK,imputation,"Bill Noble, UW",released,2020-02-21,GRCh38,ENCODE v5; current,avocado:encode2018core-hg38 imputations of microRNA-seq_plus_strand_signal_of_all_reads in GM12878 nucleolus fraction (J358) at 25bp resolution.
ENCSR459HEX,imputation,"Bill Noble, UW",released,2020-02-21,GRCh38,current; ENCODE v5,avocado:encode2018core-hg38 imputations of microRNA-seq_minus_strand_signal_of_all_reads in GM12878 nucleolus fraction (J358) at 25bp resolution.
ENCSR889OMF,imputation,"Bill Noble, UW",released,2020-02-21,GRCh38,ENCODE v5; current,avocado:encode2018core-hg38 imputations of RAMPAGE_plus_strand_signal_of_all_reads in GM12878 nucleolus fraction (J358) at 25bp resolution.
ENCSR128UCM,imputation,"Bill Noble, UW",released,2020-02-21,GRCh38,current; ENCODE v5,avocado:encode2018core-hg38 imputations of RAMPAGE_minus_strand_signal_of_all_reads in GM12878 nucleolus fraction (J358) at 25bp resolution.
ENCSR000NNG,imputation,"Bill Noble, UW",released,2020-02-21,GRCh38,current; ENCODE v5,avocado:encode2018core-hg38 imputations of DNase-seq_read-depth_normalized_signal in GM12878 nucleolus fraction (J358) at 25bp resolution.
ENCSR154QVX,imputation,"Bill Noble, UW",released,2020-02-21,GRCh38,current; ENCODE v5,avocado:encode2018core-hg38 imputations of ChIP-seq_ZFP36_signal_p-value in GM12878 nucleolus fraction (J358) at 25bp resolution.
ENCSR642XJI,imputation,"Bill Noble, UW",released,2020-02-21,GRCh38,current; ENCODE v5,avocado:encode2018core-hg38 imputations of ChIP-seq_ZBTB33_signal_p-value in GM12878 nucleolus fraction (J358) at 25bp resolution.
ENCSR026WRC,imputation,"Bill Noble, UW",released,2020-02-21,GRCh38,current; ENCODE v5,avocado:encode2018core-hg38 imputations of ChIP-seq_YY1_signal_p-value in GM12878 nucleolus fraction (J358) at 25bp resolution.
ENCSR217XUT,imputation,"Bill Noble, UW",released,2020-02-21,GRCh38,current; ENCODE v5,avocado:encode2018core-hg38 imputations of ChIP-seq_USF2_signal_p-value in GM12878 nucleolus fraction (J358) at 25bp resolution.
ENCSR887WOY,imputation,"Bill Noble, UW",released,2020-02-21,GRCh38,current; ENCODE v5,avocado:encode2018core-hg38 imputations of ChIP-seq_USF1_signal_p-value in GM12878 nucleolus fraction (J358) at 25bp resolution.
ENCSR528ZXT,imputation,"Bill Noble, UW",released,2020-02-21,GRCh38,current; ENCODE v5,avocado:encode2018core-hg38 imputations of ChIP-seq_TCF12_signal_p-value in GM12878 nucleolus fraction (J358) at 25bp resolution.
ENCSR185PTT,imputation,"Bill Noble, UW",released,2020-02-21,GRCh38,current; ENCODE v5,avocado:encode2018core-hg38 imputations of ChIP-seq_TBP_signal_p-value in GM12878 nucleolus fraction (J358) at 25bp resolution.
ENCSR973QFX,imputation,"Bill Noble, UW",released,2020-02-21,GRCh38,current; ENCODE v5,avocado:encode2018core-hg38 imputations of ChIP-seq_TARDBP_signal_p-value in GM12878 nucleolus fraction (J358) at 25bp resolution.
ENCSR439RCZ,imputation,"Bill Noble, UW",released,2020-02-21,GRCh38,current; ENCODE v5,avocado:encode2018core-hg38 imputations of ChIP-seq_TAF1_signal_p-value in GM12878 nucleolus fraction (J358) at 25bp resolution.
ENCSR082KSE,imputation,"Bill Noble, UW",released,2020-02-21,GRCh38,current; ENCODE v5,avocado:encode2018core-hg38 imputations of ChIP-seq_SUZ12_signal_p-value in GM12878 nucleolus fraction (J358) at 25bp resolution.
ENCSR806QCN,imputation,"Bill Noble, UW",released,2020-02-21,GRCh38,current; ENCODE v5,avocado:encode2018core-hg38 imputations of ChIP-seq_SP1_signal_p-value in GM12878 nucleolus fraction (J358) at 25bp resolution.
ENCSR178JQD,imputation,"Bill Noble, UW",released,2020-02-21,GRCh38,current; ENCODE v5,avocado:encode2018core-hg38 imputations of ChIP-seq_SMC3_signal_p-value in GM12878 nucleolus fraction (J358) at 25bp resolution.
ENCSR957JRF,imputation,"Bill Noble, UW",released,2020-02-21,GRCh38,current; ENCODE v5,avocado:encode2018core-hg38 imputations of ChIP-seq_SIN3A_signal_p-value in GM12878 nucleolus fraction (J358) at 25bp resolution.
ENCSR724ZZL,imputation,"Bill Noble, UW",released,2020-02-21,GRCh38,current; ENCODE v5,avocado:encode2018core-hg38 imputations of ChIP-seq_RXRA_signal_p-value in GM12878 nucleolus fraction (J358) at 25bp resolution.
ENCSR430JWB,imputation,"Bill Noble, UW",released,2020-02-21,GRCh38,ENCODE v5; current,avocado:encode2018core-hg38 imputations of ChIP-seq_RFX5_signal_p-value in GM12878 nucleolus fraction (J358) at 25bp resolution.
ENCSR891CAP,imputation,"Bill Noble, UW",released,2020-02-21,GRCh38,current; ENCODE v5,avocado:encode2018core-hg38 imputations of ChIP-seq_REST_signal_p-value in GM12878 nucleolus fraction (J358) at 25bp resolution.
ENCSR423VHS,imputation,"Bill Noble, UW",released,2020-02-21,GRCh38,current; ENCODE v5,avocado:encode2018core-hg38 imputations of ChIP-seq_RCOR1_signal_p-value in GM12878 nucleolus fraction (J358) at 25bp resolution.
ENCSR063RPZ,imputation,"Bill Noble, UW",released,2020-02-21,GRCh38,current; ENCODE v5,avocado:encode2018core-hg38 imputations of ChIP-seq_RAD21_signal_p-value in GM12878 nucleolus fraction (J358) at 25bp resolution.
ENCSR507GDK,imputation,"Bill Noble, UW",released,2020-02-21,GRCh38,ENCODE v5; current,avocado:encode2018core-hg38 imputations of ChIP-seq_POLR2AphosphoS5_signal_p-value in GM12878 nucleolus fraction (J358) at 25bp resolution.
ENCSR391EJI,imputation,"Bill Noble, UW",released,2020-02-21,GRCh38,current; ENCODE v5,avocado:encode2018core-hg38 imputations of ChIP-seq_POLR2A_signal_p-value in GM12878 nucleolus fraction (J358) at 25bp resolution.
ENCSR211HWK,imputation,"Bill Noble, UW",released,2020-02-21,GRCh38,current; ENCODE v5,avocado:encode2018core-hg38 imputations of ChIP-seq_NRF1_signal_p-value in GM12878 nucleolus fraction (J358) at 25bp resolution.
ENCSR768QNV,imputation,"Bill Noble, UW",released,2020-02-21,GRCh38,ENCODE v5; current,avocado:encode2018core-hg38 imputations of ChIP-seq_MAZ_signal_p-value in GM12878 nucleolus fraction (J358) at 25bp resolution.
ENCSR684GPO,imputation,"Bill Noble, UW",released,2020-02-21,GRCh38,ENCODE v5; current,avocado:encode2018core-hg38 imputations of ChIP-seq_MAX_signal_p-value in GM12878 nucleolus fraction (J358) at 25bp resolution.
ENCSR543YGX,imputation,"Bill Noble, UW",released,2020-02-21,GRCh38,current; ENCODE v5,avocado:encode2018core-hg38 imputations of ChIP-seq_MAFK_signal_p-value in GM12878 nucleolus fraction (J358) at 25bp resolution.
ENCSR432BCP,imputation,"Bill Noble, UW",released,2020-02-21,GRCh38,current; ENCODE v5,avocado:encode2018core-hg38 imputations of ChIP-seq_KDM1A_signal_p-value in GM12878 nucleolus fraction (J358) at 25bp resolution.
ENCSR908PAG,imputation,"Bill Noble, UW",released,2020-02-21,GRCh38,current; ENCODE v5,avocado:encode2018core-hg38 imputations of ChIP-seq_JUND_signal_p-value in GM12878 nucleolus fraction (J358) at 25bp resolution.
ENCSR929VYK,imputation,"Bill Noble, UW",released,2020-02-21,GRCh38,current; ENCODE v5,avocado:encode2018core-hg38 imputations of ChIP-seq_HDAC2_signal_p-value in GM12878 nucleolus fraction (J358) at 25bp resolution.
ENCSR475HUJ,imputation,"Bill Noble, UW",released,2020-02-21,GRCh38,current; ENCODE v5,avocado:encode2018core-hg38 imputations of ChIP-seq_H4K91ac_signal_p-value in GM12878 nucleolus fraction (J358) at 25bp resolution.
ENCSR407JVP,imputation,"Bill Noble, UW",released,2020-02-21,GRCh38,current; ENCODE v5,avocado:encode2018core-hg38 imputations of ChIP-seq_H4K8ac_signal_p-value in GM12878 nucleolus fraction (J358) at 25bp resolution.
ENCSR145JVI,imputation,"Bill Noble, UW",released,2020-02-21,GRCh38,ENCODE v5; current,avocado:encode2018core-hg38 imputations of ChIP-seq_H4K20me1_signal_p-value in GM12878 nucleolus fraction (J358) at 25bp resolution.
ENCSR206RYK,imputation,"Bill Noble, UW",released,2020-02-21,GRCh38,ENCODE v5; current,avocado:encode2018core-hg38 imputations of ChIP-seq_H3K9me3_signal_p-value in GM12878 nucleolus fraction (J358) at 25bp resolution.
ENCSR126QKA,imputation,"Bill Noble, UW",released,2020-02-21,GRCh38,current; ENCODE v5,avocado:encode2018core-hg38 imputations of ChIP-seq_H3K9me2_signal_p-value in GM12878 nucleolus fraction (J358) at 25bp resolution.
ENCSR645ZPF,imputation,"Bill Noble, UW",released,2020-02-21,GRCh38,ENCODE v5; current,avocado:encode2018core-hg38 imputations of ChIP-seq_H3K9ac_signal_p-value in GM12878 nucleolus fraction (J358) at 25bp resolution.
ENCSR144PBS,imputation,"Bill Noble, UW",released,2020-02-21,GRCh38,current; ENCODE v5,avocado:encode2018core-hg38 imputations of ChIP-seq_H3K79me2_signal_p-value in GM12878 nucleolus fraction (J358) at 25bp resolution.
ENCSR141MYP,imputation,"Bill Noble, UW",released,2020-02-21,GRCh38,ENCODE v5; current,avocado:encode2018core-hg38 imputations of ChIP-seq_H3K79me1_signal_p-value in GM12878 nucleolus fraction (J358) at 25bp resolution.
ENCSR639SHI,imputation,"Bill Noble, UW",released,2020-02-21,GRCh38,current; ENCODE v5,avocado:encode2018core-hg38 imputations of ChIP-seq_H3K4me3_signal_p-value in GM12878 nucleolus fraction (J358) at 25bp resolution.
ENCSR437LKC,imputation,"Bill Noble, UW",released,2020-02-21,GRCh38,ENCODE v5; current,avocado:encode2018core-hg38 imputations of ChIP-seq_H3K4me2_signal_p-value in GM12878 nucleolus fraction (J358) at 25bp resolution.
ENCSR494ZBM,imputation,"Bill Noble, UW",released,2020-02-21,GRCh38,ENCODE v5; current,avocado:encode2018core-hg38 imputations of ChIP-seq_H3K4me1_signal_p-value in GM12878 nucleolus fraction (J358) at 25bp resolution.
ENCSR749QYD,imputation,"Bill Noble, UW",released,2020-02-21,GRCh38,current; ENCODE v5,avocado:encode2018core-hg38 imputations of ChIP-seq_H3K4ac_signal_p-value in GM12878 nucleolus fraction (J358) at 25bp resolution.
ENCSR839PWW,imputation,"Bill Noble, UW",released,2020-02-21,GRCh38,current; ENCODE v5,avocado:encode2018core-hg38 imputations of ChIP-seq_H3K36me3_signal_p-value in GM12878 nucleolus fraction (J358) at 25bp resolution.
ENCSR095KWA,imputation,"Bill Noble, UW",released,2020-02-21,GRCh38,current; ENCODE v5,avocado:encode2018core-hg38 imputations of ChIP-seq_H3K27me3_signal_p-value in GM12878 nucleolus fraction (J358) at 25bp resolution.
ENCSR983RRA,imputation,"Bill Noble, UW",released,2020-02-21,GRCh38,current; ENCODE v5,avocado:encode2018core-hg38 imputations of ChIP-seq_H3K27ac_signal_p-value in GM12878 nucleolus fraction (J358) at 25bp resolution.
ENCSR966YJL,imputation,"Bill Noble, UW",released,2020-02-21,GRCh38,current; ENCODE v5,avocado:encode2018core-hg38 imputations of ChIP-seq_H3K23ac_signal_p-value in GM12878 nucleolus fraction (J358) at 25bp resolution.
ENCSR961KJB,imputation,"Bill Noble, UW",released,2020-02-21,GRCh38,ENCODE v5; current,avocado:encode2018core-hg38 imputations of ChIP-seq_H3K18ac_signal_p-value in GM12878 nucleolus fraction (J358) at 25bp resolution.
ENCSR587WUQ,imputation,"Bill Noble, UW",released,2020-02-21,GRCh38,current; ENCODE v5,avocado:encode2018core-hg38 imputations of ChIP-seq_H3K14ac_signal_p-value in GM12878 nucleolus fraction (J358) at 25bp resolution.
ENCSR072JEF,imputation,"Bill Noble, UW",released,2020-02-21,GRCh38,current; ENCODE v5,avocado:encode2018core-hg38 imputations of ChIP-seq_H3F3A_signal_p-value in GM12878 nucleolus fraction (J358) at 25bp resolution.
ENCSR475JPV,imputation,"Bill Noble, UW",released,2020-02-21,GRCh38,current; ENCODE v5,avocado:encode2018core-hg38 imputations of ChIP-seq_H2BK5ac_signal_p-value in GM12878 nucleolus fraction (J358) at 25bp resolution.
ENCSR611XST,imputation,"Bill Noble, UW",released,2020-02-21,GRCh38,current; ENCODE v5,avocado:encode2018core-hg38 imputations of ChIP-seq_H2BK15ac_signal_p-value in GM12878 nucleolus fraction (J358) at 25bp resolution.
ENCSR879IAP,imputation,"Bill Noble, UW",released,2020-02-21,GRCh38,current; ENCODE v5,avocado:encode2018core-hg38 imputations of ChIP-seq_H2BK12ac_signal_p-value in GM12878 nucleolus fraction (J358) at 25bp resolution.
ENCSR040RFE,imputation,"Bill Noble, UW",released,2020-02-21,GRCh38,current; ENCODE v5,avocado:encode2018core-hg38 imputations of ChIP-seq_H2BK120ac_signal_p-value in GM12878 nucleolus fraction (J358) at 25bp resolution.
ENCSR140IJZ,imputation,"Bill Noble, UW",released,2020-02-21,GRCh38,current; ENCODE v5,avocado:encode2018core-hg38 imputations of ChIP-seq_H2AK5ac_signal_p-value in GM12878 nucleolus fraction (J358) at 25bp resolution.
ENCSR857KTM,imputation,"Bill Noble, UW",released,2020-02-21,GRCh38,current; ENCODE v5,avocado:encode2018core-hg38 imputations of ChIP-seq_H2AFZ_signal_p-value in GM12878 nucleolus fraction (J358) at 25bp resolution.
ENCSR345XFR,imputation,"Bill Noble, UW",released,2020-02-21,GRCh38,ENCODE v5; current,avocado:encode2018core-hg38 imputations of ChIP-seq_GTF2F1_signal_p-value in GM12878 nucleolus fraction (J358) at 25bp resolution.
ENCSR267VQN,imputation,"Bill Noble, UW",released,2020-02-21,GRCh38,current; ENCODE v5,avocado:encode2018core-hg38 imputations of ChIP-seq_GABPA_signal_p-value in GM12878 nucleolus fraction (J358) at 25bp resolution.
ENCSR085BWQ,imputation,"Bill Noble, UW",released,2020-02-21,GRCh38,current; ENCODE v5,avocado:encode2018core-hg38 imputations of ChIP-seq_FOXK2_signal_p-value in GM12878 nucleolus fraction (J358) at 25bp resolution.
ENCSR712MZD,imputation,"Bill Noble, UW",released,2020-02-21,GRCh38,ENCODE v5; current,avocado:encode2018core-hg38 imputations of ChIP-seq_FOXA1_signal_p-value in GM12878 nucleolus fraction (J358) at 25bp resolution.
ENCSR372KHQ,imputation,"Bill Noble, UW",released,2020-02-21,GRCh38,current; ENCODE v5,avocado:encode2018core-hg38 imputations of ChIP-seq_EZH2phosphoT487_signal_p-value in GM12878 nucleolus fraction (J358) at 25bp resolution.
ENCSR906XFK,imputation,"Bill Noble, UW",released,2020-02-21,GRCh38,ENCODE v5; current,avocado:encode2018core-hg38 imputations of ChIP-seq_EZH2_signal_p-value in GM12878 nucleolus fraction (J358) at 25bp resolution.
ENCSR123APO,imputation,"Bill Noble, UW",released,2020-02-21,GRCh38,ENCODE v5; current,avocado:encode2018core-hg38 imputations of ChIP-seq_ETS1_signal_p-value in GM12878 nucleolus fraction (J358) at 25bp resolution.
ENCSR725LWM,imputation,"Bill Noble, UW",released,2020-02-21,GRCh38,ENCODE v5; current,avocado:encode2018core-hg38 imputations of ChIP-seq_EP300_signal_p-value in GM12878 nucleolus fraction (J358) at 25bp resolution.
ENCSR014FWQ,imputation,"Bill Noble, UW",released,2020-02-21,GRCh38,ENCODE v5; current,avocado:encode2018core-hg38 imputations of ChIP-seq_ELK1_signal_p-value in GM12878 nucleolus fraction (J358) at 25bp resolution.
ENCSR044TMC,imputation,"Bill Noble, UW",released,2020-02-21,GRCh38,current; ENCODE v5,avocado:encode2018core-hg38 imputations of ChIP-seq_ELF1_signal_p-value in GM12878 nucleolus fraction (J358) at 25bp resolution.
ENCSR746SPV,imputation,"Bill Noble, UW",released,2020-02-21,GRCh38,current; ENCODE v5,avocado:encode2018core-hg38 imputations of ChIP-seq_EGR1_signal_p-value in GM12878 nucleolus fraction (J358) at 25bp resolution.
ENCSR073OBN,imputation,"Bill Noble, UW",released,2020-02-21,GRCh38,current; ENCODE v5,avocado:encode2018core-hg38 imputations of ChIP-seq_CTCF_signal_p-value in GM12878 nucleolus fraction (J358) at 25bp resolution.
ENCSR056VOB,imputation,"Bill Noble, UW",released,2020-02-21,GRCh38,current; ENCODE v5,avocado:encode2018core-hg38 imputations of ChIP-seq_CHD2_signal_p-value in GM12878 nucleolus fraction (J358) at 25bp resolution.
ENCSR421VCJ,imputation,"Bill Noble, UW",released,2020-02-21,GRCh38,current; ENCODE v5,avocado:encode2018core-hg38 imputations of ChIP-seq_CEBPB_signal_p-value in GM12878 nucleolus fraction (J358) at 25bp resolution.
ENCSR080NGD,imputation,"Bill Noble, UW",released,2020-02-21,GRCh38,current; ENCODE v5,avocado:encode2018core-hg38 imputations of ChIP-seq_BHLHE40_signal_p-value in GM12878 nucleolus fraction (J358) at 25bp resolution.
ENCSR895XCZ,imputation,"Bill Noble, UW",released,2020-02-21,GRCh38,ENCODE v5; current,avocado:encode2018core-hg38 imputations of ChIP-seq_ATF3_signal_p-value in GM12878 nucleolus fraction (J358) at 25bp resolution.
ENCSR426FID,imputation,"Bill Noble, UW",released,2020-02-21,GRCh38,ENCODE v5; current,avocado:encode2018core-hg38 imputations of CAGE_plus_strand_signal_of_all_reads in GM12878 nucleolus fraction (J358) at 25bp resolution.
ENCSR389UMO,imputation,"Bill Noble, UW",released,2020-02-21,GRCh38,current; ENCODE v5,avocado:encode2018core-hg38 imputations of CAGE_minus_strand_signal_of_all_reads in GM12878 nucleolus fraction (J358) at 25bp resolution.
ENCSR199DIU,imputation,"Bill Noble, UW",released,2020-02-21,GRCh38,current; ENCODE v5,avocado:encode2018core-hg38 imputations of ATAC-seq_signal_p-value in GM12878 nucleolus fraction (J358) at 25bp resolution.
ENCSR173ZUQ,imputation,"Bill Noble, UW",released,2020-02-21,GRCh38,ENCODE v5; current,avocado:encode2018core-hg38 imputations of total_RNA-seq_plus_strand_signal_of_all_reads in GM12878 nuclear fraction (J230) at 25bp resolution.
ENCSR782ESF,imputation,"Bill Noble, UW",released,2020-02-21,GRCh38,current; ENCODE v5,avocado:encode2018core-hg38 imputations of total_RNA-seq_minus_strand_signal_of_all_reads in GM12878 nuclear fraction (J230) at 25bp resolution.
ENCSR977TCI,imputation,"Bill Noble, UW",released,2020-02-21,GRCh38,current; ENCODE v5,avocado:encode2018core-hg38 imputations of small_RNA-seq_plus_strand_signal_of_all_reads in GM12878 nuclear fraction (J230) at 25bp resolution.
ENCSR952GJC,imputation,"Bill Noble, UW",released,2020-02-21,GRCh38,ENCODE v5; current,avocado:encode2018core-hg38 imputations of small_RNA-seq_minus_strand_signal_of_all_reads in GM12878 nuclear fraction (J230) at 25bp resolution.
ENCSR725SES,imputation,"Bill Noble, UW",released,2020-02-21,GRCh38,ENCODE v5; current,avocado:encode2018core-hg38 imputations of polyA_depleted_RNA-seq_plus_strand_signal_of_all_reads in GM12878 nuclear fraction (J230) at 25bp resolution.
ENCSR614PAP,imputation,"Bill Noble, UW",released,2020-02-21,GRCh38,current; ENCODE v5,avocado:encode2018core-hg38 imputations of polyA_depleted_RNA-seq_minus_strand_signal_of_all_reads in GM12878 nuclear fraction (J230) at 25bp resolution.
ENCSR151HTD,imputation,"Bill Noble, UW",released,2020-02-21,GRCh38,current; ENCODE v5,avocado:encode2018core-hg38 imputations of polyA_RNA-seq_plus_strand_signal_of_all_reads in GM12878 nuclear fraction (J230) at 25bp resolution.
ENCSR517JKN,imputation,"Bill Noble, UW",released,2020-02-21,GRCh38,ENCODE v5; current,avocado:encode2018core-hg38 imputations of polyA_RNA-seq_minus_strand_signal_of_all_reads in GM12878 nuclear fraction (J230) at 25bp resolution.
ENCSR990DRM,imputation,"Bill Noble, UW",released,2020-02-21,GRCh38,current; ENCODE v5,avocado:encode2018core-hg38 imputations of microRNA-seq_plus_strand_signal_of_all_reads in GM12878 nuclear fraction (J230) at 25bp resolution.
ENCSR280EVU,imputation,"Bill Noble, UW",released,2020-02-21,GRCh38,ENCODE v5; current,avocado:encode2018core-hg38 imputations of microRNA-seq_minus_strand_signal_of_all_reads in GM12878 nuclear fraction (J230) at 25bp resolution.
ENCSR303AKD,imputation,"Bill Noble, UW",released,2020-02-21,GRCh38,current; ENCODE v5,avocado:encode2018core-hg38 imputations of RAMPAGE_plus_strand_signal_of_all_reads in GM12878 nuclear fraction (J230) at 25bp resolution.
ENCSR491EPF,imputation,"Bill Noble, UW",released,2020-02-21,GRCh38,current; ENCODE v5,avocado:encode2018core-hg38 imputations of RAMPAGE_minus_strand_signal_of_all_reads in GM12878 nuclear fraction (J230) at 25bp resolution.
ENCSR984NBD,imputation,"Bill Noble, UW",released,2020-02-21,GRCh38,ENCODE v5; current,avocado:encode2018core-hg38 imputations of DNase-seq_read-depth_normalized_signal in GM12878 nuclear fraction (J230) at 25bp resolution.
ENCSR901YTR,imputation,"Bill Noble, UW",released,2020-02-21,GRCh38,current; ENCODE v5,avocado:encode2018core-hg38 imputations of ChIP-seq_ZFP36_signal_p-value in GM12878 nuclear fraction (J230) at 25bp resolution.
ENCSR957AQG,imputation,"Bill Noble, UW",released,2020-02-21,GRCh38,current; ENCODE v5,avocado:encode2018core-hg38 imputations of ChIP-seq_ZBTB33_signal_p-value in GM12878 nuclear fraction (J230) at 25bp resolution.
ENCSR517LSF,imputation,"Bill Noble, UW",released,2020-02-21,GRCh38,current; ENCODE v5,avocado:encode2018core-hg38 imputations of ChIP-seq_YY1_signal_p-value in GM12878 nuclear fraction (J230) at 25bp resolution.
ENCSR746FJV,imputation,"Bill Noble, UW",released,2020-02-21,GRCh38,current; ENCODE v5,avocado:encode2018core-hg38 imputations of ChIP-seq_USF2_signal_p-value in GM12878 nuclear fraction (J230) at 25bp resolution.
ENCSR620RES,imputation,"Bill Noble, UW",released,2020-02-21,GRCh38,current; ENCODE v5,avocado:encode2018core-hg38 imputations of ChIP-seq_USF1_signal_p-value in GM12878 nuclear fraction (J230) at 25bp resolution.
ENCSR756WGJ,imputation,"Bill Noble, UW",released,2020-02-21,GRCh38,current; ENCODE v5,avocado:encode2018core-hg38 imputations of ChIP-seq_TCF12_signal_p-value in GM12878 nuclear fraction (J230) at 25bp resolution.
ENCSR644OBN,imputation,"Bill Noble, UW",released,2020-02-21,GRCh38,current; ENCODE v5,avocado:encode2018core-hg38 imputations of ChIP-seq_TBP_signal_p-value in GM12878 nuclear fraction (J230) at 25bp resolution.
ENCSR950ANM,imputation,"Bill Noble, UW",released,2020-02-21,GRCh38,ENCODE v5; current,avocado:encode2018core-hg38 imputations of ChIP-seq_TARDBP_signal_p-value in GM12878 nuclear fraction (J230) at 25bp resolution.
ENCSR067BZH,imputation,"Bill Noble, UW",released,2020-02-21,GRCh38,current; ENCODE v5,avocado:encode2018core-hg38 imputations of ChIP-seq_TAF1_signal_p-value in GM12878 nuclear fraction (J230) at 25bp resolution.
ENCSR997BDF,imputation,"Bill Noble, UW",released,2020-02-21,GRCh38,current; ENCODE v5,avocado:encode2018core-hg38 imputations of ChIP-seq_SUZ12_signal_p-value in GM12878 nuclear fraction (J230) at 25bp resolution.
ENCSR067BDX,imputation,"Bill Noble, UW",released,2020-02-21,GRCh38,current; ENCODE v5,avocado:encode2018core-hg38 imputations of ChIP-seq_SP1_signal_p-value in GM12878 nuclear fraction (J230) at 25bp resolution.
ENCSR242IIF,imputation,"Bill Noble, UW",released,2020-02-21,GRCh38,current; ENCODE v5,avocado:encode2018core-hg38 imputations of ChIP-seq_SMC3_signal_p-value in GM12878 nuclear fraction (J230) at 25bp resolution.
ENCSR803RRE,imputation,"Bill Noble, UW",released,2020-02-21,GRCh38,current; ENCODE v5,avocado:encode2018core-hg38 imputations of ChIP-seq_SIN3A_signal_p-value in GM12878 nuclear fraction (J230) at 25bp resolution.
ENCSR136PBV,imputation,"Bill Noble, UW",released,2020-02-21,GRCh38,current; ENCODE v5,avocado:encode2018core-hg38 imputations of ChIP-seq_RXRA_signal_p-value in GM12878 nuclear fraction (J230) at 25bp resolution.
ENCSR460DSO,imputation,"Bill Noble, UW",released,2020-02-21,GRCh38,current; ENCODE v5,avocado:encode2018core-hg38 imputations of ChIP-seq_RFX5_signal_p-value in GM12878 nuclear fraction (J230) at 25bp resolution.
ENCSR016DGX,imputation,"Bill Noble, UW",released,2020-02-21,GRCh38,current; ENCODE v5,avocado:encode2018core-hg38 imputations of ChIP-seq_REST_signal_p-value in GM12878 nuclear fraction (J230) at 25bp resolution.
ENCSR703CIY,imputation,"Bill Noble, UW",released,2020-02-21,GRCh38,current; ENCODE v5,avocado:encode2018core-hg38 imputations of ChIP-seq_RCOR1_signal_p-value in GM12878 nuclear fraction (J230) at 25bp resolution.
ENCSR960TXG,imputation,"Bill Noble, UW",released,2020-02-21,GRCh38,current; ENCODE v5,avocado:encode2018core-hg38 imputations of ChIP-seq_RAD21_signal_p-value in GM12878 nuclear fraction (J230) at 25bp resolution.
ENCSR595PIW,imputation,"Bill Noble, UW",released,2020-02-21,GRCh38,current; ENCODE v5,avocado:encode2018core-hg38 imputations of ChIP-seq_POLR2AphosphoS5_signal_p-value in GM12878 nuclear fraction (J230) at 25bp resolution.
ENCSR654PFE,imputation,"Bill Noble, UW",released,2020-02-21,GRCh38,current; ENCODE v5,avocado:encode2018core-hg38 imputations of ChIP-seq_POLR2A_signal_p-value in GM12878 nuclear fraction (J230) at 25bp resolution.
ENCSR600JSU,imputation,"Bill Noble, UW",released,2020-02-21,GRCh38,current; ENCODE v5,avocado:encode2018core-hg38 imputations of ChIP-seq_NRF1_signal_p-value in GM12878 nuclear fraction (J230) at 25bp resolution.
ENCSR922OYE,imputation,"Bill Noble, UW",released,2020-02-21,GRCh38,current; ENCODE v5,avocado:encode2018core-hg38 imputations of ChIP-seq_MAZ_signal_p-value in GM12878 nuclear fraction (J230) at 25bp resolution.
ENCSR340SCR,imputation,"Bill Noble, UW",released,2020-02-21,GRCh38,current; ENCODE v5,avocado:encode2018core-hg38 imputations of ChIP-seq_MAX_signal_p-value in GM12878 nuclear fraction (J230) at 25bp resolution.
ENCSR466AQQ,imputation,"Bill Noble, UW",released,2020-02-21,GRCh38,current; ENCODE v5,avocado:encode2018core-hg38 imputations of ChIP-seq_MAFK_signal_p-value in GM12878 nuclear fraction (J230) at 25bp resolution.
ENCSR222IEA,imputation,"Bill Noble, UW",released,2020-02-21,GRCh38,ENCODE v5; current,avocado:encode2018core-hg38 imputations of ChIP-seq_KDM1A_signal_p-value in GM12878 nuclear fraction (J230) at 25bp resolution.
ENCSR993NQN,imputation,"Bill Noble, UW",released,2020-02-21,GRCh38,current; ENCODE v5,avocado:encode2018core-hg38 imputations of ChIP-seq_JUND_signal_p-value in GM12878 nuclear fraction (J230) at 25bp resolution.
ENCSR081SVZ,imputation,"Bill Noble, UW",released,2020-02-21,GRCh38,ENCODE v5; current,avocado:encode2018core-hg38 imputations of ChIP-seq_HDAC2_signal_p-value in GM12878 nuclear fraction (J230) at 25bp resolution.
ENCSR296HVL,imputation,"Bill Noble, UW",released,2020-02-21,GRCh38,current; ENCODE v5,avocado:encode2018core-hg38 imputations of ChIP-seq_H4K91ac_signal_p-value in GM12878 nuclear fraction (J230) at 25bp resolution.
ENCSR137TJO,imputation,"Bill Noble, UW",released,2020-02-21,GRCh38,ENCODE v5; current,avocado:encode2018core-hg38 imputations of ChIP-seq_H4K8ac_signal_p-value in GM12878 nuclear fraction (J230) at 25bp resolution.
ENCSR959HOD,imputation,"Bill Noble, UW",released,2020-02-21,GRCh38,current; ENCODE v5,avocado:encode2018core-hg38 imputations of ChIP-seq_H4K20me1_signal_p-value in GM12878 nuclear fraction (J230) at 25bp resolution.
ENCSR154UFO,imputation,"Bill Noble, UW",released,2020-02-21,GRCh38,current; ENCODE v5,avocado:encode2018core-hg38 imputations of ChIP-seq_H3K9me3_signal_p-value in GM12878 nuclear fraction (J230) at 25bp resolution.
ENCSR963NXK,imputation,"Bill Noble, UW",released,2020-02-21,GRCh38,current; ENCODE v5,avocado:encode2018core-hg38 imputations of ChIP-seq_H3K9me2_signal_p-value in GM12878 nuclear fraction (J230) at 25bp resolution.
ENCSR375FLL,imputation,"Bill Noble, UW",released,2020-02-21,GRCh38,current; ENCODE v5,avocado:encode2018core-hg38 imputations of ChIP-seq_H3K9ac_signal_p-value in GM12878 nuclear fraction (J230) at 25bp resolution.
ENCSR216AIO,imputation,"Bill Noble, UW",released,2020-02-21,GRCh38,ENCODE v5; current,avocado:encode2018core-hg38 imputations of ChIP-seq_H3K79me2_signal_p-value in GM12878 nuclear fraction (J230) at 25bp resolution.
ENCSR737XAN,imputation,"Bill Noble, UW",released,2020-02-21,GRCh38,current; ENCODE v5,avocado:encode2018core-hg38 imputations of ChIP-seq_H3K79me1_signal_p-value in GM12878 nuclear fraction (J230) at 25bp resolution.
ENCSR538UOH,imputation,"Bill Noble, UW",released,2020-02-21,GRCh38,current; ENCODE v5,avocado:encode2018core-hg38 imputations of ChIP-seq_H3K4me3_signal_p-value in GM12878 nuclear fraction (J230) at 25bp resolution.
ENCSR436GER,imputation,"Bill Noble, UW",released,2020-02-21,GRCh38,current; ENCODE v5,avocado:encode2018core-hg38 imputations of ChIP-seq_H3K4me2_signal_p-value in GM12878 nuclear fraction (J230) at 25bp resolution.
ENCSR637QGG,imputation,"Bill Noble, UW",released,2020-02-21,GRCh38,current; ENCODE v5,avocado:encode2018core-hg38 imputations of ChIP-seq_H3K4me1_signal_p-value in GM12878 nuclear fraction (J230) at 25bp resolution.
ENCSR031LEC,imputation,"Bill Noble, UW",released,2020-02-21,GRCh38,current; ENCODE v5,avocado:encode2018core-hg38 imputations of ChIP-seq_H3K4ac_signal_p-value in GM12878 nuclear fraction (J230) at 25bp resolution.
ENCSR107DQI,imputation,"Bill Noble, UW",released,2020-02-21,GRCh38,current; ENCODE v5,avocado:encode2018core-hg38 imputations of ChIP-seq_H3K36me3_signal_p-value in GM12878 nuclear fraction (J230) at 25bp resolution.
ENCSR828HUT,imputation,"Bill Noble, UW",released,2020-02-21,GRCh38,ENCODE v5; current,avocado:encode2018core-hg38 imputations of ChIP-seq_H3K27me3_signal_p-value in GM12878 nuclear fraction (J230) at 25bp resolution.
ENCSR480HBS,imputation,"Bill Noble, UW",released,2020-02-21,GRCh38,ENCODE v5; current,avocado:encode2018core-hg38 imputations of ChIP-seq_H3K27ac_signal_p-value in GM12878 nuclear fraction (J230) at 25bp resolution.
ENCSR047FJT,imputation,"Bill Noble, UW",released,2020-02-21,GRCh38,ENCODE v5; current,avocado:encode2018core-hg38 imputations of ChIP-seq_H3K23ac_signal_p-value in GM12878 nuclear fraction (J230) at 25bp resolution.
ENCSR428ZQA,imputation,"Bill Noble, UW",released,2020-02-21,GRCh38,current; ENCODE v5,avocado:encode2018core-hg38 imputations of ChIP-seq_H3K18ac_signal_p-value in GM12878 nuclear fraction (J230) at 25bp resolution.
ENCSR114VBF,imputation,"Bill Noble, UW",released,2020-02-21,GRCh38,current; ENCODE v5,avocado:encode2018core-hg38 imputations of ChIP-seq_H3K14ac_signal_p-value in GM12878 nuclear fraction (J230) at 25bp resolution.
ENCSR352EDR,imputation,"Bill Noble, UW",released,2020-02-21,GRCh38,current; ENCODE v5,avocado:encode2018core-hg38 imputations of ChIP-seq_H3F3A_signal_p-value in GM12878 nuclear fraction (J230) at 25bp resolution.
ENCSR827CDI,imputation,"Bill Noble, UW",released,2020-02-21,GRCh38,current; ENCODE v5,avocado:encode2018core-hg38 imputations of ChIP-seq_H2BK5ac_signal_p-value in GM12878 nuclear fraction (J230) at 25bp resolution.
ENCSR466WMZ,imputation,"Bill Noble, UW",released,2020-02-21,GRCh38,current; ENCODE v5,avocado:encode2018core-hg38 imputations of ChIP-seq_H2BK15ac_signal_p-value in GM12878 nuclear fraction (J230) at 25bp resolution.
ENCSR254AEV,imputation,"Bill Noble, UW",released,2020-02-21,GRCh38,current; ENCODE v5,avocado:encode2018core-hg38 imputations of ChIP-seq_H2BK12ac_signal_p-value in GM12878 nuclear fraction (J230) at 25bp resolution.
ENCSR182FUN,imputation,"Bill Noble, UW",released,2020-02-21,GRCh38,ENCODE v5; current,avocado:encode2018core-hg38 imputations of ChIP-seq_H2BK120ac_signal_p-value in GM12878 nuclear fraction (J230) at 25bp resolution.
ENCSR627DDP,imputation,"Bill Noble, UW",released,2020-02-21,GRCh38,current; ENCODE v5,avocado:encode2018core-hg38 imputations of ChIP-seq_H2AK5ac_signal_p-value in GM12878 nuclear fraction (J230) at 25bp resolution.
ENCSR109WJX,imputation,"Bill Noble, UW",released,2020-02-21,GRCh38,current; ENCODE v5,avocado:encode2018core-hg38 imputations of ChIP-seq_H2AFZ_signal_p-value in GM12878 nuclear fraction (J230) at 25bp resolution.
ENCSR210TDO,imputation,"Bill Noble, UW",released,2020-02-21,GRCh38,current; ENCODE v5,avocado:encode2018core-hg38 imputations of ChIP-seq_GTF2F1_signal_p-value in GM12878 nuclear fraction (J230) at 25bp resolution.
ENCSR107LAV,imputation,"Bill Noble, UW",released,2020-02-21,GRCh38,current; ENCODE v5,avocado:encode2018core-hg38 imputations of ChIP-seq_GABPA_signal_p-value in GM12878 nuclear fraction (J230) at 25bp resolution.
ENCSR506OKN,imputation,"Bill Noble, UW",released,2020-02-21,GRCh38,current; ENCODE v5,avocado:encode2018core-hg38 imputations of ChIP-seq_FOXK2_signal_p-value in GM12878 nuclear fraction (J230) at 25bp resolution.
ENCSR605BOY,imputation,"Bill Noble, UW",released,2020-02-21,GRCh38,current; ENCODE v5,avocado:encode2018core-hg38 imputations of ChIP-seq_FOXA1_signal_p-value in GM12878 nuclear fraction (J230) at 25bp resolution.
ENCSR385PGA,imputation,"Bill Noble, UW",released,2020-02-21,GRCh38,ENCODE v5; current,avocado:encode2018core-hg38 imputations of ChIP-seq_EZH2phosphoT487_signal_p-value in GM12878 nuclear fraction (J230) at 25bp resolution.
ENCSR120TEH,imputation,"Bill Noble, UW",released,2020-02-21,GRCh38,current; ENCODE v5,avocado:encode2018core-hg38 imputations of ChIP-seq_EZH2_signal_p-value in GM12878 nuclear fraction (J230) at 25bp resolution.
ENCSR279YLP,imputation,"Bill Noble, UW",released,2020-02-21,GRCh38,current; ENCODE v5,avocado:encode2018core-hg38 imputations of ChIP-seq_ETS1_signal_p-value in GM12878 nuclear fraction (J230) at 25bp resolution.
ENCSR002OET,imputation,"Bill Noble, UW",released,2020-02-21,GRCh38,current; ENCODE v5,avocado:encode2018core-hg38 imputations of ChIP-seq_EP300_signal_p-value in GM12878 nuclear fraction (J230) at 25bp resolution.
ENCSR210XHR,imputation,"Bill Noble, UW",released,2020-02-21,GRCh38,current; ENCODE v5,avocado:encode2018core-hg38 imputations of ChIP-seq_ELK1_signal_p-value in GM12878 nuclear fraction (J230) at 25bp resolution.
ENCSR853DAD,imputation,"Bill Noble, UW",released,2020-02-21,GRCh38,ENCODE v5; current,avocado:encode2018core-hg38 imputations of ChIP-seq_ELF1_signal_p-value in GM12878 nuclear fraction (J230) at 25bp resolution.
ENCSR033DWA,imputation,"Bill Noble, UW",released,2020-02-21,GRCh38,current; ENCODE v5,avocado:encode2018core-hg38 imputations of ChIP-seq_EGR1_signal_p-value in GM12878 nuclear fraction (J230) at 25bp resolution.
ENCSR802AEB,imputation,"Bill Noble, UW",released,2020-02-21,GRCh38,current; ENCODE v5,avocado:encode2018core-hg38 imputations of ChIP-seq_CTCF_signal_p-value in GM12878 nuclear fraction (J230) at 25bp resolution.
ENCSR446ETD,imputation,"Bill Noble, UW",released,2020-02-21,GRCh38,current; ENCODE v5,avocado:encode2018core-hg38 imputations of ChIP-seq_CHD2_signal_p-value in GM12878 nuclear fraction (J230) at 25bp resolution.
ENCSR921TNL,imputation,"Bill Noble, UW",released,2020-02-21,GRCh38,current; ENCODE v5,avocado:encode2018core-hg38 imputations of ChIP-seq_CEBPB_signal_p-value in GM12878 nuclear fraction (J230) at 25bp resolution.
ENCSR520LMG,imputation,"Bill Noble, UW",released,2020-02-21,GRCh38,current; ENCODE v5,avocado:encode2018core-hg38 imputations of ChIP-seq_BHLHE40_signal_p-value in GM12878 nuclear fraction (J230) at 25bp resolution.
ENCSR910EXL,imputation,"Bill Noble, UW",released,2020-02-21,GRCh38,current; ENCODE v5,avocado:encode2018core-hg38 imputations of ChIP-seq_ATF3_signal_p-value in GM12878 nuclear fraction (J230) at 25bp resolution.
ENCSR701DRS,imputation,"Bill Noble, UW",released,2020-02-21,GRCh38,current; ENCODE v5,avocado:encode2018core-hg38 imputations of CAGE_plus_strand_signal_of_all_reads in GM12878 nuclear fraction (J230) at 25bp resolution.
ENCSR330SQY,imputation,"Bill Noble, UW",released,2020-02-21,GRCh38,current; ENCODE v5,avocado:encode2018core-hg38 imputations of CAGE_minus_strand_signal_of_all_reads in GM12878 nuclear fraction (J230) at 25bp resolution.
ENCSR690YKD,imputation,"Bill Noble, UW",released,2020-02-21,GRCh38,current; ENCODE v5,avocado:encode2018core-hg38 imputations of ATAC-seq_signal_p-value in GM12878 nuclear fraction (J230) at 25bp resolution.
ENCSR352JKT,imputation,"Bill Noble, UW",released,2020-02-21,GRCh38,current; ENCODE v5,avocado:encode2018core-hg38 imputations of total_RNA-seq_plus_strand_signal_of_all_reads in GM12878 cytosolic fraction (J044) at 25bp resolution.
ENCSR441USX,imputation,"Bill Noble, UW",released,2020-02-21,GRCh38,current; ENCODE v5,avocado:encode2018core-hg38 imputations of total_RNA-seq_minus_strand_signal_of_all_reads in GM12878 cytosolic fraction (J044) at 25bp resolution.
ENCSR997MOF,imputation,"Bill Noble, UW",released,2020-02-21,GRCh38,current; ENCODE v5,avocado:encode2018core-hg38 imputations of small_RNA-seq_plus_strand_signal_of_all_reads in GM12878 cytosolic fraction (J044) at 25bp resolution.
ENCSR929UKZ,imputation,"Bill Noble, UW",released,2020-02-21,GRCh38,current; ENCODE v5,avocado:encode2018core-hg38 imputations of small_RNA-seq_minus_strand_signal_of_all_reads in GM12878 cytosolic fraction (J044) at 25bp resolution.
ENCSR183HVO,imputation,"Bill Noble, UW",released,2020-02-21,GRCh38,current; ENCODE v5,avocado:encode2018core-hg38 imputations of polyA_depleted_RNA-seq_plus_strand_signal_of_all_reads in GM12878 cytosolic fraction (J044) at 25bp resolution.
ENCSR566FGK,imputation,"Bill Noble, UW",released,2020-02-21,GRCh38,current; ENCODE v5,avocado:encode2018core-hg38 imputations of polyA_depleted_RNA-seq_minus_strand_signal_of_all_reads in GM12878 cytosolic fraction (J044) at 25bp resolution.
ENCSR049NLD,imputation,"Bill Noble, UW",released,2020-02-21,GRCh38,current; ENCODE v5,avocado:encode2018core-hg38 imputations of polyA_RNA-seq_plus_strand_signal_of_all_reads in GM12878 cytosolic fraction (J044) at 25bp resolution.
ENCSR307MJL,imputation,"Bill Noble, UW",released,2020-02-21,GRCh38,current; ENCODE v5,avocado:encode2018core-hg38 imputations of polyA_RNA-seq_minus_strand_signal_of_all_reads in GM12878 cytosolic fraction (J044) at 25bp resolution.
ENCSR425ERA,imputation,"Bill Noble, UW",released,2020-02-21,GRCh38,current; ENCODE v5,avocado:encode2018core-hg38 imputations of microRNA-seq_plus_strand_signal_of_all_reads in GM12878 cytosolic fraction (J044) at 25bp resolution.
ENCSR990PDR,imputation,"Bill Noble, UW",released,2020-02-21,GRCh38,current; ENCODE v5,avocado:encode2018core-hg38 imputations of microRNA-seq_minus_strand_signal_of_all_reads in GM12878 cytosolic fraction (J044) at 25bp resolution.
ENCSR084ZQJ,imputation,"Bill Noble, UW",released,2020-02-21,GRCh38,current; ENCODE v5,avocado:encode2018core-hg38 imputations of RAMPAGE_plus_strand_signal_of_all_reads in GM12878 cytosolic fraction (J044) at 25bp resolution.
ENCSR181EXA,imputation,"Bill Noble, UW",released,2020-02-21,GRCh38,current; ENCODE v5,avocado:encode2018core-hg38 imputations of RAMPAGE_minus_strand_signal_of_all_reads in GM12878 cytosolic fraction (J044) at 25bp resolution.
ENCSR376FOR,imputation,"Bill Noble, UW",released,2020-02-21,GRCh38,current; ENCODE v5,avocado:encode2018core-hg38 imputations of DNase-seq_read-depth_normalized_signal in GM12878 cytosolic fraction (J044) at 25bp resolution.
ENCSR625HHX,imputation,"Bill Noble, UW",released,2020-02-21,GRCh38,current; ENCODE v5,avocado:encode2018core-hg38 imputations of ChIP-seq_ZFP36_signal_p-value in GM12878 cytosolic fraction (J044) at 25bp resolution.
ENCSR393TIN,imputation,"Bill Noble, UW",released,2020-02-21,GRCh38,current; ENCODE v5,avocado:encode2018core-hg38 imputations of ChIP-seq_ZBTB33_signal_p-value in GM12878 cytosolic fraction (J044) at 25bp resolution.
ENCSR244EKM,imputation,"Bill Noble, UW",released,2020-02-21,GRCh38,current; ENCODE v5,avocado:encode2018core-hg38 imputations of ChIP-seq_YY1_signal_p-value in GM12878 cytosolic fraction (J044) at 25bp resolution.
ENCSR917SJJ,imputation,"Bill Noble, UW",released,2020-02-21,GRCh38,current; ENCODE v5,avocado:encode2018core-hg38 imputations of ChIP-seq_USF2_signal_p-value in GM12878 cytosolic fraction (J044) at 25bp resolution.
ENCSR172KKQ,imputation,"Bill Noble, UW",released,2020-02-21,GRCh38,current; ENCODE v5,avocado:encode2018core-hg38 imputations of ChIP-seq_USF1_signal_p-value in GM12878 cytosolic fraction (J044) at 25bp resolution.
ENCSR615ZJM,imputation,"Bill Noble, UW",released,2020-02-21,GRCh38,current; ENCODE v5,avocado:encode2018core-hg38 imputations of ChIP-seq_TCF12_signal_p-value in GM12878 cytosolic fraction (J044) at 25bp resolution.
ENCSR979YER,imputation,"Bill Noble, UW",released,2020-02-21,GRCh38,current; ENCODE v5,avocado:encode2018core-hg38 imputations of ChIP-seq_TBP_signal_p-value in GM12878 cytosolic fraction (J044) at 25bp resolution.
ENCSR423DUS,imputation,"Bill Noble, UW",released,2020-02-21,GRCh38,current; ENCODE v5,avocado:encode2018core-hg38 imputations of ChIP-seq_TARDBP_signal_p-value in GM12878 cytosolic fraction (J044) at 25bp resolution.
ENCSR570OKR,imputation,"Bill Noble, UW",released,2020-02-21,GRCh38,current; ENCODE v5,avocado:encode2018core-hg38 imputations of ChIP-seq_TAF1_signal_p-value in GM12878 cytosolic fraction (J044) at 25bp resolution.
ENCSR031EUQ,imputation,"Bill Noble, UW",released,2020-02-21,GRCh38,current; ENCODE v5,avocado:encode2018core-hg38 imputations of ChIP-seq_SUZ12_signal_p-value in GM12878 cytosolic fraction (J044) at 25bp resolution.
ENCSR762CQX,imputation,"Bill Noble, UW",released,2020-02-21,GRCh38,current; ENCODE v5,avocado:encode2018core-hg38 imputations of ChIP-seq_SP1_signal_p-value in GM12878 cytosolic fraction (J044) at 25bp resolution.
ENCSR196SWT,imputation,"Bill Noble, UW",released,2020-02-21,GRCh38,current; ENCODE v5,avocado:encode2018core-hg38 imputations of ChIP-seq_SMC3_signal_p-value in GM12878 cytosolic fraction (J044) at 25bp resolution.
ENCSR542MCK,imputation,"Bill Noble, UW",released,2020-02-21,GRCh38,current; ENCODE v5,avocado:encode2018core-hg38 imputations of ChIP-seq_SIN3A_signal_p-value in GM12878 cytosolic fraction (J044) at 25bp resolution.
ENCSR637OSQ,imputation,"Bill Noble, UW",released,2020-02-21,GRCh38,current; ENCODE v5,avocado:encode2018core-hg38 imputations of ChIP-seq_RXRA_signal_p-value in GM12878 cytosolic fraction (J044) at 25bp resolution.
ENCSR005XJA,imputation,"Bill Noble, UW",released,2020-02-21,GRCh38,current; ENCODE v5,avocado:encode2018core-hg38 imputations of ChIP-seq_RFX5_signal_p-value in GM12878 cytosolic fraction (J044) at 25bp resolution.
ENCSR616FNM,imputation,"Bill Noble, UW",released,2020-02-21,GRCh38,current; ENCODE v5,avocado:encode2018core-hg38 imputations of ChIP-seq_REST_signal_p-value in GM12878 cytosolic fraction (J044) at 25bp resolution.
ENCSR665MNL,imputation,"Bill Noble, UW",released,2020-02-21,GRCh38,current; ENCODE v5,avocado:encode2018core-hg38 imputations of ChIP-seq_RCOR1_signal_p-value in GM12878 cytosolic fraction (J044) at 25bp resolution.
ENCSR429VFK,imputation,"Bill Noble, UW",released,2020-02-21,GRCh38,current; ENCODE v5,avocado:encode2018core-hg38 imputations of ChIP-seq_RAD21_signal_p-value in GM12878 cytosolic fraction (J044) at 25bp resolution.
ENCSR807CEV,imputation,"Bill Noble, UW",released,2020-02-21,GRCh38,current; ENCODE v5,avocado:encode2018core-hg38 imputations of ChIP-seq_POLR2AphosphoS5_signal_p-value in GM12878 cytosolic fraction (J044) at 25bp resolution.
ENCSR902BPS,imputation,"Bill Noble, UW",released,2020-02-21,GRCh38,current; ENCODE v5,avocado:encode2018core-hg38 imputations of ChIP-seq_POLR2A_signal_p-value in GM12878 cytosolic fraction (J044) at 25bp resolution.
ENCSR348ZXG,imputation,"Bill Noble, UW",released,2020-02-21,GRCh38,current; ENCODE v5,avocado:encode2018core-hg38 imputations of ChIP-seq_NRF1_signal_p-value in GM12878 cytosolic fraction (J044) at 25bp resolution.
ENCSR012FKC,imputation,"Bill Noble, UW",released,2020-02-21,GRCh38,current; ENCODE v5,avocado:encode2018core-hg38 imputations of ChIP-seq_MAZ_signal_p-value in GM12878 cytosolic fraction (J044) at 25bp resolution.
ENCSR768EUU,imputation,"Bill Noble, UW",released,2020-02-21,GRCh38,current; ENCODE v5,avocado:encode2018core-hg38 imputations of ChIP-seq_MAX_signal_p-value in GM12878 cytosolic fraction (J044) at 25bp resolution.
ENCSR664NQU,imputation,"Bill Noble, UW",released,2020-02-21,GRCh38,current; ENCODE v5,avocado:encode2018core-hg38 imputations of ChIP-seq_MAFK_signal_p-value in GM12878 cytosolic fraction (J044) at 25bp resolution.
ENCSR311CUA,imputation,"Bill Noble, UW",released,2020-02-21,GRCh38,current; ENCODE v5,avocado:encode2018core-hg38 imputations of ChIP-seq_KDM1A_signal_p-value in GM12878 cytosolic fraction (J044) at 25bp resolution.
ENCSR522XYD,imputation,"Bill Noble, UW",released,2020-02-21,GRCh38,current; ENCODE v5,avocado:encode2018core-hg38 imputations of ChIP-seq_JUND_signal_p-value in GM12878 cytosolic fraction (J044) at 25bp resolution.
ENCSR597EUR,imputation,"Bill Noble, UW",released,2020-02-21,GRCh38,current; ENCODE v5,avocado:encode2018core-hg38 imputations of ChIP-seq_HDAC2_signal_p-value in GM12878 cytosolic fraction (J044) at 25bp resolution.
ENCSR787KRK,imputation,"Bill Noble, UW",released,2020-02-21,GRCh38,current; ENCODE v5,avocado:encode2018core-hg38 imputations of ChIP-seq_H4K91ac_signal_p-value in GM12878 cytosolic fraction (J044) at 25bp resolution.
ENCSR218UWZ,imputation,"Bill Noble, UW",released,2020-02-25,GRCh38,current; ENCODE v5,avocado:encode2018core-hg38 imputations of ChIP-seq_H4K8ac_signal_p-value in GM12878 cytosolic fraction (J044) at 25bp resolution.
ENCSR970YHE,imputation,"Bill Noble, UW",released,2020-02-21,GRCh38,current; ENCODE v5,avocado:encode2018core-hg38 imputations of ChIP-seq_H4K20me1_signal_p-value in GM12878 cytosolic fraction (J044) at 25bp resolution.
ENCSR226LJM,imputation,"Bill Noble, UW",released,2020-02-21,GRCh38,current; ENCODE v5,avocado:encode2018core-hg38 imputations of ChIP-seq_H3K9me3_signal_p-value in GM12878 cytosolic fraction (J044) at 25bp resolution.
ENCSR250YIR,imputation,"Bill Noble, UW",released,2020-02-21,GRCh38,current; ENCODE v5,avocado:encode2018core-hg38 imputations of ChIP-seq_H3K9me2_signal_p-value in GM12878 cytosolic fraction (J044) at 25bp resolution.
ENCSR468FTA,imputation,"Bill Noble, UW",released,2020-02-21,GRCh38,current; ENCODE v5,avocado:encode2018core-hg38 imputations of ChIP-seq_H3K9ac_signal_p-value in GM12878 cytosolic fraction (J044) at 25bp resolution.
ENCSR754JZK,imputation,"Bill Noble, UW",released,2020-02-21,GRCh38,current; ENCODE v5,avocado:encode2018core-hg38 imputations of ChIP-seq_H3K79me2_signal_p-value in GM12878 cytosolic fraction (J044) at 25bp resolution.
ENCSR543LZX,imputation,"Bill Noble, UW",released,2020-02-21,GRCh38,current; ENCODE v5,avocado:encode2018core-hg38 imputations of ChIP-seq_H3K79me1_signal_p-value in GM12878 cytosolic fraction (J044) at 25bp resolution.
ENCSR845EEK,imputation,"Bill Noble, UW",released,2020-02-25,GRCh38,current; ENCODE v5,avocado:encode2018core-hg38 imputations of ChIP-seq_H3K4me3_signal_p-value in GM12878 cytosolic fraction (J044) at 25bp resolution.
ENCSR704DRV,imputation,"Bill Noble, UW",released,2020-02-21,GRCh38,current; ENCODE v5,avocado:encode2018core-hg38 imputations of ChIP-seq_H3K4me2_signal_p-value in GM12878 cytosolic fraction (J044) at 25bp resolution.
ENCSR834HLQ,imputation,"Bill Noble, UW",released,2020-02-21,GRCh38,current; ENCODE v5,avocado:encode2018core-hg38 imputations of ChIP-seq_H3K4me1_signal_p-value in GM12878 cytosolic fraction (J044) at 25bp resolution.
ENCSR153EIT,imputation,"Bill Noble, UW",released,2020-02-21,GRCh38,current; ENCODE v5,avocado:encode2018core-hg38 imputations of ChIP-seq_H3K4ac_signal_p-value in GM12878 cytosolic fraction (J044) at 25bp resolution.
ENCSR639ERG,imputation,"Bill Noble, UW",released,2020-02-21,GRCh38,current; ENCODE v5,avocado:encode2018core-hg38 imputations of ChIP-seq_H3K36me3_signal_p-value in GM12878 cytosolic fraction (J044) at 25bp resolution.
ENCSR471MIR,imputation,"Bill Noble, UW",released,2020-02-21,GRCh38,current; ENCODE v5,avocado:encode2018core-hg38 imputations of ChIP-seq_H3K27me3_signal_p-value in GM12878 cytosolic fraction (J044) at 25bp resolution.
ENCSR402SNV,imputation,"Bill Noble, UW",released,2020-02-21,GRCh38,current; ENCODE v5,avocado:encode2018core-hg38 imputations of ChIP-seq_H3K27ac_signal_p-value in GM12878 cytosolic fraction (J044) at 25bp resolution.
ENCSR980UGN,imputation,"Bill Noble, UW",released,2020-02-21,GRCh38,current; ENCODE v5,avocado:encode2018core-hg38 imputations of ChIP-seq_H3K23ac_signal_p-value in GM12878 cytosolic fraction (J044) at 25bp resolution.
ENCSR724ZMY,imputation,"Bill Noble, UW",released,2020-02-21,GRCh38,current; ENCODE v5,avocado:encode2018core-hg38 imputations of ChIP-seq_H3K18ac_signal_p-value in GM12878 cytosolic fraction (J044) at 25bp resolution.
ENCSR648HQL,imputation,"Bill Noble, UW",released,2020-02-21,GRCh38,current; ENCODE v5,avocado:encode2018core-hg38 imputations of ChIP-seq_H3K14ac_signal_p-value in GM12878 cytosolic fraction (J044) at 25bp resolution.
ENCSR350IMI,imputation,"Bill Noble, UW",released,2020-02-21,GRCh38,current; ENCODE v5,avocado:encode2018core-hg38 imputations of ChIP-seq_H3F3A_signal_p-value in GM12878 cytosolic fraction (J044) at 25bp resolution.
ENCSR266KWR,imputation,"Bill Noble, UW",released,2020-02-21,GRCh38,current; ENCODE v5,avocado:encode2018core-hg38 imputations of ChIP-seq_H2BK5ac_signal_p-value in GM12878 cytosolic fraction (J044) at 25bp resolution.
ENCSR334LCH,imputation,"Bill Noble, UW",released,2020-02-21,GRCh38,current; ENCODE v5,avocado:encode2018core-hg38 imputations of ChIP-seq_H2BK15ac_signal_p-value in GM12878 cytosolic fraction (J044) at 25bp resolution.
ENCSR960UZX,imputation,"Bill Noble, UW",released,2020-02-21,GRCh38,current; ENCODE v5,avocado:encode2018core-hg38 imputations of ChIP-seq_H2BK12ac_signal_p-value in GM12878 cytosolic fraction (J044) at 25bp resolution.
ENCSR912ZYE,imputation,"Bill Noble, UW",released,2020-02-21,GRCh38,current; ENCODE v5,avocado:encode2018core-hg38 imputations of ChIP-seq_H2BK120ac_signal_p-value in GM12878 cytosolic fraction (J044) at 25bp resolution.
ENCSR970JKA,imputation,"Bill Noble, UW",released,2020-02-21,GRCh38,current; ENCODE v5,avocado:encode2018core-hg38 imputations of ChIP-seq_H2AK5ac_signal_p-value in GM12878 cytosolic fraction (J044) at 25bp resolution.
ENCSR145ESQ,imputation,"Bill Noble, UW",released,2020-02-21,GRCh38,current; ENCODE v5,avocado:encode2018core-hg38 imputations of ChIP-seq_H2AFZ_signal_p-value in GM12878 cytosolic fraction (J044) at 25bp resolution.
ENCSR280JGM,imputation,"Bill Noble, UW",released,2020-02-21,GRCh38,current; ENCODE v5,avocado:encode2018core-hg38 imputations of ChIP-seq_GTF2F1_signal_p-value in GM12878 cytosolic fraction (J044) at 25bp resolution.
ENCSR683TPD,imputation,"Bill Noble, UW",released,2020-02-21,GRCh38,current; ENCODE v5,avocado:encode2018core-hg38 imputations of ChIP-seq_GABPA_signal_p-value in GM12878 cytosolic fraction (J044) at 25bp resolution.
ENCSR831BIG,imputation,"Bill Noble, UW",released,2020-02-21,GRCh38,current; ENCODE v5,avocado:encode2018core-hg38 imputations of ChIP-seq_FOXK2_signal_p-value in GM12878 cytosolic fraction (J044) at 25bp resolution.
ENCSR066JCY,imputation,"Bill Noble, UW",released,2020-02-21,GRCh38,current; ENCODE v5,avocado:encode2018core-hg38 imputations of ChIP-seq_FOXA1_signal_p-value in GM12878 cytosolic fraction (J044) at 25bp resolution.
ENCSR914NDT,imputation,"Bill Noble, UW",released,2020-02-21,GRCh38,current; ENCODE v5,avocado:encode2018core-hg38 imputations of ChIP-seq_EZH2phosphoT487_signal_p-value in GM12878 cytosolic fraction (J044) at 25bp resolution.
ENCSR078RRI,imputation,"Bill Noble, UW",released,2020-02-21,GRCh38,current; ENCODE v5,avocado:encode2018core-hg38 imputations of ChIP-seq_EZH2_signal_p-value in GM12878 cytosolic fraction (J044) at 25bp resolution.
ENCSR868OMB,imputation,"Bill Noble, UW",released,2020-02-21,GRCh38,current; ENCODE v5,avocado:encode2018core-hg38 imputations of ChIP-seq_ETS1_signal_p-value in GM12878 cytosolic fraction (J044) at 25bp resolution.
ENCSR437GZI,imputation,"Bill Noble, UW",released,2020-02-21,GRCh38,current; ENCODE v5,avocado:encode2018core-hg38 imputations of ChIP-seq_EP300_signal_p-value in GM12878 cytosolic fraction (J044) at 25bp resolution.
ENCSR485QCF,imputation,"Bill Noble, UW",released,2020-02-21,GRCh38,current; ENCODE v5,avocado:encode2018core-hg38 imputations of ChIP-seq_ELK1_signal_p-value in GM12878 cytosolic fraction (J044) at 25bp resolution.
ENCSR213SKG,imputation,"Bill Noble, UW",released,2020-02-21,GRCh38,current; ENCODE v5,avocado:encode2018core-hg38 imputations of ChIP-seq_ELF1_signal_p-value in GM12878 cytosolic fraction (J044) at 25bp resolution.
ENCSR739LRT,imputation,"Bill Noble, UW",released,2020-02-21,GRCh38,current; ENCODE v5,avocado:encode2018core-hg38 imputations of ChIP-seq_EGR1_signal_p-value in GM12878 cytosolic fraction (J044) at 25bp resolution.
ENCSR639KZJ,imputation,"Bill Noble, UW",released,2020-02-21,GRCh38,current; ENCODE v5,avocado:encode2018core-hg38 imputations of ChIP-seq_CTCF_signal_p-value in GM12878 cytosolic fraction (J044) at 25bp resolution.
ENCSR061QZX,imputation,"Bill Noble, UW",released,2020-02-21,GRCh38,current; ENCODE v5,avocado:encode2018core-hg38 imputations of ChIP-seq_CHD2_signal_p-value in GM12878 cytosolic fraction (J044) at 25bp resolution.
ENCSR538GIV,imputation,"Bill Noble, UW",released,2020-02-21,GRCh38,current; ENCODE v5,avocado:encode2018core-hg38 imputations of ChIP-seq_CEBPB_signal_p-value in GM12878 cytosolic fraction (J044) at 25bp resolution.
ENCSR035JIV,imputation,"Bill Noble, UW",released,2020-02-21,GRCh38,current; ENCODE v5,avocado:encode2018core-hg38 imputations of ChIP-seq_BHLHE40_signal_p-value in GM12878 cytosolic fraction (J044) at 25bp resolution.
ENCSR405CJR,imputation,"Bill Noble, UW",released,2020-02-21,GRCh38,current; ENCODE v5,avocado:encode2018core-hg38 imputations of ChIP-seq_ATF3_signal_p-value in GM12878 cytosolic fraction (J044) at 25bp resolution.
ENCSR250KMI,imputation,"Bill Noble, UW",released,2020-02-21,GRCh38,current; ENCODE v5,avocado:encode2018core-hg38 imputations of CAGE_plus_strand_signal_of_all_reads in GM12878 cytosolic fraction (J044) at 25bp resolution.
ENCSR591JDV,imputation,"Bill Noble, UW",released,2020-02-21,GRCh38,current; ENCODE v5,avocado:encode2018core-hg38 imputations of CAGE_minus_strand_signal_of_all_reads in GM12878 cytosolic fraction (J044) at 25bp resolution.
ENCSR413HBK,imputation,"Bill Noble, UW",released,2020-02-21,GRCh38,current; ENCODE v5,avocado:encode2018core-hg38 imputations of ATAC-seq_signal_p-value in GM12878 cytosolic fraction (J044) at 25bp resolution.
ENCSR076XOL,imputation,"Bill Noble, UW",released,2020-02-21,GRCh38,current; ENCODE v5,avocado:encode2018core-hg38 imputations of total_RNA-seq_plus_strand_signal_of_all_reads in GM12878 (J041) at 25bp resolution.
ENCSR945PKX,imputation,"Bill Noble, UW",released,2020-02-21,GRCh38,current; ENCODE v5,avocado:encode2018core-hg38 imputations of total_RNA-seq_minus_strand_signal_of_all_reads in GM12878 (J041) at 25bp resolution.
ENCSR320GTG,imputation,"Bill Noble, UW",released,2020-02-21,GRCh38,ENCODE v5; current,avocado:encode2018core-hg38 imputations of small_RNA-seq_plus_strand_signal_of_all_reads in GM12878 (J041) at 25bp resolution.
ENCSR351VJI,imputation,"Bill Noble, UW",released,2020-02-21,GRCh38,current; ENCODE v5,avocado:encode2018core-hg38 imputations of small_RNA-seq_minus_strand_signal_of_all_reads in GM12878 (J041) at 25bp resolution.
ENCSR372QZD,imputation,"Bill Noble, UW",released,2020-02-21,GRCh38,current; ENCODE v5,avocado:encode2018core-hg38 imputations of polyA_depleted_RNA-seq_plus_strand_signal_of_all_reads in GM12878 (J041) at 25bp resolution.
ENCSR879POR,imputation,"Bill Noble, UW",released,2020-02-21,GRCh38,current; ENCODE v5,avocado:encode2018core-hg38 imputations of polyA_depleted_RNA-seq_minus_strand_signal_of_all_reads in GM12878 (J041) at 25bp resolution.
ENCSR805JCN,imputation,"Bill Noble, UW",released,2020-02-21,GRCh38,current; ENCODE v5,avocado:encode2018core-hg38 imputations of polyA_RNA-seq_plus_strand_signal_of_all_reads in GM12878 (J041) at 25bp resolution.
ENCSR588UJL,imputation,"Bill Noble, UW",released,2020-02-21,GRCh38,current; ENCODE v5,avocado:encode2018core-hg38 imputations of polyA_RNA-seq_minus_strand_signal_of_all_reads in GM12878 (J041) at 25bp resolution.
ENCSR635MDK,imputation,"Bill Noble, UW",released,2020-02-21,GRCh38,current; ENCODE v5,avocado:encode2018core-hg38 imputations of microRNA-seq_plus_strand_signal_of_all_reads in GM12878 (J041) at 25bp resolution.
ENCSR902CDM,imputation,"Bill Noble, UW",released,2020-02-21,GRCh38,current; ENCODE v5,avocado:encode2018core-hg38 imputations of microRNA-seq_minus_strand_signal_of_all_reads in GM12878 (J041) at 25bp resolution.
ENCSR137SAA,imputation,"Bill Noble, UW",released,2020-02-21,GRCh38,current; ENCODE v5,avocado:encode2018core-hg38 imputations of RAMPAGE_plus_strand_signal_of_all_reads in GM12878 (J041) at 25bp resolution.
ENCSR897HHN,imputation,"Bill Noble, UW",released,2020-02-21,GRCh38,current; ENCODE v5,avocado:encode2018core-hg38 imputations of RAMPAGE_minus_strand_signal_of_all_reads in GM12878 (J041) at 25bp resolution.
ENCSR384BTO,imputation,"Bill Noble, UW",released,2020-02-21,GRCh38,current; ENCODE v5,avocado:encode2018core-hg38 imputations of DNase-seq_read-depth_normalized_signal in GM12878 (J041) at 25bp resolution.
ENCSR346INY,imputation,"Bill Noble, UW",released,2020-02-21,GRCh38,current; ENCODE v5,avocado:encode2018core-hg38 imputations of ChIP-seq_ZFP36_signal_p-value in GM12878 (J041) at 25bp resolution.
ENCSR510DQR,imputation,"Bill Noble, UW",released,2020-02-21,GRCh38,current; ENCODE v5,avocado:encode2018core-hg38 imputations of ChIP-seq_ZBTB33_signal_p-value in GM12878 (J041) at 25bp resolution.
ENCSR080CJF,imputation,"Bill Noble, UW",released,2020-02-21,GRCh38,current; ENCODE v5,avocado:encode2018core-hg38 imputations of ChIP-seq_YY1_signal_p-value in GM12878 (J041) at 25bp resolution.
ENCSR908GAX,imputation,"Bill Noble, UW",released,2020-02-21,GRCh38,current; ENCODE v5,avocado:encode2018core-hg38 imputations of ChIP-seq_USF2_signal_p-value in GM12878 (J041) at 25bp resolution.
ENCSR553HSP,imputation,"Bill Noble, UW",released,2020-02-21,GRCh38,current; ENCODE v5,avocado:encode2018core-hg38 imputations of ChIP-seq_USF1_signal_p-value in GM12878 (J041) at 25bp resolution.
ENCSR732JIF,imputation,"Bill Noble, UW",released,2020-02-21,GRCh38,current; ENCODE v5,avocado:encode2018core-hg38 imputations of ChIP-seq_TCF12_signal_p-value in GM12878 (J041) at 25bp resolution.
ENCSR080OXS,imputation,"Bill Noble, UW",released,2020-02-21,GRCh38,current; ENCODE v5,avocado:encode2018core-hg38 imputations of ChIP-seq_TBP_signal_p-value in GM12878 (J041) at 25bp resolution.
ENCSR061VWA,imputation,"Bill Noble, UW",released,2020-02-21,GRCh38,current; ENCODE v5,avocado:encode2018core-hg38 imputations of ChIP-seq_TARDBP_signal_p-value in GM12878 (J041) at 25bp resolution.
ENCSR831UUX,imputation,"Bill Noble, UW",released,2020-02-21,GRCh38,current; ENCODE v5,avocado:encode2018core-hg38 imputations of ChIP-seq_TAF1_signal_p-value in GM12878 (J041) at 25bp resolution.
ENCSR974IAF,imputation,"Bill Noble, UW",released,2020-02-21,GRCh38,current; ENCODE v5,avocado:encode2018core-hg38 imputations of ChIP-seq_SUZ12_signal_p-value in GM12878 (J041) at 25bp resolution.
ENCSR548RXJ,imputation,"Bill Noble, UW",released,2020-02-21,GRCh38,current; ENCODE v5,avocado:encode2018core-hg38 imputations of ChIP-seq_SP1_signal_p-value in GM12878 (J041) at 25bp resolution.
ENCSR650LBF,imputation,"Bill Noble, UW",released,2020-02-21,GRCh38,current; ENCODE v5,avocado:encode2018core-hg38 imputations of ChIP-seq_SMC3_signal_p-value in GM12878 (J041) at 25bp resolution.
ENCSR705WMU,imputation,"Bill Noble, UW",released,2020-02-21,GRCh38,current; ENCODE v5,avocado:encode2018core-hg38 imputations of ChIP-seq_SIN3A_signal_p-value in GM12878 (J041) at 25bp resolution.
ENCSR764KSV,imputation,"Bill Noble, UW",released,2020-02-21,GRCh38,current; ENCODE v5,avocado:encode2018core-hg38 imputations of ChIP-seq_RXRA_signal_p-value in GM12878 (J041) at 25bp resolution.
ENCSR300UDP,imputation,"Bill Noble, UW",released,2020-02-21,GRCh38,current; ENCODE v5,avocado:encode2018core-hg38 imputations of ChIP-seq_RFX5_signal_p-value in GM12878 (J041) at 25bp resolution.
ENCSR466FJX,imputation,"Bill Noble, UW",released,2020-02-21,GRCh38,current; ENCODE v5,avocado:encode2018core-hg38 imputations of ChIP-seq_REST_signal_p-value in GM12878 (J041) at 25bp resolution.
ENCSR968MLL,imputation,"Bill Noble, UW",released,2020-02-21,GRCh38,current; ENCODE v5,avocado:encode2018core-hg38 imputations of ChIP-seq_RCOR1_signal_p-value in GM12878 (J041) at 25bp resolution.
ENCSR686SKQ,imputation,"Bill Noble, UW",released,2020-02-21,GRCh38,current; ENCODE v5,avocado:encode2018core-hg38 imputations of ChIP-seq_RAD21_signal_p-value in GM12878 (J041) at 25bp resolution.
ENCSR325SKW,imputation,"Bill Noble, UW",released,2020-02-21,GRCh38,current; ENCODE v5,avocado:encode2018core-hg38 imputations of ChIP-seq_POLR2AphosphoS5_signal_p-value in GM12878 (J041) at 25bp resolution.
ENCSR391JRA,imputation,"Bill Noble, UW",released,2020-02-21,GRCh38,current; ENCODE v5,avocado:encode2018core-hg38 imputations of ChIP-seq_POLR2A_signal_p-value in GM12878 (J041) at 25bp resolution.
ENCSR695ZXQ,imputation,"Bill Noble, UW",released,2020-02-21,GRCh38,current; ENCODE v5,avocado:encode2018core-hg38 imputations of ChIP-seq_NRF1_signal_p-value in GM12878 (J041) at 25bp resolution.
ENCSR888BQN,imputation,"Bill Noble, UW",released,2020-02-21,GRCh38,current; ENCODE v5,avocado:encode2018core-hg38 imputations of ChIP-seq_MAZ_signal_p-value in GM12878 (J041) at 25bp resolution.
ENCSR917IOD,imputation,"Bill Noble, UW",released,2020-02-21,GRCh38,current; ENCODE v5,avocado:encode2018core-hg38 imputations of ChIP-seq_MAX_signal_p-value in GM12878 (J041) at 25bp resolution.
ENCSR773UDO,imputation,"Bill Noble, UW",released,2020-02-21,GRCh38,current; ENCODE v5,avocado:encode2018core-hg38 imputations of ChIP-seq_MAFK_signal_p-value in GM12878 (J041) at 25bp resolution.
ENCSR406WAP,imputation,"Bill Noble, UW",released,2020-02-21,GRCh38,current; ENCODE v5,avocado:encode2018core-hg38 imputations of ChIP-seq_KDM1A_signal_p-value in GM12878 (J041) at 25bp resolution.
ENCSR079CCV,imputation,"Bill Noble, UW",released,2020-02-21,GRCh38,current; ENCODE v5,avocado:encode2018core-hg38 imputations of ChIP-seq_JUND_signal_p-value in GM12878 (J041) at 25bp resolution.
ENCSR711OAL,imputation,"Bill Noble, UW",released,2020-02-21,GRCh38,current; ENCODE v5,avocado:encode2018core-hg38 imputations of ChIP-seq_HDAC2_signal_p-value in GM12878 (J041) at 25bp resolution.
ENCSR231WEI,imputation,"Bill Noble, UW",released,2020-02-21,GRCh38,current; ENCODE v5,avocado:encode2018core-hg38 imputations of ChIP-seq_H4K91ac_signal_p-value in GM12878 (J041) at 25bp resolution.
ENCSR144DHF,imputation,"Bill Noble, UW",released,2020-02-21,GRCh38,current; ENCODE v5,avocado:encode2018core-hg38 imputations of ChIP-seq_H4K8ac_signal_p-value in GM12878 (J041) at 25bp resolution.
ENCSR675SEY,imputation,"Bill Noble, UW",released,2020-02-21,GRCh38,current; ENCODE v5,avocado:encode2018core-hg38 imputations of ChIP-seq_H4K20me1_signal_p-value in GM12878 (J041) at 25bp resolution.
ENCSR870UOO,imputation,"Bill Noble, UW",released,2020-02-21,GRCh38,current; ENCODE v5,avocado:encode2018core-hg38 imputations of ChIP-seq_H3K9me3_signal_p-value in GM12878 (J041) at 25bp resolution.
ENCSR760LKK,imputation,"Bill Noble, UW",released,2020-02-21,GRCh38,current; ENCODE v5,avocado:encode2018core-hg38 imputations of ChIP-seq_H3K9me2_signal_p-value in GM12878 (J041) at 25bp resolution.
ENCSR690CQG,imputation,"Bill Noble, UW",released,2020-02-21,GRCh38,current; ENCODE v5,avocado:encode2018core-hg38 imputations of ChIP-seq_H3K9ac_signal_p-value in GM12878 (J041) at 25bp resolution.
ENCSR771YQO,imputation,"Bill Noble, UW",released,2020-02-21,GRCh38,current; ENCODE v5,avocado:encode2018core-hg38 imputations of ChIP-seq_H3K79me2_signal_p-value in GM12878 (J041) at 25bp resolution.
ENCSR456QAD,imputation,"Bill Noble, UW",released,2020-02-21,GRCh38,current; ENCODE v5,avocado:encode2018core-hg38 imputations of ChIP-seq_H3K79me1_signal_p-value in GM12878 (J041) at 25bp resolution.
ENCSR477QPK,imputation,"Bill Noble, UW",released,2020-02-21,GRCh38,current; ENCODE v5,avocado:encode2018core-hg38 imputations of ChIP-seq_H3K4me3_signal_p-value in GM12878 (J041) at 25bp resolution.
ENCSR251KDL,imputation,"Bill Noble, UW",released,2020-02-21,GRCh38,current; ENCODE v5,avocado:encode2018core-hg38 imputations of ChIP-seq_H3K4me2_signal_p-value in GM12878 (J041) at 25bp resolution.
ENCSR910WSR,imputation,"Bill Noble, UW",released,2020-02-21,GRCh38,current; ENCODE v5,avocado:encode2018core-hg38 imputations of ChIP-seq_H3K4me1_signal_p-value in GM12878 (J041) at 25bp resolution.
ENCSR997NJN,imputation,"Bill Noble, UW",released,2020-02-21,GRCh38,current; ENCODE v5,avocado:encode2018core-hg38 imputations of ChIP-seq_H3K4ac_signal_p-value in GM12878 (J041) at 25bp resolution.
ENCSR311TPG,imputation,"Bill Noble, UW",released,2020-02-21,GRCh38,current; ENCODE v5,avocado:encode2018core-hg38 imputations of ChIP-seq_H3K36me3_signal_p-value in GM12878 (J041) at 25bp resolution.
ENCSR452KMN,imputation,"Bill Noble, UW",released,2020-02-21,GRCh38,current; ENCODE v5,avocado:encode2018core-hg38 imputations of ChIP-seq_H3K27me3_signal_p-value in GM12878 (J041) at 25bp resolution.
ENCSR998AKU,imputation,"Bill Noble, UW",released,2020-02-21,GRCh38,current; ENCODE v5,avocado:encode2018core-hg38 imputations of ChIP-seq_H3K27ac_signal_p-value in GM12878 (J041) at 25bp resolution.
ENCSR691LLE,imputation,"Bill Noble, UW",released,2020-02-21,GRCh38,current; ENCODE v5,avocado:encode2018core-hg38 imputations of ChIP-seq_H3K23ac_signal_p-value in GM12878 (J041) at 25bp resolution.
ENCSR012FIR,imputation,"Bill Noble, UW",released,2020-02-21,GRCh38,current; ENCODE v5,avocado:encode2018core-hg38 imputations of ChIP-seq_H3K18ac_signal_p-value in GM12878 (J041) at 25bp resolution.
ENCSR783DHG,imputation,"Bill Noble, UW",released,2020-02-21,GRCh38,current; ENCODE v5,avocado:encode2018core-hg38 imputations of ChIP-seq_H3K14ac_signal_p-value in GM12878 (J041) at 25bp resolution.
ENCSR507OAE,imputation,"Bill Noble, UW",released,2020-02-21,GRCh38,current; ENCODE v5,avocado:encode2018core-hg38 imputations of ChIP-seq_H3F3A_signal_p-value in GM12878 (J041) at 25bp resolution.
ENCSR336HUJ,imputation,"Bill Noble, UW",released,2020-02-21,GRCh38,current; ENCODE v5,avocado:encode2018core-hg38 imputations of ChIP-seq_H2BK5ac_signal_p-value in GM12878 (J041) at 25bp resolution.
ENCSR374VYK,imputation,"Bill Noble, UW",released,2020-02-21,GRCh38,current; ENCODE v5,avocado:encode2018core-hg38 imputations of ChIP-seq_H2BK15ac_signal_p-value in GM12878 (J041) at 25bp resolution.
ENCSR642BRO,imputation,"Bill Noble, UW",released,2020-02-21,GRCh38,current; ENCODE v5,avocado:encode2018core-hg38 imputations of ChIP-seq_H2BK12ac_signal_p-value in GM12878 (J041) at 25bp resolution.
ENCSR901DRL,imputation,"Bill Noble, UW",released,2020-02-21,GRCh38,current; ENCODE v5,avocado:encode2018core-hg38 imputations of ChIP-seq_H2BK120ac_signal_p-value in GM12878 (J041) at 25bp resolution.
ENCSR757QFR,imputation,"Bill Noble, UW",released,2020-02-21,GRCh38,current; ENCODE v5,avocado:encode2018core-hg38 imputations of ChIP-seq_H2AK5ac_signal_p-value in GM12878 (J041) at 25bp resolution.
ENCSR658NBG,imputation,"Bill Noble, UW",released,2020-02-21,GRCh38,current; ENCODE v5,avocado:encode2018core-hg38 imputations of ChIP-seq_H2AFZ_signal_p-value in GM12878 (J041) at 25bp resolution.
ENCSR594LRB,imputation,"Bill Noble, UW",released,2020-02-21,GRCh38,current; ENCODE v5,avocado:encode2018core-hg38 imputations of ChIP-seq_GTF2F1_signal_p-value in GM12878 (J041) at 25bp resolution.
ENCSR262GCH,imputation,"Bill Noble, UW",released,2020-02-21,GRCh38,current; ENCODE v5,avocado:encode2018core-hg38 imputations of ChIP-seq_GABPA_signal_p-value in GM12878 (J041) at 25bp resolution.
ENCSR266OQJ,imputation,"Bill Noble, UW",released,2020-02-21,GRCh38,current; ENCODE v5,avocado:encode2018core-hg38 imputations of ChIP-seq_FOXK2_signal_p-value in GM12878 (J041) at 25bp resolution.
ENCSR302GLN,imputation,"Bill Noble, UW",released,2020-02-21,GRCh38,current; ENCODE v5,avocado:encode2018core-hg38 imputations of ChIP-seq_FOXA1_signal_p-value in GM12878 (J041) at 25bp resolution.
ENCSR050YFW,imputation,"Bill Noble, UW",released,2020-02-21,GRCh38,current; ENCODE v5,avocado:encode2018core-hg38 imputations of ChIP-seq_EZH2phosphoT487_signal_p-value in GM12878 (J041) at 25bp resolution.
ENCSR389IYY,imputation,"Bill Noble, UW",released,2020-02-21,GRCh38,current; ENCODE v5,avocado:encode2018core-hg38 imputations of ChIP-seq_EZH2_signal_p-value in GM12878 (J041) at 25bp resolution.
ENCSR971YAL,imputation,"Bill Noble, UW",released,2020-02-21,GRCh38,current; ENCODE v5,avocado:encode2018core-hg38 imputations of ChIP-seq_ETS1_signal_p-value in GM12878 (J041) at 25bp resolution.
ENCSR133ATB,imputation,"Bill Noble, UW",released,2020-02-21,GRCh38,current; ENCODE v5,avocado:encode2018core-hg38 imputations of ChIP-seq_EP300_signal_p-value in GM12878 (J041) at 25bp resolution.
ENCSR286TWG,imputation,"Bill Noble, UW",released,2020-02-21,GRCh38,current; ENCODE v5,avocado:encode2018core-hg38 imputations of ChIP-seq_ELK1_signal_p-value in GM12878 (J041) at 25bp resolution.
ENCSR259FIX,imputation,"Bill Noble, UW",released,2020-02-21,GRCh38,current; ENCODE v5,avocado:encode2018core-hg38 imputations of ChIP-seq_ELF1_signal_p-value in GM12878 (J041) at 25bp resolution.
ENCSR463KXF,imputation,"Bill Noble, UW",released,2020-02-21,GRCh38,current; ENCODE v5,avocado:encode2018core-hg38 imputations of ChIP-seq_EGR1_signal_p-value in GM12878 (J041) at 25bp resolution.
ENCSR493HAM,imputation,"Bill Noble, UW",released,2020-02-21,GRCh38,current; ENCODE v5,avocado:encode2018core-hg38 imputations of ChIP-seq_CTCF_signal_p-value in GM12878 (J041) at 25bp resolution.
ENCSR025ZII,imputation,"Bill Noble, UW",released,2020-02-21,GRCh38,current; ENCODE v5,avocado:encode2018core-hg38 imputations of ChIP-seq_CHD2_signal_p-value in GM12878 (J041) at 25bp resolution.
ENCSR404SHJ,imputation,"Bill Noble, UW",released,2020-02-21,GRCh38,current; ENCODE v5,avocado:encode2018core-hg38 imputations of ChIP-seq_CEBPB_signal_p-value in GM12878 (J041) at 25bp resolution.
ENCSR127XDU,imputation,"Bill Noble, UW",released,2020-02-21,GRCh38,current; ENCODE v5,avocado:encode2018core-hg38 imputations of ChIP-seq_BHLHE40_signal_p-value in GM12878 (J041) at 25bp resolution.
ENCSR999GMF,imputation,"Bill Noble, UW",released,2020-02-21,GRCh38,current; ENCODE v5,avocado:encode2018core-hg38 imputations of ChIP-seq_ATF3_signal_p-value in GM12878 (J041) at 25bp resolution.
ENCSR790HKM,imputation,"Bill Noble, UW",released,2020-02-21,GRCh38,current; ENCODE v5,avocado:encode2018core-hg38 imputations of CAGE_plus_strand_signal_of_all_reads in GM12878 (J041) at 25bp resolution.
ENCSR704LHQ,imputation,"Bill Noble, UW",released,2020-02-21,GRCh38,current; ENCODE v5,avocado:encode2018core-hg38 imputations of CAGE_minus_strand_signal_of_all_reads in GM12878 (J041) at 25bp resolution.
ENCSR110SCG,imputation,"Bill Noble, UW",released,2020-02-21,GRCh38,current; ENCODE v5,avocado:encode2018core-hg38 imputations of ATAC-seq_signal_p-value in GM12878 (J041) at 25bp resolution.
ENCSR186LYT,imputation,"Bill Noble, UW",released,2020-01-08,hg19,,avocado:roadmap-hg19 imputations of H3K4me3 in GM12878 (E116) at 25bp resolution.
ENCSR750DOG,imputation,"Bill Noble, UW",released,2020-01-08,hg19,,avocado:roadmap-hg19 imputations of H3K14ac in GM12878 (E116) at 25bp resolution.
ENCSR449BNV,imputation,"Bill Noble, UW",released,2020-01-08,hg19,,avocado:roadmap-hg19 imputations of H2AK5ac in GM12878 (E116) at 25bp resolution.
ENCSR040FUK,imputation,"Bill Noble, UW",released,2020-01-08,hg19,,avocado:roadmap-hg19 imputations of H3K27ac in GM12878 (E116) at 25bp resolution.
ENCSR449ZIC,imputation,"Bill Noble, UW",released,2020-01-08,hg19,,avocado:roadmap-hg19 imputations of H2BK15ac in GM12878 (E116) at 25bp resolution.
ENCSR923CUN,imputation,"Bill Noble, UW",released,2020-01-08,hg19,,avocado:roadmap-hg19 imputations of H3K79me2 in GM12878 (E116) at 25bp resolution.
ENCSR778RJV,imputation,"Bill Noble, UW",released,2020-01-08,hg19,,avocado:roadmap-hg19 imputations of H3K79me1 in GM12878 (E116) at 25bp resolution.
ENCSR074ZRP,imputation,"Bill Noble, UW",released,2020-01-08,hg19,,avocado:roadmap-hg19 imputations of H3K36me3 in GM12878 (E116) at 25bp resolution.
ENCSR044DUX,imputation,"Bill Noble, UW",released,2020-01-08,hg19,,avocado:roadmap-hg19 imputations of H2BK120ac in GM12878 (E116) at 25bp resolution.
ENCSR449BFZ,imputation,"Bill Noble, UW",released,2020-01-08,hg19,,avocado:roadmap-hg19 imputations of H3K4me2 in GM12878 (E116) at 25bp resolution.
ENCSR655NXV,imputation,"Bill Noble, UW",released,2020-01-08,hg19,,avocado:roadmap-hg19 imputations of H3K18ac in GM12878 (E116) at 25bp resolution.
ENCSR402IJV,imputation,"Bill Noble, UW",released,2020-01-08,hg19,,avocado:roadmap-hg19 imputations of H2BK5ac in GM12878 (E116) at 25bp resolution.
ENCSR401HKI,imputation,"Bill Noble, UW",released,2020-01-08,hg19,,avocado:roadmap-hg19 imputations of H3K9ac in GM12878 (E116) at 25bp resolution.
ENCSR432BOU,imputation,"Bill Noble, UW",released,2020-01-08,hg19,,avocado:roadmap-hg19 imputations of H3K23ac in GM12878 (E116) at 25bp resolution.
ENCSR545GSR,imputation,"Bill Noble, UW",released,2020-01-08,hg19,,avocado:roadmap-hg19 imputations of H3K27me3 in GM12878 (E116) at 25bp resolution.
ENCSR718BDY,imputation,"Bill Noble, UW",released,2020-01-08,hg19,,avocado:roadmap-hg19 imputations of H4K8ac in GM12878 (E116) at 25bp resolution.
ENCSR300GDW,imputation,"Bill Noble, UW",released,2020-01-08,hg19,,avocado:roadmap-hg19 imputations of H3K4ac in GM12878 (E116) at 25bp resolution.
ENCSR809QNB,imputation,"Bill Noble, UW",released,2020-01-08,hg19,,avocado:roadmap-hg19 imputations of H4K20me1 in GM12878 (E116) at 25bp resolution.
ENCSR526NGL,imputation,"Bill Noble, UW",released,2020-01-08,hg19,,avocado:roadmap-hg19 imputations of DNase in GM12878 (E116) at 25bp resolution.
ENCSR960KZW,imputation,"Bill Noble, UW",released,2020-01-08,hg19,,avocado:roadmap-hg19 imputations of H2AFZ in GM12878 (E116) at 25bp resolution.
ENCSR764LXV,imputation,"Bill Noble, UW",released,2020-01-08,hg19,,avocado:roadmap-hg19 imputations of H3K4me1 in GM12878 (E116) at 25bp resolution.
ENCSR055DTB,imputation,"Bill Noble, UW",released,2020-01-08,hg19,,avocado:roadmap-hg19 imputations of H2BK12ac in GM12878 (E116) at 25bp resolution.
ENCSR333EZC,imputation,"Bill Noble, UW",released,2020-01-08,hg19,,avocado:roadmap-hg19 imputations of H4K91ac in GM12878 (E116) at 25bp resolution.
ENCSR576BBL,imputation,"Bill Noble, UW",released,2020-01-08,hg19,,avocado:roadmap-hg19 imputations of H3K9me3 in GM12878 (E116) at 25bp resolution.
ENCSR480YCS,candidate Cis-Regulatory Elements,"Zhiping Weng, UMass",released,2017-09-12,hg19,ENCODE v1,GM12878
ENCSR250EJQ,candidate Cis-Regulatory Elements,"Zhiping Weng, UMass",released,2017-08-29,hg19,ENCODE v1,high CTCF for GM12878
ENCSR593JBX,candidate Cis-Regulatory Elements,"Zhiping Weng, UMass",released,2017-08-30,hg19,ENCODE v1,high H3K27ac for GM12878
ENCSR416WRC,candidate Cis-Regulatory Elements,"Zhiping Weng, UMass",released,2017-08-29,hg19,ENCODE v1,high H3K4me3 for GM12878
ENCSR078WNV,candidate Cis-Regulatory Elements,"Zhiping Weng, UMass",released,2017-08-31,hg19,ENCODE v1,high DNase for GM12878
ENCSR350DRI,imputation,"Bill Noble, UW",released,2018-04-10,hg19,ENCODE v1,Imputed signal track for cell type GM12878_Lymphoblastoid and assay H4K91ac using PREDICTD model. PREDICTD imputes data based on signal p-value data transformed with the inverse hyperbolic sine function for variance stabilization.
ENCSR538PXH,imputation,"Bill Noble, UW",released,2018-04-10,hg19,ENCODE v1,Imputed signal track for cell type GM12878_Lymphoblastoid and assay H4K8ac using PREDICTD model. PREDICTD imputes data based on signal p-value data transformed with the inverse hyperbolic sine function for variance stabilization.
ENCSR779NAZ,imputation,"Bill Noble, UW",released,2018-04-10,hg19,ENCODE v1,Imputed signal track for cell type GM12878_Lymphoblastoid and assay H4K20me1 using PREDICTD model. PREDICTD imputes data based on signal p-value data transformed with the inverse hyperbolic sine function for variance stabilization.
ENCSR663IGX,imputation,"Bill Noble, UW",released,2018-04-10,hg19,ENCODE v1,Imputed signal track for cell type GM12878_Lymphoblastoid and assay H3K9me3 using PREDICTD model. PREDICTD imputes data based on signal p-value data transformed with the inverse hyperbolic sine function for variance stabilization.
ENCSR162QGG,imputation,"Bill Noble, UW",released,2018-04-10,hg19,ENCODE v1,Imputed signal track for cell type GM12878_Lymphoblastoid and assay H3K9ac using PREDICTD model. PREDICTD imputes data based on signal p-value data transformed with the inverse hyperbolic sine function for variance stabilization.
ENCSR639FRO,imputation,"Bill Noble, UW",released,2018-04-10,hg19,ENCODE v1,Imputed signal track for cell type GM12878_Lymphoblastoid and assay H3K79me2 using PREDICTD model. PREDICTD imputes data based on signal p-value data transformed with the inverse hyperbolic sine function for variance stabilization.
ENCSR279MYP,imputation,"Bill Noble, UW",released,2018-04-10,hg19,ENCODE v1,Imputed signal track for cell type GM12878_Lymphoblastoid and assay H3K79me1 using PREDICTD model. PREDICTD imputes data based on signal p-value data transformed with the inverse hyperbolic sine function for variance stabilization.
ENCSR857JMS,imputation,"Bill Noble, UW",released,2018-04-10,hg19,ENCODE v1,Imputed signal track for cell type GM12878_Lymphoblastoid and assay H3K4me3 using PREDICTD model. PREDICTD imputes data based on signal p-value data transformed with the inverse hyperbolic sine function for variance stabilization.
ENCSR249GBD,imputation,"Bill Noble, UW",released,2018-04-10,hg19,ENCODE v1,Imputed signal track for cell type GM12878_Lymphoblastoid and assay H3K4me2 using PREDICTD model. PREDICTD imputes data based on signal p-value data transformed with the inverse hyperbolic sine function for variance stabilization.
ENCSR096DYN,imputation,"Bill Noble, UW",released,2018-04-10,hg19,ENCODE v1,Imputed signal track for cell type GM12878_Lymphoblastoid and assay H3K4me1 using PREDICTD model. PREDICTD imputes data based on signal p-value data transformed with the inverse hyperbolic sine function for variance stabilization.
ENCSR613SLL,imputation,"Bill Noble, UW",released,2018-04-10,hg19,ENCODE v1,Imputed signal track for cell type GM12878_Lymphoblastoid and assay H3K4ac using PREDICTD model. PREDICTD imputes data based on signal p-value data transformed with the inverse hyperbolic sine function for variance stabilization.
ENCSR991IZV,imputation,"Bill Noble, UW",released,2018-04-10,hg19,ENCODE v1,Imputed signal track for cell type GM12878_Lymphoblastoid and assay H3K36me3 using PREDICTD model. PREDICTD imputes data based on signal p-value data transformed with the inverse hyperbolic sine function for variance stabilization.
ENCSR128REJ,imputation,"Bill Noble, UW",released,2018-04-10,hg19,ENCODE v1,Imputed signal track for cell type GM12878_Lymphoblastoid and assay H3K27me3 using PREDICTD model. PREDICTD imputes data based on signal p-value data transformed with the inverse hyperbolic sine function for variance stabilization.
ENCSR746WHY,imputation,"Bill Noble, UW",released,2018-04-10,hg19,ENCODE v1,Imputed signal track for cell type GM12878_Lymphoblastoid and assay H3K27ac using PREDICTD model. PREDICTD imputes data based on signal p-value data transformed with the inverse hyperbolic sine function for variance stabilization.
ENCSR885MJG,imputation,"Bill Noble, UW",released,2018-04-10,hg19,ENCODE v1,Imputed signal track for cell type GM12878_Lymphoblastoid and assay H3K23ac using PREDICTD model. PREDICTD imputes data based on signal p-value data transformed with the inverse hyperbolic sine function for variance stabilization.
ENCSR707WRD,imputation,"Bill Noble, UW",released,2018-04-10,hg19,ENCODE v1,Imputed signal track for cell type GM12878_Lymphoblastoid and assay H3K18ac using PREDICTD model. PREDICTD imputes data based on signal p-value data transformed with the inverse hyperbolic sine function for variance stabilization.
ENCSR468UAZ,imputation,"Bill Noble, UW",released,2018-04-10,hg19,ENCODE v1,Imputed signal track for cell type GM12878_Lymphoblastoid and assay H3K14ac using PREDICTD model. PREDICTD imputes data based on signal p-value data transformed with the inverse hyperbolic sine function for variance stabilization.
ENCSR234CFW,imputation,"Bill Noble, UW",released,2018-04-10,hg19,ENCODE v1,Imputed signal track for cell type GM12878_Lymphoblastoid and assay H2BK5ac using PREDICTD model. PREDICTD imputes data based on signal p-value data transformed with the inverse hyperbolic sine function for variance stabilization.
ENCSR292SXR,imputation,"Bill Noble, UW",released,2018-04-10,hg19,ENCODE v1,Imputed signal track for cell type GM12878_Lymphoblastoid and assay H2BK15ac using PREDICTD model. PREDICTD imputes data based on signal p-value data transformed with the inverse hyperbolic sine function for variance stabilization.
ENCSR213LLY,imputation,"Bill Noble, UW",released,2018-04-10,hg19,ENCODE v1,Imputed signal track for cell type GM12878_Lymphoblastoid and assay H2BK12ac using PREDICTD model. PREDICTD imputes data based on signal p-value data transformed with the inverse hyperbolic sine function for variance stabilization.
ENCSR821TFN,imputation,"Bill Noble, UW",released,2018-04-10,hg19,ENCODE v1,Imputed signal track for cell type GM12878_Lymphoblastoid and assay H2BK120ac using PREDICTD model. PREDICTD imputes data based on signal p-value data transformed with the inverse hyperbolic sine function for variance stabilization.
ENCSR106ZVM,imputation,"Bill Noble, UW",released,2018-04-10,hg19,ENCODE v1,Imputed signal track for cell type GM12878_Lymphoblastoid and assay H2A.Z using PREDICTD model. PREDICTD imputes data based on signal p-value data transformed with the inverse hyperbolic sine function for variance stabilization.
ENCSR720WVR,imputation,"Bill Noble, UW",released,2018-04-10,hg19,ENCODE v1,Imputed signal track for cell type GM12878_Lymphoblastoid and assay H2AK5ac using PREDICTD model. PREDICTD imputes data based on signal p-value data transformed with the inverse hyperbolic sine function for variance stabilization.
ENCSR497WHN,imputation,"Bill Noble, UW",released,2018-04-10,hg19,ENCODE v1,Imputed signal track for cell type GM12878_Lymphoblastoid and assay DNase using PREDICTD model. PREDICTD imputes data based on signal p-value data transformed with the inverse hyperbolic sine function for variance stabilization.
ENCSR193RBX,chromatin state,"Manolis Kellis, Broad",released,2013-07-01,,ENCODE v0.3,ChromHMM 18-state model for Lymphoblastoid Cells
ENCSR012DGH,chromatin state,"Bill Noble, UW",released,2015-10-31,hg19,ENCODE v0.3,Domain annotation of GM12878 created by Segway with graph-based regularization.
ENCSR212BHV,chromatin state,ENCODE Consortium Analysis Working Group,released,2014-09-30,hg19,ENCODE v0.2,"ChromHMM Chromatin State Model using H3K4me3, H3K4me1, H3K36me3 and H3K27me3 input data"
ENCSR897MRM,overlap,"Gregory Crawford, Duke",released,2011-06-10,hg19,ENCODE v0.2,DNaseI/FAIRE/ChIP synthesis for GM12878
ENCSR655GEL,chromatin state,"Bradley Bernstein, Broad",released,2011-06-24,hg19,ENCODE v0.2,Hidden Markov Model Analysis of GM12878
