cell,call
c1_1_AAACCCACACTTCCTG-1,BAL 04
c1_1_AAACCCACAGACAAAT-1,BAL 03
c1_1_AAACCCACAGGACGAT-1,BAL 04
c1_1_AAACCCACATCCTAAG-1,BAL 04
c1_1_AAACCCAGTAACATCC-1,BAL 05
c1_1_AAACCCAGTACAGTTC-1,BAL 07
c1_1_AAACCCAGTACTGTTG-1,BAL 02
c1_1_AAACCCAGTGTCACAT-1,BAL 08
c1_1_AAACCCAGTTCTCAGA-1,BAL 02
c1_1_AAACCCAGTTGTCATG-1,BAL 01
c1_1_AAACCCAGTTTGTTGG-1,BAL 07
c1_1_AAACCCATCAACACCA-1,Multiplet
c1_1_AAACCCATCAGTAGGG-1,Multiplet
c1_1_AAACCCATCGGACTGC-1,BAL 02
c1_1_AAACGAACACTTCAGA-1,BAL 06
c1_1_AAACGAACATTATGCG-1,BAL 02
c1_1_AAACGAAGTCCTGAAT-1,BAL 06
c1_1_AAACGAAGTGAGATTA-1,BAL 08
c1_1_AAACGAAGTTCTCCTG-1,BAL 07
c1_1_AAACGAATCTGGCTGG-1,BAL 08
c1_1_AAACGCTAGACTGTTC-1,BAL 08
c1_1_AAACGCTAGCAAGGAA-1,BAL 04
c1_1_AAACGCTAGCGTGTCC-1,Multiplet
c1_1_AAACGCTAGCTTTCCC-1,Multiplet
c1_1_AAACGCTAGGAGGCAG-1,BAL 08
c1_1_AAACGCTCAACCTATG-1,BAL 02
c1_1_AAACGCTCACACTTAG-1,BAL 05
c1_1_AAACGCTCACCCTATC-1,BAL 08
c1_1_AAACGCTCACTCTAGA-1,Multiplet
c1_1_AAACGCTCAGCTCGGT-1,BAL 02
c1_1_AAACGCTCATGATCTG-1,BAL 04
c1_1_AAACGCTGTATGTCAC-1,BAL 03
c1_1_AAACGCTGTCAGGTAG-1,BAL 08
c1_1_AAACGCTGTCCACAGC-1,BAL 04
c1_1_AAACGCTGTGAGGAAA-1,BAL 08
c1_1_AAACGCTTCCGCAACG-1,BAL 07
c1_1_AAACGCTTCGCCATAA-1,BAL 02
c1_1_AAACGCTTCGCCTATC-1,BAL 08
c1_1_AAACGCTTCGCTAAAC-1,BAL 04
c1_1_AAACGCTTCGTCCTTG-1,BAL 02
c1_1_AAACGCTTCTGAATGC-1,BAL 02
c1_1_AAACGCTTCTTTGCGC-1,BAL 02
c1_1_AAAGAACAGAACTGAT-1,BAL 03
c1_1_AAAGAACAGAGCCTGA-1,Multiplet
c1_1_AAAGAACAGATTGACA-1,BAL 08
c1_1_AAAGAACAGCCTATCA-1,BAL 05
c1_1_AAAGAACAGCGTTAGG-1,BAL 07
c1_1_AAAGAACAGGCGAAGG-1,Multiplet
c1_1_AAAGAACAGGGATCAC-1,BAL 06
c1_1_AAAGAACCAAATTGCC-1,BAL 03
c1_1_AAAGAACCAACCGACC-1,BAL 08
c1_1_AAAGAACCAAGAGAGA-1,BAL 08
c1_1_AAAGAACCAAGCTGCC-1,BAL 03
c1_1_AAAGAACCACAGAAGC-1,BAL 02
c1_1_AAAGAACCACTTGACA-1,BAL 01
c1_1_AAAGAACCATACTTTC-1,Multiplet
c1_1_AAAGAACGTGCTATTG-1,BAL 06
c1_1_AAAGAACTCACTCGAA-1,BAL 01
c1_1_AAAGGATAGACTGTTC-1,BAL 07
c1_1_AAAGGATAGAGCTGAC-1,Negative
c1_1_AAAGGATCACATGAAA-1,Multiplet
c1_1_AAAGGATCAGCACAAG-1,BAL 08
c1_1_AAAGGATCAGCGCTTG-1,Multiplet
c1_1_AAAGGATGTAAGTTAG-1,BAL 08
c1_1_AAAGGATGTATCACGT-1,BAL 03
c1_1_AAAGGATGTCGGTGAA-1,BAL 01
c1_1_AAAGGATGTCGTATGT-1,BAL 08
c1_1_AAAGGATGTGCCCAGT-1,BAL 02
c1_1_AAAGGATGTTAATCGC-1,BAL 03
c1_1_AAAGGATTCCAAGAGG-1,BAL 07
c1_1_AAAGGATTCGATACGT-1,BAL 07
c1_1_AAAGGATTCTCTTAAC-1,BAL 06
c1_1_AAAGGATTCTTAGGAC-1,BAL 05
c1_1_AAAGGGCCACACCTAA-1,BAL 03
c1_1_AAAGGGCCATCCTATT-1,Multiplet
c1_1_AAAGGGCGTAGCGTCC-1,BAL 03
c1_1_AAAGGGCGTATGGGAC-1,Multiplet
c1_1_AAAGGGCGTCATCCCT-1,Multiplet
c1_1_AAAGGGCGTTCCGTTC-1,BAL 06
c1_1_AAAGGGCGTTGCGTAT-1,BAL 03
c1_1_AAAGGGCTCTGAGAAA-1,BAL 08
c1_1_AAAGGTAAGATACCAA-1,BAL 06
c1_1_AAAGGTAAGGTTCTAC-1,Multiplet
c1_1_AAAGGTACAAATCGGG-1,BAL 06
c1_1_AAAGGTACAAATGGAT-1,Multiplet
c1_1_AAAGGTACAACACAGG-1,Multiplet
c1_1_AAAGGTACAACCGCCA-1,BAL 01
c1_1_AAAGGTAGTATCTCTT-1,BAL 02
c1_1_AAAGGTATCCACGTCT-1,Multiplet
c1_1_AAAGGTATCGTGCGAC-1,BAL 03
c1_1_AAAGGTATCTCAGAAC-1,BAL 06
c1_1_AAAGGTATCTCGTGGG-1,Multiplet
c1_1_AAAGTCCCAATCGCGC-1,BAL 07
c1_1_AAAGTCCCACCGGTCA-1,BAL 05
c1_1_AAAGTCCCACCGTACG-1,Multiplet
c1_1_AAAGTCCCAGCCGTTG-1,Multiplet
c1_1_AAAGTCCCAGGCACTC-1,BAL 05
c1_1_AAAGTCCCAGTAACGG-1,BAL 05
c1_1_AAAGTCCCATCCAACA-1,BAL 07
c1_1_AAAGTCCGTCAACATC-1,BAL 06
c1_1_AAAGTCCGTCGTCTCT-1,BAL 07
c1_1_AAAGTCCGTTGAGTCT-1,BAL 05
c1_1_AAAGTCCTCCTCACGT-1,BAL 02
c1_1_AAAGTCCTCGATGCTA-1,Multiplet
c1_1_AAAGTCCTCTCAGGCG-1,BAL 04
c1_1_AAAGTCCTCTCTATGT-1,BAL 05
c1_1_AAAGTCCTCTGGCTGG-1,BAL 02
c1_1_AAAGTGAAGTATAGAC-1,BAL 05
c1_1_AAAGTGACACAGCTGC-1,BAL 02
c1_1_AAAGTGACAGACGCTC-1,BAL 05
c1_1_AAAGTGACAGTCCCGA-1,BAL 07
c1_1_AAAGTGACATCGATAC-1,BAL 02
c1_1_AAAGTGACATTCTTCA-1,Multiplet
c1_1_AAAGTGAGTAACTGCT-1,BAL 08
c1_1_AAAGTGAGTACAAACA-1,BAL 03
c1_1_AAAGTGAGTCCTTAAG-1,Multiplet
c1_1_AAAGTGAGTGTCCAAT-1,BAL 03
c1_1_AAAGTGAGTGTTGATC-1,Multiplet
c1_1_AAAGTGATCGTAATGC-1,Multiplet
c1_1_AAAGTGATCTAGCATG-1,Multiplet
c1_1_AAATGGAAGAGCACTG-1,Multiplet
c1_1_AAATGGACAAATCAGA-1,BAL 02
c1_1_AAATGGACAGAACTAA-1,BAL 01
c1_1_AAATGGACAGCAGTGA-1,BAL 06
c1_1_AAATGGACATGTGACT-1,BAL 07
c1_1_AAATGGACATGTTACG-1,Multiplet
c1_1_AAATGGAGTAAGCGGT-1,BAL 02
c1_1_AAATGGAGTACTGCCG-1,BAL 03
c1_1_AAATGGAGTCAGTCCG-1,BAL 03
c1_1_AAATGGAGTGAGGATC-1,BAL 03
c1_1_AAATGGATCTCGGTCT-1,Multiplet
c1_1_AACAAAGAGCGTTCAT-1,BAL 04
c1_1_AACAAAGAGGAGGCAG-1,BAL 05
c1_1_AACAAAGAGGTCATAA-1,BAL 05
c1_1_AACAAAGCAAGAATAC-1,BAL 07
c1_1_AACAAAGCAAGTACCT-1,BAL 07
c1_1_AACAAAGCACGCAAAG-1,Multiplet
c1_1_AACAAAGCAGGCGTTC-1,BAL 08
c1_1_AACAAAGCAGTACTAC-1,BAL 08
c1_1_AACAAAGCATAATGCC-1,Multiplet
c1_1_AACAAAGCATTGAGCT-1,Multiplet
c1_1_AACAAAGCATTGCCGG-1,BAL 02
c1_1_AACAAAGGTAGAAACT-1,Multiplet
c1_1_AACAAAGGTCTGCGCA-1,BAL 04
c1_1_AACAAAGGTGGTCTAT-1,BAL 03
c1_1_AACAAAGTCACTGTTT-1,BAL 06
c1_1_AACAAAGTCAGAGCGA-1,Multiplet
c1_1_AACAAAGTCCCGTTGT-1,BAL 05
c1_1_AACAAAGTCGCCGAAC-1,Multiplet
c1_1_AACAACCCAACGTAAA-1,Multiplet
c1_1_AACAACCCATGAGGGT-1,BAL 03
c1_1_AACAACCGTGGTTTAC-1,BAL 02
c1_1_AACAACCTCCAAGAGG-1,BAL 06
c1_1_AACAACCTCCTATTTG-1,Multiplet
c1_1_AACAACCTCGTGGACC-1,Multiplet
c1_1_AACAAGAAGACTGAGC-1,Multiplet
c1_1_AACAAGAAGCACTCAT-1,BAL 08
c1_1_AACAAGAAGCAGCCTC-1,BAL 08
c1_1_AACAAGAAGCATCCTA-1,Multiplet
c1_1_AACAAGAAGCTTCGTA-1,BAL 06
c1_1_AACAAGAAGGATGCGT-1,BAL 02
c1_1_AACAAGAAGGATTCCT-1,BAL 05
c1_1_AACAAGAAGGTATAGT-1,Multiplet
c1_1_AACAAGACACCCTGAG-1,BAL 05
c1_1_AACAAGACAGAACTTC-1,Multiplet
c1_1_AACAAGACATCGTGCG-1,Multiplet
c1_1_AACAAGACATGGGCAA-1,Multiplet
c1_1_AACAAGAGTACCGTGC-1,BAL 04
c1_1_AACAAGAGTAGCGCTC-1,BAL 03
c1_1_AACAAGAGTGGTCAAG-1,BAL 02
c1_1_AACAAGAGTTGAAGTA-1,BAL 08
c1_1_AACAAGATCCAGCTCT-1,Multiplet
c1_1_AACAAGATCCTCTCGA-1,BAL 02
c1_1_AACAAGATCCTGTAGA-1,BAL 08
c1_1_AACAAGATCTAGCAAC-1,BAL 02
c1_1_AACAAGATCTAGCCTC-1,BAL 03
c1_1_AACAAGATCTTCCTAA-1,BAL 05
c1_1_AACACACAGACCCGCT-1,BAL 03
c1_1_AACACACAGATGCCGA-1,BAL 02
c1_1_AACACACCAATGGCAG-1,BAL 07
c1_1_AACACACCAATTCACG-1,BAL 08
c1_1_AACACACCACAGTGAG-1,BAL 03
c1_1_AACACACCAGACCAGA-1,BAL 08
c1_1_AACACACGTATCGCGC-1,BAL 02
c1_1_AACACACGTCGGAACA-1,BAL 03
c1_1_AACACACGTCGTTCAA-1,BAL 02
c1_1_AACACACGTGCAGTGA-1,BAL 01
c1_1_AACACACGTGTTACAC-1,BAL 08
c1_1_AACACACGTTGTGCAT-1,Multiplet
c1_1_AACACACTCACTTGGA-1,BAL 03
c1_1_AACACACTCCATACAG-1,BAL 03
c1_1_AACAGGGAGCCGCACT-1,BAL 05
c1_1_AACAGGGAGTACAACA-1,BAL 03
c1_1_AACAGGGCAAGAGAGA-1,BAL 07
c1_1_AACAGGGGTACCATAC-1,BAL 01
c1_1_AACAGGGGTGGTTCTA-1,BAL 03
c1_1_AACAGGGGTTACCCTC-1,BAL 08
c1_1_AACAGGGGTTCCTAAG-1,BAL 07
c1_1_AACAGGGTCACTAGCA-1,BAL 05
c1_1_AACAGGGTCACTGGTA-1,BAL 02
c1_1_AACAGGGTCTAGTACG-1,BAL 02
c1_1_AACAGGGTCTAGTTCT-1,BAL 03
c1_1_AACAGGGTCTGCCTCA-1,BAL 08
c1_1_AACCAACCAACCTAAC-1,BAL 04
c1_1_AACCAACCACCTCTAC-1,BAL 03
c1_1_AACCAACCACGAGAAC-1,BAL 05
c1_1_AACCAACCACTGTGTA-1,BAL 05
c1_1_AACCAACCACTTGTCC-1,BAL 02
c1_1_AACCAACCAGGTACGA-1,BAL 05
c1_1_AACCAACCATAATGCC-1,BAL 04
c1_1_AACCAACGTAATCAAG-1,BAL 03
c1_1_AACCAACGTTAGGGTG-1,BAL 02
c1_1_AACCAACTCACTACGA-1,BAL 08
c1_1_AACCAACTCCTAGAGT-1,BAL 04
c1_1_AACCAACTCGCATTGA-1,BAL 05
c1_1_AACCACAAGATGAACT-1,BAL 08
c1_1_AACCACAAGCTCATAC-1,BAL 03
c1_1_AACCACAAGGCCCAAA-1,Multiplet
c1_1_AACCACACATAATCCG-1,Negative
c1_1_AACCACACATTGAAGA-1,BAL 03
c1_1_AACCACAGTCAGTCCG-1,BAL 01
c1_1_AACCACAGTTCAAGGG-1,BAL 08
c1_1_AACCACAGTTGGGAAC-1,BAL 06
c1_1_AACCACATCCCAGGAC-1,Multiplet
c1_1_AACCACATCCGATTAG-1,BAL 03
c1_1_AACCATGAGAGGTGCT-1,BAL 08
c1_1_AACCATGAGCCTGAAG-1,Multiplet
c1_1_AACCATGAGCGACATG-1,BAL 06
c1_1_AACCATGAGGACAGTC-1,BAL 02
c1_1_AACCATGAGGTATCTC-1,Multiplet
c1_1_AACCATGAGGTGATAT-1,BAL 08
c1_1_AACCATGAGTGGAAAG-1,BAL 07
c1_1_AACCATGCAATAGTAG-1,BAL 02
c1_1_AACCATGCACCAGCCA-1,Multiplet
c1_1_AACCATGCAGAGAATT-1,BAL 04
c1_1_AACCATGCATAGGTTC-1,Multiplet
c1_1_AACCATGCATGGATCT-1,Multiplet
c1_1_AACCATGCATTGTAGC-1,BAL 01
c1_1_AACCATGGTAATCAAG-1,BAL 05
c1_1_AACCATGGTCTGATCA-1,Multiplet
c1_1_AACCATGGTCTGTGTA-1,BAL 07
c1_1_AACCATGGTTGATCGT-1,BAL 03
c1_1_AACCATGGTTGCATAC-1,BAL 06
c1_1_AACCATGTCCATCAGA-1,Multiplet
c1_1_AACCATGTCGCCACTT-1,BAL 02
c1_1_AACCATGTCGTGTGAT-1,BAL 01
c1_1_AACCATGTCTCGCTTG-1,BAL 02
c1_1_AACCCAAAGATCCCAT-1,BAL 05
c1_1_AACCCAAAGCACGTCC-1,BAL 01
c1_1_AACCCAAAGCCACTCG-1,BAL 04
c1_1_AACCCAAAGCCGAATG-1,BAL 05
c1_1_AACCCAAAGCTACAAA-1,BAL 04
c1_1_AACCCAAAGTAAGACT-1,Multiplet
c1_1_AACCCAAAGTGCACAG-1,BAL 01
c1_1_AACCCAAAGTTCGCAT-1,Negative
c1_1_AACCCAAAGTTCGGTT-1,BAL 07
c1_1_AACCCAACAACGTTAC-1,BAL 05
c1_1_AACCCAACAAGATCCT-1,BAL 07
c1_1_AACCCAACACATATGC-1,BAL 05
c1_1_AACCCAAGTACTGAGG-1,Multiplet
c1_1_AACCCAAGTATAGGGC-1,Multiplet
c1_1_AACCCAAGTATCCTCC-1,BAL 07
c1_1_AACCCAAGTGAAGCTG-1,BAL 04
c1_1_AACCCAATCCACGAAT-1,Multiplet
c1_1_AACCCAATCCCTGGTT-1,BAL 02
c1_1_AACCCAATCCTCTCTT-1,BAL 05
c1_1_AACCCAATCGATTTCT-1,BAL 01
c1_1_AACCCAATCTAGTTCT-1,BAL 08
c1_1_AACCTGAAGACTTCAC-1,BAL 03
c1_1_AACCTGAAGATCCAAA-1,BAL 04
c1_1_AACCTGAAGCAGGCAT-1,BAL 02
c1_1_AACCTGAAGCCGTTAT-1,BAL 08
c1_1_AACCTGAAGCGATGCA-1,Multiplet
c1_1_AACCTGACACAGAAGC-1,BAL 03
c1_1_AACCTGACACATATCG-1,Multiplet
c1_1_AACCTGACACCAAATC-1,BAL 03
c1_1_AACCTGACAGGTCTCG-1,BAL 06
c1_1_AACCTGACATGGCGCT-1,BAL 06
c1_1_AACCTGAGTAGGCTGA-1,BAL 01
c1_1_AACCTGAGTGTCCCTT-1,BAL 03
c1_1_AACCTGATCGTGGGAA-1,Multiplet
c1_1_AACCTGATCTGTACAG-1,BAL 03
c1_1_AACCTTTAGCCGGATA-1,BAL 06
c1_1_AACCTTTAGCTTCTAG-1,BAL 08
c1_1_AACCTTTAGTTCTCTT-1,BAL 05
c1_1_AACCTTTCAGAGCGTA-1,Multiplet
c1_1_AACCTTTCAGCCTACG-1,BAL 07
c1_1_AACCTTTCAGTTGCGC-1,BAL 02
c1_1_AACCTTTGTCGTCGGT-1,Multiplet
c1_1_AACCTTTGTGTTGACT-1,Multiplet
c1_1_AACCTTTGTTATGTCG-1,BAL 05
c1_1_AACCTTTTCAGCCCAG-1,BAL 07
c1_1_AACCTTTTCTACTCAT-1,BAL 03
c1_1_AACGAAAAGAGCAAGA-1,Multiplet
c1_1_AACGAAAAGATCCCGC-1,BAL 03
c1_1_AACGAAAAGGAAGTGA-1,BAL 08
c1_1_AACGAAAAGGTCCCTG-1,BAL 02
c1_1_AACGAAAAGTGATAGT-1,BAL 03
c1_1_AACGAAACAAGTGTCT-1,BAL 06
c1_1_AACGAAACAGGCGAAT-1,BAL 06
c1_1_AACGAAAGTGTCCAAT-1,BAL 01
c1_1_AACGAAAGTTCGGCTG-1,Multiplet
c1_1_AACGAAATCACCTCTG-1,BAL 02
c1_1_AACGAAATCCAAACCA-1,BAL 04
c1_1_AACGAAATCCCGAGGT-1,BAL 08
c1_1_AACGAAATCCTCTAAT-1,BAL 08
c1_1_AACGGGAAGAGCAGCT-1,BAL 08
c1_1_AACGGGAAGAGGTCAC-1,BAL 01
c1_1_AACGGGAAGGATATAC-1,Multiplet
c1_1_AACGGGAAGTCCCGAC-1,BAL 04
c1_1_AACGGGACACGACCTG-1,BAL 03
c1_1_AACGGGACAGAAACCG-1,BAL 05
c1_1_AACGGGAGTACCAATC-1,BAL 06
c1_1_AACGGGAGTAGTACGG-1,BAL 05
c1_1_AACGGGAGTATCGGTT-1,BAL 02
c1_1_AACGGGAGTGGTCTCG-1,BAL 07
c1_1_AACGGGATCAGTGTGT-1,BAL 07
c1_1_AACGGGATCGACCAAT-1,BAL 02
c1_1_AACGGGATCTGGTGGC-1,BAL 08
c1_1_AACGTCAAGAGCTGAC-1,BAL 04
c1_1_AACGTCAAGTAGGGTC-1,BAL 08
c1_1_AACGTCACAAATGAAC-1,BAL 05
c1_1_AACGTCACAACTGCTA-1,BAL 08
c1_1_AACGTCACAATCGTCA-1,BAL 01
c1_1_AACGTCACACCCTCTA-1,Multiplet
c1_1_AACGTCACACTACCCT-1,BAL 02
c1_1_AACGTCACATCCTGTC-1,Multiplet
c1_1_AACGTCACATCTCAAG-1,BAL 03
c1_1_AACGTCAGTAGGACCA-1,BAL 05
c1_1_AACGTCAGTTTACGAC-1,BAL 01
c1_1_AACGTCATCAATCGGT-1,BAL 06
c1_1_AACGTCATCGCTCTCA-1,BAL 07
c1_1_AACGTCATCTCAGAAC-1,BAL 08
c1_1_AACGTCATCTGAGAGG-1,BAL 08
c1_1_AACGTCATCTGAGGTT-1,BAL 01
c1_1_AACGTCATCTTCCAGC-1,BAL 03
c1_1_AACTTCTCAAATTGCC-1,Multiplet
c1_1_AACTTCTCAAGGCCTC-1,BAL 03
c1_1_AACTTCTCATCCCACT-1,BAL 03
c1_1_AACTTCTCATGTTCGA-1,BAL 08
c1_1_AACTTCTGTGCCCACA-1,BAL 05
c1_1_AACTTCTGTTACCTGA-1,BAL 04
c1_1_AACTTCTGTTCAAGTC-1,BAL 07
c1_1_AACTTCTTCCCGAGAC-1,BAL 03
c1_1_AACTTCTTCCTCACTG-1,BAL 01
c1_1_AACTTCTTCGAATGCT-1,BAL 06
c1_1_AACTTCTTCTTGCAAG-1,BAL 06
c1_1_AAGAACAAGCGACCCT-1,Multiplet
c1_1_AAGAACAAGCTACAAA-1,BAL 07
c1_1_AAGAACAAGGACAACC-1,BAL 07
c1_1_AAGAACAAGGGAGGCA-1,BAL 07
c1_1_AAGAACACATAGCACT-1,BAL 05
c1_1_AAGAACACATATCGGT-1,BAL 07
c1_1_AAGAACACATGTTACG-1,BAL 02
c1_1_AAGAACAGTAAGGCCA-1,Multiplet
c1_1_AAGAACAGTTTCACTT-1,BAL 07
c1_1_AAGAACATCACCATCC-1,BAL 03
c1_1_AAGAACATCACTGATG-1,Multiplet
c1_1_AAGAACATCCTTATAC-1,BAL 05
c1_1_AAGAACATCTCCCTAG-1,BAL 08
c1_1_AAGACAAAGCTGAGTG-1,BAL 06
c1_1_AAGACAAAGGAGATAG-1,BAL 02
c1_1_AAGACAAAGTAACGAT-1,BAL 06
c1_1_AAGACAACAGTGTGGA-1,BAL 05
c1_1_AAGACAAGTAGAGATT-1,BAL 07
c1_1_AAGACAAGTAGGTCAG-1,BAL 06
c1_1_AAGACAAGTCATTGCA-1,BAL 08
c1_1_AAGACAAGTGAGGAAA-1,BAL 02
c1_1_AAGACAAGTTCGGCTG-1,BAL 01
c1_1_AAGACAATCCCGAATA-1,BAL 02
c1_1_AAGACAATCCTCTGCA-1,Multiplet
c1_1_AAGACTCAGACTGTTC-1,Multiplet
c1_1_AAGACTCAGGGAGAAT-1,BAL 07
c1_1_AAGACTCAGTTAGTAG-1,BAL 04
c1_1_AAGACTCCACGCTGTG-1,Multiplet
c1_1_AAGACTCCACTTGAGT-1,BAL 06
c1_1_AAGACTCGTTGCGGAA-1,Multiplet
c1_1_AAGACTCTCTGCTAGA-1,BAL 06
c1_1_AAGATAGCAAATTAGG-1,Multiplet
c1_1_AAGATAGCAATTGCAC-1,Multiplet
c1_1_AAGATAGGTCAGCGTC-1,BAL 03
c1_1_AAGATAGGTCTAGTGT-1,BAL 08
c1_1_AAGATAGGTTGCCATA-1,BAL 08
c1_1_AAGATAGTCCAACTGA-1,Multiplet
c1_1_AAGCATCCACGCGTGT-1,Multiplet
c1_1_AAGCATCCACGTGAGA-1,BAL 05
c1_1_AAGCATCCAGTGCGCT-1,BAL 01
c1_1_AAGCATCGTACACTCA-1,BAL 02
c1_1_AAGCATCGTCAACCAT-1,Multiplet
c1_1_AAGCATCGTCAAGCCC-1,Multiplet
c1_1_AAGCATCGTCGTGGTC-1,Multiplet
c1_1_AAGCATCGTGTTTACG-1,BAL 01
c1_1_AAGCATCTCACAGTGT-1,BAL 01
c1_1_AAGCATCTCGAGGCAA-1,BAL 04
c1_1_AAGCATCTCGTAGTCA-1,Multiplet
c1_1_AAGCCATAGAGTTGTA-1,BAL 05
c1_1_AAGCCATAGTGGATTA-1,BAL 08
c1_1_AAGCCATAGTGGTTCT-1,BAL 08
c1_1_AAGCCATCACTGTCGG-1,BAL 02
c1_1_AAGCCATCAGACCGCT-1,BAL 02
c1_1_AAGCCATGTCACTCGG-1,Multiplet
c1_1_AAGCCATTCATCGGGC-1,BAL 04
c1_1_AAGCCATTCGGTTCAA-1,BAL 01
c1_1_AAGCCATTCTATGCCC-1,BAL 01
c1_1_AAGCCATTCTTCGATT-1,BAL 04
c1_1_AAGCGAGAGACCATGG-1,BAL 04
c1_1_AAGCGAGAGCATCTTG-1,BAL 07
c1_1_AAGCGAGAGTGGCGAT-1,BAL 05
c1_1_AAGCGAGCACCCAAGC-1,Multiplet
c1_1_AAGCGAGCACGCAGTC-1,BAL 02
c1_1_AAGCGAGCATCGATGT-1,BAL 07
c1_1_AAGCGAGGTAAGGCTG-1,Multiplet
c1_1_AAGCGAGGTAATGCGG-1,BAL 06
c1_1_AAGCGAGGTTCAAAGA-1,BAL 07
c1_1_AAGCGAGTCCAGCTCT-1,BAL 03
c1_1_AAGCGAGTCTCTGCCA-1,BAL 06
c1_1_AAGCGTTAGACTTGTC-1,BAL 05
c1_1_AAGCGTTAGAGAGGTA-1,Multiplet
c1_1_AAGCGTTAGCAAGTCG-1,BAL 06
c1_1_AAGCGTTAGCGCCCAT-1,BAL 05
c1_1_AAGCGTTAGGCGACAT-1,Multiplet
c1_1_AAGCGTTAGGCGTTGA-1,BAL 05
c1_1_AAGCGTTAGGTTCACT-1,Multiplet
c1_1_AAGCGTTCAAGAATGT-1,BAL 02
c1_1_AAGCGTTCAGAGTAAT-1,BAL 07
c1_1_AAGCGTTCATTGAGGG-1,BAL 06
c1_1_AAGCGTTGTGATTCAC-1,BAL 07
c1_1_AAGCGTTGTGCGAGTA-1,Multiplet
c1_1_AAGCGTTTCACCATCC-1,BAL 05
c1_1_AAGCGTTTCATAGACC-1,BAL 03
c1_1_AAGCGTTTCCCAGGCA-1,Multiplet
c1_1_AAGCGTTTCGGTGAAG-1,BAL 02
c1_1_AAGCGTTTCTGAACGT-1,Multiplet
c1_1_AAGGAATAGACAAGCC-1,BAL 06
c1_1_AAGGAATAGTTAGTAG-1,BAL 06
c1_1_AAGGAATCAGGTGTGA-1,Multiplet
c1_1_AAGGAATCAGTATGAA-1,BAL 02
c1_1_AAGGAATGTTCTAAGC-1,Multiplet
c1_1_AAGGAATGTTTACGAC-1,BAL 03
c1_1_AAGGAATTCAAGGCTT-1,BAL 02
c1_1_AAGGAATTCACTGTCC-1,BAL 08
c1_1_AAGGAATTCCGAGAAG-1,BAL 06
c1_1_AAGGAATTCGACTCCT-1,BAL 03
c1_1_AAGGTAAAGAGCGACT-1,BAL 04
c1_1_AAGGTAAAGCAAATCA-1,BAL 01
c1_1_AAGGTAAAGCTGTTCA-1,Multiplet
c1_1_AAGGTAAAGTCTGTAC-1,BAL 03
c1_1_AAGGTAACACACAGAG-1,Negative
c1_1_AAGGTAACACTTCCTG-1,BAL 03
c1_1_AAGGTAACAGCTACAT-1,BAL 08
c1_1_AAGGTAAGTTCTCGTC-1,Multiplet
c1_1_AAGGTAATCTTAGTTC-1,BAL 05
c1_1_AAGTACCAGAATCTAG-1,Multiplet
c1_1_AAGTACCAGGAAACGA-1,BAL 03
c1_1_AAGTACCAGGCCTTCG-1,BAL 02
c1_1_AAGTACCAGGTGCCAA-1,BAL 03
c1_1_AAGTACCCAACTTGCA-1,BAL 02
c1_1_AAGTACCCACACCTTC-1,Multiplet
c1_1_AAGTACCCAGCGGATA-1,Multiplet
c1_1_AAGTACCCAGCGGTCT-1,BAL 05
c1_1_AAGTACCCAGGAACCA-1,Multiplet
c1_1_AAGTACCCAGGACGAT-1,BAL 07
c1_1_AAGTACCCATCGTGCG-1,BAL 07
c1_1_AAGTACCGTACTTGTG-1,BAL 04
c1_1_AAGTACCGTATTCTCT-1,BAL 08
c1_1_AAGTACCGTCACTAGT-1,BAL 08
c1_1_AAGTACCGTCCGGCAT-1,BAL 01
c1_1_AAGTACCGTGGCGCTT-1,BAL 04
c1_1_AAGTACCGTTGCCGAC-1,BAL 06
c1_1_AAGTACCGTTTAGTCG-1,Negative
c1_1_AAGTACCTCGGTCGAC-1,BAL 07
c1_1_AAGTACCTCTGTGCTC-1,BAL 07
c1_1_AAGTCGTAGCTCCATA-1,BAL 06
c1_1_AAGTCGTAGCTGACTT-1,BAL 03
c1_1_AAGTCGTAGGAGCAAA-1,BAL 02
c1_1_AAGTCGTCAAGACGGT-1,BAL 01
c1_1_AAGTCGTGTGATAGTA-1,BAL 03
c1_1_AAGTCGTGTGTCCACG-1,BAL 04
c1_1_AAGTCGTTCCACCTCA-1,BAL 03
c1_1_AAGTGAAAGCAGCACA-1,Multiplet
c1_1_AAGTGAAAGCCGAACA-1,BAL 02
c1_1_AAGTGAAAGCCTGAAG-1,BAL 02
c1_1_AAGTGAAAGTAGACAT-1,Multiplet
c1_1_AAGTGAAAGTCAGGGT-1,BAL 02
c1_1_AAGTGAAAGTCTAACC-1,BAL 01
c1_1_AAGTGAACAAAGCACG-1,BAL 04
c1_1_AAGTGAACAGGCTCTG-1,BAL 06
c1_1_AAGTGAAGTGCCTTCT-1,BAL 02
c1_1_AAGTGAAGTGGTCTGC-1,BAL 02
c1_1_AAGTGAATCCGGCAAC-1,BAL 03
c1_1_AAGTGAATCCTCTCTT-1,BAL 06
c1_1_AAGTGAATCCTGCCAT-1,BAL 02
c1_1_AAGTGAATCGCGTAGC-1,BAL 03
c1_1_AAGTTCGAGGAAAGGT-1,BAL 03
c1_1_AAGTTCGCAAGGCTTT-1,BAL 05
c1_1_AAGTTCGCACCAACAT-1,BAL 03
c1_1_AAGTTCGCACTGTGAT-1,BAL 07
c1_1_AAGTTCGCAGAGTAAT-1,BAL 08
c1_1_AAGTTCGTCCACGTCT-1,BAL 02
c1_1_AAGTTCGTCCTCAGAA-1,BAL 08
c1_1_AAGTTCGTCGCTATTT-1,BAL 07
c1_1_AAGTTCGTCGGTAAGG-1,BAL 03
c1_1_AAGTTCGTCTCTCTAA-1,BAL 06
c1_1_AAGTTCGTCTGCGGGT-1,BAL 07
c1_1_AAGTTCGTCTTCACGC-1,BAL 08
c1_1_AAGTTCGTCTTTGGAG-1,BAL 05
c1_1_AATAGAGCACATAACC-1,BAL 03
c1_1_AATAGAGCAGCAGTCC-1,BAL 08
c1_1_AATAGAGCATGTGGTT-1,BAL 01
c1_1_AATAGAGGTACGACAG-1,BAL 07
c1_1_AATAGAGGTATTCCGA-1,Multiplet
c1_1_AATAGAGGTCGGCACT-1,Multiplet
c1_1_AATAGAGGTCTTCCGT-1,Multiplet
c1_1_AATAGAGGTGTTAACC-1,BAL 03
c1_1_AATAGAGGTGTTGAGG-1,Multiplet
c1_1_AATAGAGTCAGCTGTA-1,Multiplet
c1_1_AATAGAGTCATCACTT-1,BAL 07
c1_1_AATAGAGTCCACGTCT-1,BAL 01
c1_1_AATAGAGTCTGTTCAT-1,BAL 07
c1_1_AATCACGAGGTCCAGA-1,BAL 06
c1_1_AATCACGAGTCTTCCC-1,BAL 07
c1_1_AATCACGCAGACAAGC-1,BAL 03
c1_1_AATCACGCAGCAAGAC-1,Multiplet
c1_1_AATCACGCAGCAGTCC-1,BAL 02
c1_1_AATCACGCAGCCGTTG-1,BAL 05
c1_1_AATCACGCAGTTGAAA-1,BAL 03
c1_1_AATCACGCATCGCTGG-1,BAL 07
c1_1_AATCACGGTACTCAAC-1,BAL 08
c1_1_AATCACGGTAGCTGAG-1,BAL 06
c1_1_AATCACGGTCGTCATA-1,BAL 05
c1_1_AATCACGGTTCTCACC-1,BAL 05
c1_1_AATCACGGTTCTCTCG-1,BAL 08
c1_1_AATCACGTCACTTGTT-1,BAL 08
c1_1_AATCACGTCATTACGG-1,BAL 02
c1_1_AATCACGTCCTCTCGA-1,BAL 03
c1_1_AATCACGTCTGAACGT-1,Multiplet
c1_1_AATCGACAGGTAAGTT-1,BAL 08
c1_1_AATCGACAGTAGGCCA-1,BAL 07
c1_1_AATCGACCAACCCTCT-1,BAL 03
c1_1_AATCGACCAAGCCATT-1,BAL 07
c1_1_AATCGACCACTACAGT-1,BAL 03
c1_1_AATCGACCAGATACTC-1,BAL 02
c1_1_AATCGACCAGCTATTG-1,BAL 04
c1_1_AATCGACCAGGTTTAC-1,BAL 07
c1_1_AATCGACGTAGGAGGG-1,BAL 07
c1_1_AATCGACGTGACCGTC-1,BAL 04
c1_1_AATCGACGTGAGTGAC-1,Multiplet
c1_1_AATCGACGTTTCAGAC-1,BAL 01
c1_1_AATCGTGAGGTGAGCT-1,BAL 04
c1_1_AATCGTGCACCAGCGT-1,BAL 04
c1_1_AATCGTGGTAGCCAGA-1,BAL 03
c1_1_AATCGTGGTCTGTAAC-1,BAL 02
c1_1_AATCGTGGTTAGGGTG-1,BAL 05
c1_1_AATCGTGTCCGCCTAT-1,BAL 06
c1_1_AATCGTGTCCGGACTG-1,BAL 04
c1_1_AATGAAGAGAATCTAG-1,BAL 06
c1_1_AATGAAGAGACTAAGT-1,BAL 03
c1_1_AATGAAGAGAGGGTAA-1,BAL 04
c1_1_AATGAAGAGCGTTGTT-1,BAL 04
c1_1_AATGAAGAGGGCCCTT-1,BAL 03
c1_1_AATGAAGCAAGAAATC-1,BAL 05
c1_1_AATGAAGGTGTCCGTG-1,BAL 04
c1_1_AATGAAGGTTACCCAA-1,BAL 03
c1_1_AATGAAGGTTCCTACC-1,BAL 05
c1_1_AATGAAGGTTGTAGCT-1,BAL 06
c1_1_AATGAAGTCCGTATAG-1,BAL 08
c1_1_AATGACCAGAAGCCTG-1,BAL 02
c1_1_AATGACCAGCCACAAG-1,BAL 02
c1_1_AATGACCCACGGTGTC-1,BAL 01
c1_1_AATGACCCAGAACTCT-1,BAL 05
c1_1_AATGACCCATGAAGCG-1,BAL 01
c1_1_AATGACCGTCATTCCC-1,BAL 05
c1_1_AATGACCGTTCGATTG-1,BAL 07
c1_1_AATGACCTCAAGAGGC-1,BAL 06
c1_1_AATGACCTCACAGAGG-1,BAL 06
c1_1_AATGACCTCACGATCA-1,Negative
c1_1_AATGACCTCCCGAGGT-1,Multiplet
c1_1_AATGACCTCCTTCAGC-1,Multiplet
c1_1_AATGACCTCGAGCCAC-1,BAL 03
c1_1_AATGACCTCTGGCCTT-1,Multiplet
c1_1_AATGCCAAGAATCCCT-1,BAL 08
c1_1_AATGCCAAGACGCAGT-1,BAL 04
c1_1_AATGCCAAGGATTCCT-1,BAL 02
c1_1_AATGCCAAGTTTCAGC-1,BAL 05
c1_1_AATGCCACACACACTA-1,Negative
c1_1_AATGCCACATGGCACC-1,BAL 06
c1_1_AATGCCAGTGATGAAT-1,BAL 03
c1_1_AATGCCAGTGCGAGTA-1,BAL 01
c1_1_AATGCCATCCTGTTAT-1,BAL 07
c1_1_AATGCCATCGAGTACT-1,BAL 05
c1_1_AATGCCATCGCCAATA-1,BAL 03
c1_1_AATGCCATCGCGATCG-1,BAL 06
c1_1_AATGCCATCTGAATCG-1,BAL 02
c1_1_AATGCCATCTTCGCTG-1,BAL 04
c1_1_AATGGAAAGAGCTGCA-1,Multiplet
c1_1_AATGGAAAGAGGATCC-1,BAL 02
c1_1_AATGGAAAGATAGGGA-1,BAL 05
c1_1_AATGGAAAGCTAGATA-1,BAL 05
c1_1_AATGGAAAGTTGCCTA-1,BAL 05
c1_1_AATGGAACAAATCGGG-1,BAL 04
c1_1_AATGGAACAACCGACC-1,BAL 03
c1_1_AATGGAACAGAATGTA-1,BAL 08
c1_1_AATGGAACAGTCACGC-1,BAL 01
c1_1_AATGGAACATAATGAG-1,BAL 08
c1_1_AATGGAAGTCGGTACC-1,BAL 06
c1_1_AATGGAAGTCTCAAGT-1,BAL 08
c1_1_AATGGAAGTGCCGGTT-1,Multiplet
c1_1_AATGGAAGTTTGATCG-1,BAL 02
c1_1_AATGGAATCATAGGCT-1,BAL 03
c1_1_AATGGAATCCGATAGT-1,BAL 07
c1_1_AATGGCTAGAGCAGAA-1,BAL 01
c1_1_AATGGCTAGCAAATCA-1,BAL 03
c1_1_AATGGCTAGCCGCACT-1,BAL 05
c1_1_AATGGCTAGCCTAGGA-1,Multiplet
c1_1_AATGGCTAGCGGGTTA-1,Multiplet
c1_1_AATGGCTAGTGAGTTA-1,BAL 04
c1_1_AATGGCTAGTTATGGA-1,BAL 05
c1_1_AATGGCTCAACGTATC-1,BAL 08
c1_1_AATGGCTCATGCAGCC-1,BAL 08
c1_1_AATGGCTGTCGTTATG-1,BAL 03
c1_1_AATGGCTTCAGGTGTT-1,BAL 02
c1_1_AATGGCTTCCTTCTGG-1,BAL 07
c1_1_AATGGCTTCTTACTGT-1,BAL 07
c1_1_AATGGCTTCTTGGGCG-1,BAL 02
c1_1_AATTCCTAGACTCATC-1,BAL 06
c1_1_AATTCCTAGCAGATAT-1,BAL 07
c1_1_AATTCCTAGCTTGTTG-1,Multiplet
c1_1_AATTCCTAGTCACGAG-1,BAL 02
c1_1_AATTCCTAGTCGCCAC-1,BAL 05
c1_1_AATTCCTAGTGGCGAT-1,BAL 02
c1_1_AATTCCTCACTCCCTA-1,BAL 08
c1_1_AATTCCTGTAAGCTCT-1,BAL 03
c1_1_AATTCCTGTCGTCGGT-1,BAL 08
c1_1_AATTCCTGTCTCAGGC-1,BAL 08
c1_1_AATTCCTGTCTCCTGT-1,BAL 03
c1_1_AATTCCTGTGCCTTCT-1,BAL 03
c1_1_AATTCCTTCTAAGAAG-1,BAL 07
c1_1_AATTCCTTCTCCATAT-1,BAL 01
c1_1_AATTTCCAGGAATCGC-1,BAL 05
c1_1_AATTTCCCAACAGCCC-1,Multiplet
c1_1_AATTTCCCACCTCGTT-1,Multiplet
c1_1_AATTTCCCATTGTACG-1,BAL 07
c1_1_AATTTCCGTCGTGATT-1,Multiplet
c1_1_AATTTCCGTGGACTGA-1,BAL 04
c1_1_AATTTCCGTGGGTTGA-1,BAL 03
c1_1_AATTTCCGTTCCGGTG-1,Multiplet
c1_1_AATTTCCTCACAATGC-1,BAL 03
c1_1_AATTTCCTCACCTGTC-1,BAL 08
c1_1_AATTTCCTCACGACTA-1,BAL 06
c1_1_AATTTCCTCCACACAA-1,BAL 01
c1_1_AATTTCCTCGTTCAGA-1,BAL 07
c1_1_ACAAAGAAGATAGGGA-1,BAL 02
c1_1_ACAAAGACAACTACGT-1,BAL 07
c1_1_ACAAAGACACTACCGG-1,BAL 08
c1_1_ACAAAGACAGCCTTCT-1,BAL 01
c1_1_ACAAAGACAGGTCCCA-1,Multiplet
c1_1_ACAAAGACATCACGGC-1,Multiplet
c1_1_ACAAAGAGTCTTACAG-1,BAL 04
c1_1_ACAAAGAGTGGCTTGC-1,Multiplet
c1_1_ACAAAGAGTGTATTCG-1,BAL 01
c1_1_ACAAAGAGTGTGTACT-1,BAL 03
c1_1_ACAAAGATCACCCTTG-1,BAL 08
c1_1_ACAAAGATCACTAGCA-1,BAL 07
c1_1_ACAAAGATCTCTTGCG-1,Negative
c1_1_ACAACCAAGCGCTGCT-1,BAL 06
c1_1_ACAACCAAGCGTGAGT-1,BAL 02
c1_1_ACAACCAAGCTGCCAC-1,Multiplet
c1_1_ACAACCAAGGGCAATC-1,Multiplet
c1_1_ACAACCAAGGGTATAT-1,Multiplet
c1_1_ACAACCAAGTTGTACC-1,BAL 02
c1_1_ACAACCACAGTCTACA-1,BAL 07
c1_1_ACAACCACATGCAGCC-1,BAL 03
c1_1_ACAACCAGTAACTTCG-1,BAL 08
c1_1_ACAACCAGTCGCATGC-1,BAL 06
c1_1_ACAACCATCAGAGCGA-1,BAL 06
c1_1_ACAACCATCCGTGTCT-1,BAL 02
c1_1_ACAACCATCGCAGAGA-1,BAL 05
c1_1_ACAACCATCTCATTTG-1,Multiplet
c1_1_ACAACCATCTGACCCT-1,BAL 08
c1_1_ACAAGCTAGATGAACT-1,BAL 02
c1_1_ACAAGCTAGCTAGATA-1,BAL 01
c1_1_ACAAGCTAGGAACGAA-1,BAL 04
c1_1_ACAAGCTAGGGAGAAT-1,BAL 07
c1_1_ACAAGCTAGGTCCCTG-1,Multiplet
c1_1_ACAAGCTAGTGCACTT-1,BAL 02
c1_1_ACAAGCTCAAGGTCTT-1,BAL 06
c1_1_ACAAGCTCACTTCAAG-1,Multiplet
c1_1_ACAAGCTCATTCCTAT-1,Multiplet
c1_1_ACAAGCTGTAACACCT-1,BAL 01
c1_1_ACAAGCTGTGCCCACA-1,BAL 08
c1_1_ACAAGCTTCACGGTCG-1,Multiplet
c1_1_ACAAGCTTCCCTTCCC-1,Multiplet
c1_1_ACACAGTAGAAAGCGA-1,BAL 04
c1_1_ACACAGTAGAGGGCGA-1,BAL 04
c1_1_ACACAGTCAACTCCAA-1,BAL 04
c1_1_ACACAGTCAAGAGTAT-1,BAL 04
c1_1_ACACAGTCAGAGTGTG-1,BAL 07
c1_1_ACACAGTCATTAGGAA-1,BAL 08
c1_1_ACACAGTGTCTGCATA-1,BAL 04
c1_1_ACACAGTTCATTGTGG-1,BAL 02
c1_1_ACACAGTTCGTTCATT-1,Multiplet
c1_1_ACACCAAAGAAGAGCA-1,BAL 07
c1_1_ACACCAAAGCGATGCA-1,BAL 05
c1_1_ACACCAAAGGGTTAAT-1,BAL 02
c1_1_ACACCAAAGTGTTCAC-1,Multiplet
c1_1_ACACCAAAGTTCACTG-1,BAL 06
c1_1_ACACCAACAAATCAGA-1,BAL 04
c1_1_ACACCAACAAGCGCTC-1,BAL 07
c1_1_ACACCAACACTGCGAC-1,BAL 07
c1_1_ACACCAACAGGCTACC-1,Multiplet
c1_1_ACACCAAGTCGGAACA-1,BAL 02
c1_1_ACACCAAGTGAGCGAT-1,BAL 05
c1_1_ACACCAATCAACCTCC-1,BAL 05
c1_1_ACACCAATCAGACAAA-1,BAL 02
c1_1_ACACCAATCCGACAGC-1,Multiplet
c1_1_ACACCAATCGTTCCTG-1,Multiplet
c1_1_ACACGCGAGGGCTGAT-1,BAL 02
c1_1_ACACGCGCACAGTACT-1,Multiplet
c1_1_ACACGCGCACATGTTG-1,BAL 01
c1_1_ACACGCGCACGTAGTT-1,BAL 04
c1_1_ACACGCGGTGAGATCG-1,Multiplet
c1_1_ACACGCGGTTCAGCGC-1,BAL 08
c1_1_ACACGCGTCAATCCAG-1,BAL 08
c1_1_ACACGCGTCGTCGACG-1,BAL 01
c1_1_ACACGCGTCTGGACCG-1,BAL 07
c1_1_ACACTGAAGGACGCTA-1,Multiplet
c1_1_ACACTGAAGGTACATA-1,BAL 02
c1_1_ACACTGAAGGTGCGAT-1,Multiplet
c1_1_ACACTGAAGTAAGGGA-1,BAL 05
c1_1_ACACTGACAACTGGTT-1,BAL 03
c1_1_ACACTGACAAGAATGT-1,BAL 08
c1_1_ACACTGACACATGACT-1,Multiplet
c1_1_ACACTGACACTTGAGT-1,BAL 04
c1_1_ACACTGACAGCGTAGA-1,BAL 03
c1_1_ACACTGACAGCGTATT-1,BAL 02
c1_1_ACACTGACATCTGCGG-1,Multiplet
c1_1_ACACTGAGTCGCGTCA-1,BAL 01
c1_1_ACACTGAGTGTGCTTA-1,BAL 02
c1_1_ACACTGATCATCGCTC-1,BAL 05
c1_1_ACACTGATCCTCAGAA-1,BAL 04
c1_1_ACACTGATCGACGAGA-1,Multiplet
c1_1_ACACTGATCGCTGCGA-1,BAL 07
c1_1_ACACTGATCGCTTACC-1,BAL 02
c1_1_ACACTGATCGTCGCTT-1,BAL 03
c1_1_ACACTGATCTCGCCTA-1,BAL 02
c1_1_ACAGAAAAGTAACGTA-1,Multiplet
c1_1_ACAGAAAAGTATAACG-1,BAL 02
c1_1_ACAGAAAAGTCCTGCG-1,BAL 07
c1_1_ACAGAAACAATTGCTG-1,Multiplet
c1_1_ACAGAAACAGGTGAGT-1,BAL 02
c1_1_ACAGAAACATCCTAAG-1,BAL 08
c1_1_ACAGAAACATCTTCGC-1,BAL 05
c1_1_ACAGAAACATTGTGCA-1,BAL 01
c1_1_ACAGAAAGTGAGCAGT-1,BAL 03
c1_1_ACAGAAAGTGCGTTTA-1,BAL 05
c1_1_ACAGAAAGTGGCATCC-1,Multiplet
c1_1_ACAGAAAGTTTCCAAG-1,BAL 07
c1_1_ACAGAAATCGTTATCT-1,BAL 07
c1_1_ACAGAAATCGTTCATT-1,BAL 05
c1_1_ACAGAAATCTCCTACG-1,BAL 07
c1_1_ACAGAAATCTCTAGGA-1,BAL 06
c1_1_ACAGCCGCACACGTGC-1,Multiplet
c1_1_ACAGCCGCACATATCG-1,BAL 02
c1_1_ACAGCCGCAGTCAACT-1,BAL 03
c1_1_ACAGCCGCATACCAGT-1,BAL 08
c1_1_ACAGCCGCATTGTACG-1,BAL 05
c1_1_ACAGCCGGTAGCCAGA-1,BAL 03
c1_1_ACAGCCGGTTAGTTCG-1,Multiplet
c1_1_ACAGCCGTCCATTCGC-1,BAL 07
c1_1_ACAGCCGTCGGCTATA-1,BAL 01
c1_1_ACAGCCGTCTACGCAA-1,BAL 07
c1_1_ACAGGGAAGCAAGTCG-1,BAL 03
c1_1_ACAGGGAAGCGACCCT-1,BAL 08
c1_1_ACAGGGAAGCGGTAAC-1,BAL 02
c1_1_ACAGGGAAGGTAGCAC-1,Multiplet
c1_1_ACAGGGAAGTAAACAC-1,BAL 03
c1_1_ACAGGGAAGTCATGCT-1,BAL 02
c1_1_ACAGGGAAGTTGCCTA-1,BAL 04
c1_1_ACAGGGACACCCTATC-1,BAL 08
c1_1_ACAGGGACATTGCTGA-1,BAL 05
c1_1_ACAGGGAGTCGGATTT-1,BAL 06
c1_1_ACAGGGAGTTCTCCTG-1,Multiplet
c1_1_ACAGGGAGTTTCGGCG-1,BAL 06
c1_1_ACAGGGATCCCTCTCC-1,BAL 02
c1_1_ACAGGGATCGGTAAGG-1,BAL 03
c1_1_ACAGGGATCGGTTGTA-1,Multiplet
c1_1_ACAGGGATCTACCACC-1,BAL 08
c1_1_ACAGGGATCTAGTACG-1,BAL 05
c1_1_ACAGGGATCTGGTTGA-1,BAL 03
c1_1_ACAGGGATCTTAGTTC-1,BAL 05
c1_1_ACATCCCAGCCGGAAT-1,BAL 06
c1_1_ACATCCCCAACTTGGT-1,BAL 08
c1_1_ACATCCCCACAGCATT-1,BAL 02
c1_1_ACATCCCCACCAGTAT-1,BAL 08
c1_1_ACATCCCCACCTGTCT-1,Multiplet
c1_1_ACATCCCCAGACCAAG-1,BAL 06
c1_1_ACATCCCGTTAGCGGA-1,Multiplet
c1_1_ACATCCCGTTGGCCGT-1,BAL 08
c1_1_ACATCCCTCGCAGTGC-1,BAL 01
c1_1_ACATCCCTCGGCTGGT-1,BAL 05
c1_1_ACATCGAAGCGCTGCT-1,BAL 03
c1_1_ACATCGAAGCGGACAT-1,Multiplet
c1_1_ACATCGAAGGCCTGCT-1,BAL 08
c1_1_ACATCGAAGTCGCCCA-1,BAL 01
c1_1_ACATCGAAGTGGCAGT-1,Multiplet
c1_1_ACATCGACAACACACT-1,BAL 02
c1_1_ACATCGACAAGGCGTA-1,BAL 02
c1_1_ACATCGACACTTGGGC-1,BAL 04
c1_1_ACATCGACAGACGATG-1,BAL 04
c1_1_ACATCGACAGTAACCT-1,BAL 06
c1_1_ACATCGAGTACAAGCG-1,BAL 06
c1_1_ACATCGAGTACTCGAT-1,BAL 05
c1_1_ACATCGAGTCACCACG-1,BAL 06
c1_1_ACATCGAGTGATTCTG-1,BAL 06
c1_1_ACATCGAGTTGTCAGT-1,BAL 03
c1_1_ACATCGATCATGGTAC-1,BAL 01
c1_1_ACATCGATCCTGGGTG-1,BAL 08
c1_1_ACATCGATCCTGTACC-1,BAL 03
c1_1_ACATCGATCGTTCGCT-1,BAL 06
c1_1_ACATGCAAGAATTCAG-1,BAL 07
c1_1_ACATGCAAGACCGTTT-1,BAL 02
c1_1_ACATGCAAGATAGCAT-1,BAL 07
c1_1_ACATGCAAGCTACTAC-1,BAL 08
c1_1_ACATGCAAGGGCAGGA-1,BAL 04
c1_1_ACATGCAAGTAACCGG-1,BAL 02
c1_1_ACATGCACACTAGAGG-1,BAL 08
c1_1_ACATGCACAGGTTCCG-1,BAL 02
c1_1_ACATGCACATCGGTTA-1,Multiplet
c1_1_ACATGCATCATGCCAA-1,BAL 06
c1_1_ACATGCATCCTCTCTT-1,BAL 03
c1_1_ACATGCATCGGACAAG-1,BAL 04
c1_1_ACATGCATCTAGACAC-1,BAL 07
c1_1_ACATTTCAGCATACTC-1,Multiplet
c1_1_ACATTTCAGCGGTAGT-1,BAL 08
c1_1_ACATTTCAGCTGCGAA-1,BAL 03
c1_1_ACATTTCAGTAAATGC-1,BAL 01
c1_1_ACATTTCCACGCTGAC-1,BAL 03
c1_1_ACATTTCCATCACAGT-1,BAL 02
c1_1_ACATTTCGTATGACAA-1,BAL 08
c1_1_ACATTTCGTTGAGAGC-1,Negative
c1_1_ACATTTCTCACCCTCA-1,BAL 06
c1_1_ACATTTCTCCGTGGTG-1,BAL 05
c1_1_ACATTTCTCCTAAACG-1,BAL 05
c1_1_ACATTTCTCGGAGATG-1,BAL 04
c1_1_ACATTTCTCGGCATCG-1,BAL 07
c1_1_ACATTTCTCGTGCGAC-1,BAL 03
c1_1_ACATTTCTCTAGATCG-1,Multiplet
c1_1_ACCAAACTCAAGAGGC-1,BAL 05
c1_1_ACCAAACTCACCCTTG-1,BAL 08
c1_1_ACCAAACTCATGAGAA-1,BAL 06
c1_1_ACCAAACTCGCAATTG-1,BAL 07
c1_1_ACCAACAAGAATCTAG-1,BAL 01
c1_1_ACCAACAAGGTTCACT-1,BAL 06
c1_1_ACCAACACAAGGTCAG-1,Multiplet
c1_1_ACCAACAGTCGACTGC-1,BAL 08
c1_1_ACCAACATCATACGGT-1,Multiplet
c1_1_ACCAACATCCTTATCA-1,BAL 04
c1_1_ACCAACATCGAGATGG-1,BAL 07
c1_1_ACCAACATCGGACCAC-1,BAL 02
c1_1_ACCACAAAGCATTGAA-1,BAL 07
c1_1_ACCACAAAGCGTCAAG-1,BAL 03
c1_1_ACCACAAAGGTTGGAC-1,Multiplet
c1_1_ACCACAAAGTAAACAC-1,Multiplet
c1_1_ACCACAAAGTAAGCAT-1,BAL 02
c1_1_ACCACAACACGACGCT-1,BAL 01
c1_1_ACCACAAGTAGCGTCC-1,BAL 03
c1_1_ACCACAAGTCAACCTA-1,Multiplet
c1_1_ACCACAATCCTCTCTT-1,BAL 07
c1_1_ACCACAATCTGGGCGT-1,BAL 06
c1_1_ACCATTTAGGCGACAT-1,BAL 05
c1_1_ACCATTTAGGCGTTAG-1,BAL 03
c1_1_ACCATTTAGGGACTGT-1,BAL 04
c1_1_ACCATTTAGGTACTGG-1,BAL 05
c1_1_ACCATTTCAAATGCTC-1,BAL 01
c1_1_ACCATTTCACTACAGT-1,BAL 02
c1_1_ACCATTTCAGTCTGGC-1,Multiplet
c1_1_ACCATTTCATAAGATG-1,BAL 07
c1_1_ACCATTTGTAGATTAG-1,BAL 06
c1_1_ACCATTTGTGGTCTCG-1,BAL 02
c1_1_ACCATTTTCATACGAC-1,BAL 08
c1_1_ACCATTTTCTTCTTCC-1,BAL 05
c1_1_ACCCAAAAGACGCATG-1,BAL 04
c1_1_ACCCAAAAGCGTTCCG-1,Multiplet
c1_1_ACCCAAACAAGAGGTC-1,BAL 04
c1_1_ACCCAAACACTACGGC-1,BAL 03
c1_1_ACCCAAACACTTGAGT-1,BAL 06
c1_1_ACCCAAACAGTGCCTG-1,BAL 05
c1_1_ACCCAAATCAAGAGGC-1,BAL 05
c1_1_ACCCAAATCGCCTAGG-1,BAL 07
c1_1_ACCCAAATCGTGCAGC-1,BAL 04
c1_1_ACCCTCAAGATGAAGG-1,Negative
c1_1_ACCCTCAAGGACAACC-1,BAL 08
c1_1_ACCCTCACAAACACCT-1,BAL 07
c1_1_ACCCTCACAATACCTG-1,Multiplet
c1_1_ACCCTCACACCAAAGG-1,BAL 08
c1_1_ACCCTCACACGCACCA-1,BAL 05
c1_1_ACCCTCACACTGTTCC-1,BAL 04
c1_1_ACCCTCACAGAGTAAT-1,BAL 07
c1_1_ACCCTCACATCGTGGC-1,BAL 08
c1_1_ACCCTCACATGGAACG-1,BAL 07
c1_1_ACCCTCAGTACTCCGG-1,Multiplet
c1_1_ACCCTCATCTCCCATG-1,Multiplet
c1_1_ACCCTTGAGACGGAAA-1,BAL 08
c1_1_ACCCTTGAGAGCCGAT-1,BAL 05
c1_1_ACCCTTGAGAGCCGTA-1,BAL 03
c1_1_ACCCTTGAGGACACTG-1,BAL 04
c1_1_ACCCTTGAGTTGAATG-1,BAL 02
c1_1_ACCCTTGCAAGCTGTT-1,Multiplet
c1_1_ACCCTTGCAGAAGTGC-1,BAL 01
c1_1_ACCCTTGCATCATCTT-1,BAL 08
c1_1_ACCCTTGGTACAAGTA-1,BAL 02
c1_1_ACCCTTGGTAGTGTGG-1,Multiplet
c1_1_ACCCTTGTCAGATGCT-1,BAL 07
c1_1_ACCCTTGTCGGACGTC-1,BAL 02
c1_1_ACCCTTGTCTAAGGAA-1,Multiplet
c1_1_ACCGTTCAGAATTCAG-1,BAL 06
c1_1_ACCGTTCAGAGCAGTC-1,BAL 08
c1_1_ACCGTTCAGATGATTG-1,BAL 02
c1_1_ACCGTTCAGATGGGCT-1,Multiplet
c1_1_ACCGTTCAGCGTGCTC-1,BAL 04
c1_1_ACCGTTCAGCTACGTT-1,BAL 02
c1_1_ACCGTTCAGGTAGCAC-1,Multiplet
c1_1_ACCGTTCAGTATAACG-1,BAL 07
c1_1_ACCGTTCAGTATGACA-1,BAL 08
c1_1_ACCGTTCAGTCCTGTA-1,BAL 03
c1_1_ACCGTTCCAGGAGGTT-1,BAL 07
c1_1_ACCGTTCCATCTCCCA-1,BAL 02
c1_1_ACCGTTCCATGGTACT-1,BAL 03
c1_1_ACCGTTCGTATCGCGC-1,BAL 01
c1_1_ACCGTTCGTCTGTGTA-1,BAL 04
c1_1_ACCGTTCTCGATCCCT-1,BAL 05
c1_1_ACCTACCAGATGTTAG-1,BAL 03
c1_1_ACCTACCAGCTGACAG-1,BAL 05
c1_1_ACCTACCAGGCACAAC-1,Multiplet
c1_1_ACCTACCCATCGAACT-1,Multiplet
c1_1_ACCTACCGTAGTCTGT-1,Multiplet
c1_1_ACCTACCGTCACAGAG-1,BAL 05
c1_1_ACCTACCGTGCATGAG-1,BAL 05
c1_1_ACCTACCGTTCCTTGC-1,Multiplet
c1_1_ACCTGAAAGACGCTCC-1,Multiplet
c1_1_ACCTGAAAGTGGATTA-1,BAL 04
c1_1_ACCTGAACAATGGCAG-1,Multiplet
c1_1_ACCTGAACAATTAGGA-1,Multiplet
c1_1_ACCTGAACAGACAATA-1,BAL 05
c1_1_ACCTGAAGTATGTGTC-1,BAL 08
c1_1_ACCTGAAGTGGAAATT-1,BAL 01
c1_1_ACCTGAATCCATACAG-1,BAL 07
c1_1_ACCTGAATCTCGAACA-1,Multiplet
c1_1_ACCTGAATCTCGCTCA-1,BAL 05
c1_1_ACCTGTCAGACTTCCA-1,BAL 04
c1_1_ACCTGTCAGTAGAATC-1,BAL 02
c1_1_ACCTGTCAGTGTAGTA-1,BAL 02
c1_1_ACCTGTCCAAACTAGA-1,BAL 08
c1_1_ACCTGTCCAAGGTTGG-1,BAL 04
c1_1_ACCTGTCCACCTGCGA-1,Multiplet
c1_1_ACCTGTCCATGCGTGC-1,BAL 01
c1_1_ACCTGTCGTAGCGTAG-1,BAL 06
c1_1_ACCTGTCGTATAGGAT-1,BAL 05
c1_1_ACCTGTCGTATGAAGT-1,BAL 05
c1_1_ACCTGTCGTCCCTGTT-1,BAL 07
c1_1_ACCTGTCGTTGATCGT-1,BAL 05
c1_1_ACCTGTCTCACCTGGG-1,BAL 05
c1_1_ACCTGTCTCTAGCCTC-1,BAL 03
c1_1_ACCTGTCTCTCCACTG-1,BAL 04
c1_1_ACCTGTCTCTCTCCGA-1,BAL 04
c1_1_ACGATCAAGACTCATC-1,BAL 07
c1_1_ACGATCACACATATCG-1,BAL 06
c1_1_ACGATCACACGACGAA-1,BAL 06
c1_1_ACGATCACACGATAGG-1,Multiplet
c1_1_ACGATCAGTAAGATTG-1,BAL 07
c1_1_ACGATCAGTGTGACCC-1,BAL 03
c1_1_ACGATCAGTTAGGAGC-1,BAL 03
c1_1_ACGATCAGTTCTAACG-1,BAL 06
c1_1_ACGATCAGTTGTGCCG-1,BAL 06
c1_1_ACGATCATCATAGGCT-1,BAL 07
c1_1_ACGATCATCCGTGACG-1,Multiplet
c1_1_ACGATCATCTGTGCAA-1,BAL 03
c1_1_ACGATGTAGACCAGCA-1,Multiplet
c1_1_ACGATGTAGGATACAT-1,BAL 02
c1_1_ACGATGTCAAAGGCTG-1,Multiplet
c1_1_ACGATGTCAACTGATC-1,BAL 01
c1_1_ACGATGTCAAGCAGGT-1,BAL 06
c1_1_ACGATGTCAAGGAGTC-1,BAL 08
c1_1_ACGATGTGTCGCACAC-1,BAL 03
c1_1_ACGATGTTCCGGGACT-1,BAL 03
c1_1_ACGCACGAGACAGCTG-1,BAL 02
c1_1_ACGCACGAGCACTCGC-1,Multiplet
c1_1_ACGCACGAGCCGATAG-1,BAL 02
c1_1_ACGCACGAGTTCCTGA-1,BAL 05
c1_1_ACGCACGCAAGCACCC-1,BAL 05
c1_1_ACGCACGCATTGTGCA-1,BAL 05
c1_1_ACGCACGGTCTAGGCC-1,Multiplet
c1_1_ACGCACGTCCGATAAC-1,Multiplet
c1_1_ACGGAAGAGAAATTGC-1,BAL 07
c1_1_ACGGAAGAGACCAGAC-1,BAL 02
c1_1_ACGGAAGAGAGTCAAT-1,BAL 06
c1_1_ACGGAAGAGGCACTAG-1,BAL 06
c1_1_ACGGAAGAGGCGAACT-1,BAL 03
c1_1_ACGGAAGAGTGGATTA-1,BAL 03
c1_1_ACGGAAGCAAATACAG-1,Multiplet
c1_1_ACGGAAGCAATAGTAG-1,BAL 02
c1_1_ACGGAAGCACCGTGCA-1,BAL 01
c1_1_ACGGAAGCATAGATCC-1,BAL 07
c1_1_ACGGAAGGTAGGTCAG-1,Multiplet
c1_1_ACGGAAGGTATGCTAC-1,BAL 06
c1_1_ACGGAAGGTCCGGACT-1,Multiplet
c1_1_ACGGAAGGTCCTCAGG-1,BAL 03
c1_1_ACGGAAGTCGCGTAGC-1,BAL 04
c1_1_ACGGGTCAGAAAGCGA-1,BAL 03
c1_1_ACGGGTCAGAGTGTGC-1,BAL 07
c1_1_ACGGGTCAGCAGGGAG-1,BAL 05
c1_1_ACGGGTCAGGGAGATA-1,BAL 05
c1_1_ACGGGTCCACGTGAGA-1,BAL 04
c1_1_ACGGGTCCATTCTTCA-1,BAL 07
c1_1_ACGGGTCGTCTTCCGT-1,Multiplet
c1_1_ACGGGTCGTGGCCCAT-1,BAL 04
c1_1_ACGGGTCGTTTGGGAG-1,BAL 07
c1_1_ACGGGTCTCAGGTAAA-1,Multiplet
c1_1_ACGGGTCTCCGAAGGA-1,BAL 06
c1_1_ACGGGTCTCGAACCAT-1,BAL 05
c1_1_ACGGGTCTCGGCCCAA-1,Multiplet
c1_1_ACGGGTCTCTCTATGT-1,BAL 08
c1_1_ACGGTCGAGTATGGCG-1,Negative
c1_1_ACGGTCGCACTAGAGG-1,BAL 05
c1_1_ACGGTCGCATCCCGTT-1,BAL 05
c1_1_ACGGTCGCATGGGAAC-1,BAL 02
c1_1_ACGGTCGGTAAGTCAA-1,BAL 03
c1_1_ACGGTCGGTAGGAGGG-1,BAL 05
c1_1_ACGGTCGGTATGATCC-1,BAL 08
c1_1_ACGGTCGGTTATAGCC-1,BAL 07
c1_1_ACGGTCGGTTCCGGTG-1,BAL 03
c1_1_ACGGTCGTCAATCAGC-1,BAL 05
c1_1_ACGGTCGTCCGAAGGA-1,BAL 06
c1_1_ACGGTCGTCTGTACAG-1,Multiplet
c1_1_ACGGTTAAGGGTAGCT-1,BAL 05
c1_1_ACGGTTACAACTCATG-1,BAL 06
c1_1_ACGGTTACAACTCCCT-1,BAL 07
c1_1_ACGGTTACACACGGAA-1,BAL 05
c1_1_ACGGTTACACTGAATC-1,BAL 01
c1_1_ACGGTTAGTCACGCTG-1,Multiplet
c1_1_ACGGTTAGTCGGAACA-1,BAL 06
c1_1_ACGGTTAGTTTGCAGT-1,BAL 06
c1_1_ACGGTTATCAAGAGTA-1,Multiplet
c1_1_ACGGTTATCAGTCAGT-1,Multiplet
c1_1_ACGGTTATCCATAGAC-1,BAL 02
c1_1_ACGTAACAGCCTTCTC-1,BAL 03
c1_1_ACGTAACAGTAACGTA-1,BAL 03
c1_1_ACGTAACAGTGAGTGC-1,BAL 05
c1_1_ACGTAACCAAAGGGTC-1,BAL 02
c1_1_ACGTAACCAATGCAAA-1,BAL 06
c1_1_ACGTAACCACCACATA-1,BAL 03
c1_1_ACGTAACCACGCTGCA-1,BAL 01
c1_1_ACGTAACCAGAAATCA-1,BAL 05
c1_1_ACGTAACCAGCTGTGC-1,BAL 03
c1_1_ACGTAACGTAGATTGA-1,BAL 07
c1_1_ACGTAACGTCGCATCG-1,BAL 08
c1_1_ACGTAACGTGAGATAT-1,BAL 07
c1_1_ACGTAACTCTATGCCC-1,BAL 08
c1_1_ACGTACAAGTGGTTCT-1,BAL 08
c1_1_ACGTACACACGGCACT-1,Multiplet
c1_1_ACGTACAGTAGCGCCT-1,BAL 08
c1_1_ACGTACAGTCGAAGCA-1,BAL 06
c1_1_ACGTACAGTCTTGAGT-1,Multiplet
c1_1_ACGTACAGTGGAGGTT-1,BAL 07
c1_1_ACGTACATCAGGAAAT-1,BAL 03
c1_1_ACGTACATCAGTCCGG-1,BAL 06
c1_1_ACGTAGTCACTAACCA-1,BAL 05
c1_1_ACGTAGTGTACAACGG-1,Multiplet
c1_1_ACGTAGTGTCACTTCC-1,Multiplet
c1_1_ACGTAGTGTCCACTTC-1,Multiplet
c1_1_ACGTAGTGTCGAACAG-1,BAL 08
c1_1_ACGTAGTGTCGTGGTC-1,BAL 06
c1_1_ACGTAGTGTGACCGTC-1,BAL 07
c1_1_ACGTAGTGTTGAGAGC-1,BAL 02
c1_1_ACGTAGTTCCGGTAGC-1,BAL 05
c1_1_ACGTCCTAGAGGCTGT-1,BAL 02
c1_1_ACGTCCTAGGGCAGAG-1,BAL 03
c1_1_ACGTCCTGTAATTGGA-1,BAL 04
c1_1_ACGTCCTGTACTAACC-1,Multiplet
c1_1_ACGTCCTGTTGTGCAT-1,BAL 02
c1_1_ACGTCCTTCGAAACAA-1,BAL 03
c1_1_ACGTCCTTCGACCATA-1,BAL 03
c1_1_ACGTCCTTCGAGAGAC-1,BAL 08
c1_1_ACGTCCTTCTATTTCG-1,BAL 04
c1_1_ACGTCCTTCTTAGCTT-1,BAL 03
c1_1_ACGTTCCAGCACGGAT-1,BAL 06
c1_1_ACGTTCCAGGGAGGTG-1,BAL 02
c1_1_ACGTTCCAGTAACCTC-1,BAL 06
c1_1_ACGTTCCCAAAGGAGA-1,BAL 02
c1_1_ACGTTCCCACCTCGTT-1,Multiplet
c1_1_ACGTTCCCATGTCAGT-1,BAL 08
c1_1_ACGTTCCGTAGGCAGT-1,BAL 08
c1_1_ACGTTCCGTTGTAGCT-1,BAL 07
c1_1_ACGTTCCTCACCTTAT-1,BAL 04
c1_1_ACGTTCCTCTGTCTCG-1,BAL 06
c1_1_ACTACGACACCCAATA-1,BAL 04
c1_1_ACTACGACACGCTGAC-1,BAL 05
c1_1_ACTACGACAGATGCGA-1,BAL 08
c1_1_ACTACGAGTACTCGAT-1,BAL 01
c1_1_ACTACGATCCTCAGAA-1,BAL 06
c1_1_ACTACGATCGACGTCG-1,BAL 02
c1_1_ACTACGATCGGACTTA-1,BAL 02
c1_1_ACTACGATCGTCGCTT-1,Multiplet
c1_1_ACTATCTAGAAGTATC-1,Multiplet
c1_1_ACTATCTAGCCATTCA-1,Multiplet
c1_1_ACTATCTAGCCTCTTC-1,BAL 02
c1_1_ACTATCTCAACCAATC-1,BAL 03
c1_1_ACTATCTCAAGACGAC-1,BAL 03
c1_1_ACTATCTCACCCTCTA-1,BAL 02
c1_1_ACTATCTCATTGAGGG-1,BAL 01
c1_1_ACTATCTGTAGGCTGA-1,BAL 04
c1_1_ACTATCTGTCCTTTGC-1,BAL 05
c1_1_ACTATCTGTTATCTGG-1,BAL 04
c1_1_ACTATCTGTTCGGCGT-1,BAL 03
c1_1_ACTATCTTCAAGGAGC-1,Multiplet
c1_1_ACTATCTTCATTTGGG-1,BAL 04
c1_1_ACTATCTTCGTTACCC-1,Multiplet
c1_1_ACTATCTTCTCTCGCA-1,Multiplet
c1_1_ACTATGGAGAGTCTTC-1,BAL 04
c1_1_ACTATGGAGAGTGTTA-1,BAL 04
c1_1_ACTATGGAGATCACTC-1,BAL 02
c1_1_ACTATGGAGATTAGTG-1,BAL 04
c1_1_ACTATGGAGCGTCTCG-1,BAL 06
c1_1_ACTATGGAGTAATTGG-1,BAL 05
c1_1_ACTATGGAGTAGCAAT-1,BAL 06
c1_1_ACTATGGAGTGTTCAC-1,BAL 02
c1_1_ACTATGGCAAGCTGCC-1,Multiplet
c1_1_ACTATGGCAGAACGCA-1,BAL 03
c1_1_ACTATGGCATTCCTAT-1,BAL 04
c1_1_ACTATGGTCAAGTCTG-1,Multiplet
c1_1_ACTATGGTCCGGTTCT-1,BAL 05
c1_1_ACTATGGTCGGCGATC-1,BAL 03
c1_1_ACTATTCAGCATGAAT-1,BAL 06
c1_1_ACTATTCAGCGCCTTG-1,BAL 07
c1_1_ACTATTCCACAAATAG-1,Multiplet
c1_1_ACTATTCCACCCAATA-1,Multiplet
c1_1_ACTATTCCAGGCGTTC-1,Multiplet
c1_1_ACTATTCCATACTTTC-1,Multiplet
c1_1_ACTATTCCATTGCCGG-1,BAL 07
c1_1_ACTATTCTCAGTGGGA-1,Multiplet
c1_1_ACTATTCTCATTGTTC-1,BAL 02
c1_1_ACTATTCTCCGCACTT-1,BAL 02
c1_1_ACTATTCTCTGGACTA-1,BAL 07
c1_1_ACTCCCAAGGCATCGA-1,Multiplet
c1_1_ACTCCCAAGGCTTAAA-1,BAL 02
c1_1_ACTCCCAAGTTCATCG-1,Multiplet
c1_1_ACTCCCACAATCTCTT-1,BAL 03
c1_1_ACTCCCAGTACAGAAT-1,BAL 03
c1_1_ACTCCCAGTCATAAAG-1,BAL 05
c1_1_ACTCCCAGTTCTTCAT-1,BAL 06
c1_1_ACTCCCATCAAGCGTT-1,BAL 08
c1_1_ACTCCCATCCCATACC-1,BAL 07
c1_1_ACTCCCATCCGTAGGC-1,BAL 04
c1_1_ACTCCCATCTTGGTCC-1,BAL 05
c1_1_ACTCTCGAGCGTATAA-1,BAL 02
c1_1_ACTCTCGAGCGTCAAG-1,Multiplet
c1_1_ACTCTCGAGCTGGTGA-1,BAL 05
c1_1_ACTCTCGAGGTCCTGC-1,BAL 08
c1_1_ACTCTCGCATGGGAAC-1,BAL 06
c1_1_ACTCTCGGTAGACAGC-1,BAL 08
c1_1_ACTCTCGGTATCACGT-1,BAL 03
c1_1_ACTCTCGGTCCCGTGA-1,BAL 01
c1_1_ACTCTCGGTTGTTGTG-1,BAL 07
c1_1_ACTCTCGTCATACAGC-1,BAL 01
c1_1_ACTCTCGTCATGCGGC-1,BAL 02
c1_1_ACTCTCGTCTCATGGA-1,BAL 02
c1_1_ACTGATGAGAGAGCCT-1,Multiplet
c1_1_ACTGATGAGATTCGAA-1,BAL 01
c1_1_ACTGATGAGCTATCCA-1,Multiplet
c1_1_ACTGATGCACCTGCTT-1,BAL 04
c1_1_ACTGATGCAGCTACAT-1,BAL 08
c1_1_ACTGATGGTAACGGTG-1,BAL 08
c1_1_ACTGATGGTCTGTGCG-1,BAL 05
c1_1_ACTGATGGTTCTTAGG-1,BAL 04
c1_1_ACTGATGTCTCATGGA-1,BAL 08
c1_1_ACTGCAAAGACATACA-1,Multiplet
c1_1_ACTGCAAAGAGCATTA-1,BAL 08
c1_1_ACTGCAAAGCTCCACG-1,BAL 07
c1_1_ACTGCAAAGGAGACCT-1,Multiplet
c1_1_ACTGCAAAGGTACTGG-1,BAL 04
c1_1_ACTGCAAAGTCAAGCG-1,BAL 07
c1_1_ACTGCAACAAACTCGT-1,BAL 08
c1_1_ACTGCAACACATACTG-1,BAL 07
c1_1_ACTGCAACACCCAAGC-1,BAL 07
c1_1_ACTGCAACAGAACTCT-1,Multiplet
c1_1_ACTGCAACATTCTGTT-1,BAL 02
c1_1_ACTGCAAGTAGAGACC-1,BAL 06
c1_1_ACTGCAAGTTTGGCTA-1,BAL 01
c1_1_ACTGCAATCACTAGCA-1,BAL 07
c1_1_ACTGCAATCACTCGAA-1,BAL 04
c1_1_ACTGTCCAGATGCGAC-1,BAL 02
c1_1_ACTGTCCAGCCGATCC-1,BAL 02
c1_1_ACTGTCCAGCGTGCCT-1,BAL 05
c1_1_ACTGTCCAGTTCCTGA-1,BAL 06
c1_1_ACTGTCCCACGGTAGA-1,Multiplet
c1_1_ACTGTCCCATACAGAA-1,BAL 07
c1_1_ACTGTCCCATCCGAAT-1,BAL 08
c1_1_ACTGTCCGTCACTTCC-1,Multiplet
c1_1_ACTGTCCGTCTAGATC-1,BAL 07
c1_1_ACTGTCCGTTGAATCC-1,BAL 02
c1_1_ACTGTCCGTTGTTGCA-1,BAL 02
c1_1_ACTGTCCTCATCCTAT-1,BAL 07
c1_1_ACTGTCCTCCTACGAA-1,BAL 06
c1_1_ACTGTCCTCGGTAAGG-1,BAL 06
c1_1_ACTGTGAAGACATACA-1,Multiplet
c1_1_ACTGTGAAGCGCAATG-1,Multiplet
c1_1_ACTGTGACAACAGTGG-1,BAL 05
c1_1_ACTGTGACACACCTAA-1,BAL 02
c1_1_ACTGTGACACGCGCAT-1,BAL 05
c1_1_ACTGTGACATGGGATG-1,BAL 06
c1_1_ACTGTGAGTACTGGGA-1,Multiplet
c1_1_ACTGTGAGTCGAGATG-1,Multiplet
c1_1_ACTGTGAGTGTAACGG-1,BAL 05
c1_1_ACTGTGAGTTAGAAGT-1,BAL 07
c1_1_ACTGTGATCATTACGG-1,BAL 06
c1_1_ACTTAGGCAGAACTAA-1,BAL 07
c1_1_ACTTAGGCAGAGTTGG-1,BAL 05
c1_1_ACTTAGGCAGTCTACA-1,Multiplet
c1_1_ACTTAGGGTAACTTCG-1,BAL 05
c1_1_ACTTAGGGTAAGCGGT-1,BAL 08
c1_1_ACTTAGGGTACTAGCT-1,Multiplet
c1_1_ACTTAGGGTCTCTCCA-1,Multiplet
c1_1_ACTTAGGGTGGACTGA-1,BAL 06
c1_1_ACTTAGGGTTACACAC-1,BAL 02
c1_1_ACTTAGGTCCTAACAG-1,BAL 08
c1_1_ACTTAGGTCGGTAGAG-1,BAL 08
c1_1_ACTTAGGTCTTAGCCC-1,BAL 04
c1_1_ACTTATCAGACATACA-1,BAL 08
c1_1_ACTTATCGTAGTACGG-1,Multiplet
c1_1_ACTTATCGTCATCAGT-1,BAL 02
c1_1_ACTTATCGTCATCGCG-1,Multiplet
c1_1_ACTTATCGTCCGGTCA-1,BAL 05
c1_1_ACTTATCGTGCCGAAA-1,BAL 03
c1_1_ACTTATCGTTGTATGC-1,Multiplet
c1_1_ACTTATCTCATTGGTG-1,BAL 01
c1_1_ACTTATCTCTACCCAC-1,BAL 02
c1_1_ACTTATCTCTGACAGT-1,BAL 04
c1_1_ACTTCCGAGACCATTC-1,BAL 03
c1_1_ACTTCCGAGATTGTGA-1,Multiplet
c1_1_ACTTCCGAGGTCGTCC-1,BAL 06
c1_1_ACTTCCGAGTCACAGG-1,Multiplet
c1_1_ACTTCCGAGTTGCCCG-1,BAL 01
c1_1_ACTTCCGCAAATCAGA-1,BAL 02
c1_1_ACTTCCGTCCTACCAC-1,BAL 02
c1_1_ACTTCGCAGGTGATAT-1,Multiplet
c1_1_ACTTCGCAGTAACGAT-1,Multiplet
c1_1_ACTTCGCAGTATGCAA-1,BAL 02
c1_1_ACTTCGCCAAGTTCCA-1,BAL 04
c1_1_ACTTCGCCACTGCATA-1,BAL 05
c1_1_ACTTCGCCAGTATGAA-1,BAL 07
c1_1_ACTTCGCCATCGATGT-1,BAL 04
c1_1_ACTTCGCCATCGGTTA-1,BAL 07
c1_1_ACTTCGCCATCTATCT-1,Multiplet
c1_1_ACTTCGCCATGGAACG-1,BAL 02
c1_1_ACTTCGCGTAACATCC-1,Multiplet
c1_1_ACTTCGCGTGCCGTTG-1,BAL 05
c1_1_ACTTCGCGTTTCACAG-1,BAL 02
c1_1_ACTTCGCTCGCTCCTA-1,BAL 04
c1_1_ACTTCGCTCTGTAAGC-1,BAL 08
c1_1_ACTTCGCTCTTCTCAA-1,BAL 07
c1_1_ACTTTCAAGCAAACAT-1,BAL 06
c1_1_ACTTTCACAGAAGTTA-1,BAL 07
c1_1_ACTTTCACATGTGACT-1,BAL 05
c1_1_ACTTTCAGTCATTGCA-1,BAL 02
c1_1_ACTTTCATCCACCTGT-1,BAL 06
c1_1_ACTTTCATCGCGTAGC-1,BAL 06
c1_1_ACTTTGTAGAAATTCG-1,BAL 05
c1_1_ACTTTGTAGACCGCCT-1,BAL 08
c1_1_ACTTTGTAGGTCACTT-1,BAL 04
c1_1_ACTTTGTAGGTGGTTG-1,BAL 07
c1_1_ACTTTGTCACGCTATA-1,BAL 08
c1_1_ACTTTGTCAGAGATTA-1,BAL 04
c1_1_ACTTTGTGTAGACAGC-1,Multiplet
c1_1_ACTTTGTGTATTCTCT-1,BAL 05
c1_1_ACTTTGTGTCTGTGCG-1,BAL 03
c1_1_ACTTTGTGTGGTTCTA-1,Multiplet
c1_1_ACTTTGTGTTGGACCC-1,BAL 01
c1_1_ACTTTGTTCAGCGCAC-1,Multiplet
c1_1_ACTTTGTTCATAGACC-1,BAL 08
c1_1_ACTTTGTTCTCGTCAC-1,BAL 03
c1_1_AGAAATGCAATCAGCT-1,BAL 03
c1_1_AGAAATGCACTTGAAC-1,BAL 07
c1_1_AGAAATGCATAGCTGT-1,BAL 06
c1_1_AGAAATGCATGACAAA-1,Multiplet
c1_1_AGAAATGGTACACTCA-1,Multiplet
c1_1_AGAAATGGTACAGGTG-1,BAL 04
c1_1_AGAAATGGTATCACGT-1,BAL 05
c1_1_AGAAATGGTCAAAGAT-1,BAL 04
c1_1_AGAAATGGTCGATTCA-1,Multiplet
c1_1_AGAAATGGTGAGCAGT-1,BAL 02
c1_1_AGAAATGGTGGTAATA-1,BAL 03
c1_1_AGAAATGGTGTCATCA-1,BAL 05
c1_1_AGAAATGGTGTCTTAG-1,BAL 06
c1_1_AGAAATGGTTCATCTT-1,BAL 08
c1_1_AGAAATGTCCGCCTAT-1,BAL 06
c1_1_AGAAATGTCCGGCAAC-1,BAL 03
c1_1_AGAAATGTCGCTCATC-1,BAL 06
c1_1_AGAAATGTCGGTCGGT-1,BAL 03
c1_1_AGAAATGTCTCGGCTT-1,Multiplet
c1_1_AGAACAAAGAATGTTG-1,BAL 02
c1_1_AGAACAAAGGACAACC-1,Multiplet
c1_1_AGAACAAAGGAGCTGT-1,BAL 03
c1_1_AGAACAACACACCAGC-1,BAL 02
c1_1_AGAACAACATGTTTGG-1,BAL 02
c1_1_AGAACAAGTAAGGCCA-1,BAL 05
c1_1_AGAACAAGTAGGGTAC-1,BAL 06
c1_1_AGAACAAGTATGCAAA-1,BAL 04
c1_1_AGAACAAGTTCTCACC-1,BAL 01
c1_1_AGAACAATCATTCGTT-1,BAL 07
c1_1_AGAACAATCCCAAGCG-1,Multiplet
c1_1_AGAACAATCGATCCCT-1,BAL 05
c1_1_AGAACCTAGACCCGCT-1,BAL 05
c1_1_AGAACCTAGCTAGATA-1,Multiplet
c1_1_AGAACCTAGGTGAGCT-1,BAL 02
c1_1_AGAACCTAGGTTACAA-1,BAL 08
c1_1_AGAACCTAGTAGGGTC-1,BAL 08
c1_1_AGAACCTCAACTGGTT-1,BAL 03
c1_1_AGAACCTCACCTCAGG-1,Multiplet
c1_1_AGAACCTCAGATCACT-1,BAL 07
c1_1_AGAACCTCAGGTCAGA-1,BAL 02
c1_1_AGAACCTCATCGCTAA-1,BAL 01
c1_1_AGAACCTGTAATCAGA-1,BAL 07
c1_1_AGAACCTGTAGCTAAA-1,BAL 06
c1_1_AGAACCTGTATCGTTG-1,BAL 05
c1_1_AGAACCTGTATGCTAC-1,BAL 04
c1_1_AGAACCTTCAAATGCC-1,BAL 01
c1_1_AGAACCTTCAAGAAAC-1,BAL 03
c1_1_AGAACCTTCAAGGAGC-1,Multiplet
c1_1_AGAACCTTCAGCAATC-1,BAL 06
c1_1_AGAACCTTCATGAAAG-1,Multiplet
c1_1_AGAACCTTCTAGTTCT-1,Multiplet
c1_1_AGAACCTTCTTCTTCC-1,BAL 02
c1_1_AGAAGCGAGAAACTAC-1,BAL 04
c1_1_AGAAGCGAGGAAAGAC-1,BAL 03
c1_1_AGAAGCGAGGATAATC-1,Multiplet
c1_1_AGAAGCGAGGCTATCT-1,BAL 06
c1_1_AGAAGCGAGGGACAGG-1,BAL 05
c1_1_AGAAGCGAGTCGAATA-1,BAL 04
c1_1_AGAAGCGAGTGATCGG-1,BAL 03
c1_1_AGAAGCGCAAGTGGAC-1,Multiplet
c1_1_AGAAGCGCAGAGCTAG-1,BAL 07
c1_1_AGAAGCGGTAATCAAG-1,BAL 03
c1_1_AGAAGCGGTTGTCCCT-1,BAL 05
c1_1_AGAAGCGTCCCTTGTG-1,BAL 05
c1_1_AGAAGCGTCGTCTAAG-1,BAL 01
c1_1_AGAAGTAAGACTCTAC-1,BAL 04
c1_1_AGAAGTAAGGGAGTGG-1,BAL 04
c1_1_AGAAGTACAAAGTATG-1,Multiplet
c1_1_AGAAGTACAATCTCGA-1,BAL 02
c1_1_AGAAGTACAGCACCCA-1,BAL 06
c1_1_AGAAGTAGTACGGATG-1,BAL 03
c1_1_AGAAGTATCATTTCGT-1,BAL 07
c1_1_AGAAGTATCGAGAGCA-1,Multiplet
c1_1_AGAAGTATCGCGATCG-1,Multiplet
c1_1_AGACAAAAGCGAATGC-1,BAL 07
c1_1_AGACAAAAGCGAGTCA-1,Multiplet
c1_1_AGACAAAAGCGGACAT-1,BAL 06
c1_1_AGACAAAAGTATCCTG-1,BAL 06
c1_1_AGACAAAAGTCTCTGA-1,BAL 02
c1_1_AGACAAAGTACCAATC-1,BAL 06
c1_1_AGACAAAGTGTCATGT-1,BAL 05
c1_1_AGACAAAGTGTGAGCA-1,BAL 06
c1_1_AGACAAATCATCGACA-1,BAL 03
c1_1_AGACAAATCCACACCT-1,BAL 08
c1_1_AGACACTAGACCCGCT-1,BAL 07
c1_1_AGACACTAGCTGTGCC-1,BAL 05
c1_1_AGACACTCAGCACCCA-1,BAL 05
c1_1_AGACACTCATCATGAC-1,BAL 03
c1_1_AGACACTCATCCTCAC-1,BAL 03
c1_1_AGACACTCATTAGGAA-1,BAL 03
c1_1_AGACACTGTAACGATA-1,BAL 05
c1_1_AGACACTGTACAGCGA-1,BAL 02
c1_1_AGACACTGTACCCGAC-1,BAL 08
c1_1_AGACACTGTGCAAGAC-1,BAL 08
c1_1_AGACACTGTGCGAGTA-1,BAL 07
c1_1_AGACACTGTGTCCACG-1,Multiplet
c1_1_AGACACTGTTGCCGAC-1,BAL 02
c1_1_AGACACTGTTGTTTGG-1,Multiplet
c1_1_AGACACTTCCCTTGTG-1,BAL 03
c1_1_AGACACTTCCGTGGCA-1,Negative
c1_1_AGACACTTCTCGTCAC-1,BAL 05
c1_1_AGACACTTCTTAGCTT-1,BAL 08
c1_1_AGACAGGAGATACGAT-1,Multiplet
c1_1_AGACAGGAGCCGTTGC-1,Multiplet
c1_1_AGACAGGAGTGGATTA-1,Multiplet
c1_1_AGACAGGCAGGCTCTG-1,BAL 05
c1_1_AGACAGGCATGTACGT-1,BAL 02
c1_1_AGACAGGGTATTGAGA-1,BAL 05
c1_1_AGACAGGGTTTGCCGG-1,BAL 08
c1_1_AGACAGGTCAGTAGGG-1,BAL 03
c1_1_AGACAGGTCCCGTGAG-1,BAL 01
c1_1_AGACAGGTCTCACCCA-1,BAL 08
c1_1_AGACCATAGACTTAAG-1,Multiplet
c1_1_AGACCATAGCGTTAGG-1,Multiplet
c1_1_AGACCATAGTATAGAC-1,Multiplet
c1_1_AGACCATCAGAAGCTG-1,BAL 05
c1_1_AGACCATCAGGCGTTC-1,BAL 02
c1_1_AGACCATCATCCGTGG-1,BAL 04
c1_1_AGACCATCATCGATCA-1,Negative
c1_1_AGACCATCATGCACTA-1,BAL 06
c1_1_AGACCATTCGCTGACG-1,Multiplet
c1_1_AGACCATTCTCGTTTA-1,Negative
c1_1_AGACCCGAGATGGTCG-1,BAL 03
c1_1_AGACCCGAGGATATAC-1,BAL 06
c1_1_AGACCCGAGGGTTGCA-1,BAL 03
c1_1_AGACCCGAGTAACCGG-1,BAL 08
c1_1_AGACCCGCAGCGTTGC-1,BAL 05
c1_1_AGACCCGCATCCTAAG-1,BAL 04
c1_1_AGACCCGCATCGCTGG-1,BAL 04
c1_1_AGACCCGGTACCGTCG-1,BAL 03
c1_1_AGACCCGGTACGATGG-1,BAL 08
c1_1_AGACCCGGTAGCGAGT-1,BAL 02
c1_1_AGACCCGGTTTGACAC-1,Multiplet
c1_1_AGACCCGTCACCATAG-1,Multiplet
c1_1_AGACCCGTCCTACCGT-1,Multiplet
c1_1_AGACTCAAGAAACCAT-1,BAL 08
c1_1_AGACTCAAGATGACCG-1,BAL 04
c1_1_AGACTCAAGCAGGCAT-1,BAL 06
c1_1_AGACTCAAGTATGATG-1,Multiplet
c1_1_AGACTCACAATCGTCA-1,BAL 03
c1_1_AGACTCACACTGGAAG-1,BAL 08
c1_1_AGACTCACATCAGTGT-1,BAL 01
c1_1_AGACTCATCCGCAGTG-1,BAL 03
c1_1_AGACTCATCCGTAGTA-1,BAL 07
c1_1_AGACTCATCGAAGCAG-1,Multiplet
c1_1_AGACTCATCTCTGACC-1,BAL 06
c1_1_AGACTCATCTTCTGGC-1,BAL 01
c1_1_AGAGAATAGCATCCTA-1,BAL 04
c1_1_AGAGAATAGCTTTCCC-1,BAL 02
c1_1_AGAGAATAGGATGGCT-1,Multiplet
c1_1_AGAGAATCACGTGAGA-1,BAL 02
c1_1_AGAGAATCATGGAACG-1,BAL 06
c1_1_AGAGAATGTAGGTGCA-1,BAL 04
c1_1_AGAGAATGTCCACTTC-1,BAL 04
c1_1_AGAGAATTCCGACGGT-1,BAL 07
c1_1_AGAGAATTCCTAGCTC-1,BAL 07
c1_1_AGAGAGCAGATTGAGT-1,Multiplet
c1_1_AGAGAGCAGGCATTTC-1,BAL 04
c1_1_AGAGAGCAGGCCTGAA-1,Multiplet
c1_1_AGAGAGCCACTAGGCC-1,BAL 02
c1_1_AGAGAGCGTACCCACG-1,BAL 03
c1_1_AGAGAGCGTACTGACT-1,BAL 03
c1_1_AGAGAGCGTGAACGGT-1,BAL 02
c1_1_AGAGAGCGTTTGCCGG-1,BAL 03
c1_1_AGAGAGCTCAAGAGTA-1,Multiplet
c1_1_AGAGAGCTCAGTGATC-1,BAL 07
c1_1_AGAGAGCTCCGAACGC-1,BAL 04
c1_1_AGAGAGCTCGGAACTT-1,Multiplet
c1_1_AGAGAGCTCTGCCCTA-1,Multiplet
c1_1_AGAGCAGAGAATCTAG-1,BAL 01
c1_1_AGAGCAGAGATGCTTC-1,BAL 07
c1_1_AGAGCAGAGCGAGTAC-1,BAL 05
c1_1_AGAGCAGAGCTGCGAA-1,BAL 03
c1_1_AGAGCAGAGGTATCTC-1,BAL 02
c1_1_AGAGCAGCAACTCCAA-1,BAL 02
c1_1_AGAGCAGCACGTATAC-1,BAL 01
c1_1_AGAGCAGCACTCTAGA-1,Multiplet
c1_1_AGAGCAGCATTGAAAG-1,BAL 06
c1_1_AGAGCAGGTCAAGCCC-1,BAL 03
c1_1_AGAGCAGTCATCGTAG-1,BAL 07
c1_1_AGAGCAGTCCACTTTA-1,BAL 02
c1_1_AGAGCAGTCCCGTTCA-1,BAL 07
c1_1_AGAGCCCAGTCTGGAG-1,BAL 08
c1_1_AGAGCCCCAACAGAGC-1,BAL 05
c1_1_AGAGCCCCACAGGATG-1,BAL 07
c1_1_AGAGCCCCATGACTTG-1,BAL 03
c1_1_AGAGCCCCATGCCGAC-1,BAL 01
c1_1_AGAGCCCGTAGGGAGG-1,Multiplet
c1_1_AGAGCCCGTGCCTTCT-1,BAL 06
c1_1_AGAGCCCTCTCTGAGA-1,BAL 07
c1_1_AGATAGACAGTACTAC-1,BAL 05
c1_1_AGATAGACATCCTGTC-1,BAL 03
c1_1_AGATAGACATCGATGT-1,BAL 07
c1_1_AGATAGAGTCACTGAT-1,BAL 03
c1_1_AGATAGAGTTACGTAC-1,BAL 03
c1_1_AGATAGAGTTGCAACT-1,BAL 02
c1_1_AGATAGATCACCTCAC-1,BAL 01
c1_1_AGATCCAAGACAGCTG-1,BAL 01
c1_1_AGATCCACAAACACCT-1,Negative
c1_1_AGATCCACACAAGTGG-1,BAL 02
c1_1_AGATCCACACTGTCGG-1,Multiplet
c1_1_AGATCCACAGCTACTA-1,BAL 02
c1_1_AGATCCACAGGGAATC-1,BAL 05
c1_1_AGATCCAGTAATGCTC-1,BAL 02
c1_1_AGATCCAGTTAAGGAT-1,BAL 04
c1_1_AGATCCATCCGACGGT-1,BAL 03
c1_1_AGATCCATCGGTCACG-1,BAL 05
c1_1_AGATCGTAGAAACCCG-1,BAL 08
c1_1_AGATCGTAGCTTTGTG-1,BAL 05
c1_1_AGATCGTAGTGCGACA-1,Multiplet
c1_1_AGATCGTAGTTCATCG-1,Multiplet
c1_1_AGATCGTCAACCGTAT-1,BAL 05
c1_1_AGATCGTCACTTCAAG-1,BAL 05
c1_1_AGATCGTCATGATCTG-1,BAL 04
c1_1_AGATCGTCATGTGTCA-1,BAL 05
c1_1_AGATCGTGTTTCGTAG-1,BAL 03
c1_1_AGATCGTTCATGCCGG-1,BAL 06
c1_1_AGATCGTTCCAGCCTT-1,BAL 05
c1_1_AGATCGTTCTGCGTCT-1,BAL 06
c1_1_AGATGAAAGAGTCAAT-1,BAL 01
c1_1_AGATGAAAGTGGAAAG-1,Multiplet
c1_1_AGATGAAAGTTACGTC-1,BAL 04
c1_1_AGATGAACAATCTAGC-1,BAL 01
c1_1_AGATGAACATCCGGCA-1,BAL 07
c1_1_AGATGAACATGAATCC-1,Multiplet
c1_1_AGATGAAGTAGCCAGA-1,BAL 07
c1_1_AGATGAAGTCCGAAAG-1,Multiplet
c1_1_AGATGAAGTTGTGGCC-1,BAL 02
c1_1_AGATGAATCTACGGGC-1,BAL 01
c1_1_AGATGCTAGATTACCC-1,BAL 02
c1_1_AGATGCTAGCCATTGT-1,Multiplet
c1_1_AGATGCTAGGACTGGT-1,BAL 05
c1_1_AGATGCTAGTCCTGCG-1,BAL 02
c1_1_AGATGCTCAAAGTATG-1,BAL 05
c1_1_AGATGCTCAACAAGTA-1,BAL 05
c1_1_AGATGCTCACACAGCC-1,BAL 02
c1_1_AGATGCTCACAGACGA-1,BAL 06
c1_1_AGATGCTCAGGATCTT-1,BAL 08
c1_1_AGATGCTCAGTGACCC-1,BAL 06
c1_1_AGATGCTGTAATTAGG-1,BAL 02
c1_1_AGATGCTGTAGCGTTT-1,BAL 02
c1_1_AGATGCTGTATGCTAC-1,Multiplet
c1_1_AGATGCTGTCAGTCGC-1,BAL 02
c1_1_AGATGCTGTCGCTGCA-1,BAL 03
c1_1_AGATGCTGTGCTCCGA-1,BAL 05
c1_1_AGATGCTGTGTCCATA-1,BAL 08
c1_1_AGATGCTTCAAGCCCG-1,BAL 02
c1_1_AGATGCTTCAAGCTTG-1,BAL 06
c1_1_AGATGCTTCACTCTTA-1,BAL 07
c1_1_AGATGCTTCATAGCAC-1,BAL 06
c1_1_AGATGCTTCGCGTGCA-1,BAL 05
c1_1_AGCATCAAGACCGCCT-1,BAL 05
c1_1_AGCATCAAGATAGTGT-1,BAL 03
c1_1_AGCATCAAGCAGCGAT-1,Multiplet
c1_1_AGCATCAAGCGCTTCG-1,BAL 07
c1_1_AGCATCAAGGATTTAG-1,BAL 05
c1_1_AGCATCAAGTAAGAGG-1,Multiplet
c1_1_AGCATCACACCCTATC-1,BAL 07
c1_1_AGCATCACAGGAAGTC-1,BAL 02
c1_1_AGCATCACAGGAGACT-1,Multiplet
c1_1_AGCATCAGTAATACCC-1,Multiplet
c1_1_AGCATCAGTACGATCT-1,BAL 06
c1_1_AGCATCAGTTTGGCTA-1,Multiplet
c1_1_AGCATCATCAATGTCG-1,Negative
c1_1_AGCATCATCGACGAGA-1,BAL 03
c1_1_AGCATCATCTCGGGAC-1,BAL 01
c1_1_AGCCAATAGACCCGCT-1,BAL 08
c1_1_AGCCAATAGCATTGAA-1,BAL 04
c1_1_AGCCAATAGCTGAGTG-1,Multiplet
c1_1_AGCCAATAGGGTCACA-1,BAL 02
c1_1_AGCCAATCAAACTCGT-1,BAL 06
c1_1_AGCCAATCACTGGCGT-1,BAL 06
c1_1_AGCCAATCAGGACAGT-1,BAL 05
c1_1_AGCCAATCAGGTGACA-1,BAL 03
c1_1_AGCCAATGTACAGGTG-1,BAL 02
c1_1_AGCCAATTCAAAGACA-1,Multiplet
c1_1_AGCCAATTCAAATGAG-1,BAL 01
c1_1_AGCCAATTCAGGAAAT-1,BAL 08
c1_1_AGCCAATTCTAGAGCT-1,Multiplet
c1_1_AGCCAATTCTCGGCTT-1,BAL 05
c1_1_AGCCACGAGACAACAT-1,BAL 02
c1_1_AGCCACGAGATGTTGA-1,BAL 05
c1_1_AGCCACGAGCGTCAAG-1,BAL 03
c1_1_AGCCACGAGGAGACCT-1,BAL 02
c1_1_AGCCACGAGGTAGATT-1,Multiplet
c1_1_AGCCACGCAAACCGGA-1,BAL 07
c1_1_AGCCACGCATGGCACC-1,Multiplet
c1_1_AGCCACGGTATGCGTT-1,BAL 03
c1_1_AGCCACGGTATTAAGG-1,BAL 02
c1_1_AGCCACGGTGAGCGAT-1,BAL 08
c1_1_AGCCACGGTTTACTGG-1,BAL 07
c1_1_AGCCACGTCGTTATCT-1,Multiplet
c1_1_AGCCAGCAGCCACAAG-1,BAL 06
c1_1_AGCCAGCAGTCGCTAT-1,BAL 08
c1_1_AGCCAGCAGTGGAAAG-1,BAL 07
c1_1_AGCCAGCCAGGAGACT-1,BAL 03
c1_1_AGCCAGCCAGGTCAAG-1,BAL 02
c1_1_AGCCAGCCATTCCTAT-1,BAL 04
c1_1_AGCCAGCGTCAAAGAT-1,BAL 05
c1_1_AGCCAGCGTCCATAGT-1,BAL 05
c1_1_AGCCAGCGTCTTCCGT-1,BAL 04
c1_1_AGCCAGCTCAACTGAC-1,BAL 05
c1_1_AGCCAGCTCTGTCTCG-1,BAL 03
c1_1_AGCGATTAGATCGCCC-1,BAL 02
c1_1_AGCGATTAGCGAGTCA-1,BAL 03
c1_1_AGCGATTAGTCCCTAA-1,BAL 03
c1_1_AGCGATTCATCATCTT-1,BAL 04
c1_1_AGCGATTGTATGGAAT-1,Multiplet
c1_1_AGCGATTGTGCGAACA-1,BAL 02
c1_1_AGCGATTGTGGCATCC-1,BAL 08
c1_1_AGCGATTTCAAGAAAC-1,Multiplet
c1_1_AGCGATTTCAAGAGGC-1,BAL 05
c1_1_AGCGATTTCAAGTGGG-1,Multiplet
c1_1_AGCGATTTCACGGACC-1,BAL 06
c1_1_AGCGATTTCAGGAAAT-1,BAL 07
c1_1_AGCGCCACACACACGC-1,BAL 07
c1_1_AGCGCCACAGACAATA-1,Multiplet
c1_1_AGCGCCACAGAGCCCT-1,BAL 08
c1_1_AGCGCCACATTCGATG-1,Multiplet
c1_1_AGCGCCACATTGAGCT-1,BAL 01
c1_1_AGCGCCAGTAGGGAGG-1,BAL 05
c1_1_AGCGCCAGTCTAATCG-1,BAL 05
c1_1_AGCGCCAGTGCATACT-1,BAL 05
c1_1_AGCGCCAGTGTCATTG-1,BAL 03
c1_1_AGCGCCATCAAGCCAT-1,BAL 04
c1_1_AGCGCCATCATGCCAA-1,BAL 08
c1_1_AGCGCCATCTGCTAGA-1,BAL 05
c1_1_AGCGCTGAGGCTATCT-1,BAL 05
c1_1_AGCGCTGAGTTGGAGC-1,BAL 04
c1_1_AGCGCTGCAAACACCT-1,BAL 03
c1_1_AGCGCTGCAACCCTCT-1,BAL 03
c1_1_AGCGCTGCAGCTCTGG-1,BAL 04
c1_1_AGCGCTGCATCCTTGC-1,BAL 03
c1_1_AGCGCTGCATGACCCG-1,BAL 06
c1_1_AGCGCTGGTAGTATAG-1,BAL 05
c1_1_AGCGCTGGTTATCCAG-1,BAL 07
c1_1_AGCGCTGGTTCGGCTG-1,BAL 02
c1_1_AGCGCTGGTTTGACAC-1,BAL 03
c1_1_AGCGCTGTCTGACAGT-1,BAL 05
c1_1_AGCGCTGTCTTAGCTT-1,BAL 08
c1_1_AGCGTATAGAATTGCA-1,BAL 07
c1_1_AGCGTATCACGTATAC-1,BAL 05
c1_1_AGCGTATCAGGTAGTG-1,Multiplet
c1_1_AGCGTATCATATCTCT-1,Multiplet
c1_1_AGCGTATGTCGTTGGC-1,BAL 08
c1_1_AGCGTATTCGAGATGG-1,BAL 06
c1_1_AGCGTATTCGCAAGAG-1,BAL 02
c1_1_AGCGTCGCAAGTGCAG-1,BAL 04
c1_1_AGCGTCGCACTACAGT-1,BAL 03
c1_1_AGCGTCGCAGCGGTTC-1,Multiplet
c1_1_AGCGTCGCATGGGCAA-1,BAL 03
c1_1_AGCGTCGGTACAGTCT-1,BAL 03
c1_1_AGCGTCGGTCGTGGAA-1,BAL 03
c1_1_AGCGTCGTCAGACATC-1,BAL 03
c1_1_AGCGTCGTCTTTCGAT-1,BAL 04
c1_1_AGCTACACAACCGCTG-1,BAL 06
c1_1_AGCTACACAACGGCCT-1,Multiplet
c1_1_AGCTACACAAGTGATA-1,BAL 02
c1_1_AGCTACACACGACGTC-1,BAL 08
c1_1_AGCTACACAGGTTTAC-1,BAL 03
c1_1_AGCTACACATCCAACA-1,Multiplet
c1_1_AGCTACAGTAACGGTG-1,BAL 08
c1_1_AGCTACAGTACATACC-1,BAL 07
c1_1_AGCTACAGTGATAGTA-1,BAL 07
c1_1_AGCTACAGTTTCGCTC-1,Multiplet
c1_1_AGCTACATCAAGCCAT-1,Multiplet
c1_1_AGCTACATCCCGTTGT-1,BAL 03
c1_1_AGCTACATCGGAGCAA-1,BAL 04
c1_1_AGCTCAAAGCGGTATG-1,Multiplet
c1_1_AGCTCAAAGGCCACCT-1,BAL 05
c1_1_AGCTCAAAGGCTAAAT-1,BAL 08
c1_1_AGCTCAACAACCCTAA-1,BAL 08
c1_1_AGCTCAACAACGTAAA-1,BAL 02
c1_1_AGCTCAACAGTCGAGA-1,BAL 07
c1_1_AGCTCAAGTACAGTCT-1,BAL 03
c1_1_AGCTCAATCCATACAG-1,BAL 07
c1_1_AGCTCAATCCTTCTTC-1,BAL 06
c1_1_AGCTCAATCTCACCCA-1,BAL 02
c1_1_AGCTTCCAGCCAGAGT-1,BAL 03
c1_1_AGCTTCCAGCCTCGTG-1,BAL 01
c1_1_AGCTTCCAGGCACCAA-1,BAL 02
c1_1_AGCTTCCAGTGCAGCA-1,BAL 02
c1_1_AGCTTCCAGTTCCAGT-1,BAL 02
c1_1_AGCTTCCCAAGTGGTG-1,BAL 05
c1_1_AGCTTCCCAATAGGAT-1,BAL 08
c1_1_AGCTTCCCACACGGAA-1,BAL 06
c1_1_AGCTTCCCACTGCGAC-1,BAL 02
c1_1_AGCTTCCCATACCAGT-1,BAL 03
c1_1_AGCTTCCGTCGGTAAG-1,BAL 03
c1_1_AGCTTCCGTGTCTTCC-1,BAL 04
c1_1_AGCTTCCGTTGACTGT-1,BAL 08
c1_1_AGCTTCCTCCTAAACG-1,Multiplet
c1_1_AGCTTCCTCTGTCAGA-1,BAL 07
c1_1_AGCTTCCTCTGTCCCA-1,BAL 01
c1_1_AGGAAATAGAGGTCGT-1,Multiplet
c1_1_AGGAAATAGGACTATA-1,BAL 05
c1_1_AGGAAATAGGGTATAT-1,BAL 03
c1_1_AGGAAATAGTTCGGTT-1,BAL 03
c1_1_AGGAAATCATCCGGTG-1,Multiplet
c1_1_AGGAAATGTAGCGCTC-1,Multiplet
c1_1_AGGAAATGTCTTCGAA-1,BAL 03
c1_1_AGGAAATGTTAGAAGT-1,BAL 06
c1_1_AGGAAATGTTGCCAAT-1,BAL 08
c1_1_AGGAAATGTTGGGATG-1,BAL 05
c1_1_AGGAAATTCAAGCCTA-1,BAL 02
c1_1_AGGAAATTCATTGAGC-1,BAL 03
c1_1_AGGAAATTCGGCTTGG-1,BAL 08
c1_1_AGGAATAAGATTAGAC-1,BAL 06
c1_1_AGGAATAAGCGGTAGT-1,Multiplet
c1_1_AGGAATAAGCTGCGAA-1,BAL 06
c1_1_AGGAATAAGGCCTAAG-1,BAL 08
c1_1_AGGAATAAGTGACCTT-1,BAL 08
c1_1_AGGAATACACATGAAA-1,BAL 05
c1_1_AGGAATACACTGTTCC-1,BAL 07
c1_1_AGGAATACAGGGAGAG-1,BAL 05
c1_1_AGGAATACAGTTAAAG-1,BAL 06
c1_1_AGGAATACATAGAGGC-1,BAL 07
c1_1_AGGAATACATGGCTAT-1,BAL 08
c1_1_AGGAATAGTGGCTAGA-1,BAL 05
c1_1_AGGAATAGTTCGGCGT-1,BAL 07
c1_1_AGGAATATCAACTTTC-1,BAL 02
c1_1_AGGAATATCAGACCTA-1,BAL 05
c1_1_AGGACGACAGTCGGTC-1,Multiplet
c1_1_AGGACGACATAATCCG-1,Multiplet
c1_1_AGGACGACATCCGAAT-1,BAL 02
c1_1_AGGACGAGTACGGATG-1,Multiplet
c1_1_AGGACGATCTGTGCAA-1,Multiplet
c1_1_AGGACGATCTTCGGTC-1,Multiplet
c1_1_AGGACGATCTTGAGCA-1,BAL 07
c1_1_AGGACTTAGATTGCGG-1,BAL 03
c1_1_AGGACTTAGGAAACGA-1,BAL 01
c1_1_AGGACTTAGGCAGGTT-1,BAL 03
c1_1_AGGACTTAGGCCCACT-1,BAL 05
c1_1_AGGACTTAGGTTGAGC-1,BAL 06
c1_1_AGGACTTAGTGCACAG-1,BAL 05
c1_1_AGGACTTAGTTTCGAC-1,BAL 05
c1_1_AGGACTTCAACAGCTT-1,BAL 05
c1_1_AGGACTTCAGGACAGT-1,BAL 02
c1_1_AGGACTTCAGGATTCT-1,BAL 06
c1_1_AGGACTTGTAGGTACG-1,BAL 08
c1_1_AGGACTTGTCATCAGT-1,BAL 01
c1_1_AGGACTTGTTAGAGTA-1,BAL 05
c1_1_AGGACTTGTTGTTGAC-1,BAL 08
c1_1_AGGACTTTCGAGTCTA-1,BAL 07
c1_1_AGGACTTTCGGAACTT-1,BAL 07
c1_1_AGGAGGTAGAACGTGC-1,Multiplet
c1_1_AGGAGGTAGACAACTA-1,BAL 08
c1_1_AGGAGGTAGCTGAGCA-1,Multiplet
c1_1_AGGAGGTAGGTTTACC-1,BAL 02
c1_1_AGGAGGTAGTTACGTC-1,BAL 07
c1_1_AGGAGGTCACCGGTCA-1,BAL 06
c1_1_AGGAGGTCACTTTATC-1,BAL 08
c1_1_AGGAGGTCAGAGAGGG-1,Multiplet
c1_1_AGGAGGTCAGAGTTGG-1,BAL 05
c1_1_AGGAGGTCAGGGTTGA-1,BAL 02
c1_1_AGGAGGTCAGTAGAAT-1,BAL 05
c1_1_AGGAGGTCATTAAGCC-1,BAL 08
c1_1_AGGAGGTGTTCTGACA-1,Multiplet
c1_1_AGGAGGTTCGCTACGG-1,Multiplet
c1_1_AGGAGGTTCGGTCGGT-1,BAL 07
c1_1_AGGATAAAGTGCGCTC-1,Multiplet
c1_1_AGGATAACAGCAGATG-1,BAL 04
c1_1_AGGATAACATCAGCTA-1,Multiplet
c1_1_AGGATAACATGTGTCA-1,BAL 02
c1_1_AGGATAAGTCTTCGAA-1,BAL 05
c1_1_AGGATAAGTGTTAAAG-1,BAL 03
c1_1_AGGATAAGTTACCTTT-1,BAL 08
c1_1_AGGATAATCATGAGAA-1,BAL 05
c1_1_AGGATAATCCTCGCAT-1,BAL 08
c1_1_AGGATAATCGACCCAG-1,BAL 02
c1_1_AGGATCTAGGCGTCCT-1,Multiplet
c1_1_AGGATCTAGGTGCTTT-1,BAL 03
c1_1_AGGATCTCACCAACAT-1,BAL 05
c1_1_AGGATCTCAGCTTTGA-1,BAL 06
c1_1_AGGATCTCATAATCCG-1,BAL 01
c1_1_AGGATCTGTAGGAAAG-1,BAL 02
c1_1_AGGATCTGTAGTCACT-1,Multiplet
c1_1_AGGATCTGTAGTTCCA-1,BAL 08
c1_1_AGGATCTGTATGAGAT-1,Multiplet
c1_1_AGGATCTGTCCGGTCA-1,BAL 02
c1_1_AGGATCTGTCGCTCGA-1,BAL 07
c1_1_AGGATCTGTCGTCATA-1,BAL 03
c1_1_AGGATCTGTGGATACG-1,BAL 05
c1_1_AGGATCTGTTGTCTAG-1,Multiplet
c1_1_AGGATCTTCAATCCAG-1,BAL 08
c1_1_AGGATCTTCCAGGACC-1,Multiplet
c1_1_AGGATCTTCCTTCTGG-1,BAL 04
c1_1_AGGCATTAGGACAAGA-1,BAL 02
c1_1_AGGCATTCAAAGCTCT-1,BAL 03
c1_1_AGGCATTCAACTACGT-1,BAL 04
c1_1_AGGCATTGTAGACGTG-1,BAL 03
c1_1_AGGCATTGTGTAGCAG-1,BAL 05
c1_1_AGGCATTTCACCTCTG-1,BAL 06
c1_1_AGGCATTTCCTTGAAG-1,BAL 04
c1_1_AGGCATTTCTTACACT-1,BAL 05
c1_1_AGGCCACCAACCAATC-1,BAL 08
c1_1_AGGCCACCAACCGGAA-1,BAL 08
c1_1_AGGCCACCAATTTCGG-1,BAL 07
c1_1_AGGCCACCACCACATA-1,BAL 08
c1_1_AGGCCACCATCGAAGG-1,BAL 08
c1_1_AGGCCACGTCCCAAAT-1,BAL 05
c1_1_AGGCCACGTTCCTAAG-1,BAL 01
c1_1_AGGCCACTCAGCACCG-1,BAL 02
c1_1_AGGCCACTCATGGTAC-1,BAL 02
c1_1_AGGCCACTCGCCTTGT-1,BAL 06
c1_1_AGGCCACTCTCTGCTG-1,BAL 03
c1_1_AGGCTGCAGAAATTGC-1,BAL 06
c1_1_AGGCTGCAGTAACAGT-1,BAL 08
c1_1_AGGCTGCAGTGGCCTC-1,Multiplet
c1_1_AGGCTGCCAATTCTTC-1,BAL 03
c1_1_AGGCTGCCACTATGTG-1,Multiplet
c1_1_AGGCTGCGTCTTCTAT-1,BAL 07
c1_1_AGGCTGCTCCAAAGGG-1,BAL 04
c1_1_AGGCTGCTCCCGAGTG-1,Multiplet
c1_1_AGGCTGCTCGCTCTAC-1,BAL 02
c1_1_AGGCTGCTCGTCGATA-1,BAL 02
c1_1_AGGCTGCTCGTCTAAG-1,BAL 03
c1_1_AGGGAGTAGACCTGGA-1,BAL 02
c1_1_AGGGAGTAGGCACTAG-1,BAL 03
c1_1_AGGGAGTCACTGGAAG-1,BAL 02
c1_1_AGGGAGTCACTGTGAT-1,Multiplet
c1_1_AGGGAGTCAGATCCTA-1,BAL 01
c1_1_AGGGAGTCATAGGAGC-1,BAL 02
c1_1_AGGGAGTCATGACACT-1,BAL 03
c1_1_AGGGAGTGTAACAGGC-1,BAL 08
c1_1_AGGGAGTGTCGTTATG-1,BAL 06
c1_1_AGGGAGTGTGTATCCA-1,BAL 03
c1_1_AGGGAGTTCGAACTCA-1,BAL 08
c1_1_AGGGAGTTCGCCATAA-1,BAL 04
c1_1_AGGGCCTAGAGATGCC-1,BAL 03
c1_1_AGGGCCTAGCTTCGTA-1,BAL 03
c1_1_AGGGCCTAGGCTAAAT-1,BAL 04
c1_1_AGGGCCTCAAGGAGTC-1,Multiplet
c1_1_AGGGCCTGTCAGGTAG-1,BAL 02
c1_1_AGGGCCTGTCCTCCTA-1,BAL 04
c1_1_AGGGCCTGTCGATTTG-1,BAL 03
c1_1_AGGGCCTGTCGCATCG-1,BAL 06
c1_1_AGGGCCTGTCTTGAAC-1,Multiplet
c1_1_AGGGCCTGTGATACTC-1,BAL 01
c1_1_AGGGCCTGTGTGTCCG-1,BAL 03
c1_1_AGGGCCTTCGACCATA-1,BAL 01
c1_1_AGGGCCTTCTACCAGA-1,BAL 04
c1_1_AGGGCTCCACAGAGCA-1,BAL 04
c1_1_AGGGCTCCACCCAACG-1,Multiplet
c1_1_AGGGCTCCAGTCTTCC-1,BAL 05
c1_1_AGGGCTCCATATGGCT-1,BAL 02
c1_1_AGGGCTCGTGCCGGTT-1,BAL 03
c1_1_AGGGCTCTCATCTCTA-1,BAL 07
c1_1_AGGGCTCTCCGTAGGC-1,BAL 04
c1_1_AGGGTCCAGCTGTACT-1,BAL 02
c1_1_AGGGTCCAGGCTGGAT-1,BAL 03
c1_1_AGGGTCCCAATAGTCC-1,BAL 08
c1_1_AGGGTCCCAGAATCGG-1,BAL 05
c1_1_AGGGTCCGTCATGCAT-1,BAL 01
c1_1_AGGGTCCGTCGAAACG-1,BAL 05
c1_1_AGGGTCCGTCGAACGA-1,BAL 05
c1_1_AGGGTCCGTTACGATC-1,BAL 06
c1_1_AGGGTCCTCGACACTA-1,Multiplet
c1_1_AGGGTCCTCTTTCGAT-1,Multiplet
c1_1_AGGGTGAAGAAGTCAT-1,BAL 07
c1_1_AGGGTGAAGCAATTCC-1,BAL 08
c1_1_AGGGTGAAGGAACTAT-1,BAL 07
c1_1_AGGGTGACAATTCGTG-1,Multiplet
c1_1_AGGGTGACACTTACAG-1,BAL 05
c1_1_AGGGTGACAGCGACAA-1,BAL 01
c1_1_AGGGTGACATGTGTCA-1,BAL 08
c1_1_AGGGTGACATTGCAAC-1,BAL 07
c1_1_AGGGTGAGTACAAGCG-1,Multiplet
c1_1_AGGGTGAGTGTGATGG-1,BAL 08
c1_1_AGGGTGATCATAGCAC-1,BAL 08
c1_1_AGGGTGATCCATCACC-1,BAL 01
c1_1_AGGGTGATCCATCAGA-1,Multiplet
c1_1_AGGGTGATCGCTTGAA-1,Multiplet
c1_1_AGGGTTTAGCGGACAT-1,BAL 04
c1_1_AGGGTTTAGTCGGGAT-1,BAL 08
c1_1_AGGGTTTCAAAGCGTG-1,BAL 05
c1_1_AGGGTTTCACCCTCTA-1,Multiplet
c1_1_AGGGTTTCACCTCAGG-1,BAL 08
c1_1_AGGGTTTCAGCACGAA-1,BAL 02
c1_1_AGGGTTTCATTATGCG-1,BAL 06
c1_1_AGGGTTTGTAGGGTAC-1,BAL 04
c1_1_AGGGTTTGTCTTACTT-1,BAL 02
c1_1_AGGGTTTGTGACCTGC-1,BAL 08
c1_1_AGGGTTTTCACAATGC-1,BAL 03
c1_1_AGGGTTTTCCAGTGTA-1,BAL 06
c1_1_AGGTAGGAGACGTCCC-1,BAL 05
c1_1_AGGTAGGAGCAGTAAT-1,BAL 04
c1_1_AGGTAGGAGCTTTCCC-1,BAL 05
c1_1_AGGTAGGAGTCGTTAC-1,Multiplet
c1_1_AGGTAGGAGTTCCGTA-1,BAL 04
c1_1_AGGTAGGGTAGTTACC-1,BAL 08
c1_1_AGGTAGGGTCATCGCG-1,BAL 04
c1_1_AGGTAGGGTCTTCCGT-1,BAL 08
c1_1_AGGTAGGGTGTCTAAC-1,BAL 02
c1_1_AGGTAGGGTTTGGGTT-1,BAL 07
c1_1_AGGTAGGTCAAGGTGG-1,Multiplet
c1_1_AGGTAGGTCACGTAGT-1,BAL 08
c1_1_AGGTAGGTCGACTCCT-1,Multiplet
c1_1_AGGTCATAGATAGTGT-1,BAL 05
c1_1_AGGTCATAGGAGAGGC-1,Multiplet
c1_1_AGGTCATCACAGTCAT-1,BAL 05
c1_1_AGGTCATCAGAGACTG-1,BAL 04
c1_1_AGGTCATCATCTGTTT-1,BAL 01
c1_1_AGGTCATGTCGCTGCA-1,Multiplet
c1_1_AGGTCATGTCTAGGCC-1,BAL 03
c1_1_AGGTCATGTGGTCTTA-1,Negative
c1_1_AGGTCATTCACCCTTG-1,BAL 07
c1_1_AGGTCATTCATTCCTA-1,Multiplet
c1_1_AGGTCATTCGACCCAG-1,BAL 03
c1_1_AGGTCTAAGGCGCTCT-1,BAL 05
c1_1_AGGTCTACAGCGTTTA-1,Multiplet
c1_1_AGGTCTACATGGGATG-1,BAL 08
c1_1_AGGTCTAGTACCGTCG-1,Multiplet
c1_1_AGGTCTAGTAGCTAAA-1,BAL 02
c1_1_AGGTCTAGTTACACAC-1,BAL 04
c1_1_AGGTCTAGTTGGGATG-1,BAL 03
c1_1_AGGTCTATCTAACGCA-1,BAL 08
c1_1_AGGTCTATCTATGTGG-1,BAL 01
c1_1_AGGTGTTAGCTAGCCC-1,BAL 04
c1_1_AGGTGTTAGCTCCCTT-1,BAL 03
c1_1_AGGTGTTAGGCAATGC-1,BAL 05
c1_1_AGGTGTTAGTAGCTCT-1,Multiplet
c1_1_AGGTGTTCAATTGTGC-1,Multiplet
c1_1_AGGTGTTCATATCGGT-1,BAL 06
c1_1_AGGTGTTCATCTGGGC-1,Multiplet
c1_1_AGGTGTTGTACGTAGG-1,Multiplet
c1_1_AGGTGTTGTGCGGCTT-1,Multiplet
c1_1_AGGTGTTGTTGGCCGT-1,Multiplet
c1_1_AGGTGTTTCACATACG-1,BAL 08
c1_1_AGGTGTTTCTAACACG-1,BAL 02
c1_1_AGGTTACAGATGAACT-1,BAL 02
c1_1_AGGTTACAGATGATTG-1,BAL 06
c1_1_AGGTTACAGGACGCAT-1,BAL 02
c1_1_AGGTTACAGTATGAAC-1,BAL 06
c1_1_AGGTTACAGTTTCGGT-1,BAL 04
c1_1_AGGTTACCAATTAGGA-1,BAL 01
c1_1_AGGTTACCACTAGGCC-1,Multiplet
c1_1_AGGTTACCAGTAACGG-1,BAL 02
c1_1_AGGTTACGTATGCTAC-1,Multiplet
c1_1_AGGTTACGTCCGGATC-1,Multiplet
c1_1_AGGTTACGTGTCTCCT-1,BAL 07
c1_1_AGGTTACTCTGTTCAT-1,BAL 02
c1_1_AGGTTGTAGATGTAGT-1,BAL 06
c1_1_AGGTTGTAGTACTGGG-1,BAL 03
c1_1_AGGTTGTAGTCACGAG-1,BAL 07
c1_1_AGGTTGTCAAAGACTA-1,Multiplet
c1_1_AGGTTGTCAAGTGGCA-1,Multiplet
c1_1_AGGTTGTCAGTTGAAA-1,BAL 03
c1_1_AGGTTGTGTGTATACC-1,BAL 07
c1_1_AGGTTGTGTTGCCAAT-1,Multiplet
c1_1_AGGTTGTTCATGAGGG-1,BAL 03
c1_1_AGGTTGTTCGCCTAGG-1,BAL 06
c1_1_AGGTTGTTCTGTGCTC-1,Multiplet
c1_1_AGGTTGTTCTTACACT-1,BAL 03
c1_1_AGTAACCAGCAAGTCG-1,BAL 02
c1_1_AGTAACCAGGGATCAC-1,Multiplet
c1_1_AGTAACCAGTTACGGG-1,BAL 05
c1_1_AGTAACCCAATCGCCG-1,Multiplet
c1_1_AGTAACCCACCGTCTT-1,BAL 02
c1_1_AGTAACCCACTAGGCC-1,BAL 02
c1_1_AGTAACCCAGCTGCCA-1,BAL 01
c1_1_AGTAACCGTCAACGCC-1,BAL 02
c1_1_AGTAACCGTGAGCAGT-1,Multiplet
c1_1_AGTAACCGTGCCTACG-1,BAL 07
c1_1_AGTAACCGTTGAGAGC-1,Multiplet
c1_1_AGTAACCTCCACACAA-1,BAL 03
c1_1_AGTACCAAGAGGGTGG-1,BAL 07
c1_1_AGTACCAAGATACAGT-1,BAL 01
c1_1_AGTACCAAGCATACTC-1,BAL 07
c1_1_AGTACCAAGCATCAGG-1,BAL 06
c1_1_AGTACCAAGCTGTTCA-1,BAL 04
c1_1_AGTACCACACCAGCCA-1,BAL 08
c1_1_AGTACCACAGAAATTG-1,BAL 07
c1_1_AGTACCACAGCGCTTG-1,BAL 06
c1_1_AGTACCACAGGTCCGT-1,BAL 08
c1_1_AGTACCACATATCTCT-1,BAL 03
c1_1_AGTACCAGTCAGATTC-1,Multiplet
c1_1_AGTACCAGTTTATGCG-1,BAL 02
c1_1_AGTACCATCACACGAT-1,BAL 06
c1_1_AGTACTGAGAAGGTAG-1,BAL 07
c1_1_AGTACTGAGAGACAAG-1,BAL 04
c1_1_AGTACTGAGCGATGGT-1,BAL 08
c1_1_AGTACTGAGTACTGTC-1,BAL 04
c1_1_AGTACTGCAAGTATAG-1,BAL 04
c1_1_AGTACTGCAATAGAGT-1,BAL 04
c1_1_AGTACTGCAGGAATAT-1,BAL 02
c1_1_AGTACTGCATTCATCT-1,BAL 01
c1_1_AGTACTGGTGCCTATA-1,BAL 07
c1_1_AGTACTGTCGTTCCTG-1,BAL 02
c1_1_AGTACTGTCTGTGCAA-1,BAL 03
c1_1_AGTAGCTAGTTACGGG-1,BAL 04
c1_1_AGTAGCTCAATCGCGC-1,BAL 06
c1_1_AGTAGCTCACCCTATC-1,Multiplet
c1_1_AGTAGCTCACTATGTG-1,BAL 03
c1_1_AGTAGCTCATGCCGCA-1,BAL 05
c1_1_AGTAGCTCATGTGACT-1,BAL 06
c1_1_AGTAGCTGTATCAGCT-1,BAL 07
c1_1_AGTAGCTGTGACAGCA-1,BAL 05
c1_1_AGTAGCTTCATCTACT-1,BAL 07
c1_1_AGTAGCTTCCAACTGA-1,BAL 06
c1_1_AGTAGCTTCCCGTGAG-1,BAL 08
c1_1_AGTAGCTTCGGAGCAA-1,BAL 06
c1_1_AGTAGCTTCGTGGAAG-1,Multiplet
c1_1_AGTAGTCAGCAAATCA-1,BAL 08
c1_1_AGTAGTCAGCACTCAT-1,BAL 07
c1_1_AGTAGTCAGGCATGGT-1,BAL 03
c1_1_AGTAGTCAGGCTCAAG-1,Multiplet
c1_1_AGTAGTCAGGGAGTTC-1,BAL 03
c1_1_AGTAGTCCAACACGAG-1,BAL 08
c1_1_AGTAGTCCACTGGAAG-1,Multiplet
c1_1_AGTAGTCCAGGTCCCA-1,BAL 05
c1_1_AGTAGTCCATGACAAA-1,BAL 03
c1_1_AGTAGTCGTAATGCGG-1,BAL 01
c1_1_AGTAGTCGTACCCGCA-1,BAL 07
c1_1_AGTAGTCGTAGGTGCA-1,Multiplet
c1_1_AGTAGTCGTGTCATTG-1,BAL 07
c1_1_AGTAGTCGTTCAGCTA-1,BAL 05
c1_1_AGTAGTCTCGAACCAT-1,BAL 08
c1_1_AGTCAACAGGGACACT-1,BAL 05
c1_1_AGTCAACAGTCATAGA-1,BAL 02
c1_1_AGTCAACCAAAGACGC-1,BAL 02
c1_1_AGTCAACCAGCCGTTG-1,BAL 01
c1_1_AGTCAACCAGTCGCAC-1,BAL 01
c1_1_AGTCAACCATACCATG-1,BAL 06
c1_1_AGTCAACGTAGTTAGA-1,BAL 05
c1_1_AGTCAACGTCTACGTA-1,Multiplet
c1_1_AGTCAACTCCGTGTCT-1,Multiplet
c1_1_AGTCAACTCGCACGGT-1,BAL 05
c1_1_AGTCAACTCTTTGCAT-1,BAL 03
c1_1_AGTCACAAGGAAGTGA-1,BAL 05
c1_1_AGTCACAAGGTAACTA-1,BAL 02
c1_1_AGTCACACACGGATCC-1,BAL 04
c1_1_AGTCACACAGACGCTC-1,Multiplet
c1_1_AGTCACACAGAGTAAT-1,Multiplet
c1_1_AGTCACAGTAACAGTA-1,BAL 05
c1_1_AGTCACAGTACTGACT-1,BAL 02
c1_1_AGTCACAGTCATTGCA-1,Multiplet
c1_1_AGTCACAGTTAGAGTA-1,Multiplet
c1_1_AGTCACATCTAGTCAG-1,BAL 02
c1_1_AGTCACATCTGCTGAA-1,BAL 03
c1_1_AGTCACATCTTACCGC-1,BAL 05
c1_1_AGTCATGAGGCTAACG-1,BAL 04
c1_1_AGTCATGAGTATGACA-1,BAL 01
c1_1_AGTCATGCAACAGCTT-1,BAL 03
c1_1_AGTCATGCAACAGTGG-1,BAL 03
c1_1_AGTCATGCAGACAAAT-1,BAL 05
c1_1_AGTCATGGTAAGGTCG-1,BAL 07
c1_1_AGTCATGGTACTAAGA-1,BAL 08
c1_1_AGTCATGGTGTGTACT-1,Multiplet
c1_1_AGTCTCCAGAATTTGG-1,BAL 06
c1_1_AGTCTCCCACGCTATA-1,BAL 08
c1_1_AGTCTCCCAGAGTGAC-1,BAL 05
c1_1_AGTCTCCCAGCTTCCT-1,BAL 03
c1_1_AGTCTCCGTAAGCGGT-1,BAL 06
c1_1_AGTCTCCGTCGCTCGA-1,BAL 03
c1_1_AGTCTCCGTCTAGTGT-1,BAL 04
c1_1_AGTCTCCGTGCTATTG-1,BAL 02
c1_1_AGTCTCCGTGTCCACG-1,BAL 04
c1_1_AGTCTCCGTTTAGTCG-1,BAL 02
c1_1_AGTCTCCTCCCTTTGG-1,BAL 07
c1_1_AGTCTCCTCGCTGTTC-1,BAL 03
c1_1_AGTCTCCTCTCCGCAT-1,BAL 06
c1_1_AGTGACTAGAGCTGAC-1,BAL 08
c1_1_AGTGACTAGATACTGA-1,BAL 04
c1_1_AGTGACTAGGTTCCGC-1,BAL 07
c1_1_AGTGACTAGTGGCAGT-1,BAL 05
c1_1_AGTGACTCAACAGCCC-1,BAL 05
c1_1_AGTGACTCAGCTACAT-1,Multiplet
c1_1_AGTGACTGTCAACCTA-1,BAL 01
c1_1_AGTGACTGTGTGGACA-1,BAL 02
c1_1_AGTGACTGTTGGGAAC-1,BAL 02
c1_1_AGTGACTTCACAAGAA-1,Multiplet
c1_1_AGTGACTTCGGTAAGG-1,Multiplet
c1_1_AGTGACTTCGTGGCGT-1,BAL 07
c1_1_AGTGACTTCTACGGGC-1,BAL 03
c1_1_AGTGATCAGCCATGCC-1,BAL 05
c1_1_AGTGATCAGCGGTAGT-1,BAL 03
c1_1_AGTGATCAGGTCATAA-1,BAL 06
c1_1_AGTGATCCAAGAAATC-1,Multiplet
c1_1_AGTGATCCACCTCGTT-1,BAL 06
c1_1_AGTGATCCAGCATGCC-1,BAL 07
c1_1_AGTGATCCAGCCGTCA-1,BAL 08
c1_1_AGTGATCCAGTGGCTC-1,Multiplet
c1_1_AGTGATCGTAGCCAGA-1,BAL 01
c1_1_AGTGATCGTGTGGACA-1,BAL 01
c1_1_AGTGATCGTTGGAGAC-1,BAL 03
c1_1_AGTGATCTCCTCTCGA-1,BAL 06
c1_1_AGTGATCTCGGTGCAC-1,BAL 06
c1_1_AGTGATCTCTAGCATG-1,BAL 06
c1_1_AGTGCCGAGAGTGTGC-1,BAL 08
c1_1_AGTGCCGAGCAGTCTT-1,BAL 08
c1_1_AGTGCCGAGCTAGAGC-1,BAL 03
c1_1_AGTGCCGAGGAAAGTG-1,BAL 05
c1_1_AGTGCCGCACAACGTT-1,BAL 04
c1_1_AGTGCCGCAGTGACCC-1,BAL 03
c1_1_AGTGCCGCATACCGTA-1,BAL 01
c1_1_AGTGCCGGTATCACGT-1,Multiplet
c1_1_AGTGCCGGTCGCCACA-1,Multiplet
c1_1_AGTGCCGGTCGTATTG-1,BAL 01
c1_1_AGTGCCGGTGACGTCC-1,Multiplet
c1_1_AGTGCCGGTGTCCCTT-1,BAL 03
c1_1_AGTGCCGGTTTAGAGA-1,BAL 07
c1_1_AGTGCCGTCATATGGC-1,BAL 07
c1_1_AGTGCCGTCATTGCGA-1,Multiplet
c1_1_AGTGCCGTCCACACAA-1,BAL 05
c1_1_AGTGCCGTCCTGCCAT-1,BAL 06
c1_1_AGTGTTGAGCGTATAA-1,BAL 07
c1_1_AGTGTTGAGCGTGCCT-1,Multiplet
c1_1_AGTGTTGAGGGCCCTT-1,BAL 04
c1_1_AGTGTTGAGTCGTTAC-1,BAL 01
c1_1_AGTGTTGCACAACGTT-1,BAL 01
c1_1_AGTGTTGCAGCGAACA-1,BAL 07
c1_1_AGTGTTGGTCCGGTCA-1,Multiplet
c1_1_AGTGTTGGTCGTCATA-1,BAL 08
c1_1_AGTGTTGGTGTAGGAC-1,BAL 05
c1_1_AGTGTTGGTTAGGCCC-1,BAL 06
c1_1_AGTGTTGGTTTACGAC-1,BAL 08
c1_1_AGTGTTGTCAGGGTAG-1,BAL 01
c1_1_AGTTAGCAGAAGGTAG-1,BAL 01
c1_1_AGTTAGCAGACGCCCT-1,BAL 08
c1_1_AGTTAGCAGCCATCCG-1,Multiplet
c1_1_AGTTAGCAGCGTCAAG-1,Multiplet
c1_1_AGTTAGCAGGCCTAGA-1,Multiplet
c1_1_AGTTAGCCAGAACATA-1,BAL 01
c1_1_AGTTAGCGTGATGGCA-1,BAL 08
c1_1_AGTTAGCGTGCCGAAA-1,BAL 06
c1_1_AGTTAGCGTGGTAATA-1,BAL 01
c1_1_AGTTAGCTCGAGTACT-1,BAL 03
c1_1_AGTTAGCTCGGTAAGG-1,Multiplet
c1_1_AGTTCCCAGCCTGAAG-1,Multiplet
c1_1_AGTTCCCAGCTTAAGA-1,BAL 08
c1_1_AGTTCCCAGTGCAGGT-1,Multiplet
c1_1_AGTTCCCCAACTTGGT-1,BAL 07
c1_1_AGTTCCCCAATCTGCA-1,BAL 02
c1_1_AGTTCCCCAATGCTCA-1,BAL 03
c1_1_AGTTCCCCACAAATAG-1,BAL 02
c1_1_AGTTCCCCAGCCCACA-1,BAL 07
c1_1_AGTTCCCCATCTAACG-1,BAL 02
c1_1_AGTTCCCGTGGCACTC-1,BAL 04
c1_1_AGTTCCCTCACGTCCT-1,Multiplet
c1_1_AGTTCCCTCAGGGTAG-1,BAL 03
c1_1_AGTTCCCTCTACCTTA-1,BAL 08
c1_1_AGTTCCCTCTGACAGT-1,BAL 02
c1_1_AGTTCGACACAATCTG-1,BAL 01
c1_1_AGTTCGAGTACTTGTG-1,BAL 07
c1_1_AGTTCGAGTCGTGATT-1,BAL 08
c1_1_AGTTCGAGTGTAGCAG-1,Multiplet
c1_1_AGTTCGATCCGTTGAA-1,Multiplet
c1_1_ATACCGAAGCACCGTC-1,BAL 03
c1_1_ATACCGAAGCTAGATA-1,BAL 07
c1_1_ATACCGAAGGACCCAA-1,BAL 03
c1_1_ATACCGACAGTCGGTC-1,Multiplet
c1_1_ATACCGAGTGGCTGCT-1,BAL 08
c1_1_ATACCGAGTGGTCAAG-1,Multiplet
c1_1_ATACCGAGTTCTTAGG-1,Multiplet
c1_1_ATACCGAGTTTCTTAC-1,BAL 02
c1_1_ATACCGATCCGAACGC-1,BAL 01
c1_1_ATACCGATCGTGCAGC-1,BAL 06
c1_1_ATACCTTAGGTAGTCG-1,BAL 04
c1_1_ATACCTTAGGTATAGT-1,BAL 01
c1_1_ATACCTTCAGGCGAAT-1,BAL 06
c1_1_ATACCTTCATCGAACT-1,BAL 08
c1_1_ATACCTTGTCTACAAC-1,Multiplet
c1_1_ATACCTTGTCTCGGAC-1,Multiplet
c1_1_ATACCTTGTTCGGCGT-1,BAL 08
c1_1_ATACCTTGTTTCACTT-1,BAL 03
c1_1_ATACCTTTCAATCTCT-1,BAL 01
c1_1_ATACCTTTCATTTCCA-1,BAL 08
c1_1_ATACCTTTCCACGTAA-1,BAL 03
c1_1_ATACCTTTCCCGAGAC-1,BAL 02
c1_1_ATACTTCAGACGAGCT-1,BAL 02
c1_1_ATACTTCAGTCTTCCC-1,BAL 07
c1_1_ATACTTCCACTGGCGT-1,BAL 02
c1_1_ATACTTCCAGTAACAA-1,BAL 02
c1_1_ATACTTCCATCCGTGG-1,BAL 08
c1_1_ATACTTCGTAACAGTA-1,BAL 05
c1_1_ATACTTCTCTAGTGAC-1,BAL 08
c1_1_ATAGACCAGAACCGCA-1,BAL 01
c1_1_ATAGACCAGACTCATC-1,BAL 04
c1_1_ATAGACCAGCAGGCTA-1,BAL 05
c1_1_ATAGACCAGCCACTCG-1,BAL 08
c1_1_ATAGACCAGCCTGACC-1,BAL 08
c1_1_ATAGACCAGCTCGAAG-1,BAL 01
c1_1_ATAGACCAGTCGAAGC-1,BAL 07
c1_1_ATAGACCCAGAACTTC-1,Multiplet
c1_1_ATAGACCCAGGATCTT-1,BAL 05
c1_1_ATAGACCCAGTGGTGA-1,BAL 05
c1_1_ATAGACCGTAGGCTCC-1,BAL 03
c1_1_ATAGACCGTATCGCTA-1,BAL 05
c1_1_ATAGACCGTCTACGTA-1,BAL 02
c1_1_ATAGACCGTGAAGCGT-1,BAL 08
c1_1_ATAGACCGTTCTTCAT-1,BAL 02
c1_1_ATAGACCTCATTTCGT-1,BAL 05
c1_1_ATAGAGAAGATGAAGG-1,BAL 07
c1_1_ATAGAGAAGCGAAACC-1,Multiplet
c1_1_ATAGAGACAACGCCCA-1,BAL 03
c1_1_ATAGAGACACCGGAAA-1,BAL 08
c1_1_ATAGAGACAGCAAGAC-1,BAL 07
c1_1_ATAGAGACAGCTGTGC-1,BAL 02
c1_1_ATAGAGACAGCTTTGA-1,BAL 06
c1_1_ATAGAGAGTACTGAGG-1,BAL 05
c1_1_ATAGAGAGTTGAGTCT-1,BAL 02
c1_1_ATAGAGAGTTGGTACT-1,Multiplet
c1_1_ATAGAGATCAACCCGG-1,Multiplet
c1_1_ATAGAGATCAAGCCTA-1,BAL 05
c1_1_ATAGAGATCAGGAAGC-1,BAL 05
c1_1_ATAGAGATCGACATCA-1,BAL 05
c1_1_ATAGAGATCGAGTCCG-1,BAL 08
c1_1_ATAGAGATCTAAGGAA-1,BAL 05
c1_1_ATAGGCTAGCCTCATA-1,BAL 05
c1_1_ATAGGCTAGCTGAAAT-1,BAL 08
c1_1_ATAGGCTAGGATATAC-1,Multiplet
c1_1_ATAGGCTAGTCCCTAA-1,BAL 05
c1_1_ATAGGCTCAACAGTGG-1,BAL 08
c1_1_ATAGGCTCAAGAGCTG-1,BAL 03
c1_1_ATAGGCTCAAGCGAGT-1,Multiplet
c1_1_ATAGGCTCAAGTGACG-1,BAL 01
c1_1_ATAGGCTCAATTGAAG-1,Multiplet
c1_1_ATAGGCTCATGACAAA-1,BAL 07
c1_1_ATAGGCTGTCCAAGAG-1,BAL 05
c1_1_ATAGGCTGTCGCATTA-1,BAL 08
c1_1_ATAGGCTGTGGAACCA-1,Multiplet
c1_1_ATAGGCTGTTGCATCA-1,BAL 03
c1_1_ATAGGCTTCAAAGACA-1,Multiplet
c1_1_ATAGGCTTCAGTGGGA-1,BAL 03
c1_1_ATAGGCTTCCGGACTG-1,BAL 07
c1_1_ATAGGCTTCCTTCAGC-1,Multiplet
c1_1_ATAGGCTTCCTTCGAC-1,Multiplet
c1_1_ATAGGCTTCGCGTGAC-1,BAL 02
c1_1_ATAGGCTTCGGCCTTT-1,BAL 03
c1_1_ATATCCTAGAAGTCAT-1,BAL 05
c1_1_ATATCCTAGCGTCGAA-1,BAL 02
c1_1_ATATCCTAGTGACCTT-1,BAL 02
c1_1_ATATCCTCACCCAATA-1,BAL 02
c1_1_ATATCCTCAGCTACAT-1,BAL 03
c1_1_ATATCCTCAGTTGAAA-1,BAL 03
c1_1_ATATCCTGTAAGTTAG-1,BAL 03
c1_1_ATATCCTGTCACTCTC-1,BAL 02
c1_1_ATATCCTGTCAGACTT-1,BAL 06
c1_1_ATATCCTGTCATCGCG-1,BAL 06
c1_1_ATCACAGAGAAGTATC-1,Multiplet
c1_1_ATCACAGAGACTTAAG-1,BAL 05
c1_1_ATCACAGAGATCGCCC-1,BAL 03
c1_1_ATCACAGAGCGTCTCG-1,BAL 04
c1_1_ATCACAGAGTGAGGCT-1,Multiplet
c1_1_ATCACAGCAGTCAGAG-1,BAL 04
c1_1_ATCACAGGTAACCCGC-1,BAL 01
c1_1_ATCACAGGTAGCGCTC-1,BAL 06
c1_1_ATCACAGGTGTCACAT-1,BAL 05
c1_1_ATCACAGGTGTTCAGT-1,BAL 04
c1_1_ATCACAGTCCCGAAAT-1,BAL 06
c1_1_ATCACAGTCTACCACC-1,BAL 07
c1_1_ATCACGAAGCGTCAAG-1,BAL 07
c1_1_ATCACGAAGGTTGGTG-1,BAL 03
c1_1_ATCACGAAGTAAGCAT-1,Multiplet
c1_1_ATCACGACACAACATC-1,BAL 08
c1_1_ATCACGACACGAAAGC-1,BAL 08
c1_1_ATCACGACAGTGTGGA-1,BAL 07
c1_1_ATCACGACATTACTCT-1,BAL 08
c1_1_ATCACGAGTTCAGCTA-1,BAL 06
c1_1_ATCACGAGTTCGGCTG-1,BAL 06
c1_1_ATCACGATCCTACCGT-1,BAL 01
c1_1_ATCACGATCTATGCCC-1,BAL 03
c1_1_ATCACGATCTGCAGCG-1,Multiplet
c1_1_ATCACGATCTTCTGTA-1,BAL 06
c1_1_ATCACTTCATCCGTTC-1,BAL 05
c1_1_ATCACTTGTATTTCCT-1,BAL 03
c1_1_ATCACTTGTCCACACG-1,BAL 07
c1_1_ATCACTTGTCGTCATA-1,Multiplet
c1_1_ATCACTTGTCTAGATC-1,Multiplet
c1_1_ATCACTTGTCTGTGTA-1,Multiplet
c1_1_ATCACTTTCTTCGCTG-1,BAL 07
c1_1_ATCAGGTAGCGTCAGA-1,BAL 08
c1_1_ATCAGGTAGCTCGCAC-1,BAL 01
c1_1_ATCAGGTCAATCACGT-1,BAL 01
c1_1_ATCAGGTCATCCGGTG-1,Multiplet
c1_1_ATCAGGTGTCAGATTC-1,BAL 04
c1_1_ATCAGGTGTCCTTAAG-1,BAL 08
c1_1_ATCAGGTTCAATCTTC-1,BAL 01
c1_1_ATCAGGTTCCCTTGGT-1,BAL 03
c1_1_ATCAGGTTCCTTCGAC-1,BAL 05
c1_1_ATCAGGTTCTGACGCG-1,BAL 07
c1_1_ATCATTCAGACCATAA-1,BAL 08
c1_1_ATCATTCAGATTCGAA-1,BAL 01
c1_1_ATCATTCAGCACTCTA-1,BAL 05
c1_1_ATCATTCAGGTAAGTT-1,BAL 04
c1_1_ATCATTCCAAGTTTGC-1,BAL 02
c1_1_ATCATTCCAATACCCA-1,BAL 02
c1_1_ATCATTCCAGGCGAAT-1,BAL 03
c1_1_ATCATTCGTCGCAACC-1,BAL 08
c1_1_ATCATTCTCACCGACG-1,BAL 04
c1_1_ATCATTCTCACGGAGA-1,Negative
c1_1_ATCCACCAGAAGCTCG-1,BAL 04
c1_1_ATCCACCAGACATATG-1,BAL 05
c1_1_ATCCACCAGCTGTCCG-1,BAL 05
c1_1_ATCCACCAGGACCCAA-1,BAL 03
c1_1_ATCCACCCAAGTTCGT-1,BAL 03
c1_1_ATCCACCCACTTCAGA-1,BAL 03
c1_1_ATCCACCGTAACATGA-1,BAL 02
c1_1_ATCCACCGTAAGGCCA-1,BAL 05
c1_1_ATCCACCGTAGTAAGT-1,BAL 01
c1_1_ATCCACCGTCAAATCC-1,BAL 01
c1_1_ATCCACCGTGCCGAAA-1,BAL 03
c1_1_ATCCACCTCATTCTTG-1,BAL 04
c1_1_ATCCATTAGACGCAGT-1,BAL 02
c1_1_ATCCATTAGTACAGCG-1,BAL 04
c1_1_ATCCATTAGTCATACC-1,BAL 04
c1_1_ATCCATTCAAACAGGC-1,BAL 05
c1_1_ATCCATTCAATGAACA-1,Multiplet
c1_1_ATCCATTCAATTTCTC-1,BAL 02
c1_1_ATCCATTCATACATCG-1,Multiplet
c1_1_ATCCATTTCCTAACAG-1,BAL 04
c1_1_ATCCATTTCGGCTTCT-1,BAL 04
c1_1_ATCCATTTCTCCGTGT-1,BAL 05
c1_1_ATCCCTGAGATTGGGC-1,BAL 03
c1_1_ATCCCTGAGTCTTCGA-1,BAL 02
c1_1_ATCCCTGCAGTTGTTG-1,BAL 05
c1_1_ATCCCTGCATTCTGTT-1,BAL 08
c1_1_ATCCCTGGTAGTAAGT-1,BAL 06
c1_1_ATCCCTGGTGCCTACG-1,BAL 03
c1_1_ATCCCTGGTGTCTTGA-1,Multiplet
c1_1_ATCCCTGGTTACCCTC-1,BAL 05
c1_1_ATCCCTGTCATACAGC-1,BAL 07
c1_1_ATCCCTGTCGAAGGAC-1,BAL 08
c1_1_ATCCCTGTCGAGTACT-1,Multiplet
c1_1_ATCCGTCAGCGAGAAA-1,BAL 03
c1_1_ATCCGTCAGGCGATAC-1,BAL 01
c1_1_ATCCGTCAGGTGATAT-1,BAL 07
c1_1_ATCCGTCAGTCCGTCG-1,BAL 02
c1_1_ATCCGTCAGTGATAAC-1,BAL 08
c1_1_ATCCGTCCAAGACCTT-1,BAL 07
c1_1_ATCCGTCCAGAAGCGT-1,Multiplet
c1_1_ATCCGTCCAGAATTCC-1,BAL 07
c1_1_ATCCGTCGTAGTTAGA-1,BAL 03
c1_1_ATCCGTCGTATAGGGC-1,BAL 04
c1_1_ATCCGTCGTCATTGCA-1,BAL 07
c1_1_ATCCGTCTCAGAATAG-1,BAL 03
c1_1_ATCCGTCTCGACACCG-1,BAL 02
c1_1_ATCCTATAGAGTGAAG-1,BAL 04
c1_1_ATCCTATAGGTGGCTA-1,BAL 06
c1_1_ATCCTATAGTTGTAAG-1,BAL 07
c1_1_ATCCTATCACGGGTAA-1,BAL 03
c1_1_ATCCTATGTACTCGCG-1,BAL 04
c1_1_ATCCTATGTAGATTGA-1,BAL 07
c1_1_ATCCTATGTAGTCACT-1,BAL 05
c1_1_ATCCTATGTGATAGAT-1,BAL 06
c1_1_ATCCTATGTGTCCTAA-1,BAL 08
c1_1_ATCCTATTCGTCAACA-1,BAL 03
c1_1_ATCCTATTCTATACTC-1,BAL 04
c1_1_ATCGATGCAGACGATG-1,BAL 08
c1_1_ATCGATGCAGATACCT-1,BAL 05
c1_1_ATCGATGCAGTCGTTA-1,BAL 08
c1_1_ATCGATGCATAGCACT-1,BAL 02
c1_1_ATCGATGCATCGGTTA-1,Multiplet
c1_1_ATCGATGCATTCTCTA-1,BAL 02
c1_1_ATCGATGGTAGAATGT-1,BAL 07
c1_1_ATCGATGGTCCAGCCA-1,BAL 03
c1_1_ATCGATGGTGATGAAT-1,BAL 07
c1_1_ATCGATGGTGGACCTC-1,BAL 04
c1_1_ATCGATGGTTCGTACA-1,Multiplet
c1_1_ATCGATGGTTCTTGCC-1,BAL 04
c1_1_ATCGATGGTTTGAACC-1,BAL 08
c1_1_ATCGATGTCATCTGTT-1,BAL 01
c1_1_ATCGATGTCCTACCGT-1,Multiplet
c1_1_ATCGATGTCTGGGCGT-1,BAL 03
c1_1_ATCGCCTAGCTACGTT-1,BAL 01
c1_1_ATCGCCTAGTCGGCAA-1,BAL 08
c1_1_ATCGCCTAGTGCTACT-1,BAL 06
c1_1_ATCGCCTGTCGTCGGT-1,BAL 06
c1_1_ATCGCCTGTGGACCTC-1,Multiplet
c1_1_ATCGCCTTCAGTCCGG-1,BAL 03
c1_1_ATCGCCTTCCCATTTA-1,BAL 02
c1_1_ATCGCCTTCTGATGGT-1,BAL 07
c1_1_ATCGGATAGAGCTGAC-1,BAL 06
c1_1_ATCGGATAGAGTCGAC-1,BAL 02
c1_1_ATCGGATAGTCATCGT-1,BAL 01
c1_1_ATCGGATAGTCTTCCC-1,BAL 05
c1_1_ATCGGATAGTGAGGCT-1,BAL 04
c1_1_ATCGGATCAATTTCGG-1,BAL 07
c1_1_ATCGGATCACTTGGCG-1,Multiplet
c1_1_ATCGGATCAGTTGTTG-1,BAL 04
c1_1_ATCGGATCATGACTTG-1,BAL 01
c1_1_ATCGGATGTCACTTCC-1,BAL 04
c1_1_ATCGGATGTTGCGAAG-1,BAL 03
c1_1_ATCGGATTCAATCTCT-1,BAL 06
c1_1_ATCGGATTCGTACACA-1,BAL 01
c1_1_ATCGGATTCTCCTGCA-1,BAL 08
c1_1_ATCGGCGCACAAAGTA-1,BAL 05
c1_1_ATCGGCGCACCGTGGT-1,Multiplet
c1_1_ATCGGCGCATCCCACT-1,BAL 03
c1_1_ATCGGCGGTATCCTCC-1,BAL 02
c1_1_ATCGGCGGTGATTCTG-1,BAL 04
c1_1_ATCGGCGTCAAGGCTT-1,BAL 04
c1_1_ATCGGCGTCATCGCAA-1,BAL 04
c1_1_ATCGGCGTCGCTACGG-1,Multiplet
c1_1_ATCGTAGAGACAACTA-1,BAL 08
c1_1_ATCGTAGAGAGTACCG-1,Multiplet
c1_1_ATCGTAGAGGAACTAT-1,Multiplet
c1_1_ATCGTAGAGTGCCAGA-1,BAL 07
c1_1_ATCGTAGAGTTCGGTT-1,BAL 06
c1_1_ATCGTAGCAGACGCTC-1,BAL 08
c1_1_ATCGTAGGTAGCTTTG-1,BAL 01
c1_1_ATCGTAGGTCAGTCCG-1,BAL 03
c1_1_ATCGTAGGTGCGGATA-1,BAL 04
c1_1_ATCGTAGGTGTTGCCG-1,Multiplet
c1_1_ATCGTAGGTTATAGAG-1,BAL 03
c1_1_ATCGTAGGTTCGTTCC-1,BAL 04
c1_1_ATCGTAGTCCAAGCTA-1,BAL 05
c1_1_ATCGTAGTCCACGAAT-1,BAL 07
c1_1_ATCGTAGTCGCGCCAA-1,BAL 04
c1_1_ATCGTAGTCGGCTTCT-1,BAL 05
c1_1_ATCGTCCAGATAACGT-1,BAL 07
c1_1_ATCGTCCAGGATACAT-1,BAL 01
c1_1_ATCGTCCAGTATGAAC-1,BAL 03
c1_1_ATCGTCCCACGAGAAC-1,BAL 02
c1_1_ATCGTCCGTGGCCCAT-1,Multiplet
c1_1_ATCGTCCGTTATGTCG-1,BAL 04
c1_1_ATCGTCCTCCCTCTTT-1,BAL 04
c1_1_ATCGTGAAGCTCGTGC-1,Multiplet
c1_1_ATCGTGAAGGTACAAT-1,BAL 01
c1_1_ATCGTGAAGTGGTCAG-1,BAL 06
c1_1_ATCGTGACAACCGCCA-1,BAL 03
c1_1_ATCGTGAGTCAAACGG-1,BAL 03
c1_1_ATCGTGAGTGCTAGCC-1,BAL 07
c1_1_ATCGTGAGTTGACTAC-1,BAL 02
c1_1_ATCGTGATCTACTATC-1,Multiplet
c1_1_ATCTCTAAGAAACCCG-1,Multiplet
c1_1_ATCTCTAAGACGTCGA-1,Multiplet
c1_1_ATCTCTAAGCACTCAT-1,Multiplet
c1_1_ATCTCTACAGTTAAAG-1,BAL 01
c1_1_ATCTCTAGTGTCTCCT-1,Multiplet
c1_1_ATCTCTAGTTGTATGC-1,BAL 01
c1_1_ATCTCTATCAAAGAAC-1,BAL 02
c1_1_ATCTCTATCGATTGAC-1,Multiplet
c1_1_ATCTCTATCTCATGCC-1,BAL 04
c1_1_ATCTTCAAGCCGATCC-1,BAL 04
c1_1_ATCTTCAAGGGCAACT-1,Multiplet
c1_1_ATCTTCAAGGTCTGGA-1,BAL 05
c1_1_ATCTTCACACAACGTT-1,Multiplet
c1_1_ATCTTCACAGGATCTT-1,BAL 06
c1_1_ATCTTCACAGGTAGTG-1,Multiplet
c1_1_ATCTTCAGTACGCGTC-1,BAL 03
c1_1_ATCTTCAGTATGGTAA-1,BAL 04
c1_1_ATCTTCAGTCGCTCGA-1,BAL 03
c1_1_ATCTTCAGTGGCAGAT-1,BAL 05
c1_1_ATCTTCAGTTAAACAG-1,Multiplet
c1_1_ATCTTCATCGTTCCTG-1,Multiplet
c1_1_ATGAAAGAGCGATGCA-1,BAL 07
c1_1_ATGAAAGAGCGTATAA-1,BAL 07
c1_1_ATGAAAGAGGGACAGG-1,Multiplet
c1_1_ATGAAAGAGTACCGGA-1,BAL 03
c1_1_ATGAAAGCAGCATGCC-1,Multiplet
c1_1_ATGAAAGGTCCCAAAT-1,BAL 04
c1_1_ATGAAAGGTGCACGCT-1,BAL 01
c1_1_ATGAAAGGTTGCTCAA-1,Multiplet
c1_1_ATGAAAGGTTGTGTTG-1,BAL 05
c1_1_ATGAAAGTCAAGGCTT-1,BAL 08
c1_1_ATGAAAGTCACTCTTA-1,BAL 07
c1_1_ATGAAAGTCCATTTCA-1,BAL 04
c1_1_ATGAAAGTCCTAAGTG-1,BAL 01
c1_1_ATGAAAGTCCTACACC-1,BAL 01
c1_1_ATGACCAAGCAGGCAT-1,BAL 08
c1_1_ATGACCACACAGACGA-1,BAL 08
c1_1_ATGACCACAGTAACGG-1,BAL 05
c1_1_ATGACCACATAACAGA-1,Multiplet
c1_1_ATGACCAGTACAAACA-1,Multiplet
c1_1_ATGACCAGTAGTACGG-1,BAL 04
c1_1_ATGACCAGTATCGCGC-1,BAL 06
c1_1_ATGACCAGTATCTCTT-1,BAL 01
c1_1_ATGACCAGTGACTAAA-1,Multiplet
c1_1_ATGACCAGTGGCAACA-1,BAL 01
c1_1_ATGACCAGTTGTGTAC-1,BAL 03
c1_1_ATGACCATCCAACTAG-1,Negative
c1_1_ATGACCATCGTCAGAT-1,BAL 05
c1_1_ATGACCATCTCACCCA-1,BAL 08
c1_1_ATGAGGGAGAAATGGG-1,BAL 02
c1_1_ATGAGGGAGACAGCGT-1,BAL 04
c1_1_ATGAGGGAGAGGATCC-1,BAL 03
c1_1_ATGAGGGAGGGTGGGA-1,Multiplet
c1_1_ATGAGGGCACATACGT-1,BAL 02
c1_1_ATGAGGGCATGTCAGT-1,BAL 08
c1_1_ATGAGGGGTCATAGTC-1,BAL 04
c1_1_ATGAGGGGTCTGTAAC-1,BAL 03
c1_1_ATGAGGGGTTACTCAG-1,BAL 04
c1_1_ATGAGGGTCACTCCGT-1,BAL 01
c1_1_ATGAGGGTCCGAGATT-1,BAL 07
c1_1_ATGAGGGTCGAACGGA-1,BAL 07
c1_1_ATGAGTCAGGCCTTGC-1,BAL 08
c1_1_ATGAGTCCAACAGCTT-1,BAL 05
c1_1_ATGAGTCCAACGACTT-1,BAL 06
c1_1_ATGAGTCCACATACGT-1,BAL 02
c1_1_ATGAGTCCATACAGAA-1,BAL 04
c1_1_ATGAGTCGTTCGAAGG-1,Multiplet
c1_1_ATGAGTCGTTTCAGAC-1,BAL 03
c1_1_ATGAGTCTCAAGGCTT-1,BAL 08
c1_1_ATGAGTCTCTTTGGAG-1,BAL 04
c1_1_ATGATCGAGACAGCGT-1,BAL 02
c1_1_ATGATCGAGCCAGACA-1,BAL 02
c1_1_ATGATCGAGGGACACT-1,BAL 04
c1_1_ATGATCGAGGTCGTCC-1,BAL 05
c1_1_ATGATCGCAGACAAGC-1,BAL 01
c1_1_ATGATCGCAGCGTTTA-1,BAL 05
c1_1_ATGATCGCATGGGCAA-1,BAL 06
c1_1_ATGATCGGTAGTGATA-1,BAL 04
c1_1_ATGATCGTCTTACGGA-1,BAL 08
c1_1_ATGCATGCAACAAGTA-1,Multiplet
c1_1_ATGCATGCACATACTG-1,BAL 02
c1_1_ATGCATGCACGCGCAT-1,Multiplet
c1_1_ATGCATGCAGCGACAA-1,BAL 03
c1_1_ATGCATGCATTAGGAA-1,Negative
c1_1_ATGCATGCATTGACCA-1,BAL 07
c1_1_ATGCATGGTGCCCTTT-1,BAL 07
c1_1_ATGCATGGTGCGGCTT-1,BAL 05
c1_1_ATGCATGGTGTTCAGT-1,BAL 08
c1_1_ATGCATGTCGGACTTA-1,BAL 03
c1_1_ATGCCTCCAACATCGT-1,BAL 07
c1_1_ATGCCTCCACACCGAC-1,BAL 04
c1_1_ATGCCTCCACTCCACT-1,BAL 06
c1_1_ATGCCTCCAGTAGAAT-1,BAL 03
c1_1_ATGCCTCCATAGTCGT-1,BAL 05
c1_1_ATGCCTCGTAACGCGA-1,Multiplet
c1_1_ATGCCTCGTACAGTCT-1,BAL 05
c1_1_ATGCCTCGTCGCATCG-1,BAL 05
c1_1_ATGCCTCGTGGTATGG-1,BAL 08
c1_1_ATGCCTCTCATGCCGG-1,BAL 08
c1_1_ATGCCTCTCTCTATAC-1,BAL 07
c1_1_ATGCGATAGAACTGAT-1,BAL 03
c1_1_ATGCGATAGCTTCGTA-1,BAL 03
c1_1_ATGCGATAGGATAATC-1,Multiplet
c1_1_ATGCGATAGGTACTGG-1,BAL 02
c1_1_ATGCGATAGTTGCGCC-1,BAL 07
c1_1_ATGCGATCAACTGGTT-1,BAL 02
c1_1_ATGCGATCACCCTAGG-1,BAL 05
c1_1_ATGCGATCATATGAAG-1,BAL 01
c1_1_ATGCGATCATCCGCGA-1,Multiplet
c1_1_ATGCGATGTACGATGG-1,BAL 07
c1_1_ATGCGATGTGCGTTTA-1,BAL 04
c1_1_ATGCGATTCAAGGCTT-1,BAL 05
c1_1_ATGCGATTCAGGCGAA-1,BAL 05
c1_1_ATGGAGGAGAAGGCTC-1,BAL 01
c1_1_ATGGAGGAGCGGTAGT-1,Multiplet
c1_1_ATGGAGGAGTCACTAC-1,BAL 02
c1_1_ATGGAGGCATGGTACT-1,BAL 08
c1_1_ATGGAGGGTGTTCATG-1,BAL 07
c1_1_ATGGAGGGTTGGATCT-1,BAL 02
c1_1_ATGGAGGTCGAACGCC-1,BAL 05
c1_1_ATGGATCAGAGCTGAC-1,Multiplet
c1_1_ATGGATCAGCGATGAC-1,BAL 08
c1_1_ATGGATCAGGCTTAAA-1,BAL 03
c1_1_ATGGATCAGGGACCAT-1,Multiplet
c1_1_ATGGATCCAAGTGCTT-1,BAL 06
c1_1_ATGGATCCACTGTTCC-1,BAL 05
c1_1_ATGGATCCACTTTAGG-1,BAL 02
c1_1_ATGGATCCATTCTCCG-1,Multiplet
c1_1_ATGGATCGTACCCAGC-1,BAL 03
c1_1_ATGGATCGTAGGATAT-1,BAL 02
c1_1_ATGGATCGTATTTCCT-1,BAL 04
c1_1_ATGGATCGTCGCATTA-1,BAL 07
c1_1_ATGGATCGTGTATACC-1,BAL 02
c1_1_ATGGATCTCCTACTGC-1,BAL 07
c1_1_ATGGGAGAGGTATCTC-1,BAL 01
c1_1_ATGGGAGAGTCGAAAT-1,BAL 01
c1_1_ATGGGAGAGTTCCTGA-1,BAL 06
c1_1_ATGGGAGCACCATTCC-1,BAL 06
c1_1_ATGGGAGCAGCAGTTT-1,Multiplet
c1_1_ATGGGAGGTCGTCGGT-1,BAL 08
c1_1_ATGGGAGGTGTGTCGC-1,BAL 02
c1_1_ATGGGAGGTTAACCTG-1,BAL 02
c1_1_ATGGGAGTCCCTATTA-1,BAL 07
c1_1_ATGGGAGTCCGTAGTA-1,BAL 03
c1_1_ATGGGAGTCCTGCTAC-1,Multiplet
c1_1_ATGGGAGTCGAACGCC-1,BAL 02
c1_1_ATGGGAGTCGGAATGG-1,BAL 03
c1_1_ATGGGTTCAACGCCCA-1,BAL 05
c1_1_ATGGGTTCATACCACA-1,Multiplet
c1_1_ATGGGTTGTACCAGAG-1,BAL 03
c1_1_ATGGGTTGTCATAAAG-1,BAL 03
c1_1_ATGGGTTGTGCGGCTT-1,BAL 04
c1_1_ATGGGTTGTTGCAACT-1,BAL 07
c1_1_ATGGGTTTCCCGAGGT-1,BAL 07
c1_1_ATGGGTTTCGAAATCC-1,BAL 08
c1_1_ATGGGTTTCGGCAGTC-1,BAL 07
c1_1_ATGGGTTTCGGCATCG-1,BAL 04
c1_1_ATGGGTTTCTACCCAC-1,BAL 07
c1_1_ATGGGTTTCTGAGCAT-1,BAL 05
c1_1_ATGGTTGAGATAGTGT-1,Multiplet
c1_1_ATGGTTGAGCTCGACC-1,Multiplet
c1_1_ATGGTTGCAACACACT-1,BAL 05
c1_1_ATGGTTGCAAGTGGAC-1,BAL 04
c1_1_ATGGTTGCAGTAGGAC-1,BAL 02
c1_1_ATGGTTGGTACAAAGT-1,Multiplet
c1_1_ATGGTTGGTCCCTAAA-1,Multiplet
c1_1_ATGGTTGGTTAGGGTG-1,BAL 06
c1_1_ATGGTTGTCTTTGCTA-1,BAL 02
c1_1_ATGTCCCAGACGTCGA-1,Multiplet
c1_1_ATGTCCCAGTGAGTGC-1,Multiplet
c1_1_ATGTCCCCAATCTGCA-1,BAL 03
c1_1_ATGTCCCGTATCAGGG-1,BAL 05
c1_1_ATGTCCCGTCACTGAT-1,BAL 08
c1_1_ATGTCCCGTGGGAGAG-1,BAL 03
c1_1_ATGTCCCGTGTTAGCT-1,BAL 04
c1_1_ATGTCCCGTTATTCTC-1,BAL 06
c1_1_ATGTCCCGTTCGAGCC-1,BAL 03
c1_1_ATGTCCCTCAAATGCC-1,BAL 05
c1_1_ATGTCCCTCGGAGTAG-1,Multiplet
c1_1_ATGTCTTAGCGGACAT-1,BAL 07
c1_1_ATGTCTTAGGCGAACT-1,BAL 04
c1_1_ATGTCTTAGGCTCTAT-1,Multiplet
c1_1_ATGTCTTCAACTGGTT-1,BAL 08
c1_1_ATGTCTTCAATCTCGA-1,BAL 08
c1_1_ATGTCTTCAGTAGAGC-1,BAL 05
c1_1_ATGTCTTCATACACCA-1,BAL 05
c1_1_ATGTCTTCATTGGCAT-1,BAL 07
c1_1_ATGTCTTGTACTGAGG-1,BAL 03
c1_1_ATGTCTTGTCCGTTTC-1,BAL 07
c1_1_ATGTCTTGTGCAATAA-1,BAL 05
c1_1_ATGTCTTGTTCGTACA-1,BAL 06
c1_1_ATGTCTTGTTGCACGC-1,BAL 04
c1_1_ATGTCTTGTTGCATCA-1,BAL 07
c1_1_ATGTCTTGTTGGACCC-1,BAL 03
c1_1_ATGTCTTGTTGTTGTG-1,Multiplet
c1_1_ATGTCTTTCAAAGGAT-1,BAL 01
c1_1_ATGTCTTTCCCTGTTG-1,BAL 01
c1_1_ATGTCTTTCTGAACGT-1,BAL 03
c1_1_ATTACCTAGATTGATG-1,BAL 04
c1_1_ATTACCTAGCCTTGAT-1,BAL 02
c1_1_ATTACCTAGTACGTCT-1,Multiplet
c1_1_ATTACCTCAAGGAGTC-1,BAL 06
c1_1_ATTACCTCATGACGTT-1,Multiplet
c1_1_ATTACCTCATGACTAC-1,BAL 03
c1_1_ATTACCTCATTGCCTC-1,BAL 05
c1_1_ATTACCTGTCGCATGC-1,BAL 04
c1_1_ATTACCTGTGCATGAG-1,BAL 08
c1_1_ATTACCTTCAGGTAAA-1,BAL 08
c1_1_ATTACCTTCATTCATC-1,BAL 05
c1_1_ATTACTCAGACATCAA-1,BAL 08
c1_1_ATTACTCAGACGGATC-1,Multiplet
c1_1_ATTACTCCACTCCGGA-1,BAL 07
c1_1_ATTACTCCATTGGGAG-1,BAL 03
c1_1_ATTACTCGTCTGTTAG-1,BAL 05
c1_1_ATTACTCGTGCATGAG-1,BAL 03
c1_1_ATTACTCTCATCAGTG-1,BAL 06
c1_1_ATTACTCTCCCTGGTT-1,BAL 05
c1_1_ATTACTCTCTCTCAAT-1,BAL 02
c1_1_ATTATCCAGAGTACCG-1,BAL 06
c1_1_ATTATCCAGCGCTTCG-1,BAL 02
c1_1_ATTATCCAGCTCTGTA-1,BAL 07
c1_1_ATTATCCAGGGCAAGG-1,BAL 04
c1_1_ATTATCCAGGTCATCT-1,BAL 04
c1_1_ATTATCCAGTCATACC-1,BAL 03
c1_1_ATTATCCAGTCCGCCA-1,BAL 08
c1_1_ATTATCCAGTGGGAAA-1,BAL 06
c1_1_ATTATCCCAACCGATT-1,BAL 04
c1_1_ATTATCCCAACGCATT-1,BAL 06
c1_1_ATTATCCCAATACCCA-1,BAL 04
c1_1_ATTATCCCACGCGTCA-1,BAL 01
c1_1_ATTATCCCAGAGAAAG-1,BAL 02
c1_1_ATTATCCCATGGGATG-1,BAL 04
c1_1_ATTATCCCATTAGGAA-1,BAL 08
c1_1_ATTATCCGTCGGCTAC-1,BAL 08
c1_1_ATTATCCGTCTCAAGT-1,BAL 06
c1_1_ATTATCCGTGACTCGC-1,BAL 01
c1_1_ATTATCCTCAACTTTC-1,Negative
c1_1_ATTATCCTCATGACAC-1,BAL 05
c1_1_ATTATCCTCCATTCAT-1,BAL 08
c1_1_ATTATCCTCCCTCGTA-1,BAL 04
c1_1_ATTATCCTCGAATGCT-1,BAL 04
c1_1_ATTCACTAGCTAGCCC-1,BAL 05
c1_1_ATTCACTAGCTATCCA-1,BAL 06
c1_1_ATTCACTAGGTATTGA-1,BAL 08
c1_1_ATTCACTAGGTTAGTA-1,Multiplet
c1_1_ATTCACTAGTAATACG-1,BAL 04
c1_1_ATTCACTAGTCATGCT-1,Multiplet
c1_1_ATTCACTCAAGATCCT-1,BAL 01
c1_1_ATTCACTCACTCCTGT-1,BAL 08
c1_1_ATTCACTCACTCTAGA-1,BAL 08
c1_1_ATTCACTCAGCGAGTA-1,BAL 02
c1_1_ATTCACTCATCTGGGC-1,BAL 08
c1_1_ATTCACTGTAACATGA-1,BAL 03
c1_1_ATTCACTTCAAGTCTG-1,BAL 04
c1_1_ATTCACTTCCGATCTC-1,BAL 06
c1_1_ATTCACTTCCTTATAC-1,BAL 01
c1_1_ATTCACTTCGCCCAGA-1,Multiplet
c1_1_ATTCACTTCGTAGCTA-1,BAL 07
c1_1_ATTCACTTCGTCAACA-1,BAL 08
c1_1_ATTCACTTCTAGACAC-1,BAL 05
c1_1_ATTCAGGAGAAGCGAA-1,BAL 01
c1_1_ATTCAGGAGTGGTTCT-1,Multiplet
c1_1_ATTCAGGCAACCGCCA-1,BAL 08
c1_1_ATTCAGGCAATGTGGG-1,BAL 05
c1_1_ATTCAGGCACCGGTCA-1,BAL 03
c1_1_ATTCAGGCACCTCTGT-1,BAL 02
c1_1_ATTCAGGCAGAGGCTA-1,Multiplet
c1_1_ATTCAGGCAGCCATTA-1,BAL 05
c1_1_ATTCAGGGTTGGTGTT-1,Multiplet
c1_1_ATTCAGGTCAGCTTCC-1,BAL 03
c1_1_ATTCAGGTCATGAGGG-1,BAL 08
c1_1_ATTCAGGTCCCAACTC-1,BAL 08
c1_1_ATTCAGGTCTATACTC-1,BAL 08
c1_1_ATTCATCAGGGCAGAG-1,BAL 02
c1_1_ATTCATCAGTAAGAGG-1,BAL 07
c1_1_ATTCATCAGTTATGGA-1,BAL 04
c1_1_ATTCATCCACATATCG-1,Multiplet
c1_1_ATTCATCCACGCTATA-1,BAL 02
c1_1_ATTCATCCAGAACCGA-1,Multiplet
c1_1_ATTCATCCATCCAATG-1,BAL 06
c1_1_ATTCATCTCACCTGTC-1,BAL 02
c1_1_ATTCCATAGCAAGGAA-1,Multiplet
c1_1_ATTCCATAGCAGCGAT-1,BAL 05
c1_1_ATTCCATAGGGTTAAT-1,Multiplet
c1_1_ATTCCATAGGGTTTCT-1,BAL 06
c1_1_ATTCCATAGGTTATAG-1,Multiplet
c1_1_ATTCCATCAGTGTACT-1,BAL 05
c1_1_ATTCCATCATAACCCA-1,Multiplet
c1_1_ATTCCATCATGGGTCC-1,Multiplet
c1_1_ATTCCATCATGTTTGG-1,Multiplet
c1_1_ATTCCATGTCACGACC-1,BAL 08
c1_1_ATTCCATGTCGACTGC-1,BAL 02
c1_1_ATTCCATGTGTGTGGA-1,BAL 06
c1_1_ATTCCATTCAGCGTCG-1,BAL 02
c1_1_ATTCCATTCTGGGATT-1,Multiplet
c1_1_ATTCCATTCTTCGTAT-1,BAL 07
c1_1_ATTCCCGAGACGAAGA-1,Multiplet
c1_1_ATTCCCGAGCAAATCA-1,Multiplet
c1_1_ATTCCCGAGGTACAGC-1,BAL 03
c1_1_ATTCCCGAGGTAGCAC-1,BAL 08
c1_1_ATTCCCGAGGTGCATG-1,BAL 02
c1_1_ATTCCCGCAACACACT-1,BAL 05
c1_1_ATTCCCGCAAGCGAAC-1,BAL 08
c1_1_ATTCCCGCAAGTGGAC-1,BAL 02
c1_1_ATTCCCGCAGTGGGTA-1,BAL 02
c1_1_ATTCCCGCATAGGCGA-1,BAL 07
c1_1_ATTCCCGCATAGTCAC-1,BAL 05
c1_1_ATTCCCGCATCTGCGG-1,BAL 03
c1_1_ATTCCCGCATCTTTCA-1,BAL 03
c1_1_ATTCCCGCATGAGTAA-1,BAL 01
c1_1_ATTCCCGGTATGTCTG-1,Multiplet
c1_1_ATTCCCGGTCTCAGAT-1,BAL 08
c1_1_ATTCCCGTCGGCATTA-1,BAL 05
c1_1_ATTCCCGTCTGGCCGA-1,BAL 04
c1_1_ATTCCCGTCTTTCAGT-1,BAL 06
c1_1_ATTCCTAAGCCAACCC-1,BAL 08
c1_1_ATTCCTAAGCCGAATG-1,Negative
c1_1_ATTCCTAAGGACATCG-1,BAL 05
c1_1_ATTCCTAAGTGTACCT-1,BAL 03
c1_1_ATTCCTACAACATCGT-1,Negative
c1_1_ATTCCTACACACAGAG-1,BAL 04
c1_1_ATTCCTACAGCCTTCT-1,BAL 05
c1_1_ATTCCTAGTCTACGAT-1,BAL 01
c1_1_ATTCCTAGTCTTTCAT-1,BAL 07
c1_1_ATTCCTAGTGAGATTA-1,BAL 08
c1_1_ATTCCTAGTGAGTAAT-1,BAL 08
c1_1_ATTCCTATCGCGTGCA-1,BAL 07
c1_1_ATTCGTTAGACCGCCT-1,Multiplet
c1_1_ATTCGTTAGATAGGGA-1,BAL 03
c1_1_ATTCGTTAGGGAGGTG-1,BAL 02
c1_1_ATTCGTTAGTGCGCTC-1,BAL 03
c1_1_ATTCGTTCACAAAGCG-1,BAL 02
c1_1_ATTCGTTCACGCGCAT-1,BAL 08
c1_1_ATTCGTTCACGCGTGT-1,BAL 05
c1_1_ATTCGTTCAGCGTGAA-1,BAL 01
c1_1_ATTCGTTCATCGGAAG-1,BAL 03
c1_1_ATTCGTTGTACGGTTT-1,BAL 05
c1_1_ATTCGTTGTGAACGGT-1,BAL 07
c1_1_ATTCGTTGTGACTCGC-1,BAL 02
c1_1_ATTCGTTGTGGTAACG-1,BAL 07
c1_1_ATTCGTTGTGGTCTGC-1,Multiplet
c1_1_ATTCGTTGTTTCCAAG-1,BAL 04
c1_1_ATTCGTTTCACCATCC-1,Multiplet
c1_1_ATTCGTTTCATACAGC-1,BAL 06
c1_1_ATTCGTTTCATGCCCT-1,Multiplet
c1_1_ATTCGTTTCGTGGCGT-1,BAL 05
c1_1_ATTCGTTTCTGTTCAT-1,BAL 05
c1_1_ATTCTACAGTTGCTGT-1,BAL 06
c1_1_ATTCTACCATGGGAAC-1,BAL 06
c1_1_ATTCTACCATTGACTG-1,BAL 02
c1_1_ATTCTACGTAGAGCTG-1,BAL 03
c1_1_ATTCTACTCAGTCAGT-1,BAL 04
c1_1_ATTCTACTCGCCAGAC-1,BAL 07
c1_1_ATTCTACTCTGCTAGA-1,BAL 05
c1_1_ATTCTTGCAGACCATT-1,BAL 05
c1_1_ATTCTTGCATACAGAA-1,BAL 08
c1_1_ATTCTTGGTGAGTAGC-1,BAL 08
c1_1_ATTCTTGTCCGCGATG-1,BAL 03
c1_1_ATTGGGTAGCATCTTG-1,BAL 02
c1_1_ATTGGGTAGTGTACCT-1,BAL 02
c1_1_ATTGGGTCAAGGTACG-1,BAL 02
c1_1_ATTGGGTCAGAATCGG-1,BAL 05
c1_1_ATTGGGTCAGTAGGAC-1,BAL 02
c1_1_ATTGGGTGTCACCACG-1,BAL 06
c1_1_ATTGGGTGTTATGTGC-1,BAL 03
c1_1_ATTGGGTTCACCATCC-1,BAL 04
c1_1_ATTGGGTTCCAACTAG-1,Multiplet
c1_1_ATTGTTCAGACTTGTC-1,BAL 08
c1_1_ATTGTTCAGCTTGTGT-1,BAL 06
c1_1_ATTGTTCCAGGGTCTC-1,BAL 02
c1_1_ATTGTTCCATCATTTC-1,BAL 06
c1_1_ATTGTTCCATTGCAAC-1,Multiplet
c1_1_ATTGTTCGTAGTTAGA-1,BAL 04
c1_1_ATTGTTCGTGGACTGA-1,BAL 02
c1_1_ATTGTTCGTTCGGCGT-1,Multiplet
c1_1_ATTGTTCGTTTATGCG-1,BAL 07
c1_1_ATTGTTCTCCGAGATT-1,Negative
c1_1_ATTGTTCTCGACATTG-1,Multiplet
c1_1_ATTGTTCTCGAGTGGA-1,BAL 06
c1_1_ATTGTTCTCGGTATGT-1,BAL 07
c1_1_ATTTACCAGACAGTCG-1,Multiplet
c1_1_ATTTACCAGACGAGCT-1,BAL 05
c1_1_ATTTACCCAAAGGCAC-1,BAL 05
c1_1_ATTTACCCAAATGCGG-1,BAL 07
c1_1_ATTTACCCAGCTGCCA-1,BAL 01
c1_1_ATTTACCCAGCTTCGG-1,BAL 06
c1_1_ATTTACCCATACAGGG-1,Multiplet
c1_1_ATTTACCGTCTTAGTG-1,BAL 06
c1_1_ATTTACCGTTCTATCT-1,BAL 02
c1_1_ATTTACCTCAGCAATC-1,BAL 03
c1_1_ATTTACCTCAGCGTCG-1,BAL 01
c1_1_ATTTACCTCATGCGGC-1,BAL 06
c1_1_ATTTACCTCGCGCTGA-1,BAL 02
c1_1_ATTTCACAGCATATGA-1,BAL 01
c1_1_ATTTCACAGGATACAT-1,BAL 06
c1_1_ATTTCACAGGCAGTCA-1,BAL 08
c1_1_ATTTCACCAGCAAGAC-1,BAL 01
c1_1_ATTTCACCAGCTCGGT-1,BAL 05
c1_1_ATTTCACCAGTAACAA-1,BAL 08
c1_1_ATTTCACCAGTGCCTG-1,BAL 03
c1_1_ATTTCACGTGAGACCA-1,BAL 02
c1_1_ATTTCACTCGGCATCG-1,BAL 05
c1_1_ATTTCACTCGTAATGC-1,BAL 03
c1_1_ATTTCTGAGCCGTAAG-1,BAL 01
c1_1_ATTTCTGAGCCTGGAA-1,BAL 01
c1_1_ATTTCTGAGGATACAT-1,BAL 05
c1_1_ATTTCTGAGTGCGACA-1,BAL 03
c1_1_ATTTCTGCAATACCCA-1,Multiplet
c1_1_ATTTCTGCACGATTCA-1,BAL 03
c1_1_ATTTCTGGTGAGGATC-1,Multiplet
c1_1_ATTTCTGGTGTCTTCC-1,BAL 08
c1_1_ATTTCTGTCAGCACCG-1,BAL 01
c1_1_ATTTCTGTCCCTCATG-1,BAL 03
c1_1_CAAAGAAAGACCGCCT-1,BAL 03
c1_1_CAAAGAAAGAGAGTGA-1,Multiplet
c1_1_CAAAGAAAGATTCGAA-1,Multiplet
c1_1_CAAAGAAAGCACGGAT-1,BAL 03
c1_1_CAAAGAAAGCCTGTGC-1,BAL 08
c1_1_CAAAGAAAGCTGGCCT-1,BAL 07
c1_1_CAAAGAAAGGCAGCTA-1,Multiplet
c1_1_CAAAGAAAGTACAACA-1,Multiplet
c1_1_CAAAGAACACCAGGTC-1,BAL 05
c1_1_CAAAGAAGTATCGTTG-1,BAL 02
c1_1_CAAAGAAGTATCTTCT-1,BAL 04
c1_1_CAAAGAAGTCTTGAGT-1,BAL 07
c1_1_CAAAGAAGTGACCTGC-1,BAL 08
c1_1_CAAAGAAGTGAGGAAA-1,BAL 06
c1_1_CAAAGAAGTGATATAG-1,BAL 05
c1_1_CAAAGAATCCAAGCAT-1,BAL 06
c1_1_CAAAGAATCGATTGGT-1,BAL 05
c1_1_CAAAGAATCGGCTGGT-1,BAL 03
c1_1_CAAAGAATCTACCCAC-1,BAL 02
c1_1_CAAAGAATCTGCTTAT-1,BAL 08
c1_1_CAACAACAGACATACA-1,Multiplet
c1_1_CAACAACAGAGGGCGA-1,BAL 03
c1_1_CAACAACAGCGAGGAG-1,Multiplet
c1_1_CAACAACAGGTATCTC-1,Multiplet
c1_1_CAACAACAGTGTACAA-1,Multiplet
c1_1_CAACAACCAAACCATC-1,Multiplet
c1_1_CAACAACCAGGCTACC-1,BAL 02
c1_1_CAACAACCATGTGGCC-1,BAL 02
c1_1_CAACAACGTGATGTAA-1,Multiplet
c1_1_CAACAACGTGTTGCCG-1,BAL 01
c1_1_CAACAACTCATTCATC-1,BAL 02
c1_1_CAACAACTCGGAAGGT-1,BAL 01
c1_1_CAACAACTCGGTTAGT-1,BAL 08
c1_1_CAACAGTAGCCGAACA-1,Multiplet
c1_1_CAACAGTAGGCCTAAG-1,BAL 02
c1_1_CAACAGTCAACTGATC-1,BAL 04
c1_1_CAACAGTCAAGGGCAT-1,BAL 01
c1_1_CAACAGTCAATCGCCG-1,BAL 02
c1_1_CAACAGTCAGCTACCG-1,BAL 03
c1_1_CAACAGTCATTGCTGA-1,Multiplet
c1_1_CAACAGTGTGTCGCTG-1,BAL 03
c1_1_CAACAGTGTTCGTTCC-1,BAL 07
c1_1_CAACAGTTCTATTGTC-1,BAL 03
c1_1_CAACCAAAGCAGATAT-1,Multiplet
c1_1_CAACCAAAGCGATGGT-1,BAL 06
c1_1_CAACCAAAGTCAAGCG-1,Multiplet
c1_1_CAACCAAAGTGGGAAA-1,BAL 08
c1_1_CAACCAACAACACGTT-1,Multiplet
c1_1_CAACCAAGTGGTACAG-1,BAL 05
c1_1_CAACCAAGTTAAACCC-1,BAL 02
c1_1_CAACCAAGTTCCGCGA-1,BAL 07
c1_1_CAACCAAGTTGGGAAC-1,BAL 02
c1_1_CAACCTCAGATCACCT-1,BAL 02
c1_1_CAACCTCAGCTTGTGT-1,BAL 05
c1_1_CAACCTCAGGATATGT-1,BAL 04
c1_1_CAACCTCAGGTAGATT-1,BAL 07
c1_1_CAACCTCAGGTCGACA-1,BAL 03
c1_1_CAACCTCCACACGCCA-1,BAL 01
c1_1_CAACCTCCACGCGGTT-1,BAL 05
c1_1_CAACCTCCAGATCATC-1,BAL 08
c1_1_CAACCTCCATGCCGCA-1,BAL 02
c1_1_CAACCTCGTATGAGCG-1,BAL 04
c1_1_CAACCTCGTGAGCTCC-1,BAL 06
c1_1_CAACCTCGTGCATCTA-1,BAL 02
c1_1_CAACCTCGTTGTGTTG-1,Negative
c1_1_CAACCTCTCTATTCGT-1,BAL 03
c1_1_CAACCTCTCTCTCGCA-1,BAL 06
c1_1_CAACCTCTCTTGATTC-1,Multiplet
c1_1_CAACGATCAAACACGG-1,BAL 06
c1_1_CAACGATCAACTCATG-1,Multiplet
c1_1_CAACGATCAACTGCCG-1,Multiplet
c1_1_CAACGATCACGAGGAT-1,BAL 03
c1_1_CAACGATCAGTGGTGA-1,BAL 02
c1_1_CAACGATGTACTGACT-1,BAL 06
c1_1_CAACGATGTATCTTCT-1,Multiplet
c1_1_CAACGATGTATTGCCA-1,Multiplet
c1_1_CAACGATGTGGGATTG-1,BAL 02
c1_1_CAACGATTCCACCTGT-1,BAL 05
c1_1_CAACGATTCCCTGTTG-1,Multiplet
c1_1_CAACGATTCGACACCG-1,BAL 04
c1_1_CAACGATTCTTGGCTC-1,BAL 07
c1_1_CAACGGCCAGGTACGA-1,Negative
c1_1_CAACGGCCATAGATCC-1,BAL 08
c1_1_CAACGGCCATAGGCGA-1,BAL 08
c1_1_CAACGGCGTACCCACG-1,BAL 05
c1_1_CAACGGCGTACTAAGA-1,BAL 04
c1_1_CAACGGCGTATACCTG-1,BAL 08
c1_1_CAACGGCGTATCGTGT-1,BAL 05
c1_1_CAACGGCTCCATTTAC-1,Multiplet
c1_1_CAACGGCTCTAGATCG-1,BAL 08
c1_1_CAAGACTAGACCTTTG-1,BAL 08
c1_1_CAAGACTAGCATTTCG-1,BAL 02
c1_1_CAAGACTAGCCTGTCG-1,Multiplet
c1_1_CAAGACTCATCGCTAA-1,BAL 03
c1_1_CAAGACTCATCTCATT-1,Negative
c1_1_CAAGACTCATTGGGAG-1,BAL 08
c1_1_CAAGACTGTACAAAGT-1,BAL 02
c1_1_CAAGACTGTCGATGCC-1,BAL 04
c1_1_CAAGACTGTCTGTGCG-1,Multiplet
c1_1_CAAGACTGTGACTGAG-1,BAL 03
c1_1_CAAGACTGTTAGGGTG-1,Multiplet
c1_1_CAAGACTTCCCATAAG-1,Multiplet
c1_1_CAAGAGGAGAAATCCA-1,BAL 05
c1_1_CAAGAGGAGACAGCTG-1,BAL 04
c1_1_CAAGAGGAGCGATGCA-1,BAL 03
c1_1_CAAGAGGAGGATTTCC-1,BAL 06
c1_1_CAAGAGGAGTTCATGC-1,BAL 05
c1_1_CAAGAGGAGTTGCTGT-1,BAL 04
c1_1_CAAGAGGCAAATACAG-1,Multiplet
c1_1_CAAGAGGCACAAATGA-1,BAL 01
c1_1_CAAGAGGCACACCTAA-1,BAL 08
c1_1_CAAGAGGCACTCTAGA-1,BAL 07
c1_1_CAAGAGGGTATCTTCT-1,Multiplet
c1_1_CAAGAGGGTCATCGGC-1,BAL 01
c1_1_CAAGAGGGTCGGAACA-1,Multiplet
c1_1_CAAGAGGGTCTCCCTA-1,Multiplet
c1_1_CAAGAGGGTTAAGACA-1,BAL 08
c1_1_CAAGAGGTCAAGGCTT-1,BAL 01
c1_1_CAAGAGGTCATATGGC-1,BAL 01
c1_1_CAAGCTAAGAAAGCGA-1,BAL 04
c1_1_CAAGCTAAGCACACCC-1,BAL 07
c1_1_CAAGCTAAGCTGCCTG-1,Multiplet
c1_1_CAAGCTAAGGCCATAG-1,BAL 01
c1_1_CAAGCTAAGGTAATCA-1,Multiplet
c1_1_CAAGCTAAGTTAGAAC-1,BAL 08
c1_1_CAAGCTACAAGTATAG-1,BAL 07
c1_1_CAAGCTACAATGTCAC-1,BAL 03
c1_1_CAAGCTACAGCCTACG-1,BAL 06
c1_1_CAAGCTACAGCTGAGA-1,BAL 03
c1_1_CAAGCTAGTCAAAGTA-1,BAL 05
c1_1_CAAGCTAGTCATATGC-1,Multiplet
c1_1_CAAGCTATCCTAGCGG-1,BAL 03
c1_1_CAAGCTATCGAATGCT-1,BAL 08
c1_1_CAAGGGAAGCGATGCA-1,BAL 06
c1_1_CAAGGGAAGTAGGAAG-1,BAL 04
c1_1_CAAGGGACAAATCAGA-1,Multiplet
c1_1_CAAGGGACAAGGATGC-1,BAL 05
c1_1_CAAGGGACACCAACAT-1,BAL 08
c1_1_CAAGGGACATGCAGGA-1,BAL 08
c1_1_CAAGGGAGTAATTGGA-1,BAL 06
c1_1_CAAGGGAGTTTACGTG-1,BAL 07
c1_1_CAAGGGAGTTTGACAC-1,Multiplet
c1_1_CAAGGGATCACGAGGA-1,Multiplet
c1_1_CAAGGGATCCTATGGA-1,BAL 08
c1_1_CAAGGGATCTGAACGT-1,BAL 08
c1_1_CAAGGGATCTTTGCGC-1,BAL 08
c1_1_CAATACGAGAATGTTG-1,BAL 03
c1_1_CAATACGAGACTGAGC-1,BAL 03
c1_1_CAATACGAGACTGTTC-1,BAL 07
c1_1_CAATACGCAATCCTAG-1,Multiplet
c1_1_CAATACGCACAGAAGC-1,BAL 04
c1_1_CAATACGCAGACAATA-1,BAL 05
c1_1_CAATACGGTAACGCGA-1,BAL 07
c1_1_CAATACGGTAGATTGA-1,BAL 07
c1_1_CAATACGGTTAGGCCC-1,BAL 06
c1_1_CAATACGGTTGGCTAT-1,BAL 04
c1_1_CAATACGGTTTCGATG-1,BAL 05
c1_1_CAATACGTCGATGGAG-1,BAL 06
c1_1_CAATACGTCTAGCCAA-1,BAL 05
c1_1_CAATACGTCTTCCCAG-1,BAL 08
c1_1_CAATCGAAGACATGCG-1,BAL 03
c1_1_CAATCGAAGCCTATTG-1,BAL 08
c1_1_CAATCGAAGGTTCTAC-1,BAL 08
c1_1_CAATCGAAGTCGGGAT-1,BAL 06
c1_1_CAATCGACACCGTGGT-1,BAL 02
c1_1_CAATCGACACGTAACT-1,BAL 03
c1_1_CAATCGACAGAATTCC-1,BAL 05
c1_1_CAATCGACATGACGGA-1,Multiplet
c1_1_CAATCGACATGCTGCG-1,Multiplet
c1_1_CAATCGAGTCGACGCT-1,BAL 03
c1_1_CAATCGAGTCTGATAC-1,BAL 04
c1_1_CAATCGAGTGCGGCTT-1,BAL 03
c1_1_CAATCGAGTGGATTTC-1,BAL 01
c1_1_CAATCGAGTTGGATCT-1,BAL 05
c1_1_CAATCGATCAACACGT-1,Multiplet
c1_1_CAATCGATCACCATCC-1,BAL 07
c1_1_CAATCGATCACCTCGT-1,BAL 02
c1_1_CAATCGATCCGCGATG-1,BAL 04
c1_1_CAATCGATCGCAGAGA-1,BAL 03
c1_1_CAATGACAGAGTCACG-1,BAL 05
c1_1_CAATGACAGCGGGTTA-1,BAL 05
c1_1_CAATGACCAACTCATG-1,BAL 06
c1_1_CAATGACCAAGAGCTG-1,Multiplet
c1_1_CAATGACCAAGTTTGC-1,BAL 03
c1_1_CAATGACCAATTAGGA-1,BAL 06
c1_1_CAATGACCAGCTGAAG-1,BAL 04
c1_1_CAATGACGTATCGTGT-1,BAL 06
c1_1_CAATGACGTATTTCGG-1,BAL 05
c1_1_CAATGACGTCCGGTGT-1,BAL 06
c1_1_CAATGACGTCCTACGG-1,BAL 05
c1_1_CAATGACGTCGCACAC-1,Multiplet
c1_1_CAATGACTCACCCATC-1,BAL 07
c1_1_CAATGACTCAGGACAG-1,Multiplet
c1_1_CAATGACTCCCATGGG-1,BAL 05
c1_1_CAATGACTCTCCCATG-1,BAL 04
c1_1_CAATTTCAGCAGAAAG-1,BAL 08
c1_1_CAATTTCAGCAGCACA-1,BAL 03
c1_1_CAATTTCAGGACGCTA-1,BAL 03
c1_1_CAATTTCAGTACCATC-1,Multiplet
c1_1_CAATTTCAGTAGAATC-1,Multiplet
c1_1_CAATTTCCAAATGGAT-1,Multiplet
c1_1_CAATTTCGTAACCCGC-1,BAL 01
c1_1_CAATTTCGTACTCAAC-1,BAL 02
c1_1_CAATTTCGTCTCCCTA-1,BAL 08
c1_1_CAATTTCTCACTCACC-1,BAL 08
c1_1_CAATTTCTCCCTCTAG-1,BAL 07
c1_1_CAATTTCTCGGATTAC-1,Multiplet
c1_1_CAATTTCTCTGTCTCG-1,BAL 02
c1_1_CACAACAAGATACTGA-1,Multiplet
c1_1_CACAACAAGCTCCGAC-1,Multiplet
c1_1_CACAACAAGGCGCTTC-1,BAL 08
c1_1_CACAACAAGTTACTCG-1,BAL 05
c1_1_CACAACACAGGTCAGA-1,Negative
c1_1_CACAACAGTATCGTGT-1,Multiplet
c1_1_CACAACAGTCATAGTC-1,BAL 02
c1_1_CACAACAGTCGTTCAA-1,BAL 04
c1_1_CACAACAGTGTCCTAA-1,Multiplet
c1_1_CACAACAGTTGGACCC-1,BAL 06
c1_1_CACAACATCCATCGTC-1,BAL 02
c1_1_CACAACATCGTAGCTA-1,Multiplet
c1_1_CACAACATCTTCTGGC-1,Multiplet
c1_1_CACACAAAGGCATGCA-1,BAL 02
c1_1_CACACAAAGTCACGCC-1,BAL 03
c1_1_CACACAACAAATGCTC-1,BAL 06
c1_1_CACACAACAAGGTTGG-1,BAL 07
c1_1_CACACAACACCAGTAT-1,BAL 05
c1_1_CACACAAGTAACTTCG-1,Multiplet
c1_1_CACACAAGTAGCTAAA-1,Multiplet
c1_1_CACACAAGTAGCTTTG-1,BAL 05
c1_1_CACACAAGTCTTTCTA-1,BAL 07
c1_1_CACACAAGTGAAGCGT-1,Negative
c1_1_CACACAATCATGCAGT-1,Multiplet
c1_1_CACACAATCCGTAATG-1,BAL 03
c1_1_CACACAATCGCTAATG-1,BAL 03
c1_1_CACACAATCTCATTAC-1,BAL 02
c1_1_CACAGATAGCATTGAA-1,BAL 04
c1_1_CACAGATCACACCTGG-1,BAL 07
c1_1_CACAGATCACGACGAA-1,BAL 03
c1_1_CACAGATCACGCTGCA-1,BAL 02
c1_1_CACAGATGTATTAAGG-1,BAL 05
c1_1_CACAGATGTCATAACC-1,BAL 07
c1_1_CACAGATGTGGATTTC-1,BAL 08
c1_1_CACAGGCAGATGACCG-1,BAL 03
c1_1_CACAGGCAGGTGAGCT-1,BAL 01
c1_1_CACAGGCAGTCTGGTT-1,BAL 08
c1_1_CACAGGCCAAGTGTCT-1,BAL 06
c1_1_CACAGGCCACGACGCT-1,BAL 02
c1_1_CACAGGCCAGGTGTTT-1,BAL 01
c1_1_CACAGGCGTATGTCAC-1,BAL 07
c1_1_CACAGGCTCACCCTCA-1,BAL 07
c1_1_CACAGGCTCCTTCACG-1,BAL 06
c1_1_CACAGGCTCGTTGTTT-1,BAL 07
c1_1_CACATGAAGCCAGTAG-1,BAL 02
c1_1_CACATGACAACTCATG-1,Multiplet
c1_1_CACATGACAACTTGGT-1,BAL 08
c1_1_CACATGAGTAAGCAAT-1,Multiplet
c1_1_CACATGAGTACAGTCT-1,BAL 02
c1_1_CACATGAGTCGTGCCA-1,BAL 01
c1_1_CACATGATCAAGCTGT-1,BAL 02
c1_1_CACATGATCACAGTGT-1,BAL 04
c1_1_CACCAAAAGACGACTG-1,BAL 08
c1_1_CACCAAAAGATTGCGG-1,BAL 04
c1_1_CACCAAACAAGTCCAT-1,Multiplet
c1_1_CACCAAACACCCTGTT-1,BAL 02
c1_1_CACCAAACAGAGTGAC-1,Multiplet
c1_1_CACCAAAGTCCAGTTA-1,Multiplet
c1_1_CACCAAAGTGTTGATC-1,BAL 08
c1_1_CACCAAATCCAGGACC-1,BAL 02
c1_1_CACCAAATCCGTATAG-1,BAL 07
c1_1_CACCAAATCTCTCAAT-1,BAL 02
c1_1_CACCAAATCTCTCGAC-1,BAL 01
c1_1_CACCAAATCTGGCCGA-1,BAL 08
c1_1_CACCGTTAGAGCATTA-1,Multiplet
c1_1_CACCGTTAGCAACAGC-1,BAL 02
c1_1_CACCGTTAGCAGGCAT-1,Multiplet
c1_1_CACCGTTAGGCTAAAT-1,BAL 06
c1_1_CACCGTTAGTTTAGGA-1,Multiplet
c1_1_CACCGTTCACGCTTAA-1,BAL 08
c1_1_CACCGTTGTAACGATA-1,BAL 05
c1_1_CACCGTTGTCTAGGCC-1,Multiplet
c1_1_CACCGTTGTTGTTGCA-1,BAL 07
c1_1_CACCGTTTCACATACG-1,BAL 02
c1_1_CACCGTTTCCCGAATA-1,BAL 02
c1_1_CACCGTTTCCTTCAGC-1,BAL 03
c1_1_CACCGTTTCTGCCCTA-1,BAL 03
c1_1_CACGAATAGACGGTTG-1,BAL 03
c1_1_CACGAATCAGTTGTCA-1,Multiplet
c1_1_CACGAATGTACCGTGC-1,BAL 02
c1_1_CACGAATGTAGGCTCC-1,Multiplet
c1_1_CACGAATGTGATTCAC-1,BAL 06
c1_1_CACGAATTCGGACTTA-1,BAL 03
c1_1_CACGGGTAGACCTCAT-1,BAL 01
c1_1_CACGGGTAGATTGAGT-1,BAL 02
c1_1_CACGGGTAGGATTACA-1,Multiplet
c1_1_CACGGGTCACCGGTCA-1,BAL 01
c1_1_CACGGGTCATTCGATG-1,BAL 02
c1_1_CACGGGTGTAATTAGG-1,BAL 01
c1_1_CACGGGTTCGTGGGAA-1,BAL 07
c1_1_CACGTGGCAGTTAGGG-1,Multiplet
c1_1_CACGTGGCATGACTTG-1,BAL 02
c1_1_CACGTGGCATTCCTCG-1,BAL 03
c1_1_CACGTGGGTCTGTAAC-1,BAL 03
c1_1_CACGTGGGTCTTTCAT-1,BAL 02
c1_1_CACGTGGTCGCTACAA-1,BAL 08
c1_1_CACGTTCCACGTGTGC-1,Multiplet
c1_1_CACGTTCCATGAGAAT-1,BAL 03
c1_1_CACGTTCGTCAAGTTC-1,Multiplet
c1_1_CACGTTCGTCACTTAG-1,BAL 06
c1_1_CACGTTCGTTGCACGC-1,Multiplet
c1_1_CACGTTCTCAAGATAG-1,Multiplet
c1_1_CACTAAGAGCGTATAA-1,BAL 02
c1_1_CACTAAGAGTCATCGT-1,BAL 02
c1_1_CACTAAGCAACACTAC-1,BAL 07
c1_1_CACTAAGCACCGAATT-1,Multiplet
c1_1_CACTAAGCAGCAAGAC-1,BAL 08
c1_1_CACTAAGCATACAGAA-1,Multiplet
c1_1_CACTAAGCATCTCCCA-1,Multiplet
c1_1_CACTAAGGTAGCACGA-1,Multiplet
c1_1_CACTAAGGTCAGACGA-1,BAL 03
c1_1_CACTAAGGTGAGCAGT-1,BAL 06
c1_1_CACTAAGGTTCGGGTC-1,BAL 05
c1_1_CACTAAGTCCGTAGGC-1,BAL 06
c1_1_CACTAAGTCTACCAGA-1,BAL 08
c1_1_CACTAAGTCTCAAAGC-1,Multiplet
c1_1_CACTGAAAGAGAGTGA-1,BAL 04
c1_1_CACTGAAAGCCGCTTG-1,BAL 08
c1_1_CACTGAAAGTAATACG-1,Multiplet
c1_1_CACTGAAAGTCACTAC-1,BAL 04
c1_1_CACTGAAAGTTAGTGA-1,Multiplet
c1_1_CACTGAACAGACGGAT-1,BAL 06
c1_1_CACTGAACAGAGTCTT-1,BAL 04
c1_1_CACTGAACATAAGATG-1,Multiplet
c1_1_CACTGAAGTCCTCCAT-1,Multiplet
c1_1_CACTGAAGTGCAGATG-1,BAL 05
c1_1_CACTGAATCACCCATC-1,BAL 08
c1_1_CACTGGGAGAGCATTA-1,Multiplet
c1_1_CACTGGGAGCTGCGAA-1,BAL 08
c1_1_CACTGGGAGCTGTACT-1,BAL 08
c1_1_CACTGGGAGGCTTAAA-1,BAL 06
c1_1_CACTGGGCAACCGATT-1,Multiplet
c1_1_CACTGGGCAAGTCGTT-1,Multiplet
c1_1_CACTGGGCAATCAAGA-1,Multiplet
c1_1_CACTGGGCATAAGCGG-1,BAL 01
c1_1_CACTGGGGTACGCTTA-1,BAL 08
c1_1_CACTGGGGTCATCACA-1,Multiplet
c1_1_CACTGGGGTGAATGAT-1,BAL 04
c1_1_CACTGGGTCCTACTGC-1,BAL 03
c1_1_CACTGGGTCTTCGCTG-1,BAL 06
c1_1_CACTGTCAGACATGCG-1,BAL 05
c1_1_CACTGTCAGAGAGAAC-1,BAL 04
c1_1_CACTGTCAGCAGTACG-1,BAL 05
c1_1_CACTGTCAGCGACAGT-1,BAL 08
c1_1_CACTGTCAGGAACGAA-1,BAL 03
c1_1_CACTGTCAGTAGCATA-1,BAL 08
c1_1_CACTGTCCAATCCTAG-1,Multiplet
c1_1_CACTGTCCATGACGAG-1,BAL 02
c1_1_CACTGTCGTACTCGTA-1,BAL 06
c1_1_CACTGTCGTCATGACT-1,BAL 03
c1_1_CACTGTCGTCTTCTAT-1,BAL 03
c1_1_CACTGTCGTTAAGACA-1,BAL 02
c1_1_CACTGTCTCAGATTGC-1,BAL 02
c1_1_CACTGTCTCGACCAAT-1,Multiplet
c1_1_CACTGTCTCGCATAGT-1,BAL 07
c1_1_CACTGTCTCGTGTCAA-1,BAL 06
c1_1_CACTTCGAGGTTGAGC-1,BAL 05
c1_1_CACTTCGAGTCTTCGA-1,BAL 05
c1_1_CACTTCGCAACAAGAT-1,BAL 04
c1_1_CACTTCGCAAGCGAAC-1,Multiplet
c1_1_CACTTCGCACCGCTAG-1,BAL 05
c1_1_CACTTCGGTAGATTGA-1,BAL 03
c1_1_CACTTCGGTCGTACTA-1,BAL 06
c1_1_CACTTCGGTGTATTCG-1,BAL 06
c1_1_CACTTCGGTGTTCGAT-1,BAL 08
c1_1_CACTTCGGTTGAGGAC-1,Multiplet
c1_1_CACTTCGTCCATTTCA-1,BAL 01
c1_1_CACTTCGTCCCATACC-1,BAL 04
c1_1_CACTTCGTCGGTAGGA-1,BAL 04
c1_1_CAGAGCCAGAGCCGTA-1,BAL 05
c1_1_CAGAGCCAGCTCCGAC-1,BAL 05
c1_1_CAGAGCCAGGTGGCTA-1,BAL 02
c1_1_CAGAGCCAGGTTACAA-1,BAL 03
c1_1_CAGAGCCCAAGTCGTT-1,BAL 01
c1_1_CAGAGCCCACAACCGC-1,BAL 03
c1_1_CAGAGCCCACGTATAC-1,BAL 03
c1_1_CAGAGCCGTACCAATC-1,BAL 05
c1_1_CAGAGCCGTCTTCATT-1,BAL 03
c1_1_CAGAGCCGTTAATCGC-1,BAL 06
c1_1_CAGAGCCTCCCACAGG-1,BAL 08
c1_1_CAGAGCCTCGGCCCAA-1,BAL 08
c1_1_CAGATACAGCGTACAG-1,BAL 05
c1_1_CAGATACAGCGTCTCG-1,BAL 02
c1_1_CAGATACAGGATGCGT-1,BAL 06
c1_1_CAGATACAGGGAGGGT-1,BAL 06
c1_1_CAGATACCAGAGTTGG-1,BAL 02
c1_1_CAGATACCAGATAAAC-1,BAL 03
c1_1_CAGATACCATAGGTTC-1,BAL 08
c1_1_CAGATACCATTCTCTA-1,Multiplet
c1_1_CAGATACGTACCCGCA-1,BAL 03
c1_1_CAGATACGTGAATGAT-1,BAL 07
c1_1_CAGATACGTTACCCAA-1,Multiplet
c1_1_CAGATACGTTCTAACG-1,BAL 06
c1_1_CAGATACTCAGTCACA-1,Multiplet
c1_1_CAGATACTCGTTCATT-1,BAL 05
c1_1_CAGATCAAGAGGCCAT-1,BAL 01
c1_1_CAGATCAAGAGGGTAA-1,BAL 01
c1_1_CAGATCAAGAGTCACG-1,BAL 03
c1_1_CAGATCAAGATGCTTC-1,Multiplet
c1_1_CAGATCACAAACACCT-1,BAL 06
c1_1_CAGATCACAGGTGTTT-1,Multiplet
c1_1_CAGATCACAGTGACCC-1,BAL 01
c1_1_CAGATCACATGACGAG-1,Multiplet
c1_1_CAGATCAGTAACAAGT-1,Multiplet
c1_1_CAGATCAGTGGCTTAT-1,BAL 03
c1_1_CAGATCATCAGTCAGT-1,Multiplet
c1_1_CAGATCATCCATTGGA-1,BAL 03
c1_1_CAGATCATCCGCGAGT-1,Multiplet
c1_1_CAGATCATCGATCCCT-1,BAL 04
c1_1_CAGATCATCGTAGTGT-1,BAL 03
c1_1_CAGATCATCTGAGATC-1,BAL 05
c1_1_CAGATTGAGCTAAGTA-1,BAL 03
c1_1_CAGATTGAGGCTTTCA-1,BAL 03
c1_1_CAGATTGCAAATCGTC-1,Multiplet
c1_1_CAGATTGCAGCCATTA-1,BAL 03
c1_1_CAGATTGCAGCGTTTA-1,BAL 01
c1_1_CAGATTGCAGGTGGAT-1,BAL 02
c1_1_CAGATTGGTGCCGGTT-1,BAL 05
c1_1_CAGATTGGTGCGAACA-1,BAL 01
c1_1_CAGATTGGTGTTCAGT-1,Multiplet
c1_1_CAGATTGGTTCTCTCG-1,Multiplet
c1_1_CAGCAATAGACTACCT-1,BAL 07
c1_1_CAGCAATAGTCTCTGA-1,BAL 05
c1_1_CAGCAATCAGAATTCC-1,Multiplet
c1_1_CAGCAATCAGTCTGGC-1,BAL 04
c1_1_CAGCAATGTATTCTCT-1,BAL 06
c1_1_CAGCAATGTCAATCTG-1,BAL 01
c1_1_CAGCAATGTTCCTAGA-1,BAL 01
c1_1_CAGCAATGTTGCTCCT-1,Multiplet
c1_1_CAGCAATTCAGGAAAT-1,BAL 03
c1_1_CAGCAATTCATCACCC-1,BAL 02
c1_1_CAGCAATTCATGGTAC-1,BAL 01
c1_1_CAGCAATTCCTCTTTC-1,BAL 04
c1_1_CAGCAATTCGACATCA-1,Multiplet
c1_1_CAGCAATTCGCTCATC-1,BAL 02
c1_1_CAGCAATTCTTCTAAC-1,BAL 06
c1_1_CAGCACGAGAAAGTCT-1,BAL 05
c1_1_CAGCACGAGAGGATCC-1,BAL 01
c1_1_CAGCACGAGATAGCAT-1,Multiplet
c1_1_CAGCACGAGGGCAGAG-1,BAL 02
c1_1_CAGCACGCACAGTCGC-1,Multiplet
c1_1_CAGCACGGTACGCGTC-1,BAL 05
c1_1_CAGCACGGTCCCAAAT-1,BAL 06
c1_1_CAGCACGGTGATACAA-1,BAL 06
c1_1_CAGCACGTCAAATGAG-1,BAL 02
c1_1_CAGCACGTCCACTTTA-1,BAL 02
c1_1_CAGCACGTCCATATGG-1,BAL 05
c1_1_CAGCAGCAGCACTCGC-1,BAL 03
c1_1_CAGCAGCAGCCTGAAG-1,Multiplet
c1_1_CAGCAGCAGGTAAGTT-1,BAL 06
c1_1_CAGCAGCCAAGAATAC-1,BAL 04
c1_1_CAGCAGCCACAAACGG-1,BAL 05
c1_1_CAGCAGCCACAACCGC-1,Negative
c1_1_CAGCAGCCACAGACGA-1,BAL 04
c1_1_CAGCAGCCACTGAGTT-1,BAL 05
c1_1_CAGCAGCCACTTCATT-1,BAL 02
c1_1_CAGCAGCCAGATAAAC-1,BAL 07
c1_1_CAGCAGCGTCGGCTAC-1,BAL 08
c1_1_CAGCAGCGTTCAACGT-1,BAL 04
c1_1_CAGCAGCGTTGCGGCT-1,Multiplet
c1_1_CAGCAGCTCCTTACCG-1,BAL 03
c1_1_CAGCAGCTCTTCACAT-1,BAL 02
c1_1_CAGCCAGCAAATGATG-1,BAL 04
c1_1_CAGCCAGCAGACCAGA-1,BAL 02
c1_1_CAGCCAGCAGCGAGTA-1,Multiplet
c1_1_CAGCCAGGTCAACCTA-1,BAL 02
c1_1_CAGCCAGGTTGGATCT-1,BAL 01
c1_1_CAGCCAGGTTTCCAAG-1,BAL 06
c1_1_CAGCCAGTCTGGTGCG-1,BAL 05
c1_1_CAGCGTGAGCGTCAGA-1,Multiplet
c1_1_CAGCGTGAGCTCGAAG-1,Multiplet
c1_1_CAGCGTGAGGCGAAGG-1,BAL 08
c1_1_CAGCGTGAGGGATCGT-1,BAL 08
c1_1_CAGCGTGAGGTAGCAC-1,BAL 05
c1_1_CAGCGTGAGTGTAGTA-1,BAL 08
c1_1_CAGCGTGCAGGCGAAT-1,BAL 04
c1_1_CAGCGTGCAGGTTCCG-1,BAL 03
c1_1_CAGCGTGGTGTGTACT-1,BAL 01
c1_1_CAGCGTGTCTGGGAGA-1,Negative
c1_1_CAGGCCAAGCCGTTGC-1,BAL 07
c1_1_CAGGCCAAGGTATAGT-1,BAL 03
c1_1_CAGGCCACAAGCGCTC-1,Multiplet
c1_1_CAGGCCACATCGCTAA-1,BAL 03
c1_1_CAGGCCAGTACGTAGG-1,Multiplet
c1_1_CAGGCCAGTCAACCAT-1,BAL 02
c1_1_CAGGCCAGTGGCTTGC-1,BAL 06
c1_1_CAGGCCAGTTCTCTAT-1,BAL 03
c1_1_CAGGCCATCAACTGAC-1,BAL 06
c1_1_CAGGCCATCGTCAGAT-1,BAL 05
c1_1_CAGGCCATCTTACCGC-1,BAL 05
c1_1_CAGGGCTCAATCCAGT-1,Multiplet
c1_1_CAGGGCTCACAACGAG-1,BAL 03
c1_1_CAGGGCTCACAGTACT-1,BAL 04
c1_1_CAGGGCTGTCACCTTC-1,BAL 06
c1_1_CAGGGCTGTCGGATTT-1,BAL 03
c1_1_CAGGTATAGAGAGCAA-1,Multiplet
c1_1_CAGGTATAGCAGTAAT-1,Multiplet
c1_1_CAGGTATAGCCAGTAG-1,BAL 05
c1_1_CAGGTATAGGTGTGAC-1,BAL 08
c1_1_CAGGTATAGGTTTACC-1,BAL 05
c1_1_CAGGTATAGTCCCGGT-1,BAL 02
c1_1_CAGGTATAGTCCGCGT-1,BAL 08
c1_1_CAGGTATCAGACAAAT-1,BAL 03
c1_1_CAGGTATCATTGAGCT-1,BAL 04
c1_1_CAGGTATGTATCACGT-1,BAL 08
c1_1_CAGGTATGTATGAAAC-1,BAL 05
c1_1_CAGGTATGTGTCATCA-1,BAL 01
c1_1_CAGGTATGTTAAAGTG-1,BAL 06
c1_1_CAGTGCGAGAGCATCG-1,Multiplet
c1_1_CAGTGCGAGCACTAGG-1,BAL 05
c1_1_CAGTGCGAGCCATGCC-1,Multiplet
c1_1_CAGTGCGAGGCGTCCT-1,Multiplet
c1_1_CAGTGCGAGGGAGGAC-1,BAL 07
c1_1_CAGTGCGAGTCCTACA-1,Multiplet
c1_1_CAGTGCGAGTTACTCG-1,BAL 08
c1_1_CAGTGCGCAGACAATA-1,BAL 02
c1_1_CAGTGCGCAGACCTAT-1,BAL 08
c1_1_CAGTGCGCAGACGCTC-1,BAL 07
c1_1_CAGTGCGCAGGTTTAC-1,BAL 03
c1_1_CAGTGCGGTACACTCA-1,BAL 04
c1_1_CAGTGCGGTCATGCAT-1,BAL 06
c1_1_CAGTGCGGTGAAGCTG-1,Multiplet
c1_1_CAGTGCGGTTCGTACA-1,BAL 06
c1_1_CAGTGCGTCGCACTCT-1,Multiplet
c1_1_CAGTGCGTCGCGCTGA-1,BAL 02
c1_1_CAGTGCGTCGCTCTAC-1,Negative
c1_1_CAGTTAGAGGCCGCTT-1,BAL 03
c1_1_CAGTTAGAGGTACTGG-1,BAL 07
c1_1_CAGTTAGAGTACAGCG-1,Multiplet
c1_1_CAGTTAGAGTCGGCAA-1,BAL 03
c1_1_CAGTTAGCAAGGCAAC-1,Multiplet
c1_1_CAGTTAGCACCAACAT-1,BAL 03
c1_1_CAGTTAGGTAAGATAC-1,Multiplet
c1_1_CAGTTAGTCCGTAATG-1,BAL 05
c1_1_CAGTTAGTCGCGTGCA-1,BAL 05
c1_1_CAGTTAGTCTTCACGC-1,Multiplet
c1_1_CAGTTCCAGAATTGCA-1,Multiplet
c1_1_CAGTTCCAGCACAAAT-1,BAL 01
c1_1_CAGTTCCAGCCGTTGC-1,Multiplet
c1_1_CAGTTCCAGGCGCTCT-1,BAL 02
c1_1_CAGTTCCAGGTCGCCT-1,Multiplet
c1_1_CAGTTCCCAGATCCAT-1,BAL 03
c1_1_CAGTTCCGTCATAGTC-1,BAL 05
c1_1_CAGTTCCGTTGGAGGT-1,BAL 02
c1_1_CAGTTCCGTTGGGATG-1,BAL 05
c1_1_CAGTTCCTCGCAACAT-1,BAL 01
c1_1_CAGTTCCTCGCGTGCA-1,Multiplet
c1_1_CAGTTCCTCTGTCGCT-1,BAL 03
c1_1_CATAAGCCACGTCTCT-1,BAL 05
c1_1_CATAAGCCAGTCTTCC-1,BAL 04
c1_1_CATAAGCCATTCAGCA-1,BAL 07
c1_1_CATAAGCGTAACTGCT-1,BAL 07
c1_1_CATAAGCGTACTAACC-1,BAL 03
c1_1_CATAAGCGTCCTTAAG-1,BAL 02
c1_1_CATAAGCGTCTAGATC-1,Multiplet
c1_1_CATAAGCGTGAGCCAA-1,Multiplet
c1_1_CATAAGCTCAGGTAAA-1,BAL 06
c1_1_CATAAGCTCCAACTAG-1,BAL 02
c1_1_CATAAGCTCCCATACC-1,BAL 06
c1_1_CATAAGCTCCGCACGA-1,BAL 03
c1_1_CATAAGCTCGCGTCGA-1,BAL 06
c1_1_CATACAGAGAACTTCC-1,Multiplet
c1_1_CATACAGCACATCATG-1,BAL 08
c1_1_CATACAGCACCCAATA-1,BAL 03
c1_1_CATACAGCAGAACTAA-1,Multiplet
c1_1_CATACAGCAGACCATT-1,Multiplet
c1_1_CATACAGGTGAGATTA-1,BAL 06
c1_1_CATACAGTCATCGCTC-1,BAL 01
c1_1_CATACAGTCCATCACC-1,BAL 02
c1_1_CATACAGTCGAACGGA-1,BAL 04
c1_1_CATACAGTCTAGTACG-1,BAL 02
c1_1_CATACAGTCTGGAAGG-1,BAL 03
c1_1_CATACCCAGACCTCCG-1,BAL 05
c1_1_CATACCCAGAGTTGCG-1,BAL 06
c1_1_CATACCCAGTAAACTG-1,BAL 05
c1_1_CATACCCCAACCGATT-1,Multiplet
c1_1_CATACCCCAAGGAGTC-1,BAL 08
c1_1_CATACCCCACGCGTCA-1,BAL 05
c1_1_CATACCCCACGTCGGT-1,Multiplet
c1_1_CATACCCCAGTCTGGC-1,BAL 07
c1_1_CATACCCTCGAGTGGA-1,Multiplet
c1_1_CATACCCTCGGTGCAC-1,BAL 01
c1_1_CATACCCTCTTTCGAT-1,Multiplet
c1_1_CATACTTAGGATACAT-1,BAL 02
c1_1_CATACTTAGTCGCGAA-1,BAL 01
c1_1_CATACTTCAGCGACAA-1,BAL 08
c1_1_CATACTTCATAGATCC-1,BAL 05
c1_1_CATACTTCATCCTATT-1,Multiplet
c1_1_CATACTTGTTTACCTT-1,Multiplet
c1_1_CATACTTTCACCTCAC-1,BAL 05
c1_1_CATACTTTCCTTATGT-1,BAL 05
c1_1_CATACTTTCGTGGACC-1,BAL 01
c1_1_CATAGACAGATAACAC-1,BAL 06
c1_1_CATAGACCAACTAGAA-1,BAL 03
c1_1_CATAGACCAGAGTCTT-1,BAL 08
c1_1_CATAGACTCTAAGGAA-1,BAL 05
c1_1_CATAGACTCTATCGTT-1,BAL 02
c1_1_CATAGACTCTTCGATT-1,BAL 01
c1_1_CATCAAGAGCAAGTGC-1,BAL 01
c1_1_CATCAAGAGCGGGTAT-1,BAL 02
c1_1_CATCAAGAGGCGAAGG-1,BAL 02
c1_1_CATCAAGAGTCCTACA-1,BAL 07
c1_1_CATCAAGAGTGTTGAA-1,BAL 05
c1_1_CATCAAGCACGACCTG-1,Multiplet
c1_1_CATCAAGCAGCTGTGC-1,BAL 07
c1_1_CATCAAGCATGCAGGA-1,BAL 06
c1_1_CATCAAGGTCTTACAG-1,BAL 04
c1_1_CATCAAGGTGGGTTGA-1,BAL 05
c1_1_CATCAAGTCACCTCGT-1,BAL 07
c1_1_CATCAAGTCATCAGTG-1,Multiplet
c1_1_CATCAAGTCGAATCCA-1,BAL 08
c1_1_CATCAAGTCGACACTA-1,BAL 07
c1_1_CATCAAGTCGGTGTTA-1,BAL 04
c1_1_CATCCACAGCCAAGCA-1,BAL 08
c1_1_CATCCACAGCGTCTGC-1,BAL 08
c1_1_CATCCACAGGCCACTC-1,Multiplet
c1_1_CATCCACAGGGCAACT-1,BAL 03
c1_1_CATCCACAGTAAACGT-1,BAL 08
c1_1_CATCCACAGTATGACA-1,BAL 03
c1_1_CATCCACAGTTCCGTA-1,BAL 02
c1_1_CATCCACCAATGGCCC-1,BAL 01
c1_1_CATCCACCATGAGGGT-1,BAL 03
c1_1_CATCCACCATGGCCCA-1,BAL 03
c1_1_CATCCACGTACCCGAC-1,BAL 06
c1_1_CATCCACGTCATAACC-1,BAL 03
c1_1_CATCCACGTGAGTCAG-1,BAL 07
c1_1_CATCCACGTGGTCAAG-1,Multiplet
c1_1_CATCCACGTTACCTTT-1,BAL 05
c1_1_CATCCACGTTAGCGGA-1,BAL 05
c1_1_CATCCACGTTGCAAGG-1,BAL 02
c1_1_CATCCACTCCGAGATT-1,BAL 01
c1_1_CATCCCACAAACTCGT-1,BAL 05
c1_1_CATCCCACACACCTGG-1,BAL 04
c1_1_CATCCCACAGAGTGAC-1,BAL 02
c1_1_CATCCCACAGCGGTCT-1,Multiplet
c1_1_CATCCCACATCCTCAC-1,BAL 07
c1_1_CATCCCACATCTCAAG-1,Multiplet
c1_1_CATCCCAGTATTGACC-1,BAL 05
c1_1_CATCCCAGTGACTATC-1,BAL 05
c1_1_CATCCCATCCAAGCCG-1,BAL 03
c1_1_CATCCCATCGCCAATA-1,BAL 08
c1_1_CATCCCATCTTGGATG-1,BAL 05
c1_1_CATCCGTAGAGCATTA-1,BAL 08
c1_1_CATCCGTAGCCAAGGT-1,BAL 04
c1_1_CATCCGTAGGTTCACT-1,BAL 04
c1_1_CATCCGTAGTTGTCGT-1,BAL 08
c1_1_CATCCGTCAACCAGAG-1,BAL 07
c1_1_CATCCGTCAACCCTCT-1,BAL 08
c1_1_CATCCGTCAAGACGGT-1,BAL 04
c1_1_CATCCGTCAAGTGGCA-1,BAL 05
c1_1_CATCCGTCAGAAGTGC-1,BAL 02
c1_1_CATCCGTCAGCTCGGT-1,BAL 07
c1_1_CATCCGTCAGGTTCCG-1,BAL 03
c1_1_CATCCGTCATCGTCCT-1,Multiplet
c1_1_CATCCGTGTCACGTGC-1,BAL 08
c1_1_CATCCGTGTCCTTGTC-1,BAL 03
c1_1_CATCCGTGTCGCATTA-1,BAL 07
c1_1_CATCCGTTCCACAAGT-1,BAL 01
c1_1_CATCCGTTCGTCTCAC-1,BAL 06
c1_1_CATCCGTTCTTGGTCC-1,BAL 02
c1_1_CATCGCTCAACTCCCT-1,Multiplet
c1_1_CATCGCTCAAGAGGCT-1,BAL 03
c1_1_CATCGCTGTAACCAGG-1,BAL 08
c1_1_CATCGCTGTGACCTGC-1,Multiplet
c1_1_CATCGCTGTGCATGTT-1,BAL 05
c1_1_CATCGCTGTGTAAATG-1,BAL 07
c1_1_CATCGCTGTTCTCCTG-1,BAL 03
c1_1_CATCGGGAGAGAGGGC-1,BAL 05
c1_1_CATCGGGAGCGACCCT-1,BAL 03
c1_1_CATCGGGAGCGCCCAT-1,BAL 01
c1_1_CATCGGGAGGGTCTTT-1,BAL 08
c1_1_CATCGGGAGGTTACCT-1,BAL 08
c1_1_CATCGGGAGTAACAGT-1,BAL 07
c1_1_CATCGGGAGTCAAGCG-1,BAL 01
c1_1_CATCGGGAGTGCACTT-1,BAL 07
c1_1_CATCGGGAGTTCATGC-1,BAL 06
c1_1_CATCGGGCAACCGGAA-1,Multiplet
c1_1_CATCGGGCACCCTATC-1,BAL 07
c1_1_CATCGGGCAGCTTCGG-1,Multiplet
c1_1_CATCGGGCAGGTATGG-1,BAL 08
c1_1_CATCGGGCATCCGTTC-1,BAL 03
c1_1_CATCGGGGTCGACTTA-1,BAL 01
c1_1_CATCGGGGTTTGACAC-1,Multiplet
c1_1_CATCGTCAGACTGTTC-1,BAL 01
c1_1_CATCGTCAGGGTTAGC-1,Multiplet
c1_1_CATCGTCAGTGGCGAT-1,BAL 07
c1_1_CATCGTCCAAGATGGC-1,BAL 05
c1_1_CATCGTCCAATACGAA-1,BAL 07
c1_1_CATCGTCCAATTGCGT-1,BAL 04
c1_1_CATCGTCCATAGTCGT-1,Multiplet
c1_1_CATCGTCGTATCGGTT-1,BAL 03
c1_1_CATCGTCGTGAATTAG-1,Multiplet
c1_1_CATCGTCGTTAACCTG-1,BAL 06
c1_1_CATCGTCGTTCCATTT-1,BAL 02
c1_1_CATCGTCGTTTGTTGG-1,BAL 08
c1_1_CATCGTCTCTGAATGC-1,BAL 02
c1_1_CATCGTCTCTGTGTGA-1,BAL 04
c1_1_CATGAGTAGGAGAGTA-1,Multiplet
c1_1_CATGAGTAGGAGTCTG-1,BAL 03
c1_1_CATGAGTCAAACTCGT-1,BAL 03
c1_1_CATGAGTCACGCGGTT-1,BAL 03
c1_1_CATGAGTGTAGTTACC-1,BAL 01
c1_1_CATGAGTGTTTAGAGA-1,BAL 01
c1_1_CATGAGTTCAGCAATC-1,BAL 06
c1_1_CATGAGTTCAGCTGTA-1,BAL 03
c1_1_CATGAGTTCCATATGG-1,BAL 08
c1_1_CATGAGTTCCATCGTC-1,BAL 03
c1_1_CATGAGTTCCGCTAGG-1,BAL 07
c1_1_CATGAGTTCTCATAGG-1,Multiplet
c1_1_CATGCAAAGCGCCGTT-1,BAL 02
c1_1_CATGCAAAGTATGAGT-1,BAL 02
c1_1_CATGCAAAGTCGAAAT-1,BAL 02
c1_1_CATGCAAAGTCTGCAT-1,BAL 03
c1_1_CATGCAACAACATCGT-1,Multiplet
c1_1_CATGCAACAATAGGGC-1,Negative
c1_1_CATGCAAGTGATTCAC-1,BAL 01
c1_1_CATGCAAGTTGTAGCT-1,BAL 01
c1_1_CATGCAAGTTTCACAG-1,BAL 05
c1_1_CATGCAATCAAATGCC-1,BAL 01
c1_1_CATGCAATCCCAAGCG-1,Multiplet
c1_1_CATGCAATCGACATTG-1,Multiplet
c1_1_CATGCAATCTTCCCGA-1,BAL 03
c1_1_CATGCCTAGAAGAACG-1,BAL 08
c1_1_CATGCCTAGAGGTCGT-1,BAL 08
c1_1_CATGCCTAGGCATCGA-1,BAL 01
c1_1_CATGCCTAGGTCCCGT-1,BAL 03
c1_1_CATGCCTAGGTCTACT-1,BAL 02
c1_1_CATGCCTAGTTGCCTA-1,BAL 06
c1_1_CATGCCTCAACACGTT-1,BAL 07
c1_1_CATGCCTCAACGATTC-1,BAL 06
c1_1_CATGCCTCAAGGTCAG-1,Multiplet
c1_1_CATGCCTCACGTCGGT-1,Multiplet
c1_1_CATGCCTCAGATTTCG-1,Multiplet
c1_1_CATGCCTGTATCCCAA-1,BAL 04
c1_1_CATGCCTGTGCACGCT-1,BAL 01
c1_1_CATGCCTGTTTGGAAA-1,BAL 08
c1_1_CATGCCTTCACGTAGT-1,BAL 07
c1_1_CATGCCTTCCGGTAAT-1,BAL 05
c1_1_CATGCCTTCCGTGACG-1,BAL 08
c1_1_CATGCCTTCGACGCTG-1,BAL 06
c1_1_CATGCGGAGCACTTTG-1,Multiplet
c1_1_CATGCGGAGGCTCTAT-1,BAL 06
c1_1_CATGCGGAGGTCATCT-1,Multiplet
c1_1_CATGCGGAGTGATAAC-1,BAL 04
c1_1_CATGCGGCACAAGTTC-1,BAL 03
c1_1_CATGCGGCATGAATCC-1,BAL 07
c1_1_CATGCGGGTATCGAAA-1,Multiplet
c1_1_CATGCGGGTGTTAGCT-1,BAL 06
c1_1_CATGCGGTCCGCAACG-1,Multiplet
c1_1_CATGCGGTCGCGGTAC-1,BAL 05
c1_1_CATGCGGTCGCTAGCG-1,BAL 05
c1_1_CATGCGGTCTAGACAC-1,BAL 05
c1_1_CATGCGGTCTCATTAC-1,BAL 05
c1_1_CATGCTCCAAGCGATG-1,BAL 08
c1_1_CATGCTCCACTGAGGA-1,Multiplet
c1_1_CATGCTCCAGAGGGTT-1,BAL 01
c1_1_CATGCTCCATAGAGGC-1,BAL 05
c1_1_CATGCTCGTAGGGTAC-1,BAL 08
c1_1_CATGCTCGTTCTCTAT-1,BAL 01
c1_1_CATGCTCTCAGCGCGT-1,BAL 07
c1_1_CATGCTCTCATCGTAG-1,BAL 05
c1_1_CATGCTCTCTAACGCA-1,Multiplet
c1_1_CATGGATAGCGGTAAC-1,Multiplet
c1_1_CATGGATAGCTGGCCT-1,BAL 03
c1_1_CATGGATAGCTGTTCA-1,BAL 01
c1_1_CATGGATAGGCTGAAC-1,BAL 04
c1_1_CATGGATAGTCACACT-1,BAL 06
c1_1_CATGGATCAACGCCCA-1,BAL 08
c1_1_CATGGATCAAGAGTAT-1,BAL 07
c1_1_CATGGATCAGAGTCTT-1,BAL 02
c1_1_CATGGATGTAGAGATT-1,BAL 06
c1_1_CATGGATGTAGATGTA-1,BAL 02
c1_1_CATGGATTCTACGCAA-1,BAL 02
c1_1_CATGGTACAGGCATTT-1,Multiplet
c1_1_CATGGTAGTGATATAG-1,BAL 03
c1_1_CATGGTATCATAAGGA-1,Multiplet
c1_1_CATGGTATCCTTCTTC-1,Multiplet
c1_1_CATTCATCAGAGTCAG-1,Negative
c1_1_CATTCATCATAATGAG-1,Negative
c1_1_CATTCATCATCGGATT-1,Multiplet
c1_1_CATTCATCATGACTAC-1,BAL 03
c1_1_CATTCATGTAACAAGT-1,BAL 03
c1_1_CATTCATGTGATAGTA-1,BAL 02
c1_1_CATTCATGTGCATGAG-1,BAL 02
c1_1_CATTCATTCACGATAC-1,BAL 04
c1_1_CATTCATTCCCGTAAA-1,BAL 02
c1_1_CATTCATTCGCTACGG-1,BAL 08
c1_1_CATTCATTCGGAATTC-1,BAL 07
c1_1_CATTCATTCGTACACA-1,Multiplet
c1_1_CATTCCGAGTAGTCAA-1,BAL 03
c1_1_CATTCCGCACTGTCCT-1,Negative
c1_1_CATTCCGCATGAAAGT-1,Multiplet
c1_1_CATTCCGGTCGATTCA-1,BAL 06
c1_1_CATTCCGGTCGTTGGC-1,BAL 02
c1_1_CATTCCGGTGAGACCA-1,BAL 08
c1_1_CATTCCGGTTCACCGG-1,BAL 06
c1_1_CATTCCGGTTGCCGCA-1,Multiplet
c1_1_CATTCCGTCAACCTCC-1,BAL 05
c1_1_CATTCCGTCACAATGC-1,BAL 02
c1_1_CATTCCGTCAGAGTGG-1,BAL 03
c1_1_CATTCCGTCCGCACTT-1,BAL 07
c1_1_CATTCTAAGTCTAGAA-1,BAL 05
c1_1_CATTCTACAAATTAGG-1,BAL 05
c1_1_CATTCTACAAGCAGGT-1,BAL 08
c1_1_CATTCTACATCCAATG-1,BAL 05
c1_1_CATTCTAGTCAATGGG-1,BAL 01
c1_1_CATTCTAGTCATAGTC-1,BAL 06
c1_1_CATTCTAGTTCTAACG-1,BAL 03
c1_1_CATTCTATCAACACCA-1,BAL 03
c1_1_CATTCTATCACTAGCA-1,BAL 02
c1_1_CATTCTATCCAAAGGG-1,BAL 01
c1_1_CATTCTATCCGATCTC-1,BAL 05
c1_1_CATTGAGAGGCTTAAA-1,Multiplet
c1_1_CATTGAGAGTCTGCAT-1,BAL 07
c1_1_CATTGAGCACATTGTG-1,Multiplet
c1_1_CATTGAGGTACCGCGT-1,Multiplet
c1_1_CATTGAGGTACTAACC-1,BAL 03
c1_1_CATTGAGGTGTTCATG-1,BAL 05
c1_1_CATTGAGTCCCTTGGT-1,BAL 05
c1_1_CATTGAGTCTGAGTCA-1,BAL 05
c1_1_CATTGAGTCTTCCGTG-1,BAL 04
c1_1_CATTGCCAGGGCAACT-1,BAL 07
c1_1_CATTGCCAGTAGGTTA-1,BAL 02
c1_1_CATTGCCAGTTACGTC-1,Multiplet
c1_1_CATTGCCCAGATTTCG-1,BAL 06
c1_1_CATTGCCCATAGAGGC-1,Multiplet
c1_1_CATTGCCCATTGTAGC-1,BAL 05
c1_1_CATTGCCGTAGACTGG-1,BAL 07
c1_1_CATTGCCGTGCAATGG-1,Multiplet
c1_1_CATTGCCGTTGCCTAA-1,Multiplet
c1_1_CATTGCCTCGGAGTAG-1,Multiplet
c1_1_CATTGTTAGGTGCGAT-1,BAL 05
c1_1_CATTGTTAGTGCCGAA-1,BAL 08
c1_1_CATTGTTCAATTGTGC-1,Multiplet
c1_1_CATTGTTCACGGTGTC-1,BAL 08
c1_1_CATTGTTCACTGCTTC-1,BAL 05
c1_1_CATTGTTCAGGCTTGC-1,BAL 02
c1_1_CATTGTTCATTAGGAA-1,BAL 01
c1_1_CATTGTTGTACCAGAG-1,BAL 06
c1_1_CATTGTTGTTGAGAGC-1,Multiplet
c1_1_CATTGTTGTTGTGTAC-1,BAL 05
c1_1_CATTGTTTCCCTCATG-1,Multiplet
c1_1_CATTGTTTCGAATCCA-1,BAL 03
c1_1_CATTGTTTCTCACGAA-1,BAL 05
c1_1_CATTGTTTCTGGGTCG-1,BAL 03
c1_1_CATTTCAAGAACTTCC-1,Multiplet
c1_1_CATTTCAAGTGGTCAG-1,BAL 08
c1_1_CATTTCACAACTCGAT-1,BAL 02
c1_1_CATTTCACACAGCTGC-1,BAL 04
c1_1_CATTTCACACAGTCCG-1,BAL 01
c1_1_CATTTCACACCAGTAT-1,BAL 04
c1_1_CATTTCAGTAAGTCAA-1,BAL 07
c1_1_CATTTCAGTCCAGGTC-1,BAL 07
c1_1_CATTTCAGTCTCCCTA-1,Multiplet
c1_1_CATTTCAGTTTCGTTT-1,BAL 02
c1_1_CATTTCATCAAGATAG-1,BAL 03
c1_1_CATTTCATCACTAGCA-1,BAL 04
c1_1_CATTTCATCATTGGTG-1,BAL 08
c1_1_CCAAGCGAGCACACCC-1,BAL 03
c1_1_CCAAGCGAGCCAAGTG-1,BAL 03
c1_1_CCAAGCGAGGGTCACA-1,BAL 06
c1_1_CCAAGCGCAAAGTGTA-1,BAL 06
c1_1_CCAAGCGCAAGACCGA-1,BAL 02
c1_1_CCAAGCGCACGTCTCT-1,BAL 01
c1_1_CCAAGCGCAGAGATTA-1,BAL 04
c1_1_CCAAGCGCAGTAGTGG-1,BAL 02
c1_1_CCAAGCGCATCATCCC-1,BAL 03
c1_1_CCAAGCGGTACCCGAC-1,BAL 07
c1_1_CCAAGCGTCACACCGG-1,BAL 08
c1_1_CCAAGCGTCTTCCTAA-1,BAL 04
c1_1_CCAATGACAAACAGGC-1,BAL 03
c1_1_CCAATGACACTGCATA-1,Multiplet
c1_1_CCAATGACAGCATACT-1,BAL 03
c1_1_CCAATGACATGCGTGC-1,BAL 01
c1_1_CCAATGACATTAGGCT-1,Multiplet
c1_1_CCAATGAGTAGCGAGT-1,BAL 05
c1_1_CCAATGAGTAGGTTTC-1,BAL 01
c1_1_CCAATGAGTCAAGTTC-1,BAL 03
c1_1_CCAATGAGTCGACGCT-1,Multiplet
c1_1_CCAATGAGTTATAGCC-1,Multiplet
c1_1_CCAATGATCACGGAGA-1,Multiplet
c1_1_CCAATGATCAGGAAGC-1,BAL 02
c1_1_CCAATGATCATTGAGC-1,Multiplet
c1_1_CCAATGATCCGCACTT-1,BAL 04
c1_1_CCAATGATCGTGGCGT-1,BAL 05
c1_1_CCAATGATCTACCCAC-1,BAL 06
c1_1_CCAATTTAGACTGGGT-1,BAL 08
c1_1_CCAATTTAGATCCAAA-1,BAL 03
c1_1_CCAATTTAGCTGAAAT-1,BAL 02
c1_1_CCAATTTAGGAATGTT-1,BAL 05
c1_1_CCAATTTAGGCTCAAG-1,BAL 01
c1_1_CCAATTTCATGCCGCA-1,BAL 02
c1_1_CCAATTTGTCGGTGTC-1,BAL 08
c1_1_CCAATTTTCCTAAACG-1,BAL 02
c1_1_CCAATTTTCTAGATCG-1,BAL 05
c1_1_CCACAAAAGGTACATA-1,Multiplet
c1_1_CCACAAAAGTGGCAGT-1,Multiplet
c1_1_CCACAAACAGTTGAAA-1,BAL 03
c1_1_CCACAAACATTGAGGG-1,BAL 04
c1_1_CCACAAAGTTGACGGA-1,Multiplet
c1_1_CCACAAAGTTGCGAAG-1,BAL 03
c1_1_CCACAAATCCAAGCTA-1,BAL 02
c1_1_CCACAAATCCATTGGA-1,BAL 03
c1_1_CCACAAATCTCTTAAC-1,BAL 06
c1_1_CCACACTAGGGTATAT-1,BAL 02
c1_1_CCACACTAGGTACTGG-1,BAL 07
c1_1_CCACACTAGGTCCCTG-1,Multiplet
c1_1_CCACACTAGTGTTCCA-1,Multiplet
c1_1_CCACACTCAGAGGACT-1,BAL 08
c1_1_CCACACTCAGCGCGTT-1,BAL 06
c1_1_CCACACTGTACAGCGA-1,BAL 03
c1_1_CCACACTGTTCGTAAC-1,BAL 08
c1_1_CCACACTGTTTGGGTT-1,BAL 03
c1_1_CCACACTTCACCATCC-1,Multiplet
c1_1_CCACACTTCCGATCTC-1,BAL 03
c1_1_CCACACTTCTCGTGGG-1,BAL 06
c1_1_CCACCATCAAGTGACG-1,BAL 02
c1_1_CCACCATCACGACAGA-1,BAL 03
c1_1_CCACCATCACGTATAC-1,BAL 08
c1_1_CCACCATCATAACCCA-1,Multiplet
c1_1_CCACCATCATCCAATG-1,BAL 05
c1_1_CCACCATGTCACGTGC-1,BAL 04
c1_1_CCACCATGTCGTTTCC-1,BAL 02
c1_1_CCACCATGTGCACATT-1,BAL 03
c1_1_CCACCATTCACTGATG-1,BAL 02
c1_1_CCACCATTCATTGGTG-1,BAL 02
c1_1_CCACCATTCCCTTGGT-1,BAL 03
c1_1_CCACCATTCTAGAACC-1,BAL 05
c1_1_CCACCATTCTTACTGT-1,Multiplet
c1_1_CCACGAGAGATTAGAC-1,BAL 01
c1_1_CCACGAGAGGTAGCAC-1,BAL 05
c1_1_CCACGAGCAACGTATC-1,BAL 08
c1_1_CCACGAGCACGAGGAT-1,BAL 07
c1_1_CCACGAGCAGTCTTCC-1,BAL 07
c1_1_CCACGAGCATGGGTCC-1,BAL 03
c1_1_CCACGAGGTAGACGTG-1,Multiplet
c1_1_CCACGAGGTGTTTACG-1,BAL 08
c1_1_CCACGAGGTTCTCACC-1,BAL 03
c1_1_CCACGAGTCACAACCA-1,BAL 02
c1_1_CCACGAGTCACCATCC-1,Multiplet
c1_1_CCACGAGTCAGTCTTT-1,BAL 07
c1_1_CCACGAGTCGCCGAGT-1,BAL 06
c1_1_CCACGAGTCGCTCATC-1,Multiplet
c1_1_CCACGTTAGCACCTGC-1,Multiplet
c1_1_CCACGTTAGCATTGAA-1,BAL 03
c1_1_CCACGTTAGCGGACAT-1,BAL 06
c1_1_CCACGTTAGGGTGAAA-1,Multiplet
c1_1_CCACGTTCAGAGGAAA-1,Multiplet
c1_1_CCACGTTGTACTGCGC-1,Multiplet
c1_1_CCACGTTGTCAAGCGA-1,BAL 04
c1_1_CCACGTTGTCACTCAA-1,Multiplet
c1_1_CCACGTTGTTGCAACT-1,BAL 01
c1_1_CCACGTTGTTTGTTGG-1,BAL 03
c1_1_CCACTTGAGAGAATCT-1,BAL 02
c1_1_CCACTTGAGATCCAAA-1,BAL 06
c1_1_CCACTTGAGCTCGAAG-1,BAL 08
c1_1_CCACTTGAGCTTAAGA-1,BAL 02
c1_1_CCACTTGAGGCGAAGG-1,BAL 04
c1_1_CCACTTGCAAAGCTAA-1,BAL 01
c1_1_CCACTTGCATCGGTTA-1,BAL 08
c1_1_CCACTTGGTAGGTCAG-1,BAL 02
c1_1_CCACTTGGTATGATCC-1,BAL 07
c1_1_CCACTTGGTCCTACAA-1,Multiplet
c1_1_CCACTTGGTCTAATCG-1,BAL 08
c1_1_CCACTTGGTTCCTAGA-1,Multiplet
c1_1_CCACTTGGTTTGGCTA-1,Multiplet
c1_1_CCACTTGTCAACTACG-1,Multiplet
c1_1_CCACTTGTCACTGATG-1,Multiplet
c1_1_CCACTTGTCCACGTAA-1,Multiplet
c1_1_CCACTTGTCGGATAAA-1,BAL 07
c1_1_CCATAAGCAAAGCAAT-1,BAL 01
c1_1_CCATAAGCACGACAGA-1,BAL 05
c1_1_CCATAAGGTCGCATGC-1,BAL 01
c1_1_CCATAAGTCTGCCTGT-1,Multiplet
c1_1_CCATCACCAAGTGGAC-1,Multiplet
c1_1_CCATCACCAGAGTCAG-1,BAL 08
c1_1_CCATCACCATAGAAAC-1,BAL 04
c1_1_CCATCACCATCCGAAT-1,BAL 03
c1_1_CCATCACCATTCCTAT-1,Multiplet
c1_1_CCATCACTCGCTACAA-1,BAL 06
c1_1_CCATCACTCTACTCAT-1,BAL 03
c1_1_CCCAACTAGAAGCTGC-1,Multiplet
c1_1_CCCAACTAGAAGGGAT-1,BAL 03
c1_1_CCCAACTAGCGACCCT-1,Multiplet
c1_1_CCCAACTAGGCTAGCA-1,BAL 04
c1_1_CCCAACTCAATACCTG-1,BAL 01
c1_1_CCCAACTCATCATCCC-1,BAL 03
c1_1_CCCAACTGTCAGCTTA-1,BAL 01
c1_1_CCCAACTGTCCGAAGA-1,Multiplet
c1_1_CCCAACTGTGAGCAGT-1,Multiplet
c1_1_CCCAACTTCGCGGACT-1,BAL 02
c1_1_CCCAACTTCTACGGGC-1,BAL 05
c1_1_CCCATTGAGCATTGTC-1,BAL 04
c1_1_CCCATTGAGGAACGTC-1,BAL 03
c1_1_CCCATTGAGTCAACAA-1,BAL 05
c1_1_CCCATTGAGTGGATTA-1,BAL 08
c1_1_CCCATTGCAAGTATAG-1,BAL 05
c1_1_CCCATTGCACGCTGCA-1,BAL 02
c1_1_CCCATTGCAGTTGAAA-1,BAL 06
c1_1_CCCATTGTCCAGGACC-1,BAL 07
c1_1_CCCATTGTCTCTATGT-1,BAL 02
c1_1_CCCATTGTCTTCGGTC-1,BAL 05
c1_1_CCCATTGTCTTCGTGC-1,Multiplet
c1_1_CCCGAAGAGTGTTGTC-1,Negative
c1_1_CCCGAAGAGTTGTAAG-1,Multiplet
c1_1_CCCGAAGCAATGAAAC-1,BAL 03
c1_1_CCCGAAGCAGAGTGAC-1,BAL 01
c1_1_CCCGAAGCAGGTCCCA-1,BAL 06
c1_1_CCCGAAGGTAACCCGC-1,BAL 01
c1_1_CCCGAAGGTCAAAGCG-1,BAL 03
c1_1_CCCGAAGTCTCGCGTT-1,BAL 04
c1_1_CCCGAAGTCTTGCAGA-1,BAL 04
c1_1_CCCGGAACATCCGAAT-1,BAL 01
c1_1_CCCGGAAGTACGATCT-1,BAL 05
c1_1_CCCGGAATCACATTGG-1,BAL 08
c1_1_CCCGGAATCCAACCAA-1,Multiplet
c1_1_CCCGGAATCGCCTATC-1,BAL 05
c1_1_CCCTAACCAAAGCGTG-1,Multiplet
c1_1_CCCTAACCAGCACACC-1,BAL 06
c1_1_CCCTAACCAGCACGAA-1,Multiplet
c1_1_CCCTAACGTATAGCTC-1,BAL 03
c1_1_CCCTAACTCATTCGGA-1,BAL 05
c1_1_CCCTAACTCCATTCAT-1,BAL 03
c1_1_CCCTAACTCGAATGCT-1,BAL 08
c1_1_CCCTCAAAGAGGCGTT-1,Multiplet
c1_1_CCCTCAAAGGCCCGTT-1,BAL 06
c1_1_CCCTCAAAGTAGGCCA-1,BAL 05
c1_1_CCCTCAAAGTTCATGC-1,Multiplet
c1_1_CCCTCAATCACCATCC-1,BAL 07
c1_1_CCCTCAATCGGCTGTG-1,BAL 05
c1_1_CCCTCTCAGAGTCCGA-1,BAL 02
c1_1_CCCTCTCAGAGTTGCG-1,Multiplet
c1_1_CCCTCTCAGCCGTAAG-1,Multiplet
c1_1_CCCTCTCAGTAGAGTT-1,BAL 04
c1_1_CCCTCTCAGTGTAGAT-1,BAL 07
c1_1_CCCTCTCGTATCACCA-1,BAL 03
c1_1_CCCTCTCGTCAGTCCG-1,Multiplet
c1_1_CCCTCTCGTCTCAGGC-1,BAL 08
c1_1_CCCTCTCTCCTGGCTT-1,BAL 08
c1_1_CCCTCTCTCGGAACTT-1,BAL 05
c1_1_CCCTCTCTCTGCTCTG-1,BAL 08
c1_1_CCCTCTCTCTTCTAAC-1,BAL 02
c1_1_CCCTGATAGATAACGT-1,BAL 07
c1_1_CCCTGATAGCGTGAAC-1,BAL 06
c1_1_CCCTGATAGGAGAATG-1,BAL 03
c1_1_CCCTGATAGTTCGCAT-1,BAL 08
c1_1_CCCTGATCAACAGCCC-1,Multiplet
c1_1_CCCTGATCAAGCTCTA-1,BAL 01
c1_1_CCCTGATCATACAGCT-1,BAL 02
c1_1_CCCTGATCATCCGGCA-1,BAL 05
c1_1_CCCTGATCATCTTAGG-1,BAL 08
c1_1_CCCTGATGTACTGAGG-1,BAL 03
c1_1_CCCTGATGTAGGTAGC-1,BAL 01
c1_1_CCCTGATGTCGAAACG-1,BAL 06
c1_1_CCCTGATGTTCGGTCG-1,Multiplet
c1_1_CCCTGATTCAATGTCG-1,Multiplet
c1_1_CCCTGATTCGGTTCAA-1,BAL 08
c1_1_CCCTGATTCTGGGATT-1,BAL 07
c1_1_CCCTTAGAGCAAATCA-1,Negative
c1_1_CCCTTAGAGCTGCCTG-1,BAL 02
c1_1_CCCTTAGAGCTTCTAG-1,BAL 08
c1_1_CCCTTAGAGGTACAAT-1,BAL 03
c1_1_CCCTTAGAGTGCAAAT-1,BAL 03
c1_1_CCCTTAGCAATACCCA-1,BAL 05
c1_1_CCCTTAGCATACTGAC-1,BAL 03
c1_1_CCCTTAGCATAGTCGT-1,BAL 07
c1_1_CCCTTAGGTACCCGAC-1,BAL 05
c1_1_CCCTTAGGTGCGTTTA-1,BAL 07
c1_1_CCCTTAGGTTGAGGAC-1,BAL 03
c1_1_CCCTTAGTCCTACGAA-1,BAL 03
c1_1_CCCTTAGTCGCATAGT-1,BAL 05
c1_1_CCCTTAGTCTCTCGCA-1,BAL 02
c1_1_CCGAACGCAAATCAGA-1,BAL 06
c1_1_CCGAACGCACACGCCA-1,BAL 03
c1_1_CCGAACGCACCAAATC-1,BAL 02
c1_1_CCGAACGCATCAACCA-1,Multiplet
c1_1_CCGAACGGTACAAGCG-1,BAL 01
c1_1_CCGAACGGTATGAGAT-1,BAL 04
c1_1_CCGAACGGTGGTGATG-1,BAL 03
c1_1_CCGAACGGTTGAATCC-1,BAL 04
c1_1_CCGAACGTCCCAAGTA-1,Multiplet
c1_1_CCGAACGTCCCTCAAC-1,BAL 04
c1_1_CCGAACGTCTCCCTAG-1,BAL 05
c1_1_CCGAACGTCTGCATAG-1,BAL 05
c1_1_CCGATCTCACGAAGAC-1,BAL 05
c1_1_CCGATCTGTGGAAATT-1,BAL 08
c1_1_CCGATCTGTTCCGCGA-1,BAL 05
c1_1_CCGATCTTCGACACCG-1,BAL 03
c1_1_CCGATCTTCGGTGTTA-1,Multiplet
c1_1_CCGATGGAGACCGCCT-1,BAL 01
c1_1_CCGATGGAGCTTAGTC-1,BAL 05
c1_1_CCGATGGAGTCATGCT-1,BAL 04
c1_1_CCGATGGCAAGAGCTG-1,BAL 03
c1_1_CCGATGGCAAGTATAG-1,BAL 08
c1_1_CCGATGGCAATGGGTG-1,BAL 04
c1_1_CCGATGGCATGACAAA-1,BAL 06
c1_1_CCGATGGGTAAGAACT-1,BAL 02
c1_1_CCGATGGGTCAGCTTA-1,Multiplet
c1_1_CCGATGGGTGATACTC-1,BAL 05
c1_1_CCGATGGGTTCTGAGT-1,BAL 04
c1_1_CCGATGGTCGTAACTG-1,Multiplet
c1_1_CCGATGGTCGTACACA-1,BAL 02
c1_1_CCGCAAGAGCCTAACT-1,BAL 07
c1_1_CCGCAAGAGGGCGAAG-1,BAL 02
c1_1_CCGCAAGAGTCTGTAC-1,Multiplet
c1_1_CCGCAAGAGTGTTGAA-1,BAL 02
c1_1_CCGCAAGAGTTAACAG-1,BAL 08
c1_1_CCGCAAGCAAGATGTA-1,BAL 06
c1_1_CCGCAAGGTATGAAGT-1,Negative
c1_1_CCGCAAGGTGACCGTC-1,BAL 01
c1_1_CCGCAAGGTGAGTAGC-1,BAL 08
c1_1_CCGCAAGGTGGATACG-1,Multiplet
c1_1_CCGCAAGGTTAGCGGA-1,BAL 05
c1_1_CCGCAAGTCAAACGTC-1,BAL 01
c1_1_CCGCAAGTCAAATAGG-1,BAL 05
c1_1_CCGCAAGTCACAAGGG-1,BAL 02
c1_1_CCGCAAGTCCGCGGAT-1,BAL 07
c1_1_CCGCAAGTCCTTTAGT-1,BAL 04
c1_1_CCGCAAGTCGACATCA-1,BAL 01
c1_1_CCGCAAGTCTCCAATT-1,BAL 03
c1_1_CCGGACAAGAAACTCA-1,BAL 08
c1_1_CCGGACAAGAAGTCCG-1,BAL 04
c1_1_CCGGACAAGAATCTAG-1,BAL 02
c1_1_CCGGACAAGACATGCG-1,BAL 03
c1_1_CCGGACAAGACTAGAT-1,BAL 07
c1_1_CCGGACAAGATCACCT-1,BAL 02
c1_1_CCGGACAAGCGATCGA-1,BAL 04
c1_1_CCGGACAAGGTAATCA-1,BAL 03
c1_1_CCGGACAAGTGGATAT-1,BAL 08
c1_1_CCGGACACAACGTATC-1,Multiplet
c1_1_CCGGACACACGTAGAG-1,BAL 03
c1_1_CCGGACACATCTCATT-1,Multiplet
c1_1_CCGGACACATGGGTCC-1,BAL 02
c1_1_CCGGACAGTAGACAAT-1,BAL 02
c1_1_CCGGACAGTGAGGCAT-1,BAL 08
c1_1_CCGGACAGTTCTCGCT-1,BAL 03
c1_1_CCGGACATCAGCACCG-1,BAL 04
c1_1_CCGGACATCATTATCC-1,BAL 03
c1_1_CCGGACATCATTCGTT-1,BAL 02
c1_1_CCGGGTAAGAGCGACT-1,BAL 03
c1_1_CCGGGTAAGCACGTCC-1,BAL 01
c1_1_CCGGGTAAGTTGCCCG-1,BAL 08
c1_1_CCGGGTACAGCACCCA-1,BAL 02
c1_1_CCGGGTACAGTCTCTC-1,BAL 08
c1_1_CCGGGTATCAGACATC-1,BAL 04
c1_1_CCGGGTATCGAGAGCA-1,BAL 02
c1_1_CCGGGTATCTAGCCAA-1,BAL 06
c1_1_CCGGGTATCTCGCGTT-1,BAL 03
c1_1_CCGGTAGAGACATATG-1,BAL 06
c1_1_CCGGTAGAGACGGTTG-1,BAL 07
c1_1_CCGGTAGAGAGTATAC-1,BAL 02
c1_1_CCGGTAGAGCCAGAGT-1,BAL 03
c1_1_CCGGTAGCACTGCTTC-1,BAL 05
c1_1_CCGGTAGCATTGGGAG-1,BAL 02
c1_1_CCGGTAGGTCTCGGGT-1,BAL 01
c1_1_CCGGTAGGTGGCATCC-1,BAL 08
c1_1_CCGGTAGTCATGGATC-1,BAL 05
c1_1_CCGGTGAAGTTGTCAC-1,Multiplet
c1_1_CCGGTGACACTTCAGA-1,Multiplet
c1_1_CCGGTGACAGAACTCT-1,Multiplet
c1_1_CCGGTGACAGATACTC-1,BAL 05
c1_1_CCGGTGACAGATCACT-1,BAL 04
c1_1_CCGGTGACAGGCGTTC-1,BAL 08
c1_1_CCGGTGACAGGTGACA-1,BAL 06
c1_1_CCGGTGACATAATGAG-1,BAL 02
c1_1_CCGGTGAGTTCTTAGG-1,BAL 08
c1_1_CCGGTGATCAAGGAGC-1,BAL 05
c1_1_CCGGTGATCATTACCT-1,Multiplet
c1_1_CCGGTGATCCCATAGA-1,BAL 03
c1_1_CCGGTGATCGAACACT-1,BAL 06
c1_1_CCGTAGGAGATAACGT-1,BAL 01
c1_1_CCGTAGGAGCAACAAT-1,Multiplet
c1_1_CCGTAGGCAACACGAG-1,BAL 01
c1_1_CCGTAGGGTAGCGATG-1,BAL 07
c1_1_CCGTAGGGTAGTATAG-1,Multiplet
c1_1_CCGTAGGGTATCCTTT-1,Multiplet
c1_1_CCGTAGGGTGAAGCTG-1,BAL 07
c1_1_CCGTAGGGTGGTCAAG-1,BAL 08
c1_1_CCGTAGGTCCAGCAAT-1,BAL 05
c1_1_CCGTAGGTCCCGAGGT-1,BAL 05
c1_1_CCGTAGGTCCCGTAAA-1,BAL 06
c1_1_CCGTAGGTCCTGGCTT-1,BAL 07
c1_1_CCGTAGGTCGGCTTCT-1,BAL 04
c1_1_CCGTAGGTCTAAGCCA-1,BAL 06
c1_1_CCGTAGGTCTAAGCGT-1,BAL 07
c1_1_CCGTGAGCAATCGCAT-1,BAL 07
c1_1_CCGTGAGCACACCGAC-1,Negative
c1_1_CCGTGAGCACCACATA-1,BAL 03
c1_1_CCGTGAGCAGACTCTA-1,BAL 08
c1_1_CCGTGAGCAGTAGTTC-1,BAL 07
c1_1_CCGTGAGGTCAGGTGA-1,BAL 03
c1_1_CCGTGAGGTCGTCATA-1,Multiplet
c1_1_CCGTGAGGTGCCTTCT-1,Multiplet
c1_1_CCGTGAGGTTATAGCC-1,Multiplet
c1_1_CCGTGAGTCGAATGCT-1,Multiplet
c1_1_CCGTGAGTCGACACCG-1,BAL 02
c1_1_CCGTTCAAGAGACAAG-1,BAL 04
c1_1_CCGTTCAAGCTCGACC-1,BAL 02
c1_1_CCGTTCACAACCAGAG-1,BAL 08
c1_1_CCGTTCACACACCTTC-1,BAL 08
c1_1_CCGTTCACACCGCTGA-1,BAL 07
c1_1_CCGTTCACATGACTCA-1,Multiplet
c1_1_CCGTTCACATGCAGCC-1,BAL 01
c1_1_CCGTTCAGTGAAGCGT-1,BAL 03
c1_1_CCGTTCAGTTAGAAGT-1,Multiplet
c1_1_CCGTTCATCACCCTCA-1,BAL 07
c1_1_CCGTTCATCAGACCCG-1,BAL 05
c1_1_CCTAACCAGCACTAAA-1,BAL 08
c1_1_CCTAACCAGCATAGGC-1,BAL 03
c1_1_CCTAACCAGCTGTTCA-1,BAL 01
c1_1_CCTAACCAGGTACCTT-1,BAL 06
c1_1_CCTAACCAGGTCACAG-1,Multiplet
c1_1_CCTAACCAGTCCCGAC-1,BAL 05
c1_1_CCTAACCAGTGATAAC-1,BAL 07
c1_1_CCTAACCAGTTGAAAC-1,BAL 07
c1_1_CCTAACCCACGTCTCT-1,BAL 02
c1_1_CCTAACCCATGACTCA-1,BAL 02
c1_1_CCTAACCGTCGCCACA-1,BAL 06
c1_1_CCTAACCGTTCAGGTT-1,BAL 07
c1_1_CCTAACCGTTTGAACC-1,BAL 08
c1_1_CCTAACCTCACGATAC-1,BAL 03
c1_1_CCTAAGAAGACGACGT-1,BAL 01
c1_1_CCTAAGAAGGGTTTCT-1,BAL 06
c1_1_CCTAAGACACGTACAT-1,Multiplet
c1_1_CCTAAGAGTCCTCCTA-1,BAL 05
c1_1_CCTAAGATCAGACCCG-1,BAL 05
c1_1_CCTAAGATCGCGAAGA-1,BAL 05
c1_1_CCTACGTAGGCTTCCG-1,Multiplet
c1_1_CCTACGTCAACGCCCA-1,BAL 03
c1_1_CCTACGTCACTAACCA-1,BAL 03
c1_1_CCTACGTCACTGCTTC-1,BAL 02
c1_1_CCTACGTCAGTCTACA-1,BAL 07
c1_1_CCTACGTCAGTTCCAA-1,BAL 02
c1_1_CCTACGTGTCTCCCTA-1,BAL 05
c1_1_CCTACGTGTGAAAGTT-1,BAL 03
c1_1_CCTACGTGTTAAGGAT-1,Multiplet
c1_1_CCTACGTGTTTCGACA-1,BAL 08
c1_1_CCTACGTTCATCGGGC-1,BAL 02
c1_1_CCTACGTTCTTCGGAA-1,BAL 06
c1_1_CCTATCGAGAGGATGA-1,BAL 01
c1_1_CCTATCGAGCAACAGC-1,Multiplet
c1_1_CCTATCGAGCACCGTC-1,BAL 02
c1_1_CCTATCGAGCGGTAGT-1,BAL 07
c1_1_CCTATCGCACGCTATA-1,Multiplet
c1_1_CCTATCGCACGGCTAC-1,BAL 07
c1_1_CCTATCGCACTTTATC-1,BAL 05
c1_1_CCTATCGCATATCGGT-1,BAL 08
c1_1_CCTATCGCATTGCCTC-1,BAL 01
c1_1_CCTATCGGTAACACGG-1,BAL 02
c1_1_CCTATCGGTAGCTAAA-1,BAL 08
c1_1_CCTATCGGTCTCGCGA-1,Multiplet
c1_1_CCTATCGGTGCTGTCG-1,BAL 03
c1_1_CCTATCGGTTATCCAG-1,Multiplet
c1_1_CCTATCGTCACACCCT-1,BAL 03
c1_1_CCTATCGTCGTGCATA-1,BAL 03
c1_1_CCTATCGTCTAAACGC-1,BAL 02
c1_1_CCTATCGTCTGAGTCA-1,Multiplet
c1_1_CCTCAACCAAGTTTGC-1,BAL 08
c1_1_CCTCAACCAGCTTTGA-1,BAL 01
c1_1_CCTCAACCAGGGATAC-1,BAL 06
c1_1_CCTCAACCATACAGAA-1,BAL 01
c1_1_CCTCAACGTACCTAGT-1,BAL 01
c1_1_CCTCAACGTGTAGTGG-1,BAL 08
c1_1_CCTCAACGTGTGTTTG-1,BAL 03
c1_1_CCTCAACGTTGTGGAG-1,BAL 03
c1_1_CCTCAACGTTTCCAAG-1,BAL 01
c1_1_CCTCAACTCACTGGTA-1,Multiplet
c1_1_CCTCAACTCATAGCAC-1,BAL 02
c1_1_CCTCAACTCGGACGTC-1,BAL 07
c1_1_CCTCAACTCGTAGCCG-1,BAL 05
c1_1_CCTCACAAGCCGATAG-1,BAL 06
c1_1_CCTCACAAGCCTCTTC-1,Multiplet
c1_1_CCTCACAAGCCTGTCG-1,BAL 06
c1_1_CCTCACAAGCGACTGA-1,BAL 04
c1_1_CCTCACAAGGTCATCT-1,BAL 07
c1_1_CCTCACAAGTATGGCG-1,BAL 05
c1_1_CCTCACAAGTGGCCTC-1,BAL 02
c1_1_CCTCACAAGTGTTCCA-1,Multiplet
c1_1_CCTCACACAACGCCCA-1,BAL 02
c1_1_CCTCACACAACGTAAA-1,BAL 06
c1_1_CCTCACACACATTCTT-1,Multiplet
c1_1_CCTCACACACGCTTAA-1,Multiplet
c1_1_CCTCACACACTTCTCG-1,BAL 08
c1_1_CCTCACACAGCTGAAG-1,BAL 03
c1_1_CCTCACAGTATGAGCG-1,BAL 08
c1_1_CCTCACAGTTGAATCC-1,BAL 08
c1_1_CCTCACAGTTTGAACC-1,BAL 07
c1_1_CCTCACATCAAGTCGT-1,BAL 08
c1_1_CCTCACATCACTAGCA-1,BAL 07
c1_1_CCTCACATCGAGAGAC-1,Multiplet
c1_1_CCTCAGTAGACGATAT-1,Multiplet
c1_1_CCTCAGTAGAGCAACC-1,BAL 02
c1_1_CCTCAGTAGCCACTCG-1,BAL 03
c1_1_CCTCAGTAGCGGTATG-1,BAL 02
c1_1_CCTCAGTAGTAGAGTT-1,BAL 01
c1_1_CCTCAGTAGTAGTGCG-1,Multiplet
c1_1_CCTCAGTAGTCAACAA-1,BAL 03
c1_1_CCTCAGTAGTGTACAA-1,BAL 08
c1_1_CCTCAGTCAGCGTATT-1,BAL 04
c1_1_CCTCAGTCAGCTAACT-1,BAL 07
c1_1_CCTCAGTGTAGGCTGA-1,BAL 08
c1_1_CCTCAGTGTGTTCCAA-1,BAL 08
c1_1_CCTCAGTGTTGTAAAG-1,BAL 05
c1_1_CCTCAGTTCAGTGATC-1,BAL 08
c1_1_CCTCAGTTCATGACAC-1,BAL 02
c1_1_CCTCATGAGACGCTCC-1,BAL 02
c1_1_CCTCATGAGGAGAGGC-1,Multiplet
c1_1_CCTCATGAGGCAGTCA-1,BAL 02
c1_1_CCTCATGGTATGACAA-1,Multiplet
c1_1_CCTCATGGTCATCGGC-1,BAL 05
c1_1_CCTCATGGTCGTACAT-1,BAL 04
c1_1_CCTCATGGTTCTCCAC-1,Multiplet
c1_1_CCTCATGTCACCCTTG-1,BAL 08
c1_1_CCTCCAAAGCGCACAA-1,BAL 07
c1_1_CCTCCAAAGCTAGAAT-1,BAL 07
c1_1_CCTCCAAAGGGTCACA-1,BAL 08
c1_1_CCTCCAAAGGTCGTAG-1,BAL 08
c1_1_CCTCCAACACGACGAA-1,BAL 06
c1_1_CCTCCAACATGTCTAG-1,BAL 01
c1_1_CCTCCAACATGTGGTT-1,BAL 03
c1_1_CCTCCAACATGTTCGA-1,BAL 03
c1_1_CCTCCAAGTAACCCGC-1,BAL 02
c1_1_CCTCCAAGTCCCGGTA-1,BAL 08
c1_1_CCTCCAAGTCCGCAGT-1,BAL 03
c1_1_CCTCCAAGTGGCAGAT-1,BAL 03
c1_1_CCTCCAATCAACTGAC-1,BAL 01
c1_1_CCTCCAATCAGAGCAG-1,BAL 01
c1_1_CCTCCAATCTCAACCC-1,BAL 02
c1_1_CCTCCAATCTTGGGCG-1,Multiplet
c1_1_CCTCCTCAGATGATTG-1,Multiplet
c1_1_CCTCCTCAGCGTATGG-1,BAL 03
c1_1_CCTCCTCAGGCTCTAT-1,Multiplet
c1_1_CCTCCTCAGTTTCTTC-1,BAL 05
c1_1_CCTCCTCCATTCACAG-1,BAL 03
c1_1_CCTCCTCGTCGGTGTC-1,Negative
c1_1_CCTCCTCGTGTGTGTT-1,BAL 01
c1_1_CCTCCTCGTTAGGAGC-1,Multiplet
c1_1_CCTCCTCGTTCCATTT-1,BAL 06
c1_1_CCTCCTCGTTGGCCTG-1,BAL 02
c1_1_CCTCTAGAGGATACCG-1,BAL 08
c1_1_CCTCTAGAGGGAGGGT-1,BAL 01
c1_1_CCTCTAGAGGGAGTGG-1,Multiplet
c1_1_CCTCTAGAGGGTTGCA-1,Multiplet
c1_1_CCTCTAGAGTTCCATG-1,BAL 07
c1_1_CCTCTAGCACATAGCT-1,Multiplet
c1_1_CCTCTAGCACGACTAT-1,BAL 03
c1_1_CCTCTAGCACTGCGAC-1,BAL 03
c1_1_CCTCTAGGTAACCAGG-1,BAL 08
c1_1_CCTCTAGGTAGCTTTG-1,BAL 03
c1_1_CCTCTAGTCATGGCCG-1,BAL 04
c1_1_CCTCTAGTCCAACTAG-1,BAL 03
c1_1_CCTCTAGTCGCACTCT-1,BAL 03
c1_1_CCTCTCCAGACCATTC-1,BAL 05
c1_1_CCTCTCCAGCGTATGG-1,BAL 04
c1_1_CCTCTCCAGTAGTCTC-1,BAL 02
c1_1_CCTCTCCAGTCGAGGT-1,BAL 08
c1_1_CCTCTCCCAATAGGAT-1,BAL 05
c1_1_CCTCTCCCACTGATTG-1,BAL 06
c1_1_CCTCTCCCATCAGCAT-1,BAL 05
c1_1_CCTCTCCGTAAGGCCA-1,Multiplet
c1_1_CCTCTCCGTAGGTTTC-1,BAL 02
c1_1_CCTCTCCGTCAGACGA-1,BAL 02
c1_1_CCTCTCCGTCTTCTAT-1,BAL 08
c1_1_CCTCTCCGTGTTCCTC-1,BAL 01
c1_1_CCTCTCCGTTACGTAC-1,BAL 02
c1_1_CCTCTCCTCGAAGGAC-1,BAL 03
c1_1_CCTCTCCTCGCAGAGA-1,BAL 01
c1_1_CCTCTCCTCGTGCAGC-1,BAL 06
c1_1_CCTGCATAGCAGAAAG-1,BAL 04
c1_1_CCTGCATAGCTGACAG-1,BAL 07
c1_1_CCTGCATAGGGAGTTC-1,Negative
c1_1_CCTGCATAGGTCGAGT-1,BAL 03
c1_1_CCTGCATAGTGCGTCC-1,BAL 07
c1_1_CCTGCATAGTTGAAGT-1,BAL 07
c1_1_CCTGCATAGTTTCGAC-1,Multiplet
c1_1_CCTGCATCAAAGACGC-1,BAL 06
c1_1_CCTGCATCAGTGAGCA-1,BAL 06
c1_1_CCTGCATGTACAAACA-1,BAL 02
c1_1_CCTGCATGTTCTCCAC-1,BAL 03
c1_1_CCTGCATGTTGTTGTG-1,Multiplet
c1_1_CCTGCATTCGGTAAGG-1,BAL 06
c1_1_CCTGCATTCGTCACCT-1,BAL 07
c1_1_CCTGTTGCACACACTA-1,Multiplet
c1_1_CCTGTTGCAGTTTCGA-1,BAL 05
c1_1_CCTGTTGGTCCCTAAA-1,Multiplet
c1_1_CCTGTTGGTTGCCTAA-1,BAL 08
c1_1_CCTGTTGGTTTGGCTA-1,BAL 02
c1_1_CCTGTTGTCATTCGGA-1,BAL 05
c1_1_CCTGTTGTCCGTAGTA-1,BAL 06
c1_1_CCTGTTGTCCTACGGG-1,BAL 05
c1_1_CCTGTTGTCTCCCATG-1,BAL 02
c1_1_CCTTCAGAGAAACACT-1,BAL 02
c1_1_CCTTCAGAGTATTAGG-1,BAL 08
c1_1_CCTTCAGAGTGCCGAA-1,Multiplet
c1_1_CCTTCAGCAAACGAGC-1,Multiplet
c1_1_CCTTCAGCAACTGTGT-1,BAL 01
c1_1_CCTTCAGCAAGCCTGC-1,BAL 06
c1_1_CCTTCAGCAGCCGGTT-1,Negative
c1_1_CCTTCAGGTCCAAAGG-1,BAL 05
c1_1_CCTTCAGGTTCCTAAG-1,BAL 02
c1_1_CCTTCAGGTTCTGACA-1,Multiplet
c1_1_CCTTCAGTCAGTAGGG-1,BAL 06
c1_1_CCTTCAGTCATAGGCT-1,BAL 06
c1_1_CCTTCAGTCCCTGTTG-1,Multiplet
c1_1_CCTTCAGTCGACCCAG-1,BAL 08
c1_1_CCTTCAGTCGGCATAT-1,BAL 03
c1_1_CCTTCAGTCTCATGGA-1,BAL 02
c1_1_CCTTGTGAGCCGCACT-1,BAL 05
c1_1_CCTTGTGAGGTCCTGC-1,BAL 02
c1_1_CCTTGTGCAAGTCGTT-1,BAL 06
c1_1_CCTTGTGGTCTAGATC-1,BAL 02
c1_1_CCTTGTGTCGACGCTG-1,BAL 05
c1_1_CCTTGTGTCGGTAGGA-1,BAL 04
c1_1_CCTTTGGAGAATTGTG-1,BAL 05
c1_1_CCTTTGGAGATGGCAC-1,BAL 08
c1_1_CCTTTGGAGGCTTAGG-1,BAL 02
c1_1_CCTTTGGCAACTGATC-1,BAL 03
c1_1_CCTTTGGGTGTTCCTC-1,BAL 03
c1_1_CCTTTGGGTTCATCGA-1,Multiplet
c1_1_CCTTTGGTCACCTCGT-1,BAL 05
c1_1_CCTTTGGTCTGAGAGG-1,BAL 04
c1_1_CGAAGGAAGCCGAATG-1,Multiplet
c1_1_CGAAGGAAGGTAAGGA-1,Multiplet
c1_1_CGAAGGAAGTTGAAAC-1,BAL 01
c1_1_CGAAGGACACTTGGGC-1,BAL 07
c1_1_CGAAGGAGTACGGGAT-1,Multiplet
c1_1_CGAAGGAGTGGCTGCT-1,BAL 02
c1_1_CGAAGTTAGAGGTATT-1,BAL 02
c1_1_CGAAGTTAGCAATAAC-1,BAL 04
c1_1_CGAAGTTAGTGGCAGT-1,BAL 06
c1_1_CGAAGTTAGTTGCTCA-1,Multiplet
c1_1_CGAAGTTCAAGCGAGT-1,Multiplet
c1_1_CGAAGTTCACTGCATA-1,BAL 03
c1_1_CGAAGTTCATACCGTA-1,BAL 03
c1_1_CGAAGTTGTATCTCGA-1,BAL 01
c1_1_CGAAGTTGTGACCGAA-1,Multiplet
c1_1_CGAAGTTGTTGCACGC-1,Multiplet
c1_1_CGAAGTTTCACGAGGA-1,BAL 03
c1_1_CGAAGTTTCATGCAGT-1,Multiplet
c1_1_CGAATTGAGAACTTCC-1,Multiplet
c1_1_CGAATTGAGAGCGACT-1,BAL 04
c1_1_CGAATTGAGATGCTTC-1,BAL 01
c1_1_CGAATTGAGGGTTAGC-1,BAL 07
c1_1_CGAATTGAGGTGGTTG-1,BAL 05
c1_1_CGAATTGAGTTACGTC-1,BAL 05
c1_1_CGAATTGCAATACCCA-1,BAL 05
c1_1_CGAATTGCAGACCAAG-1,BAL 07
c1_1_CGAATTGCAGCACCCA-1,BAL 03
c1_1_CGAATTGCATCGATAC-1,BAL 01
c1_1_CGAATTGGTGACCTGC-1,Multiplet
c1_1_CGAATTGGTGGATCAG-1,BAL 01
c1_1_CGAATTGTCAAATAGG-1,BAL 03
c1_1_CGAATTGTCAAGAGGC-1,BAL 07
c1_1_CGAATTGTCCGAAATC-1,BAL 07
c1_1_CGAATTGTCTTTCAGT-1,BAL 05
c1_1_CGACAGCAGATGTTAG-1,BAL 03
c1_1_CGACAGCAGATGTTCC-1,BAL 02
c1_1_CGACAGCCACAGCCTG-1,BAL 03
c1_1_CGACAGCCAGGGTTGA-1,BAL 03
c1_1_CGACAGCCATTGGGAG-1,BAL 02
c1_1_CGACAGCGTAACCCTA-1,BAL 05
c1_1_CGACAGCGTAGGTGCA-1,Multiplet
c1_1_CGACAGCGTATTTCTC-1,BAL 08
c1_1_CGACAGCTCAGACATC-1,BAL 05
c1_1_CGACAGCTCATTGAGC-1,BAL 03
c1_1_CGACAGCTCCAAGCAT-1,BAL 03
c1_1_CGAGAAGAGACATCCT-1,BAL 03
c1_1_CGAGAAGAGAGAGGGC-1,BAL 05
c1_1_CGAGAAGAGTGGCCTC-1,BAL 05
c1_1_CGAGAAGCACACCGAC-1,BAL 01
c1_1_CGAGAAGCAGGCGAAT-1,BAL 02
c1_1_CGAGAAGCAGGCTATT-1,BAL 03
c1_1_CGAGAAGGTGAGAGGG-1,Multiplet
c1_1_CGAGAAGGTTGCGTAT-1,BAL 02
c1_1_CGAGAAGGTTGGACCC-1,BAL 05
c1_1_CGAGAAGTCATTATCC-1,BAL 08
c1_1_CGAGAAGTCGTCTACC-1,BAL 05
c1_1_CGAGAAGTCGTTAGAC-1,BAL 02
c1_1_CGAGGAAAGACGACTG-1,BAL 05
c1_1_CGAGGAAAGATAGCAT-1,Multiplet
c1_1_CGAGGAAAGATCGACG-1,BAL 03
c1_1_CGAGGAAAGCGAGTCA-1,Multiplet
c1_1_CGAGGAACACCTATCC-1,BAL 05
c1_1_CGAGGAACACTAGGTT-1,BAL 08
c1_1_CGAGGAACAGGCGAAT-1,BAL 05
c1_1_CGAGGAACATCCTAAG-1,Multiplet
c1_1_CGAGGAACATTACTCT-1,BAL 02
c1_1_CGAGGAACATTGCTTT-1,BAL 06
c1_1_CGAGGAAGTCCTCCAT-1,Multiplet
c1_1_CGAGGAAGTCCTTTGC-1,BAL 02
c1_1_CGAGGAATCAACTGAC-1,BAL 03
c1_1_CGAGGAATCGAGAGCA-1,BAL 04
c1_1_CGAGGAATCTATCCAT-1,BAL 08
c1_1_CGAGGAATCTCATGGA-1,BAL 03
c1_1_CGAGGCTAGAGTCTTC-1,BAL 08
c1_1_CGAGGCTAGGGCAGAG-1,BAL 03
c1_1_CGAGGCTCAATGGGTG-1,BAL 05
c1_1_CGAGGCTCACGTACTA-1,Multiplet
c1_1_CGAGGCTCACTTGAGT-1,BAL 03
c1_1_CGAGGCTCAGCACGAA-1,BAL 06
c1_1_CGAGGCTCATCCTTGC-1,BAL 05
c1_1_CGAGGCTCATGATCTG-1,BAL 06
c1_1_CGAGGCTGTTGGACTT-1,BAL 03
c1_1_CGAGGCTTCCAATGCA-1,BAL 01
c1_1_CGAGGCTTCTTTACAC-1,BAL 08
c1_1_CGAGTGCAGACCATTC-1,BAL 01
c1_1_CGAGTGCAGCCATTGT-1,Multiplet
c1_1_CGAGTGCAGGACGCTA-1,BAL 08
c1_1_CGAGTGCAGGGCTGAT-1,BAL 03
c1_1_CGAGTGCAGGTGATAT-1,BAL 05
c1_1_CGAGTGCCATCATCTT-1,BAL 06
c1_1_CGAGTGCGTATACGGG-1,Multiplet
c1_1_CGAGTGCGTGTCATGT-1,BAL 07
c1_1_CGAGTGCGTTTGAACC-1,BAL 08
c1_1_CGAGTGCTCACGATAC-1,BAL 05
c1_1_CGAGTGCTCAGGACAG-1,Multiplet
c1_1_CGAGTTAAGCAGTAAT-1,BAL 06
c1_1_CGAGTTAAGCGCTGAA-1,BAL 06
c1_1_CGAGTTAAGTCCGCGT-1,BAL 04
c1_1_CGAGTTAAGTGATAGT-1,BAL 06
c1_1_CGAGTTACAACTAGAA-1,Multiplet
c1_1_CGAGTTACAGACCGCT-1,BAL 05
c1_1_CGAGTTAGTCTTGCTC-1,BAL 01
c1_1_CGAGTTATCGCAATTG-1,BAL 06
c1_1_CGAGTTATCGCACGGT-1,BAL 02
c1_1_CGAGTTATCGTTCTGC-1,BAL 03
c1_1_CGATCGGAGACGCCCT-1,Multiplet
c1_1_CGATCGGCACGCACCA-1,BAL 05
c1_1_CGATCGGCACTTGAGT-1,BAL 02
c1_1_CGATCGGCAGTGAGCA-1,Multiplet
c1_1_CGATCGGCATACTGAC-1,BAL 01
c1_1_CGATCGGGTGGCTTGC-1,BAL 05
c1_1_CGATCGGTCAGACATC-1,BAL 07
c1_1_CGATCGGTCTGTGCAA-1,BAL 04
c1_1_CGATCGGTCTTGTTAC-1,Multiplet
c1_1_CGATGCGAGACCATGG-1,Multiplet
c1_1_CGATGCGAGCGTTCCG-1,BAL 01
c1_1_CGATGCGAGGACTGGT-1,BAL 08
c1_1_CGATGCGAGGGTACGT-1,BAL 03
c1_1_CGATGCGAGGTAAACT-1,BAL 03
c1_1_CGATGCGAGTGCACCC-1,BAL 05
c1_1_CGATGCGCACGACCTG-1,BAL 05
c1_1_CGATGCGCAGTAGAAT-1,Multiplet
c1_1_CGATGCGCATCTCCCA-1,BAL 01
c1_1_CGATGCGCATTAAAGG-1,Multiplet
c1_1_CGATGCGGTACTGTTG-1,BAL 05
c1_1_CGATGCGGTTCGGTCG-1,BAL 08
c1_1_CGATGCGTCAATGCAC-1,BAL 02
c1_1_CGATGCGTCACTTTGT-1,BAL 07
c1_1_CGATGCGTCATCGCCT-1,BAL 03
c1_1_CGATGCGTCGGACGTC-1,BAL 07
c1_1_CGATGCGTCGTAGTCA-1,BAL 07
c1_1_CGATGCGTCTGAATGC-1,BAL 08
c1_1_CGATGGCAGAATCGCG-1,BAL 05
c1_1_CGATGGCAGAGCATAT-1,BAL 02
c1_1_CGATGGCAGCCACCGT-1,BAL 05
c1_1_CGATGGCAGCCATTGT-1,Multiplet
c1_1_CGATGGCAGTCCTACA-1,BAL 03
c1_1_CGATGGCCAGCTATAC-1,BAL 03
c1_1_CGATGGCGTACTTGTG-1,Multiplet
c1_1_CGATGGCGTAGGCAGT-1,BAL 06
c1_1_CGATGGCGTCCGGTGT-1,BAL 02
c1_1_CGATGGCGTGGGAGAG-1,BAL 04
c1_1_CGATGGCTCGTCAACA-1,BAL 03
c1_1_CGATGGCTCTCTATAC-1,BAL 08
c1_1_CGCAGGTAGAACGCGT-1,BAL 02
c1_1_CGCAGGTAGATGTTGA-1,BAL 05
c1_1_CGCAGGTAGCAATTCC-1,BAL 08
c1_1_CGCAGGTAGCAGGTCA-1,BAL 03
c1_1_CGCAGGTAGCTTAGTC-1,BAL 03
c1_1_CGCAGGTAGTGAATAC-1,BAL 02
c1_1_CGCAGGTCAAGAGATT-1,BAL 07
c1_1_CGCAGGTCACCTATCC-1,BAL 02
c1_1_CGCAGGTCAGATACCT-1,BAL 05
c1_1_CGCAGGTGTCCAAAGG-1,BAL 02
c1_1_CGCAGGTGTCGAATTC-1,BAL 04
c1_1_CGCAGGTGTTACCTTT-1,BAL 06
c1_1_CGCAGGTTCATCTATC-1,Multiplet
c1_1_CGCAGGTTCCTCTAGC-1,BAL 08
c1_1_CGCAGGTTCTGCGAGC-1,BAL 02
c1_1_CGCATAAAGAAGCTCG-1,Multiplet
c1_1_CGCATAAAGTGCCTCG-1,BAL 03
c1_1_CGCATAACAAAGACGC-1,Multiplet
c1_1_CGCATAACAACACAAA-1,BAL 06
c1_1_CGCATAACAATAAGGT-1,BAL 06
c1_1_CGCATAAGTATCCCAA-1,BAL 02
c1_1_CGCATAAGTCAAGGCA-1,Multiplet
c1_1_CGCATAAGTCCGGTCA-1,Multiplet
c1_1_CGCATAAGTGACCGAA-1,BAL 08
c1_1_CGCATAATCAACGTGT-1,BAL 08
c1_1_CGCATAATCCACACCT-1,Multiplet
c1_1_CGCATAATCCCTTCCC-1,BAL 02
c1_1_CGCATAATCGACATAC-1,BAL 03
c1_1_CGCATGGAGGTAGTAT-1,BAL 08
c1_1_CGCATGGCAGTAACCT-1,BAL 08
c1_1_CGCATGGGTCCAGCGT-1,BAL 08
c1_1_CGCATGGGTGACCGAA-1,BAL 08
c1_1_CGCATGGGTTACAGCT-1,Multiplet
c1_1_CGCATGGTCACCTCAC-1,BAL 01
c1_1_CGCATGGTCATCCTAT-1,BAL 07
c1_1_CGCATGGTCTGCATAG-1,Multiplet
c1_1_CGCATGGTCTGCTAGA-1,BAL 04
c1_1_CGCCAGAAGCTTTCTT-1,Multiplet
c1_1_CGCCAGAAGGACGCTA-1,BAL 03
c1_1_CGCCAGAAGTAAGCAT-1,BAL 01
c1_1_CGCCAGAAGTGGTGGT-1,BAL 01
c1_1_CGCCAGACAACCCTAA-1,BAL 03
c1_1_CGCCAGACATTCTGTT-1,BAL 02
c1_1_CGCCAGAGTGTATACC-1,BAL 08
c1_1_CGCCAGAGTTACCTTT-1,BAL 07
c1_1_CGCCATTAGTAGTCAA-1,BAL 03
c1_1_CGCCATTCAATAGAGT-1,BAL 06
c1_1_CGCCATTCACGTGTGC-1,BAL 05
c1_1_CGCCATTGTAATACCC-1,BAL 02
c1_1_CGCCATTGTCGATGCC-1,BAL 02
c1_1_CGCCATTGTCTCGGAC-1,BAL 07
c1_1_CGCCATTTCAGCATTG-1,Multiplet
c1_1_CGCCATTTCATTGCCC-1,BAL 01
c1_1_CGCGTGAAGAAACCCG-1,BAL 02
c1_1_CGCGTGAAGACTAAGT-1,BAL 07
c1_1_CGCGTGAAGAGATGCC-1,BAL 08
c1_1_CGCGTGAAGGGTTAAT-1,BAL 08
c1_1_CGCGTGAAGTTGCGAG-1,BAL 02
c1_1_CGCGTGACACACTTAG-1,BAL 06
c1_1_CGCGTGACAGCACAAG-1,BAL 03
c1_1_CGCGTGACATATCTCT-1,Multiplet
c1_1_CGCGTGAGTACTCGCG-1,BAL 02
c1_1_CGCGTGAGTGCAACAG-1,BAL 08
c1_1_CGCGTGATCACCTCTG-1,BAL 07
c1_1_CGCGTGATCACTGTTT-1,BAL 05
c1_1_CGCGTGATCCTATGGA-1,BAL 08
c1_1_CGCGTGATCGGTAAGG-1,BAL 03
c1_1_CGGAACCAGAGACAAG-1,BAL 04
c1_1_CGGAACCAGGCGCTTC-1,BAL 04
c1_1_CGGAACCAGGTAGCCA-1,Multiplet
c1_1_CGGAACCAGGTTGCCC-1,BAL 04
c1_1_CGGAACCAGTTGCGCC-1,Multiplet
c1_1_CGGAACCCAGAGGCAT-1,BAL 04
c1_1_CGGAACCCATGCACTA-1,BAL 04
c1_1_CGGAACCGTAGTACGG-1,BAL 08
c1_1_CGGAACCGTTGTTGAC-1,BAL 08
c1_1_CGGAATTAGAAACCCG-1,Multiplet
c1_1_CGGAATTAGCGCACAA-1,BAL 03
c1_1_CGGAATTAGGCGAACT-1,BAL 01
c1_1_CGGAATTAGTAGGATT-1,Multiplet
c1_1_CGGAATTCAATTGAAG-1,BAL 06
c1_1_CGGAATTCATCGTCCT-1,BAL 01
c1_1_CGGAATTCATTAGGCT-1,BAL 08
c1_1_CGGAATTGTGAGCAGT-1,Multiplet
c1_1_CGGAATTGTTCAAGGG-1,BAL 01
c1_1_CGGAATTTCCATTGGA-1,BAL 05
c1_1_CGGAATTTCCGCACTT-1,BAL 03
c1_1_CGGAATTTCGGAAGGT-1,BAL 02
c1_1_CGGACACCATAAGCGG-1,BAL 05
c1_1_CGGACACCATGGGAAC-1,BAL 08
c1_1_CGGACACGTAAGGCTG-1,BAL 01
c1_1_CGGACACGTGTGTGGA-1,Multiplet
c1_1_CGGAGAAAGCTCCGAC-1,Multiplet
c1_1_CGGAGAAAGGTAAAGG-1,BAL 04
c1_1_CGGAGAAAGTCATCGT-1,BAL 05
c1_1_CGGAGAAAGTCTCTGA-1,Multiplet
c1_1_CGGAGAACAAATGGTA-1,BAL 02
c1_1_CGGAGAACAACTCCAA-1,BAL 01
c1_1_CGGAGAACACGACGCT-1,BAL 05
c1_1_CGGAGAACACGGCGTT-1,BAL 04
c1_1_CGGAGAACACGTAGTT-1,Negative
c1_1_CGGAGAACAGAGTTCT-1,BAL 07
c1_1_CGGCAGTAGCATCCTA-1,Multiplet
c1_1_CGGCAGTAGCGTCGAA-1,BAL 02
c1_1_CGGCAGTAGTAGACCG-1,BAL 05
c1_1_CGGCAGTAGTCACGCC-1,BAL 01
c1_1_CGGCAGTAGTCATGAA-1,BAL 03
c1_1_CGGCAGTAGTCTCTGA-1,BAL 08
c1_1_CGGCAGTCAAAGGCGT-1,Multiplet
c1_1_CGGCAGTGTAGGAAAG-1,BAL 07
c1_1_CGGCAGTGTCTGATCA-1,Multiplet
c1_1_CGGCAGTGTCTTTCTA-1,BAL 05
c1_1_CGGCAGTGTTACAGCT-1,BAL 05
c1_1_CGGCAGTGTTTACCAG-1,BAL 03
c1_1_CGGCAGTTCATTTCGT-1,BAL 02
c1_1_CGGGACTAGCTGGAGT-1,BAL 08
c1_1_CGGGACTAGTTCATCG-1,BAL 03
c1_1_CGGGACTCAGTCCGTG-1,BAL 01
c1_1_CGGGACTGTAGCTGTT-1,BAL 07
c1_1_CGGGACTGTGCAATGG-1,BAL 08
c1_1_CGGGACTTCAAGTGTC-1,BAL 03
c1_1_CGGGACTTCACTGGGC-1,Multiplet
c1_1_CGGGCATAGCTTAAGA-1,Multiplet
c1_1_CGGGCATAGGATTTCC-1,BAL 01
c1_1_CGGGCATAGTATCTGC-1,BAL 03
c1_1_CGGGCATAGTCACTAC-1,BAL 04
c1_1_CGGGCATCAACGTAAA-1,BAL 07
c1_1_CGGGCATCAGGAATAT-1,BAL 03
c1_1_CGGGCATCATTGTACG-1,BAL 03
c1_1_CGGGCATGTACAGGTG-1,BAL 02
c1_1_CGGGCATGTGCCTGAC-1,BAL 02
c1_1_CGGGCATGTGGAACCA-1,BAL 04
c1_1_CGGGCATGTTCTAACG-1,BAL 07
c1_1_CGGGCATTCACCTGGG-1,Multiplet
c1_1_CGGGCATTCATCACTT-1,BAL 08
c1_1_CGGGCATTCGTTTACT-1,BAL 05
c1_1_CGGGTCAAGAAATGGG-1,BAL 05
c1_1_CGGGTCAAGCCGCACT-1,Multiplet
c1_1_CGGGTCAAGCTTCTAG-1,BAL 07
c1_1_CGGGTCAAGGCATCAG-1,BAL 04
c1_1_CGGGTCACAGGTGGAT-1,BAL 04
c1_1_CGGGTCACATCAGTGT-1,BAL 08
c1_1_CGGGTCAGTCAAATCC-1,BAL 06
c1_1_CGGGTCAGTTCCAGGC-1,Multiplet
c1_1_CGGGTCATCACTGTTT-1,BAL 06
c1_1_CGGGTCATCGCATGAT-1,BAL 07
c1_1_CGGGTGTAGATCGACG-1,BAL 04
c1_1_CGGGTGTAGATTGATG-1,BAL 03
c1_1_CGGGTGTCACAGCCAC-1,BAL 01
c1_1_CGGGTGTCACCTTCCA-1,Multiplet
c1_1_CGGGTGTCAGACTCTA-1,Multiplet
c1_1_CGGGTGTCAGCAATTC-1,Multiplet
c1_1_CGGGTGTGTGAGTGAC-1,Multiplet
c1_1_CGGGTGTGTTACGATC-1,BAL 04
c1_1_CGGGTGTTCACGACTA-1,BAL 04
c1_1_CGGGTGTTCAGAGCAG-1,BAL 03
c1_1_CGGGTGTTCATAGCAC-1,BAL 06
c1_1_CGGGTGTTCCAATCTT-1,Multiplet
c1_1_CGGGTGTTCCCTCTTT-1,Multiplet
c1_1_CGGGTGTTCGACCAAT-1,BAL 03
c1_1_CGGGTGTTCGACCATA-1,Multiplet
c1_1_CGGGTGTTCTCGAACA-1,BAL 03
c1_1_CGGGTGTTCTGAGTCA-1,BAL 06
c1_1_CGGGTGTTCTTACTGT-1,BAL 03
c1_1_CGGTCAGAGCGAACTG-1,BAL 01
c1_1_CGGTCAGAGGTCTACT-1,BAL 06
c1_1_CGGTCAGAGTCCCAAT-1,BAL 05
c1_1_CGGTCAGCACGCAGTC-1,BAL 01
c1_1_CGGTCAGCAGCTTCGG-1,Multiplet
c1_1_CGGTCAGCAGCTTTCC-1,BAL 08
c1_1_CGGTCAGCAGGAACCA-1,BAL 08
c1_1_CGGTCAGCAGTCGCAC-1,BAL 02
c1_1_CGGTCAGGTGTAAATG-1,BAL 02
c1_1_CGGTCAGGTTAGCTAC-1,Multiplet
c1_1_CGGTCAGGTTATTCCT-1,Multiplet
c1_1_CGGTCAGTCACCATGA-1,BAL 08
c1_1_CGTAAGTAGATCCTAC-1,BAL 05
c1_1_CGTAAGTAGCGGTAAC-1,BAL 03
c1_1_CGTAAGTAGGCGTCCT-1,Multiplet
c1_1_CGTAAGTCAATGTGGG-1,BAL 03
c1_1_CGTAAGTCAGTCCCGA-1,Multiplet
c1_1_CGTAAGTGTACCTAAC-1,BAL 08
c1_1_CGTAAGTGTGATAGAT-1,Multiplet
c1_1_CGTAAGTGTTCCGCAG-1,Multiplet
c1_1_CGTAAGTTCATCGGGC-1,Multiplet
c1_1_CGTAAGTTCGTGACTA-1,BAL 02
c1_1_CGTAAGTTCTGGTCAA-1,BAL 07
c1_1_CGTAATGAGCTGTTCA-1,BAL 03
c1_1_CGTAATGAGTATTCCG-1,BAL 05
c1_1_CGTAATGAGTCAAGCG-1,BAL 05
c1_1_CGTAATGCAACTACGT-1,BAL 05
c1_1_CGTAATGCACGCTATA-1,BAL 01
c1_1_CGTAATGCATGGGTTT-1,BAL 05
c1_1_CGTAATGGTAACATAG-1,BAL 06
c1_1_CGTAATGGTCGTGCCA-1,BAL 03
c1_1_CGTAATGGTGCCGAAA-1,Multiplet
c1_1_CGTAATGGTTCTGAGT-1,Multiplet
c1_1_CGTAATGTCCACCTGT-1,Multiplet
c1_1_CGTAATGTCGTCGACG-1,BAL 06
c1_1_CGTAATGTCTGGGAGA-1,BAL 05
c1_1_CGTAGTAAGAGAGCGG-1,BAL 02
c1_1_CGTAGTACAACAAGAT-1,BAL 03
c1_1_CGTAGTACAAGAGGTC-1,BAL 02
c1_1_CGTAGTACAGATCCAT-1,BAL 07
c1_1_CGTAGTACAGTCGCTG-1,Multiplet
c1_1_CGTAGTACAGTGTATC-1,BAL 05
c1_1_CGTAGTACATGACGTT-1,Multiplet
c1_1_CGTAGTACATGTCTAG-1,Multiplet
c1_1_CGTAGTAGTAGATCGG-1,BAL 06
c1_1_CGTCAAAAGCTAGTTC-1,BAL 08
c1_1_CGTCAAAAGGATACAT-1,BAL 01
c1_1_CGTCAAAAGGCCTGCT-1,BAL 02
c1_1_CGTCAAACACAGTATC-1,BAL 02
c1_1_CGTCAAACACCAGCCA-1,BAL 03
c1_1_CGTCAAAGTTTACTTC-1,BAL 02
c1_1_CGTCAAATCACTAGCA-1,BAL 02
c1_1_CGTCAAATCGGTAGGA-1,BAL 03
c1_1_CGTCAAATCTCAGAAC-1,BAL 08
c1_1_CGTCAAATCTCTATAC-1,BAL 01
c1_1_CGTCAAATCTGAGATC-1,BAL 07
c1_1_CGTCAAATCTGGCCAG-1,BAL 07
c1_1_CGTCCATAGAACGCGT-1,BAL 01
c1_1_CGTCCATAGAGGTGCT-1,BAL 02
c1_1_CGTCCATAGATCACCT-1,BAL 03
c1_1_CGTCCATAGTCAGAGC-1,BAL 06
c1_1_CGTCCATAGTTCCAGT-1,BAL 03
c1_1_CGTCCATCAATTCGTG-1,Negative
c1_1_CGTCCATGTTACACTG-1,BAL 05
c1_1_CGTCCATTCAAGTTGC-1,BAL 03
c1_1_CGTCCATTCGCCTTTG-1,BAL 05
c1_1_CGTCCATTCGTCCTTG-1,BAL 04
c1_1_CGTCCATTCTACCTTA-1,BAL 06
c1_1_CGTCCATTCTTGATTC-1,BAL 05
c1_1_CGTGAATAGAGCATAT-1,BAL 05
c1_1_CGTGAATAGAGGCTGT-1,BAL 03
c1_1_CGTGAATCACCGTGCA-1,BAL 06
c1_1_CGTGAATCATTGAAAG-1,BAL 05
c1_1_CGTGAATGTACCTAAC-1,BAL 06
c1_1_CGTGAATGTCTTGTCC-1,BAL 03
c1_1_CGTGAATTCCATTTAC-1,BAL 07
c1_1_CGTGAATTCCGTGCGA-1,BAL 07
c1_1_CGTGAATTCGAGCCTG-1,Multiplet
c1_1_CGTGATAAGGATACAT-1,BAL 03
c1_1_CGTGATACAAAGGCAC-1,BAL 02
c1_1_CGTGATACAAGCTGTT-1,BAL 08
c1_1_CGTGATACATACTGAC-1,Multiplet
c1_1_CGTGATACATGCGGTC-1,BAL 02
c1_1_CGTGATAGTTTCACTT-1,BAL 07
c1_1_CGTGATATCAGGAGAC-1,BAL 03
c1_1_CGTGATATCATGCCAA-1,BAL 03
c1_1_CGTGATATCATTACGG-1,Multiplet
c1_1_CGTGATATCCAAGCTA-1,BAL 05
c1_1_CGTGATATCGATCCCT-1,BAL 02
c1_1_CGTGATATCTGGAGAG-1,BAL 02
c1_1_CGTGCTTAGCACCTGC-1,BAL 05
c1_1_CGTGCTTAGCATCGAG-1,Multiplet
c1_1_CGTGCTTAGCCTCAAT-1,BAL 03
c1_1_CGTGCTTAGCTCCACG-1,Multiplet
c1_1_CGTGCTTAGTGAGTTA-1,BAL 04
c1_1_CGTGCTTCAACGTAAA-1,BAL 01
c1_1_CGTGCTTCAACTTCTT-1,BAL 08
c1_1_CGTGCTTCATCCAACA-1,BAL 01
c1_1_CGTGCTTGTCTTAGTG-1,BAL 03
c1_1_CGTGCTTGTGGTAATA-1,BAL 04
c1_1_CGTGCTTTCAAACGTC-1,BAL 03
c1_1_CGTGCTTTCACCTGTC-1,BAL 06
c1_1_CGTGCTTTCCCAAGCG-1,BAL 03
c1_1_CGTGCTTTCCTATGGA-1,BAL 06
c1_1_CGTGTCTAGACGTCGA-1,BAL 05
c1_1_CGTGTCTAGTTACGTC-1,Multiplet
c1_1_CGTGTCTCACCAGCTG-1,Multiplet
c1_1_CGTGTCTGTAACATAG-1,BAL 05
c1_1_CGTGTCTGTAGCGAGT-1,BAL 02
c1_1_CGTGTCTGTATACCCA-1,Multiplet
c1_1_CGTGTCTGTCCACGCA-1,BAL 03
c1_1_CGTGTCTGTGAATGTA-1,BAL 03
c1_1_CGTGTCTGTGGATCGA-1,BAL 06
c1_1_CGTGTCTTCCTTCTGG-1,BAL 05
c1_1_CGTGTCTTCGAAACAA-1,BAL 01
c1_1_CGTTAGAAGACATGCG-1,BAL 05
c1_1_CGTTAGAAGCCTCTCT-1,BAL 03
c1_1_CGTTAGAAGGCACCAA-1,BAL 07
c1_1_CGTTAGACAAGTTCGT-1,BAL 01
c1_1_CGTTAGACAGGTCCGT-1,BAL 08
c1_1_CGTTAGACATCATCTT-1,Multiplet
c1_1_CGTTAGAGTCAAAGCG-1,BAL 06
c1_1_CGTTAGAGTTGGACTT-1,BAL 08
c1_1_CGTTAGATCACCTCTG-1,BAL 08
c1_1_CGTTAGATCATTGTTC-1,BAL 03
c1_1_CGTTCTGCAACGCCCA-1,Multiplet
c1_1_CGTTCTGGTATGCGTT-1,BAL 06
c1_1_CGTTCTGGTATTGAGA-1,BAL 06
c1_1_CGTTCTGGTCGCGTCA-1,BAL 03
c1_1_CGTTCTGGTCTCGCGA-1,BAL 03
c1_1_CGTTCTGGTGGTACAG-1,BAL 08
c1_1_CGTTCTGTCAAAGAAC-1,Multiplet
c1_1_CGTTCTGTCCCGAACG-1,BAL 02
c1_1_CGTTCTGTCTATCGGA-1,BAL 02
c1_1_CGTTCTGTCTCTCAAT-1,Multiplet
c1_1_CGTTGGGAGATGCAGC-1,BAL 03
c1_1_CGTTGGGAGCCGATCC-1,BAL 07
c1_1_CGTTGGGAGCTAGAAT-1,BAL 02
c1_1_CGTTGGGAGTACGAGC-1,Multiplet
c1_1_CGTTGGGAGTGCCGAA-1,BAL 06
c1_1_CGTTGGGCACTCCTGT-1,Multiplet
c1_1_CGTTGGGCAGAAGTGC-1,BAL 03
c1_1_CGTTGGGCATGCACTA-1,BAL 07
c1_1_CGTTGGGGTTCAAACC-1,BAL 01
c1_1_CGTTGGGGTTCTCTAT-1,Multiplet
c1_1_CGTTGGGTCACTGTTT-1,BAL 04
c1_1_CGTTGGGTCTGAACGT-1,BAL 03
c1_1_CTAACCCCAGCTACAT-1,BAL 08
c1_1_CTAACCCCATAGTCGT-1,BAL 06
c1_1_CTAACCCGTACCTTCC-1,BAL 05
c1_1_CTAACCCGTGAGTGAC-1,BAL 07
c1_1_CTAACCCTCCGATCGG-1,BAL 04
c1_1_CTAACCCTCGATTGGT-1,BAL 03
c1_1_CTAACCCTCGGACTTA-1,BAL 08
c1_1_CTAACTTAGAAACTAC-1,BAL 07
c1_1_CTAACTTAGGTATTGA-1,BAL 04
c1_1_CTAACTTAGTGGAATT-1,Multiplet
c1_1_CTAACTTCAGCGTACC-1,BAL 07
c1_1_CTAACTTCAGTAGAAT-1,BAL 06
c1_1_CTAACTTGTCGGTGAA-1,BAL 08
c1_1_CTAACTTGTCGTGGAA-1,BAL 07
c1_1_CTAACTTGTGACACGA-1,BAL 05
c1_1_CTAACTTGTGGTCTGC-1,BAL 03
c1_1_CTAACTTTCCAAGAGG-1,Multiplet
c1_1_CTAACTTTCCGGCAGT-1,BAL 05
c1_1_CTAACTTTCGCAGAGA-1,BAL 03
c1_1_CTAACTTTCTACGGTA-1,BAL 03
c1_1_CTAACTTTCTAGAACC-1,BAL 03
c1_1_CTAAGTGAGACATATG-1,BAL 07
c1_1_CTAAGTGAGCCATATC-1,BAL 08
c1_1_CTAAGTGAGGGATCTG-1,Multiplet
c1_1_CTAAGTGAGTGAATAC-1,BAL 03
c1_1_CTAAGTGCACGACTAT-1,BAL 03
c1_1_CTAAGTGCAGAGGCAT-1,BAL 06
c1_1_CTAAGTGGTACGACAG-1,BAL 04
c1_1_CTAAGTGGTGCCCGTA-1,Negative
c1_1_CTAAGTGGTTCGTGCG-1,BAL 06
c1_1_CTAAGTGGTTCTAAGC-1,BAL 07
c1_1_CTAAGTGTCACTAGCA-1,Multiplet
c1_1_CTAAGTGTCGACTCCT-1,BAL 02
c1_1_CTAAGTGTCGTGTGAT-1,BAL 02
c1_1_CTACAGAAGAGATGCC-1,Multiplet
c1_1_CTACAGAAGCGCCGTT-1,BAL 07
c1_1_CTACAGAAGCTGACCC-1,BAL 06
c1_1_CTACAGAAGGACAACC-1,Multiplet
c1_1_CTACAGAAGGACTAAT-1,BAL 08
c1_1_CTACAGAAGGCATGGT-1,BAL 03
c1_1_CTACAGAAGTACTGGG-1,BAL 07
c1_1_CTACAGAAGTGCAGCA-1,BAL 02
c1_1_CTACAGACAAGTGGAC-1,BAL 01
c1_1_CTACAGACACAAGCCC-1,BAL 08
c1_1_CTACAGACAGGTTCGC-1,Multiplet
c1_1_CTACAGAGTCTCAGAT-1,BAL 07
c1_1_CTACAGATCTCCATAT-1,Multiplet
c1_1_CTACATTAGACCAAGC-1,BAL 01
c1_1_CTACATTAGCACAAAT-1,BAL 03
c1_1_CTACATTAGCATAGGC-1,BAL 02
c1_1_CTACATTAGCATTTCG-1,BAL 03
c1_1_CTACATTCACAGAGCA-1,BAL 05
c1_1_CTACATTCACGGTAGA-1,Multiplet
c1_1_CTACATTGTACTGACT-1,BAL 05
c1_1_CTACATTGTATGGTAA-1,BAL 03
c1_1_CTACATTGTCTTGGTA-1,Multiplet
c1_1_CTACATTGTGTACGCC-1,BAL 08
c1_1_CTACATTGTTGTGCCG-1,BAL 08
c1_1_CTACATTTCCGTATAG-1,Multiplet
c1_1_CTACATTTCGTAGCCG-1,BAL 04
c1_1_CTACATTTCGTCACCT-1,Multiplet
c1_1_CTACCCAAGCAAATGT-1,BAL 03
c1_1_CTACCCAAGCAAGGAA-1,Multiplet
c1_1_CTACCCAAGGAATGTT-1,BAL 06
c1_1_CTACCCAAGGGCAAGG-1,BAL 02
c1_1_CTACCCACACCAGCGT-1,BAL 02
c1_1_CTACCCACACCATTCC-1,BAL 07
c1_1_CTACCCAGTAGTAAGT-1,BAL 05
c1_1_CTACCCAGTTCCCACT-1,BAL 03
c1_1_CTACCCATCGCAATTG-1,BAL 04
c1_1_CTACCCATCGGCATAT-1,BAL 05
c1_1_CTACCCATCGTGGAAG-1,Multiplet
c1_1_CTACCCATCTTACCAT-1,BAL 02
c1_1_CTACCTGAGAAATTCG-1,Multiplet
c1_1_CTACCTGAGTGGAATT-1,Multiplet
c1_1_CTACCTGCACCCATAA-1,BAL 02
c1_1_CTACCTGCAGGGCTTC-1,BAL 01
c1_1_CTACCTGGTGACGCCT-1,BAL 08
c1_1_CTACCTGTCAACACGT-1,Multiplet
c1_1_CTACCTGTCACATACG-1,BAL 04
c1_1_CTACCTGTCACTTATC-1,BAL 05
c1_1_CTACCTGTCATGGCCG-1,BAL 07
c1_1_CTACCTGTCCATCACC-1,BAL 06
c1_1_CTACCTGTCCGTGTCT-1,Multiplet
c1_1_CTACCTGTCGCTAGCG-1,BAL 03
c1_1_CTACCTGTCGTAGGGA-1,BAL 02
c1_1_CTACGGGAGAAGGATG-1,Multiplet
c1_1_CTACGGGAGAGCAGCT-1,BAL 08
c1_1_CTACGGGAGATTCGAA-1,BAL 05
c1_1_CTACGGGAGCTTCATG-1,BAL 05
c1_1_CTACGGGAGGATTCCT-1,Multiplet
c1_1_CTACGGGAGGTTCTTG-1,BAL 03
c1_1_CTACGGGCACGAAAGC-1,Multiplet
c1_1_CTACGGGCACGGCTAC-1,BAL 08
c1_1_CTACGGGCAGATTTCG-1,Multiplet
c1_1_CTACGGGCATCACCAA-1,Multiplet
c1_1_CTACGGGGTACGTACT-1,BAL 06
c1_1_CTACGGGGTAGATTGA-1,BAL 02
c1_1_CTACGGGGTGATGTAA-1,BAL 05
c1_1_CTACGGGGTGCTTCAA-1,Multiplet
c1_1_CTACGGGTCACTTGGA-1,BAL 02
c1_1_CTACGGGTCGATGGAG-1,BAL 04
c1_1_CTACGGGTCGCATGAT-1,BAL 05
c1_1_CTACTATAGGGATCGT-1,BAL 07
c1_1_CTACTATAGGTGCAGT-1,BAL 01
c1_1_CTACTATCATCTAGAC-1,BAL 03
c1_1_CTACTATCATTGGGAG-1,BAL 08
c1_1_CTACTATGTCGTGGTC-1,BAL 02
c1_1_CTACTATGTGTCATCA-1,BAL 05
c1_1_CTACTATGTTGCACGC-1,BAL 08
c1_1_CTAGACAAGAAATTGC-1,Multiplet
c1_1_CTAGACAAGCCATTCA-1,BAL 07
c1_1_CTAGACAAGCTCCCTT-1,BAL 05
c1_1_CTAGACAAGGTCGCCT-1,BAL 07
c1_1_CTAGACAAGTAGAGTT-1,BAL 03
c1_1_CTAGACACAAACTCTG-1,BAL 04
c1_1_CTAGACACAGCGAGTA-1,BAL 06
c1_1_CTAGACACATAGTCGT-1,BAL 03
c1_1_CTAGACAGTACGGTTT-1,BAL 02
c1_1_CTAGACAGTCTAATCG-1,BAL 07
c1_1_CTAGACAGTGAGCAGT-1,BAL 05
c1_1_CTAGACAGTGATTGGG-1,BAL 02
c1_1_CTAGACAGTGGCTACC-1,BAL 07
c1_1_CTAGACATCTGGGCAC-1,BAL 05
c1_1_CTAGGTAAGACTGGGT-1,BAL 07
c1_1_CTAGGTAAGAGGGTCT-1,BAL 02
c1_1_CTAGGTACAGCGTGCT-1,BAL 06
c1_1_CTAGGTAGTAATGATG-1,Multiplet
c1_1_CTAGGTAGTAGCTCGC-1,Multiplet
c1_1_CTAGGTATCCCTCGAT-1,BAL 01
c1_1_CTAGGTATCCGTGTCT-1,BAL 08
c1_1_CTATAGGAGACTAAGT-1,Multiplet
c1_1_CTATAGGAGAGTCTGG-1,BAL 03
c1_1_CTATAGGAGTCATGGG-1,BAL 04
c1_1_CTATAGGAGTCCCAGC-1,BAL 03
c1_1_CTATAGGCAAAGCTAA-1,BAL 02
c1_1_CTATAGGCAAGTGTCT-1,BAL 05
c1_1_CTATAGGCACAGACGA-1,Multiplet
c1_1_CTATAGGCAGCTTTGA-1,Multiplet
c1_1_CTATAGGGTCATACCA-1,BAL 07
c1_1_CTATAGGGTCCACACG-1,BAL 06
c1_1_CTATAGGGTCCTCAGG-1,BAL 04
c1_1_CTATAGGGTCGGTACC-1,BAL 06
c1_1_CTATAGGGTGAGACGT-1,BAL 05
c1_1_CTATAGGGTGCGACAA-1,BAL 06
c1_1_CTATAGGGTTTGCCGG-1,BAL 03
c1_1_CTATAGGTCATCAGTG-1,BAL 06
c1_1_CTATAGGTCCTGTTAT-1,BAL 02
c1_1_CTATAGGTCTCAACCC-1,BAL 06
c1_1_CTATCCGCAGGTGGAT-1,BAL 05
c1_1_CTATCCGCATCAGCGC-1,BAL 06
c1_1_CTATCCGCATCGCTGG-1,BAL 04
c1_1_CTATCCGGTAGGACCA-1,BAL 08
c1_1_CTATCCGGTAGTTCCA-1,BAL 02
c1_1_CTATCCGGTATTCCGA-1,Multiplet
c1_1_CTATCCGGTTCACGAT-1,BAL 08
c1_1_CTATCCGGTTGCTCAA-1,Multiplet
c1_1_CTATCCGTCAGCGGAA-1,Multiplet
c1_1_CTATCTAAGAGAGCCT-1,BAL 05
c1_1_CTATCTAAGATCCCGC-1,BAL 05
c1_1_CTATCTAAGTCTGTAC-1,BAL 05
c1_1_CTATCTACACATTCGA-1,BAL 08
c1_1_CTATCTACAGCGACCT-1,BAL 06
c1_1_CTATCTAGTCGAGTGA-1,BAL 05
c1_1_CTATCTAGTCGTCGGT-1,Multiplet
c1_1_CTATCTAGTGAGCAGT-1,BAL 04
c1_1_CTATCTATCTCGACCT-1,BAL 08
c1_1_CTCAACCAGAATTTGG-1,BAL 07
c1_1_CTCAACCAGCCATTCA-1,Multiplet
c1_1_CTCAACCAGCTAGCCC-1,BAL 04
c1_1_CTCAACCAGGTAGGCT-1,BAL 03
c1_1_CTCAACCCAAGAGTTA-1,BAL 02
c1_1_CTCAACCCAATTGAAG-1,BAL 06
c1_1_CTCAACCCAGCGACAA-1,BAL 08
c1_1_CTCAACCGTCCTCCTA-1,BAL 05
c1_1_CTCAACCGTCTCTCTG-1,BAL 01
c1_1_CTCAACCGTTAGGGAC-1,BAL 03
c1_1_CTCAACCTCACTCTTA-1,BAL 06
c1_1_CTCAACCTCCACTAGA-1,BAL 03
c1_1_CTCAACCTCCCTATTA-1,BAL 01
c1_1_CTCAACCTCCGTAGGC-1,BAL 03
c1_1_CTCAACCTCGATACTG-1,BAL 02
c1_1_CTCAACCTCGGACAAG-1,BAL 02
c1_1_CTCAACCTCTATCGCC-1,Multiplet
c1_1_CTCAACCTCTGTTCAT-1,BAL 03
c1_1_CTCAACCTCTTAGCCC-1,Multiplet
c1_1_CTCAAGAAGAAGGGAT-1,BAL 02
c1_1_CTCAAGAAGACTTGTC-1,BAL 05
c1_1_CTCAAGAAGAGAATCT-1,Multiplet
c1_1_CTCAAGAAGATGAACT-1,BAL 08
c1_1_CTCAAGAAGCAAGTCG-1,Multiplet
c1_1_CTCAAGAAGCATCGAG-1,BAL 05
c1_1_CTCAAGAAGCGTGTTT-1,BAL 03
c1_1_CTCAAGAAGGATCATA-1,BAL 02
c1_1_CTCAAGAAGTACTCGT-1,Multiplet
c1_1_CTCAAGACACCGTGCA-1,Multiplet
c1_1_CTCAAGACACGAGAAC-1,BAL 06
c1_1_CTCAAGACATACAGGG-1,BAL 04
c1_1_CTCAAGAGTATGAGGC-1,Multiplet
c1_1_CTCAAGAGTGGATACG-1,BAL 02
c1_1_CTCAAGAGTGTGTGTT-1,BAL 03
c1_1_CTCAAGATCCTTGACC-1,BAL 04
c1_1_CTCAAGATCTCTCTTC-1,BAL 05
c1_1_CTCAAGATCTGTCTCG-1,BAL 08
c1_1_CTCAATTAGAGTTCGG-1,BAL 05
c1_1_CTCAATTAGCCAAGCA-1,BAL 06
c1_1_CTCAATTAGGCTCAAG-1,BAL 07
c1_1_CTCAATTAGGTTGGTG-1,BAL 07
c1_1_CTCAATTAGTAGGATT-1,BAL 01
c1_1_CTCAATTCATACGCAT-1,Negative
c1_1_CTCAATTGTAAGCGGT-1,Multiplet
c1_1_CTCAATTGTCAGACGA-1,BAL 04
c1_1_CTCAATTGTCCAGTTA-1,BAL 04
c1_1_CTCAATTGTGTATACC-1,BAL 07
c1_1_CTCAATTGTGTGGTCC-1,BAL 02
c1_1_CTCAATTTCACAGTGT-1,Multiplet
c1_1_CTCAATTTCATCCCGT-1,BAL 04
c1_1_CTCAATTTCCCAGTGG-1,BAL 08
c1_1_CTCAATTTCCTTGGAA-1,BAL 02
c1_1_CTCAATTTCGCTGACG-1,BAL 03
c1_1_CTCACTGAGAACTGAT-1,BAL 01
c1_1_CTCACTGAGAGGTCAC-1,Multiplet
c1_1_CTCACTGAGCGCCTTG-1,BAL 03
c1_1_CTCACTGAGTAGTCAA-1,BAL 03
c1_1_CTCACTGCACATGGTT-1,BAL 04
c1_1_CTCACTGCAGACATCT-1,BAL 03
c1_1_CTCACTGCAGCATTGT-1,BAL 06
c1_1_CTCACTGCAGTTTCAG-1,BAL 03
c1_1_CTCACTGGTAGCTAAA-1,BAL 05
c1_1_CTCACTGGTAGGCAAC-1,BAL 03
c1_1_CTCACTGGTATCACGT-1,Multiplet
c1_1_CTCACTGTCACTGTCC-1,BAL 08
c1_1_CTCACTGTCCACGTAA-1,BAL 01
c1_1_CTCACTGTCCTAGCTC-1,Multiplet
c1_1_CTCAGAAAGAAGGTAG-1,BAL 03
c1_1_CTCAGAAAGCTCAGAG-1,BAL 06
c1_1_CTCAGAAAGGTGATAT-1,BAL 01
c1_1_CTCAGAACAACCAACT-1,BAL 03
c1_1_CTCAGAACAACCTATG-1,Negative
c1_1_CTCAGAACAGCGATTT-1,BAL 02
c1_1_CTCAGAACAGGGCTTC-1,BAL 03
c1_1_CTCAGAACATGCCGCA-1,BAL 03
c1_1_CTCAGAAGTGGATGAC-1,BAL 08
c1_1_CTCAGAAGTGTAACGG-1,BAL 01
c1_1_CTCAGAAGTGTTCCTC-1,BAL 03
c1_1_CTCAGAAGTTGCTCAA-1,BAL 07
c1_1_CTCAGAATCTCAGGCG-1,BAL 07
c1_1_CTCAGGGAGACCAGCA-1,BAL 03
c1_1_CTCAGGGAGATTGAGT-1,BAL 08
c1_1_CTCAGGGAGCAGCCTC-1,BAL 04
c1_1_CTCAGGGAGTCATGAA-1,Multiplet
c1_1_CTCAGGGCAACATACC-1,BAL 05
c1_1_CTCAGGGCAGCTCGGT-1,BAL 01
c1_1_CTCAGGGGTACGATCT-1,BAL 04
c1_1_CTCAGGGGTGCCTATA-1,BAL 04
c1_1_CTCAGGGGTGCTGTCG-1,BAL 04
c1_1_CTCAGGGTCACAGTGT-1,BAL 07
c1_1_CTCAGGGTCATATGGC-1,BAL 07
c1_1_CTCAGGGTCGTTCCTG-1,BAL 04
c1_1_CTCAGGGTCTGGGCGT-1,BAL 01
c1_1_CTCAGTCAGTCATACC-1,BAL 07
c1_1_CTCAGTCCACGAGGAT-1,BAL 03
c1_1_CTCAGTCCAGCGGATA-1,BAL 06
c1_1_CTCAGTCGTAGCTTAC-1,BAL 02
c1_1_CTCAGTCGTTAACCTG-1,BAL 01
c1_1_CTCAGTCGTTGAGTCT-1,BAL 04
c1_1_CTCAGTCTCTGCAGCG-1,BAL 03
c1_1_CTCATCGAGAAACCAT-1,BAL 08
c1_1_CTCATCGAGATGCGAC-1,Multiplet
c1_1_CTCATCGAGCCTAGGA-1,BAL 08
c1_1_CTCATCGAGGTAAGTT-1,BAL 03
c1_1_CTCATCGAGTGGTTCT-1,BAL 01
c1_1_CTCATCGAGTGTTGTC-1,BAL 06
c1_1_CTCATCGCAAATCAAG-1,Multiplet
c1_1_CTCATCGCAAGAGAGA-1,BAL 01
c1_1_CTCATCGCAGAGTCTT-1,BAL 01
c1_1_CTCATCGCATCATTGG-1,BAL 04
c1_1_CTCATCGCATTCAGGT-1,BAL 02
c1_1_CTCATCGGTTCGGGTC-1,BAL 05
c1_1_CTCATGCAGATTTGCC-1,Multiplet
c1_1_CTCATGCAGGAAAGGT-1,BAL 05
c1_1_CTCATGCAGTAAGGGA-1,BAL 04
c1_1_CTCATGCAGTATGAGT-1,BAL 05
c1_1_CTCATGCAGTGTCATC-1,Multiplet
c1_1_CTCATGCCAACAAGTA-1,Multiplet
c1_1_CTCATGCCAACAGCTT-1,BAL 01
c1_1_CTCATGCGTCACCTTC-1,BAL 03
c1_1_CTCATGCGTGATTCAC-1,BAL 07
c1_1_CTCATGCGTTTGGGTT-1,Multiplet
c1_1_CTCATGCTCATAGAGA-1,Negative
c1_1_CTCATGCTCCCTCTTT-1,BAL 02
c1_1_CTCATGCTCGCCTTGT-1,BAL 06
c1_1_CTCATGCTCTCAACGA-1,BAL 08
c1_1_CTCATTAAGAAACCAT-1,BAL 02
c1_1_CTCATTAAGAGCATCG-1,BAL 02
c1_1_CTCATTAAGATTGAGT-1,Multiplet
c1_1_CTCATTAAGCACCTGC-1,BAL 02
c1_1_CTCATTAAGGTGGGTT-1,BAL 03
c1_1_CTCATTAAGTAGTCTC-1,BAL 07
c1_1_CTCATTACAAGAGTGC-1,BAL 04
c1_1_CTCATTACAAGGCGTA-1,BAL 02
c1_1_CTCATTACACAACGAG-1,BAL 07
c1_1_CTCATTACAGAGGACT-1,Multiplet
c1_1_CTCATTAGTAACGCGA-1,BAL 04
c1_1_CTCATTAGTCAGACTT-1,BAL 06
c1_1_CTCATTAGTGAAAGTT-1,BAL 03
c1_1_CTCATTAGTGGGCTCT-1,BAL 04
c1_1_CTCATTAGTTAAACCC-1,BAL 03
c1_1_CTCATTAGTTGCATAC-1,BAL 01
c1_1_CTCATTATCGAGTCTA-1,BAL 03
c1_1_CTCATTATCGATAACC-1,BAL 08
c1_1_CTCATTATCTCAGGCG-1,BAL 07
c1_1_CTCATTATCTTTCAGT-1,BAL 02
c1_1_CTCCAACAGGGATGTC-1,Multiplet
c1_1_CTCCAACAGGTAAGTT-1,BAL 04
c1_1_CTCCAACAGTGCGTCC-1,BAL 02
c1_1_CTCCAACAGTGTCATC-1,BAL 01
c1_1_CTCCAACAGTTTCGAC-1,BAL 05
c1_1_CTCCAACGTAGCGATG-1,BAL 04
c1_1_CTCCAACGTCCGGTGT-1,BAL 05
c1_1_CTCCAACGTCTATGAC-1,Multiplet
c1_1_CTCCAACTCAAAGACA-1,BAL 05
c1_1_CTCCAACTCGAACTCA-1,BAL 02
c1_1_CTCCAACTCTCAAAGC-1,BAL 01
c1_1_CTCCACAAGAGGCTGT-1,Negative
c1_1_CTCCACAAGCCTTCTC-1,BAL 03
c1_1_CTCCACAAGGGAGGCA-1,BAL 03
c1_1_CTCCACAAGGTCCCTG-1,BAL 07
c1_1_CTCCACAAGTGGAATT-1,Multiplet
c1_1_CTCCACACAAAGAACT-1,BAL 02
c1_1_CTCCACACAACTAGAA-1,BAL 01
c1_1_CTCCACACATCGGCCA-1,BAL 05
c1_1_CTCCACATCCCGAGGT-1,BAL 07
c1_1_CTCCATGAGTGATAAC-1,BAL 06
c1_1_CTCCATGCAGCGTACC-1,BAL 06
c1_1_CTCCATGCAGGCTTGC-1,BAL 07
c1_1_CTCCATGCAGGGTCTC-1,Multiplet
c1_1_CTCCATGCATCCAACA-1,BAL 04
c1_1_CTCCATGGTTACCCAA-1,BAL 04
c1_1_CTCCATGGTTCAAGTC-1,BAL 08
c1_1_CTCCATGGTTCCGTTC-1,BAL 07
c1_1_CTCCATGTCGGCTCTT-1,BAL 08
c1_1_CTCCCAACAAAGGATT-1,BAL 07
c1_1_CTCCCAACAGAGTAAT-1,BAL 01
c1_1_CTCCCAACATCGGCCA-1,BAL 05
c1_1_CTCCCAAGTATTCCTT-1,BAL 07
c1_1_CTCCCAAGTGGTTCTA-1,BAL 07
c1_1_CTCCCAAGTTGCGGCT-1,BAL 01
c1_1_CTCCCAAGTTGTACGT-1,Multiplet
c1_1_CTCCCTCAGAGAGCCT-1,BAL 01
c1_1_CTCCCTCAGAGTTGTA-1,BAL 05
c1_1_CTCCCTCAGCGGACAT-1,BAL 05
c1_1_CTCCCTCAGGAGTATT-1,BAL 01
c1_1_CTCCCTCAGGGAGAAT-1,BAL 07
c1_1_CTCCCTCAGGTCCAGA-1,Multiplet
c1_1_CTCCCTCCATACCGTA-1,BAL 04
c1_1_CTCCCTCCATCCCGTT-1,BAL 01
c1_1_CTCCCTCGTAATCAGA-1,BAL 08
c1_1_CTCCCTCGTAGAGATT-1,Multiplet
c1_1_CTCCCTCGTCGCTTGG-1,BAL 06
c1_1_CTCCCTCGTGACTCGC-1,Multiplet
c1_1_CTCCCTCGTGTTCATG-1,BAL 07
c1_1_CTCCCTCGTTACCTGA-1,BAL 08
c1_1_CTCCCTCTCCAGCAAT-1,BAL 03
c1_1_CTCCCTCTCTGCCTGT-1,BAL 02
c1_1_CTCCCTCTCTTCTGTA-1,BAL 06
c1_1_CTCCGATAGAAATTCG-1,BAL 01
c1_1_CTCCGATAGTTGCCTA-1,BAL 06
c1_1_CTCCGATCAATAACCC-1,BAL 05
c1_1_CTCCGATCACCAGGTC-1,BAL 02
c1_1_CTCCGATCATTAGGCT-1,BAL 08
c1_1_CTCCGATGTATAGCTC-1,BAL 07
c1_1_CTCCGATGTTCCAAAC-1,BAL 08
c1_1_CTCCGATTCACAGTGT-1,BAL 08
c1_1_CTCCGATTCATGCATG-1,BAL 05
c1_1_CTCCGATTCCCGTGTT-1,BAL 03
c1_1_CTCCGATTCCGGTAGC-1,BAL 01
c1_1_CTCCTCCAGACCATAA-1,Multiplet
c1_1_CTCCTCCAGCAGTAAT-1,BAL 06
c1_1_CTCCTCCAGGTGCCAA-1,BAL 04
c1_1_CTCCTCCCACGCGTGT-1,Multiplet
c1_1_CTCCTCCCACTGAGTT-1,BAL 06
c1_1_CTCCTCCCAGCCCACA-1,BAL 02
c1_1_CTCCTCCCATCGCCTT-1,BAL 04
c1_1_CTCCTCCCATTCACCC-1,BAL 05
c1_1_CTCCTCCCATTGACTG-1,BAL 02
c1_1_CTCCTCCGTACGCTAT-1,BAL 02
c1_1_CTCCTCCGTACGTGAG-1,Multiplet
c1_1_CTCCTCCGTCAGTCCG-1,Multiplet
c1_1_CTCCTCCGTCTACTGA-1,Multiplet
c1_1_CTCCTCCGTGAATTAG-1,BAL 03
c1_1_CTCCTCCTCCTATGGA-1,BAL 02
c1_1_CTCCTCCTCGACGTCG-1,BAL 02
c1_1_CTCCTTTAGACTGAGC-1,BAL 04
c1_1_CTCCTTTAGCGCCTTG-1,BAL 03
c1_1_CTCCTTTAGGAACGAA-1,BAL 03
c1_1_CTCCTTTAGTCACGCC-1,BAL 05
c1_1_CTCCTTTCAAATTAGG-1,BAL 05
c1_1_CTCCTTTCAGGGAGAG-1,BAL 03
c1_1_CTCCTTTCATACCATG-1,BAL 08
c1_1_CTCCTTTCATTGACTG-1,BAL 05
c1_1_CTCCTTTGTGACACAG-1,BAL 03
c1_1_CTCCTTTGTTCTAAGC-1,BAL 05
c1_1_CTCCTTTTCTTCCAGC-1,BAL 08
c1_1_CTCGAGGAGCCACTCG-1,Multiplet
c1_1_CTCGAGGCAACGCATT-1,BAL 03
c1_1_CTCGAGGCACTTGAAC-1,BAL 07
c1_1_CTCGAGGCAGAGCTAG-1,Multiplet
c1_1_CTCGAGGCATGACGGA-1,BAL 03
c1_1_CTCGAGGGTAGATTAG-1,BAL 07
c1_1_CTCGAGGGTCGTAATC-1,Multiplet
c1_1_CTCGAGGTCACTTGGA-1,BAL 04
c1_1_CTCGAGGTCCACCTCA-1,Multiplet
c1_1_CTCGAGGTCTTGGATG-1,BAL 06
c1_1_CTCTCAGAGCCATTCA-1,BAL 07
c1_1_CTCTCAGAGGAGATAG-1,BAL 03
c1_1_CTCTCAGCAACGGTAG-1,BAL 02
c1_1_CTCTCAGCAAGCGATG-1,Multiplet
c1_1_CTCTCAGCAAGCTGCC-1,BAL 03
c1_1_CTCTCAGGTATTTCGG-1,BAL 04
c1_1_CTCTCAGGTCTAATCG-1,BAL 07
c1_1_CTCTCAGTCAGGAAAT-1,BAL 03
c1_1_CTCTCAGTCCTCACTG-1,Multiplet
c1_1_CTCTCAGTCTGGTCAA-1,BAL 02
c1_1_CTCTCGACAGTCCCGA-1,BAL 06
c1_1_CTCTCGAGTCAATGGG-1,BAL 03
c1_1_CTCTCGAGTCCCTCAT-1,Multiplet
c1_1_CTCTCGAGTCTACGAT-1,BAL 06
c1_1_CTCTCGAGTGTTTGCA-1,BAL 01
c1_1_CTCTCGAGTTATGGTC-1,BAL 05
c1_1_CTCTCGATCACAGAGG-1,Multiplet
c1_1_CTCTCGATCAGACCCG-1,BAL 03
c1_1_CTCTCGATCCTGGCTT-1,Multiplet
c1_1_CTCTCGATCTCCTACG-1,BAL 06
c1_1_CTCTGGTAGCTGACTT-1,BAL 07
c1_1_CTCTGGTAGGTACAAT-1,Multiplet
c1_1_CTCTGGTCACAGTGAG-1,BAL 01
c1_1_CTCTGGTCACATGTTG-1,BAL 05
c1_1_CTCTGGTCAGAAATCA-1,BAL 03
c1_1_CTCTGGTCATTGCTGA-1,BAL 04
c1_1_CTCTGGTGTATACGGG-1,BAL 08
c1_1_CTCTGGTGTCCTTGTC-1,BAL 04
c1_1_CTCTGGTGTCGCACGT-1,BAL 02
c1_1_CTCTGGTGTCTGTAGT-1,BAL 07
c1_1_CTCTGGTTCTGCCTCA-1,BAL 07
c1_1_CTCTGGTTCTGCCTGT-1,BAL 07
c1_1_CTCTGGTTCTTCTAAC-1,BAL 04
c1_1_CTGAATGAGACTGGGT-1,BAL 06
c1_1_CTGAATGAGGTTATAG-1,BAL 03
c1_1_CTGAATGAGTACAGAT-1,Multiplet
c1_1_CTGAATGAGTTGGAGC-1,BAL 03
c1_1_CTGAATGCAAATGCTC-1,BAL 05
c1_1_CTGAATGCACAAGGTG-1,Multiplet
c1_1_CTGAATGGTAACTTCG-1,Multiplet
c1_1_CTGAATGGTACAATAG-1,Multiplet
c1_1_CTGAATGGTCTGTCAA-1,BAL 06
c1_1_CTGAATGGTTCGTAAC-1,BAL 05
c1_1_CTGAATGGTTTGCAGT-1,BAL 03
c1_1_CTGAATGTCCATATGG-1,Multiplet
c1_1_CTGAATGTCGCGAAGA-1,BAL 03
c1_1_CTGAATGTCGCTTGCT-1,BAL 04
c1_1_CTGAATGTCGGAATGG-1,BAL 06
c1_1_CTGAGCGAGATAGCTA-1,BAL 08
c1_1_CTGAGCGAGCGCCGTT-1,Multiplet
c1_1_CTGAGCGAGCGTCAGA-1,Multiplet
c1_1_CTGAGCGAGGTAGCCA-1,BAL 05
c1_1_CTGAGCGAGTGCTCAT-1,Multiplet
c1_1_CTGAGCGCAACGAGGT-1,BAL 04
c1_1_CTGAGCGCAGGCAATG-1,BAL 05
c1_1_CTGAGCGCATAAGATG-1,Multiplet
c1_1_CTGAGCGCATATCTGG-1,BAL 03
c1_1_CTGAGCGCATTATGCG-1,BAL 07
c1_1_CTGAGCGGTACAAACA-1,BAL 06
c1_1_CTGAGCGGTTACCTTT-1,BAL 08
c1_1_CTGAGCGTCCCTTCCC-1,BAL 03
c1_1_CTGAGCGTCTCACCCA-1,Multiplet
c1_1_CTGAGCGTCTGTCGCT-1,BAL 02
c1_1_CTGAGGCAGAAGCTCG-1,BAL 03
c1_1_CTGAGGCAGGCTATCT-1,BAL 05
c1_1_CTGAGGCCAAACTCTG-1,BAL 03
c1_1_CTGAGGCCAATCCTAG-1,BAL 01
c1_1_CTGAGGCCACTTCAAG-1,BAL 01
c1_1_CTGAGGCCATACTGTG-1,BAL 06
c1_1_CTGAGGCGTAAGTTAG-1,BAL 01
c1_1_CTGAGGCGTACAGTCT-1,BAL 04
c1_1_CTGAGGCGTCGAAGCA-1,BAL 06
c1_1_CTGAGGCGTCTGTCAA-1,BAL 02
c1_1_CTGAGGCGTTATTCTC-1,BAL 04
c1_1_CTGAGGCTCACGGGCT-1,BAL 01
c1_1_CTGAGGCTCCATCTAT-1,BAL 08
c1_1_CTGAGGCTCGCCCAGA-1,Multiplet
c1_1_CTGATCCAGCACCTGC-1,BAL 03
c1_1_CTGATCCAGCCGATTT-1,BAL 04
c1_1_CTGATCCAGGCGAACT-1,BAL 04
c1_1_CTGATCCAGTATTCCG-1,BAL 03
c1_1_CTGATCCAGTTGAATG-1,BAL 05
c1_1_CTGATCCCAACAACAA-1,BAL 07
c1_1_CTGATCCCAAGAGGCT-1,BAL 01
c1_1_CTGATCCCAAGTGGAC-1,BAL 07
c1_1_CTGATCCCAGAGATGC-1,Multiplet
c1_1_CTGATCCGTTCGAACT-1,Multiplet
c1_1_CTGATCCTCGATTTCT-1,BAL 02
c1_1_CTGATCCTCGCGCCAA-1,Multiplet
c1_1_CTGATCCTCGGAAGGT-1,BAL 08
c1_1_CTGATCCTCGTAACCA-1,BAL 07
c1_1_CTGCAGGCAATAGGAT-1,BAL 02
c1_1_CTGCAGGCAGCTACTA-1,BAL 08
c1_1_CTGCAGGGTAGATGTA-1,BAL 01
c1_1_CTGCAGGGTCCCTAAA-1,BAL 05
c1_1_CTGCAGGGTCGCATCG-1,BAL 08
c1_1_CTGCAGGGTCTACAGT-1,BAL 05
c1_1_CTGCAGGGTCTTCTAT-1,BAL 06
c1_1_CTGCAGGGTGTCCACG-1,Multiplet
c1_1_CTGCAGGGTTCGAACT-1,BAL 08
c1_1_CTGCATCAGTAGGATT-1,BAL 04
c1_1_CTGCATCAGTCTTCGA-1,BAL 08
c1_1_CTGCATCCAAAGCGTG-1,BAL 07
c1_1_CTGCATCCAAATGGCG-1,BAL 06
c1_1_CTGCATCGTAGCTCGC-1,BAL 07
c1_1_CTGCATCGTGCCCACA-1,BAL 02
c1_1_CTGCATCTCCGCATAA-1,BAL 02
c1_1_CTGCATCTCCGTCAAA-1,BAL 02
c1_1_CTGCATCTCTCCGAAA-1,BAL 03
c1_1_CTGCATCTCTCTCGAC-1,BAL 06
c1_1_CTGCATCTCTCTTCAA-1,BAL 05
c1_1_CTGCCATAGAAGCTGC-1,BAL 04
c1_1_CTGCCATAGATAACGT-1,BAL 02
c1_1_CTGCCATAGCAGTCTT-1,BAL 08
c1_1_CTGCCATAGCCTGTGC-1,BAL 07
c1_1_CTGCCATAGTGGTTAA-1,BAL 05
c1_1_CTGCCATCACACACTA-1,Multiplet
c1_1_CTGCCATCATCCTAAG-1,BAL 03
c1_1_CTGCCATCATGAAGGC-1,BAL 02
c1_1_CTGCCATGTATGAAGT-1,BAL 05
c1_1_CTGCCATGTCATCCCT-1,Multiplet
c1_1_CTGCCATGTTTACCAG-1,BAL 08
c1_1_CTGCCATTCATCTACT-1,BAL 05
c1_1_CTGCCATTCGTTCAGA-1,BAL 03
c1_1_CTGCCATTCTGAATCG-1,BAL 08
c1_1_CTGCCATTCTTTGCTA-1,BAL 08
c1_1_CTGCCTAAGACGTCGA-1,BAL 04
c1_1_CTGCCTAAGAGTCGAC-1,Multiplet
c1_1_CTGCCTAAGCTCCACG-1,BAL 02
c1_1_CTGCCTAAGGGAGGGT-1,BAL 08
c1_1_CTGCCTACACCAGCCA-1,BAL 04
c1_1_CTGCCTACATTGACCA-1,BAL 06
c1_1_CTGCCTAGTATCTCTT-1,BAL 04
c1_1_CTGCCTAGTTATAGCC-1,BAL 08
c1_1_CTGCCTAGTTGCGGAA-1,BAL 07
c1_1_CTGCCTATCAGCTGAT-1,BAL 05
c1_1_CTGCCTATCATTCCTA-1,BAL 05
c1_1_CTGCCTATCCCGAGGT-1,BAL 03
c1_1_CTGCCTATCCCTTCCC-1,BAL 08
c1_1_CTGCCTATCGGTATGT-1,BAL 06
c1_1_CTGCGAGAGCAGTCTT-1,BAL 02
c1_1_CTGCGAGAGCCATTCA-1,Multiplet
c1_1_CTGCGAGAGGTAAGGA-1,BAL 05
c1_1_CTGCGAGAGGTCCCTG-1,BAL 05
c1_1_CTGCGAGAGGTGTGAC-1,BAL 05
c1_1_CTGCGAGAGTCCTGTA-1,BAL 07
c1_1_CTGCGAGCAAACTCGT-1,BAL 02
c1_1_CTGCGAGGTAGTTCCA-1,BAL 05
c1_1_CTGCGAGGTCAGTCTA-1,BAL 05
c1_1_CTGCGAGGTCGTATTG-1,BAL 07
c1_1_CTGCGAGGTCTACAAC-1,BAL 04
c1_1_CTGCGAGGTCTCAAGT-1,BAL 03
c1_1_CTGCGAGGTGGCAACA-1,BAL 06
c1_1_CTGCGAGGTTTACTTC-1,BAL 08
c1_1_CTGCGAGTCAAGCGTT-1,BAL 06
c1_1_CTGCGAGTCCATCACC-1,Multiplet
c1_1_CTGCTCAAGGAATTAC-1,Multiplet
c1_1_CTGCTCAAGGCTTCCG-1,BAL 07
c1_1_CTGCTCAAGTCTGGTT-1,BAL 02
c1_1_CTGCTCACACACGGTC-1,BAL 06
c1_1_CTGCTCACACTCACTC-1,Multiplet
c1_1_CTGCTCACACTGGAAG-1,Multiplet
c1_1_CTGCTCACATCGCTAA-1,BAL 02
c1_1_CTGCTCATCCGTGTAA-1,Multiplet
c1_1_CTGGACGAGATTTGCC-1,BAL 04
c1_1_CTGGACGAGGAGCTGT-1,BAL 05
c1_1_CTGGACGAGTTGTCGT-1,BAL 04
c1_1_CTGGACGGTCTACGTA-1,BAL 03
c1_1_CTGGACGGTGAGAACC-1,BAL 01
c1_1_CTGGACGTCAGCTTGA-1,BAL 02
c1_1_CTGGACGTCAGGTAAA-1,BAL 07
c1_1_CTGGACGTCCTGCCAT-1,BAL 05
c1_1_CTGGACGTCTGACAGT-1,Multiplet
c1_1_CTGGACGTCTTAGCTT-1,BAL 05
c1_1_CTGGCAGAGCACCTGC-1,BAL 04
c1_1_CTGGCAGAGTGTTGAA-1,BAL 05
c1_1_CTGGCAGCATTATGCG-1,BAL 02
c1_1_CTGGCAGGTACATTGC-1,BAL 02
c1_1_CTGGCAGGTATCGTAC-1,Multiplet
c1_1_CTGGCAGGTCAAACGG-1,BAL 04
c1_1_CTGGCAGGTTAGGAGC-1,BAL 08
c1_1_CTGGCAGGTTGCATCA-1,BAL 07
c1_1_CTGGCAGGTTGTTGCA-1,BAL 05
c1_1_CTGGCAGGTTTACGTG-1,BAL 03
c1_1_CTGGCAGGTTTGTGGT-1,BAL 05
c1_1_CTGGCAGTCACAAGGG-1,Multiplet
c1_1_CTGGCAGTCCTCACGT-1,BAL 02
c1_1_CTGGCAGTCGACGAGA-1,BAL 06
c1_1_CTGGCAGTCTGTAACG-1,BAL 07
c1_1_CTGGTCTAGCCTCATA-1,BAL 02
c1_1_CTGGTCTAGCTCGGCT-1,BAL 05
c1_1_CTGGTCTAGGCTGTAG-1,BAL 05
c1_1_CTGGTCTAGTCCTGCG-1,BAL 03
c1_1_CTGGTCTCAACTCGTA-1,Multiplet
c1_1_CTGGTCTCAGCATCTA-1,BAL 05
c1_1_CTGGTCTGTCACCGCA-1,Multiplet
c1_1_CTGGTCTGTCAGACGA-1,BAL 07
c1_1_CTGGTCTGTCTCACGG-1,BAL 02
c1_1_CTGGTCTGTGAATGTA-1,BAL 06
c1_1_CTGGTCTGTGTCCGGT-1,Multiplet
c1_1_CTGGTCTGTTCGAACT-1,BAL 02
c1_1_CTGGTCTTCATTACCT-1,BAL 02
c1_1_CTGGTCTTCCGTGTCT-1,BAL 05
c1_1_CTGGTCTTCTTCGGAA-1,BAL 03
c1_1_CTGTACCCACTACGGC-1,BAL 04
c1_1_CTGTACCCATATGGCT-1,BAL 05
c1_1_CTGTACCGTCCAAAGG-1,BAL 05
c1_1_CTGTACCGTCCTCAGG-1,Multiplet
c1_1_CTGTACCGTCGAAACG-1,BAL 08
c1_1_CTGTACCGTCGAGCTC-1,BAL 03
c1_1_CTGTACCGTGGCCACT-1,BAL 04
c1_1_CTGTACCTCCATTGTT-1,Multiplet
c1_1_CTGTACCTCCCAAGCG-1,BAL 05
c1_1_CTGTACCTCTAATTCC-1,BAL 02
c1_1_CTGTACCTCTCGACCT-1,Multiplet
c1_1_CTGTACCTCTGCCTCA-1,BAL 03
c1_1_CTGTAGACAAACGGCA-1,BAL 06
c1_1_CTGTAGAGTCCCGCAA-1,BAL 02
c1_1_CTGTAGAGTGAGTTGG-1,BAL 01
c1_1_CTGTAGAGTTAAGGGC-1,BAL 03
c1_1_CTGTAGAGTTCTTCAT-1,BAL 07
c1_1_CTGTATTAGCAACAAT-1,BAL 08
c1_1_CTGTATTAGGATACAT-1,BAL 03
c1_1_CTGTATTAGGCTTAAA-1,BAL 07
c1_1_CTGTATTAGTAGGGTC-1,BAL 07
c1_1_CTGTATTCACTGTCGG-1,Multiplet
c1_1_CTGTATTCATGTCGTA-1,BAL 02
c1_1_CTGTATTGTCCGTTTC-1,Multiplet
c1_1_CTGTATTGTTCTGAGT-1,Multiplet
c1_1_CTGTATTGTTTGTGGT-1,BAL 02
c1_1_CTGTATTTCACCTTGC-1,BAL 07
c1_1_CTGTATTTCAGATTGC-1,BAL 05
c1_1_CTGTATTTCGGTAGGA-1,BAL 08
c1_1_CTGTCGTAGCATGCAG-1,BAL 05
c1_1_CTGTCGTAGCTGTTAC-1,Multiplet
c1_1_CTGTCGTAGGAGCTGT-1,BAL 03
c1_1_CTGTCGTAGTCTACCA-1,Negative
c1_1_CTGTCGTAGTTGAATG-1,BAL 04
c1_1_CTGTCGTCAACTAGAA-1,BAL 04
c1_1_CTGTCGTCAAGTAGTA-1,BAL 01
c1_1_CTGTCGTCATACTGTG-1,BAL 06
c1_1_CTGTCGTCATCATCTT-1,BAL 02
c1_1_CTGTCGTGTGATACTC-1,BAL 05
c1_1_CTGTCGTGTGTGGTCC-1,BAL 07
c1_1_CTGTCGTGTTGCGAAG-1,BAL 06
c1_1_CTGTCGTTCACCCTGT-1,BAL 08
c1_1_CTGTCGTTCACTCACC-1,BAL 06
c1_1_CTGTCGTTCGAGGCAA-1,BAL 07
c1_1_CTGTGAAAGCTAAATG-1,BAL 05
c1_1_CTGTGAAAGGATCATA-1,BAL 06
c1_1_CTGTGAAAGGCAGTCA-1,BAL 08
c1_1_CTGTGAAAGGGTGAGG-1,Multiplet
c1_1_CTGTGAAAGTACTGGG-1,BAL 06
c1_1_CTGTGAAAGTATGAAC-1,BAL 08
c1_1_CTGTGAACAAACAGGC-1,BAL 05
c1_1_CTGTGAACAAGTGGGT-1,Multiplet
c1_1_CTGTGAACACGTAGTT-1,BAL 01
c1_1_CTGTGAACAGTTTCAG-1,BAL 08
c1_1_CTGTGAACATACCACA-1,BAL 07
c1_1_CTGTGAACATCGGATT-1,Multiplet
c1_1_CTGTGAACATGACTAC-1,BAL 03
c1_1_CTGTGAAGTATGAAGT-1,Multiplet
c1_1_CTGTGAAGTCATCAGT-1,BAL 03
c1_1_CTGTGAAGTCGTAATC-1,BAL 05
c1_1_CTGTGAAGTGGTAATA-1,BAL 06
c1_1_CTGTGAAGTTCCACAA-1,BAL 02
c1_1_CTGTGAAGTTGGTAGG-1,BAL 08
c1_1_CTGTGAATCATAGAGA-1,BAL 01
c1_1_CTGTGAATCATTTGCT-1,BAL 05
c1_1_CTGTGAATCCTTTGAT-1,BAL 04
c1_1_CTGTGAATCTCAACCC-1,BAL 03
c1_1_CTGTGAATCTTAATCC-1,BAL 03
c1_1_CTGTGGGAGCATATGA-1,BAL 08
c1_1_CTGTGGGCAAGCACAG-1,BAL 06
c1_1_CTGTGGGCAAGTGGCA-1,BAL 04
c1_1_CTGTGGGCACAAACGG-1,Multiplet
c1_1_CTGTGGGCACCCTGAG-1,BAL 03
c1_1_CTGTGGGCACTTGACA-1,BAL 04
c1_1_CTGTGGGCAGTTGTTG-1,BAL 07
c1_1_CTGTGGGGTAAGCTCT-1,BAL 05
c1_1_CTGTGGGGTACGTTCA-1,Multiplet
c1_1_CTGTGGGGTGTGTTTG-1,BAL 03
c1_1_CTGTGGGTCACGTAGT-1,Multiplet
c1_1_CTGTGGGTCCGGCAGT-1,BAL 03
c1_1_CTGTGGGTCGCCTTGT-1,BAL 02
c1_1_CTGTGGGTCTCTTCAA-1,BAL 02
c1_1_CTTACCGAGCACCCAC-1,BAL 02
c1_1_CTTACCGAGGAAAGTG-1,BAL 05
c1_1_CTTACCGAGGTGCTTT-1,BAL 06
c1_1_CTTACCGAGTCATACC-1,Multiplet
c1_1_CTTACCGCAATTCACG-1,BAL 02
c1_1_CTTACCGCACGATTCA-1,BAL 04
c1_1_CTTACCGCAGGAGACT-1,BAL 05
c1_1_CTTACCGCAGTGGGTA-1,Multiplet
c1_1_CTTACCGCATGTTACG-1,Multiplet
c1_1_CTTACCGCATTCTGTT-1,Multiplet
c1_1_CTTACCGGTCACTGAT-1,BAL 04
c1_1_CTTACCGGTCCCAAAT-1,BAL 02
c1_1_CTTACCGGTTACGGAG-1,BAL 05
c1_1_CTTACCGTCAAGGACG-1,BAL 08
c1_1_CTTACCGTCCGAGATT-1,BAL 05
c1_1_CTTACCGTCGCCTAGG-1,Multiplet
c1_1_CTTACCGTCTATCGTT-1,Multiplet
c1_1_CTTAGGAAGACATAAC-1,BAL 08
c1_1_CTTAGGAAGAGCAACC-1,BAL 01
c1_1_CTTAGGAAGCCGTCGT-1,BAL 02
c1_1_CTTAGGAAGCGACATG-1,BAL 05
c1_1_CTTAGGAAGCGATCGA-1,BAL 08
c1_1_CTTAGGAAGGGCAGTT-1,BAL 07
c1_1_CTTAGGAAGTAGAATC-1,BAL 05
c1_1_CTTAGGAAGTCCCAAT-1,BAL 02
c1_1_CTTAGGACAATCCTAG-1,BAL 04
c1_1_CTTAGGACACCGGTCA-1,Negative
c1_1_CTTAGGACACTAAACC-1,BAL 05
c1_1_CTTAGGACAGTCAGTT-1,BAL 05
c1_1_CTTAGGACATCCGTGG-1,BAL 03
c1_1_CTTAGGAGTATATGGA-1,BAL 08
c1_1_CTTAGGAGTTCCGCGA-1,BAL 04
c1_1_CTTAGGAGTTGAAGTA-1,Multiplet
c1_1_CTTAGGAGTTGCCAAT-1,BAL 05
c1_1_CTTAGGATCAACCTCC-1,BAL 05
c1_1_CTTAGGATCCTAGCCT-1,BAL 08
c1_1_CTTCAATAGAAGCTGC-1,BAL 03
c1_1_CTTCAATAGCCTCTCT-1,BAL 08
c1_1_CTTCAATAGCCTTTCC-1,BAL 07
c1_1_CTTCAATAGCGTTGTT-1,BAL 08
c1_1_CTTCAATAGGAACGCT-1,BAL 03
c1_1_CTTCAATAGGATTTAG-1,BAL 03
c1_1_CTTCAATAGGTTGCCC-1,BAL 04
c1_1_CTTCAATAGTGCAGGT-1,BAL 02
c1_1_CTTCAATCACTAGGCC-1,BAL 07
c1_1_CTTCAATCAGTAACGG-1,BAL 08
c1_1_CTTCAATTCACGGACC-1,Multiplet
c1_1_CTTCAATTCGGTGTTA-1,Negative
c1_1_CTTCCGAAGACTTAAG-1,BAL 02
c1_1_CTTCCGAAGCCAAGCA-1,BAL 02
c1_1_CTTCCGAAGCCATTGT-1,Multiplet
c1_1_CTTCCGAAGTGAGGCT-1,BAL 07
c1_1_CTTCCGACAAGTGATA-1,BAL 03
c1_1_CTTCCGACACAGTACT-1,BAL 08
c1_1_CTTCCGACAGAATGTA-1,BAL 08
c1_1_CTTCCGACAGCTACTA-1,BAL 04
c1_1_CTTCCGACATGTGACT-1,BAL 02
c1_1_CTTCCGAGTCGACTTA-1,BAL 04
c1_1_CTTCCGAGTCTGTGGC-1,BAL 06
c1_1_CTTCCGATCAGTCATG-1,BAL 04
c1_1_CTTCCGATCATTGCCC-1,Multiplet
c1_1_CTTCCGATCCCGGTAG-1,BAL 02
c1_1_CTTCCGATCCCTATTA-1,BAL 02
c1_1_CTTCCGATCCTACGGG-1,BAL 01
c1_1_CTTCCGATCGTAGAGG-1,BAL 06
c1_1_CTTCCGATCTGTCGCT-1,BAL 01
c1_1_CTTCCGATCTTTGATC-1,BAL 08
c1_1_CTTCCTTAGAGCATTA-1,BAL 04
c1_1_CTTCCTTCACCTGCTT-1,BAL 08
c1_1_CTTCCTTCACGCTATA-1,BAL 02
c1_1_CTTCCTTGTATGAGAT-1,BAL 06
c1_1_CTTCCTTGTGAATTAG-1,BAL 04
c1_1_CTTCCTTGTGGTCCGT-1,BAL 01
c1_1_CTTCCTTTCCACTTCG-1,BAL 06
c1_1_CTTCCTTTCTTAGCCC-1,BAL 03
c1_1_CTTCGGTAGAAGTCCG-1,BAL 06
c1_1_CTTCGGTAGAGTTGTA-1,BAL 03
c1_1_CTTCGGTAGATCCAAA-1,BAL 04
c1_1_CTTCGGTAGCCATCCG-1,BAL 08
c1_1_CTTCGGTAGGAACATT-1,BAL 03
c1_1_CTTCGGTAGGAGAATG-1,BAL 03
c1_1_CTTCGGTAGGCATGGT-1,BAL 04
c1_1_CTTCGGTAGGGTAATT-1,BAL 08
c1_1_CTTCGGTCAAATCAAG-1,BAL 02
c1_1_CTTCGGTCAAATCGGG-1,BAL 01
c1_1_CTTCGGTGTACTCCGG-1,BAL 08
c1_1_CTTCGGTGTGATACTC-1,Multiplet
c1_1_CTTCGGTGTTGCTGAT-1,BAL 05
c1_1_CTTCGGTGTTTGACAC-1,BAL 03
c1_1_CTTCGGTTCCGCTAGG-1,BAL 03
c1_1_CTTCTAAAGATGAACT-1,BAL 01
c1_1_CTTCTAAAGTCCTACA-1,BAL 04
c1_1_CTTCTAAAGTTGTCGT-1,BAL 05
c1_1_CTTCTAACAACGGGTA-1,BAL 05
c1_1_CTTCTAACAGGCACTC-1,BAL 02
c1_1_CTTCTAACATAAGCAA-1,BAL 01
c1_1_CTTCTAAGTATAGGGC-1,BAL 01
c1_1_CTTCTAAGTCAACACT-1,BAL 03
c1_1_CTTCTAAGTGCCCTTT-1,BAL 03
c1_1_CTTCTAAGTGTAAACA-1,BAL 07
c1_1_CTTCTAAGTTGCCGCA-1,BAL 07
c1_1_CTTCTAATCAACCTCC-1,Multiplet
c1_1_CTTCTAATCGGACTGC-1,BAL 03
c1_1_CTTCTAATCTGAGATC-1,BAL 08
c1_1_CTTCTCTCAGGATCTT-1,BAL 06
c1_1_CTTCTCTCATCCAATG-1,Multiplet
c1_1_CTTCTCTGTACTAACC-1,BAL 05
c1_1_CTTCTCTGTATGGGAC-1,BAL 05
c1_1_CTTCTCTGTGAAAGTT-1,Multiplet
c1_1_CTTCTCTGTGGCCCAT-1,BAL 06
c1_1_CTTCTCTTCATTTGCT-1,BAL 02
c1_1_CTTGAGACAAATGGTA-1,Multiplet
c1_1_CTTGAGACACGGGCTT-1,BAL 05
c1_1_CTTGAGACACTGGCCA-1,BAL 07
c1_1_CTTGAGATCATCAGTG-1,BAL 03
c1_1_CTTGAGATCCGGACTG-1,BAL 05
c1_1_CTTGATTAGCTGTGCC-1,BAL 02
c1_1_CTTGATTAGGTCGTGA-1,BAL 04
c1_1_CTTGATTAGTGCCTCG-1,BAL 07
c1_1_CTTGATTCACCTCTGT-1,BAL 03
c1_1_CTTGATTCATCATTGG-1,BAL 03
c1_1_CTTGATTGTCTTGGTA-1,BAL 02
c1_1_CTTGATTTCGCAGTTA-1,BAL 03
c1_1_CTTGATTTCTGGACCG-1,Multiplet
c1_1_CTTTCAAAGAACTGAT-1,BAL 03
c1_1_CTTTCAAAGCTCTTCC-1,BAL 01
c1_1_CTTTCAAAGCTGTGCC-1,BAL 07
c1_1_CTTTCAAAGGTATCTC-1,BAL 03
c1_1_CTTTCAAAGTAAAGCT-1,BAL 08
c1_1_CTTTCAAAGTGTACCT-1,BAL 07
c1_1_CTTTCAACAACTTGCA-1,BAL 06
c1_1_CTTTCAACATCCAATG-1,BAL 08
c1_1_CTTTCAACATCCTTGC-1,BAL 04
c1_1_CTTTCAACATGACGTT-1,BAL 03
c1_1_CTTTCAACATTAAAGG-1,BAL 08
c1_1_CTTTCAACATTCTGTT-1,BAL 04
c1_1_CTTTCAAGTGTTACTG-1,BAL 05
c1_1_CTTTCAAGTTGACGGA-1,BAL 05
c1_1_CTTTCAATCCTCCACA-1,BAL 08
c1_1_CTTTCGGAGATAACAC-1,BAL 05
c1_1_CTTTCGGAGGACACTG-1,Multiplet
c1_1_CTTTCGGAGTCGGGAT-1,BAL 03
c1_1_CTTTCGGCAGGAATCG-1,BAL 04
c1_1_CTTTCGGGTCATATGC-1,BAL 07
c1_1_CTTTCGGGTGGTCTCG-1,BAL 05
c1_1_CTTTCGGGTGTTGATC-1,BAL 02
c1_1_CTTTCGGTCAATCTTC-1,BAL 05
c1_1_CTTTCGGTCGCACGGT-1,BAL 03
c1_1_CTTTCGGTCTTGGATG-1,BAL 03
c1_1_GAAACCTCAATCCTTT-1,Multiplet
c1_1_GAAACCTCACACAGAG-1,BAL 05
c1_1_GAAACCTCATATGCGT-1,BAL 03
c1_1_GAAACCTGTCGGCCTA-1,BAL 04
c1_1_GAAACCTGTGCACATT-1,BAL 06
c1_1_GAAACCTGTGTCCCTT-1,BAL 07
c1_1_GAAACCTGTTTCGTAG-1,BAL 01
c1_1_GAAACCTTCACTGCTC-1,BAL 01
c1_1_GAAACCTTCCACTAGA-1,Multiplet
c1_1_GAAACCTTCTCTCCGA-1,BAL 08
c1_1_GAAATGAAGACACACG-1,BAL 02
c1_1_GAAATGAAGCGATGGT-1,BAL 02
c1_1_GAAATGACAGAGCCCT-1,BAL 02
c1_1_GAAATGACATTCACAG-1,BAL 06
c1_1_GAAATGAGTATCAGCT-1,BAL 04
c1_1_GAAATGATCGTAGGGA-1,BAL 04
c1_1_GAACACTAGGTTACCT-1,BAL 07
c1_1_GAACACTAGTAGACAT-1,BAL 02
c1_1_GAACACTAGTCATCGT-1,BAL 02
c1_1_GAACACTCAAGGCGTA-1,Multiplet
c1_1_GAACACTCAATGAGCG-1,BAL 03
c1_1_GAACACTCAGCTGTCG-1,Multiplet
c1_1_GAACACTGTATCGCTA-1,BAL 06
c1_1_GAACACTGTCAACGCC-1,BAL 05
c1_1_GAACACTGTCACTAGT-1,BAL 05
c1_1_GAACACTGTGGGCTTC-1,BAL 03
c1_1_GAACACTGTGTCCTAA-1,BAL 06
c1_1_GAACACTTCAGGTAAA-1,BAL 03
c1_1_GAACACTTCCAACACA-1,BAL 05
c1_1_GAACACTTCCTTATGT-1,BAL 03
c1_1_GAACACTTCGTTCTGC-1,BAL 08
c1_1_GAACGTTCAAACACGG-1,Multiplet
c1_1_GAACGTTCAACACACT-1,BAL 06
c1_1_GAACGTTCACCCAAGC-1,BAL 05
c1_1_GAACGTTCAGCAGGAT-1,BAL 07
c1_1_GAACGTTGTACGTTCA-1,Multiplet
c1_1_GAACGTTGTATCGAAA-1,BAL 05
c1_1_GAACGTTTCCATAAGC-1,BAL 04
c1_1_GAACGTTTCCCATAGA-1,BAL 07
c1_1_GAACGTTTCGGCACTG-1,BAL 02
c1_1_GAACTGTAGATTGACA-1,Multiplet
c1_1_GAACTGTAGTGCTAGG-1,BAL 05
c1_1_GAACTGTGTCCGTACG-1,Multiplet
c1_1_GAACTGTGTGCGTTTA-1,BAL 05
c1_1_GAACTGTTCAAGCCGC-1,BAL 06
c1_1_GAACTGTTCAGATGCT-1,BAL 03
c1_1_GAACTGTTCCTTCTTC-1,BAL 08
c1_1_GAAGAATAGATACCAA-1,BAL 03
c1_1_GAAGAATAGGCATCTT-1,Multiplet
c1_1_GAAGAATAGGCCTAGA-1,Multiplet
c1_1_GAAGAATAGTACCGGA-1,Multiplet
c1_1_GAAGAATCAAAGCTCT-1,BAL 02
c1_1_GAAGAATCAACCCTAA-1,BAL 02
c1_1_GAAGAATCAGAAGTTA-1,BAL 07
c1_1_GAAGAATCATCCGTTC-1,BAL 02
c1_1_GAAGAATCATTGACCA-1,BAL 02
c1_1_GAAGAATGTATAGGGC-1,Multiplet
c1_1_GAAGAATGTCTTCAAG-1,BAL 06
c1_1_GAAGAATGTGCATCTA-1,BAL 08
c1_1_GAAGAATGTGGTTTGT-1,BAL 08
c1_1_GAAGAATGTTTGTTCT-1,BAL 06
c1_1_GAAGAATTCAACTTTC-1,BAL 03
c1_1_GAAGAATTCCACGGGT-1,BAL 07
c1_1_GAAGAATTCCGATCTC-1,Multiplet
c1_1_GAAGAATTCCGTTGAA-1,BAL 07
c1_1_GAAGAATTCGTAGTGT-1,BAL 05
c1_1_GAAGCCCCAACACGTT-1,BAL 01
c1_1_GAAGCCCCAGTTGTTG-1,BAL 08
c1_1_GAAGCCCCATTACTCT-1,BAL 01
c1_1_GAAGCCCGTTTAGAGA-1,BAL 04
c1_1_GAAGCCCTCATTCACT-1,BAL 04
c1_1_GAAGCCCTCCGTGGCA-1,BAL 05
c1_1_GAAGCCCTCCTGCTAC-1,BAL 08
c1_1_GAAGCGAAGCGCCTAC-1,BAL 04
c1_1_GAAGCGAAGTACCGGA-1,BAL 02
c1_1_GAAGCGACAACAAAGT-1,BAL 07
c1_1_GAAGCGACACCGGAAA-1,BAL 06
c1_1_GAAGCGACACGTGAGA-1,BAL 07
c1_1_GAAGCGAGTCCAGTTA-1,BAL 03
c1_1_GAAGCGAGTGATAGAT-1,BAL 05
c1_1_GAAGCGATCGGAGCAA-1,BAL 03
c1_1_GAAGCGATCGGTGTTA-1,BAL 03
c1_1_GAAGCGATCTGCCTGT-1,BAL 05
c1_1_GAAGGACAGACGTCGA-1,BAL 03
c1_1_GAAGGACAGATACATG-1,BAL 05
c1_1_GAAGGACAGATGAATC-1,BAL 05
c1_1_GAAGGACAGGTGCAGT-1,Negative
c1_1_GAAGGACCACTGGCCA-1,BAL 05
c1_1_GAAGGACGTAACATAG-1,Multiplet
c1_1_GAAGGACGTACGTGAG-1,BAL 07
c1_1_GAAGGACGTTCGGACC-1,Multiplet
c1_1_GAAGGACTCAACTCTT-1,BAL 03
c1_1_GAAGGACTCAAGCGTT-1,BAL 03
c1_1_GAAGGGTAGAAGCTGC-1,BAL 07
c1_1_GAAGGGTAGTTCAACC-1,BAL 08
c1_1_GAAGGGTCACTACAGT-1,Multiplet
c1_1_GAAGGGTGTATCTCTT-1,BAL 06
c1_1_GAAGTAAAGACCAACG-1,BAL 01
c1_1_GAAGTAAAGTAGGCCA-1,BAL 02
c1_1_GAAGTAAAGTGCAACG-1,Multiplet
c1_1_GAAGTAACAACTCGTA-1,BAL 03
c1_1_GAAGTAACAAGTGGAC-1,BAL 05
c1_1_GAAGTAACAATCCTAG-1,BAL 04
c1_1_GAAGTAACACAACGCC-1,BAL 04
c1_1_GAAGTAACACACTTAG-1,BAL 08
c1_1_GAAGTAAGTAGAAACT-1,BAL 05
c1_1_GAAGTAAGTCCGACGT-1,BAL 03
c1_1_GAAGTAAGTCCGGACT-1,BAL 06
c1_1_GAAGTAAGTGTCGCTG-1,BAL 02
c1_1_GAAGTAATCAGCCTTC-1,BAL 06
c1_1_GAAGTAATCATGCGGC-1,BAL 02
c1_1_GAAGTAATCCTCAGAA-1,BAL 02
c1_1_GAAGTAATCTGTGCTC-1,BAL 04
c1_1_GAATAGAAGGAGGCAG-1,BAL 03
c1_1_GAATAGAAGGGATCAC-1,BAL 01
c1_1_GAATAGACAGCGCGTT-1,BAL 08
c1_1_GAATAGAGTCAACATC-1,BAL 02
c1_1_GAATAGAGTCATTGCA-1,BAL 07
c1_1_GAATAGAGTCCGAAAG-1,Multiplet
c1_1_GAATAGAGTCTCGGAC-1,BAL 03
c1_1_GAATAGAGTCTGTAAC-1,BAL 05
c1_1_GAATAGAGTGTCCTAA-1,BAL 02
c1_1_GAATAGATCAAGGTGG-1,BAL 02
c1_1_GAATAGATCGGTGTTA-1,BAL 05
c1_1_GAATCACAGAGATGCC-1,BAL 03
c1_1_GAATCACAGCTGGTGA-1,BAL 07
c1_1_GAATCACAGGGTGGGA-1,BAL 04
c1_1_GAATCACAGTTGGGAC-1,Multiplet
c1_1_GAATCACCAAGCTGCC-1,BAL 01
c1_1_GAATCACCACGCCAGT-1,BAL 07
c1_1_GAATCACCATGGCTGC-1,BAL 03
c1_1_GAATCACCATGGGATG-1,BAL 02
c1_1_GAATCACGTTCTCGTC-1,BAL 04
c1_1_GAATCACTCATGCGGC-1,BAL 02
c1_1_GAATCACTCGGATTAC-1,BAL 07
c1_1_GAATCACTCGTCCTCA-1,BAL 08
c1_1_GAATCACTCTCAGGCG-1,Multiplet
c1_1_GAATCGTAGACGGAAA-1,Multiplet
c1_1_GAATCGTAGATGCTTC-1,BAL 03
c1_1_GAATCGTAGATTTGCC-1,BAL 07
c1_1_GAATCGTAGGCAGGTT-1,BAL 08
c1_1_GAATCGTGTCGTGGTC-1,Multiplet
c1_1_GAATCGTGTCTGTGAT-1,BAL 07
c1_1_GAATCGTGTGATGAAT-1,Multiplet
c1_1_GAATCGTGTGGTCAAG-1,BAL 06
c1_1_GAATCGTTCTCTCAAT-1,BAL 01
c1_1_GAATCGTTCTCTGACC-1,BAL 05
c1_1_GACACGCAGACGATAT-1,BAL 02
c1_1_GACACGCAGATTTGCC-1,BAL 07
c1_1_GACACGCAGCTCGCAC-1,BAL 07
c1_1_GACACGCAGGTTGGAC-1,BAL 04
c1_1_GACACGCAGTCACTCA-1,BAL 03
c1_1_GACACGCCAAGTCCAT-1,BAL 05
c1_1_GACACGCCAATCAAGA-1,BAL 02
c1_1_GACACGCCACAATTCG-1,BAL 06
c1_1_GACACGCCACGACGTC-1,BAL 03
c1_1_GACACGCCATGAGGGT-1,Multiplet
c1_1_GACACGCGTGCAGATG-1,BAL 07
c1_1_GACACGCGTGGCACTC-1,BAL 07
c1_1_GACACGCGTTGCCATA-1,BAL 08
c1_1_GACACGCGTTTATGCG-1,Multiplet
c1_1_GACACGCTCCACGTGG-1,BAL 01
c1_1_GACACGCTCCTGCCAT-1,BAL 05
c1_1_GACACGCTCGGACGTC-1,BAL 02
c1_1_GACAGCCAGAGAGCGG-1,BAL 06
c1_1_GACAGCCAGATGCGAC-1,BAL 01
c1_1_GACAGCCAGCGAAACC-1,BAL 08
c1_1_GACAGCCAGCTCGTGC-1,BAL 03
c1_1_GACAGCCAGTGCGACA-1,BAL 03
c1_1_GACAGCCAGTTAGTAG-1,Multiplet
c1_1_GACAGCCCAAACTGCT-1,BAL 03
c1_1_GACAGCCGTCTCACGG-1,Multiplet
c1_1_GACAGCCGTGCCGTTG-1,BAL 03
c1_1_GACAGCCGTTCCGCGA-1,BAL 03
c1_1_GACAGCCTCGAACCAT-1,BAL 07
c1_1_GACAGCCTCTAGACCA-1,BAL 08
c1_1_GACAGCCTCTTTGCTA-1,BAL 03
c1_1_GACATCAAGCAGTACG-1,Multiplet
c1_1_GACATCAAGGATTACA-1,BAL 01
c1_1_GACATCAAGGCTAACG-1,BAL 04
c1_1_GACATCAAGTGAATAC-1,BAL 03
c1_1_GACATCACAAACTCTG-1,BAL 03
c1_1_GACATCACAATCCTAG-1,BAL 08
c1_1_GACATCACAATTGGTC-1,BAL 07
c1_1_GACATCACAGACCCGT-1,BAL 06
c1_1_GACATCAGTACCGTCG-1,BAL 08
c1_1_GACATCATCATCTGTT-1,BAL 07
c1_1_GACATCATCGACACTA-1,BAL 08
c1_1_GACATCATCGTCGGGT-1,BAL 08
c1_1_GACATCATCTACTGAG-1,BAL 05
c1_1_GACCAATAGACATAAC-1,Multiplet
c1_1_GACCAATAGACTCCGC-1,Multiplet
c1_1_GACCAATAGACTTCCA-1,BAL 05
c1_1_GACCAATCAAACTCTG-1,BAL 02
c1_1_GACCAATCAGTCGAGA-1,BAL 01
c1_1_GACCAATGTGCATCTA-1,Multiplet
c1_1_GACCAATGTTGGCTAT-1,BAL 04
c1_1_GACCAATTCACTGTCC-1,BAL 02
c1_1_GACCAATTCGCCAACG-1,BAL 08
c1_1_GACCAATTCTAGCAAC-1,BAL 03
c1_1_GACCCAGAGAATTTGG-1,BAL 02
c1_1_GACCCAGAGACTAAGT-1,BAL 02
c1_1_GACCCAGAGAGCCGTA-1,BAL 08
c1_1_GACCCAGCATGGCACC-1,BAL 03
c1_1_GACCCAGGTCCCTGAG-1,BAL 07
c1_1_GACCCAGGTCCTACGG-1,BAL 05
c1_1_GACCCAGGTCTCCTGT-1,BAL 08
c1_1_GACCCAGTCACGACTA-1,BAL 05
c1_1_GACCCAGTCAGGGTAG-1,BAL 03
c1_1_GACCCAGTCCCTTTGG-1,BAL 01
c1_1_GACCCAGTCGTGTGGC-1,BAL 07
c1_1_GACCCTTAGATGGTCG-1,BAL 06
c1_1_GACCCTTAGTCATACC-1,BAL 03
c1_1_GACCCTTCAAGGCAAC-1,BAL 08
c1_1_GACCCTTCAGATTTCG-1,BAL 05
c1_1_GACCCTTCAGCTAACT-1,BAL 02
c1_1_GACCCTTGTATCCTTT-1,Multiplet
c1_1_GACCCTTGTATGGGAC-1,BAL 06
c1_1_GACCCTTGTCACTGAT-1,BAL 07
c1_1_GACCCTTGTTCAAGTC-1,BAL 03
c1_1_GACCCTTGTTGCCTAA-1,BAL 03
c1_1_GACCCTTGTTTGGAGG-1,Multiplet
c1_1_GACCCTTTCACGGACC-1,BAL 05
c1_1_GACCCTTTCCATTCAT-1,BAL 08
c1_1_GACCCTTTCCCGAAAT-1,BAL 03
c1_1_GACCCTTTCCTTCAGC-1,BAL 03
c1_1_GACCCTTTCGATGCTA-1,BAL 02
c1_1_GACCCTTTCGCGAAGA-1,BAL 07
c1_1_GACCGTGAGCGATGGT-1,BAL 02
c1_1_GACCGTGAGTTCACTG-1,Multiplet
c1_1_GACCGTGCAAGTGACG-1,BAL 05
c1_1_GACCGTGCATTCCTCG-1,BAL 08
c1_1_GACCGTGGTTACCCTC-1,BAL 02
c1_1_GACCGTGTCACCTACC-1,BAL 08
c1_1_GACCGTGTCATACGGT-1,BAL 02
c1_1_GACCGTGTCCACTTCG-1,BAL 08
c1_1_GACCGTGTCCCTCTTT-1,BAL 07
c1_1_GACCGTGTCCGCACGA-1,BAL 06
c1_1_GACCGTGTCGGTAGGA-1,BAL 02
c1_1_GACCGTGTCTATGCCC-1,BAL 08
c1_1_GACCTTCAGCAAACAT-1,BAL 06
c1_1_GACCTTCAGCATGGGT-1,BAL 02
c1_1_GACCTTCAGGAGTACC-1,BAL 02
c1_1_GACCTTCAGTAACCGG-1,Multiplet
c1_1_GACCTTCAGTAGCCAG-1,BAL 06
c1_1_GACCTTCCAAGAGATT-1,BAL 03
c1_1_GACCTTCCACTGCATA-1,BAL 08
c1_1_GACCTTCGTGTCCGGT-1,Multiplet
c1_1_GACCTTCGTGTTTACG-1,BAL 05
c1_1_GACCTTCGTTGCTCGG-1,BAL 05
c1_1_GACCTTCTCCACCTGT-1,BAL 03
c1_1_GACCTTCTCCACTGAA-1,BAL 01
c1_1_GACCTTCTCCGCCTAT-1,BAL 03
c1_1_GACCTTCTCCTTTAGT-1,BAL 01
c1_1_GACCTTCTCTCAATCT-1,BAL 03
c1_1_GACCTTCTCTGAGCAT-1,Multiplet
c1_1_GACGCTGAGTTCAACC-1,BAL 08
c1_1_GACGCTGCAACTACGT-1,BAL 05
c1_1_GACGCTGCACGTCATA-1,BAL 02
c1_1_GACGCTGCATATCTCT-1,BAL 03
c1_1_GACGCTGCATCGGATT-1,BAL 03
c1_1_GACGCTGTCGACATTG-1,BAL 04
c1_1_GACGCTGTCGCCTTGT-1,BAL 02
c1_1_GACGCTGTCGGAGCAA-1,BAL 07
c1_1_GACGCTGTCTGACGCG-1,BAL 06
c1_1_GACGTTAAGCCGCTTG-1,BAL 03
c1_1_GACGTTAAGGTTGGAC-1,BAL 02
c1_1_GACGTTAAGTGGCAGT-1,BAL 04
c1_1_GACGTTACAAAGGCAC-1,BAL 07
c1_1_GACGTTACAACCTATG-1,BAL 08
c1_1_GACGTTACACGACAAG-1,BAL 07
c1_1_GACGTTACAGCTTTGA-1,BAL 07
c1_1_GACGTTACATCCGGTG-1,BAL 04
c1_1_GACGTTACATGAAGCG-1,BAL 03
c1_1_GACGTTAGTAGCGCTC-1,BAL 02
c1_1_GACGTTAGTCACAATC-1,BAL 07
c1_1_GACGTTAGTCTCGGAC-1,BAL 03
c1_1_GACGTTAGTGAGTGAC-1,BAL 04
c1_1_GACGTTATCACCCTCA-1,BAL 05
c1_1_GACTATGAGACAGCGT-1,BAL 02
c1_1_GACTATGAGACGGATC-1,BAL 01
c1_1_GACTATGAGATGGTAT-1,BAL 05
c1_1_GACTATGAGCTGTGCC-1,BAL 05
c1_1_GACTATGAGGCGAACT-1,BAL 02
c1_1_GACTATGAGTCGGCAA-1,BAL 02
c1_1_GACTATGCAGAATCGG-1,BAL 01
c1_1_GACTATGGTCTGCGCA-1,BAL 07
c1_1_GACTATGGTCTTGCTC-1,Multiplet
c1_1_GACTATGGTTAGAGTA-1,BAL 02
c1_1_GACTATGGTTTACGAC-1,Multiplet
c1_1_GACTATGTCGCATTAG-1,BAL 03
c1_1_GACTATGTCGGTCTGG-1,Multiplet
c1_1_GACTATGTCGTCGACG-1,BAL 04
c1_1_GACTATGTCTCATTTG-1,BAL 02
c1_1_GACTCAAAGGGCAAGG-1,BAL 03
c1_1_GACTCAAAGGTGATCG-1,BAL 08
c1_1_GACTCAAAGTCGCCAC-1,BAL 03
c1_1_GACTCAAAGTGCACAG-1,BAL 02
c1_1_GACTCAACAAAGCTCT-1,BAL 08
c1_1_GACTCAACAAAGTATG-1,BAL 01
c1_1_GACTCAACAAGAGCTG-1,BAL 05
c1_1_GACTCAACATCACAGT-1,BAL 07
c1_1_GACTCAACATCCTTCG-1,Multiplet
c1_1_GACTCAAGTGAACCGA-1,BAL 04
c1_1_GACTCAAGTGTTAAAG-1,BAL 03
c1_1_GACTCAAGTTCGGGTC-1,BAL 05
c1_1_GACTCAATCCTTTAGT-1,BAL 07
c1_1_GACTCAATCTCTTCAA-1,BAL 06
c1_1_GACTCAATCTTCCACG-1,BAL 08
c1_1_GACTCTCAGAAGTGTT-1,BAL 08
c1_1_GACTCTCAGACTGGGT-1,BAL 05
c1_1_GACTCTCCACATGAAA-1,BAL 05
c1_1_GACTCTCCATGGACAG-1,BAL 02
c1_1_GACTCTCGTATAGGGC-1,BAL 05
c1_1_GACTCTCGTATGGTTC-1,Multiplet
c1_1_GACTCTCGTCGAGCTC-1,BAL 01
c1_1_GACTCTCGTGGCTGCT-1,Multiplet
c1_1_GACTCTCGTGTGCTTA-1,Multiplet
c1_1_GACTCTCGTTAAGTCC-1,BAL 01
c1_1_GACTCTCTCACCTACC-1,BAL 01
c1_1_GACTCTCTCATTGCTT-1,BAL 07
c1_1_GACTGATAGAGTCTGG-1,Multiplet
c1_1_GACTGATAGCAAGCCA-1,BAL 04
c1_1_GACTGATAGCGTTCCG-1,BAL 08
c1_1_GACTGATCAACTCATG-1,Multiplet
c1_1_GACTGATCACCTGATA-1,BAL 08
c1_1_GACTGATCATCACCAA-1,BAL 03
c1_1_GACTGATGTACCTAAC-1,BAL 06
c1_1_GACTGATGTTCATCTT-1,BAL 08
c1_1_GACTGATTCCAGTACA-1,BAL 07
c1_1_GACTGATTCGAACGCC-1,BAL 05
c1_1_GACTGATTCGAGTTGT-1,BAL 07
c1_1_GACTGATTCGGAACTT-1,BAL 07
c1_1_GACTGATTCGTCAAAC-1,Multiplet
c1_1_GACTGATTCTGTCCCA-1,BAL 08
c1_1_GACTTCCAGCACCAGA-1,BAL 06
c1_1_GACTTCCAGGTTCCGC-1,BAL 08
c1_1_GACTTCCAGTGCAAAT-1,BAL 01
c1_1_GACTTCCCAAATGAAC-1,BAL 07
c1_1_GACTTCCCAACACGTT-1,Multiplet
c1_1_GACTTCCCACGTTGGC-1,BAL 06
c1_1_GACTTCCCAGGCATGA-1,Multiplet
c1_1_GACTTCCCATACCGTA-1,BAL 05
c1_1_GACTTCCGTAGGAGGG-1,Multiplet
c1_1_GACTTCCGTATGGGAC-1,BAL 08
c1_1_GACTTCCGTCACTTCC-1,BAL 05
c1_1_GACTTCCGTCGTGGTC-1,BAL 01
c1_1_GACTTCCGTCGTTTCC-1,BAL 03
c1_1_GACTTCCGTTGATCGT-1,BAL 04
c1_1_GACTTCCTCATACGAC-1,Multiplet
c1_1_GACTTCCTCGCTCTCA-1,BAL 03
c1_1_GACTTCCTCGTTGCCT-1,BAL 07
c1_1_GAGAAATAGAACGCGT-1,BAL 03
c1_1_GAGAAATAGCTCTGTA-1,BAL 03
c1_1_GAGAAATAGGGACACT-1,BAL 06
c1_1_GAGAAATAGGGCTGAT-1,BAL 03
c1_1_GAGAAATCAAGGACAC-1,BAL 07
c1_1_GAGAAATCACTATGTG-1,BAL 03
c1_1_GAGAAATGTACTCGAT-1,BAL 08
c1_1_GAGAAATGTGAAGCGT-1,Multiplet
c1_1_GAGAAATGTGGGACAT-1,BAL 07
c1_1_GAGAAATGTGGTAACG-1,BAL 05
c1_1_GAGAAATTCAACCTCC-1,BAL 03
c1_1_GAGAAATTCCACAGGC-1,BAL 02
c1_1_GAGAAATTCGCCTTGT-1,BAL 08
c1_1_GAGAAATTCTGTGCGG-1,BAL 03
c1_1_GAGACCCAGATCGGTG-1,BAL 05
c1_1_GAGACCCAGTAGGATT-1,BAL 01
c1_1_GAGACCCAGTCACACT-1,Multiplet
c1_1_GAGACCCCAATCTCTT-1,BAL 06
c1_1_GAGACCCCATCGTGGC-1,BAL 07
c1_1_GAGACCCCATGCGTGC-1,BAL 05
c1_1_GAGACCCGTCTTAGTG-1,BAL 04
c1_1_GAGACCCGTGGCTGCT-1,BAL 08
c1_1_GAGACCCGTTGTTGTG-1,BAL 02
c1_1_GAGACCCTCTACTGCC-1,BAL 08
c1_1_GAGACTTAGACGCAGT-1,BAL 07
c1_1_GAGACTTAGCGTCAGA-1,BAL 03
c1_1_GAGACTTAGGATTTGA-1,Multiplet
c1_1_GAGACTTCAACGAGGT-1,BAL 08
c1_1_GAGACTTCACTTCATT-1,BAL 02
c1_1_GAGACTTCATGCCGAC-1,Multiplet
c1_1_GAGACTTGTAGTCTGT-1,BAL 05
c1_1_GAGACTTGTCCTGTTC-1,Multiplet
c1_1_GAGACTTTCAGCTCTC-1,BAL 05
c1_1_GAGACTTTCGTGGACC-1,Multiplet
c1_1_GAGAGGTAGACATAAC-1,BAL 03
c1_1_GAGAGGTAGATGACAT-1,BAL 08
c1_1_GAGAGGTAGGCGTTAG-1,BAL 06
c1_1_GAGAGGTAGGGCATGT-1,BAL 02
c1_1_GAGAGGTAGGTGGTTG-1,BAL 04
c1_1_GAGAGGTAGTGGATTA-1,BAL 01
c1_1_GAGAGGTAGTGTCATC-1,BAL 07
c1_1_GAGAGGTCAACACTAC-1,BAL 07
c1_1_GAGAGGTCACGCTGTG-1,Multiplet
c1_1_GAGAGGTCAGGGAGAG-1,BAL 04
c1_1_GAGAGGTGTACCCGCA-1,BAL 08
c1_1_GAGAGGTGTACGGGAT-1,BAL 06
c1_1_GAGAGGTGTCATATGC-1,BAL 06
c1_1_GAGAGGTGTCCTCCAT-1,Multiplet
c1_1_GAGAGGTGTCTACAAC-1,Multiplet
c1_1_GAGAGGTTCATAGAGA-1,BAL 08
c1_1_GAGAGGTTCCTTCACG-1,Multiplet
c1_1_GAGATGGAGAAGAACG-1,BAL 02
c1_1_GAGATGGAGACTAGAT-1,BAL 03
c1_1_GAGATGGAGAGCAAGA-1,BAL 02
c1_1_GAGATGGAGCACCAGA-1,BAL 02
c1_1_GAGATGGAGTCATAGA-1,BAL 04
c1_1_GAGATGGAGTGGACTG-1,BAL 08
c1_1_GAGATGGAGTTACGAA-1,BAL 05
c1_1_GAGATGGAGTTCCATG-1,BAL 05
c1_1_GAGATGGCACAGTCCG-1,BAL 03
c1_1_GAGATGGCACTTCAAG-1,BAL 06
c1_1_GAGATGGGTACAAGTA-1,BAL 03
c1_1_GAGATGGGTCTGTGCG-1,BAL 05
c1_1_GAGATGGGTGATTCTG-1,BAL 03
c1_1_GAGATGGGTTCGGTTA-1,BAL 03
c1_1_GAGATGGTCCGGCAGT-1,BAL 04
c1_1_GAGCCTGAGATTAGTG-1,BAL 01
c1_1_GAGCCTGAGATTGAGT-1,BAL 03
c1_1_GAGCCTGAGTACTCGT-1,BAL 02
c1_1_GAGCCTGAGTCAGGGT-1,BAL 03
c1_1_GAGCCTGCAATCTCGA-1,BAL 08
c1_1_GAGCCTGCACTGGACC-1,BAL 07
c1_1_GAGCCTGGTCGAATGG-1,BAL 03
c1_1_GAGCCTGGTGAGAGGG-1,BAL 08
c1_1_GAGCCTGGTGCTTCAA-1,Multiplet
c1_1_GAGCCTGGTGTATACC-1,Multiplet
c1_1_GAGCCTGGTTTGACAC-1,Multiplet
c1_1_GAGCCTGTCATGCAGT-1,BAL 06
c1_1_GAGCCTGTCGTCAAAC-1,BAL 02
c1_1_GAGCCTGTCTACGCAA-1,Multiplet
c1_1_GAGCCTGTCTCACCCA-1,Multiplet
c1_1_GAGCCTGTCTTTCCGG-1,BAL 06
c1_1_GAGCTGCAGACCAGCA-1,BAL 06
c1_1_GAGCTGCAGCGCCGTT-1,BAL 06
c1_1_GAGCTGCAGCGGCTCT-1,BAL 06
c1_1_GAGCTGCAGCTTAAGA-1,BAL 03
c1_1_GAGCTGCAGGACCCAA-1,BAL 03
c1_1_GAGCTGCAGTCGCTAT-1,BAL 06
c1_1_GAGCTGCCACAGTATC-1,BAL 07
c1_1_GAGCTGCCACCACATA-1,BAL 04
c1_1_GAGCTGCGTCACCACG-1,BAL 04
c1_1_GAGCTGCGTCATGGCC-1,Multiplet
c1_1_GAGCTGCGTCTCGACG-1,BAL 02
c1_1_GAGCTGCGTTCTGACA-1,BAL 07
c1_1_GAGCTGCTCAGGACAG-1,Multiplet
c1_1_GAGCTGCTCTAGACCA-1,BAL 08
c1_1_GAGCTGCTCTATGTGG-1,BAL 06
c1_1_GAGCTGCTCTCACCCA-1,BAL 07
c1_1_GAGGCAAAGCCTTTGA-1,BAL 08
c1_1_GAGGCAAAGGCGCTCT-1,BAL 07
c1_1_GAGGCAAAGTTCATCG-1,BAL 08
c1_1_GAGGCAAAGTTGCTGT-1,BAL 03
c1_1_GAGGCAACAGTTACCA-1,BAL 06
c1_1_GAGGCAACATGGCTAT-1,BAL 05
c1_1_GAGGCAAGTAAGTTAG-1,BAL 06
c1_1_GAGGCAAGTATCCTTT-1,BAL 07
c1_1_GAGGCAAGTCACCCTT-1,BAL 03
c1_1_GAGGCAAGTGGCTTAT-1,BAL 02
c1_1_GAGGCAAGTGTAGTGG-1,BAL 03
c1_1_GAGGCAAGTTGGTGTT-1,BAL 07
c1_1_GAGGCAATCAACACCA-1,Multiplet
c1_1_GAGGCCTAGACATACA-1,BAL 04
c1_1_GAGGCCTAGAGGGCGA-1,BAL 07
c1_1_GAGGCCTAGCGTTCAT-1,BAL 04
c1_1_GAGGCCTAGCTCGCAC-1,Multiplet
c1_1_GAGGCCTAGGCCCAAA-1,BAL 03
c1_1_GAGGCCTAGGCTGAAC-1,BAL 07
c1_1_GAGGCCTCACAGCTGC-1,Multiplet
c1_1_GAGGCCTCAGCAGAAC-1,BAL 08
c1_1_GAGGCCTCAGGTACGA-1,BAL 02
c1_1_GAGGCCTCAGTATGAA-1,BAL 02
c1_1_GAGGCCTCATTGGGAG-1,BAL 08
c1_1_GAGGCCTGTCACGTGC-1,BAL 07
c1_1_GAGGCCTGTGTGAGCA-1,Multiplet
c1_1_GAGGCCTTCAAGCTTG-1,BAL 08
c1_1_GAGGCCTTCGAGTCTA-1,BAL 08
c1_1_GAGGCCTTCGGAGCAA-1,BAL 01
c1_1_GAGGGATCAATGAGCG-1,BAL 05
c1_1_GAGGGATCACAGACGA-1,BAL 03
c1_1_GAGGGATCACCGTGCA-1,BAL 03
c1_1_GAGGGATCACCTGAAT-1,Multiplet
c1_1_GAGGGATCACGGGTAA-1,Multiplet
c1_1_GAGGGATCAGTGAGCA-1,BAL 03
c1_1_GAGGGATCATTCTTCA-1,Multiplet
c1_1_GAGGGATGTTGCCATA-1,BAL 02
c1_1_GAGGGATTCACGGGAA-1,BAL 06
c1_1_GAGGGATTCTGGTTGA-1,Negative
c1_1_GAGGGTAAGAGGGTCT-1,BAL 02
c1_1_GAGGGTAAGGCAGGGA-1,Multiplet
c1_1_GAGGGTAAGGCCTAGA-1,BAL 05
c1_1_GAGGGTACAAAGAACT-1,Multiplet
c1_1_GAGGGTACAAGTTCCA-1,BAL 01
c1_1_GAGGGTACACACCAGC-1,BAL 02
c1_1_GAGGGTACATCCGTTC-1,BAL 02
c1_1_GAGGGTAGTAAGTCAA-1,BAL 07
c1_1_GAGGGTAGTAATGCTC-1,BAL 08
c1_1_GAGGGTAGTACGCGTC-1,BAL 02
c1_1_GAGGGTAGTAGTTCCA-1,Negative
c1_1_GAGGGTAGTGGAGAAA-1,BAL 08
c1_1_GAGGGTATCAGTCTTT-1,BAL 06
c1_1_GAGGGTATCATCTACT-1,BAL 08
c1_1_GAGTCATAGACCATTC-1,BAL 06
c1_1_GAGTCATAGATTGAGT-1,BAL 01
c1_1_GAGTCATAGTAATTGG-1,BAL 05
c1_1_GAGTCATAGTGGCAGT-1,Multiplet
c1_1_GAGTCATAGTTACGAA-1,BAL 08
c1_1_GAGTCATGTAGGATAT-1,BAL 05
c1_1_GAGTCATGTGACTATC-1,Multiplet
c1_1_GAGTCATGTGGAGAAA-1,BAL 08
c1_1_GAGTCATTCTGGAAGG-1,BAL 07
c1_1_GAGTCTACACGCCACA-1,BAL 06
c1_1_GAGTCTACATTCACCC-1,Multiplet
c1_1_GAGTCTAGTATTTCCT-1,BAL 02
c1_1_GAGTCTAGTCCCAAAT-1,BAL 05
c1_1_GAGTCTAGTGGCGTAA-1,BAL 04
c1_1_GAGTCTAGTGGGACAT-1,BAL 03
c1_1_GAGTCTATCCAATCCC-1,BAL 05
c1_1_GAGTCTATCGTGGGTC-1,BAL 03
c1_1_GAGTCTATCTAGGAAA-1,BAL 06
c1_1_GAGTCTATCTCCGAGG-1,BAL 03
c1_1_GAGTGAGAGTCATGCT-1,Multiplet
c1_1_GAGTGAGCAACTGATC-1,Multiplet
c1_1_GAGTGAGCAGCAGAAC-1,BAL 06
c1_1_GAGTGAGCAGCTGGTC-1,BAL 07
c1_1_GAGTGAGCATCATCCC-1,Multiplet
c1_1_GAGTGAGCATCTGCGG-1,Negative
c1_1_GAGTGAGGTACCATAC-1,BAL 08
c1_1_GAGTGAGGTCTCGGAC-1,Multiplet
c1_1_GAGTGAGGTGAGTAGC-1,BAL 02
c1_1_GAGTGAGGTGGGTATG-1,Multiplet
c1_1_GAGTGAGGTGTCTTGA-1,BAL 01
c1_1_GAGTGAGTCAGTCACA-1,BAL 05
c1_1_GAGTGAGTCCACTGGG-1,BAL 07
c1_1_GAGTGAGTCGCACGAC-1,BAL 03
c1_1_GAGTGAGTCGCAGATT-1,BAL 03
c1_1_GAGTGAGTCGGAGATG-1,BAL 06
c1_1_GAGTGTTAGACTTAAG-1,BAL 05
c1_1_GAGTGTTAGCCGTTAT-1,Multiplet
c1_1_GAGTGTTAGTTGCATC-1,BAL 07
c1_1_GAGTGTTCACTTCAGA-1,BAL 07
c1_1_GAGTGTTCAGGTTACT-1,BAL 04
c1_1_GAGTGTTCATGGTGGA-1,BAL 05
c1_1_GAGTGTTGTATGTCTG-1,BAL 05
c1_1_GAGTGTTTCCTGGGAC-1,BAL 02
c1_1_GAGTTACAGAGCAGAA-1,BAL 01
c1_1_GAGTTACAGCTGGCCT-1,BAL 08
c1_1_GAGTTACAGTGGTTGG-1,BAL 04
c1_1_GAGTTACCACACGGAA-1,BAL 06
c1_1_GAGTTACGTAGCTTAC-1,BAL 03
c1_1_GAGTTACGTCACTACA-1,BAL 03
c1_1_GAGTTACGTCGTGCCA-1,Multiplet
c1_1_GAGTTACTCGCTACGG-1,Multiplet
c1_1_GAGTTACTCGGTCTGG-1,BAL 07
c1_1_GAGTTACTCTAACACG-1,BAL 02
c1_1_GAGTTACTCTATTTCG-1,BAL 02
c1_1_GAGTTACTCTGCGGGT-1,BAL 02
c1_1_GAGTTACTCTGGTGGC-1,BAL 05
c1_1_GAGTTGTAGCTCTTCC-1,Multiplet
c1_1_GAGTTGTAGGGATCAC-1,Multiplet
c1_1_GAGTTGTCAAATCGGG-1,BAL 07
c1_1_GAGTTGTCACAATGAA-1,Multiplet
c1_1_GAGTTGTCACGCTGTG-1,BAL 08
c1_1_GAGTTGTCAGAGGTTG-1,BAL 05
c1_1_GAGTTGTGTCGCATTA-1,BAL 02
c1_1_GAGTTGTGTTCGTGCG-1,Multiplet
c1_1_GAGTTGTTCACGGGAA-1,BAL 03
c1_1_GAGTTGTTCCTCAGGG-1,BAL 02
c1_1_GAGTTGTTCTCTATGT-1,BAL 07
c1_1_GAGTTGTTCTCTGACC-1,BAL 07
c1_1_GAGTTTGCAGATAAAC-1,Multiplet
c1_1_GAGTTTGGTGCCCGTA-1,Multiplet
c1_1_GAGTTTGGTTACCGTA-1,BAL 02
c1_1_GAGTTTGTCCCTCGAT-1,BAL 06
c1_1_GAGTTTGTCCGCTTAC-1,BAL 06
c1_1_GAGTTTGTCGCACGGT-1,BAL 08
c1_1_GAGTTTGTCTACCAGA-1,BAL 06
c1_1_GATAGAACACATCATG-1,BAL 08
c1_1_GATAGAACATCGGAAG-1,BAL 05
c1_1_GATAGAAGTAGCGCCT-1,BAL 07
c1_1_GATAGAAGTTCTCCAC-1,Multiplet
c1_1_GATAGAATCATTTGGG-1,BAL 06
c1_1_GATAGCTAGAGAGCCT-1,BAL 04
c1_1_GATAGCTAGAGCCATG-1,BAL 06
c1_1_GATAGCTAGAGTCACG-1,Multiplet
c1_1_GATAGCTAGCACTAAA-1,BAL 02
c1_1_GATAGCTAGCATTGAA-1,BAL 08
c1_1_GATAGCTAGCTGAAGC-1,BAL 02
c1_1_GATAGCTAGGAGAGTA-1,BAL 01
c1_1_GATAGCTCAATCGAAA-1,Multiplet
c1_1_GATAGCTCACGTAACT-1,BAL 07
c1_1_GATAGCTCAGGAGGTT-1,BAL 04
c1_1_GATAGCTCATAGAAAC-1,BAL 04
c1_1_GATAGCTCATCGAGCC-1,BAL 02
c1_1_GATAGCTGTATACGGG-1,BAL 01
c1_1_GATAGCTGTGGGTATG-1,BAL 01
c1_1_GATCACAAGAAGTCCG-1,BAL 07
c1_1_GATCACACAACGACAG-1,BAL 08
c1_1_GATCACACATGATGCT-1,BAL 02
c1_1_GATCACAGTAAGTCAA-1,BAL 03
c1_1_GATCACAGTACAGCGA-1,Multiplet
c1_1_GATCACAGTACGAAAT-1,BAL 05
c1_1_GATCACAGTATTGCCA-1,BAL 04
c1_1_GATCACATCCAAGGGA-1,Multiplet
c1_1_GATCACATCTCCTGTG-1,BAL 02
c1_1_GATCAGTAGTGGTTCT-1,BAL 03
c1_1_GATCAGTCACGTACTA-1,BAL 05
c1_1_GATCAGTCACTTTAGG-1,BAL 05
c1_1_GATCAGTCAGTGGTGA-1,BAL 01
c1_1_GATCAGTGTATGCAAA-1,BAL 06
c1_1_GATCAGTGTTTATGCG-1,BAL 08
c1_1_GATCAGTTCACTGTTT-1,BAL 02
c1_1_GATCAGTTCCAATCTT-1,BAL 01
c1_1_GATCAGTTCTCGGTCT-1,BAL 05
c1_1_GATCATGAGCACACAG-1,BAL 07
c1_1_GATCATGAGGAACTAT-1,BAL 08
c1_1_GATCATGCAAGTGCAG-1,BAL 01
c1_1_GATCATGCACAGTCCG-1,BAL 04
c1_1_GATCATGCACTTCTCG-1,BAL 02
c1_1_GATCATGCAGAGGCTA-1,BAL 05
c1_1_GATCATGCATCATTGG-1,BAL 02
c1_1_GATCATGCATCGTTCC-1,BAL 07
c1_1_GATCATGTCCGAGAAG-1,BAL 06
c1_1_GATCATGTCGTGTTCC-1,BAL 04
c1_1_GATCATGTCTTACTGT-1,Multiplet
c1_1_GATCATGTCTTCCCAG-1,BAL 03
c1_1_GATCCCTAGGGCTTCC-1,BAL 08
c1_1_GATCCCTAGGTCCTGC-1,BAL 08
c1_1_GATCCCTAGTACTGTC-1,BAL 03
c1_1_GATCCCTCAACCTATG-1,BAL 01
c1_1_GATCCCTGTAGCTCGC-1,BAL 03
c1_1_GATCCCTGTATCGCAT-1,BAL 06
c1_1_GATCCCTGTCTTAGTG-1,Multiplet
c1_1_GATCCCTGTTCCATTT-1,Multiplet
c1_1_GATCCCTTCTGCCTCA-1,BAL 02
c1_1_GATCGTAAGCGCTTCG-1,BAL 06
c1_1_GATCGTAAGGCACCAA-1,BAL 08
c1_1_GATCGTACAACCACAT-1,BAL 08
c1_1_GATCGTACACGACGCT-1,BAL 03
c1_1_GATCGTACAGGTGAGT-1,BAL 01
c1_1_GATCGTACATGCCGCA-1,BAL 01
c1_1_GATCGTAGTAGTACGG-1,BAL 05
c1_1_GATCGTAGTCAAGGCA-1,Multiplet
c1_1_GATCGTAGTCCGGACT-1,BAL 02
c1_1_GATCGTAGTCGCCTAG-1,BAL 04
c1_1_GATCGTAGTTCGTACA-1,BAL 08
c1_1_GATCGTAGTTTCGGCG-1,Multiplet
c1_1_GATCGTATCATCGACA-1,BAL 01
c1_1_GATGACTAGCACTCGC-1,Multiplet
c1_1_GATGACTCACCGGCTA-1,Multiplet
c1_1_GATGACTCATTGACTG-1,Multiplet
c1_1_GATGACTGTAATCAGA-1,BAL 05
c1_1_GATGACTGTAGACACG-1,BAL 03
c1_1_GATGACTGTAGACGGT-1,BAL 07
c1_1_GATGACTTCAGCGGAA-1,BAL 05
c1_1_GATGACTTCATCACTT-1,BAL 05
c1_1_GATGACTTCCATTGCC-1,BAL 05
c1_1_GATGACTTCTGAGAAA-1,BAL 03
c1_1_GATGAGGCAAACTCGT-1,Multiplet
c1_1_GATGAGGCAAATGGCG-1,BAL 04
c1_1_GATGAGGCAATTAGGA-1,BAL 02
c1_1_GATGAGGCACAAGTTC-1,BAL 05
c1_1_GATGAGGCAGGAGGAG-1,BAL 03
c1_1_GATGAGGGTAGGCTGA-1,BAL 02
c1_1_GATGAGGGTCCAGCGT-1,BAL 07
c1_1_GATGAGGGTTGCGGCT-1,BAL 08
c1_1_GATGAGGTCATCGGGC-1,BAL 04
c1_1_GATGAGGTCCGAGAAG-1,BAL 01
c1_1_GATGAGGTCTGGAAGG-1,BAL 06
c1_1_GATGATCAGAGATGCC-1,BAL 06
c1_1_GATGATCAGGTACATA-1,BAL 04
c1_1_GATGATCAGGTCTTTG-1,BAL 03
c1_1_GATGATCCACACGGAA-1,BAL 02
c1_1_GATGATCCACTCCGGA-1,BAL 03
c1_1_GATGATCCATGTACGT-1,BAL 02
c1_1_GATGATCGTCAGGTAG-1,BAL 04
c1_1_GATGATCGTCTCACAA-1,BAL 01
c1_1_GATGATCGTTCAGCGC-1,Multiplet
c1_1_GATGATCTCTAGTGAC-1,BAL 05
c1_1_GATGATCTCTCGAACA-1,Multiplet
c1_1_GATGCTAAGATCGCTT-1,BAL 06
c1_1_GATGCTAAGCCGTCGT-1,BAL 03
c1_1_GATGCTAAGTCTAGCT-1,BAL 03
c1_1_GATGCTACAAGTCCAT-1,BAL 04
c1_1_GATGCTACACGGCGTT-1,BAL 04
c1_1_GATGCTACAGTCAGAG-1,BAL 08
c1_1_GATGCTAGTATTGACC-1,BAL 05
c1_1_GATGCTATCTGGGCGT-1,BAL 01
c1_1_GATGGAGAGCCAAGTG-1,BAL 03
c1_1_GATGGAGAGCTAAGTA-1,BAL 08
c1_1_GATGGAGAGCTAGAAT-1,BAL 08
c1_1_GATGGAGAGGATTCAA-1,BAL 03
c1_1_GATGGAGAGGTTGGAC-1,BAL 02
c1_1_GATGGAGCAACAGCCC-1,BAL 07
c1_1_GATGGAGCAGAAGTTA-1,BAL 07
c1_1_GATGGAGCAGACGCTC-1,BAL 03
c1_1_GATGGAGGTTTGGAAA-1,Multiplet
c1_1_GATGGAGTCAGCAATC-1,BAL 01
c1_1_GATGGAGTCAGCGCGT-1,BAL 05
c1_1_GATGGAGTCCACGTCT-1,BAL 04
c1_1_GATGGAGTCTCCATAT-1,BAL 02
c1_1_GATGTTGAGGACCCAA-1,Multiplet
c1_1_GATGTTGAGGCTAGCA-1,BAL 06
c1_1_GATGTTGAGTACCGGA-1,Multiplet
c1_1_GATGTTGAGTCCCTAA-1,Multiplet
c1_1_GATGTTGAGTCCGTCG-1,BAL 06
c1_1_GATGTTGAGTGTTCCA-1,BAL 03
c1_1_GATGTTGAGTTCCATG-1,BAL 02
c1_1_GATGTTGCAATCGCAT-1,BAL 07
c1_1_GATGTTGCAGCAGGAT-1,BAL 04
c1_1_GATGTTGCAGCGTAGA-1,BAL 06
c1_1_GATGTTGGTCACCACG-1,BAL 03
c1_1_GATGTTGGTGTCATCA-1,BAL 05
c1_1_GATGTTGGTGTGAGCA-1,BAL 02
c1_1_GATTCGAAGGCTTTCA-1,BAL 08
c1_1_GATTCGAAGTAGTCTC-1,BAL 03
c1_1_GATTCGACAAAGAGTT-1,BAL 05
c1_1_GATTCGACAACAACAA-1,BAL 03
c1_1_GATTCGACAGTGTGCC-1,Multiplet
c1_1_GATTCGAGTCAGGAGT-1,BAL 02
c1_1_GATTCGATCCGCAAAT-1,BAL 03
c1_1_GATTCGATCCGTGTGG-1,Multiplet
c1_1_GATTCGATCGCGTGAC-1,BAL 03
c1_1_GATTCGATCTGTCTCG-1,Multiplet
c1_1_GATTCGATCTTCGGTC-1,BAL 05
c1_1_GATTCTTAGAACTGAT-1,BAL 01
c1_1_GATTCTTAGCCACAAG-1,BAL 05
c1_1_GATTCTTAGGGCTGAT-1,BAL 03
c1_1_GATTCTTAGGTAGCCA-1,BAL 08
c1_1_GATTCTTAGTAGACAT-1,BAL 01
c1_1_GATTCTTGTTTACCAG-1,BAL 02
c1_1_GATTCTTTCCATTCGC-1,Negative
c1_1_GATTCTTTCTGAGAAA-1,BAL 07
c1_1_GATTCTTTCTGGTGCG-1,BAL 03
c1_1_GATTCTTTCTTCGATT-1,BAL 04
c1_1_GATTGGTCAATGAACA-1,BAL 05
c1_1_GATTGGTCAGGTGGAT-1,BAL 02
c1_1_GATTGGTGTACTTGTG-1,BAL 03
c1_1_GATTGGTGTTGCTTGA-1,Multiplet
c1_1_GATTGGTTCAGCATTG-1,BAL 04
c1_1_GATTGGTTCCGATCGG-1,BAL 04
c1_1_GATTTCTAGACTAGAT-1,BAL 02
c1_1_GATTTCTAGAGATCGC-1,BAL 07
c1_1_GATTTCTAGAGTATAC-1,BAL 08
c1_1_GATTTCTAGGCTTAGG-1,BAL 08
c1_1_GATTTCTCACCGTGAC-1,BAL 02
c1_1_GATTTCTGTGTACAGG-1,Multiplet
c1_1_GATTTCTGTTCTAACG-1,BAL 08
c1_1_GATTTCTTCACGTCCT-1,BAL 02
c1_1_GATTTCTTCATTTCGT-1,BAL 01
c1_1_GATTTCTTCGCGGTAC-1,BAL 02
c1_1_GCAACATAGGCATTTC-1,Multiplet
c1_1_GCAACATAGGTGGGTT-1,BAL 01
c1_1_GCAACATCAGCATCTA-1,BAL 03
c1_1_GCAACATCATGCTGCG-1,BAL 07
c1_1_GCAACATGTTGTGGCC-1,BAL 01
c1_1_GCAACATGTTGTTGAC-1,BAL 06
c1_1_GCAACATTCAGACAAA-1,BAL 02
c1_1_GCAACATTCATGGGAG-1,BAL 03
c1_1_GCAACATTCTGTCCCA-1,Multiplet
c1_1_GCAACCGAGAGGCCAT-1,BAL 05
c1_1_GCAACCGCAAGCGAAC-1,BAL 07
c1_1_GCAACCGCAATCGAAA-1,BAL 08
c1_1_GCAACCGCAGGTAGTG-1,BAL 01
c1_1_GCAACCGGTCCCAAAT-1,BAL 05
c1_1_GCAACCGGTGCCCGTA-1,BAL 03
c1_1_GCAACCGGTGCGAGTA-1,BAL 08
c1_1_GCAACCGTCAGCCTTC-1,Multiplet
c1_1_GCACATAAGAATAACC-1,Multiplet
c1_1_GCACATAAGATGCTTC-1,BAL 05
c1_1_GCACATAAGCCTGACC-1,Multiplet
c1_1_GCACATAAGCTTTCTT-1,BAL 04
c1_1_GCACATAAGGTACTGG-1,BAL 03
c1_1_GCACATAAGGTTCAGG-1,BAL 08
c1_1_GCACATACAAACGAGC-1,Multiplet
c1_1_GCACATACACTGAATC-1,BAL 08
c1_1_GCACATACAGCTTCGG-1,BAL 04
c1_1_GCACATACAGTCGCAC-1,Multiplet
c1_1_GCACATACAGTGCGCT-1,BAL 06
c1_1_GCACATAGTGTCTCCT-1,BAL 08
c1_1_GCACATATCAAGGACG-1,BAL 06
c1_1_GCACATATCAGCTAGT-1,BAL 08
c1_1_GCACATATCCGAGGCT-1,BAL 02
c1_1_GCACATATCCTTCAGC-1,BAL 04
c1_1_GCACATATCGTTTACT-1,Multiplet
c1_1_GCACATATCTTCGTAT-1,BAL 08
c1_1_GCACGGTAGACGACGT-1,BAL 01
c1_1_GCACGGTAGACGCTCC-1,BAL 05
c1_1_GCACGGTAGAGATCGC-1,Multiplet
c1_1_GCACGGTAGCCGTTGC-1,BAL 01
c1_1_GCACGGTAGGAAGAAC-1,BAL 07
c1_1_GCACGGTCAACGATTC-1,BAL 04
c1_1_GCACGGTCAGCTTCGG-1,Multiplet
c1_1_GCACGGTCAGGCACAA-1,BAL 04
c1_1_GCACGGTCATAGATGA-1,BAL 03
c1_1_GCACGGTGTCGTACTA-1,BAL 06
c1_1_GCACGGTGTTTCAGAC-1,BAL 04
c1_1_GCACGGTTCTCTGACC-1,BAL 02
c1_1_GCACGGTTCTGCCCTA-1,Multiplet
c1_1_GCACGTGAGATGCTTC-1,Multiplet
c1_1_GCACGTGAGCATAGGC-1,Multiplet
c1_1_GCACGTGAGTAAACAC-1,BAL 01
c1_1_GCACGTGAGTAACGTA-1,BAL 03
c1_1_GCACGTGAGTAGATCA-1,Multiplet
c1_1_GCACGTGAGTCCGCGT-1,BAL 08
c1_1_GCACGTGAGTTGTCGT-1,BAL 07
c1_1_GCACGTGCACTACTTT-1,BAL 06
c1_1_GCACGTGCATCAGCTA-1,BAL 07
c1_1_GCACGTGGTACCGGCT-1,BAL 02
c1_1_GCACGTGGTCCACACG-1,BAL 08
c1_1_GCACGTGTCGGAGATG-1,BAL 07
c1_1_GCACTAAAGGTAGTAT-1,BAL 01
c1_1_GCACTAAAGTCACGCC-1,BAL 05
c1_1_GCACTAACAAGTCCCG-1,BAL 02
c1_1_GCACTAACAATCTCTT-1,BAL 06
c1_1_GCACTAACAGGATGAC-1,BAL 01
c1_1_GCACTAACATCGGAGA-1,BAL 03
c1_1_GCACTAACATGGGATG-1,BAL 03
c1_1_GCACTAAGTAATCAGA-1,BAL 08
c1_1_GCACTAAGTCGCATTA-1,Multiplet
c1_1_GCACTAAGTGCTCGTG-1,BAL 07
c1_1_GCACTAAGTGCTTATG-1,Multiplet
c1_1_GCACTAAGTTCCTAGA-1,BAL 06
c1_1_GCACTAAGTTTCGGCG-1,BAL 02
c1_1_GCACTAATCGCTTGAA-1,BAL 08
c1_1_GCACTAATCTTTCGAT-1,BAL 07
c1_1_GCAGCCAAGAACTTCC-1,BAL 08
c1_1_GCAGCCAAGCGCGTTC-1,BAL 05
c1_1_GCAGCCAAGCGGACAT-1,BAL 07
c1_1_GCAGCCAAGGCTCACC-1,BAL 02
c1_1_GCAGCCAAGGTCGTAG-1,BAL 06
c1_1_GCAGCCAAGTCCGCCA-1,BAL 05
c1_1_GCAGCCAAGTCTCCTC-1,BAL 02
c1_1_GCAGCCACACCAATTG-1,BAL 04
c1_1_GCAGCCACATGACGAG-1,BAL 05
c1_1_GCAGCCAGTACGGTTT-1,BAL 08
c1_1_GCAGCCAGTGGATACG-1,BAL 01
c1_1_GCAGCCATCGAGTCCG-1,BAL 05
c1_1_GCAGCTGAGAGTTGCG-1,BAL 05
c1_1_GCAGCTGAGATACGAT-1,BAL 06
c1_1_GCAGCTGAGCAAATCA-1,BAL 05
c1_1_GCAGCTGAGGGCAGGA-1,Multiplet
c1_1_GCAGCTGAGTCAGCGA-1,BAL 07
c1_1_GCAGCTGAGTTGGACG-1,BAL 04
c1_1_GCAGCTGCAAACTCTG-1,BAL 06
c1_1_GCAGCTGCAGAGGCTA-1,BAL 02
c1_1_GCAGCTGCAGCGACAA-1,BAL 03
c1_1_GCAGCTGCATAGAAAC-1,BAL 03
c1_1_GCAGCTGGTATAATGG-1,BAL 07
c1_1_GCAGCTGGTATCCCTC-1,BAL 07
c1_1_GCAGCTGGTCGTGTTA-1,BAL 02
c1_1_GCAGCTGGTGATACTC-1,BAL 08
c1_1_GCAGCTGTCAGGGTAG-1,BAL 01
c1_1_GCAGGCTAGAATTGCA-1,Multiplet
c1_1_GCAGGCTAGATGAACT-1,BAL 06
c1_1_GCAGGCTAGGTACTGG-1,Multiplet
c1_1_GCAGGCTAGGTTACCT-1,BAL 07
c1_1_GCAGGCTAGTAGTCCT-1,BAL 07
c1_1_GCAGGCTAGTTGTCAC-1,BAL 08
c1_1_GCAGGCTCACCTTCGT-1,BAL 05
c1_1_GCAGGCTCAGCCTACG-1,Multiplet
c1_1_GCAGGCTGTAGTTAGA-1,BAL 03
c1_1_GCAGGCTGTCCTACAA-1,Negative
c1_1_GCAGGCTGTCCTGTCT-1,BAL 08
c1_1_GCAGGCTTCACCTTAT-1,BAL 05
c1_1_GCAGGCTTCCAGCTCT-1,Multiplet
c1_1_GCAGGCTTCCCATAGA-1,Multiplet
c1_1_GCAGGCTTCTACCACC-1,BAL 07
c1_1_GCAGTTACAACAGATA-1,BAL 03
c1_1_GCAGTTACACAGAGAC-1,BAL 04
c1_1_GCAGTTACAGACAAGC-1,BAL 08
c1_1_GCAGTTACAGCTCCTT-1,BAL 02
c1_1_GCAGTTACAGCTGAAG-1,Multiplet
c1_1_GCAGTTACAGGACGAT-1,Negative
c1_1_GCAGTTAGTAACATGA-1,BAL 01
c1_1_GCAGTTAGTACCTAGT-1,Multiplet
c1_1_GCAGTTAGTATATGGA-1,BAL 06
c1_1_GCAGTTAGTGGGCTCT-1,Multiplet
c1_1_GCAGTTAGTTTATGCG-1,BAL 01
c1_1_GCAGTTATCAACTCTT-1,BAL 04
c1_1_GCAGTTATCACATTGG-1,BAL 02
c1_1_GCAGTTATCACCCTCA-1,BAL 06
c1_1_GCAGTTATCATCGCTC-1,BAL 04
c1_1_GCATCGGAGCCTCACG-1,BAL 03
c1_1_GCATCGGAGGACTATA-1,BAL 07
c1_1_GCATCGGCAAGCAGGT-1,Multiplet
c1_1_GCATCGGCACACGCCA-1,Negative
c1_1_GCATCGGCACGCCAGT-1,BAL 03
c1_1_GCATCGGCAGGTGTTT-1,BAL 03
c1_1_GCATCGGCAGTTTCAG-1,BAL 08
c1_1_GCATCGGCATAACAGA-1,BAL 07
c1_1_GCATCGGCATACCGTA-1,BAL 02
c1_1_GCATCGGGTAGCTGAG-1,BAL 05
c1_1_GCATCGGGTCAGTTTG-1,BAL 04
c1_1_GCATCGGGTGAACCGA-1,BAL 04
c1_1_GCATCTCCAAATGCGG-1,BAL 08
c1_1_GCATCTCCAACCGGAA-1,Multiplet
c1_1_GCATCTCCAAGATGGC-1,Multiplet
c1_1_GCATCTCCACCGAATT-1,BAL 03
c1_1_GCATCTCCACTAACGT-1,BAL 03
c1_1_GCATCTCCAGCGACAA-1,Multiplet
c1_1_GCATCTCCAGTGCGCT-1,BAL 02
c1_1_GCATCTCCATCCTTGC-1,BAL 04
c1_1_GCATCTCGTACCAGAG-1,BAL 03
c1_1_GCATCTCGTACTAAGA-1,Multiplet
c1_1_GCATCTCGTCACTACA-1,BAL 04
c1_1_GCATCTCGTCGATGCC-1,BAL 07
c1_1_GCATCTCGTTCCGTTC-1,Multiplet
c1_1_GCATCTCGTTGGTAGG-1,BAL 05
c1_1_GCATCTCGTTTGGGTT-1,Multiplet
c1_1_GCATCTCTCATATGGC-1,BAL 06
c1_1_GCATCTCTCATGGGAG-1,BAL 02
c1_1_GCATCTCTCGTCTAAG-1,BAL 08
c1_1_GCATGATAGGTCGTAG-1,BAL 04
c1_1_GCATGATCAACAGCTT-1,BAL 03
c1_1_GCATGATCAACGACAG-1,BAL 05
c1_1_GCATGATCAACGAGGT-1,BAL 03
c1_1_GCATGATCACATCATG-1,BAL 05
c1_1_GCATGATCAGTAGAAT-1,Negative
c1_1_GCATGATCAGTTAGAA-1,BAL 08
c1_1_GCATGATGTCCGTACG-1,BAL 08
c1_1_GCATGATGTGAGTAAT-1,BAL 03
c1_1_GCATGATGTGGCTAGA-1,BAL 06
c1_1_GCATGATTCCACAAGT-1,Multiplet
c1_1_GCATGATTCCAGCCTT-1,BAL 04
c1_1_GCATGATTCCGTGTAA-1,BAL 08
c1_1_GCATTAGAGCACTGGA-1,Multiplet
c1_1_GCATTAGAGGATTTAG-1,BAL 06
c1_1_GCATTAGAGTAGAATC-1,Multiplet
c1_1_GCATTAGCACCGCTGA-1,BAL 04
c1_1_GCATTAGCATACAGAA-1,BAL 06
c1_1_GCATTAGGTAACAGTA-1,BAL 01
c1_1_GCATTAGGTCGACTGC-1,BAL 01
c1_1_GCATTAGGTGGTAACG-1,BAL 02
c1_1_GCATTAGTCAGCGCGT-1,BAL 02
c1_1_GCATTAGTCTGGACTA-1,BAL 01
c1_1_GCCAACGAGGATATAC-1,BAL 04
c1_1_GCCAACGAGTGTTCAC-1,BAL 07
c1_1_GCCAACGCAGTGCCTG-1,BAL 01
c1_1_GCCAACGCATCAGCTA-1,Multiplet
c1_1_GCCAACGCATGGTGGA-1,BAL 03
c1_1_GCCAACGGTAAGGAGA-1,Multiplet
c1_1_GCCAACGGTAGACAAT-1,Multiplet
c1_1_GCCAACGGTATGAGGC-1,BAL 07
c1_1_GCCAACGGTCATAACC-1,Multiplet
c1_1_GCCAACGGTGATATAG-1,Multiplet
c1_1_GCCAACGGTGATGTAA-1,BAL 07
c1_1_GCCAACGGTGCATACT-1,BAL 04
c1_1_GCCAACGTCACATACG-1,BAL 07
c1_1_GCCAACGTCATGAGAA-1,BAL 07
c1_1_GCCAACGTCCATGCAA-1,BAL 02
c1_1_GCCAACGTCGAGAAGC-1,BAL 08
c1_1_GCCAACGTCGGCTGTG-1,BAL 06
c1_1_GCCAGCAAGCCTTGAT-1,BAL 02
c1_1_GCCAGCAAGGCGAAGG-1,BAL 05
c1_1_GCCAGCACAACACAAA-1,BAL 08
c1_1_GCCAGCACACACTTAG-1,BAL 03
c1_1_GCCAGCACAGCGACAA-1,BAL 06
c1_1_GCCAGCACAGTATGAA-1,BAL 05
c1_1_GCCAGCACATAATGAG-1,BAL 01
c1_1_GCCAGCAGTAACAGGC-1,BAL 05
c1_1_GCCAGCAGTAAGGAGA-1,BAL 03
c1_1_GCCAGCAGTAGTTACC-1,BAL 07
c1_1_GCCAGCAGTATGAAGT-1,Multiplet
c1_1_GCCAGCAGTCCTCAGG-1,BAL 05
c1_1_GCCAGCAGTGCCGAAA-1,BAL 02
c1_1_GCCAGCAGTGTATTCG-1,BAL 05
c1_1_GCCAGCATCACTTTGT-1,BAL 02
c1_1_GCCAGCATCCGATGCG-1,BAL 01
c1_1_GCCAGGTAGACCGTTT-1,BAL 03
c1_1_GCCAGGTAGATTAGTG-1,BAL 05
c1_1_GCCAGGTAGCAGCCCT-1,BAL 02
c1_1_GCCAGGTAGTGCCAGA-1,BAL 04
c1_1_GCCAGGTCACATTGTG-1,Multiplet
c1_1_GCCAGGTCACGTTGGC-1,Multiplet
c1_1_GCCAGGTCATACCAGT-1,BAL 06
c1_1_GCCAGGTCATGTGGTT-1,BAL 05
c1_1_GCCAGGTGTATGTCTG-1,BAL 02
c1_1_GCCAGGTTCAGTCACA-1,BAL 06
c1_1_GCCAGGTTCCGTGTAA-1,BAL 08
c1_1_GCCAGGTTCGGCTGTG-1,BAL 03
c1_1_GCCAGGTTCTACACTT-1,BAL 03
c1_1_GCCAGGTTCTGTCCGT-1,BAL 01
c1_1_GCCAGTGAGCATATGA-1,BAL 08
c1_1_GCCAGTGAGTCCCGAC-1,BAL 05
c1_1_GCCAGTGAGTTAACAG-1,BAL 05
c1_1_GCCAGTGCAAATGCTC-1,BAL 04
c1_1_GCCAGTGCAAGCTGCC-1,BAL 05
c1_1_GCCAGTGCAAGTTGGG-1,Multiplet
c1_1_GCCAGTGCACACACGC-1,Multiplet
c1_1_GCCAGTGCATGCGTGC-1,BAL 05
c1_1_GCCAGTGCATTGGGAG-1,Multiplet
c1_1_GCCAGTGGTAACTAAG-1,BAL 02
c1_1_GCCAGTGGTAATTAGG-1,BAL 04
c1_1_GCCAGTGGTCGCGTTG-1,BAL 02
c1_1_GCCAGTGGTGGCGCTT-1,BAL 05
c1_1_GCCAGTGGTTGGTAGG-1,BAL 07
c1_1_GCCAGTGTCATGCTAG-1,BAL 03
c1_1_GCCAGTGTCATTTGGG-1,BAL 07
c1_1_GCCAGTGTCCGGCTTT-1,BAL 04
c1_1_GCCAGTGTCGTAACAC-1,BAL 05
c1_1_GCCAGTGTCGTTCTAT-1,BAL 08
c1_1_GCCAGTGTCTAGGAAA-1,BAL 05
c1_1_GCCATGGAGAATTTGG-1,BAL 06
c1_1_GCCATGGAGACCAGCA-1,BAL 05
c1_1_GCCATGGAGTGGATAT-1,BAL 03
c1_1_GCCATGGAGTTTAGGA-1,Multiplet
c1_1_GCCATGGCAACCAACT-1,BAL 05
c1_1_GCCATGGCAAGATCCT-1,BAL 05
c1_1_GCCATGGCACTCTGCT-1,BAL 03
c1_1_GCCATGGCAGTTGGTT-1,Multiplet
c1_1_GCCATGGGTACGGCAA-1,BAL 02
c1_1_GCCATGGGTGGAACCA-1,BAL 06
c1_1_GCCATGGTCCTACAAG-1,BAL 05
c1_1_GCCATGGTCGCATTGA-1,BAL 07
c1_1_GCCATGGTCTGCGTCT-1,BAL 07
c1_1_GCCATGGTCTTTGCGC-1,BAL 05
c1_1_GCCATTCAGAAAGCGA-1,BAL 07
c1_1_GCCATTCAGACCATGG-1,BAL 04
c1_1_GCCATTCAGAGTGGCT-1,BAL 04
c1_1_GCCATTCAGCCGTAAG-1,BAL 05
c1_1_GCCATTCAGGTGATCG-1,Multiplet
c1_1_GCCATTCCACGCAAAG-1,Multiplet
c1_1_GCCATTCCACTACCGG-1,BAL 07
c1_1_GCCATTCCATGTTCGA-1,BAL 03
c1_1_GCCATTCGTATACGGG-1,BAL 07
c1_1_GCCATTCGTATCGCTA-1,BAL 02
c1_1_GCCATTCGTGTTCAGT-1,BAL 05
c1_1_GCCATTCGTTACAGCT-1,BAL 08
c1_1_GCCATTCTCACCTGTC-1,Multiplet
c1_1_GCCATTCTCCACACAA-1,BAL 03
c1_1_GCCATTCTCTCGTGAA-1,BAL 07
c1_1_GCCCAGAAGCGCCTCA-1,BAL 06
c1_1_GCCCAGAAGGAAAGAC-1,BAL 02
c1_1_GCCCAGAAGGTAACTA-1,BAL 07
c1_1_GCCCAGAAGTTGCATC-1,Multiplet
c1_1_GCCCAGACAAAGAACT-1,BAL 03
c1_1_GCCCAGACAGACACCC-1,BAL 03
c1_1_GCCCAGACATCAGCTA-1,BAL 02
c1_1_GCCCAGACATTCCTCG-1,Multiplet
c1_1_GCCCAGAGTCCCAAAT-1,BAL 02
c1_1_GCCCAGAGTTACACAC-1,BAL 02
c1_1_GCCCAGATCCTTTAGT-1,Multiplet
c1_1_GCCCAGATCTTTCCAA-1,BAL 04
c1_1_GCCCGAAAGACGCTCC-1,BAL 03
c1_1_GCCCGAAAGCAACAGC-1,BAL 06
c1_1_GCCCGAAAGCTGACCC-1,BAL 03
c1_1_GCCCGAAAGTCAGGGT-1,Negative
c1_1_GCCCGAACAAATCGTC-1,Multiplet
c1_1_GCCCGAACAGGAGACT-1,BAL 04
c1_1_GCCCGAAGTCACCGCA-1,BAL 06
c1_1_GCCCGAAGTCAGTCGC-1,BAL 05
c1_1_GCCCGAAGTGCCCTTT-1,BAL 04
c1_1_GCCCGAAGTGTTCCAA-1,BAL 05
c1_1_GCCCGAAGTTCGTTCC-1,BAL 08
c1_1_GCCCGAATCACAAGGG-1,BAL 05
c1_1_GCCGATGAGGAGAGTA-1,BAL 03
c1_1_GCCGATGAGGTAGATT-1,BAL 07
c1_1_GCCGATGAGTTTGTCG-1,BAL 02
c1_1_GCCGATGCAACAGCCC-1,Multiplet
c1_1_GCCGATGCAAGTACCT-1,BAL 06
c1_1_GCCGATGCAGGTCAGA-1,BAL 04
c1_1_GCCGATGGTATGATCC-1,BAL 05
c1_1_GCCGATGGTCCGCAGT-1,BAL 03
c1_1_GCCGATGGTGCATACT-1,BAL 06
c1_1_GCCGATGTCAGACAAA-1,Multiplet
c1_1_GCCGATGTCCGTCAAA-1,BAL 04
c1_1_GCCGATGTCCTCCACA-1,BAL 03
c1_1_GCCGATGTCGACACTA-1,BAL 03
c1_1_GCCGATGTCGGCTGTG-1,BAL 01
c1_1_GCCGTGAAGAAGGCTC-1,BAL 01
c1_1_GCCGTGAAGACCTCCG-1,BAL 07
c1_1_GCCGTGAAGGATACCG-1,BAL 07
c1_1_GCCGTGACAAGACGAC-1,Multiplet
c1_1_GCCGTGACAAGCGATG-1,BAL 02
c1_1_GCCGTGACAATATCCG-1,BAL 06
c1_1_GCCGTGACATACAGGG-1,BAL 02
c1_1_GCCGTGAGTATCTCTT-1,BAL 07
c1_1_GCCGTGAGTCCTGTCT-1,BAL 04
c1_1_GCCTGTTAGATAGTGT-1,BAL 01
c1_1_GCCTGTTAGCCGGATA-1,BAL 06
c1_1_GCCTGTTAGCGATGCA-1,BAL 08
c1_1_GCCTGTTAGTCAGGGT-1,BAL 01
c1_1_GCCTGTTAGTTCCTGA-1,BAL 06
c1_1_GCCTGTTCAATAGAGT-1,BAL 08
c1_1_GCCTGTTCAGAGTTGG-1,BAL 07
c1_1_GCCTGTTGTACACGTT-1,Multiplet
c1_1_GCCTGTTGTCATCAGT-1,BAL 04
c1_1_GCCTGTTGTCGCAACC-1,BAL 02
c1_1_GCCTGTTGTTTACACG-1,BAL 07
c1_1_GCCTGTTTCGAGTGGA-1,Multiplet
c1_1_GCCTGTTTCGGTCAGC-1,BAL 03
c1_1_GCCTGTTTCGTACCTC-1,BAL 05
c1_1_GCGAGAAAGAGCCGTA-1,Negative
c1_1_GCGAGAAAGGCTTTCA-1,BAL 01
c1_1_GCGAGAACAAGCGATG-1,BAL 08
c1_1_GCGAGAACAGTCTGGC-1,BAL 02
c1_1_GCGAGAACAGTCTTCC-1,Multiplet
c1_1_GCGAGAAGTATGAAGT-1,BAL 01
c1_1_GCGAGAAGTGAATATG-1,BAL 03
c1_1_GCGAGAATCAGCCTCT-1,BAL 03
c1_1_GCGAGAATCAGCGGAA-1,BAL 03
c1_1_GCGAGAATCCAGTGTA-1,Multiplet
c1_1_GCGAGAATCGATACGT-1,BAL 08
c1_1_GCGAGAATCTACGCAA-1,Multiplet
c1_1_GCGATCGAGCGCTTCG-1,BAL 01
c1_1_GCGATCGAGTAGGATT-1,BAL 04
c1_1_GCGATCGAGTGGACGT-1,BAL 08
c1_1_GCGATCGGTAGCTTTG-1,BAL 04
c1_1_GCGATCGGTGGAGAAA-1,Multiplet
c1_1_GCGATCGGTGTATCCA-1,BAL 08
c1_1_GCGATCGTCATCCCGT-1,BAL 06
c1_1_GCGATCGTCATTGGTG-1,Multiplet
c1_1_GCGATCGTCCACCCTA-1,BAL 03
c1_1_GCGATCGTCCCGTGAG-1,BAL 07
c1_1_GCGATCGTCGATACAC-1,BAL 04
c1_1_GCGGAAAAGAGGTTAT-1,BAL 06
c1_1_GCGGAAAAGCGTTGTT-1,Multiplet
c1_1_GCGGAAAAGGTGCTTT-1,BAL 08
c1_1_GCGGAAAAGGTGGCTA-1,BAL 05
c1_1_GCGGAAAAGTAGCAAT-1,BAL 08
c1_1_GCGGAAAAGTATCTGC-1,BAL 04
c1_1_GCGGAAACACCAGCTG-1,BAL 07
c1_1_GCGGAAACAGGGTTGA-1,BAL 03
c1_1_GCGGAAAGTAACCCGC-1,BAL 07
c1_1_GCGGAAAGTGACGCCT-1,BAL 06
c1_1_GCGGAAAGTGACTCTA-1,Multiplet
c1_1_GCGGAAAGTTCGGCTG-1,BAL 05
c1_1_GCGGAAAGTTGCATCA-1,BAL 02
c1_1_GCGGAAATCACGGGCT-1,BAL 04
c1_1_GCGGAAATCCTCACGT-1,BAL 05
c1_1_GCGGAAATCGGTCTAA-1,BAL 03
c1_1_GCGGATCCACCTATCC-1,BAL 04
c1_1_GCGGATCCAGTCGAGA-1,BAL 06
c1_1_GCGGATCGTCTTTCTA-1,BAL 08
c1_1_GCGGATCTCGACGCGT-1,BAL 04
c1_1_GCGTGCAAGAGCTTTC-1,BAL 07
c1_1_GCGTGCAAGGCAGGTT-1,BAL 07
c1_1_GCGTGCAAGTCAGCCC-1,BAL 07
c1_1_GCGTGCACACAGAGAC-1,Multiplet
c1_1_GCGTGCACATGACACT-1,BAL 07
c1_1_GCGTGCACATGGAGAC-1,BAL 01
c1_1_GCGTGCAGTCTCAGGC-1,BAL 07
c1_1_GCGTGCATCAACACGT-1,BAL 01
c1_1_GCGTGCATCATGAGTC-1,BAL 05
c1_1_GCGTGCATCGGTCGAC-1,BAL 05
c1_1_GCGTGCATCTAAGCGT-1,BAL 07
c1_1_GCGTTTCAGATGCTTC-1,BAL 07
c1_1_GCGTTTCAGCGGACAT-1,BAL 03
c1_1_GCGTTTCCACACTGGC-1,Multiplet
c1_1_GCGTTTCCAGAGATTA-1,BAL 03
c1_1_GCGTTTCCAGTGTACT-1,BAL 05
c1_1_GCGTTTCCATCGATGT-1,BAL 03
c1_1_GCGTTTCGTAGACACG-1,BAL 04
c1_1_GCGTTTCGTCCGAAGA-1,BAL 05
c1_1_GCGTTTCGTCTACACA-1,BAL 05
c1_1_GCGTTTCGTGCACATT-1,BAL 07
c1_1_GCGTTTCGTTCGTGCG-1,BAL 07
c1_1_GCGTTTCTCCGCACGA-1,BAL 06
c1_1_GCGTTTCTCCGTGTCT-1,BAL 08
c1_1_GCGTTTCTCGCGTTTC-1,BAL 02
c1_1_GCGTTTCTCTGCGATA-1,BAL 02
c1_1_GCTACAAGTCCATACA-1,BAL 06
c1_1_GCTACAAGTCTGGTTA-1,BAL 03
c1_1_GCTACAAGTTAAGCAA-1,BAL 05
c1_1_GCTACAAGTTCCGCGA-1,Multiplet
c1_1_GCTACAATCCTACACC-1,Multiplet
c1_1_GCTACAATCTGGACTA-1,Multiplet
c1_1_GCTACCTAGATTAGCA-1,Multiplet
c1_1_GCTACCTAGGGAGTGG-1,Multiplet
c1_1_GCTACCTAGTCTGTAC-1,BAL 05
c1_1_GCTACCTAGTGTTCCA-1,BAL 05
c1_1_GCTACCTCAAGACAAT-1,BAL 02
c1_1_GCTACCTCACATTACG-1,Multiplet
c1_1_GCTACCTCACCGGAAA-1,BAL 02
c1_1_GCTACCTCATACAGCT-1,BAL 08
c1_1_GCTACCTCATGGGTTT-1,BAL 03
c1_1_GCTACCTCATGGTACT-1,BAL 01
c1_1_GCTACCTGTAGGACTG-1,BAL 01
c1_1_GCTACCTGTGTGCTTA-1,Multiplet
c1_1_GCTACCTGTTGCACGC-1,BAL 07
c1_1_GCTACCTGTTGCATTG-1,BAL 08
c1_1_GCTACCTTCAAGGACG-1,BAL 02
c1_1_GCTACCTTCCTGGTCT-1,BAL 06
c1_1_GCTACCTTCTTAGCTT-1,BAL 08
c1_1_GCTCAAAAGAATCGCG-1,BAL 02
c1_1_GCTCAAAAGGGATCGT-1,BAL 01
c1_1_GCTCAAAAGTGCACAG-1,Multiplet
c1_1_GCTCAAAGTAGCCCTG-1,BAL 07
c1_1_GCTCAAAGTATCAGGG-1,BAL 07
c1_1_GCTCAAAGTCACTAGT-1,Multiplet
c1_1_GCTCAAAGTCCTTTGC-1,Multiplet
c1_1_GCTCAAAGTGACTATC-1,BAL 05
c1_1_GCTCAAAGTTTCAGAC-1,BAL 03
c1_1_GCTGAATCAAGTGGTG-1,BAL 01
c1_1_GCTGAATGTACCCACG-1,BAL 03
c1_1_GCTGAATGTTCAGCTA-1,BAL 02
c1_1_GCTGAATTCGACGAGA-1,BAL 04
c1_1_GCTGAATTCGAGCTGC-1,BAL 07
c1_1_GCTGCAGAGCGTTCAT-1,BAL 07
c1_1_GCTGCAGAGTTGCCCG-1,BAL 08
c1_1_GCTGCAGCATGGCCAC-1,Multiplet
c1_1_GCTGCAGGTGGATCAG-1,BAL 03
c1_1_GCTGCAGTCGTTGTTT-1,BAL 02
c1_1_GCTGGGTAGATGGGCT-1,BAL 01
c1_1_GCTGGGTAGCACTTTG-1,BAL 05
c1_1_GCTGGGTAGTGCTCGC-1,BAL 06
c1_1_GCTGGGTCAATAAGGT-1,BAL 05
c1_1_GCTGGGTGTCTCGGGT-1,BAL 08
c1_1_GCTGGGTTCCGTCCTA-1,BAL 07
c1_1_GCTGGGTTCGCCTTTG-1,BAL 03
c1_1_GCTGGGTTCTAGTCAG-1,BAL 02
c1_1_GCTTCACAGCCATTGT-1,Multiplet
c1_1_GCTTCACAGTGCAACG-1,BAL 08
c1_1_GCTTCACCACTATCGA-1,Multiplet
c1_1_GCTTCACCATTGACTG-1,BAL 04
c1_1_GCTTCACGTCGGAACA-1,BAL 06
c1_1_GCTTCACGTGTAGTGG-1,BAL 03
c1_1_GCTTCACTCACTACTT-1,BAL 06
c1_1_GCTTCACTCACTGGTA-1,BAL 05
c1_1_GCTTCACTCTCTGACC-1,BAL 03
c1_1_GCTTGGGAGCACGTCC-1,BAL 03
c1_1_GCTTGGGAGCCTGAGA-1,BAL 01
c1_1_GCTTGGGAGGTTCATC-1,BAL 01
c1_1_GCTTGGGCAAGAATAC-1,BAL 06
c1_1_GCTTGGGCAGCACACC-1,BAL 05
c1_1_GCTTGGGCAGTCGCAC-1,BAL 01
c1_1_GCTTGGGGTATCGCGC-1,BAL 03
c1_1_GCTTGGGGTCTACGAT-1,BAL 05
c1_1_GCTTGGGGTGCCGAAA-1,BAL 02
c1_1_GCTTGGGGTTCATCGA-1,BAL 05
c1_1_GCTTGGGGTTTGTGGT-1,Multiplet
c1_1_GCTTGGGTCCACACAA-1,BAL 07
c1_1_GCTTGGGTCCTACACC-1,Multiplet
c1_1_GCTTGGGTCGATCCCT-1,Multiplet
c1_1_GCTTTCGCAGTTGAAA-1,BAL 05
c1_1_GCTTTCGCATCATCCC-1,BAL 04
c1_1_GCTTTCGGTACAGCGA-1,Multiplet
c1_1_GCTTTCGGTCCACGCA-1,BAL 05
c1_1_GCTTTCGTCATCGCAA-1,BAL 04
c1_1_GCTTTCGTCTGGTGGC-1,BAL 03
c1_1_GGAACCCAGCGTCGAA-1,BAL 02
c1_1_GGAACCCAGCTGAGTG-1,Multiplet
c1_1_GGAACCCAGGGCAAGG-1,BAL 06
c1_1_GGAACCCAGTATCTGC-1,BAL 05
c1_1_GGAACCCAGTTAGAAC-1,BAL 07
c1_1_GGAACCCGTAGATTAG-1,BAL 05
c1_1_GGAACCCTCAAGCCTA-1,BAL 03
c1_1_GGAACCCTCCTTCTGG-1,BAL 04
c1_1_GGAACCCTCGGCATTA-1,BAL 04
c1_1_GGAAGTGGTAGAGTTA-1,BAL 07
c1_1_GGAAGTGGTAGCACGA-1,BAL 08
c1_1_GGAAGTGGTATCAGGG-1,BAL 08
c1_1_GGAAGTGGTTTGGAGG-1,BAL 04
c1_1_GGAAGTGTCCATTGGA-1,BAL 05
c1_1_GGAAGTGTCTCGCCTA-1,BAL 06
c1_1_GGAATCTAGAGATCGC-1,BAL 08
c1_1_GGAATCTAGAGTGACC-1,BAL 05
c1_1_GGAATCTCAAGGCGTA-1,BAL 03
c1_1_GGAATCTCACAATTCG-1,BAL 02
c1_1_GGAATCTCACTTACAG-1,BAL 05
c1_1_GGAATCTCAGCTAACT-1,BAL 01
c1_1_GGAATCTGTGTCATCA-1,BAL 06
c1_1_GGAATCTTCATAGCAC-1,Multiplet
c1_1_GGAATCTTCATCTACT-1,BAL 07
c1_1_GGAATCTTCCACTAGA-1,Multiplet
c1_1_GGAATCTTCCCGTAAA-1,BAL 04
c1_1_GGAATCTTCGGCTTCT-1,BAL 07
c1_1_GGAATCTTCTACGCAA-1,BAL 04
c1_1_GGAATGGAGGATACCG-1,BAL 04
c1_1_GGAATGGAGGTCATTC-1,BAL 07
c1_1_GGAATGGAGTAACCGG-1,BAL 06
c1_1_GGAATGGAGTCACTGT-1,Multiplet
c1_1_GGAATGGAGTGCGACA-1,BAL 06
c1_1_GGAATGGCAAATGAAC-1,Multiplet
c1_1_GGAATGGCAGAACATA-1,Multiplet
c1_1_GGAATGGCAGCCCAGT-1,BAL 08
c1_1_GGAATGGCATCATCCC-1,BAL 05
c1_1_GGAATGGGTACATACC-1,BAL 03
c1_1_GGAATGGGTACGATGG-1,BAL 05
c1_1_GGAATGGGTGAATTAG-1,BAL 05
c1_1_GGAATGGGTTAAGGAT-1,BAL 05
c1_1_GGAATGGTCAATCTCT-1,BAL 03
c1_1_GGAATGGTCACGAACT-1,BAL 01
c1_1_GGAATGGTCATGAGTC-1,BAL 08
c1_1_GGAATGGTCTATCACT-1,BAL 03
c1_1_GGACGTCCACACGTGC-1,BAL 02
c1_1_GGACGTCCACGGTAGA-1,BAL 06
c1_1_GGACGTCCACTTGAAC-1,BAL 03
c1_1_GGACGTCGTGCGTTTA-1,BAL 02
c1_1_GGACGTCGTGGAAGTC-1,BAL 08
c1_1_GGACGTCGTGGCGCTT-1,Multiplet
c1_1_GGACGTCGTGGTTTAC-1,Multiplet
c1_1_GGACGTCGTGTCTTGA-1,BAL 03
c1_1_GGACGTCTCGAGTGAG-1,BAL 03
c1_1_GGACGTCTCTGAGAGG-1,BAL 02
c1_1_GGAGAACAGATCACTC-1,BAL 01
c1_1_GGAGAACAGATTCGCT-1,BAL 01
c1_1_GGAGAACAGCACACCC-1,BAL 03
c1_1_GGAGAACAGTACTCGT-1,BAL 05
c1_1_GGAGAACGTAGCTCGC-1,BAL 03
c1_1_GGAGAACGTCTACAGT-1,BAL 07
c1_1_GGAGAACTCCTGGGTG-1,Multiplet
c1_1_GGAGAACTCGCTGCGA-1,BAL 06
c1_1_GGAGATGAGCTGTACT-1,BAL 02
c1_1_GGAGATGAGGGCAACT-1,BAL 01
c1_1_GGAGATGAGGTAACTA-1,BAL 07
c1_1_GGAGATGCAGGACTAG-1,BAL 03
c1_1_GGAGATGGTGTTACAC-1,BAL 07
c1_1_GGAGATGTCAAGTTGC-1,BAL 07
c1_1_GGAGATGTCATCGTAG-1,BAL 02
c1_1_GGAGATGTCGCCGAAC-1,BAL 02
c1_1_GGAGATGTCTAGGCAT-1,BAL 06
c1_1_GGAGATGTCTTCTTCC-1,BAL 02
c1_1_GGAGCAAAGAGGATGA-1,BAL 05
c1_1_GGAGCAAAGCCACAAG-1,BAL 03
c1_1_GGAGCAAAGTGGTTGG-1,BAL 08
c1_1_GGAGCAAGTAACGCGA-1,BAL 06
c1_1_GGAGCAAGTAGCGCCT-1,Multiplet
c1_1_GGAGCAAGTATCATGC-1,Multiplet
c1_1_GGAGCAAGTATGCGGA-1,BAL 01
c1_1_GGAGCAAGTCCTTGTC-1,BAL 06
c1_1_GGAGCAAGTGTGTCGC-1,BAL 05
c1_1_GGAGCAATCCACCCTA-1,BAL 02
c1_1_GGAGCAATCCCAGGCA-1,BAL 05
c1_1_GGAGCAATCGAACGGA-1,BAL 07
c1_1_GGAGCAATCGACGTCG-1,Multiplet
c1_1_GGAGGATAGAAGCGGG-1,BAL 05
c1_1_GGAGGATAGGAAGTAG-1,Multiplet
c1_1_GGAGGATAGGTACATA-1,Multiplet
c1_1_GGAGGATCAAGACCGA-1,BAL 08
c1_1_GGAGGATCAATGAAAC-1,Multiplet
c1_1_GGAGGATCATAACAGA-1,BAL 08
c1_1_GGAGGATCATGACAGG-1,BAL 07
c1_1_GGAGGATGTAGTGTGG-1,BAL 04
c1_1_GGAGGATGTCTTGTCC-1,Multiplet
c1_1_GGAGGATGTGCCTATA-1,Multiplet
c1_1_GGAGGATGTTACCCTC-1,BAL 01
c1_1_GGAGGATTCGGACCAC-1,BAL 03
c1_1_GGAGGATTCGGTAGAG-1,BAL 03
c1_1_GGAGGTAAGACCAAAT-1,BAL 01
c1_1_GGAGGTAAGACGCATG-1,BAL 07
c1_1_GGAGGTAAGAGGCCAT-1,BAL 02
c1_1_GGAGGTAAGATAACGT-1,BAL 03
c1_1_GGAGGTACAAACGGCA-1,Multiplet
c1_1_GGAGGTACAACTCGAT-1,BAL 04
c1_1_GGAGGTACACATAACC-1,BAL 04
c1_1_GGAGGTACACTGATTG-1,BAL 02
c1_1_GGAGGTACATGTCTAG-1,Multiplet
c1_1_GGAGGTAGTCTCGACG-1,BAL 08
c1_1_GGAGGTAGTGAGACGT-1,BAL 01
c1_1_GGAGGTATCATCACCC-1,Multiplet
c1_1_GGAGGTATCATTTGGG-1,BAL 03
c1_1_GGAGGTATCCCTAGGG-1,BAL 06
c1_1_GGAGGTATCCCTCATG-1,BAL 07
c1_1_GGAGGTATCGACGATT-1,Multiplet
c1_1_GGAGGTATCGCGCTGA-1,BAL 08
c1_1_GGAGGTATCTGCTTTA-1,BAL 05
c1_1_GGATCTAAGACATCAA-1,BAL 05
c1_1_GGATCTAAGGTGCATG-1,BAL 03
c1_1_GGATCTAAGTCCCAAT-1,BAL 04
c1_1_GGATCTACAACTGCCG-1,BAL 05
c1_1_GGATCTACAGACGATG-1,BAL 07
c1_1_GGATCTACAGCACGAA-1,BAL 02
c1_1_GGATCTACAGCGTGAA-1,BAL 05
c1_1_GGATCTACATAGGCGA-1,Multiplet
c1_1_GGATCTACATGGCCAC-1,Multiplet
c1_1_GGATCTAGTGGATGAC-1,BAL 05
c1_1_GGATCTAGTGTTCCTC-1,BAL 04
c1_1_GGATCTATCTACCAGA-1,BAL 02
c1_1_GGATCTATCTCCGAGG-1,BAL 03
c1_1_GGATGTTAGGCCATAG-1,BAL 05
c1_1_GGATGTTCACCGCTGA-1,BAL 08
c1_1_GGATGTTCACGCGCTA-1,Multiplet
c1_1_GGATGTTGTACGGCAA-1,BAL 01
c1_1_GGATGTTGTATCAGGG-1,BAL 08
c1_1_GGATGTTGTCTACATG-1,BAL 08
c1_1_GGATGTTGTGATAGAT-1,BAL 08
c1_1_GGATGTTGTGCCCGTA-1,Multiplet
c1_1_GGATGTTGTGCTAGCC-1,Multiplet
c1_1_GGATGTTGTGTGTCGC-1,Multiplet
c1_1_GGATGTTGTTGGCCTG-1,BAL 08
c1_1_GGATGTTGTTGGTAGG-1,BAL 05
c1_1_GGATGTTTCTAACGCA-1,BAL 01
c1_1_GGATGTTTCTCGCGTT-1,BAL 03
c1_1_GGCACGTAGCCGTTGC-1,BAL 02
c1_1_GGCACGTAGGAAGTGA-1,BAL 03
c1_1_GGCACGTGTACCGGAA-1,BAL 08
c1_1_GGCACGTGTCACTCGG-1,BAL 06
c1_1_GGCACGTGTGTATTCG-1,BAL 08
c1_1_GGCACGTGTTTCGATG-1,BAL 02
c1_1_GGCACGTTCGGCCCAA-1,Multiplet
c1_1_GGCAGTCAGAAATCCA-1,BAL 02
c1_1_GGCAGTCAGGTTGCCC-1,Multiplet
c1_1_GGCAGTCAGTGACCTT-1,BAL 06
c1_1_GGCAGTCGTCACTACA-1,BAL 04
c1_1_GGCAGTCGTCATGCAT-1,BAL 08
c1_1_GGCAGTCGTCTGTCCT-1,Multiplet
c1_1_GGCAGTCTCCTCAGAA-1,BAL 05
c1_1_GGCAGTCTCGACCAAT-1,BAL 04
c1_1_GGCAGTCTCTCAGGCG-1,BAL 02
c1_1_GGCAGTCTCTCCCAAC-1,BAL 04
c1_1_GGCAGTCTCTCGGGAC-1,BAL 07
c1_1_GGCGTCAAGCGTCAAG-1,BAL 04
c1_1_GGCGTCAAGGCAATGC-1,BAL 02
c1_1_GGCGTCACACAGAAGC-1,BAL 03
c1_1_GGCGTCACAGAGGCTA-1,BAL 02
c1_1_GGCGTCACAGCGTGCT-1,BAL 04
c1_1_GGCGTCACATGCCGCA-1,Multiplet
c1_1_GGCGTCAGTGAGTGAC-1,Multiplet
c1_1_GGCGTCATCCATAGAC-1,BAL 05
c1_1_GGCGTCATCTAGATCG-1,BAL 06
c1_1_GGCGTCATCTGAATGC-1,Multiplet
c1_1_GGCGTCATCTTGCAGA-1,BAL 08
c1_1_GGCTGTGAGGATGGCT-1,BAL 08
c1_1_GGCTGTGCAACGTATC-1,BAL 06
c1_1_GGCTGTGCAGGAGGAG-1,BAL 01
c1_1_GGCTGTGCATTGACAC-1,BAL 07
c1_1_GGCTGTGGTACCTTCC-1,BAL 07
c1_1_GGCTGTGGTAGCCCTG-1,BAL 05
c1_1_GGCTGTGGTCAGGTGA-1,BAL 08
c1_1_GGCTGTGGTGGCTTAT-1,BAL 07
c1_1_GGCTGTGGTGTTATCG-1,BAL 03
c1_1_GGCTGTGTCATTCATC-1,BAL 06
c1_1_GGCTGTGTCGAAATCC-1,Multiplet
c1_1_GGCTGTGTCGGTCGAC-1,BAL 06
c1_1_GGCTGTGTCTTCTGGC-1,Multiplet
c1_1_GGCTTGGAGAAATCCA-1,BAL 01
c1_1_GGCTTGGAGCGGGTAT-1,BAL 02
c1_1_GGCTTGGAGGAACTAT-1,Multiplet
c1_1_GGCTTGGGTTGCGGAA-1,Multiplet
c1_1_GGCTTGGTCTTGGTCC-1,BAL 01
c1_1_GGCTTTCAGGATATGT-1,BAL 01
c1_1_GGCTTTCAGGTTGAGC-1,Multiplet
c1_1_GGCTTTCCAAGGCGTA-1,BAL 08
c1_1_GGCTTTCCACGTACTA-1,BAL 02
c1_1_GGCTTTCGTTCTCCTG-1,BAL 08
c1_1_GGCTTTCTCACGGAGA-1,Multiplet
c1_1_GGCTTTCTCAGAGCGA-1,BAL 07
c1_1_GGCTTTCTCCGTGTAA-1,Multiplet
c1_1_GGCTTTCTCTGGTGCG-1,BAL 06
c1_1_GGCTTTCTCTGGTGGC-1,BAL 05
c1_1_GGGAAGTAGGCCACCT-1,BAL 03
c1_1_GGGAAGTAGTATGATG-1,BAL 01
c1_1_GGGAAGTCAATTCGTG-1,BAL 07
c1_1_GGGAAGTCACAGTCCG-1,BAL 02
c1_1_GGGAAGTCACCTCTAC-1,BAL 04
c1_1_GGGAAGTCACGCCACA-1,BAL 03
c1_1_GGGAAGTCAGACCATT-1,BAL 04
c1_1_GGGAAGTCAGACTCTA-1,BAL 03
c1_1_GGGAAGTCAGCTGTTA-1,Multiplet
c1_1_GGGAAGTGTGAATGAT-1,Multiplet
c1_1_GGGAAGTTCAAAGACA-1,BAL 05
c1_1_GGGAAGTTCACAAGGG-1,BAL 02
c1_1_GGGAAGTTCATACGGT-1,BAL 05
c1_1_GGGAAGTTCGGACCAC-1,BAL 03
c1_1_GGGAAGTTCTCACCCA-1,BAL 01
c1_1_GGGACAAAGAGCATTA-1,Multiplet
c1_1_GGGACAAAGATGACCG-1,BAL 02
c1_1_GGGACAAAGCGTGAGT-1,Multiplet
c1_1_GGGACAACATCGGCCA-1,BAL 02
c1_1_GGGACAATCAACACGT-1,BAL 02
c1_1_GGGACAATCCTGGCTT-1,BAL 08
c1_1_GGGACAATCTTACTGT-1,Multiplet
c1_1_GGGACCTAGCGATGAC-1,Multiplet
c1_1_GGGACCTAGGACATCG-1,Multiplet
c1_1_GGGACCTCAACGTAAA-1,Multiplet
c1_1_GGGACCTCAAGCACAG-1,Multiplet
c1_1_GGGACCTCACCTCTGT-1,Multiplet
c1_1_GGGACCTGTACGATTC-1,BAL 05
c1_1_GGGACCTGTTGTGTAC-1,Multiplet
c1_1_GGGACCTGTTGTGTTG-1,Multiplet
c1_1_GGGACCTTCGGAGATG-1,BAL 02
c1_1_GGGACCTTCGTAACTG-1,Multiplet
c1_1_GGGACCTTCTAACACG-1,BAL 04
c1_1_GGGACTCCAATTGCGT-1,Multiplet
c1_1_GGGACTCCATTAGGCT-1,BAL 05
c1_1_GGGACTCTCCATCCGT-1,BAL 04
c1_1_GGGACTCTCCGATCTC-1,BAL 05
c1_1_GGGACTCTCCGTGGTG-1,BAL 06
c1_1_GGGACTCTCCTAGCGG-1,BAL 02
c1_1_GGGAGATAGCTGAGTG-1,BAL 04
c1_1_GGGAGATAGGAATCGC-1,BAL 06
c1_1_GGGAGATAGGCATGGT-1,BAL 07
c1_1_GGGAGATAGGTACTGG-1,BAL 07
c1_1_GGGAGATAGTAAATGC-1,BAL 02
c1_1_GGGAGATCAAATCAGA-1,BAL 03
c1_1_GGGAGATCAACGCATT-1,BAL 05
c1_1_GGGAGATCAATGAGCG-1,BAL 05
c1_1_GGGAGATCACAACATC-1,BAL 05
c1_1_GGGAGATCACACGTGC-1,BAL 08
c1_1_GGGAGATCACTAGGTT-1,BAL 01
c1_1_GGGAGATCATACGCAT-1,Multiplet
c1_1_GGGAGATGTAACACGG-1,BAL 01
c1_1_GGGAGATGTCGTCTCT-1,BAL 08
c1_1_GGGAGATGTGTAGTGG-1,BAL 01
c1_1_GGGAGTAAGAAACCCG-1,BAL 08
c1_1_GGGAGTAAGATGTTGA-1,BAL 01
c1_1_GGGAGTAAGCACCTGC-1,BAL 01
c1_1_GGGAGTAAGCTAGCCC-1,BAL 08
c1_1_GGGAGTAAGCTGAGTG-1,BAL 05
c1_1_GGGAGTAAGGCCACTC-1,BAL 03
c1_1_GGGAGTAAGGTCACAG-1,BAL 08
c1_1_GGGAGTAAGTACTCGT-1,Multiplet
c1_1_GGGAGTACAATGTGGG-1,BAL 08
c1_1_GGGAGTACAATTGCGT-1,Multiplet
c1_1_GGGAGTACAATTTCCT-1,BAL 06
c1_1_GGGAGTACAGTCGAGA-1,Multiplet
c1_1_GGGAGTACATGGGTCC-1,BAL 01
c1_1_GGGAGTAGTCACAGAG-1,Multiplet
c1_1_GGGAGTAGTCGGTGTC-1,BAL 04
c1_1_GGGAGTAGTCGTCAGC-1,BAL 07
c1_1_GGGAGTAGTTGGGATG-1,Negative
c1_1_GGGAGTATCATGCCCT-1,BAL 03
c1_1_GGGAGTATCCAGCACG-1,Multiplet
c1_1_GGGAGTATCCGTGTAA-1,Multiplet
c1_1_GGGAGTATCGTTAGTG-1,BAL 02
c1_1_GGGATCCCACGCTGCA-1,Multiplet
c1_1_GGGATCCCATTGTCGA-1,BAL 04
c1_1_GGGATCCGTCAGGTAG-1,BAL 02
c1_1_GGGATCCGTGAGGCAT-1,BAL 02
c1_1_GGGATCCGTGAGTGAC-1,BAL 01
c1_1_GGGATCCTCGCCGAGT-1,BAL 03
c1_1_GGGATGAGTCCACTTC-1,BAL 02
c1_1_GGGATGAGTCCGCAGT-1,BAL 02
c1_1_GGGATGAGTTCCCACT-1,BAL 03
c1_1_GGGATGATCCTTACCG-1,Multiplet
c1_1_GGGATGATCGTTCTGC-1,BAL 08
c1_1_GGGCCATAGCGTCGAA-1,BAL 05
c1_1_GGGCCATAGGAAGAAC-1,BAL 07
c1_1_GGGCCATAGGTATAGT-1,BAL 04
c1_1_GGGCCATAGTAGGGTC-1,BAL 01
c1_1_GGGCCATAGTCAATCC-1,BAL 02
c1_1_GGGCCATCAATACGAA-1,BAL 02
c1_1_GGGCCATCAGCAGATG-1,Multiplet
c1_1_GGGCCATCATACCGTA-1,BAL 01
c1_1_GGGCCATCATCGGATT-1,Multiplet
c1_1_GGGCCATTCCGCGGAT-1,BAL 07
c1_1_GGGCCATTCGCTCTCA-1,BAL 05
c1_1_GGGCCATTCGGCTATA-1,BAL 08
c1_1_GGGCCATTCGTGCTCT-1,BAL 01
c1_1_GGGCCATTCTAAGGAA-1,Multiplet
c1_1_GGGCCATTCTTCTAAC-1,Multiplet
c1_1_GGGCGTTAGGTTTACC-1,BAL 04
c1_1_GGGCGTTAGTCCTGTA-1,BAL 07
c1_1_GGGCGTTAGTTGTAAG-1,BAL 01
c1_1_GGGCGTTCAAAGAGTT-1,BAL 07
c1_1_GGGCGTTCAATAGTGA-1,BAL 02
c1_1_GGGCGTTCAGCGACCT-1,BAL 01
c1_1_GGGCGTTGTAACTTCG-1,BAL 04
c1_1_GGGCGTTGTGACGCCT-1,BAL 03
c1_1_GGGCGTTTCCGTAATG-1,BAL 06
c1_1_GGGCGTTTCGAAACAA-1,BAL 02
c1_1_GGGCGTTTCTGTCAGA-1,BAL 05
c1_1_GGGCTACAGAACCCGA-1,BAL 08
c1_1_GGGCTACAGGTTCTTG-1,BAL 06
c1_1_GGGCTACAGTTGCCCG-1,BAL 03
c1_1_GGGCTACGTCGGAAAC-1,BAL 06
c1_1_GGGCTACGTGGTAATA-1,BAL 04
c1_1_GGGCTACGTGTGGACA-1,BAL 05
c1_1_GGGCTACTCCTTTGAT-1,BAL 07
c1_1_GGGCTACTCGCGTCGA-1,BAL 05
c1_1_GGGCTACTCTCCCTAG-1,Multiplet
c1_1_GGGCTACTCTGAGAGG-1,BAL 07
c1_1_GGGCTCAAGCAGGGAG-1,BAL 07
c1_1_GGGCTCAAGCCGCTTG-1,BAL 08
c1_1_GGGCTCAAGCCTTTGA-1,Multiplet
c1_1_GGGCTCAAGGCTGTAG-1,BAL 07
c1_1_GGGCTCAAGGTAGTCG-1,BAL 06
c1_1_GGGCTCACAAATGGTA-1,Multiplet
c1_1_GGGCTCACAGAAACCG-1,Multiplet
c1_1_GGGCTCACAGTCAGCC-1,BAL 06
c1_1_GGGCTCACATACTTTC-1,BAL 05
c1_1_GGGCTCAGTGTATACC-1,BAL 07
c1_1_GGGCTCAGTTTCACTT-1,Multiplet
c1_1_GGGCTCATCCCTTGGT-1,BAL 08
c1_1_GGGCTCATCCGTGGTG-1,BAL 08
c1_1_GGGTAGAAGGAACGAA-1,BAL 07
c1_1_GGGTAGAAGGTAAAGG-1,BAL 05
c1_1_GGGTAGACAGTCGAGA-1,BAL 04
c1_1_GGGTAGACATAGAATG-1,BAL 06
c1_1_GGGTAGAGTACAAGTA-1,Multiplet
c1_1_GGGTAGAGTACCCACG-1,BAL 01
c1_1_GGGTAGAGTCTCAGGC-1,BAL 05
c1_1_GGGTAGATCCACACAA-1,Multiplet
c1_1_GGGTAGATCCATTGCC-1,BAL 07
c1_1_GGGTAGATCCGATGCG-1,BAL 03
c1_1_GGGTAGATCGCAGAGA-1,BAL 02
c1_1_GGGTATTAGCACGTCC-1,Multiplet
c1_1_GGGTATTAGTTGAATG-1,Multiplet
c1_1_GGGTATTCAACGACAG-1,BAL 06
c1_1_GGGTATTCAACTACGT-1,BAL 03
c1_1_GGGTATTCAAGACAAT-1,BAL 07
c1_1_GGGTATTCACACCGCA-1,BAL 01
c1_1_GGGTATTCAGGTACGA-1,BAL 07
c1_1_GGGTATTCAGTGGCTC-1,BAL 03
c1_1_GGGTATTGTACGCTTA-1,BAL 06
c1_1_GGGTATTGTACGGGAT-1,BAL 08
c1_1_GGGTATTGTAGCACGA-1,BAL 07
c1_1_GGGTATTGTAGGAGTC-1,BAL 04
c1_1_GGGTATTGTCACTCAA-1,BAL 07
c1_1_GGGTATTGTTTCGTGA-1,BAL 08
c1_1_GGGTATTTCAAGAATG-1,BAL 06
c1_1_GGGTATTTCATTGTTC-1,BAL 03
c1_1_GGGTATTTCGCTGCGA-1,BAL 04
c1_1_GGGTATTTCGTGGGTC-1,BAL 07
c1_1_GGGTCACCAAGAGTGC-1,BAL 03
c1_1_GGGTCACCACAGTGAG-1,BAL 06
c1_1_GGGTCACGTTGTGTTG-1,BAL 04
c1_1_GGGTCACTCACATACG-1,BAL 04
c1_1_GGGTCACTCACTGAAC-1,BAL 05
c1_1_GGGTCACTCGACGCGT-1,BAL 05
c1_1_GGGTCTGAGATACCAA-1,Multiplet
c1_1_GGGTCTGAGCCACTCG-1,BAL 03
c1_1_GGGTCTGAGGACAAGA-1,BAL 08
c1_1_GGGTCTGAGGATATAC-1,BAL 02
c1_1_GGGTCTGAGGGTTTCT-1,BAL 08
c1_1_GGGTCTGAGTGCTACT-1,BAL 07
c1_1_GGGTCTGCACTTGGGC-1,BAL 08
c1_1_GGGTCTGCAGGAGGAG-1,BAL 01
c1_1_GGGTCTGGTAGGCTCC-1,BAL 02
c1_1_GGGTCTGGTGCCTGCA-1,BAL 03
c1_1_GGGTCTGGTGTCGATT-1,BAL 03
c1_1_GGGTCTGGTTTCCCAC-1,BAL 03
c1_1_GGGTCTGTCAGTGTGT-1,BAL 05
c1_1_GGGTCTGTCGAACTCA-1,BAL 03
c1_1_GGGTCTGTCTTCCACG-1,BAL 08
c1_1_GGGTGAAAGGTGCTTT-1,BAL 02
c1_1_GGGTGAACACTTCATT-1,BAL 03
c1_1_GGGTGAACAGAGAAAG-1,BAL 02
c1_1_GGGTGAACAGCAGTGA-1,Multiplet
c1_1_GGGTGAACATTATGCG-1,BAL 06
c1_1_GGGTGAAGTAAGATTG-1,BAL 08
c1_1_GGGTGAAGTACGCTTA-1,Multiplet
c1_1_GGGTGAAGTCATCCGG-1,BAL 03
c1_1_GGGTGAAGTCCGGATC-1,BAL 05
c1_1_GGGTGAAGTCGGTGTC-1,BAL 06
c1_1_GGGTGAAGTGGCTGAA-1,BAL 07
c1_1_GGGTGAAGTTACACAC-1,BAL 02
c1_1_GGGTGAATCCGATAGT-1,BAL 04
c1_1_GGGTGAATCCGGTAGC-1,BAL 08
c1_1_GGGTGAATCTTCACAT-1,Negative
c1_1_GGGTGTCAGAACTCCT-1,BAL 05
c1_1_GGGTGTCAGATGCAGC-1,BAL 03
c1_1_GGGTGTCAGCACCTGC-1,BAL 04
c1_1_GGGTGTCAGGATATAC-1,Multiplet
c1_1_GGGTGTCAGGGTTTCT-1,Multiplet
c1_1_GGGTGTCCACAATGTC-1,BAL 03
c1_1_GGGTGTCCACGACAGA-1,Multiplet
c1_1_GGGTGTCCAGGGTTGA-1,BAL 02
c1_1_GGGTGTCGTGTGTCGC-1,Multiplet
c1_1_GGGTGTCTCGAGTACT-1,BAL 03
c1_1_GGGTTATAGCCGCTTG-1,BAL 01
c1_1_GGGTTATAGCGAGGAG-1,BAL 02
c1_1_GGGTTATCACGTAGTT-1,Multiplet
c1_1_GGGTTATCACTACTTT-1,BAL 06
c1_1_GGGTTATCAGGTCCCA-1,BAL 07
c1_1_GGGTTATCATAACAGA-1,BAL 07
c1_1_GGGTTATCATCTAGAC-1,BAL 01
c1_1_GGGTTATCATGTTACG-1,BAL 07
c1_1_GGGTTATGTCAACATC-1,BAL 01
c1_1_GGGTTATGTGCGTGCT-1,BAL 05
c1_1_GGGTTATTCATAAGGA-1,BAL 08
c1_1_GGGTTATTCCGATAAC-1,BAL 01
c1_1_GGGTTATTCGCTCTAC-1,BAL 04
c1_1_GGGTTATTCGTGGTAT-1,BAL 07
c1_1_GGGTTATTCTTCGGAA-1,BAL 03
c1_1_GGGTTTACAGAGAGGG-1,BAL 07
c1_1_GGGTTTACAGAGGCTA-1,BAL 03
c1_1_GGGTTTACATCCTAAG-1,BAL 05
c1_1_GGGTTTACATCGGATT-1,Multiplet
c1_1_GGGTTTACATGTGACT-1,BAL 07
c1_1_GGGTTTAGTAACATAG-1,BAL 05
c1_1_GGGTTTAGTGGTAACG-1,BAL 07
c1_1_GGGTTTATCACGACTA-1,BAL 06
c1_1_GGGTTTATCCTTATGT-1,BAL 05
c1_1_GGGTTTATCTCCTGAC-1,BAL 02
c1_1_GGTAACTAGAGTAACT-1,BAL 02
c1_1_GGTAACTAGCACCTGC-1,BAL 08
c1_1_GGTAACTAGCCTCAAT-1,BAL 07
c1_1_GGTAACTAGTCCCGGT-1,BAL 04
c1_1_GGTAACTCAAGTGATA-1,BAL 05
c1_1_GGTAACTCATCCGGCA-1,BAL 06
c1_1_GGTAACTCATTCAGGT-1,BAL 03
c1_1_GGTAACTGTAGATTAG-1,BAL 03
c1_1_GGTAACTGTCCATACA-1,Multiplet
c1_1_GGTAACTGTGCCTACG-1,BAL 07
c1_1_GGTAACTGTGCCTGCA-1,Negative
c1_1_GGTAACTGTGCGTGCT-1,BAL 03
c1_1_GGTAACTGTTGGCTAT-1,BAL 07
c1_1_GGTAACTTCCATTTGT-1,Multiplet
c1_1_GGTAACTTCGCATGAT-1,BAL 05
c1_1_GGTAACTTCGTCGATA-1,BAL 03
c1_1_GGTAATCAGCTAGTTC-1,Multiplet
c1_1_GGTAATCCACAAATCC-1,BAL 08
c1_1_GGTAATCCACATTACG-1,Multiplet
c1_1_GGTAATCGTCTAACTG-1,BAL 05
c1_1_GGTAATCGTGGAAGTC-1,BAL 08
c1_1_GGTAATCGTTTAGAGA-1,BAL 05
c1_1_GGTAATCTCCGGGACT-1,BAL 07
c1_1_GGTAATCTCGAGAAGC-1,BAL 05
c1_1_GGTAATCTCTAGGCAT-1,BAL 04
c1_1_GGTAATCTCTATGCCC-1,BAL 06
c1_1_GGTAATCTCTGGAAGG-1,BAL 04
c1_1_GGTAATCTCTTGGAAC-1,BAL 08
c1_1_GGTAGAGAGTCTAACC-1,BAL 04
c1_1_GGTAGAGCAGACCATT-1,BAL 02
c1_1_GGTAGAGCAGTAGATA-1,BAL 04
c1_1_GGTAGAGGTCCGATCG-1,BAL 07
c1_1_GGTAGAGGTTGAATCC-1,BAL 06
c1_1_GGTAGAGGTTGCAAGG-1,BAL 01
c1_1_GGTAGAGTCAAAGGTA-1,BAL 07
c1_1_GGTCACGAGACCATTC-1,BAL 01
c1_1_GGTCACGAGAGAGCGG-1,BAL 03
c1_1_GGTCACGAGCCTATTG-1,BAL 06
c1_1_GGTCACGAGCTGTTAC-1,BAL 02
c1_1_GGTCACGAGGATATAC-1,BAL 07
c1_1_GGTCACGAGGGTACGT-1,BAL 03
c1_1_GGTCACGCAACAGCCC-1,BAL 08
c1_1_GGTCACGCAAGCAGGT-1,BAL 05
c1_1_GGTCACGCAATCTAGC-1,BAL 02
c1_1_GGTCACGCACGTTCGG-1,BAL 03
c1_1_GGTCACGGTGTCATCA-1,BAL 05
c1_1_GGTCACGTCCACACCT-1,BAL 06
c1_1_GGTCACGTCGCTGTTC-1,BAL 07
c1_1_GGTCACGTCGTTGTGA-1,BAL 07
c1_1_GGTCACGTCTACGGTA-1,Multiplet
c1_1_GGTCTGGAGGGCATGT-1,BAL 05
c1_1_GGTCTGGCAGAGATTA-1,BAL 08
c1_1_GGTCTGGCAGTGCCTG-1,BAL 04
c1_1_GGTCTGGGTAGGCTCC-1,Multiplet
c1_1_GGTCTGGGTCGTTTCC-1,BAL 08
c1_1_GGTCTGGGTGCCGAAA-1,BAL 04
c1_1_GGTGAAGAGTCCTGCG-1,BAL 01
c1_1_GGTGAAGCACGAAAGC-1,BAL 01
c1_1_GGTGAAGCATAGCACT-1,BAL 06
c1_1_GGTGAAGGTGACTCTA-1,BAL 02
c1_1_GGTGAAGTCAGCTCTC-1,BAL 07
c1_1_GGTGAAGTCCAAGCTA-1,BAL 02
c1_1_GGTGAAGTCGACCACG-1,BAL 06
c1_1_GGTGAAGTCGCATGAT-1,Multiplet
c1_1_GGTGAAGTCTGGCCTT-1,BAL 06
c1_1_GGTGATTAGAGCATAT-1,BAL 01
c1_1_GGTGATTAGCCTGGAA-1,BAL 03
c1_1_GGTGATTAGTATGAAC-1,BAL 05
c1_1_GGTGATTAGTATTAGG-1,Multiplet
c1_1_GGTGATTCAAACGGCA-1,BAL 08
c1_1_GGTGATTCAATTCTCT-1,BAL 03
c1_1_GGTGATTGTAGGTAGC-1,BAL 07
c1_1_GGTGATTGTCACTACA-1,BAL 04
c1_1_GGTGATTGTTCCAGGC-1,BAL 04
c1_1_GGTGATTGTTGAGAGC-1,BAL 02
c1_1_GGTGATTTCACCCTTG-1,Multiplet
c1_1_GGTGATTTCCGTTGGG-1,Multiplet
c1_1_GGTGATTTCGTACACA-1,BAL 03
c1_1_GGTGGCTAGACATGCG-1,BAL 05
c1_1_GGTGGCTAGACTGTTC-1,BAL 06
c1_1_GGTGGCTCAACCACGC-1,BAL 06
c1_1_GGTGGCTCAAGGAGTC-1,BAL 02
c1_1_GGTGGCTCACATTACG-1,BAL 05
c1_1_GGTGGCTCAGCACGAA-1,BAL 07
c1_1_GGTGGCTGTACCACGC-1,BAL 05
c1_1_GGTGGCTGTACCATAC-1,BAL 05
c1_1_GGTGGCTGTACTGAGG-1,BAL 05
c1_1_GGTGGCTGTCAAAGCG-1,BAL 01
c1_1_GGTGGCTGTTACAGCT-1,Multiplet
c1_1_GGTGGCTGTTCTCCTG-1,Multiplet
c1_1_GGTGGCTGTTTCCATT-1,BAL 02
c1_1_GGTGGCTTCGGTCGAC-1,Multiplet
c1_1_GGTGGCTTCGTTCGCT-1,Multiplet
c1_1_GGTGTCGAGACGATAT-1,BAL 07
c1_1_GGTGTCGAGACGGATC-1,BAL 02
c1_1_GGTGTCGAGTTGTAGA-1,Multiplet
c1_1_GGTGTCGCAAGACCTT-1,BAL 04
c1_1_GGTGTCGCAAGTGGTG-1,BAL 01
c1_1_GGTGTCGCAGAGTTGG-1,BAL 02
c1_1_GGTGTCGCATGATCTG-1,BAL 02
c1_1_GGTGTCGGTCACAATC-1,BAL 03
c1_1_GGTGTCGGTGGCTAGA-1,BAL 08
c1_1_GGTGTCGGTTCTCTAT-1,BAL 04
c1_1_GGTGTCGTCACTGTTT-1,BAL 08
c1_1_GGTGTCGTCCGCAAAT-1,Multiplet
c1_1_GGTGTCGTCCGGGACT-1,BAL 02
c1_1_GGTGTTAAGCCAGACA-1,BAL 07
c1_1_GGTGTTAAGGTCGTCC-1,BAL 05
c1_1_GGTGTTAAGTAGGTTA-1,BAL 04
c1_1_GGTGTTAAGTGATTCC-1,BAL 06
c1_1_GGTGTTACACTTCTCG-1,BAL 02
c1_1_GGTGTTAGTAACCAGG-1,BAL 01
c1_1_GGTGTTAGTACCGCGT-1,BAL 02
c1_1_GGTGTTAGTCTGGTTA-1,BAL 02
c1_1_GGTGTTAGTCTTCAAG-1,BAL 04
c1_1_GGTGTTAGTTAACCTG-1,BAL 06
c1_1_GGTGTTATCACAGAGG-1,BAL 01
c1_1_GGTGTTATCATTCACT-1,BAL 08
c1_1_GGTGTTATCCGCAACG-1,BAL 02
c1_1_GGTGTTATCGAAACAA-1,Multiplet
c1_1_GGTGTTATCTCCAAGA-1,BAL 03
c1_1_GGTGTTATCTTCCAGC-1,BAL 02
c1_1_GGTTAACAGGAGTACC-1,BAL 01
c1_1_GGTTAACAGGCGACAT-1,BAL 07
c1_1_GGTTAACAGTAGACCG-1,Multiplet
c1_1_GGTTAACCAGCTAACT-1,Multiplet
c1_1_GGTTAACCAGTAGGAC-1,Multiplet
c1_1_GGTTAACGTACGACAG-1,BAL 05
c1_1_GGTTAACGTACTGAGG-1,BAL 05
c1_1_GGTTAACGTTAGCGGA-1,BAL 08
c1_1_GGTTAACTCCATCAGA-1,BAL 03
c1_1_GGTTAACTCCGGACGT-1,BAL 02
c1_1_GGTTAACTCCTTCTTC-1,BAL 08
c1_1_GGTTAACTCTAAGCGT-1,Multiplet
c1_1_GGTTAACTCTCGGCTT-1,BAL 04
c1_1_GGTTCTCAGTTCGCAT-1,BAL 03
c1_1_GGTTCTCCATGAGGGT-1,BAL 08
c1_1_GGTTCTCCATGCAGGA-1,BAL 03
c1_1_GGTTCTCCATGTTCGA-1,BAL 07
c1_1_GGTTCTCGTAGCGCCT-1,BAL 02
c1_1_GGTTCTCGTAGGCAAC-1,BAL 06
c1_1_GGTTCTCGTGTATTGC-1,BAL 03
c1_1_GGTTCTCTCACGAACT-1,Multiplet
c1_1_GGTTCTCTCAGTGATC-1,BAL 05
c1_1_GGTTCTCTCCTCAGGG-1,Multiplet
c1_1_GGTTGTACAAACCGGA-1,Negative
c1_1_GGTTGTACAACCCGCA-1,BAL 05
c1_1_GGTTGTACATCGCTGG-1,Multiplet
c1_1_GGTTGTATCAGAACCT-1,BAL 07
c1_1_GGTTGTATCGAACACT-1,BAL 08
c1_1_GGTTGTATCGAGATGG-1,BAL 08
c1_1_GGTTGTATCGTCAGAT-1,Multiplet
c1_1_GGTTGTATCTCGCCTA-1,BAL 02
c1_1_GGTTGTATCTTCCCAG-1,BAL 03
c1_1_GTAACACAGAGTGACC-1,BAL 05
c1_1_GTAACACAGCAACAAT-1,BAL 01
c1_1_GTAACACAGGATACAT-1,BAL 05
c1_1_GTAACACAGGCTATCT-1,BAL 01
c1_1_GTAACACAGTTAGTGA-1,BAL 05
c1_1_GTAACACCAATGTCTG-1,BAL 08
c1_1_GTAACACGTATAGGGC-1,Multiplet
c1_1_GTAACACGTCGCATCG-1,BAL 01
c1_1_GTAACACGTTGGCTAT-1,Multiplet
c1_1_GTAACACTCACTCTTA-1,BAL 08
c1_1_GTAACACTCATTCGTT-1,BAL 03
c1_1_GTAACCAAGAAACCCG-1,Multiplet
c1_1_GTAACCAAGAGGGTAA-1,BAL 05
c1_1_GTAACCAAGCTCGCAC-1,BAL 07
c1_1_GTAACCAAGGTCCCGT-1,BAL 08
c1_1_GTAACCACACACGTGC-1,BAL 05
c1_1_GTAACCACACATGGTT-1,BAL 05
c1_1_GTAACCACACCGTCGA-1,BAL 06
c1_1_GTAACCACACCTTCGT-1,Multiplet
c1_1_GTAACCACAGGTATGG-1,Multiplet
c1_1_GTAACCAGTACGACAG-1,BAL 05
c1_1_GTAACCAGTCGTATTG-1,BAL 02
c1_1_GTAACCATCCCTCATG-1,BAL 07
c1_1_GTAAGTCAGAATACAC-1,BAL 02
c1_1_GTAAGTCAGAATCGCG-1,BAL 02
c1_1_GTAAGTCAGACATACA-1,BAL 02
c1_1_GTAAGTCAGGACGCTA-1,BAL 08
c1_1_GTAAGTCAGTTTCAGC-1,BAL 04
c1_1_GTAAGTCCAAAGGGCT-1,Multiplet
c1_1_GTAAGTCCAAGTGCAG-1,BAL 04
c1_1_GTAAGTCCAATTGAAG-1,Multiplet
c1_1_GTAAGTCCAGAGTCAG-1,BAL 06
c1_1_GTAAGTCCAGGTCCGT-1,Multiplet
c1_1_GTAAGTCGTATGGTTC-1,BAL 06
c1_1_GTAAGTCGTCGGTGTC-1,BAL 02
c1_1_GTAAGTCGTTACGATC-1,BAL 06
c1_1_GTAAGTCTCTTTGCAT-1,Multiplet
c1_1_GTAATCGAGACAGCGT-1,Multiplet
c1_1_GTAATCGAGACGACGT-1,BAL 03
c1_1_GTAATCGAGAGATCGC-1,BAL 03
c1_1_GTAATCGAGATGCTTC-1,BAL 04
c1_1_GTAATCGAGCGCCCAT-1,BAL 08
c1_1_GTAATCGAGGTACATA-1,BAL 01
c1_1_GTAATCGCAGACCAAG-1,BAL 02
c1_1_GTAATCGCAGGTCTCG-1,BAL 07
c1_1_GTAATCGGTAACAGGC-1,Multiplet
c1_1_GTAATCGGTCAAAGAT-1,BAL 07
c1_1_GTAATCGGTGCTCTCT-1,BAL 03
c1_1_GTAATCGGTGGTTTGT-1,BAL 02
c1_1_GTAATCGGTTCCCAAA-1,BAL 02
c1_1_GTAATCGGTTTGCAGT-1,BAL 04
c1_1_GTAATCGTCGCCACTT-1,BAL 08
c1_1_GTAATCGTCTACTGCC-1,BAL 04
c1_1_GTAATCGTCTGCGGCA-1,Multiplet
c1_1_GTAATGCAGGTAGTAT-1,BAL 08
c1_1_GTAATGCAGGTTGAGC-1,BAL 03
c1_1_GTAATGCAGTATGATG-1,BAL 03
c1_1_GTAATGCCAATTCACG-1,BAL 06
c1_1_GTAATGCCAATTCTCT-1,Multiplet
c1_1_GTAATGCCACAAGCAG-1,BAL 08
c1_1_GTAATGCCATCATTTC-1,BAL 06
c1_1_GTAATGCGTAACATAG-1,BAL 03
c1_1_GTAATGCGTCATTGCA-1,BAL 03
c1_1_GTAATGCGTGACTCTA-1,BAL 02
c1_1_GTAATGCTCTGAGATC-1,Multiplet
c1_1_GTACAACAGCTCGTGC-1,BAL 04
c1_1_GTACAACAGCTGCCAC-1,Multiplet
c1_1_GTACAACCAACCGCCA-1,BAL 01
c1_1_GTACAACCAATTGCCA-1,BAL 05
c1_1_GTACAACCACTAAACC-1,BAL 05
c1_1_GTACAACCACTCCGGA-1,BAL 03
c1_1_GTACAACGTAGCGCTC-1,BAL 05
c1_1_GTACAACTCAGCTCTC-1,BAL 03
c1_1_GTACAACTCCGTGCGA-1,Multiplet
c1_1_GTACAACTCGAACCTA-1,BAL 02
c1_1_GTACAGTAGACCTCAT-1,BAL 05
c1_1_GTACAGTAGACGGATC-1,Multiplet
c1_1_GTACAGTCAAGAAACT-1,BAL 06
c1_1_GTACAGTCATACTGAC-1,BAL 02
c1_1_GTACAGTGTAGGAGGG-1,BAL 02
c1_1_GTACAGTGTATCGGTT-1,BAL 05
c1_1_GTACAGTGTTAGAAAC-1,BAL 06
c1_1_GTACAGTGTTGTTGAC-1,BAL 02
c1_1_GTACAGTTCACCTCAC-1,BAL 07
c1_1_GTACAGTTCCTTGGAA-1,BAL 03
c1_1_GTACAGTTCGCCAGTG-1,BAL 02
c1_1_GTACAGTTCGGCAGTC-1,BAL 07
c1_1_GTAGAAAAGAAAGCGA-1,Multiplet
c1_1_GTAGAAAAGCCGTTGC-1,BAL 06
c1_1_GTAGAAAAGCTGGCTC-1,BAL 08
c1_1_GTAGAAAAGGAGCTGT-1,Multiplet
c1_1_GTAGAAACAGCACCCA-1,BAL 05
c1_1_GTAGAAACATCATTGG-1,BAL 06
c1_1_GTAGAAAGTGAGTAAT-1,BAL 03
c1_1_GTAGAAAGTGGCGCTT-1,BAL 03
c1_1_GTAGAAAGTTCAAGGG-1,BAL 03
c1_1_GTAGAAAGTTCAAGTC-1,Multiplet
c1_1_GTAGAAAGTTCAATCG-1,BAL 05
c1_1_GTAGAAATCCCTTGGT-1,BAL 06
c1_1_GTAGAGGAGCCGTTAT-1,Multiplet
c1_1_GTAGAGGAGGGCAACT-1,BAL 03
c1_1_GTAGAGGAGTCAAGCG-1,BAL 05
c1_1_GTAGAGGCAACTGCTA-1,BAL 06
c1_1_GTAGAGGCACGATAGG-1,Multiplet
c1_1_GTAGAGGCACGGCTAC-1,BAL 05
c1_1_GTAGAGGCACGTCTCT-1,BAL 03
c1_1_GTAGAGGGTGGTTTGT-1,BAL 02
c1_1_GTAGAGGGTTACGTAC-1,BAL 03
c1_1_GTAGAGGTCTAGCCTC-1,BAL 05
c1_1_GTAGATCAGCCTCTCT-1,Multiplet
c1_1_GTAGATCCACCCTTGT-1,BAL 03
c1_1_GTAGATCCAGCTCTGG-1,BAL 02
c1_1_GTAGATCCATCCTGTC-1,BAL 06
c1_1_GTAGATCTCGCCTTTG-1,BAL 03
c1_1_GTAGCTAAGAAGCCAC-1,BAL 01
c1_1_GTAGCTAAGCCTCTGG-1,BAL 03
c1_1_GTAGCTAGTTCCTACC-1,BAL 06
c1_1_GTAGCTATCAGAGTGG-1,BAL 01
c1_1_GTAGCTATCGAGGCAA-1,BAL 03
c1_1_GTAGCTATCTCCATAT-1,Multiplet
c1_1_GTAGCTATCTTTCCAA-1,BAL 03
c1_1_GTAGGAGCAAGACGGT-1,BAL 02
c1_1_GTAGGAGCACCTCAGG-1,BAL 05
c1_1_GTAGGAGCATTGGCAT-1,BAL 02
c1_1_GTAGGAGGTACCCGAC-1,Multiplet
c1_1_GTAGGAGGTGCAACGA-1,BAL 04
c1_1_GTAGGAGGTGTAAACA-1,BAL 02
c1_1_GTAGGAGGTTATTCTC-1,BAL 07
c1_1_GTAGGAGGTTGGGTTT-1,Multiplet
c1_1_GTAGGAGTCCCTCAAC-1,BAL 03
c1_1_GTAGGAGTCCCTGTTG-1,Multiplet
c1_1_GTAGGAGTCTACACAG-1,Multiplet
c1_1_GTAGGTTAGATGGCAC-1,BAL 04
c1_1_GTAGGTTAGCTCAGAG-1,BAL 07
c1_1_GTAGGTTAGGAGTCTG-1,BAL 03
c1_1_GTAGGTTAGGGACACT-1,BAL 08
c1_1_GTAGGTTAGTATTAGG-1,BAL 05
c1_1_GTAGGTTCAAGAAATC-1,BAL 04
c1_1_GTAGGTTCAAGGACAC-1,BAL 03
c1_1_GTAGGTTCAATACAGA-1,BAL 07
c1_1_GTAGGTTCAGCTGCCA-1,BAL 02
c1_1_GTAGGTTCATAACAGA-1,BAL 08
c1_1_GTAGGTTGTAACTAAG-1,Multiplet
c1_1_GTAGGTTGTAATTGGA-1,Multiplet
c1_1_GTAGGTTGTCTCGACG-1,BAL 08
c1_1_GTAGGTTGTGCCTGCA-1,BAL 03
c1_1_GTAGGTTGTGGAACAC-1,Multiplet
c1_1_GTAGGTTGTTGCAAGG-1,BAL 08
c1_1_GTAGGTTTCACTTGGA-1,BAL 03
c1_1_GTAGGTTTCATTGTTC-1,BAL 03
c1_1_GTAGGTTTCTCGCTCA-1,BAL 08
c1_1_GTAGGTTTCTGGAAGG-1,BAL 05
c1_1_GTAGTACAGCCTATCA-1,BAL 02
c1_1_GTAGTACAGGAGTATT-1,BAL 08
c1_1_GTAGTACAGTCCTACA-1,Multiplet
c1_1_GTAGTACAGTGGACGT-1,BAL 08
c1_1_GTAGTACAGTTTCTTC-1,BAL 03
c1_1_GTAGTACCAAGATGGC-1,BAL 03
c1_1_GTAGTACCAGACAAGC-1,BAL 04
c1_1_GTAGTACCAGCAGTCC-1,BAL 07
c1_1_GTAGTACCAGGTCAAG-1,BAL 04
c1_1_GTAGTACGTCCATCTC-1,Multiplet
c1_1_GTAGTACTCAGCTGTA-1,BAL 08
c1_1_GTATTGGAGACAAGCC-1,BAL 04
c1_1_GTATTGGAGCCATGCC-1,BAL 05
c1_1_GTATTGGAGGAAAGAC-1,BAL 03
c1_1_GTATTGGAGGCCTTGC-1,BAL 05
c1_1_GTATTGGAGTGAGCCA-1,BAL 06
c1_1_GTATTGGCACATGACT-1,Multiplet
c1_1_GTATTGGCACCGTACG-1,BAL 08
c1_1_GTATTGGCACTACTTT-1,BAL 06
c1_1_GTATTGGCACTCTGCT-1,Multiplet
c1_1_GTATTGGCAGACGATG-1,BAL 04
c1_1_GTATTGGCATGGAAGC-1,BAL 04
c1_1_GTATTGGGTAGATCGG-1,BAL 03
c1_1_GTATTGGGTATATGGA-1,BAL 03
c1_1_GTATTGGGTCGAGTTT-1,BAL 06
c1_1_GTATTGGGTGTTCCTC-1,BAL 07
c1_1_GTATTGGTCCCGTGTT-1,Multiplet
c1_1_GTATTGGTCGTGGTAT-1,Multiplet
c1_1_GTATTTCAGCAATTAG-1,BAL 04
c1_1_GTATTTCAGCACTCAT-1,BAL 02
c1_1_GTATTTCAGCTAATCC-1,BAL 06
c1_1_GTATTTCAGGTAACTA-1,BAL 05
c1_1_GTATTTCCAACTGATC-1,BAL 07
c1_1_GTATTTCCACATAACC-1,Multiplet
c1_1_GTATTTCCACTACAGT-1,BAL 02
c1_1_GTATTTCCACTGCACG-1,BAL 06
c1_1_GTATTTCCAGGACTTT-1,Multiplet
c1_1_GTATTTCCATCCGGTG-1,Multiplet
c1_1_GTATTTCGTGGTACAG-1,Multiplet
c1_1_GTATTTCGTTGACTGT-1,BAL 03
c1_1_GTATTTCGTTGCCATA-1,BAL 01
c1_1_GTATTTCTCAAGCCGC-1,Multiplet
c1_1_GTATTTCTCACGAACT-1,BAL 07
c1_1_GTATTTCTCGATTTCT-1,BAL 05
c1_1_GTATTTCTCTAAGGAA-1,BAL 07
c1_1_GTATTTCTCTTTCCGG-1,BAL 07
c1_1_GTCAAACAGATTGACA-1,BAL 03
c1_1_GTCAAACAGTCCCGGT-1,BAL 05
c1_1_GTCAAACAGTGCCGAA-1,BAL 07
c1_1_GTCAAACCAACATCGT-1,BAL 02
c1_1_GTCAAACCAACGCCCA-1,BAL 03
c1_1_GTCAAACCAAGAGTGC-1,Multiplet
c1_1_GTCAAACCATACAGAA-1,BAL 06
c1_1_GTCAAACCATCAACCA-1,Multiplet
c1_1_GTCAAACCATCAGCTA-1,Multiplet
c1_1_GTCAAACGTAGAGGAA-1,Multiplet
c1_1_GTCAAACGTCCCAAAT-1,BAL 01
c1_1_GTCAAACGTGTCTTCC-1,BAL 07
c1_1_GTCAAACGTGTGCTTA-1,BAL 03
c1_1_GTCAAACGTTTCCCAC-1,BAL 04
c1_1_GTCAAGTAGAAGTCAT-1,BAL 04
c1_1_GTCAAGTAGCTCGAAG-1,Multiplet
c1_1_GTCAAGTAGTAGCCAG-1,BAL 03
c1_1_GTCAAGTAGTGCTACT-1,Multiplet
c1_1_GTCAAGTCAAATCGTC-1,BAL 08
c1_1_GTCAAGTCAATACCCA-1,BAL 05
c1_1_GTCAAGTCACAGTCAT-1,BAL 03
c1_1_GTCAAGTCAGTGAGCA-1,BAL 07
c1_1_GTCAAGTCATGACTAC-1,BAL 01
c1_1_GTCAAGTTCAGTGCGC-1,BAL 07
c1_1_GTCAAGTTCCTACGGG-1,BAL 01
c1_1_GTCAAGTTCCTTATAC-1,BAL 07
c1_1_GTCAAGTTCGGAGTGA-1,BAL 03
c1_1_GTCAAGTTCTGTAAGC-1,BAL 01
c1_1_GTCACGGAGATGCTAA-1,BAL 07
c1_1_GTCACGGAGCCAAGTG-1,Multiplet
c1_1_GTCACGGAGTCGTTAC-1,BAL 04
c1_1_GTCACGGCAACCGTGC-1,BAL 07
c1_1_GTCACGGCACCTGCGA-1,BAL 07
c1_1_GTCACGGCACTGAATC-1,BAL 07
c1_1_GTCACGGCAGCTACAT-1,BAL 05
c1_1_GTCACGGCAGGATGAC-1,BAL 07
c1_1_GTCACGGGTCTCCCTA-1,BAL 04
c1_1_GTCACGGGTGATGTAA-1,BAL 03
c1_1_GTCACGGGTGGAGAAA-1,Multiplet
c1_1_GTCACGGGTGTGAATA-1,Multiplet
c1_1_GTCACGGTCAATGCAC-1,BAL 03
c1_1_GTCACGGTCATATGGC-1,Multiplet
c1_1_GTCACGGTCATCACAG-1,Multiplet
c1_1_GTCACGGTCCGCCTAT-1,Multiplet
c1_1_GTCACGGTCGACATCA-1,BAL 08
c1_1_GTCACGGTCTCTGAGA-1,BAL 08
c1_1_GTCACTCAGGAGAGTA-1,BAL 01
c1_1_GTCACTCCAAGTGGCA-1,Multiplet
c1_1_GTCACTCGTAACGATA-1,BAL 07
c1_1_GTCACTCGTATCTCTT-1,BAL 05
c1_1_GTCACTCGTGAGGATC-1,Multiplet
c1_1_GTCACTCGTTGATCGT-1,Multiplet
c1_1_GTCACTCGTTTAGTCG-1,Multiplet
c1_1_GTCACTCTCAGTGGGA-1,Multiplet
c1_1_GTCACTCTCATTACGG-1,BAL 06
c1_1_GTCACTCTCGCGAAGA-1,BAL 07
c1_1_GTCACTCTCTTCGATT-1,BAL 05
c1_1_GTCAGCGAGAAACTCA-1,BAL 03
c1_1_GTCAGCGAGAGCAGAA-1,BAL 06
c1_1_GTCAGCGAGAGGTGCT-1,BAL 05
c1_1_GTCAGCGAGGGTAATT-1,Multiplet
c1_1_GTCAGCGAGGTACCTT-1,BAL 08
c1_1_GTCAGCGAGTGGAAGA-1,BAL 03
c1_1_GTCAGCGAGTTGGACG-1,BAL 02
c1_1_GTCAGCGCACAAAGTA-1,BAL 03
c1_1_GTCAGCGCACGTTCGG-1,BAL 05
c1_1_GTCAGCGCACTGCACG-1,BAL 05
c1_1_GTCAGCGCATCCGATA-1,BAL 05
c1_1_GTCAGCGGTATCTCGA-1,Multiplet
c1_1_GTCAGCGGTATTGACC-1,BAL 02
c1_1_GTCAGCGGTCAGTTTG-1,BAL 05
c1_1_GTCAGCGGTCCGAAGA-1,BAL 05
c1_1_GTCAGCGGTTCTTCAT-1,BAL 08
c1_1_GTCAGCGTCACTGTCC-1,BAL 04
c1_1_GTCAGCGTCGCAATGT-1,BAL 02
c1_1_GTCAGCGTCTAAGCGT-1,BAL 08
c1_1_GTCAGCGTCTGTGCGG-1,BAL 02
c1_1_GTCATCCAGGCATCGA-1,BAL 03
c1_1_GTCATCCAGGTAGCAC-1,BAL 08
c1_1_GTCATCCAGTTGTAAG-1,BAL 03
c1_1_GTCATCCCAATTCGTG-1,BAL 03
c1_1_GTCATCCCACCGAATT-1,BAL 03
c1_1_GTCATCCCACGATAGG-1,BAL 02
c1_1_GTCATCCCATTGCTTT-1,BAL 05
c1_1_GTCATCCGTATCACCA-1,Multiplet
c1_1_GTCATCCGTGCACAAG-1,BAL 07
c1_1_GTCATCCGTGGCTTAT-1,BAL 08
c1_1_GTCATCCGTTTGGAAA-1,BAL 02
c1_1_GTCATCCTCAAGCGTT-1,BAL 04
c1_1_GTCATCCTCACCGGTG-1,BAL 01
c1_1_GTCATCCTCACTTGTT-1,BAL 06
c1_1_GTCATCCTCGCCAACG-1,BAL 01
c1_1_GTCATGAAGACCACGA-1,BAL 07
c1_1_GTCATGAAGAGGGTAA-1,BAL 02
c1_1_GTCATGAAGCACACAG-1,BAL 01
c1_1_GTCATGAAGGCTGAAC-1,BAL 06
c1_1_GTCATGAAGGGCAGTT-1,BAL 07
c1_1_GTCATGAAGTCTTCGA-1,Negative
c1_1_GTCATGACAAGACTGG-1,BAL 01
c1_1_GTCATGACAAGCGCTC-1,BAL 04
c1_1_GTCATGACACCATTCC-1,Multiplet
c1_1_GTCATGACAGAACCGA-1,BAL 01
c1_1_GTCATGACAGCCGGTT-1,BAL 03
c1_1_GTCATGACATACAGAA-1,BAL 04
c1_1_GTCATGAGTACGAGTG-1,BAL 08
c1_1_GTCATGAGTCGATTAC-1,BAL 07
c1_1_GTCATGAGTCGCGTTG-1,BAL 04
c1_1_GTCATGAGTTGTAGCT-1,Multiplet
c1_1_GTCATTTAGATGCAGC-1,BAL 02
c1_1_GTCATTTAGGCTAGCA-1,BAL 07
c1_1_GTCATTTAGGTCCCTG-1,BAL 08
c1_1_GTCATTTAGTAATACG-1,BAL 07
c1_1_GTCATTTAGTCCTGCG-1,BAL 02
c1_1_GTCATTTCAGAGAGGG-1,BAL 03
c1_1_GTCATTTCAGGTTCGC-1,BAL 03
c1_1_GTCATTTCAGTGGGTA-1,BAL 07
c1_1_GTCATTTGTACAACGG-1,BAL 01
c1_1_GTCATTTGTCAAAGAT-1,Multiplet
c1_1_GTCATTTGTCCCTGAG-1,BAL 03
c1_1_GTCATTTGTCTTGAGT-1,BAL 08
c1_1_GTCATTTGTTCATCGA-1,BAL 03
c1_1_GTCATTTTCAAGAAAC-1,Multiplet
c1_1_GTCATTTTCCAGCCTT-1,BAL 07
c1_1_GTCATTTTCGTCAGAT-1,BAL 07
c1_1_GTCCACTCAATTGCTG-1,BAL 05
c1_1_GTCCACTCACAATGTC-1,BAL 08
c1_1_GTCCACTCACGTCGGT-1,BAL 08
c1_1_GTCCACTCAGTTAGAA-1,BAL 06
c1_1_GTCCACTCATTCGATG-1,BAL 03
c1_1_GTCCACTCATTGAGCT-1,Multiplet
c1_1_GTCCACTGTCATAGTC-1,BAL 05
c1_1_GTCCACTTCAAGTCGT-1,Multiplet
c1_1_GTCCACTTCCCTTCCC-1,BAL 01
c1_1_GTCCACTTCTCTTCAA-1,BAL 02
c1_1_GTCCCATAGTAGCATA-1,BAL 06
c1_1_GTCCCATCAATACCTG-1,BAL 08
c1_1_GTCCCATCAATTGTGC-1,Multiplet
c1_1_GTCCCATCAGAACATA-1,BAL 08
c1_1_GTCCCATTCAACTTTC-1,Multiplet
c1_1_GTCCCATTCACAATGC-1,BAL 06
c1_1_GTCCCATTCAGCTTCC-1,BAL 04
c1_1_GTCCCATTCCCAACTC-1,BAL 01
c1_1_GTCCCATTCTTTGGAG-1,BAL 01
c1_1_GTCCTCAAGCCGTTGC-1,Multiplet
c1_1_GTCCTCAAGCTCATAC-1,BAL 07
c1_1_GTCCTCAAGTCCCAAT-1,BAL 03
c1_1_GTCCTCACACTAAACC-1,BAL 01
c1_1_GTCCTCACAGGCGTTC-1,BAL 08
c1_1_GTCCTCAGTAGTCACT-1,BAL 03
c1_1_GTCCTCAGTCTGTGCG-1,BAL 07
c1_1_GTCCTCAGTTGCCATA-1,Multiplet
c1_1_GTCCTCATCTAGCCAA-1,Multiplet
c1_1_GTCGAATAGAGTGAAG-1,BAL 08
c1_1_GTCGAATAGCACCGAA-1,BAL 04
c1_1_GTCGAATAGCATATGA-1,BAL 05
c1_1_GTCGAATCACCCAAGC-1,BAL 03
c1_1_GTCGAATCAGGACTTT-1,BAL 03
c1_1_GTCGAATGTTAGGCTT-1,Multiplet
c1_1_GTCGAATGTTTCGTTT-1,BAL 03
c1_1_GTCGCGAAGGCAGCTA-1,BAL 03
c1_1_GTCGCGACATACTGAC-1,BAL 04
c1_1_GTCGCGAGTCGATTAC-1,Multiplet
c1_1_GTCGCGATCAAAGGTA-1,BAL 07
c1_1_GTCGCGATCTTCCGTG-1,BAL 02
c1_1_GTCGTAAAGAGCAAGA-1,BAL 02
c1_1_GTCGTAAAGAGCATCG-1,Multiplet
c1_1_GTCGTAAAGTGAATAC-1,BAL 06
c1_1_GTCGTAAAGTGAGTTA-1,BAL 03
c1_1_GTCGTAAAGTGGACGT-1,BAL 05
c1_1_GTCGTAACAAATAGCA-1,BAL 02
c1_1_GTCGTAACAACCAATC-1,BAL 08
c1_1_GTCGTAACACAGAGCA-1,BAL 08
c1_1_GTCGTAACACTGCACG-1,Multiplet
c1_1_GTCGTAAGTAAGATCA-1,BAL 03
c1_1_GTCGTAAGTCTAATCG-1,BAL 03
c1_1_GTCGTAAGTTACCCTC-1,BAL 05
c1_1_GTCGTAATCAGCCCAG-1,BAL 06
c1_1_GTCGTAATCCCATGGG-1,Multiplet
c1_1_GTCGTAATCGACGCTG-1,Multiplet
c1_1_GTCGTAATCTTGTTAC-1,BAL 02
c1_1_GTCGTTCAGGCACGAT-1,BAL 06
c1_1_GTCGTTCAGTCCGCCA-1,BAL 01
c1_1_GTCGTTCCAAGTGCTT-1,BAL 07
c1_1_GTCGTTCCAATGTGGG-1,BAL 05
c1_1_GTCGTTCCACGCCACA-1,BAL 03
c1_1_GTCGTTCCAGAGGAAA-1,BAL 05
c1_1_GTCGTTCCAGAGTGTG-1,Negative
c1_1_GTCGTTCCAGATTAAG-1,BAL 03
c1_1_GTCGTTCCATAGGTAA-1,BAL 07
c1_1_GTCGTTCCATGCCGAC-1,Multiplet
c1_1_GTCGTTCGTCGACTGC-1,BAL 03
c1_1_GTCGTTCGTGATACAA-1,BAL 05
c1_1_GTCGTTCGTGTTACTG-1,BAL 08
c1_1_GTCGTTCTCAAGTCTG-1,Multiplet
c1_1_GTCGTTCTCAGTGTTG-1,BAL 04
c1_1_GTCGTTCTCCACGTAA-1,BAL 02
c1_1_GTCTACCAGCCATTCA-1,Multiplet
c1_1_GTCTACCAGTCATTGC-1,Multiplet
c1_1_GTCTACCAGTGGCCTC-1,BAL 08
c1_1_GTCTACCAGTTCTACG-1,BAL 03
c1_1_GTCTACCCATCCTTCG-1,Multiplet
c1_1_GTCTACCGTTGTACGT-1,BAL 08
c1_1_GTCTACCTCAATCCAG-1,BAL 08
c1_1_GTCTAGAAGCAAGGAA-1,BAL 07
c1_1_GTCTAGAAGCTCGGCT-1,BAL 02
c1_1_GTCTAGAAGTGCTAGG-1,BAL 05
c1_1_GTCTAGACACATCCCT-1,BAL 01
c1_1_GTCTAGACACGGTAGA-1,BAL 02
c1_1_GTCTAGACATACAGCT-1,BAL 03
c1_1_GTCTAGAGTATGGGAC-1,BAL 04
c1_1_GTCTAGAGTGGCTTGC-1,Multiplet
c1_1_GTCTAGAGTGTGTGTT-1,BAL 02
c1_1_GTCTAGAGTTAAACCC-1,BAL 03
c1_1_GTCTAGATCAGGAACG-1,Multiplet
c1_1_GTCTAGATCATCGTAG-1,BAL 01
c1_1_GTCTAGATCCCATGGG-1,BAL 04
c1_1_GTCTAGATCGTCACCT-1,BAL 02
c1_1_GTCTAGATCTCCGAAA-1,Multiplet
c1_1_GTCTAGATCTCGGCTT-1,BAL 05
c1_1_GTCTCACCAAATGCGG-1,BAL 04
c1_1_GTCTCACCATCTCGTC-1,Multiplet
c1_1_GTCTCACGTCATGGCC-1,BAL 08
c1_1_GTCTCACGTCTAACTG-1,Multiplet
c1_1_GTCTCACGTTTACCTT-1,Multiplet
c1_1_GTCTCACTCATCTATC-1,BAL 05
c1_1_GTCTCACTCATGTCAG-1,BAL 02
c1_1_GTCTCACTCATTCGGA-1,Multiplet
c1_1_GTCTCACTCCGTAGTA-1,BAL 03
c1_1_GTCTGTCAGCGAACTG-1,BAL 05
c1_1_GTCTGTCAGGCGTCCT-1,BAL 07
c1_1_GTCTGTCCAAGGCTTT-1,BAL 06
c1_1_GTCTGTCCACATATGC-1,BAL 04
c1_1_GTCTGTCCAGGACAGT-1,BAL 05
c1_1_GTCTGTCGTATTTCTC-1,BAL 08
c1_1_GTCTGTCTCCCTGGTT-1,Multiplet
c1_1_GTCTGTCTCCGCGGAT-1,Multiplet
c1_1_GTCTGTCTCCGTTGAA-1,Multiplet
c1_1_GTCTGTCTCGCTTAAG-1,BAL 05
c1_1_GTCTGTCTCTATTCGT-1,Multiplet
c1_1_GTCTGTCTCTGATGGT-1,BAL 03
c1_1_GTCTGTCTCTGTCGCT-1,BAL 06
c1_1_GTCTTTAAGAGTCAAT-1,BAL 03
c1_1_GTCTTTAAGTACGAGC-1,BAL 05
c1_1_GTCTTTACAAATACGA-1,BAL 03
c1_1_GTCTTTACAAGAATGT-1,Multiplet
c1_1_GTCTTTACAAGACCGA-1,BAL 02
c1_1_GTCTTTACACGTCATA-1,BAL 05
c1_1_GTCTTTACAGCCGTCA-1,BAL 03
c1_1_GTCTTTATCAGCGGAA-1,BAL 08
c1_1_GTCTTTATCCTATTTG-1,BAL 03
c1_1_GTCTTTATCGTTCTAT-1,Multiplet
c1_1_GTGACGCAGATACTGA-1,BAL 07
c1_1_GTGACGCAGCGACTAG-1,BAL 03
c1_1_GTGACGCAGCTGGCTC-1,Multiplet
c1_1_GTGACGCAGTAATACG-1,Multiplet
c1_1_GTGACGCAGTGCACCC-1,BAL 02
c1_1_GTGACGCAGTTGGAGC-1,BAL 03
c1_1_GTGACGCCACGACAGA-1,BAL 01
c1_1_GTGACGCCACTCAAGT-1,BAL 02
c1_1_GTGACGCCATCCTGTC-1,BAL 06
c1_1_GTGACGCGTAGGAAAG-1,BAL 02
c1_1_GTGACGCGTCGTTATG-1,BAL 04
c1_1_GTGACGCGTGTAGCAG-1,BAL 04
c1_1_GTGAGCCAGCCTCTCT-1,BAL 04
c1_1_GTGAGCCAGCCTTGAT-1,BAL 04
c1_1_GTGAGCCAGCGACTGA-1,BAL 03
c1_1_GTGAGCCAGTTAACGA-1,BAL 07
c1_1_GTGAGCCCACAGTCAT-1,BAL 07
c1_1_GTGAGCCCACGTAGAG-1,BAL 01
c1_1_GTGAGCCCAGCGAACA-1,BAL 03
c1_1_GTGAGCCCATGAATAG-1,BAL 07
c1_1_GTGAGCCGTCCGCAGT-1,BAL 02
c1_1_GTGAGCCGTTCGGTCG-1,BAL 06
c1_1_GTGAGCCTCAGGTAAA-1,BAL 02
c1_1_GTGAGCCTCGACCTAA-1,Multiplet
c1_1_GTGAGCCTCGAGGCAA-1,BAL 03
c1_1_GTGAGCCTCGATAACC-1,Multiplet
c1_1_GTGAGCCTCTATTCGT-1,BAL 07
c1_1_GTGAGCCTCTGGTCAA-1,BAL 05
c1_1_GTGAGGAAGGCGACAT-1,BAL 07
c1_1_GTGAGGACAGTAGTGG-1,BAL 06
c1_1_GTGAGGACATTGTCGA-1,BAL 07
c1_1_GTGAGGAGTAACAGGC-1,BAL 02
c1_1_GTGAGGAGTACAAGCG-1,Multiplet
c1_1_GTGAGGAGTAGCGATG-1,Multiplet
c1_1_GTGAGGAGTATGAAGT-1,BAL 07
c1_1_GTGAGGAGTCTTGCTC-1,BAL 07
c1_1_GTGAGGAGTTCCTAAG-1,BAL 03
c1_1_GTGAGGAGTTGGCTAT-1,BAL 07
c1_1_GTGAGGATCAGCGCGT-1,BAL 03
c1_1_GTGAGGATCAGTCACA-1,BAL 05
c1_1_GTGAGGATCATAAGGA-1,BAL 06
c1_1_GTGAGGATCATTACTC-1,BAL 07
c1_1_GTGAGGATCGCTACAA-1,BAL 01
c1_1_GTGAGGATCTCGGGAC-1,BAL 06
c1_1_GTGAGTTAGAAACACT-1,Multiplet
c1_1_GTGAGTTAGAGGGTGG-1,BAL 08
c1_1_GTGAGTTAGCGCATCC-1,BAL 02
c1_1_GTGAGTTCACGATAGG-1,BAL 05
c1_1_GTGAGTTCACTGGATT-1,BAL 02
c1_1_GTGAGTTCAGAGTGTG-1,Multiplet
c1_1_GTGAGTTCATGATGCT-1,Multiplet
c1_1_GTGAGTTCATGTGACT-1,BAL 07
c1_1_GTGAGTTGTACCAGAG-1,Multiplet
c1_1_GTGAGTTGTACGATTC-1,BAL 01
c1_1_GTGAGTTGTGCTGTCG-1,BAL 04
c1_1_GTGAGTTTCATCGCAA-1,Multiplet
c1_1_GTGAGTTTCGGCTTCT-1,BAL 06
c1_1_GTGAGTTTCTAACGGT-1,BAL 05
c1_1_GTGAGTTTCTGGGCCA-1,Multiplet
c1_1_GTGATGTAGGAATCGC-1,BAL 02
c1_1_GTGATGTAGGGCATGT-1,Multiplet
c1_1_GTGATGTAGTATTCCG-1,BAL 04
c1_1_GTGATGTAGTCCTGCG-1,BAL 04
c1_1_GTGATGTAGTGCGTCC-1,BAL 03
c1_1_GTGATGTAGTGGCCTC-1,BAL 03
c1_1_GTGATGTCATGGAATA-1,Multiplet
c1_1_GTGATGTGTAAGAACT-1,BAL 08
c1_1_GTGATGTGTCACCGCA-1,BAL 02
c1_1_GTGATGTGTTAAGAAC-1,BAL 04
c1_1_GTGATGTGTTCAGGTT-1,BAL 04
c1_1_GTGATGTTCCCTAGGG-1,BAL 06
c1_1_GTGATGTTCCTCATAT-1,BAL 05
c1_1_GTGATGTTCTCTTGCG-1,BAL 05
c1_1_GTGCACGCAAACAGGC-1,BAL 06
c1_1_GTGCACGCAAGAATAC-1,BAL 05
c1_1_GTGCACGCAAGGGTCA-1,BAL 06
c1_1_GTGCACGCACGTGAGA-1,Multiplet
c1_1_GTGCACGCAGGGCTTC-1,Multiplet
c1_1_GTGCACGCATGTCAGT-1,BAL 06
c1_1_GTGCACGGTATACAGA-1,BAL 02
c1_1_GTGCACGGTGATTCTG-1,BAL 03
c1_1_GTGCACGTCAGGAACG-1,BAL 02
c1_1_GTGCACGTCCAGCCTT-1,BAL 05
c1_1_GTGCACGTCCTAAACG-1,Multiplet
c1_1_GTGCACGTCGAGCTGC-1,BAL 02
c1_1_GTGCAGCAGAATAACC-1,BAL 05
c1_1_GTGCAGCAGGCGTTAG-1,BAL 05
c1_1_GTGCAGCAGTAGGCCA-1,BAL 01
c1_1_GTGCAGCCAAGCCCAC-1,BAL 07
c1_1_GTGCAGCCAATTCTTC-1,BAL 05
c1_1_GTGCAGCCACTCATAG-1,BAL 08
c1_1_GTGCAGCCACTCTCGT-1,BAL 02
c1_1_GTGCAGCGTCCACTCT-1,BAL 02
c1_1_GTGCAGCGTTAACAGA-1,BAL 02
c1_1_GTGCAGCGTTGAGTCT-1,BAL 04
c1_1_GTGCAGCTCAAATGCC-1,BAL 02
c1_1_GTGCAGCTCCAACACA-1,BAL 08
c1_1_GTGCAGCTCGAGAGCA-1,BAL 04
c1_1_GTGCAGCTCGCTACGG-1,BAL 07
c1_1_GTGCAGCTCTGATTCT-1,BAL 07
c1_1_GTGCGTGAGACAGCTG-1,Multiplet
c1_1_GTGCGTGAGCCGTCGT-1,BAL 05
c1_1_GTGCGTGAGTAGTGCG-1,Multiplet
c1_1_GTGCGTGCAAGAGGTC-1,Multiplet
c1_1_GTGCGTGCAGCATCTA-1,BAL 07
c1_1_GTGCGTGGTACAAGTA-1,Multiplet
c1_1_GTGCGTGGTCAGGTAG-1,BAL 06
c1_1_GTGCTGGAGAAGCTGC-1,BAL 05
c1_1_GTGCTGGAGCGCTTCG-1,BAL 03
c1_1_GTGCTGGAGGGTGGGA-1,BAL 02
c1_1_GTGCTGGCAATGTCAC-1,BAL 05
c1_1_GTGCTGGCACACACGC-1,Multiplet
c1_1_GTGCTGGCAGAGTGAC-1,BAL 06
c1_1_GTGCTGGCAGTGTGGA-1,BAL 06
c1_1_GTGCTGGGTAGTCGTT-1,BAL 07
c1_1_GTGCTGGGTCAGCTTA-1,BAL 03
c1_1_GTGCTGGTCAGCTAGT-1,BAL 07
c1_1_GTGCTTCAGACGACTG-1,BAL 07
c1_1_GTGCTTCAGGCTCCCA-1,Multiplet
c1_1_GTGCTTCAGTTTCAGC-1,Multiplet
c1_1_GTGCTTCCAACAAGAT-1,BAL 01
c1_1_GTGCTTCCACAGGATG-1,BAL 02
c1_1_GTGCTTCCACATTCTT-1,BAL 05
c1_1_GTGCTTCCAGATCATC-1,BAL 01
c1_1_GTGCTTCCAGTTACCA-1,BAL 03
c1_1_GTGCTTCCATCAGCGC-1,BAL 04
c1_1_GTGCTTCGTATGACAA-1,BAL 03
c1_1_GTGCTTCGTCGAAGCA-1,BAL 03
c1_1_GTGCTTCTCGAAGCAG-1,Multiplet
c1_1_GTGCTTCTCGTAGGAG-1,BAL 04
c1_1_GTGGAAGAGCGCTTCG-1,BAL 03
c1_1_GTGGAAGAGGGTACGT-1,BAL 01
c1_1_GTGGAAGAGTACAACA-1,BAL 02
c1_1_GTGGAAGAGTGGAAGA-1,BAL 03
c1_1_GTGGAAGAGTTGCCCG-1,BAL 03
c1_1_GTGGAAGCAGGATGAC-1,BAL 04
c1_1_GTGGAAGCATATGGCT-1,BAL 03
c1_1_GTGGAAGCATCGAAGG-1,BAL 07
c1_1_GTGGAAGGTGTAGCAG-1,BAL 02
c1_1_GTGGAAGGTTTCGATG-1,BAL 03
c1_1_GTGGAAGTCCCATGGG-1,Multiplet
c1_1_GTGGAAGTCCGAAATC-1,BAL 03
c1_1_GTGGAAGTCGGCTATA-1,Multiplet
c1_1_GTGGAAGTCTCTAAGG-1,BAL 07
c1_1_GTGGAAGTCTCTCTAA-1,BAL 01
c1_1_GTGGAGAAGCAGAAAG-1,BAL 07
c1_1_GTGGAGAAGCGTGTCC-1,BAL 04
c1_1_GTGGAGAAGGTGCTAG-1,Multiplet
c1_1_GTGGAGACAAGCGAGT-1,Multiplet
c1_1_GTGGAGACAATAGTAG-1,BAL 08
c1_1_GTGGAGAGTCAGGTGA-1,BAL 06
c1_1_GTGGAGAGTTGCTCCT-1,BAL 04
c1_1_GTGGAGATCAAACGTC-1,BAL 02
c1_1_GTGGAGATCCATACAG-1,BAL 02
c1_1_GTGGAGATCGCCACTT-1,BAL 01
c1_1_GTGGCGTAGTATTCCG-1,BAL 08
c1_1_GTGGCGTAGTTATGGA-1,BAL 03
c1_1_GTGGCGTCAACTCGAT-1,BAL 02
c1_1_GTGGCGTCACGTAGTT-1,BAL 07
c1_1_GTGGCGTGTAACAGGC-1,BAL 07
c1_1_GTGGCGTTCCACTTCG-1,BAL 07
c1_1_GTGGCGTTCGTTCATT-1,Multiplet
c1_1_GTGGGAAAGACGGAAA-1,BAL 08
c1_1_GTGGGAAAGAGCACTG-1,Multiplet
c1_1_GTGGGAAAGCTACTAC-1,BAL 02
c1_1_GTGGGAAAGGACTATA-1,BAL 02
c1_1_GTGGGAAAGGCGACAT-1,BAL 06
c1_1_GTGGGAAAGTAGCTCT-1,Multiplet
c1_1_GTGGGAAAGTCACAGG-1,BAL 03
c1_1_GTGGGAACAAGAGAGA-1,BAL 08
c1_1_GTGGGAACAAGAGTTA-1,BAL 05
c1_1_GTGGGAACAAGCACAG-1,Multiplet
c1_1_GTGGGAATCATTCCTA-1,BAL 03
c1_1_GTGGGAATCTCGCGTT-1,Multiplet
c1_1_GTGGTTAAGAAGCCTG-1,BAL 03
c1_1_GTGGTTAAGATGGCGT-1,Multiplet
c1_1_GTGGTTAAGCAATAAC-1,BAL 07
c1_1_GTGGTTAAGTATCTGC-1,BAL 03
c1_1_GTGGTTACAACACAAA-1,BAL 04
c1_1_GTGGTTACAACCCTCT-1,BAL 03
c1_1_GTGGTTACAACGGGTA-1,BAL 02
c1_1_GTGGTTACACATTCGA-1,BAL 03
c1_1_GTGGTTAGTACGGCAA-1,BAL 03
c1_1_GTGGTTAGTATTCCGA-1,BAL 07
c1_1_GTGGTTAGTTATCCAG-1,Multiplet
c1_1_GTGGTTATCTTCCTAA-1,BAL 01
c1_1_GTGTAACAGTGCGCTC-1,BAL 06
c1_1_GTGTAACCAAGGTTGG-1,BAL 03
c1_1_GTGTAACCAAGTAGTA-1,Multiplet
c1_1_GTGTAACCACACTGGC-1,BAL 03
c1_1_GTGTAACCACGCTTAA-1,Multiplet
c1_1_GTGTAACCAGCGTATT-1,BAL 07
c1_1_GTGTAACGTAGAGACC-1,Multiplet
c1_1_GTGTAACTCGAGTCTA-1,Multiplet
c1_1_GTGTCCTAGTTACGGG-1,Multiplet
c1_1_GTGTCCTCAACCGCCA-1,BAL 06
c1_1_GTGTCCTCACGACGTC-1,BAL 08
c1_1_GTGTCCTCATTCTCTA-1,BAL 06
c1_1_GTGTCCTGTGGCCACT-1,BAL 03
c1_1_GTGTCCTTCCGATAAC-1,Multiplet
c1_1_GTGTCCTTCCGTGGTG-1,BAL 06
c1_1_GTGTCCTTCCTGGTCT-1,BAL 08
c1_1_GTGTGATAGAGCTTTC-1,BAL 04
c1_1_GTGTGATAGCATGGGT-1,BAL 01
c1_1_GTGTGATAGGTTCAGG-1,BAL 02
c1_1_GTGTGATCACAAGCTT-1,BAL 02
c1_1_GTGTGATGTTCTATCT-1,Multiplet
c1_1_GTGTGATGTTTAAGGA-1,BAL 04
c1_1_GTGTGATTCAAGCGTT-1,Multiplet
c1_1_GTGTGATTCACTCGAA-1,BAL 05
c1_1_GTGTGATTCCAGTGTA-1,BAL 01
c1_1_GTGTGATTCCCTTTGG-1,BAL 07
c1_1_GTGTGATTCTCCAATT-1,Multiplet
c1_1_GTGTGGCAGACTCGAG-1,BAL 01
c1_1_GTGTGGCAGCGGTAGT-1,BAL 05
c1_1_GTGTGGCAGGGAGGCA-1,BAL 02
c1_1_GTGTGGCCACGTTCGG-1,BAL 06
c1_1_GTGTGGCGTCCAATCA-1,BAL 03
c1_1_GTGTGGCGTGAGAACC-1,BAL 03
c1_1_GTGTGGCGTTAGTCGT-1,BAL 07
c1_1_GTGTGGCGTTGGGACA-1,BAL 03
c1_1_GTGTGGCTCCAAGAGG-1,BAL 06
c1_1_GTGTGGCTCCAGCCTT-1,Multiplet
c1_1_GTGTGGCTCCATCTAT-1,BAL 02
c1_1_GTGTGGCTCCCATTTA-1,BAL 06
c1_1_GTGTGGCTCTCGCTTG-1,BAL 03
c1_1_GTGTGGCTCTTCCACG-1,BAL 08
c1_1_GTGTTAGAGCGGGTAT-1,BAL 06
c1_1_GTGTTAGAGGTCGAGT-1,Multiplet
c1_1_GTGTTAGAGGTGATCG-1,BAL 07
c1_1_GTGTTAGAGGTGTGAC-1,BAL 03
c1_1_GTGTTAGCACAGCTGC-1,BAL 04
c1_1_GTGTTAGGTAACACGG-1,Multiplet
c1_1_GTGTTAGGTGCCGTAC-1,BAL 05
c1_1_GTGTTAGGTTAATCGC-1,BAL 02
c1_1_GTGTTAGTCATGCCGG-1,BAL 03
c1_1_GTGTTAGTCCGGCTTT-1,BAL 03
c1_1_GTGTTAGTCGATACGT-1,BAL 08
c1_1_GTGTTAGTCGTGGAAG-1,BAL 04
c1_1_GTGTTCCCAGAGATTA-1,BAL 03
c1_1_GTGTTCCCATATTCGG-1,BAL 07
c1_1_GTGTTCCCATGACTTG-1,BAL 04
c1_1_GTGTTCCGTTATAGAG-1,BAL 08
c1_1_GTGTTCCTCACGTCCT-1,Multiplet
c1_1_GTGTTCCTCGACCAAT-1,BAL 06
c1_1_GTGTTCCTCTAAGCGT-1,BAL 04
c1_1_GTGTTCCTCTCAGGCG-1,BAL 03
c1_1_GTGTTCCTCTTACTGT-1,BAL 03
c1_1_GTTACAGCAAAGACTA-1,BAL 01
c1_1_GTTACAGCAATCAAGA-1,BAL 02
c1_1_GTTACAGCACGGGCTT-1,BAL 02
c1_1_GTTACAGCATCTCATT-1,BAL 01
c1_1_GTTACAGGTCACCTTC-1,BAL 07
c1_1_GTTACAGGTCAGACTT-1,BAL 02
c1_1_GTTACAGGTCTTCATT-1,Multiplet
c1_1_GTTACAGGTTCATCGA-1,BAL 07
c1_1_GTTACAGTCCGTATGA-1,BAL 02
c1_1_GTTACAGTCCTTCACG-1,BAL 01
c1_1_GTTACAGTCGAGAACG-1,BAL 06
c1_1_GTTACAGTCGCTACAA-1,BAL 08
c1_1_GTTACAGTCGTGTCAA-1,BAL 01
c1_1_GTTACCCAGCATGTTC-1,Multiplet
c1_1_GTTACCCAGCGACATG-1,BAL 02
c1_1_GTTACCCAGCGAGTAC-1,BAL 07
c1_1_GTTACCCAGCTCTGTA-1,BAL 05
c1_1_GTTACCCAGGCCTAAG-1,BAL 01
c1_1_GTTACCCCAATGAACA-1,BAL 04
c1_1_GTTACCCCAGATAAAC-1,BAL 03
c1_1_GTTACCCCAGTGGCTC-1,BAL 02
c1_1_GTTACCCCATCAGCTA-1,BAL 06
c1_1_GTTACCCGTAACACGG-1,BAL 05
c1_1_GTTACCCGTACAAAGT-1,BAL 02
c1_1_GTTACCCGTAGGCAGT-1,Multiplet
c1_1_GTTACCCGTCGCACAC-1,BAL 06
c1_1_GTTACCCGTCTTGGTA-1,Multiplet
c1_1_GTTACCCGTGCCTTTC-1,BAL 03
c1_1_GTTACCCTCAGCCTCT-1,BAL 04
c1_1_GTTACCCTCCTCCACA-1,Multiplet
c1_1_GTTACCCTCTCGAGTA-1,BAL 02
c1_1_GTTACGAAGACGCCCT-1,BAL 02
c1_1_GTTACGAAGGTCCCGT-1,Multiplet
c1_1_GTTACGACAACACAAA-1,BAL 02
c1_1_GTTACGACACTTACAG-1,BAL 06
c1_1_GTTACGACAGATAAAC-1,BAL 05
c1_1_GTTACGACAGCTTCGG-1,Multiplet
c1_1_GTTACGAGTAGAGATT-1,Multiplet
c1_1_GTTACGATCAGTCAGT-1,BAL 02
c1_1_GTTACGATCGAAGAAT-1,BAL 05
c1_1_GTTACGATCGGATACT-1,BAL 07
c1_1_GTTACGATCGTTCCCA-1,BAL 04
c1_1_GTTACGATCTTAGGAC-1,BAL 03
c1_1_GTTACGATCTTGCGCT-1,BAL 02
c1_1_GTTAGACAGACCCGCT-1,BAL 08
c1_1_GTTAGACAGGCTCTAT-1,BAL 03
c1_1_GTTAGACAGGTGATAT-1,BAL 03
c1_1_GTTAGACAGGTTGAGC-1,BAL 06
c1_1_GTTAGACCAACCGCTG-1,Multiplet
c1_1_GTTAGACCAATTCTCT-1,BAL 05
c1_1_GTTAGACCACCGGTCA-1,BAL 03
c1_1_GTTAGACCATCAGCTA-1,BAL 06
c1_1_GTTAGACCATTGAGGG-1,BAL 05
c1_1_GTTAGACGTATGGGAC-1,BAL 08
c1_1_GTTAGACTCTCTGAGA-1,BAL 08
c1_1_GTTAGTGCAAGAGCTG-1,BAL 07
c1_1_GTTAGTGCAATACCTG-1,BAL 07
c1_1_GTTAGTGCACCGTCTT-1,BAL 03
c1_1_GTTAGTGGTATCGCTA-1,BAL 05
c1_1_GTTAGTGGTCCACAGC-1,Multiplet
c1_1_GTTAGTGGTCGCCTAG-1,BAL 08
c1_1_GTTAGTGGTCTTCGAA-1,BAL 03
c1_1_GTTAGTGTCAAGCCAT-1,BAL 06
c1_1_GTTAGTGTCCTGATAG-1,BAL 04
c1_1_GTTAGTGTCGCCAACG-1,BAL 01
c1_1_GTTAGTGTCGTGTTCC-1,BAL 06
c1_1_GTTATGGCAAATTGGA-1,BAL 05
c1_1_GTTATGGGTCCCAAAT-1,Negative
c1_1_GTTATGGGTGGCTTGC-1,Negative
c1_1_GTTATGGGTTTCGCTC-1,BAL 07
c1_1_GTTATGGTCTCGACGG-1,BAL 05
c1_1_GTTCATTAGTATTCCG-1,BAL 07
c1_1_GTTCATTAGTCATCGT-1,BAL 07
c1_1_GTTCATTCAAAGGGTC-1,BAL 02
c1_1_GTTCATTCAATCTCGA-1,BAL 04
c1_1_GTTCATTCACGACAAG-1,BAL 03
c1_1_GTTCATTCAGACATCT-1,BAL 07
c1_1_GTTCATTCAGGTCCGT-1,BAL 02
c1_1_GTTCATTGTCAGACTT-1,Multiplet
c1_1_GTTCATTGTCCTTAAG-1,Multiplet
c1_1_GTTCATTGTGCTATTG-1,BAL 04
c1_1_GTTCATTGTTCGTTCC-1,Multiplet
c1_1_GTTCATTGTTCTGACA-1,BAL 02
c1_1_GTTCATTTCTCATAGG-1,BAL 07
c1_1_GTTCATTTCTCCGAAA-1,BAL 08
c1_1_GTTCCGTAGGACAGTC-1,BAL 01
c1_1_GTTCCGTAGTCCCAAT-1,Multiplet
c1_1_GTTCCGTCAACCTAAC-1,BAL 05
c1_1_GTTCCGTCAAGAGCTG-1,Multiplet
c1_1_GTTCCGTCACCTGCAG-1,BAL 02
c1_1_GTTCCGTCATCCGAAT-1,BAL 04
c1_1_GTTCCGTGTCGCTTGG-1,Multiplet
c1_1_GTTCCGTGTCTCGACG-1,BAL 02
c1_1_GTTCCGTGTTCTCCTG-1,Multiplet
c1_1_GTTCCGTTCATGAAAG-1,BAL 08
c1_1_GTTCCGTTCCTGTAGA-1,BAL 07
c1_1_GTTCGCTAGAGCAGAA-1,Multiplet
c1_1_GTTCGCTCAAAGTATG-1,BAL 07
c1_1_GTTCGCTCACTTCAAG-1,BAL 08
c1_1_GTTCGCTCAGACCAGA-1,BAL 05
c1_1_GTTCGCTCATATGCGT-1,BAL 05
c1_1_GTTCGCTGTACGGCAA-1,Multiplet
c1_1_GTTCGCTGTATGAAAC-1,BAL 03
c1_1_GTTCGCTTCAAGCCAT-1,Multiplet
c1_1_GTTCGCTTCATTTGTC-1,BAL 07
c1_1_GTTCGCTTCCACGAAT-1,BAL 01
c1_1_GTTCGCTTCCTGGTCT-1,BAL 02
c1_1_GTTCGCTTCGCACTCT-1,BAL 05
c1_1_GTTCGCTTCGGTAGGA-1,Multiplet
c1_1_GTTCGCTTCGTTCCCA-1,BAL 03
c1_1_GTTCTATAGGCGTCCT-1,BAL 05
c1_1_GTTCTATCAGCAGTAG-1,BAL 01
c1_1_GTTCTATGTACGATCT-1,Multiplet
c1_1_GTTCTATGTATACAGA-1,BAL 08
c1_1_GTTCTATGTGGGTCAA-1,BAL 03
c1_1_GTTCTATTCACCCATC-1,BAL 04
c1_1_GTTCTATTCCGATTAG-1,Multiplet
c1_1_GTTCTATTCGCGGTAC-1,Multiplet
c1_1_GTTCTATTCGTCAACA-1,BAL 01
c1_1_GTTGAACAGGCTCAAG-1,Multiplet
c1_1_GTTGAACAGTCACGAG-1,BAL 04
c1_1_GTTGAACCAAGGTCAG-1,BAL 05
c1_1_GTTGAACCACACCTAA-1,Multiplet
c1_1_GTTGAACCATGAGATA-1,Multiplet
c1_1_GTTGAACGTACCAGAG-1,BAL 05
c1_1_GTTGAACGTTCCTAGA-1,Multiplet
c1_1_GTTGAACGTTGTTGAC-1,Multiplet
c1_1_GTTGAACTCCACGTCT-1,Multiplet
c1_1_GTTGAACTCCGGGACT-1,BAL 02
c1_1_GTTGAACTCGTACCTC-1,BAL 02
c1_1_GTTGAACTCTGAGTCA-1,Multiplet
c1_1_GTTGCGGCACAACGCC-1,BAL 05
c1_1_GTTGCGGCAGTGTATC-1,BAL 04
c1_1_GTTGCGGCATTAAAGG-1,BAL 07
c1_1_GTTGCGGGTCAGTCCG-1,BAL 01
c1_1_GTTGCGGGTCGTGATT-1,BAL 04
c1_1_GTTGCGGGTGGAGAAA-1,BAL 01
c1_1_GTTGCGGGTTATGGTC-1,BAL 03
c1_1_GTTGCGGGTTGACGGA-1,BAL 08
c1_1_GTTGCGGTCGGATTAC-1,BAL 06
c1_1_GTTGCTCAGGCAGCTA-1,BAL 01
c1_1_GTTGCTCAGGTGATCG-1,Multiplet
c1_1_GTTGCTCAGTTCATGC-1,BAL 03
c1_1_GTTGCTCCACAGTATC-1,BAL 08
c1_1_GTTGCTCCACTGTCGG-1,BAL 08
c1_1_GTTGCTCGTAACCCTA-1,BAL 03
c1_1_GTTGCTCGTCAGACGA-1,BAL 07
c1_1_GTTGCTCGTCGACTGC-1,BAL 04
c1_1_GTTGCTCGTTTGGGTT-1,BAL 06
c1_1_GTTGCTCTCATTGTTC-1,BAL 03
c1_1_GTTGCTCTCTCTGGTC-1,BAL 03
c1_1_GTTGTAGAGAGCGACT-1,BAL 03
c1_1_GTTGTAGAGCAGGCAT-1,Multiplet
c1_1_GTTGTAGAGTTGCCTA-1,BAL 03
c1_1_GTTGTAGCAAACACGG-1,BAL 05
c1_1_GTTGTAGCAAACTCGT-1,BAL 05
c1_1_GTTGTAGCACATATCG-1,BAL 03
c1_1_GTTGTAGCAGCATACT-1,BAL 03
c1_1_GTTGTAGGTTAAGCAA-1,BAL 08
c1_1_GTTGTAGGTTGCATGT-1,BAL 04
c1_1_GTTGTAGTCATGCCGG-1,Multiplet
c1_1_GTTGTAGTCATTACTC-1,BAL 03
c1_1_GTTGTAGTCGAGAGCA-1,BAL 01
c1_1_GTTGTAGTCTGAGAAA-1,Multiplet
c1_1_GTTGTCCAGCTCGGCT-1,Multiplet
c1_1_GTTGTCCAGGACCCAA-1,BAL 08
c1_1_GTTGTCCAGGAGACCT-1,BAL 05
c1_1_GTTGTCCAGGAGAGTA-1,BAL 02
c1_1_GTTGTCCCACCGTGGT-1,Multiplet
c1_1_GTTGTCCCATACAGCT-1,BAL 02
c1_1_GTTGTCCCATTGTACG-1,BAL 02
c1_1_GTTGTCCGTATTGAGA-1,BAL 07
c1_1_GTTGTCCGTTCCGGTG-1,BAL 04
c1_1_GTTGTCCTCAAACGAA-1,BAL 03
c1_1_GTTGTCCTCATTCGGA-1,Negative
c1_1_GTTGTCCTCCTACGGG-1,Multiplet
c1_1_GTTGTCCTCCTTGGAA-1,Multiplet
c1_1_GTTGTGAGTAGCTGCC-1,BAL 04
c1_1_GTTGTGAGTAGTGCGA-1,BAL 06
c1_1_GTTGTGAGTGTGAGCA-1,BAL 01
c1_1_GTTGTGATCAGTGCGC-1,BAL 06
c1_1_GTTGTGATCCGTAATG-1,BAL 07
c1_1_GTTGTGATCTTCGGTC-1,BAL 02
c1_1_GTTGTGATCTTCGTGC-1,BAL 05
c1_1_GTTTACTAGGTCACAG-1,Multiplet
c1_1_GTTTACTAGTAGGATT-1,BAL 01
c1_1_GTTTACTCAACTGCTA-1,BAL 08
c1_1_GTTTACTCAATGTCTG-1,BAL 03
c1_1_GTTTACTCACAAGCAG-1,BAL 02
c1_1_GTTTACTCAGTTGAAA-1,Multiplet
c1_1_GTTTACTGTCGCTTGG-1,BAL 06
c1_1_GTTTACTGTGATTAGA-1,BAL 07
c1_1_GTTTACTTCACAGTGT-1,BAL 06
c1_1_GTTTACTTCGAAGCAG-1,BAL 05
c1_1_GTTTACTTCTAAGCCA-1,BAL 03
c1_1_GTTTACTTCTGCTTTA-1,BAL 02
c1_1_GTTTGGAAGTTGCGCC-1,Multiplet
c1_1_GTTTGGACAACCTAAC-1,BAL 07
c1_1_GTTTGGACACCACATA-1,BAL 07
c1_1_GTTTGGACATGACAGG-1,BAL 07
c1_1_GTTTGGACATGCGTGC-1,BAL 08
c1_1_GTTTGGAGTATGCGTT-1,BAL 04
c1_1_GTTTGGAGTTTGTGGT-1,BAL 05
c1_1_GTTTGGATCACGGGAA-1,BAL 07
c1_1_GTTTGGATCGGAATGG-1,BAL 07
c1_1_TAACACGAGCCACAAG-1,BAL 08
c1_1_TAACACGAGGTGGGTT-1,BAL 07
c1_1_TAACACGAGTTGAAGT-1,BAL 07
c1_1_TAACACGCACATTACG-1,BAL 06
c1_1_TAACACGCACGCTTAA-1,Multiplet
c1_1_TAACACGGTTACCTGA-1,BAL 06
c1_1_TAACACGGTTCGGGTC-1,BAL 03
c1_1_TAACACGGTTTACGTG-1,BAL 05
c1_1_TAACACGTCCAATGCA-1,BAL 02
c1_1_TAACACGTCGAGAAAT-1,BAL 01
c1_1_TAACACGTCGGTCGAC-1,BAL 02
c1_1_TAACCAGAGATGCTGG-1,Multiplet
c1_1_TAACCAGAGCAGCCCT-1,Multiplet
c1_1_TAACCAGAGCGTCTCG-1,BAL 03
c1_1_TAACCAGCAAGCTACT-1,BAL 03
c1_1_TAACCAGCATCCGCGA-1,BAL 04
c1_1_TAACCAGCATTAGGAA-1,BAL 03
c1_1_TAACCAGGTCTCAAGT-1,BAL 06
c1_1_TAACCAGGTTTGGCTA-1,Multiplet
c1_1_TAACCAGTCATACGAC-1,BAL 08
c1_1_TAACCAGTCCCATACC-1,BAL 01
c1_1_TAACCAGTCGAAACAA-1,BAL 08
c1_1_TAACGACAGCTGTTCA-1,BAL 01
c1_1_TAACGACAGTATGCAA-1,BAL 01
c1_1_TAACGACCATCTAGAC-1,BAL 06
c1_1_TAACGACGTAGCGCCT-1,BAL 03
c1_1_TAACGACGTAGCTTAC-1,BAL 03
c1_1_TAACGACGTCGAACGA-1,BAL 03
c1_1_TAACGACGTCTCGGAC-1,BAL 07
c1_1_TAACGACGTGTTCATG-1,BAL 01
c1_1_TAACGACGTTTAGTCG-1,Multiplet
c1_1_TAACGACTCATACGAC-1,Multiplet
c1_1_TAACGACTCCGTTGGG-1,BAL 04
c1_1_TAACGACTCCTCGATC-1,BAL 01
c1_1_TAACGACTCGGACTGC-1,BAL 02
c1_1_TAACTTCAGACTTCAC-1,BAL 02
c1_1_TAACTTCAGGCGCTTC-1,BAL 06
c1_1_TAACTTCCAACCTATG-1,BAL 03
c1_1_TAACTTCCACAGCGCT-1,BAL 03
c1_1_TAACTTCCACAGTATC-1,BAL 01
c1_1_TAACTTCCAGTCTTCC-1,BAL 07
c1_1_TAACTTCGTAGACACG-1,BAL 08
c1_1_TAACTTCGTCTACAGT-1,Multiplet
c1_1_TAACTTCGTGCAGTGA-1,BAL 01
c1_1_TAACTTCTCAAGAAAC-1,BAL 07
c1_1_TAACTTCTCCAATCCC-1,BAL 03
c1_1_TAACTTCTCCCTCTCC-1,Multiplet
c1_1_TAACTTCTCTCACGAA-1,BAL 07
c1_1_TAACTTCTCTGCTCTG-1,BAL 06
c1_1_TAAGCACCAACGATTC-1,BAL 03
c1_1_TAAGCACCATGACGGA-1,BAL 02
c1_1_TAAGCACCATGGACAG-1,BAL 02
c1_1_TAAGCACGTACTGACT-1,BAL 05
c1_1_TAAGCACGTCGCTGCA-1,Multiplet
c1_1_TAAGCACGTTCATCTT-1,BAL 05
c1_1_TAAGCACTCCAGCAAT-1,BAL 07
c1_1_TAAGCACTCCAGTGTA-1,BAL 03
c1_1_TAAGCACTCGTTGCCT-1,BAL 04
c1_1_TAAGCCAAGAGGACTC-1,BAL 08
c1_1_TAAGCCAAGGATCATA-1,BAL 05
c1_1_TAAGCCAAGTGGTGGT-1,BAL 05
c1_1_TAAGCCACACCTCTGT-1,Multiplet
c1_1_TAAGCCACAGAATCGG-1,BAL 05
c1_1_TAAGCCACAGGGACTA-1,BAL 03
c1_1_TAAGCCACATCACGGC-1,Multiplet
c1_1_TAAGCCAGTAGGTTTC-1,BAL 05
c1_1_TAAGCCAGTCACCACG-1,BAL 07
c1_1_TAAGCCAGTGACAACG-1,Multiplet
c1_1_TAAGCCAGTGGAACCA-1,Multiplet
c1_1_TAAGCCAGTTCTCGCT-1,BAL 03
c1_1_TAAGCGTAGCACCGTC-1,Multiplet
c1_1_TAAGCGTAGCATGGGT-1,Multiplet
c1_1_TAAGCGTCATCCAATG-1,BAL 08
c1_1_TAAGCGTGTAGTTAGA-1,BAL 03
c1_1_TAAGCGTGTATGGTTC-1,BAL 08
c1_1_TAAGCGTTCAAGCTTG-1,Multiplet
c1_1_TAAGCGTTCCAACCAA-1,BAL 02
c1_1_TAAGCGTTCCTCATAT-1,BAL 02
c1_1_TAAGTCGCAACTGCCG-1,BAL 02
c1_1_TAAGTCGCAAGACGGT-1,BAL 02
c1_1_TAAGTCGCAATAACGA-1,BAL 05
c1_1_TAAGTCGCACCGGAAA-1,BAL 03
c1_1_TAAGTCGGTGTCCATA-1,BAL 05
c1_1_TAAGTCGGTGTTATCG-1,Multiplet
c1_1_TAAGTCGGTTGGGTTT-1,Multiplet
c1_1_TAAGTCGTCACCACAA-1,Multiplet
c1_1_TAAGTCGTCCGTACGG-1,BAL 06
c1_1_TAAGTCGTCGTGGGAA-1,BAL 06
c1_1_TAAGTCGTCTGGGAGA-1,BAL 03
c1_1_TAATCTCCAAATGAAC-1,Multiplet
c1_1_TAATCTCCAGACCAAG-1,BAL 06
c1_1_TAATCTCGTCTGTCCT-1,BAL 03
c1_1_TAATCTCGTGTTCGAT-1,Multiplet
c1_1_TAATCTCTCATCGACA-1,BAL 04
c1_1_TAATCTCTCCCTCGAT-1,BAL 06
c1_1_TAATCTCTCCTGTTGC-1,BAL 02
c1_1_TAATCTCTCGATCCAA-1,BAL 04
c1_1_TAATCTCTCTAGGCAT-1,BAL 03
c1_1_TAATCTCTCTCGAACA-1,BAL 03
c1_1_TAATTCCAGAGCATTA-1,BAL 05
c1_1_TAATTCCAGTCCGCCA-1,BAL 01
c1_1_TAATTCCCAGTGAGCA-1,BAL 03
c1_1_TAATTCCGTAAGTAGT-1,BAL 08
c1_1_TAATTCCGTCAACATC-1,BAL 08
c1_1_TAATTCCTCGAACTCA-1,Multiplet
c1_1_TAATTCCTCGCTCTAC-1,BAL 08
c1_1_TAATTCCTCGTTGCCT-1,Multiplet
c1_1_TAATTCCTCTGAATCG-1,Multiplet
c1_1_TACAACGAGAAGCGGG-1,Multiplet
c1_1_TACAACGAGACGACTG-1,BAL 07
c1_1_TACAACGAGCATGTTC-1,BAL 05
c1_1_TACAACGAGGAAGTAG-1,BAL 03
c1_1_TACAACGAGGCACGAT-1,Multiplet
c1_1_TACAACGCAATGACCT-1,BAL 03
c1_1_TACAACGCACCCTATC-1,BAL 07
c1_1_TACAACGCACCTCGTT-1,BAL 03
c1_1_TACAACGCACGACAGA-1,BAL 06
c1_1_TACAACGGTCACAGAG-1,BAL 03
c1_1_TACAACGGTTGTGCCG-1,BAL 05
c1_1_TACACCCAGATTAGAC-1,BAL 04
c1_1_TACACCCAGTTACGGG-1,Multiplet
c1_1_TACACCCCACCGGAAA-1,Multiplet
c1_1_TACACCCCAGCAGTTT-1,BAL 05
c1_1_TACACCCCAGCTTTGA-1,Multiplet
c1_1_TACACCCGTACAGGTG-1,BAL 01
c1_1_TACACCCGTGCGAACA-1,BAL 08
c1_1_TACACCCGTGGGTATG-1,BAL 02
c1_1_TACACCCTCAAGGAGC-1,BAL 03
c1_1_TACACCCTCATGACAC-1,Multiplet
c1_1_TACACCCTCGACGAGA-1,BAL 06
c1_1_TACACCCTCGTCACCT-1,Multiplet
c1_1_TACACCCTCTGTTCAT-1,BAL 01
c1_1_TACAGGTAGGAAACGA-1,BAL 04
c1_1_TACAGGTAGGAACGCT-1,BAL 05
c1_1_TACAGGTCAAGAGTGC-1,Multiplet
c1_1_TACAGGTCACCCTGAG-1,Multiplet
c1_1_TACAGGTCATTAAAGG-1,BAL 01
c1_1_TACAGGTCATTCGATG-1,BAL 04
c1_1_TACAGGTTCCCAGTGG-1,BAL 05
c1_1_TACAGGTTCCTTCTAA-1,Multiplet
c1_1_TACAGGTTCGGAAGGT-1,BAL 03
c1_1_TACAGGTTCTGGAGAG-1,BAL 02
c1_1_TACATTCAGGAACGCT-1,BAL 05
c1_1_TACATTCAGGAGGGTG-1,BAL 03
c1_1_TACATTCAGGCGACAT-1,Multiplet
c1_1_TACATTCAGTTCCTGA-1,BAL 02
c1_1_TACATTCCACTGCGAC-1,Multiplet
c1_1_TACATTCCAGGCATGA-1,BAL 07
c1_1_TACATTCCATACCGTA-1,BAL 03
c1_1_TACATTCCATTAAGCC-1,Multiplet
c1_1_TACATTCCATTGTACG-1,BAL 08
c1_1_TACATTCGTAGATTGA-1,BAL 08
c1_1_TACATTCTCACCTCTG-1,Multiplet
c1_1_TACATTCTCATAAGGA-1,Multiplet
c1_1_TACCCACAGCTCCATA-1,Multiplet
c1_1_TACCCACCAATGTGGG-1,BAL 07
c1_1_TACCCACCACGTACAT-1,BAL 04
c1_1_TACCCACCATTAAGCC-1,BAL 08
c1_1_TACCCACGTCGACTGC-1,BAL 06
c1_1_TACCCACGTTACCCTC-1,BAL 04
c1_1_TACCCACTCCTGGGAC-1,BAL 06
c1_1_TACCCACTCTGCATGA-1,BAL 07
c1_1_TACCCGTAGATAACGT-1,BAL 04
c1_1_TACCCGTAGCAGCCTC-1,BAL 08
c1_1_TACCCGTAGCGCTGAA-1,BAL 05
c1_1_TACCCGTAGCGTTCCG-1,BAL 07
c1_1_TACCCGTCAAAGCTAA-1,Multiplet
c1_1_TACCCGTCACATTCGA-1,Multiplet
c1_1_TACCCGTCACGTATAC-1,BAL 05
c1_1_TACCCGTGTATGAAGT-1,BAL 08
c1_1_TACCCGTGTCTGTAGT-1,BAL 07
c1_1_TACCCGTGTGAGAACC-1,BAL 08
c1_1_TACCCGTGTGGTCCGT-1,BAL 08
c1_1_TACCCGTTCGGTAGGA-1,BAL 03
c1_1_TACCGAAAGGACGCTA-1,BAL 07
c1_1_TACCGAAAGTAGTCCT-1,BAL 06
c1_1_TACCGAACAAATGCTC-1,Multiplet
c1_1_TACCGAACAGCCTACG-1,BAL 04
c1_1_TACCGAAGTACGGCAA-1,BAL 08
c1_1_TACCGAAGTAGTTCCA-1,BAL 03
c1_1_TACCGAAGTATTTCCT-1,BAL 06
c1_1_TACCGAAGTGACAGCA-1,BAL 02
c1_1_TACCGAAGTGCGGCTT-1,BAL 05
c1_1_TACCGAAGTTCAATCG-1,BAL 02
c1_1_TACCGAAGTTGTTTGG-1,BAL 04
c1_1_TACCGAATCGCGCTGA-1,BAL 06
c1_1_TACCGAATCGGTGAAG-1,BAL 05
c1_1_TACCGGGAGGGTCAAC-1,BAL 07
c1_1_TACCGGGAGTGGAAAG-1,BAL 05
c1_1_TACCGGGCAAGGGTCA-1,BAL 07
c1_1_TACCGGGCACGCCACA-1,BAL 01
c1_1_TACCGGGCACGTGTGC-1,BAL 03
c1_1_TACCGGGGTAGTCCTA-1,BAL 01
c1_1_TACCGGGGTTACAGCT-1,BAL 02
c1_1_TACCGGGGTTCCCACT-1,BAL 05
c1_1_TACCGGGTCACGTAGT-1,BAL 06
c1_1_TACCGGGTCGACGCGT-1,BAL 02
c1_1_TACCGGGTCGCGTTTC-1,BAL 04
c1_1_TACCGGGTCTCATGCC-1,BAL 01
c1_1_TACCTCGAGACCATGG-1,BAL 03
c1_1_TACCTCGAGAGTTGCG-1,BAL 03
c1_1_TACCTCGAGCCTCAGC-1,BAL 03
c1_1_TACCTCGAGGACAGCT-1,BAL 07
c1_1_TACCTCGAGGATTTGA-1,Multiplet
c1_1_TACCTCGAGGGAGGGT-1,BAL 02
c1_1_TACCTCGAGGGTACAC-1,BAL 05
c1_1_TACCTCGAGGTTGGAC-1,BAL 06
c1_1_TACCTCGCAACCACGC-1,BAL 07
c1_1_TACCTCGCAAGTTTGC-1,BAL 03
c1_1_TACCTCGCACAATGAA-1,BAL 08
c1_1_TACCTCGCACTAGTAC-1,BAL 02
c1_1_TACCTCGCATAGAGGC-1,Multiplet
c1_1_TACCTCGGTACCGGAA-1,BAL 05
c1_1_TACCTCGGTCAGTCTA-1,Multiplet
c1_1_TACCTCGGTCCTGGGT-1,BAL 06
c1_1_TACCTCGGTGAATGAT-1,BAL 02
c1_1_TACCTCGTCCTTGGAA-1,BAL 06
c1_1_TACCTCGTCTCGAACA-1,BAL 02
c1_1_TACCTGCAGACGTCCC-1,BAL 07
c1_1_TACCTGCAGCATCAGG-1,BAL 05
c1_1_TACCTGCAGGCTTAAA-1,BAL 02
c1_1_TACCTGCAGGGAGGTG-1,BAL 03
c1_1_TACCTGCAGGGTCTTT-1,BAL 08
c1_1_TACCTGCAGTGCTACT-1,BAL 01
c1_1_TACCTGCCAAGATGTA-1,Multiplet
c1_1_TACCTGCCACGGGCTT-1,Multiplet
c1_1_TACCTGCCAGAAGTTA-1,BAL 05
c1_1_TACCTGCGTACTCCCT-1,BAL 07
c1_1_TACCTGCGTAGTGCGA-1,BAL 05
c1_1_TACCTGCGTGGACTGA-1,Multiplet
c1_1_TACCTGCGTGTCTCCT-1,BAL 06
c1_1_TACCTGCGTGTGCTTA-1,Multiplet
c1_1_TACCTGCGTTCATCTT-1,BAL 03
c1_1_TACCTGCTCAGCTGAT-1,BAL 03
c1_1_TACCTGCTCGGCATAT-1,BAL 01
c1_1_TACGCTCAGACGTCGA-1,BAL 01
c1_1_TACGCTCAGCGGTATG-1,BAL 02
c1_1_TACGCTCAGTAGGGTC-1,BAL 03
c1_1_TACGCTCAGTGGTTAA-1,Multiplet
c1_1_TACGCTCCACCTGTCT-1,BAL 06
c1_1_TACGCTCCACGCAGTC-1,BAL 07
c1_1_TACGCTCCAGAGCCCT-1,BAL 02
c1_1_TACGCTCCATACAGGG-1,BAL 04
c1_1_TACGCTCGTCCATCTC-1,BAL 04
c1_1_TACGCTCGTGTGTGTT-1,BAL 05
c1_1_TACGCTCGTTGCAAGG-1,BAL 02
c1_1_TACGCTCTCCTCCACA-1,BAL 07
c1_1_TACGCTCTCTAAGCGT-1,BAL 03
c1_1_TACGGGCAGCATTGAA-1,BAL 02
c1_1_TACGGGCAGGCGACAT-1,BAL 08
c1_1_TACGGGCCAAATCAAG-1,BAL 04
c1_1_TACGGGCCAATGTCAC-1,BAL 01
c1_1_TACGGGCCACTACCCT-1,BAL 07
c1_1_TACGGGCCAGCTAACT-1,BAL 01
c1_1_TACGGGCGTAGTCCTA-1,BAL 05
c1_1_TACGGGCGTCGACTGC-1,BAL 02
c1_1_TACGGGCGTGTGTCCG-1,BAL 06
c1_1_TACGGGCGTTTGACAC-1,BAL 04
c1_1_TACGGGCTCCCTGTTG-1,BAL 03
c1_1_TACGGGCTCCTCTAGC-1,Multiplet
c1_1_TACGGGCTCTAACGCA-1,BAL 05
c1_1_TACGGGCTCTCCGATC-1,BAL 06
c1_1_TACGGGCTCTCTAAGG-1,BAL 04
c1_1_TACGGTAAGTCGCCAC-1,BAL 06
c1_1_TACGGTACAACTGCTA-1,Multiplet
c1_1_TACGGTAGTAGGCAAC-1,BAL 02
c1_1_TACGGTAGTCCAGTTA-1,BAL 04
c1_1_TACGGTAGTCTCAGAT-1,Multiplet
c1_1_TACGGTAGTTGGGTAG-1,BAL 04
c1_1_TACGGTAGTTTACCAG-1,BAL 01
c1_1_TACGGTATCACAAGGG-1,BAL 04
c1_1_TACGGTATCACACCCT-1,BAL 07
c1_1_TACGGTATCATTGCCC-1,BAL 06
c1_1_TACGGTATCCAACCAA-1,BAL 02
c1_1_TACGGTATCGAGCTGC-1,BAL 04
c1_1_TACGTCCAGGTCATCT-1,BAL 03
c1_1_TACGTCCCACTCCTGT-1,Multiplet
c1_1_TACGTCCCAGACAAGC-1,Multiplet
c1_1_TACGTCCGTACTCAAC-1,BAL 06
c1_1_TACGTCCGTACTGACT-1,BAL 03
c1_1_TACGTCCTCCGATGTA-1,BAL 03
c1_1_TACGTCCTCCTATTTG-1,BAL 01
c1_1_TACGTCCTCTCCACTG-1,BAL 04
c1_1_TACTGCCCAGCAGTTT-1,BAL 01
c1_1_TACTGCCCAGTCTCTC-1,BAL 05
c1_1_TACTGCCCATGGTACT-1,BAL 05
c1_1_TACTGCCGTCCACATA-1,BAL 07
c1_1_TACTGCCGTTGTAAAG-1,BAL 06
c1_1_TACTGCCTCACTGGTA-1,BAL 04
c1_1_TACTTACAGAGGATCC-1,BAL 06
c1_1_TACTTACAGATTGATG-1,BAL 05
c1_1_TACTTACAGGGAGAAT-1,BAL 06
c1_1_TACTTACCACCAGGTC-1,BAL 05
c1_1_TACTTACCACTCTAGA-1,BAL 02
c1_1_TACTTACCAGCCCAGT-1,Multiplet
c1_1_TACTTACGTGATTCTG-1,BAL 03
c1_1_TACTTACGTTGCTCGG-1,Multiplet
c1_1_TACTTACTCAAAGGAT-1,BAL 03
c1_1_TACTTACTCCCAACTC-1,BAL 01
c1_1_TACTTACTCTCGGTCT-1,BAL 04
c1_1_TACTTACTCTCGTGAA-1,Negative
c1_1_TACTTACTCTGGTGGC-1,BAL 03
c1_1_TACTTCAAGAGGTCAC-1,BAL 03
c1_1_TACTTCAAGGTCGACA-1,BAL 04
c1_1_TACTTCAAGTTTGCTG-1,BAL 02
c1_1_TACTTCACAAATAAGC-1,BAL 02
c1_1_TACTTCACAGGTCCCA-1,BAL 07
c1_1_TACTTCACATGGACAG-1,BAL 02
c1_1_TACTTCACATGGGTTT-1,BAL 04
c1_1_TACTTCAGTATTTCTC-1,Multiplet
c1_1_TACTTCAGTCACTTAG-1,BAL 08
c1_1_TACTTCAGTCCTCCAT-1,BAL 05
c1_1_TACTTCAGTGACATCT-1,BAL 03
c1_1_TACTTCAGTGGCTTAT-1,BAL 07
c1_1_TACTTCAGTTTCGTAG-1,BAL 08
c1_1_TACTTCATCACGGGAA-1,BAL 07
c1_1_TACTTCATCCCGATCT-1,BAL 05
c1_1_TACTTCATCCGGCAAC-1,BAL 06
c1_1_TACTTGTAGACCCGCT-1,BAL 03
c1_1_TACTTGTAGCACTAGG-1,BAL 06
c1_1_TACTTGTAGCAGATAT-1,BAL 05
c1_1_TACTTGTAGTAGACAT-1,BAL 07
c1_1_TACTTGTAGTGCAGCA-1,BAL 06
c1_1_TACTTGTCAAAGGCGT-1,Multiplet
c1_1_TACTTGTCACTATCGA-1,BAL 07
c1_1_TACTTGTCATAAGCGG-1,BAL 08
c1_1_TACTTGTCATGAGGGT-1,Multiplet
c1_1_TACTTGTCATGGACAG-1,BAL 08
c1_1_TAGACCAAGACCAAAT-1,BAL 08
c1_1_TAGACCAAGCTTTCCC-1,BAL 04
c1_1_TAGACCAAGTCTGCGC-1,BAL 05
c1_1_TAGACCACAAGTGGGT-1,Multiplet
c1_1_TAGACCACACCAGTAT-1,BAL 02
c1_1_TAGACCACACGCTATA-1,BAL 06
c1_1_TAGACCACACGCTTAA-1,BAL 03
c1_1_TAGACCACACTTCATT-1,BAL 06
c1_1_TAGACCACAGTTAGAA-1,BAL 04
c1_1_TAGACCACATGTCAGT-1,Multiplet
c1_1_TAGACCACATGTGGCC-1,BAL 05
c1_1_TAGACCAGTCGATTCA-1,BAL 01
c1_1_TAGACCAGTGCTTATG-1,BAL 04
c1_1_TAGACCATCACCTTGC-1,BAL 03
c1_1_TAGACCATCAGGAGAC-1,BAL 02
c1_1_TAGACCATCTGACAGT-1,BAL 03
c1_1_TAGACTGAGAAGGGAT-1,BAL 01
c1_1_TAGACTGAGACATGCG-1,BAL 07
c1_1_TAGACTGAGAGATGCC-1,Multiplet
c1_1_TAGACTGAGCAGCAGT-1,BAL 07
c1_1_TAGACTGAGTGCTAGG-1,BAL 06
c1_1_TAGACTGAGTTCCTGA-1,BAL 08
c1_1_TAGACTGCAACTACGT-1,BAL 06
c1_1_TAGACTGCAATCGAAA-1,Multiplet
c1_1_TAGACTGCACTTGACA-1,BAL 01
c1_1_TAGACTGGTGAGTTGG-1,BAL 03
c1_1_TAGACTGTCCGTCCTA-1,BAL 03
c1_1_TAGAGTCAGAATTGCA-1,BAL 04
c1_1_TAGAGTCAGATTTGCC-1,Multiplet
c1_1_TAGAGTCAGCCAGACA-1,BAL 04
c1_1_TAGAGTCAGCCTCTGG-1,BAL 08
c1_1_TAGAGTCAGGGTCAAC-1,BAL 04
c1_1_TAGAGTCAGTGTCATC-1,BAL 02
c1_1_TAGAGTCCAAAGTGTA-1,BAL 08
c1_1_TAGAGTCCAACGATCT-1,Multiplet
c1_1_TAGAGTCCAGACCAGA-1,BAL 03
c1_1_TAGAGTCCAGTCGTTA-1,BAL 05
c1_1_TAGAGTCCATTACTCT-1,Multiplet
c1_1_TAGAGTCGTATCGCTA-1,Multiplet
c1_1_TAGAGTCGTCCTTTGC-1,Multiplet
c1_1_TAGAGTCTCAAGAGTA-1,BAL 01
c1_1_TAGAGTCTCGTGGCTG-1,BAL 05
c1_1_TAGATCGAGGCCACCT-1,BAL 04
c1_1_TAGATCGAGTATGAAC-1,BAL 03
c1_1_TAGATCGAGTCGCTAT-1,BAL 01
c1_1_TAGATCGCAACAACAA-1,BAL 06
c1_1_TAGATCGCAGGAACCA-1,BAL 07
c1_1_TAGATCGCAGGAGGAG-1,BAL 02
c1_1_TAGATCGCAGGTCAAG-1,BAL 03
c1_1_TAGATCGCAGTATGAA-1,BAL 06
c1_1_TAGATCGCATGACACT-1,BAL 04
c1_1_TAGATCGGTATAGGAT-1,Multiplet
c1_1_TAGATCGGTCGTATTG-1,BAL 06
c1_1_TAGATCGTCAAGAATG-1,BAL 08
c1_1_TAGATCGTCTAAACGC-1,BAL 01
c1_1_TAGATCGTCTGACAGT-1,BAL 05
c1_1_TAGCACAAGCAGGTCA-1,Multiplet
c1_1_TAGCACAAGCGCTGAA-1,BAL 07
c1_1_TAGCACAAGCTGTCCG-1,BAL 07
c1_1_TAGCACAAGGCTTAAA-1,Multiplet
c1_1_TAGCACAAGTCAATCC-1,BAL 04
c1_1_TAGCACAAGTGCACAG-1,BAL 03
c1_1_TAGCACACAAACTAGA-1,BAL 04
c1_1_TAGCACACAAATGATG-1,BAL 03
c1_1_TAGCACACAATCCTAG-1,BAL 01
c1_1_TAGCACACACCTAAAC-1,BAL 03
c1_1_TAGCACAGTTATGACC-1,BAL 05
c1_1_TAGCACAGTTGTCATG-1,BAL 06
c1_1_TAGGAGGAGACCAAAT-1,Negative
c1_1_TAGGAGGAGCATCGAG-1,Multiplet
c1_1_TAGGAGGAGCTTCGTA-1,BAL 06
c1_1_TAGGAGGAGTGGTCAG-1,BAL 05
c1_1_TAGGAGGCACGGCGTT-1,BAL 08
c1_1_TAGGAGGCATAGCACT-1,BAL 03
c1_1_TAGGAGGCATGCACTA-1,BAL 06
c1_1_TAGGAGGGTATCGTTG-1,Multiplet
c1_1_TAGGAGGGTTGGGCCT-1,BAL 02
c1_1_TAGGAGGTCAACGCTA-1,BAL 02
c1_1_TAGGAGGTCCGACGGT-1,Negative
c1_1_TAGGAGGTCTAGTACG-1,Multiplet
c1_1_TAGGGTTAGATACTGA-1,BAL 05
c1_1_TAGGGTTAGCCTGTGC-1,BAL 04
c1_1_TAGGGTTAGCGTATGG-1,BAL 02
c1_1_TAGGGTTAGTATGAAC-1,BAL 07
c1_1_TAGGGTTAGTTGGGAC-1,Multiplet
c1_1_TAGGGTTCAATCACGT-1,BAL 05
c1_1_TAGGGTTCAGAGACTG-1,BAL 04
c1_1_TAGGGTTCATATCGGT-1,BAL 08
c1_1_TAGGGTTGTCCGCAGT-1,BAL 07
c1_1_TAGGGTTGTCCTCATC-1,BAL 08
c1_1_TAGGGTTGTTACGCCG-1,BAL 08
c1_1_TAGGGTTTCATTTCCA-1,BAL 04
c1_1_TAGGGTTTCCCAAGCG-1,BAL 03
c1_1_TAGGGTTTCGATTGGT-1,BAL 04
c1_1_TAGGGTTTCTGTGCAA-1,BAL 05
c1_1_TAGGTACAGTGCGACA-1,BAL 01
c1_1_TAGGTACAGTTCCGGC-1,BAL 07
c1_1_TAGGTACCAACTCGTA-1,BAL 02
c1_1_TAGGTACCAGTCAACT-1,BAL 02
c1_1_TAGGTACCATAGATCC-1,BAL 03
c1_1_TAGGTACCATCCAACA-1,BAL 04
c1_1_TAGGTACGTAATCAAG-1,BAL 02
c1_1_TAGGTACGTCGAGATG-1,BAL 05
c1_1_TAGGTACGTGACATCT-1,BAL 06
c1_1_TAGGTACGTGTATACC-1,Multiplet
c1_1_TAGGTACGTTATAGAG-1,BAL 07
c1_1_TAGGTACGTTCACGAT-1,BAL 06
c1_1_TAGGTACTCTGTCGTC-1,BAL 04
c1_1_TAGGTTGAGAGGCGTT-1,BAL 05
c1_1_TAGGTTGAGCACTGGA-1,BAL 08
c1_1_TAGGTTGAGCATATGA-1,BAL 05
c1_1_TAGGTTGAGCTCGGCT-1,BAL 03
c1_1_TAGGTTGAGGCACCAA-1,BAL 02
c1_1_TAGGTTGAGGGACTGT-1,BAL 02
c1_1_TAGGTTGCACCGTACG-1,BAL 02
c1_1_TAGGTTGCACGTAGAG-1,BAL 03
c1_1_TAGGTTGGTAGTCGTT-1,BAL 02
c1_1_TAGGTTGGTCCTCCAT-1,BAL 03
c1_1_TAGGTTGGTTCGTTCC-1,BAL 02
c1_1_TAGGTTGTCCCTTGGT-1,BAL 06
c1_1_TAGGTTGTCCGATGCG-1,Multiplet
c1_1_TAGTGCAAGACATCCT-1,BAL 02
c1_1_TAGTGCAAGACTACCT-1,BAL 07
c1_1_TAGTGCAGTATCCTTT-1,BAL 06
c1_1_TAGTGCAGTTCTCTCG-1,BAL 01
c1_1_TAGTGCATCGACATTG-1,BAL 03
c1_1_TAGTGCATCGCACGAC-1,BAL 02
c1_1_TAGTGCATCGTCGCTT-1,BAL 03
c1_1_TATACCTAGCGAGAAA-1,BAL 08
c1_1_TATACCTAGGACGGAG-1,BAL 06
c1_1_TATACCTCAAGTGCAG-1,BAL 03
c1_1_TATACCTCACTCCACT-1,BAL 07
c1_1_TATACCTGTAAGACCG-1,BAL 08
c1_1_TATACCTGTATGCTTG-1,BAL 06
c1_1_TATACCTGTGTTTGCA-1,BAL 08
c1_1_TATACCTTCGGCAGTC-1,BAL 02
c1_1_TATATCCAGAATTCAG-1,BAL 07
c1_1_TATATCCAGCGATGCA-1,BAL 05
c1_1_TATATCCAGGTGATAT-1,BAL 01
c1_1_TATATCCCAAGCGAAC-1,BAL 04
c1_1_TATATCCGTAACGATA-1,BAL 07
c1_1_TATATCCGTATTGACC-1,Multiplet
c1_1_TATATCCGTTGCGTAT-1,Multiplet
c1_1_TATATCCTCCTACAAG-1,BAL 03
c1_1_TATCAGGCAATAGGAT-1,BAL 05
c1_1_TATCAGGCAATTTCTC-1,BAL 07
c1_1_TATCAGGCACGCTTAA-1,Multiplet
c1_1_TATCAGGCATGTTCGA-1,BAL 04
c1_1_TATCAGGGTGAGTAAT-1,BAL 05
c1_1_TATCAGGGTGCTCGTG-1,BAL 02
c1_1_TATCAGGGTGGTTTGT-1,BAL 03
c1_1_TATCAGGGTGTAAACA-1,BAL 02
c1_1_TATCAGGTCAAACGAA-1,Multiplet
c1_1_TATCAGGTCATCTGTT-1,BAL 03
c1_1_TATCAGGTCCCATGGG-1,BAL 03
c1_1_TATCAGGTCCGGTTCT-1,BAL 02
c1_1_TATCAGGTCCTCATAT-1,BAL 03
c1_1_TATCAGGTCTCCGATC-1,BAL 05
c1_1_TATCCTAAGGCTATCT-1,BAL 07
c1_1_TATCCTAAGTTGCTGT-1,BAL 05
c1_1_TATCCTACAACAAAGT-1,Multiplet
c1_1_TATCCTACAAGTGACG-1,BAL 05
c1_1_TATCCTACAATTGAGA-1,Multiplet
c1_1_TATCCTACACAATTCG-1,BAL 04
c1_1_TATCCTACACTCTAGA-1,BAL 02
c1_1_TATCCTACACTGAATC-1,BAL 02
c1_1_TATCCTAGTCACTCGG-1,BAL 07
c1_1_TATCCTAGTTAAGGAT-1,BAL 07
c1_1_TATCCTATCACCCTTG-1,Negative
c1_1_TATCCTATCGGTAGGA-1,BAL 01
c1_1_TATCCTATCGTTCAGA-1,BAL 08
c1_1_TATCGCCAGAAGCGAA-1,BAL 05
c1_1_TATCGCCAGACCTCAT-1,BAL 07
c1_1_TATCGCCAGATGATTG-1,BAL 08
c1_1_TATCGCCAGCTGAGTG-1,Multiplet
c1_1_TATCGCCAGGTATAGT-1,BAL 02
c1_1_TATCGCCAGTCTTCCC-1,BAL 07
c1_1_TATCGCCCAAATCGTC-1,BAL 02
c1_1_TATCGCCCAACACGTT-1,BAL 07
c1_1_TATCGCCCACCGTGAC-1,Multiplet
c1_1_TATCGCCCATGCGTGC-1,BAL 08
c1_1_TATCGCCGTACGTTCA-1,BAL 02
c1_1_TATCGCCGTATAGCTC-1,BAL 01
c1_1_TATCGCCGTCTACGAT-1,BAL 02
c1_1_TATCGCCGTTCAGCGC-1,BAL 02
c1_1_TATCGCCGTTCGTTCC-1,BAL 03
c1_1_TATCGCCTCCGCAACG-1,BAL 06
c1_1_TATCGCCTCGGCCAAC-1,Multiplet
c1_1_TATCTGTAGAAATGGG-1,BAL 08
c1_1_TATCTGTCAAATGATG-1,BAL 07
c1_1_TATCTGTCACAAATGA-1,BAL 02
c1_1_TATCTGTCACGGTAGA-1,Multiplet
c1_1_TATCTGTCACTGGATT-1,BAL 03
c1_1_TATCTGTCATGAGGGT-1,BAL 03
c1_1_TATCTGTGTAGGTGCA-1,BAL 08
c1_1_TATCTGTGTGTTCGTA-1,Multiplet
c1_1_TATCTGTGTTTACTTC-1,Multiplet
c1_1_TATCTGTTCTAGCAAC-1,BAL 06
c1_1_TATCTTGAGCTACGTT-1,BAL 07
c1_1_TATCTTGAGGGCCTCT-1,Multiplet
c1_1_TATCTTGAGGTAGATT-1,BAL 06
c1_1_TATCTTGCAATTCGTG-1,BAL 02
c1_1_TATCTTGCACCGCTGA-1,BAL 02
c1_1_TATCTTGCACGTCTCT-1,BAL 01
c1_1_TATCTTGCAGAGTGTG-1,BAL 01
c1_1_TATCTTGCAGGTCAGA-1,BAL 02
c1_1_TATCTTGGTAGAGTTA-1,BAL 04
c1_1_TATCTTGGTCCAGCCA-1,BAL 07
c1_1_TATCTTGGTGCTCCGA-1,BAL 03
c1_1_TATCTTGTCCACGGGT-1,Multiplet
c1_1_TATCTTGTCTGTAACG-1,BAL 06
c1_1_TATGTTCAGTAATACG-1,BAL 02
c1_1_TATGTTCAGTACTCGT-1,BAL 04
c1_1_TATGTTCCAGAGTAAT-1,BAL 01
c1_1_TATGTTCCAGCATCTA-1,BAL 08
c1_1_TATGTTCCAGGAAGTC-1,Multiplet
c1_1_TATGTTCCATCGCTCT-1,BAL 07
c1_1_TATGTTCGTATCTTCT-1,Multiplet
c1_1_TATGTTCGTCAGCTTA-1,BAL 08
c1_1_TATGTTCGTGCCTAAT-1,BAL 08
c1_1_TATGTTCGTTCTCTCG-1,Multiplet
c1_1_TATGTTCTCACTTATC-1,BAL 07
c1_1_TATTCCAAGGGTATAT-1,BAL 05
c1_1_TATTCCACAAATTAGG-1,BAL 08
c1_1_TATTCCACAACCGCCA-1,BAL 04
c1_1_TATTCCACAATCGCAT-1,BAL 04
c1_1_TATTCCACAATTGGTC-1,BAL 03
c1_1_TATTCCACACATCCCT-1,Multiplet
c1_1_TATTCCACACGACCTG-1,Multiplet
c1_1_TATTCCACAGCTATAC-1,BAL 08
c1_1_TATTCCACATGGAGAC-1,BAL 06
c1_1_TATTCCACATTCCTCG-1,BAL 04
c1_1_TATTCCAGTCGCTTAA-1,BAL 04
c1_1_TATTCCATCACATACG-1,BAL 06
c1_1_TATTCCATCGCCGTGA-1,Multiplet
c1_1_TATTCCATCTTGGTCC-1,Multiplet
c1_1_TATTGCTAGCATCCCG-1,BAL 03
c1_1_TATTGCTAGCCTGTGC-1,BAL 02
c1_1_TATTGCTAGCTAGAAT-1,BAL 02
c1_1_TATTGCTCACTATCGA-1,BAL 03
c1_1_TATTGCTCACTTGAAC-1,BAL 03
c1_1_TATTGCTCAGAACTCT-1,BAL 04
c1_1_TATTGCTCAGTATACC-1,BAL 05
c1_1_TATTGCTCATCTCGTC-1,BAL 05
c1_1_TATTGCTGTACGTAGG-1,BAL 03
c1_1_TATTGCTGTGGCAACA-1,Multiplet
c1_1_TATTGCTGTTGGATCT-1,BAL 03
c1_1_TATTGCTTCATAGAGA-1,BAL 01
c1_1_TATTGCTTCTACAGGT-1,BAL 07
c1_1_TATTGGGAGACAACAT-1,BAL 06
c1_1_TATTGGGAGCGCCATC-1,BAL 04
c1_1_TATTGGGAGGACGGAG-1,Multiplet
c1_1_TATTGGGCACGACGCT-1,BAL 05
c1_1_TATTGGGCACGACGTC-1,BAL 04
c1_1_TATTGGGCACTGGCGT-1,BAL 07
c1_1_TATTGGGCAGGCCTGT-1,BAL 08
c1_1_TATTGGGGTATCGGTT-1,BAL 05
c1_1_TATTGGGGTGAACCGA-1,BAL 07
c1_1_TATTGGGTCCTTCTAA-1,BAL 08
c1_1_TATTTCGAGCCTGGAA-1,BAL 05
c1_1_TATTTCGAGTCAGAGC-1,Multiplet
c1_1_TATTTCGCACATCCCT-1,BAL 04
c1_1_TATTTCGCAGGAAGTC-1,BAL 02
c1_1_TATTTCGCATGGCCAC-1,BAL 05
c1_1_TATTTCGGTTCAAAGA-1,BAL 07
c1_1_TATTTCGTCCCGAGTG-1,BAL 03
c1_1_TCAAGACAGAGTTGTA-1,BAL 04
c1_1_TCAAGACAGATAACGT-1,BAL 03
c1_1_TCAAGACAGGGCAGAG-1,Multiplet
c1_1_TCAAGACAGTAAATGC-1,Multiplet
c1_1_TCAAGACAGTATGACA-1,BAL 04
c1_1_TCAAGACAGTTAACAG-1,Multiplet
c1_1_TCAAGACCAACGCCCA-1,BAL 01
c1_1_TCAAGACCAACTTCTT-1,BAL 02
c1_1_TCAAGACCAATGGGTG-1,BAL 05
c1_1_TCAAGACCACGACTAT-1,BAL 02
c1_1_TCAAGACGTACGTGAG-1,BAL 05
c1_1_TCAAGACGTCCACAGC-1,BAL 04
c1_1_TCAAGACGTCCCAAAT-1,BAL 08
c1_1_TCAAGACGTCTACAGT-1,BAL 07
c1_1_TCAAGACGTGTTGACT-1,BAL 06
c1_1_TCAAGACGTTAGAAGT-1,BAL 02
c1_1_TCAAGACTCAGAGTGG-1,BAL 03
c1_1_TCAAGACTCGCTGTTC-1,BAL 01
c1_1_TCAAGACTCTAAGCCA-1,BAL 05
c1_1_TCAAGACTCTGTCCGT-1,BAL 01
c1_1_TCAAGACTCTGTGCGG-1,BAL 05
c1_1_TCAAGACTCTTAGCCC-1,BAL 01
c1_1_TCAAGACTCTTTGCGC-1,BAL 02
c1_1_TCAAGCAAGTTCGCAT-1,BAL 01
c1_1_TCAAGCACAAGAGGTC-1,BAL 02
c1_1_TCAAGCACAAGCCCAC-1,BAL 01
c1_1_TCAAGCACACCGTGAC-1,Multiplet
c1_1_TCAAGCACAGGGAATC-1,Multiplet
c1_1_TCAAGCAGTGTGCTTA-1,BAL 02
c1_1_TCAAGCAGTTGCTGAT-1,BAL 04
c1_1_TCAAGCAGTTTCTTAC-1,BAL 05
c1_1_TCAAGCATCACGTAGT-1,BAL 02
c1_1_TCAAGCATCTACTGCC-1,BAL 02
c1_1_TCAAGTGAGAACAGGA-1,BAL 05
c1_1_TCAAGTGAGCAAATCA-1,Multiplet
c1_1_TCAAGTGAGCATTGTC-1,Multiplet
c1_1_TCAAGTGCAATGTCTG-1,BAL 03
c1_1_TCAAGTGCAGGGCTTC-1,BAL 07
c1_1_TCAAGTGCATGGAACG-1,BAL 07
c1_1_TCAAGTGGTTGTAGCT-1,BAL 08
c1_1_TCAAGTGTCACAGTGT-1,BAL 03
c1_1_TCAAGTGTCCATCCGT-1,BAL 03
c1_1_TCAAGTGTCCCAACTC-1,BAL 06
c1_1_TCAAGTGTCCCGAACG-1,Multiplet
c1_1_TCAAGTGTCGATGCAT-1,BAL 04
c1_1_TCAATCTAGCAGATAT-1,BAL 03
c1_1_TCAATCTAGCATTTCG-1,Multiplet
c1_1_TCAATCTAGGTTGAGC-1,BAL 08
c1_1_TCAATCTAGTCGAAGC-1,BAL 05
c1_1_TCAATCTCAAGCGAAC-1,BAL 02
c1_1_TCAATCTCAATCTCTT-1,BAL 08
c1_1_TCAATCTCAGATACCT-1,BAL 03
c1_1_TCAATCTCATCCTTCG-1,BAL 05
c1_1_TCAATCTGTAATGATG-1,BAL 08
c1_1_TCAATCTGTTGCCATA-1,BAL 04
c1_1_TCAATCTTCCATGCAA-1,BAL 08
c1_1_TCAATCTTCGGCATAT-1,BAL 07
c1_1_TCAATTCAGGAGATAG-1,BAL 05
c1_1_TCAATTCAGGGCATGT-1,BAL 04
c1_1_TCAATTCCACTTCAAG-1,BAL 08
c1_1_TCAATTCCAGCATTGT-1,BAL 03
c1_1_TCAATTCCAGCCGTTG-1,BAL 03
c1_1_TCAATTCCAGTAGAAT-1,BAL 02
c1_1_TCAATTCGTACCGTGC-1,BAL 02
c1_1_TCAATTCGTCCCTGAG-1,BAL 02
c1_1_TCAATTCGTCTGATAC-1,BAL 03
c1_1_TCAATTCGTGACCGTC-1,Multiplet
c1_1_TCAATTCTCACCGGTG-1,BAL 07
c1_1_TCAATTCTCCACACAA-1,BAL 02
c1_1_TCAATTCTCGCTAATG-1,Negative
c1_1_TCACAAGAGTCCGCGT-1,BAL 05
c1_1_TCACAAGCACCAACAT-1,BAL 02
c1_1_TCACAAGCACCGTGGT-1,BAL 05
c1_1_TCACAAGCAGCGTTGC-1,BAL 02
c1_1_TCACAAGCATCAGCTA-1,BAL 03
c1_1_TCACAAGGTAGCGTTT-1,BAL 08
c1_1_TCACAAGGTCTACACA-1,BAL 06
c1_1_TCACAAGGTGCATACT-1,Multiplet
c1_1_TCACAAGGTGTACAGG-1,BAL 03
c1_1_TCACAAGGTTTCGATG-1,BAL 08
c1_1_TCACAAGGTTTGAACC-1,Multiplet
c1_1_TCACAAGTCACCGGTG-1,BAL 01
c1_1_TCACAAGTCAGGACAG-1,BAL 07
c1_1_TCACAAGTCGAACGCC-1,BAL 04
c1_1_TCACAAGTCTCAGAAC-1,BAL 05
c1_1_TCACAAGTCTGGGTCG-1,BAL 07
c1_1_TCACACCAGCGGACAT-1,BAL 04
c1_1_TCACACCAGTAATACG-1,Negative
c1_1_TCACACCCAAAGGATT-1,BAL 03
c1_1_TCACACCCATCCGCGA-1,BAL 08
c1_1_TCACACCGTACAAGTA-1,BAL 06
c1_1_TCACACCGTCGGTACC-1,Multiplet
c1_1_TCACACCTCAATCAGC-1,BAL 04
c1_1_TCACACCTCCTACCGT-1,BAL 07
c1_1_TCACACCTCGAGAATA-1,BAL 03
c1_1_TCACACCTCGTAACAC-1,BAL 05
c1_1_TCACATTAGGATATGT-1,Multiplet
c1_1_TCACATTAGGTTGCCC-1,BAL 03
c1_1_TCACATTCAATTAGGA-1,Multiplet
c1_1_TCACATTCATCAGCTA-1,BAL 05
c1_1_TCACATTGTACCCAGC-1,BAL 06
c1_1_TCACATTGTCAGCTTA-1,BAL 08
c1_1_TCACATTGTGGTTTGT-1,BAL 03
c1_1_TCACATTGTTGCATAC-1,BAL 04
c1_1_TCACATTTCGGACTGC-1,Multiplet
c1_1_TCACGCTAGAGTCAGC-1,BAL 03
c1_1_TCACGCTCAGCCGTTG-1,BAL 03
c1_1_TCACGCTCATGGGTTT-1,Multiplet
c1_1_TCACGCTGTGTAAACA-1,BAL 02
c1_1_TCACGCTGTTCCACGG-1,BAL 03
c1_1_TCACGCTGTTCGGCTG-1,Multiplet
c1_1_TCACGCTTCTTCGATT-1,BAL 07
c1_1_TCACGGGAGACATAAC-1,BAL 05
c1_1_TCACGGGAGATGAATC-1,BAL 02
c1_1_TCACGGGAGCGTGTCC-1,BAL 06
c1_1_TCACGGGAGGAGCAAA-1,BAL 06
c1_1_TCACGGGAGGTAGTAT-1,Multiplet
c1_1_TCACGGGCAAGAATAC-1,BAL 03
c1_1_TCACGGGCACAAATCC-1,BAL 05
c1_1_TCACGGGCAGCATTGT-1,BAL 03
c1_1_TCACGGGGTGCGTGCT-1,BAL 08
c1_1_TCACGGGGTGGTGATG-1,BAL 07
c1_1_TCACGGGTCGATTGAC-1,BAL 05
c1_1_TCACTATAGATTGAGT-1,BAL 06
c1_1_TCACTATCACTACCGG-1,BAL 05
c1_1_TCACTATGTCGCTCGA-1,BAL 03
c1_1_TCACTATTCAGAGCAG-1,BAL 07
c1_1_TCACTATTCTTGGTCC-1,BAL 05
c1_1_TCACTCGAGACCAACG-1,BAL 08
c1_1_TCACTCGAGCATGGGT-1,BAL 02
c1_1_TCACTCGAGCTCCACG-1,BAL 05
c1_1_TCACTCGAGGAGAGTA-1,BAL 04
c1_1_TCACTCGAGGTTCCAT-1,BAL 03
c1_1_TCACTCGCACCCGTAG-1,BAL 08
c1_1_TCACTCGCAGTTGCGC-1,Multiplet
c1_1_TCACTCGCATCCTTCG-1,BAL 04
c1_1_TCACTCGGTACAAGTA-1,Multiplet
c1_1_TCACTCGGTAGTCCTA-1,BAL 06
c1_1_TCACTCGGTGTATTGC-1,Multiplet
c1_1_TCACTCGGTGTTCAGT-1,BAL 01
c1_1_TCACTCGTCAACTGGT-1,Multiplet
c1_1_TCACTCGTCAATCCGA-1,BAL 02
c1_1_TCACTCGTCCCGATCT-1,BAL 06
c1_1_TCACTCGTCGACATTG-1,BAL 05
c1_1_TCACTCGTCTTACCAT-1,BAL 03
c1_1_TCAGCAAAGACGGATC-1,BAL 05
c1_1_TCAGCAAAGATCACCT-1,BAL 01
c1_1_TCAGCAAAGATGTAGT-1,BAL 05
c1_1_TCAGCAACAAGCACAG-1,Multiplet
c1_1_TCAGCAACAGCAGAAC-1,BAL 01
c1_1_TCAGCAACAGCTTTGA-1,BAL 03
c1_1_TCAGCAACAGGTCCGT-1,BAL 03
c1_1_TCAGCAAGTACTTCCC-1,BAL 01
c1_1_TCAGCAAGTCAAGTTC-1,BAL 03
c1_1_TCAGCAAGTCTCCTGT-1,Multiplet
c1_1_TCAGCAAGTGCCCTTT-1,BAL 07
c1_1_TCAGCAAGTGTCCCTT-1,BAL 07
c1_1_TCAGCAAGTTAGGAGC-1,BAL 07
c1_1_TCAGCAATCATTGTGG-1,BAL 03
c1_1_TCAGCAATCCATCAGA-1,Multiplet
c1_1_TCAGCAATCCTATGGA-1,BAL 03
c1_1_TCAGCCTAGCAAGTCG-1,BAL 05
c1_1_TCAGCCTAGCCGGATA-1,BAL 02
c1_1_TCAGCCTAGCTAGTTC-1,BAL 08
c1_1_TCAGCCTAGCTGTCCG-1,Multiplet
c1_1_TCAGCCTAGTCTGCGC-1,Multiplet
c1_1_TCAGCCTAGTGCGCTC-1,BAL 02
c1_1_TCAGCCTCAACAAAGT-1,Multiplet
c1_1_TCAGCCTGTGCAGATG-1,BAL 07
c1_1_TCAGCCTTCACGTCCT-1,BAL 04
c1_1_TCAGCCTTCCAACTAG-1,BAL 03
c1_1_TCAGCCTTCGACCATA-1,BAL 06
c1_1_TCAGGGCAGTTGGGAC-1,BAL 04
c1_1_TCAGGGCCAAGTGATA-1,BAL 02
c1_1_TCAGGGCCATCTCCCA-1,BAL 08
c1_1_TCAGGGCGTACGATTC-1,BAL 04
c1_1_TCAGGGCGTAGCTTGT-1,BAL 07
c1_1_TCAGGGCGTGGAGAAA-1,BAL 05
c1_1_TCAGGGCGTTGGGCCT-1,BAL 07
c1_1_TCAGGGCGTTTCTATC-1,BAL 01
c1_1_TCAGGGCTCAACTGGT-1,BAL 04
c1_1_TCAGGGCTCATGACAC-1,BAL 07
c1_1_TCAGGGCTCGCAGTGC-1,BAL 08
c1_1_TCAGGTAAGGGTTTCT-1,BAL 05
c1_1_TCAGGTAAGTTTGAGA-1,BAL 03
c1_1_TCAGGTACATAATGAG-1,Multiplet
c1_1_TCAGGTACATCGATAC-1,BAL 08
c1_1_TCAGGTAGTACTGACT-1,BAL 04
c1_1_TCAGGTAGTAGTTCCA-1,BAL 08
c1_1_TCAGGTAGTTAGAGAT-1,BAL 07
c1_1_TCAGGTATCACTGGGC-1,Multiplet
c1_1_TCAGGTATCCGGTAAT-1,BAL 06
c1_1_TCAGGTATCCGTGTCT-1,BAL 08
c1_1_TCAGGTATCGGACGTC-1,BAL 07
c1_1_TCAGGTATCTACGCGG-1,BAL 01
c1_1_TCAGTCCAGGTCGCCT-1,BAL 05
c1_1_TCAGTCCCATAATCGC-1,Multiplet
c1_1_TCAGTCCCATCCGAAT-1,BAL 05
c1_1_TCAGTCCGTATTGACC-1,BAL 05
c1_1_TCAGTCCGTCCGATCG-1,BAL 02
c1_1_TCAGTCCGTTAATCGC-1,BAL 05
c1_1_TCAGTCCTCATCCCGT-1,Multiplet
c1_1_TCAGTCCTCCTAGCCT-1,Multiplet
c1_1_TCAGTGACACAGCATT-1,BAL 06
c1_1_TCAGTGACAGGCCCTA-1,Multiplet
c1_1_TCAGTGAGTTTCAGAC-1,BAL 03
c1_1_TCAGTGATCACTCGAA-1,Multiplet
c1_1_TCAGTGATCCAACTAG-1,BAL 08
c1_1_TCAGTGATCCACGTCT-1,Multiplet
c1_1_TCAGTGATCCTCTGCA-1,BAL 03
c1_1_TCAGTTTAGAACTCCT-1,BAL 01
c1_1_TCAGTTTAGAAGAGCA-1,BAL 08
c1_1_TCAGTTTAGAGAGTGA-1,BAL 02
c1_1_TCAGTTTAGAGCAGAA-1,Multiplet
c1_1_TCAGTTTAGAGCCCAA-1,BAL 04
c1_1_TCAGTTTAGTCACGCC-1,BAL 08
c1_1_TCAGTTTAGTCTAGCT-1,BAL 04
c1_1_TCAGTTTAGTTGTCGT-1,BAL 02
c1_1_TCAGTTTCAAAGCGTG-1,BAL 08
c1_1_TCAGTTTGTGAACGGT-1,BAL 05
c1_1_TCAGTTTGTGCTCGTG-1,Multiplet
c1_1_TCAGTTTGTTCCGCTT-1,BAL 07
c1_1_TCAGTTTTCGACGATT-1,BAL 02
c1_1_TCAGTTTTCTATCGCC-1,Multiplet
c1_1_TCAGTTTTCTCCACTG-1,Multiplet
c1_1_TCATACTAGATCGCTT-1,BAL 08
c1_1_TCATACTAGCCATTCA-1,BAL 02
c1_1_TCATACTAGGGCTAAC-1,BAL 03
c1_1_TCATACTAGTAAGACT-1,Multiplet
c1_1_TCATACTAGTTTCTTC-1,Multiplet
c1_1_TCATACTGTCATCTAG-1,BAL 06
c1_1_TCATACTGTCATGCAT-1,BAL 01
c1_1_TCATACTGTGACTGAG-1,BAL 08
c1_1_TCATACTGTTATTCCT-1,BAL 03
c1_1_TCATATCAGACATAAC-1,BAL 06
c1_1_TCATATCAGGGACCAT-1,BAL 02
c1_1_TCATATCAGGGTAATT-1,BAL 05
c1_1_TCATATCAGGTTAGTA-1,BAL 07
c1_1_TCATATCAGTAATTGG-1,BAL 02
c1_1_TCATATCAGTAGCAAT-1,BAL 08
c1_1_TCATATCCATGTGTCA-1,BAL 02
c1_1_TCATATCGTATCGATC-1,BAL 02
c1_1_TCATATCGTGTTTGCA-1,BAL 05
c1_1_TCATATCTCAACCGAT-1,BAL 02
c1_1_TCATATCTCAATCTTC-1,BAL 03
c1_1_TCATATCTCAGTCATG-1,BAL 03
c1_1_TCATATCTCTTCGACC-1,BAL 06
c1_1_TCATCATAGGTCGCCT-1,BAL 02
c1_1_TCATCATAGTATAGAC-1,BAL 03
c1_1_TCATCATAGTTGTAAG-1,BAL 01
c1_1_TCATCATCAAGGCGTA-1,BAL 03
c1_1_TCATCATGTCCCACGA-1,Multiplet
c1_1_TCATCATGTGATCGTT-1,Multiplet
c1_1_TCATCATGTTCCGGTG-1,BAL 05
c1_1_TCATCATTCACGGTCG-1,BAL 03
c1_1_TCATCATTCGCGCTGA-1,BAL 02
c1_1_TCATCATTCGGAAACG-1,BAL 04
c1_1_TCATCATTCGGTCAGC-1,Multiplet
c1_1_TCATCCGAGATTAGCA-1,Negative
c1_1_TCATCCGAGATTCGCT-1,BAL 01
c1_1_TCATCCGAGCCGATAG-1,BAL 05
c1_1_TCATCCGAGCCTGACC-1,BAL 05
c1_1_TCATCCGAGCGACTAG-1,BAL 01
c1_1_TCATCCGAGGCCTAAG-1,BAL 07
c1_1_TCATCCGCAAGCACAG-1,BAL 03
c1_1_TCATCCGCAGGAATCG-1,Multiplet
c1_1_TCATCCGCAGTCTCTC-1,BAL 07
c1_1_TCATCCGGTAAGACCG-1,Multiplet
c1_1_TCATCCGGTCGTGGAA-1,BAL 01
c1_1_TCATCCGGTTGACTGT-1,BAL 03
c1_1_TCATCCGTCGTGGGTC-1,BAL 06
c1_1_TCATCCGTCTTCCCAG-1,BAL 03
c1_1_TCATGAGAGACATAGT-1,BAL 01
c1_1_TCATGAGAGATGATTG-1,BAL 03
c1_1_TCATGAGAGATGCTTC-1,BAL 02
c1_1_TCATGAGAGCACCGAA-1,BAL 06
c1_1_TCATGAGAGCGGGTAT-1,BAL 05
c1_1_TCATGAGAGCTGACAG-1,BAL 06
c1_1_TCATGAGAGGCTCCCA-1,BAL 02
c1_1_TCATGAGAGGCTCTCG-1,BAL 05
c1_1_TCATGAGAGTCAGCGA-1,BAL 05
c1_1_TCATGAGAGTCATGGG-1,BAL 04
c1_1_TCATGAGAGTGTGTTC-1,BAL 05
c1_1_TCATGAGAGTTCCAGT-1,BAL 01
c1_1_TCATGAGCAGTTAGAA-1,BAL 05
c1_1_TCATGAGCATTACTCT-1,BAL 03
c1_1_TCATGAGGTATCGATC-1,BAL 02
c1_1_TCATGAGGTGTAAATG-1,BAL 02
c1_1_TCATGAGGTTTAGAGA-1,BAL 03
c1_1_TCATGAGTCAGATGCT-1,BAL 05
c1_1_TCATGAGTCATACGAC-1,BAL 04
c1_1_TCATGAGTCTCCTGAC-1,BAL 02
c1_1_TCATGCCAGAGAAGGT-1,BAL 06
c1_1_TCATGCCAGCCTATTG-1,BAL 03
c1_1_TCATGCCAGCTGAGTG-1,BAL 03
c1_1_TCATGCCAGGCCTGAA-1,BAL 02
c1_1_TCATGCCAGTAAACTG-1,BAL 06
c1_1_TCATGCCAGTGCAAAT-1,BAL 05
c1_1_TCATGCCCAACTTCTT-1,BAL 07
c1_1_TCATGCCCAAGCACAG-1,BAL 04
c1_1_TCATGCCCACCGTACG-1,Multiplet
c1_1_TCATGCCGTATGCAAA-1,BAL 03
c1_1_TCATGCCGTTTGAAAG-1,BAL 02
c1_1_TCATGCCTCATTTCGT-1,Multiplet
c1_1_TCATGCCTCCAACCAA-1,Multiplet
c1_1_TCATGCCTCCATGAGT-1,BAL 08
c1_1_TCATGCCTCTAGAGCT-1,BAL 05
c1_1_TCATGGAAGACATAAC-1,BAL 07
c1_1_TCATGGAAGCACTCTA-1,BAL 06
c1_1_TCATGGAAGGCCTTCG-1,BAL 04
c1_1_TCATGGAAGTGTACCT-1,BAL 08
c1_1_TCATGGACACCTGCGA-1,BAL 08
c1_1_TCATGGACATAAGCAA-1,Multiplet
c1_1_TCATGGAGTGAACCGA-1,BAL 01
c1_1_TCATGGATCAAACGTC-1,BAL 01
c1_1_TCATGGATCGTAGGGA-1,BAL 06
c1_1_TCATGTTCAAACGAGC-1,BAL 04
c1_1_TCATGTTCAATGCAAA-1,BAL 03
c1_1_TCATGTTCACTGGATT-1,BAL 07
c1_1_TCATGTTCAGCTTTGA-1,BAL 04
c1_1_TCATGTTCAGTTAAAG-1,BAL 01
c1_1_TCATGTTGTCAAGCCC-1,Multiplet
c1_1_TCATGTTGTCAGACTT-1,BAL 05
c1_1_TCATGTTGTTGGGTAG-1,BAL 02
c1_1_TCATGTTTCTCTGGTC-1,BAL 01
c1_1_TCATTACAGCTGAAAT-1,BAL 08
c1_1_TCATTACAGCTGCCAC-1,Multiplet
c1_1_TCATTACAGGAAAGTG-1,BAL 04
c1_1_TCATTACAGTATTCCG-1,BAL 07
c1_1_TCATTACCAGCGGATA-1,BAL 03
c1_1_TCATTACCATGATGCT-1,BAL 03
c1_1_TCATTACGTACAGCGA-1,Multiplet
c1_1_TCATTACGTAGCTGCC-1,Multiplet
c1_1_TCATTACGTATCCTCC-1,BAL 08
c1_1_TCATTACGTCTTTCTA-1,BAL 06
c1_1_TCATTACGTGTTCCAA-1,Multiplet
c1_1_TCATTACTCGCTATTT-1,BAL 03
c1_1_TCATTACTCTGGCTGG-1,Multiplet
c1_1_TCATTCAAGCACGGAT-1,BAL 08
c1_1_TCATTCAAGCGACTTT-1,BAL 04
c1_1_TCATTCACAACTTGGT-1,BAL 03
c1_1_TCATTCACAATCGTCA-1,BAL 04
c1_1_TCATTCACAGCAGTCC-1,BAL 01
c1_1_TCATTCACAGGAATAT-1,Multiplet
c1_1_TCATTCAGTGTTCGTA-1,BAL 01
c1_1_TCATTCAGTTCGGCCA-1,BAL 05
c1_1_TCATTCATCAGTCCGG-1,BAL 02
c1_1_TCATTCATCCACCTGT-1,BAL 07
c1_1_TCATTCATCGAGAGAC-1,BAL 01
c1_1_TCATTCATCGGCTCTT-1,BAL 07
c1_1_TCATTGTAGAACGTGC-1,BAL 01
c1_1_TCATTGTAGAATCGAT-1,BAL 08
c1_1_TCATTGTAGCTCGTGC-1,BAL 02
c1_1_TCATTGTAGCTGCGAA-1,BAL 06
c1_1_TCATTGTAGGAGGTTC-1,BAL 03
c1_1_TCATTGTAGGCATCTT-1,BAL 03
c1_1_TCATTGTAGGCTAAAT-1,BAL 07
c1_1_TCATTGTAGGTGCTGA-1,BAL 01
c1_1_TCATTGTAGTAAAGCT-1,BAL 07
c1_1_TCATTGTAGTCGGGAT-1,BAL 05
c1_1_TCATTGTAGTTGAAAC-1,BAL 06
c1_1_TCATTGTCAAGAAACT-1,BAL 08
c1_1_TCATTGTCACTAGGTT-1,BAL 04
c1_1_TCATTGTCAGGCATTT-1,BAL 02
c1_1_TCATTGTCAGGGTCTC-1,BAL 04
c1_1_TCATTGTCATAAGCAA-1,BAL 05
c1_1_TCATTGTGTCTTGAAC-1,BAL 06
c1_1_TCATTGTTCTAGCATG-1,BAL 06
c1_1_TCATTGTTCTCCGCAT-1,BAL 05
c1_1_TCATTTGAGGACAGCT-1,BAL 01
c1_1_TCATTTGAGGGTACAC-1,BAL 02
c1_1_TCATTTGAGGTGATCG-1,BAL 03
c1_1_TCATTTGCAGTAACGG-1,BAL 05
c1_1_TCATTTGGTAACAGTA-1,BAL 08
c1_1_TCATTTGGTATACCCA-1,BAL 05
c1_1_TCATTTGGTCGATTTG-1,BAL 08
c1_1_TCATTTGTCAAACCTG-1,BAL 08
c1_1_TCCACCAAGCCAACCC-1,Multiplet
c1_1_TCCACCAAGCCGGATA-1,BAL 03
c1_1_TCCACCAAGTCGAGGT-1,BAL 01
c1_1_TCCACCACAAATTGGA-1,BAL 05
c1_1_TCCACCACACATAGCT-1,BAL 01
c1_1_TCCACCACAGGCATGA-1,BAL 07
c1_1_TCCACCAGTCTCGACG-1,BAL 03
c1_1_TCCACCAGTGGTAACG-1,BAL 05
c1_1_TCCACCATCTAAACGC-1,BAL 02
c1_1_TCCACGTAGATGACCG-1,BAL 08
c1_1_TCCACGTAGCCTGTCG-1,BAL 08
c1_1_TCCACGTAGGAAAGGT-1,BAL 04
c1_1_TCCACGTCAAAGGATT-1,BAL 03
c1_1_TCCACGTCACTTGGGC-1,BAL 01
c1_1_TCCACGTCAGCTGAAG-1,BAL 02
c1_1_TCCACGTCAGTCGCTG-1,BAL 04
c1_1_TCCACGTCAGTCGGTC-1,BAL 04
c1_1_TCCACGTCATGACAAA-1,BAL 06
c1_1_TCCACGTCATGGCCCA-1,BAL 02
c1_1_TCCACGTCATTGTACG-1,BAL 05
c1_1_TCCACGTGTAACATGA-1,BAL 03
c1_1_TCCACGTGTGAAAGTT-1,Multiplet
c1_1_TCCACGTGTTGACTGT-1,BAL 06
c1_1_TCCACGTTCAAGCCTA-1,BAL 03
c1_1_TCCACGTTCATTTCGT-1,BAL 07
c1_1_TCCACGTTCCACCTCA-1,BAL 02
c1_1_TCCACGTTCGGTGCAC-1,BAL 03
c1_1_TCCACGTTCTTAGGAC-1,BAL 02
c1_1_TCCAGAAAGAACCCGA-1,BAL 07
c1_1_TCCAGAAGTCGGAACA-1,BAL 01
c1_1_TCCAGAATCATTGAGC-1,Multiplet
c1_1_TCCAGAATCCTACCGT-1,BAL 02
c1_1_TCCAGAATCGTGGAAG-1,Multiplet
c1_1_TCCATCGAGACCAAAT-1,Multiplet
c1_1_TCCATCGAGCGAAACC-1,BAL 04
c1_1_TCCATCGAGTTTGGCT-1,BAL 01
c1_1_TCCATCGCATGTTCGA-1,Multiplet
c1_1_TCCATCGGTACTGTTG-1,BAL 03
c1_1_TCCATCGGTAGGTCAG-1,BAL 03
c1_1_TCCATCGGTCATTGCA-1,Multiplet
c1_1_TCCATCGGTCCTGAAT-1,BAL 01
c1_1_TCCATCGGTGAACGGT-1,BAL 05
c1_1_TCCATCGGTGAAGCGT-1,BAL 03
c1_1_TCCATCGGTGAATTGA-1,BAL 03
c1_1_TCCATCGTCTGACGCG-1,BAL 02
c1_1_TCCATGCAGAACCCGA-1,BAL 02
c1_1_TCCATGCAGCAAACAT-1,BAL 04
c1_1_TCCATGCCAATCCAGT-1,BAL 06
c1_1_TCCATGCCACCGGTCA-1,Multiplet
c1_1_TCCATGCCATTCGATG-1,BAL 05
c1_1_TCCATGCGTATACCCA-1,BAL 07
c1_1_TCCATGCGTCCGGTGT-1,BAL 03
c1_1_TCCATGCGTCTGATCA-1,BAL 03
c1_1_TCCATGCGTGGTTCTA-1,Multiplet
c1_1_TCCATGCGTTATAGAG-1,Multiplet
c1_1_TCCATGCTCACTCGAA-1,Multiplet
c1_1_TCCATGCTCGCTGATA-1,BAL 01
c1_1_TCCATGCTCTGCTTTA-1,BAL 03
c1_1_TCCCACACACGTGTGC-1,BAL 05
c1_1_TCCCACACAGTTTGGT-1,BAL 07
c1_1_TCCCACACATGGCACC-1,BAL 03
c1_1_TCCCACAGTCACGACC-1,BAL 02
c1_1_TCCCACAGTCCTATAG-1,BAL 06
c1_1_TCCCACAGTGTGTTTG-1,Multiplet
c1_1_TCCCACAGTTAAACAG-1,Multiplet
c1_1_TCCCACAGTTCTCCTG-1,BAL 05
c1_1_TCCCACATCAAACCTG-1,BAL 08
c1_1_TCCCACATCAGCAGAG-1,BAL 04
c1_1_TCCCACATCATGCATG-1,BAL 03
c1_1_TCCCACATCCGGCTTT-1,BAL 08
c1_1_TCCCAGTAGACCTCCG-1,BAL 02
c1_1_TCCCAGTAGATAGCTA-1,Multiplet
c1_1_TCCCAGTAGCTTTGTG-1,Multiplet
c1_1_TCCCAGTAGGATTCAA-1,BAL 03
c1_1_TCCCAGTAGGATTTGA-1,BAL 02
c1_1_TCCCAGTAGTACAACA-1,BAL 08
c1_1_TCCCAGTCAGGCATTT-1,BAL 01
c1_1_TCCCAGTGTGACAGCA-1,Multiplet
c1_1_TCCCAGTTCGATACGT-1,BAL 06
c1_1_TCCCAGTTCTACGGTA-1,BAL 04
c1_1_TCCCATGAGGTAGCCA-1,Multiplet
c1_1_TCCCATGAGTTGTAGA-1,BAL 02
c1_1_TCCCATGCAATGAACA-1,BAL 07
c1_1_TCCCATGCACACGTGC-1,BAL 06
c1_1_TCCCATGCACTTCAAG-1,BAL 03
c1_1_TCCCATGGTCCCGCAA-1,BAL 03
c1_1_TCCCATGGTTGTCCCT-1,Multiplet
c1_1_TCCCATGTCCCTCGAT-1,Multiplet
c1_1_TCCCATGTCGAACCTA-1,BAL 04
c1_1_TCCCATGTCGCCTCTA-1,BAL 03
c1_1_TCCGAAAAGAACGCGT-1,BAL 02
c1_1_TCCGAAAAGATTCGAA-1,BAL 03
c1_1_TCCGAAAAGATTCGCT-1,BAL 03
c1_1_TCCGAAAAGCAGAAAG-1,BAL 01
c1_1_TCCGAAAAGCTCCACG-1,BAL 06
c1_1_TCCGAAAAGTGTTCCA-1,BAL 02
c1_1_TCCGAAACAGGAATCG-1,BAL 06
c1_1_TCCGAAACATCGTCCT-1,BAL 03
c1_1_TCCGAAAGTACTTGTG-1,Multiplet
c1_1_TCCGAAAGTGGCTGCT-1,BAL 03
c1_1_TCCGAAAGTGGCTTAT-1,BAL 08
c1_1_TCCGAAAGTGTTCCTC-1,Multiplet
c1_1_TCCGAAAGTTCTTAGG-1,BAL 06
c1_1_TCCGAAATCATGCCCT-1,BAL 06
c1_1_TCCGAAATCCGTCACT-1,Negative
c1_1_TCCGATCAGCGATGAC-1,BAL 03
c1_1_TCCGATCAGGTGCCTC-1,BAL 02
c1_1_TCCGATCCAACCAATC-1,Multiplet
c1_1_TCCGATCCAACGGGTA-1,BAL 07
c1_1_TCCGATCCAAGTATAG-1,BAL 04
c1_1_TCCGATCCAATGACCT-1,BAL 04
c1_1_TCCGATCCATATCTCT-1,BAL 05
c1_1_TCCGATCCATGCAGGA-1,BAL 02
c1_1_TCCGATCCATTCTGTT-1,BAL 06
c1_1_TCCGATCGTAGATTAG-1,BAL 02
c1_1_TCCGATCGTAGATTGA-1,BAL 08
c1_1_TCCGATCGTCGATTCA-1,BAL 05
c1_1_TCCGATCGTGGTCTTA-1,BAL 08
c1_1_TCCGATCGTTTCGTAG-1,BAL 01
c1_1_TCCGATCTCAGGTAAA-1,BAL 03
c1_1_TCCGATCTCCCTTCCC-1,BAL 03
c1_1_TCCGATCTCCTTTAGT-1,BAL 07
c1_1_TCCGATCTCTTCCTAA-1,BAL 06
c1_1_TCCGGGAAGTCATAGA-1,BAL 03
c1_1_TCCGGGAAGTTACGAA-1,BAL 01
c1_1_TCCGGGACAACTCCCT-1,BAL 07
c1_1_TCCGGGACAGAGTCAG-1,BAL 02
c1_1_TCCGGGACATGGGATG-1,Multiplet
c1_1_TCCGGGAGTATCGATC-1,BAL 04
c1_1_TCCGGGAGTCGTACAT-1,BAL 05
c1_1_TCCGGGAGTGTCACAT-1,BAL 01
c1_1_TCCGGGAGTTCCACGG-1,BAL 05
c1_1_TCCGGGAGTTTAGTCG-1,BAL 04
c1_1_TCCGGGATCACACCCT-1,Multiplet
c1_1_TCCGGGATCATTCCTA-1,Multiplet
c1_1_TCCGGGATCCGGTTCT-1,BAL 03
c1_1_TCCGGGATCCTGTAGA-1,BAL 04
c1_1_TCCGGGATCTGTCCGT-1,BAL 03
c1_1_TCCGGGATCTTGATTC-1,BAL 06
c1_1_TCCGTGTCAGACTGCC-1,BAL 02
c1_1_TCCGTGTCATGGCCCA-1,Multiplet
c1_1_TCCGTGTGTACTGACT-1,BAL 03
c1_1_TCCGTGTGTAGTCGTT-1,BAL 02
c1_1_TCCGTGTGTGGTCCGT-1,BAL 03
c1_1_TCCGTGTTCCGATCTC-1,BAL 08
c1_1_TCCGTGTTCGCGTGCA-1,BAL 06
c1_1_TCCGTGTTCGGAGTAG-1,BAL 03
c1_1_TCCTAATAGGCGCTTC-1,BAL 02
c1_1_TCCTAATCACCCAACG-1,BAL 06
c1_1_TCCTAATCAGAGGGTT-1,BAL 05
c1_1_TCCTAATCAGGACTAG-1,BAL 01
c1_1_TCCTAATCAGGCCTGT-1,BAL 03
c1_1_TCCTAATCAGGGAATC-1,BAL 01
c1_1_TCCTAATCATGCAGGA-1,BAL 02
c1_1_TCCTAATCATTCATCT-1,BAL 02
c1_1_TCCTAATGTACCACGC-1,BAL 02
c1_1_TCCTAATGTATGCTAC-1,BAL 07
c1_1_TCCTAATTCCCGATCT-1,Multiplet
c1_1_TCCTCCCAGAACTGAT-1,BAL 02
c1_1_TCCTCCCAGACGGATC-1,BAL 02
c1_1_TCCTCCCAGAGCCGAT-1,BAL 04
c1_1_TCCTCCCAGATGCTAA-1,BAL 03
c1_1_TCCTCCCAGCGTCTCG-1,Negative
c1_1_TCCTCCCAGCGTCTGC-1,Multiplet
c1_1_TCCTCCCAGTCTGCAT-1,BAL 02
c1_1_TCCTCCCCAAATGCGG-1,Negative
c1_1_TCCTCCCCAATTCGTG-1,BAL 07
c1_1_TCCTCCCCACAAGCTT-1,BAL 04
c1_1_TCCTCCCCACGGGTAA-1,BAL 03
c1_1_TCCTCCCCATAGATGA-1,BAL 04
c1_1_TCCTCCCCATCCTGTC-1,BAL 06
c1_1_TCCTCCCGTCGTGCCA-1,BAL 05
c1_1_TCCTCCCTCTCCGAAA-1,BAL 05
c1_1_TCCTCCCTCTGGAAGG-1,BAL 05
c1_1_TCCTCCCTCTTGGGCG-1,BAL 08
c1_1_TCCTCGAAGACTAGAT-1,BAL 05
c1_1_TCCTCGAAGAGCATAT-1,BAL 03
c1_1_TCCTCGAAGATACGAT-1,BAL 08
c1_1_TCCTCGAAGCACTTTG-1,BAL 06
c1_1_TCCTCGACAATGGGTG-1,Multiplet
c1_1_TCCTCGACAGCAGTCC-1,BAL 01
c1_1_TCCTCGAGTGGGACAT-1,Multiplet
c1_1_TCCTCGATCCGCGAGT-1,BAL 02
c1_1_TCCTCGATCTCATTAC-1,BAL 03
c1_1_TCCTCTTAGCAGCAGT-1,BAL 05
c1_1_TCCTCTTAGCGGGTAT-1,BAL 01
c1_1_TCCTCTTAGCTTGTTG-1,BAL 03
c1_1_TCCTCTTAGTGAGGCT-1,BAL 05
c1_1_TCCTCTTAGTTTGCTG-1,BAL 06
c1_1_TCCTCTTCAGAGCTAG-1,BAL 02
c1_1_TCCTCTTGTCACAATC-1,BAL 07
c1_1_TCCTCTTGTCGATTCA-1,BAL 03
c1_1_TCCTCTTGTGAATATG-1,BAL 02
c1_1_TCCTCTTTCATCAGTG-1,BAL 02
c1_1_TCCTCTTTCTTGATTC-1,BAL 03
c1_1_TCCTGCACACGGTCTG-1,BAL 05
c1_1_TCCTGCACAGTTCTAG-1,Multiplet
c1_1_TCCTGCACATACTGAC-1,Multiplet
c1_1_TCCTGCAGTCGGCTAC-1,BAL 01
c1_1_TCCTGCAGTTCAAAGA-1,Multiplet
c1_1_TCCTGCATCCCTCTTT-1,BAL 08
c1_1_TCCTTCTAGACGGTTG-1,BAL 06
c1_1_TCCTTCTAGAGCGACT-1,BAL 02
c1_1_TCCTTCTAGCATAGGC-1,BAL 06
c1_1_TCCTTCTAGCCAACCC-1,BAL 07
c1_1_TCCTTCTAGCCTATTG-1,BAL 04
c1_1_TCCTTCTAGCGAGAAA-1,BAL 01
c1_1_TCCTTCTAGCTCGAAG-1,BAL 04
c1_1_TCCTTCTAGTCTGTAC-1,Negative
c1_1_TCCTTCTAGTGACACG-1,BAL 06
c1_1_TCCTTCTCAAAGGAGA-1,BAL 06
c1_1_TCCTTCTCAAATCGGG-1,BAL 05
c1_1_TCCTTCTCACAATTCG-1,BAL 05
c1_1_TCCTTCTCACAGTACT-1,BAL 06
c1_1_TCCTTCTCATAGCACT-1,BAL 08
c1_1_TCCTTCTCATCCGGTG-1,Multiplet
c1_1_TCCTTCTGTGTGTGGA-1,BAL 06
c1_1_TCCTTCTGTTATTCCT-1,Multiplet
c1_1_TCCTTCTTCACTGAAC-1,BAL 02
c1_1_TCCTTCTTCCCAGTGG-1,BAL 07
c1_1_TCCTTCTTCGGATTAC-1,BAL 07
c1_1_TCCTTCTTCTACGGTA-1,BAL 04
c1_1_TCCTTCTTCTCATTAC-1,BAL 07
c1_1_TCCTTCTTCTGTAAGC-1,BAL 02
c1_1_TCCTTTCAGAAACTAC-1,BAL 03
c1_1_TCCTTTCAGAAGTATC-1,BAL 04
c1_1_TCCTTTCAGCTGTGCC-1,BAL 03
c1_1_TCCTTTCAGGAAGAAC-1,Multiplet
c1_1_TCCTTTCAGGATACAT-1,BAL 02
c1_1_TCCTTTCAGGTAAGTT-1,Multiplet
c1_1_TCCTTTCCACCTGCAG-1,BAL 02
c1_1_TCCTTTCCACTGAGTT-1,BAL 06
c1_1_TCCTTTCCAGATCCTA-1,BAL 05
c1_1_TCCTTTCCAGGCTCTG-1,BAL 05
c1_1_TCCTTTCCATCCCGTT-1,BAL 01
c1_1_TCCTTTCGTATGGTAA-1,Multiplet
c1_1_TCCTTTCGTCCTGTCT-1,Multiplet
c1_1_TCCTTTCGTTATGTCG-1,BAL 07
c1_1_TCCTTTCTCGCCGATG-1,Multiplet
c1_1_TCCTTTCTCTGATTCT-1,BAL 04
c1_1_TCCTTTCTCTGCCTGT-1,BAL 02
c1_1_TCGAACAAGCACTAAA-1,BAL 05
c1_1_TCGAACAAGCGTATGG-1,Multiplet
c1_1_TCGAACAAGGATACAT-1,BAL 06
c1_1_TCGAACAAGTTGGAAT-1,BAL 04
c1_1_TCGAACACAATTGCGT-1,BAL 02
c1_1_TCGAACACACACCGCA-1,BAL 06
c1_1_TCGAACAGTATCCTCC-1,BAL 04
c1_1_TCGAACAGTCGAGCTC-1,BAL 05
c1_1_TCGAACAGTGGTCTGC-1,BAL 04
c1_1_TCGAACAGTTGCGAAG-1,BAL 08
c1_1_TCGAACATCAGCGGAA-1,BAL 01
c1_1_TCGAACATCATAGCAC-1,BAL 05
c1_1_TCGAACATCCGATAAC-1,BAL 08
c1_1_TCGAACATCTATCGTT-1,BAL 06
c1_1_TCGAACATCTCTATAC-1,BAL 04
c1_1_TCGAACATCTCTGAGA-1,BAL 04
c1_1_TCGAAGTAGAGTCGAC-1,Multiplet
c1_1_TCGAAGTAGCGGTATG-1,BAL 05
c1_1_TCGAAGTAGTGATTCC-1,Multiplet
c1_1_TCGAAGTCATGACTAC-1,BAL 03
c1_1_TCGAAGTCATTGTCGA-1,BAL 08
c1_1_TCGAAGTGTGACAACG-1,BAL 05
c1_1_TCGAAGTGTGAGTTTC-1,BAL 08
c1_1_TCGAAGTTCAAGCCGC-1,BAL 05
c1_1_TCGAAGTTCACTGATG-1,BAL 02
c1_1_TCGAAGTTCCGTAATG-1,BAL 06
c1_1_TCGAAGTTCTCTAAGG-1,BAL 03
c1_1_TCGAAGTTCTGTTGGA-1,BAL 05
c1_1_TCGACCTAGATCGGTG-1,BAL 03
c1_1_TCGACCTAGATGCTGG-1,Multiplet
c1_1_TCGACCTAGCCTGCCA-1,BAL 07
c1_1_TCGACCTAGGAGTATT-1,BAL 06
c1_1_TCGACCTAGTATTAGG-1,Multiplet
c1_1_TCGACCTAGTGAACAT-1,BAL 03
c1_1_TCGACCTAGTGAGGCT-1,BAL 04
c1_1_TCGACCTAGTGCTACT-1,BAL 02
c1_1_TCGACCTCAGATGCGA-1,BAL 07
c1_1_TCGACCTGTACGATGG-1,BAL 08
c1_1_TCGACCTGTCAGTCGC-1,BAL 07
c1_1_TCGACCTGTCGTCTCT-1,Multiplet
c1_1_TCGACCTTCAATCTTC-1,BAL 03
c1_1_TCGACCTTCAGTCTTT-1,BAL 05
c1_1_TCGACCTTCTAGGCCG-1,BAL 05
c1_1_TCGACGGCAAATGCGG-1,BAL 07
c1_1_TCGACGGCAATAAGGT-1,BAL 08
c1_1_TCGACGGCATGACAGG-1,BAL 03
c1_1_TCGACGGCATGGCACC-1,BAL 08
c1_1_TCGACGGGTAGAGACC-1,BAL 05
c1_1_TCGACGGGTTCTCGCT-1,BAL 05
c1_1_TCGACGGTCAAGCCCG-1,BAL 05
c1_1_TCGACGGTCCGTAATG-1,BAL 04
c1_1_TCGACGGTCGTCACCT-1,BAL 05
c1_1_TCGACGGTCTGGGATT-1,BAL 06
c1_1_TCGATTTAGAATTGCA-1,BAL 06
c1_1_TCGATTTAGGTATTGA-1,Multiplet
c1_1_TCGATTTAGTAAACGT-1,BAL 01
c1_1_TCGATTTCAACCTAAC-1,BAL 03
c1_1_TCGATTTCAGTCGGTC-1,BAL 03
c1_1_TCGATTTCATGACAAA-1,Multiplet
c1_1_TCGATTTGTTCCGTTC-1,BAL 06
c1_1_TCGATTTTCAACACCA-1,BAL 05
c1_1_TCGATTTTCATTACCT-1,BAL 07
c1_1_TCGATTTTCCACATAG-1,BAL 08
c1_1_TCGATTTTCGACGCGT-1,BAL 04
c1_1_TCGCACTAGAAGCTGC-1,BAL 08
c1_1_TCGCACTAGATCCCAT-1,BAL 02
c1_1_TCGCACTAGCTATCCA-1,BAL 02
c1_1_TCGCACTAGGGCAAGG-1,BAL 05
c1_1_TCGCACTAGTCTAACC-1,BAL 01
c1_1_TCGCACTCACATACGT-1,BAL 07
c1_1_TCGCACTCACCAGCCA-1,Multiplet
c1_1_TCGCACTCAGAGCTAG-1,BAL 01
c1_1_TCGCACTCAGATAAAC-1,Multiplet
c1_1_TCGCACTGTAGCGAGT-1,BAL 02
c1_1_TCGCACTGTTTCTTAC-1,BAL 08
c1_1_TCGCACTGTTTGATCG-1,BAL 02
c1_1_TCGCACTTCGAGAACG-1,BAL 04
c1_1_TCGCAGGAGCTACTGT-1,BAL 04
c1_1_TCGCAGGAGGATTCAA-1,BAL 08
c1_1_TCGCAGGCACGCACCA-1,BAL 03
c1_1_TCGCAGGGTAGCTTTG-1,BAL 04
c1_1_TCGCAGGGTTCCAGGC-1,BAL 04
c1_1_TCGCAGGTCGCATAGT-1,BAL 02
c1_1_TCGCAGGTCTGTCCGT-1,BAL 04
c1_1_TCGCTCAAGCGAAACC-1,BAL 07
c1_1_TCGCTCAAGCTTCATG-1,BAL 04
c1_1_TCGCTCAAGGGCTAAC-1,Multiplet
c1_1_TCGCTCAAGTCAGCCC-1,Multiplet
c1_1_TCGCTCAAGTTTCTTC-1,BAL 03
c1_1_TCGCTCACAAATCCCA-1,BAL 07
c1_1_TCGCTCACATAGTCGT-1,BAL 03
c1_1_TCGCTCAGTCCGGTCA-1,BAL 07
c1_1_TCGCTCAGTGAGACCA-1,BAL 06
c1_1_TCGCTCAGTGTTACTG-1,BAL 07
c1_1_TCGCTCATCATCTATC-1,BAL 01
c1_1_TCGCTCATCCGCCTAT-1,BAL 07
c1_1_TCGCTCATCTTGCGCT-1,BAL 04
c1_1_TCGCTTGAGAAACTGT-1,Negative
c1_1_TCGCTTGAGATAACAC-1,BAL 01
c1_1_TCGCTTGCAACCGATT-1,BAL 07
c1_1_TCGCTTGCACAACATC-1,BAL 07
c1_1_TCGCTTGCACGCTATA-1,BAL 03
c1_1_TCGCTTGCAGCAGAAC-1,Multiplet
c1_1_TCGCTTGGTAAGATCA-1,BAL 05
c1_1_TCGCTTGGTACGACAG-1,BAL 03
c1_1_TCGCTTGGTCTTCTAT-1,BAL 03
c1_1_TCGCTTGGTTCAACGT-1,BAL 07
c1_1_TCGCTTGGTTTGCAGT-1,BAL 02
c1_1_TCGCTTGTCAAGCCTA-1,BAL 07
c1_1_TCGCTTGTCACAAGGG-1,BAL 07
c1_1_TCGCTTGTCACTTTGT-1,BAL 05
c1_1_TCGCTTGTCAGCGCGT-1,BAL 04
c1_1_TCGCTTGTCTAAGGAA-1,BAL 06
c1_1_TCGCTTGTCTCTCGAC-1,BAL 05
c1_1_TCGGATAAGATTGGGC-1,BAL 06
c1_1_TCGGATACACGGCCAT-1,Multiplet
c1_1_TCGGATACACTTGAGT-1,BAL 03
c1_1_TCGGATACAGGCCTGT-1,Multiplet
c1_1_TCGGATACAGGTAGTG-1,BAL 05
c1_1_TCGGATACATGACTAC-1,BAL 01
c1_1_TCGGATACATTAAGCC-1,BAL 01
c1_1_TCGGATAGTACAGTAA-1,BAL 08
c1_1_TCGGATAGTATAGGGC-1,Multiplet
c1_1_TCGGATAGTATCTTCT-1,BAL 03
c1_1_TCGGATAGTGTCATCA-1,BAL 02
c1_1_TCGGATAGTTATGACC-1,BAL 03
c1_1_TCGGATATCACGAGGA-1,BAL 07
c1_1_TCGGATATCCCGTAAA-1,BAL 01
c1_1_TCGGATATCGATACAC-1,BAL 02
c1_1_TCGGATATCTTCACGC-1,BAL 04
c1_1_TCGGGACCAAAGCGTG-1,Multiplet
c1_1_TCGGGACCAAGTTCGT-1,BAL 06
c1_1_TCGGGACCACATCCCT-1,BAL 07
c1_1_TCGGGACCACGCGTCA-1,BAL 08
c1_1_TCGGGACCAGACCAAG-1,BAL 08
c1_1_TCGGGACCAGTTTGGT-1,BAL 07
c1_1_TCGGGACTCACGGGAA-1,BAL 05
c1_1_TCGGGACTCAGCGCAC-1,BAL 01
c1_1_TCGGGACTCCACCCTA-1,Multiplet
c1_1_TCGGGACTCCGCGATG-1,Multiplet
c1_1_TCGGGACTCTCCGAGG-1,BAL 08
c1_1_TCGGGACTCTGACAGT-1,BAL 07
c1_1_TCGGGCAAGAGAATCT-1,Multiplet
c1_1_TCGGGCAAGGGTGGGA-1,BAL 08
c1_1_TCGGGCAAGTAAACAC-1,Multiplet
c1_1_TCGGGCAAGTGGTTAA-1,BAL 07
c1_1_TCGGGCACAAGAGTTA-1,BAL 07
c1_1_TCGGGCACAATTAGGA-1,Multiplet
c1_1_TCGGGCAGTATGGGAC-1,BAL 02
c1_1_TCGGGCAGTGCCTATA-1,BAL 07
c1_1_TCGGGCAGTGTGAGCA-1,BAL 03
c1_1_TCGGGCAGTGTTAAAG-1,BAL 05
c1_1_TCGGGCAGTTAAACCC-1,Multiplet
c1_1_TCGGGCAGTTGGTGTT-1,Multiplet
c1_1_TCGGGCATCAACACGT-1,BAL 02
c1_1_TCGGGCATCACCTCTG-1,BAL 05
c1_1_TCGGGCATCGCACGAC-1,BAL 07
c1_1_TCGGGCATCGTTGTGA-1,BAL 04
c1_1_TCGGGCATCTCCGAAA-1,Multiplet
c1_1_TCGGGCATCTGACAGT-1,BAL 05
c1_1_TCGGGTGAGCGCTGCT-1,BAL 07
c1_1_TCGGGTGAGCGGTAGT-1,BAL 05
c1_1_TCGGGTGAGCTGTCCG-1,BAL 01
c1_1_TCGGGTGAGCTTTCCC-1,BAL 07
c1_1_TCGGGTGAGGGACAGG-1,BAL 04
c1_1_TCGGGTGAGTCACTAC-1,BAL 04
c1_1_TCGGGTGCACCTGTCT-1,BAL 08
c1_1_TCGGGTGGTCGAACAG-1,BAL 07
c1_1_TCGGGTGGTGATTCAC-1,BAL 02
c1_1_TCGGGTGGTGCCGGTT-1,BAL 08
c1_1_TCGGGTGGTTCACGAT-1,Multiplet
c1_1_TCGGGTGGTTCGGGTC-1,BAL 07
c1_1_TCGGGTGTCAAACGAA-1,BAL 07
c1_1_TCGGGTGTCTTGTTAC-1,BAL 05
c1_1_TCGGTCTAGAGCAGAA-1,Multiplet
c1_1_TCGGTCTAGATGGGCT-1,BAL 07
c1_1_TCGGTCTAGGTAGCCA-1,Multiplet
c1_1_TCGGTCTCACACCTGG-1,BAL 08
c1_1_TCGGTCTCACAGGATG-1,BAL 08
c1_1_TCGGTCTCAGACCCGT-1,BAL 03
c1_1_TCGGTCTCATGGAGAC-1,BAL 06
c1_1_TCGGTCTGTAGAAACT-1,BAL 03
c1_1_TCGGTCTGTTTCACTT-1,BAL 06
c1_1_TCGGTCTTCGGTAGGA-1,BAL 05
c1_1_TCGTAGACACTTGGCG-1,BAL 08
c1_1_TCGTAGACACTTGGGC-1,BAL 02
c1_1_TCGTAGACAGGAGGTT-1,BAL 05
c1_1_TCGTAGACAGTCGAGA-1,BAL 06
c1_1_TCGTAGAGTGGCATCC-1,BAL 05
c1_1_TCGTAGAGTTGTACGT-1,BAL 03
c1_1_TCGTAGATCACCTGGG-1,BAL 08
c1_1_TCGTAGATCCCACAGG-1,BAL 07
c1_1_TCGTAGATCCCGATCT-1,Multiplet
c1_1_TCGTAGATCTATTTCG-1,BAL 04
c1_1_TCGTCCAAGAAAGTCT-1,BAL 07
c1_1_TCGTCCAAGAGGCGTT-1,BAL 05
c1_1_TCGTCCAAGATGAAGG-1,BAL 01
c1_1_TCGTCCAAGATGGCAC-1,BAL 01
c1_1_TCGTCCAAGGAGATAG-1,BAL 07
c1_1_TCGTCCAAGGATACCG-1,BAL 02
c1_1_TCGTCCAAGGCGACAT-1,Multiplet
c1_1_TCGTCCACAGTTTCAG-1,BAL 05
c1_1_TCGTCCAGTAGTCTGT-1,BAL 02
c1_1_TCGTCCAGTCGCTTAA-1,BAL 06
c1_1_TCGTCCAGTCTCTCAC-1,BAL 03
c1_1_TCGTCCAGTTGGACTT-1,BAL 05
c1_1_TCGTCCATCACACGAT-1,BAL 05
c1_1_TCGTGCTAGATAGTGT-1,BAL 03
c1_1_TCGTGCTAGGTCGCCT-1,BAL 07
c1_1_TCGTGCTGTCAGTTTG-1,BAL 05
c1_1_TCGTGCTGTCTAACGT-1,BAL 03
c1_1_TCGTGCTGTGAGCGAT-1,BAL 05
c1_1_TCGTGCTTCATTACTC-1,BAL 05
c1_1_TCGTGCTTCCGACAGC-1,BAL 02
c1_1_TCGTGCTTCGAAGTGG-1,BAL 06
c1_1_TCGTGCTTCTATCGCC-1,BAL 01
c1_1_TCGTGCTTCTCGACCT-1,BAL 05
c1_1_TCGTGCTTCTTAAGGC-1,BAL 06
c1_1_TCGTGGGAGTCTCGTA-1,BAL 05
c1_1_TCGTGGGAGTTAGAAC-1,BAL 05
c1_1_TCGTGGGAGTTCTACG-1,BAL 07
c1_1_TCGTGGGCACTTGACA-1,BAL 05
c1_1_TCGTGGGCAGCGAACA-1,BAL 08
c1_1_TCGTGGGCAGGCTTGC-1,BAL 08
c1_1_TCGTGGGGTAGGGTAC-1,BAL 05
c1_1_TCGTGGGGTATGCGGA-1,BAL 07
c1_1_TCGTGGGGTGTGCCTG-1,BAL 08
c1_1_TCGTGGGTCACCATCC-1,BAL 02
c1_1_TCTAACTCACCCAACG-1,BAL 08
c1_1_TCTAACTCAGGCTCTG-1,BAL 03
c1_1_TCTAACTCATTCAGCA-1,BAL 05
c1_1_TCTAACTGTAAGTTGA-1,BAL 06
c1_1_TCTAACTGTACAGTCT-1,BAL 03
c1_1_TCTAACTTCCTTTAGT-1,Multiplet
c1_1_TCTACATAGAAGGTAG-1,BAL 07
c1_1_TCTACATAGGAGATAG-1,BAL 03
c1_1_TCTACATAGGTTGTTC-1,BAL 07
c1_1_TCTACATCAACCGACC-1,Multiplet
c1_1_TCTACATCACGGGCTT-1,Multiplet
c1_1_TCTACATCACTGCATA-1,BAL 02
c1_1_TCTACATCAGTTACCA-1,BAL 06
c1_1_TCTACATGTAACCAGG-1,Multiplet
c1_1_TCTACATGTGTTTCTT-1,Multiplet
c1_1_TCTACATGTTATCTGG-1,BAL 04
c1_1_TCTACATTCATTGCTT-1,BAL 03
c1_1_TCTACATTCCATCTAT-1,Multiplet
c1_1_TCTACATTCTTCACGC-1,BAL 04
c1_1_TCTACCGAGACTTAAG-1,BAL 08
c1_1_TCTACCGAGAGCCATG-1,BAL 04
c1_1_TCTACCGAGGCGACAT-1,Multiplet
c1_1_TCTACCGAGTCACTCA-1,BAL 07
c1_1_TCTACCGCACACCTAA-1,BAL 05
c1_1_TCTACCGCATTCTCCG-1,Multiplet
c1_1_TCTACCGGTCACAGTT-1,BAL 08
c1_1_TCTACCGGTCCATCTC-1,BAL 05
c1_1_TCTACCGGTGTAACGG-1,BAL 07
c1_1_TCTACCGGTTTCGATG-1,Multiplet
c1_1_TCTACCGTCACATTGG-1,BAL 07
c1_1_TCTACCGTCCTCACCA-1,BAL 03
c1_1_TCTACCGTCTCCGAAA-1,BAL 07
c1_1_TCTATACAGACGCTCC-1,BAL 07
c1_1_TCTATACAGAGAATCT-1,BAL 07
c1_1_TCTATACAGAGGTTAT-1,BAL 03
c1_1_TCTATACAGGCACGAT-1,BAL 06
c1_1_TCTATACAGGGAGAAT-1,BAL 04
c1_1_TCTATACAGTCGGCCT-1,BAL 08
c1_1_TCTATACCACGGGTAA-1,BAL 04
c1_1_TCTATACCAGAAATTG-1,BAL 07
c1_1_TCTATACCAGCACCCA-1,BAL 03
c1_1_TCTATACCAGCTACCG-1,BAL 01
c1_1_TCTATACCAGCTCATA-1,BAL 05
c1_1_TCTATACCATTCGATG-1,BAL 03
c1_1_TCTATACGTAGAGATT-1,BAL 05
c1_1_TCTATACGTATAGGGC-1,BAL 02
c1_1_TCTATACGTCCACTCT-1,BAL 03
c1_1_TCTATACGTCGATTAC-1,BAL 05
c1_1_TCTATACGTCTAACTG-1,BAL 04
c1_1_TCTATCAAGATGGCGT-1,BAL 04
c1_1_TCTATCAAGTCTTGGT-1,BAL 02
c1_1_TCTATCACACAACGCC-1,BAL 05
c1_1_TCTATCACAGAGTCAG-1,Multiplet
c1_1_TCTATCACAGGCAATG-1,BAL 03
c1_1_TCTATCAGTCCTGTTC-1,BAL 02
c1_1_TCTATCAGTCGATTCA-1,BAL 05
c1_1_TCTATCAGTCTTCGAA-1,BAL 05
c1_1_TCTATCAGTCTTTATC-1,BAL 03
c1_1_TCTATCAGTTTCACTT-1,Multiplet
c1_1_TCTATCATCCAATGCA-1,BAL 04
c1_1_TCTCACGCAACGCCCA-1,BAL 06
c1_1_TCTCACGCAAGCAATA-1,Negative
c1_1_TCTCACGCAATGCTCA-1,BAL 01
c1_1_TCTCACGGTAATGCTC-1,BAL 02
c1_1_TCTCACGGTAGAGATT-1,BAL 03
c1_1_TCTCACGGTGGAGGTT-1,BAL 07
c1_1_TCTCACGGTGTCCGGT-1,BAL 05
c1_1_TCTCAGCAGGGATGTC-1,BAL 02
c1_1_TCTCAGCAGGTGATCG-1,BAL 08
c1_1_TCTCAGCAGTCTGCGC-1,BAL 03
c1_1_TCTCAGCCAATACGAA-1,Multiplet
c1_1_TCTCAGCCAGGGTTGA-1,BAL 08
c1_1_TCTCAGCCATTACGGT-1,BAL 07
c1_1_TCTCAGCGTAACGTTC-1,BAL 04
c1_1_TCTCAGCGTACAGTAA-1,Multiplet
c1_1_TCTCAGCGTTCCCACT-1,BAL 01
c1_1_TCTCAGCTCAATCTTC-1,BAL 06
c1_1_TCTCAGCTCAGACAAA-1,BAL 02
c1_1_TCTCAGCTCGGCTTGG-1,BAL 05
c1_1_TCTCCGAAGATGCTGG-1,Multiplet
c1_1_TCTCCGAAGGCCTGCT-1,BAL 03
c1_1_TCTCCGAAGTGCAGGT-1,BAL 05
c1_1_TCTCCGAAGTTAACGA-1,BAL 02
c1_1_TCTCCGACACAGGATG-1,Multiplet
c1_1_TCTCCGACACAGTGTT-1,BAL 01
c1_1_TCTCCGACAGAGGAAA-1,BAL 04
c1_1_TCTCCGACAGATTTCG-1,BAL 01
c1_1_TCTCCGAGTGACTCGC-1,BAL 05
c1_1_TCTCCGAGTTCAAGGG-1,BAL 06
c1_1_TCTCCGATCAAGGACG-1,BAL 08
c1_1_TCTCCGATCGCTCATC-1,BAL 03
c1_1_TCTCTGGAGAGTCAGC-1,BAL 03
c1_1_TCTCTGGAGATGGCAC-1,BAL 07
c1_1_TCTCTGGAGATTCGAA-1,BAL 04
c1_1_TCTCTGGAGTACGAGC-1,BAL 01
c1_1_TCTCTGGAGTGCCGAA-1,BAL 05
c1_1_TCTCTGGCAAGTATAG-1,BAL 07
c1_1_TCTCTGGCATCCGGTG-1,BAL 03
c1_1_TCTCTGGGTGCTCTTC-1,BAL 05
c1_1_TCTCTGGTCATGCCAA-1,BAL 03
c1_1_TCTCTGGTCCACATAG-1,BAL 08
c1_1_TCTGCCAAGGTAGGCT-1,BAL 07
c1_1_TCTGCCAAGGTTGGTG-1,BAL 05
c1_1_TCTGCCAAGTCAACAA-1,Multiplet
c1_1_TCTGCCACACAAAGTA-1,BAL 02
c1_1_TCTGCCACACACGGTC-1,BAL 03
c1_1_TCTGCCACAGCATACT-1,BAL 07
c1_1_TCTGCCACATATAGCC-1,BAL 01
c1_1_TCTGCCAGTACCGGCT-1,Multiplet
c1_1_TCTGCCAGTGCCCTTT-1,BAL 06
c1_1_TCTGCCATCAGCTTGA-1,BAL 05
c1_1_TCTGCCATCCTCAGGG-1,Multiplet
c1_1_TCTGCCATCTCGGTCT-1,BAL 02
c1_1_TCTGCCATCTGTCCGT-1,BAL 05
c1_1_TCTGGCTAGACTCCGC-1,BAL 08
c1_1_TCTGGCTAGATGAATC-1,BAL 05
c1_1_TCTGGCTAGGCACAAC-1,BAL 04
c1_1_TCTGGCTAGGCGTCCT-1,BAL 06
c1_1_TCTGGCTCAAAGCAAT-1,BAL 06
c1_1_TCTGGCTCAAAGGTTA-1,Multiplet
c1_1_TCTGGCTGTAAGATCA-1,BAL 05
c1_1_TCTGGCTGTACCACGC-1,BAL 05
c1_1_TCTGGCTGTCTGTGAT-1,BAL 08
c1_1_TCTGGCTGTGCAATGG-1,BAL 08
c1_1_TCTGGCTGTGGGCTTC-1,BAL 06
c1_1_TCTGGCTGTGGTTTGT-1,BAL 04
c1_1_TCTGGCTTCAAAGCCT-1,BAL 06
c1_1_TCTGGCTTCGAAATCC-1,Multiplet
c1_1_TCTGGCTTCTTCACGC-1,BAL 03
c1_1_TCTGTCGAGATTTGCC-1,BAL 03
c1_1_TCTGTCGAGCGTTAGG-1,Multiplet
c1_1_TCTGTCGAGGGTACGT-1,BAL 04
c1_1_TCTGTCGCACCAGCTG-1,BAL 04
c1_1_TCTGTCGCACGACAGA-1,BAL 01
c1_1_TCTGTCGCACGCTTAA-1,BAL 03
c1_1_TCTGTCGCAGAGAAAG-1,Multiplet
c1_1_TCTGTCGCAGAGCCCT-1,BAL 07
c1_1_TCTGTCGCAGCCTATA-1,Multiplet
c1_1_TCTGTCGCATCCAATG-1,BAL 08
c1_1_TCTGTCGGTTGCACGC-1,BAL 08
c1_1_TCTGTCGGTTGGATCT-1,BAL 03
c1_1_TCTGTCGTCACCATAG-1,Multiplet
c1_1_TCTGTCGTCATCGCCT-1,BAL 05
c1_1_TCTGTCGTCTCGCTTG-1,BAL 08
c1_1_TCTGTCGTCTGTAAGC-1,BAL 04
c1_1_TCTGTCGTCTTCCGTG-1,Multiplet
c1_1_TCTTAGTAGCAAGTGC-1,BAL 03
c1_1_TCTTAGTAGGATACCG-1,BAL 06
c1_1_TCTTAGTAGTAACCGG-1,BAL 06
c1_1_TCTTAGTAGTCCTGTA-1,BAL 07
c1_1_TCTTAGTAGTTCCGGC-1,Multiplet
c1_1_TCTTAGTCAATCTAGC-1,BAL 07
c1_1_TCTTAGTCACCTCTGT-1,BAL 01
c1_1_TCTTAGTCACTGTTCC-1,BAL 05
c1_1_TCTTAGTCAGGAAGTC-1,BAL 02
c1_1_TCTTAGTCAGTCAGTT-1,BAL 03
c1_1_TCTTAGTGTCCTTTGC-1,BAL 08
c1_1_TCTTAGTGTGCCTTTC-1,BAL 02
c1_1_TCTTAGTGTGGCACTC-1,BAL 06
c1_1_TCTTAGTTCGGCCTTT-1,BAL 01
c1_1_TCTTCCTAGCCTGACC-1,BAL 05
c1_1_TCTTCCTCAAACTCGT-1,BAL 01
c1_1_TCTTCCTCAACAGATA-1,BAL 06
c1_1_TCTTCCTCATCGTTCC-1,BAL 08
c1_1_TCTTCCTCATCTGGGC-1,BAL 06
c1_1_TCTTCCTGTAGCGTTT-1,BAL 07
c1_1_TCTTCCTGTAGGTAGC-1,Multiplet
c1_1_TCTTCCTGTGTACATC-1,BAL 07
c1_1_TCTTCCTTCATTGTTC-1,BAL 01
c1_1_TCTTGCGAGATGCCGA-1,BAL 07
c1_1_TCTTGCGAGCAGCGAT-1,BAL 02
c1_1_TCTTGCGAGCGGTAAC-1,BAL 04
c1_1_TCTTGCGAGGGCAATC-1,BAL 01
c1_1_TCTTGCGAGTGCACTT-1,BAL 06
c1_1_TCTTGCGCAACTCGAT-1,BAL 04
c1_1_TCTTGCGCACTGAGGA-1,BAL 03
c1_1_TCTTGCGCATTCAGGT-1,BAL 01
c1_1_TCTTGCGGTACAACGG-1,BAL 03
c1_1_TCTTGCGGTACTAGCT-1,BAL 07
c1_1_TCTTGCGGTATACCCA-1,BAL 07
c1_1_TCTTGCGGTCGCTTGG-1,BAL 06
c1_1_TCTTGCGGTCGTTGCG-1,Multiplet
c1_1_TCTTGCGGTTGCCGAC-1,BAL 04
c1_1_TCTTTGAAGACTGTTC-1,BAL 04
c1_1_TCTTTGAAGCACCAGA-1,BAL 04
c1_1_TCTTTGACAGCGGATA-1,BAL 01
c1_1_TCTTTGACAGTGGCTC-1,BAL 08
c1_1_TCTTTGACATCGTCCT-1,BAL 08
c1_1_TCTTTGAGTAACCCTA-1,BAL 04
c1_1_TCTTTGAGTGATCGTT-1,BAL 06
c1_1_TCTTTGAGTGGGTTGA-1,Negative
c1_1_TCTTTGAGTTGATGTC-1,BAL 07
c1_1_TCTTTGATCATCAGTG-1,BAL 04
c1_1_TGAACGTAGACTCATC-1,BAL 05
c1_1_TGAACGTAGAGCCTGA-1,BAL 03
c1_1_TGAACGTAGCCAGACA-1,Multiplet
c1_1_TGAACGTAGCTAATCC-1,BAL 07
c1_1_TGAACGTAGTCGGCCT-1,BAL 08
c1_1_TGAACGTAGTCTTGGT-1,Multiplet
c1_1_TGAACGTAGTTCCGTA-1,BAL 05
c1_1_TGAACGTCAAGTGCAG-1,BAL 02
c1_1_TGAACGTGTGGACTAG-1,BAL 07
c1_1_TGAACGTGTTATCTTC-1,Multiplet
c1_1_TGAACGTTCAAGAGGC-1,BAL 03
c1_1_TGAACGTTCTTTGGAG-1,BAL 02
c1_1_TGAATCGAGACTCGAG-1,BAL 02
c1_1_TGAATCGAGACTGAGC-1,BAL 06
c1_1_TGAATCGAGATCGGTG-1,Multiplet
c1_1_TGAATCGAGCAATTAG-1,BAL 04
c1_1_TGAATCGCAACAGAGC-1,BAL 07
c1_1_TGAATCGGTATGCTTG-1,BAL 03
c1_1_TGAATCGGTCACCCTT-1,BAL 08
c1_1_TGAATCGGTGTTCATG-1,BAL 02
c1_1_TGAATCGTCACCTCGT-1,BAL 08
c1_1_TGAATCGTCATTTACC-1,BAL 04
c1_1_TGAATCGTCCAGTGCG-1,BAL 05
c1_1_TGAATCGTCGTAGGAG-1,BAL 01
c1_1_TGAATCGTCGTTCAGA-1,BAL 06
c1_1_TGAATCGTCTCTGGTC-1,BAL 03
c1_1_TGAATCGTCTGAGGTT-1,BAL 04
c1_1_TGAATGCAGGACTATA-1,BAL 05
c1_1_TGAATGCAGGAGTACC-1,Multiplet
c1_1_TGAATGCAGTAAGAGG-1,BAL 05
c1_1_TGAATGCAGTAATACG-1,BAL 07
c1_1_TGAATGCCAACACGTT-1,Multiplet
c1_1_TGAATGCCAACCAACT-1,BAL 03
c1_1_TGAATGCCAATGACCT-1,Multiplet
c1_1_TGAATGCCACATGTTG-1,BAL 01
c1_1_TGAATGCCATGATGCT-1,Multiplet
c1_1_TGAATGCGTATGCAAA-1,BAL 03
c1_1_TGAATGCGTCAAGCCC-1,BAL 06
c1_1_TGAATGCGTGGGCTTC-1,BAL 05
c1_1_TGAATGCTCATACAGC-1,BAL 02
c1_1_TGAATGCTCCCGAAAT-1,BAL 06
c1_1_TGAATGCTCGACCTAA-1,Multiplet
c1_1_TGAATGCTCGTCCTTG-1,BAL 06
c1_1_TGAATGCTCTGGCCTT-1,BAL 02
c1_1_TGACAGTAGATGTTAG-1,Multiplet
c1_1_TGACAGTAGATTGCGG-1,BAL 04
c1_1_TGACAGTAGGCAATGC-1,BAL 07
c1_1_TGACAGTAGTGGTTGG-1,Multiplet
c1_1_TGACAGTCAAATCAAG-1,BAL 05
c1_1_TGACAGTCAACGGCCT-1,BAL 03
c1_1_TGACAGTCATGGGATG-1,BAL 06
c1_1_TGACAGTGTATCGCGC-1,Multiplet
c1_1_TGACAGTGTATGAGGC-1,Multiplet
c1_1_TGACAGTGTCGCATTA-1,BAL 02
c1_1_TGACAGTGTTCCGCAG-1,BAL 06
c1_1_TGACAGTTCACCTCAC-1,BAL 07
c1_1_TGACAGTTCACCTGGG-1,Negative
c1_1_TGACAGTTCAGACTGT-1,BAL 04
c1_1_TGACAGTTCCAGGACC-1,BAL 07
c1_1_TGACAGTTCCCTGTTG-1,BAL 02
c1_1_TGACAGTTCTTTCCAA-1,BAL 05
c1_1_TGACCCTAGGTACATA-1,BAL 05
c1_1_TGACCCTAGTCAGAGC-1,BAL 03
c1_1_TGACCCTAGTGCCAGA-1,BAL 01
c1_1_TGACCCTAGTGGAATT-1,BAL 05
c1_1_TGACCCTCAACGATCT-1,Multiplet
c1_1_TGACCCTCAGCCTACG-1,BAL 01
c1_1_TGACCCTGTATGCTAC-1,BAL 05
c1_1_TGACCCTGTCGTCTCT-1,BAL 07
c1_1_TGACCCTGTGAACGGT-1,BAL 05
c1_1_TGACCCTGTTGTGGAG-1,BAL 04
c1_1_TGACCCTTCAAGCCAT-1,BAL 06
c1_1_TGACCCTTCCGAAGGA-1,BAL 07
c1_1_TGACGCGAGGAGTATT-1,BAL 05
c1_1_TGACGCGAGGTTTACC-1,BAL 02
c1_1_TGACGCGAGTCAACAA-1,BAL 03
c1_1_TGACGCGAGTGGAAGA-1,Multiplet
c1_1_TGACGCGCACACCGAC-1,Multiplet
c1_1_TGACGCGCACAGTCAT-1,BAL 04
c1_1_TGACGCGCACCGGCTA-1,BAL 05
c1_1_TGACGCGCAGCAGACA-1,Multiplet
c1_1_TGACGCGCAGCGACAA-1,BAL 05
c1_1_TGACGCGCAGCGTAGA-1,Multiplet
c1_1_TGACGCGCAGCTGAGA-1,BAL 08
c1_1_TGACGCGCAGGCGTTC-1,BAL 08
c1_1_TGACGCGCATGGCGCT-1,BAL 02
c1_1_TGACGCGGTCACCGAC-1,BAL 04
c1_1_TGACGCGGTCCAGCGT-1,BAL 01
c1_1_TGACGCGGTTTACTGG-1,BAL 02
c1_1_TGACGCGGTTTATGCG-1,Multiplet
c1_1_TGACGCGTCAAGTCGT-1,BAL 02
c1_1_TGACGCGTCACAGAGG-1,BAL 01
c1_1_TGACGCGTCAGCAGAG-1,Multiplet
c1_1_TGACTCCAGACGAGCT-1,BAL 08
c1_1_TGACTCCAGCACGATG-1,BAL 05
c1_1_TGACTCCAGCGTGTCC-1,BAL 05
c1_1_TGACTCCCAAAGGCAC-1,BAL 05
c1_1_TGACTCCCAACGACTT-1,BAL 01
c1_1_TGACTCCCATCGAACT-1,BAL 05
c1_1_TGACTCCCATTCGGGC-1,BAL 02
c1_1_TGACTCCGTATTCCGA-1,BAL 01
c1_1_TGACTCCGTATTTCGG-1,BAL 03
c1_1_TGACTCCGTCGAATTC-1,BAL 01
c1_1_TGACTCCGTTTGAAAG-1,BAL 01
c1_1_TGACTCCTCAAGTGGG-1,BAL 07
c1_1_TGACTCCTCCGCGAGT-1,BAL 02
c1_1_TGACTCCTCTGAGATC-1,BAL 08
c1_1_TGAGACTAGCTCACTA-1,BAL 03
c1_1_TGAGACTAGGCACAAC-1,BAL 06
c1_1_TGAGACTAGGCACCAA-1,BAL 05
c1_1_TGAGACTAGTCATCGT-1,BAL 08
c1_1_TGAGACTCACCACATA-1,Multiplet
c1_1_TGAGACTCACTTCCTG-1,BAL 02
c1_1_TGAGACTCATGGTACT-1,BAL 07
c1_1_TGAGACTGTAGGCTGA-1,BAL 07
c1_1_TGAGACTGTCTAACGT-1,BAL 04
c1_1_TGAGACTGTTATCCAG-1,BAL 08
c1_1_TGAGACTTCTAACGGT-1,Multiplet
c1_1_TGAGCATAGACTAAGT-1,BAL 01
c1_1_TGAGCATAGATACAGT-1,Multiplet
c1_1_TGAGCATAGCACGGAT-1,BAL 06
c1_1_TGAGCATAGGTCGTGA-1,BAL 01
c1_1_TGAGCATAGTAATACG-1,BAL 05
c1_1_TGAGCATAGTCCCAGC-1,BAL 02
c1_1_TGAGCATCACCTGATA-1,BAL 08
c1_1_TGAGCATCATCAGCAT-1,BAL 08
c1_1_TGAGCATGTAACACGG-1,BAL 01
c1_1_TGAGCATGTACTGGGA-1,BAL 03
c1_1_TGAGCATGTGTTCCTC-1,BAL 03
c1_1_TGAGCATTCAAGAGTA-1,BAL 08
c1_1_TGAGCATTCCCTGGTT-1,BAL 08
c1_1_TGAGCATTCGAGGCAA-1,BAL 05
c1_1_TGAGCGCAGACCACGA-1,BAL 06
c1_1_TGAGCGCAGAGAGCGG-1,BAL 05
c1_1_TGAGCGCAGATAGTCA-1,Multiplet
c1_1_TGAGCGCAGGAAACGA-1,BAL 03
c1_1_TGAGCGCAGGTGCTGA-1,Multiplet
c1_1_TGAGCGCCACGACAGA-1,BAL 08
c1_1_TGAGCGCCACGTATAC-1,BAL 01
c1_1_TGAGCGCGTCAATCTG-1,BAL 06
c1_1_TGAGCGCTCACTACTT-1,BAL 03
c1_1_TGAGCGCTCAGAGTGG-1,Multiplet
c1_1_TGAGCGCTCAGTCCGG-1,BAL 05
c1_1_TGAGCGCTCTACTCAT-1,BAL 04
c1_1_TGAGCGCTCTATCGTT-1,BAL 02
c1_1_TGAGCGCTCTGAGGTT-1,BAL 08
c1_1_TGAGGAGAGCACCCAC-1,BAL 02
c1_1_TGAGGAGAGCATTTGC-1,BAL 07
c1_1_TGAGGAGCAGCACGAA-1,BAL 05
c1_1_TGAGGAGCAGGCCTGT-1,BAL 02
c1_1_TGAGGAGGTAGGCTCC-1,Multiplet
c1_1_TGAGGAGTCCATTGTT-1,BAL 02
c1_1_TGAGGAGTCCGTGGGT-1,BAL 05
c1_1_TGAGGAGTCCTCACGT-1,Multiplet
c1_1_TGAGGAGTCTCATTGT-1,BAL 03
c1_1_TGAGGGAAGACATATG-1,BAL 05
c1_1_TGAGGGAAGCTGTACT-1,BAL 06
c1_1_TGAGGGACAAAGCAAT-1,BAL 03
c1_1_TGAGGGACAACGACTT-1,BAL 03
c1_1_TGAGGGACACCTAAAC-1,BAL 07
c1_1_TGAGGGACATCTGGGC-1,Multiplet
c1_1_TGAGGGACATTCTCCG-1,BAL 07
c1_1_TGAGGGATCACCTCAC-1,BAL 01
c1_1_TGAGGGATCTCGGCTT-1,BAL 06
c1_1_TGAGGTTAGCAAGTGC-1,BAL 08
c1_1_TGAGGTTAGCAGAAAG-1,BAL 08
c1_1_TGAGGTTAGTAGGATT-1,Negative
c1_1_TGAGGTTCAAATAGCA-1,BAL 02
c1_1_TGAGGTTCAGCTAACT-1,BAL 05
c1_1_TGAGGTTCATGAAGGC-1,BAL 02
c1_1_TGAGGTTCATGAGTAA-1,BAL 03
c1_1_TGAGGTTGTGCCTACG-1,Multiplet
c1_1_TGAGGTTTCAGGAAAT-1,BAL 02
c1_1_TGAGGTTTCCTACCGT-1,BAL 01
c1_1_TGAGGTTTCGTTCGCT-1,BAL 08
c1_1_TGAGGTTTCTAGCCAA-1,Multiplet
c1_1_TGAGTCAAGTTCGCAT-1,BAL 02
c1_1_TGAGTCACACTGTCGG-1,BAL 03
c1_1_TGAGTCACAGGGAGAG-1,Multiplet
c1_1_TGAGTCAGTGCTCTTC-1,Multiplet
c1_1_TGAGTCAGTGGACTGA-1,BAL 05
c1_1_TGAGTCAGTTCAAACC-1,BAL 03
c1_1_TGAGTCATCAACCCGG-1,BAL 05
c1_1_TGAGTCATCACACCCT-1,Multiplet
c1_1_TGAGTCATCATGGCCG-1,Multiplet
c1_1_TGAGTCATCGCACGAC-1,BAL 06
c1_1_TGATCAGAGAATCGTA-1,BAL 02
c1_1_TGATCAGAGACGGAAA-1,BAL 08
c1_1_TGATCAGAGGGATGTC-1,BAL 02
c1_1_TGATCAGCAACGACTT-1,BAL 02
c1_1_TGATCAGCAACGCATT-1,Multiplet
c1_1_TGATCAGCATAAGATG-1,BAL 03
c1_1_TGATCAGGTCCAAAGG-1,BAL 03
c1_1_TGATCAGTCCGAAGGA-1,BAL 06
c1_1_TGATCAGTCGAACACT-1,BAL 03
c1_1_TGATCAGTCTATCGGA-1,BAL 05
c1_1_TGATCTTAGAGGCCAT-1,Multiplet
c1_1_TGATCTTCACACCTGG-1,BAL 01
c1_1_TGATCTTCACGCTGAC-1,BAL 06
c1_1_TGATCTTCACTCCGGA-1,Multiplet
c1_1_TGATCTTCAGCAGTAG-1,BAL 04
c1_1_TGATCTTGTCATAGTC-1,BAL 03
c1_1_TGATCTTTCAAATGCC-1,BAL 02
c1_1_TGATCTTTCGAACCAT-1,BAL 05
c1_1_TGATCTTTCGTGTCAA-1,Multiplet
c1_1_TGATCTTTCTTAGCTT-1,BAL 03
c1_1_TGATGCAAGAGGCTGT-1,BAL 01
c1_1_TGATGCAAGCTGACCC-1,BAL 08
c1_1_TGATGCAAGGTCGTCC-1,Multiplet
c1_1_TGATGCAAGTCTAGAA-1,BAL 06
c1_1_TGATGCAAGTGGTTAA-1,BAL 03
c1_1_TGATGCAAGTTACGGG-1,BAL 03
c1_1_TGATGCACACACTTAG-1,BAL 07
c1_1_TGATGCACACCGCTAG-1,BAL 02
c1_1_TGATGCAGTATCGCGC-1,BAL 06
c1_1_TGATGCAGTGGTTTAC-1,BAL 05
c1_1_TGATGCAGTTCGTAAC-1,BAL 01
c1_1_TGATGCATCCGCAGTG-1,BAL 02
c1_1_TGATGCATCCGGCAAC-1,BAL 01
c1_1_TGATGCATCCTTATAC-1,BAL 04
c1_1_TGATGCATCTTCTGTA-1,BAL 06
c1_1_TGATGGTAGACGTCGA-1,Multiplet
c1_1_TGATGGTAGAGCCGTA-1,BAL 02
c1_1_TGATGGTAGCTGGCTC-1,BAL 08
c1_1_TGATGGTAGGACAACC-1,BAL 01
c1_1_TGATGGTAGGGCCTCT-1,BAL 06
c1_1_TGATGGTAGGGTCACA-1,Multiplet
c1_1_TGATGGTAGTGATTCC-1,BAL 05
c1_1_TGATGGTCAAGCGAGT-1,Multiplet
c1_1_TGATGGTCAAGTGATA-1,BAL 06
c1_1_TGATGGTCACTGCGTG-1,BAL 01
c1_1_TGATGGTCAGATAAAC-1,Multiplet
c1_1_TGATGGTCATCTTCGC-1,BAL 01
c1_1_TGATGGTGTTAAAGTG-1,BAL 03
c1_1_TGATGGTGTTCGGTTA-1,BAL 08
c1_1_TGATGGTGTTGCTTGA-1,BAL 03
c1_1_TGATGGTGTTTCGACA-1,BAL 08
c1_1_TGATGGTTCCCGGTAG-1,BAL 02
c1_1_TGATGGTTCTATTGTC-1,BAL 04
c1_1_TGATTCTAGCCAGTAG-1,BAL 08
c1_1_TGATTCTCAAGCCCAC-1,Multiplet
c1_1_TGATTCTCAAGTCGTT-1,BAL 04
c1_1_TGATTCTCACACGGTC-1,BAL 07
c1_1_TGATTCTCACAGTACT-1,BAL 08
c1_1_TGATTCTCACTCTCGT-1,Multiplet
c1_1_TGATTCTCAGCCGTCA-1,BAL 02
c1_1_TGATTCTCAGGGAGAG-1,Multiplet
c1_1_TGATTCTGTACAGTAA-1,BAL 01
c1_1_TGATTCTGTCACGTGC-1,BAL 07
c1_1_TGATTCTGTGCCTAAT-1,Multiplet
c1_1_TGATTCTGTGGGATTG-1,BAL 03
c1_1_TGATTCTGTGTAAACA-1,BAL 03
c1_1_TGATTCTTCTCCGAGG-1,BAL 08
c1_1_TGATTTCCACATTACG-1,Multiplet
c1_1_TGATTTCCATCGTTCC-1,BAL 02
c1_1_TGATTTCGTACACTCA-1,Multiplet
c1_1_TGATTTCGTCGATTTG-1,BAL 02
c1_1_TGATTTCGTCGCATCG-1,BAL 08
c1_1_TGATTTCGTGTGACCC-1,Multiplet
c1_1_TGATTTCGTTAAACAG-1,BAL 01
c1_1_TGATTTCTCACCTTAT-1,BAL 07
c1_1_TGATTTCTCGCCGTGA-1,BAL 06
c1_1_TGATTTCTCTAAGAAG-1,BAL 01
c1_1_TGATTTCTCTAAGCCA-1,BAL 04
c1_1_TGATTTCTCTTGGAAC-1,BAL 02
c1_1_TGCACGGCACAATTCG-1,BAL 03
c1_1_TGCACGGCAGATTCGT-1,BAL 02
c1_1_TGCACGGCATGGCTAT-1,BAL 07
c1_1_TGCACGGCATTCGATG-1,Multiplet
c1_1_TGCACGGGTACCCGCA-1,Multiplet
c1_1_TGCACGGGTACGGATG-1,BAL 06
c1_1_TGCACGGGTTATCTGG-1,Multiplet
c1_1_TGCACGGGTTGTCTAG-1,BAL 07
c1_1_TGCACGGTCCGTAGGC-1,BAL 03
c1_1_TGCAGATAGAAGCTCG-1,BAL 08
c1_1_TGCAGATAGCATTTGC-1,Multiplet
c1_1_TGCAGATAGCCTCATA-1,BAL 03
c1_1_TGCAGATCACCATATG-1,BAL 07
c1_1_TGCAGATGTATCGAAA-1,BAL 07
c1_1_TGCAGATGTGTTTGCA-1,Multiplet
c1_1_TGCAGGCAGAGCCTGA-1,BAL 02
c1_1_TGCAGGCAGGTCTGGA-1,BAL 02
c1_1_TGCAGGCAGGTTCCAT-1,Multiplet
c1_1_TGCAGGCCAAGAGTTA-1,BAL 02
c1_1_TGCAGGCCAATTGCCA-1,BAL 02
c1_1_TGCAGGCCATGTCTAG-1,BAL 08
c1_1_TGCAGGCGTAGATCCT-1,BAL 02
c1_1_TGCAGGCGTCCACATA-1,BAL 05
c1_1_TGCAGGCGTCGAACAG-1,BAL 01
c1_1_TGCAGGCGTGAAAGTT-1,BAL 06
c1_1_TGCAGGCTCCCAAGCG-1,BAL 04
c1_1_TGCAGGCTCGGCTGAC-1,BAL 04
c1_1_TGCAGTAAGCACTTTG-1,BAL 07
c1_1_TGCAGTAAGCTACGTT-1,BAL 03
c1_1_TGCAGTAAGCTCGCAC-1,BAL 02
c1_1_TGCAGTACATTAAAGG-1,BAL 04
c1_1_TGCAGTAGTATCGTTG-1,BAL 07
c1_1_TGCAGTAGTCTGCATA-1,BAL 05
c1_1_TGCAGTAGTGGTCCGT-1,BAL 02
c1_1_TGCAGTATCCGGCTTT-1,BAL 07
c1_1_TGCAGTATCTAGTGAC-1,BAL 08
c1_1_TGCATCCCAACACTAC-1,BAL 06
c1_1_TGCATCCCACAGAAGC-1,BAL 08
c1_1_TGCATCCCATGGCTAT-1,BAL 02
c1_1_TGCATCCCATTATGCG-1,Multiplet
c1_1_TGCATCCGTAGATTGA-1,BAL 04
c1_1_TGCATCCGTCATTGCA-1,BAL 02
c1_1_TGCATCCTCACCTCGT-1,BAL 03
c1_1_TGCATCCTCCTTGAAG-1,BAL 02
c1_1_TGCATGACACTATCCC-1,BAL 02
c1_1_TGCATGACATACCACA-1,BAL 06
c1_1_TGCATGAGTCCGGTCA-1,Multiplet
c1_1_TGCATGAGTGCCAAGA-1,BAL 06
c1_1_TGCATGAGTGTCCAAT-1,BAL 08
c1_1_TGCATGATCACAAGAA-1,BAL 04
c1_1_TGCATGATCGCCGATG-1,BAL 03
c1_1_TGCATGATCGCGTGAC-1,BAL 08
c1_1_TGCATGATCGGTAGAG-1,BAL 02
c1_1_TGCATGATCTAACACG-1,BAL 05
c1_1_TGCATGATCTGCAGCG-1,BAL 01
c1_1_TGCCGAGAGAACCGCA-1,BAL 07
c1_1_TGCCGAGAGACCGTTT-1,Multiplet
c1_1_TGCCGAGCAAGAGAGA-1,BAL 02
c1_1_TGCCGAGCACTGCTTC-1,Multiplet
c1_1_TGCCGAGGTAGAGATT-1,BAL 06
c1_1_TGCCGAGGTGCAGGAT-1,BAL 07
c1_1_TGCCGAGGTGTTCCTC-1,Multiplet
c1_1_TGCCGAGTCGTGTGAT-1,Multiplet
c1_1_TGCGACGCAATAGGGC-1,Multiplet
c1_1_TGCGACGCACCAAATC-1,BAL 03
c1_1_TGCGACGGTCGCGTCA-1,BAL 04
c1_1_TGCGACGGTTCAAGGG-1,BAL 02
c1_1_TGCGACGGTTCTTCAT-1,Multiplet
c1_1_TGCGACGTCGTTGTGA-1,BAL 05
c1_1_TGCGATAAGACCTGGA-1,BAL 03
c1_1_TGCGATAAGACGAAGA-1,Multiplet
c1_1_TGCGATAAGAGTTGTA-1,BAL 06
c1_1_TGCGATAAGATGGCAC-1,BAL 05
c1_1_TGCGATAAGCCTCGTG-1,Multiplet
c1_1_TGCGATAAGCTAGAGC-1,BAL 03
c1_1_TGCGATAAGCTCGACC-1,Multiplet
c1_1_TGCGATAAGCTCGTGC-1,BAL 05
c1_1_TGCGATAAGTAGATCA-1,BAL 08
c1_1_TGCGATAGTACCGGAA-1,BAL 03
c1_1_TGCGATAGTAGACACG-1,BAL 08
c1_1_TGCGATAGTCATCCGG-1,BAL 04
c1_1_TGCGATATCAGCACCG-1,Multiplet
c1_1_TGCGATATCAGCGCAC-1,BAL 03
c1_1_TGCGATATCCAAGCTA-1,BAL 03
c1_1_TGCGATATCTGGGTCG-1,BAL 08
c1_1_TGCGGCAAGGGAGTTC-1,BAL 05
c1_1_TGCGGCACAAACCATC-1,Negative
c1_1_TGCGGCACAACTACGT-1,BAL 08
c1_1_TGCGGCACATCGAACT-1,BAL 03
c1_1_TGCGGCAGTCCAGCCA-1,Multiplet
c1_1_TGCGGCAGTGTCCGTG-1,BAL 03
c1_1_TGCGGCAGTTCCCACT-1,BAL 04
c1_1_TGCGGCATCGACATCA-1,BAL 05
c1_1_TGCGGGTAGAATAACC-1,Multiplet
c1_1_TGCGGGTAGACGGTTG-1,BAL 04
c1_1_TGCGGGTAGGAATGTT-1,BAL 07
c1_1_TGCGGGTAGGGAGGTG-1,BAL 02
c1_1_TGCGGGTCAACCACGC-1,BAL 03
c1_1_TGCGGGTCACGTATAC-1,BAL 08
c1_1_TGCGGGTCAGGCATGA-1,BAL 03
c1_1_TGCGGGTGTTGGACCC-1,BAL 03
c1_1_TGCGGGTTCCGCTGTT-1,Multiplet
c1_1_TGCGGGTTCGGTTGTA-1,BAL 04
c1_1_TGCGGGTTCTCCGTGT-1,BAL 02
c1_1_TGCGGGTTCTGTCCGT-1,BAL 03
c1_1_TGCGGGTTCTTGGTGA-1,BAL 08
c1_1_TGCTCCAAGACGTCCC-1,BAL 02
c1_1_TGCTCCAAGCGATTCT-1,BAL 08
c1_1_TGCTCCAAGGTCCCGT-1,BAL 05
c1_1_TGCTCCAAGTGACCTT-1,BAL 08
c1_1_TGCTCCAAGTGCTCAT-1,BAL 08
c1_1_TGCTCCAAGTTAACGA-1,Multiplet
c1_1_TGCTCCAAGTTGTAAG-1,BAL 07
c1_1_TGCTCCACACCATAAC-1,BAL 03
c1_1_TGCTCCACATTCACAG-1,BAL 02
c1_1_TGCTCCAGTAAGAACT-1,BAL 05
c1_1_TGCTCCAGTAGTCGGA-1,BAL 05
c1_1_TGCTCCAGTAGTGGCA-1,BAL 05
c1_1_TGCTCCATCAGTCCGG-1,BAL 07
c1_1_TGCTCCATCATGAGGG-1,Multiplet
c1_1_TGCTCCATCATGGCCG-1,BAL 01
c1_1_TGCTCCATCCACACCT-1,BAL 02
c1_1_TGCTCCATCCACAGGC-1,Multiplet
c1_1_TGCTCCATCGATCCAA-1,BAL 07
c1_1_TGCTCCATCGTAGGAG-1,Multiplet
c1_1_TGCTCGTAGAAGCTGC-1,BAL 02
c1_1_TGCTCGTAGAGAGTGA-1,BAL 05
c1_1_TGCTCGTAGTGGTTCT-1,BAL 07
c1_1_TGCTCGTCATATGCGT-1,BAL 08
c1_1_TGCTCGTGTCAGGTGA-1,Multiplet
c1_1_TGCTCGTTCATCTATC-1,BAL 08
c1_1_TGCTCGTTCGCCGATG-1,BAL 05
c1_1_TGCTCGTTCGGCATCG-1,BAL 01
c1_1_TGCTCGTTCTCCAAGA-1,BAL 05
c1_1_TGCTCGTTCTCTGGTC-1,BAL 05
c1_1_TGCTGAAAGAGGCTGT-1,BAL 06
c1_1_TGCTGAAAGATAGGGA-1,BAL 05
c1_1_TGCTGAAAGCCTGGAA-1,BAL 05
c1_1_TGCTGAACACAACCGC-1,BAL 03
c1_1_TGCTGAACACATACTG-1,Multiplet
c1_1_TGCTGAACAGCGAGTA-1,Multiplet
c1_1_TGCTGAACAGGTTTAC-1,Multiplet
c1_1_TGCTGAAGTTCAGCTA-1,BAL 04
c1_1_TGCTGAAGTTGTGGCC-1,BAL 02
c1_1_TGCTGAATCGATACAC-1,Multiplet
c1_1_TGCTGAATCGCCTTGT-1,BAL 04
c1_1_TGCTTCGAGCAAACAT-1,Multiplet
c1_1_TGCTTCGAGCGAGTAC-1,BAL 03
c1_1_TGCTTCGCAAAGGAGA-1,BAL 03
c1_1_TGCTTCGCATGAGGGT-1,BAL 01
c1_1_TGCTTCGGTACAACGG-1,BAL 01
c1_1_TGCTTCGGTGGACTGA-1,BAL 07
c1_1_TGCTTCGGTGTAAATG-1,BAL 02
c1_1_TGCTTCGGTTTGGAAA-1,Multiplet
c1_1_TGCTTCGTCAGACAAA-1,BAL 05
c1_1_TGCTTCGTCGTGGACC-1,BAL 08
c1_1_TGCTTCGTCTCTCTAA-1,BAL 06
c1_1_TGCTTGCAGACAAGCC-1,BAL 04
c1_1_TGCTTGCAGAGGCTGT-1,BAL 07
c1_1_TGCTTGCAGAGTTGAT-1,Multiplet
c1_1_TGCTTGCAGGAAACGA-1,BAL 03
c1_1_TGCTTGCAGGTTCACT-1,BAL 06
c1_1_TGCTTGCCAATTGAGA-1,BAL 03
c1_1_TGCTTGCCACACCTAA-1,Multiplet
c1_1_TGCTTGCGTAGTGGCA-1,BAL 01
c1_1_TGCTTGCGTCGCGGTT-1,BAL 08
c1_1_TGCTTGCGTTAGTCGT-1,BAL 03
c1_1_TGCTTGCGTTCTGACA-1,Multiplet
c1_1_TGCTTGCTCACTCCGT-1,BAL 03
c1_1_TGCTTGCTCAGGACAG-1,BAL 05
c1_1_TGCTTGCTCTCGACGG-1,Multiplet
c1_1_TGGAACTAGTCAGCCC-1,Multiplet
c1_1_TGGAACTCAATTGCAC-1,BAL 05
c1_1_TGGAACTCACGACGCT-1,BAL 03
c1_1_TGGAACTCACTGGAAG-1,BAL 05
c1_1_TGGAACTCAGTGTACT-1,BAL 07
c1_1_TGGAACTGTCAGTCCG-1,BAL 06
c1_1_TGGAACTGTTAAGTCC-1,BAL 03
c1_1_TGGAACTTCAGACCCG-1,BAL 01
c1_1_TGGAACTTCCAACTGA-1,Multiplet
c1_1_TGGAACTTCGCCACTT-1,BAL 03
c1_1_TGGAGAGAGGAAAGGT-1,BAL 07
c1_1_TGGAGAGCAACGTATC-1,BAL 02
c1_1_TGGAGAGCACAATGTC-1,BAL 03
c1_1_TGGAGAGCAGTCGAGA-1,BAL 08
c1_1_TGGAGAGGTCAATGGG-1,BAL 03
c1_1_TGGAGAGGTCTGTGGC-1,BAL 03
c1_1_TGGAGAGGTTGAGGAC-1,BAL 08
c1_1_TGGAGAGGTTTCGATG-1,BAL 07
c1_1_TGGAGAGTCCCAGGCA-1,BAL 02
c1_1_TGGAGGAAGCTCATAC-1,BAL 02
c1_1_TGGAGGAAGGGAGGTG-1,BAL 02
c1_1_TGGAGGAAGTGTACAA-1,BAL 01
c1_1_TGGAGGACACCACTGG-1,BAL 08
c1_1_TGGAGGACACTTGAGT-1,BAL 05
c1_1_TGGAGGAGTACTGACT-1,BAL 06
c1_1_TGGAGGAGTCCCAAAT-1,Multiplet
c1_1_TGGAGGAGTGGTCTTA-1,BAL 03
c1_1_TGGAGGAGTTTCACAG-1,BAL 06
c1_1_TGGAGGAGTTTCGTAG-1,Multiplet
c1_1_TGGAGGATCACGAGGA-1,BAL 07
c1_1_TGGATCAAGACCATGG-1,BAL 03
c1_1_TGGATCAAGGCACGAT-1,BAL 08
c1_1_TGGATCACAAGAAACT-1,BAL 06
c1_1_TGGATCACACAGGATG-1,BAL 03
c1_1_TGGATCACATGTACGT-1,BAL 02
c1_1_TGGATCAGTCCAAATC-1,BAL 02
c1_1_TGGATCAGTGAATATG-1,BAL 04
c1_1_TGGATCAGTGCCCGTA-1,BAL 02
c1_1_TGGATCAGTGGATGAC-1,BAL 07
c1_1_TGGATCAGTTGCTCGG-1,BAL 05
c1_1_TGGATCATCCATACAG-1,BAL 03
c1_1_TGGATGTAGACCTTTG-1,BAL 04
c1_1_TGGATGTAGAGTCACG-1,BAL 07
c1_1_TGGATGTAGCGGATCA-1,BAL 05
c1_1_TGGATGTAGGACATCG-1,BAL 04
c1_1_TGGATGTAGGATACAT-1,BAL 03
c1_1_TGGATGTAGGCCCACT-1,BAL 05
c1_1_TGGATGTAGTAAGCAT-1,BAL 01
c1_1_TGGATGTAGTCAGGGT-1,BAL 06
c1_1_TGGATGTCAGTCTACA-1,BAL 05
c1_1_TGGATGTGTAACAGTA-1,BAL 07
c1_1_TGGATGTGTGCAATGG-1,BAL 03
c1_1_TGGATGTGTGGACCAA-1,BAL 07
c1_1_TGGATGTGTTGTATGC-1,BAL 02
c1_1_TGGATGTGTTTACGTG-1,BAL 07
c1_1_TGGATGTTCCGTCAAA-1,BAL 04
c1_1_TGGATGTTCTTACTGT-1,BAL 05
c1_1_TGGCGTGAGAACGCGT-1,BAL 02
c1_1_TGGCGTGAGACTCCGC-1,Negative
c1_1_TGGCGTGAGGAGGGTG-1,BAL 04
c1_1_TGGCGTGCAGCAGTCC-1,BAL 07
c1_1_TGGCGTGCAGCTTCCT-1,BAL 04
c1_1_TGGCGTGCAGGCATTT-1,BAL 02
c1_1_TGGCGTGGTCCCACGA-1,BAL 01
c1_1_TGGCGTGGTGCGACAA-1,BAL 03
c1_1_TGGCGTGGTGGCTAGA-1,BAL 07
c1_1_TGGCGTGGTGGTACAG-1,BAL 06
c1_1_TGGCGTGTCAGAATAG-1,BAL 07
c1_1_TGGGAAGAGCACTAAA-1,BAL 02
c1_1_TGGGAAGAGGAGTATT-1,BAL 06
c1_1_TGGGAAGAGTACAGCG-1,Multiplet
c1_1_TGGGAAGAGTCCTGTA-1,BAL 07
c1_1_TGGGAAGGTACCTAGT-1,BAL 05
c1_1_TGGGAAGGTAGAATGT-1,BAL 06
c1_1_TGGGAAGGTAGCTTTG-1,BAL 02
c1_1_TGGGAAGGTATTGCCA-1,BAL 05
c1_1_TGGGAAGGTGCCGTTG-1,BAL 05
c1_1_TGGGAAGGTGGTAATA-1,BAL 03
c1_1_TGGGAAGGTGTCACAT-1,BAL 06
c1_1_TGGGAAGTCCAACACA-1,BAL 03
c1_1_TGGGAAGTCTCCGATC-1,Multiplet
c1_1_TGGGAGAAGGTGTGAC-1,Multiplet
c1_1_TGGGAGACAACCGATT-1,BAL 05
c1_1_TGGGAGACAGACGGAT-1,BAL 03
c1_1_TGGGAGACAGGTCAGA-1,BAL 07
c1_1_TGGGAGAGTAAGACCG-1,BAL 07
c1_1_TGGGAGAGTACAAGCG-1,BAL 06
c1_1_TGGGAGAGTCCGAAAG-1,BAL 03
c1_1_TGGGAGAGTTACTCAG-1,BAL 05
c1_1_TGGGAGATCATCGGGC-1,BAL 01
c1_1_TGGGAGATCCCGTGAG-1,BAL 04
c1_1_TGGGAGATCCTATTGT-1,BAL 07
c1_1_TGGGAGATCCTCACGT-1,BAL 01
c1_1_TGGGATTGTACTGCGC-1,BAL 06
c1_1_TGGGATTGTCACAATC-1,Multiplet
c1_1_TGGGATTGTCGACTGC-1,Multiplet
c1_1_TGGGATTGTCGCATCG-1,Multiplet
c1_1_TGGGATTGTTCGTAAC-1,BAL 03
c1_1_TGGGATTTCGGTGAAG-1,BAL 04
c1_1_TGGGATTTCTTAAGGC-1,BAL 03
c1_1_TGGGATTTCTTTGGAG-1,BAL 05
c1_1_TGGGCGTAGCAATAAC-1,BAL 02
c1_1_TGGGCGTAGCGCAATG-1,Multiplet
c1_1_TGGGCGTAGGGTCACA-1,BAL 05
c1_1_TGGGCGTAGTTGCTGT-1,BAL 03
c1_1_TGGGCGTCAAGTGATA-1,BAL 06
c1_1_TGGGCGTGTACTGCCG-1,BAL 01
c1_1_TGGGCGTGTGCAGTGA-1,BAL 08
c1_1_TGGGCGTTCTACACAG-1,BAL 07
c1_1_TGGGCGTTCTGGGTCG-1,Multiplet
c1_1_TGGGCTGAGATGCTGG-1,BAL 08
c1_1_TGGGCTGAGTCCTGCG-1,BAL 05
c1_1_TGGGCTGCAACATCGT-1,Multiplet
c1_1_TGGGCTGCAGCACAGA-1,BAL 07
c1_1_TGGGCTGCAGCAGTAG-1,BAL 07
c1_1_TGGGCTGCATCCTCAC-1,BAL 04
c1_1_TGGGCTGCATTGAAGA-1,Multiplet
c1_1_TGGGCTGGTCAGTTTG-1,BAL 08
c1_1_TGGGCTGTCACGAGGA-1,BAL 04
c1_1_TGGGCTGTCGCCTAGG-1,BAL 06
c1_1_TGGGCTGTCTATTTCG-1,Multiplet
c1_1_TGGGTTACATGGCTGC-1,Multiplet
c1_1_TGGGTTAGTCACCCTT-1,Multiplet
c1_1_TGGGTTATCACTTCTA-1,BAL 03
c1_1_TGGGTTATCATCGCAA-1,BAL 03
c1_1_TGGTACAAGCTACTAC-1,BAL 07
c1_1_TGGTACAAGCTGTCCG-1,BAL 02
c1_1_TGGTACAAGGTAAGTT-1,BAL 02
c1_1_TGGTACAAGTCAATCC-1,BAL 06
c1_1_TGGTACACAATCCAGT-1,BAL 02
c1_1_TGGTACACAGAGAAAG-1,BAL 04
c1_1_TGGTACACAGAGGTTG-1,Multiplet
c1_1_TGGTACACATGAGATA-1,BAL 08
c1_1_TGGTACAGTAGGCTGA-1,Multiplet
c1_1_TGGTACAGTGAGTGAC-1,BAL 06
c1_1_TGGTACAGTTAGGCTT-1,BAL 07
c1_1_TGGTACATCTCGTGAA-1,BAL 04
c1_1_TGGTAGTAGAGCCCAA-1,BAL 06
c1_1_TGGTAGTAGCCAGTAG-1,BAL 02
c1_1_TGGTAGTAGGTAAACT-1,BAL 02
c1_1_TGGTAGTAGTCCCGGT-1,BAL 03
c1_1_TGGTAGTAGTGGTTCT-1,Multiplet
c1_1_TGGTAGTCAGAGGCAT-1,Multiplet
c1_1_TGGTAGTCAGATCCAT-1,BAL 01
c1_1_TGGTAGTGTACGAGCA-1,BAL 04
c1_1_TGGTAGTGTGTTGATC-1,BAL 07
c1_1_TGGTAGTGTTGTGTAC-1,Multiplet
c1_1_TGGTAGTTCAAGCCTA-1,BAL 04
c1_1_TGGTAGTTCGACGATT-1,BAL 08
c1_1_TGGTAGTTCGTGGCGT-1,Multiplet
c1_1_TGGTAGTTCTGGTTGA-1,BAL 04
c1_1_TGGTGATAGAAGAACG-1,BAL 05
c1_1_TGGTGATAGACCATAA-1,Multiplet
c1_1_TGGTGATAGAGGATCC-1,BAL 03
c1_1_TGGTGATAGAGGGTCT-1,BAL 06
c1_1_TGGTGATAGAGTCAAT-1,BAL 08
c1_1_TGGTGATCAAGTGGTG-1,BAL 02
c1_1_TGGTGATCACAAGCAG-1,BAL 02
c1_1_TGGTGATCATCAGCTA-1,BAL 05
c1_1_TGGTGATCATCAGTCA-1,BAL 07
c1_1_TGGTGATGTAAGATCA-1,BAL 06
c1_1_TGGTGATGTACACTCA-1,BAL 02
c1_1_TGGTGATGTATGGGAC-1,BAL 05
c1_1_TGGTGATGTCATGCAT-1,BAL 03
c1_1_TGGTGATGTGAAAGTT-1,BAL 05
c1_1_TGGTGATGTGGCTACC-1,BAL 06
c1_1_TGGTGATTCACACCGG-1,BAL 01
c1_1_TGGTGATTCCATCTGC-1,Multiplet
c1_1_TGGTGATTCTAACGGT-1,BAL 02
c1_1_TGGTGATTCTGCTCTG-1,BAL 03
c1_1_TGGTGATTCTGGCCGA-1,BAL 04
c1_1_TGGTGATTCTTACGTT-1,BAL 03
c1_1_TGGTTAGAGATCCCGC-1,BAL 01
c1_1_TGGTTAGAGCAGATAT-1,BAL 01
c1_1_TGGTTAGAGCCGAACA-1,BAL 08
c1_1_TGGTTAGAGTTCTCTT-1,BAL 04
c1_1_TGGTTAGCAATAAGGT-1,Multiplet
c1_1_TGGTTAGCAGAGGTTG-1,BAL 08
c1_1_TGGTTAGCAGTGACCC-1,BAL 03
c1_1_TGGTTAGCATCCCGTT-1,BAL 03
c1_1_TGGTTAGCATGTGTCA-1,BAL 04
c1_1_TGGTTAGGTACCGGAA-1,BAL 02
c1_1_TGGTTAGGTGAATAAC-1,BAL 03
c1_1_TGGTTAGGTGAGGCAT-1,BAL 03
c1_1_TGGTTAGGTGTTATCG-1,Multiplet
c1_1_TGGTTAGTCAATCAGC-1,BAL 02
c1_1_TGGTTAGTCTTCGGTC-1,BAL 05
c1_1_TGTAACGAGAATTCAG-1,BAL 02
c1_1_TGTAACGAGCCTTCTC-1,BAL 06
c1_1_TGTAACGCAAATACAG-1,BAL 08
c1_1_TGTAACGCAACCGACC-1,Multiplet
c1_1_TGTAACGCAAGGAGTC-1,Multiplet
c1_1_TGTAACGCACGCTGCA-1,BAL 07
c1_1_TGTAACGCACGTTCGG-1,BAL 01
c1_1_TGTAACGCAGTGTGCC-1,BAL 08
c1_1_TGTAACGCATGACGGA-1,BAL 02
c1_1_TGTAACGGTCCTCCTA-1,BAL 03
c1_1_TGTAACGGTGGCTAGA-1,Multiplet
c1_1_TGTAACGGTTCCTAAG-1,BAL 03
c1_1_TGTAACGGTTGACTGT-1,BAL 03
c1_1_TGTAACGGTTTAGACC-1,BAL 08
c1_1_TGTAACGTCATCTCTA-1,BAL 03
c1_1_TGTAACGTCGGAAGGT-1,BAL 06
c1_1_TGTAACGTCGTTAGTG-1,Multiplet
c1_1_TGTAAGCAGCCTCGTG-1,BAL 07
c1_1_TGTAAGCAGTCCTGTA-1,BAL 03
c1_1_TGTAAGCCAACAAGAT-1,BAL 01
c1_1_TGTAAGCCAATTTCGG-1,BAL 01
c1_1_TGTAAGCCACGTAGTT-1,BAL 06
c1_1_TGTAAGCCACTCCTTG-1,Multiplet
c1_1_TGTAAGCCAGGAGGAG-1,BAL 05
c1_1_TGTAAGCGTATCAAGA-1,BAL 03
c1_1_TGTAAGCGTATGCGGA-1,BAL 06
c1_1_TGTAAGCGTCACCTTC-1,BAL 03
c1_1_TGTAAGCGTCTGTGGC-1,BAL 01
c1_1_TGTAAGCGTGGCACTC-1,BAL 03
c1_1_TGTAAGCGTGTATTCG-1,BAL 07
c1_1_TGTAAGCTCACTACTT-1,BAL 01
c1_1_TGTAAGCTCCTCACGT-1,BAL 03
c1_1_TGTACAGAGAAGCCTG-1,BAL 06
c1_1_TGTACAGAGAGAGGGC-1,BAL 08
c1_1_TGTACAGAGAGGGTAA-1,Multiplet
c1_1_TGTACAGAGATACAGT-1,BAL 01
c1_1_TGTACAGAGCAGGCTA-1,BAL 06
c1_1_TGTACAGCAAAGACTA-1,BAL 03
c1_1_TGTACAGCAACCCTCT-1,BAL 08
c1_1_TGTACAGCAACTGGTT-1,Multiplet
c1_1_TGTACAGCACCTCTGT-1,BAL 05
c1_1_TGTACAGCAGCTACCG-1,BAL 06
c1_1_TGTACAGCATCATGAC-1,BAL 08
c1_1_TGTACAGCATCCGAGC-1,BAL 08
c1_1_TGTACAGGTGTGTGTT-1,Multiplet
c1_1_TGTACAGGTTAAGACA-1,BAL 04
c1_1_TGTACAGGTTACCTTT-1,BAL 03
c1_1_TGTACAGTCAGATTGC-1,Multiplet
c1_1_TGTACAGTCGTTATCT-1,BAL 05
c1_1_TGTACAGTCGTTCAGA-1,BAL 08
c1_1_TGTAGACAGATCCCAT-1,BAL 02
c1_1_TGTAGACAGCAGTCTT-1,BAL 05
c1_1_TGTAGACAGTCACTGT-1,BAL 02
c1_1_TGTAGACAGTGATCGG-1,BAL 05
c1_1_TGTAGACAGTTAGTGA-1,BAL 05
c1_1_TGTAGACAGTTATGGA-1,Multiplet
c1_1_TGTAGACCAAGAATGT-1,BAL 01
c1_1_TGTAGACCAAGACCGA-1,Multiplet
c1_1_TGTAGACCAAGTCCAT-1,BAL 05
c1_1_TGTAGACCACCGCTGA-1,Multiplet
c1_1_TGTAGACGTAACACCT-1,BAL 05
c1_1_TGTAGACGTACCAGAG-1,BAL 03
c1_1_TGTAGACGTCGAGTTT-1,BAL 08
c1_1_TGTAGACGTGATTCAC-1,BAL 05
c1_1_TGTAGACGTGGCTGCT-1,Multiplet
c1_1_TGTAGACGTTCTCGTC-1,BAL 02
c1_1_TGTAGACGTTTGAACC-1,BAL 03
c1_1_TGTAGACTCATGCGGC-1,BAL 08
c1_1_TGTAGACTCTCCTGTG-1,BAL 04
c1_1_TGTAGACTCTCGCAGG-1,BAL 04
c1_1_TGTCAGAAGAATACAC-1,BAL 04
c1_1_TGTCAGAAGACTGGGT-1,BAL 08
c1_1_TGTCAGAAGAGCCGAT-1,BAL 07
c1_1_TGTCAGAAGATCCGAG-1,BAL 03
c1_1_TGTCAGAAGCGTCTGC-1,BAL 05
c1_1_TGTCAGAAGCGTGAGT-1,BAL 04
c1_1_TGTCAGAAGGTAATCA-1,Multiplet
c1_1_TGTCAGAAGGTTCCGC-1,Multiplet
c1_1_TGTCAGACATATTCGG-1,BAL 06
c1_1_TGTCAGACATCTGTTT-1,BAL 06
c1_1_TGTCAGAGTCTACTGA-1,BAL 01
c1_1_TGTCAGAGTCTTCTAT-1,BAL 03
c1_1_TGTCAGAGTGACGTCC-1,BAL 02
c1_1_TGTCAGAGTTGTCATG-1,BAL 01
c1_1_TGTCAGATCACTGATG-1,BAL 08
c1_1_TGTCCACAGAATGTTG-1,BAL 02
c1_1_TGTCCACAGCTAGATA-1,BAL 03
c1_1_TGTCCACAGGGCCAAT-1,BAL 02
c1_1_TGTCCACAGGTCCAGA-1,BAL 01
c1_1_TGTCCACCACAAGGTG-1,BAL 04
c1_1_TGTCCACCACTCCTGT-1,BAL 03
c1_1_TGTCCACCACTTCATT-1,BAL 04
c1_1_TGTCCACCAGCAGTAG-1,Multiplet
c1_1_TGTCCACCAGGTTCCG-1,BAL 03
c1_1_TGTCCACCATGACTCA-1,BAL 05
c1_1_TGTCCACGTCCGGACT-1,Multiplet
c1_1_TGTCCACTCCTGGTCT-1,BAL 07
c1_1_TGTCCCAAGAACCGCA-1,BAL 03
c1_1_TGTCCCAAGACAAGCC-1,BAL 06
c1_1_TGTCCCAAGAGTCACG-1,BAL 05
c1_1_TGTCCCAAGATTCGAA-1,BAL 07
c1_1_TGTCCCAAGGCTCCCA-1,BAL 02
c1_1_TGTCCCACAAATGGAT-1,BAL 01
c1_1_TGTCCCACACCCATAA-1,BAL 08
c1_1_TGTCCCACACTCAGAT-1,Multiplet
c1_1_TGTCCCACATGTTCGA-1,BAL 08
c1_1_TGTCCCAGTAGTATAG-1,BAL 04
c1_1_TGTCCCAGTGTGTCCG-1,BAL 05
c1_1_TGTCCCATCACCGCTT-1,BAL 02
c1_1_TGTCCCATCATGTCAG-1,BAL 07
c1_1_TGTCCCATCCAGCACG-1,BAL 05
c1_1_TGTCCCATCGCAGTGC-1,BAL 03
c1_1_TGTCCTGAGAAGTCTA-1,BAL 02
c1_1_TGTCCTGCAAATTGGA-1,BAL 04
c1_1_TGTCCTGCACGAGGTA-1,BAL 03
c1_1_TGTCCTGCATATCTCT-1,BAL 04
c1_1_TGTCCTGGTAAGACCG-1,BAL 02
c1_1_TGTCCTGGTTTACCAG-1,Multiplet
c1_1_TGTCCTGTCATACGAC-1,BAL 05
c1_1_TGTCCTGTCCAAGGGA-1,Multiplet
c1_1_TGTCCTGTCCCATTCG-1,BAL 04
c1_1_TGTCCTGTCGGTAAGG-1,BAL 04
c1_1_TGTGAGTCAACACACT-1,BAL 01
c1_1_TGTGAGTCACATCATG-1,BAL 08
c1_1_TGTGAGTCACGACTAT-1,BAL 03
c1_1_TGTGAGTCAGAACTCT-1,BAL 01
c1_1_TGTGAGTCATTCTTCA-1,BAL 07
c1_1_TGTGAGTGTAGGTACG-1,BAL 05
c1_1_TGTGAGTGTATGACAA-1,BAL 06
c1_1_TGTGAGTGTCACGCTG-1,BAL 05
c1_1_TGTGAGTGTCGATTTG-1,BAL 01
c1_1_TGTGAGTGTTAGGCCC-1,BAL 05
c1_1_TGTGAGTTCGATTCCC-1,BAL 02
c1_1_TGTGATGAGACTGGGT-1,BAL 05
c1_1_TGTGATGAGGACAGTC-1,BAL 02
c1_1_TGTGATGAGGGTTAGC-1,BAL 07
c1_1_TGTGATGAGTCACTGT-1,Multiplet
c1_1_TGTGATGCACACGGAA-1,Multiplet
c1_1_TGTGATGGTAAGCAAT-1,BAL 08
c1_1_TGTGATGTCCATGAGT-1,Multiplet
c1_1_TGTGATGTCCCTTTGG-1,Multiplet
c1_1_TGTGATGTCGTCAGAT-1,BAL 03
c1_1_TGTGCGGAGAACTTCC-1,BAL 02
c1_1_TGTGCGGAGGTTCCAT-1,BAL 03
c1_1_TGTGCGGAGTGAGGCT-1,BAL 06
c1_1_TGTGCGGCATACAGCT-1,BAL 02
c1_1_TGTGCGGGTAACAAGT-1,BAL 08
c1_1_TGTGCGGGTACCCACG-1,BAL 08
c1_1_TGTGCGGGTACTGACT-1,BAL 07
c1_1_TGTGCGGGTATACCCA-1,BAL 05
c1_1_TGTGCGGGTCTAGGTT-1,BAL 03
c1_1_TGTGCGGGTGCATGTT-1,BAL 03
c1_1_TGTGCGGGTGGCTGCT-1,Multiplet
c1_1_TGTGCGGGTTGCAACT-1,BAL 05
c1_1_TGTGCGGTCAGACCTA-1,BAL 08
c1_1_TGTGCGGTCTCATTTG-1,BAL 03
c1_1_TGTGGCGAGACTCTTG-1,BAL 02
c1_1_TGTGGCGAGAGTATAC-1,BAL 03
c1_1_TGTGGCGAGCTCTTCC-1,BAL 05
c1_1_TGTGGCGAGGATTCCT-1,BAL 07
c1_1_TGTGGCGAGGTTACAA-1,BAL 04
c1_1_TGTGGCGAGTCCTACA-1,Multiplet
c1_1_TGTGGCGCACAGTCGC-1,BAL 07
c1_1_TGTGGCGCACGACCTG-1,Multiplet
c1_1_TGTGGCGCACGCTATA-1,BAL 07
c1_1_TGTGGCGCACTGTGTA-1,Multiplet
c1_1_TGTGGCGCAGCAGTAG-1,BAL 05
c1_1_TGTGGCGCAGGGAATC-1,BAL 02
c1_1_TGTGGCGCATACGCAT-1,BAL 02
c1_1_TGTGGCGGTCCACTCT-1,BAL 02
c1_1_TGTGGCGGTGGCTGAA-1,BAL 05
c1_1_TGTGGCGGTGTCGATT-1,BAL 03
c1_1_TGTGGCGGTTTCTATC-1,BAL 05
c1_1_TGTGGCGTCACTTTGT-1,BAL 05
c1_1_TGTGGCGTCCATACAG-1,BAL 03
c1_1_TGTGGCGTCCATACTT-1,BAL 05
c1_1_TGTGGCGTCTAGACAC-1,Multiplet
c1_1_TGTGTGAAGATTAGTG-1,BAL 03
c1_1_TGTGTGAAGGTGCAGT-1,BAL 08
c1_1_TGTGTGACAAATCAGA-1,BAL 03
c1_1_TGTGTGACAACGACTT-1,BAL 07
c1_1_TGTGTGACACGGAAGT-1,BAL 06
c1_1_TGTGTGACATGCCGAC-1,BAL 05
c1_1_TGTGTGAGTACAATAG-1,BAL 07
c1_1_TGTGTGAGTCTTACTT-1,BAL 03
c1_1_TGTGTGATCAAAGGAT-1,BAL 06
c1_1_TGTGTGATCACTGTCC-1,BAL 06
c1_1_TGTGTGATCATGTCAG-1,Multiplet
c1_1_TGTGTGATCTCTAAGG-1,Multiplet
c1_1_TGTTACTAGAATCGCG-1,BAL 02
c1_1_TGTTACTAGACGAAGA-1,BAL 06
c1_1_TGTTACTAGACGGAAA-1,BAL 01
c1_1_TGTTACTAGCGCCGTT-1,BAL 02
c1_1_TGTTACTAGCTCCCTT-1,BAL 05
c1_1_TGTTACTAGGACTATA-1,BAL 02
c1_1_TGTTACTCAATCGCAT-1,BAL 07
c1_1_TGTTACTCAGTTGAAA-1,BAL 01
c1_1_TGTTACTCATATGAAG-1,BAL 02
c1_1_TGTTACTCATGTGTCA-1,BAL 07
c1_1_TGTTACTGTACCCACG-1,BAL 02
c1_1_TGTTACTGTACCTAAC-1,BAL 04
c1_1_TGTTACTGTAGACACG-1,BAL 05
c1_1_TGTTACTGTCCATCTC-1,BAL 05
c1_1_TGTTACTGTGGACTAG-1,Multiplet
c1_1_TGTTACTGTGTCCGTG-1,BAL 08
c1_1_TGTTACTGTTTACGTG-1,BAL 05
c1_1_TGTTACTTCGCTCTCA-1,BAL 04
c1_1_TGTTCATCACAACGCC-1,BAL 02
c1_1_TGTTCATCACATGAAA-1,BAL 05
c1_1_TGTTCATGTCAAAGAT-1,Multiplet
c1_1_TGTTCATGTCAATCTG-1,BAL 06
c1_1_TGTTCATGTCGACTTA-1,Multiplet
c1_1_TGTTCATGTCTACATG-1,BAL 08
c1_1_TGTTCATGTGAACCGA-1,BAL 06
c1_1_TGTTCATTCTATACGG-1,Multiplet
c1_1_TGTTCCGAGATACGAT-1,BAL 02
c1_1_TGTTCCGAGCCACCGT-1,BAL 07
c1_1_TGTTCCGAGCGATGGT-1,BAL 03
c1_1_TGTTCCGAGGTAAACT-1,BAL 07
c1_1_TGTTCCGAGTATGACA-1,Multiplet
c1_1_TGTTCCGCACAGTATC-1,BAL 08
c1_1_TGTTCCGCACTCCGAG-1,BAL 03
c1_1_TGTTCCGCAGGTAGTG-1,BAL 07
c1_1_TGTTCCGCATAGGAGC-1,BAL 05
c1_1_TGTTCCGGTACGAGCA-1,BAL 06
c1_1_TGTTCCGTCATCTGTT-1,BAL 05
c1_1_TGTTCCGTCCCTTGGT-1,BAL 07
c1_1_TGTTCCGTCTCTTCAA-1,BAL 01
c1_1_TGTTCTAAGGCCATAG-1,Multiplet
c1_1_TGTTCTACACGTAACT-1,Multiplet
c1_1_TGTTCTACATCTTAGG-1,BAL 03
c1_1_TGTTCTAGTACGGTTT-1,BAL 03
c1_1_TGTTCTAGTAGATCGG-1,BAL 01
c1_1_TGTTCTAGTAGGCTCC-1,BAL 04
c1_1_TGTTCTAGTCGCTTAA-1,BAL 02
c1_1_TGTTCTAGTGTCATCA-1,BAL 03
c1_1_TGTTCTAGTTGTGCCG-1,BAL 02
c1_1_TGTTCTATCATGCCAA-1,BAL 02
c1_1_TGTTCTATCTTAGGAC-1,BAL 07
c1_1_TGTTGAGAGACAACAT-1,BAL 04
c1_1_TGTTGAGAGGTATCTC-1,BAL 08
c1_1_TGTTGAGAGTCTGCGC-1,BAL 01
c1_1_TGTTGAGCACGTAGTT-1,BAL 01
c1_1_TGTTGAGCAGACCATT-1,BAL 03
c1_1_TGTTGAGCAGAGAAAG-1,BAL 07
c1_1_TGTTGAGGTGTATTCG-1,BAL 03
c1_1_TGTTGAGGTGTCTTCC-1,BAL 07
c1_1_TGTTGAGGTTGCAACT-1,BAL 03
c1_1_TGTTGAGTCAAATGCC-1,BAL 04
c1_1_TGTTGAGTCTGAGATC-1,BAL 07
c1_1_TGTTGAGTCTTGCAGA-1,Multiplet
c1_1_TGTTGGAAGTGATCGG-1,BAL 05
c1_1_TGTTGGACAATTGCCA-1,BAL 08
c1_1_TGTTGGAGTCACTAGT-1,BAL 01
c1_1_TGTTGGAGTCTAACTG-1,BAL 07
c1_1_TGTTGGAGTGACGCCT-1,Multiplet
c1_1_TGTTGGAGTGTGTCGC-1,BAL 02
c1_1_TGTTGGATCTGTGTGA-1,BAL 04
c1_1_TGTTTGTAGAGGTTTA-1,BAL 06
c1_1_TGTTTGTAGATCCGAG-1,BAL 01
c1_1_TGTTTGTAGCCTATCA-1,Multiplet
c1_1_TGTTTGTAGCGGACAT-1,BAL 06
c1_1_TGTTTGTAGTCCGCCA-1,Multiplet
c1_1_TGTTTGTCAAACAGGC-1,BAL 06
c1_1_TGTTTGTCAAGCTACT-1,BAL 03
c1_1_TGTTTGTCACAGCGCT-1,BAL 06
c1_1_TGTTTGTCATACAGCT-1,BAL 05
c1_1_TGTTTGTCATCAGCGC-1,BAL 08
c1_1_TGTTTGTCATTAAGCC-1,BAL 02
c1_1_TGTTTGTGTCCTCCTA-1,BAL 03
c1_1_TGTTTGTGTTGGTGTT-1,BAL 05
c1_1_TGTTTGTTCCAGGACC-1,Multiplet
c1_1_TGTTTGTTCCTACGAA-1,BAL 01
c1_1_TTAATCCAGTCTAGAA-1,BAL 03
c1_1_TTAATCCCAAACCATC-1,BAL 06
c1_1_TTAATCCGTAGCTTAC-1,BAL 04
c1_1_TTAATCCGTTGGAGGT-1,BAL 01
c1_1_TTAATCCGTTTGGGAG-1,BAL 07
c1_1_TTAATCCTCCTCTGCA-1,Multiplet
c1_1_TTAATCCTCCTTACCG-1,BAL 07
c1_1_TTAATCCTCTGATTCT-1,BAL 02
c1_1_TTACAGGAGGTTCATC-1,Multiplet
c1_1_TTACAGGCAATTGGTC-1,BAL 04
c1_1_TTACAGGCACTGGACC-1,BAL 08
c1_1_TTACAGGCATAGAATG-1,BAL 05
c1_1_TTACAGGCATCGCTAA-1,BAL 04
c1_1_TTACAGGGTACTGAGG-1,BAL 05
c1_1_TTACAGGTCGACATTG-1,BAL 04
c1_1_TTACAGGTCTGAGGTT-1,BAL 08
c1_1_TTACCATAGAGACAAG-1,BAL 02
c1_1_TTACCATAGGAAGTAG-1,BAL 02
c1_1_TTACCATAGGTGCGAT-1,BAL 05
c1_1_TTACCATCAACGGGTA-1,Multiplet
c1_1_TTACCATCAATTCTCT-1,BAL 08
c1_1_TTACCATCACCAGCCA-1,BAL 08
c1_1_TTACCATCAGTCTACA-1,BAL 01
c1_1_TTACCATCAGTCTCTC-1,BAL 08
c1_1_TTACCATGTCTTGTCC-1,Multiplet
c1_1_TTACCATGTTAGTCGT-1,BAL 08
c1_1_TTACCATTCACGGACC-1,BAL 02
c1_1_TTACCGCAGTGCCCGT-1,BAL 04
c1_1_TTACCGCGTACGGCAA-1,BAL 06
c1_1_TTACCGCGTTCTCTCG-1,Multiplet
c1_1_TTACCGCTCCGTTGGG-1,BAL 08
c1_1_TTACCGCTCGAGAATA-1,BAL 01
c1_1_TTACGCCAGAGGCGTT-1,BAL 05
c1_1_TTACGCCAGCGTTCAT-1,BAL 07
c1_1_TTACGCCAGCTGGCTC-1,BAL 06
c1_1_TTACGCCAGGACAGCT-1,BAL 03
c1_1_TTACGCCCAAGGCTTT-1,BAL 07
c1_1_TTACGCCCACCATTCC-1,BAL 07
c1_1_TTACGCCCACTGGAAG-1,BAL 07
c1_1_TTACGCCCAGGTACGA-1,BAL 03
c1_1_TTACGCCCATATCTCT-1,BAL 06
c1_1_TTACGCCGTATCAGCT-1,BAL 02
c1_1_TTACGCCGTGAGCCAA-1,BAL 06
c1_1_TTACGCCTCAATCCAG-1,BAL 03
c1_1_TTACGCCTCTGGTGCG-1,BAL 03
c1_1_TTACGTTAGACCAGAC-1,BAL 05
c1_1_TTACGTTAGCCTGACC-1,BAL 02
c1_1_TTACGTTAGCGAGTAC-1,BAL 08
c1_1_TTACGTTAGTGGTTAA-1,BAL 03
c1_1_TTACGTTCAAATCAGA-1,BAL 06
c1_1_TTACGTTCAAATTAGG-1,BAL 05
c1_1_TTACGTTCACTGGACC-1,BAL 06
c1_1_TTACGTTCAGTAACGG-1,BAL 05
c1_1_TTACGTTCATACACCA-1,BAL 05
c1_1_TTACGTTCATAGAAAC-1,BAL 01
c1_1_TTACGTTCATCCAATG-1,Multiplet
c1_1_TTACGTTGTCACTCGG-1,BAL 02
c1_1_TTACGTTGTCCGAAAG-1,BAL 08
c1_1_TTACGTTTCCTCCACA-1,BAL 06
c1_1_TTACGTTTCGTCTCAC-1,BAL 02
c1_1_TTACGTTTCTTGTTAC-1,BAL 08
c1_1_TTACTGTAGAATACAC-1,BAL 04
c1_1_TTACTGTAGACCTTTG-1,Multiplet
c1_1_TTACTGTAGAGGTCAC-1,BAL 08
c1_1_TTACTGTAGCAGGCTA-1,BAL 02
c1_1_TTACTGTAGCCTCTGG-1,BAL 08
c1_1_TTACTGTAGCGTGTCC-1,Multiplet
c1_1_TTACTGTAGTCAGAGC-1,BAL 05
c1_1_TTACTGTGTGGAGGTT-1,Multiplet
c1_1_TTACTGTGTGTCCTAA-1,Multiplet
c1_1_TTACTGTGTTAAGTCC-1,BAL 08
c1_1_TTACTGTTCCGTCAAA-1,BAL 03
c1_1_TTACTGTTCGAACCAT-1,BAL 01
c1_1_TTACTGTTCGGCCTTT-1,BAL 05
c1_1_TTACTGTTCGTGGTAT-1,BAL 04
c1_1_TTAGGCAAGCCAAGGT-1,BAL 03
c1_1_TTAGGCAAGGAGCAAA-1,BAL 06
c1_1_TTAGGCAAGTGCTACT-1,BAL 02
c1_1_TTAGGCACACCAATTG-1,BAL 03
c1_1_TTAGGCACACTACGGC-1,BAL 01
c1_1_TTAGGCACATTCTGTT-1,BAL 04
c1_1_TTAGGCAGTCGAGATG-1,BAL 02
c1_1_TTAGGCATCGTTCTCG-1,BAL 03
c1_1_TTAGGCATCGTTGTTT-1,BAL 05
c1_1_TTAGGGTAGAGGTGCT-1,BAL 04
c1_1_TTAGGGTAGATGATTG-1,BAL 06
c1_1_TTAGGGTAGGGTACGT-1,BAL 05
c1_1_TTAGGGTAGGTAGACC-1,BAL 08
c1_1_TTAGGGTAGGTTGGAC-1,BAL 03
c1_1_TTAGGGTAGTAATCCC-1,BAL 08
c1_1_TTAGGGTAGTCAAGCG-1,BAL 04
c1_1_TTAGGGTCACAAAGTA-1,BAL 05
c1_1_TTAGGGTCAGATTAAG-1,Multiplet
c1_1_TTAGGGTCAGCGTATT-1,BAL 02
c1_1_TTAGGGTCAGGATCTT-1,Multiplet
c1_1_TTAGGGTTCACCTACC-1,BAL 02
c1_1_TTAGGGTTCATTGTGG-1,BAL 02
c1_1_TTAGGGTTCTAAGCCA-1,BAL 02
c1_1_TTAGGGTTCTACACAG-1,Multiplet
c1_1_TTAGTCTAGGCGAACT-1,BAL 01
c1_1_TTAGTCTAGGTAGCCA-1,BAL 02
c1_1_TTAGTCTAGGTTTACC-1,BAL 01
c1_1_TTAGTCTCAATGTTGC-1,BAL 06
c1_1_TTAGTCTCATATGGCT-1,BAL 03
c1_1_TTAGTCTGTCAATGGG-1,BAL 02
c1_1_TTAGTCTGTCCAAGAG-1,BAL 03
c1_1_TTAGTCTGTTAGGGAC-1,Multiplet
c1_1_TTAGTCTTCATTTCCA-1,Multiplet
c1_1_TTAGTCTTCCATTCGC-1,BAL 07
c1_1_TTAGTCTTCCATTGTT-1,BAL 08
c1_1_TTAGTCTTCTACTTCA-1,Multiplet
c1_1_TTAGTCTTCTTACGGA-1,Multiplet
c1_1_TTATTGCAGTCGGGAT-1,Multiplet
c1_1_TTATTGCCACGTCGTG-1,BAL 04
c1_1_TTATTGCCATCCTTGC-1,BAL 05
c1_1_TTATTGCGTAGACAAT-1,BAL 05
c1_1_TTATTGCGTGATGAAT-1,BAL 01
c1_1_TTATTGCGTTCTAACG-1,BAL 06
c1_1_TTATTGCTCACATCAG-1,Multiplet
c1_1_TTATTGCTCGTTCTGC-1,BAL 05
c1_1_TTCAATCCAAGGTACG-1,BAL 05
c1_1_TTCAATCCAAGGTCGA-1,BAL 02
c1_1_TTCAATCGTACTGGGA-1,Multiplet
c1_1_TTCAATCGTCGCTGCA-1,BAL 07
c1_1_TTCAATCGTTTACCTT-1,Multiplet
c1_1_TTCACCGAGAAACCAT-1,BAL 07
c1_1_TTCACCGAGAAATGGG-1,BAL 05
c1_1_TTCACCGAGATAACGT-1,BAL 05
c1_1_TTCACCGAGGACCCAA-1,BAL 02
c1_1_TTCACCGAGGAGCAAA-1,BAL 02
c1_1_TTCACCGAGTCAGAGC-1,BAL 05
c1_1_TTCACCGAGTGGTGAC-1,BAL 06
c1_1_TTCACCGCAAGTCCCG-1,BAL 07
c1_1_TTCACCGCAATCTCGA-1,Multiplet
c1_1_TTCACCGCATCTCATT-1,BAL 01
c1_1_TTCACCGGTCATTCCC-1,Multiplet
c1_1_TTCACCGGTCTAGGTT-1,BAL 06
c1_1_TTCACCGGTGAATGTA-1,BAL 07
c1_1_TTCACCGGTGTCCACG-1,BAL 08
c1_1_TTCACCGTCAATGTCG-1,BAL 02
c1_1_TTCACCGTCCGTGTCT-1,Multiplet
c1_1_TTCACCGTCCTCTTTC-1,Multiplet
c1_1_TTCACCGTCTTGCGCT-1,BAL 06
c1_1_TTCACCGTCTTGGTCC-1,Multiplet
c1_1_TTCACGCAGAGTTGAT-1,BAL 05
c1_1_TTCACGCAGGTAAGAG-1,BAL 08
c1_1_TTCACGCAGTCCTACA-1,BAL 07
c1_1_TTCACGCAGTGGACTG-1,BAL 02
c1_1_TTCACGCCACACCAGC-1,Multiplet
c1_1_TTCACGCCAGATCCTA-1,BAL 02
c1_1_TTCACGCGTACAGGTG-1,BAL 07
c1_1_TTCACGCGTTGGATCT-1,BAL 08
c1_1_TTCACGCTCCTCTGCA-1,Multiplet
c1_1_TTCACGCTCCTTACCG-1,BAL 05
c1_1_TTCAGGAAGCCTCTTC-1,BAL 03
c1_1_TTCAGGAAGGGATCGT-1,BAL 04
c1_1_TTCAGGAAGTCCCGAC-1,BAL 06
c1_1_TTCAGGACATTGACTG-1,BAL 02
c1_1_TTCAGGATCAAAGAAC-1,BAL 02
c1_1_TTCAGGATCCACTGGG-1,Multiplet
c1_1_TTCAGGATCTTGATTC-1,BAL 05
c1_1_TTCATGTAGAATCGAT-1,Multiplet
c1_1_TTCATGTAGACTGTTC-1,BAL 06
c1_1_TTCATGTAGCATCCCG-1,BAL 01
c1_1_TTCATGTAGCCTTTCC-1,BAL 03
c1_1_TTCATGTAGTGAACAT-1,BAL 03
c1_1_TTCATGTCACATGACT-1,BAL 08
c1_1_TTCATGTCAGCGTACC-1,BAL 05
c1_1_TTCATGTCATCGGAAG-1,BAL 05
c1_1_TTCATGTCATCTCAAG-1,BAL 06
c1_1_TTCATGTGTCAGACGA-1,BAL 06
c1_1_TTCATGTGTCGTGTTA-1,BAL 08
c1_1_TTCATGTGTGCCGTAC-1,BAL 04
c1_1_TTCATGTTCAAGAATG-1,BAL 07
c1_1_TTCATGTTCCATACTT-1,BAL 05
c1_1_TTCATGTTCGGCCTTT-1,BAL 05
c1_1_TTCATGTTCTCTGGTC-1,Multiplet
c1_1_TTCATTGAGAAGCTCG-1,BAL 03
c1_1_TTCATTGAGCTCGCAC-1,BAL 08
c1_1_TTCATTGAGTCGCCAC-1,Multiplet
c1_1_TTCATTGAGTGAGGTC-1,BAL 05
c1_1_TTCATTGCAAGTTCCA-1,BAL 02
c1_1_TTCATTGCAGCGTAGA-1,BAL 03
c1_1_TTCATTGGTCCACTTC-1,BAL 04
c1_1_TTCATTGGTGCGTCGT-1,Multiplet
c1_1_TTCATTGTCATGAGTC-1,BAL 03
c1_1_TTCATTGTCCCGTGTT-1,BAL 06
c1_1_TTCATTGTCGTGTTCC-1,BAL 03
c1_1_TTCATTGTCTGTGTGA-1,BAL 05
c1_1_TTCCAATCACATTCGA-1,Multiplet
c1_1_TTCCAATCACTAGTAC-1,BAL 02
c1_1_TTCCAATGTGAATATG-1,Multiplet
c1_1_TTCCAATGTGGCACTC-1,BAL 02
c1_1_TTCCAATTCAAGTAAG-1,BAL 02
c1_1_TTCCAATTCAGGAACG-1,BAL 08
c1_1_TTCCACGCACACCAGC-1,BAL 01
c1_1_TTCCACGCACTGCGAC-1,BAL 05
c1_1_TTCCACGCACTGTCGG-1,BAL 05
c1_1_TTCCACGCATCGGAAG-1,BAL 05
c1_1_TTCCACGGTAAGGTCG-1,BAL 03
c1_1_TTCCACGGTCGGAACA-1,BAL 06
c1_1_TTCCACGGTGTACGCC-1,BAL 01
c1_1_TTCCACGTCCTCTCGA-1,BAL 05
c1_1_TTCCACGTCGAAGGAC-1,BAL 03
c1_1_TTCCACGTCTATTCGT-1,Multiplet
c1_1_TTCCGGTGTCATCCGG-1,BAL 07
c1_1_TTCCGGTGTCCGGCAT-1,BAL 07
c1_1_TTCCGGTTCATTGAGC-1,BAL 04
c1_1_TTCCGGTTCCCTGGTT-1,BAL 05
c1_1_TTCCGGTTCTCTCTTC-1,BAL 06
c1_1_TTCCGTGAGAATCCCT-1,BAL 07
c1_1_TTCCGTGAGACAACAT-1,Multiplet
c1_1_TTCCGTGAGCATTTGC-1,BAL 08
c1_1_TTCCGTGAGCGTCAAG-1,BAL 08
c1_1_TTCCGTGAGGGAGATA-1,BAL 03
c1_1_TTCCGTGAGGTAAGGA-1,BAL 02
c1_1_TTCCGTGAGTCACGAG-1,BAL 03
c1_1_TTCCGTGAGTGCACCC-1,BAL 06
c1_1_TTCCGTGCAACTGTGT-1,Multiplet
c1_1_TTCCGTGCAATTGGTC-1,BAL 06
c1_1_TTCCGTGCACACTGGC-1,BAL 06
c1_1_TTCCGTGCACTTCATT-1,BAL 05
c1_1_TTCCGTGCAGATACTC-1,BAL 08
c1_1_TTCCGTGGTACTAACC-1,BAL 07
c1_1_TTCCGTGGTCTTGAAC-1,BAL 02
c1_1_TTCCGTGGTGCAAGAC-1,BAL 02
c1_1_TTCCGTGTCCACTTCG-1,BAL 02
c1_1_TTCCGTGTCCCGAATA-1,Multiplet
c1_1_TTCCGTGTCTATTTCG-1,Negative
c1_1_TTCCGTGTCTCGGGAC-1,Negative
c1_1_TTCCTAACAAGGAGTC-1,BAL 08
c1_1_TTCCTAACAATAGAGT-1,BAL 07
c1_1_TTCCTAACAATGCAGG-1,Multiplet
c1_1_TTCCTAACACGGTGCT-1,BAL 03
c1_1_TTCCTAACACTGTGTA-1,BAL 05
c1_1_TTCCTAACATATGCGT-1,BAL 08
c1_1_TTCCTAACATGGAATA-1,BAL 01
c1_1_TTCCTAAGTGTTCAGT-1,Multiplet
c1_1_TTCCTAAGTTATCCAG-1,BAL 05
c1_1_TTCCTAAGTTCTCTAT-1,BAL 01
c1_1_TTCCTAATCAACACGT-1,BAL 01
c1_1_TTCCTAATCACGGTCG-1,BAL 02
c1_1_TTCCTAATCAGCTGAT-1,BAL 03
c1_1_TTCCTAATCGTTTACT-1,BAL 06
c1_1_TTCCTAATCTAAGCGT-1,BAL 04
c1_1_TTCCTAATCTCCGAGG-1,BAL 05
c1_1_TTCCTCTAGCTACTAC-1,BAL 07
c1_1_TTCCTCTAGTGATCGG-1,BAL 05
c1_1_TTCCTCTCAAGAATAC-1,Multiplet
c1_1_TTCCTCTCAATATCCG-1,Multiplet
c1_1_TTCCTCTCAATGTGGG-1,BAL 08
c1_1_TTCCTCTCAGAATTCC-1,BAL 06
c1_1_TTCCTCTCATTAGGCT-1,BAL 06
c1_1_TTCCTCTGTGGTAATA-1,Multiplet
c1_1_TTCCTCTGTTGGCCTG-1,Multiplet
c1_1_TTCCTCTGTTTAGACC-1,BAL 03
c1_1_TTCCTTCAGACATAGT-1,BAL 06
c1_1_TTCCTTCAGGATCATA-1,Multiplet
c1_1_TTCCTTCAGGATTTAG-1,Multiplet
c1_1_TTCCTTCAGGCCTAAG-1,BAL 07
c1_1_TTCCTTCAGTAAGGGA-1,BAL 07
c1_1_TTCCTTCAGTACTGTC-1,BAL 02
c1_1_TTCCTTCAGTAGCATA-1,BAL 03
c1_1_TTCCTTCAGTCACAGG-1,Negative
c1_1_TTCCTTCCACTAGAGG-1,BAL 05
c1_1_TTCCTTCCAGACCATT-1,BAL 05
c1_1_TTCCTTCGTAAGCAAT-1,BAL 01
c1_1_TTCCTTCGTATGTCAC-1,BAL 05
c1_1_TTCCTTCGTGACTCGC-1,BAL 03
c1_1_TTCCTTCGTTCTTGTT-1,BAL 03
c1_1_TTCCTTCGTTGTACGT-1,BAL 06
c1_1_TTCCTTCTCCTACCGT-1,BAL 02
c1_1_TTCGATTAGCTAGAAT-1,BAL 04
c1_1_TTCGATTAGTCACGAG-1,BAL 05
c1_1_TTCGATTAGTCTAACC-1,BAL 05
c1_1_TTCGATTCAAGAAATC-1,BAL 02
c1_1_TTCGATTCAAGTGGGT-1,BAL 03
c1_1_TTCGATTCACAACATC-1,BAL 05
c1_1_TTCGATTCACAGTCGC-1,Multiplet
c1_1_TTCGATTCACCGTGAC-1,BAL 04
c1_1_TTCGATTCACTCCTTG-1,BAL 07
c1_1_TTCGATTCAGCGACCT-1,BAL 02
c1_1_TTCGATTCAGGCGAAT-1,BAL 07
c1_1_TTCGATTGTTAGGGTG-1,BAL 03
c1_1_TTCGATTTCCCAAGTA-1,BAL 02
c1_1_TTCGATTTCGGTTCAA-1,BAL 03
c1_1_TTCGATTTCTCCTGTG-1,BAL 03
c1_1_TTCGCTGAGCGACAGT-1,BAL 04
c1_1_TTCGCTGAGGCATGGT-1,BAL 08
c1_1_TTCGCTGAGGCTGTAG-1,BAL 05
c1_1_TTCGCTGCAGACACAG-1,BAL 06
c1_1_TTCGCTGCATCCAACA-1,Multiplet
c1_1_TTCGCTGCATCTCAAG-1,BAL 07
c1_1_TTCGCTGGTGGACAGT-1,BAL 08
c1_1_TTCGCTGGTGGCCCAT-1,Multiplet
c1_1_TTCGCTGGTGTCATTG-1,BAL 04
c1_1_TTCGCTGGTGTCTTCC-1,BAL 07
c1_1_TTCGCTGGTTCTTGCC-1,Multiplet
c1_1_TTCGCTGTCATCTCTA-1,BAL 05
c1_1_TTCGCTGTCGACATTG-1,BAL 07
c1_1_TTCGCTGTCGTAGGAG-1,BAL 03
c1_1_TTCGGTCAGGGAGTGG-1,BAL 04
c1_1_TTCGGTCAGTAACGAT-1,Multiplet
c1_1_TTCGGTCCACACACTA-1,BAL 07
c1_1_TTCGGTCCATCGATAC-1,BAL 05
c1_1_TTCGGTCCATGGAAGC-1,BAL 05
c1_1_TTCGGTCGTACCGGCT-1,BAL 06
c1_1_TTCGGTCGTTCATCGA-1,BAL 06
c1_1_TTCGGTCTCGTAGGAG-1,Multiplet
c1_1_TTCTAACCAAACACGG-1,BAL 01
c1_1_TTCTAACCACTGGATT-1,BAL 02
c1_1_TTCTAACCAGTTCTAG-1,Multiplet
c1_1_TTCTAACCATAACAGA-1,BAL 02
c1_1_TTCTAACGTCACTCTC-1,BAL 05
c1_1_TTCTAACGTCCATAGT-1,BAL 01
c1_1_TTCTAACGTCGAACGA-1,BAL 08
c1_1_TTCTAACTCACACCGG-1,BAL 01
c1_1_TTCTAACTCACGAGGA-1,BAL 02
c1_1_TTCTAACTCCTCACTG-1,BAL 03
c1_1_TTCTAACTCGGAAACG-1,BAL 07
c1_1_TTCTAGTAGATGGCGT-1,Multiplet
c1_1_TTCTAGTAGGAAGAAC-1,BAL 05
c1_1_TTCTAGTCATAGATCC-1,Multiplet
c1_1_TTCTAGTCATGTGACT-1,BAL 02
c1_1_TTCTAGTGTATCGAGG-1,BAL 04
c1_1_TTCTAGTGTCAACGCC-1,Multiplet
c1_1_TTCTAGTGTGAGTGAC-1,BAL 05
c1_1_TTCTAGTTCACGATAC-1,BAL 07
c1_1_TTCTAGTTCAGGACGA-1,BAL 02
c1_1_TTCTAGTTCGCTTGAA-1,BAL 02
c1_1_TTCTAGTTCTGTGCGG-1,BAL 05
c1_1_TTCTCTCAGAATAGTC-1,BAL 07
c1_1_TTCTCTCAGGAGCAAA-1,BAL 07
c1_1_TTCTCTCAGGCCTGAA-1,Multiplet
c1_1_TTCTCTCAGGCTCTAT-1,BAL 08
c1_1_TTCTCTCAGTCTAGAA-1,BAL 05
c1_1_TTCTCTCAGTGACACG-1,BAL 08
c1_1_TTCTCTCCAAGAGTGC-1,BAL 03
c1_1_TTCTCTCCACATTACG-1,BAL 02
c1_1_TTCTCTCCAGGACGAT-1,BAL 05
c1_1_TTCTCTCCAGTCGGAA-1,BAL 04
c1_1_TTCTCTCCATTACTCT-1,BAL 05
c1_1_TTCTCTCGTACAGGTG-1,BAL 08
c1_1_TTCTCTCGTACAGTAA-1,BAL 07
c1_1_TTCTCTCGTGCTCCGA-1,BAL 02
c1_1_TTCTCTCTCAACCCGG-1,BAL 07
c1_1_TTCTCTCTCTGCAGCG-1,BAL 05
c1_1_TTCTCTCTCTGGGCCA-1,BAL 04
c1_1_TTCTGTAAGGCCTGAA-1,BAL 08
c1_1_TTCTGTAAGGTACCTT-1,BAL 06
c1_1_TTCTGTACAGGGAGAG-1,BAL 04
c1_1_TTCTGTACATACAGCT-1,BAL 05
c1_1_TTCTGTAGTAGGAGGG-1,BAL 07
c1_1_TTCTGTAGTCAGACTT-1,BAL 03
c1_1_TTCTGTAGTCAGGTAG-1,BAL 06
c1_1_TTCTGTAGTGAGTTTC-1,BAL 01
c1_1_TTCTGTAGTTGATGTC-1,BAL 05
c1_1_TTCTGTATCTACCCAC-1,BAL 04
c1_1_TTCTGTATCTATACGG-1,BAL 05
c1_1_TTCTTCCAGAAGCGGG-1,BAL 07
c1_1_TTCTTCCAGCCTATTG-1,BAL 04
c1_1_TTCTTCCAGGTTCCAT-1,BAL 02
c1_1_TTCTTCCCAGTCGGAA-1,BAL 08
c1_1_TTCTTCCGTCCTACGG-1,BAL 04
c1_1_TTCTTCCGTCTTACTT-1,Multiplet
c1_1_TTCTTCCTCCAATGCA-1,BAL 01
c1_1_TTCTTCCTCTTCCCAG-1,BAL 03
c1_1_TTCTTGAGTAACACCT-1,BAL 04
c1_1_TTCTTGAGTGGACCAA-1,BAL 08
c1_1_TTCTTGATCCAACACA-1,BAL 03
c1_1_TTCTTGATCCTACTGC-1,Multiplet
c1_1_TTCTTGATCTAACGCA-1,BAL 05
c1_1_TTCTTGATCTGCTTAT-1,BAL 02
c1_1_TTGAACGCAAATCAGA-1,BAL 03
c1_1_TTGAACGCACGGTCTG-1,BAL 03
c1_1_TTGAACGGTCCCGGTA-1,BAL 04
c1_1_TTGAACGGTCGGAAAC-1,BAL 05
c1_1_TTGAACGGTGACCGAA-1,BAL 03
c1_1_TTGAACGGTGAGCAGT-1,BAL 05
c1_1_TTGAACGGTTAAACCC-1,BAL 04
c1_1_TTGAACGTCTGCGATA-1,BAL 07
c1_1_TTGACCCAGAATCGTA-1,BAL 03
c1_1_TTGACCCAGCAGCAGT-1,BAL 05
c1_1_TTGACCCAGCGGGTAT-1,BAL 01
c1_1_TTGACCCCATTGTGCA-1,BAL 04
c1_1_TTGACCCGTATGATCC-1,BAL 02
c1_1_TTGACCCGTCCAGCGT-1,BAL 02
c1_1_TTGACCCGTCGCACGT-1,BAL 04
c1_1_TTGACCCGTTTCGCTC-1,BAL 07
c1_1_TTGACCCTCGAAGAAT-1,BAL 07
c1_1_TTGACCCTCGTAGTCA-1,BAL 08
c1_1_TTGAGTGAGGCATGCA-1,BAL 02
c1_1_TTGAGTGAGGTTAAAC-1,Multiplet
c1_1_TTGAGTGAGTTGGACG-1,Multiplet
c1_1_TTGAGTGCAGCAGACA-1,BAL 06
c1_1_TTGAGTGGTCGCGTCA-1,BAL 06
c1_1_TTGAGTGGTGTCATTG-1,BAL 01
c1_1_TTGAGTGTCACGGGCT-1,BAL 03
c1_1_TTGATGGAGCAACAAT-1,Multiplet
c1_1_TTGATGGAGGCAGTCA-1,BAL 04
c1_1_TTGATGGAGGTTCCAT-1,BAL 01
c1_1_TTGATGGAGTGCCCGT-1,BAL 01
c1_1_TTGATGGAGTGTCATC-1,Multiplet
c1_1_TTGATGGAGTTGCATC-1,BAL 06
c1_1_TTGATGGCATGAAGGC-1,Multiplet
c1_1_TTGATGGCATGGCCAC-1,BAL 05
c1_1_TTGATGGGTATCTCGA-1,BAL 06
c1_1_TTGATGGGTCACCACG-1,BAL 06
c1_1_TTGATGGGTCTCCCTA-1,BAL 07
c1_1_TTGATGGGTGAGATCG-1,BAL 02
c1_1_TTGATGGGTGCGGCTT-1,BAL 03
c1_1_TTGATGGGTTCAAGTC-1,BAL 07
c1_1_TTGATGGTCAGGCGAA-1,Multiplet
c1_1_TTGATGGTCCACGTGG-1,BAL 06
c1_1_TTGATGGTCGGCTATA-1,BAL 08
c1_1_TTGCATTAGGAGCAAA-1,Multiplet
c1_1_TTGCATTAGTCACACT-1,BAL 02
c1_1_TTGCATTCAGAACCGA-1,BAL 01
c1_1_TTGCATTCAGGCTCTG-1,BAL 01
c1_1_TTGCATTCAGGTGTTT-1,BAL 02
c1_1_TTGCATTGTAGGTACG-1,BAL 06
c1_1_TTGCATTGTGGTTTAC-1,Multiplet
c1_1_TTGCATTTCAGTGTCA-1,BAL 06
c1_1_TTGCATTTCCACGTCT-1,BAL 07
c1_1_TTGCATTTCCTGGGAC-1,BAL 02
c1_1_TTGCATTTCGTAATGC-1,BAL 03
c1_1_TTGCCTGAGCATTGTC-1,Multiplet
c1_1_TTGCCTGAGCGACTTT-1,BAL 07
c1_1_TTGCCTGAGGAAAGTG-1,BAL 03
c1_1_TTGCCTGAGTTGCGCC-1,Multiplet
c1_1_TTGCCTGCAAGTTTGC-1,BAL 05
c1_1_TTGCCTGCACATTCGA-1,BAL 05
c1_1_TTGCCTGCACCTATCC-1,BAL 07
c1_1_TTGCCTGCACTACGGC-1,BAL 02
c1_1_TTGCCTGCAGGACATG-1,BAL 01
c1_1_TTGCCTGCATACGCAT-1,Multiplet
c1_1_TTGCCTGGTAATGCTC-1,BAL 04
c1_1_TTGCCTGGTACCTATG-1,BAL 02
c1_1_TTGCCTGGTCCGTACG-1,Multiplet
c1_1_TTGCCTGGTGGTCCGT-1,BAL 03
c1_1_TTGCCTGGTTGCATTG-1,BAL 02
c1_1_TTGCCTGGTTGCTAGT-1,BAL 07
c1_1_TTGCCTGTCAACTGAC-1,BAL 07
c1_1_TTGCCTGTCGAGTGGA-1,BAL 01
c1_1_TTGCCTGTCTCGGCTT-1,BAL 02
c1_1_TTGCGTCAGCAATTAG-1,Multiplet
c1_1_TTGCGTCAGGCACCAA-1,BAL 06
c1_1_TTGCGTCAGGCAGCTA-1,BAL 01
c1_1_TTGCGTCAGGCATCTT-1,BAL 03
c1_1_TTGCGTCCACACGGTC-1,BAL 02
c1_1_TTGCGTCCAGGTAGTG-1,BAL 03
c1_1_TTGCGTCCAGTCTTCC-1,BAL 04
c1_1_TTGCGTCGTAACTTCG-1,BAL 06
c1_1_TTGCGTCGTTACGATC-1,BAL 08
c1_1_TTGCGTCGTTGGGCCT-1,Multiplet
c1_1_TTGCGTCTCCGGTAGC-1,BAL 07
c1_1_TTGCTGCAGAGTATAC-1,Multiplet
c1_1_TTGCTGCAGGCATGGT-1,BAL 04
c1_1_TTGCTGCCAAGGATGC-1,BAL 07
c1_1_TTGCTGCGTAGGAAAG-1,BAL 05
c1_1_TTGCTGCGTAGTACGG-1,Multiplet
c1_1_TTGCTGCGTCCTCCAT-1,BAL 03
c1_1_TTGCTGCGTCGTTGGC-1,BAL 05
c1_1_TTGCTGCTCCCGAATA-1,Multiplet
c1_1_TTGCTGCTCGTCACCT-1,BAL 02
c1_1_TTGGATGAGAAGTGTT-1,BAL 06
c1_1_TTGGATGAGATGCTGG-1,BAL 03
c1_1_TTGGATGAGTCCGTCG-1,BAL 02
c1_1_TTGGATGCAAGACCGA-1,Multiplet
c1_1_TTGGATGCAAGAGAGA-1,Multiplet
c1_1_TTGGATGCACGAGGAT-1,Multiplet
c1_1_TTGGATGCATGACTCA-1,BAL 05
c1_1_TTGGATGGTAGGTACG-1,BAL 01
c1_1_TTGGATGGTTGGTAGG-1,BAL 07
c1_1_TTGGATGTCAGCATTG-1,BAL 05
c1_1_TTGGATGTCCGACGGT-1,Multiplet
c1_1_TTGGATGTCCGGGACT-1,BAL 02
c1_1_TTGGATGTCGATGCTA-1,BAL 05
c1_1_TTGGATGTCTACGCAA-1,BAL 03
c1_1_TTGGATGTCTCTCTTC-1,Multiplet
c1_1_TTGGGATAGCCGATCC-1,BAL 04
c1_1_TTGGGATAGCCTGCCA-1,BAL 08
c1_1_TTGGGATAGGACCCAA-1,BAL 04
c1_1_TTGGGATAGGCGACAT-1,BAL 05
c1_1_TTGGGATAGGGAGGTG-1,Multiplet
c1_1_TTGGGATAGGTTGACG-1,BAL 07
c1_1_TTGGGATCAATACGCT-1,BAL 02
c1_1_TTGGGATCAATGTCTG-1,BAL 07
c1_1_TTGGGATCAATTGTGC-1,BAL 05
c1_1_TTGGGATCATTGGATC-1,BAL 02
c1_1_TTGGGATGTACTGGGA-1,BAL 08
c1_1_TTGGGATGTGCGGTAA-1,BAL 03
c1_1_TTGGGATGTGTAACGG-1,Multiplet
c1_1_TTGGGATTCAGCCTCT-1,BAL 07
c1_1_TTGGGATTCATTTGCT-1,BAL 03
c1_1_TTGGGCGAGAAGAGCA-1,Multiplet
c1_1_TTGGGCGAGAGGTCGT-1,Multiplet
c1_1_TTGGGCGAGCTGTTAC-1,BAL 05
c1_1_TTGGGCGCACATTCTT-1,BAL 08
c1_1_TTGGGCGCATCGGATT-1,BAL 06
c1_1_TTGGGCGGTCGGCTAC-1,BAL 05
c1_1_TTGGGCGTCTAGCAAC-1,BAL 03
c1_1_TTGGGTAAGGGAGGAC-1,Multiplet
c1_1_TTGGGTAAGTTGCCTA-1,BAL 05
c1_1_TTGGGTACAGAGTGAC-1,BAL 03
c1_1_TTGGGTACAGGTCTCG-1,BAL 04
c1_1_TTGGGTAGTGGACTAG-1,Multiplet
c1_1_TTGGGTAGTTCTCTCG-1,BAL 05
c1_1_TTGGGTAGTTGTGCAT-1,BAL 06
c1_1_TTGGGTATCAGCCTTC-1,BAL 03
c1_1_TTGGGTATCATCGCTC-1,BAL 08
c1_1_TTGGGTATCGCTTAAG-1,BAL 06
c1_1_TTGGGTATCTCTTGCG-1,BAL 07
c1_1_TTGGTTTAGCATCAAA-1,BAL 05
c1_1_TTGGTTTCAAACGTGG-1,Multiplet
c1_1_TTGGTTTCAACCCGCA-1,BAL 04
c1_1_TTGGTTTCAACTGGTT-1,Multiplet
c1_1_TTGGTTTCACGAGGAT-1,BAL 04
c1_1_TTGGTTTCATCCCGTT-1,BAL 04
c1_1_TTGGTTTCATGGAGAC-1,BAL 01
c1_1_TTGGTTTGTTGCATCA-1,Multiplet
c1_1_TTGGTTTTCGATACTG-1,BAL 07
c1_1_TTGGTTTTCTCCATAT-1,Multiplet
c1_1_TTGTGGAAGGGACTGT-1,BAL 01
c1_1_TTGTGGAAGGTCCAGA-1,Multiplet
c1_1_TTGTGGAAGGTTACAA-1,BAL 06
c1_1_TTGTGGAAGTGGTGGT-1,BAL 06
c1_1_TTGTGGACAACCAACT-1,BAL 01
c1_1_TTGTGGACACCTGCAG-1,BAL 03
c1_1_TTGTGGAGTAAGTTGA-1,Multiplet
c1_1_TTGTGGAGTATGGAGC-1,Multiplet
c1_1_TTGTGGAGTCCTTAAG-1,BAL 03
c1_1_TTGTGGAGTTACTCAG-1,BAL 01
c1_1_TTGTGGATCCGTGGCA-1,BAL 08
c1_1_TTGTGGATCTGGCTGG-1,BAL 01
c1_1_TTGTGTTAGAGCGACT-1,BAL 05
c1_1_TTGTGTTAGCGTGTCC-1,BAL 04
c1_1_TTGTGTTAGCTGTCCG-1,BAL 05
c1_1_TTGTGTTAGGCTATCT-1,BAL 04
c1_1_TTGTGTTAGGGTGAGG-1,Multiplet
c1_1_TTGTGTTAGTGGGAAA-1,BAL 03
c1_1_TTGTGTTCAAAGCTAA-1,BAL 03
c1_1_TTGTGTTCACGGGCTT-1,BAL 08
c1_1_TTGTGTTCAGAGAGGG-1,BAL 07
c1_1_TTGTGTTGTACGAGTG-1,BAL 06
c1_1_TTGTGTTGTCTAATCG-1,BAL 06
c1_1_TTGTGTTGTGTTACAC-1,BAL 05
c1_1_TTGTGTTGTTTAGAGA-1,BAL 01
c1_1_TTGTGTTTCCCTCATG-1,Multiplet
c1_1_TTGTGTTTCGTGGGTC-1,BAL 04
c1_1_TTGTGTTTCTTAAGGC-1,BAL 03
c1_1_TTGTTCAAGAATCGCG-1,BAL 01
c1_1_TTGTTCAAGCCAAGCA-1,BAL 05
c1_1_TTGTTCAAGGACAGTC-1,BAL 03
c1_1_TTGTTCACAGACAAGC-1,BAL 02
c1_1_TTGTTCAGTAACGATA-1,BAL 06
c1_1_TTGTTCAGTACCTTCC-1,BAL 02
c1_1_TTGTTCAGTCACATTG-1,BAL 07
c1_1_TTGTTCATCCATCTGC-1,BAL 02
c1_1_TTGTTGTAGCAATAGT-1,BAL 03
c1_1_TTGTTGTAGCCGTTAT-1,BAL 03
c1_1_TTGTTGTCACAAATAG-1,BAL 06
c1_1_TTGTTGTCACATGACT-1,BAL 05
c1_1_TTGTTGTCACTCCGAG-1,BAL 01
c1_1_TTGTTGTCAGACTGCC-1,Multiplet
c1_1_TTGTTGTCATACAGCT-1,BAL 02
c1_1_TTGTTGTGTACTAACC-1,BAL 06
c1_1_TTGTTGTGTAGATCGG-1,BAL 07
c1_1_TTGTTGTGTCTCGGAC-1,BAL 01
c1_1_TTGTTGTGTCTGATCA-1,BAL 04
c1_1_TTGTTGTGTGTGTCGC-1,BAL 07
c1_1_TTGTTGTTCCATTTAC-1,Multiplet
c1_1_TTGTTGTTCCGGGACT-1,BAL 03
c1_1_TTGTTGTTCTGGGCAC-1,BAL 03
c1_1_TTGTTGTTCTTCTAAC-1,BAL 05
c1_1_TTGTTTGAGACATAGT-1,Multiplet
c1_1_TTGTTTGAGCATGCAG-1,BAL 05
c1_1_TTGTTTGAGCGTCAGA-1,BAL 08
c1_1_TTGTTTGAGCTGGTGA-1,BAL 07
c1_1_TTGTTTGAGGACACTG-1,BAL 06
c1_1_TTGTTTGAGTCTAGCT-1,BAL 08
c1_1_TTGTTTGAGTTCCTGA-1,BAL 06
c1_1_TTGTTTGAGTTGGAAT-1,BAL 04
c1_1_TTGTTTGCACAAGTTC-1,BAL 05
c1_1_TTGTTTGCACGACGAA-1,BAL 08
c1_1_TTGTTTGCATATGAAG-1,BAL 08
c1_1_TTGTTTGGTATCGAAA-1,Multiplet
c1_1_TTGTTTGGTTGATCGT-1,BAL 04
c1_1_TTGTTTGTCGGAGTAG-1,BAL 08
c1_1_TTGTTTGTCTGCATAG-1,Multiplet
c1_1_TTTACCAAGCTAGAAT-1,BAL 03
c1_1_TTTACCAAGGCGATAC-1,BAL 08
c1_1_TTTACCAAGTTGAATG-1,BAL 05
c1_1_TTTACCACAGAATGTA-1,BAL 02
c1_1_TTTACCAGTAAGATAC-1,BAL 07
c1_1_TTTACCATCAGCATTG-1,BAL 03
c1_1_TTTACCATCGACACTA-1,BAL 07
c1_1_TTTACCATCGGAAACG-1,BAL 07
c1_1_TTTACGTAGATTCGCT-1,BAL 08
c1_1_TTTACGTAGGACATCG-1,BAL 01
c1_1_TTTACGTCACTAGGTT-1,Multiplet
c1_1_TTTACGTGTACGCGTC-1,BAL 03
c1_1_TTTACGTGTGAAAGTT-1,BAL 03
c1_1_TTTACGTTCCGTATAG-1,BAL 03
c1_1_TTTACGTTCTTTCCAA-1,BAL 08
c1_1_TTTACTGAGCAATAAC-1,Multiplet
c1_1_TTTACTGAGCACTTTG-1,BAL 07
c1_1_TTTACTGAGGCGCTTC-1,BAL 01
c1_1_TTTACTGAGTCTACCA-1,BAL 08
c1_1_TTTACTGCACTAGTAC-1,Multiplet
c1_1_TTTACTGCACTTCATT-1,BAL 01
c1_1_TTTACTGCATGAGTAA-1,BAL 04
c1_1_TTTACTGGTGCATGTT-1,Multiplet
c1_1_TTTACTGGTTCCGCGA-1,BAL 01
c1_1_TTTACTGTCACATCAG-1,BAL 07
c1_1_TTTACTGTCTCGCAGG-1,Multiplet
c1_1_TTTAGTCAGCTACAAA-1,BAL 07
c1_1_TTTAGTCAGGACTTCT-1,BAL 05
c1_1_TTTAGTCCAGGCACAA-1,BAL 03
c1_1_TTTAGTCGTCTGTCCT-1,BAL 02
c1_1_TTTAGTCGTGCTCTCT-1,BAL 03
c1_1_TTTAGTCGTTCAGCTA-1,BAL 03
c1_1_TTTAGTCTCATCCTAT-1,BAL 02
c1_1_TTTAGTCTCGACCAAT-1,Multiplet
c1_1_TTTAGTCTCGAGCACC-1,BAL 08
c1_1_TTTAGTCTCGTCAAAC-1,BAL 02
c1_1_TTTAGTCTCTACACAG-1,BAL 08
c1_1_TTTAGTCTCTCCAATT-1,BAL 05
c1_1_TTTAGTCTCTTCCCGA-1,Multiplet
c1_1_TTTATGCAGAAAGCGA-1,BAL 04
c1_1_TTTATGCAGACATATG-1,BAL 03
c1_1_TTTATGCAGACCAGAC-1,BAL 02
c1_1_TTTATGCAGCCAGTAG-1,BAL 04
c1_1_TTTATGCAGCCTAACT-1,BAL 03
c1_1_TTTATGCAGGCCACCT-1,BAL 06
c1_1_TTTATGCCACGATTCA-1,Multiplet
c1_1_TTTATGCCATAGAATG-1,BAL 07
c1_1_TTTATGCCATTGAAAG-1,BAL 02
c1_1_TTTATGCGTATGGGAC-1,BAL 03
c1_1_TTTATGCGTTACACTG-1,BAL 04
c1_1_TTTATGCGTTGATCGT-1,BAL 03
c1_1_TTTATGCTCACGATAC-1,BAL 03
c1_1_TTTATGCTCCTTCAGC-1,Multiplet
c1_1_TTTCACAAGACGCAGT-1,BAL 05
c1_1_TTTCACACAATTGGTC-1,BAL 04
c1_1_TTTCACACACCGTGCA-1,BAL 07
c1_1_TTTCACACATATCTCT-1,BAL 07
c1_1_TTTCACACATTAGGCT-1,BAL 08
c1_1_TTTCACAGTATCGGTT-1,BAL 03
c1_1_TTTCACAGTGGTCTAT-1,BAL 01
c1_1_TTTCACATCAGCTTCC-1,BAL 05
c1_1_TTTCACATCCAAGAGG-1,BAL 04
c1_1_TTTCACATCTCACGAA-1,BAL 06
c1_1_TTTCACATCTCGTTTA-1,BAL 03
c1_1_TTTCAGTAGCAAGCCA-1,Multiplet
c1_1_TTTCAGTAGCCTCAGC-1,BAL 03
c1_1_TTTCAGTAGCTAATCC-1,BAL 07
c1_1_TTTCAGTAGTAGGGTC-1,Multiplet
c1_1_TTTCAGTGTGTATACC-1,BAL 06
c1_1_TTTCAGTTCCAAGCCG-1,BAL 08
c1_1_TTTCAGTTCCGAAGGA-1,BAL 05
c1_1_TTTCATGAGCAACAGC-1,BAL 05
c1_1_TTTCATGAGGGACTGT-1,BAL 06
c1_1_TTTCATGAGGGAGAAT-1,BAL 04
c1_1_TTTCATGAGTCCCAGC-1,BAL 06
c1_1_TTTCATGAGTTGCTCA-1,Multiplet
c1_1_TTTCATGCAAACTAAG-1,BAL 03
c1_1_TTTCATGCAACTTGCA-1,Multiplet
c1_1_TTTCATGCACTCAAGT-1,BAL 02
c1_1_TTTCATGCAGAGAATT-1,BAL 06
c1_1_TTTCATGCATACTTTC-1,BAL 07
c1_1_TTTCATGGTACACTCA-1,BAL 03
c1_1_TTTCATGGTATGAGGC-1,BAL 01
c1_1_TTTCATGGTCCAGAAG-1,BAL 03
c1_1_TTTCATGGTTGACTAC-1,BAL 08
c1_1_TTTCCTCAGAAGTCCG-1,BAL 01
c1_1_TTTCCTCCAATCGTCA-1,Multiplet
c1_1_TTTCCTCCACGATTCA-1,BAL 06
c1_1_TTTCCTCCATGGCTGC-1,BAL 02
c1_1_TTTCCTCGTAAGATAC-1,BAL 07
c1_1_TTTCCTCGTAGATGTA-1,BAL 05
c1_1_TTTCCTCGTCATTCCC-1,BAL 06
c1_1_TTTCCTCGTCTTCGAA-1,BAL 06
c1_1_TTTCCTCGTTCTTGTT-1,Multiplet
c1_1_TTTCCTCTCATCGCTC-1,BAL 05
c1_1_TTTCCTCTCATGTCTT-1,BAL 08
c1_1_TTTCCTCTCCGACATA-1,BAL 04
c1_1_TTTCCTCTCGAGCCTG-1,BAL 05
c1_1_TTTCGATAGACTCAAA-1,BAL 03
c1_1_TTTCGATAGCCACCGT-1,BAL 03
c1_1_TTTCGATAGGTTACAA-1,BAL 07
c1_1_TTTCGATCAAACGGCA-1,BAL 06
c1_1_TTTCGATCAAAGCACG-1,BAL 02
c1_1_TTTCGATCAACGCCCA-1,BAL 08
c1_1_TTTCGATCAGGACAGT-1,BAL 08
c1_1_TTTCGATGTAGATTAG-1,BAL 01
c1_1_TTTCGATGTCGACTGC-1,BAL 06
c1_1_TTTCGATGTCTCCTGT-1,BAL 02
c1_1_TTTCGATGTGGTCCCA-1,Multiplet
c1_1_TTTCGATGTTCTCACC-1,BAL 03
c1_1_TTTCGATTCAAGGACG-1,BAL 06
c1_1_TTTCGATTCGTAGTCA-1,BAL 03
c1_1_TTTGACTAGCCATTTG-1,Multiplet
c1_1_TTTGACTAGGAGGGTG-1,BAL 05
c1_1_TTTGACTAGGCATCTT-1,BAL 05
c1_1_TTTGACTCAAGTCCAT-1,BAL 06
c1_1_TTTGACTCAAGTTCCA-1,BAL 06
c1_1_TTTGACTCACCTAAAC-1,BAL 01
c1_1_TTTGACTCAGGCGAAT-1,BAL 01
c1_1_TTTGACTCATGGAAGC-1,BAL 07
c1_1_TTTGACTGTGGCTCTG-1,Multiplet
c1_1_TTTGACTGTTAAGGGC-1,BAL 07
c1_1_TTTGACTGTTCGGCTG-1,BAL 04
c1_1_TTTGACTTCAAGCTTG-1,BAL 07
c1_1_TTTGACTTCCGACGGT-1,Multiplet
c1_1_TTTGACTTCCGGACGT-1,BAL 07
c1_1_TTTGACTTCCTGGTCT-1,BAL 03
c1_1_TTTGACTTCGATAACC-1,BAL 07
c1_1_TTTGACTTCGGAGATG-1,Multiplet
c1_1_TTTGATCAGACCCGCT-1,BAL 01
c1_1_TTTGATCAGCCAGACA-1,BAL 02
c1_1_TTTGATCAGTCACTGT-1,BAL 07
c1_1_TTTGATCCAAGACCGA-1,BAL 02
c1_1_TTTGATCCAGTTGTTG-1,BAL 08
c1_1_TTTGATCGTCGCCACA-1,BAL 03
c1_1_TTTGATCTCCATATGG-1,BAL 02
c1_1_TTTGGAGAGACAAGCC-1,BAL 02
c1_1_TTTGGAGAGACTACCT-1,BAL 05
c1_1_TTTGGAGAGCGGGTTA-1,BAL 07
c1_1_TTTGGAGAGCTCTATG-1,BAL 06
c1_1_TTTGGAGCAAAGGAGA-1,BAL 05
c1_1_TTTGGAGCAAAGGGCT-1,BAL 05
c1_1_TTTGGAGCAAGCTGTT-1,Multiplet
c1_1_TTTGGAGCATGTGACT-1,Multiplet
c1_1_TTTGGAGGTTCACCGG-1,BAL 01
c1_1_TTTGGAGGTTCCACAA-1,Multiplet
c1_1_TTTGGAGGTTGGCCTG-1,BAL 01
c1_1_TTTGGAGGTTTGGGAG-1,BAL 04
c1_1_TTTGGAGTCCCAACTC-1,BAL 05
c1_1_TTTGGAGTCTCATTGT-1,BAL 08
c1_1_TTTGGAGTCTTGGGCG-1,BAL 07
c1_1_TTTGGTTAGACTTCGT-1,Multiplet
c1_1_TTTGGTTAGCTTACGT-1,BAL 05
c1_1_TTTGGTTAGTAAGAGG-1,BAL 02
c1_1_TTTGGTTAGTCATGCT-1,BAL 08
c1_1_TTTGGTTGTAACAGGC-1,BAL 07
c1_1_TTTGGTTGTAGCGTTT-1,BAL 07
c1_1_TTTGGTTGTTAAACAG-1,Multiplet
c1_1_TTTGGTTGTTCCTACC-1,Multiplet
c1_1_TTTGGTTGTTTCGTTT-1,Multiplet
c1_1_TTTGGTTTCACCCTCA-1,BAL 07
c1_1_TTTGGTTTCACTGGGC-1,BAL 04
c1_1_TTTGGTTTCGCAAGAG-1,BAL 01
c1_1_TTTGGTTTCTGGTGGC-1,BAL 03
c1_1_TTTGTTGAGCGCTGCT-1,BAL 03
c1_1_TTTGTTGAGCTGTTAC-1,Multiplet
c1_1_TTTGTTGCAATAGTAG-1,BAL 02
c1_1_TTTGTTGCAGTAGATA-1,Multiplet
c1_1_TTTGTTGCATAACCCA-1,BAL 01
c1_1_TTTGTTGGTAGTGGCA-1,BAL 02
c1_1_TTTGTTGTCAGTAGGG-1,BAL 06
c1_1_TTTGTTGTCCACTTTA-1,BAL 07
c1_1_TTTGTTGTCGGCATAT-1,BAL 03
c1_1_TTTGTTGTCTCCATAT-1,BAL 07
c2_2_AAACCCACATCTAACG-1,BAL 01
c2_2_AAACCCAGTCATCGGC-1,BAL 02
c2_2_AAACCCAGTGTGTGTT-1,BAL 04
c2_2_AAACCCAGTTACCTGA-1,BAL 02
c2_2_AAACCCAGTTCAAAGA-1,Multiplet
c2_2_AAACCCAGTTTGTTGG-1,Multiplet
c2_2_AAACCCATCAACCTCC-1,BAL 07
c2_2_AAACCCATCAACTTTC-1,BAL 04
c2_2_AAACCCATCACGTCCT-1,Multiplet
c2_2_AAACCCATCGACACTA-1,Multiplet
c2_2_AAACCCATCGGAGTGA-1,BAL 06
c2_2_AAACCCATCTCATGGA-1,Multiplet
c2_2_AAACCCATCTGATTCT-1,BAL 02
c2_2_AAACGAACATCAGCAT-1,BAL 05
c2_2_AAACGAAGTACACGTT-1,BAL 03
c2_2_AAACGAAGTAGTCGTT-1,Multiplet
c2_2_AAACGAAGTCGCATCG-1,BAL 03
c2_2_AAACGAAGTTCAACGT-1,BAL 03
c2_2_AAACGAAGTTCATCTT-1,BAL 08
c2_2_AAACGAAGTTGAGGAC-1,Multiplet
c2_2_AAACGAATCATAGACC-1,BAL 08
c2_2_AAACGAATCTTGCGCT-1,BAL 02
c2_2_AAACGCTAGATTAGCA-1,BAL 05
c2_2_AAACGCTAGGTCACAG-1,BAL 08
c2_2_AAACGCTCACAGCATT-1,BAL 08
c2_2_AAACGCTCACAGCCAC-1,BAL 07
c2_2_AAACGCTCACGACCTG-1,BAL 03
c2_2_AAACGCTCACGTCGGT-1,BAL 01
c2_2_AAACGCTCATGACAAA-1,BAL 03
c2_2_AAACGCTCATGGGCAA-1,Multiplet
c2_2_AAACGCTGTACGATCT-1,Multiplet
c2_2_AAACGCTGTAGAGCTG-1,Multiplet
c2_2_AAACGCTGTCGATGCC-1,BAL 08
c2_2_AAACGCTGTGAACTAA-1,BAL 05
c2_2_AAACGCTGTGATACTC-1,Negative
c2_2_AAACGCTGTTCATCTT-1,BAL 03
c2_2_AAACGCTTCAATCTTC-1,BAL 01
c2_2_AAACGCTTCCGATTAG-1,BAL 03
c2_2_AAACGCTTCTTCTGTA-1,BAL 08
c2_2_AAAGAACAGACTCAAA-1,Multiplet
c2_2_AAAGAACAGCAAGTGC-1,BAL 08
c2_2_AAAGAACAGCCTCACG-1,Multiplet
c2_2_AAAGAACAGGCGAACT-1,BAL 02
c2_2_AAAGAACAGTTTCTTC-1,Multiplet
c2_2_AAAGAACCAAAGGGTC-1,BAL 02
c2_2_AAAGAACCACGGTGCT-1,Multiplet
c2_2_AAAGAACCAGCTCTGG-1,Multiplet
c2_2_AAAGAACCATTAGGAA-1,BAL 02
c2_2_AAAGAACGTGGACTAG-1,BAL 08
c2_2_AAAGAACTCAACTTTC-1,BAL 02
c2_2_AAAGAACTCCTTGACC-1,BAL 06
c2_2_AAAGAACTCGGCATTA-1,BAL 04
c2_2_AAAGAACTCGGCCCAA-1,BAL 03
c2_2_AAAGAACTCTTGCAAG-1,BAL 03
c2_2_AAAGGATAGCCAGTAG-1,Multiplet
c2_2_AAAGGATAGCTGTACT-1,BAL 03
c2_2_AAAGGATAGCTGTTAC-1,BAL 01
c2_2_AAAGGATAGTGGCCTC-1,BAL 08
c2_2_AAAGGATCAAGTATCC-1,Multiplet
c2_2_AAAGGATCAGCGACAA-1,BAL 03
c2_2_AAAGGATCAGTCCGTG-1,Multiplet
c2_2_AAAGGATGTGTCACAT-1,BAL 05
c2_2_AAAGGATTCCCGAATA-1,BAL 03
c2_2_AAAGGATTCGCTACAA-1,Multiplet
c2_2_AAAGGATTCTCCGCAT-1,Multiplet
c2_2_AAAGGGCCAACAGCCC-1,BAL 03
c2_2_AAAGGGCCACAGTCAT-1,Multiplet
c2_2_AAAGGGCCATAGAAAC-1,BAL 01
c2_2_AAAGGGCGTGGTAATA-1,Multiplet
c2_2_AAAGGGCGTTATGTGC-1,Multiplet
c2_2_AAAGGGCTCCAAGCCG-1,BAL 05
c2_2_AAAGGGCTCTGGACCG-1,BAL 06
c2_2_AAAGGGCTCTTCACGC-1,BAL 03
c2_2_AAAGGTAAGCCGGAAT-1,Multiplet
c2_2_AAAGGTACAAATGGCG-1,BAL 06
c2_2_AAAGGTACAAGGCAAC-1,BAL 02
c2_2_AAAGGTACAGAACTAA-1,Multiplet
c2_2_AAAGGTAGTACCTGTA-1,Multiplet
c2_2_AAAGGTATCATGAAAG-1,BAL 02
c2_2_AAAGGTATCATGAGAA-1,Multiplet
c2_2_AAAGGTATCCGCATAA-1,Multiplet
c2_2_AAAGGTATCTGCGGAC-1,BAL 02
c2_2_AAAGGTATCTGTCAGA-1,Negative
c2_2_AAAGTCCCACAGCTGC-1,BAL 06
c2_2_AAAGTCCGTTAGGGTG-1,BAL 08
c2_2_AAAGTCCGTTCAAAGA-1,BAL 08
c2_2_AAAGTCCGTTCCAGGC-1,BAL 04
c2_2_AAAGTCCGTTGGGAAC-1,Multiplet
c2_2_AAAGTCCTCGACGATT-1,BAL 02
c2_2_AAAGTCCTCTACCTTA-1,BAL 06
c2_2_AAAGTGAAGACCAAAT-1,BAL 05
c2_2_AAAGTGAAGACCTTTG-1,BAL 01
c2_2_AAAGTGAAGACGGTCA-1,Multiplet
c2_2_AAAGTGAAGGAGGTTC-1,Multiplet
c2_2_AAAGTGAAGGCTTCCG-1,Multiplet
c2_2_AAAGTGAAGGGTTAGC-1,Multiplet
c2_2_AAAGTGAAGGGTTGCA-1,BAL 04
c2_2_AAAGTGAAGGTACAGC-1,Multiplet
c2_2_AAAGTGACAAGACCTT-1,BAL 06
c2_2_AAAGTGACACTCAAGT-1,BAL 06
c2_2_AAAGTGAGTCATGACT-1,BAL 06
c2_2_AAAGTGAGTCTACAAC-1,BAL 02
c2_2_AAAGTGAGTGCAACGA-1,BAL 03
c2_2_AAAGTGAGTGTTACTG-1,BAL 03
c2_2_AAAGTGATCATCCTAT-1,BAL 05
c2_2_AAAGTGATCGCAACAT-1,BAL 07
c2_2_AAAGTGATCGGCTGAC-1,BAL 04
c2_2_AAAGTGATCTACGCAA-1,BAL 01
c2_2_AAATGGAAGGATACGC-1,Multiplet
c2_2_AAATGGAAGTCATGCT-1,BAL 04
c2_2_AAATGGAAGTGACACG-1,BAL 06
c2_2_AAATGGAAGTGTTGAA-1,BAL 05
c2_2_AAATGGACACAGTCCG-1,BAL 03
c2_2_AAATGGACACATGACT-1,BAL 08
c2_2_AAATGGACAGATACCT-1,BAL 02
c2_2_AAATGGACATCATCCC-1,Multiplet
c2_2_AAATGGAGTATCTCTT-1,BAL 05
c2_2_AAATGGAGTCTTGAAC-1,BAL 07
c2_2_AAATGGAGTGCGAGTA-1,Multiplet
c2_2_AAATGGAGTGCGGCTT-1,BAL 06
c2_2_AAATGGATCAGCTCTC-1,BAL 06
c2_2_AAATGGATCCTACACC-1,Multiplet
c2_2_AAATGGATCGACTCCT-1,BAL 03
c2_2_AAATGGATCTCTGGTC-1,BAL 02
c2_2_AACAAAGAGAAACTCA-1,Multiplet
c2_2_AACAAAGAGCAACTCT-1,Multiplet
c2_2_AACAAAGAGGCCCACT-1,BAL 07
c2_2_AACAAAGCAAACACCT-1,BAL 01
c2_2_AACAAAGCAACTGTGT-1,BAL 07
c2_2_AACAAAGCATAGAATG-1,BAL 03
c2_2_AACAAAGCATCTCAAG-1,BAL 06
c2_2_AACAAAGGTCGCCTAG-1,BAL 08
c2_2_AACAAAGGTCTAACTG-1,BAL 04
c2_2_AACAAAGGTTAGGAGC-1,BAL 03
c2_2_AACAAAGGTTCGAGCC-1,BAL 01
c2_2_AACAAAGGTTGGAGGT-1,BAL 05
c2_2_AACAAAGGTTTGGGAG-1,BAL 01
c2_2_AACAAAGTCACTGGGC-1,BAL 07
c2_2_AACAAAGTCCGCGATG-1,Multiplet
c2_2_AACAAAGTCGGCTGAC-1,BAL 04
c2_2_AACAAAGTCTATTCGT-1,Multiplet
c2_2_AACAACCAGCAGGGAG-1,BAL 08
c2_2_AACAACCAGGTCTGGA-1,BAL 05
c2_2_AACAACCAGTCGCCAC-1,BAL 03
c2_2_AACAACCAGTTGGAAT-1,Multiplet
c2_2_AACAACCCAAGAGTGC-1,Multiplet
c2_2_AACAACCCACAATCTG-1,Multiplet
c2_2_AACAACCCACATTCGA-1,BAL 04
c2_2_AACAACCCACCCTTAC-1,BAL 07
c2_2_AACAACCGTATAGGGC-1,BAL 01
c2_2_AACAACCGTGAGACCA-1,BAL 03
c2_2_AACAACCGTGCTGATT-1,Multiplet
c2_2_AACAACCGTGTCCTAA-1,Multiplet
c2_2_AACAACCTCGGTATGT-1,BAL 04
c2_2_AACAACCTCTGACGCG-1,BAL 05
c2_2_AACAACCTCTGTGCGG-1,BAL 05
c2_2_AACAAGAAGGCGACAT-1,BAL 07
c2_2_AACAAGAAGGGAGTGG-1,Multiplet
c2_2_AACAAGAAGGTTACCT-1,BAL 05
c2_2_AACAAGAAGTACCCTA-1,BAL 02
c2_2_AACAAGACATACCATG-1,Multiplet
c2_2_AACAAGACATTAGGCT-1,BAL 01
c2_2_AACAAGAGTCCTACAA-1,Multiplet
c2_2_AACAAGAGTCTGTGGC-1,BAL 08
c2_2_AACAAGAGTGGTCAAG-1,BAL 01
c2_2_AACAAGAGTTTGTTCT-1,Multiplet
c2_2_AACAAGATCACAATGC-1,BAL 05
c2_2_AACAAGATCCTAGCCT-1,BAL 04
c2_2_AACAAGATCGTGCAGC-1,BAL 01
c2_2_AACACACAGAAGGCTC-1,BAL 07
c2_2_AACACACAGGTATAGT-1,BAL 04
c2_2_AACACACAGTACAACA-1,BAL 06
c2_2_AACACACAGTAGGTTA-1,BAL 08
c2_2_AACACACAGTCAAGCG-1,BAL 06
c2_2_AACACACAGTCTCGTA-1,BAL 07
c2_2_AACACACCAACCGTAT-1,BAL 04
c2_2_AACACACTCCCTCGAT-1,BAL 05
c2_2_AACACACTCTGGGAGA-1,BAL 03
c2_2_AACAGGGAGAACTCCT-1,BAL 03
c2_2_AACAGGGAGGCTCTCG-1,BAL 06
c2_2_AACAGGGCAAGGACAC-1,BAL 01
c2_2_AACAGGGCAATTCTCT-1,BAL 08
c2_2_AACAGGGCATACCAGT-1,BAL 06
c2_2_AACAGGGCATGACGGA-1,BAL 03
c2_2_AACAGGGGTCATCCGG-1,Multiplet
c2_2_AACAGGGGTGATTCAC-1,Multiplet
c2_2_AACAGGGGTGTTGCCG-1,BAL 05
c2_2_AACAGGGTCATACGAC-1,BAL 03
c2_2_AACAGGGTCATTACTC-1,BAL 05
c2_2_AACAGGGTCGAGTCTA-1,BAL 02
c2_2_AACAGGGTCGTAGTCA-1,Multiplet
c2_2_AACAGGGTCTATACGG-1,Multiplet
c2_2_AACAGGGTCTGTGCGG-1,Negative
c2_2_AACCAACCAATAACGA-1,BAL 05
c2_2_AACCAACCACCTGATA-1,BAL 07
c2_2_AACCAACCAGATCCTA-1,BAL 05
c2_2_AACCAACCAGCCGTCA-1,BAL 02
c2_2_AACCAACCATCCTCAC-1,BAL 02
c2_2_AACCAACGTACAGTAA-1,Multiplet
c2_2_AACCAACGTAGCTAAA-1,BAL 03
c2_2_AACCAACGTGTTCATG-1,BAL 01
c2_2_AACCAACTCAGCCTTC-1,Negative
c2_2_AACCAACTCATGCATG-1,BAL 01
c2_2_AACCAACTCTAGTTCT-1,BAL 08
c2_2_AACCAACTCTGGCCGA-1,BAL 05
c2_2_AACCAACTCTTCGACC-1,BAL 06
c2_2_AACCACAAGGACGCAT-1,BAL 02
c2_2_AACCACAAGGTATCTC-1,Multiplet
c2_2_AACCACAAGTATGTAG-1,BAL 07
c2_2_AACCACACACCGCTGA-1,BAL 01
c2_2_AACCACACAGTTTCAG-1,BAL 03
c2_2_AACCACACATGACTCA-1,BAL 04
c2_2_AACCACAGTAAGTTGA-1,BAL 03
c2_2_AACCACAGTATGATCC-1,BAL 03
c2_2_AACCACAGTATTTCCT-1,BAL 06
c2_2_AACCACAGTGTTCGAT-1,BAL 06
c2_2_AACCACAGTTATGACC-1,BAL 03
c2_2_AACCACAGTTGCATGT-1,BAL 06
c2_2_AACCACATCAGACCCG-1,Multiplet
c2_2_AACCACATCGTGGAAG-1,Multiplet
c2_2_AACCATGAGCCACAAG-1,BAL 02
c2_2_AACCATGAGGAGCTGT-1,BAL 05
c2_2_AACCATGAGGCCTTGC-1,Multiplet
c2_2_AACCATGAGGGAGTGG-1,BAL 06
c2_2_AACCATGCAACACACT-1,BAL 02
c2_2_AACCATGCAATACAGA-1,BAL 02
c2_2_AACCATGCACGTTCGG-1,BAL 08
c2_2_AACCATGCACTGCGTG-1,Multiplet
c2_2_AACCATGCAGAGCGTA-1,BAL 01
c2_2_AACCATGCAGGATGAC-1,BAL 07
c2_2_AACCATGCATGGAAGC-1,BAL 06
c2_2_AACCATGGTGATTCAC-1,BAL 02
c2_2_AACCATGGTGTTATCG-1,BAL 07
c2_2_AACCATGTCATTTCGT-1,Multiplet
c2_2_AACCATGTCCGGCAAC-1,Multiplet
c2_2_AACCATGTCCTCACCA-1,BAL 05
c2_2_AACCATGTCGCCGTGA-1,Multiplet
c2_2_AACCATGTCGCCTATC-1,BAL 02
c2_2_AACCATGTCGGCATAT-1,Multiplet
c2_2_AACCATGTCGGTAACT-1,BAL 05
c2_2_AACCATGTCTCTCGCA-1,BAL 02
c2_2_AACCATGTCTCTGAGA-1,BAL 05
c2_2_AACCATGTCTGACGCG-1,Multiplet
c2_2_AACCATGTCTTTCAGT-1,BAL 05
c2_2_AACCCAAAGCTTACGT-1,BAL 07
c2_2_AACCCAAAGTATAGGT-1,BAL 08
c2_2_AACCCAAAGTCAAGCG-1,BAL 06
c2_2_AACCCAACAACAAGAT-1,BAL 07
c2_2_AACCCAACAACTTCTT-1,Multiplet
c2_2_AACCCAACAATACGAA-1,BAL 03
c2_2_AACCCAACACTTGAAC-1,BAL 07
c2_2_AACCCAACATTAAGCC-1,Multiplet
c2_2_AACCCAAGTACCTTCC-1,BAL 03
c2_2_AACCCAAGTGAGACCA-1,Multiplet
c2_2_AACCCAAGTGCTAGCC-1,BAL 08
c2_2_AACCCAAGTGGAGAAA-1,BAL 06
c2_2_AACCCAAGTTGATGTC-1,BAL 08
c2_2_AACCCAATCATGAGTC-1,BAL 02
c2_2_AACCCAATCCCGTTCA-1,BAL 05
c2_2_AACCTGAAGACCAGAC-1,Multiplet
c2_2_AACCTGAAGACCAGCA-1,BAL 04
c2_2_AACCTGAAGATGGTCG-1,BAL 08
c2_2_AACCTGAAGCATGCGA-1,BAL 01
c2_2_AACCTGAAGCCTTCTC-1,BAL 05
c2_2_AACCTGACACGACAAG-1,BAL 07
c2_2_AACCTGACATGAGATA-1,Multiplet
c2_2_AACCTGAGTAACACCT-1,BAL 03
c2_2_AACCTGAGTCACTTAG-1,Multiplet
c2_2_AACCTGAGTGTAAACA-1,BAL 03
c2_2_AACCTGAGTGTACATC-1,BAL 07
c2_2_AACCTGAGTTGTCAGT-1,BAL 08
c2_2_AACCTGATCAGCTTGA-1,BAL 07
c2_2_AACCTGATCCCATACC-1,Multiplet
c2_2_AACCTTTAGCCGAATG-1,BAL 07
c2_2_AACCTTTCAGAACTCT-1,BAL 08
c2_2_AACCTTTGTAAGCGGT-1,BAL 02
c2_2_AACCTTTGTGAGAGGG-1,Multiplet
c2_2_AACCTTTTCAAGAGTA-1,Multiplet
c2_2_AACCTTTTCCTTATGT-1,BAL 05
c2_2_AACCTTTTCTTCCCGA-1,BAL 02
c2_2_AACGAAAAGACTCCGC-1,Multiplet
c2_2_AACGAAAAGAGAATCT-1,BAL 05
c2_2_AACGAAAAGATGTTGA-1,BAL 05
c2_2_AACGAAAAGGACAACC-1,BAL 06
c2_2_AACGAAAAGGTAAACT-1,BAL 03
c2_2_AACGAAAAGGTGCTTT-1,BAL 01
c2_2_AACGAAACATCACGGC-1,BAL 02
c2_2_AACGAAAGTCCACGCA-1,BAL 08
c2_2_AACGAAAGTGATGGCA-1,Multiplet
c2_2_AACGAAAGTTCGGTAT-1,Multiplet
c2_2_AACGAAATCTAGACAC-1,BAL 08
c2_2_AACGAAATCTTAGCTT-1,BAL 03
c2_2_AACGGGAAGCGGGTAT-1,BAL 08
c2_2_AACGGGAAGGACCCAA-1,BAL 08
c2_2_AACGGGAAGTCTAGAA-1,BAL 01
c2_2_AACGGGAAGTCTCGTA-1,BAL 06
c2_2_AACGGGACAGCCCAGT-1,BAL 08
c2_2_AACGGGACATCAGTCA-1,BAL 07
c2_2_AACGGGAGTAGAGCTG-1,BAL 04
c2_2_AACGGGAGTGGTCTGC-1,Multiplet
c2_2_AACGGGAGTGTAGTGG-1,BAL 07
c2_2_AACGGGATCGCTAAAC-1,BAL 04
c2_2_AACGGGATCGGTAGGA-1,BAL 02
c2_2_AACGGGATCTTGGTCC-1,BAL 04
c2_2_AACGTCAAGACCGTTT-1,Multiplet
c2_2_AACGTCAAGCAAGTGC-1,BAL 05
c2_2_AACGTCAAGCCAAGTG-1,BAL 06
c2_2_AACGTCAAGCTTGTTG-1,Multiplet
c2_2_AACGTCACAAAGGCAC-1,BAL 03
c2_2_AACGTCACAACGCATT-1,BAL 04
c2_2_AACGTCACACCTTCGT-1,BAL 01
c2_2_AACGTCACACGAGAAC-1,BAL 02
c2_2_AACGTCACACGGAAGT-1,BAL 05
c2_2_AACGTCACAGCTAACT-1,BAL 05
c2_2_AACGTCACAGCTACAT-1,BAL 02
c2_2_AACGTCACATAGACTC-1,Multiplet
c2_2_AACGTCAGTAACTAAG-1,BAL 06
c2_2_AACGTCAGTAGTAAGT-1,BAL 01
c2_2_AACGTCAGTATTTCCT-1,Multiplet
c2_2_AACGTCATCAGGGTAG-1,Multiplet
c2_2_AACGTCATCCGTTGAA-1,BAL 01
c2_2_AACGTCATCTCGAACA-1,BAL 07
c2_2_AACGTCATCTTTCCAA-1,BAL 05
c2_2_AACTTCTCAAGAGGTC-1,BAL 07
c2_2_AACTTCTCATGAAGCG-1,BAL 08
c2_2_AACTTCTCATGAAGGC-1,BAL 06
c2_2_AACTTCTCATTCTCCG-1,BAL 01
c2_2_AACTTCTGTACCTAGT-1,BAL 04
c2_2_AACTTCTGTTGCTCAA-1,Multiplet
c2_2_AACTTCTTCAGCCCAG-1,Multiplet
c2_2_AACTTCTTCCTTCTAA-1,BAL 02
c2_2_AACTTCTTCGCCAGTG-1,BAL 04
c2_2_AACTTCTTCGCTGATA-1,BAL 03
c2_2_AAGAACAAGAAGGATG-1,Multiplet
c2_2_AAGAACAAGCCACAAG-1,BAL 02
c2_2_AAGAACAAGCCATTTG-1,BAL 05
c2_2_AAGAACAAGGGTAGCT-1,BAL 06
c2_2_AAGAACAAGTCCCGGT-1,BAL 06
c2_2_AAGAACACAAAGGCGT-1,BAL 07
c2_2_AAGAACACACAACGAG-1,BAL 02
c2_2_AAGAACACACATGGTT-1,BAL 06
c2_2_AAGAACACACCGTGAC-1,BAL 03
c2_2_AAGAACACACGCAAAG-1,BAL 03
c2_2_AAGAACACACTCCGGA-1,BAL 01
c2_2_AAGAACACACTGTGAT-1,Multiplet
c2_2_AAGAACAGTAGGCAGT-1,BAL 05
c2_2_AAGAACAGTCAGGTAG-1,BAL 06
c2_2_AAGAACAGTTACAGCT-1,BAL 03
c2_2_AAGAACAGTTGGACCC-1,BAL 02
c2_2_AAGAACATCGGAATTC-1,BAL 03
c2_2_AAGAACATCTATTCGT-1,BAL 04
c2_2_AAGACAAAGGTCCCGT-1,BAL 02
c2_2_AAGACAAAGTTTCGAC-1,Multiplet
c2_2_AAGACAACACGACGTC-1,BAL 06
c2_2_AAGACAACAGAAACCG-1,Multiplet
c2_2_AAGACAACAGGCGTTC-1,BAL 03
c2_2_AAGACAACAGGCTTGC-1,BAL 08
c2_2_AAGACAAGTCACTAGT-1,Multiplet
c2_2_AAGACAAGTGTTCCAA-1,Multiplet
c2_2_AAGACAATCAAGCCTA-1,BAL 01
c2_2_AAGACAATCAATCCGA-1,Multiplet
c2_2_AAGACAATCATTCACT-1,BAL 08
c2_2_AAGACAATCCCATAAG-1,Multiplet
c2_2_AAGACAATCTTGAGCA-1,BAL 03
c2_2_AAGACTCAGACGGTTG-1,BAL 04
c2_2_AAGACTCAGGCACCAA-1,BAL 08
c2_2_AAGACTCAGTTATGGA-1,BAL 02
c2_2_AAGACTCCAAATCCCA-1,Multiplet
c2_2_AAGACTCCAACCTAAC-1,BAL 07
c2_2_AAGACTCCAGACCGCT-1,BAL 07
c2_2_AAGACTCCATGACACT-1,Multiplet
c2_2_AAGACTCTCAGCACCG-1,BAL 08
c2_2_AAGACTCTCATTCTTG-1,BAL 01
c2_2_AAGACTCTCCTGTAGA-1,Multiplet
c2_2_AAGACTCTCTACAGGT-1,Multiplet
c2_2_AAGATAGCACCCATAA-1,BAL 04
c2_2_AAGATAGCATTCACCC-1,BAL 07
c2_2_AAGATAGCATTGACAC-1,BAL 03
c2_2_AAGATAGTCAATCAGC-1,BAL 07
c2_2_AAGATAGTCATGCCCT-1,BAL 08
c2_2_AAGATAGTCCCAACTC-1,BAL 04
c2_2_AAGATAGTCCGCTTAC-1,BAL 07
c2_2_AAGATAGTCGTACCTC-1,Multiplet
c2_2_AAGATAGTCGTTGTGA-1,BAL 06
c2_2_AAGCATCCAACCGCCA-1,BAL 05
c2_2_AAGCATCCAAGACTGG-1,Multiplet
c2_2_AAGCATCCAATCGCGC-1,BAL 02
c2_2_AAGCATCCACAAGCCC-1,BAL 06
c2_2_AAGCATCCATGAGAAT-1,Multiplet
c2_2_AAGCATCGTCACTAGT-1,BAL 08
c2_2_AAGCATCGTCCTATAG-1,BAL 02
c2_2_AAGCATCGTCGAGCAA-1,Multiplet
c2_2_AAGCATCGTCTAACGT-1,BAL 08
c2_2_AAGCATCGTCTAGTGT-1,BAL 01
c2_2_AAGCATCGTTAGGCTT-1,BAL 05
c2_2_AAGCATCTCGCCTTTG-1,Multiplet
c2_2_AAGCATCTCTAAGGAA-1,BAL 05
c2_2_AAGCCATAGATGAATC-1,BAL 07
c2_2_AAGCCATAGGATACCG-1,BAL 07
c2_2_AAGCCATCAAGTATAG-1,BAL 04
c2_2_AAGCCATCAATTCTTC-1,BAL 07
c2_2_AAGCCATCAGCACACC-1,BAL 07
c2_2_AAGCCATCAGCGTATT-1,BAL 03
c2_2_AAGCCATGTAGTGCGA-1,Multiplet
c2_2_AAGCCATTCTGTCGCT-1,Multiplet
c2_2_AAGCGAGAGATTAGCA-1,Multiplet
c2_2_AAGCGAGAGCACGGAT-1,BAL 03
c2_2_AAGCGAGAGTACTGTC-1,BAL 08
c2_2_AAGCGAGAGTCGTCTA-1,BAL 06
c2_2_AAGCGAGCACCGAATT-1,BAL 08
c2_2_AAGCGAGCACGCTATA-1,BAL 05
c2_2_AAGCGAGCAGTCAGAG-1,BAL 03
c2_2_AAGCGAGGTGGATCAG-1,BAL 04
c2_2_AAGCGAGTCACGAACT-1,Multiplet
c2_2_AAGCGAGTCACTCTTA-1,BAL 03
c2_2_AAGCGTTAGCGTCTCG-1,BAL 03
c2_2_AAGCGTTAGGAAGTAG-1,Multiplet
c2_2_AAGCGTTAGTCTGGAG-1,BAL 08
c2_2_AAGCGTTCAGAAGCTG-1,BAL 04
c2_2_AAGCGTTGTAACGCGA-1,BAL 06
c2_2_AAGCGTTGTAGCGAGT-1,BAL 05
c2_2_AAGCGTTGTCCTGTTC-1,BAL 08
c2_2_AAGCGTTGTCTCGACG-1,BAL 08
c2_2_AAGCGTTGTTAGGCCC-1,Multiplet
c2_2_AAGCGTTGTTATCCAG-1,BAL 08
c2_2_AAGCGTTTCACGTCCT-1,BAL 03
c2_2_AAGCGTTTCCTACTGC-1,BAL 06
c2_2_AAGCGTTTCCTCTAAT-1,BAL 03
c2_2_AAGCGTTTCGAACGGA-1,BAL 07
c2_2_AAGCGTTTCGTCTAAG-1,BAL 02
c2_2_AAGCGTTTCTGAGAAA-1,BAL 08
c2_2_AAGGAATAGCATGTTC-1,BAL 07
c2_2_AAGGAATAGCTCGCAC-1,Multiplet
c2_2_AAGGAATAGCTTCATG-1,BAL 06
c2_2_AAGGAATAGTGAGGTC-1,BAL 02
c2_2_AAGGAATAGTTGTCAC-1,Multiplet
c2_2_AAGGAATCAAACGGCA-1,BAL 02
c2_2_AAGGAATCACCCATAA-1,BAL 08
c2_2_AAGGAATCATCCCACT-1,Multiplet
c2_2_AAGGAATGTCGTGCCA-1,BAL 03
c2_2_AAGGAATGTGAATGAT-1,BAL 07
c2_2_AAGGAATTCAGACCGC-1,BAL 05
c2_2_AAGGAATTCCTGTAGA-1,BAL 01
c2_2_AAGGAATTCTCGTCAC-1,Multiplet
c2_2_AAGGAATTCTTACACT-1,BAL 03
c2_2_AAGGTAAAGACTCTAC-1,BAL 02
c2_2_AAGGTAAAGGAAAGTG-1,BAL 07
c2_2_AAGGTAAAGGAACGCT-1,BAL 04
c2_2_AAGGTAAAGTCGGCAA-1,Multiplet
c2_2_AAGGTAACAACGGGTA-1,BAL 08
c2_2_AAGGTAACACCTGTCT-1,BAL 02
c2_2_AAGGTAACAGACGGAT-1,BAL 07
c2_2_AAGGTAACATTGCTGA-1,BAL 03
c2_2_AAGGTAAGTATGGGAC-1,BAL 06
c2_2_AAGGTAATCAGATGCT-1,BAL 06
c2_2_AAGGTAATCCTGGCTT-1,Multiplet
c2_2_AAGGTAATCGTCAAAC-1,Multiplet
c2_2_AAGGTAATCGTGCTCT-1,BAL 03
c2_2_AAGTACCAGAGAGAAC-1,BAL 06
c2_2_AAGTACCAGATAACAC-1,BAL 03
c2_2_AAGTACCAGCAATAAC-1,Multiplet
c2_2_AAGTACCAGGATTCAA-1,Multiplet
c2_2_AAGTACCAGGCGTTAG-1,BAL 01
c2_2_AAGTACCAGGCTCTAT-1,BAL 02
c2_2_AAGTACCAGGGACTGT-1,BAL 02
c2_2_AAGTACCCAAACTCGT-1,BAL 04
c2_2_AAGTACCCAACGGCTC-1,Multiplet
c2_2_AAGTACCCACAATGCT-1,BAL 02
c2_2_AAGTACCCACTGGCGT-1,Negative
c2_2_AAGTACCCAGGTCCGT-1,Multiplet
c2_2_AAGTACCCAGTAGAGC-1,Multiplet
c2_2_AAGTACCCAGTTACCA-1,BAL 03
c2_2_AAGTACCCATCGCCTT-1,BAL 03
c2_2_AAGTACCGTATGTCCA-1,BAL 03
c2_2_AAGTACCGTCGTATTG-1,BAL 05
c2_2_AAGTACCGTTACCCTC-1,BAL 02
c2_2_AAGTACCGTTCCTAAG-1,BAL 02
c2_2_AAGTACCTCACTACTT-1,BAL 03
c2_2_AAGTACCTCCAACCAA-1,BAL 02
c2_2_AAGTACCTCCTAGCGG-1,BAL 07
c2_2_AAGTCGTAGAGGGTGG-1,BAL 04
c2_2_AAGTCGTAGTCAAGCG-1,BAL 03
c2_2_AAGTCGTAGTGGCAGT-1,BAL 03
c2_2_AAGTCGTCAACAAGAT-1,Multiplet
c2_2_AAGTCGTGTATGACAA-1,BAL 01
c2_2_AAGTCGTGTGCGGCTT-1,Multiplet
c2_2_AAGTCGTGTTACCCAA-1,BAL 03
c2_2_AAGTCGTTCGGCATCG-1,BAL 07
c2_2_AAGTCGTTCTATGCCC-1,Multiplet
c2_2_AAGTGAAAGACTAGAT-1,BAL 03
c2_2_AAGTGAAAGAGAGAAC-1,Multiplet
c2_2_AAGTGAAAGATACTGA-1,BAL 05
c2_2_AAGTGAAAGCTATCTG-1,Multiplet
c2_2_AAGTGAAAGGGACCAT-1,BAL 01
c2_2_AAGTGAACACAATGTC-1,BAL 01
c2_2_AAGTGAACACCGTCGA-1,BAL 02
c2_2_AAGTGAACACGCCAGT-1,BAL 05
c2_2_AAGTGAACAGAACTAA-1,BAL 01
c2_2_AAGTGAACAGCTGTAT-1,BAL 06
c2_2_AAGTGAAGTCATGGCC-1,BAL 04
c2_2_AAGTGAAGTTAAGGGC-1,BAL 04
c2_2_AAGTGAAGTTGCAACT-1,BAL 07
c2_2_AAGTGAAGTTTCCCAC-1,BAL 02
c2_2_AAGTGAATCAAACGAA-1,Multiplet
c2_2_AAGTGAATCAGATGCT-1,BAL 05
c2_2_AAGTGAATCATTTACC-1,Multiplet
c2_2_AAGTGAATCCGAGATT-1,BAL 01
c2_2_AAGTTCGAGGCCTAAG-1,BAL 03
c2_2_AAGTTCGAGGTCCCTG-1,BAL 07
c2_2_AAGTTCGCACTGGAAG-1,BAL 02
c2_2_AAGTTCGGTAAGGCCA-1,BAL 04
c2_2_AAGTTCGGTCCAACGC-1,BAL 07
c2_2_AAGTTCGGTTCCTAAG-1,BAL 03
c2_2_AAGTTCGGTTGTGTAC-1,Negative
c2_2_AAGTTCGTCCAAGCAT-1,BAL 07
c2_2_AAGTTCGTCCACACAA-1,BAL 04
c2_2_AAGTTCGTCCTTGACC-1,BAL 04
c2_2_AAGTTCGTCGGCTGGT-1,BAL 02
c2_2_AAGTTCGTCTACCCAC-1,BAL 07
c2_2_AAGTTCGTCTTGGAAC-1,BAL 05
c2_2_AATAGAGCAACAACAA-1,Multiplet
c2_2_AATAGAGCATGGGATG-1,BAL 07
c2_2_AATAGAGGTACAATAG-1,BAL 01
c2_2_AATAGAGGTCCCGTGA-1,Multiplet
c2_2_AATAGAGGTTATCCAG-1,BAL 05
c2_2_AATAGAGGTTGGCCTG-1,BAL 02
c2_2_AATAGAGGTTTACTGG-1,BAL 06
c2_2_AATAGAGTCAATGCAC-1,BAL 07
c2_2_AATAGAGTCATGCCAA-1,Multiplet
c2_2_AATAGAGTCATGCCGG-1,BAL 05
c2_2_AATAGAGTCGTGCATA-1,BAL 07
c2_2_AATAGAGTCTACGGTA-1,BAL 06
c2_2_AATCACGAGTGATAAC-1,BAL 02
c2_2_AATCACGCAACCACGC-1,BAL 08
c2_2_AATCACGCACTACACA-1,Multiplet
c2_2_AATCACGCAGGAGGAG-1,BAL 02
c2_2_AATCACGGTAGGCTGA-1,BAL 05
c2_2_AATCACGGTGCCCGTA-1,BAL 03
c2_2_AATCACGGTGGCCCAT-1,BAL 06
c2_2_AATCACGGTGGTCTCG-1,Multiplet
c2_2_AATCACGTCAGTGATC-1,BAL 08
c2_2_AATCACGTCCGATTAG-1,BAL 02
c2_2_AATCACGTCCTCAGGG-1,BAL 03
c2_2_AATCACGTCGCCCAGA-1,BAL 04
c2_2_AATCACGTCGGAATTC-1,BAL 05
c2_2_AATCACGTCTCGGTCT-1,BAL 07
c2_2_AATCGACAGGCCTAGA-1,BAL 01
c2_2_AATCGACAGTGTGTTC-1,BAL 02
c2_2_AATCGACCAATTGCTG-1,BAL 03
c2_2_AATCGACCACAGAAGC-1,BAL 08
c2_2_AATCGACCACCTTCGT-1,BAL 07
c2_2_AATCGACCAGCTTCCT-1,Multiplet
c2_2_AATCGACGTGCACGCT-1,BAL 02
c2_2_AATCGACGTGCCTAAT-1,BAL 07
c2_2_AATCGACTCACTCTTA-1,BAL 07
c2_2_AATCGACTCCTTGGAA-1,BAL 02
c2_2_AATCGACTCTAGTCAG-1,BAL 03
c2_2_AATCGTGAGACGAAGA-1,BAL 06
c2_2_AATCGTGAGAGCCGTA-1,BAL 08
c2_2_AATCGTGCACAAGTGG-1,BAL 02
c2_2_AATCGTGCATGACAAA-1,BAL 04
c2_2_AATCGTGGTCCGGACT-1,BAL 06
c2_2_AATCGTGTCGGACGTC-1,BAL 03
c2_2_AATCGTGTCTGCTTAT-1,BAL 02
c2_2_AATCGTGTCTTAATCC-1,Multiplet
c2_2_AATCGTGTCTTAGCCC-1,BAL 05
c2_2_AATGAAGAGCATGTTC-1,BAL 02
c2_2_AATGAAGAGGGCCCTT-1,BAL 07
c2_2_AATGAAGCACTCCACT-1,Multiplet
c2_2_AATGAAGCAGATTTCG-1,Multiplet
c2_2_AATGAAGCATGAGAAT-1,BAL 05
c2_2_AATGAAGGTCCAGCAC-1,BAL 02
c2_2_AATGAAGGTCGAATTC-1,BAL 03
c2_2_AATGAAGGTGCGAGTA-1,BAL 01
c2_2_AATGAAGGTTGCCGCA-1,BAL 05
c2_2_AATGAAGTCCAGCCTT-1,BAL 08
c2_2_AATGAAGTCTCCGCAT-1,BAL 05
c2_2_AATGAAGTCTCTAGGA-1,BAL 06
c2_2_AATGAAGTCTGAGAGG-1,BAL 05
c2_2_AATGACCAGACCAAAT-1,BAL 02
c2_2_AATGACCAGCAAGTCG-1,BAL 08
c2_2_AATGACCAGCGGGTAT-1,BAL 05
c2_2_AATGACCAGGCGATAC-1,BAL 05
c2_2_AATGACCCATGTTTGG-1,BAL 03
c2_2_AATGACCCATTGAAAG-1,BAL 07
c2_2_AATGACCGTACTTCCC-1,BAL 02
c2_2_AATGACCGTCGAAACG-1,BAL 05
c2_2_AATGACCGTGCTGCAC-1,BAL 03
c2_2_AATGCCACAATGGCCC-1,BAL 03
c2_2_AATGCCACACAATTCG-1,BAL 07
c2_2_AATGCCACACCTGAAT-1,BAL 05
c2_2_AATGCCACATCCTATT-1,Multiplet
c2_2_AATGCCAGTGGACTAG-1,BAL 03
c2_2_AATGCCAGTTCTCCTG-1,BAL 05
c2_2_AATGCCAGTTGCATTG-1,BAL 07
c2_2_AATGCCAGTTGTCCCT-1,BAL 07
c2_2_AATGCCATCATTCGTT-1,BAL 08
c2_2_AATGCCATCATTGCTT-1,BAL 08
c2_2_AATGGAAAGCCTTCTC-1,BAL 05
c2_2_AATGGAAAGTAAATGC-1,BAL 08
c2_2_AATGGAACACAAGGTG-1,BAL 07
c2_2_AATGGAACACGCGCAT-1,BAL 03
c2_2_AATGGAACATACTTTC-1,BAL 03
c2_2_AATGGAAGTACGAGTG-1,BAL 03
c2_2_AATGGAATCTAAGCCA-1,BAL 02
c2_2_AATGGCTAGAGGGTCT-1,BAL 02
c2_2_AATGGCTAGCGAGTAC-1,Multiplet
c2_2_AATGGCTAGGACAACC-1,BAL 05
c2_2_AATGGCTAGGTTCATC-1,Multiplet
c2_2_AATGGCTCAACAAAGT-1,BAL 02
c2_2_AATGGCTCATTGAGCT-1,BAL 05
c2_2_AATGGCTGTTATAGAG-1,BAL 02
c2_2_AATGGCTGTTTACCAG-1,BAL 06
c2_2_AATGGCTTCATGGAGG-1,BAL 03
c2_2_AATTCCTAGCCTGACC-1,BAL 01
c2_2_AATTCCTAGTCAGCCC-1,Negative
c2_2_AATTCCTCAAAGACGC-1,BAL 05
c2_2_AATTCCTCACGGGCTT-1,BAL 04
c2_2_AATTCCTGTCCGTTTC-1,BAL 07
c2_2_AATTCCTGTGAACCGA-1,BAL 05
c2_2_AATTCCTGTGCCTACG-1,BAL 08
c2_2_AATTCCTGTTGGCTAT-1,BAL 02
c2_2_AATTCCTTCTAGTGTG-1,Multiplet
c2_2_AATTTCCAGCCGAACA-1,BAL 05
c2_2_AATTTCCAGCGAATGC-1,Multiplet
c2_2_AATTTCCAGCGAGAAA-1,BAL 07
c2_2_AATTTCCAGCTTGTTG-1,BAL 05
c2_2_AATTTCCAGGTGCATG-1,BAL 04
c2_2_AATTTCCAGTCTGCGC-1,BAL 05
c2_2_AATTTCCAGTTCCGTA-1,Negative
c2_2_AATTTCCCAACTTGCA-1,Multiplet
c2_2_AATTTCCCACCGCTAG-1,Multiplet
c2_2_AATTTCCCAGACAAAT-1,BAL 06
c2_2_AATTTCCCATGCCGAC-1,BAL 01
c2_2_AATTTCCGTAACAGTA-1,BAL 05
c2_2_AATTTCCGTCCGGTGT-1,BAL 06
c2_2_AATTTCCTCACGATCA-1,Negative
c2_2_AATTTCCTCATTCGGA-1,Multiplet
c2_2_AATTTCCTCCACTAGA-1,BAL 04
c2_2_AATTTCCTCCGCAACG-1,BAL 04
c2_2_AATTTCCTCCGTCAAA-1,BAL 01
c2_2_AATTTCCTCCTATGGA-1,BAL 05
c2_2_AATTTCCTCTGCCTGT-1,Multiplet
c2_2_ACAAAGACAACTCCAA-1,BAL 03
c2_2_ACAAAGACACTGAGGA-1,BAL 03
c2_2_ACAAAGACAGGAACCA-1,BAL 07
c2_2_ACAAAGACATCTTCGC-1,BAL 05
c2_2_ACAAAGAGTAGTACGG-1,BAL 02
c2_2_ACAAAGAGTCCACTTC-1,BAL 05
c2_2_ACAAAGAGTGGCGCTT-1,BAL 03
c2_2_ACAAAGAGTGGTCCCA-1,BAL 02
c2_2_ACAAAGAGTTCTAACG-1,Multiplet
c2_2_ACAAAGAGTTGCTCGG-1,Multiplet
c2_2_ACAAAGATCACAATGC-1,BAL 08
c2_2_ACAAAGATCAGATGCT-1,BAL 07
c2_2_ACAAAGATCATAGCAC-1,BAL 02
c2_2_ACAAAGATCGACGCGT-1,Multiplet
c2_2_ACAAAGATCTTGCAAG-1,BAL 02
c2_2_ACAACCAAGACTCAAA-1,Multiplet
c2_2_ACAACCAAGATAACGT-1,BAL 05
c2_2_ACAACCAAGGGAGGAC-1,BAL 01
c2_2_ACAACCAAGGGATCTG-1,BAL 06
c2_2_ACAACCAAGGTTGCCC-1,BAL 07
c2_2_ACAACCAAGTAGCCAG-1,Multiplet
c2_2_ACAACCACAGAGTCTT-1,BAL 07
c2_2_ACAACCACAGTGAGCA-1,BAL 08
c2_2_ACAACCAGTATGTGTC-1,BAL 06
c2_2_ACAACCAGTTGTTTGG-1,BAL 05
c2_2_ACAACCATCAACCTTT-1,BAL 02
c2_2_ACAACCATCTGCGAGC-1,BAL 05
c2_2_ACAAGCTAGACCTTTG-1,BAL 04
c2_2_ACAAGCTAGAGGGTAA-1,BAL 01
c2_2_ACAAGCTAGCTCCGAC-1,BAL 06
c2_2_ACAAGCTAGGTTCCAT-1,BAL 06
c2_2_ACAAGCTCACTGTCCT-1,BAL 08
c2_2_ACAAGCTCAGGACAGT-1,BAL 02
c2_2_ACAAGCTCATACATCG-1,BAL 03
c2_2_ACAAGCTCATCACCAA-1,BAL 03
c2_2_ACAAGCTCATTAAAGG-1,BAL 06
c2_2_ACAAGCTGTAGTATAG-1,BAL 05
c2_2_ACAAGCTGTATCAAGA-1,BAL 05
c2_2_ACAAGCTGTGTTCGTA-1,BAL 06
c2_2_ACAAGCTGTTGGCCGT-1,Multiplet
c2_2_ACAAGCTTCCTTATCA-1,BAL 02
c2_2_ACAAGCTTCTCTAAGG-1,BAL 04
c2_2_ACACAGTAGCATTGAA-1,BAL 05
c2_2_ACACAGTAGCGGTAAC-1,BAL 06
c2_2_ACACAGTCAGCTGAGA-1,BAL 01
c2_2_ACACAGTGTCCTCCAT-1,BAL 08
c2_2_ACACAGTGTCGTGTTA-1,BAL 06
c2_2_ACACAGTGTGAAGCTG-1,BAL 01
c2_2_ACACAGTTCACCCTCA-1,BAL 01
c2_2_ACACAGTTCCGCCTAT-1,Multiplet
c2_2_ACACAGTTCGATACGT-1,Multiplet
c2_2_ACACAGTTCGGTGCAC-1,BAL 04
c2_2_ACACCAAAGGCTTAAA-1,BAL 04
c2_2_ACACCAACAAGAATGT-1,Multiplet
c2_2_ACACCAACAATCTGCA-1,BAL 08
c2_2_ACACCAACACTATCCC-1,BAL 02
c2_2_ACACCAAGTAGAAACT-1,BAL 07
c2_2_ACACCAAGTAGTAAGT-1,BAL 04
c2_2_ACACCAAGTCCCTCAT-1,Negative
c2_2_ACACCAAGTTAGTTCG-1,BAL 02
c2_2_ACACCAATCTATGTGG-1,BAL 08
c2_2_ACACCAATCTGTCCCA-1,BAL 05
c2_2_ACACCAATCTTGAACG-1,BAL 02
c2_2_ACACGCGAGCGAGGAG-1,BAL 02
c2_2_ACACGCGAGTGTTGTC-1,BAL 02
c2_2_ACACGCGCACCTCAGG-1,BAL 02
c2_2_ACACGCGCACGAAAGC-1,BAL 04
c2_2_ACACGCGCAGCGTGCT-1,Multiplet
c2_2_ACACGCGGTATGCTTG-1,BAL 08
c2_2_ACACGCGGTTGGGTAG-1,Multiplet
c2_2_ACACGCGTCGACATCA-1,BAL 02
c2_2_ACACGCGTCTATCGGA-1,BAL 08
c2_2_ACACGCGTCTTGTTAC-1,BAL 03
c2_2_ACACTGAAGTCACTAC-1,BAL 05
c2_2_ACACTGACAAACCACT-1,BAL 01
c2_2_ACACTGACAAGAGTAT-1,BAL 05
c2_2_ACACTGACACTACTTT-1,Multiplet
c2_2_ACACTGACAGGGAGAG-1,Multiplet
c2_2_ACACTGACATAACTCG-1,BAL 05
c2_2_ACACTGAGTATCGTAC-1,BAL 01
c2_2_ACACTGAGTCGTTGGC-1,BAL 04
c2_2_ACACTGAGTTAAAGTG-1,BAL 03
c2_2_ACACTGATCCATTTGT-1,Multiplet
c2_2_ACAGAAAAGCGACCCT-1,BAL 04
c2_2_ACAGAAAAGTTACGAA-1,BAL 06
c2_2_ACAGAAACAACGTAAA-1,BAL 06
c2_2_ACAGAAACAAGCGCTC-1,BAL 02
c2_2_ACAGAAACAAGGAGTC-1,Multiplet
c2_2_ACAGAAACAATTCTTC-1,BAL 07
c2_2_ACAGAAACACCATAAC-1,BAL 04
c2_2_ACAGAAACACGTCATA-1,BAL 01
c2_2_ACAGAAACACGTCGGT-1,Multiplet
c2_2_ACAGAAAGTCCGGCAT-1,BAL 02
c2_2_ACAGAAAGTCTCACGG-1,BAL 06
c2_2_ACAGAAATCAGGGATG-1,BAL 05
c2_2_ACAGAAATCGCCAATA-1,Multiplet
c2_2_ACAGCCGCACCAAATC-1,BAL 05
c2_2_ACAGCCGCAGGACGAT-1,BAL 02
c2_2_ACAGCCGCATTCATCT-1,BAL 07
c2_2_ACAGCCGGTCGACGCT-1,BAL 03
c2_2_ACAGCCGGTTTGGCTA-1,BAL 07
c2_2_ACAGCCGTCAGATTGC-1,BAL 05
c2_2_ACAGCCGTCAGGAACG-1,Multiplet
c2_2_ACAGCCGTCATTGCCC-1,BAL 03
c2_2_ACAGCCGTCCGTCACT-1,Multiplet
c2_2_ACAGCCGTCCGTGACG-1,BAL 04
c2_2_ACAGCCGTCGACATAC-1,Multiplet
c2_2_ACAGCCGTCTTCCCGA-1,Negative
c2_2_ACAGGGAAGCGACAGT-1,BAL 04
c2_2_ACAGGGAAGTCACGCC-1,BAL 06
c2_2_ACAGGGACAAGCACCC-1,Negative
c2_2_ACAGGGACACTGGCGT-1,BAL 06
c2_2_ACAGGGACAGAGACTG-1,BAL 08
c2_2_ACAGGGACAGAGCCCT-1,BAL 07
c2_2_ACAGGGAGTAGTACGG-1,BAL 05
c2_2_ACAGGGAGTCACAGAG-1,Negative
c2_2_ACAGGGAGTCCTCCAT-1,BAL 05
c2_2_ACAGGGAGTCGTTGGC-1,BAL 04
c2_2_ACAGGGAGTCTGTGAT-1,Negative
c2_2_ACAGGGAGTGTGTGTT-1,Multiplet
c2_2_ACAGGGAGTTAAGAAC-1,BAL 03
c2_2_ACAGGGAGTTCAAGGG-1,Multiplet
c2_2_ACAGGGAGTTTGGCTA-1,BAL 07
c2_2_ACAGGGATCAGACCCG-1,BAL 04
c2_2_ACAGGGATCATTCCTA-1,BAL 07
c2_2_ACAGGGATCGCTCATC-1,BAL 07
c2_2_ACAGGGATCGGCTCTT-1,BAL 03
c2_2_ACATCCCAGACGGAAA-1,Multiplet
c2_2_ACATCCCAGACTCGAG-1,BAL 02
c2_2_ACATCCCAGGATTTAG-1,BAL 05
c2_2_ACATCCCAGTCACAGG-1,BAL 03
c2_2_ACATCCCCACACTGGC-1,Multiplet
c2_2_ACATCCCCATATCTGG-1,BAL 01
c2_2_ACATCCCCATCTCCCA-1,BAL 08
c2_2_ACATCCCGTATGGAGC-1,BAL 07
c2_2_ACATCCCGTGCGTCGT-1,BAL 06
c2_2_ACATCCCTCCCTCTAG-1,BAL 07
c2_2_ACATCCCTCCTGTTAT-1,BAL 08
c2_2_ACATCGAAGAGCATTA-1,BAL 08
c2_2_ACATCGAAGCACACCC-1,BAL 01
c2_2_ACATCGAAGGTCGACA-1,Multiplet
c2_2_ACATCGACAACTCGTA-1,Multiplet
c2_2_ACATCGACACATACTG-1,BAL 02
c2_2_ACATCGACAGAGGACT-1,Multiplet
c2_2_ACATCGAGTAATGTGA-1,BAL 01
c2_2_ACATCGAGTGGACTGA-1,BAL 02
c2_2_ACATCGAGTTAAGAAC-1,Multiplet
c2_2_ACATCGATCACCTCAC-1,Multiplet
c2_2_ACATCGATCCATACAG-1,BAL 01
c2_2_ACATCGATCTACTGAG-1,BAL 02
c2_2_ACATGCAAGAATTCAG-1,BAL 02
c2_2_ACATGCAAGCGAATGC-1,BAL 03
c2_2_ACATGCAAGCTAAGTA-1,BAL 02
c2_2_ACATGCAAGTACTCGT-1,BAL 05
c2_2_ACATGCAAGTAGGGTC-1,BAL 07
c2_2_ACATGCACAGCGTGCT-1,BAL 02
c2_2_ACATGCACAGTCTACA-1,BAL 03
c2_2_ACATGCACATAACCCA-1,Multiplet
c2_2_ACATGCACATAGGAGC-1,BAL 08
c2_2_ACATGCACATCTCCCA-1,BAL 02
c2_2_ACATGCAGTAGACACG-1,BAL 04
c2_2_ACATGCAGTCACAATC-1,BAL 01
c2_2_ACATGCAGTCGTCATA-1,BAL 01
c2_2_ACATGCAGTGGCAACA-1,BAL 08
c2_2_ACATGCAGTTGCCGCA-1,BAL 08
c2_2_ACATGCAGTTGTGCAT-1,BAL 04
c2_2_ACATGCATCGCCAACG-1,BAL 08
c2_2_ACATGCATCGGTGTAT-1,BAL 03
c2_2_ACATTTCAGGGCTTCC-1,BAL 01
c2_2_ACATTTCAGTGCTCAT-1,BAL 03
c2_2_ACATTTCCAACACGAG-1,BAL 07
c2_2_ACATTTCCAACTCCCT-1,BAL 02
c2_2_ACATTTCGTCACCACG-1,BAL 08
c2_2_ACATTTCGTCTGTGCG-1,BAL 02
c2_2_ACATTTCTCCAATCTT-1,BAL 05
c2_2_ACATTTCTCCGATAGT-1,BAL 02
c2_2_ACATTTCTCGTCCATC-1,BAL 05
c2_2_ACCAAACCAATCGCAT-1,BAL 03
c2_2_ACCAAACCACGTGTGC-1,BAL 02
c2_2_ACCAAACCAGAAATTG-1,BAL 02
c2_2_ACCAAACGTATAGGGC-1,Multiplet
c2_2_ACCAAACGTCAACACT-1,BAL 01
c2_2_ACCAAACGTCGCGTCA-1,BAL 06
c2_2_ACCAAACGTGGCTCTG-1,BAL 02
c2_2_ACCAAACGTTATAGCC-1,BAL 05
c2_2_ACCAAACTCAAAGGTA-1,BAL 05
c2_2_ACCAAACTCGTCCTCA-1,BAL 01
c2_2_ACCAACAAGACGGTTG-1,BAL 02
c2_2_ACCAACAAGAGAGCCT-1,BAL 03
c2_2_ACCAACAAGGTACCTT-1,BAL 01
c2_2_ACCAACAAGTTCCTGA-1,BAL 06
c2_2_ACCAACACAACGACAG-1,BAL 08
c2_2_ACCAACAGTATAGCTC-1,BAL 03
c2_2_ACCAACAGTGGGACAT-1,BAL 02
c2_2_ACCAACAGTGGTCTAT-1,BAL 04
c2_2_ACCAACAGTTAGGGAC-1,BAL 05
c2_2_ACCAACATCCCATTTA-1,BAL 04
c2_2_ACCAACATCCGAACGC-1,BAL 02
c2_2_ACCAACATCGTCGATA-1,BAL 08
c2_2_ACCAACATCGTTCTCG-1,BAL 06
c2_2_ACCAACATCTGGGATT-1,BAL 02
c2_2_ACCACAAAGAGATGCC-1,BAL 04
c2_2_ACCACAAAGCAAACAT-1,BAL 08
c2_2_ACCACAAAGTCATCGT-1,BAL 04
c2_2_ACCACAAAGTTGGGAC-1,Multiplet
c2_2_ACCACAACAGTATGAA-1,Multiplet
c2_2_ACCACAACATTGTAGC-1,BAL 03
c2_2_ACCACAAGTACTAAGA-1,BAL 03
c2_2_ACCACAAGTAGCGAGT-1,Multiplet
c2_2_ACCACAAGTCAGTCGC-1,BAL 04
c2_2_ACCACAAGTCATGCAT-1,Multiplet
c2_2_ACCACAAGTGGACCAA-1,BAL 05
c2_2_ACCACAAGTTCTCAGA-1,Negative
c2_2_ACCACAAGTTTCGGCG-1,BAL 08
c2_2_ACCACAATCCTCGCAT-1,BAL 03
c2_2_ACCACAATCGGTAAGG-1,Multiplet
c2_2_ACCACAATCGTAACAC-1,Multiplet
c2_2_ACCACAATCGTCTACC-1,BAL 02
c2_2_ACCACAATCTAGGAAA-1,Multiplet
c2_2_ACCATTTAGACAGCTG-1,Multiplet
c2_2_ACCATTTAGACGGTCA-1,BAL 08
c2_2_ACCATTTAGCAGCAGT-1,BAL 08
c2_2_ACCATTTAGCCTTGAT-1,BAL 02
c2_2_ACCATTTAGCGTGCTC-1,BAL 08
c2_2_ACCATTTAGTTCACTG-1,BAL 07
c2_2_ACCATTTCAAACACGG-1,Negative
c2_2_ACCATTTCACATTCTT-1,BAL 07
c2_2_ACCATTTCACTTGGCG-1,BAL 01
c2_2_ACCATTTGTACTGCCG-1,BAL 07
c2_2_ACCATTTGTGCTCCGA-1,BAL 05
c2_2_ACCATTTGTGGACAGT-1,BAL 01
c2_2_ACCATTTGTTCAGGTT-1,Multiplet
c2_2_ACCATTTTCCGCAGTG-1,BAL 05
c2_2_ACCATTTTCCGTCCTA-1,BAL 02
c2_2_ACCCAAAAGACTAGAT-1,BAL 03
c2_2_ACCCAAAAGATACCAA-1,BAL 07
c2_2_ACCCAAAAGATTGATG-1,BAL 05
c2_2_ACCCAAAAGCCATTTG-1,BAL 03
c2_2_ACCCAAAAGGAAAGAC-1,BAL 05
c2_2_ACCCAAAAGGATGTTA-1,Multiplet
c2_2_ACCCAAACAATACGAA-1,Multiplet
c2_2_ACCCAAACACCTGCTT-1,BAL 02
c2_2_ACCCAAACACGAGGTA-1,BAL 05
c2_2_ACCCAAACACGTTGGC-1,Multiplet
c2_2_ACCCAAACATGGCACC-1,BAL 06
c2_2_ACCCAAAGTATGTCCA-1,BAL 06
c2_2_ACCCAAAGTGACTCTA-1,BAL 03
c2_2_ACCCAAAGTGCAATAA-1,BAL 08
c2_2_ACCCAAAGTTCGGACC-1,BAL 02
c2_2_ACCCAAATCCGACGGT-1,BAL 01
c2_2_ACCCTCAAGAGGACTC-1,BAL 08
c2_2_ACCCTCAAGCTAAGTA-1,Multiplet
c2_2_ACCCTCAAGGGCGAGA-1,BAL 07
c2_2_ACCCTCAAGTGCCAGA-1,BAL 04
c2_2_ACCCTCACACTGTCGG-1,BAL 07
c2_2_ACCCTCACATAGAATG-1,BAL 08
c2_2_ACCCTCACATTCTCCG-1,BAL 03
c2_2_ACCCTCAGTACGAGTG-1,Multiplet
c2_2_ACCCTCAGTGCTCTCT-1,BAL 08
c2_2_ACCCTCAGTTACACTG-1,BAL 03
c2_2_ACCCTCATCAGGACAG-1,BAL 02
c2_2_ACCCTCATCATTTCCA-1,BAL 06
c2_2_ACCCTCATCCTCGCAT-1,Negative
c2_2_ACCCTCATCTAACGCA-1,BAL 05
c2_2_ACCCTTGAGGGCCCTT-1,BAL 05
c2_2_ACCCTTGAGGTCCCTG-1,BAL 01
c2_2_ACCCTTGAGGTTTGAA-1,BAL 06
c2_2_ACCCTTGAGTCATACC-1,BAL 08
c2_2_ACCCTTGCAAAGGTTA-1,BAL 07
c2_2_ACCCTTGCACCTCGTT-1,BAL 03
c2_2_ACCCTTGCACGCGTCA-1,BAL 02
c2_2_ACCCTTGCAGCGTGCT-1,Multiplet
c2_2_ACCCTTGGTACGGGAT-1,BAL 02
c2_2_ACCCTTGGTCCGAAAG-1,BAL 04
c2_2_ACCCTTGGTTGTGGCC-1,Multiplet
c2_2_ACCCTTGTCGCCAATA-1,BAL 05
c2_2_ACCCTTGTCTGTCAGA-1,BAL 06
c2_2_ACCGTTCAGCCAACCC-1,Multiplet
c2_2_ACCGTTCAGCTGTCCG-1,BAL 07
c2_2_ACCGTTCAGGGACTGT-1,BAL 03
c2_2_ACCGTTCAGGGCTGAT-1,BAL 07
c2_2_ACCGTTCAGTCTGGAG-1,BAL 05
c2_2_ACCGTTCAGTTCATCG-1,BAL 05
c2_2_ACCGTTCCAAACCGGA-1,BAL 08
c2_2_ACCGTTCCAGCTGAAG-1,BAL 07
c2_2_ACCGTTCCAGGGTCTC-1,BAL 03
c2_2_ACCGTTCCAGTGCCTG-1,Multiplet
c2_2_ACCGTTCGTCACGCTG-1,BAL 02
c2_2_ACCGTTCTCTGTCTCG-1,Negative
c2_2_ACCTACCAGTTGAAGT-1,BAL 02
c2_2_ACCTACCCACCCTTAC-1,BAL 07
c2_2_ACCTACCCAGCCGTTG-1,BAL 07
c2_2_ACCTACCCAGCTCCTT-1,BAL 01
c2_2_ACCTACCGTAACCAGG-1,BAL 07
c2_2_ACCTACCGTACTCGTA-1,BAL 02
c2_2_ACCTACCGTGACCTGC-1,BAL 08
c2_2_ACCTACCTCCCTCAAC-1,BAL 03
c2_2_ACCTGAAAGTCATCCA-1,Multiplet
c2_2_ACCTGAAAGTTTCGGT-1,BAL 04
c2_2_ACCTGAACAAATGCTC-1,BAL 03
c2_2_ACCTGAACAAGGCCTC-1,BAL 04
c2_2_ACCTGAACAATTCACG-1,BAL 05
c2_2_ACCTGAACAGAACTCT-1,BAL 05
c2_2_ACCTGAAGTCTACAGT-1,BAL 05
c2_2_ACCTGAATCTACAGGT-1,Multiplet
c2_2_ACCTGAATCTAGAGCT-1,Multiplet
c2_2_ACCTGAATCTTTCAGT-1,BAL 02
c2_2_ACCTGTCAGCGTCTCG-1,BAL 01
c2_2_ACCTGTCAGGAAGTAG-1,BAL 03
c2_2_ACCTGTCAGGACCCAA-1,Multiplet
c2_2_ACCTGTCAGGGCAACT-1,BAL 05
c2_2_ACCTGTCCACTGTCCT-1,BAL 04
c2_2_ACCTGTCCAGATGCGA-1,BAL 02
c2_2_ACCTGTCGTAACAAGT-1,BAL 06
c2_2_ACCTGTCGTACCATAC-1,BAL 07
c2_2_ACCTGTCGTAGATCCT-1,Multiplet
c2_2_ACCTGTCGTCCCTGTT-1,Multiplet
c2_2_ACCTGTCGTCCGGACT-1,BAL 07
c2_2_ACCTGTCGTCGGAACA-1,BAL 08
c2_2_ACCTGTCGTTAGGCTT-1,BAL 07
c2_2_ACCTGTCTCAGTGCGC-1,BAL 01
c2_2_ACCTGTCTCCGTGGGT-1,BAL 02
c2_2_ACCTGTCTCCTACAAG-1,Multiplet
c2_2_ACCTGTCTCTTGCAGA-1,BAL 01
c2_2_ACGATCAAGACCCTTA-1,BAL 02
c2_2_ACGATCAAGAGAGCAA-1,BAL 04
c2_2_ACGATCACAATACCCA-1,BAL 02
c2_2_ACGATCACAGCCCAGT-1,BAL 02
c2_2_ACGATCACATCCAATG-1,BAL 01
c2_2_ACGATCAGTCAGTTTG-1,BAL 04
c2_2_ACGATCAGTCTTCGAA-1,BAL 03
c2_2_ACGATCATCAACTTTC-1,BAL 08
c2_2_ACGATCATCAGCAGAG-1,BAL 03
c2_2_ACGATCATCCAGCTCT-1,BAL 03
c2_2_ACGATCATCGTAGTGT-1,BAL 04
c2_2_ACGATCATCGTTGTGA-1,BAL 01
c2_2_ACGATGTAGTGGTTGG-1,Multiplet
c2_2_ACGATGTCAAGAGCTG-1,BAL 03
c2_2_ACGATGTCATCATCTT-1,BAL 03
c2_2_ACGATGTGTAGCTGCC-1,BAL 03
c2_2_ACGATGTGTATCTCGA-1,BAL 03
c2_2_ACGATGTGTGCCGGTT-1,BAL 08
c2_2_ACGATGTGTGCTAGCC-1,BAL 01
c2_2_ACGATGTGTGTAGTGG-1,BAL 06
c2_2_ACGATGTGTTAAGACA-1,BAL 03
c2_2_ACGATGTTCGATTGAC-1,BAL 01
c2_2_ACGATGTTCGGTCAGC-1,BAL 02
c2_2_ACGCACGAGATAGTCA-1,BAL 03
c2_2_ACGCACGAGCACTCTA-1,BAL 02
c2_2_ACGCACGAGCTGAGTG-1,BAL 07
c2_2_ACGCACGAGTACGAGC-1,Multiplet
c2_2_ACGCACGAGTGCGCTC-1,Multiplet
c2_2_ACGCACGAGTGGTGGT-1,BAL 03
c2_2_ACGCACGCACCTGAAT-1,Multiplet
c2_2_ACGCACGCACTTCAAG-1,BAL 02
c2_2_ACGCACGGTAATGCGG-1,Multiplet
c2_2_ACGCACGGTCTCGGAC-1,BAL 06
c2_2_ACGCACGGTGTTGAGG-1,BAL 05
c2_2_ACGCACGGTTAGGCCC-1,BAL 08
c2_2_ACGCACGTCACCTGTC-1,BAL 08
c2_2_ACGCACGTCAGCTTGA-1,BAL 05
c2_2_ACGCACGTCTCAAAGC-1,BAL 03
c2_2_ACGGAAGCAACTGATC-1,BAL 06
c2_2_ACGGAAGCATCGTGGC-1,Multiplet
c2_2_ACGGAAGGTAGAATAC-1,BAL 06
c2_2_ACGGAAGGTATCCTTT-1,Multiplet
c2_2_ACGGAAGGTATCGAGG-1,BAL 05
c2_2_ACGGAAGGTCGGAAAC-1,BAL 05
c2_2_ACGGAAGTCAAGAGTA-1,Multiplet
c2_2_ACGGAAGTCCTCTCTT-1,Multiplet
c2_2_ACGGAAGTCGAGATGG-1,BAL 06
c2_2_ACGGAAGTCTAGACCA-1,BAL 07
c2_2_ACGGGTCAGACGGTTG-1,Multiplet
c2_2_ACGGGTCAGCATCCTA-1,BAL 01
c2_2_ACGGGTCAGTGGATAT-1,BAL 01
c2_2_ACGGGTCCAACTCGTA-1,Multiplet
c2_2_ACGGGTCCAATACGCT-1,BAL 03
c2_2_ACGGGTCCAGGAACCA-1,BAL 03
c2_2_ACGGGTCCATAACAGA-1,Multiplet
c2_2_ACGGGTCGTAACGTTC-1,Multiplet
c2_2_ACGGGTCGTCTACAAC-1,BAL 03
c2_2_ACGGGTCGTTAGGGTG-1,Multiplet
c2_2_ACGGGTCGTTATGACC-1,BAL 01
c2_2_ACGGGTCTCAATCGGT-1,Multiplet
c2_2_ACGGGTCTCAGACCGC-1,BAL 02
c2_2_ACGGGTCTCATTGCGA-1,Multiplet
c2_2_ACGGGTCTCTACGCGG-1,BAL 04
c2_2_ACGGGTCTCTTTGCGC-1,BAL 08
c2_2_ACGGTCGAGGGTTAAT-1,BAL 04
c2_2_ACGGTCGAGGTTGACG-1,BAL 02
c2_2_ACGGTCGAGTCATCCA-1,Multiplet
c2_2_ACGGTCGCACTACCCT-1,BAL 03
c2_2_ACGGTCGCAGACCTAT-1,BAL 02
c2_2_ACGGTCGCAGGCATTT-1,BAL 05
c2_2_ACGGTCGCATCACCAA-1,BAL 02
c2_2_ACGGTCGCATGTGGCC-1,BAL 08
c2_2_ACGGTCGCATTGCTGA-1,BAL 02
c2_2_ACGGTCGTCACATCAG-1,Multiplet
c2_2_ACGGTCGTCGTACCTC-1,BAL 06
c2_2_ACGGTCGTCTCGGTCT-1,BAL 06
c2_2_ACGGTTAAGCTGGCTC-1,BAL 08
c2_2_ACGGTTAAGGCGACAT-1,BAL 05
c2_2_ACGGTTACACATTGTG-1,BAL 03
c2_2_ACGGTTACAGAGCCCT-1,BAL 05
c2_2_ACGGTTACAGGAAGTC-1,BAL 02
c2_2_ACGGTTAGTAACTAAG-1,Multiplet
c2_2_ACGGTTAGTCAAGCGA-1,BAL 08
c2_2_ACGGTTAGTGGGACAT-1,BAL 04
c2_2_ACGGTTAGTTAAGGAT-1,Multiplet
c2_2_ACGGTTATCATGAAAG-1,BAL 02
c2_2_ACGGTTATCCCTTGGT-1,BAL 06
c2_2_ACGGTTATCGTCTACC-1,BAL 01
c2_2_ACGGTTATCTAAGCCA-1,BAL 03
c2_2_ACGGTTATCTCTTCAA-1,BAL 07
c2_2_ACGTAACAGACTGAGC-1,BAL 04
c2_2_ACGTAACAGCACAAAT-1,BAL 08
c2_2_ACGTAACAGCGATGCA-1,BAL 07
c2_2_ACGTAACAGGAGTACC-1,BAL 07
c2_2_ACGTAACAGGCTTAGG-1,BAL 08
c2_2_ACGTAACAGTCGTCTA-1,Multiplet
c2_2_ACGTAACAGTCTCGTA-1,BAL 04
c2_2_ACGTAACCAGGAACCA-1,BAL 05
c2_2_ACGTAACCAGGTCAGA-1,Multiplet
c2_2_ACGTAACGTAAGCTCT-1,BAL 05
c2_2_ACGTAACGTACGCTAT-1,BAL 05
c2_2_ACGTAACGTACGTACT-1,BAL 02
c2_2_ACGTAACGTGCAATGG-1,BAL 02
c2_2_ACGTAACGTGTATACC-1,BAL 03
c2_2_ACGTAACTCACACCGG-1,Multiplet
c2_2_ACGTAACTCGCCGAAC-1,BAL 04
c2_2_ACGTAACTCGGACTGC-1,BAL 04
c2_2_ACGTAACTCGTCCTTG-1,BAL 08
c2_2_ACGTAACTCTTCTAAC-1,BAL 05
c2_2_ACGTACAAGAGTTGCG-1,BAL 01
c2_2_ACGTACAAGATTACCC-1,Multiplet
c2_2_ACGTACACAAATTAGG-1,Multiplet
c2_2_ACGTACACAACCAATC-1,Multiplet
c2_2_ACGTACACAAGCACAG-1,BAL 07
c2_2_ACGTACACAGAGTCAG-1,BAL 06
c2_2_ACGTACACATAGGTTC-1,BAL 03
c2_2_ACGTACACATCATTTC-1,Multiplet
c2_2_ACGTACAGTATCGATC-1,BAL 02
c2_2_ACGTACAGTCAGGCAA-1,BAL 06
c2_2_ACGTACAGTGTCGATT-1,BAL 07
c2_2_ACGTAGTGTCAGACGA-1,BAL 02
c2_2_ACGTAGTGTCTGTAAC-1,BAL 08
c2_2_ACGTAGTGTGAGGAAA-1,BAL 07
c2_2_ACGTCCTAGAGGTCGT-1,BAL 07
c2_2_ACGTCCTAGATGCAGC-1,Multiplet
c2_2_ACGTCCTAGCAGATAT-1,Multiplet
c2_2_ACGTCCTCAATAACGA-1,BAL 04
c2_2_ACGTCCTCACTCTGCT-1,BAL 08
c2_2_ACGTCCTCACTGAGTT-1,BAL 01
c2_2_ACGTCCTCAGTAGTTC-1,BAL 07
c2_2_ACGTCCTCAGTTAGGG-1,BAL 03
c2_2_ACGTCCTCATTCGGGC-1,BAL 02
c2_2_ACGTCCTGTACGCTTA-1,BAL 07
c2_2_ACGTCCTGTATTTCTC-1,Multiplet
c2_2_ACGTCCTGTCTACGAT-1,Multiplet
c2_2_ACGTCCTGTGCATGTT-1,BAL 03
c2_2_ACGTCCTGTTCTCCAC-1,BAL 08
c2_2_ACGTCCTTCAACACCA-1,BAL 02
c2_2_ACGTCCTTCACATTGG-1,BAL 05
c2_2_ACGTCCTTCCTACCGT-1,BAL 01
c2_2_ACGTCCTTCGGACAAG-1,Multiplet
c2_2_ACGTCCTTCTGGAAGG-1,BAL 04
c2_2_ACGTCCTTCTGGGAGA-1,BAL 05
c2_2_ACGTTCCAGAAGCGAA-1,BAL 07
c2_2_ACGTTCCAGATGAAGG-1,BAL 03
c2_2_ACGTTCCAGTGCACAG-1,BAL 05
c2_2_ACGTTCCCAAGCCCAC-1,Multiplet
c2_2_ACGTTCCGTATCAGCT-1,Multiplet
c2_2_ACGTTCCGTTCCCACT-1,BAL 06
c2_2_ACGTTCCTCCGCATAA-1,BAL 07
c2_2_ACGTTCCTCGGCAGTC-1,Multiplet
c2_2_ACGTTCCTCTAGACCA-1,BAL 03
c2_2_ACGTTCCTCTTCGACC-1,BAL 02
c2_2_ACTACGACAGAGTCAG-1,Multiplet
c2_2_ACTACGACAGTAGATA-1,Multiplet
c2_2_ACTACGACATCGCTCT-1,BAL 07
c2_2_ACTACGACATCTCAAG-1,BAL 05
c2_2_ACTACGAGTCTGTAAC-1,BAL 06
c2_2_ACTACGAGTGGTCTAT-1,BAL 02
c2_2_ACTACGAGTTGGCCGT-1,BAL 08
c2_2_ACTACGATCGTCAGAT-1,Multiplet
c2_2_ACTATCTAGAATTCAG-1,Multiplet
c2_2_ACTATCTAGCCTCGTG-1,BAL 08
c2_2_ACTATCTAGCGTCTCG-1,BAL 04
c2_2_ACTATCTAGGTGAGCT-1,BAL 07
c2_2_ACTATCTAGTAGCCAG-1,BAL 03
c2_2_ACTATCTCAACTGTGT-1,Multiplet
c2_2_ACTATCTCAATTGAAG-1,BAL 07
c2_2_ACTATCTCACTGCGAC-1,BAL 03
c2_2_ACTATCTCATTGGCAT-1,Multiplet
c2_2_ACTATCTGTTCATCGA-1,Multiplet
c2_2_ACTATCTGTTCGTAAC-1,Multiplet
c2_2_ACTATCTTCAAATGAG-1,BAL 04
c2_2_ACTATCTTCCACGTAA-1,BAL 05
c2_2_ACTATCTTCCTATTGT-1,Multiplet
c2_2_ACTATCTTCGTCCATC-1,Multiplet
c2_2_ACTATCTTCTCATGGA-1,BAL 02
c2_2_ACTATGGAGACCTTTG-1,BAL 05
c2_2_ACTATGGAGCCATTCA-1,BAL 03
c2_2_ACTATGGAGCCGTTAT-1,BAL 07
c2_2_ACTATGGAGCGACTGA-1,BAL 03
c2_2_ACTATGGAGTCCCGAC-1,BAL 02
c2_2_ACTATGGAGTTCCGTA-1,Multiplet
c2_2_ACTATGGCAAATACGA-1,BAL 03
c2_2_ACTATGGCAAGTGATA-1,BAL 01
c2_2_ACTATGGCAGGGAGAG-1,Multiplet
c2_2_ACTATGGGTAATCAAG-1,BAL 07
c2_2_ACTATGGGTGTCATGT-1,BAL 07
c2_2_ACTATGGTCACACCGG-1,BAL 03
c2_2_ACTATGGTCTTCCTAA-1,Multiplet
c2_2_ACTATGGTCTTCGACC-1,Multiplet
c2_2_ACTATTCAGCCTCTTC-1,BAL 07
c2_2_ACTATTCAGCGTACAG-1,BAL 01
c2_2_ACTATTCCATACTGTG-1,Multiplet
c2_2_ACTATTCGTACGACAG-1,BAL 04
c2_2_ACTATTCGTTGCCGAC-1,BAL 02
c2_2_ACTATTCGTTTGCAGT-1,BAL 03
c2_2_ACTATTCTCCACAAGT-1,BAL 03
c2_2_ACTATTCTCCACTAGA-1,BAL 05
c2_2_ACTATTCTCGTAACAC-1,BAL 08
c2_2_ACTATTCTCTGGGCCA-1,BAL 01
c2_2_ACTCCCAAGAAACACT-1,BAL 05
c2_2_ACTCCCAAGGATACAT-1,Multiplet
c2_2_ACTCCCACAACTACGT-1,Negative
c2_2_ACTCCCACAAGCACCC-1,Multiplet
c2_2_ACTCCCACACGTACTA-1,BAL 02
c2_2_ACTCCCACAGCTTCCT-1,Multiplet
c2_2_ACTCCCACATCGATGT-1,BAL 07
c2_2_ACTCCCAGTATGCAAA-1,BAL 08
c2_2_ACTCCCAGTGTACAGG-1,BAL 05
c2_2_ACTCCCATCGCGTGAC-1,BAL 02
c2_2_ACTCCCATCTTCGACC-1,BAL 08
c2_2_ACTCTCGCAAATGATG-1,BAL 07
c2_2_ACTCTCGCAAGGGCAT-1,BAL 04
c2_2_ACTCTCGCAATGAACA-1,BAL 03
c2_2_ACTCTCGCACTGGACC-1,Multiplet
c2_2_ACTCTCGCAGAAACCG-1,BAL 05
c2_2_ACTCTCGCAGACAAAT-1,BAL 06
c2_2_ACTCTCGCATGAAGGC-1,BAL 05
c2_2_ACTCTCGGTCACCCTT-1,BAL 03
c2_2_ACTCTCGGTTTAGACC-1,BAL 08
c2_2_ACTCTCGTCAGCAGAG-1,BAL 07
c2_2_ACTCTCGTCTCGGTCT-1,Multiplet
c2_2_ACTGATGAGCTACTGT-1,BAL 08
c2_2_ACTGATGAGTGTGTTC-1,Negative
c2_2_ACTGATGCACCCGTAG-1,BAL 08
c2_2_ACTGATGCATAAGCGG-1,Multiplet
c2_2_ACTGATGCATATTCGG-1,BAL 07
c2_2_ACTGATGGTATCAGGG-1,BAL 05
c2_2_ACTGATGGTATGGAGC-1,BAL 04
c2_2_ACTGATGGTGGCAACA-1,BAL 07
c2_2_ACTGATGGTGGCTCTG-1,BAL 04
c2_2_ACTGATGGTGTCTTCC-1,BAL 07
c2_2_ACTGATGGTTATAGCC-1,BAL 02
c2_2_ACTGATGGTTTCGCTC-1,BAL 07
c2_2_ACTGATGTCATCCTAT-1,BAL 07
c2_2_ACTGATGTCCATTTCA-1,BAL 07
c2_2_ACTGATGTCCGACAGC-1,BAL 05
c2_2_ACTGATGTCTGCTAGA-1,BAL 05
c2_2_ACTGCAAAGACTACGG-1,BAL 05
c2_2_ACTGCAAAGCTGAGCA-1,BAL 07
c2_2_ACTGCAACAAATTGGA-1,Multiplet
c2_2_ACTGCAACACACAGAG-1,BAL 08
c2_2_ACTGCAACACGGGCTT-1,BAL 02
c2_2_ACTGCAACACTGAGGA-1,BAL 02
c2_2_ACTGCAACAGCTGGTC-1,BAL 03
c2_2_ACTGCAACATGTTTGG-1,BAL 04
c2_2_ACTGCAAGTACCGGCT-1,BAL 05
c2_2_ACTGCAAGTATTGACC-1,Multiplet
c2_2_ACTGCAAGTCGCCTAG-1,BAL 05
c2_2_ACTGCAAGTTCCGCAG-1,BAL 01
c2_2_ACTGCAAGTTCGTTCC-1,Multiplet
c2_2_ACTGCAAGTTTGCCGG-1,BAL 08
c2_2_ACTGCAATCCGTTGGG-1,BAL 04
c2_2_ACTGCAATCCTAAACG-1,Multiplet
c2_2_ACTGTCCAGAATTCAG-1,BAL 03
c2_2_ACTGTCCAGACATAGT-1,Multiplet
c2_2_ACTGTCCAGACATATG-1,BAL 07
c2_2_ACTGTCCAGATGTTAG-1,BAL 03
c2_2_ACTGTCCAGCGGTATG-1,Multiplet
c2_2_ACTGTCCAGGATGCGT-1,BAL 03
c2_2_ACTGTCCAGGTACAAT-1,BAL 03
c2_2_ACTGTCCCACCATAAC-1,BAL 03
c2_2_ACTGTCCCATAGGAGC-1,BAL 08
c2_2_ACTGTCCCATGACACT-1,BAL 05
c2_2_ACTGTCCCATGGAATA-1,Multiplet
c2_2_ACTGTCCGTAAGACCG-1,Multiplet
c2_2_ACTGTCCGTATGCAAA-1,BAL 07
c2_2_ACTGTCCGTCACTCAA-1,BAL 03
c2_2_ACTGTCCGTCTCTCTG-1,BAL 05
c2_2_ACTGTCCGTGATCGTT-1,Multiplet
c2_2_ACTGTCCGTTCCGGTG-1,Negative
c2_2_ACTGTCCGTTGTTGTG-1,BAL 01
c2_2_ACTGTCCTCAGGAACG-1,BAL 02
c2_2_ACTGTCCTCATTTGCT-1,BAL 05
c2_2_ACTGTCCTCCCTCTCC-1,BAL 03
c2_2_ACTGTCCTCCTGTTGC-1,BAL 02
c2_2_ACTGTGAAGCAGCCCT-1,BAL 02
c2_2_ACTGTGAAGCTCCACG-1,Multiplet
c2_2_ACTGTGAAGGTGGCTA-1,Multiplet
c2_2_ACTGTGAAGTGGGAAA-1,BAL 01
c2_2_ACTGTGACAATGCAAA-1,BAL 01
c2_2_ACTGTGACATCAACCA-1,BAL 08
c2_2_ACTGTGACATGTGCCG-1,Multiplet
c2_2_ACTGTGAGTTAGTTCG-1,BAL 04
c2_2_ACTGTGATCATCACTT-1,BAL 03
c2_2_ACTGTGATCGAGTGAG-1,BAL 04
c2_2_ACTGTGATCGATGCTA-1,BAL 08
c2_2_ACTTAGGAGGTAGATT-1,BAL 02
c2_2_ACTTAGGCACGACTAT-1,BAL 08
c2_2_ACTTAGGCAGCTCGGT-1,BAL 02
c2_2_ACTTAGGCATTAGGCT-1,BAL 04
c2_2_ACTTAGGGTGCCGGTT-1,BAL 03
c2_2_ACTTAGGGTGTTTCTT-1,Multiplet
c2_2_ACTTAGGTCGTGCTCT-1,BAL 05
c2_2_ACTTATCAGAGCCCAA-1,BAL 03
c2_2_ACTTATCAGATGCGAC-1,BAL 07
c2_2_ACTTATCAGCCAACCC-1,BAL 01
c2_2_ACTTATCAGCCATATC-1,BAL 05
c2_2_ACTTATCAGGGTAGCT-1,BAL 01
c2_2_ACTTATCCAAGAGCTG-1,BAL 02
c2_2_ACTTATCGTACAGAGC-1,Multiplet
c2_2_ACTTATCGTCACAGAG-1,BAL 03
c2_2_ACTTATCTCACGGTCG-1,Multiplet
c2_2_ACTTATCTCATCAGTG-1,BAL 08
c2_2_ACTTATCTCCCATAGA-1,Multiplet
c2_2_ACTTATCTCCGAACGC-1,BAL 06
c2_2_ACTTATCTCGGATACT-1,BAL 01
c2_2_ACTTATCTCGGTCATA-1,BAL 08
c2_2_ACTTATCTCTGCCTGT-1,BAL 03
c2_2_ACTTCCGAGACATGCG-1,BAL 02
c2_2_ACTTCCGAGACCATTC-1,Multiplet
c2_2_ACTTCCGAGGACGGAG-1,BAL 02
c2_2_ACTTCCGAGTATCCTG-1,BAL 06
c2_2_ACTTCCGCAAATCAGA-1,Multiplet
c2_2_ACTTCCGCATCACAGT-1,BAL 02
c2_2_ACTTCCGGTGTACATC-1,Multiplet
c2_2_ACTTCCGGTTCGGTAT-1,BAL 08
c2_2_ACTTCCGGTTCTCAGA-1,Multiplet
c2_2_ACTTCCGGTTGTGCAT-1,BAL 01
c2_2_ACTTCCGTCACGGAGA-1,BAL 08
c2_2_ACTTCCGTCACTGAAC-1,Multiplet
c2_2_ACTTCCGTCATCTACT-1,Multiplet
c2_2_ACTTCGCAGCCATGCC-1,BAL 03
c2_2_ACTTCGCAGGGATCGT-1,BAL 07
c2_2_ACTTCGCAGGGCGAGA-1,Multiplet
c2_2_ACTTCGCCACCATATG-1,BAL 05
c2_2_ACTTCGCCACTGGCGT-1,BAL 07
c2_2_ACTTCGCCAGTATTCG-1,BAL 03
c2_2_ACTTCGCCATAATGAG-1,BAL 08
c2_2_ACTTCGCCATAGAATG-1,BAL 02
c2_2_ACTTCGCGTGCCGAAA-1,BAL 04
c2_2_ACTTCGCTCACCATAG-1,BAL 02
c2_2_ACTTCGCTCTGTCGTC-1,BAL 06
c2_2_ACTTTCAAGGACCCAA-1,BAL 04
c2_2_ACTTTCAAGTAATTGG-1,BAL 06
c2_2_ACTTTCAAGTTGCTCA-1,BAL 06
c2_2_ACTTTCACAATGGCAG-1,BAL 06
c2_2_ACTTTCACACCGTGCA-1,Multiplet
c2_2_ACTTTCAGTGACTGTT-1,BAL 03
c2_2_ACTTTCAGTTGCGTAT-1,BAL 06
c2_2_ACTTTCATCCGGTTCT-1,BAL 07
c2_2_ACTTTCATCTCGCAGG-1,BAL 05
c2_2_ACTTTGTAGACTCAAA-1,BAL 03
c2_2_ACTTTGTAGAGAGTGA-1,Multiplet
c2_2_ACTTTGTAGCTGGCCT-1,Multiplet
c2_2_ACTTTGTAGTAGCCAG-1,BAL 02
c2_2_ACTTTGTAGTCCTGTA-1,BAL 04
c2_2_ACTTTGTCACTAGAGG-1,BAL 01
c2_2_ACTTTGTCAGAGGTAC-1,BAL 02
c2_2_ACTTTGTCATTGACCA-1,BAL 06
c2_2_ACTTTGTGTAGGTGCA-1,BAL 08
c2_2_ACTTTGTGTGTCATGT-1,BAL 01
c2_2_ACTTTGTGTTAAAGTG-1,BAL 02
c2_2_ACTTTGTTCAAATGAG-1,BAL 02
c2_2_ACTTTGTTCCTCTAGC-1,BAL 08
c2_2_ACTTTGTTCGCCGAGT-1,BAL 06
c2_2_ACTTTGTTCTTTGCAT-1,BAL 06
c2_2_AGAAATGCAACGGGTA-1,BAL 02
c2_2_AGAAATGCAAGTTCCA-1,Multiplet
c2_2_AGAAATGCACTGCATA-1,BAL 07
c2_2_AGAAATGCACTTCAAG-1,Multiplet
c2_2_AGAAATGCAGCACAGA-1,BAL 04
c2_2_AGAAATGCATGAAGGC-1,BAL 07
c2_2_AGAAATGCATGGCTAT-1,BAL 01
c2_2_AGAAATGGTACTTGTG-1,BAL 02
c2_2_AGAAATGGTCGACTTA-1,Multiplet
c2_2_AGAAATGGTGAGATCG-1,BAL 04
c2_2_AGAAATGTCACGGGAA-1,BAL 03
c2_2_AGAAATGTCGAAGCAG-1,BAL 01
c2_2_AGAAATGTCGCTAGCG-1,Multiplet
c2_2_AGAAATGTCTCCTGCA-1,BAL 03
c2_2_AGAACAACAACTAGAA-1,BAL 05
c2_2_AGAACAACACAGCATT-1,BAL 01
c2_2_AGAACAACATCCTTCG-1,Multiplet
c2_2_AGAACAAGTATCGCGC-1,Multiplet
c2_2_AGAACAAGTGACTATC-1,BAL 03
c2_2_AGAACAATCAAGCCAT-1,BAL 08
c2_2_AGAACAATCAAGCTTG-1,Multiplet
c2_2_AGAACAATCACGAGGA-1,BAL 03
c2_2_AGAACAATCAGTGTGT-1,BAL 05
c2_2_AGAACCTAGAACCGCA-1,Multiplet
c2_2_AGAACCTAGAGTATAC-1,BAL 05
c2_2_AGAACCTAGGCTTAGG-1,BAL 04
c2_2_AGAACCTAGGTACCTT-1,BAL 06
c2_2_AGAACCTCAACACTAC-1,BAL 02
c2_2_AGAACCTCAGACCGCT-1,Multiplet
c2_2_AGAACCTGTAAGTCAA-1,BAL 05
c2_2_AGAACCTGTAGTATAG-1,BAL 07
c2_2_AGAACCTGTGACGTCC-1,BAL 06
c2_2_AGAACCTGTTAGTTCG-1,BAL 06
c2_2_AGAACCTTCATATGGC-1,BAL 05
c2_2_AGAACCTTCCCAACTC-1,BAL 07
c2_2_AGAACCTTCGAAATCC-1,BAL 04
c2_2_AGAACCTTCGCTGATA-1,BAL 03
c2_2_AGAACCTTCTGTCCCA-1,BAL 08
c2_2_AGAAGCGCAAGAGTTA-1,Multiplet
c2_2_AGAAGCGCAGAACCGA-1,BAL 02
c2_2_AGAAGCGCATCGTCCT-1,BAL 08
c2_2_AGAAGCGGTACATACC-1,Multiplet
c2_2_AGAAGCGGTCGTACTA-1,BAL 04
c2_2_AGAAGCGGTTACCCAA-1,BAL 03
c2_2_AGAAGCGGTTATGGTC-1,Multiplet
c2_2_AGAAGCGGTTTACACG-1,Multiplet
c2_2_AGAAGCGTCCTAAACG-1,BAL 02
c2_2_AGAAGCGTCCTCGCAT-1,Multiplet
c2_2_AGAAGCGTCGCAAGAG-1,Multiplet
c2_2_AGAAGCGTCGCATTAG-1,BAL 05
c2_2_AGAAGCGTCTACCCAC-1,BAL 06
c2_2_AGAAGTAAGCATTTGC-1,Multiplet
c2_2_AGAAGTAAGCCACAAG-1,Multiplet
c2_2_AGAAGTAAGCGTCAGA-1,Multiplet
c2_2_AGAAGTACACAGGATG-1,Multiplet
c2_2_AGAAGTACAGTCTCTC-1,BAL 03
c2_2_AGAAGTACATGTGCTA-1,Negative
c2_2_AGAAGTAGTACCGGAA-1,BAL 05
c2_2_AGAAGTAGTTGACGGA-1,BAL 03
c2_2_AGAAGTAGTTGACTAC-1,BAL 07
c2_2_AGAAGTAGTTTCACAG-1,Multiplet
c2_2_AGAAGTATCCGTATAG-1,Multiplet
c2_2_AGAAGTATCGAGAAGC-1,BAL 03
c2_2_AGAAGTATCGCTGTTC-1,BAL 03
c2_2_AGACAAAAGACCAACG-1,Multiplet
c2_2_AGACAAAAGAGATTCA-1,BAL 08
c2_2_AGACAAAAGATAGGGA-1,BAL 08
c2_2_AGACAAAAGCTGAGCA-1,BAL 01
c2_2_AGACAAAAGGAGCTGT-1,BAL 08
c2_2_AGACAAACAATGCTCA-1,BAL 06
c2_2_AGACAAACACGGGTAA-1,Multiplet
c2_2_AGACAAACAGTCTCTC-1,BAL 02
c2_2_AGACAAACAGTGTGGA-1,BAL 05
c2_2_AGACAAAGTAGGACCA-1,BAL 02
c2_2_AGACAAAGTCGAGATG-1,Multiplet
c2_2_AGACAAAGTCGGCCTA-1,BAL 03
c2_2_AGACAAAGTGTCCATA-1,BAL 02
c2_2_AGACAAATCGCGGACT-1,BAL 02
c2_2_AGACAAATCGCTCTCA-1,BAL 03
c2_2_AGACAAATCGGTCTAA-1,BAL 07
c2_2_AGACAAATCTGGCTGG-1,BAL 03
c2_2_AGACAAATCTTCCCAG-1,BAL 03
c2_2_AGACACTAGAGCAAGA-1,BAL 03
c2_2_AGACACTAGAGTCTGG-1,BAL 07
c2_2_AGACACTAGCGTATAA-1,BAL 04
c2_2_AGACACTAGGATTACA-1,BAL 02
c2_2_AGACACTAGTTGAAGT-1,BAL 05
c2_2_AGACACTCAAATGGAT-1,BAL 01
c2_2_AGACACTCAAGGTTGG-1,BAL 06
c2_2_AGACACTCACGACAAG-1,Multiplet
c2_2_AGACACTCACGTAACT-1,BAL 06
c2_2_AGACACTCACGTATAC-1,BAL 05
c2_2_AGACACTCAGGTTACT-1,BAL 06
c2_2_AGACACTCATAACTCG-1,BAL 08
c2_2_AGACACTGTTCAAGGG-1,BAL 06
c2_2_AGACACTGTTGGGTTT-1,BAL 08
c2_2_AGACACTTCCTTCACG-1,Multiplet
c2_2_AGACACTTCCTTGACC-1,BAL 08
c2_2_AGACACTTCGAAGCAG-1,BAL 08
c2_2_AGACACTTCGACTCCT-1,BAL 04
c2_2_AGACAGGAGACTCAAA-1,BAL 07
c2_2_AGACAGGAGATTGAGT-1,BAL 03
c2_2_AGACAGGCAACGTAAA-1,BAL 01
c2_2_AGACAGGCAACTCCCT-1,BAL 08
c2_2_AGACAGGCACCTCGTT-1,Multiplet
c2_2_AGACAGGCACGCTGCA-1,BAL 04
c2_2_AGACAGGCAGAACTTC-1,Multiplet
c2_2_AGACAGGCAGATCATC-1,BAL 06
c2_2_AGACAGGGTCACTGAT-1,BAL 02
c2_2_AGACAGGGTTCAAGTC-1,Multiplet
c2_2_AGACAGGTCTATACGG-1,Multiplet
c2_2_AGACCATAGACTGGGT-1,Multiplet
c2_2_AGACCATAGAGTACCG-1,BAL 08
c2_2_AGACCATAGATTGATG-1,BAL 01
c2_2_AGACCATAGCACTAAA-1,BAL 06
c2_2_AGACCATAGCTCGCAC-1,BAL 06
c2_2_AGACCATAGCTTAGTC-1,BAL 05
c2_2_AGACCATAGTAGGGTC-1,BAL 05
c2_2_AGACCATAGTCCCTAA-1,BAL 08
c2_2_AGACCATCACGTAGAG-1,BAL 02
c2_2_AGACCATCAGCGTGCT-1,Multiplet
c2_2_AGACCATCAGGCCCTA-1,BAL 07
c2_2_AGACCATCATCCGGTG-1,BAL 01
c2_2_AGACCATCATGTCAGT-1,BAL 05
c2_2_AGACCATGTACAGTAA-1,Multiplet
c2_2_AGACCATGTCGAACGA-1,BAL 04
c2_2_AGACCATGTCTACATG-1,BAL 05
c2_2_AGACCATGTCTTAGTG-1,BAL 05
c2_2_AGACCATGTGACCGAA-1,BAL 07
c2_2_AGACCATTCCATTGGA-1,BAL 05
c2_2_AGACCATTCGCGAAGA-1,BAL 06
c2_2_AGACCATTCTCGCCTA-1,BAL 02
c2_2_AGACCCGAGGTCATAA-1,BAL 03
c2_2_AGACCCGCAAAGGAGA-1,BAL 03
c2_2_AGACCCGCAAATACGA-1,BAL 05
c2_2_AGACCCGCAACACACT-1,BAL 05
c2_2_AGACCCGCAACCGGAA-1,BAL 04
c2_2_AGACCCGCACATTGTG-1,BAL 03
c2_2_AGACCCGCAGTTCACA-1,BAL 08
c2_2_AGACCCGCATCACCAA-1,BAL 05
c2_2_AGACCCGCATGGGCAA-1,BAL 02
c2_2_AGACCCGGTCTCGGGT-1,BAL 02
c2_2_AGACCCGTCGCTAGCG-1,BAL 06
c2_2_AGACCCGTCGGTCGGT-1,BAL 05
c2_2_AGACCCGTCTGCATGA-1,BAL 07
c2_2_AGACTCAAGAGAGAAC-1,Multiplet
c2_2_AGACTCAAGAGTCACG-1,BAL 02
c2_2_AGACTCAAGCGAATGC-1,BAL 07
c2_2_AGACTCACACACCTGG-1,BAL 04
c2_2_AGACTCACACATAGCT-1,BAL 04
c2_2_AGACTCACAGCACACC-1,Multiplet
c2_2_AGACTCACAGTAGTTC-1,BAL 07
c2_2_AGACTCACAGTGACCC-1,Multiplet
c2_2_AGACTCAGTCGATGCC-1,BAL 08
c2_2_AGACTCATCACTGGTA-1,BAL 05
c2_2_AGACTCATCCAGTGTA-1,BAL 02
c2_2_AGACTCATCGAAACAA-1,Multiplet
c2_2_AGACTCATCGTGGGAA-1,BAL 08
c2_2_AGACTCATCTAGAGCT-1,BAL 06
c2_2_AGACTCATCTCTCTTC-1,BAL 07
c2_2_AGAGAATAGGACCCAA-1,BAL 02
c2_2_AGAGAATAGTCAATCC-1,BAL 05
c2_2_AGAGAATAGTGAGGCT-1,BAL 05
c2_2_AGAGAATAGTTCGCAT-1,BAL 07
c2_2_AGAGAATCAACACAGG-1,BAL 06
c2_2_AGAGAATCACATCCCT-1,BAL 05
c2_2_AGAGAATCATAATGCC-1,BAL 08
c2_2_AGAGAATCATCAGCAT-1,BAL 03
c2_2_AGAGAATTCCTATTGT-1,BAL 02
c2_2_AGAGAATTCTCTCGCA-1,BAL 08
c2_2_AGAGAGCAGACCAACG-1,BAL 05
c2_2_AGAGAGCAGAGTGAAG-1,BAL 04
c2_2_AGAGAGCAGTGCTACT-1,Multiplet
c2_2_AGAGAGCAGTTGCATC-1,BAL 06
c2_2_AGAGAGCCAATCGCCG-1,BAL 08
c2_2_AGAGAGCCACGTAACT-1,Multiplet
c2_2_AGAGAGCCAGGTGTTT-1,BAL 07
c2_2_AGAGAGCCATAATGAG-1,BAL 01
c2_2_AGAGAGCCATAGCTGT-1,BAL 07
c2_2_AGAGAGCCATGACGAG-1,Multiplet
c2_2_AGAGAGCGTCATCCGG-1,BAL 03
c2_2_AGAGAGCGTCTGTAAC-1,Multiplet
c2_2_AGAGAGCGTGGTTCTA-1,BAL 06
c2_2_AGAGAGCGTTGGGACA-1,BAL 04
c2_2_AGAGAGCGTTGGGTTT-1,Multiplet
c2_2_AGAGAGCTCCGTGGGT-1,BAL 05
c2_2_AGAGAGCTCTCATTAC-1,BAL 06
c2_2_AGAGAGCTCTCTATGT-1,BAL 08
c2_2_AGAGAGCTCTGGGCAC-1,BAL 07
c2_2_AGAGAGCTCTTGAGCA-1,Multiplet
c2_2_AGAGCAGAGCATGGGT-1,BAL 05
c2_2_AGAGCAGAGGAGAGTA-1,BAL 03
c2_2_AGAGCAGAGTTGAAGT-1,Multiplet
c2_2_AGAGCAGCAAGCGGAT-1,Multiplet
c2_2_AGAGCAGCAGAGTGAC-1,BAL 03
c2_2_AGAGCAGCATGCCATA-1,Multiplet
c2_2_AGAGCAGGTAAGGCTG-1,BAL 08
c2_2_AGAGCAGGTTCAGGTT-1,Multiplet
c2_2_AGAGCAGTCAAGCCTA-1,Multiplet
c2_2_AGAGCAGTCCTAGCCT-1,BAL 07
c2_2_AGAGCAGTCGCTAGCG-1,Multiplet
c2_2_AGAGCCCAGATCGCTT-1,BAL 06
c2_2_AGAGCCCAGTAACGAT-1,BAL 07
c2_2_AGAGCCCCAAGACGGT-1,BAL 02
c2_2_AGAGCCCCAAGTGGAC-1,BAL 01
c2_2_AGAGCCCCATCACCAA-1,BAL 02
c2_2_AGAGCCCGTACTCGAT-1,BAL 01
c2_2_AGAGCCCGTATCGCAT-1,Multiplet
c2_2_AGAGCCCGTTGTGCAT-1,BAL 06
c2_2_AGATAGACAGCAGTTT-1,Multiplet
c2_2_AGATAGACAGCTCCTT-1,BAL 02
c2_2_AGATAGACAGTTGAAA-1,BAL 06
c2_2_AGATAGACATAGCACT-1,BAL 03
c2_2_AGATAGAGTCACGTGC-1,Multiplet
c2_2_AGATAGAGTCACTTAG-1,Multiplet
c2_2_AGATAGAGTCGTTGCG-1,BAL 02
c2_2_AGATAGAGTCTGGTTA-1,Multiplet
c2_2_AGATAGATCACTGAAC-1,BAL 07
c2_2_AGATAGATCGGACAAG-1,Negative
c2_2_AGATAGATCGGCCCAA-1,BAL 04
c2_2_AGATCCAAGACTTAAG-1,BAL 07
c2_2_AGATCCAAGCCGATAG-1,Multiplet
c2_2_AGATCCAAGCTTCTAG-1,BAL 08
c2_2_AGATCCAAGTCCCGAC-1,Multiplet
c2_2_AGATCCACAACTGTGT-1,BAL 01
c2_2_AGATCCACAAGTCCAT-1,BAL 03
c2_2_AGATCCACAAGTTTGC-1,BAL 08
c2_2_AGATCCACATACAGGG-1,Multiplet
c2_2_AGATCCAGTAGCTTAC-1,BAL 05
c2_2_AGATCCAGTCAAGGCA-1,BAL 03
c2_2_AGATCCAGTGACTGTT-1,BAL 08
c2_2_AGATCCAGTGGAAGTC-1,Multiplet
c2_2_AGATCCATCACTCACC-1,BAL 01
c2_2_AGATCCATCTCCCTAG-1,BAL 03
c2_2_AGATCCATCTCGCTCA-1,BAL 06
c2_2_AGATCCATCTGTGCGG-1,BAL 07
c2_2_AGATCGTAGCAACAGC-1,Multiplet
c2_2_AGATCGTAGGATATAC-1,Multiplet
c2_2_AGATCGTAGTACTGTC-1,BAL 03
c2_2_AGATCGTCACCGTCGA-1,BAL 03
c2_2_AGATCGTCAGGTTTAC-1,Multiplet
c2_2_AGATCGTCATCAGCGC-1,BAL 03
c2_2_AGATCGTGTGACTCGC-1,BAL 07
c2_2_AGATCGTGTGATACCT-1,BAL 07
c2_2_AGATCGTGTTGAATCC-1,BAL 08
c2_2_AGATCGTGTTGCATTG-1,BAL 07
c2_2_AGATCGTTCATTGCCC-1,Multiplet
c2_2_AGATCGTTCCATTTAC-1,BAL 02
c2_2_AGATCGTTCGGCATCG-1,BAL 04
c2_2_AGATCGTTCGGCTGGT-1,BAL 04
c2_2_AGATCGTTCGGTGCAC-1,BAL 02
c2_2_AGATCGTTCTTGCAGA-1,BAL 08
c2_2_AGATGAAAGCTTCATG-1,Multiplet
c2_2_AGATGAAAGGCCTTGC-1,Multiplet
c2_2_AGATGAAAGGCTGGAT-1,Multiplet
c2_2_AGATGAAAGTTAGTGA-1,Multiplet
c2_2_AGATGAACACCAGGTC-1,BAL 04
c2_2_AGATGAACAGTGGTGA-1,BAL 02
c2_2_AGATGAACATCAGCGC-1,BAL 08
c2_2_AGATGAACATCTATCT-1,BAL 07
c2_2_AGATGAACATGTACGT-1,Multiplet
c2_2_AGATGAAGTAATGCGG-1,BAL 07
c2_2_AGATGAAGTCCACATA-1,BAL 03
c2_2_AGATGAAGTCCACTCT-1,BAL 06
c2_2_AGATGAAGTGGTATGG-1,BAL 03
c2_2_AGATGAATCAAAGGAT-1,BAL 02
c2_2_AGATGAATCAATCTTC-1,Multiplet
c2_2_AGATGCTAGAGCAACC-1,BAL 02
c2_2_AGATGCTAGAGTACCG-1,Multiplet
c2_2_AGATGCTAGCGTCAAG-1,BAL 06
c2_2_AGATGCTAGGAGAGTA-1,BAL 08
c2_2_AGATGCTAGGTAACTA-1,BAL 06
c2_2_AGATGCTAGTGAGGCT-1,BAL 08
c2_2_AGATGCTGTAATCAGA-1,BAL 01
c2_2_AGATGCTGTCTGTCAA-1,BAL 02
c2_2_AGATGCTGTTGGGTTT-1,BAL 06
c2_2_AGATGCTTCGCTAAAC-1,BAL 03
c2_2_AGATGCTTCGTCTCAC-1,BAL 06
c2_2_AGATGCTTCTTACTGT-1,Multiplet
c2_2_AGCATCAAGGCTTAAA-1,BAL 03
c2_2_AGCATCAAGTCTAACC-1,BAL 03
c2_2_AGCATCAAGTTTGCTG-1,BAL 05
c2_2_AGCATCACAAGTCCCG-1,BAL 07
c2_2_AGCATCACACCTAAAC-1,Multiplet
c2_2_AGCATCACAGCGACAA-1,BAL 02
c2_2_AGCATCACAGGTGTGA-1,BAL 02
c2_2_AGCATCACAGTCGTTA-1,BAL 08
c2_2_AGCATCAGTAGCACGA-1,BAL 07
c2_2_AGCATCAGTAGCTAAA-1,BAL 03
c2_2_AGCATCAGTGGCTGAA-1,BAL 02
c2_2_AGCATCATCCCTCGTA-1,Multiplet
c2_2_AGCATCATCTGCTCTG-1,BAL 04
c2_2_AGCATCATCTTGAACG-1,BAL 05
c2_2_AGCCAATAGATGTTCC-1,BAL 08
c2_2_AGCCAATAGCGTTCCG-1,BAL 05
c2_2_AGCCAATAGCTTCTAG-1,BAL 01
c2_2_AGCCAATAGTAGATCA-1,BAL 02
c2_2_AGCCAATCAACCTATG-1,BAL 06
c2_2_AGCCAATCACCGCTGA-1,BAL 03
c2_2_AGCCAATCAGAAGTTA-1,BAL 05
c2_2_AGCCAATCAGCATACT-1,Negative
c2_2_AGCCAATCAGTCCGTG-1,BAL 03
c2_2_AGCCAATCAGTCGAGA-1,BAL 08
c2_2_AGCCAATCATTCCTCG-1,BAL 07
c2_2_AGCCAATCATTGCTGA-1,BAL 05
c2_2_AGCCAATCATTGGGAG-1,BAL 06
c2_2_AGCCAATGTGCCGGTT-1,BAL 08
c2_2_AGCCAATTCACCTCGT-1,Multiplet
c2_2_AGCCAATTCATTGCTT-1,BAL 02
c2_2_AGCCAATTCCCTCTCC-1,BAL 05
c2_2_AGCCAATTCCGTGTAA-1,BAL 08
c2_2_AGCCAATTCGTAACAC-1,BAL 07
c2_2_AGCCAATTCTGGGCAC-1,BAL 03
c2_2_AGCCACGAGCGACAGT-1,BAL 06
c2_2_AGCCACGAGGGTATAT-1,BAL 07
c2_2_AGCCACGAGTTATGGA-1,BAL 07
c2_2_AGCCACGCACTCCCTA-1,BAL 05
c2_2_AGCCACGGTACCATAC-1,BAL 02
c2_2_AGCCACGGTATTGGCT-1,Multiplet
c2_2_AGCCACGGTGCTCCGA-1,BAL 06
c2_2_AGCCACGGTGTGGTCC-1,BAL 03
c2_2_AGCCACGTCGAATCCA-1,Multiplet
c2_2_AGCCACGTCGGTATGT-1,Multiplet
c2_2_AGCCACGTCGTTGTAG-1,Multiplet
c2_2_AGCCACGTCTAGTGTG-1,Multiplet
c2_2_AGCCACGTCTGCGTCT-1,BAL 08
c2_2_AGCCACGTCTTGGGCG-1,BAL 05
c2_2_AGCCACGTCTTTGCTA-1,BAL 03
c2_2_AGCCAGCAGATGCCGA-1,BAL 07
c2_2_AGCCAGCAGGACGCTA-1,BAL 07
c2_2_AGCCAGCAGGCAGTCA-1,BAL 08
c2_2_AGCCAGCAGGTGATCG-1,BAL 08
c2_2_AGCCAGCAGTCATGGG-1,BAL 02
c2_2_AGCCAGCCAAACTGCT-1,Multiplet
c2_2_AGCCAGCCAAGCGAGT-1,Multiplet
c2_2_AGCCAGCCACGTATAC-1,BAL 03
c2_2_AGCCAGCCATCAGCTA-1,BAL 05
c2_2_AGCCAGCCATGTCGTA-1,Multiplet
c2_2_AGCCAGCGTAAGACCG-1,BAL 05
c2_2_AGCCAGCGTACCGCGT-1,BAL 02
c2_2_AGCCAGCGTCCACGCA-1,BAL 04
c2_2_AGCCAGCGTGCTAGCC-1,BAL 05
c2_2_AGCCAGCTCATTACGG-1,BAL 06
c2_2_AGCCAGCTCCAACTAG-1,BAL 04
c2_2_AGCCAGCTCCACGGAC-1,BAL 02
c2_2_AGCCAGCTCCGCTTAC-1,Multiplet
c2_2_AGCCAGCTCTATTGTC-1,BAL 03
c2_2_AGCCAGCTCTCTTCAA-1,BAL 07
c2_2_AGCGATTAGACAACTA-1,BAL 08
c2_2_AGCGATTAGACCATAA-1,BAL 02
c2_2_AGCGATTAGCACAAAT-1,BAL 03
c2_2_AGCGATTAGTACTCGT-1,BAL 02
c2_2_AGCGATTCAAATAAGC-1,BAL 08
c2_2_AGCGATTCAACGTATC-1,BAL 05
c2_2_AGCGATTCATTGGATC-1,BAL 07
c2_2_AGCGATTGTGGTCCCA-1,BAL 03
c2_2_AGCGATTGTGTGATGG-1,BAL 01
c2_2_AGCGATTGTTATGTCG-1,BAL 05
c2_2_AGCGCCAAGAAGCGAA-1,BAL 02
c2_2_AGCGCCAAGTGCCAGA-1,BAL 02
c2_2_AGCGCCACAACAGATA-1,Multiplet
c2_2_AGCGCCACAGTTCCAA-1,Negative
c2_2_AGCGCCACATGTCAGT-1,BAL 07
c2_2_AGCGCCAGTACTTCCC-1,BAL 02
c2_2_AGCGCCAGTTTGGGTT-1,BAL 07
c2_2_AGCGCCATCCACACCT-1,BAL 01
c2_2_AGCGCCATCCAGCACG-1,BAL 08
c2_2_AGCGCCATCTTCACGC-1,BAL 05
c2_2_AGCGCCATCTTGCAAG-1,BAL 05
c2_2_AGCGCTGAGCCTGAGA-1,BAL 06
c2_2_AGCGCTGCACTATCGA-1,BAL 05
c2_2_AGCGCTGCAGCATACT-1,BAL 08
c2_2_AGCGCTGGTACCCAGC-1,BAL 08
c2_2_AGCGCTGGTCGATTAC-1,BAL 05
c2_2_AGCGCTGGTTACACAC-1,BAL 06
c2_2_AGCGCTGTCAACCCGG-1,BAL 01
c2_2_AGCGCTGTCAAGGTGG-1,BAL 05
c2_2_AGCGCTGTCCAAGGGA-1,BAL 02
c2_2_AGCGCTGTCCCATTCG-1,BAL 06
c2_2_AGCGCTGTCTCATTAC-1,BAL 04
c2_2_AGCGTATAGAACGCGT-1,BAL 08
c2_2_AGCGTATAGAGCAGAA-1,BAL 08
c2_2_AGCGTATAGCGTGAGT-1,Multiplet
c2_2_AGCGTATAGTTCGCAT-1,BAL 05
c2_2_AGCGTATCAAGGGTCA-1,Multiplet
c2_2_AGCGTATCACAACCGC-1,Multiplet
c2_2_AGCGTATCACGGCTAC-1,BAL 08
c2_2_AGCGTATGTCCCAAAT-1,BAL 06
c2_2_AGCGTATGTCGTGTTA-1,BAL 05
c2_2_AGCGTATGTGGACCTC-1,BAL 05
c2_2_AGCGTATTCAAAGAAC-1,Multiplet
c2_2_AGCGTATTCACCTCTG-1,BAL 08
c2_2_AGCGTATTCCGCAGTG-1,BAL 03
c2_2_AGCGTATTCGTGCAGC-1,BAL 02
c2_2_AGCGTATTCTAACGGT-1,Multiplet
c2_2_AGCGTATTCTACCTTA-1,BAL 08
c2_2_AGCGTATTCTAGGCCG-1,BAL 05
c2_2_AGCGTCGCATCGATCA-1,BAL 02
c2_2_AGCGTCGGTCTTCATT-1,BAL 06
c2_2_AGCGTCGGTCTTGAGT-1,BAL 04
c2_2_AGCGTCGGTGAGACGT-1,BAL 03
c2_2_AGCGTCGGTTACCTTT-1,Multiplet
c2_2_AGCGTCGTCTCGACGG-1,BAL 01
c2_2_AGCTACACAGAGATTA-1,Multiplet
c2_2_AGCTACACAGGATTCT-1,Multiplet
c2_2_AGCTACAGTAACCAGG-1,BAL 01
c2_2_AGCTACAGTGATACTC-1,BAL 03
c2_2_AGCTACAGTGTTCGAT-1,BAL 02
c2_2_AGCTACATCAGCGCGT-1,Multiplet
c2_2_AGCTACATCTAGCCAA-1,BAL 01
c2_2_AGCTACATCTGAGATC-1,BAL 05
c2_2_AGCTACATCTTCTGTA-1,BAL 07
c2_2_AGCTCAAAGAATTGTG-1,Negative
c2_2_AGCTCAAAGATCGACG-1,BAL 01
c2_2_AGCTCAAAGCGACAGT-1,Multiplet
c2_2_AGCTCAAAGCGTTGTT-1,BAL 07
c2_2_AGCTCAACAAATCAAG-1,BAL 03
c2_2_AGCTCAACAGCCGTCA-1,Multiplet
c2_2_AGCTCAACAGTCAGCC-1,BAL 03
c2_2_AGCTCAACATGGGTTT-1,BAL 02
c2_2_AGCTCAACATTCATCT-1,BAL 02
c2_2_AGCTCAAGTAGCTTTG-1,BAL 01
c2_2_AGCTCAAGTCGCAGTC-1,BAL 08
c2_2_AGCTTCCAGACGGTCA-1,Multiplet
c2_2_AGCTTCCAGCAACTTC-1,BAL 06
c2_2_AGCTTCCAGCTGGTGA-1,Multiplet
c2_2_AGCTTCCAGGCAGTCA-1,Multiplet
c2_2_AGCTTCCAGGCGCTTC-1,BAL 07
c2_2_AGCTTCCCAAGCAGGT-1,BAL 01
c2_2_AGCTTCCCAATTCTTC-1,BAL 02
c2_2_AGCTTCCCAGATCACT-1,Multiplet
c2_2_AGCTTCCCAGTAGGAC-1,Multiplet
c2_2_AGCTTCCCATATCTCT-1,BAL 05
c2_2_AGCTTCCGTACCATAC-1,Negative
c2_2_AGCTTCCGTGGTCTCG-1,BAL 02
c2_2_AGCTTCCGTGGTTTGT-1,BAL 05
c2_2_AGGAAATAGCTGGAGT-1,BAL 05
c2_2_AGGAAATAGGTAGACC-1,Multiplet
c2_2_AGGAAATAGTTTGTCG-1,BAL 02
c2_2_AGGAAATCAAACTGCT-1,BAL 03
c2_2_AGGAAATCAACCGTAT-1,BAL 03
c2_2_AGGAAATCACTGCACG-1,BAL 03
c2_2_AGGAAATCAGCTGAGA-1,BAL 05
c2_2_AGGAAATCATTCCTCG-1,BAL 05
c2_2_AGGAAATGTGATGAAT-1,BAL 06
c2_2_AGGAAATGTGGATGAC-1,BAL 03
c2_2_AGGAAATGTGTTACAC-1,BAL 04
c2_2_AGGAAATGTTGGGTTT-1,Multiplet
c2_2_AGGAAATGTTTCGTTT-1,Multiplet
c2_2_AGGAAATTCACTCTTA-1,BAL 03
c2_2_AGGAAATTCAGGAACG-1,BAL 05
c2_2_AGGAAATTCAGTCTTT-1,Multiplet
c2_2_AGGAAATTCGTGGTAT-1,BAL 03
c2_2_AGGAAATTCTTAAGGC-1,BAL 04
c2_2_AGGAATAAGTATTGCC-1,BAL 07
c2_2_AGGAATAAGTGGTCAG-1,BAL 08
c2_2_AGGAATACAACACAGG-1,BAL 05
c2_2_AGGAATACAACGGGTA-1,BAL 05
c2_2_AGGAATACAACTTCTT-1,BAL 08
c2_2_AGGAATACACTACTTT-1,Multiplet
c2_2_AGGAATACAGAGATTA-1,Multiplet
c2_2_AGGAATACATCGAAGG-1,Multiplet
c2_2_AGGAATAGTAATTGGA-1,BAL 02
c2_2_AGGAATAGTGTTTGCA-1,BAL 03
c2_2_AGGAATAGTTGAAGTA-1,BAL 06
c2_2_AGGAATATCATGGAGG-1,Multiplet
c2_2_AGGAATATCGTCAGAT-1,BAL 03
c2_2_AGGAATATCTCAATCT-1,BAL 08
c2_2_AGGAATATCTGTGCGG-1,BAL 06
c2_2_AGGACGAAGATCGGTG-1,BAL 06
c2_2_AGGACGAAGCCGCACT-1,BAL 04
c2_2_AGGACGAAGTCAGCGA-1,BAL 03
c2_2_AGGACGAAGTGACACG-1,BAL 04
c2_2_AGGACGAAGTTAACGA-1,Multiplet
c2_2_AGGACGACATCGTTCC-1,BAL 06
c2_2_AGGACGACATGTGCCG-1,Multiplet
c2_2_AGGACGAGTATCTCTT-1,BAL 04
c2_2_AGGACGAGTCCTCAGG-1,Multiplet
c2_2_AGGACGAGTCTTGAAC-1,Multiplet
c2_2_AGGACGAGTTTAGACC-1,Multiplet
c2_2_AGGACGATCCTGGGAC-1,BAL 02
c2_2_AGGACGATCGCAGTTA-1,BAL 04
c2_2_AGGACGATCTGGAAGG-1,BAL 07
c2_2_AGGACTTAGAGCTGAC-1,BAL 08
c2_2_AGGACTTAGCCTGGAA-1,Multiplet
c2_2_AGGACTTAGTCTGCAT-1,BAL 08
c2_2_AGGACTTCAGCTAACT-1,BAL 08
c2_2_AGGACTTCAGTGAGCA-1,BAL 05
c2_2_AGGACTTGTTTCCCAC-1,BAL 03
c2_2_AGGAGGTAGAAGGTAG-1,BAL 06
c2_2_AGGAGGTAGATTAGAC-1,BAL 01
c2_2_AGGAGGTAGCGCACAA-1,BAL 02
c2_2_AGGAGGTCACATATCG-1,BAL 04
c2_2_AGGAGGTCACCGTCGA-1,Multiplet
c2_2_AGGAGGTCAGCTCGGT-1,Multiplet
c2_2_AGGAGGTCATCCTTGC-1,Multiplet
c2_2_AGGAGGTCATCGTGGC-1,Multiplet
c2_2_AGGAGGTGTTAGAAAC-1,BAL 05
c2_2_AGGAGGTGTTGTTGCA-1,Multiplet
c2_2_AGGAGGTTCACATCAG-1,Multiplet
c2_2_AGGAGGTTCACCTGGG-1,BAL 02
c2_2_AGGAGGTTCAGACCGC-1,BAL 03
c2_2_AGGAGGTTCGAGTACT-1,BAL 01
c2_2_AGGATAAAGACCACGA-1,BAL 06
c2_2_AGGATAAAGTATGACA-1,BAL 08
c2_2_AGGATAAAGTCTGGTT-1,BAL 03
c2_2_AGGATAACACAGAGAC-1,BAL 07
c2_2_AGGATAACACATTACG-1,Multiplet
c2_2_AGGATAACATGTTACG-1,Multiplet
c2_2_AGGATAAGTGAATAAC-1,BAL 02
c2_2_AGGATAAGTTCAGGTT-1,Multiplet
c2_2_AGGATAAGTTGGCTAT-1,BAL 07
c2_2_AGGATAATCACGGACC-1,BAL 08
c2_2_AGGATAATCGCTTGAA-1,BAL 05
c2_2_AGGATAATCTCGCAGG-1,BAL 03
c2_2_AGGATAATCTGTCAGA-1,Multiplet
c2_2_AGGATAATCTGTGCGG-1,Multiplet
c2_2_AGGATCTAGAGCAAGA-1,BAL 02
c2_2_AGGATCTAGCGTGAGT-1,BAL 05
c2_2_AGGATCTAGCTGACCC-1,BAL 01
c2_2_AGGATCTCAATAGTCC-1,BAL 06
c2_2_AGGATCTCAATTCTCT-1,Multiplet
c2_2_AGGATCTCACTTCTCG-1,Multiplet
c2_2_AGGATCTCAGGACGAT-1,Multiplet
c2_2_AGGATCTCAGTCCGTG-1,BAL 07
c2_2_AGGATCTCAGTCGTTA-1,BAL 02
c2_2_AGGATCTGTACTGACT-1,Multiplet
c2_2_AGGATCTGTGAGCTCC-1,BAL 03
c2_2_AGGATCTTCACCCTTG-1,BAL 03
c2_2_AGGATCTTCCGATCGG-1,BAL 07
c2_2_AGGATCTTCGAAATCC-1,Multiplet
c2_2_AGGATCTTCGCCACTT-1,BAL 05
c2_2_AGGCATTAGAACTGAT-1,Multiplet
c2_2_AGGCATTAGACTACGG-1,Multiplet
c2_2_AGGCATTAGGATGAGA-1,BAL 02
c2_2_AGGCATTAGTCACACT-1,BAL 07
c2_2_AGGCATTAGTGAGTTA-1,BAL 06
c2_2_AGGCATTCACATGGTT-1,BAL 08
c2_2_AGGCATTCATTCCTAT-1,BAL 04
c2_2_AGGCATTGTGAGACGT-1,BAL 01
c2_2_AGGCATTGTTGCTAGT-1,BAL 03
c2_2_AGGCATTTCACATCAG-1,BAL 07
c2_2_AGGCATTTCATGCCAA-1,BAL 06
c2_2_AGGCATTTCGACCAAT-1,BAL 05
c2_2_AGGCATTTCGTGTTCC-1,Multiplet
c2_2_AGGCCACAGAGATGCC-1,BAL 03
c2_2_AGGCCACAGAGTAACT-1,BAL 08
c2_2_AGGCCACAGGCTAACG-1,BAL 07
c2_2_AGGCCACAGTAAAGCT-1,BAL 03
c2_2_AGGCCACCAAGTATCC-1,BAL 03
c2_2_AGGCCACCAAGTCCCG-1,BAL 01
c2_2_AGGCCACCAATACCTG-1,Multiplet
c2_2_AGGCCACCACCAGTAT-1,BAL 08
c2_2_AGGCCACCACGTGAGA-1,BAL 06
c2_2_AGGCCACCAGAGAAAG-1,Multiplet
c2_2_AGGCCACCAGGTCAGA-1,BAL 07
c2_2_AGGCCACGTACGTGAG-1,BAL 08
c2_2_AGGCCACGTCATAGTC-1,BAL 01
c2_2_AGGCCACGTCCTTGTC-1,BAL 04
c2_2_AGGCCACGTGTAAACA-1,BAL 05
c2_2_AGGCCACGTGTAGGAC-1,BAL 05
c2_2_AGGCCACGTTCCCAAA-1,Multiplet
c2_2_AGGCCACTCAACCTCC-1,BAL 01
c2_2_AGGCCACTCATACGAC-1,Multiplet
c2_2_AGGCTGCAGCGCCATC-1,BAL 04
c2_2_AGGCTGCAGTTGCATC-1,Multiplet
c2_2_AGGCTGCCAAAGACTA-1,BAL 03
c2_2_AGGCTGCCAACTGCTA-1,Multiplet
c2_2_AGGCTGCCAAGTATAG-1,BAL 03
c2_2_AGGCTGCCATCCTAAG-1,BAL 08
c2_2_AGGCTGCCATTGAGCT-1,Multiplet
c2_2_AGGCTGCCATTGCCTC-1,BAL 02
c2_2_AGGCTGCGTCCAGCAC-1,BAL 05
c2_2_AGGCTGCGTTTGCAGT-1,BAL 03
c2_2_AGGCTGCTCAGACCGC-1,Multiplet
c2_2_AGGGAGTAGGAAAGAC-1,BAL 05
c2_2_AGGGAGTAGGGCAGGA-1,BAL 04
c2_2_AGGGAGTAGTAATCCC-1,BAL 03
c2_2_AGGGAGTCACTTGTGA-1,BAL 08
c2_2_AGGGAGTCATGCCATA-1,BAL 04
c2_2_AGGGAGTGTGTCCGTG-1,BAL 07
c2_2_AGGGAGTGTTCGTACA-1,BAL 07
c2_2_AGGGAGTGTTGGTAGG-1,BAL 05
c2_2_AGGGAGTTCCTCATAT-1,Multiplet
c2_2_AGGGAGTTCCTTCAGC-1,BAL 05
c2_2_AGGGCCTAGATTGCGG-1,Multiplet
c2_2_AGGGCCTAGGAAAGTG-1,Multiplet
c2_2_AGGGCCTAGGAACATT-1,BAL 04
c2_2_AGGGCCTAGGAGTATT-1,BAL 03
c2_2_AGGGCCTAGTCTCTGA-1,BAL 03
c2_2_AGGGCCTCAACACGTT-1,Multiplet
c2_2_AGGGCCTCACCAGCGT-1,BAL 05
c2_2_AGGGCCTCATAATGCC-1,Multiplet
c2_2_AGGGCCTCATATGAAG-1,BAL 06
c2_2_AGGGCCTGTACTCGCG-1,BAL 02
c2_2_AGGGCCTGTATCGCTA-1,BAL 06
c2_2_AGGGCCTTCAGGAAAT-1,Multiplet
c2_2_AGGGCCTTCGCAGTTA-1,BAL 06
c2_2_AGGGCTCCAACCTAAC-1,BAL 07
c2_2_AGGGCTCCAAGCGATG-1,BAL 04
c2_2_AGGGCTCCACCTGTCT-1,BAL 07
c2_2_AGGGCTCCATGTGACT-1,BAL 06
c2_2_AGGGCTCGTCTTGCTC-1,BAL 07
c2_2_AGGGCTCGTGTACGCC-1,BAL 08
c2_2_AGGGCTCGTTAAGACA-1,Multiplet
c2_2_AGGGCTCTCTGTGTGA-1,Multiplet
c2_2_AGGGCTCTCTTCGGTC-1,BAL 02
c2_2_AGGGTCCAGAACGTGC-1,BAL 08
c2_2_AGGGTCCAGACAGTCG-1,Multiplet
c2_2_AGGGTCCAGCGCGTTC-1,BAL 03
c2_2_AGGGTCCCAAGTCATC-1,BAL 04
c2_2_AGGGTCCCACGGTGAA-1,BAL 02
c2_2_AGGGTCCGTAACAAGT-1,BAL 04
c2_2_AGGGTCCGTCGGTACC-1,BAL 06
c2_2_AGGGTCCGTTTCTATC-1,BAL 02
c2_2_AGGGTCCGTTTGGCTA-1,BAL 02
c2_2_AGGGTCCTCATCACAG-1,Multiplet
c2_2_AGGGTCCTCTCCTGAC-1,BAL 07
c2_2_AGGGTGAAGCTAATGA-1,BAL 07
c2_2_AGGGTGACAAGACCTT-1,BAL 02
c2_2_AGGGTGACAGCGTAGA-1,BAL 06
c2_2_AGGGTGAGTCTTGCTC-1,BAL 05
c2_2_AGGGTGATCAACGTGT-1,BAL 06
c2_2_AGGGTGATCGACATCA-1,BAL 06
c2_2_AGGGTTTAGGTTCAGG-1,BAL 03
c2_2_AGGGTTTCAAGTACCT-1,Multiplet
c2_2_AGGGTTTGTATACGGG-1,BAL 03
c2_2_AGGGTTTGTGGCACTC-1,BAL 02
c2_2_AGGGTTTGTTTGTTGG-1,BAL 02
c2_2_AGGGTTTTCAACACCA-1,BAL 01
c2_2_AGGGTTTTCATGAAAG-1,BAL 05
c2_2_AGGGTTTTCCGAGCTG-1,BAL 02
c2_2_AGGGTTTTCCTCACGT-1,BAL 02
c2_2_AGGGTTTTCGTTTACT-1,BAL 02
c2_2_AGGGTTTTCTAAGCCA-1,BAL 03
c2_2_AGGGTTTTCTAGTACG-1,Multiplet
c2_2_AGGGTTTTCTGGGATT-1,BAL 06
c2_2_AGGTAGGAGAGCAACC-1,BAL 04
c2_2_AGGTAGGAGAGCCATG-1,Multiplet
c2_2_AGGTAGGAGATAACAC-1,BAL 06
c2_2_AGGTAGGAGTAGGCCA-1,Multiplet
c2_2_AGGTAGGCACAGTACT-1,BAL 02
c2_2_AGGTAGGCACCCTTGT-1,Multiplet
c2_2_AGGTAGGCACCGAATT-1,BAL 03
c2_2_AGGTAGGCATACATCG-1,Multiplet
c2_2_AGGTAGGCATGTGACT-1,BAL 03
c2_2_AGGTAGGGTTCAATCG-1,Multiplet
c2_2_AGGTAGGTCCGCGGAT-1,Multiplet
c2_2_AGGTAGGTCGGCAGTC-1,Multiplet
c2_2_AGGTCATAGTACCATC-1,BAL 07
c2_2_AGGTCATCAAAGGCAC-1,BAL 02
c2_2_AGGTCATCATCCGATA-1,BAL 02
c2_2_AGGTCATCATCGTTCC-1,BAL 03
c2_2_AGGTCATCATGGGTCC-1,BAL 03
c2_2_AGGTCATGTAACATCC-1,Multiplet
c2_2_AGGTCATGTCTGTAGT-1,BAL 01
c2_2_AGGTCATGTGTGTCGC-1,BAL 05
c2_2_AGGTCATGTTCGATTG-1,BAL 08
c2_2_AGGTCATTCATCGGGC-1,BAL 03
c2_2_AGGTCATTCGCCTAGG-1,BAL 02
c2_2_AGGTCATTCGCTAGCG-1,Multiplet
c2_2_AGGTCTAAGACATACA-1,BAL 03
c2_2_AGGTCTAAGAGAACCC-1,BAL 04
c2_2_AGGTCTAAGGCCGCTT-1,BAL 05
c2_2_AGGTCTAAGTGCACAG-1,Multiplet
c2_2_AGGTCTACACGCGTCA-1,Multiplet
c2_2_AGGTCTACAGTTCTAG-1,Multiplet
c2_2_AGGTCTACATCCGTTC-1,BAL 02
c2_2_AGGTCTAGTACGTAGG-1,BAL 03
c2_2_AGGTCTAGTATCACGT-1,BAL 06
c2_2_AGGTCTAGTGGTTTAC-1,BAL 07
c2_2_AGGTCTATCATGCATG-1,BAL 03
c2_2_AGGTCTATCGCTCTAC-1,BAL 06
c2_2_AGGTGTTAGAACTGAT-1,BAL 02
c2_2_AGGTGTTAGAAGGCTC-1,BAL 05
c2_2_AGGTGTTAGAGCCGAT-1,BAL 08
c2_2_AGGTGTTAGGTATTGA-1,BAL 04
c2_2_AGGTGTTAGGTTCAGG-1,BAL 02
c2_2_AGGTGTTAGGTTGTTC-1,BAL 05
c2_2_AGGTGTTCACAATCTG-1,BAL 03
c2_2_AGGTGTTCAGTAGTGG-1,BAL 03
c2_2_AGGTGTTGTAAGTCAA-1,BAL 01
c2_2_AGGTGTTGTAGGTACG-1,Multiplet
c2_2_AGGTGTTGTGCAATGG-1,Multiplet
c2_2_AGGTGTTGTGGTTCTA-1,BAL 04
c2_2_AGGTGTTTCAAGGACG-1,BAL 01
c2_2_AGGTGTTTCAAGTGGG-1,BAL 05
c2_2_AGGTGTTTCCACCTCA-1,BAL 03
c2_2_AGGTGTTTCCTGGTCT-1,BAL 03
c2_2_AGGTGTTTCGTGGGAA-1,BAL 06
c2_2_AGGTGTTTCTATGTGG-1,BAL 03
c2_2_AGGTGTTTCTCGTGGG-1,BAL 01
c2_2_AGGTTACAGCAAGCCA-1,BAL 02
c2_2_AGGTTACAGCAGCACA-1,BAL 01
c2_2_AGGTTACCACTCAAGT-1,BAL 03
c2_2_AGGTTACGTAACTGCT-1,BAL 05
c2_2_AGGTTACGTACAAGTA-1,BAL 08
c2_2_AGGTTACGTACGAAAT-1,Multiplet
c2_2_AGGTTACGTTCTCCCA-1,BAL 06
c2_2_AGGTTACTCACCGGTG-1,Multiplet
c2_2_AGGTTACTCGGTGTAT-1,BAL 08
c2_2_AGGTTACTCTAGCATG-1,BAL 07
c2_2_AGGTTGTAGGTGCTGA-1,BAL 06
c2_2_AGGTTGTAGTCAATCC-1,BAL 02
c2_2_AGGTTGTCACAACGTT-1,Multiplet
c2_2_AGGTTGTCACTGAGGA-1,BAL 01
c2_2_AGGTTGTCACTTGAAC-1,BAL 02
c2_2_AGGTTGTCAGCAGTTT-1,BAL 04
c2_2_AGGTTGTGTAACATGA-1,Multiplet
c2_2_AGGTTGTTCACACCCT-1,BAL 01
c2_2_AGGTTGTTCAGGAAAT-1,BAL 07
c2_2_AGGTTGTTCATAGCAC-1,Multiplet
c2_2_AGGTTGTTCGCAGATT-1,BAL 02
c2_2_AGTAACCAGAGTCTGG-1,Multiplet
c2_2_AGTAACCAGCAAATCA-1,Multiplet
c2_2_AGTAACCAGGTCCCTG-1,Multiplet
c2_2_AGTAACCAGGTTGTTC-1,BAL 03
c2_2_AGTAACCAGTAGACCG-1,BAL 02
c2_2_AGTAACCCACATATCG-1,BAL 03
c2_2_AGTAACCCACCCTTAC-1,BAL 06
c2_2_AGTAACCCAGACTGCC-1,BAL 02
c2_2_AGTAACCCATAATGCC-1,Multiplet
c2_2_AGTAACCGTCGACTTA-1,BAL 03
c2_2_AGTAACCGTGTACGCC-1,BAL 06
c2_2_AGTAACCGTTCCAAAC-1,BAL 07
c2_2_AGTAACCTCGCCGAGT-1,BAL 06
c2_2_AGTAACCTCTGATGGT-1,BAL 07
c2_2_AGTAACCTCTGTGCGG-1,BAL 01
c2_2_AGTACCAAGAGAGCCT-1,BAL 03
c2_2_AGTACCAAGATAGCAT-1,BAL 02
c2_2_AGTACCAAGATCCAAA-1,BAL 02
c2_2_AGTACCAAGCTCATAC-1,BAL 07
c2_2_AGTACCAAGTACGTCT-1,BAL 08
c2_2_AGTACCAAGTTCCAGT-1,BAL 02
c2_2_AGTACCACACAAAGTA-1,BAL 06
c2_2_AGTACCACACCTCGTT-1,BAL 04
c2_2_AGTACCACACTACCGG-1,Multiplet
c2_2_AGTACCACAGACGCTC-1,Multiplet
c2_2_AGTACCACAGGGAGAG-1,Negative
c2_2_AGTACCACATTCAGGT-1,BAL 01
c2_2_AGTACCACATTGACTG-1,BAL 02
c2_2_AGTACCAGTACTCCCT-1,BAL 05
c2_2_AGTACCAGTGGTCAAG-1,BAL 03
c2_2_AGTACCAGTGTCATCA-1,Multiplet
c2_2_AGTACCAGTTCCTACC-1,Multiplet
c2_2_AGTACCATCCACTGGG-1,BAL 03
c2_2_AGTACCATCCGTGTGG-1,BAL 03
c2_2_AGTACCATCGAACCAT-1,Multiplet
c2_2_AGTACCATCGACGTCG-1,BAL 07
c2_2_AGTACCATCTCATTGT-1,BAL 03
c2_2_AGTACCATCTGTGTGA-1,BAL 08
c2_2_AGTACTGAGAGCATTA-1,BAL 04
c2_2_AGTACTGAGAGCCTGA-1,BAL 06
c2_2_AGTACTGAGCAGGCTA-1,BAL 05
c2_2_AGTACTGAGTAGGCCA-1,BAL 05
c2_2_AGTACTGAGTCGGCAA-1,BAL 08
c2_2_AGTACTGAGTCTTCGA-1,BAL 02
c2_2_AGTACTGCAACGACAG-1,Multiplet
c2_2_AGTACTGCAAGTGGGT-1,BAL 05
c2_2_AGTACTGCACGCTATA-1,Multiplet
c2_2_AGTACTGGTCATCGGC-1,BAL 02
c2_2_AGTACTGGTCTCGGAC-1,Multiplet
c2_2_AGTACTGGTGGTACAG-1,BAL 05
c2_2_AGTACTGGTTGGGCCT-1,BAL 06
c2_2_AGTACTGTCCACTGAA-1,BAL 02
c2_2_AGTAGCTAGCCTCTTC-1,BAL 05
c2_2_AGTAGCTAGGTAGTAT-1,BAL 02
c2_2_AGTAGCTAGTAAACTG-1,BAL 05
c2_2_AGTAGCTAGTGCCTCG-1,BAL 02
c2_2_AGTAGCTCAAGAGAGA-1,BAL 06
c2_2_AGTAGCTCAAGATGGC-1,Multiplet
c2_2_AGTAGCTCAGCTTCCT-1,BAL 07
c2_2_AGTAGCTCAGTCTCTC-1,Negative
c2_2_AGTAGCTCATCCGCGA-1,BAL 05
c2_2_AGTAGCTGTCAGTCGC-1,BAL 05
c2_2_AGTAGCTGTGAATTAG-1,BAL 02
c2_2_AGTAGCTGTGGCGCTT-1,BAL 05
c2_2_AGTAGCTGTGGGTATG-1,BAL 08
c2_2_AGTAGCTGTGGTAATA-1,BAL 01
c2_2_AGTAGCTGTTTCGTAG-1,BAL 07
c2_2_AGTAGCTTCCGTGTGG-1,Negative
c2_2_AGTAGCTTCGATACAC-1,BAL 01
c2_2_AGTAGCTTCTTGGCTC-1,BAL 02
c2_2_AGTAGTCAGAATCGCG-1,BAL 08
c2_2_AGTAGTCAGTACAGCG-1,BAL 04
c2_2_AGTAGTCCAGCAGTCC-1,BAL 08
c2_2_AGTAGTCCATCCGGCA-1,Multiplet
c2_2_AGTAGTCGTACTTGTG-1,BAL 02
c2_2_AGTAGTCGTATATGGA-1,BAL 05
c2_2_AGTAGTCGTGGCGTAA-1,BAL 05
c2_2_AGTAGTCGTTTGAACC-1,BAL 01
c2_2_AGTAGTCTCAATCGGT-1,BAL 03
c2_2_AGTAGTCTCCTCAGGG-1,BAL 05
c2_2_AGTAGTCTCCTCTGCA-1,BAL 04
c2_2_AGTCAACAGATAGCTA-1,BAL 01
c2_2_AGTCAACAGGGCAAGG-1,BAL 02
c2_2_AGTCAACAGGTAGCAC-1,BAL 02
c2_2_AGTCAACCAAATAGCA-1,Multiplet
c2_2_AGTCAACCACAAATAG-1,Multiplet
c2_2_AGTCAACCACATTCTT-1,BAL 04
c2_2_AGTCAACCACGATTCA-1,Multiplet
c2_2_AGTCAACGTCCCGGTA-1,BAL 02
c2_2_AGTCAACGTGTAGTGG-1,BAL 03
c2_2_AGTCAACTCATGCAGT-1,BAL 02
c2_2_AGTCAACTCCTTCGAC-1,BAL 06
c2_2_AGTCAACTCGCCAATA-1,Multiplet
c2_2_AGTCAACTCGGCCTTT-1,BAL 05
c2_2_AGTCAACTCGTAGTCA-1,BAL 03
c2_2_AGTCACAAGGAGCTGT-1,Multiplet
c2_2_AGTCACAAGTCAGCCC-1,BAL 02
c2_2_AGTCACAAGTCGGGAT-1,Multiplet
c2_2_AGTCACACAATCGAAA-1,BAL 02
c2_2_AGTCACACATATCGGT-1,BAL 02
c2_2_AGTCACACATGGCCAC-1,Multiplet
c2_2_AGTCACACATTGACAC-1,Multiplet
c2_2_AGTCACAGTCTGTGGC-1,BAL 07
c2_2_AGTCACAGTGCCCGTA-1,BAL 06
c2_2_AGTCACATCCGTTTCG-1,BAL 07
c2_2_AGTCACATCCTCATAT-1,Multiplet
c2_2_AGTCACATCGTTCATT-1,BAL 05
c2_2_AGTCATGAGATAACGT-1,BAL 07
c2_2_AGTCATGCAATACGAA-1,Multiplet
c2_2_AGTCATGCATTGGATC-1,BAL 05
c2_2_AGTCATGGTAGCTTGT-1,BAL 05
c2_2_AGTCATGGTGAGAACC-1,BAL 05
c2_2_AGTCATGGTGAGATAT-1,Multiplet
c2_2_AGTCATGTCAGGACAG-1,Multiplet
c2_2_AGTCATGTCCTTATAC-1,BAL 04
c2_2_AGTCATGTCTCGTTTA-1,BAL 03
c2_2_AGTCTCCAGATAGTGT-1,BAL 02
c2_2_AGTCTCCAGCTACAAA-1,BAL 06
c2_2_AGTCTCCAGTCATACC-1,Multiplet
c2_2_AGTCTCCAGTCGAGGT-1,BAL 05
c2_2_AGTCTCCAGTGGTCAG-1,Multiplet
c2_2_AGTCTCCAGTTGTCAC-1,BAL 02
c2_2_AGTCTCCCACCAGCTG-1,BAL 05
c2_2_AGTCTCCCACGGCACT-1,BAL 08
c2_2_AGTCTCCCATGGAATA-1,BAL 08
c2_2_AGTCTCCGTACCAATC-1,Multiplet
c2_2_AGTCTCCGTTTGTTGG-1,BAL 05
c2_2_AGTCTCCTCGTAACAC-1,BAL 04
c2_2_AGTGACTAGAAGCCTG-1,Multiplet
c2_2_AGTGACTAGGCGTTGA-1,BAL 04
c2_2_AGTGACTCAATGGCAG-1,BAL 02
c2_2_AGTGACTCAGTTCCAA-1,BAL 05
c2_2_AGTGACTCATTGTAGC-1,BAL 08
c2_2_AGTGACTGTAATCAAG-1,Multiplet
c2_2_AGTGACTGTACTAGCT-1,BAL 02
c2_2_AGTGACTGTAGGTTTC-1,BAL 05
c2_2_AGTGACTGTCATCTAG-1,Negative
c2_2_AGTGACTGTGGAACCA-1,BAL 05
c2_2_AGTGACTTCACTTGTT-1,BAL 04
c2_2_AGTGACTTCGAAGGAC-1,BAL 03
c2_2_AGTGATCAGCGGATCA-1,Multiplet
c2_2_AGTGATCCAAGCGATG-1,BAL 01
c2_2_AGTGATCGTCAGTCTA-1,Multiplet
c2_2_AGTGATCGTTGCCATA-1,BAL 03
c2_2_AGTGATCGTTGGACCC-1,BAL 02
c2_2_AGTGATCTCAGACCCG-1,BAL 05
c2_2_AGTGATCTCCTTATCA-1,BAL 07
c2_2_AGTGCCGAGAAAGCGA-1,BAL 02
c2_2_AGTGCCGAGAGGCTGT-1,BAL 08
c2_2_AGTGCCGAGAGTCGAC-1,BAL 03
c2_2_AGTGCCGAGATGGTAT-1,BAL 04
c2_2_AGTGCCGAGATTGGGC-1,Multiplet
c2_2_AGTGCCGAGCTCGGCT-1,BAL 06
c2_2_AGTGCCGAGGAATGTT-1,BAL 07
c2_2_AGTGCCGAGGTGTGAC-1,BAL 06
c2_2_AGTGCCGAGTTCCATG-1,BAL 03
c2_2_AGTGCCGCACCTGAAT-1,BAL 08
c2_2_AGTGCCGCAGCGTATT-1,BAL 03
c2_2_AGTGCCGCAGTGTGCC-1,BAL 02
c2_2_AGTGCCGGTAACATCC-1,Multiplet
c2_2_AGTGCCGGTAGACGGT-1,BAL 03
c2_2_AGTGCCGGTGATAGTA-1,BAL 05
c2_2_AGTGCCGGTGTAGCAG-1,Multiplet
c2_2_AGTGCCGGTTACAGCT-1,BAL 03
c2_2_AGTGCCGGTTCCTTGC-1,BAL 06
c2_2_AGTGCCGTCAAAGCCT-1,Multiplet
c2_2_AGTGCCGTCACATACG-1,Multiplet
c2_2_AGTGCCGTCCCATAAG-1,BAL 07
c2_2_AGTGCCGTCCGTCCTA-1,BAL 08
c2_2_AGTGCCGTCGTTGTTT-1,BAL 03
c2_2_AGTGTTGAGACCAACG-1,BAL 05
c2_2_AGTGTTGAGATCGGTG-1,BAL 03
c2_2_AGTGTTGAGGATTTAG-1,Multiplet
c2_2_AGTGTTGCAAGCACAG-1,BAL 04
c2_2_AGTGTTGCAGAAACCG-1,BAL 07
c2_2_AGTGTTGCAGACCGCT-1,BAL 03
c2_2_AGTGTTGCATAACTCG-1,BAL 01
c2_2_AGTGTTGCATACCGTA-1,BAL 06
c2_2_AGTGTTGCATGAGATA-1,BAL 04
c2_2_AGTGTTGCATTACGGT-1,BAL 05
c2_2_AGTGTTGGTAGTGATA-1,BAL 04
c2_2_AGTGTTGTCTTCACAT-1,BAL 03
c2_2_AGTTAGCAGAAGCGGG-1,BAL 01
c2_2_AGTTAGCAGCAATAAC-1,BAL 03
c2_2_AGTTAGCAGCACTAAA-1,Negative
c2_2_AGTTAGCAGCACTCGC-1,BAL 07
c2_2_AGTTAGCAGGATACGC-1,BAL 06
c2_2_AGTTAGCCAACAGCCC-1,BAL 07
c2_2_AGTTAGCCAATCCAGT-1,BAL 06
c2_2_AGTTAGCCACGCGCTA-1,BAL 02
c2_2_AGTTAGCGTTATGTGC-1,Negative
c2_2_AGTTAGCGTTGGGACA-1,BAL 07
c2_2_AGTTAGCTCACCCTCA-1,BAL 05
c2_2_AGTTAGCTCGCAGAGA-1,Multiplet
c2_2_AGTTAGCTCTTCTCAA-1,BAL 06
c2_2_AGTTCCCAGCTGTCCG-1,BAL 02
c2_2_AGTTCCCAGGCTCTAT-1,Multiplet
c2_2_AGTTCCCCAATAACGA-1,BAL 04
c2_2_AGTTCCCCACGACGCT-1,Multiplet
c2_2_AGTTCCCCACGAGGAT-1,BAL 04
c2_2_AGTTCCCCAGCCTTCT-1,BAL 07
c2_2_AGTTCCCCATACAGCT-1,BAL 03
c2_2_AGTTCCCGTAAGAACT-1,BAL 07
c2_2_AGTTCCCGTCTAGTGT-1,BAL 08
c2_2_AGTTCCCGTCTTGTCC-1,BAL 05
c2_2_AGTTCCCGTGGGCTTC-1,BAL 02
c2_2_AGTTCCCGTTGGTACT-1,BAL 07
c2_2_AGTTCCCTCATCCTGC-1,BAL 06
c2_2_AGTTCCCTCCAGCCTT-1,BAL 08
c2_2_AGTTCCCTCTCTGACC-1,BAL 06
c2_2_AGTTCGAAGATACGAT-1,BAL 05
c2_2_AGTTCGAAGGATATAC-1,BAL 03
c2_2_AGTTCGAAGGCCCACT-1,BAL 02
c2_2_AGTTCGACAATTTCCT-1,BAL 02
c2_2_AGTTCGACACGGTAGA-1,Multiplet
c2_2_AGTTCGACATAGTCAC-1,Multiplet
c2_2_AGTTCGAGTACGAAAT-1,BAL 08
c2_2_AGTTCGAGTATCGGTT-1,BAL 08
c2_2_AGTTCGAGTCCGTTTC-1,BAL 03
c2_2_AGTTCGAGTGTTAGCT-1,BAL 02
c2_2_AGTTCGAGTTACCTTT-1,Multiplet
c2_2_AGTTCGAGTTCAGTAC-1,BAL 08
c2_2_AGTTCGAGTTTCGTGA-1,BAL 02
c2_2_AGTTCGATCAAGTCTG-1,BAL 07
c2_2_AGTTCGATCGCCTATC-1,Multiplet
c2_2_AGTTCGATCGGTCTGG-1,Multiplet
c2_2_ATACCGAAGGGTCACA-1,BAL 05
c2_2_ATACCGAAGTCAATCC-1,BAL 04
c2_2_ATACCGACAACTCCAA-1,BAL 05
c2_2_ATACCGACAAGACAAT-1,Multiplet
c2_2_ATACCGACACATATGC-1,BAL 03
c2_2_ATACCGAGTAGCGAGT-1,BAL 05
c2_2_ATACCGAGTGAAGCGT-1,BAL 08
c2_2_ATACCGAGTTCTATCT-1,BAL 03
c2_2_ATACCGATCCGGGACT-1,BAL 04
c2_2_ATACCTTAGCTGACTT-1,Multiplet
c2_2_ATACCTTAGTTGGAAT-1,BAL 02
c2_2_ATACCTTCAACCAGAG-1,BAL 07
c2_2_ATACCTTCAGTTCACA-1,BAL 03
c2_2_ATACCTTCATGGGATG-1,BAL 04
c2_2_ATACCTTGTAGACACG-1,BAL 07
c2_2_ATACCTTGTATCATGC-1,BAL 05
c2_2_ATACCTTGTGTATTCG-1,BAL 02
c2_2_ATACCTTTCAAGAAAC-1,Multiplet
c2_2_ATACCTTTCACTCGAA-1,Multiplet
c2_2_ATACCTTTCAGGTAAA-1,BAL 03
c2_2_ATACCTTTCCGCGGAT-1,BAL 02
c2_2_ATACCTTTCTCCGAAA-1,BAL 01
c2_2_ATACCTTTCTGAACGT-1,BAL 06
c2_2_ATACTTCAGACATAGT-1,Multiplet
c2_2_ATACTTCCAACACAGG-1,BAL 04
c2_2_ATACTTCCAGAACTAA-1,BAL 07
c2_2_ATACTTCCAGAGAATT-1,BAL 06
c2_2_ATACTTCCAGTAGAAT-1,BAL 05
c2_2_ATACTTCGTACCGCGT-1,Multiplet
c2_2_ATACTTCGTCAGTTTG-1,BAL 08
c2_2_ATACTTCGTCTGTCAA-1,BAL 05
c2_2_ATACTTCGTGATTAGA-1,Multiplet
c2_2_ATACTTCTCAGACCGC-1,BAL 05
c2_2_ATACTTCTCCTCTGCA-1,BAL 03
c2_2_ATAGACCAGCACTCTA-1,Multiplet
c2_2_ATAGACCAGTTAGTAG-1,BAL 02
c2_2_ATAGACCCAATAGTGA-1,BAL 04
c2_2_ATAGACCCACCTCTAC-1,BAL 03
c2_2_ATAGACCGTACGGCAA-1,BAL 05
c2_2_ATAGACCGTTCAGTAC-1,BAL 06
c2_2_ATAGACCGTTTACTGG-1,BAL 04
c2_2_ATAGACCTCACTACGA-1,BAL 03
c2_2_ATAGACCTCAGCGCGT-1,BAL 01
c2_2_ATAGACCTCCACCTGT-1,Multiplet
c2_2_ATAGAGAAGCAACAGC-1,Multiplet
c2_2_ATAGAGAAGCAATAGT-1,Multiplet
c2_2_ATAGAGAAGCTCGAAG-1,BAL 03
c2_2_ATAGAGAAGGCAGTCA-1,BAL 04
c2_2_ATAGAGAAGTGCTACT-1,BAL 04
c2_2_ATAGAGACAATCGCGC-1,BAL 03
c2_2_ATAGAGACAATTGCCA-1,Multiplet
c2_2_ATAGAGACAGCATCTA-1,BAL 02
c2_2_ATAGAGACATCGATAC-1,BAL 08
c2_2_ATAGAGAGTAACCAGG-1,BAL 01
c2_2_ATAGAGAGTAGGCTGA-1,BAL 03
c2_2_ATAGAGAGTCACAGAG-1,BAL 03
c2_2_ATAGAGAGTGCATCTA-1,BAL 06
c2_2_ATAGAGAGTGTATCCA-1,BAL 02
c2_2_ATAGAGAGTTCGTTCC-1,BAL 01
c2_2_ATAGAGAGTTGAGTCT-1,BAL 01
c2_2_ATAGAGAGTTTCGTGA-1,Multiplet
c2_2_ATAGAGATCCGTACGG-1,Multiplet
c2_2_ATAGAGATCCTTCTTC-1,BAL 01
c2_2_ATAGAGATCGCTAATG-1,BAL 08
c2_2_ATAGAGATCGGTAAGG-1,BAL 02
c2_2_ATAGAGATCTTACGTT-1,BAL 04
c2_2_ATAGAGATCTTCGTAT-1,BAL 03
c2_2_ATAGGCTAGCAGTAAT-1,BAL 05
c2_2_ATAGGCTAGGAACTAT-1,Multiplet
c2_2_ATAGGCTAGTAACGAT-1,BAL 02
c2_2_ATAGGCTAGTGATTCC-1,BAL 07
c2_2_ATAGGCTAGTTAGTGA-1,Multiplet
c2_2_ATAGGCTCACGTTCGG-1,BAL 05
c2_2_ATAGGCTGTCACTTAG-1,BAL 03
c2_2_ATAGGCTGTTATGTGC-1,BAL 02
c2_2_ATAGGCTTCAGCTTGA-1,BAL 05
c2_2_ATAGGCTTCATAGACC-1,Multiplet
c2_2_ATAGGCTTCGAATGCT-1,BAL 02
c2_2_ATAGGCTTCGGCCTTT-1,Multiplet
c2_2_ATATCCTAGCAATTAG-1,BAL 04
c2_2_ATATCCTAGCGAACTG-1,BAL 04
c2_2_ATATCCTAGCGCCCAT-1,BAL 06
c2_2_ATATCCTAGCGCTGAA-1,BAL 08
c2_2_ATATCCTAGGGAGGCA-1,BAL 05
c2_2_ATATCCTCAAAGCTAA-1,BAL 07
c2_2_ATATCCTCAACCAATC-1,BAL 03
c2_2_ATATCCTCAGTGCCTG-1,Multiplet
c2_2_ATATCCTGTCGTACAT-1,BAL 01
c2_2_ATATCCTGTGCAATAA-1,BAL 07
c2_2_ATATCCTGTGCCGTTG-1,BAL 05
c2_2_ATATCCTGTGCGGCTT-1,BAL 08
c2_2_ATATCCTTCACCACAA-1,BAL 02
c2_2_ATATCCTTCCATTTCA-1,BAL 01
c2_2_ATATCCTTCCCGAACG-1,BAL 02
c2_2_ATATCCTTCGCACTCT-1,BAL 07
c2_2_ATCACAGAGCACCCAC-1,BAL 08
c2_2_ATCACAGAGCATACTC-1,BAL 01
c2_2_ATCACAGCACGCTGAC-1,Multiplet
c2_2_ATCACAGCAGCTCCTT-1,BAL 02
c2_2_ATCACAGCAGGCCCTA-1,Multiplet
c2_2_ATCACAGCATCGTGCG-1,BAL 05
c2_2_ATCACAGGTCGACGCT-1,BAL 05
c2_2_ATCACAGGTTCCAAAC-1,BAL 08
c2_2_ATCACAGTCAAAGGAT-1,BAL 07
c2_2_ATCACAGTCCACGGGT-1,BAL 06
c2_2_ATCACAGTCCGGACTG-1,BAL 08
c2_2_ATCACAGTCGCACGAC-1,BAL 02
c2_2_ATCACAGTCGCGATCG-1,Multiplet
c2_2_ATCACAGTCTCGGCTT-1,BAL 03
c2_2_ATCACGAAGCCTGAAG-1,Multiplet
c2_2_ATCACGAAGGCGATAC-1,Multiplet
c2_2_ATCACGAAGTAGGAAG-1,BAL 05
c2_2_ATCACGAAGTAGTCTC-1,Multiplet
c2_2_ATCACGAAGTTCTACG-1,Multiplet
c2_2_ATCACGACAATGGCAG-1,BAL 03
c2_2_ATCACGACACAAATAG-1,BAL 03
c2_2_ATCACGACAGCAGACA-1,BAL 06
c2_2_ATCACGACAGGCTACC-1,BAL 05
c2_2_ATCACGACAGTAGTGG-1,BAL 08
c2_2_ATCACGACAGTCGAGA-1,BAL 03
c2_2_ATCACGAGTCCAATCA-1,Multiplet
c2_2_ATCACGAGTTACTCAG-1,BAL 03
c2_2_ATCACGAGTTGCGGAA-1,BAL 04
c2_2_ATCACGATCAAGCTTG-1,BAL 02
c2_2_ATCACGATCGAAGTGG-1,Multiplet
c2_2_ATCACTTCAAGCAATA-1,BAL 08
c2_2_ATCACTTCACAATCTG-1,BAL 07
c2_2_ATCACTTCACCCGTAG-1,BAL 03
c2_2_ATCACTTCATACCACA-1,BAL 07
c2_2_ATCACTTGTAGACGGT-1,BAL 07
c2_2_ATCACTTGTAGCCAGA-1,BAL 03
c2_2_ATCACTTGTCCAATCA-1,BAL 03
c2_2_ATCACTTTCAGCACCG-1,BAL 01
c2_2_ATCACTTTCCTTCAGC-1,BAL 06
c2_2_ATCACTTTCGACATTG-1,BAL 01
c2_2_ATCACTTTCGCTGTCT-1,Multiplet
c2_2_ATCACTTTCTATCACT-1,BAL 02
c2_2_ATCACTTTCTCTATAC-1,BAL 03
c2_2_ATCACTTTCTGAGAGG-1,Multiplet
c2_2_ATCACTTTCTGCATGA-1,BAL 02
c2_2_ATCACTTTCTTACCAT-1,BAL 04
c2_2_ATCAGGTAGCAGCACA-1,BAL 01
c2_2_ATCAGGTAGCTGACAG-1,BAL 02
c2_2_ATCAGGTAGGGACTGT-1,BAL 02
c2_2_ATCAGGTAGTTACGGG-1,BAL 03
c2_2_ATCAGGTCAAGCTCTA-1,BAL 04
c2_2_ATCAGGTCAAGTGCAG-1,BAL 07
c2_2_ATCAGGTCAATCGCGC-1,BAL 05
c2_2_ATCAGGTCACAACGTT-1,BAL 03
c2_2_ATCAGGTCAGAGCGTA-1,BAL 01
c2_2_ATCAGGTCAGGCTCTG-1,Multiplet
c2_2_ATCAGGTGTACACGCC-1,BAL 03
c2_2_ATCAGGTGTACGTTCA-1,BAL 01
c2_2_ATCAGGTGTCATCACA-1,BAL 06
c2_2_ATCAGGTGTGCCTACG-1,BAL 02
c2_2_ATCAGGTTCTCGCTCA-1,Multiplet
c2_2_ATCATTCAGAGGTTAT-1,BAL 05
c2_2_ATCATTCAGAGTCACG-1,Multiplet
c2_2_ATCATTCAGCACTCAT-1,BAL 02
c2_2_ATCATTCAGCCATATC-1,Multiplet
c2_2_ATCATTCAGCCTGTCG-1,BAL 08
c2_2_ATCATTCAGCGAGTCA-1,BAL 02
c2_2_ATCATTCAGGGACCAT-1,Negative
c2_2_ATCATTCCAACTAGAA-1,BAL 06
c2_2_ATCATTCCACTGGCGT-1,Multiplet
c2_2_ATCATTCCAGACCCGT-1,Multiplet
c2_2_ATCATTCCAGAGTTCT-1,BAL 02
c2_2_ATCATTCCAGATCATC-1,BAL 03
c2_2_ATCATTCCAGCTCGGT-1,BAL 07
c2_2_ATCATTCCATAGACTC-1,Multiplet
c2_2_ATCATTCCATTGGCAT-1,BAL 05
c2_2_ATCATTCGTATCTCGA-1,BAL 05
c2_2_ATCATTCGTATTCTCT-1,BAL 05
c2_2_ATCATTCGTGAATTAG-1,BAL 05
c2_2_ATCATTCGTGACCGTC-1,BAL 05
c2_2_ATCATTCGTGCGCTCA-1,BAL 02
c2_2_ATCATTCGTTCTCGCT-1,BAL 05
c2_2_ATCATTCTCAGACCCG-1,BAL 05
c2_2_ATCATTCTCAGGGTAG-1,BAL 02
c2_2_ATCATTCTCCCAAGTA-1,BAL 06
c2_2_ATCATTCTCCCGAATA-1,BAL 04
c2_2_ATCCACCCAAGCGCTC-1,BAL 02
c2_2_ATCCACCCACAGTATC-1,BAL 03
c2_2_ATCCACCCACTGCACG-1,BAL 01
c2_2_ATCCACCCAGCCTTCT-1,BAL 06
c2_2_ATCCACCCAGTGCCTG-1,BAL 07
c2_2_ATCCACCCATATACCG-1,BAL 02
c2_2_ATCCACCGTAGGTCAG-1,Multiplet
c2_2_ATCCACCGTAGGTTTC-1,Multiplet
c2_2_ATCCACCGTCAGACGA-1,BAL 08
c2_2_ATCCACCGTCAGTCGC-1,BAL 03
c2_2_ATCCACCGTGCAATGG-1,Multiplet
c2_2_ATCCACCGTTATCTTC-1,BAL 02
c2_2_ATCCACCGTTGCTCGG-1,BAL 03
c2_2_ATCCACCTCCGATAGT-1,BAL 05
c2_2_ATCCATTAGATAACGT-1,Multiplet
c2_2_ATCCATTAGATAGGGA-1,BAL 01
c2_2_ATCCATTAGATGCTGG-1,Multiplet
c2_2_ATCCATTAGATTGAGT-1,Multiplet
c2_2_ATCCATTAGCACCGAA-1,BAL 05
c2_2_ATCCATTAGGTAAGAG-1,BAL 06
c2_2_ATCCATTAGGTGAGAA-1,BAL 04
c2_2_ATCCATTAGTATGCAA-1,BAL 01
c2_2_ATCCATTCACTGCGAC-1,BAL 02
c2_2_ATCCATTCAGCATGCC-1,BAL 02
c2_2_ATCCATTCATAGTCAC-1,BAL 05
c2_2_ATCCATTCATATTCGG-1,BAL 06
c2_2_ATCCATTGTAATACCC-1,BAL 07
c2_2_ATCCATTGTCGGCTAC-1,Multiplet
c2_2_ATCCATTTCCCATGGG-1,BAL 08
c2_2_ATCCATTTCCTTCTAA-1,BAL 07
c2_2_ATCCATTTCTGCGGGT-1,BAL 02
c2_2_ATCCCTGAGACATAAC-1,BAL 02
c2_2_ATCCCTGAGCCGAACA-1,Multiplet
c2_2_ATCCCTGAGCGCCTCA-1,BAL 04
c2_2_ATCCCTGAGTGGTTAA-1,BAL 02
c2_2_ATCCCTGAGTTGAAGT-1,BAL 07
c2_2_ATCCCTGCAATGAACA-1,BAL 03
c2_2_ATCCCTGCAGCTCCTT-1,BAL 08
c2_2_ATCCCTGGTAACAGTA-1,BAL 02
c2_2_ATCCCTGTCGAGTCCG-1,BAL 04
c2_2_ATCCGTCAGCATTTCG-1,Multiplet
c2_2_ATCCGTCAGGCATCGA-1,BAL 01
c2_2_ATCCGTCAGGGCTAAC-1,BAL 07
c2_2_ATCCGTCAGTCGCGAA-1,BAL 07
c2_2_ATCCGTCAGTTTCTTC-1,BAL 08
c2_2_ATCCGTCCAAACCACT-1,BAL 06
c2_2_ATCCGTCCAACCTAAC-1,BAL 05
c2_2_ATCCGTCCAAGACCTT-1,BAL 03
c2_2_ATCCGTCCAAGATTGA-1,BAL 04
c2_2_ATCCGTCCAAGGGTCA-1,BAL 05
c2_2_ATCCGTCCAATGGCCC-1,Multiplet
c2_2_ATCCGTCCATGGCCCA-1,BAL 05
c2_2_ATCCGTCGTCCCGGTA-1,BAL 03
c2_2_ATCCGTCGTCCTGGGT-1,Multiplet
c2_2_ATCCGTCGTGAGTGAC-1,BAL 02
c2_2_ATCCGTCGTGAGTTTC-1,BAL 03
c2_2_ATCCGTCGTGATGAAT-1,BAL 07
c2_2_ATCCGTCTCCGGCAGT-1,BAL 08
c2_2_ATCCGTCTCCGGGACT-1,BAL 02
c2_2_ATCCGTCTCGCTCCTA-1,BAL 05
c2_2_ATCCTATAGACTAAGT-1,BAL 04
c2_2_ATCCTATAGAGAGGTA-1,BAL 01
c2_2_ATCCTATAGCCGATCC-1,Multiplet
c2_2_ATCCTATAGCTCCCTT-1,BAL 08
c2_2_ATCCTATAGGATACCG-1,BAL 03
c2_2_ATCCTATAGGTAAACT-1,Multiplet
c2_2_ATCCTATCAAAGCAAT-1,Multiplet
c2_2_ATCCTATCAAGCGAAC-1,Multiplet
c2_2_ATCCTATCACTACACA-1,BAL 07
c2_2_ATCCTATGTACCACGC-1,BAL 08
c2_2_ATCCTATGTGGCGCTT-1,BAL 04
c2_2_ATCCTATGTGGCTTGC-1,BAL 02
c2_2_ATCCTATTCATGGGAG-1,BAL 04
c2_2_ATCCTATTCGCAATTG-1,BAL 08
c2_2_ATCCTATTCGTCGGGT-1,BAL 05
c2_2_ATCCTATTCTGAGCAT-1,Multiplet
c2_2_ATCGATGCAACCCTCT-1,BAL 05
c2_2_ATCGATGCAGAAACCG-1,Negative
c2_2_ATCGATGCATAGACTC-1,BAL 02
c2_2_ATCGATGCATATCTCT-1,BAL 01
c2_2_ATCGATGGTAGGCAGT-1,BAL 06
c2_2_ATCGATGGTAGGTACG-1,Multiplet
c2_2_ATCGATGGTTACCCTC-1,BAL 07
c2_2_ATCGATGGTTTACCTT-1,BAL 06
c2_2_ATCGATGTCCATAGGT-1,BAL 01
c2_2_ATCGATGTCCCGTAAA-1,Multiplet
c2_2_ATCGATGTCGCAGTCG-1,BAL 03
c2_2_ATCGATGTCGGCCAAC-1,Multiplet
c2_2_ATCGCCTAGATAGCAT-1,BAL 07
c2_2_ATCGCCTAGCCGTTGC-1,BAL 04
c2_2_ATCGCCTAGTAAATGC-1,BAL 06
c2_2_ATCGCCTAGTACAACA-1,BAL 03
c2_2_ATCGCCTAGTGATCGG-1,Multiplet
c2_2_ATCGCCTAGTTGGAAT-1,BAL 07
c2_2_ATCGCCTCAACTTCTT-1,Multiplet
c2_2_ATCGCCTCACGCCAGT-1,BAL 06
c2_2_ATCGCCTCACGCGTGT-1,Multiplet
c2_2_ATCGCCTCACGTACAT-1,Multiplet
c2_2_ATCGCCTCACTGTGAT-1,BAL 03
c2_2_ATCGCCTCAGGACGAT-1,BAL 08
c2_2_ATCGCCTCAGGTCAAG-1,Multiplet
c2_2_ATCGCCTGTACCATAC-1,Multiplet
c2_2_ATCGCCTGTCGAGTTT-1,BAL 06
c2_2_ATCGCCTGTGAGTTGG-1,Negative
c2_2_ATCGCCTGTGATTAGA-1,BAL 02
c2_2_ATCGCCTGTGGAACCA-1,BAL 02
c2_2_ATCGCCTGTTCAATCG-1,Multiplet
c2_2_ATCGCCTTCACCTTAT-1,BAL 08
c2_2_ATCGCCTTCCCGAACG-1,BAL 01
c2_2_ATCGCCTTCGCAGTTA-1,BAL 07
c2_2_ATCGCCTTCGTGCAGC-1,BAL 02
c2_2_ATCGCCTTCTGAGTCA-1,Multiplet
c2_2_ATCGGATAGGAACGAA-1,BAL 03
c2_2_ATCGGATAGTAATCCC-1,BAL 08
c2_2_ATCGGATAGTACAGCG-1,Multiplet
c2_2_ATCGGATCAACCAGAG-1,BAL 07
c2_2_ATCGGATCAATCCAGT-1,BAL 02
c2_2_ATCGGATCACCGCTAG-1,BAL 02
c2_2_ATCGGATGTGTACATC-1,BAL 01
c2_2_ATCGGATGTTGCTAGT-1,BAL 06
c2_2_ATCGGATGTTTGTTCT-1,BAL 07
c2_2_ATCGGATTCATCTATC-1,BAL 02
c2_2_ATCGGATTCATTTGGG-1,BAL 06
c2_2_ATCGGATTCGCGGACT-1,BAL 07
c2_2_ATCGGATTCGCTGCGA-1,BAL 05
c2_2_ATCGGATTCTCGCTTG-1,BAL 03
c2_2_ATCGGCGCAACAGAGC-1,BAL 04
c2_2_ATCGGCGCAACTCCAA-1,BAL 03
c2_2_ATCGGCGCAATAGTGA-1,BAL 02
c2_2_ATCGGCGCACCAAATC-1,BAL 04
c2_2_ATCGGCGCACCGTCGA-1,BAL 02
c2_2_ATCGGCGCATGGACAG-1,BAL 08
c2_2_ATCGGCGGTATCAAGA-1,Negative
c2_2_ATCGGCGGTCGAATTC-1,BAL 07
c2_2_ATCGGCGGTTCGTAAC-1,BAL 03
c2_2_ATCGGCGTCATTACCT-1,BAL 02
c2_2_ATCGGCGTCCCAGGCA-1,BAL 08
c2_2_ATCGGCGTCGCAAGAG-1,BAL 06
c2_2_ATCGGCGTCTAGATCG-1,Multiplet
c2_2_ATCGGCGTCTCGTCAC-1,BAL 02
c2_2_ATCGGCGTCTCTGACC-1,BAL 04
c2_2_ATCGTAGAGACGACGT-1,BAL 05
c2_2_ATCGTAGAGAGTCTTC-1,Multiplet
c2_2_ATCGTAGAGGAACTAT-1,Multiplet
c2_2_ATCGTAGAGGAAGTAG-1,BAL 08
c2_2_ATCGTAGAGTCACAGG-1,BAL 04
c2_2_ATCGTAGAGTGATTCC-1,BAL 06
c2_2_ATCGTAGCACCATTCC-1,Multiplet
c2_2_ATCGTAGCAGTTGAAA-1,Multiplet
c2_2_ATCGTAGGTCATCTAG-1,BAL 04
c2_2_ATCGTAGTCCATTGTT-1,BAL 02
c2_2_ATCGTAGTCCTCAGAA-1,Multiplet
c2_2_ATCGTAGTCGCCAGTG-1,BAL 07
c2_2_ATCGTAGTCTGTTCAT-1,BAL 08
c2_2_ATCGTCCAGATACCAA-1,Negative
c2_2_ATCGTCCAGCCTCGTG-1,BAL 03
c2_2_ATCGTCCAGGTGCAGT-1,BAL 02
c2_2_ATCGTCCAGGTTGGAC-1,BAL 03
c2_2_ATCGTCCCAATTAGGA-1,BAL 02
c2_2_ATCGTCCCACCGTCTT-1,BAL 07
c2_2_ATCGTCCCACTGGCCA-1,BAL 08
c2_2_ATCGTCCCAGAACCGA-1,BAL 02
c2_2_ATCGTCCCAGCGATTT-1,Multiplet
c2_2_ATCGTCCGTCCAGCAC-1,BAL 05
c2_2_ATCGTCCGTTGCTGAT-1,BAL 07
c2_2_ATCGTCCTCATACGAC-1,BAL 05
c2_2_ATCGTCCTCCATCTGC-1,BAL 01
c2_2_ATCGTCCTCCGTATGA-1,BAL 05
c2_2_ATCGTCCTCGGAAACG-1,BAL 03
c2_2_ATCGTCCTCGGAGATG-1,BAL 07
c2_2_ATCGTGAAGCCTAGGA-1,BAL 07
c2_2_ATCGTGAAGCCTCATA-1,BAL 04
c2_2_ATCGTGACACCTCAGG-1,BAL 04
c2_2_ATCGTGACAGATTAAG-1,Multiplet
c2_2_ATCGTGACAGCTATAC-1,BAL 04
c2_2_ATCGTGACATGTGGTT-1,Multiplet
c2_2_ATCGTGAGTAGATGTA-1,Multiplet
c2_2_ATCGTGAGTAGCTGAG-1,Multiplet
c2_2_ATCGTGAGTTAATGAG-1,BAL 05
c2_2_ATCGTGATCCATCTGC-1,BAL 08
c2_2_ATCTCTAAGACTCGAG-1,BAL 03
c2_2_ATCTCTAAGCGCCATC-1,BAL 04
c2_2_ATCTCTAAGGTCCCGT-1,BAL 05
c2_2_ATCTCTAAGTCCTACA-1,BAL 05
c2_2_ATCTCTAAGTCGTTAC-1,BAL 02
c2_2_ATCTCTAAGTCTTCCC-1,BAL 01
c2_2_ATCTCTACAAAGCTAA-1,BAL 04
c2_2_ATCTCTACAAAGGTTA-1,BAL 02
c2_2_ATCTCTACAAGCAGGT-1,BAL 05
c2_2_ATCTCTAGTATGCTAC-1,BAL 02
c2_2_ATCTCTAGTGACGCCT-1,BAL 07
c2_2_ATCTCTATCAAATAGG-1,BAL 01
c2_2_ATCTCTATCAGCACCG-1,BAL 04
c2_2_ATCTCTATCCGTGCGA-1,Multiplet
c2_2_ATCTCTATCGGTCGGT-1,BAL 01
c2_2_ATCTCTATCTGTGCAA-1,BAL 01
c2_2_ATCTTCAAGATCGCTT-1,Multiplet
c2_2_ATCTTCACAAGCTACT-1,BAL 01
c2_2_ATCTTCACACCCATAA-1,BAL 07
c2_2_ATCTTCACACGACAAG-1,BAL 03
c2_2_ATCTTCAGTCAGACGA-1,BAL 07
c2_2_ATCTTCAGTCCTCCAT-1,BAL 03
c2_2_ATCTTCATCACGGTCG-1,BAL 05
c2_2_ATCTTCATCAGACATC-1,Multiplet
c2_2_ATGAAAGAGACCCTTA-1,BAL 03
c2_2_ATGAAAGAGACGGATC-1,BAL 03
c2_2_ATGAAAGAGGTTCTTG-1,BAL 08
c2_2_ATGAAAGAGTCAGGGT-1,BAL 04
c2_2_ATGAAAGCACTCGATA-1,BAL 02
c2_2_ATGAAAGCAGCTACAT-1,BAL 07
c2_2_ATGAAAGCAGTCGAGA-1,BAL 08
c2_2_ATGAAAGGTACCCAGC-1,BAL 05
c2_2_ATGAAAGGTCCCGCAA-1,Negative
c2_2_ATGAAAGGTGACAGCA-1,BAL 06
c2_2_ATGAAAGGTGCGAGTA-1,Multiplet
c2_2_ATGAAAGGTGTTAAAG-1,BAL 03
c2_2_ATGACCAAGCACCTGC-1,Multiplet
c2_2_ATGACCAAGCTGCGAA-1,BAL 03
c2_2_ATGACCAAGGAACTCG-1,BAL 05
c2_2_ATGACCAAGGCTAAAT-1,BAL 01
c2_2_ATGACCAAGTGTTCAC-1,BAL 01
c2_2_ATGACCACAAACCGGA-1,Multiplet
c2_2_ATGACCACAAGAGTGC-1,BAL 08
c2_2_ATGACCACAGAGCTAG-1,BAL 08
c2_2_ATGACCAGTCAAAGAT-1,BAL 05
c2_2_ATGACCAGTCACAGAG-1,BAL 04
c2_2_ATGACCATCAAGAGGC-1,BAL 03
c2_2_ATGACCATCGAAGCAG-1,BAL 01
c2_2_ATGACCATCGTTCTCG-1,BAL 05
c2_2_ATGACCATCTTTGCTA-1,Multiplet
c2_2_ATGAGGGAGCCTCAGC-1,BAL 03
c2_2_ATGAGGGAGCTGTTCA-1,Negative
c2_2_ATGAGGGAGGCTTTCA-1,Multiplet
c2_2_ATGAGGGAGGTCGACA-1,Multiplet
c2_2_ATGAGGGCAAATAGCA-1,Multiplet
c2_2_ATGAGGGCACAGTCGC-1,BAL 02
c2_2_ATGAGGGCAGAAACCG-1,BAL 05
c2_2_ATGAGGGGTGAATAAC-1,BAL 04
c2_2_ATGAGGGGTGGTTCTA-1,BAL 02
c2_2_ATGAGGGGTTATTCTC-1,BAL 01
c2_2_ATGAGGGTCCATTGGA-1,Multiplet
c2_2_ATGAGGGTCCGAGATT-1,BAL 02
c2_2_ATGAGGGTCGTCCTCA-1,BAL 07
c2_2_ATGAGTCAGTTCAACC-1,BAL 02
c2_2_ATGAGTCCAGCTGCCA-1,BAL 08
c2_2_ATGAGTCGTAGCGATG-1,Multiplet
c2_2_ATGAGTCGTATTGGCT-1,BAL 05
c2_2_ATGAGTCTCGAACGGA-1,BAL 06
c2_2_ATGATCGAGGTCGACA-1,BAL 02
c2_2_ATGATCGCACTCCGGA-1,BAL 02
c2_2_ATGATCGGTCATCGGC-1,BAL 03
c2_2_ATGATCGGTCGCGGTT-1,BAL 08
c2_2_ATGATCGGTGGAGAAA-1,BAL 07
c2_2_ATGATCGTCCGACAGC-1,BAL 02
c2_2_ATGATCGTCTGAGAGG-1,BAL 02
c2_2_ATGATCGTCTGGAGAG-1,BAL 07
c2_2_ATGCATGCATCACAGT-1,BAL 03
c2_2_ATGCATGGTAATGATG-1,BAL 08
c2_2_ATGCATGGTACGACTT-1,BAL 03
c2_2_ATGCATGGTGAGATCG-1,BAL 06
c2_2_ATGCATGGTTCATCTT-1,BAL 02
c2_2_ATGCATGTCAAGAGGC-1,BAL 01
c2_2_ATGCATGTCACATACG-1,BAL 03
c2_2_ATGCATGTCACCGACG-1,BAL 04
c2_2_ATGCATGTCAGCATTG-1,Multiplet
c2_2_ATGCATGTCGCAACAT-1,Multiplet
c2_2_ATGCCTCCAACTCCCT-1,Negative
c2_2_ATGCCTCCACCGCTGA-1,BAL 02
c2_2_ATGCCTCCAGCATCTA-1,Multiplet
c2_2_ATGCCTCCATCGTTCC-1,Multiplet
c2_2_ATGCCTCGTAGTACGG-1,Multiplet
c2_2_ATGCCTCGTGGACTAG-1,BAL 06
c2_2_ATGCCTCGTTTGAAAG-1,BAL 03
c2_2_ATGCCTCTCGCCACTT-1,BAL 02
c2_2_ATGCCTCTCGGTCGAC-1,BAL 03
c2_2_ATGCCTCTCTTGATTC-1,BAL 01
c2_2_ATGCGATAGAGTCAAT-1,BAL 03
c2_2_ATGCGATAGGCACGAT-1,BAL 07
c2_2_ATGCGATCAAGCTGTT-1,BAL 02
c2_2_ATGCGATCACGCCAGT-1,BAL 03
c2_2_ATGCGATCAGGACAGT-1,BAL 03
c2_2_ATGCGATCATGGAAGC-1,Multiplet
c2_2_ATGCGATCATTGTAGC-1,BAL 08
c2_2_ATGCGATGTCATCTAG-1,BAL 04
c2_2_ATGCGATGTGGCCCAT-1,BAL 03
c2_2_ATGCGATGTGTAGGAC-1,BAL 05
c2_2_ATGCGATGTTCTCTCG-1,BAL 03
c2_2_ATGCGATTCCACCCTA-1,BAL 02
c2_2_ATGCGATTCGCCATAA-1,BAL 03
c2_2_ATGCGATTCGTGACTA-1,BAL 03
c2_2_ATGGAGGAGCAATTAG-1,Multiplet
c2_2_ATGGAGGAGCGGACAT-1,BAL 06
c2_2_ATGGAGGAGCTAATCC-1,Multiplet
c2_2_ATGGAGGGTCAACCAT-1,BAL 02
c2_2_ATGGAGGGTCACCGAC-1,BAL 02
c2_2_ATGGAGGGTCCTACGG-1,BAL 02
c2_2_ATGGAGGGTTGCTTGA-1,BAL 06
c2_2_ATGGAGGTCATACGAC-1,BAL 08
c2_2_ATGGATCAGAACTTCC-1,Multiplet
c2_2_ATGGATCAGAATTCAG-1,BAL 07
c2_2_ATGGATCAGCGTCAGA-1,BAL 04
c2_2_ATGGATCAGCTAGTTC-1,Multiplet
c2_2_ATGGATCAGTGTTGTC-1,BAL 08
c2_2_ATGGATCCACAGCATT-1,BAL 04
c2_2_ATGGATCCAGCTCATA-1,BAL 01
c2_2_ATGGATCCAGCTTTGA-1,BAL 07
c2_2_ATGGATCGTTCTCGTC-1,Multiplet
c2_2_ATGGATCTCCATCCGT-1,BAL 02
c2_2_ATGGGAGAGAGCAGTC-1,BAL 01
c2_2_ATGGGAGAGCCGAATG-1,Multiplet
c2_2_ATGGGAGAGGAATCGC-1,BAL 03
c2_2_ATGGGAGAGGCTCACC-1,BAL 05
c2_2_ATGGGAGAGTCCCGAC-1,BAL 07
c2_2_ATGGGAGCAGAACCGA-1,BAL 03
c2_2_ATGGGAGCATTACGGT-1,BAL 08
c2_2_ATGGGAGGTACGCTTA-1,BAL 02
c2_2_ATGGGAGGTACTTCCC-1,BAL 02
c2_2_ATGGGAGGTGCCCGTA-1,BAL 03
c2_2_ATGGGAGGTTGTTGCA-1,BAL 03
c2_2_ATGGGAGTCAGAGCGA-1,BAL 06
c2_2_ATGGGAGTCGACGAGA-1,BAL 02
c2_2_ATGGGAGTCGCCTAGG-1,BAL 08
c2_2_ATGGGAGTCGGCCAAC-1,BAL 08
c2_2_ATGGGTTAGGGAGTGG-1,Multiplet
c2_2_ATGGGTTAGTGCCGAA-1,BAL 04
c2_2_ATGGGTTCACCTGATA-1,Multiplet
c2_2_ATGGGTTCACTACCCT-1,BAL 06
c2_2_ATGGGTTGTAGGCTCC-1,BAL 04
c2_2_ATGGGTTGTCAACCTA-1,BAL 07
c2_2_ATGGGTTGTGAGTTGG-1,BAL 05
c2_2_ATGGGTTTCCTTCGAC-1,BAL 07
c2_2_ATGGGTTTCCTTGAAG-1,BAL 07
c2_2_ATGGGTTTCTCGCTCA-1,BAL 02
c2_2_ATGGGTTTCTCGGGAC-1,BAL 07
c2_2_ATGGTTGAGATGGGCT-1,Multiplet
c2_2_ATGGTTGAGGTGCTAG-1,BAL 02
c2_2_ATGGTTGCACCCTTAC-1,BAL 04
c2_2_ATGGTTGCATCCTATT-1,BAL 04
c2_2_ATGGTTGCATGTGCCG-1,Multiplet
c2_2_ATGGTTGGTATGATCC-1,BAL 01
c2_2_ATGGTTGGTCCATCTC-1,Multiplet
c2_2_ATGGTTGGTGATGGCA-1,BAL 02
c2_2_ATGGTTGGTTGACTAC-1,Multiplet
c2_2_ATGGTTGTCATGTCTT-1,BAL 03
c2_2_ATGGTTGTCCGCGAGT-1,Multiplet
c2_2_ATGGTTGTCGACGTCG-1,BAL 02
c2_2_ATGGTTGTCTCGGGAC-1,BAL 08
c2_2_ATGTCCCAGCAACTTC-1,Multiplet
c2_2_ATGTCCCAGCTTCGTA-1,Multiplet
c2_2_ATGTCCCAGGATTTAG-1,BAL 08
c2_2_ATGTCCCAGGGCTAAC-1,BAL 05
c2_2_ATGTCCCCAAGTGGAC-1,BAL 04
c2_2_ATGTCCCCAGAAATCA-1,BAL 05
c2_2_ATGTCCCCAGCTGTTA-1,BAL 04
c2_2_ATGTCCCCAGTCGAGA-1,Multiplet
c2_2_ATGTCCCGTGTTGATC-1,BAL 03
c2_2_ATGTCCCTCTTTGATC-1,BAL 06
c2_2_ATGTCTTAGCCTTTCC-1,BAL 07
c2_2_ATGTCTTAGGTATTGA-1,BAL 05
c2_2_ATGTCTTAGGTTTACC-1,BAL 05
c2_2_ATGTCTTAGTAAACTG-1,BAL 05
c2_2_ATGTCTTCAAGTACCT-1,BAL 06
c2_2_ATGTCTTCAGCTTCGG-1,BAL 04
c2_2_ATGTCTTGTACCAGAG-1,BAL 08
c2_2_ATGTCTTGTATGTCAC-1,Multiplet
c2_2_ATGTCTTGTCCCTGTT-1,BAL 01
c2_2_ATGTCTTGTGTCTTAG-1,BAL 06
c2_2_ATGTCTTTCCGTAGGC-1,Multiplet
c2_2_ATGTCTTTCCTACGAA-1,BAL 03
c2_2_ATGTCTTTCCTGCTAC-1,BAL 06
c2_2_ATTACCTAGATGCTAA-1,Multiplet
c2_2_ATTACCTAGCCACCGT-1,BAL 03
c2_2_ATTACCTAGGCTCAAG-1,BAL 02
c2_2_ATTACCTAGGGACTGT-1,Multiplet
c2_2_ATTACCTAGTCAAGCG-1,Multiplet
c2_2_ATTACCTAGTCTACCA-1,Multiplet
c2_2_ATTACCTCAAGTGATA-1,BAL 05
c2_2_ATTACCTCAATTGGTC-1,BAL 05
c2_2_ATTACCTCACAGCGCT-1,Multiplet
c2_2_ATTACCTCACCTTCGT-1,BAL 05
c2_2_ATTACCTGTGAACGGT-1,BAL 03
c2_2_ATTACCTTCATGCTAG-1,BAL 04
c2_2_ATTACTCAGACAGTCG-1,BAL 03
c2_2_ATTACTCAGAGTCGAC-1,Multiplet
c2_2_ATTACTCAGCAACTTC-1,BAL 08
c2_2_ATTACTCAGCAAGGAA-1,BAL 02
c2_2_ATTACTCAGCCGTCGT-1,BAL 08
c2_2_ATTACTCAGGCCTGAA-1,Multiplet
c2_2_ATTACTCAGGCTCAAG-1,BAL 01
c2_2_ATTACTCCAAAGCGTG-1,BAL 07
c2_2_ATTACTCCAAGAGAGA-1,Multiplet
c2_2_ATTACTCCACGCCACA-1,Multiplet
c2_2_ATTACTCCATGTGACT-1,BAL 04
c2_2_ATTACTCGTAGCTGAG-1,BAL 04
c2_2_ATTACTCGTATCCTCC-1,BAL 03
c2_2_ATTACTCGTATGAGAT-1,Multiplet
c2_2_ATTACTCGTCAGTTTG-1,Multiplet
c2_2_ATTACTCGTGATTCTG-1,BAL 02
c2_2_ATTACTCGTTAGGGTG-1,BAL 07
c2_2_ATTACTCTCAAATAGG-1,BAL 03
c2_2_ATTACTCTCACGGGAA-1,BAL 03
c2_2_ATTACTCTCTGGACCG-1,BAL 05
c2_2_ATTATCCAGAGGTCGT-1,BAL 01
c2_2_ATTATCCAGAGTAACT-1,BAL 05
c2_2_ATTATCCAGCAACAAT-1,BAL 02
c2_2_ATTATCCAGCTCCATA-1,BAL 07
c2_2_ATTATCCAGGGTGGGA-1,Multiplet
c2_2_ATTATCCAGTCATTGC-1,BAL 06
c2_2_ATTATCCCACCTGCTT-1,BAL 01
c2_2_ATTATCCGTCATCACA-1,Multiplet
c2_2_ATTATCCGTCCTTGTC-1,Multiplet
c2_2_ATTATCCGTGAACTAA-1,BAL 01
c2_2_ATTATCCGTGGCTAGA-1,BAL 08
c2_2_ATTATCCTCAAAGACA-1,BAL 01
c2_2_ATTATCCTCCATCTAT-1,BAL 07
c2_2_ATTATCCTCGCAGTGC-1,BAL 08
c2_2_ATTATCCTCGGTATGT-1,Negative
c2_2_ATTCACTAGAAGAACG-1,BAL 08
c2_2_ATTCACTAGATTAGCA-1,BAL 02
c2_2_ATTCACTAGCGCCTAC-1,BAL 06
c2_2_ATTCACTAGGCGATAC-1,BAL 07
c2_2_ATTCACTCAAACCACT-1,Multiplet
c2_2_ATTCACTCAATTTCTC-1,BAL 04
c2_2_ATTCACTCACTTGACA-1,BAL 01
c2_2_ATTCACTCAGCATCTA-1,BAL 08
c2_2_ATTCACTCATCATGAC-1,Multiplet
c2_2_ATTCACTCATGGCTGC-1,BAL 03
c2_2_ATTCACTCATTAGGAA-1,BAL 02
c2_2_ATTCACTGTACGATCT-1,BAL 08
c2_2_ATTCACTGTACGGATG-1,BAL 05
c2_2_ATTCACTGTCGCGGTT-1,BAL 05
c2_2_ATTCACTGTTTCGGCG-1,BAL 02
c2_2_ATTCACTTCGTCTCAC-1,Multiplet
c2_2_ATTCACTTCTATCCAT-1,Multiplet
c2_2_ATTCAGGAGAATTGTG-1,BAL 04
c2_2_ATTCAGGAGACCTTTG-1,BAL 08
c2_2_ATTCAGGAGACTTAAG-1,Multiplet
c2_2_ATTCAGGAGGAGTATT-1,BAL 02
c2_2_ATTCAGGAGGGTAGCT-1,BAL 06
c2_2_ATTCAGGAGGTGATCG-1,BAL 02
c2_2_ATTCAGGAGTAACCTC-1,BAL 08
c2_2_ATTCAGGCACATTACG-1,Multiplet
c2_2_ATTCAGGCATACCACA-1,BAL 07
c2_2_ATTCAGGGTAAGTTAG-1,BAL 01
c2_2_ATTCAGGGTGTAGCAG-1,BAL 01
c2_2_ATTCAGGGTTGTGTTG-1,BAL 03
c2_2_ATTCAGGGTTTCACAG-1,BAL 06
c2_2_ATTCAGGTCCCAGGCA-1,BAL 07
c2_2_ATTCATCCACAACCGC-1,Multiplet
c2_2_ATTCATCCAGGAATAT-1,Multiplet
c2_2_ATTCATCCATGGACAG-1,BAL 08
c2_2_ATTCATCCATGTGCTA-1,BAL 08
c2_2_ATTCATCGTCCGGATC-1,BAL 05
c2_2_ATTCATCGTGCCTTTC-1,BAL 08
c2_2_ATTCATCGTGCGCTCA-1,Multiplet
c2_2_ATTCATCGTTAGTCGT-1,BAL 08
c2_2_ATTCATCTCCTAAGTG-1,BAL 05
c2_2_ATTCATCTCGTTCTCG-1,BAL 06
c2_2_ATTCATCTCTATACGG-1,BAL 07
c2_2_ATTCATCTCTATCGTT-1,Multiplet
c2_2_ATTCCATAGATCCGAG-1,Multiplet
c2_2_ATTCCATAGCGCTGAA-1,BAL 08
c2_2_ATTCCATAGGACAGTC-1,BAL 03
c2_2_ATTCCATAGGCTGTAG-1,BAL 04
c2_2_ATTCCATAGTCGCCAC-1,Multiplet
c2_2_ATTCCATAGTGAGGCT-1,BAL 01
c2_2_ATTCCATAGTGATAGT-1,BAL 03
c2_2_ATTCCATCATACAGGG-1,BAL 07
c2_2_ATTCCATGTACGATCT-1,Multiplet
c2_2_ATTCCATGTCACCCTT-1,BAL 03
c2_2_ATTCCATGTCATCTAG-1,BAL 03
c2_2_ATTCCATGTGATACAA-1,Multiplet
c2_2_ATTCCATTCCTCAGAA-1,BAL 03
c2_2_ATTCCATTCTCAAAGC-1,Multiplet
c2_2_ATTCCATTCTCCCAAC-1,BAL 05
c2_2_ATTCCCGAGTCATAGA-1,Multiplet
c2_2_ATTCCCGCAAACGTGG-1,BAL 01
c2_2_ATTCCCGCAAGCTCTA-1,BAL 03
c2_2_ATTCCCGCAATTCACG-1,BAL 07
c2_2_ATTCCCGCAGGTATGG-1,BAL 06
c2_2_ATTCCCGCATTGCCTC-1,BAL 03
c2_2_ATTCCCGGTACACGTT-1,BAL 05
c2_2_ATTCCCGGTGTCGCTG-1,BAL 05
c2_2_ATTCCCGTCAAAGAAC-1,BAL 06
c2_2_ATTCCCGTCACCCTGT-1,Multiplet
c2_2_ATTCCCGTCACGGGAA-1,BAL 05
c2_2_ATTCCCGTCAGGCGAA-1,BAL 01
c2_2_ATTCCCGTCATTACCT-1,Multiplet
c2_2_ATTCCCGTCCATCCGT-1,BAL 05
c2_2_ATTCCCGTCCCGAGGT-1,BAL 06
c2_2_ATTCCCGTCGTCTCAC-1,BAL 03
c2_2_ATTCCCGTCGTGGGAA-1,BAL 08
c2_2_ATTCCCGTCTCAACGA-1,BAL 02
c2_2_ATTCCCGTCTGTGCTC-1,BAL 02
c2_2_ATTCCTAAGCACACAG-1,BAL 03
c2_2_ATTCCTAAGGACGCTA-1,BAL 03
c2_2_ATTCCTAAGGTAATCA-1,BAL 06
c2_2_ATTCCTAAGTGATAAC-1,BAL 03
c2_2_ATTCCTACAAGCTACT-1,BAL 08
c2_2_ATTCCTACAATACGAA-1,Multiplet
c2_2_ATTCCTACACCCAAGC-1,BAL 07
c2_2_ATTCCTACATGGCGCT-1,BAL 01
c2_2_ATTCCTAGTACTGACT-1,BAL 03
c2_2_ATTCCTAGTCTGGTTA-1,BAL 02
c2_2_ATTCCTAGTGACAGGT-1,Multiplet
c2_2_ATTCCTAGTTAACAGA-1,BAL 08
c2_2_ATTCCTATCGCCACTT-1,BAL 04
c2_2_ATTCGTTAGAGGCCAT-1,Multiplet
c2_2_ATTCGTTAGAGTTGTA-1,BAL 08
c2_2_ATTCGTTAGATGGTAT-1,BAL 03
c2_2_ATTCGTTAGCGAATGC-1,Multiplet
c2_2_ATTCGTTAGTTGGAAT-1,Multiplet
c2_2_ATTCGTTAGTTTGTCG-1,BAL 05
c2_2_ATTCGTTCAATGCAAA-1,Multiplet
c2_2_ATTCGTTCACAATGAA-1,BAL 04
c2_2_ATTCGTTCACGACCTG-1,Multiplet
c2_2_ATTCGTTCACGATAGG-1,BAL 03
c2_2_ATTCGTTCAGCTCGGT-1,BAL 03
c2_2_ATTCGTTCATAAGCGG-1,BAL 02
c2_2_ATTCGTTCATCCAATG-1,BAL 03
c2_2_ATTCGTTGTACAGTCT-1,BAL 06
c2_2_ATTCGTTGTACCTAGT-1,BAL 02
c2_2_ATTCGTTTCACCCATC-1,BAL 08
c2_2_ATTCGTTTCATAGAGA-1,BAL 08
c2_2_ATTCGTTTCGAGTACT-1,Multiplet
c2_2_ATTCTACAGGCCACTC-1,Multiplet
c2_2_ATTCTACAGGCGCTTC-1,Multiplet
c2_2_ATTCTACCAAAGGATT-1,BAL 08
c2_2_ATTCTACCACCTGTCT-1,BAL 01
c2_2_ATTCTACGTTGGGACA-1,BAL 08
c2_2_ATTCTACTCACTTGGA-1,BAL 08
c2_2_ATTCTACTCAGAATAG-1,Multiplet
c2_2_ATTCTACTCAGCCCAG-1,BAL 02
c2_2_ATTCTACTCCGATGTA-1,Multiplet
c2_2_ATTCTACTCTCTCAAT-1,BAL 06
c2_2_ATTCTTGCACAGCCTG-1,BAL 02
c2_2_ATTCTTGCAGCGTGCT-1,BAL 07
c2_2_ATTCTTGCAGTCTTCC-1,BAL 02
c2_2_ATTCTTGCATGGGATG-1,BAL 02
c2_2_ATTCTTGGTAGATGTA-1,BAL 04
c2_2_ATTCTTGGTCCTATAG-1,BAL 08
c2_2_ATTCTTGGTCTCTCTG-1,Negative
c2_2_ATTCTTGGTTTCACTT-1,Negative
c2_2_ATTCTTGGTTTCTTAC-1,BAL 03
c2_2_ATTCTTGTCAGGACGA-1,Multiplet
c2_2_ATTCTTGTCATCGGGC-1,BAL 05
c2_2_ATTCTTGTCGTCTACC-1,BAL 08
c2_2_ATTCTTGTCGTGCAGC-1,BAL 02
c2_2_ATTCTTGTCTCTCGAC-1,BAL 06
c2_2_ATTGGGTAGCATGATA-1,BAL 02
c2_2_ATTGGGTAGCCATTCA-1,BAL 05
c2_2_ATTGGGTAGCTGTACT-1,BAL 05
c2_2_ATTGGGTAGTGCACTT-1,BAL 05
c2_2_ATTGGGTAGTTGGACG-1,BAL 05
c2_2_ATTGGGTCAACCACAT-1,BAL 03
c2_2_ATTGGGTCAGAGTCTT-1,Multiplet
c2_2_ATTGGGTCAGATCCTA-1,BAL 06
c2_2_ATTGGGTCAGCGTGAA-1,BAL 06
c2_2_ATTGGGTCATCACAGT-1,BAL 05
c2_2_ATTGGGTGTGAGGCAT-1,BAL 05
c2_2_ATTGGGTTCCATTGCC-1,BAL 04
c2_2_ATTGGGTTCCGTTGAA-1,BAL 05
c2_2_ATTGGGTTCGGCATCG-1,Negative
c2_2_ATTGGGTTCTATTGTC-1,BAL 01
c2_2_ATTGTTCAGAATTTGG-1,Multiplet
c2_2_ATTGTTCAGAGCCCAA-1,Multiplet
c2_2_ATTGTTCAGGACTGGT-1,BAL 03
c2_2_ATTGTTCCAACTTCTT-1,Multiplet
c2_2_ATTGTTCCAATTCACG-1,BAL 05
c2_2_ATTGTTCCACAAATCC-1,BAL 02
c2_2_ATTGTTCCACTTCTCG-1,BAL 06
c2_2_ATTGTTCCATGCCGGT-1,Multiplet
c2_2_ATTGTTCGTTAGGACG-1,Multiplet
c2_2_ATTGTTCGTTCCATTT-1,BAL 05
c2_2_ATTGTTCGTTTCCATT-1,BAL 08
c2_2_ATTGTTCTCACGACTA-1,BAL 03
c2_2_ATTTACCAGGTACCTT-1,Multiplet
c2_2_ATTTACCAGGTGCTGA-1,BAL 08
c2_2_ATTTACCCAGCGACCT-1,BAL 02
c2_2_ATTTACCCAGCGTATT-1,BAL 02
c2_2_ATTTACCGTCACCGCA-1,BAL 01
c2_2_ATTTACCTCCTTCTTC-1,Multiplet
c2_2_ATTTACCTCGGAATGG-1,BAL 02
c2_2_ATTTCACAGAAAGCGA-1,Multiplet
c2_2_ATTTCACAGGACTTCT-1,BAL 05
c2_2_ATTTCACCAAGTGACG-1,BAL 01
c2_2_ATTTCACCACAAGCAG-1,BAL 07
c2_2_ATTTCACCACTACTTT-1,BAL 03
c2_2_ATTTCACCAGTCGGAA-1,BAL 06
c2_2_ATTTCACGTCTCAGGC-1,Multiplet
c2_2_ATTTCACGTGACTCTA-1,BAL 08
c2_2_ATTTCACGTGGACAGT-1,BAL 05
c2_2_ATTTCACGTTCCCACT-1,Negative
c2_2_ATTTCTGAGAAGCGCT-1,BAL 04
c2_2_ATTTCTGAGACAACAT-1,BAL 02
c2_2_ATTTCTGAGCGTGCCT-1,Multiplet
c2_2_ATTTCTGCACAACGAG-1,BAL 01
c2_2_ATTTCTGCAGCTACCG-1,BAL 05
c2_2_ATTTCTGGTGAGTAGC-1,BAL 06
c2_2_ATTTCTGGTTCCTAAG-1,BAL 08
c2_2_ATTTCTGGTTGCCATA-1,BAL 01
c2_2_ATTTCTGTCCGATCTC-1,BAL 02
c2_2_ATTTCTGTCTAACGGT-1,BAL 01
c2_2_CAAAGAAAGCGCCATC-1,BAL 05
c2_2_CAAAGAAAGGAAAGGT-1,BAL 03
c2_2_CAAAGAAAGGCTTAGG-1,Multiplet
c2_2_CAAAGAAAGTTGTACC-1,Multiplet
c2_2_CAAAGAACACCGTCGA-1,BAL 03
c2_2_CAAAGAACACGGGCTT-1,Multiplet
c2_2_CAAAGAACATAACCCA-1,BAL 01
c2_2_CAAAGAAGTACTGCCG-1,BAL 02
c2_2_CAAAGAAGTAGGCAAC-1,BAL 07
c2_2_CAAAGAAGTATGCTAC-1,BAL 04
c2_2_CAAAGAAGTCGACTTA-1,BAL 03
c2_2_CAAAGAAGTGTGTGTT-1,BAL 01
c2_2_CAAAGAATCCCATAAG-1,BAL 02
c2_2_CAAAGAATCCTGTAGA-1,BAL 07
c2_2_CAACAACAGCCTTGAT-1,BAL 02
c2_2_CAACAACAGTGGTTCT-1,BAL 01
c2_2_CAACAACCAAGTGACG-1,Multiplet
c2_2_CAACAACCACCAATTG-1,BAL 05
c2_2_CAACAACCAGAGACTG-1,BAL 06
c2_2_CAACAACCAGCGGTTC-1,BAL 06
c2_2_CAACAACGTCGTATGT-1,BAL 07
c2_2_CAACAACGTCTCGCGA-1,BAL 07
c2_2_CAACAACGTGTATTCG-1,BAL 05
c2_2_CAACAACTCAAGGACG-1,BAL 01
c2_2_CAACAACTCATGGAGG-1,BAL 05
c2_2_CAACAACTCCCATTCG-1,BAL 06
c2_2_CAACAACTCGAGAGCA-1,BAL 06
c2_2_CAACAGTAGCAAGGAA-1,Multiplet
c2_2_CAACAGTAGCCTTCTC-1,BAL 02
c2_2_CAACAGTAGGATGGCT-1,BAL 05
c2_2_CAACAGTAGGTAAGTT-1,Multiplet
c2_2_CAACAGTAGGTCACAG-1,Negative
c2_2_CAACAGTCAAGTGGAC-1,BAL 05
c2_2_CAACAGTCAGGCCCTA-1,BAL 01
c2_2_CAACAGTCAGGTTCGC-1,Multiplet
c2_2_CAACAGTCATGAATAG-1,BAL 08
c2_2_CAACAGTGTACGCTTA-1,BAL 07
c2_2_CAACAGTGTCACTCGG-1,BAL 04
c2_2_CAACAGTGTGGCCTCA-1,BAL 03
c2_2_CAACAGTGTTTGAACC-1,BAL 01
c2_2_CAACAGTTCCGTTGGG-1,Multiplet
c2_2_CAACCAAAGCGTACAG-1,BAL 02
c2_2_CAACCAAAGGCATCAG-1,BAL 03
c2_2_CAACCAAAGGTCGTGA-1,BAL 08
c2_2_CAACCAACAACAGAGC-1,BAL 06
c2_2_CAACCAACAATGTCAC-1,BAL 05
c2_2_CAACCAACAGTCGCAC-1,Multiplet
c2_2_CAACCAACATAAGATG-1,BAL 08
c2_2_CAACCAACATCAGCAT-1,BAL 05
c2_2_CAACCAACATTGTAGC-1,BAL 05
c2_2_CAACCAAGTACCCGCA-1,Multiplet
c2_2_CAACCAAGTATGGAAT-1,BAL 04
c2_2_CAACCAATCGATTTCT-1,Multiplet
c2_2_CAACCTCAGAGAGGTA-1,Multiplet
c2_2_CAACCTCAGAGCAACC-1,BAL 03
c2_2_CAACCTCAGCCTCACG-1,BAL 05
c2_2_CAACCTCAGCGACTGA-1,Negative
c2_2_CAACCTCAGGGAGGCA-1,BAL 08
c2_2_CAACCTCAGGTGATCG-1,BAL 06
c2_2_CAACCTCAGTATGTAG-1,BAL 02
c2_2_CAACCTCAGTTGCTCA-1,BAL 08
c2_2_CAACCTCCACGAGGTA-1,Multiplet
c2_2_CAACCTCCACTTGGGC-1,BAL 02
c2_2_CAACCTCGTAAGCGGT-1,BAL 08
c2_2_CAACCTCGTACCTTCC-1,Multiplet
c2_2_CAACCTCGTCTAACTG-1,BAL 08
c2_2_CAACCTCGTGCGTCGT-1,BAL 01
c2_2_CAACCTCGTGTTCGAT-1,BAL 02
c2_2_CAACCTCGTTAGGCTT-1,BAL 05
c2_2_CAACCTCTCAGGGTAG-1,Multiplet
c2_2_CAACCTCTCATAGCAC-1,BAL 03
c2_2_CAACCTCTCCATACTT-1,BAL 04
c2_2_CAACCTCTCGAAGTGG-1,BAL 05
c2_2_CAACCTCTCTAGCCAA-1,Multiplet
c2_2_CAACCTCTCTGCGTCT-1,BAL 02
c2_2_CAACGATCATGAGATA-1,BAL 01
c2_2_CAACGATGTCAGTCTA-1,Multiplet
c2_2_CAACGATGTTCCCAAA-1,BAL 07
c2_2_CAACGATGTTGGGAAC-1,BAL 08
c2_2_CAACGATTCCATTGGA-1,BAL 07
c2_2_CAACGATTCCGGACTG-1,BAL 04
c2_2_CAACGATTCCTATGGA-1,BAL 08
c2_2_CAACGGCAGGTTTACC-1,BAL 03
c2_2_CAACGGCGTAAGTAGT-1,BAL 06
c2_2_CAACGGCGTCCTGGGT-1,BAL 05
c2_2_CAACGGCGTCCTTGTC-1,BAL 05
c2_2_CAACGGCTCCGGTAAT-1,BAL 03
c2_2_CAACGGCTCGGCATTA-1,BAL 07
c2_2_CAACGGCTCGTGTGGC-1,BAL 01
c2_2_CAAGACTAGACAGCTG-1,BAL 05
c2_2_CAAGACTAGATGCTGG-1,BAL 03
c2_2_CAAGACTAGCATTGAA-1,BAL 04
c2_2_CAAGACTAGCGACAGT-1,Multiplet
c2_2_CAAGACTAGGTAAGGA-1,BAL 02
c2_2_CAAGACTAGGTACAGC-1,BAL 07
c2_2_CAAGACTAGTAGACAT-1,BAL 06
c2_2_CAAGACTAGTATGGCG-1,BAL 06
c2_2_CAAGACTAGTGGTTGG-1,BAL 04
c2_2_CAAGACTGTGACAGCA-1,BAL 05
c2_2_CAAGACTGTGGCTTGC-1,BAL 05
c2_2_CAAGACTGTGTCCAAT-1,BAL 07
c2_2_CAAGACTTCATCGCTC-1,Multiplet
c2_2_CAAGACTTCCCATACC-1,BAL 05
c2_2_CAAGACTTCTGTAAGC-1,Multiplet
c2_2_CAAGACTTCTTACCGC-1,BAL 05
c2_2_CAAGAGGAGGCCTGCT-1,BAL 02
c2_2_CAAGAGGAGGGCAATC-1,BAL 05
c2_2_CAAGAGGCAGTTGTCA-1,BAL 05
c2_2_CAAGAGGGTAGGTTTC-1,BAL 02
c2_2_CAAGAGGGTCCCGTGA-1,BAL 04
c2_2_CAAGAGGGTTTACCTT-1,BAL 06
c2_2_CAAGAGGTCAGTGTTG-1,BAL 02
c2_2_CAAGAGGTCATTGGTG-1,BAL 05
c2_2_CAAGAGGTCCGTGTAA-1,Multiplet
c2_2_CAAGAGGTCGAAGAAT-1,Multiplet
c2_2_CAAGAGGTCGACTCCT-1,BAL 08
c2_2_CAAGAGGTCTCAAAGC-1,BAL 04
c2_2_CAAGAGGTCTTCGTAT-1,BAL 05
c2_2_CAAGCTAAGGGTTTCT-1,BAL 06
c2_2_CAAGCTAAGTAAGCAT-1,BAL 06
c2_2_CAAGCTAAGTGCAGGT-1,BAL 07
c2_2_CAAGCTACAAATGCTC-1,BAL 05
c2_2_CAAGCTACAACCACAT-1,Multiplet
c2_2_CAAGCTACAATCGCGC-1,BAL 06
c2_2_CAAGCTACAATTGAAG-1,Multiplet
c2_2_CAAGCTACACTACCCT-1,BAL 02
c2_2_CAAGCTAGTATAGGAT-1,BAL 04
c2_2_CAAGCTAGTGTGAATA-1,BAL 05
c2_2_CAAGCTATCATCCTAT-1,BAL 07
c2_2_CAAGCTATCCCGTAAA-1,BAL 03
c2_2_CAAGGGAAGCCATCCG-1,Multiplet
c2_2_CAAGGGAAGGTTAAAC-1,BAL 02
c2_2_CAAGGGAAGGTTCAGG-1,BAL 05
c2_2_CAAGGGAAGTAGCATA-1,BAL 06
c2_2_CAAGGGACAGCCATTA-1,BAL 07
c2_2_CAAGGGACATCCTCAC-1,BAL 05
c2_2_CAAGGGATCAGCGCAC-1,BAL 03
c2_2_CAAGGGATCATTGCTT-1,BAL 01
c2_2_CAATACGAGCATACTC-1,Multiplet
c2_2_CAATACGAGGTTCTAC-1,BAL 05
c2_2_CAATACGAGTGCGCTC-1,BAL 07
c2_2_CAATACGCAAGATGTA-1,Multiplet
c2_2_CAATACGCAAGCGCTC-1,Multiplet
c2_2_CAATACGGTCGTCATA-1,BAL 03
c2_2_CAATACGGTCTTGCTC-1,BAL 07
c2_2_CAATACGGTTAGCTAC-1,BAL 05
c2_2_CAATACGGTTGGACCC-1,Multiplet
c2_2_CAATACGTCAACGCTA-1,BAL 03
c2_2_CAATACGTCACCTTAT-1,BAL 08
c2_2_CAATACGTCACTCACC-1,BAL 02
c2_2_CAATACGTCCTTATAC-1,Multiplet
c2_2_CAATACGTCGACATCA-1,Multiplet
c2_2_CAATACGTCTCATTTG-1,BAL 08
c2_2_CAATCGACAACTGAAA-1,BAL 06
c2_2_CAATCGACACCCATAA-1,BAL 02
c2_2_CAATCGACAGCAGAAC-1,Multiplet
c2_2_CAATCGAGTACTGTTG-1,Multiplet
c2_2_CAATCGAGTCACTAGT-1,BAL 05
c2_2_CAATCGAGTCATGACT-1,BAL 03
c2_2_CAATCGAGTCCAGGTC-1,BAL 07
c2_2_CAATCGAGTTGGGTTT-1,BAL 05
c2_2_CAATCGAGTTTGAACC-1,BAL 04
c2_2_CAATCGATCCATCTCG-1,BAL 08
c2_2_CAATCGATCGAGAATA-1,BAL 05
c2_2_CAATCGATCGAGTGAG-1,BAL 02
c2_2_CAATGACAGAGAACCC-1,BAL 06
c2_2_CAATGACAGTTACGAA-1,Multiplet
c2_2_CAATGACAGTTGTAAG-1,BAL 02
c2_2_CAATGACCAACTCATG-1,BAL 03
c2_2_CAATGACCACAATGCT-1,Multiplet
c2_2_CAATGACCACAGTACT-1,BAL 03
c2_2_CAATGACCACTCCACT-1,BAL 07
c2_2_CAATGACCAGCTATTG-1,BAL 01
c2_2_CAATGACCAGGTCTCG-1,Multiplet
c2_2_CAATGACCATACTTTC-1,BAL 05
c2_2_CAATGACGTAGCGTAG-1,BAL 07
c2_2_CAATGACGTGTCCAAT-1,BAL 02
c2_2_CAATGACGTTTGAAAG-1,BAL 07
c2_2_CAATGACTCAACGCTA-1,BAL 01
c2_2_CAATGACTCAGTGATC-1,Multiplet
c2_2_CAATGACTCATTGTTC-1,Multiplet
c2_2_CAATGACTCCACGTCT-1,BAL 03
c2_2_CAATGACTCGGTCACG-1,BAL 07
c2_2_CAATGACTCGTTACCC-1,Multiplet
c2_2_CAATGACTCTCATTAC-1,BAL 07
c2_2_CAATTTCAGATCGCTT-1,BAL 01
c2_2_CAATTTCAGGGTTAAT-1,BAL 01
c2_2_CAATTTCCAATCTAGC-1,BAL 04
c2_2_CAATTTCCATCGATAC-1,BAL 07
c2_2_CAATTTCGTACACTCA-1,Multiplet
c2_2_CAATTTCGTTGTCAGT-1,Multiplet
c2_2_CAATTTCTCCAACCGG-1,BAL 06
c2_2_CAATTTCTCCCGATCT-1,BAL 08
c2_2_CAATTTCTCGCTCTAC-1,BAL 03
c2_2_CACAACAAGCACTTTG-1,BAL 01
c2_2_CACAACAAGCATCTTG-1,BAL 02
c2_2_CACAACACAACGCCCA-1,BAL 04
c2_2_CACAACACAATACCCA-1,BAL 05
c2_2_CACAACACACCTAAAC-1,BAL 02
c2_2_CACAACACATTGCTGA-1,BAL 06
c2_2_CACAACAGTCGAAACG-1,BAL 02
c2_2_CACACAAAGCAATAGT-1,BAL 02
c2_2_CACACAAAGCAGGCTA-1,BAL 05
c2_2_CACACAAAGCATCTTG-1,BAL 04
c2_2_CACACAAAGCGCATCC-1,BAL 05
c2_2_CACACAAAGTATGATG-1,BAL 04
c2_2_CACACAAAGTTGCTCA-1,BAL 03
c2_2_CACACAAAGTTGCTGT-1,BAL 05
c2_2_CACACAACAACGATCT-1,BAL 06
c2_2_CACACAACAAGCACAG-1,BAL 04
c2_2_CACACAACACACTGGC-1,Multiplet
c2_2_CACACAACACTCCCTA-1,BAL 01
c2_2_CACACAACAGCATTGT-1,BAL 01
c2_2_CACACAACAGCTGAGA-1,Multiplet
c2_2_CACACAACAGGACAGT-1,Multiplet
c2_2_CACACAACATGGGATG-1,BAL 03
c2_2_CACACAAGTCAACACT-1,BAL 03
c2_2_CACACAAGTGGCCTCA-1,Multiplet
c2_2_CACACAAGTGTGTGGA-1,BAL 05
c2_2_CACACAATCCAAAGGG-1,BAL 03
c2_2_CACACAATCGCCATAA-1,BAL 04
c2_2_CACACAATCTATTTCG-1,Multiplet
c2_2_CACAGATAGCCTCTTC-1,BAL 06
c2_2_CACAGATAGGCATGCA-1,Multiplet
c2_2_CACAGATCAACTCGAT-1,BAL 05
c2_2_CACAGATCAGTTAGAA-1,Multiplet
c2_2_CACAGATCATCCTAAG-1,BAL 05
c2_2_CACAGATGTATCATGC-1,BAL 05
c2_2_CACAGATGTCGATGCC-1,Multiplet
c2_2_CACAGATGTGACGCCT-1,BAL 03
c2_2_CACAGATGTGAGGAAA-1,BAL 03
c2_2_CACAGGCAGGCAGGTT-1,BAL 04
c2_2_CACAGGCAGTATCCTG-1,BAL 05
c2_2_CACAGGCCAACCGTGC-1,BAL 07
c2_2_CACAGGCCACGTCGGT-1,BAL 04
c2_2_CACAGGCCACTTGGCG-1,BAL 08
c2_2_CACAGGCCAGCGTTGC-1,BAL 05
c2_2_CACAGGCGTCGCGTCA-1,Multiplet
c2_2_CACAGGCGTGTGTGTT-1,BAL 07
c2_2_CACAGGCTCTCCAAGA-1,BAL 05
c2_2_CACAGGCTCTGGTCAA-1,BAL 06
c2_2_CACATGAAGCGTTAGG-1,Multiplet
c2_2_CACATGAAGGTGCTAG-1,Multiplet
c2_2_CACATGACAACGTAAA-1,Multiplet
c2_2_CACATGACACAATTCG-1,BAL 04
c2_2_CACATGACAGAAATCA-1,BAL 04
c2_2_CACATGACAGACGGAT-1,BAL 01
c2_2_CACATGACATAATCCG-1,BAL 02
c2_2_CACATGACATTAGGCT-1,Multiplet
c2_2_CACATGAGTCTCGACG-1,BAL 01
c2_2_CACATGAGTGTCCTAA-1,BAL 05
c2_2_CACATGAGTTCAGGTT-1,BAL 05
c2_2_CACATGATCGTGCAGC-1,BAL 04
c2_2_CACCAAACACGACAGA-1,BAL 08
c2_2_CACCAAAGTAAGTAGT-1,BAL 07
c2_2_CACCAAAGTACAGAAT-1,BAL 07
c2_2_CACCAAAGTAGCACAG-1,BAL 06
c2_2_CACCAAAGTCAAATCC-1,BAL 03
c2_2_CACCAAAGTCCAGTTA-1,BAL 07
c2_2_CACCAAAGTTAACAGA-1,BAL 02
c2_2_CACCAAATCCATGAGT-1,BAL 05
c2_2_CACCAAATCCTGGCTT-1,BAL 04
c2_2_CACCAAATCGTGGCGT-1,BAL 03
c2_2_CACCGTTAGTTAACAG-1,BAL 03
c2_2_CACCGTTCAAGCAGGT-1,BAL 06
c2_2_CACCGTTCAATACCTG-1,Multiplet
c2_2_CACCGTTCAGCTTCCT-1,BAL 02
c2_2_CACCGTTCATGCCATA-1,BAL 04
c2_2_CACCGTTCATGTACGT-1,BAL 08
c2_2_CACCGTTGTCCTTGTC-1,BAL 08
c2_2_CACCGTTGTGCAACGA-1,Multiplet
c2_2_CACCGTTGTGTTAAAG-1,BAL 06
c2_2_CACCGTTGTGTTCATG-1,BAL 05
c2_2_CACCGTTGTTCACGAT-1,Multiplet
c2_2_CACCGTTGTTGGGACA-1,BAL 08
c2_2_CACCGTTTCGCCTATC-1,BAL 02
c2_2_CACCGTTTCTGGACCG-1,BAL 05
c2_2_CACGAATAGACGTCCC-1,BAL 08
c2_2_CACGAATAGAGTCGAC-1,BAL 01
c2_2_CACGAATAGCGCCTCA-1,Multiplet
c2_2_CACGAATGTAGTCTGT-1,BAL 01
c2_2_CACGAATTCACTGAAC-1,Multiplet
c2_2_CACGAATTCCAGCCTT-1,BAL 03
c2_2_CACGAATTCTATCGGA-1,BAL 06
c2_2_CACGGGTAGAGTATAC-1,BAL 03
c2_2_CACGGGTAGCGCAATG-1,BAL 04
c2_2_CACGGGTCAAGTATCC-1,BAL 04
c2_2_CACGGGTCAGAACTTC-1,Multiplet
c2_2_CACGGGTGTGCATGTT-1,BAL 01
c2_2_CACGGGTTCAACTGAC-1,Multiplet
c2_2_CACGGGTTCACGACTA-1,BAL 01
c2_2_CACGTGGCACCATAAC-1,BAL 03
c2_2_CACGTGGCACCTGAAT-1,Multiplet
c2_2_CACGTGGGTAACACCT-1,BAL 02
c2_2_CACGTGGGTAGCTTTG-1,BAL 04
c2_2_CACGTGGTCATTCCTA-1,Multiplet
c2_2_CACGTGGTCGCGATCG-1,BAL 07
c2_2_CACGTGGTCGTACCTC-1,BAL 08
c2_2_CACGTTCCAACATACC-1,BAL 04
c2_2_CACGTTCCAATGTGGG-1,BAL 06
c2_2_CACGTTCCACGAAAGC-1,BAL 08
c2_2_CACGTTCTCGCACGGT-1,BAL 03
c2_2_CACGTTCTCGGTCTAA-1,Multiplet
c2_2_CACGTTCTCTAGGCCG-1,BAL 05
c2_2_CACGTTCTCTCGAACA-1,BAL 04
c2_2_CACGTTCTCTTCTCAA-1,BAL 08
c2_2_CACTAAGAGCACTAAA-1,BAL 05
c2_2_CACTAAGAGCGGGTAT-1,BAL 03
c2_2_CACTAAGAGTAACCTC-1,Multiplet
c2_2_CACTAAGAGTTGCATC-1,BAL 02
c2_2_CACTAAGCAACTGATC-1,Multiplet
c2_2_CACTAAGCACTGGATT-1,BAL 03
c2_2_CACTAAGGTAACAGTA-1,BAL 05
c2_2_CACTAAGGTCTCAGAT-1,BAL 03
c2_2_CACTAAGGTGCACATT-1,BAL 05
c2_2_CACTAAGGTTAAAGTG-1,BAL 02
c2_2_CACTAAGGTTAGTCGT-1,BAL 02
c2_2_CACTAAGTCAGCCTTC-1,Multiplet
c2_2_CACTAAGTCGTAACAC-1,BAL 03
c2_2_CACTAAGTCTCGCAGG-1,BAL 04
c2_2_CACTGAAAGACATACA-1,Multiplet
c2_2_CACTGAAAGGCACGAT-1,Multiplet
c2_2_CACTGAAAGTCGAGGT-1,BAL 02
c2_2_CACTGAACAATTGAAG-1,BAL 08
c2_2_CACTGAAGTACAGAAT-1,BAL 02
c2_2_CACTGAATCCTACCAC-1,Multiplet
c2_2_CACTGAATCGGTCGAC-1,BAL 03
c2_2_CACTGGGAGAGAGGGC-1,BAL 02
c2_2_CACTGGGAGCCTCAGC-1,BAL 01
c2_2_CACTGGGCACAATGTC-1,BAL 07
c2_2_CACTGGGCACGTCGGT-1,BAL 01
c2_2_CACTGGGCACTAACCA-1,BAL 02
c2_2_CACTGGGCACTGGAAG-1,Multiplet
c2_2_CACTGGGGTGTACGCC-1,BAL 01
c2_2_CACTGGGGTTGCCAAT-1,BAL 01
c2_2_CACTGGGTCCCAGGCA-1,BAL 03
c2_2_CACTGGGTCGTGGGAA-1,Multiplet
c2_2_CACTGGGTCTAGCAAC-1,BAL 05
c2_2_CACTGTCAGCAATTCC-1,BAL 08
c2_2_CACTGTCAGCCAACCC-1,BAL 07
c2_2_CACTGTCCAACAGAGC-1,BAL 05
c2_2_CACTGTCCAAGAATAC-1,BAL 05
c2_2_CACTGTCCACAACGCC-1,BAL 03
c2_2_CACTGTCCACAATGCT-1,BAL 05
c2_2_CACTGTCCATATGAAG-1,BAL 05
c2_2_CACTGTCGTACTAACC-1,BAL 06
c2_2_CACTGTCGTATCTCTT-1,BAL 07
c2_2_CACTGTCGTCATAACC-1,BAL 02
c2_2_CACTGTCGTCCAAGAG-1,BAL 03
c2_2_CACTGTCGTCGAGTGA-1,BAL 02
c2_2_CACTGTCGTCTACGAT-1,Multiplet
c2_2_CACTGTCGTTAATCGC-1,BAL 05
c2_2_CACTGTCGTTATCTGG-1,Negative
c2_2_CACTGTCTCATCTATC-1,Multiplet
c2_2_CACTGTCTCTCCCAAC-1,Multiplet
c2_2_CACTGTCTCTTCTAAC-1,BAL 02
c2_2_CACTGTCTCTTGAGCA-1,BAL 03
c2_2_CACTTCGAGACAACAT-1,BAL 03
c2_2_CACTTCGAGGGTACAC-1,BAL 01
c2_2_CACTTCGAGTTCCGGC-1,Multiplet
c2_2_CACTTCGCAAATTAGG-1,BAL 07
c2_2_CACTTCGCATGCACTA-1,BAL 05
c2_2_CACTTCGCATTGAGCT-1,Multiplet
c2_2_CACTTCGGTAGTCCTA-1,BAL 03
c2_2_CACTTCGGTGGCACTC-1,Multiplet
c2_2_CACTTCGGTTCGTAAC-1,BAL 04
c2_2_CACTTCGGTTCTCGTC-1,BAL 02
c2_2_CACTTCGTCCGGTTCT-1,Multiplet
c2_2_CAGAGCCAGACAGCTG-1,BAL 08
c2_2_CAGAGCCAGCCATGCC-1,Multiplet
c2_2_CAGAGCCAGGTAGTAT-1,BAL 02
c2_2_CAGAGCCCACTAGGTT-1,BAL 06
c2_2_CAGAGCCCACTCACTC-1,BAL 02
c2_2_CAGAGCCCAGTCGGTC-1,BAL 08
c2_2_CAGAGCCCATGGGATG-1,BAL 08
c2_2_CAGAGCCTCGCCGTGA-1,Multiplet
c2_2_CAGATACAGAGCACTG-1,BAL 03
c2_2_CAGATACAGGAAACGA-1,BAL 04
c2_2_CAGATACCAGCACACC-1,BAL 07
c2_2_CAGATACCAGCCGGTT-1,Multiplet
c2_2_CAGATACCAGGCTATT-1,Multiplet
c2_2_CAGATACCAGTTGGTT-1,BAL 03
c2_2_CAGATCAAGAAGCTCG-1,BAL 02
c2_2_CAGATCAAGCACTAGG-1,BAL 02
c2_2_CAGATCAAGCGGGTTA-1,BAL 02
c2_2_CAGATCAAGCTGGCTC-1,BAL 01
c2_2_CAGATCAAGGGACAGG-1,BAL 03
c2_2_CAGATCACAATAAGGT-1,BAL 05
c2_2_CAGATCACACCAATTG-1,BAL 02
c2_2_CAGATCACACGTTCGG-1,Multiplet
c2_2_CAGATCACACTATGTG-1,BAL 02
c2_2_CAGATCACAGAACTCT-1,BAL 01
c2_2_CAGATCACAGGCACAA-1,Multiplet
c2_2_CAGATCACAGGCATGA-1,BAL 04
c2_2_CAGATCACATCATGAC-1,BAL 06
c2_2_CAGATCAGTCCATACA-1,BAL 06
c2_2_CAGATCAGTGATAGAT-1,Multiplet
c2_2_CAGATCAGTGGGTCAA-1,BAL 03
c2_2_CAGATCAGTTTCGCTC-1,BAL 07
c2_2_CAGATCATCATCTACT-1,BAL 05
c2_2_CAGATCATCCGGTAAT-1,BAL 06
c2_2_CAGATCATCCTCTTTC-1,Multiplet
c2_2_CAGATTGAGATGGCGT-1,BAL 05
c2_2_CAGATTGAGCTCACTA-1,BAL 04
c2_2_CAGATTGAGCTCGGCT-1,BAL 03
c2_2_CAGATTGAGCTGTTAC-1,BAL 08
c2_2_CAGATTGAGGAGAGGC-1,BAL 07
c2_2_CAGATTGAGTAAGCAT-1,BAL 07
c2_2_CAGATTGCACCAACAT-1,Multiplet
c2_2_CAGATTGCACCATTCC-1,BAL 04
c2_2_CAGATTGCACGTAGAG-1,BAL 03
c2_2_CAGATTGCAGACCAAG-1,BAL 03
c2_2_CAGATTGCATCCTGTC-1,BAL 03
c2_2_CAGCAATAGACGGAAA-1,BAL 03
c2_2_CAGCAATAGAGTTGTA-1,BAL 06
c2_2_CAGCAATAGATCCAAA-1,BAL 07
c2_2_CAGCAATAGCAACTTC-1,BAL 06
c2_2_CAGCAATAGCCAGTAG-1,Multiplet
c2_2_CAGCAATAGTCCTGCG-1,BAL 06
c2_2_CAGCAATCAGTCGGTC-1,Multiplet
c2_2_CAGCAATCAGTTAGGG-1,BAL 08
c2_2_CAGCAATCATTCGGGC-1,BAL 03
c2_2_CAGCAATGTCCAGCAC-1,BAL 02
c2_2_CAGCAATTCAAGGTGG-1,BAL 06
c2_2_CAGCAATTCACGAACT-1,BAL 08
c2_2_CAGCAATTCAGGAAAT-1,BAL 03
c2_2_CAGCAATTCATCACTT-1,BAL 05
c2_2_CAGCAATTCATCGCCT-1,BAL 03
c2_2_CAGCAATTCTTCTTCC-1,BAL 04
c2_2_CAGCAATTCTTGGGCG-1,BAL 08
c2_2_CAGCACGAGAGTCCGA-1,BAL 02
c2_2_CAGCACGAGTATAGGT-1,BAL 08
c2_2_CAGCACGCAATTGGTC-1,BAL 03
c2_2_CAGCACGCAGACAAGC-1,Multiplet
c2_2_CAGCACGCATCGCCTT-1,BAL 06
c2_2_CAGCACGGTACACTCA-1,Multiplet
c2_2_CAGCACGGTGGCTAGA-1,BAL 08
c2_2_CAGCACGGTTTCGATG-1,BAL 08
c2_2_CAGCACGTCAGCTGTA-1,BAL 06
c2_2_CAGCACGTCCCATAGA-1,BAL 02
c2_2_CAGCACGTCGACATCA-1,BAL 02
c2_2_CAGCACGTCGGCCAAC-1,Negative
c2_2_CAGCACGTCTTGATTC-1,BAL 08
c2_2_CAGCAGCAGAATTGTG-1,BAL 07
c2_2_CAGCAGCAGAGCCGAT-1,BAL 01
c2_2_CAGCAGCAGAGTGTGC-1,BAL 07
c2_2_CAGCAGCAGGTAGATT-1,Multiplet
c2_2_CAGCAGCAGGTCATCT-1,BAL 03
c2_2_CAGCAGCAGTAGATCA-1,BAL 05
c2_2_CAGCAGCAGTATTGCC-1,Multiplet
c2_2_CAGCAGCCACAAATGA-1,BAL 04
c2_2_CAGCAGCCACACGGAA-1,Multiplet
c2_2_CAGCAGCCACGATTCA-1,BAL 08
c2_2_CAGCAGCGTCCCACGA-1,Multiplet
c2_2_CAGCAGCGTCCCTCAT-1,Multiplet
c2_2_CAGCAGCGTCCTGAAT-1,BAL 01
c2_2_CAGCAGCGTCGCGGTT-1,BAL 08
c2_2_CAGCAGCGTTGTTGTG-1,BAL 06
c2_2_CAGCAGCTCACCTCAC-1,BAL 05
c2_2_CAGCAGCTCATGCAGT-1,BAL 03
c2_2_CAGCAGCTCCACGTCT-1,BAL 04
c2_2_CAGCAGCTCTAGCAAC-1,Multiplet
c2_2_CAGCAGCTCTGTACAG-1,BAL 04
c2_2_CAGCCAGCAAAGGCTG-1,BAL 06
c2_2_CAGCCAGCAGACCTAT-1,Multiplet
c2_2_CAGCCAGCAGTGGCTC-1,BAL 06
c2_2_CAGCCAGGTCAAATCC-1,BAL 05
c2_2_CAGCCAGGTGGGTCAA-1,BAL 03
c2_2_CAGCCAGGTTAAGAAC-1,Multiplet
c2_2_CAGCCAGGTTCTCAGA-1,Multiplet
c2_2_CAGCCAGTCGGCTTCT-1,BAL 07
c2_2_CAGCCAGTCTAAACGC-1,BAL 02
c2_2_CAGCCAGTCTTGGATG-1,BAL 05
c2_2_CAGCGTGAGAAGCTCG-1,BAL 02
c2_2_CAGCGTGAGACGACGT-1,BAL 03
c2_2_CAGCGTGAGCGCACAA-1,BAL 07
c2_2_CAGCGTGAGCGTGAAC-1,Multiplet
c2_2_CAGCGTGCAAGCGAGT-1,BAL 06
c2_2_CAGCGTGCACGTCATA-1,Multiplet
c2_2_CAGCGTGCATGAGGGT-1,BAL 07
c2_2_CAGCGTGGTGTTCATG-1,BAL 04
c2_2_CAGCGTGGTTAGGCTT-1,BAL 05
c2_2_CAGCGTGGTTAGTCGT-1,BAL 03
c2_2_CAGCGTGTCGCGTGAC-1,BAL 03
c2_2_CAGCGTGTCGTCAAAC-1,BAL 05
c2_2_CAGGCCAAGGTAACTA-1,BAL 03
c2_2_CAGGCCAAGTTGAATG-1,BAL 06
c2_2_CAGGCCACAATACCTG-1,BAL 03
c2_2_CAGGCCACAGATCACT-1,Multiplet
c2_2_CAGGCCAGTGGCTTGC-1,BAL 03
c2_2_CAGGCCATCGGACAAG-1,Multiplet
c2_2_CAGGCCATCTACCCAC-1,BAL 08
c2_2_CAGGGCTAGAGGTGCT-1,BAL 06
c2_2_CAGGGCTAGCAACTCT-1,Multiplet
c2_2_CAGGGCTCAACTGAAA-1,BAL 07
c2_2_CAGGGCTCACTACAGT-1,BAL 07
c2_2_CAGGGCTCAGAAGCGT-1,BAL 03
c2_2_CAGGGCTCAGGATCTT-1,BAL 03
c2_2_CAGGGCTCAGTGGGTA-1,Multiplet
c2_2_CAGGGCTCATAGCACT-1,BAL 01
c2_2_CAGGGCTGTAACGTTC-1,Negative
c2_2_CAGGGCTGTACGACTT-1,BAL 04
c2_2_CAGGGCTGTGCATTTG-1,Multiplet
c2_2_CAGGGCTGTGCCGTTG-1,BAL 02
c2_2_CAGGGCTGTGTGTACT-1,BAL 06
c2_2_CAGGGCTGTTCGGTAT-1,BAL 05
c2_2_CAGGGCTTCCTAGCCT-1,BAL 04
c2_2_CAGGGCTTCCTATTTG-1,Multiplet
c2_2_CAGGTATAGAAATGGG-1,Multiplet
c2_2_CAGGTATAGATCCGAG-1,BAL 03
c2_2_CAGGTATAGGATCACG-1,Multiplet
c2_2_CAGGTATAGTCATGAA-1,BAL 07
c2_2_CAGGTATCACCTGAAT-1,BAL 02
c2_2_CAGGTATCACGTCTCT-1,BAL 07
c2_2_CAGGTATCAGACCATT-1,Multiplet
c2_2_CAGGTATGTACAGTTC-1,BAL 08
c2_2_CAGGTATGTATTGACC-1,BAL 07
c2_2_CAGGTATGTTAGAAAC-1,BAL 05
c2_2_CAGGTATTCCCTTCCC-1,Multiplet
c2_2_CAGGTATTCCTCATAT-1,BAL 05
c2_2_CAGGTATTCGAAATCC-1,Multiplet
c2_2_CAGGTATTCTAAGGAA-1,BAL 05
c2_2_CAGGTATTCTCGGGAC-1,Multiplet
c2_2_CAGGTATTCTTAAGGC-1,BAL 07
c2_2_CAGTGCGAGAAGTCCG-1,BAL 02
c2_2_CAGTGCGAGCGTTCCG-1,BAL 05
c2_2_CAGTGCGCAAAGAGTT-1,Multiplet
c2_2_CAGTGCGCAACGGTAG-1,BAL 08
c2_2_CAGTGCGCACACCTAA-1,BAL 05
c2_2_CAGTGCGCACTACCCT-1,BAL 07
c2_2_CAGTGCGCACTTGTCC-1,BAL 06
c2_2_CAGTGCGCAGCTGTTA-1,BAL 08
c2_2_CAGTGCGGTCGCAGTC-1,BAL 05
c2_2_CAGTGCGGTGTGTCGC-1,BAL 02
c2_2_CAGTGCGGTTGAGAGC-1,BAL 04
c2_2_CAGTGCGTCAGCAGAG-1,BAL 05
c2_2_CAGTGCGTCCCTTTGG-1,BAL 06
c2_2_CAGTGCGTCGGAGTAG-1,BAL 07
c2_2_CAGTTAGAGACGCCAA-1,Multiplet
c2_2_CAGTTAGAGCTGTACT-1,Multiplet
c2_2_CAGTTAGAGGATACAT-1,BAL 05
c2_2_CAGTTAGAGTGAATAC-1,BAL 07
c2_2_CAGTTAGAGTTCCGTA-1,BAL 07
c2_2_CAGTTAGCAAGAGTTA-1,Multiplet
c2_2_CAGTTAGCACCACATA-1,BAL 02
c2_2_CAGTTAGCAGCTATTG-1,BAL 08
c2_2_CAGTTAGGTCGCCACA-1,Multiplet
c2_2_CAGTTAGGTGAAAGTT-1,BAL 01
c2_2_CAGTTAGTCCCTCGAT-1,Multiplet
c2_2_CAGTTAGTCCGCAAAT-1,BAL 03
c2_2_CAGTTAGTCTTCTGGC-1,BAL 08
c2_2_CAGTTAGTCTTTGCGC-1,BAL 01
c2_2_CAGTTCCAGCAGCAGT-1,BAL 07
c2_2_CAGTTCCCAACGGGTA-1,BAL 04
c2_2_CAGTTCCCAGCGCTTG-1,Multiplet
c2_2_CAGTTCCCAGCTAACT-1,BAL 03
c2_2_CAGTTCCCAGGCTACC-1,Multiplet
c2_2_CAGTTCCTCAAGTCGT-1,BAL 03
c2_2_CAGTTCCTCGGTAGGA-1,Multiplet
c2_2_CAGTTCCTCTTAGTTC-1,BAL 06
c2_2_CATAAGCCAAGCACCC-1,BAL 01
c2_2_CATAAGCGTCGCGTCA-1,BAL 01
c2_2_CATAAGCGTGAGACGT-1,BAL 06
c2_2_CATAAGCGTGCGTCGT-1,BAL 03
c2_2_CATAAGCGTGCTTCAA-1,BAL 07
c2_2_CATAAGCGTTGCATTG-1,Multiplet
c2_2_CATACAGAGATTTGCC-1,Multiplet
c2_2_CATACAGAGCATAGGC-1,BAL 02
c2_2_CATACAGCAAGGTCGA-1,BAL 03
c2_2_CATACAGCACGTATAC-1,BAL 06
c2_2_CATACAGCAGCTGTAT-1,Multiplet
c2_2_CATACAGTCATTTGGG-1,BAL 08
c2_2_CATACAGTCCCGAGGT-1,Multiplet
c2_2_CATACAGTCCTGTTAT-1,BAL 03
c2_2_CATACAGTCGGCCCAA-1,BAL 06
c2_2_CATACAGTCGTTCCTG-1,Multiplet
c2_2_CATACAGTCTCGCGTT-1,BAL 03
c2_2_CATACCCAGAAGTCCG-1,BAL 03
c2_2_CATACCCAGAGCAACC-1,BAL 06
c2_2_CATACCCAGTCATCGT-1,BAL 03
c2_2_CATACCCCAAACCATC-1,BAL 01
c2_2_CATACCCCACTCACTC-1,Multiplet
c2_2_CATACCCCATGACGTT-1,BAL 06
c2_2_CATACCCGTGATAGAT-1,BAL 01
c2_2_CATACCCGTTCAATCG-1,Multiplet
c2_2_CATACCCGTTGCTAGT-1,BAL 08
c2_2_CATACCCGTTGCTCAA-1,BAL 05
c2_2_CATACCCTCGGACCAC-1,BAL 04
c2_2_CATACCCTCTATTGTC-1,BAL 07
c2_2_CATACTTAGCGGGTTA-1,BAL 07
c2_2_CATACTTAGGTACATA-1,BAL 06
c2_2_CATACTTAGGTTCATC-1,BAL 05
c2_2_CATACTTAGTACAGCG-1,BAL 05
c2_2_CATACTTCAGCATTGT-1,BAL 05
c2_2_CATACTTCATGGAAGC-1,BAL 07
c2_2_CATACTTGTATCTCTT-1,Multiplet
c2_2_CATACTTGTCTACATG-1,BAL 02
c2_2_CATACTTTCACTCTTA-1,BAL 03
c2_2_CATACTTTCAGAGTGG-1,BAL 07
c2_2_CATACTTTCCAAGCCG-1,BAL 06
c2_2_CATACTTTCTCTTGCG-1,BAL 03
c2_2_CATACTTTCTTCCAGC-1,BAL 03
c2_2_CATACTTTCTTGGAAC-1,BAL 03
c2_2_CATAGACAGGAATTAC-1,BAL 04
c2_2_CATAGACAGGATGGCT-1,BAL 08
c2_2_CATAGACAGGTACAAT-1,BAL 03
c2_2_CATAGACAGTTGAAGT-1,BAL 05
c2_2_CATAGACCAACCAATC-1,BAL 01
c2_2_CATAGACCAAGTCGTT-1,BAL 05
c2_2_CATAGACCATCATTTC-1,BAL 03
c2_2_CATAGACCATCGAACT-1,BAL 03
c2_2_CATAGACCATGACGAG-1,BAL 01
c2_2_CATAGACGTATACGGG-1,BAL 01
c2_2_CATAGACGTGATTAGA-1,BAL 07
c2_2_CATAGACGTGGCTTAT-1,BAL 01
c2_2_CATAGACGTGTCACAT-1,BAL 08
c2_2_CATAGACTCCGCTTAC-1,BAL 03
c2_2_CATAGACTCGAACTCA-1,BAL 05
c2_2_CATCAAGAGCGAATGC-1,BAL 03
c2_2_CATCAAGAGGCTCTCG-1,BAL 01
c2_2_CATCAAGAGGTTGACG-1,Multiplet
c2_2_CATCAAGAGTACAACA-1,BAL 01
c2_2_CATCAAGAGTAGAGTT-1,BAL 06
c2_2_CATCAAGAGTATAGGT-1,BAL 01
c2_2_CATCAAGCACCCTGAG-1,BAL 05
c2_2_CATCAAGCAGACAAGC-1,Multiplet
c2_2_CATCAAGCATCCTTGC-1,BAL 05
c2_2_CATCAAGCATGACTGT-1,BAL 07
c2_2_CATCAAGGTCACTGAT-1,BAL 01
c2_2_CATCAAGGTTACGCCG-1,BAL 03
c2_2_CATCCACAGGAAGTAG-1,BAL 03
c2_2_CATCCACAGTCCTGTA-1,Multiplet
c2_2_CATCCACCACCACTGG-1,Multiplet
c2_2_CATCCACCATAATCCG-1,Multiplet
c2_2_CATCCACCATCATCTT-1,BAL 06
c2_2_CATCCACCATGGTACT-1,BAL 07
c2_2_CATCCACGTAAGACCG-1,Multiplet
c2_2_CATCCACGTCACTCAA-1,BAL 01
c2_2_CATCCACGTCTGTAAC-1,Multiplet
c2_2_CATCCACGTTTCCCAC-1,Multiplet
c2_2_CATCCACTCCAAGGGA-1,BAL 07
c2_2_CATCCACTCGCCTTTG-1,BAL 03
c2_2_CATCCACTCGTGGAAG-1,BAL 03
c2_2_CATCCACTCGTGTGAT-1,BAL 01
c2_2_CATCCACTCTGGAAGG-1,Multiplet
c2_2_CATCCCAAGCAGTAAT-1,BAL 07
c2_2_CATCCCACAAATGAAC-1,BAL 05
c2_2_CATCCCACAACCGGAA-1,Multiplet
c2_2_CATCCCACAATAGAGT-1,BAL 06
c2_2_CATCCCACACCAAATC-1,BAL 01
c2_2_CATCCCACACGGGCTT-1,Multiplet
c2_2_CATCCCACACTGGATT-1,Multiplet
c2_2_CATCCCACAGGAATAT-1,BAL 06
c2_2_CATCCCACAGTGGGTA-1,BAL 03
c2_2_CATCCCAGTACAGGTG-1,BAL 04
c2_2_CATCCCAGTGATACAA-1,BAL 01
c2_2_CATCCCATCACAGAGG-1,BAL 05
c2_2_CATCCCATCCACCTCA-1,BAL 05
c2_2_CATCCGTAGAAGCTGC-1,Multiplet
c2_2_CATCCGTAGAATAACC-1,BAL 08
c2_2_CATCCGTAGCCTGGAA-1,Multiplet
c2_2_CATCCGTAGTCATCCA-1,BAL 02
c2_2_CATCCGTCACGGTGTC-1,BAL 01
c2_2_CATCCGTCACTAGAGG-1,BAL 07
c2_2_CATCCGTCACTTTAGG-1,BAL 08
c2_2_CATCCGTGTATCAAGA-1,BAL 05
c2_2_CATCCGTGTGTTAACC-1,BAL 04
c2_2_CATCCGTGTTGTCTAG-1,BAL 04
c2_2_CATCCGTTCAATGCAC-1,BAL 02
c2_2_CATCCGTTCACCCTTG-1,BAL 06
c2_2_CATCCGTTCGAACGCC-1,BAL 01
c2_2_CATCCGTTCTCATTTG-1,Multiplet
c2_2_CATCGCTAGTTGTACC-1,BAL 05
c2_2_CATCGCTCACCTGCGA-1,Multiplet
c2_2_CATCGCTCACGCTTAA-1,BAL 08
c2_2_CATCGCTCAGGTACGA-1,BAL 02
c2_2_CATCGCTCATTGAGCT-1,BAL 03
c2_2_CATCGCTTCAAACCTG-1,BAL 05
c2_2_CATCGCTTCAGCCCAG-1,Multiplet
c2_2_CATCGCTTCATGAAAG-1,BAL 04
c2_2_CATCGCTTCCTCATAT-1,BAL 08
c2_2_CATCGCTTCGCCAGTG-1,BAL 05
c2_2_CATCGGGAGACCTCCG-1,BAL 08
c2_2_CATCGGGAGGATAATC-1,Multiplet
c2_2_CATCGGGCAAATGGAT-1,Multiplet
c2_2_CATCGGGCAAGACGGT-1,Multiplet
c2_2_CATCGGGCAATTGAAG-1,BAL 01
c2_2_CATCGGGCACTATGTG-1,BAL 05
c2_2_CATCGGGCAGGTCAAG-1,BAL 08
c2_2_CATCGGGCATGAGATA-1,BAL 03
c2_2_CATCGGGCATGGCCCA-1,BAL 04
c2_2_CATCGGGCATTACGGT-1,BAL 01
c2_2_CATCGGGCATTGGGAG-1,Multiplet
c2_2_CATCGGGGTAGTCCTA-1,BAL 04
c2_2_CATCGGGGTATCATGC-1,BAL 04
c2_2_CATCGGGGTGTTTCTT-1,BAL 06
c2_2_CATCGGGTCCCGAATA-1,BAL 02
c2_2_CATCGGGTCTCCTGCA-1,Multiplet
c2_2_CATCGGGTCTTGAGCA-1,Multiplet
c2_2_CATCGTCAGAACGTGC-1,BAL 06
c2_2_CATCGTCAGAACTCCT-1,BAL 01
c2_2_CATCGTCAGTTTCAGC-1,Multiplet
c2_2_CATCGTCCAATCTCGA-1,BAL 08
c2_2_CATCGTCCACAGTGTT-1,BAL 03
c2_2_CATCGTCCACCAGCTG-1,BAL 06
c2_2_CATCGTCCATTAAGCC-1,BAL 02
c2_2_CATCGTCGTGGTCTTA-1,BAL 07
c2_2_CATCGTCGTGTTAAAG-1,BAL 02
c2_2_CATCGTCTCACAAGAA-1,Multiplet
c2_2_CATCGTCTCATCCTAT-1,BAL 01
c2_2_CATCGTCTCCGTCACT-1,BAL 02
c2_2_CATCGTCTCGCCCAGA-1,BAL 04
c2_2_CATCGTCTCTGCATAG-1,BAL 07
c2_2_CATCGTCTCTTCTGGC-1,Multiplet
c2_2_CATGAGTAGAATCGCG-1,BAL 02
c2_2_CATGAGTAGCACACCC-1,BAL 02
c2_2_CATGAGTAGCAGCGAT-1,BAL 07
c2_2_CATGAGTAGGGATGTC-1,BAL 07
c2_2_CATGAGTAGGTTGGTG-1,BAL 07
c2_2_CATGAGTAGTGCTCAT-1,Multiplet
c2_2_CATGAGTCAAACTGCT-1,BAL 05
c2_2_CATGAGTCACAACGCC-1,BAL 08
c2_2_CATGAGTCACGCGCTA-1,BAL 04
c2_2_CATGAGTCAGATCCTA-1,BAL 03
c2_2_CATGAGTCATATACCG-1,BAL 03
c2_2_CATGAGTCATGGCGCT-1,BAL 02
c2_2_CATGAGTGTCGGCACT-1,BAL 04
c2_2_CATGAGTTCATGAAAG-1,BAL 04
c2_2_CATGAGTTCCACGGAC-1,BAL 05
c2_2_CATGAGTTCCTCACGT-1,BAL 04
c2_2_CATGAGTTCTCTTAAC-1,Multiplet
c2_2_CATGAGTTCTGGCCGA-1,BAL 02
c2_2_CATGCAAAGATCCCAT-1,BAL 07
c2_2_CATGCAAAGTGACCTT-1,BAL 01
c2_2_CATGCAACAACCGTGC-1,BAL 05
c2_2_CATGCAACAGCGGTCT-1,BAL 05
c2_2_CATGCAAGTAGAATAC-1,BAL 07
c2_2_CATGCAAGTAGACTGG-1,BAL 01
c2_2_CATGCAAGTAGGCTCC-1,BAL 01
c2_2_CATGCAAGTCTGTGTA-1,BAL 01
c2_2_CATGCAAGTTCAGTAC-1,BAL 03
c2_2_CATGCAAGTTCCTAGA-1,Multiplet
c2_2_CATGCAATCCACAAGT-1,BAL 03
c2_2_CATGCAATCGACGTCG-1,Multiplet
c2_2_CATGCAATCGAGAAGC-1,BAL 04
c2_2_CATGCCTAGCGAAACC-1,BAL 05
c2_2_CATGCCTAGGAAGAAC-1,BAL 08
c2_2_CATGCCTAGGAGGCAG-1,BAL 03
c2_2_CATGCCTAGGTGGGTT-1,BAL 04
c2_2_CATGCCTCACTACTTT-1,Negative
c2_2_CATGCCTGTACAAGCG-1,BAL 08
c2_2_CATGCCTGTCAGCGTC-1,BAL 06
c2_2_CATGCCTGTGATTGGG-1,BAL 03
c2_2_CATGCCTGTTCCGTTC-1,BAL 08
c2_2_CATGCCTGTTTAAGGA-1,BAL 08
c2_2_CATGCCTTCAGTCTTT-1,BAL 03
c2_2_CATGCCTTCCATTGTT-1,BAL 06
c2_2_CATGCCTTCGATACTG-1,BAL 05
c2_2_CATGCCTTCGCAATGT-1,BAL 07
c2_2_CATGCCTTCGCACGAC-1,Multiplet
c2_2_CATGCGGAGAAGGATG-1,Multiplet
c2_2_CATGCGGAGATGACAT-1,BAL 05
c2_2_CATGCGGAGCGACTGA-1,BAL 03
c2_2_CATGCGGAGGTTAGTA-1,BAL 01
c2_2_CATGCGGCAGATTCGT-1,Multiplet
c2_2_CATGCGGGTACGAGCA-1,BAL 05
c2_2_CATGCGGGTTGCCGAC-1,Multiplet
c2_2_CATGCGGGTTGTGGCC-1,BAL 03
c2_2_CATGCGGTCGGCCCAA-1,BAL 07
c2_2_CATGCGGTCGGTTAGT-1,BAL 06
c2_2_CATGCGGTCGTCTAAG-1,BAL 05
c2_2_CATGCGGTCTACCACC-1,BAL 03
c2_2_CATGCTCCAATACGAA-1,BAL 02
c2_2_CATGCTCCACAAGTGG-1,BAL 05
c2_2_CATGCTCCAGTAGTTC-1,Multiplet
c2_2_CATGCTCCATCGGTTA-1,BAL 08
c2_2_CATGCTCGTCATCACA-1,Multiplet
c2_2_CATGCTCGTCCCGTGA-1,BAL 08
c2_2_CATGCTCGTGAGGATC-1,BAL 01
c2_2_CATGCTCGTGCAATGG-1,BAL 07
c2_2_CATGCTCGTGTAAACA-1,BAL 06
c2_2_CATGCTCGTTGCTCAA-1,BAL 01
c2_2_CATGCTCTCGTAACAC-1,BAL 02
c2_2_CATGGATAGAGGGTAA-1,BAL 03
c2_2_CATGGATAGCAAGCCA-1,BAL 02
c2_2_CATGGATAGCGTATAA-1,Multiplet
c2_2_CATGGATAGGAGAATG-1,BAL 03
c2_2_CATGGATAGGCGTTGA-1,BAL 07
c2_2_CATGGATAGTATGATG-1,Multiplet
c2_2_CATGGATAGTGAGTGC-1,Multiplet
c2_2_CATGGATCATTGCCGG-1,Multiplet
c2_2_CATGGATGTATCGTTG-1,BAL 07
c2_2_CATGGATGTTGGGATG-1,BAL 02
c2_2_CATGGATTCAAGAATG-1,Multiplet
c2_2_CATGGATTCATGAAAG-1,BAL 06
c2_2_CATGGATTCCTGCCAT-1,Multiplet
c2_2_CATGGATTCTCTAGGA-1,BAL 02
c2_2_CATGGATTCTGTTCAT-1,Multiplet
c2_2_CATGGTACAACCTATG-1,Multiplet
c2_2_CATGGTAGTGTTTGCA-1,Multiplet
c2_2_CATTCATCACTAGAGG-1,BAL 05
c2_2_CATTCATCAGACCAGA-1,BAL 03
c2_2_CATTCATGTCACTACA-1,BAL 03
c2_2_CATTCATGTCCCGTGA-1,Multiplet
c2_2_CATTCATTCACTTATC-1,BAL 08
c2_2_CATTCATTCGCTGCGA-1,BAL 02
c2_2_CATTCATTCGTAGCTA-1,BAL 08
c2_2_CATTCATTCGTTCCTG-1,BAL 04
c2_2_CATTCATTCTTGGTCC-1,Multiplet
c2_2_CATTCCGAGATCGACG-1,Multiplet
c2_2_CATTCCGAGGAGTATT-1,BAL 03
c2_2_CATTCCGAGTTGGCGA-1,BAL 07
c2_2_CATTCCGTCAGCTAGT-1,BAL 01
c2_2_CATTCCGTCCATAGAC-1,BAL 05
c2_2_CATTCCGTCCATTGCC-1,BAL 06
c2_2_CATTCTAAGAAACTGT-1,BAL 05
c2_2_CATTCTAAGATTCGCT-1,BAL 03
c2_2_CATTCTAAGTGGAATT-1,BAL 01
c2_2_CATTCTACAAGAGGTC-1,BAL 07
c2_2_CATTCTACAGAACTAA-1,BAL 07
c2_2_CATTCTAGTCACTTAG-1,Multiplet
c2_2_CATTCTAGTCGTACTA-1,BAL 07
c2_2_CATTCTAGTGAGTTTC-1,BAL 05
c2_2_CATTCTATCCGCAAAT-1,BAL 07
c2_2_CATTCTATCCTCTAAT-1,BAL 01
c2_2_CATTCTATCGCAATTG-1,BAL 02
c2_2_CATTGAGAGAAGTCCG-1,Multiplet
c2_2_CATTGAGAGCAGAAAG-1,Multiplet
c2_2_CATTGAGAGCATGATA-1,BAL 01
c2_2_CATTGAGAGCTAATGA-1,BAL 03
c2_2_CATTGAGCATGATCTG-1,BAL 04
c2_2_CATTGAGGTATCGAGG-1,BAL 04
c2_2_CATTGAGGTCACTGAT-1,BAL 08
c2_2_CATTGAGGTGAATTGA-1,BAL 02
c2_2_CATTGAGGTTGGTGTT-1,BAL 04
c2_2_CATTGAGTCCAATCCC-1,BAL 02
c2_2_CATTGCCAGAGTATAC-1,BAL 08
c2_2_CATTGCCAGCAATAGT-1,Multiplet
c2_2_CATTGCCAGCGCTTCG-1,BAL 07
c2_2_CATTGCCCAAGTGACG-1,BAL 06
c2_2_CATTGCCCACGTTGGC-1,Multiplet
c2_2_CATTGCCCAGAAACCG-1,BAL 08
c2_2_CATTGCCCAGTGTGGA-1,Multiplet
c2_2_CATTGCCCATCTTAGG-1,BAL 06
c2_2_CATTGCCGTCCGAAGA-1,BAL 02
c2_2_CATTGCCGTTCCTACC-1,BAL 02
c2_2_CATTGCCTCAGACCTA-1,BAL 07
c2_2_CATTGCCTCTACCCAC-1,BAL 02
c2_2_CATTGCCTCTCGCTCA-1,BAL 06
c2_2_CATTGTTAGAACGTGC-1,BAL 05
c2_2_CATTGTTAGCGTTCCG-1,BAL 05
c2_2_CATTGTTCAACCACAT-1,Multiplet
c2_2_CATTGTTCAACTAGAA-1,BAL 03
c2_2_CATTGTTCACCGTACG-1,BAL 05
c2_2_CATTGTTCACCTCTAC-1,BAL 03
c2_2_CATTGTTCAGTAACCT-1,BAL 02
c2_2_CATTGTTCATGGCTAT-1,BAL 03
c2_2_CATTGTTGTACGCTTA-1,BAL 02
c2_2_CATTGTTGTAGTACGG-1,BAL 07
c2_2_CATTGTTGTTGGGCCT-1,BAL 04
c2_2_CATTGTTTCATCACTT-1,Multiplet
c2_2_CATTGTTTCCACTTCG-1,BAL 04
c2_2_CATTGTTTCGCTACAA-1,BAL 04
c2_2_CATTGTTTCTCGCAGG-1,BAL 01
c2_2_CATTTCAAGAATCGTA-1,Multiplet
c2_2_CATTTCAAGCACCTGC-1,BAL 02
c2_2_CATTTCAAGCTAGAGC-1,BAL 04
c2_2_CATTTCAAGGAGTCTG-1,BAL 08
c2_2_CATTTCACAAACACCT-1,BAL 05
c2_2_CATTTCACATACCACA-1,BAL 05
c2_2_CATTTCAGTACTGACT-1,Negative
c2_2_CATTTCAGTAGATTGA-1,BAL 01
c2_2_CATTTCAGTGGGTTGA-1,BAL 08
c2_2_CATTTCAGTTCCTACC-1,BAL 03
c2_2_CATTTCATCTCGCGTT-1,BAL 03
c2_2_CCAAGCGAGTTCGCAT-1,BAL 03
c2_2_CCAAGCGAGTTGTCGT-1,Multiplet
c2_2_CCAAGCGCAACTCATG-1,BAL 04
c2_2_CCAAGCGCAACTCGTA-1,Multiplet
c2_2_CCAAGCGCACTTTATC-1,BAL 07
c2_2_CCAAGCGCATGATAGA-1,BAL 04
c2_2_CCAAGCGCATGTGCTA-1,Multiplet
c2_2_CCAAGCGGTACAAAGT-1,BAL 03
c2_2_CCAAGCGGTACACGTT-1,Multiplet
c2_2_CCAAGCGGTACGACTT-1,BAL 05
c2_2_CCAAGCGGTCCGCAGT-1,BAL 05
c2_2_CCAAGCGGTGCACATT-1,BAL 05
c2_2_CCAAGCGGTGCATCTA-1,BAL 01
c2_2_CCAAGCGGTGCCTACG-1,BAL 07
c2_2_CCAATGACAAACAGGC-1,Multiplet
c2_2_CCAATGACATGACAAA-1,BAL 02
c2_2_CCAATGACATGAGAAT-1,Multiplet
c2_2_CCAATGATCCTGTTAT-1,Multiplet
c2_2_CCAATGATCTTCTCAA-1,BAL 02
c2_2_CCAATTTAGGTGGGTT-1,BAL 07
c2_2_CCAATTTAGTCGAGGT-1,BAL 03
c2_2_CCAATTTAGTTGGAAT-1,BAL 03
c2_2_CCAATTTCACGCACCA-1,BAL 07
c2_2_CCAATTTCAGTCGCTG-1,BAL 02
c2_2_CCAATTTCAGTTGTCA-1,Multiplet
c2_2_CCAATTTGTCTGATAC-1,BAL 03
c2_2_CCAATTTTCACAAGGG-1,BAL 05
c2_2_CCAATTTTCACCTTAT-1,BAL 05
c2_2_CCAATTTTCACTCACC-1,BAL 07
c2_2_CCAATTTTCCATAAGC-1,BAL 08
c2_2_CCAATTTTCCCGGTAG-1,Multiplet
c2_2_CCACAAAAGCAATTAG-1,Multiplet
c2_2_CCACAAAAGCGATGAC-1,BAL 08
c2_2_CCACAAAAGCTGGAGT-1,BAL 06
c2_2_CCACAAAAGCTTAAGA-1,Multiplet
c2_2_CCACAAAAGGCGATAC-1,BAL 02
c2_2_CCACAAACACGCCACA-1,BAL 05
c2_2_CCACAAACAGTAGATA-1,BAL 02
c2_2_CCACAAACATATCGGT-1,BAL 03
c2_2_CCACAAAGTAGAGACC-1,Multiplet
c2_2_CCACAAAGTGCAACGA-1,BAL 07
c2_2_CCACAAAGTGGCTTAT-1,Multiplet
c2_2_CCACAAAGTTCTTGCC-1,Multiplet
c2_2_CCACAAATCGCTGTCT-1,BAL 05
c2_2_CCACAAATCGGCATAT-1,Multiplet
c2_2_CCACAAATCTGGACCG-1,Multiplet
c2_2_CCACAAATCTGGCCTT-1,BAL 07
c2_2_CCACACTAGGTAAGTT-1,BAL 04
c2_2_CCACACTAGGTACATA-1,BAL 04
c2_2_CCACACTCAAATGAAC-1,BAL 04
c2_2_CCACACTCACCGGCTA-1,BAL 02
c2_2_CCACACTGTCATAACC-1,BAL 01
c2_2_CCACACTTCCATACTT-1,Multiplet
c2_2_CCACACTTCGCACGGT-1,BAL 02
c2_2_CCACACTTCGGCCCAA-1,BAL 08
c2_2_CCACCATAGATGTTAG-1,BAL 06
c2_2_CCACCATAGGTTGAGC-1,BAL 02
c2_2_CCACCATAGTGTGTTC-1,BAL 02
c2_2_CCACCATCAACGGGTA-1,BAL 05
c2_2_CCACCATCAGAGATTA-1,BAL 01
c2_2_CCACCATCAGCTCATA-1,BAL 05
c2_2_CCACCATCATGCTGCG-1,Multiplet
c2_2_CCACCATGTACCGGAA-1,BAL 02
c2_2_CCACCATGTGTGACCC-1,Negative
c2_2_CCACCATGTGTGTACT-1,BAL 08
c2_2_CCACCATTCAGTGTGT-1,BAL 02
c2_2_CCACCATTCCCATACC-1,BAL 02
c2_2_CCACCATTCCTGGGAC-1,BAL 08
c2_2_CCACCATTCGTCACCT-1,BAL 04
c2_2_CCACGAGAGCATTTCG-1,Multiplet
c2_2_CCACGAGAGCTGGCCT-1,Multiplet
c2_2_CCACGAGAGTATCCTG-1,Multiplet
c2_2_CCACGAGCAAGACGAC-1,BAL 05
c2_2_CCACGAGCACTCAGAT-1,BAL 06
c2_2_CCACGAGGTCATACCA-1,BAL 05
c2_2_CCACGAGGTTGAGGAC-1,BAL 05
c2_2_CCACGAGTCTGAGATC-1,BAL 01
c2_2_CCACGAGTCTTCCCGA-1,BAL 03
c2_2_CCACGTTAGATAACGT-1,Multiplet
c2_2_CCACGTTAGCGTGAAC-1,BAL 03
c2_2_CCACGTTAGGTAACTA-1,BAL 04
c2_2_CCACGTTAGTGCTACT-1,BAL 05
c2_2_CCACGTTCAATTCGTG-1,BAL 03
c2_2_CCACGTTCACGGAAGT-1,BAL 08
c2_2_CCACGTTGTAAGGCTG-1,BAL 03
c2_2_CCACGTTGTGGGTCAA-1,BAL 02
c2_2_CCACGTTTCAAGGCTT-1,BAL 05
c2_2_CCACGTTTCTTGGAAC-1,BAL 08
c2_2_CCACTTGAGACGCCCT-1,BAL 05
c2_2_CCACTTGAGACTTGTC-1,Multiplet
c2_2_CCACTTGAGCTCTTCC-1,BAL 07
c2_2_CCACTTGAGGTGCGAT-1,BAL 04
c2_2_CCACTTGCAAGAGTTA-1,BAL 05
c2_2_CCACTTGCAATCGCCG-1,BAL 06
c2_2_CCACTTGGTACAGAGC-1,BAL 02
c2_2_CCACTTGGTCAAGTTC-1,BAL 05
c2_2_CCACTTGGTTGGGCCT-1,Multiplet
c2_2_CCACTTGTCACGTAGT-1,BAL 05
c2_2_CCACTTGTCCCGAAAT-1,BAL 05
c2_2_CCACTTGTCCTATTTG-1,BAL 03
c2_2_CCACTTGTCCTTGGAA-1,BAL 06
c2_2_CCACTTGTCGGTTGTA-1,Multiplet
c2_2_CCACTTGTCTGCAGCG-1,Negative
c2_2_CCATAAGAGATCGCCC-1,BAL 04
c2_2_CCATAAGAGCGGGTTA-1,BAL 03
c2_2_CCATAAGAGGATGCGT-1,Multiplet
c2_2_CCATAAGAGTTCCAGT-1,BAL 02
c2_2_CCATAAGCACCCATAA-1,Multiplet
c2_2_CCATAAGCACCCTGAG-1,BAL 01
c2_2_CCATAAGGTAGACAGC-1,Multiplet
c2_2_CCATAAGGTATCAGGG-1,BAL 08
c2_2_CCATAAGGTCCTATAG-1,Multiplet
c2_2_CCATAAGGTGACCGTC-1,BAL 08
c2_2_CCATAAGTCGTAGCTA-1,BAL 03
c2_2_CCATCACAGACCAACG-1,BAL 05
c2_2_CCATCACAGACTCGAG-1,BAL 07
c2_2_CCATCACAGACTTGTC-1,Multiplet
c2_2_CCATCACAGCGACATG-1,BAL 05
c2_2_CCATCACAGGTGCTTT-1,BAL 05
c2_2_CCATCACCAACGCATT-1,BAL 02
c2_2_CCATCACCAAGCGAAC-1,BAL 08
c2_2_CCATCACCAAGGTTGG-1,BAL 06
c2_2_CCATCACCAATTGAAG-1,BAL 01
c2_2_CCATCACCACCCTGTT-1,BAL 07
c2_2_CCATCACCAGGTGGAT-1,Multiplet
c2_2_CCATCACCAGTAACAA-1,BAL 03
c2_2_CCATCACCATCGATCA-1,BAL 03
c2_2_CCATCACCATGGCCAC-1,BAL 02
c2_2_CCATCACGTGCATTAC-1,BAL 01
c2_2_CCATCACGTGGTAATA-1,BAL 03
c2_2_CCATCACGTGTAGTGG-1,BAL 06
c2_2_CCATCACTCCTCGATC-1,Multiplet
c2_2_CCATCACTCTAGGCAT-1,Multiplet
c2_2_CCATCACTCTTGAACG-1,BAL 06
c2_2_CCCAACTAGCAATAAC-1,BAL 03
c2_2_CCCAACTAGCCTGAAG-1,Negative
c2_2_CCCAACTCAATGAGCG-1,BAL 01
c2_2_CCCAACTTCGCATTGA-1,BAL 04
c2_2_CCCAACTTCGCTATTT-1,Multiplet
c2_2_CCCATTGAGATTGGGC-1,BAL 03
c2_2_CCCATTGAGCCAGAGT-1,BAL 07
c2_2_CCCATTGAGCCTATTG-1,BAL 06
c2_2_CCCATTGAGCTAAGTA-1,BAL 04
c2_2_CCCATTGAGTGGACTG-1,BAL 04
c2_2_CCCATTGCAAAGGTTA-1,BAL 08
c2_2_CCCATTGCACCAGTTA-1,BAL 02
c2_2_CCCATTGGTCTCGCGA-1,BAL 02
c2_2_CCCATTGGTTCGGTCG-1,BAL 08
c2_2_CCCATTGTCATAGAGA-1,Negative
c2_2_CCCATTGTCATGCGGC-1,BAL 01
c2_2_CCCATTGTCTTCTTCC-1,BAL 03
c2_2_CCCGAAGAGCGTTCCG-1,BAL 07
c2_2_CCCGAAGAGTCCTACA-1,Multiplet
c2_2_CCCGAAGCACAAAGTA-1,BAL 07
c2_2_CCCGAAGCAGAATCGG-1,BAL 07
c2_2_CCCGAAGCAGCACCCA-1,BAL 06
c2_2_CCCGAAGCATAAGATG-1,BAL 04
c2_2_CCCGAAGCATCATGAC-1,BAL 01
c2_2_CCCGAAGCATTGACAC-1,BAL 07
c2_2_CCCGAAGGTCACTCAA-1,Negative
c2_2_CCCGAAGGTTAGAGTA-1,BAL 01
c2_2_CCCGAAGGTTGCTAGT-1,BAL 07
c2_2_CCCGAAGGTTTCCATT-1,Multiplet
c2_2_CCCGAAGTCAACACGT-1,BAL 04
c2_2_CCCGAAGTCATCTACT-1,BAL 04
c2_2_CCCGAAGTCCACGGGT-1,Multiplet
c2_2_CCCGAAGTCCCGTGTT-1,BAL 01
c2_2_CCCGAAGTCCTACACC-1,BAL 03
c2_2_CCCGAAGTCGAGAATA-1,BAL 05
c2_2_CCCGAAGTCTTCGCTG-1,BAL 06
c2_2_CCCGGAAAGAACAAGG-1,BAL 05
c2_2_CCCGGAAAGAAGATCT-1,Multiplet
c2_2_CCCGGAAAGACATAAC-1,BAL 05
c2_2_CCCGGAAAGAGTACCG-1,BAL 05
c2_2_CCCGGAAAGCATGCGA-1,Multiplet
c2_2_CCCGGAAAGTAATCCC-1,BAL 05
c2_2_CCCGGAAAGTATAACG-1,BAL 05
c2_2_CCCGGAAAGTCTAGAA-1,BAL 07
c2_2_CCCGGAAAGTTGCCTA-1,Multiplet
c2_2_CCCGGAACAGAAACCG-1,BAL 06
c2_2_CCCGGAACAGCTACTA-1,BAL 07
c2_2_CCCGGAAGTCCCACGA-1,BAL 03
c2_2_CCCGGAAGTCCGCAGT-1,BAL 05
c2_2_CCCGGAAGTGAGATAT-1,BAL 05
c2_2_CCCGGAAGTGATGAAT-1,Multiplet
c2_2_CCCGGAAGTGGCGCTT-1,Multiplet
c2_2_CCCGGAATCCATTGCC-1,BAL 02
c2_2_CCCGGAATCCATTTCA-1,BAL 04
c2_2_CCCGGAATCCTTGACC-1,Negative
c2_2_CCCGGAATCGCAATGT-1,BAL 07
c2_2_CCCGGAATCGCCTTGT-1,BAL 04
c2_2_CCCGGAATCTCCAAGA-1,BAL 07
c2_2_CCCGGAATCTGCGAGC-1,BAL 01
c2_2_CCCTAACCACTTCATT-1,Negative
c2_2_CCCTAACGTCCTCCAT-1,BAL 04
c2_2_CCCTAACGTTCATCGA-1,BAL 02
c2_2_CCCTAACTCAGACTGT-1,BAL 03
c2_2_CCCTAACTCATCTGTT-1,Multiplet
c2_2_CCCTAACTCATTCCTA-1,BAL 07
c2_2_CCCTAACTCCGATTAG-1,BAL 04
c2_2_CCCTAACTCGTAGTGT-1,BAL 02
c2_2_CCCTAACTCGTTAGTG-1,Multiplet
c2_2_CCCTCAAAGAACGTGC-1,Multiplet
c2_2_CCCTCAAAGATCCCAT-1,Multiplet
c2_2_CCCTCAAAGCCATTTG-1,Multiplet
c2_2_CCCTCAAAGCGAGAAA-1,BAL 01
c2_2_CCCTCAAAGGTAAGGA-1,Multiplet
c2_2_CCCTCAAAGTATGACA-1,BAL 08
c2_2_CCCTCAAAGTGCGTCC-1,BAL 02
c2_2_CCCTCAAAGTGGATTA-1,BAL 02
c2_2_CCCTCAAAGTTAACGA-1,Multiplet
c2_2_CCCTCAACACCAGCCA-1,BAL 01
c2_2_CCCTCAACACTGGATT-1,Multiplet
c2_2_CCCTCAACAGCCATTA-1,Multiplet
c2_2_CCCTCAACAGCTCATA-1,BAL 05
c2_2_CCCTCAAGTAACATGA-1,Multiplet
c2_2_CCCTCAAGTAGCGTAG-1,Multiplet
c2_2_CCCTCAAGTTGGGTTT-1,Negative
c2_2_CCCTCAATCCGGTAAT-1,BAL 04
c2_2_CCCTCAATCTAAGCGT-1,BAL 02
c2_2_CCCTCAATCTTCTAAC-1,BAL 04
c2_2_CCCTCTCAGCAGGTCA-1,BAL 02
c2_2_CCCTCTCAGCTATCCA-1,BAL 03
c2_2_CCCTCTCAGTATAGGT-1,BAL 08
c2_2_CCCTCTCCAAGCTCTA-1,BAL 06
c2_2_CCCTCTCCAATTCACG-1,BAL 07
c2_2_CCCTCTCCACCGTGCA-1,Multiplet
c2_2_CCCTCTCGTATGTCTG-1,BAL 04
c2_2_CCCTCTCGTTATGTCG-1,BAL 08
c2_2_CCCTCTCTCAAGCTTG-1,BAL 03
c2_2_CCCTCTCTCCCGAAAT-1,Multiplet
c2_2_CCCTCTCTCCGTGACG-1,BAL 05
c2_2_CCCTCTCTCTAAGCCA-1,BAL 05
c2_2_CCCTCTCTCTAGTACG-1,BAL 04
c2_2_CCCTCTCTCTCGCGTT-1,BAL 03
c2_2_CCCTGATAGATAGCTA-1,BAL 04
c2_2_CCCTGATAGGGTATAT-1,BAL 03
c2_2_CCCTGATAGGTTTGAA-1,BAL 05
c2_2_CCCTGATAGTACGAGC-1,BAL 02
c2_2_CCCTGATAGTTGAATG-1,BAL 04
c2_2_CCCTGATCAAATCGGG-1,BAL 03
c2_2_CCCTGATCACGCGCAT-1,BAL 02
c2_2_CCCTGATCAGAGCCCT-1,BAL 04
c2_2_CCCTGATCAGATTAAG-1,BAL 08
c2_2_CCCTGATGTCCGATCG-1,Multiplet
c2_2_CCCTGATGTTCTCCCA-1,BAL 05
c2_2_CCCTGATTCCCAGTGG-1,BAL 04
c2_2_CCCTGATTCGCCTATC-1,Multiplet
c2_2_CCCTGATTCGTTCTGC-1,Multiplet
c2_2_CCCTGATTCTGTTCAT-1,Negative
c2_2_CCCTTAGAGACCGCCT-1,BAL 01
c2_2_CCCTTAGAGCAACAGC-1,BAL 02
c2_2_CCCTTAGAGGAAGTAG-1,BAL 06
c2_2_CCCTTAGAGTATGCAA-1,BAL 08
c2_2_CCCTTAGCAAATACAG-1,BAL 05
c2_2_CCCTTAGGTCAGACTT-1,BAL 01
c2_2_CCCTTAGTCCACGTAA-1,BAL 03
c2_2_CCCTTAGTCTTCGACC-1,BAL 02
c2_2_CCGAACGCAAGGCAAC-1,BAL 01
c2_2_CCGAACGCACCCTATC-1,BAL 07
c2_2_CCGAACGCACTTGACA-1,BAL 04
c2_2_CCGAACGCAGTCAGTT-1,BAL 03
c2_2_CCGAACGGTAGAATAC-1,BAL 02
c2_2_CCGAACGGTAGCCAGA-1,Multiplet
c2_2_CCGAACGGTAGTAAGT-1,BAL 03
c2_2_CCGAACGGTCCAGGTC-1,Multiplet
c2_2_CCGAACGGTCCCAAAT-1,BAL 05
c2_2_CCGAACGGTGGTCAAG-1,Multiplet
c2_2_CCGAACGTCGGTGAAG-1,Multiplet
c2_2_CCGATCTAGAAGATCT-1,Multiplet
c2_2_CCGATCTAGTATCTGC-1,BAL 02
c2_2_CCGATCTAGTCCGCGT-1,Multiplet
c2_2_CCGATCTAGTGGTTGG-1,BAL 08
c2_2_CCGATCTCAATGTGGG-1,BAL 08
c2_2_CCGATCTCACCCTAAA-1,BAL 08
c2_2_CCGATCTCAGTCACGC-1,BAL 02
c2_2_CCGATCTGTAAGGTCG-1,BAL 07
c2_2_CCGATCTGTACCTTCC-1,Multiplet
c2_2_CCGATCTGTGGGCTTC-1,BAL 07
c2_2_CCGATCTGTTACGGAG-1,BAL 03
c2_2_CCGATCTGTTCAGTAC-1,Multiplet
c2_2_CCGATCTGTTCCCACT-1,BAL 03
c2_2_CCGATCTTCGGACCAC-1,BAL 03
c2_2_CCGATGGAGACCCTTA-1,BAL 06
c2_2_CCGATGGAGATGGTAT-1,BAL 05
c2_2_CCGATGGAGCACTCCG-1,BAL 07
c2_2_CCGATGGAGCATGGGT-1,BAL 08
c2_2_CCGATGGAGCGAACTG-1,BAL 03
c2_2_CCGATGGAGCTAGAAT-1,BAL 01
c2_2_CCGATGGAGGAATCGC-1,BAL 03
c2_2_CCGATGGAGTAAGCAT-1,BAL 05
c2_2_CCGATGGCAAATTGCC-1,BAL 01
c2_2_CCGATGGCAAGTATCC-1,BAL 03
c2_2_CCGATGGCAGCAATTC-1,BAL 04
c2_2_CCGATGGCAGCTACCG-1,BAL 05
c2_2_CCGATGGCAGTCTCTC-1,Multiplet
c2_2_CCGATGGCATTGTCGA-1,BAL 02
c2_2_CCGATGGGTGCATTAC-1,BAL 01
c2_2_CCGATGGTCCCAAGTA-1,BAL 03
c2_2_CCGATGGTCTGCGGAC-1,BAL 01
c2_2_CCGCAAGAGACCCTTA-1,BAL 04
c2_2_CCGCAAGAGCATCCTA-1,BAL 01
c2_2_CCGCAAGAGGCACTCC-1,BAL 06
c2_2_CCGCAAGAGTCCCTAA-1,BAL 05
c2_2_CCGCAAGAGTTTCAGC-1,BAL 06
c2_2_CCGCAAGCAAGAATGT-1,BAL 04
c2_2_CCGCAAGCAATCGCAT-1,Multiplet
c2_2_CCGCAAGCACCGCTGA-1,Multiplet
c2_2_CCGCAAGCAGCGTATT-1,Multiplet
c2_2_CCGCAAGCAGTGCGCT-1,Multiplet
c2_2_CCGCAAGCATACTGAC-1,BAL 02
c2_2_CCGCAAGCATAGTCAC-1,BAL 06
c2_2_CCGCAAGCATTCGGGC-1,Multiplet
c2_2_CCGCAAGGTAGTCACT-1,BAL 01
c2_2_CCGCAAGGTATACGGG-1,BAL 04
c2_2_CCGCAAGGTTCGGTAT-1,BAL 03
c2_2_CCGCAAGTCCCAGTGG-1,Multiplet
c2_2_CCGCAAGTCCCATTTA-1,BAL 03
c2_2_CCGCAAGTCGAGTCTA-1,Multiplet
c2_2_CCGGACAAGAATTGTG-1,Multiplet
c2_2_CCGGACACAATCACGT-1,Multiplet
c2_2_CCGGACACACCAGCGT-1,BAL 07
c2_2_CCGGACAGTCCGTTTC-1,Multiplet
c2_2_CCGGACAGTGTTATCG-1,BAL 08
c2_2_CCGGACAGTTAGGACG-1,BAL 04
c2_2_CCGGACAGTTCATCTT-1,BAL 03
c2_2_CCGGACATCGCTGATA-1,BAL 01
c2_2_CCGGGTAAGATCCCGC-1,BAL 05
c2_2_CCGGGTAAGGCAGGGA-1,BAL 08
c2_2_CCGGGTAAGTCACAGG-1,BAL 06
c2_2_CCGGGTAAGTTAGTAG-1,BAL 03
c2_2_CCGGGTACAAAGGGCT-1,BAL 02
c2_2_CCGGGTACAACTACGT-1,Negative
c2_2_CCGGGTACAAGTTGGG-1,BAL 07
c2_2_CCGGGTACAAGTTTGC-1,Multiplet
c2_2_CCGGGTACAGCAGTAG-1,BAL 06
c2_2_CCGGGTACAGGTGGAT-1,Multiplet
c2_2_CCGGGTACATTGCCTC-1,Multiplet
c2_2_CCGGGTAGTAAGGAGA-1,BAL 07
c2_2_CCGGGTAGTCAGACTT-1,Multiplet
c2_2_CCGGGTAGTGCATTAC-1,BAL 06
c2_2_CCGGGTAGTTAAGAAC-1,BAL 06
c2_2_CCGGGTATCGCCGAGT-1,BAL 05
c2_2_CCGGGTATCGGTAAGG-1,Multiplet
c2_2_CCGGTAGAGTCGAATA-1,BAL 06
c2_2_CCGGTAGCAAGACTGG-1,BAL 08
c2_2_CCGGTAGCACATGTTG-1,BAL 06
c2_2_CCGGTAGCACCATATG-1,Multiplet
c2_2_CCGGTAGCACTCCGAG-1,BAL 04
c2_2_CCGGTAGCAGGTATGG-1,BAL 05
c2_2_CCGGTAGCATCGTGCG-1,BAL 03
c2_2_CCGGTAGCATGGGAAC-1,BAL 04
c2_2_CCGGTAGGTCTTTATC-1,Multiplet
c2_2_CCGGTAGGTGAGCAGT-1,BAL 02
c2_2_CCGGTAGGTGATATAG-1,BAL 02
c2_2_CCGGTAGTCGAGCACC-1,BAL 02
c2_2_CCGGTGAAGATTGGGC-1,BAL 04
c2_2_CCGGTGAAGCGCTTCG-1,BAL 03
c2_2_CCGGTGAAGCTGACCC-1,BAL 03
c2_2_CCGGTGAAGGTTAAAC-1,BAL 01
c2_2_CCGGTGAAGTCGAATA-1,BAL 05
c2_2_CCGGTGAAGTCGTTAC-1,Multiplet
c2_2_CCGGTGACAGGTCTCG-1,Multiplet
c2_2_CCGGTGATCCGCTGTT-1,BAL 03
c2_2_CCGGTGATCGGACTTA-1,BAL 04
c2_2_CCGGTGATCTCCGAAA-1,BAL 07
c2_2_CCGTAGGAGCACCCAC-1,BAL 08
c2_2_CCGTAGGAGCATCAAA-1,BAL 08
c2_2_CCGTAGGAGCTCACTA-1,BAL 06
c2_2_CCGTAGGAGGTGGTTG-1,BAL 01
c2_2_CCGTAGGAGTCATGGG-1,BAL 07
c2_2_CCGTAGGCACCCATAA-1,BAL 01
c2_2_CCGTAGGGTAGCGTAG-1,BAL 07
c2_2_CCGTAGGGTGGGAGAG-1,BAL 03
c2_2_CCGTAGGGTTGTAGCT-1,BAL 03
c2_2_CCGTAGGGTTGTGGCC-1,Multiplet
c2_2_CCGTAGGTCAGGGTAG-1,BAL 05
c2_2_CCGTAGGTCATGCATG-1,BAL 04
c2_2_CCGTAGGTCCGCGATG-1,BAL 01
c2_2_CCGTAGGTCTCTATAC-1,Multiplet
c2_2_CCGTGAGCAAATGAAC-1,Multiplet
c2_2_CCGTGAGCAAGAGATT-1,Multiplet
c2_2_CCGTGAGGTACAAGTA-1,BAL 08
c2_2_CCGTGAGGTGGACTAG-1,Multiplet
c2_2_CCGTGAGTCAACGAGG-1,BAL 08
c2_2_CCGTGAGTCACTGAAC-1,BAL 05
c2_2_CCGTGAGTCCCAGGAC-1,BAL 03
c2_2_CCGTGAGTCCCGAAAT-1,BAL 05
c2_2_CCGTGAGTCGAACACT-1,BAL 05
c2_2_CCGTGAGTCTGCGGCA-1,BAL 08
c2_2_CCGTTCAAGGGCCCTT-1,BAL 05
c2_2_CCGTTCAAGGGTAATT-1,BAL 03
c2_2_CCGTTCAAGTGAATAC-1,BAL 05
c2_2_CCGTTCACACACACTA-1,BAL 03
c2_2_CCGTTCACAGAATCGG-1,BAL 06
c2_2_CCGTTCACAGCCGTTG-1,Multiplet
c2_2_CCGTTCAGTAATGCGG-1,Multiplet
c2_2_CCGTTCAGTCGTACAT-1,BAL 02
c2_2_CCGTTCAGTGATTCTG-1,Multiplet
c2_2_CCGTTCAGTGTGGTCC-1,BAL 04
c2_2_CCGTTCAGTTTCTTAC-1,BAL 05
c2_2_CCGTTCATCAGACAAA-1,Multiplet
c2_2_CCGTTCATCGCTCCTA-1,BAL 06
c2_2_CCTAACCAGAGCATTA-1,Multiplet
c2_2_CCTAACCAGCATCAGG-1,BAL 02
c2_2_CCTAACCAGCCTAGGA-1,BAL 04
c2_2_CCTAACCAGCCTGTGC-1,BAL 05
c2_2_CCTAACCAGCTAGAAT-1,BAL 06
c2_2_CCTAACCAGTCTAGAA-1,BAL 04
c2_2_CCTAACCAGTTTCTTC-1,BAL 08
c2_2_CCTAACCCAAGTCGTT-1,BAL 02
c2_2_CCTAACCGTGTCCTAA-1,BAL 05
c2_2_CCTAACCGTGTGTACT-1,BAL 01
c2_2_CCTAACCTCAAGCTGT-1,Multiplet
c2_2_CCTAACCTCCGTGGCA-1,BAL 02
c2_2_CCTAACCTCGAATGCT-1,BAL 08
c2_2_CCTAACCTCGTGGAAG-1,BAL 06
c2_2_CCTAACCTCTTCCCAG-1,BAL 01
c2_2_CCTAAGAAGGAGAATG-1,Multiplet
c2_2_CCTAAGAAGGTTGGAC-1,Multiplet
c2_2_CCTAAGAAGTCAGAGC-1,BAL 04
c2_2_CCTAAGACAACACAAA-1,BAL 08
c2_2_CCTAAGACAACGACTT-1,Multiplet
c2_2_CCTAAGACAGGAAGTC-1,BAL 03
c2_2_CCTAAGACATCCCGTT-1,BAL 08
c2_2_CCTAAGAGTCTCGACG-1,BAL 07
c2_2_CCTAAGAGTCTCGGGT-1,Multiplet
c2_2_CCTAAGATCAACCGAT-1,BAL 04
c2_2_CCTAAGATCAACTGGT-1,Multiplet
c2_2_CCTACGTAGATGAACT-1,BAL 06
c2_2_CCTACGTAGCACTCGC-1,BAL 02
c2_2_CCTACGTAGGCCTAGA-1,BAL 04
c2_2_CCTACGTAGTGCTAGG-1,BAL 07
c2_2_CCTACGTAGTTCATGC-1,BAL 02
c2_2_CCTACGTCAATGTTGC-1,Multiplet
c2_2_CCTACGTCACAAGCCC-1,BAL 05
c2_2_CCTACGTCACAAGTTC-1,BAL 07
c2_2_CCTACGTCACGCGCTA-1,BAL 07
c2_2_CCTACGTCAGGACATG-1,BAL 03
c2_2_CCTACGTGTACAGTAA-1,BAL 03
c2_2_CCTACGTGTCCAACGC-1,Multiplet
c2_2_CCTACGTGTGGCTCTG-1,Multiplet
c2_2_CCTACGTTCATCACCC-1,Multiplet
c2_2_CCTACGTTCGGCTATA-1,BAL 05
c2_2_CCTACGTTCGTCGACG-1,BAL 03
c2_2_CCTACGTTCGTTGTAG-1,BAL 05
c2_2_CCTATCGAGCACAAAT-1,Multiplet
c2_2_CCTATCGAGCGATTCT-1,BAL 01
c2_2_CCTATCGAGTGTCATC-1,BAL 08
c2_2_CCTATCGCAAGGATGC-1,BAL 08
c2_2_CCTATCGCACGTGAGA-1,BAL 05
c2_2_CCTATCGCATACAGCT-1,BAL 04
c2_2_CCTATCGGTCACGACC-1,BAL 01
c2_2_CCTATCGGTCTTCAAG-1,BAL 04
c2_2_CCTATCGGTCTTCTAT-1,BAL 01
c2_2_CCTATCGTCAGTCTTT-1,BAL 06
c2_2_CCTCAACAGATGAAGG-1,BAL 05
c2_2_CCTCAACAGATTAGAC-1,BAL 02
c2_2_CCTCAACCACAAGTTC-1,BAL 03
c2_2_CCTCAACCACCTCGTT-1,BAL 03
c2_2_CCTCAACCAGGTGTTT-1,BAL 05
c2_2_CCTCAACGTAACAGGC-1,BAL 03
c2_2_CCTCAACGTCCATCTC-1,BAL 05
c2_2_CCTCAACGTCGTCAGC-1,BAL 08
c2_2_CCTCAACGTGAGCTCC-1,BAL 01
c2_2_CCTCAACTCCCGATCT-1,BAL 02
c2_2_CCTCAACTCCTGTTGC-1,BAL 02
c2_2_CCTCAACTCGAGTGGA-1,BAL 06
c2_2_CCTCAACTCGCTCTAC-1,Negative
c2_2_CCTCACAAGTCGTTAC-1,BAL 05
c2_2_CCTCACACACCTATCC-1,Multiplet
c2_2_CCTCACACAGGCATTT-1,Multiplet
c2_2_CCTCACAGTACTCGCG-1,Multiplet
c2_2_CCTCACAGTAGGTGCA-1,BAL 06
c2_2_CCTCACAGTGCTGTCG-1,BAL 03
c2_2_CCTCACAGTTTACTTC-1,Multiplet
c2_2_CCTCACATCAATCAGC-1,Multiplet
c2_2_CCTCACATCACTGATG-1,BAL 05
c2_2_CCTCACATCGTGCGAC-1,Multiplet
c2_2_CCTCACATCTGCGAGC-1,Multiplet
c2_2_CCTCAGTAGACATACA-1,Multiplet
c2_2_CCTCAGTAGACATGCG-1,BAL 01
c2_2_CCTCAGTAGGACGCAT-1,BAL 04
c2_2_CCTCAGTAGTTGGAGC-1,Multiplet
c2_2_CCTCAGTCACCGCTAG-1,Multiplet
c2_2_CCTCAGTCACTAGTAC-1,BAL 01
c2_2_CCTCAGTCAGAGCCCT-1,BAL 01
c2_2_CCTCAGTGTGTGTTTG-1,BAL 03
c2_2_CCTCAGTGTTGGCCTG-1,BAL 07
c2_2_CCTCAGTGTTGGGACA-1,Multiplet
c2_2_CCTCAGTTCGAGAACG-1,BAL 06
c2_2_CCTCATGAGAGGCTGT-1,BAL 03
c2_2_CCTCATGAGGACGGAG-1,BAL 06
c2_2_CCTCATGAGGATTCAA-1,BAL 07
c2_2_CCTCATGAGTTGAAAC-1,BAL 06
c2_2_CCTCATGAGTTTCAGC-1,Multiplet
c2_2_CCTCATGCAAGAGTTA-1,Multiplet
c2_2_CCTCATGCACGCTATA-1,Multiplet
c2_2_CCTCATGGTCGAACGA-1,BAL 01
c2_2_CCTCATGGTCGGCCTA-1,BAL 03
c2_2_CCTCATGGTGGTCCGT-1,BAL 05
c2_2_CCTCATGTCAGCTGAT-1,BAL 03
c2_2_CCTCATGTCCTTTGAT-1,BAL 05
c2_2_CCTCATGTCGGCCCAA-1,Multiplet
c2_2_CCTCCAAAGACCATGG-1,BAL 03
c2_2_CCTCCAACAATTGAGA-1,BAL 08
c2_2_CCTCCAACACAACGAG-1,BAL 01
c2_2_CCTCCAACACAGAAGC-1,Multiplet
c2_2_CCTCCAACACATACGT-1,BAL 08
c2_2_CCTCCAACATAGCTGT-1,Negative
c2_2_CCTCCAACATCGTGGC-1,BAL 08
c2_2_CCTCCAAGTACAGTTC-1,BAL 04
c2_2_CCTCCAAGTAGACTGG-1,BAL 01
c2_2_CCTCCAAGTCGCTGCA-1,Multiplet
c2_2_CCTCCAAGTGACGTCC-1,BAL 07
c2_2_CCTCCAAGTGTGAATA-1,BAL 08
c2_2_CCTCCAAGTTAATGAG-1,BAL 06
c2_2_CCTCCAAGTTGTGTTG-1,BAL 05
c2_2_CCTCCAATCACATACG-1,BAL 02
c2_2_CCTCCAATCACCTTAT-1,BAL 02
c2_2_CCTCCAATCACTCGAA-1,Multiplet
c2_2_CCTCCAATCATTTGGG-1,BAL 08
c2_2_CCTCCAATCCAACTGA-1,Multiplet
c2_2_CCTCCAATCCTACCGT-1,BAL 01
c2_2_CCTCCAATCGCCAGTG-1,BAL 01
c2_2_CCTCCAATCTCATTTG-1,BAL 08
c2_2_CCTCCAATCTTCACAT-1,BAL 08
c2_2_CCTCCTCAGCACTCGC-1,Multiplet
c2_2_CCTCCTCAGCAGTAAT-1,BAL 04
c2_2_CCTCCTCAGGAGTCTG-1,BAL 03
c2_2_CCTCCTCAGGTTGACG-1,Multiplet
c2_2_CCTCCTCAGTATGACA-1,BAL 01
c2_2_CCTCCTCAGTTGGACG-1,BAL 05
c2_2_CCTCCTCCAACCCTAA-1,BAL 02
c2_2_CCTCCTCCAAGCGGAT-1,BAL 03
c2_2_CCTCCTCCAGGCAATG-1,BAL 05
c2_2_CCTCCTCGTCCTGAAT-1,BAL 05
c2_2_CCTCCTCGTCTGTAAC-1,BAL 01
c2_2_CCTCCTCTCCCGTTCA-1,BAL 03
c2_2_CCTCCTCTCGACGACC-1,Negative
c2_2_CCTCTAGAGACATACA-1,BAL 06
c2_2_CCTCTAGAGTAGATCA-1,BAL 01
c2_2_CCTCTAGAGTCATAGA-1,BAL 03
c2_2_CCTCTAGAGTTACGGG-1,BAL 02
c2_2_CCTCTAGCACGTTGGC-1,BAL 07
c2_2_CCTCTAGCACTAACGT-1,BAL 05
c2_2_CCTCTAGCATGGAACG-1,BAL 08
c2_2_CCTCTAGCATTGAGGG-1,BAL 08
c2_2_CCTCTAGGTAGCCCTG-1,BAL 04
c2_2_CCTCTAGGTCATCGCG-1,Multiplet
c2_2_CCTCTAGGTCGTTCAA-1,BAL 05
c2_2_CCTCTAGTCCACAGGC-1,Negative
c2_2_CCTCTAGTCGAACGGA-1,BAL 06
c2_2_CCTCTCCAGTGAGTGC-1,BAL 08
c2_2_CCTCTCCCAACCTATG-1,BAL 02
c2_2_CCTCTCCCACCGTGCA-1,BAL 08
c2_2_CCTCTCCCAGGCATTT-1,BAL 05
c2_2_CCTCTCCGTAAGGTCG-1,BAL 04
c2_2_CCTCTCCGTCGGTAAG-1,BAL 07
c2_2_CCTCTCCGTGGTCTAT-1,BAL 07
c2_2_CCTCTCCTCGTAGGGA-1,BAL 06
c2_2_CCTCTCCTCTAGCATG-1,BAL 04
c2_2_CCTCTCCTCTGAGAAA-1,BAL 03
c2_2_CCTGCATAGCGACCCT-1,BAL 08
c2_2_CCTGCATAGTGCGACA-1,Negative
c2_2_CCTGCATCAGCATACT-1,BAL 07
c2_2_CCTGCATCAGTCTACA-1,Multiplet
c2_2_CCTGCATCATAGATCC-1,BAL 03
c2_2_CCTGCATGTCACCGCA-1,BAL 01
c2_2_CCTGCATTCGAGAACG-1,Multiplet
c2_2_CCTGTTGAGCATGAAT-1,BAL 08
c2_2_CCTGTTGAGTCTGCAT-1,BAL 08
c2_2_CCTGTTGAGTGTGTTC-1,BAL 04
c2_2_CCTGTTGCATTCCTCG-1,BAL 05
c2_2_CCTGTTGGTAGGCAAC-1,BAL 01
c2_2_CCTGTTGGTATGCGTT-1,BAL 08
c2_2_CCTGTTGGTGCACAAG-1,BAL 02
c2_2_CCTGTTGGTGTAGTGG-1,Multiplet
c2_2_CCTGTTGTCACGAACT-1,Multiplet
c2_2_CCTGTTGTCTCGCTTG-1,BAL 03
c2_2_CCTTCAGAGCGTGTCC-1,BAL 08
c2_2_CCTTCAGAGCTCCACG-1,BAL 02
c2_2_CCTTCAGAGTACCCTA-1,BAL 08
c2_2_CCTTCAGAGTGATGGC-1,BAL 01
c2_2_CCTTCAGAGTTCCTGA-1,BAL 05
c2_2_CCTTCAGCAAGCCTGC-1,BAL 01
c2_2_CCTTCAGCACATAGCT-1,BAL 08
c2_2_CCTTCAGCAGTCCGTG-1,BAL 01
c2_2_CCTTCAGCATATGAAG-1,BAL 05
c2_2_CCTTCAGCATTGTACG-1,Multiplet
c2_2_CCTTCAGGTATGACAA-1,BAL 08
c2_2_CCTTCAGGTGAGCTCC-1,Multiplet
c2_2_CCTTCAGTCGTTCTGC-1,BAL 05
c2_2_CCTTGTGAGAAGAGCA-1,Multiplet
c2_2_CCTTGTGAGGAACGCT-1,Negative
c2_2_CCTTGTGAGGAGCTGT-1,Multiplet
c2_2_CCTTGTGAGGCACCAA-1,BAL 06
c2_2_CCTTGTGCAAGTCATC-1,BAL 02
c2_2_CCTTGTGCACTACCCT-1,BAL 06
c2_2_CCTTGTGCACTGGATT-1,BAL 04
c2_2_CCTTGTGGTCGCCACA-1,BAL 01
c2_2_CCTTGTGGTTCCACAA-1,BAL 07
c2_2_CCTTGTGGTTGCCGAC-1,BAL 02
c2_2_CCTTGTGTCAAGCCAT-1,BAL 04
c2_2_CCTTGTGTCGGCTCTT-1,Multiplet
c2_2_CCTTGTGTCTCGACCT-1,BAL 05
c2_2_CCTTGTGTCTTCGCTG-1,BAL 06
c2_2_CCTTTGGAGACCAACG-1,Multiplet
c2_2_CCTTTGGAGGTCACAG-1,BAL 03
c2_2_CCTTTGGAGGTCGTGA-1,BAL 06
c2_2_CCTTTGGAGGTTCCGC-1,BAL 03
c2_2_CCTTTGGCAATGGCAG-1,BAL 04
c2_2_CCTTTGGCAATTCGTG-1,BAL 07
c2_2_CCTTTGGGTCTCCCTA-1,BAL 08
c2_2_CCTTTGGGTGTATCCA-1,Multiplet
c2_2_CCTTTGGTCATTACTC-1,BAL 03
c2_2_CCTTTGGTCTTACCAT-1,Multiplet
c2_2_CGAAGGAAGGGTACGT-1,BAL 05
c2_2_CGAAGGAAGTAGTCCT-1,Multiplet
c2_2_CGAAGGAAGTCTCTGA-1,Multiplet
c2_2_CGAAGGACAAGGATGC-1,BAL 04
c2_2_CGAAGGACAGACAATA-1,BAL 07
c2_2_CGAAGGAGTATCGCGC-1,BAL 04
c2_2_CGAAGGAGTGGTTTAC-1,BAL 02
c2_2_CGAAGGATCACCCTTG-1,BAL 01
c2_2_CGAAGGATCACTCTTA-1,Multiplet
c2_2_CGAAGGATCATGCAGT-1,BAL 04
c2_2_CGAAGGATCCAACCGG-1,BAL 07
c2_2_CGAAGGATCCGTTTCG-1,BAL 03
c2_2_CGAAGGATCTGATTCT-1,Multiplet
c2_2_CGAAGGATCTGTCGTC-1,Multiplet
c2_2_CGAAGTTAGCCTCTTC-1,BAL 04
c2_2_CGAAGTTAGGATACGC-1,Multiplet
c2_2_CGAAGTTAGGTTCATC-1,BAL 04
c2_2_CGAAGTTAGTCCGCGT-1,BAL 02
c2_2_CGAAGTTAGTCTGCAT-1,BAL 05
c2_2_CGAAGTTAGTTGCATC-1,BAL 04
c2_2_CGAAGTTCAATGTTGC-1,BAL 05
c2_2_CGAAGTTCACTTTAGG-1,Multiplet
c2_2_CGAAGTTGTCGTCTCT-1,BAL 05
c2_2_CGAAGTTGTCTACAGT-1,BAL 08
c2_2_CGAAGTTGTCTCGGAC-1,BAL 02
c2_2_CGAAGTTGTGATACAA-1,BAL 08
c2_2_CGAAGTTGTGGATCGA-1,Negative
c2_2_CGAAGTTTCCCAGCGA-1,BAL 02
c2_2_CGAAGTTTCCCGGTAG-1,BAL 07
c2_2_CGAAGTTTCCTCACCA-1,BAL 06
c2_2_CGAAGTTTCCTTCGAC-1,BAL 02
c2_2_CGAATTGAGAGCTTTC-1,BAL 02
c2_2_CGAATTGAGATCGACG-1,BAL 03
c2_2_CGAATTGAGCTAGTTC-1,BAL 05
c2_2_CGAATTGAGGTGGTTG-1,BAL 01
c2_2_CGAATTGAGTAAGCAT-1,Multiplet
c2_2_CGAATTGAGTACAACA-1,Multiplet
c2_2_CGAATTGCAGTAGAGC-1,BAL 04
c2_2_CGAATTGCATCCTATT-1,BAL 04
c2_2_CGAATTGCATTCAGCA-1,Multiplet
c2_2_CGAATTGGTAGATTAG-1,BAL 03
c2_2_CGAATTGGTAGCTTTG-1,BAL 03
c2_2_CGAATTGGTGCCCAGT-1,BAL 03
c2_2_CGAATTGGTGCGCTCA-1,BAL 03
c2_2_CGAATTGGTTTGCAGT-1,BAL 03
c2_2_CGAATTGTCGTTCCTG-1,Multiplet
c2_2_CGAATTGTCTGTCTCG-1,BAL 08
c2_2_CGAATTGTCTTCGCTG-1,BAL 01
c2_2_CGACAGCAGTCGGGAT-1,BAL 04
c2_2_CGACAGCCATCCTATT-1,BAL 02
c2_2_CGACAGCGTACGTAGG-1,BAL 06
c2_2_CGACAGCGTGCTAGCC-1,BAL 07
c2_2_CGACAGCGTGGCCACT-1,BAL 05
c2_2_CGACAGCGTGTTACTG-1,BAL 02
c2_2_CGACAGCTCAGAACCT-1,BAL 05
c2_2_CGACAGCTCGAAGAAT-1,BAL 03
c2_2_CGACAGCTCTCACTCG-1,BAL 05
c2_2_CGAGAAGAGGTTCCGC-1,BAL 07
c2_2_CGAGAAGAGTGAGTTA-1,BAL 07
c2_2_CGAGAAGAGTGGCAGT-1,BAL 03
c2_2_CGAGAAGCAGCGCTTG-1,BAL 02
c2_2_CGAGAAGGTGATTGGG-1,BAL 04
c2_2_CGAGAAGGTGGTCTTA-1,Multiplet
c2_2_CGAGAAGGTTAATGAG-1,BAL 03
c2_2_CGAGAAGGTTCGTACA-1,BAL 02
c2_2_CGAGAAGTCCTTCTTC-1,BAL 07
c2_2_CGAGAAGTCTTCCAGC-1,BAL 03
c2_2_CGAGGAAAGAACGCGT-1,Multiplet
c2_2_CGAGGAAAGATGTAGT-1,Multiplet
c2_2_CGAGGAAAGCGAGGAG-1,BAL 01
c2_2_CGAGGAAAGCGGGTTA-1,BAL 02
c2_2_CGAGGAAAGCTAGAGC-1,BAL 08
c2_2_CGAGGAAAGGATACGC-1,BAL 03
c2_2_CGAGGAAAGTGTCATC-1,BAL 07
c2_2_CGAGGAAAGTTTCGGT-1,BAL 08
c2_2_CGAGGAACAAGAATGT-1,Multiplet
c2_2_CGAGGAACATAGAAAC-1,BAL 04
c2_2_CGAGGAAGTATGATCC-1,BAL 02
c2_2_CGAGGAAGTGGGTTGA-1,BAL 06
c2_2_CGAGGAATCCATGAGT-1,BAL 05
c2_2_CGAGGAATCTTTCAGT-1,BAL 03
c2_2_CGAGGCTAGCGCTGAA-1,BAL 06
c2_2_CGAGGCTAGCGTATGG-1,BAL 03
c2_2_CGAGGCTAGCGTTAGG-1,BAL 04
c2_2_CGAGGCTAGTCATGCT-1,BAL 05
c2_2_CGAGGCTCACAGTATC-1,BAL 04
c2_2_CGAGGCTCACTTCATT-1,BAL 02
c2_2_CGAGGCTCAGACCTAT-1,BAL 05
c2_2_CGAGGCTGTTCTTCAT-1,BAL 07
c2_2_CGAGGCTGTTTGATCG-1,Multiplet
c2_2_CGAGGCTTCACTACTT-1,BAL 02
c2_2_CGAGGCTTCCATCTAT-1,BAL 05
c2_2_CGAGGCTTCGACATTG-1,BAL 07
c2_2_CGAGGCTTCGCCAATA-1,BAL 05
c2_2_CGAGGCTTCTCAACCC-1,BAL 08
c2_2_CGAGTGCAGACTCAAA-1,BAL 05
c2_2_CGAGTGCAGCAAATCA-1,Multiplet
c2_2_CGAGTGCAGTTCCATG-1,BAL 03
c2_2_CGAGTGCAGTTTGAGA-1,BAL 02
c2_2_CGAGTGCCAACAACAA-1,Multiplet
c2_2_CGAGTGCCAAGCGATG-1,BAL 01
c2_2_CGAGTGCCACAATGCT-1,BAL 02
c2_2_CGAGTGCCACATACGT-1,BAL 03
c2_2_CGAGTGCCAGCCGTTG-1,BAL 03
c2_2_CGAGTGCGTAGTCACT-1,BAL 03
c2_2_CGAGTGCGTCCACACG-1,BAL 05
c2_2_CGAGTGCTCGTCTCAC-1,BAL 04
c2_2_CGAGTGCTCTCGTGAA-1,BAL 07
c2_2_CGAGTTAAGCTGGAGT-1,BAL 03
c2_2_CGAGTTAAGTTAACGA-1,Multiplet
c2_2_CGAGTTACAAGTGGCA-1,Multiplet
c2_2_CGAGTTAGTACCAATC-1,BAL 03
c2_2_CGAGTTATCTGGTCAA-1,BAL 05
c2_2_CGATCGGAGAACAGGA-1,BAL 03
c2_2_CGATCGGAGAAGCGAA-1,BAL 05
c2_2_CGATCGGAGAAGTCCG-1,BAL 06
c2_2_CGATCGGAGAATCGCG-1,BAL 05
c2_2_CGATCGGAGATAGTCA-1,BAL 05
c2_2_CGATCGGAGTAGACAT-1,BAL 05
c2_2_CGATCGGCAATTTCCT-1,Multiplet
c2_2_CGATCGGGTACGTAGG-1,BAL 03
c2_2_CGATCGGGTCCTGGTG-1,BAL 03
c2_2_CGATCGGGTGTACGCC-1,BAL 07
c2_2_CGATCGGTCCGATAGT-1,BAL 03
c2_2_CGATCGGTCCGTTTCG-1,Multiplet
c2_2_CGATCGGTCGGACCAC-1,BAL 05
c2_2_CGATGCGAGATTCGAA-1,BAL 06
c2_2_CGATGCGAGCCGCTTG-1,BAL 07
c2_2_CGATGCGAGGTAGGCT-1,BAL 01
c2_2_CGATGCGCAGAAGTGC-1,BAL 05
c2_2_CGATGCGCATCCGAAT-1,BAL 05
c2_2_CGATGCGGTAGCTTAC-1,BAL 07
c2_2_CGATGCGGTCGGAAAC-1,BAL 03
c2_2_CGATGCGGTTCAAAGA-1,BAL 05
c2_2_CGATGCGTCCGAGGCT-1,BAL 01
c2_2_CGATGGCAGCTCGACC-1,BAL 06
c2_2_CGATGGCAGTATGTAG-1,BAL 04
c2_2_CGATGGCAGTATTGCC-1,BAL 07
c2_2_CGATGGCCAAAGGAGA-1,BAL 05
c2_2_CGATGGCCAAGATCCT-1,BAL 03
c2_2_CGATGGCCACGTCGGT-1,BAL 02
c2_2_CGATGGCCAGCTACTA-1,BAL 03
c2_2_CGATGGCCATCTTAGG-1,BAL 03
c2_2_CGATGGCGTAGACAGC-1,BAL 03
c2_2_CGATGGCGTATGAAAC-1,BAL 03
c2_2_CGATGGCGTCTCACGG-1,BAL 02
c2_2_CGATGGCGTTACAGCT-1,BAL 07
c2_2_CGATGGCGTTGTAGCT-1,BAL 05
c2_2_CGATGGCGTTGTCCCT-1,BAL 07
c2_2_CGATGGCTCCATTCGC-1,BAL 08
c2_2_CGATGGCTCGAGAGAC-1,BAL 02
c2_2_CGATGGCTCGTAATGC-1,BAL 05
c2_2_CGATGGCTCGTTACCC-1,BAL 03
c2_2_CGATGGCTCTGGCCGA-1,Multiplet
c2_2_CGCAGGTAGAAGGGAT-1,Multiplet
c2_2_CGCAGGTAGACCATTC-1,Multiplet
c2_2_CGCAGGTAGCTCTTCC-1,Multiplet
c2_2_CGCAGGTAGGATGTTA-1,BAL 03
c2_2_CGCAGGTAGTGATCGG-1,BAL 08
c2_2_CGCAGGTCACGCGTGT-1,BAL 05
c2_2_CGCAGGTCAGGCTATT-1,Multiplet
c2_2_CGCAGGTCATCGTCCT-1,BAL 08
c2_2_CGCAGGTGTATGAGGC-1,BAL 07
c2_2_CGCAGGTGTGACCTGC-1,BAL 08
c2_2_CGCAGGTGTGGTATGG-1,BAL 08
c2_2_CGCAGGTGTTACGTAC-1,BAL 05
c2_2_CGCAGGTGTTGGACCC-1,BAL 02
c2_2_CGCAGGTTCACCGGTG-1,BAL 02
c2_2_CGCAGGTTCTCTAGGA-1,BAL 08
c2_2_CGCATAAAGTCTAGCT-1,BAL 08
c2_2_CGCATAACATATGCGT-1,BAL 05
c2_2_CGCATAACATTGTACG-1,BAL 01
c2_2_CGCATAATCGGCTCTT-1,Multiplet
c2_2_CGCATAATCTAGACAC-1,Multiplet
c2_2_CGCATGGAGACAACAT-1,BAL 03
c2_2_CGCATGGAGCGCCTTG-1,BAL 04
c2_2_CGCATGGAGGCTCCCA-1,BAL 06
c2_2_CGCATGGGTTAGGGAC-1,BAL 02
c2_2_CGCATGGTCATCGGGC-1,Multiplet
c2_2_CGCATGGTCTGTTCAT-1,BAL 08
c2_2_CGCCAGAAGAATCGAT-1,BAL 07
c2_2_CGCCAGAAGGATACCG-1,BAL 08
c2_2_CGCCAGAAGTCGCCAC-1,BAL 01
c2_2_CGCCAGAAGTGATGGC-1,BAL 07
c2_2_CGCCAGACACTCTAGA-1,BAL 03
c2_2_CGCCAGACACTGGACC-1,BAL 05
c2_2_CGCCAGAGTAGCACAG-1,BAL 03
c2_2_CGCCAGAGTCTATGAC-1,Multiplet
c2_2_CGCCAGAGTCTTACTT-1,BAL 02
c2_2_CGCCAGAGTTTAGAGA-1,Multiplet
c2_2_CGCCAGATCATTACTC-1,BAL 08
c2_2_CGCCATTAGACTCTTG-1,BAL 03
c2_2_CGCCATTAGAGAGCAA-1,BAL 04
c2_2_CGCCATTAGAGCCTGA-1,Multiplet
c2_2_CGCCATTAGCATGCAG-1,BAL 05
c2_2_CGCCATTAGCGGTAAC-1,BAL 02
c2_2_CGCCATTCAAGACTGG-1,Multiplet
c2_2_CGCCATTCAAGAGGCT-1,Multiplet
c2_2_CGCCATTCACGACGTC-1,BAL 05
c2_2_CGCCATTCACGTATAC-1,BAL 02
c2_2_CGCCATTCATAGATGA-1,BAL 05
c2_2_CGCCATTCATTGCTGA-1,BAL 03
c2_2_CGCCATTTCAGCTTGA-1,BAL 03
c2_2_CGCCATTTCATTCGTT-1,Multiplet
c2_2_CGCCATTTCCAACCAA-1,BAL 03
c2_2_CGCCATTTCGAATGCT-1,Multiplet
c2_2_CGCCATTTCTAGCATG-1,BAL 07
c2_2_CGCGTGAAGCACGTCC-1,BAL 03
c2_2_CGCGTGAAGTCGTTAC-1,BAL 04
c2_2_CGCGTGAAGTGAACAT-1,BAL 02
c2_2_CGCGTGAAGTTGTCAC-1,BAL 08
c2_2_CGCGTGACAACCAATC-1,Multiplet
c2_2_CGCGTGACAGATACTC-1,BAL 08
c2_2_CGCGTGACATATCGGT-1,Multiplet
c2_2_CGCGTGAGTCGGAACA-1,BAL 03
c2_2_CGCGTGAGTGATACAA-1,BAL 06
c2_2_CGCGTGAGTGCACGCT-1,BAL 06
c2_2_CGCGTGAGTTAGCTAC-1,BAL 05
c2_2_CGCGTGATCAGTGTCA-1,Multiplet
c2_2_CGCGTGATCCACTGGG-1,BAL 07
c2_2_CGCGTGATCGGTATGT-1,BAL 04
c2_2_CGCGTGATCTAGCATG-1,BAL 03
c2_2_CGCGTGATCTCATGCC-1,BAL 08
c2_2_CGCGTGATCTCTCTAA-1,Multiplet
c2_2_CGGAACCAGAGAGCGG-1,BAL 03
c2_2_CGGAACCAGTCGAAAT-1,BAL 03
c2_2_CGGAACCAGTTGGCGA-1,Multiplet
c2_2_CGGAACCCAATTGTGC-1,BAL 03
c2_2_CGGAACCCACTCCTTG-1,BAL 06
c2_2_CGGAACCCAGGCTATT-1,BAL 01
c2_2_CGGAACCCATCGGCCA-1,BAL 03
c2_2_CGGAACCGTGAGGCAT-1,BAL 02
c2_2_CGGAACCGTGTTAAAG-1,BAL 05
c2_2_CGGAACCGTTCAGTAC-1,BAL 08
c2_2_CGGAACCGTTGACGGA-1,BAL 02
c2_2_CGGAACCTCCCTCTAG-1,BAL 05
c2_2_CGGAACCTCGCACGGT-1,BAL 06
c2_2_CGGAACCTCGTGGAAG-1,BAL 06
c2_2_CGGAATTAGAGTCGAC-1,BAL 08
c2_2_CGGAATTAGATACTGA-1,BAL 08
c2_2_CGGAATTAGCCACTCG-1,Multiplet
c2_2_CGGAATTCAAATCGTC-1,BAL 08
c2_2_CGGAATTCAACTTGGT-1,BAL 02
c2_2_CGGAATTCAATTGAAG-1,BAL 08
c2_2_CGGAATTGTAATGCTC-1,BAL 08
c2_2_CGGAATTGTCCGAAGA-1,Multiplet
c2_2_CGGAATTGTCGGTGTC-1,BAL 04
c2_2_CGGAATTTCCAACCGG-1,BAL 06
c2_2_CGGAATTTCCACGTCT-1,BAL 03
c2_2_CGGACACAGCCGATCC-1,Negative
c2_2_CGGACACCACAAGCCC-1,Multiplet
c2_2_CGGACACCACGGCTAC-1,BAL 08
c2_2_CGGACACCACTTGTGA-1,BAL 05
c2_2_CGGACACCATCTTAGG-1,BAL 08
c2_2_CGGACACGTCTCTCCA-1,BAL 01
c2_2_CGGACACGTCTTCAAG-1,BAL 01
c2_2_CGGACACGTTGTGCAT-1,Multiplet
c2_2_CGGACACTCAGGACGA-1,BAL 08
c2_2_CGGACACTCGCCACTT-1,BAL 01
c2_2_CGGACACTCGTGAGAG-1,Multiplet
c2_2_CGGACACTCGTTCATT-1,BAL 01
c2_2_CGGACACTCTATCGCC-1,BAL 07
c2_2_CGGAGAAAGAGGTATT-1,BAL 03
c2_2_CGGAGAAAGCGCTTCG-1,BAL 06
c2_2_CGGAGAAAGGAGAGGC-1,Multiplet
c2_2_CGGAGAAAGGTAAACT-1,BAL 02
c2_2_CGGAGAACAAACAGGC-1,BAL 05
c2_2_CGGAGAACAAGTCATC-1,BAL 08
c2_2_CGGAGAACAATTGGTC-1,BAL 07
c2_2_CGGAGAAGTCTAGGCC-1,BAL 02
c2_2_CGGAGAAGTTGCCGCA-1,BAL 06
c2_2_CGGAGAATCGATAACC-1,BAL 04
c2_2_CGGCAGTAGACTACGG-1,Multiplet
c2_2_CGGCAGTCACGCGCAT-1,BAL 01
c2_2_CGGCAGTCAGCCATTA-1,BAL 06
c2_2_CGGCAGTGTGGTCCCA-1,BAL 03
c2_2_CGGCAGTGTTAGGACG-1,BAL 03
c2_2_CGGCAGTGTTGGTAGG-1,BAL 06
c2_2_CGGCAGTTCCAACACA-1,Multiplet
c2_2_CGGCAGTTCCGATTAG-1,BAL 03
c2_2_CGGCAGTTCGAACGGA-1,BAL 07
c2_2_CGGCAGTTCGAGCCAC-1,BAL 03
c2_2_CGGCAGTTCGCTGTCT-1,BAL 05
c2_2_CGGCAGTTCGTAGAGG-1,BAL 02
c2_2_CGGCAGTTCTAAACGC-1,Negative
c2_2_CGGCAGTTCTCCTGAC-1,BAL 08
c2_2_CGGGACTCACATACGT-1,BAL 02
c2_2_CGGGACTCACTTGAAC-1,BAL 03
c2_2_CGGGACTCAGTTAGAA-1,Multiplet
c2_2_CGGGACTGTACCTTCC-1,BAL 03
c2_2_CGGGACTGTAGGACCA-1,BAL 03
c2_2_CGGGACTGTCTTACTT-1,BAL 04
c2_2_CGGGACTGTGCGTGCT-1,BAL 01
c2_2_CGGGACTTCATAGGCT-1,BAL 02
c2_2_CGGGACTTCGCTTTAT-1,BAL 07
c2_2_CGGGACTTCTCATTGT-1,BAL 03
c2_2_CGGGCATAGGGTTAGC-1,BAL 03
c2_2_CGGGCATAGTAGACCG-1,BAL 01
c2_2_CGGGCATCAATAACGA-1,BAL 05
c2_2_CGGGCATCACAAAGCG-1,BAL 03
c2_2_CGGGCATCACGCAGTC-1,Multiplet
c2_2_CGGGCATCAGTGGCTC-1,BAL 05
c2_2_CGGGCATCATCGTGGC-1,BAL 06
c2_2_CGGGCATGTAGAAACT-1,Multiplet
c2_2_CGGGCATGTAGTGGCA-1,BAL 07
c2_2_CGGGCATGTATGCTAC-1,BAL 08
c2_2_CGGGCATGTGAGAACC-1,Multiplet
c2_2_CGGGCATGTTGATCGT-1,BAL 02
c2_2_CGGGCATGTTGTCAGT-1,Multiplet
c2_2_CGGGCATTCACCGACG-1,Negative
c2_2_CGGGCATTCACGTCCT-1,Multiplet
c2_2_CGGGCATTCATCTATC-1,BAL 03
c2_2_CGGGCATTCGACCCAG-1,Multiplet
c2_2_CGGGCATTCGCTGCGA-1,BAL 06
c2_2_CGGGTCAAGCACGTCC-1,BAL 07
c2_2_CGGGTCAAGCGACTAG-1,BAL 01
c2_2_CGGGTCAAGGACTATA-1,BAL 02
c2_2_CGGGTCAAGTTGGACG-1,Multiplet
c2_2_CGGGTCACACAGACGA-1,BAL 07
c2_2_CGGGTCAGTTGCCGCA-1,BAL 03
c2_2_CGGGTCATCCGAAATC-1,Multiplet
c2_2_CGGGTCATCGCAGATT-1,BAL 03
c2_2_CGGGTGTAGAACTGAT-1,BAL 01
c2_2_CGGGTGTAGGGAGTTC-1,BAL 03
c2_2_CGGGTGTAGGGCGAAG-1,Multiplet
c2_2_CGGGTGTAGGGTCTTT-1,Multiplet
c2_2_CGGGTGTAGTATAGAC-1,BAL 03
c2_2_CGGGTGTCAAATTGCC-1,BAL 04
c2_2_CGGGTGTCAAGTATCC-1,BAL 03
c2_2_CGGGTGTCAATTGAGA-1,BAL 03
c2_2_CGGGTGTCACGTGAGA-1,Negative
c2_2_CGGGTGTCAGCGTAGA-1,BAL 02
c2_2_CGGGTGTCATCGCTAA-1,Multiplet
c2_2_CGGGTGTGTACAACGG-1,BAL 05
c2_2_CGGGTGTGTACTCCGG-1,BAL 01
c2_2_CGGGTGTGTCTTGCGG-1,BAL 03
c2_2_CGGGTGTTCAGTGATC-1,Multiplet
c2_2_CGGGTGTTCATTACTC-1,Multiplet
c2_2_CGGGTGTTCTATGCCC-1,BAL 06
c2_2_CGGGTGTTCTCGACGG-1,BAL 08
c2_2_CGGGTGTTCTTGGATG-1,Multiplet
c2_2_CGGTCAGAGACCAGAC-1,BAL 03
c2_2_CGGTCAGAGCAGCCCT-1,BAL 03
c2_2_CGGTCAGAGCTAGAGC-1,BAL 05
c2_2_CGGTCAGAGGTGCGAT-1,Multiplet
c2_2_CGGTCAGAGTCGTTAC-1,BAL 08
c2_2_CGGTCAGAGTTTCTTC-1,BAL 08
c2_2_CGGTCAGCAAGCAATA-1,BAL 05
c2_2_CGGTCAGGTCCCTCAT-1,BAL 06
c2_2_CGGTCAGTCACCCTCA-1,BAL 05
c2_2_CGGTCAGTCCGTGCGA-1,Multiplet
c2_2_CGGTCAGTCGAGAATA-1,BAL 03
c2_2_CGGTCAGTCGTGCATA-1,BAL 07
c2_2_CGGTCAGTCTAACGCA-1,BAL 08
c2_2_CGTAAGTAGAATCTAG-1,BAL 07
c2_2_CGTAAGTAGAGTTGAT-1,Multiplet
c2_2_CGTAAGTAGCAAGTGC-1,BAL 03
c2_2_CGTAAGTAGCGGCTCT-1,BAL 02
c2_2_CGTAAGTAGGTATAGT-1,BAL 03
c2_2_CGTAAGTAGTATAGAC-1,BAL 07
c2_2_CGTAAGTCACATCATG-1,BAL 02
c2_2_CGTAAGTCATCCGGTG-1,BAL 06
c2_2_CGTAAGTTCATCTACT-1,BAL 08
c2_2_CGTAAGTTCCTCTAGC-1,BAL 07
c2_2_CGTAAGTTCTACCACC-1,BAL 03
c2_2_CGTAATGAGTCAGGGT-1,BAL 05
c2_2_CGTAATGAGTTTCGAC-1,BAL 03
c2_2_CGTAATGCAACCAATC-1,BAL 05
c2_2_CGTAATGCAATCTCGA-1,BAL 05
c2_2_CGTAATGCAGGCGATA-1,BAL 07
c2_2_CGTAATGCATTCTCCG-1,BAL 01
c2_2_CGTAATGCATTCTGTT-1,BAL 01
c2_2_CGTAATGGTACTTGTG-1,Multiplet
c2_2_CGTAATGGTATGCGGA-1,BAL 05
c2_2_CGTAATGTCACGGGCT-1,BAL 01
c2_2_CGTAATGTCATCACTT-1,BAL 02
c2_2_CGTAATGTCATTTGTC-1,BAL 06
c2_2_CGTAATGTCGACCATA-1,BAL 08
c2_2_CGTAATGTCTGTCGTC-1,BAL 02
c2_2_CGTAGTACAAATCAAG-1,BAL 03
c2_2_CGTAGTACAAGACGAC-1,BAL 02
c2_2_CGTAGTACACTGCGAC-1,BAL 08
c2_2_CGTAGTACAGGAATCG-1,BAL 05
c2_2_CGTAGTAGTACCCAGC-1,BAL 07
c2_2_CGTAGTAGTAGTTACC-1,BAL 06
c2_2_CGTAGTAGTATGCTAC-1,Multiplet
c2_2_CGTAGTAGTTTCGACA-1,BAL 03
c2_2_CGTAGTAGTTTGTTGG-1,BAL 06
c2_2_CGTAGTATCAAGCCCG-1,BAL 02
c2_2_CGTAGTATCAATGCAC-1,Multiplet
c2_2_CGTAGTATCATTGCGA-1,BAL 08
c2_2_CGTAGTATCCAGGACC-1,BAL 07
c2_2_CGTAGTATCCCTCTCC-1,BAL 04
c2_2_CGTAGTATCCTTCACG-1,BAL 01
c2_2_CGTAGTATCTTGTGCC-1,BAL 02
c2_2_CGTCAAAAGCATCAAA-1,Multiplet
c2_2_CGTCAAAAGCCAGAGT-1,Multiplet
c2_2_CGTCAAAAGCCTGGAA-1,BAL 07
c2_2_CGTCAAAAGCTCTGTA-1,BAL 05
c2_2_CGTCAAAAGGCTTAAA-1,BAL 06
c2_2_CGTCAAAAGTTTGAGA-1,BAL 06
c2_2_CGTCAAACAAGAGATT-1,BAL 01
c2_2_CGTCAAACAGATTTCG-1,BAL 04
c2_2_CGTCAAACAGTACTAC-1,BAL 01
c2_2_CGTCAAACAGTCAGCC-1,BAL 01
c2_2_CGTCAAACATCAGCTA-1,BAL 01
c2_2_CGTCAAAGTATTTCGG-1,BAL 08
c2_2_CGTCAAAGTGGCACTC-1,BAL 02
c2_2_CGTCAAAGTTCCTAAG-1,BAL 02
c2_2_CGTCAAAGTTGTGGCC-1,BAL 05
c2_2_CGTCAAATCAAATAGG-1,BAL 07
c2_2_CGTCAAATCATCGCCT-1,BAL 02
c2_2_CGTCAAATCCAGTACA-1,Multiplet
c2_2_CGTCAAATCGAACTCA-1,BAL 08
c2_2_CGTCAAATCTGGAAGG-1,Multiplet
c2_2_CGTCCATAGACCCTTA-1,Multiplet
c2_2_CGTCCATAGAGCATTA-1,BAL 03
c2_2_CGTCCATAGCGTTAGG-1,Multiplet
c2_2_CGTCCATAGCTAATCC-1,BAL 03
c2_2_CGTCCATCAATCTCTT-1,BAL 08
c2_2_CGTCCATCACCAATTG-1,BAL 03
c2_2_CGTCCATCAGCTCCTT-1,BAL 08
c2_2_CGTCCATCATGTAACC-1,BAL 02
c2_2_CGTCCATGTTAGGCCC-1,BAL 07
c2_2_CGTCCATTCAGACATC-1,Multiplet
c2_2_CGTCCATTCATTGAGC-1,Multiplet
c2_2_CGTCCATTCCGAGCTG-1,BAL 01
c2_2_CGTCCATTCTAGTTCT-1,Multiplet
c2_2_CGTCCATTCTTACTGT-1,BAL 08
c2_2_CGTGAATAGCTAATGA-1,BAL 03
c2_2_CGTGAATAGGACAAGA-1,BAL 06
c2_2_CGTGAATAGGACGGAG-1,BAL 02
c2_2_CGTGAATAGGGAGATA-1,BAL 05
c2_2_CGTGAATAGGTTGACG-1,BAL 03
c2_2_CGTGAATAGTTCATGC-1,BAL 01
c2_2_CGTGAATCACGACGTC-1,BAL 05
c2_2_CGTGAATGTACCCACG-1,BAL 01
c2_2_CGTGAATGTAGGAGTC-1,BAL 08
c2_2_CGTGAATGTATGGTAA-1,BAL 04
c2_2_CGTGAATGTCTAATCG-1,BAL 07
c2_2_CGTGAATGTGAGTAGC-1,BAL 03
c2_2_CGTGAATTCAAATGCC-1,BAL 03
c2_2_CGTGAATTCACGGGCT-1,BAL 02
c2_2_CGTGAATTCATTGTGG-1,BAL 03
c2_2_CGTGATAAGGGCCCTT-1,BAL 02
c2_2_CGTGATACAAGCACCC-1,Multiplet
c2_2_CGTGATACACGTCATA-1,BAL 08
c2_2_CGTGATACATTGGCAT-1,BAL 05
c2_2_CGTGATAGTCGCATTA-1,Multiplet
c2_2_CGTGATATCAATCTTC-1,BAL 06
c2_2_CGTGATATCCTCTCTT-1,BAL 08
c2_2_CGTGATATCGCTGACG-1,BAL 08
c2_2_CGTGATATCGTGGCGT-1,BAL 03
c2_2_CGTGCTTAGAAACTGT-1,BAL 03
c2_2_CGTGCTTAGAATAGTC-1,Multiplet
c2_2_CGTGCTTAGAATCGTA-1,BAL 06
c2_2_CGTGCTTAGCTGAGTG-1,Multiplet
c2_2_CGTGCTTAGGAATCGC-1,BAL 06
c2_2_CGTGCTTAGTACTCGT-1,BAL 07
c2_2_CGTGCTTAGTCTAGAA-1,BAL 08
c2_2_CGTGCTTCAAGCTGTT-1,BAL 01
c2_2_CGTGCTTCACAGCATT-1,BAL 03
c2_2_CGTGCTTGTCCAATCA-1,BAL 01
c2_2_CGTGCTTTCACCACAA-1,BAL 05
c2_2_CGTGTCTAGCAATTCC-1,BAL 07
c2_2_CGTGTCTAGCCGTAAG-1,BAL 07
c2_2_CGTGTCTCAACAGTGG-1,BAL 06
c2_2_CGTGTCTCATGCAGCC-1,BAL 02
c2_2_CGTGTCTGTGACAGGT-1,BAL 07
c2_2_CGTGTCTTCATGCCAA-1,BAL 02
c2_2_CGTGTCTTCCAGCTCT-1,BAL 04
c2_2_CGTGTCTTCCCTCGTA-1,Multiplet
c2_2_CGTGTCTTCCTCACGT-1,BAL 03
c2_2_CGTGTCTTCGAAGGAC-1,Multiplet
c2_2_CGTTAGAAGCATGTTC-1,BAL 08
c2_2_CGTTAGAAGGAGAGTA-1,BAL 03
c2_2_CGTTAGAAGTATTCCG-1,BAL 08
c2_2_CGTTAGAAGTCGAATA-1,BAL 05
c2_2_CGTTAGAAGTTCTCTT-1,BAL 08
c2_2_CGTTAGAAGTTGGACG-1,BAL 03
c2_2_CGTTAGACAAATTGCC-1,BAL 08
c2_2_CGTTAGACAACGTTAC-1,BAL 04
c2_2_CGTTAGACACACGGAA-1,BAL 03
c2_2_CGTTAGACACCGCTAG-1,BAL 07
c2_2_CGTTAGACATTGACTG-1,BAL 08
c2_2_CGTTAGAGTAGGACTG-1,BAL 03
c2_2_CGTTAGAGTCGAACGA-1,BAL 03
c2_2_CGTTAGATCCAACCGG-1,BAL 07
c2_2_CGTTAGATCGTGGTAT-1,Multiplet
c2_2_CGTTCTGCAACCGCCA-1,Multiplet
c2_2_CGTTCTGCAACTTGGT-1,BAL 03
c2_2_CGTTCTGCACATATGC-1,BAL 02
c2_2_CGTTCTGCACTCCGAG-1,BAL 02
c2_2_CGTTCTGCAGCGTAGA-1,BAL 05
c2_2_CGTTCTGCAGCTGTTA-1,BAL 05
c2_2_CGTTCTGGTAACTAAG-1,BAL 06
c2_2_CGTTCTGGTACGATGG-1,Multiplet
c2_2_CGTTCTGGTACTTCCC-1,BAL 05
c2_2_CGTTCTGGTAGCTGTT-1,Multiplet
c2_2_CGTTCTGGTTAGAGAT-1,Multiplet
c2_2_CGTTCTGGTTCGGCCA-1,BAL 04
c2_2_CGTTCTGTCCATCACC-1,Multiplet
c2_2_CGTTCTGTCTCTCTTC-1,BAL 07
c2_2_CGTTGGGAGCATGCGA-1,BAL 03
c2_2_CGTTGGGAGGAAAGTG-1,BAL 05
c2_2_CGTTGGGAGGCCGCTT-1,BAL 08
c2_2_CGTTGGGCAAACTAAG-1,BAL 06
c2_2_CGTTGGGCAACTCATG-1,Multiplet
c2_2_CGTTGGGCACAAGGTG-1,BAL 08
c2_2_CGTTGGGCAGAGCGTA-1,BAL 08
c2_2_CGTTGGGCATCCGGTG-1,Multiplet
c2_2_CGTTGGGGTATACCCA-1,Multiplet
c2_2_CGTTGGGGTCTAACTG-1,Multiplet
c2_2_CGTTGGGGTTACCTGA-1,BAL 07
c2_2_CGTTGGGGTTGTGGAG-1,BAL 08
c2_2_CGTTGGGTCATGGGAG-1,BAL 06
c2_2_CGTTGGGTCCAAACCA-1,BAL 06
c2_2_CGTTGGGTCCGAAGGA-1,BAL 07
c2_2_CGTTGGGTCCGGTAGC-1,Multiplet
c2_2_CTAACCCAGGAGCAAA-1,BAL 02
c2_2_CTAACCCCAAGCGCAA-1,Multiplet
c2_2_CTAACCCCAAGTATAG-1,BAL 08
c2_2_CTAACCCCACCCAAGC-1,BAL 04
c2_2_CTAACCCCACTGGCCA-1,BAL 08
c2_2_CTAACCCCAGGCTCTG-1,BAL 08
c2_2_CTAACCCCAGGTCCGT-1,BAL 04
c2_2_CTAACCCGTCTCCTGT-1,BAL 01
c2_2_CTAACCCGTGAATAAC-1,BAL 06
c2_2_CTAACCCTCCGACAGC-1,BAL 02
c2_2_CTAACCCTCTGAACGT-1,BAL 01
c2_2_CTAACTTAGACCATTC-1,Multiplet
c2_2_CTAACTTAGAGAACCC-1,Multiplet
c2_2_CTAACTTAGAGGGTAA-1,BAL 03
c2_2_CTAACTTCAAACTGCT-1,BAL 04
c2_2_CTAACTTCATTCCTAT-1,BAL 08
c2_2_CTAACTTGTGCCCTTT-1,Multiplet
c2_2_CTAACTTGTGGTTTAC-1,BAL 03
c2_2_CTAACTTGTGTTGCCG-1,Multiplet
c2_2_CTAACTTTCAACCTTT-1,BAL 02
c2_2_CTAACTTTCCGCTTAC-1,BAL 07
c2_2_CTAACTTTCGGTAACT-1,Negative
c2_2_CTAACTTTCGTCAGAT-1,BAL 05
c2_2_CTAAGTGAGCATACTC-1,BAL 02
c2_2_CTAAGTGCAACTTGGT-1,BAL 03
c2_2_CTAAGTGCAATCTGCA-1,Multiplet
c2_2_CTAAGTGCACCTGCAG-1,Negative
c2_2_CTAAGTGCAGCAGTAG-1,BAL 07
c2_2_CTAAGTGCATGATCTG-1,BAL 04
c2_2_CTAAGTGGTACTCGAT-1,BAL 07
c2_2_CTAAGTGGTCCTGTCT-1,BAL 03
c2_2_CTAAGTGGTGTCCTAA-1,Multiplet
c2_2_CTAAGTGGTTCTCCCA-1,BAL 06
c2_2_CTAAGTGTCTCACGAA-1,BAL 04
c2_2_CTAAGTGTCTGGGTCG-1,BAL 08
c2_2_CTACAGAAGATGGGCT-1,BAL 01
c2_2_CTACAGAAGGCGTTGA-1,BAL 02
c2_2_CTACAGAAGGTCGACA-1,BAL 06
c2_2_CTACAGACAACCGGAA-1,BAL 03
c2_2_CTACAGACAAGATGGC-1,Multiplet
c2_2_CTACAGACACCCTGAG-1,Multiplet
c2_2_CTACAGACACTTGTGA-1,BAL 04
c2_2_CTACAGACAGAACTCT-1,BAL 05
c2_2_CTACAGAGTAGTCGTT-1,Multiplet
c2_2_CTACAGAGTGAGAACC-1,Multiplet
c2_2_CTACAGAGTGGCGTAA-1,BAL 04
c2_2_CTACAGAGTGTAGTGG-1,BAL 06
c2_2_CTACAGAGTTACAGCT-1,Multiplet
c2_2_CTACAGATCACCCATC-1,BAL 07
c2_2_CTACAGATCCTGGGTG-1,BAL 03
c2_2_CTACAGATCGCTGTCT-1,BAL 02
c2_2_CTACAGATCTCCCTAG-1,BAL 08
c2_2_CTACAGATCTGATGGT-1,Multiplet
c2_2_CTACAGATCTTCTCAA-1,BAL 01
c2_2_CTACATTAGGATATAC-1,BAL 04
c2_2_CTACATTCATTGGATC-1,Multiplet
c2_2_CTACATTGTAGGCAAC-1,BAL 08
c2_2_CTACATTGTATCACCA-1,Multiplet
c2_2_CTACATTGTCTAGTGT-1,BAL 07
c2_2_CTACATTTCCCATTCG-1,Multiplet
c2_2_CTACATTTCCTTGAAG-1,BAL 01
c2_2_CTACCCAAGAGAGTGA-1,BAL 05
c2_2_CTACCCAAGAGCCGTA-1,BAL 07
c2_2_CTACCCAAGCTAAATG-1,BAL 08
c2_2_CTACCCAAGGAAAGTG-1,BAL 03
c2_2_CTACCCAAGGAACGAA-1,Multiplet
c2_2_CTACCCAAGGCTAGCA-1,Multiplet
c2_2_CTACCCAAGGTCGACA-1,BAL 01
c2_2_CTACCCAAGTTGTCGT-1,Multiplet
c2_2_CTACCCACACCGGTCA-1,Multiplet
c2_2_CTACCCAGTCAAGGCA-1,BAL 05
c2_2_CTACCCAGTCACTTCC-1,Multiplet
c2_2_CTACCCAGTGGCTGCT-1,BAL 05
c2_2_CTACCCAGTGTGCTTA-1,BAL 03
c2_2_CTACCCAGTGTTCCTC-1,BAL 01
c2_2_CTACCCAGTTCAACGT-1,BAL 08
c2_2_CTACCCAGTTCAAGGG-1,BAL 05
c2_2_CTACCCAGTTCAGCTA-1,BAL 03
c2_2_CTACCCATCAAGCTGT-1,Negative
c2_2_CTACCCATCGTTCTCG-1,BAL 02
c2_2_CTACCTGAGACTTAAG-1,BAL 05
c2_2_CTACCTGAGAGCCGAT-1,BAL 07
c2_2_CTACCTGAGATTGATG-1,BAL 02
c2_2_CTACCTGAGGTACAAT-1,BAL 03
c2_2_CTACCTGAGTCTGTAC-1,BAL 04
c2_2_CTACCTGCACCCTAGG-1,BAL 05
c2_2_CTACCTGCAGCATACT-1,BAL 01
c2_2_CTACCTGCATCGAGCC-1,BAL 04
c2_2_CTACCTGGTGTAGTGG-1,BAL 05
c2_2_CTACCTGGTTCCGCGA-1,Multiplet
c2_2_CTACCTGGTTGTCAGT-1,BAL 03
c2_2_CTACCTGTCACCCTCA-1,BAL 07
c2_2_CTACCTGTCGAAGCCC-1,Multiplet
c2_2_CTACCTGTCGGTCGAC-1,BAL 03
c2_2_CTACCTGTCGTTCATT-1,BAL 02
c2_2_CTACCTGTCTAGGCAT-1,BAL 03
c2_2_CTACCTGTCTCATTTG-1,BAL 04
c2_2_CTACCTGTCTCGGCTT-1,BAL 02
c2_2_CTACGGGAGCGTTACT-1,Multiplet
c2_2_CTACGGGCACCCTGTT-1,BAL 04
c2_2_CTACGGGCAGAAGCGT-1,BAL 03
c2_2_CTACGGGCATGGTACT-1,Multiplet
c2_2_CTACGGGCATTGAGGG-1,Multiplet
c2_2_CTACGGGGTTCAGTAC-1,Multiplet
c2_2_CTACGGGGTTGGGTTT-1,BAL 05
c2_2_CTACGGGTCCGCTGTT-1,Multiplet
c2_2_CTACTATAGACCACGA-1,BAL 08
c2_2_CTACTATAGCCAAGCA-1,Multiplet
c2_2_CTACTATCAACCAACT-1,BAL 05
c2_2_CTACTATCATCCCACT-1,Multiplet
c2_2_CTACTATCATGACTGT-1,BAL 07
c2_2_CTACTATGTCGTTGGC-1,BAL 05
c2_2_CTACTATGTTAATCGC-1,Multiplet
c2_2_CTACTATTCAACGTGT-1,BAL 07
c2_2_CTACTATTCATGGGAG-1,BAL 07
c2_2_CTACTATTCCAGTGTA-1,Multiplet
c2_2_CTACTATTCCGAGGCT-1,BAL 07
c2_2_CTACTATTCCTAGCCT-1,BAL 03
c2_2_CTACTATTCGATACAC-1,BAL 02
c2_2_CTAGACAAGACATAAC-1,BAL 01
c2_2_CTAGACAAGGCATCTT-1,Multiplet
c2_2_CTAGACAAGTCTGGAG-1,BAL 03
c2_2_CTAGACACAATGAAAC-1,BAL 07
c2_2_CTAGACACACTCTAGA-1,BAL 08
c2_2_CTAGACACACTGAGTT-1,Multiplet
c2_2_CTAGACACAGAAGTTA-1,BAL 08
c2_2_CTAGACACAGCGACAA-1,BAL 04
c2_2_CTAGACAGTAACCCGC-1,Multiplet
c2_2_CTAGACAGTACCTAGT-1,BAL 08
c2_2_CTAGACAGTTGTCATG-1,BAL 04
c2_2_CTAGACATCGCCGATG-1,Multiplet
c2_2_CTAGGTAAGACTTCGT-1,BAL 03
c2_2_CTAGGTAAGCTACTAC-1,BAL 03
c2_2_CTAGGTAAGCTGTTCA-1,Multiplet
c2_2_CTAGGTAAGTCGGCAA-1,Multiplet
c2_2_CTAGGTAAGTTGCTCA-1,BAL 05
c2_2_CTAGGTACAGCGTAGA-1,Multiplet
c2_2_CTAGGTAGTTATGTCG-1,Multiplet
c2_2_CTAGGTAGTTTGTTCT-1,Negative
c2_2_CTAGGTATCGCCCAGA-1,BAL 07
c2_2_CTAGGTATCGTAATGC-1,BAL 07
c2_2_CTATAGGAGCAGGTCA-1,BAL 03
c2_2_CTATAGGAGTAGAGTT-1,Multiplet
c2_2_CTATAGGCAATGTTGC-1,BAL 03
c2_2_CTATAGGCACCCTTAC-1,BAL 04
c2_2_CTATAGGCAGAAGCTG-1,BAL 07
c2_2_CTATAGGTCCATCAGA-1,BAL 07
c2_2_CTATAGGTCGATGGAG-1,BAL 06
c2_2_CTATCCGCACATATGC-1,BAL 03
c2_2_CTATCCGCACCGGCTA-1,BAL 04
c2_2_CTATCCGCACGAAAGC-1,Negative
c2_2_CTATCCGCAGCGTTGC-1,BAL 03
c2_2_CTATCCGCAGCTGAGA-1,BAL 06
c2_2_CTATCCGCAGGCCCTA-1,BAL 05
c2_2_CTATCCGCATCATTGG-1,BAL 07
c2_2_CTATCCGCATTGTACG-1,BAL 03
c2_2_CTATCCGGTCATGCAT-1,BAL 02
c2_2_CTATCTAAGACAACAT-1,BAL 04
c2_2_CTATCTAAGACTCAAA-1,BAL 07
c2_2_CTATCTAAGAGTCTTC-1,Multiplet
c2_2_CTATCTAAGGGTGAAA-1,Multiplet
c2_2_CTATCTAAGGTTGCCC-1,BAL 05
c2_2_CTATCTACAAACTGCT-1,BAL 03
c2_2_CTATCTACACCCTAAA-1,BAL 07
c2_2_CTATCTACACCTGATA-1,BAL 05
c2_2_CTATCTACAGAAGCTG-1,BAL 06
c2_2_CTATCTACATAACTCG-1,Multiplet
c2_2_CTATCTAGTACCTAAC-1,BAL 01
c2_2_CTATCTAGTCAGGCAA-1,BAL 05
c2_2_CTATCTAGTCGGTGAA-1,BAL 05
c2_2_CTATCTAGTGTTCATG-1,BAL 06
c2_2_CTATCTAGTTCCCAAA-1,Negative
c2_2_CTATCTATCGAATCCA-1,BAL 03
c2_2_CTATCTATCGGTTAGT-1,BAL 04
c2_2_CTATCTATCGTGGGAA-1,BAL 02
c2_2_CTATCTATCTCATTGT-1,BAL 05
c2_2_CTCAACCAGCCGATTT-1,BAL 08
c2_2_CTCAACCAGCCTTGAT-1,BAL 01
c2_2_CTCAACCAGCTAGAGC-1,BAL 07
c2_2_CTCAACCAGTAGGAAG-1,BAL 06
c2_2_CTCAACCCAAGACCTT-1,BAL 07
c2_2_CTCAACCCACAAGGTG-1,Multiplet
c2_2_CTCAACCCATAGACTC-1,BAL 05
c2_2_CTCAACCCATGACAGG-1,BAL 05
c2_2_CTCAACCCATGTTCGA-1,BAL 01
c2_2_CTCAACCGTACCGGAA-1,BAL 05
c2_2_CTCAACCGTCGAACGA-1,BAL 05
c2_2_CTCAACCGTCGGTACC-1,BAL 02
c2_2_CTCAACCGTGAATTGA-1,Multiplet
c2_2_CTCAACCGTTCGAAGG-1,Multiplet
c2_2_CTCAACCTCATGCATG-1,BAL 03
c2_2_CTCAACCTCGCGTAGC-1,BAL 03
c2_2_CTCAACCTCGTTCTAT-1,BAL 08
c2_2_CTCAAGAAGAAAGTCT-1,BAL 03
c2_2_CTCAAGAAGACGTCCC-1,BAL 04
c2_2_CTCAAGAAGATAACAC-1,BAL 03
c2_2_CTCAAGAAGATACGAT-1,BAL 07
c2_2_CTCAAGAAGATGAAGG-1,BAL 08
c2_2_CTCAAGAAGCAGAAAG-1,BAL 06
c2_2_CTCAAGAAGCTTCATG-1,Multiplet
c2_2_CTCAAGAAGTGTCATC-1,BAL 03
c2_2_CTCAAGAAGTTCCATG-1,BAL 04
c2_2_CTCAAGACAATGAGCG-1,BAL 02
c2_2_CTCAAGAGTTGCGAAG-1,BAL 07
c2_2_CTCAAGAGTTTCACAG-1,BAL 05
c2_2_CTCAAGAGTTTGGGAG-1,BAL 06
c2_2_CTCAAGATCCTGTAGA-1,BAL 07
c2_2_CTCAAGATCTCTGCCA-1,BAL 08
c2_2_CTCAAGATCTTCTGTA-1,Multiplet
c2_2_CTCAATTAGAGTCGAC-1,BAL 03
c2_2_CTCAATTAGATAACGT-1,Multiplet
c2_2_CTCAATTAGGACAAGA-1,BAL 01
c2_2_CTCAATTAGGCTCAAG-1,Multiplet
c2_2_CTCAATTCAAGACAAT-1,BAL 05
c2_2_CTCAATTCAATGAGCG-1,BAL 04
c2_2_CTCAATTCACAGTCAT-1,BAL 05
c2_2_CTCAATTCAGCGGTCT-1,BAL 06
c2_2_CTCAATTGTATAGGGC-1,Multiplet
c2_2_CTCAATTGTCAGACGA-1,Multiplet
c2_2_CTCAATTGTCGAAACG-1,BAL 08
c2_2_CTCAATTGTGAAGCTG-1,BAL 03
c2_2_CTCAATTGTGTCACAT-1,BAL 06
c2_2_CTCAATTGTTCGAAGG-1,BAL 04
c2_2_CTCAATTGTTTACACG-1,Multiplet
c2_2_CTCAATTTCCAGCACG-1,BAL 02
c2_2_CTCAATTTCCGCTTAC-1,BAL 07
c2_2_CTCAATTTCCGTACGG-1,BAL 05
c2_2_CTCAATTTCTAGGCCG-1,Multiplet
c2_2_CTCAATTTCTCTGCTG-1,BAL 03
c2_2_CTCACTGAGACCTGGA-1,BAL 01
c2_2_CTCACTGAGCCTTTCC-1,BAL 06
c2_2_CTCACTGAGCTGTCCG-1,Multiplet
c2_2_CTCACTGAGGTATAGT-1,BAL 02
c2_2_CTCACTGCACTTGAAC-1,Multiplet
c2_2_CTCACTGCAGACCTAT-1,BAL 03
c2_2_CTCACTGGTGTACATC-1,Multiplet
c2_2_CTCACTGTCAGTCACA-1,Multiplet
c2_2_CTCACTGTCATGACAC-1,BAL 01
c2_2_CTCACTGTCATGGTAC-1,BAL 03
c2_2_CTCACTGTCCTATTTG-1,BAL 02
c2_2_CTCACTGTCTCGCTTG-1,BAL 07
c2_2_CTCACTGTCTCGGTAA-1,Multiplet
c2_2_CTCACTGTCTGAGGCC-1,Negative
c2_2_CTCAGAAAGCCTCATA-1,BAL 03
c2_2_CTCAGAAAGGAAAGAC-1,Multiplet
c2_2_CTCAGAAAGGTCGTAG-1,BAL 02
c2_2_CTCAGAACAAATAGCA-1,Multiplet
c2_2_CTCAGAACACAGCATT-1,BAL 05
c2_2_CTCAGAACACCAGGTC-1,BAL 08
c2_2_CTCAGAACAGTAACGG-1,BAL 07
c2_2_CTCAGAACATCATCTT-1,BAL 03
c2_2_CTCAGAACATCCTAAG-1,BAL 08
c2_2_CTCAGAAGTACTCGAT-1,BAL 05
c2_2_CTCAGAAGTTCTATCT-1,BAL 01
c2_2_CTCAGAATCCATGCAA-1,BAL 04
c2_2_CTCAGGGAGAAGCTCG-1,BAL 08
c2_2_CTCAGGGAGAGGGTCT-1,Multiplet
c2_2_CTCAGGGAGGAAAGTG-1,BAL 03
c2_2_CTCAGGGAGGATTTCC-1,Multiplet
c2_2_CTCAGGGAGGCAGGTT-1,BAL 03
c2_2_CTCAGGGAGGTAGATT-1,BAL 04
c2_2_CTCAGGGAGTGAGGCT-1,BAL 08
c2_2_CTCAGGGAGTGGCAGT-1,Multiplet
c2_2_CTCAGGGAGTTGTCAC-1,BAL 07
c2_2_CTCAGGGCACAGTCCG-1,Multiplet
c2_2_CTCAGGGCAGACGATG-1,BAL 03
c2_2_CTCAGGGCATGAAAGT-1,Multiplet
c2_2_CTCAGGGCATTGGGAG-1,BAL 01
c2_2_CTCAGGGGTTGCATTG-1,BAL 04
c2_2_CTCAGGGGTTTCGTAG-1,BAL 05
c2_2_CTCAGGGTCAAGTTGC-1,BAL 02
c2_2_CTCAGGGTCGAGTACT-1,BAL 03
c2_2_CTCAGGGTCTCGTCGT-1,BAL 07
c2_2_CTCAGTCAGCCAAGTG-1,BAL 03
c2_2_CTCAGTCAGCTCCATA-1,BAL 05
c2_2_CTCAGTCAGGTACCTT-1,Multiplet
c2_2_CTCAGTCCAAATCGTC-1,BAL 04
c2_2_CTCAGTCCAACAACAA-1,BAL 02
c2_2_CTCAGTCCAGATTAAG-1,BAL 06
c2_2_CTCAGTCGTATTCTCT-1,BAL 04
c2_2_CTCAGTCGTATTTCCT-1,BAL 05
c2_2_CTCAGTCGTCCGGACT-1,Multiplet
c2_2_CTCAGTCGTGCTCTTC-1,BAL 07
c2_2_CTCAGTCGTGTTCCTC-1,BAL 05
c2_2_CTCAGTCTCCACCTCA-1,BAL 01
c2_2_CTCAGTCTCGTCTAAG-1,BAL 07
c2_2_CTCAGTCTCTTACGTT-1,BAL 07
c2_2_CTCATCGAGCCTGAAG-1,BAL 06
c2_2_CTCATCGCACATACGT-1,BAL 02
c2_2_CTCATCGCACTTGAAC-1,BAL 03
c2_2_CTCATCGGTATACGGG-1,BAL 04
c2_2_CTCATCGGTATTTCGG-1,BAL 08
c2_2_CTCATCGGTTCCGCGA-1,BAL 05
c2_2_CTCATCGGTTCGGTTA-1,BAL 05
c2_2_CTCATCGGTTCTCTCG-1,BAL 07
c2_2_CTCATCGGTTGTCATG-1,BAL 03
c2_2_CTCATCGTCATCGCTC-1,Multiplet
c2_2_CTCATCGTCCGGACTG-1,BAL 08
c2_2_CTCATCGTCGGCAGTC-1,BAL 04
c2_2_CTCATCGTCTGTCGCT-1,BAL 03
c2_2_CTCATGCAGGGACCAT-1,BAL 02
c2_2_CTCATGCAGTCCTGTA-1,Multiplet
c2_2_CTCATGCCAAACACGG-1,BAL 07
c2_2_CTCATGCCAAATGGTA-1,BAL 06
c2_2_CTCATGCCACGTATAC-1,Multiplet
c2_2_CTCATGCCAGCAGGAT-1,BAL 07
c2_2_CTCATGCGTACTAGCT-1,BAL 05
c2_2_CTCATGCGTGACTCGC-1,BAL 07
c2_2_CTCATGCGTGTATTGC-1,BAL 06
c2_2_CTCATGCTCAATCTTC-1,BAL 08
c2_2_CTCATGCTCAGAGTGG-1,BAL 08
c2_2_CTCATGCTCGGACTGC-1,BAL 01
c2_2_CTCATGCTCTAGCAAC-1,BAL 04
c2_2_CTCATGCTCTATTCGT-1,Multiplet
c2_2_CTCATTAAGCGACAGT-1,BAL 04
c2_2_CTCATTAAGGAACGTC-1,BAL 05
c2_2_CTCATTAAGGACTGGT-1,BAL 04
c2_2_CTCATTAAGGGAGAAT-1,BAL 05
c2_2_CTCATTAAGGTGGTTG-1,BAL 02
c2_2_CTCATTAAGTGTTCCA-1,BAL 08
c2_2_CTCATTACAAGAGGTC-1,BAL 07
c2_2_CTCATTACAGCCTATA-1,BAL 06
c2_2_CTCATTACATCGGAAG-1,BAL 06
c2_2_CTCATTAGTGAAGCGT-1,Multiplet
c2_2_CTCATTAGTGCTCCGA-1,BAL 07
c2_2_CTCATTAGTTAGGCCC-1,BAL 07
c2_2_CTCATTAGTTGCCGAC-1,BAL 02
c2_2_CTCATTATCGCAAGAG-1,BAL 05
c2_2_CTCCAACAGCTTCTAG-1,BAL 01
c2_2_CTCCAACAGGTCACAG-1,BAL 05
c2_2_CTCCAACAGGTTCAGG-1,BAL 03
c2_2_CTCCAACAGTTGTACC-1,BAL 03
c2_2_CTCCAACCAAGGTCGA-1,BAL 03
c2_2_CTCCAACCATCTTCGC-1,BAL 02
c2_2_CTCCAACGTCAACATC-1,Multiplet
c2_2_CTCCAACGTGGACTGA-1,BAL 05
c2_2_CTCCAACTCGCGTAGC-1,BAL 08
c2_2_CTCCACAAGATAGTCA-1,BAL 02
c2_2_CTCCACAAGATGACCG-1,BAL 04
c2_2_CTCCACAAGTACCATC-1,BAL 07
c2_2_CTCCACAAGTAGCAAT-1,Multiplet
c2_2_CTCCACAAGTATGAGT-1,BAL 02
c2_2_CTCCACAAGTCTTCCC-1,BAL 07
c2_2_CTCCACACAAGCTGCC-1,BAL 03
c2_2_CTCCACACACCTGCGA-1,BAL 03
c2_2_CTCCACAGTAGACGGT-1,BAL 05
c2_2_CTCCACAGTTCTCAGA-1,BAL 01
c2_2_CTCCACAGTTCTCTCG-1,BAL 04
c2_2_CTCCACATCCATAAGC-1,Multiplet
c2_2_CTCCACATCCATCTCG-1,Multiplet
c2_2_CTCCACATCGACGAGA-1,Multiplet
c2_2_CTCCACATCTTGTGCC-1,BAL 02
c2_2_CTCCACATCTTTGATC-1,BAL 02
c2_2_CTCCATGAGAATAGTC-1,BAL 03
c2_2_CTCCATGAGGAGATAG-1,BAL 08
c2_2_CTCCATGAGGGACACT-1,BAL 08
c2_2_CTCCATGAGGTCATAA-1,BAL 08
c2_2_CTCCATGAGTCTAGCT-1,BAL 02
c2_2_CTCCATGCAATGAACA-1,Multiplet
c2_2_CTCCATGCACGCTGTG-1,Multiplet
c2_2_CTCCATGCACGTCTCT-1,BAL 07
c2_2_CTCCATGCACTGGACC-1,BAL 06
c2_2_CTCCATGCAGCGAACA-1,BAL 05
c2_2_CTCCATGGTACAGTAA-1,BAL 06
c2_2_CTCCATGGTGTTCGTA-1,BAL 06
c2_2_CTCCATGGTTAAACAG-1,BAL 02
c2_2_CTCCATGTCCTATTGT-1,Multiplet
c2_2_CTCCATGTCTAACACG-1,BAL 05
c2_2_CTCCATGTCTGGTTGA-1,Multiplet
c2_2_CTCCCAACAAATCGTC-1,BAL 03
c2_2_CTCCCAACACGACAGA-1,BAL 06
c2_2_CTCCCAACATCCTATT-1,BAL 01
c2_2_CTCCCAAGTATTGACC-1,BAL 02
c2_2_CTCCCAAGTTCGATTG-1,BAL 03
c2_2_CTCCCAATCGTCGACG-1,BAL 08
c2_2_CTCCCAATCTATCACT-1,BAL 01
c2_2_CTCCCAATCTGTGCGG-1,BAL 07
c2_2_CTCCCAATCTTCGACC-1,BAL 01
c2_2_CTCCCTCAGAACCCGA-1,BAL 03
c2_2_CTCCCTCAGACATACA-1,BAL 05
c2_2_CTCCCTCAGGTGAGAA-1,Multiplet
c2_2_CTCCCTCCAACCAACT-1,BAL 08
c2_2_CTCCCTCCAACGTTAC-1,BAL 04
c2_2_CTCCCTCCACACGTGC-1,BAL 04
c2_2_CTCCCTCCACGGCGTT-1,BAL 05
c2_2_CTCCCTCCACTACCCT-1,Multiplet
c2_2_CTCCCTCCACTGAGTT-1,BAL 02
c2_2_CTCCCTCCAGTCCGTG-1,BAL 07
c2_2_CTCCCTCCATCCTAAG-1,Multiplet
c2_2_CTCCCTCGTAGCTGCC-1,BAL 02
c2_2_CTCCCTCGTAGTGCGA-1,BAL 07
c2_2_CTCCCTCGTCATCCCT-1,BAL 05
c2_2_CTCCCTCGTCGTTCAA-1,BAL 04
c2_2_CTCCCTCGTTTAGTCG-1,BAL 05
c2_2_CTCCCTCTCCTACGGG-1,Multiplet
c2_2_CTCCCTCTCGGACGTC-1,Multiplet
c2_2_CTCCCTCTCTGGGATT-1,BAL 04
c2_2_CTCCGATCAACACAAA-1,BAL 03
c2_2_CTCCGATCACAAAGCG-1,BAL 02
c2_2_CTCCGATCACATTCGA-1,BAL 01
c2_2_CTCCGATCAGGCCCTA-1,BAL 02
c2_2_CTCCGATGTATACCCA-1,BAL 05
c2_2_CTCCGATGTCACCCTT-1,BAL 04
c2_2_CTCCGATGTGAAGCGT-1,Multiplet
c2_2_CTCCGATGTGTCTAAC-1,BAL 06
c2_2_CTCCGATTCGCGGACT-1,BAL 05
c2_2_CTCCTCCAGAATACAC-1,BAL 03
c2_2_CTCCTCCAGAGTGGCT-1,BAL 03
c2_2_CTCCTCCAGTCATACC-1,BAL 03
c2_2_CTCCTCCAGTCGAATA-1,BAL 08
c2_2_CTCCTCCCACCCATAA-1,BAL 05
c2_2_CTCCTCCCACCCTTAC-1,BAL 02
c2_2_CTCCTCCCAGAGGAAA-1,Multiplet
c2_2_CTCCTCCCAGCACAGA-1,BAL 08
c2_2_CTCCTCCCATAACCCA-1,Multiplet
c2_2_CTCCTCCCATAGCACT-1,BAL 07
c2_2_CTCCTCCGTAAGATCA-1,BAL 05
c2_2_CTCCTCCGTGTTCGAT-1,BAL 06
c2_2_CTCCTCCTCGCTCTCA-1,BAL 02
c2_2_CTCCTCCTCTCACGAA-1,BAL 04
c2_2_CTCCTTTAGCAGTAAT-1,Multiplet
c2_2_CTCCTTTAGGCAGTCA-1,BAL 06
c2_2_CTCCTTTAGTGATGGC-1,BAL 03
c2_2_CTCCTTTCAACCACGC-1,BAL 08
c2_2_CTCCTTTCAAGGCAAC-1,BAL 04
c2_2_CTCCTTTCACACGGTC-1,BAL 05
c2_2_CTCCTTTCAGACACAG-1,BAL 08
c2_2_CTCCTTTCATCGATAC-1,BAL 07
c2_2_CTCCTTTGTACTCGTA-1,Multiplet
c2_2_CTCCTTTGTAGGTACG-1,BAL 03
c2_2_CTCCTTTGTCTGATAC-1,BAL 05
c2_2_CTCCTTTGTCTGTGCG-1,BAL 03
c2_2_CTCCTTTGTGCGTTTA-1,BAL 05
c2_2_CTCCTTTGTTTGGCTA-1,BAL 04
c2_2_CTCCTTTTCAGCGGAA-1,BAL 07
c2_2_CTCCTTTTCATCACCC-1,Negative
c2_2_CTCCTTTTCTTCCCAG-1,Multiplet
c2_2_CTCGAGGAGAGCATTA-1,BAL 05
c2_2_CTCGAGGAGATGGGCT-1,BAL 08
c2_2_CTCGAGGAGCTAAATG-1,Multiplet
c2_2_CTCGAGGAGCTCTTCC-1,BAL 02
c2_2_CTCGAGGAGTAAGCAT-1,BAL 07
c2_2_CTCGAGGAGTTGTAAG-1,BAL 08
c2_2_CTCGAGGCAAATGAAC-1,BAL 01
c2_2_CTCGAGGCAATGCAAA-1,BAL 05
c2_2_CTCGAGGGTACTTGTG-1,BAL 01
c2_2_CTCGAGGGTGAGTAAT-1,BAL 06
c2_2_CTCGAGGGTGCTCTTC-1,BAL 03
c2_2_CTCGAGGGTGTAAACA-1,Multiplet
c2_2_CTCGAGGTCATTTGGG-1,BAL 07
c2_2_CTCGAGGTCCTCTGCA-1,Multiplet
c2_2_CTCGAGGTCTCAGAAC-1,BAL 04
c2_2_CTCGAGGTCTCATTAC-1,BAL 08
c2_2_CTCTCAGAGATTAGCA-1,BAL 01
c2_2_CTCTCAGAGCATGCAG-1,Multiplet
c2_2_CTCTCAGAGCTCCACG-1,BAL 05
c2_2_CTCTCAGAGTACCCTA-1,BAL 02
c2_2_CTCTCAGCAAAGAGTT-1,Negative
c2_2_CTCTCAGCATTAGGAA-1,BAL 03
c2_2_CTCTCAGGTCAGTTTG-1,BAL 08
c2_2_CTCTCAGGTGAGCTCC-1,BAL 05
c2_2_CTCTCAGGTGCAGATG-1,BAL 07
c2_2_CTCTCAGGTGGTAATA-1,BAL 06
c2_2_CTCTCAGTCAAACGAA-1,BAL 06
c2_2_CTCTCAGTCACTTGTT-1,BAL 08
c2_2_CTCTCAGTCATTCCTA-1,BAL 01
c2_2_CTCTCAGTCGTTAGTG-1,BAL 05
c2_2_CTCTCAGTCTGCGGGT-1,BAL 01
c2_2_CTCTCGACAATTCTCT-1,BAL 02
c2_2_CTCTCGACACGGAAGT-1,Multiplet
c2_2_CTCTCGACAGAGTCAG-1,BAL 02
c2_2_CTCTCGAGTATCAGCT-1,BAL 02
c2_2_CTCTCGATCGGCTGTG-1,Multiplet
c2_2_CTCTCGATCTATCGCC-1,Multiplet
c2_2_CTCTGGTAGCTAGCCC-1,BAL 08
c2_2_CTCTGGTAGCTGAAAT-1,Multiplet
c2_2_CTCTGGTAGGTTCCGC-1,BAL 01
c2_2_CTCTGGTGTACAAAGT-1,BAL 05
c2_2_CTCTGGTGTATCAGGG-1,BAL 05
c2_2_CTCTGGTGTCACTTCC-1,Multiplet
c2_2_CTCTGGTGTCCTGGTG-1,Multiplet
c2_2_CTCTGGTTCATACGAC-1,BAL 08
c2_2_CTCTGGTTCCACCCTA-1,BAL 06
c2_2_CTCTGGTTCCATTTCA-1,BAL 05
c2_2_CTCTGGTTCCGATGTA-1,BAL 05
c2_2_CTCTGGTTCGACCTAA-1,BAL 08
c2_2_CTCTGGTTCGTCCATC-1,BAL 08
c2_2_CTCTGGTTCGTGCATA-1,BAL 02
c2_2_CTCTGGTTCTGATGGT-1,BAL 02
c2_2_CTGAATGAGAATAACC-1,Multiplet
c2_2_CTGAATGAGATGATTG-1,BAL 05
c2_2_CTGAATGAGGCCCACT-1,BAL 08
c2_2_CTGAATGAGTTCCATG-1,Multiplet
c2_2_CTGAATGCAAGCGAGT-1,BAL 02
c2_2_CTGAATGCACGCTATA-1,BAL 01
c2_2_CTGAATGCATAGCACT-1,BAL 07
c2_2_CTGAATGGTGACAGCA-1,Multiplet
c2_2_CTGAATGGTTGACTGT-1,BAL 07
c2_2_CTGAATGTCGTCGACG-1,BAL 06
c2_2_CTGAATGTCGTGTCAA-1,BAL 03
c2_2_CTGAGCGGTTAAACCC-1,BAL 05
c2_2_CTGAGGCAGACTTCAC-1,BAL 01
c2_2_CTGAGGCAGCCTGTGC-1,BAL 05
c2_2_CTGAGGCAGCGTACAG-1,BAL 08
c2_2_CTGAGGCAGGATACAT-1,BAL 01
c2_2_CTGAGGCAGGGTAGCT-1,Multiplet
c2_2_CTGAGGCAGTCGCCAC-1,BAL 05
c2_2_CTGAGGCCATAGAAAC-1,BAL 02
c2_2_CTGAGGCGTACGATTC-1,Multiplet
c2_2_CTGAGGCGTCTACATG-1,BAL 03
c2_2_CTGAGGCGTCTCTCCA-1,BAL 05
c2_2_CTGAGGCGTGTAGGAC-1,BAL 04
c2_2_CTGAGGCGTTTACTTC-1,Multiplet
c2_2_CTGAGGCGTTTGTTGG-1,BAL 06
c2_2_CTGAGGCTCAAGAATG-1,BAL 02
c2_2_CTGAGGCTCACCCTTG-1,BAL 03
c2_2_CTGAGGCTCTCCGTGT-1,Multiplet
c2_2_CTGATCCAGGTCGTAG-1,BAL 02
c2_2_CTGATCCCAATAGTAG-1,BAL 08
c2_2_CTGATCCCACAAAGCG-1,BAL 03
c2_2_CTGATCCCAGATTAAG-1,BAL 02
c2_2_CTGATCCCATCGATGT-1,BAL 03
c2_2_CTGATCCGTAACGATA-1,BAL 08
c2_2_CTGATCCGTGAAAGTT-1,BAL 07
c2_2_CTGATCCGTGCATCTA-1,BAL 04
c2_2_CTGATCCGTGGATGAC-1,BAL 06
c2_2_CTGATCCTCGTGTGAT-1,Multiplet
c2_2_CTGATCCTCTGCCCTA-1,BAL 05
c2_2_CTGCAGGCACACGGAA-1,BAL 08
c2_2_CTGCAGGCAGTTCCAA-1,Multiplet
c2_2_CTGCAGGGTATAGGAT-1,BAL 08
c2_2_CTGCAGGGTATGAGAT-1,Multiplet
c2_2_CTGCAGGGTGCAGGAT-1,BAL 02
c2_2_CTGCAGGGTGTGGACA-1,BAL 03
c2_2_CTGCAGGGTTCTTGCC-1,BAL 07
c2_2_CTGCATCAGCGTTAGG-1,BAL 07
c2_2_CTGCATCAGGTCTTTG-1,BAL 07
c2_2_CTGCATCAGTCACGAG-1,BAL 04
c2_2_CTGCATCAGTCTTCCC-1,BAL 02
c2_2_CTGCATCAGTTGTAGA-1,Multiplet
c2_2_CTGCATCCAACGTATC-1,BAL 02
c2_2_CTGCATCCACAACCGC-1,BAL 03
c2_2_CTGCATCCATATCGGT-1,BAL 05
c2_2_CTGCATCGTCCACTTC-1,BAL 07
c2_2_CTGCATCGTCCGGACT-1,BAL 05
c2_2_CTGCATCTCACTAGCA-1,BAL 02
c2_2_CTGCATCTCCATACTT-1,BAL 06
c2_2_CTGCATCTCGTAGGGA-1,BAL 07
c2_2_CTGCATCTCTCGGTAA-1,BAL 08
c2_2_CTGCATCTCTTACCGC-1,Multiplet
c2_2_CTGCATCTCTTCCGTG-1,BAL 05
c2_2_CTGCCATAGTTTCGAC-1,BAL 05
c2_2_CTGCCATCAAGCCTGC-1,BAL 03
c2_2_CTGCCATCAATTCGTG-1,BAL 02
c2_2_CTGCCATCACATATCG-1,Multiplet
c2_2_CTGCCATCACTTTATC-1,BAL 06
c2_2_CTGCCATCAGTCGTTA-1,Multiplet
c2_2_CTGCCATGTGATTCAC-1,Multiplet
c2_2_CTGCCATGTTCTATCT-1,BAL 03
c2_2_CTGCCATTCTCAATCT-1,BAL 01
c2_2_CTGCCATTCTGACCCT-1,Multiplet
c2_2_CTGCCATTCTTCCCGA-1,BAL 04
c2_2_CTGCCTAAGATCACCT-1,BAL 06
c2_2_CTGCCTAAGCAACAAT-1,BAL 07
c2_2_CTGCCTAAGCCGGATA-1,BAL 03
c2_2_CTGCCTAAGCGGGTAT-1,BAL 02
c2_2_CTGCCTAAGTCTCCTC-1,BAL 03
c2_2_CTGCCTAAGTTTGAGA-1,BAL 06
c2_2_CTGCCTACAGAAGCGT-1,BAL 01
c2_2_CTGCCTACATCCTCAC-1,BAL 06
c2_2_CTGCCTACATGACTGT-1,Multiplet
c2_2_CTGCCTAGTGCTGCAC-1,BAL 06
c2_2_CTGCCTAGTGTCCGGT-1,BAL 08
c2_2_CTGCCTAGTTGTGTAC-1,BAL 06
c2_2_CTGCCTATCTCCGAGG-1,Multiplet
c2_2_CTGCGAGAGAAGCCAC-1,BAL 05
c2_2_CTGCGAGAGCGACTAG-1,Multiplet
c2_2_CTGCGAGAGGAACTCG-1,BAL 05
c2_2_CTGCGAGCACTTCTCG-1,BAL 02
c2_2_CTGCGAGCAGGATCTT-1,BAL 01
c2_2_CTGCGAGCATAGATGA-1,Multiplet
c2_2_CTGCGAGCATGGAACG-1,BAL 05
c2_2_CTGCGAGGTCACATTG-1,Multiplet
c2_2_CTGCGAGGTCGTCATA-1,Multiplet
c2_2_CTGCGAGTCATTTGCT-1,BAL 02
c2_2_CTGCGAGTCCGTGGGT-1,BAL 03
c2_2_CTGCGAGTCGCATTAG-1,BAL 06
c2_2_CTGCTCAAGGACATCG-1,BAL 05
c2_2_CTGCTCAAGGAGTATT-1,BAL 08
c2_2_CTGCTCAAGGGATCAC-1,BAL 08
c2_2_CTGCTCACAAGCAATA-1,BAL 03
c2_2_CTGCTCACATTCTCTA-1,Multiplet
c2_2_CTGCTCAGTACTAACC-1,BAL 07
c2_2_CTGCTCAGTAGCTCGC-1,BAL 06
c2_2_CTGCTCAGTGCTGATT-1,Multiplet
c2_2_CTGCTCAGTTACTCAG-1,BAL 01
c2_2_CTGCTCATCGCGTGAC-1,BAL 01
c2_2_CTGCTCATCGTAGCTA-1,BAL 01
c2_2_CTGGACGAGAAACTAC-1,BAL 03
c2_2_CTGGACGAGAATCGTA-1,BAL 05
c2_2_CTGGACGAGAATCTAG-1,BAL 08
c2_2_CTGGACGAGCGTTACT-1,BAL 06
c2_2_CTGGACGAGTGGCGAT-1,BAL 01
c2_2_CTGGACGCAACTTGCA-1,BAL 01
c2_2_CTGGACGGTGGGATTG-1,BAL 02
c2_2_CTGGACGGTTGAAGTA-1,BAL 07
c2_2_CTGGACGTCATTGTTC-1,BAL 07
c2_2_CTGGCAGAGACGTCGA-1,BAL 03
c2_2_CTGGCAGAGGCGAACT-1,BAL 05
c2_2_CTGGCAGAGGTGCCTC-1,BAL 02
c2_2_CTGGCAGAGTACAACA-1,BAL 01
c2_2_CTGGCAGCACTATCGA-1,BAL 06
c2_2_CTGGCAGCAGTCAGTT-1,BAL 05
c2_2_CTGGCAGCATGGGATG-1,BAL 02
c2_2_CTGGCAGGTCAGGAGT-1,BAL 08
c2_2_CTGGCAGGTTAACAGA-1,BAL 03
c2_2_CTGGCAGGTTTAGAGA-1,Multiplet
c2_2_CTGGCAGGTTTGCAGT-1,Multiplet
c2_2_CTGGCAGTCCACACAA-1,BAL 06
c2_2_CTGGCAGTCCCATAGA-1,BAL 03
c2_2_CTGGTCTAGAGTCGAC-1,BAL 02
c2_2_CTGGTCTAGCACTCCG-1,BAL 05
c2_2_CTGGTCTAGCCAGACA-1,Multiplet
c2_2_CTGGTCTAGGTGGCTA-1,BAL 02
c2_2_CTGGTCTAGTTGTACC-1,BAL 07
c2_2_CTGGTCTCAACAGCCC-1,BAL 03
c2_2_CTGGTCTCACAAGCTT-1,BAL 05
c2_2_CTGGTCTCAGTCGAGA-1,Multiplet
c2_2_CTGGTCTGTCGATTTG-1,BAL 01
c2_2_CTGGTCTGTGCCTATA-1,BAL 02
c2_2_CTGGTCTGTGTTCATG-1,BAL 08
c2_2_CTGGTCTGTTCCGCTT-1,BAL 05
c2_2_CTGGTCTTCCGAGCTG-1,BAL 03
c2_2_CTGGTCTTCTACGGGC-1,BAL 02
c2_2_CTGGTCTTCTAGGCCG-1,BAL 08
c2_2_CTGGTCTTCTGTCGTC-1,Multiplet
c2_2_CTGTACCCACAAAGCG-1,BAL 03
c2_2_CTGTACCCACAACGTT-1,BAL 07
c2_2_CTGTACCCAGAGGTAC-1,Multiplet
c2_2_CTGTACCCAGCTGGTC-1,BAL 05
c2_2_CTGTACCCATGTACGT-1,Multiplet
c2_2_CTGTACCGTAATGCGG-1,Multiplet
c2_2_CTGTACCGTGTTGCCG-1,BAL 01
c2_2_CTGTACCTCCGCGGAT-1,BAL 05
c2_2_CTGTACCTCGGTAACT-1,Multiplet
c2_2_CTGTACCTCTATCCAT-1,BAL 07
c2_2_CTGTAGACACACGTGC-1,BAL 04
c2_2_CTGTAGACACCTCTGT-1,BAL 02
c2_2_CTGTAGACAGCTTCCT-1,BAL 03
c2_2_CTGTAGATCTATCGTT-1,BAL 03
c2_2_CTGTAGATCTGGTGGC-1,BAL 06
c2_2_CTGTAGATCTTGATTC-1,BAL 07
c2_2_CTGTATTAGGCCATAG-1,BAL 05
c2_2_CTGTATTAGTATCTGC-1,BAL 06
c2_2_CTGTATTCACTGAGTT-1,BAL 04
c2_2_CTGTATTCATCGGAAG-1,BAL 03
c2_2_CTGTATTCATGTGGTT-1,Multiplet
c2_2_CTGTATTGTACCTAAC-1,BAL 08
c2_2_CTGTATTGTCCTCATC-1,BAL 03
c2_2_CTGTATTGTTCTCCTG-1,BAL 01
c2_2_CTGTATTTCAGCATTG-1,BAL 04
c2_2_CTGTATTTCAGGAAGC-1,Multiplet
c2_2_CTGTATTTCCTTATCA-1,BAL 06
c2_2_CTGTATTTCTAAGAAG-1,BAL 02
c2_2_CTGTATTTCTAGTACG-1,BAL 02
c2_2_CTGTATTTCTATCACT-1,BAL 03
c2_2_CTGTCGTAGATCCTAC-1,BAL 03
c2_2_CTGTCGTAGCACAAAT-1,Multiplet
c2_2_CTGTCGTAGCACCGAA-1,Multiplet
c2_2_CTGTCGTAGCGAACTG-1,BAL 03
c2_2_CTGTCGTAGGCCACCT-1,Multiplet
c2_2_CTGTCGTAGTCACTCA-1,BAL 08
c2_2_CTGTCGTCACGCCAGT-1,BAL 02
c2_2_CTGTCGTCACTTGTGA-1,BAL 05
c2_2_CTGTCGTCAGACGCTC-1,BAL 03
c2_2_CTGTCGTGTCTCCCTA-1,BAL 06
c2_2_CTGTCGTGTGAATTAG-1,BAL 04
c2_2_CTGTCGTGTGGCTTGC-1,BAL 06
c2_2_CTGTCGTGTTATTCCT-1,BAL 01
c2_2_CTGTCGTTCGCCACTT-1,BAL 08
c2_2_CTGTCGTTCTATACTC-1,BAL 08
c2_2_CTGTGAAAGAGGCGGA-1,BAL 07
c2_2_CTGTGAAAGATCACTC-1,BAL 03
c2_2_CTGTGAAAGCAATTCC-1,BAL 05
c2_2_CTGTGAAAGCCATGCC-1,BAL 02
c2_2_CTGTGAAAGCCTGGAA-1,BAL 03
c2_2_CTGTGAAAGGCATGCA-1,BAL 06
c2_2_CTGTGAACAACCGACC-1,Multiplet
c2_2_CTGTGAACACGTAACT-1,BAL 07
c2_2_CTGTGAACATACCATG-1,BAL 07
c2_2_CTGTGAACATGACACT-1,BAL 04
c2_2_CTGTGAACATGGCCCA-1,BAL 03
c2_2_CTGTGAAGTCCCAAAT-1,BAL 05
c2_2_CTGTGAAGTCGTGATT-1,BAL 02
c2_2_CTGTGAAGTGACTAAA-1,BAL 05
c2_2_CTGTGAAGTGCCTAAT-1,BAL 08
c2_2_CTGTGAAGTGGACCAA-1,BAL 02
c2_2_CTGTGAATCTCAAAGC-1,BAL 07
c2_2_CTGTGGGCAAATTGCC-1,BAL 02
c2_2_CTGTGGGCACCTGATA-1,BAL 03
c2_2_CTGTGGGCACTCGATA-1,Multiplet
c2_2_CTGTGGGCAGTCGTTA-1,BAL 05
c2_2_CTGTGGGCAGTGGCTC-1,Multiplet
c2_2_CTGTGGGGTAACCCTA-1,BAL 03
c2_2_CTGTGGGGTAGATGTA-1,BAL 08
c2_2_CTGTGGGGTGCTCGTG-1,BAL 06
c2_2_CTGTGGGTCCAAGCTA-1,BAL 05
c2_2_CTGTGGGTCGGTAACT-1,BAL 08
c2_2_CTGTGGGTCGTGCACG-1,BAL 05
c2_2_CTTACCGAGAAACTAC-1,BAL 05
c2_2_CTTACCGAGATCCGAG-1,Multiplet
c2_2_CTTACCGAGCTGACTT-1,BAL 02
c2_2_CTTACCGAGGACAGTC-1,Multiplet
c2_2_CTTACCGAGGTCCCTG-1,BAL 02
c2_2_CTTACCGCAACGAGGT-1,BAL 08
c2_2_CTTACCGCAACTAGAA-1,BAL 07
c2_2_CTTACCGCAGTGACCC-1,BAL 04
c2_2_CTTACCGCATGTCAGT-1,BAL 07
c2_2_CTTACCGCATTGCCGG-1,BAL 03
c2_2_CTTACCGGTAGTATAG-1,BAL 08
c2_2_CTTACCGGTATTTCGG-1,BAL 07
c2_2_CTTACCGTCACTACTT-1,BAL 08
c2_2_CTTACCGTCGACTCCT-1,Multiplet
c2_2_CTTACCGTCGGTAGGA-1,BAL 02
c2_2_CTTACCGTCGTAGGAG-1,BAL 08
c2_2_CTTACCGTCTCAACCC-1,BAL 07
c2_2_CTTACCGTCTGACAGT-1,BAL 08
c2_2_CTTAGGAAGAAACACT-1,BAL 05
c2_2_CTTAGGAAGAAGAACG-1,BAL 01
c2_2_CTTAGGAAGACGGAAA-1,Multiplet
c2_2_CTTAGGAAGGGATCGT-1,BAL 02
c2_2_CTTAGGACAATCGTCA-1,BAL 06
c2_2_CTTAGGACAGGTCTCG-1,BAL 07
c2_2_CTTAGGAGTCCTCCAT-1,BAL 04
c2_2_CTTAGGAGTGCCCGTA-1,BAL 06
c2_2_CTTAGGAGTGTTCGTA-1,Multiplet
c2_2_CTTAGGATCAGCATTG-1,BAL 03
c2_2_CTTAGGATCATGCCGG-1,BAL 01
c2_2_CTTAGGATCCTTCAGC-1,Multiplet
c2_2_CTTAGGATCGAATGCT-1,BAL 06
c2_2_CTTAGGATCGACGATT-1,BAL 02
c2_2_CTTAGGATCGCTTAAG-1,Multiplet
c2_2_CTTAGGATCGTGCTCT-1,Multiplet
c2_2_CTTAGGATCGTGGTAT-1,Multiplet
c2_2_CTTCAATAGATACAGT-1,Multiplet
c2_2_CTTCAATAGATGGCAC-1,Multiplet
c2_2_CTTCAATAGCAACTTC-1,BAL 08
c2_2_CTTCAATAGGCTTAGG-1,Multiplet
c2_2_CTTCAATAGGCTTTCA-1,BAL 04
c2_2_CTTCAATAGGGCAATC-1,Multiplet
c2_2_CTTCAATAGTAGCTCT-1,BAL 07
c2_2_CTTCAATAGTATAGGT-1,BAL 07
c2_2_CTTCAATAGTCGTTAC-1,BAL 02
c2_2_CTTCAATAGTGTAGTA-1,Multiplet
c2_2_CTTCAATCAACCCGCA-1,BAL 03
c2_2_CTTCAATCACGCGCAT-1,BAL 06
c2_2_CTTCAATCACTCTCGT-1,BAL 03
c2_2_CTTCAATCATATCTGG-1,BAL 06
c2_2_CTTCAATGTCCAAAGG-1,BAL 03
c2_2_CTTCAATGTGCACATT-1,Multiplet
c2_2_CTTCAATGTGCGTGCT-1,BAL 03
c2_2_CTTCAATGTTGTTGAC-1,BAL 02
c2_2_CTTCAATTCACGATCA-1,Multiplet
c2_2_CTTCAATTCGAAGAAT-1,BAL 08
c2_2_CTTCCGAAGACATATG-1,BAL 02
c2_2_CTTCCGAAGAGGTTTA-1,BAL 05
c2_2_CTTCCGAAGATTAGCA-1,BAL 03
c2_2_CTTCCGAAGCTAATCC-1,BAL 08
c2_2_CTTCCGAAGCTGTACT-1,Multiplet
c2_2_CTTCCGAAGGTCCCTG-1,BAL 07
c2_2_CTTCCGAAGTAATTGG-1,Multiplet
c2_2_CTTCCGAAGTTGGAAT-1,Multiplet
c2_2_CTTCCGACAAAGGCTG-1,BAL 08
c2_2_CTTCCGACACATAACC-1,BAL 02
c2_2_CTTCCGACATTGACTG-1,BAL 08
c2_2_CTTCCGAGTCCTGGTG-1,BAL 03
c2_2_CTTCCGAGTTGCGGAA-1,BAL 02
c2_2_CTTCCGATCAACGAGG-1,BAL 06
c2_2_CTTCCGATCCATCAGA-1,Negative
c2_2_CTTCCGATCGTGTGAT-1,Multiplet
c2_2_CTTCCGATCTGGAGAG-1,Negative
c2_2_CTTCCTTAGAGCAGCT-1,BAL 06
c2_2_CTTCCTTAGAGGTGCT-1,BAL 08
c2_2_CTTCCTTAGTCACTCA-1,BAL 07
c2_2_CTTCCTTCAAGTTTGC-1,Multiplet
c2_2_CTTCCTTGTACAGAGC-1,BAL 05
c2_2_CTTCCTTGTCCTGTTC-1,BAL 07
c2_2_CTTCCTTGTGGGTTGA-1,BAL 04
c2_2_CTTCCTTGTTCGGACC-1,Multiplet
c2_2_CTTCCTTTCGCCGAGT-1,BAL 04
c2_2_CTTCCTTTCTCGGTCT-1,BAL 08
c2_2_CTTCCTTTCTGGGTCG-1,Multiplet
c2_2_CTTCGGTAGAGTCAGC-1,Multiplet
c2_2_CTTCGGTAGATTGCGG-1,BAL 02
c2_2_CTTCGGTAGGCTAGCA-1,Multiplet
c2_2_CTTCGGTAGGGTACAC-1,BAL 05
c2_2_CTTCGGTAGGTTCTAC-1,Multiplet
c2_2_CTTCGGTAGTGAGTGC-1,Multiplet
c2_2_CTTCGGTCACTCTAGA-1,Multiplet
c2_2_CTTCGGTCATTGCTGA-1,BAL 01
c2_2_CTTCGGTGTCTGTCAA-1,BAL 04
c2_2_CTTCGGTTCACCGCTT-1,BAL 05
c2_2_CTTCGGTTCCCTAGGG-1,BAL 02
c2_2_CTTCGGTTCGAACCAT-1,Multiplet
c2_2_CTTCGGTTCGAGCCAC-1,BAL 01
c2_2_CTTCGGTTCTCGACGG-1,Multiplet
c2_2_CTTCGGTTCTCTGGTC-1,BAL 03
c2_2_CTTCGGTTCTTCCAGC-1,BAL 02
c2_2_CTTCTAAAGAGGCCAT-1,BAL 01
c2_2_CTTCTAAAGGGAGGGT-1,BAL 05
c2_2_CTTCTAAAGTAGATCA-1,BAL 05
c2_2_CTTCTAACAAACTCGT-1,BAL 02
c2_2_CTTCTAACAGTAGAGC-1,BAL 03
c2_2_CTTCTAACAGTTGTCA-1,BAL 05
c2_2_CTTCTAAGTACAGAAT-1,BAL 02
c2_2_CTTCTAAGTACAGAGC-1,BAL 05
c2_2_CTTCTAAGTACGGGAT-1,BAL 05
c2_2_CTTCTAAGTAGAATGT-1,Multiplet
c2_2_CTTCTAAGTATGGTAA-1,BAL 03
c2_2_CTTCTAATCCTCGATC-1,BAL 07
c2_2_CTTCTAATCTTACCGC-1,BAL 02
c2_2_CTTCTCTCAAGGTCGA-1,Multiplet
c2_2_CTTCTCTCACAAATCC-1,BAL 07
c2_2_CTTCTCTCATGACTGT-1,BAL 08
c2_2_CTTCTCTGTATGAGCG-1,BAL 06
c2_2_CTTCTCTGTGATATAG-1,BAL 08
c2_2_CTTCTCTTCACCACAA-1,BAL 06
c2_2_CTTCTCTTCAGAGCGA-1,BAL 03
c2_2_CTTCTCTTCGGCTGTG-1,Negative
c2_2_CTTGAGAAGATGGCGT-1,Multiplet
c2_2_CTTGAGAAGCCTCGTG-1,BAL 02
c2_2_CTTGAGAAGGTCCGAA-1,BAL 08
c2_2_CTTGAGAAGTAGTGCG-1,BAL 06
c2_2_CTTGAGACAAAGAGTT-1,BAL 07
c2_2_CTTGAGACAACAGAGC-1,BAL 04
c2_2_CTTGAGACAGTCTGGC-1,BAL 07
c2_2_CTTGAGACATTACTCT-1,BAL 04
c2_2_CTTGAGACATTCGGGC-1,Negative
c2_2_CTTGAGAGTAGATCCT-1,BAL 01
c2_2_CTTGAGAGTGACTGAG-1,Multiplet
c2_2_CTTGAGAGTGTTAGCT-1,BAL 03
c2_2_CTTGAGAGTTCTCACC-1,BAL 08
c2_2_CTTGAGATCTAGGCCG-1,Multiplet
c2_2_CTTGAGATCTCTGCTG-1,BAL 07
c2_2_CTTGATTAGCTTAAGA-1,BAL 02
c2_2_CTTGATTAGTACTGGG-1,BAL 02
c2_2_CTTGATTCAATCGAAA-1,BAL 04
c2_2_CTTGATTCAGTTTGGT-1,Multiplet
c2_2_CTTGATTCATACTGTG-1,BAL 07
c2_2_CTTGATTGTATTTCGG-1,BAL 05
c2_2_CTTGATTGTGTGAGCA-1,BAL 03
c2_2_CTTGATTGTGTTATCG-1,BAL 02
c2_2_CTTGATTGTTAGGAGC-1,Multiplet
c2_2_CTTGATTGTTCCCACT-1,BAL 04
c2_2_CTTGATTGTTCGGCTG-1,Multiplet
c2_2_CTTGATTGTTGAAGTA-1,BAL 04
c2_2_CTTGATTTCACTGGGC-1,BAL 06
c2_2_CTTGATTTCGACGTCG-1,Multiplet
c2_2_CTTGATTTCGTGGCTG-1,Multiplet
c2_2_CTTGATTTCTATCGTT-1,BAL 04
c2_2_CTTTCAAAGAGAGCCT-1,BAL 07
c2_2_CTTTCAAAGATCCTAC-1,BAL 02
c2_2_CTTTCAACACTACGGC-1,Multiplet
c2_2_CTTTCAACACTTGAAC-1,BAL 05
c2_2_CTTTCAACAGTTTCAG-1,BAL 05
c2_2_CTTTCAACATGTGGCC-1,BAL 02
c2_2_CTTTCAAGTAACAAGT-1,BAL 06
c2_2_CTTTCAAGTACTCGAT-1,BAL 05
c2_2_CTTTCAAGTATAATGG-1,Multiplet
c2_2_CTTTCAATCCATACTT-1,BAL 05
c2_2_CTTTCAATCGACCATA-1,Multiplet
c2_2_CTTTCAATCGTAACCA-1,BAL 04
c2_2_CTTTCAATCGTTCTGC-1,BAL 05
c2_2_CTTTCAATCTCCATAT-1,Multiplet
c2_2_CTTTCGGAGCTGACCC-1,Multiplet
c2_2_CTTTCGGAGGACTTCT-1,BAL 03
c2_2_CTTTCGGAGGTAAGTT-1,BAL 06
c2_2_CTTTCGGAGTTCGGTT-1,BAL 02
c2_2_CTTTCGGAGTTGAATG-1,BAL 03
c2_2_CTTTCGGCAAATGAGT-1,Multiplet
c2_2_CTTTCGGCAACAAGTA-1,BAL 05
c2_2_CTTTCGGCAACCACGC-1,BAL 01
c2_2_CTTTCGGCACATGAAA-1,BAL 03
c2_2_CTTTCGGCAGACAAAT-1,Multiplet
c2_2_CTTTCGGCAGACGGAT-1,BAL 02
c2_2_CTTTCGGGTGCCCAGT-1,BAL 05
c2_2_CTTTCGGGTGCGTTTA-1,BAL 01
c2_2_CTTTCGGGTTGGCCTG-1,BAL 05
c2_2_CTTTCGGGTTTGGGAG-1,Multiplet
c2_2_CTTTCGGTCTCCTGCA-1,BAL 05
c2_2_CTTTCGGTCTCTGCCA-1,BAL 08
c2_2_GAAACCTCAACCACAT-1,BAL 07
c2_2_GAAACCTCAGCTATAC-1,BAL 07
c2_2_GAAACCTGTAAGGCCA-1,BAL 05
c2_2_GAAACCTGTACGAAAT-1,BAL 05
c2_2_GAAACCTGTCTGATAC-1,Multiplet
c2_2_GAAACCTGTCTTACAG-1,Multiplet
c2_2_GAAACCTGTTTGTGGT-1,BAL 03
c2_2_GAAACCTTCACTCCGT-1,BAL 02
c2_2_GAAACCTTCTCTCTAA-1,BAL 01
c2_2_GAAATGAAGAGCTGCA-1,BAL 06
c2_2_GAAATGAAGATAGTCA-1,Multiplet
c2_2_GAAATGAAGGGTTAGC-1,BAL 01
c2_2_GAAATGAAGTTCCTGA-1,Multiplet
c2_2_GAAATGACAATTGCGT-1,BAL 06
c2_2_GAAATGACAGAGGAAA-1,BAL 04
c2_2_GAAATGACATCAGCGC-1,BAL 06
c2_2_GAAATGACATGAGAAT-1,BAL 05
c2_2_GAAATGAGTACTGACT-1,Multiplet
c2_2_GAAATGAGTAGACGGT-1,BAL 01
c2_2_GAAATGAGTAGGAAAG-1,BAL 06
c2_2_GAAATGAGTCTTCAAG-1,BAL 05
c2_2_GAAATGAGTGCAGATG-1,BAL 05
c2_2_GAAATGAGTGCCTTTC-1,BAL 06
c2_2_GAAATGATCACACCCT-1,Multiplet
c2_2_GAAATGATCGAAGCAG-1,BAL 08
c2_2_GAAATGATCGTAACCA-1,Multiplet
c2_2_GAACACTAGCTGTTAC-1,BAL 06
c2_2_GAACACTAGGCACAAC-1,BAL 07
c2_2_GAACACTCAATTGCAC-1,Multiplet
c2_2_GAACACTCACATTCGA-1,BAL 08
c2_2_GAACACTGTCATCCGG-1,Multiplet
c2_2_GAACACTGTTTCGGCG-1,BAL 08
c2_2_GAACACTTCAGCTCTC-1,BAL 03
c2_2_GAACACTTCCATCTGC-1,BAL 02
c2_2_GAACACTTCCCTATTA-1,BAL 03
c2_2_GAACACTTCGACCTAA-1,BAL 08
c2_2_GAACGTTCAAGATCCT-1,BAL 08
c2_2_GAACGTTGTACCCGAC-1,BAL 02
c2_2_GAACGTTGTCCGGTCA-1,BAL 05
c2_2_GAACGTTGTCTAATCG-1,BAL 04
c2_2_GAACGTTGTGGCGCTT-1,Multiplet
c2_2_GAACGTTGTGTGATGG-1,BAL 01
c2_2_GAACGTTGTTCAGGTT-1,Multiplet
c2_2_GAACGTTGTTGAGAGC-1,Multiplet
c2_2_GAACGTTTCAATGTCG-1,BAL 03
c2_2_GAACGTTTCAGATGCT-1,BAL 03
c2_2_GAACGTTTCGCTCATC-1,Multiplet
c2_2_GAACGTTTCTAGAGCT-1,BAL 06
c2_2_GAACTGTAGACTGGGT-1,BAL 01
c2_2_GAACTGTAGAGGTCAC-1,Multiplet
c2_2_GAACTGTAGCTTTGTG-1,BAL 01
c2_2_GAACTGTAGTGACCTT-1,BAL 08
c2_2_GAACTGTCAATACCCA-1,Multiplet
c2_2_GAACTGTCAATTTCGG-1,Multiplet
c2_2_GAACTGTCAGCAGACA-1,Multiplet
c2_2_GAACTGTCATGTGACT-1,BAL 02
c2_2_GAACTGTGTAGCTGCC-1,BAL 05
c2_2_GAACTGTGTCTGTAGT-1,BAL 04
c2_2_GAACTGTGTCTTGGTA-1,BAL 02
c2_2_GAACTGTGTGTGGACA-1,Multiplet
c2_2_GAACTGTGTTGCCGCA-1,BAL 02
c2_2_GAACTGTGTTGTAAAG-1,BAL 05
c2_2_GAACTGTTCACCGCTT-1,BAL 07
c2_2_GAACTGTTCACGACTA-1,BAL 03
c2_2_GAACTGTTCACTTATC-1,BAL 02
c2_2_GAACTGTTCATACAGC-1,BAL 08
c2_2_GAACTGTTCCGGACGT-1,BAL 05
c2_2_GAACTGTTCTGGTGCG-1,BAL 08
c2_2_GAAGAATAGAAGCGGG-1,BAL 05
c2_2_GAAGAATAGATGCGAC-1,BAL 02
c2_2_GAAGAATAGCCAGTAG-1,Multiplet
c2_2_GAAGAATAGGACTAAT-1,BAL 03
c2_2_GAAGAATAGGGAGGAC-1,Multiplet
c2_2_GAAGAATCAGAGATTA-1,BAL 05
c2_2_GAAGAATCAGAGGCAT-1,BAL 03
c2_2_GAAGAATCATACGCAT-1,BAL 05
c2_2_GAAGAATCATAGGTAA-1,BAL 04
c2_2_GAAGAATGTAGAATAC-1,Multiplet
c2_2_GAAGAATGTCATGACT-1,Multiplet
c2_2_GAAGAATGTCCGAAAG-1,Multiplet
c2_2_GAAGAATGTCTACATG-1,BAL 08
c2_2_GAAGAATTCACAATGC-1,BAL 08
c2_2_GAAGAATTCACATTGG-1,BAL 02
c2_2_GAAGAATTCAGGTAAA-1,BAL 06
c2_2_GAAGAATTCCCGTTGT-1,BAL 06
c2_2_GAAGAATTCCGAAGGA-1,BAL 03
c2_2_GAAGAATTCCGTGGCA-1,BAL 03
c2_2_GAAGAATTCGGAACTT-1,BAL 05
c2_2_GAAGAATTCGTAACAC-1,Multiplet
c2_2_GAAGCCCCAACGTTAC-1,BAL 05
c2_2_GAAGCCCCAGTATTCG-1,Multiplet
c2_2_GAAGCCCGTCAAGTTC-1,BAL 03
c2_2_GAAGCCCGTCCAGTTA-1,BAL 05
c2_2_GAAGCCCGTTACCCAA-1,BAL 01
c2_2_GAAGCCCGTTCGTACA-1,BAL 05
c2_2_GAAGCCCTCAAGCCGC-1,BAL 07
c2_2_GAAGCCCTCACCTACC-1,BAL 04
c2_2_GAAGCCCTCAGCCCAG-1,BAL 02
c2_2_GAAGCCCTCCAGCCTT-1,BAL 04
c2_2_GAAGCCCTCTCCGTGT-1,BAL 08
c2_2_GAAGCGAAGACCATAA-1,BAL 02
c2_2_GAAGCGAAGTTTAGGA-1,BAL 06
c2_2_GAAGCGACAACAACAA-1,BAL 08
c2_2_GAAGCGACACATGTTG-1,BAL 07
c2_2_GAAGCGACACTCAAGT-1,Multiplet
c2_2_GAAGCGACATGCCGAC-1,Multiplet
c2_2_GAAGCGAGTATGAGGC-1,BAL 02
c2_2_GAAGCGAGTCTTGCTC-1,BAL 03
c2_2_GAAGCGATCAACTCTT-1,BAL 08
c2_2_GAAGCGATCCTGTAGA-1,BAL 06
c2_2_GAAGCGATCTGTCCCA-1,BAL 02
c2_2_GAAGGACAGAACCCGA-1,BAL 02
c2_2_GAAGGACAGATGAACT-1,BAL 07
c2_2_GAAGGACCACAGAGAC-1,BAL 05
c2_2_GAAGGACCAGGTGACA-1,BAL 03
c2_2_GAAGGACCATGAATAG-1,BAL 02
c2_2_GAAGGACCATGATAGA-1,Multiplet
c2_2_GAAGGACGTACTGCGC-1,Multiplet
c2_2_GAAGGACGTCCGGTCA-1,BAL 01
c2_2_GAAGGACTCGAGAAAT-1,BAL 02
c2_2_GAAGGACTCTGGCCGA-1,BAL 03
c2_2_GAAGGGTAGTCTCCTC-1,Multiplet
c2_2_GAAGGGTCACCCTGAG-1,BAL 02
c2_2_GAAGGGTCACTATCGA-1,BAL 05
c2_2_GAAGGGTCAGCTTTCC-1,Multiplet
c2_2_GAAGGGTCATACGCAT-1,Multiplet
c2_2_GAAGGGTGTCAAGCCC-1,BAL 05
c2_2_GAAGGGTGTGGAACAC-1,Multiplet
c2_2_GAAGGGTGTGTCCGGT-1,BAL 03
c2_2_GAAGGGTGTGTGTGTT-1,BAL 01
c2_2_GAAGGGTGTTAGGGTG-1,Multiplet
c2_2_GAAGGGTTCCACGTAA-1,BAL 01
c2_2_GAAGGGTTCGCATTGA-1,Negative
c2_2_GAAGTAAAGCACACCC-1,BAL 07
c2_2_GAAGTAAAGCGTCTGC-1,BAL 02
c2_2_GAAGTAAAGGCACTAG-1,BAL 03
c2_2_GAAGTAAAGTAACAGT-1,BAL 03
c2_2_GAAGTAACAATACCTG-1,BAL 02
c2_2_GAAGTAACACAGTCCG-1,Multiplet
c2_2_GAAGTAACAGGTGAGT-1,Multiplet
c2_2_GAAGTAACATGATGCT-1,BAL 04
c2_2_GAAGTAAGTACGCTAT-1,BAL 04
c2_2_GAAGTAAGTGTGTGGA-1,BAL 03
c2_2_GAAGTAATCCTACTGC-1,BAL 01
c2_2_GAATAGAAGAAGCGGG-1,BAL 06
c2_2_GAATAGAAGCTACTGT-1,BAL 06
c2_2_GAATAGAAGTGCTCAT-1,Multiplet
c2_2_GAATAGACAATCCTTT-1,BAL 02
c2_2_GAATAGACATCGCTCT-1,BAL 01
c2_2_GAATAGACATGGCTAT-1,BAL 03
c2_2_GAATAGAGTACGATGG-1,BAL 02
c2_2_GAATAGAGTAGCGTAG-1,BAL 02
c2_2_GAATAGAGTCCAGCCA-1,BAL 03
c2_2_GAATAGAGTCCTCCAT-1,BAL 07
c2_2_GAATAGAGTGCTGTCG-1,BAL 03
c2_2_GAATAGAGTTCTTCAT-1,BAL 02
c2_2_GAATAGAGTTTGAACC-1,BAL 05
c2_2_GAATAGATCCCGTAAA-1,BAL 06
c2_2_GAATAGATCGCGAAGA-1,BAL 02
c2_2_GAATAGATCTATGTGG-1,BAL 05
c2_2_GAATAGATCTCACGAA-1,BAL 08
c2_2_GAATCACAGAAACCCG-1,BAL 07
c2_2_GAATCACAGAAGGGAT-1,BAL 05
c2_2_GAATCACAGTCCCGAC-1,BAL 03
c2_2_GAATCACAGTGTTCCA-1,BAL 08
c2_2_GAATCACCAACGATTC-1,BAL 03
c2_2_GAATCACCACACCGAC-1,BAL 07
c2_2_GAATCACCACTGCATA-1,BAL 04
c2_2_GAATCACCAGACATCT-1,BAL 02
c2_2_GAATCACCAGTTGGTT-1,Multiplet
c2_2_GAATCACGTAACATAG-1,BAL 02
c2_2_GAATCACGTCAAACGG-1,Multiplet
c2_2_GAATCACGTCCAGTTA-1,BAL 01
c2_2_GAATCACGTGGCTAGA-1,BAL 07
c2_2_GAATCACGTTCGGCCA-1,BAL 04
c2_2_GAATCACTCGGTATGT-1,BAL 06
c2_2_GAATCGTAGGGCGAAG-1,BAL 03
c2_2_GAATCGTAGTCGAATA-1,BAL 03
c2_2_GAATCGTCAATAGTGA-1,BAL 01
c2_2_GAATCGTGTTGTCCCT-1,BAL 03
c2_2_GAATCGTTCCATAGAC-1,BAL 07
c2_2_GAATCGTTCCGTTGAA-1,BAL 06
c2_2_GAATCGTTCGGACGTC-1,Multiplet
c2_2_GAATCGTTCTCCGATC-1,BAL 01
c2_2_GACACGCAGGCATCTT-1,BAL 02
c2_2_GACACGCCAACACTAC-1,BAL 03
c2_2_GACACGCCAATAGTAG-1,BAL 05
c2_2_GACACGCCACCGGAAA-1,BAL 06
c2_2_GACACGCCAGACATCT-1,BAL 07
c2_2_GACACGCGTACCGTCG-1,BAL 02
c2_2_GACACGCGTGTGTCCG-1,BAL 06
c2_2_GACACGCGTTGTGTTG-1,BAL 02
c2_2_GACACGCTCACCTTGC-1,BAL 07
c2_2_GACACGCTCAGTGGGA-1,Multiplet
c2_2_GACACGCTCGTCAACA-1,Multiplet
c2_2_GACAGCCAGACTGTTC-1,Multiplet
c2_2_GACAGCCAGCACCGAA-1,BAL 08
c2_2_GACAGCCAGCCTCTGG-1,Multiplet
c2_2_GACAGCCAGTAGAGTT-1,BAL 03
c2_2_GACAGCCCACCACTGG-1,BAL 05
c2_2_GACAGCCCACGGTAGA-1,BAL 04
c2_2_GACAGCCCATATCTCT-1,Multiplet
c2_2_GACAGCCCATCTCCCA-1,BAL 08
c2_2_GACAGCCGTGAACTAA-1,BAL 04
c2_2_GACAGCCGTGTCATTG-1,Multiplet
c2_2_GACAGCCGTTACTCAG-1,BAL 05
c2_2_GACAGCCGTTAGTTCG-1,BAL 07
c2_2_GACAGCCTCACCTGGG-1,BAL 02
c2_2_GACAGCCTCTACAGGT-1,BAL 01
c2_2_GACATCAAGAGAGGGC-1,Multiplet
c2_2_GACATCACAGCGTTGC-1,Multiplet
c2_2_GACATCACATTCACCC-1,BAL 05
c2_2_GACATCAGTAACATAG-1,BAL 03
c2_2_GACATCATCAACCCGG-1,BAL 04
c2_2_GACATCATCACGGAGA-1,BAL 07
c2_2_GACATCATCCCGAAAT-1,BAL 08
c2_2_GACATCATCGCAGATT-1,BAL 08
c2_2_GACATCATCTGTCCGT-1,Multiplet
c2_2_GACCAATAGAGTGTTA-1,Multiplet
c2_2_GACCAATAGCATGAAT-1,Multiplet
c2_2_GACCAATCAAGAATAC-1,BAL 03
c2_2_GACCAATCACTTTAGG-1,BAL 04
c2_2_GACCAATCAGAGATTA-1,BAL 06
c2_2_GACCAATCAGTAGATA-1,Multiplet
c2_2_GACCAATGTGATAGAT-1,BAL 08
c2_2_GACCAATTCCTCACGT-1,Multiplet
c2_2_GACCAATTCGCTGTCT-1,BAL 06
c2_2_GACCAATTCGTGGACC-1,BAL 02
c2_2_GACCAATTCTACGGGC-1,BAL 08
c2_2_GACCAATTCTTGGGCG-1,BAL 05
c2_2_GACCCAGAGAATTGTG-1,Multiplet
c2_2_GACCCAGAGACCGTTT-1,Multiplet
c2_2_GACCCAGAGAGCCATG-1,Multiplet
c2_2_GACCCAGAGGGCCCTT-1,BAL 05
c2_2_GACCCAGCACTACCCT-1,BAL 01
c2_2_GACCCAGGTCATAAAG-1,BAL 06
c2_2_GACCCAGGTTGCGGCT-1,BAL 08
c2_2_GACCCAGTCCTCACTG-1,BAL 03
c2_2_GACCCAGTCGCTGTTC-1,Multiplet
c2_2_GACCCAGTCGCTTACC-1,BAL 01
c2_2_GACCCAGTCGGTCTAA-1,BAL 07
c2_2_GACCCTTAGGAAAGTG-1,BAL 02
c2_2_GACCCTTAGGGTTAAT-1,BAL 02
c2_2_GACCCTTAGTTGCTCA-1,BAL 02
c2_2_GACCCTTCACTTCAGA-1,BAL 03
c2_2_GACCCTTGTACCGGCT-1,Multiplet
c2_2_GACCCTTGTATGCTTG-1,BAL 02
c2_2_GACCCTTGTTGATGTC-1,Negative
c2_2_GACCCTTTCACATTGG-1,Multiplet
c2_2_GACCCTTTCACCGGTG-1,BAL 07
c2_2_GACCCTTTCTATGCCC-1,BAL 05
c2_2_GACCGTGAGAAGCTCG-1,BAL 08
c2_2_GACCGTGAGACTAAGT-1,BAL 01
c2_2_GACCGTGAGAGATGCC-1,BAL 07
c2_2_GACCGTGAGGCAGGTT-1,BAL 05
c2_2_GACCGTGAGTGATAGT-1,BAL 02
c2_2_GACCGTGCAACAACAA-1,BAL 08
c2_2_GACCGTGCACAAAGCG-1,BAL 08
c2_2_GACCGTGCACGGAAGT-1,BAL 03
c2_2_GACCGTGCATCAGTGT-1,BAL 06
c2_2_GACCGTGGTACTCCCT-1,BAL 06
c2_2_GACCGTGGTAGAATAC-1,BAL 03
c2_2_GACCGTGTCACGATCA-1,Multiplet
c2_2_GACCGTGTCCGCGATG-1,BAL 01
c2_2_GACCGTGTCGGTAAGG-1,BAL 08
c2_2_GACCTTCAGCACCGTC-1,BAL 07
c2_2_GACCTTCAGGACAAGA-1,BAL 08
c2_2_GACCTTCAGTAACCTC-1,BAL 02
c2_2_GACCTTCCAGAGATTA-1,Multiplet
c2_2_GACCTTCGTAGGAGGG-1,Multiplet
c2_2_GACCTTCGTCGGTGTC-1,BAL 07
c2_2_GACCTTCGTCGTCTCT-1,BAL 04
c2_2_GACCTTCTCACTACGA-1,Multiplet
c2_2_GACCTTCTCCCAGGCA-1,Multiplet
c2_2_GACCTTCTCCTATTTG-1,Multiplet
c2_2_GACCTTCTCGCATGAT-1,Multiplet
c2_2_GACCTTCTCTTGAACG-1,BAL 03
c2_2_GACGCTGAGGTTCTTG-1,BAL 05
c2_2_GACGCTGCACCAATTG-1,BAL 01
c2_2_GACGCTGCATGTGGCC-1,Multiplet
c2_2_GACGCTGGTACTGGGA-1,Multiplet
c2_2_GACGCTGGTCACCGAC-1,BAL 08
c2_2_GACGCTGGTGCAACAG-1,Multiplet
c2_2_GACGCTGGTTGCGAAG-1,BAL 05
c2_2_GACGCTGTCCGTGGTG-1,BAL 03
c2_2_GACGTTAAGGATTCCT-1,BAL 05
c2_2_GACGTTAAGTATAACG-1,BAL 03
c2_2_GACGTTACAATGACCT-1,BAL 05
c2_2_GACGTTACACTACCGG-1,Multiplet
c2_2_GACGTTACATCATCTT-1,Multiplet
c2_2_GACGTTACATCTTAGG-1,BAL 01
c2_2_GACGTTAGTACAAACA-1,BAL 06
c2_2_GACGTTAGTATCGGTT-1,Multiplet
c2_2_GACGTTAGTATTTCTC-1,BAL 01
c2_2_GACGTTAGTCAGTCGC-1,BAL 03
c2_2_GACGTTAGTGCCGTAC-1,Negative
c2_2_GACGTTAGTTCAGCTA-1,BAL 07
c2_2_GACGTTAGTTCCATTT-1,BAL 07
c2_2_GACGTTAGTTGTCCCT-1,BAL 06
c2_2_GACGTTATCCCAGCGA-1,BAL 06
c2_2_GACGTTATCGCTTTAT-1,Multiplet
c2_2_GACGTTATCTACCCAC-1,BAL 03
c2_2_GACTATGAGCATGAAT-1,BAL 03
c2_2_GACTATGAGCGATGCA-1,BAL 02
c2_2_GACTATGAGCGCTGAA-1,BAL 02
c2_2_GACTATGAGCTCGTGC-1,BAL 04
c2_2_GACTATGAGTCACTGT-1,BAL 07
c2_2_GACTATGCACAGCTGC-1,BAL 02
c2_2_GACTATGCACTCTAGA-1,Negative
c2_2_GACTATGCATAGATGA-1,Multiplet
c2_2_GACTATGCATGTGTCA-1,BAL 03
c2_2_GACTATGGTAGTCTGT-1,BAL 04
c2_2_GACTATGGTATACCCA-1,BAL 08
c2_2_GACTATGGTCGATTTG-1,BAL 04
c2_2_GACTATGGTCGGTGAA-1,BAL 05
c2_2_GACTATGGTGCGACAA-1,BAL 04
c2_2_GACTATGGTTCAAACC-1,BAL 05
c2_2_GACTATGGTTCAGGTT-1,BAL 05
c2_2_GACTATGTCGGTGTTA-1,BAL 08
c2_2_GACTCAAAGAGGTCGT-1,Multiplet
c2_2_GACTCAAAGGAAGTCC-1,Multiplet
c2_2_GACTCAAAGGTTGGTG-1,BAL 03
c2_2_GACTCAACAAACTAAG-1,BAL 04
c2_2_GACTCAACAACGACTT-1,Multiplet
c2_2_GACTCAACACTTGTGA-1,BAL 02
c2_2_GACTCAACAGAAGCGT-1,BAL 04
c2_2_GACTCAACATAGATGA-1,BAL 05
c2_2_GACTCAACATGCGTGC-1,BAL 04
c2_2_GACTCAAGTACCAATC-1,BAL 03
c2_2_GACTCAAGTCGACTTA-1,BAL 03
c2_2_GACTCAAGTCTGCGCA-1,BAL 06
c2_2_GACTCAAGTTATCTGG-1,BAL 05
c2_2_GACTCAATCCATCTGC-1,BAL 07
c2_2_GACTCAATCCGTGGCA-1,BAL 08
c2_2_GACTCTCAGAAGCGCT-1,BAL 01
c2_2_GACTCTCAGATGATTG-1,Negative
c2_2_GACTCTCAGCAAACAT-1,BAL 04
c2_2_GACTCTCAGCAAATGT-1,BAL 06
c2_2_GACTCTCAGCACGTCC-1,BAL 07
c2_2_GACTCTCAGGGACACT-1,BAL 07
c2_2_GACTCTCAGTAAACGT-1,BAL 05
c2_2_GACTCTCAGTAAACTG-1,BAL 07
c2_2_GACTCTCAGTAGGATT-1,BAL 04
c2_2_GACTCTCCAGGTTCGC-1,BAL 08
c2_2_GACTCTCCATCTGCGG-1,BAL 04
c2_2_GACTCTCCATGGCGCT-1,Multiplet
c2_2_GACTCTCGTAACAGGC-1,Multiplet
c2_2_GACTCTCGTCTGCAAT-1,BAL 05
c2_2_GACTCTCGTTACGATC-1,BAL 01
c2_2_GACTCTCTCAAAGAAC-1,BAL 07
c2_2_GACTCTCTCATTTACC-1,BAL 02
c2_2_GACTCTCTCCAACCAA-1,BAL 05
c2_2_GACTCTCTCTCCGAGG-1,BAL 07
c2_2_GACTGATAGAGCCCAA-1,BAL 01
c2_2_GACTGATCAAATTGGA-1,Multiplet
c2_2_GACTGATCAACCGACC-1,BAL 03
c2_2_GACTGATCAAGAGCTG-1,BAL 05
c2_2_GACTGATCAATATCCG-1,BAL 07
c2_2_GACTGATGTACAAAGT-1,BAL 03
c2_2_GACTGATGTACCGGCT-1,BAL 06
c2_2_GACTGATGTATACCTG-1,BAL 08
c2_2_GACTGATGTGTTGAGG-1,BAL 05
c2_2_GACTGATGTTAAGACA-1,BAL 05
c2_2_GACTGATTCAACGTGT-1,BAL 08
c2_2_GACTGATTCAGAGCGA-1,BAL 05
c2_2_GACTGATTCCGTGTCT-1,BAL 08
c2_2_GACTGATTCCTGTAAG-1,BAL 08
c2_2_GACTGATTCGATTGAC-1,BAL 02
c2_2_GACTGATTCTTACGTT-1,BAL 05
c2_2_GACTTCCAGAGCATAT-1,BAL 07
c2_2_GACTTCCAGAGTCTTC-1,BAL 02
c2_2_GACTTCCAGATCCGAG-1,BAL 02
c2_2_GACTTCCAGCTGTTAC-1,BAL 03
c2_2_GACTTCCAGGATTCAA-1,BAL 05
c2_2_GACTTCCCAAACGTGG-1,BAL 07
c2_2_GACTTCCCAGCACAGA-1,BAL 03
c2_2_GACTTCCCAGGAGGTT-1,BAL 03
c2_2_GACTTCCCATCGTGGC-1,BAL 04
c2_2_GACTTCCTCACGACTA-1,BAL 08
c2_2_GACTTCCTCCATAGAC-1,BAL 03
c2_2_GACTTCCTCCTGTTGC-1,Multiplet
c2_2_GACTTCCTCGCTTGCT-1,BAL 01
c2_2_GAGAAATAGAAGATCT-1,BAL 05
c2_2_GAGAAATAGATGACCG-1,BAL 05
c2_2_GAGAAATAGATGTTAG-1,BAL 03
c2_2_GAGAAATAGCATGCGA-1,Multiplet
c2_2_GAGAAATAGGTAAGGA-1,BAL 03
c2_2_GAGAAATAGGTTCCAT-1,BAL 05
c2_2_GAGAAATAGTAGACCG-1,Multiplet
c2_2_GAGAAATCACATGGTT-1,Multiplet
c2_2_GAGAAATCACCGAATT-1,BAL 04
c2_2_GAGAAATGTCCAACGC-1,BAL 06
c2_2_GAGAAATGTGTCACAT-1,BAL 07
c2_2_GAGAAATGTTAGCGGA-1,BAL 03
c2_2_GAGAAATTCCTATGGA-1,BAL 01
c2_2_GAGAAATTCGAGATGG-1,BAL 08
c2_2_GAGACCCAGCAATTAG-1,BAL 01
c2_2_GAGACCCAGGCTAAAT-1,BAL 07
c2_2_GAGACCCCACACACTA-1,BAL 01
c2_2_GAGACCCGTGCCGAAA-1,BAL 08
c2_2_GAGACCCGTTCGCGTG-1,BAL 05
c2_2_GAGACCCTCACTACGA-1,BAL 03
c2_2_GAGACCCTCAGCTTCC-1,BAL 05
c2_2_GAGACCCTCTCAGGCG-1,BAL 05
c2_2_GAGACCCTCTGTCGCT-1,BAL 04
c2_2_GAGACTTAGAATACAC-1,Multiplet
c2_2_GAGACTTAGATACAGT-1,Multiplet
c2_2_GAGACTTAGCCTTTGA-1,BAL 07
c2_2_GAGACTTAGTGAGGTC-1,Multiplet
c2_2_GAGACTTAGTTAACGA-1,BAL 01
c2_2_GAGACTTCACCCAAGC-1,BAL 05
c2_2_GAGACTTCATTCAGCA-1,BAL 07
c2_2_GAGACTTGTAAGACCG-1,BAL 03
c2_2_GAGACTTGTATGAAGT-1,Multiplet
c2_2_GAGACTTGTCCTGAAT-1,BAL 02
c2_2_GAGACTTGTCTAGGCC-1,Multiplet
c2_2_GAGACTTGTTGGCCGT-1,BAL 05
c2_2_GAGACTTTCCACCCTA-1,BAL 02
c2_2_GAGACTTTCGAATCCA-1,Negative
c2_2_GAGACTTTCGTAGAGG-1,BAL 06
c2_2_GAGACTTTCTGTTGGA-1,BAL 07
c2_2_GAGAGGTAGACAGCTG-1,BAL 05
c2_2_GAGAGGTAGATGGTCG-1,BAL 08
c2_2_GAGAGGTAGGTGGTTG-1,Multiplet
c2_2_GAGAGGTAGTGGACTG-1,Multiplet
c2_2_GAGAGGTCACATGAAA-1,BAL 03
c2_2_GAGAGGTCAGCACAGA-1,BAL 02
c2_2_GAGAGGTGTACCGTCG-1,BAL 06
c2_2_GAGAGGTGTTACAGCT-1,Multiplet
c2_2_GAGAGGTGTTATTCCT-1,Multiplet
c2_2_GAGAGGTTCGAGAGAC-1,BAL 02
c2_2_GAGAGGTTCGCTTACC-1,BAL 06
c2_2_GAGAGGTTCGTCTAAG-1,BAL 03
c2_2_GAGAGGTTCTCCGCAT-1,Multiplet
c2_2_GAGATGGAGAGATTCA-1,BAL 05
c2_2_GAGATGGAGCATTGTC-1,BAL 02
c2_2_GAGATGGAGTGAGGTC-1,Multiplet
c2_2_GAGATGGCACAGCTTA-1,BAL 03
c2_2_GAGATGGCAGGAAGTC-1,BAL 03
c2_2_GAGATGGGTACCCACG-1,BAL 07
c2_2_GAGATGGGTCCAGGTC-1,BAL 04
c2_2_GAGATGGGTCGCATCG-1,BAL 02
c2_2_GAGATGGGTCGCTGCA-1,BAL 03
c2_2_GAGATGGGTGAGAGGG-1,BAL 01
c2_2_GAGATGGGTGAGGCAT-1,BAL 02
c2_2_GAGATGGGTTCCGCAG-1,BAL 01
c2_2_GAGATGGGTTGCCAAT-1,BAL 01
c2_2_GAGATGGTCCATACTT-1,BAL 05
c2_2_GAGATGGTCGAGTGAG-1,BAL 03
c2_2_GAGCCTGAGCCGTAAG-1,BAL 08
c2_2_GAGCCTGAGGGAGATA-1,BAL 03
c2_2_GAGCCTGAGTAGCCAG-1,Multiplet
c2_2_GAGCCTGAGTCGGCAA-1,BAL 08
c2_2_GAGCCTGCAAGGTCGA-1,BAL 08
c2_2_GAGCCTGCAGCGTATT-1,BAL 03
c2_2_GAGCCTGCAGGCACAA-1,BAL 02
c2_2_GAGCCTGCATACTGTG-1,BAL 04
c2_2_GAGCCTGCATCGGATT-1,BAL 06
c2_2_GAGCCTGGTGCATGAG-1,Multiplet
c2_2_GAGCCTGTCCACGTGG-1,BAL 03
c2_2_GAGCCTGTCTCCGATC-1,BAL 07
c2_2_GAGCTGCAGAGCGACT-1,BAL 04
c2_2_GAGCTGCAGCTAGTTC-1,BAL 08
c2_2_GAGCTGCAGGTCGACA-1,BAL 02
c2_2_GAGCTGCAGTAGTCCT-1,BAL 06
c2_2_GAGCTGCAGTCTGGTT-1,BAL 04
c2_2_GAGCTGCAGTGGTTAA-1,BAL 03
c2_2_GAGCTGCCAACGTTAC-1,Multiplet
c2_2_GAGCTGCCACATTCTT-1,BAL 02
c2_2_GAGCTGCCATCACCAA-1,BAL 04
c2_2_GAGCTGCGTAGCTCGC-1,BAL 04
c2_2_GAGCTGCGTATGGAGC-1,Multiplet
c2_2_GAGCTGCGTCAGACTT-1,BAL 06
c2_2_GAGCTGCGTTCTCCAC-1,BAL 07
c2_2_GAGCTGCTCACGGACC-1,BAL 04
c2_2_GAGCTGCTCATGTCAG-1,Multiplet
c2_2_GAGCTGCTCATTACGG-1,Multiplet
c2_2_GAGCTGCTCGCAGTCG-1,BAL 04
c2_2_GAGCTGCTCTCTGACC-1,Multiplet
c2_2_GAGGCAAAGAAACACT-1,BAL 02
c2_2_GAGGCAAAGAACCGCA-1,BAL 05
c2_2_GAGGCAACAACCGCTG-1,BAL 07
c2_2_GAGGCAACACGAGGAT-1,BAL 06
c2_2_GAGGCAAGTACTTGTG-1,BAL 06
c2_2_GAGGCAAGTCGTTATG-1,BAL 07
c2_2_GAGGCAAGTGGGAGAG-1,BAL 02
c2_2_GAGGCAATCGATGCAT-1,BAL 02
c2_2_GAGGCAATCTATCGCC-1,BAL 06
c2_2_GAGGCCTAGTAGCCAG-1,BAL 08
c2_2_GAGGCCTAGTGACACG-1,Multiplet
c2_2_GAGGCCTAGTGGTTGG-1,BAL 02
c2_2_GAGGCCTAGTTCGCAT-1,BAL 05
c2_2_GAGGCCTCAAAGACGC-1,BAL 02
c2_2_GAGGCCTCAGCTGAAG-1,BAL 03
c2_2_GAGGCCTCATCGGAAG-1,BAL 05
c2_2_GAGGCCTGTCCTTAAG-1,BAL 04
c2_2_GAGGCCTGTGGCAACA-1,BAL 08
c2_2_GAGGCCTTCATGCTAG-1,BAL 08
c2_2_GAGGCCTTCGAGCACC-1,BAL 06
c2_2_GAGGCCTTCGCACTCT-1,Multiplet
c2_2_GAGGGATAGCGACCCT-1,BAL 08
c2_2_GAGGGATCAAAGGGCT-1,BAL 03
c2_2_GAGGGATCACATTCTT-1,Multiplet
c2_2_GAGGGATGTATCAAGA-1,BAL 07
c2_2_GAGGGATTCCACTTCG-1,BAL 06
c2_2_GAGGGATTCCGCACGA-1,BAL 07
c2_2_GAGGGATTCTGTTCAT-1,Multiplet
c2_2_GAGGGTAAGCCAAGGT-1,Multiplet
c2_2_GAGGGTAAGGACGGAG-1,BAL 07
c2_2_GAGGGTAAGGCGTTGA-1,BAL 04
c2_2_GAGGGTAAGGTTTACC-1,BAL 03
c2_2_GAGGGTAAGTGCCCGT-1,Multiplet
c2_2_GAGGGTAAGTGGTCAG-1,BAL 05
c2_2_GAGGGTACAAGGTCTT-1,BAL 05
c2_2_GAGGGTACAGGTGTGA-1,BAL 02
c2_2_GAGGGTACAGGTTTAC-1,BAL 07
c2_2_GAGGGTAGTATGAGGC-1,BAL 08
c2_2_GAGGGTATCGTTATCT-1,BAL 05
c2_2_GAGGGTATCTCTAAGG-1,Multiplet
c2_2_GAGGGTATCTTCCACG-1,Multiplet
c2_2_GAGTCATAGAAACCAT-1,BAL 03
c2_2_GAGTCATAGAAGTGTT-1,BAL 01
c2_2_GAGTCATAGCAATTAG-1,BAL 08
c2_2_GAGTCATAGGTAAACT-1,BAL 08
c2_2_GAGTCATAGTACCGGA-1,BAL 03
c2_2_GAGTCATCAACACACT-1,BAL 02
c2_2_GAGTCATGTCCCTGAG-1,BAL 04
c2_2_GAGTCATGTGCGCTCA-1,BAL 01
c2_2_GAGTCATGTTGACTGT-1,BAL 05
c2_2_GAGTCATTCACAGAGG-1,BAL 05
c2_2_GAGTCATTCAGTGATC-1,BAL 02
c2_2_GAGTCATTCTCTTGCG-1,BAL 07
c2_2_GAGTCATTCTTGATTC-1,BAL 08
c2_2_GAGTCTACAAGCGCAA-1,BAL 08
c2_2_GAGTCTACAAGTGGGT-1,BAL 07
c2_2_GAGTCTAGTATGAGCG-1,BAL 07
c2_2_GAGTCTAGTCACTACA-1,Multiplet
c2_2_GAGTCTAGTCACTCTC-1,BAL 07
c2_2_GAGTCTAGTCATAAAG-1,BAL 08
c2_2_GAGTCTAGTCTCTCCA-1,Negative
c2_2_GAGTCTATCGGTAACT-1,Multiplet
c2_2_GAGTGAGAGCCTGGAA-1,Multiplet
c2_2_GAGTGAGAGCTGGCTC-1,BAL 07
c2_2_GAGTGAGAGGCGACAT-1,BAL 03
c2_2_GAGTGAGAGTAACCTC-1,BAL 05
c2_2_GAGTGAGAGTAGTCAA-1,BAL 07
c2_2_GAGTGAGCACCAGCGT-1,BAL 06
c2_2_GAGTGAGCACGCTTAA-1,BAL 05
c2_2_GAGTGAGCACTGTCCT-1,BAL 06
c2_2_GAGTGAGCAGATGCGA-1,BAL 03
c2_2_GAGTGAGGTCATGACT-1,Multiplet
c2_2_GAGTGAGGTCCTATAG-1,BAL 05
c2_2_GAGTGAGGTCTTTCAT-1,Multiplet
c2_2_GAGTGAGGTGACAGCA-1,BAL 05
c2_2_GAGTGAGGTGGCTGCT-1,Multiplet
c2_2_GAGTGAGGTTCTCACC-1,Negative
c2_2_GAGTGAGTCATGCGGC-1,BAL 02
c2_2_GAGTGTTAGAGATCGC-1,BAL 04
c2_2_GAGTGTTAGCGGACAT-1,BAL 07
c2_2_GAGTGTTAGGTAGTAT-1,BAL 07
c2_2_GAGTGTTAGGTGCATG-1,BAL 03
c2_2_GAGTGTTAGTTCATCG-1,BAL 06
c2_2_GAGTGTTCAATTCTTC-1,BAL 04
c2_2_GAGTGTTCACCTCTGT-1,BAL 05
c2_2_GAGTGTTCAGCAGAAC-1,BAL 04
c2_2_GAGTGTTCAGCCCAGT-1,BAL 05
c2_2_GAGTGTTCATAAGCAA-1,BAL 07
c2_2_GAGTGTTGTCCGTTTC-1,Multiplet
c2_2_GAGTGTTGTTCGGTCG-1,Multiplet
c2_2_GAGTGTTTCACTTGTT-1,BAL 05
c2_2_GAGTGTTTCGTGCATA-1,Multiplet
c2_2_GAGTTACAGACCGTTT-1,Multiplet
c2_2_GAGTTACAGCAAACAT-1,BAL 04
c2_2_GAGTTACAGCGCTGCT-1,BAL 07
c2_2_GAGTTACCACATAACC-1,Multiplet
c2_2_GAGTTACCAGAGAATT-1,BAL 03
c2_2_GAGTTACCAGGGTTGA-1,BAL 04
c2_2_GAGTTACCATCGAACT-1,Multiplet
c2_2_GAGTTACGTCAGCGTC-1,BAL 01
c2_2_GAGTTACGTTGCTCAA-1,BAL 02
c2_2_GAGTTACGTTGGGATG-1,BAL 08
c2_2_GAGTTACTCCAAGAGG-1,BAL 05
c2_2_GAGTTGTAGCAGGGAG-1,Multiplet
c2_2_GAGTTGTAGCATGAAT-1,BAL 08
c2_2_GAGTTGTAGCTGACTT-1,BAL 02
c2_2_GAGTTGTAGGGACACT-1,BAL 05
c2_2_GAGTTGTAGTACAACA-1,Multiplet
c2_2_GAGTTGTCAAGCGCAA-1,Multiplet
c2_2_GAGTTGTCACTAGGCC-1,Multiplet
c2_2_GAGTTGTCAGATCCTA-1,Multiplet
c2_2_GAGTTGTGTGATTGGG-1,Multiplet
c2_2_GAGTTGTGTGTGTCGC-1,BAL 08
c2_2_GAGTTGTGTTGCATCA-1,BAL 07
c2_2_GAGTTGTTCATATGGC-1,Multiplet
c2_2_GAGTTGTTCGTTCATT-1,BAL 03
c2_2_GAGTTGTTCTTCGTAT-1,BAL 07
c2_2_GAGTTTGCACACTTAG-1,BAL 01
c2_2_GAGTTTGCACTCTGCT-1,Multiplet
c2_2_GAGTTTGCATGACAAA-1,BAL 05
c2_2_GAGTTTGCATGCTGCG-1,BAL 05
c2_2_GAGTTTGGTAGCGCTC-1,Multiplet
c2_2_GAGTTTGGTTCAGCTA-1,BAL 02
c2_2_GAGTTTGGTTGAGGAC-1,BAL 02
c2_2_GAGTTTGTCATCTACT-1,Multiplet
c2_2_GAGTTTGTCCACACCT-1,BAL 08
c2_2_GAGTTTGTCGATAACC-1,BAL 05
c2_2_GAGTTTGTCTACCACC-1,BAL 08
c2_2_GAGTTTGTCTCCTGAC-1,Multiplet
c2_2_GATAGAACAAGAATAC-1,BAL 06
c2_2_GATAGAACACTACGGC-1,BAL 05
c2_2_GATAGAACATCGCTAA-1,BAL 07
c2_2_GATAGAAGTCGTGGAA-1,BAL 05
c2_2_GATAGAATCCTAAGTG-1,BAL 08
c2_2_GATAGCTAGGAACATT-1,BAL 03
c2_2_GATAGCTCAACTCCCT-1,BAL 03
c2_2_GATAGCTCATACAGGG-1,BAL 03
c2_2_GATAGCTGTGTTTGCA-1,Multiplet
c2_2_GATAGCTTCCTCTGCA-1,BAL 03
c2_2_GATAGCTTCGAGCACC-1,BAL 07
c2_2_GATCACACACGGCGTT-1,Negative
c2_2_GATCACAGTCGCGTTG-1,BAL 06
c2_2_GATCACAGTTCTTGTT-1,BAL 03
c2_2_GATCACAGTTGGATCT-1,BAL 08
c2_2_GATCACATCATAGGCT-1,BAL 05
c2_2_GATCACATCCATCAGA-1,BAL 03
c2_2_GATCACATCCTGTAGA-1,Multiplet
c2_2_GATCAGTAGATACGAT-1,BAL 04
c2_2_GATCAGTAGCACCTGC-1,BAL 02
c2_2_GATCAGTAGTACTGTC-1,BAL 02
c2_2_GATCAGTCACAGCTTA-1,Multiplet
c2_2_GATCAGTGTGACACGA-1,BAL 07
c2_2_GATCAGTGTGAGAGGG-1,Multiplet
c2_2_GATCAGTGTGAGGAAA-1,Multiplet
c2_2_GATCAGTGTGTACAGG-1,BAL 06
c2_2_GATCAGTGTGTTCATG-1,BAL 01
c2_2_GATCAGTTCGCTAATG-1,BAL 01
c2_2_GATCAGTTCGTGCATA-1,Multiplet
c2_2_GATCAGTTCTCTGGTC-1,BAL 05
c2_2_GATCATGAGCAACAGC-1,Multiplet
c2_2_GATCATGAGCTAGATA-1,BAL 01
c2_2_GATCATGAGGACAACC-1,BAL 01
c2_2_GATCATGAGGTACCTT-1,BAL 06
c2_2_GATCATGAGGTGATAT-1,BAL 02
c2_2_GATCATGAGGTTCATC-1,BAL 05
c2_2_GATCATGCAAATGCTC-1,BAL 08
c2_2_GATCATGCAAGACGAC-1,BAL 05
c2_2_GATCATGCATAAGATG-1,Multiplet
c2_2_GATCATGCATGAAGCG-1,BAL 05
c2_2_GATCATGCATGACGGA-1,BAL 03
c2_2_GATCATGGTACTCGAT-1,BAL 03
c2_2_GATCATGGTGAGCTCC-1,BAL 07
c2_2_GATCATGTCATACAGC-1,BAL 08
c2_2_GATCATGTCCTACTGC-1,BAL 02
c2_2_GATCATGTCGTTCTAT-1,BAL 03
c2_2_GATCATGTCTAGTACG-1,BAL 02
c2_2_GATCATGTCTCTGCCA-1,BAL 04
c2_2_GATCCCTAGGCGCTTC-1,BAL 05
c2_2_GATCCCTAGGCTCAAG-1,Multiplet
c2_2_GATCCCTAGTATGAGT-1,Multiplet
c2_2_GATCCCTCACAAGCAG-1,BAL 03
c2_2_GATCCCTCACGTCATA-1,BAL 03
c2_2_GATCCCTCACTTCAAG-1,Negative
c2_2_GATCCCTCAGATCCAT-1,BAL 02
c2_2_GATCCCTGTAAGTTGA-1,BAL 07
c2_2_GATCCCTGTATCTCTT-1,Multiplet
c2_2_GATCCCTGTGTCTCCT-1,Multiplet
c2_2_GATCCCTGTTCGCGTG-1,BAL 06
c2_2_GATCCCTTCAAAGGAT-1,BAL 03
c2_2_GATCCCTTCCCGTGTT-1,BAL 08
c2_2_GATCCCTTCCGTGTAA-1,BAL 04
c2_2_GATCCCTTCGCCATAA-1,Multiplet
c2_2_GATCCCTTCGCTGTCT-1,BAL 02
c2_2_GATCCCTTCTAGATCG-1,BAL 04
c2_2_GATCGTACAAACGAGC-1,BAL 06
c2_2_GATCGTACAAGTTCCA-1,Multiplet
c2_2_GATCGTACAGAAGTTA-1,BAL 01
c2_2_GATCGTAGTAAGCAAT-1,BAL 04
c2_2_GATCGTAGTAGCTGTT-1,BAL 04
c2_2_GATCGTAGTGGCTACC-1,BAL 02
c2_2_GATCGTAGTGTGACCC-1,BAL 08
c2_2_GATCGTAGTTGGAGGT-1,Multiplet
c2_2_GATCGTATCAGCGTCG-1,BAL 05
c2_2_GATCGTATCCAGTACA-1,BAL 08
c2_2_GATCGTATCCCATTTA-1,BAL 05
c2_2_GATCGTATCCGGACGT-1,BAL 02
c2_2_GATCGTATCGTGCTCT-1,Multiplet
c2_2_GATCGTATCTCCACTG-1,BAL 03
c2_2_GATCGTATCTTGCAGA-1,BAL 06
c2_2_GATGACTAGAAAGTCT-1,BAL 01
c2_2_GATGACTAGTCCGCGT-1,BAL 03
c2_2_GATGACTAGTTAGTGA-1,Multiplet
c2_2_GATGACTCAATGTCTG-1,Multiplet
c2_2_GATGACTCACGGAAGT-1,Multiplet
c2_2_GATGACTCACGTACTA-1,BAL 03
c2_2_GATGACTCAGGAGGAG-1,BAL 04
c2_2_GATGACTCAGTAGAAT-1,BAL 04
c2_2_GATGACTGTACTCAAC-1,BAL 07
c2_2_GATGACTGTAGGTGCA-1,Multiplet
c2_2_GATGACTGTATGGGAC-1,BAL 04
c2_2_GATGACTGTCGTCAGC-1,Multiplet
c2_2_GATGACTGTGACGTCC-1,BAL 04
c2_2_GATGACTGTGAGATTA-1,BAL 02
c2_2_GATGACTTCCGTGTGG-1,BAL 03
c2_2_GATGACTTCCTCACTG-1,Multiplet
c2_2_GATGAGGAGGAGAATG-1,BAL 08
c2_2_GATGAGGCAAATGGCG-1,BAL 01
c2_2_GATGAGGCACTCATAG-1,BAL 05
c2_2_GATGAGGCATCCCGTT-1,BAL 01
c2_2_GATGAGGCATGAAGGC-1,BAL 03
c2_2_GATGAGGCATGACTTG-1,BAL 02
c2_2_GATGAGGGTCGGTACC-1,BAL 01
c2_2_GATGAGGGTGGTAATA-1,BAL 08
c2_2_GATGAGGGTTTAAGGA-1,BAL 02
c2_2_GATGAGGTCCATACAG-1,BAL 08
c2_2_GATGAGGTCCGTAGTA-1,BAL 03
c2_2_GATGAGGTCCGTGCGA-1,Multiplet
c2_2_GATGAGGTCCTATTGT-1,BAL 06
c2_2_GATGAGGTCTTGCAAG-1,BAL 08
c2_2_GATGATCAGCGCTGCT-1,BAL 05
c2_2_GATGATCAGGTCACTT-1,BAL 06
c2_2_GATGATCCAGTTCCAA-1,BAL 02
c2_2_GATGATCGTCGTCGGT-1,BAL 04
c2_2_GATGATCGTGGACCTC-1,BAL 03
c2_2_GATGATCGTTATCCAG-1,Multiplet
c2_2_GATGATCTCACTGTCC-1,BAL 07
c2_2_GATGATCTCCCAGCGA-1,Multiplet
c2_2_GATGATCTCTGGTGCG-1,Multiplet
c2_2_GATGCTAAGAAGTCAT-1,BAL 06
c2_2_GATGCTAAGCCTTTCC-1,BAL 07
c2_2_GATGCTAAGGACATCG-1,Multiplet
c2_2_GATGCTAAGGATACCG-1,BAL 03
c2_2_GATGCTAAGTCCCGGT-1,BAL 05
c2_2_GATGCTAAGTGGACTG-1,BAL 04
c2_2_GATGCTACATCATGAC-1,Multiplet
c2_2_GATGCTAGTACGAGCA-1,BAL 02
c2_2_GATGCTAGTGTTTGCA-1,Multiplet
c2_2_GATGCTAGTTGTATGC-1,Multiplet
c2_2_GATGCTAGTTGTGGAG-1,BAL 04
c2_2_GATGCTAGTTGTGGCC-1,BAL 03
c2_2_GATGCTATCCCAGGAC-1,BAL 07
c2_2_GATGCTATCTCCATAT-1,BAL 01
c2_2_GATGCTATCTTGGCTC-1,BAL 05
c2_2_GATGGAGAGATGCTAA-1,BAL 06
c2_2_GATGGAGAGCGTGCTC-1,BAL 04
c2_2_GATGGAGAGCTACTAC-1,BAL 04
c2_2_GATGGAGAGTGGTTGG-1,BAL 04
c2_2_GATGGAGAGTTCGGTT-1,BAL 02
c2_2_GATGGAGCAACAACAA-1,BAL 03
c2_2_GATGGAGCACCTGTCT-1,BAL 02
c2_2_GATGGAGGTAGGCAGT-1,Multiplet
c2_2_GATGGAGGTAGGTACG-1,BAL 05
c2_2_GATGGAGGTGGAACAC-1,BAL 08
c2_2_GATGGAGTCCACGTGG-1,BAL 05
c2_2_GATGGAGTCGACGAGA-1,BAL 03
c2_2_GATGGAGTCTGCGTCT-1,BAL 03
c2_2_GATGGAGTCTTAATCC-1,BAL 03
c2_2_GATGTTGAGAACCCGA-1,BAL 04
c2_2_GATGTTGAGCGAGAAA-1,Multiplet
c2_2_GATGTTGAGTCCCTAA-1,Multiplet
c2_2_GATGTTGAGTGATCGG-1,BAL 06
c2_2_GATGTTGCAAATTGGA-1,BAL 02
c2_2_GATGTTGCAAGTCATC-1,Multiplet
c2_2_GATGTTGCACTAGAGG-1,BAL 07
c2_2_GATGTTGCATAGAGGC-1,BAL 01
c2_2_GATGTTGTCATGCAGT-1,BAL 08
c2_2_GATTCGAAGAATAGTC-1,BAL 08
c2_2_GATTCGAAGAGCCATG-1,Multiplet
c2_2_GATTCGAAGGCTAAAT-1,Multiplet
c2_2_GATTCGAAGGTCTGGA-1,BAL 06
c2_2_GATTCGACAAACTAGA-1,BAL 08
c2_2_GATTCGACAACACGTT-1,BAL 02
c2_2_GATTCGACAACGCATT-1,Multiplet
c2_2_GATTCGACAAGTTCCA-1,BAL 07
c2_2_GATTCGACACAAAGTA-1,Multiplet
c2_2_GATTCGACACATGACT-1,BAL 02
c2_2_GATTCGACACGCTGCA-1,BAL 02
c2_2_GATTCGACAGTCTACA-1,BAL 05
c2_2_GATTCGAGTACAGTCT-1,Multiplet
c2_2_GATTCGAGTCCGAAAG-1,BAL 07
c2_2_GATTCGAGTGGTCCGT-1,BAL 03
c2_2_GATTCGAGTTGGTGTT-1,BAL 03
c2_2_GATTCGATCTGGTCAA-1,Multiplet
c2_2_GATTCTTAGATGGCAC-1,BAL 08
c2_2_GATTCTTAGCCTCATA-1,BAL 07
c2_2_GATTCTTAGCGGTAAC-1,BAL 04
c2_2_GATTCTTAGCTGTACT-1,BAL 05
c2_2_GATTCTTAGGGTTAAT-1,Multiplet
c2_2_GATTCTTAGTAGTCCT-1,BAL 05
c2_2_GATTCTTAGTATAGAC-1,BAL 05
c2_2_GATTCTTCACAAGGTG-1,BAL 05
c2_2_GATTCTTCACGGTAGA-1,BAL 01
c2_2_GATTCTTCACTTGACA-1,BAL 07
c2_2_GATTCTTCAGAATCGG-1,BAL 05
c2_2_GATTCTTCAGATACCT-1,BAL 05
c2_2_GATTCTTCAGTTCACA-1,BAL 06
c2_2_GATTCTTCAGTTTGGT-1,BAL 05
c2_2_GATTCTTGTACGTAGG-1,BAL 08
c2_2_GATTCTTGTTGCCAAT-1,BAL 03
c2_2_GATTCTTGTTTACCAG-1,BAL 02
c2_2_GATTCTTTCATTTACC-1,BAL 06
c2_2_GATTCTTTCCATTTAC-1,BAL 02
c2_2_GATTCTTTCCTTGGAA-1,Multiplet
c2_2_GATTCTTTCGGCATAT-1,BAL 05
c2_2_GATTCTTTCGTGGCTG-1,BAL 08
c2_2_GATTCTTTCTACTCAT-1,Multiplet
c2_2_GATTCTTTCTGGTCAA-1,Multiplet
c2_2_GATTGGTCACTCGATA-1,BAL 06
c2_2_GATTGGTCACTTACAG-1,BAL 08
c2_2_GATTGGTCAGAGATTA-1,BAL 02
c2_2_GATTGGTCAGCAGTTT-1,Multiplet
c2_2_GATTGGTGTATCAAGA-1,BAL 06
c2_2_GATTGGTGTTGCTAGT-1,BAL 05
c2_2_GATTGGTTCAGCTGAT-1,BAL 05
c2_2_GATTGGTTCTGACGCG-1,BAL 03
c2_2_GATTTCTAGCCTTGAT-1,BAL 05
c2_2_GATTTCTAGCGGTATG-1,Multiplet
c2_2_GATTTCTCACAACGCC-1,BAL 04
c2_2_GATTTCTCACACCTAA-1,Multiplet
c2_2_GATTTCTCAGTTTGGT-1,BAL 06
c2_2_GATTTCTCATGGGCAA-1,BAL 03
c2_2_GATTTCTGTAAGACCG-1,BAL 01
c2_2_GATTTCTGTACCTAAC-1,BAL 02
c2_2_GATTTCTGTACGTGTT-1,BAL 07
c2_2_GATTTCTGTTTACTTC-1,BAL 06
c2_2_GATTTCTTCAAGCCCG-1,BAL 08
c2_2_GATTTCTTCGCTGTCT-1,BAL 04
c2_2_GATTTCTTCGGCCCAA-1,BAL 07
c2_2_GCAACATAGACTCCGC-1,BAL 04
c2_2_GCAACATAGCACTCCG-1,BAL 07
c2_2_GCAACATAGGAAGTAG-1,BAL 01
c2_2_GCAACATAGGAGGGTG-1,BAL 08
c2_2_GCAACATAGGTGCGAT-1,Multiplet
c2_2_GCAACATCACCTCAGG-1,BAL 07
c2_2_GCAACATCATTGAAAG-1,BAL 08
c2_2_GCAACATGTATCCTCC-1,BAL 06
c2_2_GCAACATGTGCGGCTT-1,BAL 06
c2_2_GCAACATTCAAGGTGG-1,BAL 07
c2_2_GCAACATTCTACTTCA-1,BAL 01
c2_2_GCAACCGAGACTGGGT-1,BAL 06
c2_2_GCAACCGAGCTAGTTC-1,BAL 01
c2_2_GCAACCGAGGCATGCA-1,BAL 05
c2_2_GCAACCGAGGTCACCC-1,BAL 05
c2_2_GCAACCGCAATCGCAT-1,BAL 04
c2_2_GCAACCGCAATGAAAC-1,BAL 05
c2_2_GCAACCGCACCAGACC-1,BAL 01
c2_2_GCAACCGCAGGTTCAT-1,BAL 07
c2_2_GCAACCGGTCTCGGAC-1,BAL 02
c2_2_GCAACCGGTTTGTTGG-1,Multiplet
c2_2_GCAACCGTCACTTGTT-1,BAL 05
c2_2_GCAACCGTCGGCCTTT-1,BAL 08
c2_2_GCACATAAGACCAACG-1,Multiplet
c2_2_GCACATAAGCTAGATA-1,BAL 08
c2_2_GCACATAAGGAAGAAC-1,Multiplet
c2_2_GCACATACACGCGCTA-1,BAL 04
c2_2_GCACATACAGATACTC-1,Negative
c2_2_GCACATACATCCGAAT-1,BAL 03
c2_2_GCACATACATGTCAGT-1,Multiplet
c2_2_GCACATAGTCGTTTCC-1,BAL 01
c2_2_GCACATATCTCGTGAA-1,BAL 04
c2_2_GCACATATCTGCTTAT-1,BAL 06
c2_2_GCACGGTAGATGCTAA-1,BAL 06
c2_2_GCACGGTAGCATCCCG-1,BAL 04
c2_2_GCACGGTAGCATGAAT-1,BAL 07
c2_2_GCACGGTAGTATCCTG-1,BAL 07
c2_2_GCACGGTCACTGCATA-1,Multiplet
c2_2_GCACGGTCATGTGACT-1,BAL 01
c2_2_GCACGGTCATTCGATG-1,BAL 05
c2_2_GCACGGTGTACAGAAT-1,BAL 07
c2_2_GCACGGTGTATCTCGA-1,BAL 05
c2_2_GCACGGTGTGAAGCTG-1,BAL 06
c2_2_GCACGGTGTTACCGTA-1,BAL 05
c2_2_GCACGGTGTTCGGCCA-1,BAL 03
c2_2_GCACGGTGTTTACTTC-1,BAL 05
c2_2_GCACGGTTCAGGTAAA-1,BAL 07
c2_2_GCACGGTTCATGAGAA-1,BAL 08
c2_2_GCACGGTTCCCTAGGG-1,Multiplet
c2_2_GCACGGTTCCTTCGAC-1,BAL 01
c2_2_GCACGGTTCGGTTGTA-1,Multiplet
c2_2_GCACGTGAGAGGATGA-1,Multiplet
c2_2_GCACGTGAGAGGCCAT-1,Multiplet
c2_2_GCACGTGAGCTTTCCC-1,BAL 01
c2_2_GCACGTGAGGCCTGCT-1,BAL 08
c2_2_GCACGTGAGGTCTACT-1,BAL 03
c2_2_GCACGTGAGTGGTGAC-1,BAL 01
c2_2_GCACGTGCAACGGCTC-1,BAL 07
c2_2_GCACGTGGTATTGGCT-1,BAL 06
c2_2_GCACGTGGTGCCTATA-1,Multiplet
c2_2_GCACGTGGTGCCTTTC-1,BAL 05
c2_2_GCACGTGGTTCCATTT-1,BAL 01
c2_2_GCACGTGGTTGCTAGT-1,BAL 03
c2_2_GCACGTGTCAGTGGGA-1,Multiplet
c2_2_GCACGTGTCCATTCGC-1,BAL 07
c2_2_GCACGTGTCGTGGGTC-1,Multiplet
c2_2_GCACTAAAGCCACAAG-1,BAL 08
c2_2_GCACTAAAGGCATGGT-1,BAL 03
c2_2_GCACTAACACACAGAG-1,BAL 06
c2_2_GCACTAACACAGTACT-1,Multiplet
c2_2_GCACTAACACCTGAAT-1,Multiplet
c2_2_GCACTAACACGACTAT-1,BAL 04
c2_2_GCACTAACACTGTGTA-1,BAL 02
c2_2_GCACTAACAGCTTTGA-1,BAL 03
c2_2_GCACTAAGTAACTAAG-1,Multiplet
c2_2_GCACTAAGTACTGACT-1,BAL 04
c2_2_GCACTAAGTCGGTGAA-1,BAL 08
c2_2_GCACTAAGTGTCTTCC-1,BAL 06
c2_2_GCACTAATCAACTGGT-1,BAL 03
c2_2_GCACTAATCCGGCTTT-1,BAL 05
c2_2_GCACTAATCCGTCAAA-1,BAL 03
c2_2_GCACTAATCTCTGCCA-1,BAL 05
c2_2_GCAGCCAAGGTGCAGT-1,BAL 02
c2_2_GCAGCCAAGTCTAACC-1,BAL 04
c2_2_GCAGCCACACTGCTTC-1,BAL 07
c2_2_GCAGCCACAGCCCACA-1,BAL 02
c2_2_GCAGCCAGTAGTGCGA-1,BAL 07
c2_2_GCAGCCAGTATCCCAA-1,BAL 04
c2_2_GCAGCCAGTCAACGCC-1,BAL 07
c2_2_GCAGCCAGTCAGTTTG-1,BAL 02
c2_2_GCAGCCAGTCCTACGG-1,BAL 02
c2_2_GCAGCCAGTGGTGATG-1,BAL 05
c2_2_GCAGCCAGTTAAGGGC-1,BAL 05
c2_2_GCAGCCAGTTACACAC-1,BAL 02
c2_2_GCAGCCAGTTCTAACG-1,BAL 05
c2_2_GCAGCCATCCACGTGG-1,BAL 03
c2_2_GCAGCTGAGAGAGCAA-1,BAL 07
c2_2_GCAGCTGAGGACGCAT-1,Multiplet
c2_2_GCAGCTGCAATTCTTC-1,BAL 03
c2_2_GCAGCTGCACAACATC-1,BAL 01
c2_2_GCAGCTGCAGCTACCG-1,Multiplet
c2_2_GCAGCTGCAGTTTCGA-1,BAL 04
c2_2_GCAGCTGGTAAGCAAT-1,BAL 08
c2_2_GCAGGCTAGACTAGAT-1,BAL 04
c2_2_GCAGGCTAGCCACAAG-1,BAL 08
c2_2_GCAGGCTAGGAAGTGA-1,Multiplet
c2_2_GCAGGCTAGGCCTGCT-1,Multiplet
c2_2_GCAGGCTAGTATTAGG-1,BAL 02
c2_2_GCAGGCTCAAAGGATT-1,Multiplet
c2_2_GCAGGCTCAACAGCCC-1,BAL 07
c2_2_GCAGGCTCATCACAGT-1,Multiplet
c2_2_GCAGGCTCATGCCGGT-1,BAL 05
c2_2_GCAGGCTCATGGCCCA-1,BAL 07
c2_2_GCAGGCTCATTACTCT-1,BAL 05
c2_2_GCAGGCTTCCGCCTAT-1,BAL 08
c2_2_GCAGGCTTCTCCGCAT-1,BAL 07
c2_2_GCAGTTACAAGTAGTA-1,Multiplet
c2_2_GCAGTTACACGAAGAC-1,Multiplet
c2_2_GCAGTTAGTCGTATTG-1,BAL 02
c2_2_GCAGTTAGTGCAGGAT-1,BAL 01
c2_2_GCAGTTAGTGTGTGTT-1,BAL 03
c2_2_GCAGTTATCCCGAGTG-1,BAL 03
c2_2_GCAGTTATCCGGCAAC-1,Multiplet
c2_2_GCAGTTATCGAGAAGC-1,Multiplet
c2_2_GCAGTTATCGTTCCTG-1,BAL 03
c2_2_GCATCGGAGAGACAAG-1,Multiplet
c2_2_GCATCGGAGCGGGTTA-1,BAL 08
c2_2_GCATCGGAGCGTTCCG-1,BAL 05
c2_2_GCATCGGCAAAGGATT-1,BAL 03
c2_2_GCATCGGCACCGTACG-1,BAL 08
c2_2_GCATCGGCACTGGAAG-1,BAL 02
c2_2_GCATCGGGTCATCAGT-1,BAL 04
c2_2_GCATCGGGTGTGTGTT-1,BAL 02
c2_2_GCATCGGGTGTTAACC-1,BAL 04
c2_2_GCATCGGTCACCTCAC-1,BAL 05
c2_2_GCATCGGTCGTTAGTG-1,BAL 04
c2_2_GCATCGGTCTACTTCA-1,BAL 05
c2_2_GCATCTCCAAGATGGC-1,Multiplet
c2_2_GCATCTCCAGACCTAT-1,Multiplet
c2_2_GCATCTCCAGAGATGC-1,BAL 05
c2_2_GCATCTCCAGCAATTC-1,BAL 07
c2_2_GCATCTCCAGCAGTTT-1,BAL 01
c2_2_GCATCTCGTCATCACA-1,BAL 03
c2_2_GCATCTCGTGTATCCA-1,BAL 02
c2_2_GCATCTCGTTTCACTT-1,Multiplet
c2_2_GCATCTCTCCACCCTA-1,BAL 04
c2_2_GCATCTCTCGACGCGT-1,BAL 04
c2_2_GCATGATAGACATCCT-1,BAL 07
c2_2_GCATGATAGCCTTTGA-1,Multiplet
c2_2_GCATGATAGCGCAATG-1,BAL 07
c2_2_GCATGATAGCTCACTA-1,Multiplet
c2_2_GCATGATAGGACACTG-1,Multiplet
c2_2_GCATGATAGTCACTCA-1,BAL 03
c2_2_GCATGATAGTGAATAC-1,Multiplet
c2_2_GCATGATCATGACAAA-1,BAL 04
c2_2_GCATGATCATGACTGT-1,Multiplet
c2_2_GCATGATCATTGGGAG-1,BAL 02
c2_2_GCATGATGTATAGGAT-1,BAL 03
c2_2_GCATGATGTCGTGGTC-1,BAL 08
c2_2_GCATGATGTGGAAGTC-1,BAL 04
c2_2_GCATGATGTTCTTGCC-1,Negative
c2_2_GCATGATTCAGTCTTT-1,BAL 08
c2_2_GCATGATTCATGGAGG-1,BAL 03
c2_2_GCATTAGAGACAGCGT-1,BAL 08
c2_2_GCATTAGAGACGAGCT-1,Multiplet
c2_2_GCATTAGAGGATAATC-1,BAL 03
c2_2_GCATTAGAGTGTTCAC-1,Multiplet
c2_2_GCATTAGCAAAGGCTG-1,BAL 07
c2_2_GCATTAGCAGAGGAAA-1,Multiplet
c2_2_GCATTAGCATGACCCG-1,BAL 03
c2_2_GCATTAGGTTAGGCTT-1,BAL 01
c2_2_GCATTAGGTTGCCATA-1,BAL 01
c2_2_GCATTAGGTTGGTAGG-1,BAL 03
c2_2_GCATTAGTCCACTTTA-1,BAL 07
c2_2_GCCAACGAGGTTAAAC-1,BAL 06
c2_2_GCCAACGAGTGCCGAA-1,BAL 05
c2_2_GCCAACGCAAGGAGTC-1,BAL 06
c2_2_GCCAACGCAATTAGGA-1,BAL 03
c2_2_GCCAACGCACTCATAG-1,Negative
c2_2_GCCAACGCAGAGCGTA-1,BAL 08
c2_2_GCCAACGGTAGCTAAA-1,Multiplet
c2_2_GCCAACGGTATAGGAT-1,BAL 07
c2_2_GCCAACGGTCAAGCCC-1,Multiplet
c2_2_GCCAACGGTCAGACGA-1,Multiplet
c2_2_GCCAACGGTGAGACCA-1,BAL 05
c2_2_GCCAACGGTTACTCAG-1,BAL 05
c2_2_GCCAACGTCACTCTTA-1,BAL 08
c2_2_GCCAACGTCCCTTCCC-1,BAL 05
c2_2_GCCAACGTCGGAGCAA-1,BAL 03
c2_2_GCCAACGTCGTTGTAG-1,BAL 04
c2_2_GCCAACGTCTACCACC-1,BAL 03
c2_2_GCCAACGTCTAGTTCT-1,BAL 05
c2_2_GCCAACGTCTGCGGAC-1,Multiplet
c2_2_GCCAGCAAGAGGCGTT-1,BAL 05
c2_2_GCCAGCAAGATGTTAG-1,Multiplet
c2_2_GCCAGCAAGCTAGCCC-1,BAL 08
c2_2_GCCAGCAAGCTGAAAT-1,BAL 07
c2_2_GCCAGCAAGTAAGGGA-1,Multiplet
c2_2_GCCAGCACACTCAAGT-1,BAL 01
c2_2_GCCAGCACAGAGAGGG-1,BAL 04
c2_2_GCCAGCAGTATGAGGC-1,Multiplet
c2_2_GCCAGCAGTCACCTTC-1,Negative
c2_2_GCCAGCAGTGCCGAAA-1,Multiplet
c2_2_GCCAGCAGTGGACCAA-1,BAL 05
c2_2_GCCAGCATCCTGGGAC-1,Multiplet
c2_2_GCCAGCATCGGACCAC-1,Multiplet
c2_2_GCCAGCATCGGTCGGT-1,Multiplet
c2_2_GCCAGCATCTCGCTTG-1,BAL 05
c2_2_GCCAGCATCTGGACTA-1,BAL 05
c2_2_GCCAGCATCTTCCCGA-1,BAL 04
c2_2_GCCAGGTAGAGGGTCT-1,Multiplet
c2_2_GCCAGGTAGCTAGAAT-1,BAL 05
c2_2_GCCAGGTAGGGAGGTG-1,BAL 02
c2_2_GCCAGGTAGTATAACG-1,BAL 06
c2_2_GCCAGGTAGTCAACAA-1,BAL 08
c2_2_GCCAGGTAGTGATTCC-1,BAL 07
c2_2_GCCAGGTCAACACTAC-1,BAL 07
c2_2_GCCAGGTCAATCGCCG-1,BAL 07
c2_2_GCCAGGTCAGCACCCA-1,BAL 08
c2_2_GCCAGGTCATAGCACT-1,Multiplet
c2_2_GCCAGGTCATCGGAGA-1,Multiplet
c2_2_GCCAGGTCATGACGGA-1,BAL 01
c2_2_GCCAGGTGTCGAAGCA-1,BAL 07
c2_2_GCCAGGTGTGCTGCAC-1,BAL 06
c2_2_GCCAGGTGTGGAAGTC-1,Multiplet
c2_2_GCCAGGTGTGGTCCGT-1,BAL 07
c2_2_GCCAGGTGTTCTCGCT-1,BAL 03
c2_2_GCCAGGTTCAGCACCG-1,BAL 03
c2_2_GCCAGGTTCATCTACT-1,BAL 08
c2_2_GCCAGGTTCATTGCCC-1,BAL 01
c2_2_GCCAGGTTCTCCAATT-1,BAL 02
c2_2_GCCAGTGAGCCGAACA-1,BAL 06
c2_2_GCCAGTGAGGTCACAG-1,Multiplet
c2_2_GCCAGTGCATGAGATA-1,BAL 06
c2_2_GCCAGTGGTTACTCAG-1,BAL 03
c2_2_GCCAGTGGTTCCGGTG-1,Multiplet
c2_2_GCCAGTGTCCGGACGT-1,BAL 02
c2_2_GCCAGTGTCCTAAGTG-1,Multiplet
c2_2_GCCAGTGTCGCAGATT-1,BAL 03
c2_2_GCCAGTGTCGTTGTAG-1,BAL 01
c2_2_GCCATGGAGCGTTCAT-1,BAL 05
c2_2_GCCATGGCATGAATCC-1,BAL 08
c2_2_GCCATGGGTCTCGCGA-1,BAL 04
c2_2_GCCATGGGTCTTTCAT-1,BAL 03
c2_2_GCCATGGGTTGATCGT-1,BAL 03
c2_2_GCCATGGTCAAAGACA-1,Multiplet
c2_2_GCCATGGTCCATAGAC-1,BAL 07
c2_2_GCCATGGTCGGAATTC-1,BAL 08
c2_2_GCCATTCAGAGAATCT-1,BAL 04
c2_2_GCCATTCAGAGAGGTA-1,Multiplet
c2_2_GCCATTCAGCCATATC-1,BAL 02
c2_2_GCCATTCAGCCTCTGG-1,BAL 07
c2_2_GCCATTCAGGCCACTC-1,BAL 02
c2_2_GCCATTCCACTGGCGT-1,Multiplet
c2_2_GCCATTCGTCTTTCAT-1,BAL 08
c2_2_GCCATTCTCCCACAGG-1,BAL 03
c2_2_GCCATTCTCGCTATTT-1,BAL 03
c2_2_GCCATTCTCTTTCTAG-1,BAL 05
c2_2_GCCCAGAAGCTAATCC-1,Negative
c2_2_GCCCAGAAGTGAATAC-1,BAL 03
c2_2_GCCCAGACAAGCTCTA-1,BAL 06
c2_2_GCCCAGACACTTGGCG-1,BAL 03
c2_2_GCCCAGACATTCGATG-1,BAL 02
c2_2_GCCCAGAGTACGATGG-1,BAL 08
c2_2_GCCCAGAGTGCATGTT-1,Multiplet
c2_2_GCCCAGAGTGTGTGGA-1,BAL 03
c2_2_GCCCAGATCACGGTCG-1,BAL 08
c2_2_GCCCAGATCACTGTCC-1,BAL 03
c2_2_GCCCGAAAGACAACAT-1,BAL 04
c2_2_GCCCGAAAGAGAGGTA-1,BAL 06
c2_2_GCCCGAAAGCGAGTAC-1,BAL 04
c2_2_GCCCGAAAGGCTTTCA-1,BAL 01
c2_2_GCCCGAACAAATCAGA-1,Multiplet
c2_2_GCCCGAACAAGGGCAT-1,Multiplet
c2_2_GCCCGAACAATGAAAC-1,Multiplet
c2_2_GCCCGAACACCTCAGG-1,BAL 04
c2_2_GCCCGAACAGATTAAG-1,BAL 01
c2_2_GCCCGAACAGGAGGTT-1,Multiplet
c2_2_GCCCGAACATAACCCA-1,BAL 02
c2_2_GCCCGAACATAGACTC-1,BAL 03
c2_2_GCCCGAACATCCGCGA-1,BAL 05
c2_2_GCCCGAAGTAACCCTA-1,BAL 01
c2_2_GCCCGAAGTCCACATA-1,Multiplet
c2_2_GCCCGAATCCCAACTC-1,BAL 05
c2_2_GCCCGAATCCGCTAGG-1,BAL 04
c2_2_GCCCGAATCTCTGGTC-1,BAL 07
c2_2_GCCCGAATCTTTCTAG-1,BAL 03
c2_2_GCCGATGAGGATTTGA-1,BAL 03
c2_2_GCCGATGAGGGTGAGG-1,Multiplet
c2_2_GCCGATGAGGTGCCTC-1,Multiplet
c2_2_GCCGATGAGTGCACTT-1,Multiplet
c2_2_GCCGATGCAGGTCTCG-1,BAL 07
c2_2_GCCGATGCATCATGAC-1,BAL 04
c2_2_GCCGATGGTAAGCGGT-1,BAL 05
c2_2_GCCGATGGTGGGAGAG-1,Multiplet
c2_2_GCCGATGGTGTCCTAA-1,BAL 05
c2_2_GCCGATGTCAAACGTC-1,Multiplet
c2_2_GCCGATGTCGAACTCA-1,BAL 04
c2_2_GCCGATGTCGATAACC-1,BAL 08
c2_2_GCCGATGTCGTTGCCT-1,BAL 07
c2_2_GCCGATGTCTCAGAAC-1,BAL 01
c2_2_GCCGTGAAGAGAGCCT-1,BAL 06
c2_2_GCCGTGAAGCGTCAGA-1,BAL 08
c2_2_GCCGTGAAGGAGGTTC-1,BAL 02
c2_2_GCCGTGAAGTGTTCAC-1,Multiplet
c2_2_GCCGTGACACTCTGCT-1,BAL 08
c2_2_GCCGTGACACTGAATC-1,BAL 01
c2_2_GCCGTGACATGACTAC-1,BAL 06
c2_2_GCCGTGAGTACAGGTG-1,Negative
c2_2_GCCGTGAGTAGAAACT-1,Multiplet
c2_2_GCCGTGAGTCTAGATC-1,Multiplet
c2_2_GCCGTGAGTTTCGTGA-1,Multiplet
c2_2_GCCGTGATCACGTCCT-1,BAL 08
c2_2_GCCGTGATCATCAGTG-1,Multiplet
c2_2_GCCGTGATCGGCTGAC-1,BAL 07
c2_2_GCCGTGATCTTTCCGG-1,BAL 08
c2_2_GCCTGTTAGAGGCGGA-1,BAL 07
c2_2_GCCTGTTAGAGTTCGG-1,Multiplet
c2_2_GCCTGTTAGGATTCCT-1,BAL 03
c2_2_GCCTGTTAGGTAGCAC-1,Multiplet
c2_2_GCCTGTTCACGTTGGC-1,BAL 06
c2_2_GCCTGTTCAGGCCTGT-1,BAL 07
c2_2_GCCTGTTGTATACAGA-1,BAL 01
c2_2_GCCTGTTGTGTGTCCG-1,BAL 02
c2_2_GCCTGTTTCAGCCTCT-1,BAL 08
c2_2_GCCTGTTTCAGCTTCC-1,BAL 05
c2_2_GCCTGTTTCTAGCAAC-1,BAL 03
c2_2_GCGAGAAAGATTACCC-1,BAL 03
c2_2_GCGAGAAAGCGCTGAA-1,Multiplet
c2_2_GCGAGAAAGTAAGACT-1,Multiplet
c2_2_GCGAGAAAGTCGGCAA-1,Multiplet
c2_2_GCGAGAACACCAGACC-1,BAL 02
c2_2_GCGAGAACACTGCACG-1,BAL 01
c2_2_GCGAGAACAGAGAGGG-1,Multiplet
c2_2_GCGAGAACATGTAACC-1,BAL 02
c2_2_GCGAGAACATTAGGCT-1,BAL 08
c2_2_GCGAGAAGTATGAGAT-1,BAL 06
c2_2_GCGAGAAGTCATCAGT-1,BAL 02
c2_2_GCGAGAATCCACAAGT-1,BAL 04
c2_2_GCGAGAATCCTATGGA-1,BAL 02
c2_2_GCGAGAATCTAGGAAA-1,BAL 02
c2_2_GCGAGAATCTCACGAA-1,Multiplet
c2_2_GCGATCGAGTAGCCAG-1,Multiplet
c2_2_GCGATCGCAAAGCAAT-1,BAL 05
c2_2_GCGATCGCAGTGACCC-1,Multiplet
c2_2_GCGATCGGTACTTGTG-1,BAL 08
c2_2_GCGATCGGTGTAGGAC-1,BAL 05
c2_2_GCGATCGGTGTGAGCA-1,BAL 08
c2_2_GCGATCGTCTGAGAGG-1,BAL 07
c2_2_GCGATCGTCTGCGGGT-1,Multiplet
c2_2_GCGGAAAAGAAACCCG-1,Multiplet
c2_2_GCGGAAAAGTCGCTAT-1,BAL 07
c2_2_GCGGAAAAGTCGTCTA-1,BAL 03
c2_2_GCGGAAAAGTGTACAA-1,BAL 05
c2_2_GCGGAAACAGAGTCAG-1,Multiplet
c2_2_GCGGAAACATTGTACG-1,BAL 08
c2_2_GCGGAAAGTAGCCAGA-1,BAL 08
c2_2_GCGGAAAGTCGAAGCA-1,BAL 06
c2_2_GCGGAAAGTGCGTGCT-1,Multiplet
c2_2_GCGGAAAGTGTTTACG-1,Multiplet
c2_2_GCGGAAAGTTCCGCGA-1,Multiplet
c2_2_GCGGAAAGTTCCTACC-1,BAL 05
c2_2_GCGGAAATCAGAGTTC-1,BAL 03
c2_2_GCGGAAATCGGTTGTA-1,BAL 04
c2_2_GCGGATCAGTTCTACG-1,BAL 08
c2_2_GCGGATCCAACACACT-1,BAL 02
c2_2_GCGGATCCAATAACCC-1,BAL 07
c2_2_GCGGATCCACGAAAGC-1,BAL 02
c2_2_GCGGATCCAGATCCAT-1,BAL 05
c2_2_GCGGATCCAGTCTTCC-1,Multiplet
c2_2_GCGGATCCATAGAGGC-1,Multiplet
c2_2_GCGGATCCATGTGACT-1,BAL 06
c2_2_GCGGATCGTACCAATC-1,BAL 03
c2_2_GCGGATCGTATCGCAT-1,BAL 07
c2_2_GCGGATCGTGCCTTTC-1,BAL 05
c2_2_GCGGATCGTTAGTTCG-1,Multiplet
c2_2_GCGGATCGTTCCGTTC-1,BAL 01
c2_2_GCGGATCGTTCTAACG-1,BAL 03
c2_2_GCGGATCGTTGGGAAC-1,BAL 02
c2_2_GCGGATCTCCCTTGGT-1,BAL 02
c2_2_GCGGATCTCCTTATGT-1,BAL 02
c2_2_GCGGATCTCGACCTAA-1,BAL 08
c2_2_GCGGATCTCGTAGCTA-1,BAL 05
c2_2_GCGGATCTCTAGTCAG-1,BAL 04
c2_2_GCGTGCAAGAGCAGCT-1,BAL 04
c2_2_GCGTGCACAACGATTC-1,BAL 06
c2_2_GCGTGCACACGTAGAG-1,Multiplet
c2_2_GCGTGCACACTACAGT-1,BAL 01
c2_2_GCGTGCACAGCGTTTA-1,BAL 05
c2_2_GCGTGCAGTGGTAATA-1,Multiplet
c2_2_GCGTGCATCTCACTCG-1,BAL 05
c2_2_GCGTTTCAGCATTTCG-1,BAL 02
c2_2_GCGTTTCCACACGCCA-1,BAL 03
c2_2_GCGTTTCCAGATACTC-1,BAL 04
c2_2_GCGTTTCCAGCACAGA-1,BAL 02
c2_2_GCGTTTCGTACCAGAG-1,Multiplet
c2_2_GCGTTTCGTATAGGGC-1,BAL 07
c2_2_GCGTTTCGTTGGAGGT-1,BAL 03
c2_2_GCGTTTCTCACGACTA-1,BAL 06
c2_2_GCGTTTCTCCAAGGGA-1,Multiplet
c2_2_GCGTTTCTCCAATCTT-1,BAL 03
c2_2_GCGTTTCTCCCAGTGG-1,BAL 02
c2_2_GCGTTTCTCTGCATGA-1,BAL 05
c2_2_GCTACAAAGAGATTCA-1,BAL 06
c2_2_GCTACAAAGGGTAATT-1,Multiplet
c2_2_GCTACAACAGCGACAA-1,Multiplet
c2_2_GCTACAACATGGGCAA-1,BAL 03
c2_2_GCTACAAGTCCGCAGT-1,BAL 03
c2_2_GCTACAATCCCGAACG-1,BAL 08
c2_2_GCTACAATCGCGCTGA-1,BAL 07
c2_2_GCTACAATCTACGGTA-1,Negative
c2_2_GCTACCTAGAAGGCTC-1,Multiplet
c2_2_GCTACCTAGACAAGCC-1,BAL 06
c2_2_GCTACCTAGGTAACTA-1,BAL 07
c2_2_GCTACCTCACATATGC-1,BAL 05
c2_2_GCTACCTCAGCACACC-1,Multiplet
c2_2_GCTACCTCAGTGTGCC-1,BAL 04
c2_2_GCTACCTCAGTTCCAA-1,Negative
c2_2_GCTACCTCATTGTCGA-1,BAL 06
c2_2_GCTACCTGTCGCATTA-1,BAL 05
c2_2_GCTACCTTCCGGCTTT-1,BAL 08
c2_2_GCTACCTTCCTTTAGT-1,Multiplet
c2_2_GCTACCTTCTAACGCA-1,BAL 08
c2_2_GCTACCTTCTTTGCAT-1,Multiplet
c2_2_GCTCAAAAGACCACGA-1,BAL 03
c2_2_GCTCAAAAGATGGCAC-1,BAL 07
c2_2_GCTCAAAAGCCACAAG-1,BAL 04
c2_2_GCTCAAAAGGCGCTTC-1,BAL 02
c2_2_GCTCAAACACTCTCGT-1,BAL 01
c2_2_GCTCAAAGTTCCCACT-1,Multiplet
c2_2_GCTCAAATCCACTGGG-1,BAL 02
c2_2_GCTCAAATCGATAACC-1,BAL 03
c2_2_GCTCAAATCGATTTCT-1,BAL 03
c2_2_GCTGAATAGAATAACC-1,BAL 02
c2_2_GCTGAATAGACGTCCC-1,BAL 02
c2_2_GCTGAATAGGTCCCTG-1,BAL 06
c2_2_GCTGAATCAACGAGGT-1,BAL 08
c2_2_GCTGAATCAAGGCTTT-1,BAL 02
c2_2_GCTGAATCAGATCATC-1,BAL 03
c2_2_GCTGAATCATGAAGGC-1,Negative
c2_2_GCTGAATCATGTGCCG-1,BAL 02
c2_2_GCTGAATGTACGATGG-1,Multiplet
c2_2_GCTGAATGTAGCTCGC-1,BAL 02
c2_2_GCTGAATGTCCGGACT-1,BAL 07
c2_2_GCTGAATGTCTCGCGA-1,Multiplet
c2_2_GCTGAATTCAACTGAC-1,BAL 02
c2_2_GCTGAATTCGACGAGA-1,BAL 02
c2_2_GCTGAATTCGCTACAA-1,BAL 06
c2_2_GCTGAATTCTGCTCTG-1,BAL 08
c2_2_GCTGCAGAGACGACGT-1,BAL 06
c2_2_GCTGCAGAGCGGGTAT-1,BAL 04
c2_2_GCTGCAGAGGAATGTT-1,BAL 06
c2_2_GCTGCAGAGGGCTGAT-1,Multiplet
c2_2_GCTGCAGAGTTAGTGA-1,BAL 04
c2_2_GCTGCAGCAAGCTGCC-1,Multiplet
c2_2_GCTGCAGCAATCGAAA-1,Multiplet
c2_2_GCTGCAGGTACAAAGT-1,Multiplet
c2_2_GCTGCAGGTATTTCGG-1,BAL 04
c2_2_GCTGCAGGTCTCAGGC-1,Multiplet
c2_2_GCTGCAGTCCACTGAA-1,BAL 01
c2_2_GCTGCAGTCTCCGTGT-1,BAL 08
c2_2_GCTGGGTAGCCTGAAG-1,BAL 02
c2_2_GCTGGGTAGTTCCATG-1,BAL 06
c2_2_GCTGGGTCAGTGTACT-1,BAL 02
c2_2_GCTGGGTGTACTCCGG-1,BAL 03
c2_2_GCTGGGTGTATTTCCT-1,Multiplet
c2_2_GCTGGGTGTCGTTCAA-1,Multiplet
c2_2_GCTGGGTGTGACCGTC-1,BAL 07
c2_2_GCTGGGTTCGAGAACG-1,BAL 07
c2_2_GCTGGGTTCTCGTCGT-1,BAL 08
c2_2_GCTGGGTTCTCGTGGG-1,BAL 02
c2_2_GCTTCACAGAAGCCTG-1,Multiplet
c2_2_GCTTCACAGCAGGCAT-1,BAL 07
c2_2_GCTTCACAGTGCAAAT-1,BAL 02
c2_2_GCTTCACCAAACTAGA-1,Multiplet
c2_2_GCTTCACCAGCGAGTA-1,BAL 03
c2_2_GCTTCACCAGTGACCC-1,Multiplet
c2_2_GCTTCACGTACAGAGC-1,Multiplet
c2_2_GCTTCACGTACTGACT-1,Multiplet
c2_2_GCTTCACGTAGGTCAG-1,BAL 06
c2_2_GCTTCACTCAACGCTA-1,BAL 01
c2_2_GCTTCACTCAGTCATG-1,BAL 01
c2_2_GCTTCACTCCACCTCA-1,BAL 04
c2_2_GCTTCACTCGCTGCGA-1,Multiplet
c2_2_GCTTGGGAGACCAGAC-1,BAL 01
c2_2_GCTTGGGAGATGGGCT-1,Multiplet
c2_2_GCTTGGGAGTCTTGGT-1,BAL 04
c2_2_GCTTGGGCAATTTCCT-1,BAL 03
c2_2_GCTTGGGCACGAAAGC-1,BAL 03
c2_2_GCTTGGGCACTCAAGT-1,BAL 07
c2_2_GCTTGGGCACTTACAG-1,BAL 05
c2_2_GCTTGGGCAGTTTGGT-1,BAL 04
c2_2_GCTTGGGGTACTCGTA-1,Multiplet
c2_2_GCTTGGGGTTCGATTG-1,BAL 01
c2_2_GCTTGGGTCTTTGCAT-1,BAL 01
c2_2_GCTTTCGAGCGAAACC-1,BAL 01
c2_2_GCTTTCGCATGACCCG-1,BAL 07
c2_2_GCTTTCGCATGGCCCA-1,Multiplet
c2_2_GCTTTCGGTAGACGTG-1,BAL 05
c2_2_GCTTTCGGTCTGATAC-1,BAL 05
c2_2_GCTTTCGTCAGAGCGA-1,BAL 07
c2_2_GCTTTCGTCTCTGGTC-1,BAL 06
c2_2_GGAACCCAGTAAACAC-1,BAL 08
c2_2_GGAACCCAGTTAGTGA-1,BAL 02
c2_2_GGAACCCCAACAAGTA-1,BAL 02
c2_2_GGAACCCCACCGTGGT-1,BAL 05
c2_2_GGAACCCCACCTTCCA-1,BAL 04
c2_2_GGAACCCCAGGAAGTC-1,BAL 04
c2_2_GGAACCCCAGGTGTTT-1,BAL 04
c2_2_GGAACCCCAGTCAGCC-1,BAL 04
c2_2_GGAACCCCATCTATCT-1,Multiplet
c2_2_GGAACCCGTAATGCTC-1,BAL 02
c2_2_GGAACCCGTTCGTACA-1,Multiplet
c2_2_GGAACCCGTTGCGTAT-1,BAL 05
c2_2_GGAACCCTCAAGTTGC-1,BAL 03
c2_2_GGAACCCTCATTGCTT-1,BAL 08
c2_2_GGAACCCTCCTAGAGT-1,BAL 02
c2_2_GGAACCCTCTCCTGCA-1,Multiplet
c2_2_GGAACCCTCTTAATCC-1,Negative
c2_2_GGAAGTGAGACTCTAC-1,Multiplet
c2_2_GGAAGTGAGCATCGAG-1,Multiplet
c2_2_GGAAGTGAGGAAAGAC-1,BAL 04
c2_2_GGAAGTGAGGTCACCC-1,BAL 06
c2_2_GGAAGTGAGGTCGTCC-1,Multiplet
c2_2_GGAAGTGAGTGCAACG-1,BAL 02
c2_2_GGAAGTGAGTGTACAA-1,BAL 08
c2_2_GGAAGTGCAATTTCGG-1,BAL 07
c2_2_GGAAGTGCACATAACC-1,BAL 08
c2_2_GGAAGTGCAGAAGCGT-1,Multiplet
c2_2_GGAAGTGCATAATCGC-1,Multiplet
c2_2_GGAAGTGGTCGAACAG-1,BAL 01
c2_2_GGAAGTGGTTGAGGAC-1,Multiplet
c2_2_GGAAGTGTCGACGCGT-1,BAL 04
c2_2_GGAAGTGTCGGATTAC-1,Multiplet
c2_2_GGAAGTGTCTCTGACC-1,BAL 08
c2_2_GGAAGTGTCTTAGCAG-1,BAL 05
c2_2_GGAATCTAGCACACCC-1,Multiplet
c2_2_GGAATCTAGCACTGGA-1,BAL 06
c2_2_GGAATCTAGCTCCACG-1,BAL 08
c2_2_GGAATCTAGTAATACG-1,BAL 06
c2_2_GGAATCTAGTGCCAGA-1,BAL 02
c2_2_GGAATCTCAGCAGTGA-1,BAL 04
c2_2_GGAATCTGTAAGATCA-1,Multiplet
c2_2_GGAATCTTCTAACACG-1,BAL 03
c2_2_GGAATCTTCTGACCCT-1,BAL 06
c2_2_GGAATCTTCTTAGCAG-1,BAL 03
c2_2_GGAATGGAGACATAAC-1,BAL 05
c2_2_GGAATGGAGAGCTGAC-1,BAL 08
c2_2_GGAATGGAGCATCAAA-1,Multiplet
c2_2_GGAATGGAGCTGTACT-1,Multiplet
c2_2_GGAATGGAGTGATTCC-1,BAL 07
c2_2_GGAATGGCACCCGTAG-1,BAL 06
c2_2_GGAATGGCACCTGCTT-1,BAL 04
c2_2_GGAATGGCAGCTCCTT-1,BAL 03
c2_2_GGAATGGGTCCGAAAG-1,BAL 03
c2_2_GGAATGGGTGGAGAAA-1,BAL 03
c2_2_GGAATGGTCAGTGATC-1,BAL 08
c2_2_GGAATGGTCTGCTCTG-1,BAL 08
c2_2_GGACGTCAGACTCATC-1,BAL 08
c2_2_GGACGTCAGCTCCACG-1,BAL 03
c2_2_GGACGTCAGGACAAGA-1,BAL 05
c2_2_GGACGTCCAATTGGTC-1,BAL 03
c2_2_GGACGTCCACAATCTG-1,BAL 06
c2_2_GGACGTCCAGCTGTCG-1,Multiplet
c2_2_GGACGTCCAGGTCCGT-1,BAL 08
c2_2_GGACGTCCATAATCCG-1,Multiplet
c2_2_GGACGTCGTCACCGCA-1,BAL 07
c2_2_GGACGTCGTGATCGTT-1,BAL 05
c2_2_GGACGTCGTGTCTTGA-1,BAL 07
c2_2_GGACGTCGTTGTATGC-1,BAL 07
c2_2_GGACGTCTCCATCCGT-1,Multiplet
c2_2_GGACGTCTCTAGACCA-1,Multiplet
c2_2_GGACGTCTCTCCTACG-1,BAL 08
c2_2_GGAGAACAGAAGGCTC-1,BAL 07
c2_2_GGAGAACAGCTAGAGC-1,Multiplet
c2_2_GGAGAACAGTAGAGTT-1,BAL 07
c2_2_GGAGAACCAAGTGACG-1,Multiplet
c2_2_GGAGAACCAATTTCCT-1,BAL 07
c2_2_GGAGAACCACACACTA-1,BAL 02
c2_2_GGAGAACCACGAAAGC-1,BAL 05
c2_2_GGAGAACCAGGTGTTT-1,BAL 05
c2_2_GGAGAACTCGCAATTG-1,Multiplet
c2_2_GGAGAACTCGGAACTT-1,BAL 07
c2_2_GGAGATGAGAATTTGG-1,BAL 03
c2_2_GGAGATGCAAACCATC-1,BAL 03
c2_2_GGAGATGCAAAGACTA-1,Multiplet
c2_2_GGAGATGCACAGAGAC-1,BAL 07
c2_2_GGAGATGCAGGGAGAG-1,BAL 02
c2_2_GGAGATGGTCGTGCCA-1,BAL 02
c2_2_GGAGATGGTTCAAGGG-1,BAL 03
c2_2_GGAGATGGTTGTGTTG-1,Multiplet
c2_2_GGAGATGTCAAACCTG-1,BAL 07
c2_2_GGAGATGTCCAAGCCG-1,BAL 02
c2_2_GGAGATGTCGAGAACG-1,Multiplet
c2_2_GGAGATGTCGTCAGAT-1,BAL 05
c2_2_GGAGCAAAGAGCATAT-1,BAL 07
c2_2_GGAGCAAAGCAACTCT-1,BAL 03
c2_2_GGAGCAAAGCATACTC-1,BAL 07
c2_2_GGAGCAAAGTAACCTC-1,Multiplet
c2_2_GGAGCAACAACACGTT-1,BAL 02
c2_2_GGAGCAACAAGACGAC-1,Multiplet
c2_2_GGAGCAACACCCTTGT-1,BAL 08
c2_2_GGAGCAACACCGGAAA-1,Multiplet
c2_2_GGAGCAACAGAACTCT-1,BAL 02
c2_2_GGAGCAACAGAGTGAC-1,BAL 05
c2_2_GGAGCAACAGGTGAGT-1,Multiplet
c2_2_GGAGCAAGTAACGCGA-1,BAL 03
c2_2_GGAGCAAGTATATGGA-1,BAL 07
c2_2_GGAGCAAGTCGCGGTT-1,BAL 08
c2_2_GGAGCAAGTCGTGATT-1,BAL 06
c2_2_GGAGCAAGTTTAGTCG-1,BAL 01
c2_2_GGAGCAATCACTGTTT-1,Multiplet
c2_2_GGAGCAATCTAACACG-1,BAL 05
c2_2_GGAGCAATCTTCACGC-1,BAL 08
c2_2_GGAGGATAGAAACCCG-1,Multiplet
c2_2_GGAGGATAGGTGTGAC-1,Multiplet
c2_2_GGAGGATAGTGATGGC-1,BAL 07
c2_2_GGAGGATCAAGAGTAT-1,BAL 05
c2_2_GGAGGATCACTCCTGT-1,BAL 04
c2_2_GGAGGATCACTTCAGA-1,BAL 01
c2_2_GGAGGATCAGATAAAC-1,BAL 01
c2_2_GGAGGATCAGTCGAGA-1,BAL 04
c2_2_GGAGGATCAGTCGTTA-1,BAL 05
c2_2_GGAGGATGTGTGTTTG-1,BAL 07
c2_2_GGAGGATGTTACCTGA-1,Multiplet
c2_2_GGAGGATTCCATTCAT-1,Multiplet
c2_2_GGAGGATTCCGCGATG-1,BAL 05
c2_2_GGAGGATTCTCAACCC-1,BAL 03
c2_2_GGAGGATTCTTTCCAA-1,BAL 03
c2_2_GGAGGTAAGAACAAGG-1,BAL 07
c2_2_GGAGGTAAGAAGCTCG-1,BAL 05
c2_2_GGAGGTAAGCCATTGT-1,BAL 05
c2_2_GGAGGTAAGCTGTCCG-1,Multiplet
c2_2_GGAGGTACAAAGGCGT-1,BAL 02
c2_2_GGAGGTACACATTACG-1,BAL 03
c2_2_GGAGGTACACCAACAT-1,BAL 05
c2_2_GGAGGTACACCAGCTG-1,BAL 05
c2_2_GGAGGTACAGGCATTT-1,BAL 01
c2_2_GGAGGTAGTACCAATC-1,BAL 08
c2_2_GGAGGTAGTCCTGTTC-1,Multiplet
c2_2_GGAGGTATCCCTCTCC-1,BAL 04
c2_2_GGATCTAAGCTCAGAG-1,BAL 02
c2_2_GGATCTAAGCTTTCCC-1,BAL 03
c2_2_GGATCTAAGGCGAACT-1,BAL 02
c2_2_GGATCTAAGTCCTGTA-1,BAL 01
c2_2_GGATCTAAGTGGACTG-1,BAL 03
c2_2_GGATCTACAACTCCCT-1,BAL 06
c2_2_GGATCTACACTAGGTT-1,BAL 08
c2_2_GGATCTACACTGCGAC-1,BAL 02
c2_2_GGATCTACAGCAAGAC-1,BAL 01
c2_2_GGATCTACAGCGGTTC-1,BAL 07
c2_2_GGATCTACAGTAGATA-1,BAL 03
c2_2_GGATCTACATGATAGA-1,BAL 02
c2_2_GGATCTAGTAAGTCAA-1,BAL 02
c2_2_GGATCTAGTACGACAG-1,BAL 07
c2_2_GGATCTAGTCCTACGG-1,BAL 04
c2_2_GGATCTAGTGACACAG-1,BAL 05
c2_2_GGATCTATCCACACCT-1,BAL 04
c2_2_GGATCTATCGCAGTTA-1,BAL 05
c2_2_GGATGTTAGACGATAT-1,BAL 01
c2_2_GGATGTTAGCATCGAG-1,BAL 06
c2_2_GGATGTTAGCGGCTCT-1,BAL 05
c2_2_GGATGTTAGCTAAATG-1,BAL 01
c2_2_GGATGTTCACCGTGGT-1,BAL 08
c2_2_GGATGTTCACTGGCCA-1,Multiplet
c2_2_GGATGTTCAGATCATC-1,Negative
c2_2_GGATGTTGTACGACTT-1,Multiplet
c2_2_GGATGTTGTAGCTCGC-1,BAL 06
c2_2_GGATGTTGTATGAAGT-1,BAL 05
c2_2_GGATGTTGTCAAATCC-1,Multiplet
c2_2_GGATGTTGTCCCTAAA-1,Multiplet
c2_2_GGATGTTGTCTTGCGG-1,BAL 05
c2_2_GGATGTTGTTGGTAGG-1,BAL 03
c2_2_GGATGTTTCAACACCA-1,BAL 05
c2_2_GGATGTTTCATCCTAT-1,BAL 06
c2_2_GGATGTTTCATGCCGG-1,BAL 08
c2_2_GGATGTTTCATGTCTT-1,BAL 07
c2_2_GGATGTTTCCCAGGAC-1,Multiplet
c2_2_GGCACGTAGAGCACTG-1,Multiplet
c2_2_GGCACGTAGCACCAGA-1,BAL 06
c2_2_GGCACGTAGCACTAGG-1,BAL 05
c2_2_GGCACGTAGCCGAACA-1,BAL 02
c2_2_GGCACGTCAAGTTGGG-1,Multiplet
c2_2_GGCACGTCAATGGCCC-1,BAL 06
c2_2_GGCACGTCATGTGCTA-1,BAL 06
c2_2_GGCACGTGTCTCTCCA-1,BAL 06
c2_2_GGCACGTGTGAATTGA-1,BAL 07
c2_2_GGCACGTGTGCATTAC-1,Multiplet
c2_2_GGCACGTGTGTCCAAT-1,BAL 05
c2_2_GGCACGTTCACACCCT-1,BAL 05
c2_2_GGCACGTTCATCCTGC-1,BAL 06
c2_2_GGCACGTTCATGTCAG-1,Multiplet
c2_2_GGCACGTTCCGACATA-1,Multiplet
c2_2_GGCACGTTCCGTAGGC-1,BAL 01
c2_2_GGCAGTCAGAAATCCA-1,BAL 01
c2_2_GGCAGTCAGACATCAA-1,BAL 04
c2_2_GGCAGTCAGCACTCAT-1,BAL 05
c2_2_GGCAGTCAGCATGATA-1,BAL 06
c2_2_GGCAGTCAGCTTCGTA-1,Multiplet
c2_2_GGCAGTCCAACGGCTC-1,BAL 05
c2_2_GGCAGTCCAGCTGCCA-1,BAL 03
c2_2_GGCAGTCCATGAGATA-1,BAL 01
c2_2_GGCAGTCGTAGTCCTA-1,Multiplet
c2_2_GGCAGTCGTCGCAACC-1,BAL 03
c2_2_GGCAGTCTCAAAGAAC-1,BAL 07
c2_2_GGCAGTCTCCAGCTCT-1,BAL 02
c2_2_GGCAGTCTCCGACAGC-1,BAL 01
c2_2_GGCAGTCTCCGTCACT-1,BAL 03
c2_2_GGCAGTCTCGGAGCAA-1,BAL 02
c2_2_GGCGTCAAGACGGTCA-1,Multiplet
c2_2_GGCGTCAAGATGCTGG-1,BAL 05
c2_2_GGCGTCAAGCATGAAT-1,BAL 05
c2_2_GGCGTCAAGGCCTGCT-1,Multiplet
c2_2_GGCGTCAAGGTTGAGC-1,BAL 02
c2_2_GGCGTCAAGGTTGTTC-1,Multiplet
c2_2_GGCGTCAAGTACTGGG-1,BAL 06
c2_2_GGCGTCAAGTAGCATA-1,BAL 04
c2_2_GGCGTCAAGTTGAAAC-1,BAL 05
c2_2_GGCGTCACACTGGATT-1,Negative
c2_2_GGCGTCACAGACACCC-1,Negative
c2_2_GGCGTCACAGCACAGA-1,BAL 02
c2_2_GGCGTCACAGCAGATG-1,BAL 02
c2_2_GGCGTCACAGGTCCGT-1,BAL 04
c2_2_GGCGTCAGTATAGGAT-1,Multiplet
c2_2_GGCGTCATCACAGAGG-1,BAL 07
c2_2_GGCGTCATCACTAGCA-1,BAL 08
c2_2_GGCGTCATCCCAGTGG-1,BAL 01
c2_2_GGCGTCATCCTCAGGG-1,Multiplet
c2_2_GGCGTCATCTCTTAAC-1,BAL 02
c2_2_GGCTGTGAGATGACAT-1,BAL 02
c2_2_GGCTGTGAGCCTTTGA-1,Multiplet
c2_2_GGCTGTGAGGAGGCAG-1,Multiplet
c2_2_GGCTGTGAGTGACACG-1,BAL 02
c2_2_GGCTGTGAGTGAGTGC-1,BAL 07
c2_2_GGCTGTGCAATCTAGC-1,BAL 05
c2_2_GGCTGTGCACAGCCTG-1,BAL 02
c2_2_GGCTGTGGTCTCCTGT-1,BAL 02
c2_2_GGCTGTGGTTCCTAAG-1,BAL 04
c2_2_GGCTGTGGTTCTCTAT-1,BAL 02
c2_2_GGCTGTGTCCAATCCC-1,BAL 06
c2_2_GGCTGTGTCCGGTTCT-1,BAL 08
c2_2_GGCTGTGTCTTCGTAT-1,Multiplet
c2_2_GGCTTGGAGACTCCGC-1,Multiplet
c2_2_GGCTTGGAGAGGGTGG-1,BAL 02
c2_2_GGCTTGGAGAGTCACG-1,Negative
c2_2_GGCTTGGAGCCAAGCA-1,BAL 03
c2_2_GGCTTGGAGCCGATTT-1,Multiplet
c2_2_GGCTTGGAGGGCCAAT-1,BAL 08
c2_2_GGCTTGGAGGGTTAGC-1,Multiplet
c2_2_GGCTTGGAGTAAACAC-1,BAL 01
c2_2_GGCTTGGCACAAGCAG-1,BAL 07
c2_2_GGCTTGGCACAGAAGC-1,BAL 08
c2_2_GGCTTGGGTGTTCATG-1,Multiplet
c2_2_GGCTTGGGTTACGTAC-1,BAL 04
c2_2_GGCTTGGGTTCCTTGC-1,BAL 08
c2_2_GGCTTGGTCCTAAACG-1,BAL 06
c2_2_GGCTTGGTCGAAGTGG-1,BAL 05
c2_2_GGCTTGGTCGACGTCG-1,BAL 04
c2_2_GGCTTGGTCGGACAAG-1,BAL 03
c2_2_GGCTTGGTCTCAAAGC-1,BAL 08
c2_2_GGCTTTCAGCGAGTAC-1,BAL 02
c2_2_GGCTTTCAGCTCCCTT-1,BAL 06
c2_2_GGCTTTCAGGTTGAGC-1,BAL 03
c2_2_GGCTTTCAGGTTGCCC-1,BAL 03
c2_2_GGCTTTCCAAACGGCA-1,BAL 07
c2_2_GGCTTTCCAGCACAGA-1,BAL 03
c2_2_GGCTTTCCATAGATGA-1,BAL 05
c2_2_GGCTTTCCATGATGCT-1,BAL 05
c2_2_GGCTTTCGTAACTTCG-1,BAL 05
c2_2_GGCTTTCGTATCCTTT-1,BAL 05
c2_2_GGCTTTCGTCCTACGG-1,Multiplet
c2_2_GGCTTTCGTCGAGATG-1,Multiplet
c2_2_GGCTTTCGTCTTACTT-1,BAL 02
c2_2_GGCTTTCTCACTGTTT-1,BAL 04
c2_2_GGCTTTCTCCGATGCG-1,BAL 03
c2_2_GGCTTTCTCGCGCTGA-1,BAL 08
c2_2_GGCTTTCTCTTCACAT-1,BAL 06
c2_2_GGGAAGTAGCGCAATG-1,Multiplet
c2_2_GGGAAGTAGGACAGTC-1,BAL 07
c2_2_GGGAAGTAGGCTATCT-1,BAL 04
c2_2_GGGAAGTAGGTATTGA-1,BAL 08
c2_2_GGGAAGTAGTCAGGGT-1,BAL 03
c2_2_GGGAAGTCACTTGTCC-1,BAL 05
c2_2_GGGAAGTCATTGGCAT-1,Multiplet
c2_2_GGGAAGTGTAAGGCCA-1,BAL 03
c2_2_GGGAAGTGTCAAGGCA-1,Multiplet
c2_2_GGGAAGTGTCACCACG-1,BAL 02
c2_2_GGGAAGTGTCATCGCG-1,BAL 08
c2_2_GGGAAGTGTCCTGTTC-1,BAL 04
c2_2_GGGAAGTGTGTGGTCC-1,Multiplet
c2_2_GGGACAAAGAGAGCGG-1,BAL 01
c2_2_GGGACAAAGATGTAGT-1,BAL 02
c2_2_GGGACAAAGCGCACAA-1,BAL 01
c2_2_GGGACAAAGCGTTAGG-1,BAL 02
c2_2_GGGACAAAGGTGTGAC-1,BAL 01
c2_2_GGGACAACACGTACAT-1,BAL 06
c2_2_GGGACAATCCCGAACG-1,Multiplet
c2_2_GGGACAATCCTACGAA-1,BAL 02
c2_2_GGGACAATCGCATTGA-1,BAL 03
c2_2_GGGACAATCTAGAACC-1,BAL 07
c2_2_GGGACAATCTAGTCAG-1,BAL 08
c2_2_GGGACAATCTCGACCT-1,Negative
c2_2_GGGACCTAGCGGATCA-1,BAL 03
c2_2_GGGACCTCAACGCATT-1,BAL 01
c2_2_GGGACCTGTAGTGGCA-1,Multiplet
c2_2_GGGACCTGTATCGTTG-1,BAL 08
c2_2_GGGACCTGTCCAAAGG-1,BAL 03
c2_2_GGGACCTGTCGAGTGA-1,BAL 01
c2_2_GGGACCTGTGATCATC-1,Multiplet
c2_2_GGGACCTGTTATCCAG-1,BAL 01
c2_2_GGGACCTGTTGTTGAC-1,Multiplet
c2_2_GGGACCTTCCGGGACT-1,Multiplet
c2_2_GGGACCTTCCTGCCAT-1,BAL 02
c2_2_GGGACCTTCGTTCTAT-1,BAL 03
c2_2_GGGACCTTCTGCGGGT-1,BAL 03
c2_2_GGGACCTTCTGTGCGG-1,BAL 04
c2_2_GGGACTCCAACGAGGT-1,BAL 02
c2_2_GGGACTCCAAGCTACT-1,Multiplet
c2_2_GGGACTCCACACGGAA-1,BAL 05
c2_2_GGGACTCCACTGTCGG-1,BAL 07
c2_2_GGGACTCCAGGAAGTC-1,Multiplet
c2_2_GGGACTCCAGGTTCAT-1,BAL 03
c2_2_GGGACTCCAGTTGAAA-1,BAL 07
c2_2_GGGACTCGTACAGAGC-1,BAL 04
c2_2_GGGACTCGTAGTCGTT-1,BAL 05
c2_2_GGGACTCGTCGACTGC-1,BAL 07
c2_2_GGGACTCGTTGCATGT-1,BAL 02
c2_2_GGGACTCTCATGTCAG-1,BAL 06
c2_2_GGGACTCTCCGTGCGA-1,BAL 02
c2_2_GGGACTCTCGCGATCG-1,BAL 01
c2_2_GGGACTCTCTTAGCAG-1,BAL 07
c2_2_GGGACTCTCTTGGTGA-1,BAL 02
c2_2_GGGAGATAGACGCTCC-1,Multiplet
c2_2_GGGAGATAGGGCAATC-1,Multiplet
c2_2_GGGAGATAGGGTACGT-1,Multiplet
c2_2_GGGAGATAGTCAGAGC-1,BAL 03
c2_2_GGGAGATAGTGCAAAT-1,BAL 03
c2_2_GGGAGATCAAATCGTC-1,BAL 05
c2_2_GGGAGATCAATGCAAA-1,BAL 05
c2_2_GGGAGATCAATGTCTG-1,Multiplet
c2_2_GGGAGATCACCGCTAG-1,Multiplet
c2_2_GGGAGATCACCGTGGT-1,BAL 05
c2_2_GGGAGATCAGTCCCGA-1,BAL 03
c2_2_GGGAGATCATGACTGT-1,BAL 05
c2_2_GGGAGATGTCTCCTGT-1,BAL 06
c2_2_GGGAGATGTGTGCTTA-1,BAL 08
c2_2_GGGAGATGTTATGTGC-1,BAL 03
c2_2_GGGAGATTCATTCCTA-1,BAL 05
c2_2_GGGAGATTCCTTACCG-1,BAL 01
c2_2_GGGAGATTCTTCACAT-1,BAL 03
c2_2_GGGAGATTCTTCGGAA-1,BAL 02
c2_2_GGGAGTAAGGACGGAG-1,BAL 08
c2_2_GGGAGTAAGTGTAGTA-1,BAL 08
c2_2_GGGAGTACACGTAACT-1,BAL 04
c2_2_GGGAGTACAGCTCGGT-1,BAL 05
c2_2_GGGAGTACATGACCCG-1,BAL 07
c2_2_GGGAGTAGTACTAGCT-1,BAL 03
c2_2_GGGAGTAGTAGGATAT-1,BAL 03
c2_2_GGGAGTAGTATGGAGC-1,BAL 03
c2_2_GGGAGTAGTCCACGCA-1,BAL 03
c2_2_GGGAGTAGTGCCTAAT-1,BAL 07
c2_2_GGGAGTAGTTAATCGC-1,BAL 08
c2_2_GGGAGTAGTTCCGGTG-1,BAL 05
c2_2_GGGAGTAGTTCTTAGG-1,BAL 05
c2_2_GGGAGTATCACCGGTG-1,BAL 06
c2_2_GGGAGTATCACGATCA-1,BAL 03
c2_2_GGGAGTATCAGTAGGG-1,Multiplet
c2_2_GGGAGTATCGTAATGC-1,BAL 01
c2_2_GGGAGTATCTAGTTCT-1,Multiplet
c2_2_GGGATCCCAATTTCGG-1,Multiplet
c2_2_GGGATCCCACGCTGCA-1,BAL 05
c2_2_GGGATCCCATTGACAC-1,BAL 03
c2_2_GGGATCCGTTATTCCT-1,Multiplet
c2_2_GGGATCCTCGGTGTTA-1,BAL 08
c2_2_GGGATCCTCTCCTACG-1,BAL 04
c2_2_GGGATGAAGACGTCCC-1,BAL 07
c2_2_GGGATGAAGAGGTTTA-1,BAL 08
c2_2_GGGATGAAGCAGCACA-1,BAL 06
c2_2_GGGATGACAAATGATG-1,BAL 06
c2_2_GGGATGACAAGTATCC-1,BAL 05
c2_2_GGGATGACAGACGCTC-1,BAL 04
c2_2_GGGATGACAGGGATAC-1,BAL 02
c2_2_GGGATGAGTATGGAGC-1,BAL 05
c2_2_GGGATGAGTTCTCCTG-1,BAL 01
c2_2_GGGATGAGTTTGTTCT-1,BAL 05
c2_2_GGGATGATCAACTGAC-1,BAL 07
c2_2_GGGATGATCCAACTAG-1,Multiplet
c2_2_GGGATGATCTCACTCG-1,BAL 02
c2_2_GGGATGATCTGTGCTC-1,BAL 04
c2_2_GGGCCATAGAGCATCG-1,BAL 07
c2_2_GGGCCATAGCGATGAC-1,BAL 05
c2_2_GGGCCATAGCGGATCA-1,Multiplet
c2_2_GGGCCATCAAAGCTCT-1,BAL 05
c2_2_GGGCCATCAGCAGGAT-1,BAL 01
c2_2_GGGCCATCAGGGATAC-1,Multiplet
c2_2_GGGCCATCATGAATAG-1,BAL 02
c2_2_GGGCCATCATGGCCAC-1,Negative
c2_2_GGGCCATGTGATACTC-1,BAL 05
c2_2_GGGCCATGTGTCCTAA-1,BAL 03
c2_2_GGGCCATGTTCATCGA-1,BAL 05
c2_2_GGGCCATGTTGCTAGT-1,Multiplet
c2_2_GGGCCATTCACGAACT-1,Negative
c2_2_GGGCCATTCGTTACCC-1,BAL 02
c2_2_GGGCGTTCACGCCACA-1,Multiplet
c2_2_GGGCGTTCAGCTCATA-1,BAL 05
c2_2_GGGCGTTCAGTTGTCA-1,Multiplet
c2_2_GGGCGTTCATGTAACC-1,BAL 06
c2_2_GGGCGTTGTAACATGA-1,BAL 03
c2_2_GGGCGTTGTAGCCCTG-1,BAL 05
c2_2_GGGCTACAGAGTGAAG-1,BAL 02
c2_2_GGGCTACAGATGCCGA-1,BAL 08
c2_2_GGGCTACAGCCTTGAT-1,BAL 03
c2_2_GGGCTACAGGAACTCG-1,BAL 08
c2_2_GGGCTACCAAGATGTA-1,Multiplet
c2_2_GGGCTACCACCCTTGT-1,BAL 07
c2_2_GGGCTACCAGGTCCGT-1,BAL 08
c2_2_GGGCTACGTAACAGGC-1,BAL 03
c2_2_GGGCTACGTATCGAAA-1,Multiplet
c2_2_GGGCTACGTTCCAGGC-1,BAL 01
c2_2_GGGCTACTCCGAGCTG-1,BAL 03
c2_2_GGGCTACTCGTCGACG-1,Multiplet
c2_2_GGGCTACTCTCCGTGT-1,BAL 06
c2_2_GGGCTCAAGACATATG-1,BAL 05
c2_2_GGGCTCAAGCTTAGTC-1,BAL 04
c2_2_GGGCTCAAGGAGTCTG-1,BAL 08
c2_2_GGGCTCAAGGCTCTCG-1,BAL 07
c2_2_GGGCTCAAGTAGACAT-1,BAL 07
c2_2_GGGCTCACAAGACTGG-1,BAL 04
c2_2_GGGCTCACATCCTAAG-1,BAL 02
c2_2_GGGCTCACATGAAGGC-1,BAL 01
c2_2_GGGCTCACATGTGCTA-1,BAL 04
c2_2_GGGCTCAGTTGTATGC-1,Multiplet
c2_2_GGGCTCATCAATCTCT-1,BAL 05
c2_2_GGGCTCATCCAACCGG-1,Multiplet
c2_2_GGGCTCATCCAATCCC-1,BAL 01
c2_2_GGGCTCATCGAACCAT-1,BAL 03
c2_2_GGGCTCATCGACCATA-1,BAL 06
c2_2_GGGCTCATCGCAGTTA-1,BAL 05
c2_2_GGGTAGAAGAGAGGGC-1,BAL 07
c2_2_GGGTAGACATGTGGTT-1,BAL 05
c2_2_GGGTAGAGTTCCGCGA-1,BAL 04
c2_2_GGGTAGAGTTGCGGAA-1,BAL 05
c2_2_GGGTAGAGTTTAGACC-1,BAL 05
c2_2_GGGTAGATCACTCACC-1,BAL 05
c2_2_GGGTAGATCGAAACAA-1,Multiplet
c2_2_GGGTAGATCTACTTCA-1,BAL 01
c2_2_GGGTATTAGAGTATAC-1,BAL 05
c2_2_GGGTATTAGATCGCTT-1,Multiplet
c2_2_GGGTATTAGCATCGAG-1,BAL 05
c2_2_GGGTATTCACTCCACT-1,BAL 04
c2_2_GGGTATTCAGCGTGAA-1,BAL 05
c2_2_GGGTATTCAGGCGATA-1,BAL 03
c2_2_GGGTATTGTACATACC-1,BAL 04
c2_2_GGGTATTGTCCATAGT-1,BAL 05
c2_2_GGGTATTGTGGTAATA-1,BAL 05
c2_2_GGGTATTTCAACTGAC-1,Multiplet
c2_2_GGGTATTTCCGATGCG-1,BAL 06
c2_2_GGGTATTTCCTATGGA-1,BAL 02
c2_2_GGGTATTTCGAGAGCA-1,Multiplet
c2_2_GGGTCACCATACTGTG-1,BAL 07
c2_2_GGGTCACCATTCACCC-1,BAL 03
c2_2_GGGTCACGTGTCATGT-1,BAL 05
c2_2_GGGTCACGTGTGCCTG-1,BAL 04
c2_2_GGGTCACTCTAGCAAC-1,Multiplet
c2_2_GGGTCTGAGGTGCTTT-1,BAL 05
c2_2_GGGTCTGAGGTTGTTC-1,Multiplet
c2_2_GGGTCTGCAACGACTT-1,BAL 05
c2_2_GGGTCTGGTACGACAG-1,BAL 03
c2_2_GGGTCTGGTCGAGTGA-1,Multiplet
c2_2_GGGTCTGGTGGGTCAA-1,BAL 05
c2_2_GGGTCTGGTGGTAATA-1,Multiplet
c2_2_GGGTCTGTCCGGACTG-1,Multiplet
c2_2_GGGTGAACAGAACTTC-1,BAL 01
c2_2_GGGTGAACAGAAGCTG-1,BAL 07
c2_2_GGGTGAACAGCCGTTG-1,BAL 03
c2_2_GGGTGAACAGTTACCA-1,BAL 03
c2_2_GGGTGAAGTACGGTTT-1,BAL 02
c2_2_GGGTGAAGTGCCCAGT-1,BAL 08
c2_2_GGGTGAAGTGGCTGCT-1,BAL 06
c2_2_GGGTGAATCACAAGAA-1,BAL 02
c2_2_GGGTGAATCCCTCTTT-1,BAL 05
c2_2_GGGTGTCAGGCTAAAT-1,BAL 03
c2_2_GGGTGTCAGGCTCAAG-1,BAL 01
c2_2_GGGTGTCAGTTGCGCC-1,BAL 04
c2_2_GGGTGTCCAACCAATC-1,BAL 01
c2_2_GGGTGTCCAAGTCGTT-1,Multiplet
c2_2_GGGTGTCCACATCCCT-1,Multiplet
c2_2_GGGTGTCCACCATATG-1,BAL 03
c2_2_GGGTGTCCAGCTCTGG-1,BAL 07
c2_2_GGGTGTCCAGTAGGAC-1,Multiplet
c2_2_GGGTGTCGTCAGTTTG-1,BAL 05
c2_2_GGGTGTCGTCGTTATG-1,BAL 01
c2_2_GGGTGTCGTGTGTGGA-1,Multiplet
c2_2_GGGTGTCTCCCATACC-1,BAL 02
c2_2_GGGTGTCTCGGATACT-1,BAL 06
c2_2_GGGTTATAGATCACCT-1,BAL 08
c2_2_GGGTTATAGTCCGTCG-1,Multiplet
c2_2_GGGTTATCAGGGACTA-1,Negative
c2_2_GGGTTATCATGAAGCG-1,BAL 02
c2_2_GGGTTATCATGAATCC-1,BAL 08
c2_2_GGGTTATGTAGTCGGA-1,BAL 07
c2_2_GGGTTATGTCAACGCC-1,BAL 05
c2_2_GGGTTATGTGGTCTTA-1,BAL 08
c2_2_GGGTTATGTTCGAGCC-1,BAL 02
c2_2_GGGTTATTCACACCCT-1,BAL 01
c2_2_GGGTTATTCGAGAGAC-1,BAL 08
c2_2_GGGTTATTCGCACGAC-1,Multiplet
c2_2_GGGTTATTCGCCGAAC-1,BAL 08
c2_2_GGGTTATTCGCCGTGA-1,BAL 01
c2_2_GGGTTATTCTTTGGAG-1,BAL 08
c2_2_GGGTTTACAAACACCT-1,BAL 04
c2_2_GGGTTTACAACTGTGT-1,BAL 03
c2_2_GGGTTTACAGAGTCAG-1,BAL 02
c2_2_GGGTTTACAGCTGGTC-1,BAL 02
c2_2_GGGTTTACATGGGATG-1,BAL 03
c2_2_GGGTTTAGTATACAGA-1,BAL 03
c2_2_GGGTTTAGTCCTGTTC-1,BAL 02
c2_2_GGGTTTAGTTGTCTAG-1,BAL 02
c2_2_GGGTTTATCAAACTGC-1,BAL 02
c2_2_GGGTTTATCAAGGAGC-1,Multiplet
c2_2_GGGTTTATCCTAGCGG-1,BAL 04
c2_2_GGGTTTATCTCAACGA-1,BAL 02
c2_2_GGTAACTAGATCGGTG-1,BAL 08
c2_2_GGTAACTAGGTAAGTT-1,BAL 02
c2_2_GGTAACTAGGTATAGT-1,BAL 03
c2_2_GGTAACTAGTCGCCCA-1,Multiplet
c2_2_GGTAACTAGTCTGGTT-1,BAL 08
c2_2_GGTAACTAGTGCTCGC-1,BAL 03
c2_2_GGTAACTCAAGAGAGA-1,BAL 05
c2_2_GGTAACTCAGCTAACT-1,BAL 01
c2_2_GGTAACTCAGTAGGAC-1,Multiplet
c2_2_GGTAACTGTCCGGATC-1,BAL 07
c2_2_GGTAACTGTTACGATC-1,BAL 06
c2_2_GGTAACTTCTATGTGG-1,BAL 02
c2_2_GGTAATCAGATTGATG-1,BAL 06
c2_2_GGTAATCAGGCCATAG-1,Multiplet
c2_2_GGTAATCAGGCGACAT-1,BAL 02
c2_2_GGTAATCAGGCTAGCA-1,BAL 08
c2_2_GGTAATCCAAAGACTA-1,BAL 04
c2_2_GGTAATCCAGAGTGTG-1,BAL 06
c2_2_GGTAATCCAGCACAGA-1,BAL 03
c2_2_GGTAATCCATATCTGG-1,Multiplet
c2_2_GGTAATCGTCAGACGA-1,Multiplet
c2_2_GGTAATCGTCGTAATC-1,BAL 07
c2_2_GGTAATCGTTACGTAC-1,BAL 03
c2_2_GGTAATCTCACCTGTC-1,BAL 04
c2_2_GGTAATCTCGGCATCG-1,Multiplet
c2_2_GGTAATCTCGTCAAAC-1,Multiplet
c2_2_GGTAATCTCTATTCGT-1,BAL 06
c2_2_GGTAATCTCTCATTGT-1,BAL 06
c2_2_GGTAGAGAGCGAACTG-1,BAL 05
c2_2_GGTAGAGAGTGCAAAT-1,Multiplet
c2_2_GGTAGAGCAAGCGAGT-1,BAL 06
c2_2_GGTAGAGCAATGCTCA-1,BAL 06
c2_2_GGTAGAGGTAGCGATG-1,Multiplet
c2_2_GGTAGAGGTGCGGATA-1,BAL 05
c2_2_GGTAGAGTCACCGGTG-1,BAL 07
c2_2_GGTAGAGTCATTGTGG-1,BAL 08
c2_2_GGTAGAGTCCTAGCGG-1,BAL 08
c2_2_GGTAGAGTCCTTTAGT-1,BAL 07
c2_2_GGTCACGAGATCACCT-1,BAL 04
c2_2_GGTCACGAGCAACAGC-1,BAL 02
c2_2_GGTCACGCAAGACTGG-1,BAL 04
c2_2_GGTCACGCAATTGCGT-1,Multiplet
c2_2_GGTCACGCACCTCAGG-1,BAL 03
c2_2_GGTCACGCACTTACAG-1,BAL 07
c2_2_GGTCACGGTGACACAG-1,Negative
c2_2_GGTCACGTCAAAGACA-1,BAL 08
c2_2_GGTCACGTCACTGGTA-1,BAL 08
c2_2_GGTCACGTCTGACCCT-1,Multiplet
c2_2_GGTCTGGAGACCATGG-1,BAL 02
c2_2_GGTCTGGAGAGAAGGT-1,BAL 05
c2_2_GGTCTGGAGCCGATAG-1,BAL 04
c2_2_GGTCTGGAGCTCCCTT-1,BAL 01
c2_2_GGTCTGGAGGAATGTT-1,BAL 04
c2_2_GGTCTGGCAATCGTCA-1,BAL 02
c2_2_GGTCTGGCAGGAACCA-1,BAL 07
c2_2_GGTCTGGGTCTTAGTG-1,Multiplet
c2_2_GGTCTGGGTTAATGAG-1,BAL 03
c2_2_GGTCTGGTCAACCTTT-1,BAL 06
c2_2_GGTCTGGTCAACTACG-1,BAL 02
c2_2_GGTCTGGTCCATCAGA-1,BAL 02
c2_2_GGTCTGGTCCCGAAAT-1,Multiplet
c2_2_GGTCTGGTCGATAACC-1,BAL 05
c2_2_GGTCTGGTCTCTCGCA-1,BAL 06
c2_2_GGTGAAGAGAATTCAG-1,BAL 08
c2_2_GGTGAAGAGCCGTCGT-1,BAL 02
c2_2_GGTGAAGAGGGAGGAC-1,BAL 06
c2_2_GGTGAAGCACATGAAA-1,Multiplet
c2_2_GGTGAAGCATCACAGT-1,BAL 07
c2_2_GGTGAAGGTAAGATTG-1,BAL 03
c2_2_GGTGAAGGTCGAGATG-1,BAL 04
c2_2_GGTGAAGGTCTTCTAT-1,Multiplet
c2_2_GGTGAAGGTGACACAG-1,BAL 04
c2_2_GGTGAAGGTTTCACAG-1,BAL 01
c2_2_GGTGAAGTCATGAAAG-1,BAL 06
c2_2_GGTGAAGTCCGATGTA-1,BAL 05
c2_2_GGTGAAGTCCGCAAAT-1,BAL 05
c2_2_GGTGAAGTCTATCGTT-1,BAL 05
c2_2_GGTGATTAGACGCTCC-1,BAL 04
c2_2_GGTGATTAGCACTGGA-1,BAL 05
c2_2_GGTGATTAGGGCAGAG-1,BAL 04
c2_2_GGTGATTAGGTGGCTA-1,BAL 05
c2_2_GGTGATTCAAATGCTC-1,Multiplet
c2_2_GGTGATTCAACCAATC-1,BAL 04
c2_2_GGTGATTCAGAACTAA-1,BAL 01
c2_2_GGTGATTGTCGAGTTT-1,BAL 06
c2_2_GGTGATTTCAATCCGA-1,Multiplet
c2_2_GGTGATTTCACAGTGT-1,BAL 06
c2_2_GGTGATTTCACGGGCT-1,BAL 07
c2_2_GGTGATTTCATGCTAG-1,BAL 08
c2_2_GGTGGCTAGACGACTG-1,BAL 04
c2_2_GGTGGCTAGCAGCGAT-1,BAL 07
c2_2_GGTGGCTAGCGGGTTA-1,Negative
c2_2_GGTGGCTAGGGAGGCA-1,BAL 08
c2_2_GGTGGCTAGTCGCTAT-1,BAL 08
c2_2_GGTGGCTAGTGCAGCA-1,BAL 02
c2_2_GGTGGCTCAAATGAGT-1,Multiplet
c2_2_GGTGGCTCAAGCGCAA-1,BAL 08
c2_2_GGTGGCTCACACGCCA-1,BAL 01
c2_2_GGTGGCTCAGCTTTCC-1,Multiplet
c2_2_GGTGGCTCATTGACAC-1,BAL 04
c2_2_GGTGGCTGTAACATAG-1,Multiplet
c2_2_GGTGGCTGTTCTTGTT-1,BAL 06
c2_2_GGTGGCTTCAGTGCGC-1,BAL 07
c2_2_GGTGGCTTCCATGATG-1,BAL 06
c2_2_GGTGGCTTCCTAACAG-1,BAL 02
c2_2_GGTGGCTTCGGCTTCT-1,Multiplet
c2_2_GGTGGCTTCTGGTGGC-1,BAL 04
c2_2_GGTGTCGAGCCAACCC-1,BAL 07
c2_2_GGTGTCGAGGCTATCT-1,Multiplet
c2_2_GGTGTCGAGGCTCACC-1,BAL 03
c2_2_GGTGTCGCAAGACAAT-1,BAL 04
c2_2_GGTGTCGCACCAAATC-1,Multiplet
c2_2_GGTGTCGCACCAATTG-1,BAL 01
c2_2_GGTGTCGCACCGTGCA-1,Multiplet
c2_2_GGTGTCGCAGAGAATT-1,BAL 03
c2_2_GGTGTCGCAGATGCGA-1,BAL 03
c2_2_GGTGTCGCAGTAGAGC-1,BAL 02
c2_2_GGTGTCGCATCGATCA-1,BAL 01
c2_2_GGTGTCGGTGCGTCGT-1,Multiplet
c2_2_GGTGTCGTCCTGGCTT-1,Multiplet
c2_2_GGTGTCGTCGCATGAT-1,BAL 04
c2_2_GGTGTCGTCGTCAAAC-1,BAL 03
c2_2_GGTGTCGTCTCGGTAA-1,BAL 01
c2_2_GGTGTTAAGGATTTAG-1,BAL 02
c2_2_GGTGTTAAGGCCCACT-1,BAL 03
c2_2_GGTGTTAAGTAACCTC-1,Multiplet
c2_2_GGTGTTACAAGGTACG-1,BAL 05
c2_2_GGTGTTACACAAATCC-1,BAL 04
c2_2_GGTGTTACACTGGATT-1,BAL 03
c2_2_GGTGTTACATATGCGT-1,BAL 05
c2_2_GGTGTTAGTAGTGCGA-1,BAL 03
c2_2_GGTGTTAGTATCTCGA-1,Multiplet
c2_2_GGTGTTAGTCAACCAT-1,BAL 03
c2_2_GGTGTTAGTCTGATCA-1,Multiplet
c2_2_GGTGTTAGTCTTGAAC-1,BAL 04
c2_2_GGTGTTATCATAGAGA-1,BAL 02
c2_2_GGTTAACCACCTGAAT-1,BAL 03
c2_2_GGTTAACGTCGTATTG-1,BAL 01
c2_2_GGTTAACGTCGTTCAA-1,BAL 05
c2_2_GGTTAACGTGCGGTAA-1,Multiplet
c2_2_GGTTAACTCAACTGAC-1,BAL 07
c2_2_GGTTAACTCGACCACG-1,BAL 02
c2_2_GGTTAACTCTAAGAAG-1,BAL 07
c2_2_GGTTCTCAGATACATG-1,BAL 03
c2_2_GGTTCTCAGGCTTAAA-1,BAL 03
c2_2_GGTTCTCAGTAAATGC-1,BAL 03
c2_2_GGTTCTCAGTTCATGC-1,BAL 03
c2_2_GGTTCTCCAACTGCCG-1,BAL 07
c2_2_GGTTCTCCACCTGCTT-1,BAL 04
c2_2_GGTTCTCCACGTAGAG-1,BAL 08
c2_2_GGTTCTCCATATCTGG-1,BAL 02
c2_2_GGTTCTCGTACCGTGC-1,Multiplet
c2_2_GGTTCTCGTACCTTCC-1,BAL 05
c2_2_GGTTCTCGTAGTGTGG-1,BAL 05
c2_2_GGTTCTCGTCAACCTA-1,BAL 08
c2_2_GGTTCTCGTCGCACAC-1,BAL 07
c2_2_GGTTCTCGTCGCACGT-1,Multiplet
c2_2_GGTTCTCGTCGGCCTA-1,BAL 05
c2_2_GGTTCTCGTCTTACAG-1,BAL 03
c2_2_GGTTCTCGTGGACCTC-1,BAL 05
c2_2_GGTTCTCGTTCACGAT-1,BAL 08
c2_2_GGTTCTCGTTCGTAAC-1,BAL 04
c2_2_GGTTCTCGTTCTAACG-1,BAL 07
c2_2_GGTTCTCGTTGCATTG-1,BAL 08
c2_2_GGTTCTCTCCGTAATG-1,BAL 02
c2_2_GGTTCTCTCTGGCCTT-1,Multiplet
c2_2_GGTTGTACACTTTATC-1,BAL 07
c2_2_GGTTGTAGTAATCAAG-1,BAL 08
c2_2_GGTTGTAGTCCCTCAT-1,BAL 05
c2_2_GGTTGTAGTCGGATTT-1,BAL 03
c2_2_GGTTGTAGTCTTAGTG-1,BAL 06
c2_2_GGTTGTATCACACCGG-1,BAL 02
c2_2_GGTTGTATCATTATCC-1,BAL 06
c2_2_GGTTGTATCCAAACCA-1,BAL 07
c2_2_GGTTGTATCCTTCTTC-1,BAL 08
c2_2_GGTTGTATCGACGCGT-1,BAL 02
c2_2_GGTTGTATCGCATAGT-1,Multiplet
c2_2_GTAACACAGAGTCGAC-1,BAL 06
c2_2_GTAACACAGCAGGCTA-1,BAL 08
c2_2_GTAACACAGGTCGTAG-1,BAL 06
c2_2_GTAACACAGGTTACCT-1,BAL 02
c2_2_GTAACACAGTAAAGCT-1,BAL 07
c2_2_GTAACACCAACCTATG-1,BAL 04
c2_2_GTAACACCATAGAAAC-1,BAL 07
c2_2_GTAACACGTGGCAACA-1,BAL 07
c2_2_GTAACACGTTGGTAGG-1,BAL 08
c2_2_GTAACACTCAACCCGG-1,Multiplet
c2_2_GTAACACTCAGTCACA-1,BAL 03
c2_2_GTAACACTCATGAAAG-1,BAL 08
c2_2_GTAACACTCCCATTTA-1,Multiplet
c2_2_GTAACACTCGTGACTA-1,BAL 03
c2_2_GTAACACTCTGAGATC-1,BAL 02
c2_2_GTAACACTCTGCGGGT-1,BAL 03
c2_2_GTAACCAAGCAGTAAT-1,BAL 08
c2_2_GTAACCAAGCGTTGTT-1,Multiplet
c2_2_GTAACCAAGGGAGATA-1,BAL 04
c2_2_GTAACCACATAAGATG-1,Multiplet
c2_2_GTAACCACATCGCTAA-1,BAL 02
c2_2_GTAACCAGTCCGACGT-1,Multiplet
c2_2_GTAACCAGTGGAATGC-1,BAL 02
c2_2_GTAACCATCGCACTCT-1,Multiplet
c2_2_GTAACCATCTATTCGT-1,BAL 08
c2_2_GTAACCATCTTAGGAC-1,BAL 07
c2_2_GTAAGTCAGACTCTAC-1,BAL 01
c2_2_GTAAGTCAGATAGTCA-1,BAL 04
c2_2_GTAAGTCAGTAAGGGA-1,BAL 08
c2_2_GTAAGTCAGTGGGAAA-1,Multiplet
c2_2_GTAAGTCCAATCCTAG-1,BAL 03
c2_2_GTAAGTCCACGTACTA-1,BAL 02
c2_2_GTAAGTCCAGTCACGC-1,BAL 07
c2_2_GTAAGTCCATGGCTAT-1,BAL 01
c2_2_GTAAGTCGTTTACTTC-1,BAL 08
c2_2_GTAAGTCTCACGGGAA-1,BAL 08
c2_2_GTAAGTCTCATGGGAG-1,BAL 02
c2_2_GTAAGTCTCGAAGTGG-1,BAL 01
c2_2_GTAAGTCTCTACCTTA-1,BAL 05
c2_2_GTAAGTCTCTTAGCTT-1,BAL 04
c2_2_GTAATCGAGTCCGCGT-1,BAL 02
c2_2_GTAATCGCACCTGAAT-1,Multiplet
c2_2_GTAATCGCATTCTCTA-1,Multiplet
c2_2_GTAATCGGTGACACAG-1,Multiplet
c2_2_GTAATCGGTTCTAACG-1,BAL 03
c2_2_GTAATCGTCCACCTGT-1,BAL 03
c2_2_GTAATCGTCTACGCGG-1,BAL 02
c2_2_GTAATGCAGAATCCCT-1,BAL 03
c2_2_GTAATGCAGATGACCG-1,BAL 03
c2_2_GTAATGCAGCAATAGT-1,BAL 05
c2_2_GTAATGCAGCAGCCTC-1,BAL 02
c2_2_GTAATGCAGCATTTGC-1,BAL 03
c2_2_GTAATGCCATGCAGGA-1,BAL 08
c2_2_GTAATGCGTGAGGCAT-1,BAL 06
c2_2_GTAATGCGTGCAAGAC-1,BAL 04
c2_2_GTAATGCGTGCATTTG-1,Multiplet
c2_2_GTAATGCGTGCCCAGT-1,Multiplet
c2_2_GTAATGCGTGGTATGG-1,BAL 07
c2_2_GTAATGCTCGCCATAA-1,Multiplet
c2_2_GTACAACAGAAATTGC-1,Negative
c2_2_GTACAACAGACTCTTG-1,BAL 01
c2_2_GTACAACAGTCGAGGT-1,BAL 01
c2_2_GTACAACAGTCGTCTA-1,BAL 06
c2_2_GTACAACGTCCAATCA-1,Multiplet
c2_2_GTACAACGTCGTACTA-1,BAL 05
c2_2_GTACAACGTGAACTAA-1,BAL 02
c2_2_GTACAACTCACAAGGG-1,BAL 05
c2_2_GTACAACTCGACCATA-1,BAL 01
c2_2_GTACAGTAGAGGTCGT-1,BAL 02
c2_2_GTACAGTAGCCTCACG-1,BAL 05
c2_2_GTACAGTAGGCTAAAT-1,BAL 08
c2_2_GTACAGTAGGTCATAA-1,Multiplet
c2_2_GTACAGTAGTTAGTGA-1,BAL 03
c2_2_GTACAGTAGTTGTAGA-1,BAL 02
c2_2_GTACAGTCAACTCCAA-1,BAL 05
c2_2_GTACAGTCAAGTTCGT-1,BAL 08
c2_2_GTACAGTCACGAAGAC-1,Multiplet
c2_2_GTACAGTGTAGGAAAG-1,BAL 07
c2_2_GTACAGTGTCACCTTC-1,BAL 04
c2_2_GTACAGTGTCACTCGG-1,BAL 07
c2_2_GTACAGTGTGGCGTAA-1,BAL 02
c2_2_GTACAGTGTTCAGCTA-1,Multiplet
c2_2_GTACAGTTCAAGAGTA-1,BAL 03
c2_2_GTACAGTTCCAAGCAT-1,BAL 07
c2_2_GTACAGTTCCTTGACC-1,Multiplet
c2_2_GTACAGTTCGCATGAT-1,Multiplet
c2_2_GTACAGTTCGCTCCTA-1,BAL 03
c2_2_GTACAGTTCTAGACCA-1,BAL 08
c2_2_GTACAGTTCTGGGCGT-1,BAL 03
c2_2_GTAGAAAAGCTCTGTA-1,Multiplet
c2_2_GTAGAAAAGTAGGATT-1,BAL 02
c2_2_GTAGAAACAACAAAGT-1,BAL 05
c2_2_GTAGAAACAAGCGGAT-1,BAL 02
c2_2_GTAGAAACACACGGAA-1,Negative
c2_2_GTAGAAACACTTCAGA-1,BAL 03
c2_2_GTAGAAAGTAAGTTAG-1,Multiplet
c2_2_GTAGAAAGTAGTGCGA-1,BAL 06
c2_2_GTAGAAAGTTACGCCG-1,Multiplet
c2_2_GTAGAAATCGCACGGT-1,Multiplet
c2_2_GTAGAAATCGCTGTTC-1,BAL 05
c2_2_GTAGAAATCGTGCACG-1,BAL 05
c2_2_GTAGAGGAGAGTCTTC-1,Multiplet
c2_2_GTAGAGGAGATGTTCC-1,Multiplet
c2_2_GTAGAGGAGGATAATC-1,BAL 07
c2_2_GTAGAGGAGTCTTCCC-1,Multiplet
c2_2_GTAGAGGCACCGTCTT-1,BAL 02
c2_2_GTAGAGGCAGAGTTCT-1,BAL 02
c2_2_GTAGAGGCATCTTAGG-1,BAL 04
c2_2_GTAGAGGCATGACAAA-1,BAL 03
c2_2_GTAGAGGCATGTGGCC-1,BAL 01
c2_2_GTAGAGGGTATAGCTC-1,BAL 05
c2_2_GTAGAGGGTCATCCCT-1,BAL 07
c2_2_GTAGAGGGTTGATCGT-1,Multiplet
c2_2_GTAGAGGGTTTACCAG-1,BAL 05
c2_2_GTAGAGGTCACGACTA-1,BAL 04
c2_2_GTAGAGGTCCTATTTG-1,BAL 03
c2_2_GTAGATCCAAAGCGTG-1,Multiplet
c2_2_GTAGATCCAACCACAT-1,BAL 05
c2_2_GTAGATCCAGCGAACA-1,BAL 03
c2_2_GTAGATCCATAGAATG-1,BAL 07
c2_2_GTAGATCGTCACCCTT-1,BAL 05
c2_2_GTAGATCGTCTCTCTG-1,BAL 07
c2_2_GTAGATCGTGTCTCCT-1,BAL 02
c2_2_GTAGATCTCCATTGCC-1,BAL 01
c2_2_GTAGATCTCCTATGGA-1,BAL 03
c2_2_GTAGATCTCGCAAGAG-1,BAL 05
c2_2_GTAGATCTCTATACTC-1,BAL 02
c2_2_GTAGATCTCTGGCCAG-1,BAL 06
c2_2_GTAGCTAAGCCAACCC-1,BAL 05
c2_2_GTAGCTAAGTGCGTCC-1,Multiplet
c2_2_GTAGCTAAGTTGGAGC-1,BAL 05
c2_2_GTAGCTACAAGTCCAT-1,BAL 05
c2_2_GTAGCTACAATCTCGA-1,BAL 06
c2_2_GTAGCTACAGAAATTG-1,Multiplet
c2_2_GTAGCTACAGCTGTAT-1,BAL 05
c2_2_GTAGCTAGTTATGACC-1,BAL 02
c2_2_GTAGCTATCACGGAGA-1,BAL 07
c2_2_GTAGGAGCAACACGTT-1,Multiplet
c2_2_GTAGGAGCATGGCCAC-1,BAL 05
c2_2_GTAGGAGGTCCACACG-1,BAL 08
c2_2_GTAGGAGGTGGCTTAT-1,BAL 08
c2_2_GTAGGAGGTGTCCCTT-1,BAL 04
c2_2_GTAGGAGGTTATTCTC-1,Multiplet
c2_2_GTAGGAGGTTTGCAGT-1,BAL 05
c2_2_GTAGGAGTCACTACTT-1,BAL 03
c2_2_GTAGGAGTCATGAGGG-1,BAL 07
c2_2_GTAGGAGTCCTGCTAC-1,BAL 07
c2_2_GTAGGAGTCGAGTGAG-1,Multiplet
c2_2_GTAGGTTAGAGGTTTA-1,Multiplet
c2_2_GTAGGTTAGCAGTAAT-1,BAL 06
c2_2_GTAGGTTAGCTTCGTA-1,BAL 03
c2_2_GTAGGTTAGGAAACGA-1,BAL 04
c2_2_GTAGGTTCAACCACAT-1,BAL 03
c2_2_GTAGGTTGTCATAACC-1,BAL 05
c2_2_GTAGGTTGTCTTAGTG-1,Multiplet
c2_2_GTAGGTTGTGGGACAT-1,BAL 05
c2_2_GTAGGTTGTGTAAATG-1,BAL 02
c2_2_GTAGGTTTCACCCTGT-1,BAL 08
c2_2_GTAGGTTTCACGGACC-1,BAL 05
c2_2_GTAGTACAGCATTGTC-1,BAL 07
c2_2_GTAGTACAGCCTGGAA-1,BAL 05
c2_2_GTAGTACAGCCTTGAT-1,BAL 07
c2_2_GTAGTACAGGTTGACG-1,Multiplet
c2_2_GTAGTACCAACAAAGT-1,Multiplet
c2_2_GTAGTACCAAGACGAC-1,BAL 01
c2_2_GTAGTACCAGCTCGGT-1,BAL 06
c2_2_GTAGTACGTAAGATCA-1,BAL 04
c2_2_GTAGTACGTATTGGCT-1,BAL 03
c2_2_GTAGTACTCACTTATC-1,Multiplet
c2_2_GTAGTACTCCCATACC-1,BAL 03
c2_2_GTAGTACTCGCCAGTG-1,BAL 03
c2_2_GTATTGGAGACGCATG-1,BAL 02
c2_2_GTATTGGAGAGAGGTA-1,BAL 05
c2_2_GTATTGGAGCTCGCAC-1,BAL 04
c2_2_GTATTGGAGGCCTAAG-1,BAL 04
c2_2_GTATTGGCAAGAAACT-1,BAL 02
c2_2_GTATTGGCACAACGTT-1,BAL 02
c2_2_GTATTGGCACAGACGA-1,Multiplet
c2_2_GTATTGGCACTACCCT-1,Multiplet
c2_2_GTATTGGCATTGACTG-1,BAL 03
c2_2_GTATTGGGTACGACTT-1,BAL 05
c2_2_GTATTGGGTGTTCATG-1,BAL 05
c2_2_GTATTGGGTTCAGGTT-1,BAL 05
c2_2_GTATTGGTCATGGAGG-1,BAL 05
c2_2_GTATTGGTCTAGTTCT-1,BAL 03
c2_2_GTATTGGTCTCGAGTA-1,Multiplet
c2_2_GTATTGGTCTTCGTAT-1,BAL 01
c2_2_GTATTTCAGGACGCTA-1,Multiplet
c2_2_GTATTTCAGGCATCGA-1,BAL 02
c2_2_GTATTTCAGGGATGTC-1,BAL 01
c2_2_GTATTTCCACACTTAG-1,BAL 05
c2_2_GTATTTCCAGGGACTA-1,Multiplet
c2_2_GTATTTCCATCGATAC-1,BAL 08
c2_2_GTATTTCGTGTAACGG-1,BAL 01
c2_2_GTATTTCTCGAACCTA-1,BAL 05
c2_2_GTATTTCTCGCAGAGA-1,BAL 05
c2_2_GTATTTCTCTCATTGT-1,BAL 07
c2_2_GTCAAACAGCCACCGT-1,Negative
c2_2_GTCAAACAGCTAGTTC-1,Multiplet
c2_2_GTCAAACAGGAATTAC-1,BAL 05
c2_2_GTCAAACAGGTCATAA-1,BAL 05
c2_2_GTCAAACAGGTTCATC-1,BAL 05
c2_2_GTCAAACCAGAGGCTA-1,Multiplet
c2_2_GTCAAACCAGTTGTTG-1,Multiplet
c2_2_GTCAAACGTATTGACC-1,Multiplet
c2_2_GTCAAACGTGCGGCTT-1,BAL 03
c2_2_GTCAAACGTGCTCTCT-1,BAL 07
c2_2_GTCAAACGTTATCTGG-1,Multiplet
c2_2_GTCAAACGTTCTCAGA-1,BAL 03
c2_2_GTCAAACGTTGCGAAG-1,BAL 03
c2_2_GTCAAACGTTGTACGT-1,BAL 03
c2_2_GTCAAACTCACGATCA-1,BAL 04
c2_2_GTCAAACTCCTCTCGA-1,BAL 03
c2_2_GTCAAACTCGGAATGG-1,BAL 03
c2_2_GTCAAACTCTGTCAGA-1,BAL 04
c2_2_GTCAAGTAGATGTAGT-1,Multiplet
c2_2_GTCAAGTAGCCTGCCA-1,BAL 01
c2_2_GTCAAGTAGTGATAAC-1,BAL 06
c2_2_GTCAAGTAGTGTGTTC-1,BAL 01
c2_2_GTCAAGTCAATCCAGT-1,Multiplet
c2_2_GTCAAGTCACCAAATC-1,BAL 03
c2_2_GTCAAGTCAGAATGTA-1,BAL 05
c2_2_GTCAAGTCATCAGCGC-1,Multiplet
c2_2_GTCAAGTGTCAAATCC-1,Multiplet
c2_2_GTCAAGTGTGTACATC-1,BAL 03
c2_2_GTCAAGTTCAACTGGT-1,BAL 02
c2_2_GTCAAGTTCACACGAT-1,Negative
c2_2_GTCAAGTTCAGGGTAG-1,BAL 04
c2_2_GTCAAGTTCGCAGATT-1,BAL 08
c2_2_GTCACGGAGCACTCAT-1,BAL 07
c2_2_GTCACGGAGCCGAATG-1,BAL 04
c2_2_GTCACGGAGCGTCAAG-1,BAL 04
c2_2_GTCACGGAGTAAGCAT-1,BAL 05
c2_2_GTCACGGAGTCACTCA-1,Negative
c2_2_GTCACGGCAATCGAAA-1,BAL 06
c2_2_GTCACGGCACAGTCGC-1,BAL 02
c2_2_GTCACGGGTAAGATCA-1,BAL 02
c2_2_GTCACGGGTACAGCGA-1,BAL 03
c2_2_GTCACGGGTCAGGTAG-1,BAL 04
c2_2_GTCACGGGTTGCAACT-1,Negative
c2_2_GTCACGGTCAGACCTA-1,BAL 02
c2_2_GTCACGGTCCTACCAC-1,BAL 07
c2_2_GTCACGGTCGGCTATA-1,BAL 03
c2_2_GTCACGGTCTTGATTC-1,Multiplet
c2_2_GTCACTCAGAATCCCT-1,BAL 01
c2_2_GTCACTCAGGTCACTT-1,Multiplet
c2_2_GTCACTCAGTGACACG-1,Multiplet
c2_2_GTCACTCAGTGCGCTC-1,BAL 06
c2_2_GTCACTCAGTGTTCAC-1,BAL 08
c2_2_GTCACTCCAATTTCTC-1,BAL 07
c2_2_GTCACTCCACCAAATC-1,BAL 02
c2_2_GTCACTCCACTCGATA-1,Multiplet
c2_2_GTCACTCCAGAGCCCT-1,BAL 04
c2_2_GTCACTCGTAGCTTGT-1,BAL 05
c2_2_GTCACTCGTCCGCAGT-1,Multiplet
c2_2_GTCACTCGTTGTCCCT-1,BAL 02
c2_2_GTCACTCTCGTCGATA-1,BAL 08
c2_2_GTCAGCGAGACGATAT-1,BAL 06
c2_2_GTCAGCGCAAGCGGAT-1,Multiplet
c2_2_GTCAGCGCACGACGAA-1,BAL 02
c2_2_GTCAGCGCACTATCGA-1,BAL 01
c2_2_GTCAGCGCATCAGCGC-1,BAL 02
c2_2_GTCAGCGCATCTCGTC-1,Multiplet
c2_2_GTCAGCGGTATAGCTC-1,BAL 05
c2_2_GTCAGCGGTCAAGCGA-1,Multiplet
c2_2_GTCAGCGGTCCACTTC-1,BAL 03
c2_2_GTCAGCGGTTGACTGT-1,BAL 06
c2_2_GTCAGCGTCCATACTT-1,BAL 03
c2_2_GTCAGCGTCGTCAAAC-1,Multiplet
c2_2_GTCATCCAGCATTGAA-1,BAL 01
c2_2_GTCATCCCAAGCCATT-1,BAL 07
c2_2_GTCATCCCATAATGCC-1,BAL 05
c2_2_GTCATCCCATCATTTC-1,Multiplet
c2_2_GTCATCCGTCTGCGCA-1,BAL 03
c2_2_GTCATCCTCATCCTGC-1,BAL 02
c2_2_GTCATGAAGCGTGAAC-1,BAL 01
c2_2_GTCATGAAGGTGCCTC-1,BAL 03
c2_2_GTCATGAAGTAGGGTC-1,Negative
c2_2_GTCATGACACAGTATC-1,Multiplet
c2_2_GTCATGACATCGTGGC-1,BAL 07
c2_2_GTCATGAGTACGCGTC-1,BAL 01
c2_2_GTCATGAGTGATCGTT-1,Multiplet
c2_2_GTCATGAGTGGGCTTC-1,BAL 04
c2_2_GTCATGAGTTATCCAG-1,BAL 02
c2_2_GTCATGAGTTGGCCTG-1,BAL 05
c2_2_GTCATGATCCTGTTAT-1,BAL 07
c2_2_GTCATTTAGAGGCCAT-1,Multiplet
c2_2_GTCATTTAGCAATTAG-1,BAL 01
c2_2_GTCATTTAGGCCACTC-1,BAL 02
c2_2_GTCATTTAGGGCAATC-1,BAL 03
c2_2_GTCATTTAGTTGAATG-1,Negative
c2_2_GTCATTTCACCAAAGG-1,BAL 03
c2_2_GTCATTTCAGGCCCTA-1,Multiplet
c2_2_GTCATTTCATCACGGC-1,Multiplet
c2_2_GTCATTTGTACTAGCT-1,Multiplet
c2_2_GTCATTTGTTTCGACA-1,BAL 03
c2_2_GTCATTTTCAATGCAC-1,BAL 04
c2_2_GTCATTTTCCACTGGG-1,Multiplet
c2_2_GTCATTTTCGTTATCT-1,Multiplet
c2_2_GTCCACTAGGCTGTAG-1,BAL 05
c2_2_GTCCACTCAACGGCCT-1,BAL 08
c2_2_GTCCACTCACACCGAC-1,BAL 02
c2_2_GTCCACTGTATAGGAT-1,BAL 02
c2_2_GTCCACTGTTCTCCCA-1,BAL 07
c2_2_GTCCACTTCATAGAGA-1,Multiplet
c2_2_GTCCACTTCATCGGGC-1,Multiplet
c2_2_GTCCACTTCCTCAGGG-1,BAL 05
c2_2_GTCCACTTCGTGCACG-1,BAL 07
c2_2_GTCCCATCACCATAAC-1,BAL 04
c2_2_GTCCCATCAGACTGCC-1,BAL 07
c2_2_GTCCCATCAGATAAAC-1,BAL 03
c2_2_GTCCCATCATCAGCTA-1,BAL 01
c2_2_GTCCCATGTCATCGGC-1,Multiplet
c2_2_GTCCCATGTCGTGCCA-1,BAL 05
c2_2_GTCCCATGTGCCGAAA-1,Multiplet
c2_2_GTCCCATTCCATACTT-1,BAL 03
c2_2_GTCCCATTCGAACGGA-1,BAL 02
c2_2_GTCCCATTCGGTAGGA-1,BAL 02
c2_2_GTCCCATTCTCCGTGT-1,BAL 07
c2_2_GTCCTCAAGAAAGCGA-1,BAL 05
c2_2_GTCCTCAAGCGTACAG-1,BAL 03
c2_2_GTCCTCAAGGGTATAT-1,Multiplet
c2_2_GTCCTCAAGTGCAACG-1,BAL 04
c2_2_GTCCTCAAGTGTTGAA-1,BAL 07
c2_2_GTCCTCAAGTTCCAGT-1,BAL 05
c2_2_GTCCTCACAATAGTAG-1,BAL 02
c2_2_GTCCTCACACAAGGTG-1,BAL 04
c2_2_GTCCTCACAGCCTACG-1,BAL 01
c2_2_GTCCTCATCAGGAGAC-1,BAL 04
c2_2_GTCCTCATCGGAGTAG-1,BAL 04
c2_2_GTCGAATAGACATGCG-1,BAL 05
c2_2_GTCGAATAGCAAGTCG-1,BAL 05
c2_2_GTCGAATAGCGGCTCT-1,BAL 03
c2_2_GTCGAATAGGTAGTAT-1,BAL 07
c2_2_GTCGAATAGTGGTTGG-1,BAL 06
c2_2_GTCGAATCAGTATACC-1,BAL 03
c2_2_GTCGAATGTATTGACC-1,BAL 01
c2_2_GTCGAATGTGATTCAC-1,BAL 05
c2_2_GTCGAATTCGCGAAGA-1,BAL 03
c2_2_GTCGAATTCTTTGGAG-1,Multiplet
c2_2_GTCGCGAAGTCCCGGT-1,BAL 05
c2_2_GTCGCGAAGTGTTGAA-1,BAL 08
c2_2_GTCGCGAAGTTGCGCC-1,BAL 03
c2_2_GTCGCGACAAATTGCC-1,BAL 05
c2_2_GTCGCGACATAGGTAA-1,BAL 07
c2_2_GTCGCGAGTCGAGTGA-1,BAL 03
c2_2_GTCGCGAGTTGAGAGC-1,BAL 01
c2_2_GTCGCGATCATCCCGT-1,Multiplet
c2_2_GTCGCGATCATGCATG-1,Multiplet
c2_2_GTCGCGATCCCTCATG-1,BAL 08
c2_2_GTCGCGATCGGCTGTG-1,BAL 03
c2_2_GTCGCGATCGTACACA-1,Multiplet
c2_2_GTCGTAAAGACCAAAT-1,Multiplet
c2_2_GTCGTAAAGCCATGCC-1,BAL 07
c2_2_GTCGTAAAGCGAAACC-1,BAL 02
c2_2_GTCGTAAGTATCGATC-1,BAL 04
c2_2_GTCGTAAGTATGTCCA-1,BAL 07
c2_2_GTCGTAAGTGACAACG-1,Multiplet
c2_2_GTCGTAAGTGCCAAGA-1,Multiplet
c2_2_GTCGTAAGTGGAAATT-1,Multiplet
c2_2_GTCGTAAGTTTCCCAC-1,BAL 03
c2_2_GTCGTAATCAAGAAAC-1,BAL 05
c2_2_GTCGTAATCCCTCTCC-1,BAL 05
c2_2_GTCGTAATCCGCTAGG-1,Multiplet
c2_2_GTCGTAATCTACTGCC-1,BAL 02
c2_2_GTCGTTCAGTCATACC-1,BAL 07
c2_2_GTCGTTCAGTTAACGA-1,BAL 07
c2_2_GTCGTTCCAACTCGAT-1,BAL 01
c2_2_GTCGTTCCAATGAAAC-1,Multiplet
c2_2_GTCGTTCCACGGTCTG-1,BAL 07
c2_2_GTCGTTCCAGACAAGC-1,BAL 06
c2_2_GTCGTTCCAGACCAAG-1,BAL 01
c2_2_GTCGTTCCAGTAGAGC-1,Negative
c2_2_GTCGTTCCATCCGAAT-1,BAL 06
c2_2_GTCGTTCGTGCACATT-1,BAL 05
c2_2_GTCGTTCGTTCGGCGT-1,BAL 02
c2_2_GTCGTTCTCATCGGGC-1,Multiplet
c2_2_GTCGTTCTCCCTCAAC-1,BAL 06
c2_2_GTCGTTCTCTGGCCTT-1,Multiplet
c2_2_GTCTACCAGAGGTCGT-1,BAL 07
c2_2_GTCTACCAGCCATGCC-1,BAL 08
c2_2_GTCTACCAGGTCACCC-1,BAL 02
c2_2_GTCTACCAGTATGAAC-1,BAL 02
c2_2_GTCTACCAGTATGTAG-1,BAL 01
c2_2_GTCTACCCAATTCTCT-1,BAL 08
c2_2_GTCTACCCAATTTCGG-1,Negative
c2_2_GTCTACCCACTTTATC-1,BAL 03
c2_2_GTCTACCCAGTCACGC-1,BAL 06
c2_2_GTCTACCGTATCCTTT-1,BAL 08
c2_2_GTCTACCGTGCGGATA-1,Multiplet
c2_2_GTCTACCGTTGGAGGT-1,BAL 08
c2_2_GTCTACCTCCACGTAA-1,BAL 01
c2_2_GTCTACCTCCCGAGTG-1,Multiplet
c2_2_GTCTACCTCGAGTCCG-1,BAL 07
c2_2_GTCTACCTCGGCATCG-1,BAL 04
c2_2_GTCTACCTCTATGCCC-1,BAL 08
c2_2_GTCTACCTCTTCACGC-1,BAL 03
c2_2_GTCTAGAAGAAGGCTC-1,BAL 05
c2_2_GTCTAGAAGTGGTCAG-1,BAL 07
c2_2_GTCTAGACAATACGCT-1,BAL 06
c2_2_GTCTAGACACACACGC-1,BAL 07
c2_2_GTCTAGACACCAGACC-1,BAL 03
c2_2_GTCTAGACACCGAATT-1,Multiplet
c2_2_GTCTAGACAGAGCTAG-1,BAL 03
c2_2_GTCTAGACAGCCTACG-1,BAL 02
c2_2_GTCTAGAGTACGAAAT-1,BAL 07
c2_2_GTCTAGAGTAGGAGTC-1,BAL 08
c2_2_GTCTAGAGTCGCACAC-1,BAL 06
c2_2_GTCTAGATCAGACTGT-1,BAL 02
c2_2_GTCTAGATCATAGCAC-1,BAL 02
c2_2_GTCTAGATCCATAGGT-1,BAL 02
c2_2_GTCTAGATCTAGTGTG-1,BAL 05
c2_2_GTCTCACAGATTGTGA-1,BAL 05
c2_2_GTCTCACAGCCGATTT-1,Multiplet
c2_2_GTCTCACAGGCATCAG-1,BAL 03
c2_2_GTCTCACAGGCGAACT-1,Multiplet
c2_2_GTCTCACCACATGTTG-1,BAL 03
c2_2_GTCTCACGTAAGATAC-1,BAL 02
c2_2_GTCTCACGTCGGAAAC-1,Multiplet
c2_2_GTCTCACTCACCTCAC-1,Multiplet
c2_2_GTCTCACTCTTCCACG-1,BAL 05
c2_2_GTCTGTCAGCTGGCCT-1,BAL 02
c2_2_GTCTGTCAGGTAGTAT-1,BAL 06
c2_2_GTCTGTCCATTCATCT-1,Multiplet
c2_2_GTCTGTCGTAGCGCCT-1,Multiplet
c2_2_GTCTGTCGTTCCGCTT-1,BAL 07
c2_2_GTCTGTCGTTGTCATG-1,BAL 08
c2_2_GTCTGTCTCATCACCC-1,BAL 05
c2_2_GTCTGTCTCCTCCACA-1,BAL 03
c2_2_GTCTTTAAGCGATGAC-1,BAL 07
c2_2_GTCTTTAAGGGACACT-1,BAL 06
c2_2_GTCTTTAAGTTTCGAC-1,BAL 05
c2_2_GTCTTTAGTGCAGGAT-1,BAL 08
c2_2_GTCTTTAGTTGCCGCA-1,BAL 05
c2_2_GTCTTTATCGTGGGTC-1,Multiplet
c2_2_GTCTTTATCGTTCCCA-1,Multiplet
c2_2_GTCTTTATCTAGCCAA-1,BAL 02
c2_2_GTGACGCAGATTTGCC-1,BAL 02
c2_2_GTGACGCAGCTACTAC-1,Multiplet
c2_2_GTGACGCAGGGCGAGA-1,Multiplet
c2_2_GTGACGCCAACTCCAA-1,BAL 02
c2_2_GTGACGCCAACTGCTA-1,BAL 05
c2_2_GTGACGCCAAGGAGTC-1,Multiplet
c2_2_GTGACGCCACGGCACT-1,BAL 01
c2_2_GTGACGCGTTGCTCAA-1,BAL 06
c2_2_GTGACGCTCGCTGCGA-1,BAL 04
c2_2_GTGACGCTCTGCTTTA-1,BAL 03
c2_2_GTGAGCCAGATGCAGC-1,BAL 02
c2_2_GTGAGCCAGGTTGCCC-1,BAL 06
c2_2_GTGAGCCAGTGCCGAA-1,BAL 08
c2_2_GTGAGCCAGTGTACAA-1,BAL 06
c2_2_GTGAGCCCAACATACC-1,BAL 02
c2_2_GTGAGCCCAATAGTGA-1,BAL 02
c2_2_GTGAGCCCAGACACAG-1,BAL 06
c2_2_GTGAGCCCATGAATAG-1,BAL 03
c2_2_GTGAGCCCATTCATCT-1,BAL 08
c2_2_GTGAGCCCATTGCCTC-1,BAL 05
c2_2_GTGAGCCGTGTAAATG-1,BAL 06
c2_2_GTGAGCCGTTATAGCC-1,Multiplet
c2_2_GTGAGCCGTTCCACAA-1,BAL 03
c2_2_GTGAGCCTCAGGGATG-1,BAL 03
c2_2_GTGAGCCTCCTACGAA-1,Multiplet
c2_2_GTGAGCCTCGCTTACC-1,BAL 04
c2_2_GTGAGGAAGATGTTAG-1,Multiplet
c2_2_GTGAGGAAGGACTAAT-1,Multiplet
c2_2_GTGAGGAAGTGGTTGG-1,Multiplet
c2_2_GTGAGGACAATCTCGA-1,BAL 04
c2_2_GTGAGGACACAGCCTG-1,BAL 03
c2_2_GTGAGGACAGTTCTAG-1,BAL 05
c2_2_GTGAGGACATACTGAC-1,BAL 06
c2_2_GTGAGGACATGTGTCA-1,Multiplet
c2_2_GTGAGGACATTGTACG-1,BAL 06
c2_2_GTGAGGAGTCCACTCT-1,BAL 04
c2_2_GTGAGGAGTCGGTGTC-1,BAL 02
c2_2_GTGAGGAGTCTGTAAC-1,BAL 08
c2_2_GTGAGGAGTGCAACAG-1,Multiplet
c2_2_GTGAGGAGTGCTCGTG-1,BAL 05
c2_2_GTGAGGAGTGGGTATG-1,BAL 06
c2_2_GTGAGGAGTGGTAACG-1,Multiplet
c2_2_GTGAGGATCGATGCAT-1,BAL 07
c2_2_GTGAGTTAGACATAAC-1,BAL 08
c2_2_GTGAGTTAGCTGGCTC-1,Multiplet
c2_2_GTGAGTTAGGTCCCTG-1,BAL 05
c2_2_GTGAGTTAGTCCCAGC-1,BAL 06
c2_2_GTGAGTTCATCGAGCC-1,Multiplet
c2_2_GTGAGTTGTACGTAGG-1,BAL 02
c2_2_GTGAGTTGTACTGCCG-1,BAL 05
c2_2_GTGAGTTGTAGTCGTT-1,BAL 03
c2_2_GTGAGTTGTTCAAACC-1,Multiplet
c2_2_GTGAGTTTCAGATGCT-1,Multiplet
c2_2_GTGAGTTTCGCATTGA-1,BAL 03
c2_2_GTGAGTTTCGCGATCG-1,BAL 08
c2_2_GTGAGTTTCGGCCTTT-1,BAL 03
c2_2_GTGATGTAGCCTGTCG-1,BAL 04
c2_2_GTGATGTAGGGCAGTT-1,BAL 08
c2_2_GTGATGTAGGTAGCCA-1,BAL 05
c2_2_GTGATGTAGTTACGTC-1,BAL 02
c2_2_GTGATGTCAATACGCT-1,BAL 06
c2_2_GTGATGTCACGTTCGG-1,BAL 08
c2_2_GTGATGTCACTCCCTA-1,BAL 02
c2_2_GTGATGTCAGCTCGGT-1,BAL 02
c2_2_GTGATGTGTACTGCCG-1,BAL 07
c2_2_GTGATGTGTTATGTCG-1,BAL 03
c2_2_GTGATGTTCAAATGAG-1,BAL 08
c2_2_GTGATGTTCAGAATAG-1,BAL 02
c2_2_GTGATGTTCCGTGTAA-1,BAL 07
c2_2_GTGATGTTCTCAACGA-1,BAL 04
c2_2_GTGCACGAGGGTTAGC-1,BAL 08
c2_2_GTGCACGAGGTGGTTG-1,Multiplet
c2_2_GTGCACGAGTAAGAGG-1,BAL 02
c2_2_GTGCACGAGTGCGCTC-1,Multiplet
c2_2_GTGCACGCAACGTATC-1,Multiplet
c2_2_GTGCACGCACCAAAGG-1,BAL 03
c2_2_GTGCACGCACCCAAGC-1,BAL 03
c2_2_GTGCACGCACCTAAAC-1,BAL 03
c2_2_GTGCACGCATGCCGCA-1,BAL 02
c2_2_GTGCACGGTCTGTAGT-1,BAL 03
c2_2_GTGCACGGTTACTCAG-1,BAL 04
c2_2_GTGCACGTCCGTCAAA-1,BAL 06
c2_2_GTGCACGTCGCAGTTA-1,BAL 04
c2_2_GTGCACGTCTTCGGAA-1,Multiplet
c2_2_GTGCAGCAGGCAGCTA-1,BAL 06
c2_2_GTGCAGCAGTAACGAT-1,BAL 07
c2_2_GTGCAGCAGTAGCCAG-1,BAL 01
c2_2_GTGCAGCCAGGGAATC-1,Multiplet
c2_2_GTGCAGCCAGTGTGCC-1,BAL 05
c2_2_GTGCAGCCATACCGTA-1,Multiplet
c2_2_GTGCAGCCATATTCGG-1,BAL 02
c2_2_GTGCAGCCATGACAAA-1,BAL 08
c2_2_GTGCAGCCATTGAAAG-1,BAL 02
c2_2_GTGCAGCGTGATACTC-1,BAL 08
c2_2_GTGCAGCTCATGGATC-1,BAL 05
c2_2_GTGCAGCTCCGTGTCT-1,Negative
c2_2_GTGCAGCTCCGTTGAA-1,Multiplet
c2_2_GTGCAGCTCGGACGTC-1,Multiplet
c2_2_GTGCAGCTCTTGGCTC-1,BAL 06
c2_2_GTGCGTGAGCCGAACA-1,BAL 08
c2_2_GTGCGTGAGGGAGGAC-1,BAL 04
c2_2_GTGCGTGAGTTTGCTG-1,BAL 06
c2_2_GTGCGTGCAAGACAAT-1,BAL 04
c2_2_GTGCGTGCAGCTGAAG-1,BAL 06
c2_2_GTGCGTGGTAACCCGC-1,BAL 01
c2_2_GTGCGTGGTAACGCGA-1,BAL 08
c2_2_GTGCGTGGTGCGGTAA-1,BAL 01
c2_2_GTGCGTGGTGTTGCCG-1,BAL 07
c2_2_GTGCGTGTCGGACAAG-1,BAL 08
c2_2_GTGCGTGTCTGTCCGT-1,BAL 02
c2_2_GTGCTGGAGCCGAACA-1,BAL 06
c2_2_GTGCTGGAGGGAGTTC-1,Multiplet
c2_2_GTGCTGGCAAGCGATG-1,BAL 05
c2_2_GTGCTGGCACCAAAGG-1,BAL 03
c2_2_GTGCTGGCACCGTCGA-1,BAL 08
c2_2_GTGCTGGCAGCGGTCT-1,BAL 02
c2_2_GTGCTGGCAGGTTACT-1,BAL 03
c2_2_GTGCTGGGTATGGTAA-1,Multiplet
c2_2_GTGCTGGGTCTTACAG-1,BAL 05
c2_2_GTGCTGGGTTTGGAAA-1,BAL 05
c2_2_GTGCTGGTCGGAGCAA-1,Multiplet
c2_2_GTGCTGGTCTCGCGTT-1,BAL 06
c2_2_GTGCTGGTCTGGGTCG-1,BAL 07
c2_2_GTGCTTCAGGGAGAAT-1,BAL 05
c2_2_GTGCTTCAGGGATCAC-1,BAL 02
c2_2_GTGCTTCAGGGTAGCT-1,BAL 07
c2_2_GTGCTTCCACATACGT-1,BAL 02
c2_2_GTGCTTCCACGCGTGT-1,BAL 05
c2_2_GTGCTTCGTAGGATAT-1,BAL 02
c2_2_GTGCTTCGTATGAAAC-1,BAL 01
c2_2_GTGCTTCTCACTTATC-1,Multiplet
c2_2_GTGGAAGAGAGTACCG-1,BAL 02
c2_2_GTGGAAGAGATTGAGT-1,BAL 06
c2_2_GTGGAAGAGCCACCGT-1,BAL 03
c2_2_GTGGAAGAGGGTGGGA-1,BAL 02
c2_2_GTGGAAGCACAGTCAT-1,Multiplet
c2_2_GTGGAAGCAGGCACAA-1,BAL 02
c2_2_GTGGAAGGTAAGGTCG-1,BAL 07
c2_2_GTGGAAGGTAAGTTGA-1,BAL 03
c2_2_GTGGAAGGTACTGACT-1,Multiplet
c2_2_GTGGAAGGTATTCTCT-1,BAL 08
c2_2_GTGGAAGTCAATCTCT-1,BAL 08
c2_2_GTGGAAGTCACGGAGA-1,BAL 04
c2_2_GTGGAAGTCTGCAGCG-1,BAL 05
c2_2_GTGGAAGTCTGGACTA-1,BAL 06
c2_2_GTGGAGAAGAGAATCT-1,BAL 05
c2_2_GTGGAGAAGAGCGACT-1,BAL 01
c2_2_GTGGAGAAGCACTCTA-1,BAL 03
c2_2_GTGGAGACAAGCACCC-1,BAL 05
c2_2_GTGGAGACACGCCAGT-1,BAL 01
c2_2_GTGGAGACAGAGAAAG-1,BAL 03
c2_2_GTGGAGATCCAAAGGG-1,BAL 01
c2_2_GTGGAGATCTCGTGAA-1,BAL 06
c2_2_GTGGAGATCTTGAGCA-1,BAL 05
c2_2_GTGGCGTAGACGAGCT-1,Multiplet
c2_2_GTGGCGTAGAGTGGCT-1,BAL 06
c2_2_GTGGCGTCAAAGGATT-1,BAL 06
c2_2_GTGGCGTCAAGTAGTA-1,BAL 07
c2_2_GTGGCGTCACCACTGG-1,BAL 08
c2_2_GTGGCGTGTCACCTTC-1,BAL 08
c2_2_GTGGCGTGTGACGCCT-1,BAL 03
c2_2_GTGGCGTGTGCCCAGT-1,BAL 03
c2_2_GTGGCGTGTTTCGCTC-1,Multiplet
c2_2_GTGGCGTTCCCGATCT-1,BAL 08
c2_2_GTGGCGTTCCCGTGTT-1,BAL 03
c2_2_GTGGCGTTCCGATGCG-1,BAL 05
c2_2_GTGGGAAAGAGCAAGA-1,BAL 03
c2_2_GTGGGAAAGATAACAC-1,BAL 01
c2_2_GTGGGAAAGGTTACAA-1,Multiplet
c2_2_GTGGGAACAAGGCCTC-1,BAL 03
c2_2_GTGGGAACAATTGCCA-1,BAL 03
c2_2_GTGGGAACAGGCCTGT-1,BAL 03
c2_2_GTGGGAACAGTCGCTG-1,BAL 02
c2_2_GTGGGAACATTCGATG-1,BAL 03
c2_2_GTGGGAAGTAATCAAG-1,BAL 05
c2_2_GTGGGAAGTAGATTGA-1,Multiplet
c2_2_GTGGGAAGTATAGCTC-1,Multiplet
c2_2_GTGGGAAGTATGGTAA-1,BAL 04
c2_2_GTGGGAAGTCTCAGGC-1,BAL 05
c2_2_GTGGGAAGTTAATCGC-1,Multiplet
c2_2_GTGGGAAGTTCTGACA-1,BAL 03
c2_2_GTGGGAATCCATATGG-1,BAL 07
c2_2_GTGGGAATCCGTCAAA-1,BAL 06
c2_2_GTGGGAATCGCCAGAC-1,BAL 01
c2_2_GTGGGAATCGCTGTTC-1,Multiplet
c2_2_GTGGGAATCTGGTGGC-1,BAL 05
c2_2_GTGGTTAAGAGAGTTT-1,BAL 08
c2_2_GTGGTTAAGCTGTACT-1,BAL 03
c2_2_GTGGTTAAGTATGAGT-1,BAL 02
c2_2_GTGGTTAAGTCCTGTA-1,Multiplet
c2_2_GTGGTTACAAGACCGA-1,Multiplet
c2_2_GTGGTTACACGTCATA-1,BAL 05
c2_2_GTGGTTACAGAGCTAG-1,BAL 08
c2_2_GTGGTTAGTCCAGGTC-1,BAL 07
c2_2_GTGGTTATCAACGAGG-1,BAL 06
c2_2_GTGGTTATCATGGAGG-1,Multiplet
c2_2_GTGGTTATCCAATCCC-1,Multiplet
c2_2_GTGGTTATCCATCGTC-1,BAL 04
c2_2_GTGGTTATCGAGAAGC-1,Multiplet
c2_2_GTGTAACAGCGTTCCG-1,BAL 05
c2_2_GTGTAACAGTCGCTAT-1,BAL 02
c2_2_GTGTAACCAGCTACAT-1,BAL 06
c2_2_GTGTAACCATTGTAGC-1,Multiplet
c2_2_GTGTAACTCATTGCTT-1,BAL 01
c2_2_GTGTAACTCCATGCAA-1,BAL 07
c2_2_GTGTAACTCCGGTAGC-1,BAL 04
c2_2_GTGTAACTCCTACCGT-1,BAL 03
c2_2_GTGTCCTAGCGTCTGC-1,Multiplet
c2_2_GTGTCCTAGCTAATCC-1,Multiplet
c2_2_GTGTCCTAGTAAATGC-1,Multiplet
c2_2_GTGTCCTAGTATTGCC-1,BAL 01
c2_2_GTGTCCTAGTGCGTCC-1,BAL 02
c2_2_GTGTCCTAGTGGTTAA-1,BAL 06
c2_2_GTGTCCTCACGCACCA-1,BAL 06
c2_2_GTGTCCTCACGCGTGT-1,BAL 02
c2_2_GTGTCCTCACGTTCGG-1,BAL 05
c2_2_GTGTCCTCATACAGGG-1,BAL 02
c2_2_GTGTCCTCATCAGCAT-1,BAL 08
c2_2_GTGTCCTCATTCAGGT-1,Multiplet
c2_2_GTGTCCTGTACCGTCG-1,BAL 07
c2_2_GTGTCCTGTGAGATCG-1,Multiplet
c2_2_GTGTCCTGTTAAAGTG-1,Multiplet
c2_2_GTGTCCTGTTGTTGCA-1,BAL 01
c2_2_GTGTCCTTCACGGACC-1,BAL 05
c2_2_GTGTCCTTCACTGCTC-1,Multiplet
c2_2_GTGTCCTTCCTCTAAT-1,BAL 01
c2_2_GTGTCCTTCGTTCTGC-1,Multiplet
c2_2_GTGTGATAGCTTCGTA-1,BAL 04
c2_2_GTGTGATAGGTATTGA-1,BAL 07
c2_2_GTGTGATAGTATCCTG-1,BAL 02
c2_2_GTGTGATCAGCAGTTT-1,BAL 02
c2_2_GTGTGATCATTACGGT-1,BAL 06
c2_2_GTGTGATGTATAATGG-1,BAL 07
c2_2_GTGTGATGTCTGTAGT-1,BAL 05
c2_2_GTGTGATTCAAGAGGC-1,BAL 07
c2_2_GTGTGGCAGAGTGTGC-1,Multiplet
c2_2_GTGTGGCAGGCTTAAA-1,Multiplet
c2_2_GTGTGGCCATAACTCG-1,Multiplet
c2_2_GTGTGGCCATCCGCGA-1,BAL 06
c2_2_GTGTGGCTCCTTGACC-1,BAL 01
c2_2_GTGTGGCTCGTAACTG-1,BAL 06
c2_2_GTGTTAGAGCCTGGAA-1,BAL 05
c2_2_GTGTTAGAGGGATGTC-1,BAL 03
c2_2_GTGTTAGAGGTGCAGT-1,BAL 02
c2_2_GTGTTAGCAAGGTTGG-1,BAL 07
c2_2_GTGTTAGCACAAATGA-1,BAL 02
c2_2_GTGTTAGCACCACATA-1,Multiplet
c2_2_GTGTTAGTCACTGTTT-1,Multiplet
c2_2_GTGTTAGTCCTAGAGT-1,BAL 03
c2_2_GTGTTAGTCTTTCTAG-1,BAL 04
c2_2_GTGTTCCCAGACCAGA-1,BAL 01
c2_2_GTGTTCCCATTCTCCG-1,BAL 05
c2_2_GTGTTCCGTACAGTCT-1,BAL 02
c2_2_GTGTTCCGTCGAGCAA-1,BAL 05
c2_2_GTGTTCCGTTGTTGAC-1,BAL 08
c2_2_GTGTTCCTCATGACAC-1,Multiplet
c2_2_GTGTTCCTCATTATCC-1,BAL 06
c2_2_GTGTTCCTCCAACCGG-1,BAL 02
c2_2_GTGTTCCTCGCTTGAA-1,Multiplet
c2_2_GTTACAGAGATCCGAG-1,BAL 03
c2_2_GTTACAGCAACGGCTC-1,BAL 03
c2_2_GTTACAGCAACTACGT-1,BAL 03
c2_2_GTTACAGCAATGACCT-1,BAL 04
c2_2_GTTACAGCAATTGTGC-1,BAL 03
c2_2_GTTACAGCACTATCGA-1,Multiplet
c2_2_GTTACAGCAGAAGCGT-1,BAL 04
c2_2_GTTACAGCATAGATCC-1,BAL 04
c2_2_GTTACAGGTCAGACGA-1,BAL 02
c2_2_GTTACAGGTGGCCACT-1,Negative
c2_2_GTTACAGTCACCGGGT-1,BAL 02
c2_2_GTTACAGTCCACGTCT-1,BAL 02
c2_2_GTTACAGTCCGACGGT-1,BAL 02
c2_2_GTTACAGTCCTTTAGT-1,BAL 05
c2_2_GTTACAGTCGAACGGA-1,BAL 03
c2_2_GTTACAGTCTTCCCGA-1,Multiplet
c2_2_GTTACCCAGCACTAGG-1,Multiplet
c2_2_GTTACCCAGCCATTTG-1,BAL 07
c2_2_GTTACCCAGGCGACAT-1,Multiplet
c2_2_GTTACCCAGTCACTCA-1,BAL 05
c2_2_GTTACCCCACTTCCTG-1,BAL 03
c2_2_GTTACCCCAGATCCTA-1,BAL 02
c2_2_GTTACCCCAGTATGAA-1,BAL 07
c2_2_GTTACCCGTATCAAGA-1,BAL 06
c2_2_GTTACCCGTCGACGCT-1,Multiplet
c2_2_GTTACCCGTGCTGATT-1,BAL 04
c2_2_GTTACCCGTGGCATCC-1,BAL 06
c2_2_GTTACCCGTGGCGCTT-1,Multiplet
c2_2_GTTACCCTCGGTAACT-1,BAL 06
c2_2_GTTACGAAGCACCGAA-1,BAL 06
c2_2_GTTACGAAGCCGGAAT-1,BAL 05
c2_2_GTTACGAAGTAACGAT-1,BAL 07
c2_2_GTTACGAAGTAGGGTC-1,BAL 06
c2_2_GTTACGAAGTATAGAC-1,BAL 04
c2_2_GTTACGACAAATACAG-1,BAL 05
c2_2_GTTACGAGTATCGGTT-1,BAL 07
c2_2_GTTACGAGTCACTCTC-1,BAL 05
c2_2_GTTACGAGTCTCAAGT-1,BAL 06
c2_2_GTTACGAGTGTATTGC-1,BAL 03
c2_2_GTTACGAGTTTCGTGA-1,BAL 02
c2_2_GTTACGATCCGATGTA-1,BAL 02
c2_2_GTTACGATCTCAACCC-1,BAL 06
c2_2_GTTAGACAGCGGGTTA-1,Multiplet
c2_2_GTTAGACAGCGGTAGT-1,BAL 02
c2_2_GTTAGACAGGCAGCTA-1,BAL 03
c2_2_GTTAGACAGGTTATAG-1,Negative
c2_2_GTTAGACCAATTCTCT-1,BAL 07
c2_2_GTTAGACCAGATACCT-1,BAL 07
c2_2_GTTAGACCATAATCGC-1,BAL 03
c2_2_GTTAGACGTCAAGCCC-1,BAL 05
c2_2_GTTAGACGTCGTTGCG-1,BAL 05
c2_2_GTTAGACGTCTGGTTA-1,BAL 07
c2_2_GTTAGACTCAACTTTC-1,BAL 02
c2_2_GTTAGACTCTCAGAAC-1,BAL 02
c2_2_GTTAGTGCAAGGTTGG-1,BAL 02
c2_2_GTTAGTGCACACACGC-1,Multiplet
c2_2_GTTAGTGCAGGCACAA-1,BAL 02
c2_2_GTTAGTGGTACTGCGC-1,BAL 01
c2_2_GTTAGTGGTATTTCCT-1,BAL 03
c2_2_GTTAGTGGTCCTGTTC-1,BAL 08
c2_2_GTTAGTGGTCGAATGG-1,Multiplet
c2_2_GTTAGTGTCAAACCCA-1,Multiplet
c2_2_GTTAGTGTCCTCGATC-1,BAL 08
c2_2_GTTAGTGTCGCAGAGA-1,BAL 03
c2_2_GTTAGTGTCGGAGCAA-1,BAL 02
c2_2_GTTAGTGTCGTTCAGA-1,BAL 05
c2_2_GTTATGGGTCTTCCGT-1,Multiplet
c2_2_GTTATGGGTGAACTAA-1,BAL 05
c2_2_GTTATGGGTGCAATGG-1,Multiplet
c2_2_GTTATGGTCACGAGGA-1,Multiplet
c2_2_GTTATGGTCACTTGGA-1,BAL 02
c2_2_GTTATGGTCCGCTGTT-1,Multiplet
c2_2_GTTATGGTCCGTCAAA-1,BAL 05
c2_2_GTTATGGTCTCTCGAC-1,BAL 05
c2_2_GTTATGGTCTGCTTAT-1,BAL 06
c2_2_GTTCATTAGAGCAGTC-1,BAL 08
c2_2_GTTCATTAGAGTCCGA-1,BAL 02
c2_2_GTTCATTCATACCAGT-1,BAL 08
c2_2_GTTCATTCATCGCTCT-1,BAL 07
c2_2_GTTCATTCATGAATAG-1,Multiplet
c2_2_GTTCATTGTATAGCTC-1,BAL 02
c2_2_GTTCATTGTATTAAGG-1,Multiplet
c2_2_GTTCATTGTTAGAGAT-1,BAL 03
c2_2_GTTCATTGTTCAAAGA-1,Multiplet
c2_2_GTTCATTTCATTGCCC-1,BAL 08
c2_2_GTTCCGTAGCCTGGAA-1,Multiplet
c2_2_GTTCCGTAGGAGGGTG-1,BAL 06
c2_2_GTTCCGTAGGTCGTCC-1,BAL 02
c2_2_GTTCCGTAGTGTTCAC-1,BAL 02
c2_2_GTTCCGTCAAATGCGG-1,BAL 06
c2_2_GTTCCGTCACATACTG-1,BAL 03
c2_2_GTTCCGTCACGGCCAT-1,BAL 04
c2_2_GTTCCGTCAGCTTTGA-1,BAL 02
c2_2_GTTCCGTCAGGTGTTT-1,BAL 07
c2_2_GTTCCGTCATACCGTA-1,Multiplet
c2_2_GTTCCGTGTTATGTCG-1,Multiplet
c2_2_GTTCCGTGTTGCCGCA-1,Multiplet
c2_2_GTTCCGTTCAGAGTGG-1,Multiplet
c2_2_GTTCCGTTCCCGTGAG-1,BAL 05
c2_2_GTTCCGTTCGCGGTAC-1,BAL 07
c2_2_GTTCGCTAGAAGGCTC-1,BAL 05
c2_2_GTTCGCTAGCAACAGC-1,BAL 04
c2_2_GTTCGCTAGTCGCGAA-1,BAL 02
c2_2_GTTCGCTCACGTCATA-1,BAL 04
c2_2_GTTCGCTCACTGTGAT-1,BAL 08
c2_2_GTTCGCTCAGCAGTTT-1,BAL 08
c2_2_GTTCGCTCATCTAACG-1,BAL 06
c2_2_GTTCGCTCATCTTCGC-1,BAL 01
c2_2_GTTCGCTGTCCTCCAT-1,BAL 05
c2_2_GTTCGCTGTGCAATGG-1,BAL 03
c2_2_GTTCGCTGTTATCTTC-1,BAL 03
c2_2_GTTCGCTTCCGCACTT-1,Multiplet
c2_2_GTTCGCTTCTCGACCT-1,BAL 05
c2_2_GTTCTATAGAGCATCG-1,BAL 05
c2_2_GTTCTATAGCTTCATG-1,BAL 02
c2_2_GTTCTATAGCTTGTGT-1,BAL 02
c2_2_GTTCTATAGCTTTCCC-1,Multiplet
c2_2_GTTCTATAGGGACACT-1,Multiplet
c2_2_GTTCTATAGGTCATCT-1,BAL 05
c2_2_GTTCTATCAGCTGTGC-1,BAL 04
c2_2_GTTCTATGTAGTTACC-1,BAL 08
c2_2_GTTCTATGTCCGAAGA-1,BAL 03
c2_2_GTTCTATGTTGACGGA-1,BAL 05
c2_2_GTTCTATGTTGGCCGT-1,BAL 01
c2_2_GTTCTATTCCCATAAG-1,BAL 02
c2_2_GTTCTATTCCGCTTAC-1,BAL 05
c2_2_GTTCTATTCGGTGTAT-1,BAL 05
c2_2_GTTGAACAGCTCGCAC-1,BAL 01
c2_2_GTTGAACAGGTAAGTT-1,BAL 04
c2_2_GTTGAACAGTACTGTC-1,BAL 02
c2_2_GTTGAACCAAAGGCTG-1,Multiplet
c2_2_GTTGAACCAACAAGAT-1,BAL 04
c2_2_GTTGAACCACTGATTG-1,BAL 08
c2_2_GTTGAACCAGCTACCG-1,BAL 07
c2_2_GTTGAACCATAAGCGG-1,BAL 02
c2_2_GTTGAACCATACAGGG-1,BAL 06
c2_2_GTTGAACGTAGGTACG-1,BAL 04
c2_2_GTTGAACGTTGTGTTG-1,BAL 06
c2_2_GTTGAACTCAGACTGT-1,BAL 07
c2_2_GTTGAACTCTAGTGTG-1,BAL 03
c2_2_GTTGCGGCACCCTAGG-1,BAL 07
c2_2_GTTGCGGCAGTATGAA-1,Multiplet
c2_2_GTTGCGGCATTAAGCC-1,BAL 06
c2_2_GTTGCGGGTACCCACG-1,BAL 08
c2_2_GTTGCGGGTATGGGAC-1,BAL 06
c2_2_GTTGCGGGTTGACGGA-1,BAL 03
c2_2_GTTGCGGTCCGATCGG-1,BAL 07
c2_2_GTTGCGGTCTCATGCC-1,Multiplet
c2_2_GTTGCTCAGAAGAGCA-1,BAL 02
c2_2_GTTGCTCAGAAGATCT-1,BAL 03
c2_2_GTTGCTCAGAAGCTCG-1,BAL 08
c2_2_GTTGCTCAGAGGCGTT-1,Multiplet
c2_2_GTTGCTCAGATCGGTG-1,BAL 03
c2_2_GTTGCTCAGCACACAG-1,BAL 03
c2_2_GTTGCTCAGCAGAAAG-1,BAL 01
c2_2_GTTGCTCAGCCGTCGT-1,Multiplet
c2_2_GTTGCTCAGGCTCAAG-1,BAL 01
c2_2_GTTGCTCAGGTCACCC-1,Multiplet
c2_2_GTTGCTCAGTCATGAA-1,BAL 07
c2_2_GTTGCTCCAAATTGCC-1,Multiplet
c2_2_GTTGCTCCACGGTGAA-1,BAL 04
c2_2_GTTGCTCCACTAGGCC-1,BAL 07
c2_2_GTTGCTCCAGAATGTA-1,BAL 05
c2_2_GTTGCTCCAGGAAGTC-1,BAL 08
c2_2_GTTGCTCCAGTAGTGG-1,BAL 05
c2_2_GTTGCTCCAGTTGTTG-1,BAL 07
c2_2_GTTGCTCCATTACGGT-1,BAL 05
c2_2_GTTGCTCGTCAGATTC-1,BAL 05
c2_2_GTTGCTCGTGCAATGG-1,BAL 08
c2_2_GTTGCTCTCCTACGGG-1,BAL 01
c2_2_GTTGCTCTCTTTGCAT-1,BAL 03
c2_2_GTTGTAGAGCCGCTTG-1,Multiplet
c2_2_GTTGTAGAGCTGCGAA-1,BAL 06
c2_2_GTTGTAGAGGACAGCT-1,BAL 05
c2_2_GTTGTAGAGGCTCTCG-1,BAL 06
c2_2_GTTGTAGCAAGTCCCG-1,Multiplet
c2_2_GTTGTAGCAATGTCTG-1,BAL 04
c2_2_GTTGTAGGTTAAGAAC-1,BAL 08
c2_2_GTTGTAGTCAGACATC-1,BAL 08
c2_2_GTTGTAGTCAGGAACG-1,BAL 02
c2_2_GTTGTAGTCATCACCC-1,BAL 04
c2_2_GTTGTAGTCCCATTTA-1,Multiplet
c2_2_GTTGTAGTCTGGGTCG-1,BAL 05
c2_2_GTTGTCCAGCTACTAC-1,BAL 04
c2_2_GTTGTCCAGGAATCGC-1,BAL 07
c2_2_GTTGTCCAGTCACACT-1,BAL 03
c2_2_GTTGTCCCACACGGTC-1,BAL 07
c2_2_GTTGTCCCACAGAGCA-1,BAL 03
c2_2_GTTGTCCCAGACCATT-1,Negative
c2_2_GTTGTCCCATTGAGCT-1,BAL 07
c2_2_GTTGTCCGTATGACAA-1,BAL 07
c2_2_GTTGTCCGTCAGCTTA-1,Multiplet
c2_2_GTTGTCCGTGGTAATA-1,BAL 08
c2_2_GTTGTCCTCAAGTGTC-1,Multiplet
c2_2_GTTGTCCTCACAAGGG-1,BAL 06
c2_2_GTTGTCCTCCGTGTAA-1,Multiplet
c2_2_GTTGTGACAAAGGTTA-1,BAL 01
c2_2_GTTGTGACACCAAATC-1,Multiplet
c2_2_GTTGTGACAGACACCC-1,BAL 08
c2_2_GTTGTGACAGCTTTGA-1,BAL 02
c2_2_GTTGTGACAGGTCTCG-1,BAL 04
c2_2_GTTGTGACATATCTGG-1,BAL 07
c2_2_GTTGTGATCTCAGGCG-1,BAL 08
c2_2_GTTTACTAGAATCGAT-1,BAL 02
c2_2_GTTTACTAGACCATAA-1,Multiplet
c2_2_GTTTACTAGAGCAACC-1,BAL 01
c2_2_GTTTACTAGAGTCAGC-1,Multiplet
c2_2_GTTTACTAGCACTTTG-1,BAL 02
c2_2_GTTTACTAGCAGTAAT-1,BAL 07
c2_2_GTTTACTAGCGAAACC-1,BAL 07
c2_2_GTTTACTAGGCAATGC-1,BAL 05
c2_2_GTTTACTAGTACAGCG-1,BAL 03
c2_2_GTTTACTAGTCACTGT-1,BAL 04
c2_2_GTTTACTAGTGCAACG-1,BAL 05
c2_2_GTTTACTCACTTCAAG-1,Multiplet
c2_2_GTTTACTCATTCACAG-1,BAL 02
c2_2_GTTTACTGTAACGGTG-1,BAL 07
c2_2_GTTTACTGTCCGGATC-1,Multiplet
c2_2_GTTTACTGTCTTGTCC-1,BAL 04
c2_2_GTTTACTTCATCAGTG-1,Multiplet
c2_2_GTTTACTTCCGCACTT-1,Multiplet
c2_2_GTTTACTTCTCGTGGG-1,BAL 03
c2_2_GTTTGGAAGCAATTCC-1,BAL 03
c2_2_GTTTGGAAGCGATTCT-1,BAL 07
c2_2_GTTTGGAAGGGAGGTG-1,Multiplet
c2_2_GTTTGGAAGTTTGGCT-1,BAL 08
c2_2_GTTTGGACACATCATG-1,BAL 08
c2_2_GTTTGGAGTAGGCAAC-1,Multiplet
c2_2_GTTTGGAGTTGCATAC-1,Multiplet
c2_2_GTTTGGAGTTGCATTG-1,BAL 08
c2_2_GTTTGGATCAACTGGT-1,BAL 05
c2_2_GTTTGGATCCAGCCTT-1,BAL 08
c2_2_GTTTGGATCCGTACGG-1,BAL 02
c2_2_TAACACGAGCATCCCG-1,BAL 03
c2_2_TAACACGAGCTCGAAG-1,BAL 08
c2_2_TAACACGCAACGCCCA-1,Multiplet
c2_2_TAACACGCAAGTATAG-1,Multiplet
c2_2_TAACACGCACAGTGAG-1,Negative
c2_2_TAACACGCATAGGTTC-1,BAL 04
c2_2_TAACACGCATAGTCAC-1,Negative
c2_2_TAACACGGTAGGACCA-1,BAL 05
c2_2_TAACACGGTGCGAGTA-1,BAL 03
c2_2_TAACACGGTTCTGAGT-1,Multiplet
c2_2_TAACACGTCGACCTAA-1,BAL 04
c2_2_TAACCAGAGCACTAAA-1,BAL 02
c2_2_TAACCAGAGGCGACAT-1,Multiplet
c2_2_TAACCAGAGTCTCTGA-1,BAL 02
c2_2_TAACCAGCAAATAAGC-1,BAL 03
c2_2_TAACCAGCACAGAAGC-1,Multiplet
c2_2_TAACCAGCACGGGTAA-1,BAL 01
c2_2_TAACCAGGTATAGGAT-1,BAL 05
c2_2_TAACCAGGTCACTTAG-1,BAL 04
c2_2_TAACCAGGTGGCCTCA-1,BAL 02
c2_2_TAACCAGGTGTGAATA-1,Multiplet
c2_2_TAACCAGGTTGTACGT-1,BAL 04
c2_2_TAACCAGTCTTCCGTG-1,BAL 03
c2_2_TAACGACAGAATTTGG-1,BAL 05
c2_2_TAACGACAGAGATGCC-1,BAL 03
c2_2_TAACGACCAAAGGCTG-1,BAL 02
c2_2_TAACGACCACCCTCTA-1,BAL 02
c2_2_TAACGACCAGGCTACC-1,Multiplet
c2_2_TAACGACGTCATCACA-1,BAL 05
c2_2_TAACGACGTGCGTCGT-1,BAL 04
c2_2_TAACGACTCATGTCAG-1,BAL 04
c2_2_TAACGACTCGTTCATT-1,BAL 04
c2_2_TAACTTCAGCAATTCC-1,BAL 03
c2_2_TAACTTCAGCGATGGT-1,Multiplet
c2_2_TAACTTCAGGGAGAAT-1,BAL 08
c2_2_TAACTTCAGTGGACGT-1,BAL 06
c2_2_TAACTTCCACCGTACG-1,BAL 08
c2_2_TAACTTCGTTATAGCC-1,BAL 05
c2_2_TAACTTCGTTATTCTC-1,BAL 05
c2_2_TAACTTCTCAAGAATG-1,Multiplet
c2_2_TAACTTCTCCCGAATA-1,Multiplet
c2_2_TAAGCACCACGTGTGC-1,BAL 03
c2_2_TAAGCACCAGCAGTTT-1,BAL 08
c2_2_TAAGCACCATCGATAC-1,Multiplet
c2_2_TAAGCACCATGATCTG-1,BAL 01
c2_2_TAAGCACCATTCAGCA-1,BAL 04
c2_2_TAAGCACGTACTGCCG-1,BAL 07
c2_2_TAAGCACGTATGCTTG-1,Multiplet
c2_2_TAAGCACGTGCGACAA-1,Multiplet
c2_2_TAAGCACGTGTTTGCA-1,Multiplet
c2_2_TAAGCACTCCTGTAAG-1,BAL 07
c2_2_TAAGCCACACACTGGC-1,BAL 07
c2_2_TAAGCCACACCTTCCA-1,BAL 04
c2_2_TAAGCCACAGCAAGAC-1,BAL 03
c2_2_TAAGCGTAGAGCATTA-1,Multiplet
c2_2_TAAGCGTAGAGGACTC-1,BAL 04
c2_2_TAAGCGTAGCCGTTAT-1,BAL 03
c2_2_TAAGCGTAGGGCAACT-1,Multiplet
c2_2_TAAGCGTAGTTGGGAC-1,BAL 04
c2_2_TAAGCGTCACAGACGA-1,BAL 05
c2_2_TAAGCGTGTAGGGTAC-1,BAL 02
c2_2_TAAGCGTGTCACCCTT-1,BAL 03
c2_2_TAAGCGTGTGTCATTG-1,BAL 01
c2_2_TAAGCGTGTTAAAGTG-1,BAL 03
c2_2_TAAGCGTGTTCCGCAG-1,BAL 01
c2_2_TAAGCGTTCCAAGGGA-1,BAL 05
c2_2_TAAGCGTTCCATATGG-1,BAL 08
c2_2_TAAGCGTTCGTGACTA-1,Multiplet
c2_2_TAAGTCGCACAAATCC-1,BAL 04
c2_2_TAAGTCGCACGCGTCA-1,BAL 06
c2_2_TAAGTCGCAGAACCGA-1,BAL 04
c2_2_TAAGTCGGTACAGCGA-1,Negative
c2_2_TAAGTCGGTATGCGGA-1,BAL 03
c2_2_TAAGTCGGTCGTCAGC-1,Multiplet
c2_2_TAAGTCGGTCTTCTAT-1,BAL 05
c2_2_TAAGTCGGTTGCGGCT-1,BAL 02
c2_2_TAAGTCGGTTTACACG-1,Negative
c2_2_TAAGTCGTCGAGCCTG-1,BAL 03
c2_2_TAAGTCGTCTGTTGGA-1,BAL 07
c2_2_TAAGTCGTCTTCACAT-1,BAL 08
c2_2_TAATCTCCAAGAGAGA-1,BAL 07
c2_2_TAATCTCCAATACAGA-1,BAL 05
c2_2_TAATCTCCAATTAGGA-1,BAL 03
c2_2_TAATCTCCACCTCTGT-1,BAL 05
c2_2_TAATCTCCACCTGCTT-1,BAL 04
c2_2_TAATCTCGTAAGCAAT-1,BAL 08
c2_2_TAATCTCGTGCATTTG-1,BAL 04
c2_2_TAATCTCGTGTTCATG-1,BAL 08
c2_2_TAATCTCGTTGATGTC-1,BAL 02
c2_2_TAATCTCTCAGCGGAA-1,BAL 07
c2_2_TAATCTCTCGACGCGT-1,BAL 08
c2_2_TAATCTCTCGGTTGTA-1,Multiplet
c2_2_TAATTCCAGATCGCTT-1,BAL 06
c2_2_TAATTCCAGCTCGTGC-1,BAL 08
c2_2_TAATTCCCAAGATTGA-1,BAL 03
c2_2_TAATTCCCATCCCACT-1,BAL 04
c2_2_TAATTCCCATGAGGGT-1,BAL 02
c2_2_TAATTCCCATGGTGGA-1,BAL 03
c2_2_TAATTCCGTAGGAGGG-1,BAL 08
c2_2_TAATTCCGTCTACTGA-1,BAL 03
c2_2_TAATTCCGTGATTAGA-1,BAL 01
c2_2_TAATTCCGTGGACTGA-1,BAL 02
c2_2_TAATTCCGTGGGTATG-1,Multiplet
c2_2_TAATTCCGTGTGTGGA-1,BAL 07
c2_2_TAATTCCGTTACCTTT-1,BAL 08
c2_2_TAATTCCGTTCCGGTG-1,BAL 01
c2_2_TAATTCCGTTCTGAGT-1,Multiplet
c2_2_TAATTCCTCAACTTTC-1,BAL 03
c2_2_TAATTCCTCCAAATGC-1,BAL 01
c2_2_TAATTCCTCGTCGATA-1,BAL 01
c2_2_TAATTCCTCGTTATCT-1,Multiplet
c2_2_TAATTCCTCTAGACCA-1,Multiplet
c2_2_TACAACGAGAAGGATG-1,BAL 06
c2_2_TACAACGAGCTCTATG-1,Multiplet
c2_2_TACAACGAGCTGACTT-1,BAL 03
c2_2_TACAACGAGGGCCAAT-1,BAL 05
c2_2_TACAACGCACGAGAAC-1,BAL 03
c2_2_TACAACGCAGGAATCG-1,BAL 03
c2_2_TACAACGCATCTCATT-1,Multiplet
c2_2_TACAACGGTCTTCCGT-1,BAL 02
c2_2_TACAACGTCAGGGATG-1,Multiplet
c2_2_TACAACGTCCCTCAAC-1,BAL 08
c2_2_TACAACGTCGATGCTA-1,BAL 04
c2_2_TACAACGTCGGTAACT-1,Multiplet
c2_2_TACAACGTCTCATTGT-1,BAL 04
c2_2_TACACCCAGAAGTATC-1,BAL 05
c2_2_TACACCCAGGGTAATT-1,Multiplet
c2_2_TACACCCCAGGTGAGT-1,BAL 04
c2_2_TACACCCCATGAATCC-1,BAL 08
c2_2_TACACCCGTAGATTGA-1,BAL 07
c2_2_TACACCCGTCGGTGAA-1,Multiplet
c2_2_TACACCCGTTGGTACT-1,BAL 02
c2_2_TACACCCGTTGTGGAG-1,BAL 03
c2_2_TACACCCGTTTGTTCT-1,BAL 03
c2_2_TACACCCTCACAACCA-1,Multiplet
c2_2_TACACCCTCATGGATC-1,BAL 03
c2_2_TACACCCTCTGGTTGA-1,BAL 05
c2_2_TACAGGTAGAATCGCG-1,BAL 03
c2_2_TACAGGTAGACAACTA-1,BAL 03
c2_2_TACAGGTAGACCATGG-1,Multiplet
c2_2_TACAGGTAGGATCACG-1,BAL 05
c2_2_TACAGGTAGGTAGACC-1,Multiplet
c2_2_TACAGGTCAATCTCGA-1,Multiplet
c2_2_TACAGGTCACCGGTCA-1,Multiplet
c2_2_TACAGGTCAGTTTCGA-1,BAL 08
c2_2_TACAGGTGTATCAAGA-1,Multiplet
c2_2_TACAGGTGTCCTACAA-1,BAL 04
c2_2_TACAGGTGTGCCCTTT-1,BAL 04
c2_2_TACAGGTTCAGGAAAT-1,BAL 07
c2_2_TACAGGTTCCCATGGG-1,BAL 06
c2_2_TACATTCAGAATCGTA-1,BAL 03
c2_2_TACATTCAGACTCTTG-1,BAL 06
c2_2_TACATTCAGCGGCTCT-1,Multiplet
c2_2_TACATTCAGCGTCTGC-1,BAL 01
c2_2_TACATTCAGGCACGAT-1,BAL 02
c2_2_TACATTCAGGGAGGCA-1,BAL 03
c2_2_TACATTCAGTAAATGC-1,Multiplet
c2_2_TACATTCCACAGACGA-1,Multiplet
c2_2_TACATTCGTAATCAGA-1,BAL 01
c2_2_TACATTCGTCTACATG-1,BAL 06
c2_2_TACATTCGTCTGTTAG-1,BAL 02
c2_2_TACATTCTCCAAAGGG-1,BAL 03
c2_2_TACCCACAGCCTCACG-1,BAL 02
c2_2_TACCCACAGCTGACAG-1,Negative
c2_2_TACCCACAGTAGGCCA-1,BAL 03
c2_2_TACCCACAGTCTCGTA-1,BAL 07
c2_2_TACCCACCAATTCTTC-1,Multiplet
c2_2_TACCCACCACACCTGG-1,BAL 06
c2_2_TACCCACCATCCTGTC-1,BAL 02
c2_2_TACCCACCATTGAAAG-1,BAL 04
c2_2_TACCCACGTCGCTTGG-1,Multiplet
c2_2_TACCCACTCCATACAG-1,BAL 02
c2_2_TACCCGTAGAGAGTTT-1,BAL 03
c2_2_TACCCGTAGAGGTTAT-1,BAL 03
c2_2_TACCCGTAGATGCTAA-1,BAL 02
c2_2_TACCCGTAGCGAAACC-1,BAL 07
c2_2_TACCCGTAGGCCTTCG-1,BAL 08
c2_2_TACCCGTAGTAGCCAG-1,BAL 06
c2_2_TACCCGTCAAAGCACG-1,BAL 05
c2_2_TACCCGTCACATTCTT-1,BAL 08
c2_2_TACCCGTCAGATTAAG-1,BAL 03
c2_2_TACCCGTGTATCGCTA-1,Multiplet
c2_2_TACCCGTGTCACGTGC-1,BAL 06
c2_2_TACCCGTGTCACTCGG-1,Multiplet
c2_2_TACCCGTGTTACCTTT-1,Multiplet
c2_2_TACCCGTGTTTGGGTT-1,BAL 04
c2_2_TACCCGTTCACCTACC-1,BAL 06
c2_2_TACCCGTTCGTGACTA-1,BAL 02
c2_2_TACCCGTTCTCGGTAA-1,BAL 08
c2_2_TACCCGTTCTGCCTGT-1,BAL 02
c2_2_TACCGAAAGGACCCAA-1,BAL 07
c2_2_TACCGAAAGGAGTCTG-1,BAL 03
c2_2_TACCGAAAGGCAGGTT-1,BAL 01
c2_2_TACCGAAAGGCCACCT-1,BAL 06
c2_2_TACCGAAAGGCTAACG-1,BAL 04
c2_2_TACCGAACAAACCGGA-1,BAL 04
c2_2_TACCGAACAAGTATAG-1,BAL 08
c2_2_TACCGAACAATAGTCC-1,BAL 02
c2_2_TACCGAACAATCTGCA-1,Multiplet
c2_2_TACCGAACACACTTAG-1,BAL 01
c2_2_TACCGAAGTATGGTTC-1,BAL 02
c2_2_TACCGAAGTATGTGTC-1,BAL 04
c2_2_TACCGAAGTTGCACGC-1,BAL 04
c2_2_TACCGAATCAACCGAT-1,BAL 01
c2_2_TACCGAATCACTCGAA-1,Multiplet
c2_2_TACCGAATCATGCAGT-1,BAL 04
c2_2_TACCGAATCCTTCGAC-1,BAL 07
c2_2_TACCGAATCGTCGCTT-1,Multiplet
c2_2_TACCGGGAGACTCAAA-1,BAL 01
c2_2_TACCGGGAGTTGCATC-1,Multiplet
c2_2_TACCGGGAGTTGGCTT-1,Multiplet
c2_2_TACCGGGCAAGCAGGT-1,BAL 07
c2_2_TACCGGGCATCCTTGC-1,BAL 07
c2_2_TACCGGGGTAGATGTA-1,BAL 03
c2_2_TACCGGGGTCACTTCC-1,Multiplet
c2_2_TACCGGGGTCCTTAAG-1,BAL 08
c2_2_TACCGGGTCCTACCGT-1,BAL 08
c2_2_TACCGGGTCGAAGGAC-1,BAL 07
c2_2_TACCTCGAGGGCAATC-1,Multiplet
c2_2_TACCTCGAGTAGCAAT-1,Multiplet
c2_2_TACCTCGAGTCTAGCT-1,BAL 08
c2_2_TACCTCGCACGGTCTG-1,BAL 07
c2_2_TACCTCGGTACTGCCG-1,BAL 04
c2_2_TACCTCGGTGGGCTTC-1,BAL 04
c2_2_TACCTCGTCATTTCCA-1,BAL 04
c2_2_TACCTCGTCGCAGATT-1,BAL 02
c2_2_TACCTCGTCTGCGTCT-1,Multiplet
c2_2_TACCTCGTCTTGGATG-1,BAL 03
c2_2_TACCTGCCACGCGGTT-1,Multiplet
c2_2_TACCTGCCACGGTAGA-1,BAL 05
c2_2_TACCTGCCAGAGTGTG-1,BAL 02
c2_2_TACCTGCCAGCCCAGT-1,BAL 04
c2_2_TACCTGCCATGCACTA-1,BAL 05
c2_2_TACCTGCGTAAGGAGA-1,BAL 03
c2_2_TACCTGCTCACCCTGT-1,BAL 07
c2_2_TACCTGCTCTGTTCAT-1,BAL 04
c2_2_TACGCTCAGACGGTCA-1,BAL 05
c2_2_TACGCTCAGAGCCTGA-1,BAL 06
c2_2_TACGCTCAGATCCTAC-1,BAL 06
c2_2_TACGCTCAGATGACCG-1,Multiplet
c2_2_TACGCTCAGCAGATAT-1,BAL 05
c2_2_TACGCTCAGCGTGAAC-1,BAL 03
c2_2_TACGCTCAGGTAGCCA-1,BAL 07
c2_2_TACGCTCAGTAAATGC-1,BAL 08
c2_2_TACGCTCAGTCTGGAG-1,BAL 01
c2_2_TACGCTCAGTGTCATC-1,BAL 02
c2_2_TACGCTCCAACTGCTA-1,BAL 02
c2_2_TACGCTCCACGAGGTA-1,BAL 04
c2_2_TACGCTCCACTCGATA-1,Multiplet
c2_2_TACGCTCCACTCTGCT-1,BAL 01
c2_2_TACGCTCCAGATTAAG-1,BAL 03
c2_2_TACGCTCCAGTCAGCC-1,BAL 02
c2_2_TACGCTCCAGTCGCTG-1,Multiplet
c2_2_TACGCTCGTATGCTTG-1,BAL 03
c2_2_TACGCTCGTTCCATTT-1,BAL 01
c2_2_TACGCTCTCAGGAACG-1,BAL 01
c2_2_TACGCTCTCAGGCGAA-1,BAL 04
c2_2_TACGGGCAGATAACAC-1,BAL 03
c2_2_TACGGGCAGCCACTCG-1,BAL 03
c2_2_TACGGGCAGCGGTATG-1,BAL 01
c2_2_TACGGGCAGGCGACAT-1,Multiplet
c2_2_TACGGGCCAAGGTCTT-1,Multiplet
c2_2_TACGGGCCAATCACGT-1,BAL 08
c2_2_TACGGGCCACATTGTG-1,BAL 05
c2_2_TACGGGCCATTGTGCA-1,BAL 03
c2_2_TACGGGCGTAACAGTA-1,Multiplet
c2_2_TACGGGCGTAAGCAAT-1,Multiplet
c2_2_TACGGGCGTCACCGCA-1,BAL 03
c2_2_TACGGGCGTTAAAGTG-1,BAL 05
c2_2_TACGGGCTCATTCGGA-1,BAL 08
c2_2_TACGGGCTCCTGCTAC-1,Multiplet
c2_2_TACGGGCTCGATTGGT-1,Multiplet
c2_2_TACGGTAAGCCTAGGA-1,BAL 05
c2_2_TACGGTAAGTTAGTGA-1,BAL 04
c2_2_TACGGTACACAACATC-1,Multiplet
c2_2_TACGGTACACTGAGGA-1,BAL 02
c2_2_TACGGTACACTGTTCC-1,BAL 02
c2_2_TACGGTACAGGCATTT-1,BAL 01
c2_2_TACGGTACATTGCAAC-1,BAL 06
c2_2_TACGGTAGTAAGTTAG-1,BAL 02
c2_2_TACGGTAGTAATGTGA-1,BAL 03
c2_2_TACGGTAGTCATGCAT-1,BAL 02
c2_2_TACGGTAGTTAAGTCC-1,BAL 05
c2_2_TACGGTATCTCCTGTG-1,BAL 03
c2_2_TACGTCCCACCGAATT-1,BAL 02
c2_2_TACGTCCCAGAACCGA-1,Multiplet
c2_2_TACGTCCCAGGCTACC-1,BAL 05
c2_2_TACGTCCCATCGTTCC-1,BAL 03
c2_2_TACGTCCGTGGCTACC-1,BAL 03
c2_2_TACGTCCGTGTAAATG-1,BAL 04
c2_2_TACGTCCGTGTATACC-1,BAL 07
c2_2_TACGTCCTCATAGACC-1,BAL 02
c2_2_TACGTCCTCCAATCCC-1,Multiplet
c2_2_TACGTCCTCTACCAGA-1,Multiplet
c2_2_TACGTCCTCTCAGTCC-1,BAL 05
c2_2_TACTGCCCAACGATCT-1,BAL 06
c2_2_TACTGCCCACGCAAAG-1,BAL 01
c2_2_TACTGCCCACGCTATA-1,BAL 03
c2_2_TACTGCCCAGCTGTGC-1,BAL 02
c2_2_TACTGCCCATACAGAA-1,BAL 07
c2_2_TACTGCCCATTGTGCA-1,BAL 04
c2_2_TACTGCCGTAACCCTA-1,BAL 07
c2_2_TACTGCCGTTAGCTAC-1,BAL 05
c2_2_TACTGCCGTTGCTCCT-1,Multiplet
c2_2_TACTGCCTCGATTTCT-1,BAL 01
c2_2_TACTGCCTCTCTCTAA-1,Multiplet
c2_2_TACTTACAGATTAGTG-1,BAL 06
c2_2_TACTTACCACCCAATA-1,BAL 07
c2_2_TACTTACCATGTCTAG-1,Negative
c2_2_TACTTACGTCTGTGAT-1,BAL 08
c2_2_TACTTACGTGGAGAAA-1,BAL 08
c2_2_TACTTACGTGTATTGC-1,Multiplet
c2_2_TACTTACTCACAAGAA-1,BAL 08
c2_2_TACTTACTCACCTCAC-1,Multiplet
c2_2_TACTTACTCGCTCTAC-1,BAL 01
c2_2_TACTTACTCGCTTACC-1,BAL 02
c2_2_TACTTCAAGACCGTTT-1,Multiplet
c2_2_TACTTCAAGGCTAAAT-1,Multiplet
c2_2_TACTTCAAGTCATTGC-1,BAL 03
c2_2_TACTTCACAAGCTCTA-1,BAL 05
c2_2_TACTTCACAGGAACCA-1,BAL 03
c2_2_TACTTCACATAGGAGC-1,BAL 06
c2_2_TACTTCAGTGTTCCTC-1,BAL 03
c2_2_TACTTCAGTTCTGACA-1,BAL 05
c2_2_TACTTCATCAGTGGGA-1,BAL 05
c2_2_TACTTCATCCAACCAA-1,Multiplet
c2_2_TACTTCATCCGTGACG-1,BAL 05
c2_2_TACTTCATCTGGGCAC-1,BAL 05
c2_2_TACTTGTAGATTGTGA-1,BAL 06
c2_2_TACTTGTAGCTTCATG-1,BAL 07
c2_2_TACTTGTAGGCGAACT-1,BAL 07
c2_2_TACTTGTAGTCTGGTT-1,BAL 05
c2_2_TACTTGTAGTGATAAC-1,BAL 06
c2_2_TACTTGTAGTTGCCTA-1,BAL 06
c2_2_TACTTGTCAAAGGAGA-1,BAL 06
c2_2_TACTTGTCACTTCCTG-1,BAL 05
c2_2_TACTTGTGTAACCCTA-1,BAL 04
c2_2_TACTTGTGTATTTCTC-1,Negative
c2_2_TACTTGTGTGTGTGGA-1,Multiplet
c2_2_TACTTGTTCACCTGTC-1,BAL 05
c2_2_TACTTGTTCCCAAGTA-1,BAL 01
c2_2_TACTTGTTCTATGCCC-1,Multiplet
c2_2_TACTTGTTCTGCTGAA-1,Multiplet
c2_2_TAGACCAAGAAGCCAC-1,BAL 02
c2_2_TAGACCAAGCAGCCCT-1,BAL 06
c2_2_TAGACCAAGTTCGCAT-1,BAL 02
c2_2_TAGACCACAATACCTG-1,Multiplet
c2_2_TAGACCACACGCCACA-1,BAL 07
c2_2_TAGACCACACTCATAG-1,BAL 04
c2_2_TAGACCACATAAGCAA-1,BAL 02
c2_2_TAGACCACATCGTGCG-1,Multiplet
c2_2_TAGACCAGTGGTTTAC-1,BAL 07
c2_2_TAGACCATCCCAATAG-1,BAL 06
c2_2_TAGACCATCCGTTGGG-1,BAL 04
c2_2_TAGACCATCTCTTGCG-1,BAL 04
c2_2_TAGACTGAGCGTACAG-1,Multiplet
c2_2_TAGACTGAGTCACACT-1,BAL 05
c2_2_TAGACTGCACCAGCTG-1,BAL 06
c2_2_TAGACTGCACTCATAG-1,BAL 02
c2_2_TAGACTGCACTGTTCC-1,Multiplet
c2_2_TAGACTGCAGACGCTC-1,Multiplet
c2_2_TAGACTGGTAAGTTAG-1,BAL 02
c2_2_TAGACTGGTCTACATG-1,BAL 04
c2_2_TAGACTGGTGATACTC-1,BAL 08
c2_2_TAGACTGGTGGGTATG-1,BAL 04
c2_2_TAGACTGTCAATCTCT-1,Multiplet
c2_2_TAGAGTCAGAGCCCAA-1,Multiplet
c2_2_TAGAGTCAGGCGAAGG-1,BAL 04
c2_2_TAGAGTCCAAAGGCGT-1,BAL 07
c2_2_TAGAGTCCAATTCGTG-1,Negative
c2_2_TAGAGTCCAGCTTTCC-1,Multiplet
c2_2_TAGAGTCCAGGCGAAT-1,BAL 03
c2_2_TAGAGTCGTAGACGGT-1,Multiplet
c2_2_TAGAGTCGTATGATCC-1,BAL 03
c2_2_TAGAGTCGTTCTCGTC-1,BAL 07
c2_2_TAGAGTCTCCCGTGAG-1,BAL 03
c2_2_TAGAGTCTCGCTTAAG-1,BAL 06
c2_2_TAGAGTCTCGTACCTC-1,BAL 05
c2_2_TAGAGTCTCGTAGCTA-1,BAL 03
c2_2_TAGAGTCTCGTTCCTG-1,BAL 05
c2_2_TAGAGTCTCTTAGTTC-1,BAL 04
c2_2_TAGATCGAGCAATAAC-1,BAL 06
c2_2_TAGATCGAGCGACAGT-1,BAL 05
c2_2_TAGATCGCAAATTGGA-1,BAL 08
c2_2_TAGATCGCACGCGTCA-1,BAL 07
c2_2_TAGATCGCACTCACTC-1,BAL 07
c2_2_TAGATCGCACTCCGGA-1,BAL 02
c2_2_TAGATCGGTAGCGCCT-1,BAL 01
c2_2_TAGATCGTCCATCTCG-1,BAL 04
c2_2_TAGATCGTCTCATTGT-1,BAL 08
c2_2_TAGCACAAGAGTACCG-1,BAL 08
c2_2_TAGCACAAGCTCGAAG-1,Multiplet
c2_2_TAGCACACAAAGCACG-1,BAL 06
c2_2_TAGCACACAACGACTT-1,BAL 05
c2_2_TAGCACACAGTAGGAC-1,BAL 01
c2_2_TAGCACACATGCGTGC-1,BAL 07
c2_2_TAGCACATCATGCCAA-1,Negative
c2_2_TAGGAGGCAATAACCC-1,Multiplet
c2_2_TAGGAGGCAATGTTGC-1,BAL 05
c2_2_TAGGAGGCACCAAAGG-1,BAL 07
c2_2_TAGGAGGCACTTGGCG-1,BAL 06
c2_2_TAGGAGGCAGTTCCAA-1,BAL 05
c2_2_TAGGAGGCATATACCG-1,Multiplet
c2_2_TAGGAGGTCCTTATGT-1,BAL 02
c2_2_TAGGAGGTCGTGCGAC-1,BAL 05
c2_2_TAGGGTTAGAAACCAT-1,BAL 02
c2_2_TAGGGTTAGGTAAGAG-1,BAL 03
c2_2_TAGGGTTAGTATGGCG-1,BAL 03
c2_2_TAGGGTTCAAGAAATC-1,BAL 08
c2_2_TAGGGTTCATCCTGTC-1,BAL 08
c2_2_TAGGGTTCATGGGAAC-1,Multiplet
c2_2_TAGGGTTGTACAGAGC-1,BAL 04
c2_2_TAGGGTTGTATTTCTC-1,Multiplet
c2_2_TAGGGTTGTCAGACGA-1,BAL 01
c2_2_TAGGGTTGTCCGTTTC-1,BAL 04
c2_2_TAGGGTTGTCGCAGTC-1,BAL 06
c2_2_TAGGGTTGTGCATGTT-1,BAL 05
c2_2_TAGGGTTGTTAAACCC-1,BAL 08
c2_2_TAGGGTTGTTCTGAGT-1,BAL 08
c2_2_TAGGGTTGTTTAGTCG-1,BAL 04
c2_2_TAGGGTTTCGTAACCA-1,BAL 03
c2_2_TAGGTACAGCAATAAC-1,BAL 08
c2_2_TAGGTACAGCGGACAT-1,BAL 06
c2_2_TAGGTACAGGTAGTCG-1,BAL 08
c2_2_TAGGTACCAACCGCCA-1,Multiplet
c2_2_TAGGTACCAACTCATG-1,BAL 04
c2_2_TAGGTACCACGGTGAA-1,BAL 01
c2_2_TAGGTACCAGCGATTT-1,Multiplet
c2_2_TAGGTACCAGGAATAT-1,Multiplet
c2_2_TAGGTACCATAGTCGT-1,Multiplet
c2_2_TAGGTACGTCAAATCC-1,BAL 08
c2_2_TAGGTACGTTCTCCCA-1,BAL 08
c2_2_TAGGTTGAGAGTCAGC-1,BAL 05
c2_2_TAGGTTGAGAGTCCGA-1,BAL 06
c2_2_TAGGTTGAGATCGCTT-1,Multiplet
c2_2_TAGGTTGAGCACCCAC-1,BAL 04
c2_2_TAGGTTGAGCGGTAAC-1,BAL 01
c2_2_TAGGTTGAGTAGGATT-1,BAL 04
c2_2_TAGGTTGAGTTGGGAC-1,BAL 08
c2_2_TAGGTTGCAAATCAGA-1,BAL 08
c2_2_TAGGTTGCACTTGGCG-1,BAL 07
c2_2_TAGGTTGCATGAATCC-1,BAL 01
c2_2_TAGGTTGGTAGGTCAG-1,BAL 04
c2_2_TAGGTTGGTATGAGAT-1,BAL 07
c2_2_TAGGTTGGTCGGTAAG-1,BAL 08
c2_2_TAGGTTGGTGATACCT-1,BAL 06
c2_2_TAGGTTGGTGATGGCA-1,BAL 01
c2_2_TAGGTTGGTGTGCCTG-1,BAL 01
c2_2_TAGGTTGGTTGCCGCA-1,BAL 05
c2_2_TAGGTTGGTTTCGGCG-1,BAL 01
c2_2_TAGGTTGTCACTTGGA-1,BAL 03
c2_2_TAGGTTGTCTACGCGG-1,Multiplet
c2_2_TAGGTTGTCTCGACCT-1,BAL 02
c2_2_TAGTGCAAGTCTTCGA-1,Multiplet
c2_2_TAGTGCACACAAATGA-1,BAL 03
c2_2_TAGTGCACAGAATTCC-1,BAL 05
c2_2_TAGTGCACAGTTACCA-1,BAL 05
c2_2_TAGTGCAGTAGTCCTA-1,Multiplet
c2_2_TAGTGCAGTATCGTTG-1,BAL 04
c2_2_TAGTGCATCAAGGACG-1,Multiplet
c2_2_TAGTGCATCCATTGGA-1,Negative
c2_2_TAGTGCATCCGTCCTA-1,BAL 07
c2_2_TATACCTAGCTCAGAG-1,BAL 06
c2_2_TATACCTCAGCTTCGG-1,BAL 05
c2_2_TATACCTCATGACTCA-1,BAL 03
c2_2_TATACCTCATGGAACG-1,Multiplet
c2_2_TATACCTGTATACAGA-1,BAL 02
c2_2_TATACCTTCAATCTCT-1,BAL 03
c2_2_TATACCTTCATTGAGC-1,BAL 05
c2_2_TATATCCAGCACCGAA-1,BAL 07
c2_2_TATATCCAGCGACTGA-1,Multiplet
c2_2_TATATCCAGCTCATAC-1,BAL 08
c2_2_TATATCCAGGCAGCTA-1,BAL 05
c2_2_TATATCCAGGTTCCAT-1,BAL 05
c2_2_TATATCCAGGTTGAGC-1,BAL 02
c2_2_TATATCCCAAAGCACG-1,BAL 08
c2_2_TATATCCCAAGAATGT-1,BAL 02
c2_2_TATATCCCAAGCTACT-1,BAL 02
c2_2_TATATCCCAGCCTTCT-1,Negative
c2_2_TATATCCCAGGTTCAT-1,Multiplet
c2_2_TATATCCCATCGAGCC-1,BAL 03
c2_2_TATATCCGTCACTCAA-1,Multiplet
c2_2_TATATCCGTCCCTGAG-1,BAL 05
c2_2_TATATCCGTGGAATGC-1,Multiplet
c2_2_TATATCCGTGGTCTTA-1,BAL 08
c2_2_TATATCCGTTATAGCC-1,BAL 02
c2_2_TATATCCGTTCTGACA-1,BAL 03
c2_2_TATATCCTCAACCTCC-1,BAL 03
c2_2_TATATCCTCGAACCTA-1,Multiplet
c2_2_TATATCCTCGAGAGCA-1,Multiplet
c2_2_TATATCCTCTGGAGAG-1,BAL 02
c2_2_TATATCCTCTTGAGCA-1,BAL 04
c2_2_TATCAGGCAAAGAACT-1,Multiplet
c2_2_TATCAGGCAGTCTCTC-1,BAL 07
c2_2_TATCAGGGTAAGTAGT-1,BAL 07
c2_2_TATCAGGGTAGATCGG-1,BAL 01
c2_2_TATCAGGGTGTACATC-1,BAL 07
c2_2_TATCAGGTCAGTCATG-1,BAL 06
c2_2_TATCAGGTCATGAAAG-1,BAL 08
c2_2_TATCAGGTCATTGTGG-1,Multiplet
c2_2_TATCAGGTCCCAAGCG-1,BAL 06
c2_2_TATCAGGTCTGGTCAA-1,Multiplet
c2_2_TATCCTAAGCTCCCTT-1,Multiplet
c2_2_TATCCTAAGCTGAAAT-1,BAL 07
c2_2_TATCCTAAGGGTCACA-1,BAL 06
c2_2_TATCCTACAAGGTCGA-1,BAL 02
c2_2_TATCCTACAGCCGTTG-1,BAL 06
c2_2_TATCCTAGTGTCCATA-1,BAL 08
c2_2_TATCCTATCACACCCT-1,BAL 07
c2_2_TATCCTATCGCGATCG-1,BAL 02
c2_2_TATCCTATCTTGCAGA-1,Multiplet
c2_2_TATCGCCAGAGTATAC-1,BAL 06
c2_2_TATCGCCAGATCGGTG-1,Multiplet
c2_2_TATCGCCAGCCGTTAT-1,BAL 03
c2_2_TATCGCCAGCCTTGAT-1,BAL 01
c2_2_TATCGCCAGCGAAACC-1,BAL 04
c2_2_TATCGCCAGGGCAGAG-1,BAL 07
c2_2_TATCGCCAGGTCATCT-1,BAL 08
c2_2_TATCGCCAGTACAGCG-1,BAL 02
c2_2_TATCGCCAGTGTAGTA-1,BAL 05
c2_2_TATCGCCAGTTAGTAG-1,BAL 07
c2_2_TATCGCCAGTTGAAGT-1,Multiplet
c2_2_TATCGCCCACTTGGCG-1,BAL 08
c2_2_TATCGCCCATACCAGT-1,BAL 06
c2_2_TATCGCCGTATCGCGC-1,BAL 06
c2_2_TATCGCCGTATTTCTC-1,BAL 04
c2_2_TATCGCCGTCCGGTCA-1,Multiplet
c2_2_TATCGCCGTCTCCTGT-1,BAL 08
c2_2_TATCGCCGTGCGGTAA-1,BAL 02
c2_2_TATCGCCGTGTCGATT-1,BAL 08
c2_2_TATCGCCGTTGGACTT-1,BAL 06
c2_2_TATCGCCTCAGACCGC-1,Negative
c2_2_TATCGCCTCCATCTAT-1,Multiplet
c2_2_TATCGCCTCCCGTTCA-1,BAL 04
c2_2_TATCGCCTCGGAACTT-1,Multiplet
c2_2_TATCTGTCAAATTGCC-1,BAL 08
c2_2_TATCTGTCAAGTGCTT-1,Multiplet
c2_2_TATCTGTCAGCAGGAT-1,BAL 04
c2_2_TATCTGTCAGTTGAAA-1,BAL 03
c2_2_TATCTGTCATCACGGC-1,BAL 03
c2_2_TATCTGTCATCAGCTA-1,BAL 02
c2_2_TATCTGTGTGGATCGA-1,Multiplet
c2_2_TATCTGTGTTATCTGG-1,Negative
c2_2_TATCTGTTCAAGCTTG-1,BAL 03
c2_2_TATCTGTTCCAATCTT-1,BAL 02
c2_2_TATCTGTTCGCTAGCG-1,Multiplet
c2_2_TATCTGTTCGCTATTT-1,BAL 07
c2_2_TATCTTGAGGTTGCCC-1,BAL 03
c2_2_TATCTTGAGTAACAGT-1,Multiplet
c2_2_TATCTTGCAACTGCCG-1,Multiplet
c2_2_TATCTTGCACACCGCA-1,BAL 03
c2_2_TATCTTGCAGATGCGA-1,BAL 03
c2_2_TATCTTGGTAATACCC-1,BAL 04
c2_2_TATCTTGGTCGTGATT-1,Multiplet
c2_2_TATCTTGGTCTCTCTG-1,BAL 05
c2_2_TATCTTGGTGCCCGTA-1,Multiplet
c2_2_TATCTTGTCGATTGAC-1,BAL 07
c2_2_TATCTTGTCGCCGAGT-1,BAL 02
c2_2_TATCTTGTCGTAGAGG-1,BAL 07
c2_2_TATCTTGTCTAAGCCA-1,Multiplet
c2_2_TATCTTGTCTCATTTG-1,Multiplet
c2_2_TATGTTCAGAAGTCAT-1,BAL 03
c2_2_TATGTTCAGACAACTA-1,Multiplet
c2_2_TATGTTCAGCGCCTAC-1,Multiplet
c2_2_TATGTTCAGTACTCGT-1,BAL 07
c2_2_TATGTTCAGTAGTCCT-1,BAL 07
c2_2_TATGTTCAGTTCACTG-1,BAL 07
c2_2_TATGTTCCAGGATGAC-1,BAL 04
c2_2_TATGTTCCAGTTGGTT-1,Multiplet
c2_2_TATGTTCGTCCAATCA-1,Multiplet
c2_2_TATGTTCGTCGTGCCA-1,BAL 04
c2_2_TATGTTCGTGATAGTA-1,BAL 02
c2_2_TATGTTCGTGGATCAG-1,BAL 08
c2_2_TATGTTCGTGGCCTCA-1,BAL 05
c2_2_TATGTTCTCAGGGTAG-1,BAL 05
c2_2_TATGTTCTCATCTACT-1,BAL 02
c2_2_TATTCCAAGCATCAAA-1,BAL 08
c2_2_TATTCCAAGCGTGCCT-1,BAL 02
c2_2_TATTCCAAGTCACAGG-1,BAL 01
c2_2_TATTCCACAGAACTCT-1,BAL 02
c2_2_TATTCCACAGCAGGAT-1,BAL 03
c2_2_TATTCCAGTTTAAGGA-1,BAL 01
c2_2_TATTCCATCCGATCGG-1,Multiplet
c2_2_TATTCCATCTATTGTC-1,BAL 06
c2_2_TATTCCATCTCACCCA-1,BAL 04
c2_2_TATTGCTAGGAGTACC-1,BAL 04
c2_2_TATTGCTAGGATATGT-1,Multiplet
c2_2_TATTGCTCAACGTTAC-1,BAL 04
c2_2_TATTGCTCAAGGAGTC-1,BAL 05
c2_2_TATTGCTCAAGGTCGA-1,BAL 02
c2_2_TATTGCTCACCAACAT-1,BAL 07
c2_2_TATTGCTCACGAAGAC-1,BAL 02
c2_2_TATTGCTCACGGATCC-1,Multiplet
c2_2_TATTGCTCACTGCATA-1,BAL 05
c2_2_TATTGCTCACTTCAGA-1,Multiplet
c2_2_TATTGCTCAGGCGATA-1,BAL 06
c2_2_TATTGCTCATATCTGG-1,BAL 08
c2_2_TATTGCTGTTGCATCA-1,Multiplet
c2_2_TATTGCTGTTGTAGCT-1,BAL 06
c2_2_TATTGCTTCCATTTAC-1,Multiplet
c2_2_TATTGCTTCCTAGCTC-1,BAL 03
c2_2_TATTGCTTCGATCCAA-1,BAL 04
c2_2_TATTGGGAGCCTCATA-1,BAL 07
c2_2_TATTGGGAGGACTAAT-1,BAL 05
c2_2_TATTGGGAGGCTGGAT-1,BAL 03
c2_2_TATTGGGAGTATGATG-1,BAL 06
c2_2_TATTGGGAGTGACCTT-1,BAL 06
c2_2_TATTGGGCAAAGACGC-1,BAL 05
c2_2_TATTGGGCAACCCTAA-1,BAL 02
c2_2_TATTGGGCAGAGTCAG-1,BAL 04
c2_2_TATTGGGGTCCATCTC-1,BAL 03
c2_2_TATTGGGGTGCAACGA-1,BAL 02
c2_2_TATTGGGTCATCTCTA-1,BAL 07
c2_2_TATTGGGTCCGATAAC-1,Multiplet
c2_2_TATTGGGTCCTAGCCT-1,BAL 06
c2_2_TATTGGGTCTTCGACC-1,BAL 03
c2_2_TATTGGGTCTTTACAC-1,BAL 02
c2_2_TATTTCGAGAAGGCTC-1,BAL 07
c2_2_TATTTCGAGAGCAAGA-1,Multiplet
c2_2_TATTTCGAGCACGGAT-1,Multiplet
c2_2_TATTTCGAGTCGGCAA-1,BAL 03
c2_2_TATTTCGAGTGGAAGA-1,BAL 06
c2_2_TATTTCGAGTGGCCTC-1,BAL 06
c2_2_TATTTCGCAATCCTTT-1,Multiplet
c2_2_TATTTCGGTATGGGAC-1,BAL 06
c2_2_TATTTCGGTTACCCTC-1,BAL 04
c2_2_TATTTCGGTTCGGCGT-1,BAL 05
c2_2_TATTTCGTCACCTGGG-1,BAL 04
c2_2_TATTTCGTCATTCCTA-1,Multiplet
c2_2_TATTTCGTCCAAGGGA-1,BAL 07
c2_2_TATTTCGTCGATACTG-1,BAL 04
c2_2_TATTTCGTCTTCGTGC-1,Multiplet
c2_2_TCAAGACAGATGTTAG-1,BAL 05
c2_2_TCAAGACAGCATCCCG-1,BAL 03
c2_2_TCAAGACAGGAACGCT-1,BAL 02
c2_2_TCAAGACAGGGTGAAA-1,BAL 02
c2_2_TCAAGACAGGTCACCC-1,BAL 07
c2_2_TCAAGACCACGTGTGC-1,BAL 03
c2_2_TCAAGACCAGTAGAAT-1,Negative
c2_2_TCAAGACGTAAGTAGT-1,BAL 03
c2_2_TCAAGACGTACCGCGT-1,Multiplet
c2_2_TCAAGACGTATGCGTT-1,BAL 01
c2_2_TCAAGACGTGTTACTG-1,BAL 07
c2_2_TCAAGACGTTGTCCCT-1,BAL 03
c2_2_TCAAGACTCCATCTAT-1,BAL 07
c2_2_TCAAGACTCCTATTTG-1,Multiplet
c2_2_TCAAGCAAGACAGTCG-1,Multiplet
c2_2_TCAAGCAAGCCGAATG-1,BAL 05
c2_2_TCAAGCAAGGCGTTAG-1,BAL 06
c2_2_TCAAGCAAGTGCTACT-1,BAL 08
c2_2_TCAAGCAAGTGGATAT-1,BAL 02
c2_2_TCAAGCACAAACACCT-1,BAL 03
c2_2_TCAAGCACACAAACGG-1,BAL 07
c2_2_TCAAGCACATCGCTCT-1,BAL 08
c2_2_TCAAGCACATTGCAAC-1,BAL 08
c2_2_TCAAGCAGTAGCACGA-1,BAL 03
c2_2_TCAAGCAGTCGACGCT-1,BAL 07
c2_2_TCAAGCAGTGTCCACG-1,BAL 05
c2_2_TCAAGCATCGCCTATC-1,BAL 03
c2_2_TCAAGCATCGGTTCAA-1,BAL 05
c2_2_TCAAGTGAGAGTCAGC-1,BAL 03
c2_2_TCAAGTGAGAGTCGAC-1,BAL 07
c2_2_TCAAGTGAGCAGTCTT-1,BAL 08
c2_2_TCAAGTGAGCATGTTC-1,Multiplet
c2_2_TCAAGTGAGGAGACCT-1,BAL 03
c2_2_TCAAGTGAGGCCTGAA-1,BAL 07
c2_2_TCAAGTGAGGTGCTTT-1,BAL 01
c2_2_TCAAGTGCATAACGGG-1,BAL 03
c2_2_TCAAGTGGTACCAGAG-1,BAL 04
c2_2_TCAAGTGGTACCCGCA-1,BAL 01
c2_2_TCAAGTGGTACGATTC-1,BAL 02
c2_2_TCAAGTGGTTTACTTC-1,BAL 08
c2_2_TCAAGTGGTTTGTTGG-1,BAL 01
c2_2_TCAAGTGTCCCGAGAC-1,BAL 04
c2_2_TCAAGTGTCCTAAGTG-1,BAL 03
c2_2_TCAATCTAGAGCGACT-1,Multiplet
c2_2_TCAATCTAGCACCTGC-1,BAL 03
c2_2_TCAATCTAGTGACACG-1,BAL 03
c2_2_TCAATCTCAGATAAAC-1,BAL 05
c2_2_TCAATCTCAGTGCCTG-1,BAL 08
c2_2_TCAATCTCAGTTCTAG-1,Multiplet
c2_2_TCAATCTGTACCGTCG-1,Multiplet
c2_2_TCAATCTGTACGGCAA-1,BAL 01
c2_2_TCAATCTGTCTACTGA-1,BAL 03
c2_2_TCAATCTGTGCACAAG-1,BAL 02
c2_2_TCAATCTGTGCCCACA-1,Multiplet
c2_2_TCAATCTGTTCGGCTG-1,BAL 05
c2_2_TCAATCTGTTTAGAGA-1,BAL 07
c2_2_TCAATCTTCCTACAAG-1,BAL 07
c2_2_TCAATCTTCGATACTG-1,BAL 02
c2_2_TCAATCTTCGATTGGT-1,BAL 08
c2_2_TCAATTCAGCTTTGTG-1,BAL 08
c2_2_TCAATTCCAATTCACG-1,Multiplet
c2_2_TCAATTCGTAACAGGC-1,BAL 03
c2_2_TCAATTCGTCCCACGA-1,Multiplet
c2_2_TCAATTCGTTCAGGTT-1,BAL 08
c2_2_TCAATTCGTTGTTGCA-1,BAL 05
c2_2_TCAATTCTCACCTCAC-1,BAL 03
c2_2_TCAATTCTCATGGCCG-1,BAL 01
c2_2_TCAATTCTCATTGCGA-1,BAL 07
c2_2_TCAATTCTCCGGTAAT-1,BAL 05
c2_2_TCAATTCTCCTAGCCT-1,BAL 02
c2_2_TCAATTCTCGTCCTCA-1,Multiplet
c2_2_TCACAAGAGACTTCAC-1,Multiplet
c2_2_TCACAAGAGCAGTCTT-1,BAL 07
c2_2_TCACAAGAGCGGTATG-1,Multiplet
c2_2_TCACAAGCAGAACTTC-1,BAL 05
c2_2_TCACAAGGTGGCTACC-1,BAL 01
c2_2_TCACAAGGTTAATGAG-1,Negative
c2_2_TCACAAGTCAAGAAAC-1,BAL 08
c2_2_TCACAAGTCAAGAGGC-1,Multiplet
c2_2_TCACAAGTCCCTGTTG-1,Multiplet
c2_2_TCACAAGTCCGATTAG-1,BAL 03
c2_2_TCACAAGTCTAGTTCT-1,BAL 06
c2_2_TCACAAGTCTGAGTCA-1,BAL 03
c2_2_TCACAAGTCTTTCCAA-1,BAL 05
c2_2_TCACACCAGCCGGAAT-1,BAL 05
c2_2_TCACACCAGGACTATA-1,Negative
c2_2_TCACACCAGGCCCGTT-1,BAL 08
c2_2_TCACACCAGGCGCTTC-1,Multiplet
c2_2_TCACACCCAAAGAGTT-1,BAL 04
c2_2_TCACACCCAAAGGAGA-1,BAL 03
c2_2_TCACACCCAATGTGGG-1,BAL 03
c2_2_TCACACCCACACCAGC-1,BAL 07
c2_2_TCACACCCATTGTAGC-1,BAL 05
c2_2_TCACACCGTAACACGG-1,Multiplet
c2_2_TCACACCGTGTTTCTT-1,Multiplet
c2_2_TCACACCGTTCTTCAT-1,BAL 05
c2_2_TCACACCTCACACGAT-1,BAL 05
c2_2_TCACACCTCAGAGTGG-1,Multiplet
c2_2_TCACACCTCCCATGGG-1,BAL 02
c2_2_TCACACCTCCTTCGAC-1,Multiplet
c2_2_TCACACCTCGTAATGC-1,Multiplet
c2_2_TCACACCTCGTGGAAG-1,BAL 06
c2_2_TCACACCTCTGTCAGA-1,BAL 02
c2_2_TCACATTAGAATGTTG-1,BAL 08
c2_2_TCACATTAGACCATAA-1,BAL 03
c2_2_TCACATTAGCAGGCTA-1,BAL 04
c2_2_TCACATTAGCTATCTG-1,BAL 03
c2_2_TCACATTAGGACACTG-1,Multiplet
c2_2_TCACATTAGTAAATGC-1,Multiplet
c2_2_TCACATTAGTAAGGGA-1,BAL 02
c2_2_TCACATTCACAGTACT-1,BAL 07
c2_2_TCACATTCAGCAGACA-1,BAL 05
c2_2_TCACATTCATCGATAC-1,BAL 01
c2_2_TCACATTGTAATGATG-1,BAL 06
c2_2_TCACATTGTGGAACCA-1,Multiplet
c2_2_TCACATTGTTCTTGCC-1,BAL 03
c2_2_TCACATTTCCTGCTAC-1,BAL 05
c2_2_TCACATTTCCTTCTTC-1,BAL 06
c2_2_TCACATTTCGCAAGAG-1,BAL 03
c2_2_TCACATTTCTAGGCAT-1,Multiplet
c2_2_TCACGCTAGATTGATG-1,BAL 02
c2_2_TCACGCTAGGGCCTCT-1,BAL 03
c2_2_TCACGCTAGGTGCGAT-1,BAL 02
c2_2_TCACGCTAGTGGTGGT-1,BAL 02
c2_2_TCACGCTAGTGGTTGG-1,BAL 05
c2_2_TCACGCTCAACGATTC-1,BAL 03
c2_2_TCACGCTCACCAGACC-1,BAL 04
c2_2_TCACGCTCATATGCGT-1,BAL 02
c2_2_TCACGCTCATCCCACT-1,BAL 04
c2_2_TCACGCTCATCCTTGC-1,Multiplet
c2_2_TCACGCTGTAGGCTGA-1,BAL 08
c2_2_TCACGCTGTCTCAAGT-1,BAL 07
c2_2_TCACGCTTCGCAGATT-1,BAL 05
c2_2_TCACGCTTCTGTGCAA-1,BAL 02
c2_2_TCACGGGAGCTGCGAA-1,Multiplet
c2_2_TCACGGGAGGACCCAA-1,BAL 08
c2_2_TCACGGGAGTAGGCCA-1,BAL 01
c2_2_TCACGGGCAACCGCCA-1,Multiplet
c2_2_TCACGGGCAGAGAATT-1,Multiplet
c2_2_TCACGGGCAGTACTAC-1,BAL 02
c2_2_TCACGGGCAGTTGGTT-1,BAL 02
c2_2_TCACGGGGTATCAAGA-1,BAL 04
c2_2_TCACGGGGTTGGGCCT-1,BAL 03
c2_2_TCACGGGTCGGATTAC-1,BAL 02
c2_2_TCACGGGTCTCGCTCA-1,BAL 07
c2_2_TCACGGGTCTCTGACC-1,BAL 01
c2_2_TCACTATAGGTGCTTT-1,Multiplet
c2_2_TCACTATCACACGGAA-1,BAL 07
c2_2_TCACTATCACGCAAAG-1,Multiplet
c2_2_TCACTATCAGAACATA-1,BAL 02
c2_2_TCACTATCATGGGCAA-1,BAL 04
c2_2_TCACTATGTGATCGTT-1,BAL 02
c2_2_TCACTATTCAGACATC-1,BAL 03
c2_2_TCACTATTCCCGGTAG-1,BAL 05
c2_2_TCACTATTCCGTAGTA-1,BAL 05
c2_2_TCACTATTCGACCTAA-1,BAL 03
c2_2_TCACTATTCGTCTCAC-1,Multiplet
c2_2_TCACTCGAGGATGAGA-1,BAL 08
c2_2_TCACTCGCACCCAATA-1,BAL 03
c2_2_TCACTCGCACGCTGAC-1,BAL 02
c2_2_TCACTCGCAGAGTGTG-1,BAL 02
c2_2_TCACTCGGTCTGTCAA-1,BAL 06
c2_2_TCACTCGGTTTAGACC-1,BAL 01
c2_2_TCACTCGGTTTCCATT-1,Multiplet
c2_2_TCACTCGTCAATGCAC-1,BAL 08
c2_2_TCACTCGTCAGGACGA-1,BAL 06
c2_2_TCACTCGTCCGATCTC-1,BAL 01
c2_2_TCACTCGTCGGTGTAT-1,BAL 06
c2_2_TCACTCGTCTCGTGAA-1,Multiplet
c2_2_TCACTCGTCTCGTTTA-1,BAL 08
c2_2_TCACTCGTCTGCGGAC-1,Multiplet
c2_2_TCACTCGTCTTAATCC-1,BAL 07
c2_2_TCAGCAAAGATCGCTT-1,BAL 07
c2_2_TCAGCAAAGCATGAAT-1,BAL 05
c2_2_TCAGCAAAGGCTCTAT-1,BAL 06
c2_2_TCAGCAAAGGTAGACC-1,BAL 05
c2_2_TCAGCAAAGTAGGAAG-1,BAL 01
c2_2_TCAGCAAAGTGAGTTA-1,Multiplet
c2_2_TCAGCAACAAAGACGC-1,Multiplet
c2_2_TCAGCAACACTACTTT-1,BAL 05
c2_2_TCAGCAACAGGCATTT-1,BAL 02
c2_2_TCAGCAAGTCCCAAAT-1,BAL 04
c2_2_TCAGCAAGTGGGTTGA-1,Multiplet
c2_2_TCAGCAATCGTTGTTT-1,Multiplet
c2_2_TCAGCAATCTACCCAC-1,BAL 03
c2_2_TCAGCAATCTCTCCGA-1,Multiplet
c2_2_TCAGCCTAGAATTGTG-1,BAL 07
c2_2_TCAGCCTAGCCAGAGT-1,Multiplet
c2_2_TCAGCCTAGGCATCTT-1,BAL 02
c2_2_TCAGCCTAGGCCTTGC-1,BAL 08
c2_2_TCAGCCTAGTGCACAG-1,BAL 07
c2_2_TCAGCCTCAGCTACTA-1,Multiplet
c2_2_TCAGCCTCATGAATCC-1,BAL 07
c2_2_TCAGCCTGTCCAGCGT-1,Multiplet
c2_2_TCAGCCTGTCCGGCAT-1,BAL 05
c2_2_TCAGCCTGTGAGTAGC-1,BAL 07
c2_2_TCAGCCTTCAGGGATG-1,BAL 02
c2_2_TCAGCCTTCGCATGAT-1,BAL 02
c2_2_TCAGCCTTCTGCGGGT-1,BAL 04
c2_2_TCAGCCTTCTGCTGAA-1,BAL 07
c2_2_TCAGGGCAGGCATCAG-1,BAL 04
c2_2_TCAGGGCAGGGCAGGA-1,Multiplet
c2_2_TCAGGGCAGGTCACCC-1,BAL 03
c2_2_TCAGGGCAGTAGGTTA-1,BAL 03
c2_2_TCAGGGCCACGTTCGG-1,BAL 03
c2_2_TCAGGGCCAGATTTCG-1,BAL 05
c2_2_TCAGGGCGTACGGTTT-1,BAL 05
c2_2_TCAGGGCGTGGTAACG-1,BAL 04
c2_2_TCAGGGCTCGAGTGGA-1,BAL 04
c2_2_TCAGGTAAGACAACAT-1,BAL 01
c2_2_TCAGGTAAGCAAGTGC-1,BAL 01
c2_2_TCAGGTAAGGATATGT-1,BAL 03
c2_2_TCAGGTAAGGGCAGAG-1,BAL 07
c2_2_TCAGGTAAGTCACACT-1,BAL 06
c2_2_TCAGGTACAACTCGAT-1,BAL 04
c2_2_TCAGGTACACAGCTTA-1,BAL 02
c2_2_TCAGGTACAGCTGTCG-1,BAL 02
c2_2_TCAGGTACATAGTCGT-1,BAL 02
c2_2_TCAGGTACATTGGGAG-1,BAL 06
c2_2_TCAGGTAGTAGTCTTG-1,BAL 02
c2_2_TCAGGTAGTCACTACA-1,BAL 08
c2_2_TCAGGTAGTGACAGGT-1,Multiplet
c2_2_TCAGGTAGTGGCTAGA-1,BAL 08
c2_2_TCAGGTAGTTGCTCGG-1,BAL 07
c2_2_TCAGTCCAGAGGCCAT-1,BAL 01
c2_2_TCAGTCCAGGCACTAG-1,BAL 05
c2_2_TCAGTCCAGGTTCAGG-1,Multiplet
c2_2_TCAGTCCAGTCGAATA-1,BAL 02
c2_2_TCAGTCCAGTGATAAC-1,BAL 03
c2_2_TCAGTCCCAAGGTACG-1,BAL 03
c2_2_TCAGTCCCAGCTACAT-1,BAL 05
c2_2_TCAGTCCCAGGCGAAT-1,Multiplet
c2_2_TCAGTCCCAGGCTACC-1,BAL 08
c2_2_TCAGTCCCATCTCCCA-1,BAL 08
c2_2_TCAGTCCCATGTACGT-1,Multiplet
c2_2_TCAGTCCCATTCTTCA-1,Multiplet
c2_2_TCAGTCCGTATCGAGG-1,BAL 07
c2_2_TCAGTCCGTCGTTTCC-1,Multiplet
c2_2_TCAGTCCGTCTGATCA-1,BAL 04
c2_2_TCAGTCCGTGCAATAA-1,BAL 03
c2_2_TCAGTCCGTGGCTACC-1,BAL 03
c2_2_TCAGTCCTCATTCGTT-1,BAL 07
c2_2_TCAGTCCTCCGACATA-1,BAL 06
c2_2_TCAGTCCTCTCGTTTA-1,Multiplet
c2_2_TCAGTCCTCTCTAGGA-1,BAL 07
c2_2_TCAGTGACAACACACT-1,BAL 01
c2_2_TCAGTGACAAGTTCGT-1,BAL 05
c2_2_TCAGTGACATAATGAG-1,BAL 06
c2_2_TCAGTGACATCCGATA-1,BAL 01
c2_2_TCAGTGACATCCGTGG-1,BAL 03
c2_2_TCAGTGACATGTGGCC-1,Multiplet
c2_2_TCAGTGAGTAACTGCT-1,BAL 02
c2_2_TCAGTGAGTATACGGG-1,Multiplet
c2_2_TCAGTGAGTTTCGTTT-1,BAL 01
c2_2_TCAGTGATCCGAGCTG-1,BAL 02
c2_2_TCAGTGATCTGCACCT-1,BAL 08
c2_2_TCAGTTTAGAGCCATG-1,BAL 08
c2_2_TCAGTTTAGCCTGCCA-1,BAL 07
c2_2_TCAGTTTAGTCGGCAA-1,BAL 04
c2_2_TCAGTTTCAAGACGAC-1,Multiplet
c2_2_TCAGTTTCACACGGAA-1,BAL 03
c2_2_TCAGTTTCACATGAAA-1,BAL 02
c2_2_TCAGTTTCACCGGTCA-1,Negative
c2_2_TCAGTTTGTGCATCTA-1,Multiplet
c2_2_TCAGTTTTCACCCTGT-1,BAL 02
c2_2_TCAGTTTTCATAAGGA-1,BAL 01
c2_2_TCAGTTTTCCACTGGG-1,BAL 07
c2_2_TCAGTTTTCGTCTCAC-1,BAL 01
c2_2_TCAGTTTTCTCCTGAC-1,BAL 08
c2_2_TCAGTTTTCTTAGCAG-1,BAL 07
c2_2_TCATACTAGGGCGAGA-1,BAL 02
c2_2_TCATACTAGTCCCTAA-1,BAL 07
c2_2_TCATACTCAATTTCTC-1,BAL 02
c2_2_TCATACTCACGGTGTC-1,BAL 06
c2_2_TCATACTCAGCTATTG-1,BAL 01
c2_2_TCATACTGTACCTAAC-1,BAL 01
c2_2_TCATACTGTCCTGAAT-1,Multiplet
c2_2_TCATACTTCAAGAATG-1,BAL 03
c2_2_TCATACTTCCCGTTCA-1,BAL 07
c2_2_TCATACTTCCGGGACT-1,Multiplet
c2_2_TCATACTTCCGTCAAA-1,BAL 06
c2_2_TCATACTTCTGGGCCA-1,BAL 06
c2_2_TCATATCAGAGGACTC-1,BAL 05
c2_2_TCATATCAGAGTCAAT-1,BAL 08
c2_2_TCATATCAGCAGGCAT-1,BAL 03
c2_2_TCATATCAGCCTCGTG-1,BAL 06
c2_2_TCATATCAGGCAGGTT-1,Negative
c2_2_TCATATCAGGGTTTCT-1,Multiplet
c2_2_TCATATCCACCTGATA-1,BAL 04
c2_2_TCATATCGTACAGCGA-1,BAL 04
c2_2_TCATATCGTCACTACA-1,Multiplet
c2_2_TCATATCGTCCAAAGG-1,BAL 03
c2_2_TCATATCGTCGAATTC-1,BAL 02
c2_2_TCATATCGTTAGTTCG-1,BAL 02
c2_2_TCATATCGTTGGTAGG-1,BAL 03
c2_2_TCATATCTCACGTAGT-1,Multiplet
c2_2_TCATATCTCGACCCAG-1,BAL 04
c2_2_TCATATCTCGAGAATA-1,BAL 03
c2_2_TCATATCTCTATACGG-1,BAL 01
c2_2_TCATATCTCTCCTACG-1,BAL 04
c2_2_TCATATCTCTTAGCTT-1,BAL 08
c2_2_TCATCATAGATTGACA-1,Multiplet
c2_2_TCATCATAGGCTTAGG-1,BAL 02
c2_2_TCATCATAGGTCGTGA-1,BAL 02
c2_2_TCATCATCAACTTGGT-1,BAL 04
c2_2_TCATCATCAGCCGTCA-1,BAL 07
c2_2_TCATCATCAGCGTTGC-1,BAL 03
c2_2_TCATCATGTACGTGAG-1,BAL 07
c2_2_TCATCATGTATGATCC-1,BAL 04
c2_2_TCATCATGTGGAACCA-1,BAL 03
c2_2_TCATCATGTGTTGAGG-1,BAL 06
c2_2_TCATCATTCAAGAGTA-1,BAL 06
c2_2_TCATCATTCTTCTGGC-1,BAL 01
c2_2_TCATCCGAGGTCACTT-1,BAL 03
c2_2_TCATCCGCAGAGGACT-1,BAL 08
c2_2_TCATCCGCAGCGGTCT-1,Multiplet
c2_2_TCATCCGCATCCCACT-1,BAL 05
c2_2_TCATCCGGTAACGATA-1,BAL 08
c2_2_TCATCCGGTAGTCCTA-1,Multiplet
c2_2_TCATCCGGTCCAACGC-1,Multiplet
c2_2_TCATCCGGTGACAACG-1,BAL 02
c2_2_TCATCCGGTGAGTTTC-1,BAL 08
c2_2_TCATCCGTCATGAAAG-1,BAL 02
c2_2_TCATCCGTCCAACTAG-1,Multiplet
c2_2_TCATCCGTCCGAGCTG-1,BAL 03
c2_2_TCATCCGTCCGATGTA-1,BAL 06
c2_2_TCATGAGAGAGAAGGT-1,BAL 05
c2_2_TCATGAGAGAGTAACT-1,Multiplet
c2_2_TCATGAGAGGCGATAC-1,Multiplet
c2_2_TCATGAGAGGTCACTT-1,BAL 01
c2_2_TCATGAGAGTAAATGC-1,BAL 08
c2_2_TCATGAGAGTTCCGGC-1,BAL 07
c2_2_TCATGAGCATCTCAAG-1,Multiplet
c2_2_TCATGAGGTAACTTCG-1,BAL 05
c2_2_TCATGAGTCCGTGGGT-1,BAL 08
c2_2_TCATGAGTCGTTGCCT-1,BAL 07
c2_2_TCATGAGTCTCTATGT-1,Multiplet
c2_2_TCATGCCAGACATCAA-1,Multiplet
c2_2_TCATGCCAGACGAAGA-1,Multiplet
c2_2_TCATGCCAGAGACAAG-1,BAL 02
c2_2_TCATGCCAGTGAGGTC-1,BAL 03
c2_2_TCATGCCCAGGTATGG-1,BAL 08
c2_2_TCATGCCGTTCAATCG-1,BAL 02
c2_2_TCATGCCTCCATTTAC-1,BAL 08
c2_2_TCATGCCTCCGTGTGG-1,Multiplet
c2_2_TCATGCCTCTCGTGGG-1,Multiplet
c2_2_TCATGGAAGGTGCGAT-1,BAL 08
c2_2_TCATGGAAGTTCAACC-1,Multiplet
c2_2_TCATGGACAATACAGA-1,BAL 08
c2_2_TCATGGACACCAGGTC-1,BAL 07
c2_2_TCATGGACAGGCCCTA-1,BAL 05
c2_2_TCATGGAGTTACCTGA-1,BAL 07
c2_2_TCATGGAGTTTGAACC-1,Multiplet
c2_2_TCATGGATCGAAGTGG-1,Multiplet
c2_2_TCATGGATCGCCATAA-1,Multiplet
c2_2_TCATGGATCGCCGAAC-1,BAL 02
c2_2_TCATGGATCGCTATTT-1,BAL 02
c2_2_TCATGGATCTATACTC-1,BAL 07
c2_2_TCATGGATCTGGTTGA-1,BAL 08
c2_2_TCATGTTAGAATCGTA-1,Multiplet
c2_2_TCATGTTAGACGACTG-1,Multiplet
c2_2_TCATGTTAGCGTGAAC-1,BAL 03
c2_2_TCATGTTAGGTGCCTC-1,Multiplet
c2_2_TCATGTTAGTATGAGT-1,Multiplet
c2_2_TCATGTTAGTTCATGC-1,BAL 05
c2_2_TCATGTTCAGCTATTG-1,BAL 03
c2_2_TCATGTTCATCGCTAA-1,Multiplet
c2_2_TCATGTTCATGGGATG-1,BAL 05
c2_2_TCATGTTGTCACGTGC-1,BAL 06
c2_2_TCATGTTTCACCCTGT-1,BAL 08
c2_2_TCATGTTTCAGCTAGT-1,Multiplet
c2_2_TCATGTTTCAGTGGGA-1,BAL 05
c2_2_TCATGTTTCCAACCAA-1,Multiplet
c2_2_TCATTACAGCCGTCGT-1,BAL 06
c2_2_TCATTACAGGAACGAA-1,BAL 05
c2_2_TCATTACCACAAGCAG-1,BAL 05
c2_2_TCATTACCACAGTCAT-1,BAL 01
c2_2_TCATTACCAGCGTACC-1,BAL 02
c2_2_TCATTACCATCTCCCA-1,BAL 04
c2_2_TCATTACCATGTCAGT-1,BAL 05
c2_2_TCATTACCATGTGGCC-1,BAL 06
c2_2_TCATTACGTTCCTTGC-1,BAL 03
c2_2_TCATTACGTTCGGCCA-1,Multiplet
c2_2_TCATTACTCACCATCC-1,BAL 04
c2_2_TCATTACTCCCTATTA-1,BAL 07
c2_2_TCATTACTCTGAGTCA-1,BAL 05
c2_2_TCATTCAAGCACCCAC-1,BAL 03
c2_2_TCATTCAAGCACGGAT-1,Multiplet
c2_2_TCATTCAAGCTAAGTA-1,BAL 08
c2_2_TCATTCAAGTCTAGCT-1,BAL 05
c2_2_TCATTCAAGTGGTTCT-1,BAL 02
c2_2_TCATTCACACAACATC-1,BAL 04
c2_2_TCATTCACACCGTGCA-1,BAL 01
c2_2_TCATTCAGTCGCTGCA-1,Multiplet
c2_2_TCATTCAGTTAGGCTT-1,BAL 07
c2_2_TCATTCAGTTCTCGCT-1,BAL 07
c2_2_TCATTCAGTTCTTAGG-1,BAL 01
c2_2_TCATTCATCAACCGAT-1,BAL 06
c2_2_TCATTCATCCGGTAAT-1,BAL 05
c2_2_TCATTGTAGACCAGCA-1,BAL 05
c2_2_TCATTGTAGCAGTCTT-1,BAL 07
c2_2_TCATTGTCAACAAGAT-1,BAL 05
c2_2_TCATTGTCAACACGAG-1,BAL 06
c2_2_TCATTGTCACAGCCAC-1,Multiplet
c2_2_TCATTGTCATCGTGGC-1,BAL 03
c2_2_TCATTGTGTGAGCTCC-1,BAL 02
c2_2_TCATTGTGTGGTCTCG-1,BAL 06
c2_2_TCATTGTTCACTTCTA-1,Multiplet
c2_2_TCATTGTTCTCAGTCC-1,Multiplet
c2_2_TCATTGTTCTGTACAG-1,BAL 03
c2_2_TCATTGTTCTTGGCTC-1,Multiplet
c2_2_TCATTTGAGACATCAA-1,BAL 07
c2_2_TCATTTGAGACTAAGT-1,BAL 06
c2_2_TCATTTGAGCTCGTGC-1,BAL 05
c2_2_TCATTTGAGCTGTTAC-1,BAL 06
c2_2_TCATTTGAGGCCTTGC-1,Multiplet
c2_2_TCATTTGAGGTAAACT-1,Negative
c2_2_TCATTTGCAACCTATG-1,BAL 01
c2_2_TCATTTGCAATCTCGA-1,Negative
c2_2_TCATTTGCACCCTTAC-1,BAL 02
c2_2_TCATTTGGTACCGGAA-1,BAL 02
c2_2_TCATTTGTCGCAGATT-1,BAL 03
c2_2_TCCACCAAGAGTAACT-1,BAL 03
c2_2_TCCACCAAGCTGTCCG-1,BAL 06
c2_2_TCCACCAAGTAGCAAT-1,BAL 02
c2_2_TCCACCACAACCGCCA-1,BAL 05
c2_2_TCCACCACATCATCCC-1,Multiplet
c2_2_TCCACGTAGACTTGTC-1,Multiplet
c2_2_TCCACGTAGCAGGTCA-1,BAL 07
c2_2_TCCACGTAGGCACTAG-1,BAL 05
c2_2_TCCACGTCAAACCGGA-1,BAL 04
c2_2_TCCACGTCAAAGGCAC-1,BAL 06
c2_2_TCCACGTCAGCCCAGT-1,BAL 08
c2_2_TCCACGTGTCCGTACG-1,BAL 06
c2_2_TCCACGTGTGGCTCTG-1,BAL 02
c2_2_TCCACGTGTTCAAAGA-1,BAL 05
c2_2_TCCACGTTCACCCATC-1,BAL 05
c2_2_TCCACGTTCGAACGGA-1,BAL 08
c2_2_TCCAGAAAGACCGCCT-1,BAL 06
c2_2_TCCAGAAAGACGTCCC-1,BAL 01
c2_2_TCCAGAAAGTTGCTGT-1,BAL 08
c2_2_TCCAGAACACTCCTGT-1,BAL 03
c2_2_TCCAGAACAGCGTATT-1,BAL 08
c2_2_TCCAGAACAGTTAGAA-1,BAL 02
c2_2_TCCAGAACATGGACAG-1,Negative
c2_2_TCCAGAACATGGAGAC-1,BAL 07
c2_2_TCCAGAAGTATGGGAC-1,BAL 03
c2_2_TCCAGAATCAGTGTGT-1,Multiplet
c2_2_TCCATCGAGACATCAA-1,BAL 05
c2_2_TCCATCGAGGACGGAG-1,BAL 02
c2_2_TCCATCGAGGAGTATT-1,BAL 08
c2_2_TCCATCGAGTAACGTA-1,BAL 03
c2_2_TCCATCGCATTGTACG-1,Multiplet
c2_2_TCCATCGGTCCAATCA-1,BAL 02
c2_2_TCCATCGGTCCGGATC-1,BAL 07
c2_2_TCCATCGGTTATGTCG-1,BAL 07
c2_2_TCCATCGTCCGAACGC-1,Multiplet
c2_2_TCCATCGTCGATGGAG-1,BAL 03
c2_2_TCCATCGTCGCCAATA-1,BAL 03
c2_2_TCCATCGTCTTCCCGA-1,Multiplet
c2_2_TCCATGCAGCGTCGAA-1,BAL 04
c2_2_TCCATGCAGGTCCAGA-1,Multiplet
c2_2_TCCATGCAGTGCACCC-1,BAL 03
c2_2_TCCATGCCACAGTGAG-1,BAL 03
c2_2_TCCATGCGTCGAGTGA-1,BAL 03
c2_2_TCCATGCGTGGGTCAA-1,BAL 03
c2_2_TCCATGCGTTGGGCCT-1,Multiplet
c2_2_TCCATGCTCAGCTCTC-1,BAL 02
c2_2_TCCATGCTCGAGGCAA-1,Multiplet
c2_2_TCCATGCTCTTCTAAC-1,BAL 01
c2_2_TCCCACAAGACCAAAT-1,BAL 07
c2_2_TCCCACAAGAGCCGAT-1,Multiplet
c2_2_TCCCACAAGATAGGGA-1,BAL 06
c2_2_TCCCACAAGATCACCT-1,BAL 08
c2_2_TCCCACAAGATTAGCA-1,BAL 07
c2_2_TCCCACAAGGATTACA-1,BAL 02
c2_2_TCCCACAAGTACAGAT-1,BAL 04
c2_2_TCCCACACATACTTTC-1,BAL 04
c2_2_TCCCACACATGATAGA-1,Multiplet
c2_2_TCCCACACATGTCAGT-1,BAL 05
c2_2_TCCCACAGTAAGATCA-1,BAL 05
c2_2_TCCCACAGTAGAATGT-1,BAL 05
c2_2_TCCCACAGTATGCTTG-1,BAL 02
c2_2_TCCCACAGTTACACTG-1,BAL 07
c2_2_TCCCACAGTTTCTATC-1,BAL 08
c2_2_TCCCACATCAATCTCT-1,BAL 02
c2_2_TCCCACATCACTTATC-1,Multiplet
c2_2_TCCCACATCGATCCCT-1,Multiplet
c2_2_TCCCAGTAGCACGGAT-1,BAL 05
c2_2_TCCCAGTAGCGACTAG-1,BAL 05
c2_2_TCCCAGTAGCGATGAC-1,BAL 03
c2_2_TCCCAGTAGGTCGTAG-1,BAL 06
c2_2_TCCCAGTCAAATGGCG-1,BAL 02
c2_2_TCCCAGTCACATGTTG-1,BAL 02
c2_2_TCCCAGTCATCGAACT-1,Multiplet
c2_2_TCCCAGTGTACCTATG-1,BAL 05
c2_2_TCCCAGTTCCGTATAG-1,Multiplet
c2_2_TCCCAGTTCGCACGAC-1,BAL 03
c2_2_TCCCAGTTCGCGATCG-1,BAL 07
c2_2_TCCCAGTTCGCTCATC-1,BAL 02
c2_2_TCCCAGTTCTCCACTG-1,BAL 05
c2_2_TCCCAGTTCTGAGCAT-1,Multiplet
c2_2_TCCCAGTTCTGAGGTT-1,BAL 05
c2_2_TCCCAGTTCTGGCCGA-1,BAL 06
c2_2_TCCCAGTTCTTCACGC-1,BAL 07
c2_2_TCCCATGAGACCCGCT-1,BAL 07
c2_2_TCCCATGAGACTCATC-1,BAL 06
c2_2_TCCCATGAGGCACTCC-1,BAL 01
c2_2_TCCCATGAGTCATTGC-1,BAL 03
c2_2_TCCCATGCAATTAGGA-1,Multiplet
c2_2_TCCCATGCATAATGCC-1,BAL 03
c2_2_TCCCATGCATCATCTT-1,Multiplet
c2_2_TCCCATGGTACAGGTG-1,BAL 08
c2_2_TCCCATGTCAACACGT-1,BAL 04
c2_2_TCCCATGTCCGTCCTA-1,Multiplet
c2_2_TCCCATGTCCTGGGAC-1,BAL 02
c2_2_TCCCATGTCGACCAAT-1,BAL 05
c2_2_TCCGAAAAGAGGTTTA-1,BAL 03
c2_2_TCCGAAAAGCAAGCCA-1,BAL 04
c2_2_TCCGAAAAGTCACTGT-1,BAL 04
c2_2_TCCGAAAAGTCGTTAC-1,BAL 07
c2_2_TCCGAAAAGTGGAAAG-1,BAL 08
c2_2_TCCGAAACACAGCGCT-1,BAL 01
c2_2_TCCGAAAGTGCAGATG-1,BAL 06
c2_2_TCCGAAAGTTTCTTAC-1,BAL 02
c2_2_TCCGAAATCAACTCTT-1,BAL 08
c2_2_TCCGAAATCCACTTCG-1,BAL 02
c2_2_TCCGAAATCGGCTGGT-1,BAL 04
c2_2_TCCGAAATCGGTCGGT-1,BAL 07
c2_2_TCCGAAATCTCTCAAT-1,BAL 02
c2_2_TCCGATCAGTATAGAC-1,BAL 05
c2_2_TCCGATCCAATTGTGC-1,BAL 02
c2_2_TCCGATCCACAAATCC-1,BAL 07
c2_2_TCCGATCCAGCCGTTG-1,BAL 07
c2_2_TCCGATCCAGTTAAAG-1,BAL 01
c2_2_TCCGATCCATGAGATA-1,BAL 05
c2_2_TCCGATCGTAGCTGTT-1,BAL 07
c2_2_TCCGATCGTATTGCCA-1,Multiplet
c2_2_TCCGATCGTTGACTAC-1,BAL 02
c2_2_TCCGATCGTTGGCCGT-1,Multiplet
c2_2_TCCGATCTCACTCACC-1,Multiplet
c2_2_TCCGATCTCATAAGGA-1,BAL 05
c2_2_TCCGATCTCCCTCTTT-1,BAL 07
c2_2_TCCGGGAAGACGCCAA-1,BAL 04
c2_2_TCCGGGAAGACTACCT-1,Multiplet
c2_2_TCCGGGAAGAGGCGGA-1,BAL 02
c2_2_TCCGGGAAGCTCGAAG-1,BAL 08
c2_2_TCCGGGAAGCTTTGTG-1,BAL 02
c2_2_TCCGGGAAGGACTATA-1,BAL 02
c2_2_TCCGGGACAAAGGCTG-1,BAL 04
c2_2_TCCGGGACAGGCTTGC-1,BAL 05
c2_2_TCCGGGAGTCCGCAGT-1,BAL 02
c2_2_TCCGGGAGTGACATCT-1,BAL 03
c2_2_TCCGGGATCAAGCTTG-1,Multiplet
c2_2_TCCGGGATCCCTCGAT-1,BAL 06
c2_2_TCCGGGATCCTAAACG-1,BAL 08
c2_2_TCCGGGATCGGAAACG-1,BAL 02
c2_2_TCCGTGTCACTGCGAC-1,BAL 07
c2_2_TCCGTGTCAGCGTGAA-1,BAL 08
c2_2_TCCGTGTCAGGCACTC-1,BAL 07
c2_2_TCCGTGTGTGATATAG-1,BAL 05
c2_2_TCCGTGTGTTGTTTGG-1,BAL 04
c2_2_TCCGTGTTCATACGAC-1,Multiplet
c2_2_TCCGTGTTCGGCTCTT-1,Multiplet
c2_2_TCCGTGTTCTTGGGCG-1,BAL 08
c2_2_TCCTAATAGAGTAACT-1,BAL 03
c2_2_TCCTAATAGCACTTTG-1,BAL 01
c2_2_TCCTAATAGCCACCGT-1,BAL 02
c2_2_TCCTAATAGCGTCAGA-1,BAL 02
c2_2_TCCTAATAGGTTGGTG-1,BAL 06
c2_2_TCCTAATAGTTTCTTC-1,BAL 05
c2_2_TCCTAATCAACTGCCG-1,BAL 06
c2_2_TCCTAATCAAGACGGT-1,Negative
c2_2_TCCTAATGTGGTCCCA-1,BAL 02
c2_2_TCCTAATGTTGTAAAG-1,BAL 02
c2_2_TCCTAATGTTGTCCCT-1,BAL 03
c2_2_TCCTAATGTTTACCTT-1,BAL 03
c2_2_TCCTAATTCAAACTGC-1,BAL 01
c2_2_TCCTAATTCAGGACAG-1,BAL 03
c2_2_TCCTAATTCGATGCTA-1,Negative
c2_2_TCCTAATTCGCTTTAT-1,BAL 01
c2_2_TCCTAATTCGGTCGAC-1,BAL 06
c2_2_TCCTAATTCTTCACGC-1,BAL 06
c2_2_TCCTAATTCTTCTGTA-1,BAL 04
c2_2_TCCTCCCAGAGAGGGC-1,BAL 05
c2_2_TCCTCCCAGAGGCGTT-1,BAL 01
c2_2_TCCTCCCAGCACACCC-1,BAL 03
c2_2_TCCTCCCAGCCTAACT-1,Multiplet
c2_2_TCCTCCCAGCTGTACT-1,BAL 04
c2_2_TCCTCCCAGGTACAGC-1,BAL 07
c2_2_TCCTCCCAGGTGCCTC-1,Negative
c2_2_TCCTCCCAGTCGCCAC-1,Multiplet
c2_2_TCCTCCCAGTGCAGGT-1,BAL 06
c2_2_TCCTCCCCACCCAACG-1,BAL 03
c2_2_TCCTCCCGTAAGCGGT-1,BAL 03
c2_2_TCCTCCCTCCCTTCCC-1,BAL 05
c2_2_TCCTCCCTCGTTCAGA-1,BAL 04
c2_2_TCCTCCCTCTACCTTA-1,BAL 05
c2_2_TCCTCGAAGAGTGAAG-1,BAL 05
c2_2_TCCTCGAAGCAGCCCT-1,BAL 01
c2_2_TCCTCGAAGCCTTTCC-1,BAL 01
c2_2_TCCTCGAAGTTGCATC-1,BAL 04
c2_2_TCCTCGACACTACCGG-1,Multiplet
c2_2_TCCTCGACATCATTTC-1,BAL 08
c2_2_TCCTCGAGTGAGTAAT-1,BAL 06
c2_2_TCCTCGAGTGTCCGTG-1,Multiplet
c2_2_TCCTCGAGTGTGTGGA-1,BAL 01
c2_2_TCCTCGATCACCTGGG-1,BAL 07
c2_2_TCCTCGATCCGGACTG-1,BAL 03
c2_2_TCCTCGATCGAACCAT-1,Multiplet
c2_2_TCCTCGATCGGAATGG-1,Multiplet
c2_2_TCCTCGATCTCATTTG-1,Multiplet
c2_2_TCCTCTTAGAGCTGCA-1,Multiplet
c2_2_TCCTCTTAGAGGCCAT-1,BAL 08
c2_2_TCCTCTTAGGCTATCT-1,BAL 04
c2_2_TCCTCTTAGGGTGGGA-1,BAL 07
c2_2_TCCTCTTAGTGCGCTC-1,Multiplet
c2_2_TCCTCTTCAGCTATTG-1,BAL 06
c2_2_TCCTCTTCATGGAGAC-1,BAL 03
c2_2_TCCTCTTGTTGGGTAG-1,Multiplet
c2_2_TCCTCTTTCCACGGGT-1,BAL 02
c2_2_TCCTCTTTCGTACACA-1,BAL 05
c2_2_TCCTGCAAGGTAAAGG-1,BAL 05
c2_2_TCCTGCACAATATCCG-1,BAL 02
c2_2_TCCTGCACACCCAAGC-1,Negative
c2_2_TCCTGCAGTCAAAGAT-1,Negative
c2_2_TCCTGCAGTCACTAGT-1,BAL 03
c2_2_TCCTGCAGTCGGCCTA-1,BAL 03
c2_2_TCCTGCATCCTACCAC-1,Negative
c2_2_TCCTGCATCGGAGATG-1,BAL 05
c2_2_TCCTGCATCTACAGGT-1,BAL 06
c2_2_TCCTGCATCTCGACGG-1,Multiplet
c2_2_TCCTGCATCTTAAGGC-1,BAL 03
c2_2_TCCTTCTCAAACACCT-1,BAL 03
c2_2_TCCTTCTCACCATAAC-1,BAL 02
c2_2_TCCTTCTGTCATGCAT-1,BAL 07
c2_2_TCCTTCTGTGTTGATC-1,BAL 04
c2_2_TCCTTCTGTTCAAGTC-1,BAL 05
c2_2_TCCTTCTTCATAGCAC-1,BAL 05
c2_2_TCCTTCTTCATCGCTC-1,BAL 04
c2_2_TCCTTCTTCCATACAG-1,BAL 05
c2_2_TCCTTCTTCCATAGAC-1,BAL 07
c2_2_TCCTTCTTCGCAATGT-1,BAL 03
c2_2_TCCTTCTTCTTAGCAG-1,BAL 01
c2_2_TCCTTCTTCTTCGTAT-1,Multiplet
c2_2_TCCTTTCAGAGGGCGA-1,BAL 08
c2_2_TCCTTTCAGCACGTCC-1,BAL 05
c2_2_TCCTTTCAGTTCTCTT-1,Multiplet
c2_2_TCCTTTCCAATTGCTG-1,BAL 07
c2_2_TCCTTTCCACACTGGC-1,Multiplet
c2_2_TCCTTTCCACCAACAT-1,BAL 03
c2_2_TCCTTTCCACCCAATA-1,BAL 01
c2_2_TCCTTTCCACGGTCTG-1,BAL 05
c2_2_TCCTTTCCAGCAGTAG-1,BAL 05
c2_2_TCCTTTCCAGCTTTCC-1,BAL 02
c2_2_TCCTTTCGTACCGGCT-1,BAL 08
c2_2_TCCTTTCGTATGATCC-1,BAL 02
c2_2_TCCTTTCGTCTGTGAT-1,BAL 02
c2_2_TCCTTTCGTGCCAAGA-1,BAL 05
c2_2_TCCTTTCGTTCGATTG-1,BAL 01
c2_2_TCCTTTCGTTCGTTCC-1,BAL 02
c2_2_TCCTTTCGTTCTCGCT-1,BAL 03
c2_2_TCCTTTCTCACCCTTG-1,BAL 06
c2_2_TCCTTTCTCTGAACGT-1,BAL 05
c2_2_TCGAACAAGTTCTACG-1,BAL 03
c2_2_TCGAACACAAGAGGTC-1,BAL 02
c2_2_TCGAACACAGAACTAA-1,Multiplet
c2_2_TCGAACACAGACCTGC-1,BAL 04
c2_2_TCGAACACATGTGGCC-1,BAL 08
c2_2_TCGAACAGTACAAAGT-1,BAL 01
c2_2_TCGAACAGTACGGTTT-1,BAL 05
c2_2_TCGAACAGTAGTGATA-1,BAL 05
c2_2_TCGAACAGTCAGCTTA-1,BAL 04
c2_2_TCGAACAGTCGATTCA-1,BAL 06
c2_2_TCGAACAGTCGTCAGC-1,BAL 03
c2_2_TCGAACAGTTGCAAGG-1,BAL 06
c2_2_TCGAACATCAGACAAA-1,BAL 08
c2_2_TCGAACATCGAGTCCG-1,BAL 03
c2_2_TCGAACATCTGGAAGG-1,BAL 04
c2_2_TCGAAGTAGCCTCTGG-1,BAL 03
c2_2_TCGAAGTCAACGTAAA-1,Multiplet
c2_2_TCGAAGTCAACTCCAA-1,BAL 05
c2_2_TCGAAGTCAAGCTGTT-1,BAL 07
c2_2_TCGAAGTCAATACAGA-1,Multiplet
c2_2_TCGAAGTCAGAAGCTG-1,BAL 08
c2_2_TCGAAGTCAGCTGAAG-1,Multiplet
c2_2_TCGAAGTCATGACTTG-1,Multiplet
c2_2_TCGAAGTGTAGGTGCA-1,Multiplet
c2_2_TCGAAGTGTATGTCAC-1,BAL 07
c2_2_TCGAAGTGTGAGACGT-1,BAL 07
c2_2_TCGAAGTGTGTTCGTA-1,BAL 05
c2_2_TCGAAGTGTTCCGCGA-1,BAL 05
c2_2_TCGAAGTTCAATCAGC-1,BAL 04
c2_2_TCGAAGTTCACGGTCG-1,BAL 01
c2_2_TCGAAGTTCAGTCAGT-1,BAL 07
c2_2_TCGACCTAGAGCAACC-1,Multiplet
c2_2_TCGACCTAGGGAGGAC-1,BAL 08
c2_2_TCGACCTAGGGTACAC-1,BAL 06
c2_2_TCGACCTAGGTTCTTG-1,BAL 06
c2_2_TCGACCTCACAAGTGG-1,BAL 07
c2_2_TCGACCTCAGGCAATG-1,BAL 01
c2_2_TCGACCTCAGGTATGG-1,BAL 07
c2_2_TCGACCTCAGGTTCAT-1,BAL 03
c2_2_TCGACCTCAGTCAGAG-1,BAL 05
c2_2_TCGACCTCATGGCGCT-1,BAL 01
c2_2_TCGACCTGTCCTTTGC-1,BAL 03
c2_2_TCGACCTGTGAACCGA-1,BAL 08
c2_2_TCGACCTGTGAGTTGG-1,BAL 03
c2_2_TCGACCTTCAACGTGT-1,BAL 06
c2_2_TCGACCTTCAGCTCTC-1,BAL 06
c2_2_TCGACCTTCATACAGC-1,BAL 02
c2_2_TCGACCTTCCGCAACG-1,Multiplet
c2_2_TCGACCTTCGTTCGCT-1,BAL 07
c2_2_TCGACCTTCTCATTTG-1,BAL 02
c2_2_TCGACGGCAACGTAAA-1,BAL 03
c2_2_TCGACGGCAGTCACGC-1,BAL 07
c2_2_TCGACGGGTAGAAACT-1,BAL 03
c2_2_TCGACGGGTTGTATGC-1,BAL 01
c2_2_TCGACGGTCAGCCCAG-1,BAL 02
c2_2_TCGACGGTCCGACGGT-1,BAL 08
c2_2_TCGACGGTCCTTCGAC-1,BAL 05
c2_2_TCGACGGTCGGTAACT-1,BAL 05
c2_2_TCGACGGTCTGGGCCA-1,BAL 07
c2_2_TCGATTTAGATAGTGT-1,Multiplet
c2_2_TCGATTTAGCGTCTCG-1,BAL 02
c2_2_TCGATTTAGGCTATCT-1,BAL 04
c2_2_TCGATTTAGGTAGATT-1,BAL 03
c2_2_TCGATTTAGGTAGGCT-1,BAL 03
c2_2_TCGATTTAGGTCACTT-1,BAL 03
c2_2_TCGATTTAGGTGCAGT-1,BAL 01
c2_2_TCGATTTCACTAGGTT-1,BAL 03
c2_2_TCGATTTCATACCAGT-1,BAL 01
c2_2_TCGATTTCATTCAGGT-1,BAL 02
c2_2_TCGATTTGTAGGAGGG-1,BAL 01
c2_2_TCGATTTGTCTCTCTG-1,Multiplet
c2_2_TCGATTTGTGCCTATA-1,BAL 05
c2_2_TCGATTTTCACATACG-1,BAL 02
c2_2_TCGATTTTCACCGACG-1,BAL 02
c2_2_TCGATTTTCAGTCAGT-1,BAL 05
c2_2_TCGATTTTCCAAGCTA-1,BAL 02
c2_2_TCGATTTTCCATACAG-1,BAL 07
c2_2_TCGCACTAGAACAGGA-1,BAL 07
c2_2_TCGCACTAGGCGTTGA-1,BAL 07
c2_2_TCGCACTAGGTACCTT-1,Multiplet
c2_2_TCGCACTGTAACATAG-1,Multiplet
c2_2_TCGCACTGTACAGAGC-1,Negative
c2_2_TCGCACTGTATTGACC-1,BAL 03
c2_2_TCGCACTGTGCGAACA-1,Multiplet
c2_2_TCGCACTGTGGGACAT-1,BAL 07
c2_2_TCGCACTGTTCGAGCC-1,BAL 05
c2_2_TCGCACTTCCTCTCTT-1,Multiplet
c2_2_TCGCACTTCTCCTACG-1,BAL 04
c2_2_TCGCACTTCTTCTCAA-1,BAL 06
c2_2_TCGCAGGAGATCCGAG-1,BAL 04
c2_2_TCGCAGGAGATGCTAA-1,BAL 04
c2_2_TCGCAGGAGGTCCAGA-1,Multiplet
c2_2_TCGCAGGCACCAGTAT-1,BAL 05
c2_2_TCGCAGGGTAACGCGA-1,Multiplet
c2_2_TCGCAGGGTAGCTGCC-1,Multiplet
c2_2_TCGCAGGGTAGGAAAG-1,Multiplet
c2_2_TCGCAGGGTAGTCTTG-1,BAL 04
c2_2_TCGCAGGGTGACCTGC-1,BAL 07
c2_2_TCGCAGGGTGTGTACT-1,BAL 03
c2_2_TCGCAGGGTTATGTCG-1,BAL 08
c2_2_TCGCAGGGTTCAGTAC-1,BAL 05
c2_2_TCGCAGGTCAACCTTT-1,BAL 05
c2_2_TCGCAGGTCCGGCAGT-1,BAL 03
c2_2_TCGCAGGTCGCTGACG-1,BAL 05
c2_2_TCGCAGGTCTCTTAAC-1,BAL 03
c2_2_TCGCTCAAGAAACTAC-1,BAL 03
c2_2_TCGCTCAAGAATTGTG-1,BAL 02
c2_2_TCGCTCAAGAGCATAT-1,BAL 08
c2_2_TCGCTCAAGGTAGGCT-1,BAL 07
c2_2_TCGCTCAAGTAACGTA-1,BAL 04
c2_2_TCGCTCAAGTGGACTG-1,BAL 04
c2_2_TCGCTCACACGAGGTA-1,BAL 03
c2_2_TCGCTCAGTAGTCGGA-1,Multiplet
c2_2_TCGCTCAGTTTCGCTC-1,BAL 06
c2_2_TCGCTCATCATTCACT-1,BAL 02
c2_2_TCGCTCATCCAACCAA-1,BAL 02
c2_2_TCGCTCATCCTACTGC-1,BAL 03
c2_2_TCGCTCATCCTTCTGG-1,BAL 05
c2_2_TCGCTTGAGATTAGTG-1,BAL 06
c2_2_TCGCTTGAGCTCACTA-1,Multiplet
c2_2_TCGCTTGAGGAAACGA-1,BAL 08
c2_2_TCGCTTGAGTACTGTC-1,BAL 04
c2_2_TCGCTTGAGTCCCAGC-1,Negative
c2_2_TCGCTTGCAACACACT-1,BAL 08
c2_2_TCGCTTGGTTAAGGAT-1,BAL 08
c2_2_TCGCTTGTCATTACCT-1,BAL 05
c2_2_TCGCTTGTCGTCTACC-1,Multiplet
c2_2_TCGCTTGTCGTGGCTG-1,BAL 04
c2_2_TCGGATAAGACGTCGA-1,BAL 04
c2_2_TCGGATAAGACTTCGT-1,BAL 05
c2_2_TCGGATAAGATGCAGC-1,Multiplet
c2_2_TCGGATAAGCGAACTG-1,BAL 03
c2_2_TCGGATAAGTATGACA-1,BAL 03
c2_2_TCGGATACAATAGAGT-1,BAL 01
c2_2_TCGGATACAATCAAGA-1,BAL 03
c2_2_TCGGATAGTGCCGGTT-1,BAL 03
c2_2_TCGGATATCACACCCT-1,BAL 05
c2_2_TCGGATATCAGTGATC-1,BAL 05
c2_2_TCGGATATCATGCCCT-1,BAL 02
c2_2_TCGGATATCTCGCTTG-1,BAL 07
c2_2_TCGGGACCAACAGTGG-1,BAL 05
c2_2_TCGGGACGTAGTCGTT-1,BAL 07
c2_2_TCGGGACGTCGAATTC-1,BAL 07
c2_2_TCGGGACGTTCGGTTA-1,BAL 04
c2_2_TCGGGACGTTCTTCAT-1,BAL 08
c2_2_TCGGGACGTTGGAGAC-1,BAL 02
c2_2_TCGGGACTCAAGTGGG-1,BAL 04
c2_2_TCGGGACTCGGTCATA-1,BAL 05
c2_2_TCGGGACTCGTGTGAT-1,BAL 05
c2_2_TCGGGCAAGAGTCAAT-1,BAL 04
c2_2_TCGGGCAAGATTAGTG-1,BAL 06
c2_2_TCGGGCAAGGTAAGGA-1,BAL 08
c2_2_TCGGGCAAGTTGAATG-1,BAL 07
c2_2_TCGGGCACAAAGCTAA-1,BAL 06
c2_2_TCGGGCACACCCTATC-1,Negative
c2_2_TCGGGCACAGAGAATT-1,BAL 01
c2_2_TCGGGCACAGCACAGA-1,BAL 03
c2_2_TCGGGCACATCCTTGC-1,BAL 05
c2_2_TCGGGCAGTATCGCAT-1,BAL 02
c2_2_TCGGGCAGTCAGACGA-1,BAL 06
c2_2_TCGGGCAGTCCAAAGG-1,BAL 02
c2_2_TCGGGCAGTGTTCGAT-1,BAL 03
c2_2_TCGGGCAGTTTCACTT-1,BAL 02
c2_2_TCGGGCATCAAGCCGC-1,BAL 03
c2_2_TCGGGTGAGGGCAAGG-1,BAL 05
c2_2_TCGGGTGAGTCAAGCG-1,BAL 05
c2_2_TCGGGTGCACGACCTG-1,BAL 06
c2_2_TCGGGTGCAGGCCTGT-1,Multiplet
c2_2_TCGGGTGCATGGCTAT-1,BAL 07
c2_2_TCGGGTGGTGCAGTGA-1,BAL 07
c2_2_TCGGGTGGTTTCTTAC-1,BAL 08
c2_2_TCGGGTGTCCACAGCG-1,BAL 03
c2_2_TCGGGTGTCGCCTAGG-1,Negative
c2_2_TCGGTCTAGACAACAT-1,BAL 01
c2_2_TCGGTCTAGCGATGGT-1,BAL 03
c2_2_TCGGTCTAGCGGATCA-1,BAL 06
c2_2_TCGGTCTAGGCGAACT-1,BAL 05
c2_2_TCGGTCTAGGTTGTTC-1,BAL 02
c2_2_TCGGTCTCAACGGCCT-1,Multiplet
c2_2_TCGGTCTCACCCTCTA-1,BAL 01
c2_2_TCGGTCTGTCAAGTTC-1,BAL 06
c2_2_TCGGTCTGTTCGGCGT-1,BAL 05
c2_2_TCGGTCTTCACTACTT-1,BAL 03
c2_2_TCGGTCTTCCGTCCTA-1,BAL 01
c2_2_TCGGTCTTCGCGTAGC-1,BAL 07
c2_2_TCGGTCTTCGTAGCTA-1,BAL 02
c2_2_TCGGTCTTCTAAGCCA-1,Multiplet
c2_2_TCGGTCTTCTCGCTCA-1,BAL 07
c2_2_TCGTAGACAACAAGAT-1,BAL 03
c2_2_TCGTAGACACAGAAGC-1,BAL 07
c2_2_TCGTAGACATAGGTAA-1,BAL 03
c2_2_TCGTAGAGTAAGGAGA-1,Multiplet
c2_2_TCGTAGAGTACGCTTA-1,BAL 03
c2_2_TCGTAGAGTCTCTCCA-1,BAL 03
c2_2_TCGTAGAGTGCATGAG-1,BAL 02
c2_2_TCGTAGAGTGGACCAA-1,Multiplet
c2_2_TCGTAGATCCAACTAG-1,BAL 02
c2_2_TCGTCCAAGTGCACCC-1,BAL 03
c2_2_TCGTCCACAAGAATAC-1,Multiplet
c2_2_TCGTCCAGTCAAAGAT-1,Multiplet
c2_2_TCGTCCAGTGGGCTTC-1,BAL 03
c2_2_TCGTCCAGTTGAAGTA-1,Multiplet
c2_2_TCGTCCATCCGCAAAT-1,BAL 08
c2_2_TCGTCCATCCGTCAAA-1,BAL 03
c2_2_TCGTCCATCGTAGGGA-1,BAL 08
c2_2_TCGTCCATCGTCGACG-1,BAL 07
c2_2_TCGTGCTAGGTTGAGC-1,Multiplet
c2_2_TCGTGCTAGTGTAGAT-1,Negative
c2_2_TCGTGCTCAATGAACA-1,BAL 05
c2_2_TCGTGCTCACAAACGG-1,BAL 04
c2_2_TCGTGCTCATCTAACG-1,BAL 05
c2_2_TCGTGCTGTACAGTAA-1,BAL 03
c2_2_TCGTGCTGTAGGATAT-1,BAL 03
c2_2_TCGTGCTGTATGCTAC-1,BAL 04
c2_2_TCGTGCTGTGAATTGA-1,BAL 02
c2_2_TCGTGCTGTTGCGTAT-1,BAL 02
c2_2_TCGTGCTTCGAGAATA-1,BAL 04
c2_2_TCGTGCTTCGAGCACC-1,BAL 03
c2_2_TCGTGCTTCTCGCAGG-1,BAL 03
c2_2_TCGTGCTTCTGCGTCT-1,BAL 07
c2_2_TCGTGCTTCTGGACCG-1,Multiplet
c2_2_TCGTGCTTCTTTCAGT-1,BAL 04
c2_2_TCGTGGGAGATAGGGA-1,BAL 08
c2_2_TCGTGGGAGATTAGTG-1,Multiplet
c2_2_TCGTGGGAGCAGGCAT-1,BAL 07
c2_2_TCGTGGGAGGAACGTC-1,BAL 08
c2_2_TCGTGGGAGGGTGGGA-1,BAL 05
c2_2_TCGTGGGAGTCACTCA-1,Multiplet
c2_2_TCGTGGGCAGCGGTTC-1,Multiplet
c2_2_TCGTGGGCATACTTTC-1,BAL 01
c2_2_TCGTGGGGTAGGAGTC-1,BAL 07
c2_2_TCGTGGGGTATGGGAC-1,BAL 04
c2_2_TCGTGGGGTGAGATTA-1,Multiplet
c2_2_TCGTGGGGTTACCCTC-1,BAL 03
c2_2_TCGTGGGGTTTGAAAG-1,BAL 07
c2_2_TCGTGGGTCACTGAAC-1,BAL 07
c2_2_TCTAACTCAAATCGTC-1,Multiplet
c2_2_TCTAACTCAAGAGGTC-1,Negative
c2_2_TCTAACTCAAGATTGA-1,Multiplet
c2_2_TCTAACTCAGCTGTTA-1,BAL 03
c2_2_TCTAACTCATACGCAT-1,Multiplet
c2_2_TCTAACTCATGAAGGC-1,BAL 04
c2_2_TCTAACTGTAGGTAGC-1,BAL 08
c2_2_TCTAACTTCAAAGCCT-1,BAL 02
c2_2_TCTAACTTCACAACCA-1,Multiplet
c2_2_TCTAACTTCCGCGATG-1,BAL 04
c2_2_TCTAACTTCGTTCTGC-1,BAL 02
c2_2_TCTAACTTCTCATAGG-1,BAL 08
c2_2_TCTACATAGTAACGTA-1,BAL 08
c2_2_TCTACATCAACGGCCT-1,BAL 02
c2_2_TCTACATCAATAGTCC-1,BAL 04
c2_2_TCTACATCAGGTTCAT-1,BAL 07
c2_2_TCTACATGTAATCAGA-1,BAL 02
c2_2_TCTACATGTATGTCTG-1,BAL 07
c2_2_TCTACATGTTGCATTG-1,Multiplet
c2_2_TCTACATGTTTGAACC-1,Multiplet
c2_2_TCTACATTCATGACAC-1,BAL 01
c2_2_TCTACATTCTTCCCAG-1,BAL 04
c2_2_TCTACCGAGCATTTCG-1,BAL 04
c2_2_TCTACCGAGGCTCAAG-1,BAL 05
c2_2_TCTACCGAGGGAGAAT-1,BAL 08
c2_2_TCTACCGAGTATGACA-1,Multiplet
c2_2_TCTACCGAGTGCAAAT-1,BAL 01
c2_2_TCTACCGAGTTCTACG-1,BAL 08
c2_2_TCTACCGCAACTGTGT-1,BAL 05
c2_2_TCTACCGCAGATGCGA-1,BAL 08
c2_2_TCTACCGGTATTGCCA-1,BAL 03
c2_2_TCTACCGGTCAGTCCG-1,BAL 02
c2_2_TCTACCGGTGCTAGCC-1,BAL 07
c2_2_TCTACCGTCGACGAGA-1,BAL 08
c2_2_TCTACCGTCTATGTGG-1,Multiplet
c2_2_TCTATACAGCTATCCA-1,BAL 08
c2_2_TCTATACAGTCTGCAT-1,BAL 05
c2_2_TCTATACAGTTCATCG-1,Multiplet
c2_2_TCTATACCAAATAAGC-1,BAL 03
c2_2_TCTATACCAAGTTTGC-1,BAL 05
c2_2_TCTATACCAGTTACCA-1,BAL 01
c2_2_TCTATACCATCTTAGG-1,BAL 03
c2_2_TCTATACGTCAGATTC-1,BAL 06
c2_2_TCTATACGTTTGGAGG-1,BAL 04
c2_2_TCTATACTCCTGGCTT-1,BAL 06
c2_2_TCTATACTCGCCACTT-1,BAL 07
c2_2_TCTATACTCTACCAGA-1,BAL 07
c2_2_TCTATACTCTAGGCAT-1,Multiplet
c2_2_TCTATCAAGCCGGATA-1,BAL 05
c2_2_TCTATCAAGCGAGTCA-1,Multiplet
c2_2_TCTATCAAGGTTTACC-1,BAL 03
c2_2_TCTATCAAGTTGCCCG-1,BAL 03
c2_2_TCTATCACAACACAAA-1,Multiplet
c2_2_TCTATCACAATTTCCT-1,BAL 06
c2_2_TCTATCACACCGCTGA-1,BAL 04
c2_2_TCTATCACAGACCATT-1,BAL 07
c2_2_TCTATCACAGAGTTCT-1,Multiplet
c2_2_TCTATCACATGCCGGT-1,Multiplet
c2_2_TCTATCAGTGCTTCAA-1,BAL 03
c2_2_TCTATCAGTGGTCTGC-1,BAL 04
c2_2_TCTATCATCACCTCTG-1,BAL 04
c2_2_TCTATCATCCACTTTA-1,Multiplet
c2_2_TCTATCATCCTGGGTG-1,BAL 02
c2_2_TCTCACGCAGACATCT-1,Multiplet
c2_2_TCTCACGCAGATCACT-1,BAL 02
c2_2_TCTCACGGTAACTTCG-1,BAL 02
c2_2_TCTCACGGTACCCACG-1,Multiplet
c2_2_TCTCACGGTTTCCAAG-1,BAL 06
c2_2_TCTCACGTCAAGCTTG-1,BAL 05
c2_2_TCTCACGTCATTACGG-1,BAL 06
c2_2_TCTCACGTCCGAGAAG-1,BAL 02
c2_2_TCTCACGTCTTAGTTC-1,BAL 01
c2_2_TCTCAGCAGACCAGCA-1,BAL 03
c2_2_TCTCAGCAGATGTAGT-1,BAL 05
c2_2_TCTCAGCAGATTCGCT-1,Multiplet
c2_2_TCTCAGCAGCAGGCAT-1,BAL 08
c2_2_TCTCAGCAGTAGGGTC-1,BAL 05
c2_2_TCTCAGCAGTATAGGT-1,Multiplet
c2_2_TCTCAGCAGTGCAGCA-1,Multiplet
c2_2_TCTCAGCAGTGTAGAT-1,Multiplet
c2_2_TCTCAGCAGTTGAATG-1,BAL 03
c2_2_TCTCAGCCAATTGAGA-1,BAL 05
c2_2_TCTCAGCCAGCCTATA-1,BAL 03
c2_2_TCTCAGCCAGGAATCG-1,BAL 04
c2_2_TCTCAGCCAGTTGCGC-1,BAL 03
c2_2_TCTCAGCGTGGCTACC-1,BAL 01
c2_2_TCTCAGCGTGGCTTAT-1,BAL 03
c2_2_TCTCAGCTCATTACGG-1,BAL 06
c2_2_TCTCCGAAGACAACTA-1,BAL 02
c2_2_TCTCCGAAGAGCAGCT-1,Multiplet
c2_2_TCTCCGACACTCTAGA-1,BAL 01
c2_2_TCTCCGACATCCTGTC-1,Multiplet
c2_2_TCTCCGACATGTCTAG-1,BAL 05
c2_2_TCTCCGAGTACCCGAC-1,BAL 02
c2_2_TCTCCGAGTGTTCCAA-1,BAL 08
c2_2_TCTCCGATCTCATGGA-1,BAL 04
c2_2_TCTCCGATCTCGTGGG-1,BAL 01
c2_2_TCTCTGGAGACTACCT-1,BAL 03
c2_2_TCTCTGGAGACTGTTC-1,BAL 08
c2_2_TCTCTGGAGATTACCC-1,BAL 02
c2_2_TCTCTGGAGCTCAGAG-1,Multiplet
c2_2_TCTCTGGAGGGCAAGG-1,BAL 08
c2_2_TCTCTGGCACTTGACA-1,BAL 05
c2_2_TCTCTGGCATAGGCGA-1,BAL 06
c2_2_TCTCTGGCATTCATCT-1,BAL 06
c2_2_TCTCTGGGTAAGGCCA-1,Multiplet
c2_2_TCTCTGGGTCGTGTTA-1,BAL 03
c2_2_TCTCTGGGTTTACGTG-1,BAL 04
c2_2_TCTCTGGGTTTGTTCT-1,BAL 08
c2_2_TCTCTGGTCCGGCTTT-1,Multiplet
c2_2_TCTCTGGTCTGTCAGA-1,Multiplet
c2_2_TCTGCCAAGCATGTTC-1,BAL 03
c2_2_TCTGCCAAGTCTCGTA-1,BAL 03
c2_2_TCTGCCAGTAGAGCTG-1,BAL 03
c2_2_TCTGCCAGTCACCCTT-1,BAL 07
c2_2_TCTGCCAGTGGTTTGT-1,BAL 08
c2_2_TCTGCCATCATCGTAG-1,Multiplet
c2_2_TCTGCCATCTAGGCCG-1,BAL 05
c2_2_TCTGGCTAGGTCGACA-1,BAL 02
c2_2_TCTGGCTAGTCACGAG-1,BAL 04
c2_2_TCTGGCTAGTGTTGTC-1,BAL 05
c2_2_TCTGGCTGTAGTTAGA-1,Multiplet
c2_2_TCTGGCTGTCCAGTTA-1,Multiplet
c2_2_TCTGGCTGTTAGGCCC-1,BAL 04
c2_2_TCTGGCTTCCAATCCC-1,BAL 04
c2_2_TCTGGCTTCCATCCGT-1,BAL 04
c2_2_TCTGGCTTCGCTCTCA-1,BAL 03
c2_2_TCTGGCTTCTACCAGA-1,Negative
c2_2_TCTGGCTTCTTAATCC-1,BAL 03
c2_2_TCTGTCGAGAGAGCCT-1,Multiplet
c2_2_TCTGTCGAGATCGACG-1,BAL 01
c2_2_TCTGTCGAGATGTAGT-1,BAL 08
c2_2_TCTGTCGAGATTGAGT-1,Multiplet
c2_2_TCTGTCGAGGACGGAG-1,BAL 03
c2_2_TCTGTCGAGGATATGT-1,BAL 03
c2_2_TCTGTCGCAAACACGG-1,BAL 06
c2_2_TCTGTCGCAACTCATG-1,BAL 07
c2_2_TCTGTCGCACCAAATC-1,BAL 02
c2_2_TCTGTCGGTGAAGCTG-1,BAL 07
c2_2_TCTGTCGGTGACTAAA-1,Multiplet
c2_2_TCTGTCGGTGGATACG-1,Multiplet
c2_2_TCTTAGTAGAAGCCTG-1,BAL 06
c2_2_TCTTAGTAGGTAGTAT-1,BAL 04
c2_2_TCTTAGTAGTAGGGTC-1,Multiplet
c2_2_TCTTAGTAGTGCACAG-1,BAL 02
c2_2_TCTTAGTCAGAATTCC-1,BAL 02
c2_2_TCTTAGTCAGCCGTTG-1,BAL 03
c2_2_TCTTAGTCATGTCAGT-1,BAL 04
c2_2_TCTTAGTGTAGACTGG-1,BAL 05
c2_2_TCTTAGTGTGCCGGTT-1,BAL 02
c2_2_TCTTAGTTCAAACCTG-1,Multiplet
c2_2_TCTTAGTTCAGTCCGG-1,BAL 05
c2_2_TCTTAGTTCCACATAG-1,BAL 04
c2_2_TCTTAGTTCCGGTAAT-1,BAL 07
c2_2_TCTTAGTTCGATAACC-1,BAL 08
c2_2_TCTTAGTTCGTGCATA-1,BAL 08
c2_2_TCTTAGTTCTTCGGAA-1,BAL 08
c2_2_TCTTCCTAGAGATGCC-1,Multiplet
c2_2_TCTTCCTAGCGATGGT-1,BAL 01
c2_2_TCTTCCTAGGGCAATC-1,Multiplet
c2_2_TCTTCCTCAAGGCGTA-1,BAL 03
c2_2_TCTTCCTCAATCTCTT-1,BAL 08
c2_2_TCTTCCTCACGAAAGC-1,BAL 06
c2_2_TCTTCCTCACTCATAG-1,BAL 06
c2_2_TCTTCCTCATCATGAC-1,BAL 03
c2_2_TCTTCCTGTATGGAAT-1,BAL 06
c2_2_TCTTCCTGTCCAAATC-1,BAL 03
c2_2_TCTTCCTGTCTGTGTA-1,Multiplet
c2_2_TCTTCCTGTGACGTCC-1,Multiplet
c2_2_TCTTCCTGTTGACTGT-1,Negative
c2_2_TCTTCCTTCACCTCAC-1,Multiplet
c2_2_TCTTCCTTCATGCCGG-1,BAL 03
c2_2_TCTTCCTTCGCCAGAC-1,BAL 04
c2_2_TCTTCCTTCTGGTCAA-1,BAL 07
c2_2_TCTTGCGAGATGGGCT-1,BAL 05
c2_2_TCTTGCGAGCGACATG-1,BAL 04
c2_2_TCTTGCGAGCTCCACG-1,BAL 06
c2_2_TCTTGCGAGGCACTCC-1,BAL 08
c2_2_TCTTGCGAGGGTAATT-1,BAL 07
c2_2_TCTTGCGAGTCCGCGT-1,Multiplet
c2_2_TCTTGCGAGTGAGTTA-1,Multiplet
c2_2_TCTTGCGGTAGCGTCC-1,BAL 07
c2_2_TCTTGCGGTGCCCTTT-1,Multiplet
c2_2_TCTTGCGGTTACGATC-1,BAL 03
c2_2_TCTTGCGGTTCGGTCG-1,Multiplet
c2_2_TCTTGCGTCCAAGGGA-1,BAL 03
c2_2_TCTTGCGTCCATATGG-1,BAL 06
c2_2_TCTTGCGTCGCACGGT-1,Multiplet
c2_2_TCTTTGAAGACAACTA-1,Multiplet
c2_2_TCTTTGAAGAGAACCC-1,BAL 05
c2_2_TCTTTGAAGAGGTCGT-1,Multiplet
c2_2_TCTTTGAAGAGTGGCT-1,BAL 03
c2_2_TCTTTGAAGATTAGTG-1,BAL 06
c2_2_TCTTTGAAGCAGGGAG-1,BAL 03
c2_2_TCTTTGACACAACATC-1,BAL 04
c2_2_TCTTTGACAGCATCTA-1,BAL 07
c2_2_TCTTTGACAGGTTCCG-1,Multiplet
c2_2_TCTTTGACAGTTTCAG-1,BAL 02
c2_2_TCTTTGACATGACGGA-1,BAL 06
c2_2_TCTTTGATCAAGCGTT-1,Multiplet
c2_2_TCTTTGATCGTGTGGC-1,BAL 07
c2_2_TGAACGTAGCGATTCT-1,Multiplet
c2_2_TGAACGTAGCTACGTT-1,BAL 04
c2_2_TGAACGTGTAGCTCGC-1,BAL 01
c2_2_TGAACGTGTGGGCTCT-1,BAL 01
c2_2_TGAACGTGTGGGTTGA-1,BAL 05
c2_2_TGAACGTGTTATGTGC-1,BAL 05
c2_2_TGAACGTTCCAAGGGA-1,BAL 04
c2_2_TGAACGTTCGGTAGAG-1,BAL 06
c2_2_TGAACGTTCTAGTCAG-1,BAL 06
c2_2_TGAATCGAGAGCTGAC-1,BAL 01
c2_2_TGAATCGAGGACGGAG-1,BAL 03
c2_2_TGAATCGAGGTAAAGG-1,Multiplet
c2_2_TGAATCGAGGTAGCCA-1,Multiplet
c2_2_TGAATCGAGGTCACAG-1,BAL 01
c2_2_TGAATCGCAAGCTGCC-1,BAL 01
c2_2_TGAATCGCATACAGAA-1,BAL 08
c2_2_TGAATCGGTAACTAAG-1,BAL 07
c2_2_TGAATCGGTTGCAAGG-1,BAL 04
c2_2_TGAATCGTCATCTCTA-1,Multiplet
c2_2_TGAATCGTCCGATAAC-1,BAL 03
c2_2_TGAATCGTCGCTCCTA-1,BAL 05
c2_2_TGAATCGTCTTCACAT-1,Multiplet
c2_2_TGAATGCAGCGATCGA-1,Multiplet
c2_2_TGAATGCAGGCCCAAA-1,BAL 07
c2_2_TGAATGCAGTGTACCT-1,BAL 02
c2_2_TGAATGCAGTTCTCTT-1,BAL 02
c2_2_TGAATGCCAAACTCTG-1,BAL 05
c2_2_TGAATGCCAGTCGCAC-1,BAL 06
c2_2_TGAATGCGTAACACCT-1,Multiplet
c2_2_TGAATGCGTACGCGTC-1,BAL 03
c2_2_TGAATGCGTCGCGGTT-1,BAL 04
c2_2_TGAATGCGTGGTGATG-1,BAL 06
c2_2_TGAATGCGTTCGAGCC-1,Multiplet
c2_2_TGAATGCGTTGCCAAT-1,BAL 06
c2_2_TGAATGCGTTTGGAAA-1,Multiplet
c2_2_TGAATGCTCAGAGCGA-1,BAL 05
c2_2_TGAATGCTCCAATGCA-1,BAL 03
c2_2_TGAATGCTCCATTGGA-1,BAL 02
c2_2_TGAATGCTCCTTATAC-1,BAL 04
c2_2_TGAATGCTCTAGCCAA-1,BAL 05
c2_2_TGAATGCTCTTCGATT-1,BAL 03
c2_2_TGACAGTAGATGGCGT-1,BAL 03
c2_2_TGACAGTAGCTCCATA-1,BAL 05
c2_2_TGACAGTAGGCTGAAC-1,BAL 08
c2_2_TGACAGTAGGTGGTTG-1,Multiplet
c2_2_TGACAGTAGTCGTCTA-1,BAL 06
c2_2_TGACAGTAGTTCATCG-1,BAL 05
c2_2_TGACAGTCAATACCTG-1,BAL 03
c2_2_TGACAGTCACTCTCGT-1,BAL 02
c2_2_TGACAGTGTCGACTGC-1,BAL 01
c2_2_TGACAGTGTCTACGTA-1,BAL 08
c2_2_TGACAGTGTCTTACTT-1,BAL 05
c2_2_TGACAGTGTGGCCTCA-1,BAL 04
c2_2_TGACAGTTCACCATGA-1,BAL 03
c2_2_TGACAGTTCCACCTGT-1,Multiplet
c2_2_TGACAGTTCCTTCTTC-1,BAL 03
c2_2_TGACAGTTCGATCCCT-1,BAL 03
c2_2_TGACAGTTCGCCAGTG-1,Multiplet
c2_2_TGACAGTTCTCCCAAC-1,BAL 05
c2_2_TGACAGTTCTGCATGA-1,Multiplet
c2_2_TGACAGTTCTTGATTC-1,Multiplet
c2_2_TGACCCTAGAGTTGAT-1,BAL 01
c2_2_TGACCCTAGCACACAG-1,BAL 08
c2_2_TGACCCTAGTCCTGCG-1,BAL 08
c2_2_TGACCCTCAACTGCCG-1,BAL 06
c2_2_TGACCCTCACACCAGC-1,BAL 01
c2_2_TGACCCTCATGGAAGC-1,BAL 05
c2_2_TGACCCTCATTCCTCG-1,BAL 05
c2_2_TGACCCTGTCCTATAG-1,BAL 05
c2_2_TGACCCTTCGTTCGCT-1,BAL 04
c2_2_TGACCCTTCTGGGAGA-1,BAL 06
c2_2_TGACGCGAGAACGTGC-1,BAL 06
c2_2_TGACGCGAGTGAGCCA-1,BAL 08
c2_2_TGACGCGCAAAGGATT-1,Multiplet
c2_2_TGACGCGCAACTGCTA-1,BAL 06
c2_2_TGACGCGCAGCGTGCT-1,BAL 03
c2_2_TGACGCGCAGCTCATA-1,Multiplet
c2_2_TGACGCGCATCTTAGG-1,Multiplet
c2_2_TGACGCGCATGGCACC-1,BAL 02
c2_2_TGACGCGGTGGATCAG-1,BAL 02
c2_2_TGACGCGGTGGCACTC-1,BAL 02
c2_2_TGACGCGGTTACCCAA-1,BAL 05
c2_2_TGACGCGTCTGTTCAT-1,BAL 03
c2_2_TGACTCCAGCCATTTG-1,BAL 02
c2_2_TGACTCCCACAGGATG-1,BAL 07
c2_2_TGACTCCCACCTGCAG-1,BAL 05
c2_2_TGACTCCGTAACGGTG-1,BAL 02
c2_2_TGACTCCGTCGCTTGG-1,BAL 07
c2_2_TGACTCCGTCTGCAAT-1,BAL 02
c2_2_TGACTCCGTCTTTCTA-1,Negative
c2_2_TGACTCCGTGCGCTCA-1,Multiplet
c2_2_TGACTCCGTGTTACTG-1,BAL 04
c2_2_TGACTCCTCAAGGTGG-1,BAL 08
c2_2_TGACTCCTCACACGAT-1,BAL 03
c2_2_TGAGACTAGCATACTC-1,BAL 04
c2_2_TGAGACTAGTCCCGGT-1,BAL 06
c2_2_TGAGACTAGTGGTGGT-1,BAL 02
c2_2_TGAGACTCAGTGGCTC-1,Multiplet
c2_2_TGAGACTTCAGTCTTT-1,Multiplet
c2_2_TGAGACTTCCTTATCA-1,BAL 07
c2_2_TGAGACTTCGCTCCTA-1,Multiplet
c2_2_TGAGCATCAACCAACT-1,BAL 03
c2_2_TGAGCATCAACCACGC-1,Multiplet
c2_2_TGAGCATCAACGATTC-1,Multiplet
c2_2_TGAGCATCAAGCTGCC-1,Multiplet
c2_2_TGAGCATGTACGATTC-1,BAL 02
c2_2_TGAGCATGTCTAGATC-1,BAL 08
c2_2_TGAGCATGTGGCCACT-1,BAL 03
c2_2_TGAGCATTCCACGGAC-1,BAL 03
c2_2_TGAGCATTCTGGAGAG-1,BAL 08
c2_2_TGAGCGCAGAGACAAG-1,BAL 08
c2_2_TGAGCGCAGAGGCTGT-1,BAL 02
c2_2_TGAGCGCAGATGCGAC-1,BAL 08
c2_2_TGAGCGCAGCTGTACT-1,Multiplet
c2_2_TGAGCGCAGCTTGTTG-1,BAL 01
c2_2_TGAGCGCAGGCCTAGA-1,BAL 08
c2_2_TGAGCGCCACCCTATC-1,BAL 03
c2_2_TGAGCGCCAGCAGTCC-1,BAL 07
c2_2_TGAGCGCCAGTTGTCA-1,BAL 02
c2_2_TGAGCGCCATGACTAC-1,BAL 08
c2_2_TGAGCGCGTCAATCTG-1,Multiplet
c2_2_TGAGCGCGTGACTAAA-1,BAL 02
c2_2_TGAGCGCGTTAAGTCC-1,Multiplet
c2_2_TGAGCGCTCCATCACC-1,BAL 03
c2_2_TGAGCGCTCCTGTACC-1,Multiplet
c2_2_TGAGGAGAGAGTGAAG-1,BAL 08
c2_2_TGAGGAGAGCGCGTTC-1,BAL 02
c2_2_TGAGGAGAGGAAGAAC-1,BAL 06
c2_2_TGAGGAGCAACCAACT-1,Multiplet
c2_2_TGAGGAGCAAGCGGAT-1,BAL 01
c2_2_TGAGGAGCACACCTAA-1,BAL 07
c2_2_TGAGGAGCACGTCGTG-1,BAL 04
c2_2_TGAGGAGCACTTTAGG-1,BAL 07
c2_2_TGAGGAGCAGTCGTTA-1,Multiplet
c2_2_TGAGGAGGTATGGGAC-1,Multiplet
c2_2_TGAGGAGGTGAATGAT-1,BAL 04
c2_2_TGAGGAGGTTGCGGCT-1,BAL 07
c2_2_TGAGGAGTCACGGGCT-1,BAL 05
c2_2_TGAGGAGTCCAAATGC-1,BAL 06
c2_2_TGAGGAGTCGCTACAA-1,Multiplet
c2_2_TGAGGAGTCTCATTTG-1,BAL 03
c2_2_TGAGGGAAGCACCAGA-1,Multiplet
c2_2_TGAGGGACAACAGTGG-1,BAL 06
c2_2_TGAGGGACAAGTGATA-1,BAL 03
c2_2_TGAGGGACACTGCACG-1,BAL 07
c2_2_TGAGGGACAGCTACAT-1,Multiplet
c2_2_TGAGGGACATGGAACG-1,BAL 04
c2_2_TGAGGGACATTGCCGG-1,BAL 02
c2_2_TGAGGGAGTACAGCGA-1,BAL 08
c2_2_TGAGGGAGTCCCGGTA-1,BAL 05
c2_2_TGAGGGATCCTACACC-1,BAL 02
c2_2_TGAGGGATCGTCCATC-1,BAL 08
c2_2_TGAGGGATCTGAATCG-1,BAL 08
c2_2_TGAGGTTAGCAGCGAT-1,BAL 02
c2_2_TGAGGTTAGCTCACTA-1,BAL 01
c2_2_TGAGGTTAGGATCACG-1,Multiplet
c2_2_TGAGGTTAGGCATGGT-1,BAL 01
c2_2_TGAGGTTCAAAGACGC-1,BAL 02
c2_2_TGAGGTTCACAGCGCT-1,BAL 04
c2_2_TGAGGTTCAGTCTCTC-1,BAL 06
c2_2_TGAGGTTGTACCCGCA-1,Multiplet
c2_2_TGAGGTTGTACGTAGG-1,BAL 07
c2_2_TGAGGTTGTCTGTAGT-1,BAL 02
c2_2_TGAGGTTGTGAAGCGT-1,BAL 05
c2_2_TGAGGTTGTTCCTTGC-1,BAL 02
c2_2_TGAGGTTGTTCTCCAC-1,BAL 05
c2_2_TGAGGTTTCATGAGTC-1,BAL 02
c2_2_TGAGGTTTCATTCGGA-1,BAL 03
c2_2_TGAGTCAAGAAGCGGG-1,BAL 02
c2_2_TGAGTCAAGAGCATCG-1,BAL 03
c2_2_TGAGTCAAGATGCCGA-1,BAL 06
c2_2_TGAGTCAAGTCATACC-1,BAL 06
c2_2_TGAGTCACAACACGAG-1,BAL 03
c2_2_TGAGTCACAAGTGTCT-1,BAL 03
c2_2_TGAGTCACAGCCCAGT-1,BAL 04
c2_2_TGAGTCAGTAGACGTG-1,BAL 05
c2_2_TGAGTCAGTAGGATAT-1,BAL 07
c2_2_TGAGTCATCAATCCGA-1,BAL 02
c2_2_TGAGTCATCGTGGGTC-1,Multiplet
c2_2_TGATCAGAGAAGCCTG-1,BAL 01
c2_2_TGATCAGAGCGTTGTT-1,BAL 01
c2_2_TGATCAGAGGTAGCCA-1,BAL 05
c2_2_TGATCAGAGTAGGGTC-1,Multiplet
c2_2_TGATCAGAGTGGATTA-1,Multiplet
c2_2_TGATCAGCAAGGTACG-1,Multiplet
c2_2_TGATCAGCAATCCTAG-1,BAL 03
c2_2_TGATCAGCATGTCAGT-1,BAL 03
c2_2_TGATCAGGTACAGTTC-1,Multiplet
c2_2_TGATCAGGTATGACAA-1,BAL 03
c2_2_TGATCAGGTCTACTGA-1,BAL 07
c2_2_TGATCAGGTTGCTAGT-1,Multiplet
c2_2_TGATCAGGTTGTGTAC-1,Multiplet
c2_2_TGATCAGTCGCTTGAA-1,BAL 03
c2_2_TGATCAGTCGTGGCTG-1,BAL 06
c2_2_TGATCAGTCTCCTGTG-1,BAL 07
c2_2_TGATCAGTCTTCTGGC-1,BAL 05
c2_2_TGATCTTAGCATCTTG-1,BAL 05
c2_2_TGATCTTAGCTCGACC-1,BAL 03
c2_2_TGATCTTAGTTTGCTG-1,BAL 02
c2_2_TGATCTTCACAGAGAC-1,BAL 03
c2_2_TGATCTTCACGGTAGA-1,BAL 04
c2_2_TGATCTTCACTGAGGA-1,BAL 03
c2_2_TGATCTTCAGAGCCCT-1,BAL 02
c2_2_TGATCTTCATGACGTT-1,BAL 04
c2_2_TGATCTTCATTCTGTT-1,BAL 02
c2_2_TGATCTTGTCATCACA-1,Multiplet
c2_2_TGATCTTGTCCTGGTG-1,BAL 08
c2_2_TGATCTTTCCACTAGA-1,BAL 01
c2_2_TGATCTTTCTTACGTT-1,BAL 01
c2_2_TGATGCAAGAAGCGAA-1,BAL 03
c2_2_TGATGCAAGGATAATC-1,BAL 01
c2_2_TGATGCACAAGCTGCC-1,Multiplet
c2_2_TGATGCACAGCGCTTG-1,BAL 06
c2_2_TGATGCAGTACACGCC-1,BAL 05
c2_2_TGATGCATCATGACAC-1,BAL 06
c2_2_TGATGCATCCCTGGTT-1,BAL 07
c2_2_TGATGGTAGAGTCCGA-1,Multiplet
c2_2_TGATGGTAGCATCTTG-1,Multiplet
c2_2_TGATGGTAGCGTTCAT-1,Multiplet
c2_2_TGATGGTAGTAGTCAA-1,BAL 08
c2_2_TGATGGTAGTGTACCT-1,BAL 05
c2_2_TGATGGTCAAGCGCTC-1,Multiplet
c2_2_TGATGGTCACAACATC-1,BAL 03
c2_2_TGATGGTCAGTGAGCA-1,BAL 01
c2_2_TGATGGTGTGAGAACC-1,BAL 08
c2_2_TGATGGTGTGATTAGA-1,Multiplet
c2_2_TGATGGTTCACCTCGT-1,BAL 08
c2_2_TGATGGTTCATTTGGG-1,BAL 05
c2_2_TGATGGTTCGCCAGTG-1,BAL 02
c2_2_TGATGGTTCGCGTTTC-1,BAL 05
c2_2_TGATTCTAGAAACCAT-1,BAL 06
c2_2_TGATTCTCACGTGTGC-1,BAL 05
c2_2_TGATTCTCATTCATCT-1,BAL 02
c2_2_TGATTCTGTGCCTGAC-1,Multiplet
c2_2_TGATTCTGTGTAAATG-1,BAL 07
c2_2_TGATTCTTCATGGAGG-1,BAL 05
c2_2_TGATTCTTCGCCTAGG-1,Multiplet
c2_2_TGATTCTTCTAAGGAA-1,Multiplet
c2_2_TGATTCTTCTACCACC-1,Multiplet
c2_2_TGATTCTTCTAGGCCG-1,BAL 02
c2_2_TGATTTCAGCAAATGT-1,Multiplet
c2_2_TGATTTCAGCAGCGAT-1,BAL 06
c2_2_TGATTTCAGCTAATGA-1,BAL 01
c2_2_TGATTTCAGGCATGCA-1,BAL 03
c2_2_TGATTTCAGGTTACCT-1,BAL 02
c2_2_TGATTTCAGTCGCCCA-1,BAL 08
c2_2_TGATTTCCAGTTTCGA-1,BAL 08
c2_2_TGATTTCCATACAGAA-1,BAL 08
c2_2_TGATTTCCATCCGTTC-1,BAL 02
c2_2_TGATTTCGTCCACATA-1,BAL 03
c2_2_TGATTTCGTCGACTGC-1,BAL 06
c2_2_TGATTTCGTGGCTACC-1,BAL 03
c2_2_TGATTTCGTGTCTTAG-1,BAL 08
c2_2_TGATTTCGTTCACGAT-1,BAL 05
c2_2_TGATTTCTCACATCAG-1,BAL 07
c2_2_TGATTTCTCCAAGAGG-1,Multiplet
c2_2_TGATTTCTCCCTCATG-1,BAL 03
c2_2_TGATTTCTCGCACGAC-1,BAL 04
c2_2_TGATTTCTCGTGCTCT-1,BAL 04
c2_2_TGATTTCTCTCCAATT-1,BAL 08
c2_2_TGATTTCTCTCGAACA-1,BAL 08
c2_2_TGCACGGCAAGATGGC-1,BAL 03
c2_2_TGCACGGCAAGCACCC-1,Multiplet
c2_2_TGCACGGCACCACTGG-1,BAL 03
c2_2_TGCACGGCACGACGAA-1,BAL 05
c2_2_TGCACGGCAGTTGTCA-1,BAL 03
c2_2_TGCACGGCATAGGCGA-1,Multiplet
c2_2_TGCACGGCATGGTACT-1,Multiplet
c2_2_TGCACGGGTAGTCGGA-1,Multiplet
c2_2_TGCACGGGTTCCAGGC-1,BAL 02
c2_2_TGCACGGTCACCTTAT-1,Multiplet
c2_2_TGCACGGTCCAGCCTT-1,BAL 01
c2_2_TGCACGGTCCTCGATC-1,Multiplet
c2_2_TGCAGATAGAGGATCC-1,BAL 05
c2_2_TGCAGATAGGTCCGAA-1,BAL 06
c2_2_TGCAGATCAAGCTACT-1,BAL 02
c2_2_TGCAGATCACCGCTGA-1,BAL 02
c2_2_TGCAGATCACGTATAC-1,BAL 04
c2_2_TGCAGATCAGTTGTCA-1,BAL 03
c2_2_TGCAGATGTCTTGAGT-1,BAL 03
c2_2_TGCAGATTCAGGTGTT-1,BAL 01
c2_2_TGCAGATTCCGATGTA-1,Multiplet
c2_2_TGCAGATTCGCACTCT-1,BAL 08
c2_2_TGCAGATTCTGTGCGG-1,BAL 03
c2_2_TGCAGGCAGAAGAGCA-1,BAL 08
c2_2_TGCAGGCAGTTGGCTT-1,Multiplet
c2_2_TGCAGGCCAATTGCCA-1,Multiplet
c2_2_TGCAGGCCACCCAATA-1,BAL 06
c2_2_TGCAGGCCACTTGACA-1,BAL 06
c2_2_TGCAGGCCATCCGAAT-1,BAL 08
c2_2_TGCAGGCCATTGGATC-1,BAL 08
c2_2_TGCAGGCGTCGATGCC-1,BAL 04
c2_2_TGCAGGCGTCTGTAAC-1,Multiplet
c2_2_TGCAGGCGTGGTCCCA-1,Multiplet
c2_2_TGCAGGCTCAAGGAGC-1,BAL 05
c2_2_TGCAGGCTCCAACCAA-1,Multiplet
c2_2_TGCAGGCTCCACTGGG-1,BAL 02
c2_2_TGCAGGCTCCATCTAT-1,BAL 02
c2_2_TGCAGGCTCCGATAAC-1,BAL 03
c2_2_TGCAGGCTCCTCTAAT-1,Multiplet
c2_2_TGCAGTAAGGAGAGGC-1,Multiplet
c2_2_TGCAGTAAGTAGTCTC-1,BAL 06
c2_2_TGCAGTACAAACGTGG-1,BAL 03
c2_2_TGCAGTACAACACAAA-1,BAL 04
c2_2_TGCAGTACACAATTCG-1,BAL 03
c2_2_TGCAGTAGTACCCGCA-1,BAL 02
c2_2_TGCAGTAGTAGTATAG-1,Multiplet
c2_2_TGCAGTAGTCATTCCC-1,Multiplet
c2_2_TGCAGTAGTTACGGAG-1,BAL 03
c2_2_TGCAGTAGTTGCAACT-1,BAL 02
c2_2_TGCAGTATCAAACGAA-1,Multiplet
c2_2_TGCAGTATCCATACTT-1,BAL 02
c2_2_TGCAGTATCCGATAAC-1,BAL 08
c2_2_TGCAGTATCGAAATCC-1,Multiplet
c2_2_TGCAGTATCTTCTGTA-1,BAL 06
c2_2_TGCATCCAGAGAGCAA-1,BAL 03
c2_2_TGCATCCAGATGCTAA-1,BAL 06
c2_2_TGCATCCAGCATTGTC-1,BAL 06
c2_2_TGCATCCAGTCCCAGC-1,BAL 05
c2_2_TGCATCCAGTGCACTT-1,BAL 08
c2_2_TGCATCCCAACACACT-1,BAL 06
c2_2_TGCATCCGTAAGGCTG-1,BAL 03
c2_2_TGCATCCGTCAGTCGC-1,BAL 04
c2_2_TGCATCCTCAATCTTC-1,BAL 03
c2_2_TGCATCCTCAGACATC-1,BAL 02
c2_2_TGCATCCTCGGATTAC-1,BAL 05
c2_2_TGCATCCTCTTAGGAC-1,BAL 01
c2_2_TGCATCCTCTTGGGCG-1,BAL 03
c2_2_TGCATGACAGGCCTGT-1,BAL 05
c2_2_TGCATGAGTACGTACT-1,Multiplet
c2_2_TGCATGAGTAGCGATG-1,Multiplet
c2_2_TGCATGAGTGGCTTGC-1,BAL 04
c2_2_TGCATGATCAATGTCG-1,BAL 06
c2_2_TGCATGATCAGGAACG-1,Multiplet
c2_2_TGCATGATCATCGACA-1,BAL 07
c2_2_TGCATGATCATTTGGG-1,BAL 07
c2_2_TGCATGATCGCTCTCA-1,BAL 08
c2_2_TGCATGATCGTGACTA-1,BAL 04
c2_2_TGCATGATCGTGTGAT-1,BAL 02
c2_2_TGCCGAGAGAGTACCG-1,Multiplet
c2_2_TGCCGAGCACGGGCTT-1,BAL 07
c2_2_TGCCGAGGTGCTCCGA-1,BAL 05
c2_2_TGCCGAGTCCCATTTA-1,BAL 08
c2_2_TGCCGAGTCGGTATGT-1,BAL 03
c2_2_TGCCGAGTCTCTAGGA-1,BAL 05
c2_2_TGCGACGAGAAGTATC-1,BAL 06
c2_2_TGCGACGAGAATTGCA-1,Multiplet
c2_2_TGCGACGAGCACGATG-1,BAL 03
c2_2_TGCGACGAGTAAGACT-1,BAL 05
c2_2_TGCGACGCAAGGGCAT-1,BAL 01
c2_2_TGCGACGCATACGCAT-1,BAL 07
c2_2_TGCGACGCATCACGGC-1,BAL 05
c2_2_TGCGACGGTACAAGTA-1,BAL 03
c2_2_TGCGACGGTACCTAGT-1,BAL 02
c2_2_TGCGACGGTAGTCGTT-1,BAL 03
c2_2_TGCGACGGTCACTAGT-1,BAL 05
c2_2_TGCGACGTCACGAACT-1,BAL 02
c2_2_TGCGACGTCCTAGCGG-1,BAL 04
c2_2_TGCGATAAGCCTTTGA-1,Negative
c2_2_TGCGATAAGGTATAGT-1,BAL 08
c2_2_TGCGATAAGTCATGCT-1,BAL 03
c2_2_TGCGATACAGGTCTCG-1,BAL 01
c2_2_TGCGATATCCTGTACC-1,BAL 07
c2_2_TGCGATATCTCTATGT-1,BAL 01
c2_2_TGCGGCAAGAGGTTTA-1,BAL 01
c2_2_TGCGGCAAGCATGTTC-1,BAL 02
c2_2_TGCGGCACAACATCGT-1,BAL 05
c2_2_TGCGGCACAACTAGAA-1,BAL 05
c2_2_TGCGGCACAAGGGTCA-1,BAL 03
c2_2_TGCGGCACAATCTGCA-1,BAL 04
c2_2_TGCGGCACACCCTTGT-1,BAL 05
c2_2_TGCGGCACACTGAGTT-1,BAL 05
c2_2_TGCGGCACATTGAAAG-1,BAL 07
c2_2_TGCGGCAGTAGGAAAG-1,BAL 07
c2_2_TGCGGCATCACTCTTA-1,BAL 08
c2_2_TGCGGCATCCAAACCA-1,BAL 03
c2_2_TGCGGCATCTCGTCGT-1,BAL 03
c2_2_TGCGGGTAGACATATG-1,Multiplet
c2_2_TGCGGGTAGAGACAAG-1,Multiplet
c2_2_TGCGGGTAGGCAATGC-1,BAL 05
c2_2_TGCGGGTAGGGACAGG-1,BAL 05
c2_2_TGCGGGTAGGTGCCAA-1,BAL 07
c2_2_TGCGGGTAGGTTGAGC-1,BAL 02
c2_2_TGCGGGTCAACGGGTA-1,BAL 02
c2_2_TGCGGGTCAGAATGTA-1,Multiplet
c2_2_TGCGGGTCAGTAGATA-1,BAL 08
c2_2_TGCGGGTGTTCGGTAT-1,Multiplet
c2_2_TGCGGGTGTTTCACTT-1,BAL 03
c2_2_TGCGGGTTCAAAGGAT-1,BAL 05
c2_2_TGCGGGTTCCACTGAA-1,BAL 06
c2_2_TGCGGGTTCGGATTAC-1,BAL 02
c2_2_TGCGGGTTCTTGGAAC-1,BAL 06
c2_2_TGCTCCAAGGACTGGT-1,BAL 04
c2_2_TGCTCCAAGTAACCTC-1,BAL 06
c2_2_TGCTCCAAGTGCTCGC-1,BAL 04
c2_2_TGCTCCACAAGCTCTA-1,Multiplet
c2_2_TGCTCCACAATGTCTG-1,Multiplet
c2_2_TGCTCCACACGCGTGT-1,BAL 01
c2_2_TGCTCCACAGCTGCCA-1,BAL 05
c2_2_TGCTCCACAGTGTGCC-1,Multiplet
c2_2_TGCTCCACATGTCAGT-1,BAL 03
c2_2_TGCTCCAGTCGTACAT-1,BAL 07
c2_2_TGCTCCAGTTCTCGCT-1,BAL 05
c2_2_TGCTCCAGTTGCAACT-1,BAL 06
c2_2_TGCTCCATCACTGAAC-1,BAL 04
c2_2_TGCTCCATCGCCACTT-1,BAL 07
c2_2_TGCTCCATCGTAGCTA-1,BAL 03
c2_2_TGCTCCATCTCGGCTT-1,BAL 04
c2_2_TGCTCGTAGAAGCGCT-1,BAL 07
c2_2_TGCTCGTAGGGCGAGA-1,BAL 08
c2_2_TGCTCGTAGTACCCTA-1,Multiplet
c2_2_TGCTCGTAGTTCACTG-1,BAL 08
c2_2_TGCTCGTGTATCGAAA-1,Multiplet
c2_2_TGCTCGTGTCGTTGCG-1,BAL 05
c2_2_TGCTCGTGTGTGATGG-1,BAL 08
c2_2_TGCTCGTGTTACGTAC-1,BAL 02
c2_2_TGCTCGTGTTTCCAAG-1,BAL 02
c2_2_TGCTCGTTCCACGTAA-1,Multiplet
c2_2_TGCTCGTTCGCCATAA-1,BAL 02
c2_2_TGCTCGTTCTTGGATG-1,Multiplet
c2_2_TGCTGAAAGAAATCCA-1,BAL 06
c2_2_TGCTGAAAGATGGCGT-1,BAL 05
c2_2_TGCTGAAAGCCATTTG-1,BAL 03
c2_2_TGCTGAAAGCGTGCCT-1,BAL 08
c2_2_TGCTGAACAACCGCTG-1,BAL 07
c2_2_TGCTGAACAAGGTCGA-1,BAL 03
c2_2_TGCTGAAGTGGACCTC-1,BAL 05
c2_2_TGCTGAAGTGTTTGCA-1,BAL 08
c2_2_TGCTGAAGTTCGGACC-1,BAL 05
c2_2_TGCTGAAGTTGGGTTT-1,BAL 07
c2_2_TGCTGAATCTCATTGT-1,BAL 08
c2_2_TGCTTCGAGAACGTGC-1,BAL 07
c2_2_TGCTTCGAGGTAGCCA-1,BAL 07
c2_2_TGCTTCGAGTTACGGG-1,BAL 03
c2_2_TGCTTCGCAAATCAAG-1,BAL 01
c2_2_TGCTTCGCAAGCGGAT-1,BAL 02
c2_2_TGCTTCGCAGTTAGGG-1,BAL 01
c2_2_TGCTTCGGTAGCGTTT-1,Multiplet
c2_2_TGCTTCGGTCGGAACA-1,BAL 01
c2_2_TGCTTCGGTCTTCGAA-1,BAL 05
c2_2_TGCTTCGGTTACACTG-1,Multiplet
c2_2_TGCTTCGGTTCAGGTT-1,BAL 04
c2_2_TGCTTCGTCGAACGGA-1,Multiplet
c2_2_TGCTTCGTCGGCCTTT-1,Multiplet
c2_2_TGCTTCGTCGTTGCCT-1,BAL 03
c2_2_TGCTTCGTCTTCGTGC-1,Multiplet
c2_2_TGCTTGCAGACTTCGT-1,BAL 03
c2_2_TGCTTGCAGAGCCTGA-1,Multiplet
c2_2_TGCTTGCAGCAAGTCG-1,BAL 04
c2_2_TGCTTGCAGTACTGTC-1,BAL 08
c2_2_TGCTTGCAGTCACGCC-1,BAL 07
c2_2_TGCTTGCAGTCTTCGA-1,BAL 04
c2_2_TGCTTGCCAGCCGTCA-1,BAL 03
c2_2_TGCTTGCCAGCTATAC-1,BAL 07
c2_2_TGCTTGCCAGCTATTG-1,BAL 02
c2_2_TGCTTGCCATACACCA-1,BAL 02
c2_2_TGCTTGCGTAGGAAAG-1,BAL 02
c2_2_TGCTTGCGTATCGAAA-1,BAL 04
c2_2_TGCTTGCGTATTCCGA-1,Multiplet
c2_2_TGCTTGCGTGAGTGAC-1,Multiplet
c2_2_TGCTTGCTCCATCACC-1,BAL 06
c2_2_TGCTTGCTCCCTTTGG-1,BAL 03
c2_2_TGCTTGCTCTGATGGT-1,BAL 03
c2_2_TGGAACTAGATACAGT-1,BAL 01
c2_2_TGGAACTAGCATCAAA-1,BAL 02
c2_2_TGGAACTAGCCGATTT-1,BAL 05
c2_2_TGGAACTAGCGTTCCG-1,BAL 02
c2_2_TGGAACTAGGAGTATT-1,BAL 01
c2_2_TGGAACTAGGCACCAA-1,Multiplet
c2_2_TGGAACTAGGTACAAT-1,BAL 04
c2_2_TGGAACTAGTCCGCGT-1,BAL 06
c2_2_TGGAACTAGTGGTTGG-1,BAL 04
c2_2_TGGAACTCAGTGACCC-1,BAL 03
c2_2_TGGAACTCATGCCATA-1,BAL 03
c2_2_TGGAACTCATGGGAAC-1,BAL 01
c2_2_TGGAACTGTTGGCCGT-1,BAL 05
c2_2_TGGAACTTCACTGGTA-1,Multiplet
c2_2_TGGAACTTCGCAATTG-1,Multiplet
c2_2_TGGAACTTCTGCCTCA-1,BAL 05
c2_2_TGGAGAGAGATCACCT-1,BAL 06
c2_2_TGGAGAGAGGCTTAAA-1,BAL 02
c2_2_TGGAGAGCAACCAACT-1,BAL 03
c2_2_TGGAGAGCACACACTA-1,BAL 01
c2_2_TGGAGAGCACCTCTAC-1,BAL 01
c2_2_TGGAGAGCACTTTATC-1,Multiplet
c2_2_TGGAGAGGTTATGACC-1,Multiplet
c2_2_TGGAGAGTCAACCGAT-1,BAL 08
c2_2_TGGAGAGTCTCATTTG-1,BAL 03
c2_2_TGGAGAGTCTCCTGTG-1,Multiplet
c2_2_TGGAGGAAGAACAAGG-1,BAL 08
c2_2_TGGAGGAAGGCTCTCG-1,Multiplet
c2_2_TGGAGGAAGGTAGGCT-1,BAL 02
c2_2_TGGAGGAAGTAAGGGA-1,BAL 04
c2_2_TGGAGGAAGTCTCGTA-1,Multiplet
c2_2_TGGAGGAAGTTACGAA-1,BAL 01
c2_2_TGGAGGACACAACATC-1,BAL 04
c2_2_TGGAGGACAGGTCCGT-1,BAL 03
c2_2_TGGAGGACAGTAACAA-1,BAL 08
c2_2_TGGAGGACATACCATG-1,BAL 04
c2_2_TGGAGGACATGATCTG-1,BAL 03
c2_2_TGGAGGAGTACAACGG-1,BAL 02
c2_2_TGGAGGAGTGAAGCGT-1,BAL 07
c2_2_TGGAGGATCGTCGGGT-1,Multiplet
c2_2_TGGATCAAGAGTTGCG-1,BAL 05
c2_2_TGGATCAAGCCTATCA-1,BAL 02
c2_2_TGGATCAAGCGTATGG-1,BAL 04
c2_2_TGGATCAAGCGTGCTC-1,BAL 03
c2_2_TGGATCAAGCGTGTTT-1,BAL 03
c2_2_TGGATCAAGTAGCCAG-1,Multiplet
c2_2_TGGATCACAACAGATA-1,BAL 06
c2_2_TGGATCAGTCGCACGT-1,BAL 08
c2_2_TGGATCAGTGCATGAG-1,Multiplet
c2_2_TGGATCAGTGCCTAAT-1,BAL 07
c2_2_TGGATCAGTTTGAAAG-1,BAL 05
c2_2_TGGATCATCACTTGGA-1,BAL 03
c2_2_TGGATCATCGTCAACA-1,BAL 02
c2_2_TGGATCATCTCAACGA-1,BAL 02
c2_2_TGGATGTAGAAGATCT-1,BAL 08
c2_2_TGGATGTAGCATCAGG-1,BAL 06
c2_2_TGGATGTAGGCAGCTA-1,BAL 05
c2_2_TGGATGTAGTATGGAT-1,Multiplet
c2_2_TGGATGTCAGCGGTCT-1,Multiplet
c2_2_TGGATGTCAGCGTACC-1,Negative
c2_2_TGGATGTCAGTCAACT-1,BAL 06
c2_2_TGGATGTGTAAGTAGT-1,BAL 07
c2_2_TGGATGTGTCCAGTTA-1,BAL 04
c2_2_TGGATGTGTTCCGCGA-1,Multiplet
c2_2_TGGATGTTCAGCCCAG-1,BAL 02
c2_2_TGGATGTTCAGGGTAG-1,BAL 08
c2_2_TGGATGTTCCAATCTT-1,BAL 07
c2_2_TGGATGTTCGTCAAAC-1,BAL 05
c2_2_TGGCGTGAGCAAGTCG-1,BAL 05
c2_2_TGGCGTGAGCCACTCG-1,BAL 06
c2_2_TGGCGTGAGCGTGTCC-1,Multiplet
c2_2_TGGCGTGAGGCCACCT-1,BAL 08
c2_2_TGGCGTGAGTACCATC-1,BAL 02
c2_2_TGGCGTGAGTCTACCA-1,Multiplet
c2_2_TGGCGTGCAACTCCAA-1,BAL 01
c2_2_TGGCGTGCAATGCTCA-1,Multiplet
c2_2_TGGCGTGCAGAGTCTT-1,BAL 03
c2_2_TGGCGTGCAGTCAGTT-1,Multiplet
c2_2_TGGCGTGCATACCATG-1,BAL 03
c2_2_TGGCGTGGTAGAATGT-1,Multiplet
c2_2_TGGCGTGGTCACTGAT-1,Negative
c2_2_TGGCGTGGTGGCACTC-1,BAL 01
c2_2_TGGCGTGTCCGTAGTA-1,BAL 03
c2_2_TGGGAAGAGAATCCCT-1,Multiplet
c2_2_TGGGAAGAGGGAGATA-1,BAL 07
c2_2_TGGGAAGAGGGTAATT-1,BAL 08
c2_2_TGGGAAGAGTCGAAAT-1,BAL 02
c2_2_TGGGAAGCAACACAAA-1,BAL 07
c2_2_TGGGAAGCACCCAATA-1,Multiplet
c2_2_TGGGAAGCACGCAAAG-1,BAL 05
c2_2_TGGGAAGCAGAAGCTG-1,Multiplet
c2_2_TGGGAAGCAGTGGTGA-1,Multiplet
c2_2_TGGGAAGCATCATTTC-1,BAL 04
c2_2_TGGGAAGGTCCACATA-1,BAL 04
c2_2_TGGGAAGGTTCTTGCC-1,BAL 07
c2_2_TGGGAAGTCACCTCTG-1,BAL 04
c2_2_TGGGAAGTCGTCAACA-1,Multiplet
c2_2_TGGGAAGTCTGAATCG-1,BAL 04
c2_2_TGGGAAGTCTGGCTGG-1,BAL 05
c2_2_TGGGAGAAGAGCATAT-1,Multiplet
c2_2_TGGGAGAAGTAATTGG-1,BAL 03
c2_2_TGGGAGAAGTCCCGGT-1,Multiplet
c2_2_TGGGAGACAACTACGT-1,BAL 04
c2_2_TGGGAGAGTACCTGTA-1,BAL 01
c2_2_TGGGAGAGTATGAAGT-1,BAL 04
c2_2_TGGGAGAGTATGGTTC-1,Multiplet
c2_2_TGGGAGAGTCAGATTC-1,BAL 02
c2_2_TGGGAGATCCCTCGAT-1,BAL 06
c2_2_TGGGAGATCCTATGGA-1,BAL 01
c2_2_TGGGAGATCCTCACGT-1,BAL 08
c2_2_TGGGAGATCTCGGGAC-1,BAL 08
c2_2_TGGGATTCAAGGTCTT-1,BAL 06
c2_2_TGGGATTCAGCTCCTT-1,BAL 01
c2_2_TGGGATTCATACATCG-1,BAL 02
c2_2_TGGGATTGTGCGGTAA-1,BAL 02
c2_2_TGGGATTTCCCTCTTT-1,BAL 08
c2_2_TGGGATTTCGCTACAA-1,BAL 02
c2_2_TGGGCGTAGATGAACT-1,BAL 07
c2_2_TGGGCGTAGCCAAGTG-1,BAL 03
c2_2_TGGGCGTAGTATGAGT-1,BAL 02
c2_2_TGGGCGTCAAAGAGTT-1,BAL 04
c2_2_TGGGCGTCAAATTGGA-1,BAL 06
c2_2_TGGGCGTCAACCCTAA-1,BAL 05
c2_2_TGGGCGTCAGTGTGCC-1,BAL 06
c2_2_TGGGCGTCATGACTAC-1,Multiplet
c2_2_TGGGCGTGTACTCGAT-1,BAL 07
c2_2_TGGGCGTGTCGGCACT-1,BAL 03
c2_2_TGGGCGTGTCGTCTCT-1,BAL 06
c2_2_TGGGCGTGTGACTCGC-1,BAL 04
c2_2_TGGGCGTGTGATTCTG-1,BAL 03
c2_2_TGGGCGTGTGCATTAC-1,BAL 01
c2_2_TGGGCGTGTGCTTCAA-1,Multiplet
c2_2_TGGGCTGAGACTTCAC-1,BAL 04
c2_2_TGGGCTGAGCCATTCA-1,BAL 02
c2_2_TGGGCTGAGCTTCGTA-1,BAL 06
c2_2_TGGGCTGAGTTCTACG-1,Multiplet
c2_2_TGGGCTGCAGACTGCC-1,BAL 02
c2_2_TGGGCTGTCAAAGGTA-1,BAL 07
c2_2_TGGGCTGTCCCATACC-1,Multiplet
c2_2_TGGGCTGTCCGAGATT-1,BAL 04
c2_2_TGGGCTGTCGAACACT-1,Multiplet
c2_2_TGGGCTGTCGCGCTGA-1,BAL 03
c2_2_TGGGTTACAAATCGGG-1,BAL 04
c2_2_TGGGTTACATAGGAGC-1,BAL 07
c2_2_TGGGTTAGTCACTCTC-1,BAL 07
c2_2_TGGGTTAGTCTACGAT-1,Multiplet
c2_2_TGGGTTAGTGCCCAGT-1,Multiplet
c2_2_TGGGTTAGTGGTTTGT-1,BAL 06
c2_2_TGGGTTAGTGTTCCAA-1,BAL 03
c2_2_TGGGTTAGTTGTACGT-1,BAL 03
c2_2_TGGGTTAGTTTGTTCT-1,BAL 08
c2_2_TGGGTTATCCAAAGGG-1,BAL 01
c2_2_TGGGTTATCCTGTTGC-1,BAL 01
c2_2_TGGGTTATCGGCTCTT-1,BAL 08
c2_2_TGGTACAAGACTGAGC-1,Multiplet
c2_2_TGGTACAAGCTGTGCC-1,BAL 07
c2_2_TGGTACACAACTCCCT-1,BAL 07
c2_2_TGGTACACACCCTCTA-1,BAL 06
c2_2_TGGTACACAGTGGTGA-1,BAL 02
c2_2_TGGTACAGTACCTAGT-1,BAL 06
c2_2_TGGTACAGTCGAACAG-1,BAL 05
c2_2_TGGTACAGTGTTCAGT-1,BAL 01
c2_2_TGGTACAGTTAGCTAC-1,Multiplet
c2_2_TGGTACATCCTAGAGT-1,BAL 07
c2_2_TGGTACATCGCCAGTG-1,BAL 03
c2_2_TGGTACATCGCCTTTG-1,BAL 05
c2_2_TGGTACATCTTCCAGC-1,BAL 05
c2_2_TGGTAGTAGCTACTGT-1,BAL 07
c2_2_TGGTAGTAGGGCAATC-1,BAL 02
c2_2_TGGTAGTCAACAGCCC-1,BAL 02
c2_2_TGGTAGTCAACCGATT-1,BAL 03
c2_2_TGGTAGTCAACTTGGT-1,BAL 01
c2_2_TGGTAGTCACAAGCAG-1,BAL 03
c2_2_TGGTAGTCATGACTGT-1,BAL 04
c2_2_TGGTAGTGTATGGTAA-1,BAL 08
c2_2_TGGTAGTGTCAGTTTG-1,Multiplet
c2_2_TGGTAGTGTCGCCACA-1,BAL 04
c2_2_TGGTAGTGTTCACGAT-1,BAL 03
c2_2_TGGTAGTTCAACCCGG-1,BAL 08
c2_2_TGGTAGTTCACCGCTT-1,BAL 05
c2_2_TGGTAGTTCCACATAG-1,BAL 05
c2_2_TGGTGATAGAGTCAGC-1,Multiplet
c2_2_TGGTGATAGCACCTGC-1,BAL 01
c2_2_TGGTGATCATCCGTTC-1,Multiplet
c2_2_TGGTGATGTGTGGTCC-1,BAL 01
c2_2_TGGTGATGTTAGGCTT-1,BAL 02
c2_2_TGGTGATTCAAGGAGC-1,BAL 02
c2_2_TGGTGATTCGGCTGGT-1,BAL 02
c2_2_TGGTGATTCGTTCTAT-1,Multiplet
c2_2_TGGTGATTCTAGCAAC-1,BAL 06
c2_2_TGGTTAGAGAGGGTCT-1,BAL 02
c2_2_TGGTTAGAGGGTGAAA-1,BAL 08
c2_2_TGGTTAGAGGTGCCAA-1,BAL 04
c2_2_TGGTTAGCAACACACT-1,BAL 03
c2_2_TGGTTAGGTCGACTTA-1,BAL 02
c2_2_TGGTTAGGTGTTATCG-1,Multiplet
c2_2_TGGTTAGTCCTACTGC-1,BAL 03
c2_2_TGGTTAGTCTCGGTAA-1,BAL 05
c2_2_TGGTTAGTCTCTGGTC-1,BAL 05
c2_2_TGGTTAGTCTGCAGCG-1,BAL 04
c2_2_TGTAACGAGAGTCAGC-1,BAL 04
c2_2_TGTAACGAGCCACTCG-1,BAL 07
c2_2_TGTAACGAGGAATCGC-1,BAL 01
c2_2_TGTAACGCACAGCCTG-1,BAL 02
c2_2_TGTAACGCACAGTCGC-1,BAL 05
c2_2_TGTAACGCAGCGTGAA-1,BAL 02
c2_2_TGTAACGCATACAGAA-1,BAL 02
c2_2_TGTAACGCATCCGTTC-1,BAL 01
c2_2_TGTAACGGTACCTAAC-1,BAL 01
c2_2_TGTAACGGTCATCGCG-1,BAL 04
c2_2_TGTAACGGTGAATGTA-1,BAL 02
c2_2_TGTAACGGTTCAAGGG-1,BAL 06
c2_2_TGTAACGGTTTCAGAC-1,BAL 05
c2_2_TGTAACGTCATATGGC-1,BAL 08
c2_2_TGTAACGTCCAGCCTT-1,BAL 05
c2_2_TGTAACGTCCAGTACA-1,BAL 07
c2_2_TGTAAGCAGCCTTTGA-1,BAL 06
c2_2_TGTAAGCCACCGTGAC-1,BAL 03
c2_2_TGTAAGCCACTGCTTC-1,Multiplet
c2_2_TGTAAGCCAGACGATG-1,BAL 01
c2_2_TGTAAGCGTACGGCAA-1,BAL 06
c2_2_TGTAAGCGTCACAGAG-1,BAL 06
c2_2_TGTAAGCGTGGTTTAC-1,BAL 05
c2_2_TGTAAGCGTGTGTTTG-1,BAL 07
c2_2_TGTAAGCGTTAGTCGT-1,BAL 07
c2_2_TGTAAGCTCATACAGC-1,Multiplet
c2_2_TGTAAGCTCTGAATGC-1,BAL 05
c2_2_TGTAAGCTCTTGTTAC-1,BAL 03
c2_2_TGTACAGAGTATAGAC-1,BAL 05
c2_2_TGTACAGAGTCAGGGT-1,BAL 05
c2_2_TGTACAGAGTGTAGAT-1,BAL 05
c2_2_TGTACAGAGTTTCTTC-1,Multiplet
c2_2_TGTACAGGTTCTCCAC-1,BAL 08
c2_2_TGTACAGTCCACTTCG-1,BAL 03
c2_2_TGTACAGTCTCCTGAC-1,Multiplet
c2_2_TGTACAGTCTCGCCTA-1,BAL 06
c2_2_TGTACAGTCTTGAGCA-1,BAL 03
c2_2_TGTAGACAGAGCAAGA-1,BAL 03
c2_2_TGTAGACAGAGTCGAC-1,BAL 02
c2_2_TGTAGACAGCTGACTT-1,Multiplet
c2_2_TGTAGACCAACCGCTG-1,BAL 01
c2_2_TGTAGACCAAGTGGTG-1,BAL 08
c2_2_TGTAGACCAATGTCTG-1,BAL 05
c2_2_TGTAGACCAGAGTAAT-1,BAL 07
c2_2_TGTAGACCATCTCAAG-1,Multiplet
c2_2_TGTAGACGTAAGGCCA-1,BAL 01
c2_2_TGTAGACGTGGTCCCA-1,BAL 06
c2_2_TGTAGACGTTACCGTA-1,BAL 03
c2_2_TGTAGACGTTCAACGT-1,BAL 07
c2_2_TGTAGACTCACAGAGG-1,Multiplet
c2_2_TGTAGACTCAGTGGGA-1,BAL 03
c2_2_TGTAGACTCATCCTAT-1,BAL 02
c2_2_TGTAGACTCCGCTGTT-1,BAL 01
c2_2_TGTAGACTCGGTCACG-1,BAL 08
c2_2_TGTAGACTCTAACACG-1,BAL 05
c2_2_TGTAGACTCTCAACGA-1,BAL 05
c2_2_TGTAGACTCTTGCGCT-1,BAL 04
c2_2_TGTCAGAAGGCATGCA-1,Multiplet
c2_2_TGTCAGAAGGGAGATA-1,BAL 04
c2_2_TGTCAGAAGTCACTGT-1,BAL 01
c2_2_TGTCAGACAAGCTGCC-1,Multiplet
c2_2_TGTCAGACAATCGAAA-1,BAL 05
c2_2_TGTCAGACATGACGAG-1,BAL 08
c2_2_TGTCAGAGTTGTTTGG-1,BAL 01
c2_2_TGTCAGATCCATTTCA-1,BAL 06
c2_2_TGTCAGATCTCGGTCT-1,BAL 01
c2_2_TGTCCACAGAAACACT-1,BAL 06
c2_2_TGTCCACAGATCACTC-1,Multiplet
c2_2_TGTCCACAGCAACAGC-1,BAL 05
c2_2_TGTCCACAGCATCCCG-1,BAL 02
c2_2_TGTCCACAGGCAGGGA-1,BAL 05
c2_2_TGTCCACAGGGAGTTC-1,BAL 04
c2_2_TGTCCACAGGTCGTGA-1,Multiplet
c2_2_TGTCCACAGTAAACGT-1,BAL 07
c2_2_TGTCCACCAAGGGCAT-1,BAL 01
c2_2_TGTCCACCAATGCTCA-1,BAL 03
c2_2_TGTCCACCACAATGTC-1,BAL 08
c2_2_TGTCCACCACCCGTAG-1,BAL 07
c2_2_TGTCCACCACCGTGAC-1,BAL 05
c2_2_TGTCCACCACGACGCT-1,BAL 08
c2_2_TGTCCACCAGCGTTTA-1,BAL 03
c2_2_TGTCCACCATCGATGT-1,BAL 02
c2_2_TGTCCACGTCAAACGG-1,BAL 03
c2_2_TGTCCACGTGACCGAA-1,BAL 08
c2_2_TGTCCACGTGCGTTTA-1,BAL 02
c2_2_TGTCCACGTGTGACCC-1,BAL 05
c2_2_TGTCCACGTTGGCTAT-1,BAL 03
c2_2_TGTCCACTCATCACCC-1,BAL 07
c2_2_TGTCCACTCGATACAC-1,Multiplet
c2_2_TGTCCACTCTAACACG-1,BAL 03
c2_2_TGTCCACTCTAGATCG-1,BAL 04
c2_2_TGTCCACTCTTCACAT-1,BAL 01
c2_2_TGTCCCAAGCCAGTAG-1,BAL 01
c2_2_TGTCCCAAGGATACGC-1,BAL 05
c2_2_TGTCCCAAGGATTTCC-1,BAL 02
c2_2_TGTCCCAAGGTCGACA-1,BAL 06
c2_2_TGTCCCAAGTAACAGT-1,Multiplet
c2_2_TGTCCCACACCTGTCT-1,BAL 08
c2_2_TGTCCCAGTGACTGTT-1,BAL 07
c2_2_TGTCCCAGTGCGTTTA-1,Multiplet
c2_2_TGTCCCAGTGTCACAT-1,BAL 02
c2_2_TGTCCCAGTTGATCGT-1,BAL 08
c2_2_TGTCCCAGTTGCCGAC-1,BAL 02
c2_2_TGTCCCAGTTTATGCG-1,BAL 03
c2_2_TGTCCCATCAACGTGT-1,BAL 06
c2_2_TGTCCCATCAATCGGT-1,BAL 03
c2_2_TGTCCCATCCAACTGA-1,Multiplet
c2_2_TGTCCCATCCAGTTCC-1,BAL 06
c2_2_TGTCCCATCCCGAACG-1,BAL 06
c2_2_TGTCCTGAGACCTTTG-1,BAL 05
c2_2_TGTCCTGAGCGTGAAC-1,Multiplet
c2_2_TGTCCTGAGGGAGGCA-1,BAL 08
c2_2_TGTCCTGAGTCGCCAC-1,BAL 03
c2_2_TGTCCTGCAACAAGAT-1,BAL 02
c2_2_TGTCCTGCATCGCTGG-1,BAL 01
c2_2_TGTCCTGGTAGGGAGG-1,BAL 06
c2_2_TGTCCTGGTGGCTTGC-1,BAL 05
c2_2_TGTCCTGTCATGGATC-1,BAL 05
c2_2_TGTCCTGTCTTGGCTC-1,BAL 04
c2_2_TGTGAGTAGAGATCGC-1,BAL 06
c2_2_TGTGAGTAGGGCATGT-1,BAL 02
c2_2_TGTGAGTAGTGCAGCA-1,BAL 03
c2_2_TGTGAGTCAATCTCTT-1,Negative
c2_2_TGTGAGTCACGTTGGC-1,BAL 08
c2_2_TGTGAGTCACTTGAAC-1,Multiplet
c2_2_TGTGAGTCATCTGGGC-1,BAL 06
c2_2_TGTGAGTGTCACATTG-1,BAL 01
c2_2_TGTGAGTGTCCACATA-1,BAL 05
c2_2_TGTGAGTGTCCTGTTC-1,BAL 08
c2_2_TGTGAGTGTCGATTCA-1,BAL 07
c2_2_TGTGAGTTCGGAGTAG-1,BAL 03
c2_2_TGTGAGTTCTTCTTCC-1,Negative
c2_2_TGTGATGAGGACGCAT-1,BAL 05
c2_2_TGTGATGAGTTTGCTG-1,BAL 03
c2_2_TGTGATGCAAAGACGC-1,BAL 06
c2_2_TGTGATGCACCAGCTG-1,Multiplet
c2_2_TGTGATGCACCGAATT-1,Multiplet
c2_2_TGTGATGCACTACCGG-1,BAL 06
c2_2_TGTGATGGTAACGTTC-1,BAL 02
c2_2_TGTGATGGTGTTTCTT-1,BAL 07
c2_2_TGTGATGTCGCGTTTC-1,Multiplet
c2_2_TGTGATGTCGGAACTT-1,BAL 01
c2_2_TGTGATGTCGGACCAC-1,BAL 02
c2_2_TGTGATGTCGTCGATA-1,BAL 04
c2_2_TGTGATGTCTGTCGTC-1,BAL 03
c2_2_TGTGCGGAGAAACTAC-1,BAL 03
c2_2_TGTGCGGAGATGCGAC-1,BAL 05
c2_2_TGTGCGGAGCCAAGCA-1,BAL 05
c2_2_TGTGCGGAGCTCCATA-1,BAL 03
c2_2_TGTGCGGAGGACTAAT-1,BAL 03
c2_2_TGTGCGGAGTGATGGC-1,BAL 02
c2_2_TGTGCGGCACACCTAA-1,BAL 07
c2_2_TGTGCGGGTCTAGGCC-1,Multiplet
c2_2_TGTGCGGGTGACTATC-1,BAL 08
c2_2_TGTGCGGGTGTCCGTG-1,Multiplet
c2_2_TGTGCGGGTTGACGGA-1,BAL 08
c2_2_TGTGCGGTCAAGAATG-1,BAL 03
c2_2_TGTGCGGTCTTGTTAC-1,BAL 06
c2_2_TGTGGCGAGAGGTATT-1,BAL 08
c2_2_TGTGGCGAGCAAGTCG-1,BAL 05
c2_2_TGTGGCGCACGCTATA-1,BAL 02
c2_2_TGTGGCGCAGAACCGA-1,BAL 02
c2_2_TGTGGCGCAGACCGCT-1,Multiplet
c2_2_TGTGGCGCAGCCGTCA-1,BAL 03
c2_2_TGTGGCGCATCCCGTT-1,BAL 04
c2_2_TGTGGCGCATGGGCAA-1,BAL 01
c2_2_TGTGGCGGTACGGTTT-1,BAL 07
c2_2_TGTGGCGGTTATAGAG-1,BAL 04
c2_2_TGTGGCGTCATTGGTG-1,Negative
c2_2_TGTGGCGTCGATACTG-1,BAL 04
c2_2_TGTGGCGTCGCAATTG-1,BAL 06
c2_2_TGTGGCGTCTCCATAT-1,Multiplet
c2_2_TGTGTGAAGACTCCGC-1,BAL 03
c2_2_TGTGTGAAGAGCATCG-1,BAL 02
c2_2_TGTGTGACAAGACTGG-1,BAL 06
c2_2_TGTGTGAGTAGATCGG-1,BAL 03
c2_2_TGTGTGAGTCAGGTGA-1,BAL 02
c2_2_TGTGTGAGTCTTCCGT-1,BAL 05
c2_2_TGTGTGATCGACCCAG-1,BAL 04
c2_2_TGTGTGATCTCATTTG-1,BAL 05
c2_2_TGTGTGATCTCCGCAT-1,BAL 04
c2_2_TGTTACTAGAGTGACC-1,BAL 02
c2_2_TGTTACTAGAGTTGCG-1,Multiplet
c2_2_TGTTACTAGATAGTGT-1,Multiplet
c2_2_TGTTACTAGCCTTTGA-1,BAL 08
c2_2_TGTTACTAGGAAAGTG-1,Multiplet
c2_2_TGTTACTCATGAATAG-1,BAL 04
c2_2_TGTTACTGTCTGCCTT-1,BAL 02
c2_2_TGTTACTGTCTGTGTA-1,BAL 06
c2_2_TGTTACTGTGGATGAC-1,BAL 08
c2_2_TGTTACTGTGTCGCTG-1,BAL 08
c2_2_TGTTACTGTGTCTAAC-1,BAL 04
c2_2_TGTTACTTCGTAACAC-1,BAL 07
c2_2_TGTTCATAGAGACAAG-1,BAL 07
c2_2_TGTTCATAGCATTTCG-1,Multiplet
c2_2_TGTTCATCACGGTAGA-1,Multiplet
c2_2_TGTTCATCAGCGGTTC-1,BAL 02
c2_2_TGTTCATGTAACATGA-1,BAL 08
c2_2_TGTTCATGTAAGGCCA-1,BAL 03
c2_2_TGTTCATGTACCGCGT-1,BAL 07
c2_2_TGTTCATGTAGTATAG-1,BAL 06
c2_2_TGTTCATGTATACCCA-1,BAL 03
c2_2_TGTTCATTCCCACAGG-1,BAL 06
c2_2_TGTTCATTCCGATTAG-1,BAL 06
c2_2_TGTTCATTCTGACCCT-1,BAL 07
c2_2_TGTTCCGCAGGATTCT-1,BAL 07
c2_2_TGTTCCGCATAATGAG-1,Multiplet
c2_2_TGTTCCGCATCGATGT-1,BAL 05
c2_2_TGTTCCGGTACTCGAT-1,BAL 07
c2_2_TGTTCCGGTCCTGGGT-1,BAL 06
c2_2_TGTTCCGGTCGACTTA-1,BAL 02
c2_2_TGTTCCGGTCGTGGTC-1,BAL 01
c2_2_TGTTCCGGTCTCACGG-1,BAL 03
c2_2_TGTTCCGGTGGGTCAA-1,Multiplet
c2_2_TGTTCCGGTTATCCAG-1,BAL 05
c2_2_TGTTCCGTCCCACAGG-1,BAL 08
c2_2_TGTTCCGTCTCTGACC-1,BAL 08
c2_2_TGTTCTAAGACTCAAA-1,BAL 06
c2_2_TGTTCTAAGCACTCGC-1,BAL 06
c2_2_TGTTCTAAGGGAGAAT-1,BAL 02
c2_2_TGTTCTAAGTAGTCTC-1,BAL 05
c2_2_TGTTCTACAAGACCGA-1,Multiplet
c2_2_TGTTCTACACGCGCAT-1,BAL 05
c2_2_TGTTCTACACGGCACT-1,BAL 05
c2_2_TGTTCTACAGCGATTT-1,BAL 08
c2_2_TGTTCTAGTAGGGTAC-1,BAL 08
c2_2_TGTTCTAGTCGACTTA-1,BAL 02
c2_2_TGTTCTAGTCGGTACC-1,Multiplet
c2_2_TGTTCTAGTCGTGTTA-1,BAL 03
c2_2_TGTTCTAGTTCGCGTG-1,Multiplet
c2_2_TGTTCTATCTTAGTTC-1,Multiplet
c2_2_TGTTGAGAGAGATCGC-1,Multiplet
c2_2_TGTTGAGAGAGTGAAG-1,BAL 07
c2_2_TGTTGAGAGCGTTACT-1,BAL 01
c2_2_TGTTGAGAGTATTGCC-1,BAL 08
c2_2_TGTTGAGCAAGAGTGC-1,BAL 05
c2_2_TGTTGAGCACGTCATA-1,BAL 06
c2_2_TGTTGAGCAGCGTACC-1,BAL 03
c2_2_TGTTGAGCATGGCTAT-1,Multiplet
c2_2_TGTTGAGGTAGAATAC-1,Multiplet
c2_2_TGTTGAGGTCACTCTC-1,Multiplet
c2_2_TGTTGAGGTCCGGTCA-1,BAL 08
c2_2_TGTTGAGGTGAGATCG-1,BAL 06
c2_2_TGTTGAGGTGAGTAAT-1,BAL 04
c2_2_TGTTGAGTCCTAGCGG-1,Multiplet
c2_2_TGTTGAGTCTCCTGCA-1,BAL 03
c2_2_TGTTGAGTCTGGTGCG-1,BAL 02
c2_2_TGTTGGACAAAGACTA-1,BAL 02
c2_2_TGTTGGACAAGGTCGA-1,BAL 03
c2_2_TGTTGGACACAACGAG-1,BAL 05
c2_2_TGTTGGACACGCTTAA-1,BAL 05
c2_2_TGTTGGACAGACGCTC-1,BAL 05
c2_2_TGTTGGACAGTTAGAA-1,Multiplet
c2_2_TGTTGGAGTGGTGATG-1,BAL 03
c2_2_TGTTGGATCATGACAC-1,BAL 02
c2_2_TGTTGGATCCGGTTCT-1,Multiplet
c2_2_TGTTGGATCTGAACGT-1,BAL 03
c2_2_TGTTGGATCTGCGGGT-1,BAL 05
c2_2_TGTTGGATCTTCGCTG-1,BAL 08
c2_2_TGTTTGTAGACCGCCT-1,Multiplet
c2_2_TGTTTGTAGCGCTTCG-1,BAL 04
c2_2_TGTTTGTAGGGACTGT-1,Multiplet
c2_2_TGTTTGTAGGTCACTT-1,BAL 01
c2_2_TGTTTGTAGGTGCTAG-1,BAL 08
c2_2_TGTTTGTAGTATTAGG-1,Multiplet
c2_2_TGTTTGTAGTGCTCAT-1,BAL 06
c2_2_TGTTTGTCAAGTGTCT-1,BAL 06
c2_2_TGTTTGTCACGCTGTG-1,BAL 05
c2_2_TGTTTGTCATAGATGA-1,BAL 03
c2_2_TGTTTGTCATGGGAAC-1,BAL 05
c2_2_TGTTTGTGTGATCGTT-1,Multiplet
c2_2_TGTTTGTGTGGCGCTT-1,BAL 05
c2_2_TTAATCCAGGGTTTCT-1,BAL 01
c2_2_TTAATCCCACACGGTC-1,BAL 04
c2_2_TTAATCCCAGTGGGTA-1,BAL 02
c2_2_TTAATCCGTCAACATC-1,BAL 03
c2_2_TTAATCCGTGAGGCAT-1,BAL 03
c2_2_TTAATCCGTGCAGGAT-1,Multiplet
c2_2_TTAATCCGTGGTCTCG-1,BAL 03
c2_2_TTAATCCGTGTGCCTG-1,BAL 02
c2_2_TTAATCCTCGTTCAGA-1,BAL 04
c2_2_TTACAGGAGAGCTGAC-1,BAL 06
c2_2_TTACAGGAGCAGATAT-1,BAL 03
c2_2_TTACAGGAGCAGCCCT-1,BAL 08
c2_2_TTACAGGAGGATCACG-1,BAL 04
c2_2_TTACAGGAGTCTCGTA-1,BAL 08
c2_2_TTACAGGCAAAGACTA-1,BAL 03
c2_2_TTACAGGCACTCTAGA-1,BAL 07
c2_2_TTACAGGCATGAGAAT-1,BAL 08
c2_2_TTACAGGGTATCGCGC-1,BAL 06
c2_2_TTACAGGGTCGGATTT-1,BAL 08
c2_2_TTACAGGGTGTATTGC-1,Multiplet
c2_2_TTACAGGGTTGCTAGT-1,BAL 01
c2_2_TTACAGGGTTGGGTAG-1,BAL 04
c2_2_TTACAGGTCAATCGGT-1,Multiplet
c2_2_TTACAGGTCTCATGCC-1,BAL 01
c2_2_TTACAGGTCTGCCTCA-1,Multiplet
c2_2_TTACCATAGACGCATG-1,BAL 05
c2_2_TTACCATAGCAAATCA-1,BAL 05
c2_2_TTACCATAGGACAGCT-1,BAL 03
c2_2_TTACCATAGGATGGCT-1,Multiplet
c2_2_TTACCATAGTTAGAAC-1,BAL 06
c2_2_TTACCATCAAAGCTCT-1,Multiplet
c2_2_TTACCATCACATGTTG-1,BAL 05
c2_2_TTACCATCATCAGCGC-1,BAL 05
c2_2_TTACCATCATGACTGT-1,BAL 02
c2_2_TTACCATGTCACCCTT-1,Multiplet
c2_2_TTACCATTCCTTGGAA-1,BAL 04
c2_2_TTACCATTCTACACAG-1,Multiplet
c2_2_TTACCATTCTATCGGA-1,BAL 01
c2_2_TTACCGCAGGACTGGT-1,Multiplet
c2_2_TTACCGCAGGATTTCC-1,Multiplet
c2_2_TTACCGCAGTATGCAA-1,BAL 07
c2_2_TTACCGCAGTGGTTGG-1,BAL 06
c2_2_TTACCGCAGTTCATCG-1,BAL 04
c2_2_TTACCGCCAAGGGTCA-1,BAL 05
c2_2_TTACCGCCACTACCCT-1,BAL 04
c2_2_TTACCGCCAGTGTACT-1,BAL 02
c2_2_TTACCGCCATCGATAC-1,BAL 08
c2_2_TTACCGCGTGGTCTTA-1,Multiplet
c2_2_TTACCGCGTGTACAGG-1,BAL 01
c2_2_TTACGCCAGAAGCTGC-1,BAL 04
c2_2_TTACGCCAGCACTCCG-1,BAL 05
c2_2_TTACGCCAGGAAGTAG-1,BAL 03
c2_2_TTACGCCAGGTGCATG-1,Multiplet
c2_2_TTACGCCAGTATCCTG-1,BAL 01
c2_2_TTACGCCAGTTGAATG-1,BAL 08
c2_2_TTACGCCCAGAGGACT-1,BAL 01
c2_2_TTACGCCGTAGACGGT-1,BAL 06
c2_2_TTACGCCGTGATACTC-1,BAL 01
c2_2_TTACGCCTCATAGAGA-1,BAL 04
c2_2_TTACGCCTCCCAGGAC-1,BAL 04
c2_2_TTACGCCTCCGTGGGT-1,Multiplet
c2_2_TTACGTTAGAGTTCGG-1,BAL 03
c2_2_TTACGTTAGGAGGGTG-1,BAL 06
c2_2_TTACGTTAGTCATACC-1,BAL 04
c2_2_TTACGTTCAAGCGATG-1,Negative
c2_2_TTACGTTCAGAGGCAT-1,BAL 04
c2_2_TTACGTTGTGGCGCTT-1,BAL 06
c2_2_TTACGTTGTTAGGCCC-1,BAL 03
c2_2_TTACGTTTCAGGGATG-1,BAL 08
c2_2_TTACGTTTCTGTGTGA-1,BAL 03
c2_2_TTACTGTAGCCTCTTC-1,Multiplet
c2_2_TTACTGTAGCGGGTTA-1,BAL 07
c2_2_TTACTGTCAAAGAACT-1,BAL 01
c2_2_TTACTGTCAATTCGTG-1,BAL 06
c2_2_TTACTGTCAGACGGAT-1,Multiplet
c2_2_TTACTGTCATGTTTGG-1,BAL 03
c2_2_TTACTGTGTAGCTCGC-1,BAL 05
c2_2_TTACTGTGTATCGTAC-1,BAL 05
c2_2_TTACTGTGTCATGCAT-1,Multiplet
c2_2_TTACTGTGTGGACTGA-1,BAL 08
c2_2_TTACTGTGTTGGGCCT-1,Multiplet
c2_2_TTACTGTTCAAGCTTG-1,Multiplet
c2_2_TTAGGCAAGAAGTGTT-1,Multiplet
c2_2_TTAGGCAAGAGGCGTT-1,BAL 06
c2_2_TTAGGCAAGCTGTTCA-1,BAL 03
c2_2_TTAGGCAAGGTTCAGG-1,BAL 06
c2_2_TTAGGCAAGTGAATAC-1,BAL 03
c2_2_TTAGGCAAGTGGACGT-1,BAL 05
c2_2_TTAGGCACACATAGCT-1,BAL 05
c2_2_TTAGGCACAGAGACTG-1,BAL 03
c2_2_TTAGGCACAGAGATGC-1,BAL 02
c2_2_TTAGGCACATCATTGG-1,Multiplet
c2_2_TTAGGCACATTCATCT-1,BAL 04
c2_2_TTAGGCAGTCAGTCCG-1,BAL 08
c2_2_TTAGGCAGTGGTCTGC-1,BAL 02
c2_2_TTAGGCATCGGACAAG-1,BAL 06
c2_2_TTAGGCATCTGCGAGC-1,BAL 08
c2_2_TTAGGCATCTGGTGCG-1,Multiplet
c2_2_TTAGGGTAGAGAGCCT-1,Multiplet
c2_2_TTAGGGTAGAGGTGCT-1,BAL 03
c2_2_TTAGGGTAGCCGTCGT-1,BAL 01
c2_2_TTAGGGTAGGTATAGT-1,BAL 07
c2_2_TTAGGGTAGGTCATAA-1,BAL 04
c2_2_TTAGGGTAGTAGAATC-1,BAL 08
c2_2_TTAGGGTAGTCCCGAC-1,BAL 07
c2_2_TTAGGGTAGTGCTACT-1,BAL 08
c2_2_TTAGGGTAGTGGTGGT-1,BAL 02
c2_2_TTAGGGTCAGGTAGTG-1,Multiplet
c2_2_TTAGGGTCAGTTTGGT-1,Multiplet
c2_2_TTAGGGTCATCGGATT-1,BAL 01
c2_2_TTAGGGTGTCACTGAT-1,Multiplet
c2_2_TTAGGGTGTCTACGAT-1,BAL 03
c2_2_TTAGGGTGTTCGGACC-1,BAL 02
c2_2_TTAGGGTGTTCGGCTG-1,BAL 08
c2_2_TTAGGGTGTTGTGCCG-1,Multiplet
c2_2_TTAGGGTTCAGGACGA-1,BAL 02
c2_2_TTAGGGTTCAGGTAAA-1,Multiplet
c2_2_TTAGGGTTCGACCAAT-1,Multiplet
c2_2_TTAGGGTTCTAACGGT-1,BAL 02
c2_2_TTAGGGTTCTATTCGT-1,BAL 02
c2_2_TTAGGGTTCTGGGTCG-1,BAL 03
c2_2_TTAGTCTAGCACTCGC-1,Multiplet
c2_2_TTAGTCTAGTCCCGAC-1,BAL 05
c2_2_TTAGTCTAGTTTCTTC-1,Multiplet
c2_2_TTAGTCTCAGATTCGT-1,BAL 05
c2_2_TTAGTCTGTAGTGCGA-1,BAL 08
c2_2_TTAGTCTGTCCACTCT-1,BAL 01
c2_2_TTAGTCTGTCTGTCCT-1,BAL 03
c2_2_TTAGTCTGTGGGACAT-1,BAL 03
c2_2_TTAGTCTTCAAGCCGC-1,BAL 05
c2_2_TTAGTCTTCATACGGT-1,BAL 04
c2_2_TTAGTCTTCGATACAC-1,BAL 02
c2_2_TTAGTCTTCGGACCAC-1,BAL 01
c2_2_TTAGTCTTCTACGCAA-1,BAL 04
c2_2_TTATTGCAGGACAGCT-1,BAL 07
c2_2_TTATTGCAGTAAGAGG-1,BAL 07
c2_2_TTATTGCAGTAGTCCT-1,BAL 02
c2_2_TTATTGCCAAGTGTCT-1,BAL 02
c2_2_TTATTGCCAATCCTTT-1,BAL 07
c2_2_TTATTGCCACCTGCGA-1,BAL 07
c2_2_TTATTGCCAGGGAATC-1,BAL 03
c2_2_TTATTGCCAGGTGACA-1,BAL 03
c2_2_TTATTGCCATATCTGG-1,BAL 04
c2_2_TTATTGCGTACTAGCT-1,BAL 04
c2_2_TTATTGCGTATGGAAT-1,BAL 06
c2_2_TTATTGCGTCGTTTCC-1,BAL 06
c2_2_TTATTGCTCCATACTT-1,BAL 03
c2_2_TTATTGCTCTGGGTCG-1,BAL 07
c2_2_TTCAATCCAAAGAACT-1,BAL 05
c2_2_TTCAATCCAGTTGTCA-1,BAL 06
c2_2_TTCAATCGTACGGATG-1,BAL 08
c2_2_TTCAATCGTAGCTGAG-1,BAL 08
c2_2_TTCAATCGTGACTCGC-1,BAL 05
c2_2_TTCAATCGTGCCTATA-1,BAL 08
c2_2_TTCAATCGTTGCATGT-1,BAL 08
c2_2_TTCAATCTCGCTACGG-1,Multiplet
c2_2_TTCAATCTCGTTATCT-1,BAL 08
c2_2_TTCAATCTCTCACTCG-1,BAL 05
c2_2_TTCAATCTCTTTGCGC-1,BAL 05
c2_2_TTCAATCTCTTTGCTA-1,BAL 02
c2_2_TTCACCGAGAGTATAC-1,BAL 01
c2_2_TTCACCGAGCAGGTCA-1,BAL 04
c2_2_TTCACCGAGCTGGCCT-1,BAL 06
c2_2_TTCACCGAGGGAGGGT-1,BAL 03
c2_2_TTCACCGAGGTAAAGG-1,BAL 06
c2_2_TTCACCGAGGTGGCTA-1,BAL 04
c2_2_TTCACCGAGTTGTCAC-1,BAL 03
c2_2_TTCACCGCAATAGTCC-1,BAL 04
c2_2_TTCACCGCATTCCTAT-1,BAL 05
c2_2_TTCACCGGTACCTAAC-1,BAL 02
c2_2_TTCACCGGTCCAATCA-1,BAL 07
c2_2_TTCACCGGTGAACGGT-1,BAL 08
c2_2_TTCACCGGTGTATTGC-1,BAL 06
c2_2_TTCACCGTCCCGTGAG-1,BAL 01
c2_2_TTCACCGTCCTACAAG-1,Multiplet
c2_2_TTCACCGTCCTTCGAC-1,BAL 01
c2_2_TTCACCGTCGAGTCCG-1,BAL 04
c2_2_TTCACCGTCGTAGTCA-1,Multiplet
c2_2_TTCACGCAGCCACCGT-1,BAL 03
c2_2_TTCACGCAGCTGAGTG-1,BAL 08
c2_2_TTCACGCAGTAGACCG-1,Multiplet
c2_2_TTCACGCAGTCGCGAA-1,Negative
c2_2_TTCACGCAGTCTAGAA-1,Negative
c2_2_TTCACGCAGTGAGTTA-1,BAL 07
c2_2_TTCACGCAGTGGACTG-1,BAL 08
c2_2_TTCACGCCAAATACAG-1,Negative
c2_2_TTCACGCCAACGTTAC-1,Multiplet
c2_2_TTCACGCCACACGTGC-1,BAL 05
c2_2_TTCACGCCACCAGTTA-1,BAL 03
c2_2_TTCACGCCAGAGTCTT-1,Multiplet
c2_2_TTCACGCCAGCTGAAG-1,BAL 04
c2_2_TTCACGCCAGTTGCGC-1,BAL 07
c2_2_TTCACGCGTCTACAAC-1,BAL 08
c2_2_TTCACGCGTTCAAACC-1,BAL 05
c2_2_TTCACGCGTTCGGTCG-1,Multiplet
c2_2_TTCACGCTCCGATAGT-1,BAL 07
c2_2_TTCACGCTCTGGCCTT-1,Multiplet
c2_2_TTCAGGAAGACTTCCA-1,BAL 04
c2_2_TTCAGGAAGTAGACAT-1,Multiplet
c2_2_TTCAGGACAAGCACCC-1,BAL 04
c2_2_TTCAGGACACAGTCAT-1,Multiplet
c2_2_TTCAGGACACCTGATA-1,BAL 08
c2_2_TTCAGGAGTAGGAGTC-1,Multiplet
c2_2_TTCAGGAGTATCTCGA-1,BAL 05
c2_2_TTCAGGAGTGGCTGCT-1,BAL 04
c2_2_TTCAGGAGTGTGATGG-1,BAL 01
c2_2_TTCAGGAGTTGCTGAT-1,BAL 07
c2_2_TTCAGGAGTTTCGTAG-1,BAL 03
c2_2_TTCAGGATCCGCGATG-1,BAL 05
c2_2_TTCAGGATCGCTAATG-1,BAL 03
c2_2_TTCAGGATCTGAGGCC-1,BAL 05
c2_2_TTCATGTAGCGCTGCT-1,BAL 08
c2_2_TTCATGTAGCTTTGTG-1,BAL 06
c2_2_TTCATGTAGGTTGGTG-1,BAL 02
c2_2_TTCATGTAGTGCCTCG-1,BAL 07
c2_2_TTCATGTAGTTCCATG-1,Multiplet
c2_2_TTCATGTCAATCACGT-1,BAL 03
c2_2_TTCATGTCACAATCTG-1,Multiplet
c2_2_TTCATGTCAGACGATG-1,Multiplet
c2_2_TTCATGTCAGATTAAG-1,BAL 02
c2_2_TTCATGTCATCGGTTA-1,Multiplet
c2_2_TTCATGTTCCTTCTAA-1,BAL 06
c2_2_TTCATGTTCGCTGTTC-1,BAL 05
c2_2_TTCATGTTCTCACCCA-1,BAL 01
c2_2_TTCATTGCAAAGGAGA-1,Multiplet
c2_2_TTCATTGCAATACAGA-1,BAL 07
c2_2_TTCATTGGTAACCCTA-1,BAL 01
c2_2_TTCATTGGTACATACC-1,BAL 07
c2_2_TTCATTGGTCTAACTG-1,BAL 07
c2_2_TTCATTGGTGCTCCGA-1,BAL 05
c2_2_TTCATTGGTTCCAAAC-1,BAL 07
c2_2_TTCATTGGTTGTGTTG-1,BAL 03
c2_2_TTCATTGTCTCTAAGG-1,Multiplet
c2_2_TTCATTGTCTTCGACC-1,BAL 04
c2_2_TTCCAATCAGAACTCT-1,Multiplet
c2_2_TTCCAATCAGCGTTGC-1,BAL 07
c2_2_TTCCAATTCAGACCTA-1,Multiplet
c2_2_TTCCAATTCAGATTGC-1,BAL 08
c2_2_TTCCAATTCCATGATG-1,BAL 02
c2_2_TTCCAATTCTAGTGAC-1,BAL 02
c2_2_TTCCAATTCTCCCATG-1,BAL 08
c2_2_TTCCACGAGGGCATGT-1,BAL 04
c2_2_TTCCACGCAACAACAA-1,BAL 06
c2_2_TTCCACGCAGCACAGA-1,BAL 05
c2_2_TTCCACGCAGTTGTTG-1,Multiplet
c2_2_TTCCACGGTAAGATCA-1,Multiplet
c2_2_TTCCACGGTATGGGAC-1,BAL 05
c2_2_TTCCACGGTTCATCTT-1,Negative
c2_2_TTCCACGGTTGAATCC-1,BAL 03
c2_2_TTCCACGTCGCTCCTA-1,BAL 02
c2_2_TTCCACGTCGGAGCAA-1,Multiplet
c2_2_TTCCGGTAGACGATAT-1,Multiplet
c2_2_TTCCGGTAGCTGGTGA-1,BAL 03
c2_2_TTCCGGTAGGGCTTCC-1,BAL 06
c2_2_TTCCGGTAGGTAATCA-1,BAL 03
c2_2_TTCCGGTCAGCTTCCT-1,BAL 07
c2_2_TTCCGGTCAGGTGAGT-1,BAL 05
c2_2_TTCCGGTGTTATTCTC-1,BAL 08
c2_2_TTCCGGTTCCGTGACG-1,BAL 04
c2_2_TTCCGGTTCGCTGACG-1,BAL 07
c2_2_TTCCGTGAGAATCGTA-1,BAL 08
c2_2_TTCCGTGAGCATGTTC-1,BAL 02
c2_2_TTCCGTGAGTAGCCAG-1,BAL 02
c2_2_TTCCGTGAGTGCTAGG-1,BAL 05
c2_2_TTCCGTGCAACCGTAT-1,BAL 02
c2_2_TTCCGTGCAATATCCG-1,BAL 07
c2_2_TTCCGTGCAATGCTCA-1,BAL 05
c2_2_TTCCGTGCACCGGAAA-1,BAL 08
c2_2_TTCCGTGCACCTCGTT-1,Multiplet
c2_2_TTCCGTGGTCTAGGCC-1,BAL 08
c2_2_TTCCGTGGTGTTCCAA-1,Multiplet
c2_2_TTCCGTGTCAGGGTAG-1,Multiplet
c2_2_TTCCGTGTCGCATGAT-1,Multiplet
c2_2_TTCCGTGTCGGTCTGG-1,Multiplet
c2_2_TTCCTAAAGAATAACC-1,Multiplet
c2_2_TTCCTAAAGCCGTTAT-1,BAL 02
c2_2_TTCCTAAAGTCAATCC-1,BAL 04
c2_2_TTCCTAAAGTCTTCCC-1,BAL 06
c2_2_TTCCTAACAAGGATGC-1,BAL 05
c2_2_TTCCTAACACAACATC-1,BAL 01
c2_2_TTCCTAACACAAGTTC-1,BAL 01
c2_2_TTCCTAACAGGCTATT-1,BAL 06
c2_2_TTCCTAACATCCGGTG-1,BAL 03
c2_2_TTCCTAAGTACTGGGA-1,BAL 01
c2_2_TTCCTAAGTAGAGACC-1,BAL 02
c2_2_TTCCTAAGTCCCAAAT-1,BAL 07
c2_2_TTCCTAAGTGAATGTA-1,Multiplet
c2_2_TTCCTAATCATGCTAG-1,BAL 03
c2_2_TTCCTAATCTAGTGAC-1,Multiplet
c2_2_TTCCTCTAGACGCATG-1,BAL 01
c2_2_TTCCTCTAGAGAATCT-1,BAL 04
c2_2_TTCCTCTAGATGACAT-1,BAL 06
c2_2_TTCCTCTAGATGCTAA-1,BAL 05
c2_2_TTCCTCTAGCTGAAAT-1,Multiplet
c2_2_TTCCTCTAGGGAGAAT-1,BAL 04
c2_2_TTCCTCTAGGGTTTCT-1,Negative
c2_2_TTCCTCTCAAACACGG-1,Multiplet
c2_2_TTCCTCTCAAATTGCC-1,Multiplet
c2_2_TTCCTCTCAATTGCTG-1,BAL 01
c2_2_TTCCTCTCACGTCGGT-1,BAL 05
c2_2_TTCCTCTCAGGCTTGC-1,BAL 02
c2_2_TTCCTCTGTACAAAGT-1,BAL 07
c2_2_TTCCTCTGTAGAATAC-1,BAL 01
c2_2_TTCCTCTGTATGAGCG-1,BAL 04
c2_2_TTCCTCTGTCCATAGT-1,BAL 06
c2_2_TTCCTCTGTGTAGGAC-1,BAL 04
c2_2_TTCCTCTGTGTATTGC-1,BAL 01
c2_2_TTCCTCTGTTGCATCA-1,Multiplet
c2_2_TTCCTCTTCAAACCTG-1,Multiplet
c2_2_TTCCTCTTCGCAGTCG-1,BAL 08
c2_2_TTCCTCTTCTCTATGT-1,BAL 02
c2_2_TTCCTCTTCTGCGATA-1,BAL 06
c2_2_TTCCTTCAGATGTTCC-1,BAL 05
c2_2_TTCCTTCCAGATTCGT-1,BAL 04
c2_2_TTCCTTCCAGCTGGTC-1,Multiplet
c2_2_TTCCTTCCATTGTGCA-1,BAL 03
c2_2_TTCCTTCGTCACCACG-1,Multiplet
c2_2_TTCCTTCGTCTTGAGT-1,BAL 04
c2_2_TTCCTTCGTTTCACTT-1,BAL 04
c2_2_TTCCTTCTCCCGTGAG-1,Multiplet
c2_2_TTCCTTCTCCTAAGTG-1,BAL 01
c2_2_TTCCTTCTCTACGGTA-1,BAL 01
c2_2_TTCCTTCTCTCCAATT-1,BAL 06
c2_2_TTCCTTCTCTCCTGCA-1,BAL 07
c2_2_TTCGATTAGCTTTCTT-1,BAL 07
c2_2_TTCGATTAGGGTGAGG-1,BAL 02
c2_2_TTCGATTAGTTACGAA-1,BAL 06
c2_2_TTCGATTCAAAGGGCT-1,BAL 05
c2_2_TTCGATTCAACACGAG-1,Multiplet
c2_2_TTCGATTCAAGACCTT-1,BAL 01
c2_2_TTCGATTCACAGGATG-1,BAL 06
c2_2_TTCGATTCACGGCGTT-1,BAL 01
c2_2_TTCGATTCATCATCCC-1,BAL 03
c2_2_TTCGATTCATGACGGA-1,Multiplet
c2_2_TTCGATTCATGTTCGA-1,BAL 08
c2_2_TTCGATTGTGCAATGG-1,BAL 08
c2_2_TTCGATTGTGGCTCTG-1,BAL 01
c2_2_TTCGATTTCCATTGCC-1,BAL 01
c2_2_TTCGATTTCCTCGCAT-1,BAL 02
c2_2_TTCGATTTCGAAGGAC-1,BAL 02
c2_2_TTCGATTTCTACCTTA-1,BAL 08
c2_2_TTCGATTTCTCCGTGT-1,BAL 01
c2_2_TTCGATTTCTTCGTAT-1,Multiplet
c2_2_TTCGATTTCTTGAGCA-1,BAL 01
c2_2_TTCGCTGAGACCTCAT-1,BAL 07
c2_2_TTCGCTGAGACGCCAA-1,BAL 01
c2_2_TTCGCTGAGACTTCAC-1,Multiplet
c2_2_TTCGCTGAGCTTTCCC-1,BAL 08
c2_2_TTCGCTGAGTAGGAAG-1,BAL 07
c2_2_TTCGCTGAGTGGGAAA-1,BAL 03
c2_2_TTCGCTGCACCGGTCA-1,Multiplet
c2_2_TTCGCTGCATGGTGGA-1,BAL 05
c2_2_TTCGCTGGTACATTGC-1,BAL 03
c2_2_TTCGCTGGTACTGTTG-1,Multiplet
c2_2_TTCGCTGGTAGTGTGG-1,BAL 01
c2_2_TTCGCTGGTAGTTCCA-1,BAL 03
c2_2_TTCGCTGGTCTACAAC-1,BAL 05
c2_2_TTCGCTGGTTGCGGCT-1,BAL 04
c2_2_TTCGCTGTCGAACGGA-1,BAL 03
c2_2_TTCGCTGTCTGATTCT-1,BAL 07
c2_2_TTCGGTCAGACAGCGT-1,BAL 05
c2_2_TTCGGTCAGGCGCTCT-1,Negative
c2_2_TTCGGTCAGGTACCTT-1,BAL 05
c2_2_TTCGGTCAGTCAACAA-1,BAL 08
c2_2_TTCGGTCAGTCCCTAA-1,BAL 01
c2_2_TTCGGTCAGTGGATTA-1,BAL 03
c2_2_TTCGGTCCAACCTAAC-1,BAL 06
c2_2_TTCGGTCCACAGTACT-1,BAL 05
c2_2_TTCGGTCCAGGTTCAT-1,BAL 02
c2_2_TTCGGTCCATTGCAAC-1,BAL 01
c2_2_TTCGGTCGTAGCGCCT-1,BAL 03
c2_2_TTCGGTCGTCCATACA-1,Multiplet
c2_2_TTCGGTCGTCCTACGG-1,Multiplet
c2_2_TTCGGTCGTCGGAACA-1,BAL 03
c2_2_TTCGGTCGTTAATGAG-1,BAL 05
c2_2_TTCGGTCTCCATAGAC-1,BAL 07
c2_2_TTCGGTCTCTTCCTAA-1,BAL 03
c2_2_TTCTAACAGAATGTTG-1,Multiplet
c2_2_TTCTAACAGGATGGCT-1,BAL 07
c2_2_TTCTAACAGGCGAAGG-1,BAL 06
c2_2_TTCTAACCAACCTAAC-1,BAL 02
c2_2_TTCTAACCAGATCCAT-1,BAL 05
c2_2_TTCTAACCAGCAGTTT-1,BAL 07
c2_2_TTCTAACCATGACTGT-1,Multiplet
c2_2_TTCTAACGTAACAGTA-1,BAL 02
c2_2_TTCTAACGTAGGAGTC-1,BAL 04
c2_2_TTCTAACGTCCTATAG-1,BAL 01
c2_2_TTCTAACGTGCATGAG-1,BAL 03
c2_2_TTCTAACGTTATCTTC-1,Multiplet
c2_2_TTCTAACGTTGGCTAT-1,Multiplet
c2_2_TTCTAACTCCACTGAA-1,BAL 03
c2_2_TTCTAACTCGCTACGG-1,BAL 04
c2_2_TTCTAACTCTAGGCCG-1,Multiplet
c2_2_TTCTAGTAGACCATTC-1,BAL 07
c2_2_TTCTAGTAGAGCCGAT-1,BAL 07
c2_2_TTCTAGTAGATTGATG-1,BAL 01
c2_2_TTCTAGTAGCAAACAT-1,BAL 07
c2_2_TTCTAGTAGCACCAGA-1,BAL 01
c2_2_TTCTAGTAGTATGCAA-1,BAL 07
c2_2_TTCTAGTCACACGGTC-1,BAL 04
c2_2_TTCTAGTCATTGACCA-1,BAL 02
c2_2_TTCTAGTGTAAGACCG-1,BAL 02
c2_2_TTCTAGTGTCCGGCAT-1,BAL 07
c2_2_TTCTAGTGTGAGCCAA-1,Multiplet
c2_2_TTCTAGTGTGAGCGAT-1,BAL 07
c2_2_TTCTAGTGTTCCTAGA-1,Multiplet
c2_2_TTCTAGTGTTCGGTAT-1,BAL 05
c2_2_TTCTCTCAGATTCGAA-1,BAL 07
c2_2_TTCTCTCAGCGTCTCG-1,BAL 07
c2_2_TTCTCTCAGGAGGCAG-1,BAL 02
c2_2_TTCTCTCCAAACTAGA-1,BAL 05
c2_2_TTCTCTCCAAACTGCT-1,BAL 04
c2_2_TTCTCTCCACAGCGCT-1,BAL 03
c2_2_TTCTCTCCAGAGAAAG-1,BAL 07
c2_2_TTCTCTCCAGCTGTCG-1,Multiplet
c2_2_TTCTCTCGTAATCAGA-1,BAL 01
c2_2_TTCTCTCGTATCATGC-1,Multiplet
c2_2_TTCTCTCGTATCGCAT-1,BAL 08
c2_2_TTCTCTCGTCAACCTA-1,BAL 03
c2_2_TTCTCTCGTCTTTATC-1,BAL 04
c2_2_TTCTCTCGTTTCACAG-1,BAL 01
c2_2_TTCTCTCTCAAGGCTT-1,BAL 01
c2_2_TTCTCTCTCACCTGGG-1,BAL 02
c2_2_TTCTCTCTCCCATTTA-1,BAL 05
c2_2_TTCTCTCTCCTCGATC-1,Multiplet
c2_2_TTCTCTCTCTCTTCAA-1,BAL 03
c2_2_TTCTGTAAGGTTTGAA-1,BAL 03
c2_2_TTCTGTAAGTCAGGGT-1,Multiplet
c2_2_TTCTGTAAGTGCGTCC-1,BAL 07
c2_2_TTCTGTACACGGCCAT-1,Multiplet
c2_2_TTCTGTACATACGCAT-1,BAL 07
c2_2_TTCTGTACATCGCTCT-1,BAL 03
c2_2_TTCTGTAGTACGAGCA-1,BAL 07
c2_2_TTCTGTAGTAGCGTTT-1,BAL 05
c2_2_TTCTGTAGTATTTCCT-1,BAL 06
c2_2_TTCTGTAGTCGTAATC-1,Multiplet
c2_2_TTCTGTAGTCTTGAGT-1,BAL 05
c2_2_TTCTGTAGTGGCAGAT-1,BAL 04
c2_2_TTCTGTATCACACGAT-1,BAL 05
c2_2_TTCTGTATCCTCGATC-1,Multiplet
c2_2_TTCTGTATCGCACGAC-1,BAL 06
c2_2_TTCTGTATCTCGCCTA-1,Negative
c2_2_TTCTTCCAGACTCATC-1,BAL 08
c2_2_TTCTTCCAGCAAGGAA-1,Multiplet
c2_2_TTCTTCCAGCCAACCC-1,BAL 05
c2_2_TTCTTCCAGGGACAGG-1,BAL 03
c2_2_TTCTTCCAGGGCTGAT-1,BAL 03
c2_2_TTCTTCCAGGTATAGT-1,Multiplet
c2_2_TTCTTCCAGTAGTCCT-1,BAL 02
c2_2_TTCTTCCAGTATAGAC-1,BAL 01
c2_2_TTCTTCCAGTCCCGGT-1,BAL 05
c2_2_TTCTTCCCAAAGGCGT-1,BAL 05
c2_2_TTCTTCCCACGTTCGG-1,BAL 08
c2_2_TTCTTCCCACTTGAAC-1,Multiplet
c2_2_TTCTTCCCAGTTTGGT-1,BAL 05
c2_2_TTCTTCCGTAGACACG-1,BAL 03
c2_2_TTCTTCCGTAGCTTGT-1,BAL 05
c2_2_TTCTTCCGTAGTAAGT-1,BAL 07
c2_2_TTCTTCCGTCACTACA-1,BAL 04
c2_2_TTCTTCCGTCGATTCA-1,BAL 03
c2_2_TTCTTCCGTCTGTGGC-1,BAL 08
c2_2_TTCTTCCGTGTGATGG-1,Multiplet
c2_2_TTCTTCCGTTATTCTC-1,Multiplet
c2_2_TTCTTCCTCATTATCC-1,BAL 02
c2_2_TTCTTCCTCCCTCATG-1,BAL 02
c2_2_TTCTTCCTCCCTTTGG-1,BAL 02
c2_2_TTCTTCCTCCGCGAGT-1,BAL 05
c2_2_TTCTTCCTCCTTATGT-1,BAL 05
c2_2_TTCTTCCTCTTCGACC-1,BAL 04
c2_2_TTCTTGAAGGATACGC-1,BAL 02
c2_2_TTCTTGAAGGCTCACC-1,BAL 04
c2_2_TTCTTGAAGGTTACAA-1,BAL 03
c2_2_TTCTTGACAAGCGCAA-1,BAL 07
c2_2_TTCTTGACACAGCGCT-1,BAL 02
c2_2_TTCTTGACACCATATG-1,Multiplet
c2_2_TTCTTGACAGCTGTTA-1,BAL 07
c2_2_TTCTTGACATGAGGGT-1,Multiplet
c2_2_TTCTTGACATGGCCAC-1,BAL 03
c2_2_TTCTTGAGTAATGTGA-1,BAL 02
c2_2_TTCTTGAGTACCATAC-1,Multiplet
c2_2_TTCTTGAGTAGAGCTG-1,BAL 02
c2_2_TTCTTGAGTCTGTAAC-1,BAL 05
c2_2_TTCTTGAGTGTTATCG-1,BAL 08
c2_2_TTCTTGAGTTGAAGTA-1,Multiplet
c2_2_TTGAACGCAAACGGCA-1,BAL 06
c2_2_TTGAACGCACACCTAA-1,Multiplet
c2_2_TTGAACGCAGAAGCTG-1,BAL 04
c2_2_TTGAACGCATGCACTA-1,BAL 03
c2_2_TTGAACGGTATGGTAA-1,Multiplet
c2_2_TTGAACGGTCCTTGTC-1,Negative
c2_2_TTGAACGGTGCGACAA-1,Multiplet
c2_2_TTGAACGGTTATAGCC-1,BAL 04
c2_2_TTGAACGGTTCGGCTG-1,BAL 03
c2_2_TTGAACGTCTAGAACC-1,BAL 07
c2_2_TTGAACGTCTTGGGCG-1,Multiplet
c2_2_TTGACCCAGACTCATC-1,BAL 07
c2_2_TTGACCCAGAGTCAGC-1,BAL 07
c2_2_TTGACCCAGAGTGAAG-1,BAL 02
c2_2_TTGACCCAGATGTTGA-1,BAL 08
c2_2_TTGACCCAGGATTACA-1,BAL 07
c2_2_TTGACCCAGTAGGGTC-1,BAL 07
c2_2_TTGACCCAGTTTGCTG-1,BAL 02
c2_2_TTGACCCCAAGATGTA-1,BAL 02
c2_2_TTGACCCCACGTTCGG-1,BAL 05
c2_2_TTGACCCCAGTGGTGA-1,BAL 03
c2_2_TTGACCCGTAGCACAG-1,BAL 05
c2_2_TTGACCCGTATCGTAC-1,BAL 03
c2_2_TTGACCCGTATTCCGA-1,BAL 07
c2_2_TTGACCCGTTACTCAG-1,BAL 05
c2_2_TTGACCCGTTGTCTAG-1,BAL 02
c2_2_TTGACCCTCACCTGGG-1,BAL 03
c2_2_TTGACCCTCGACGTCG-1,Multiplet
c2_2_TTGACCCTCGCCTAGG-1,BAL 02
c2_2_TTGACCCTCGTAGAGG-1,BAL 05
c2_2_TTGACCCTCTTCGTAT-1,Multiplet
c2_2_TTGAGTGAGAGGTGCT-1,BAL 04
c2_2_TTGAGTGCAAAGGTTA-1,BAL 03
c2_2_TTGAGTGCAACTGGTT-1,BAL 01
c2_2_TTGAGTGCAGCTGTGC-1,Multiplet
c2_2_TTGAGTGGTATTCCTT-1,BAL 03
c2_2_TTGAGTGTCCACTTCG-1,BAL 02
c2_2_TTGAGTGTCGCCAGTG-1,BAL 08
c2_2_TTGAGTGTCTGTCAGA-1,Multiplet
c2_2_TTGAGTGTCTTTCCAA-1,BAL 01
c2_2_TTGATGGAGCCATTTG-1,BAL 02
c2_2_TTGATGGAGCCTGAGA-1,BAL 04
c2_2_TTGATGGAGCGTACAG-1,BAL 06
c2_2_TTGATGGAGGCTAAAT-1,BAL 05
c2_2_TTGATGGAGGGTATAT-1,BAL 01
c2_2_TTGATGGCAAGCGAGT-1,Multiplet
c2_2_TTGATGGCAGCGTATT-1,Multiplet
c2_2_TTGATGGCATCACCAA-1,BAL 06
c2_2_TTGATGGGTCGTACTA-1,BAL 02
c2_2_TTGATGGGTGTGTGGA-1,BAL 04
c2_2_TTGATGGTCACCCTGT-1,Multiplet
c2_2_TTGATGGTCATCTACT-1,BAL 06
c2_2_TTGATGGTCCGTACGG-1,BAL 05
c2_2_TTGCATTAGCAACCAG-1,BAL 06
c2_2_TTGCATTAGGCGAACT-1,BAL 03
c2_2_TTGCATTAGGGCTAAC-1,BAL 03
c2_2_TTGCATTAGTGCGACA-1,BAL 03
c2_2_TTGCATTAGTTAGTGA-1,BAL 08
c2_2_TTGCATTCAACAGCTT-1,BAL 05
c2_2_TTGCATTCACCGTCGA-1,BAL 01
c2_2_TTGCATTCAGACGGAT-1,BAL 06
c2_2_TTGCATTCAGCATCTA-1,BAL 03
c2_2_TTGCATTGTCAGTCCG-1,BAL 01
c2_2_TTGCATTGTTAGAGAT-1,BAL 07
c2_2_TTGCATTTCAAACCTG-1,BAL 01
c2_2_TTGCATTTCACCTGTC-1,BAL 08
c2_2_TTGCATTTCATCGCCT-1,BAL 02
c2_2_TTGCATTTCCCTAGGG-1,BAL 01
c2_2_TTGCCTGAGAAGCGAA-1,Multiplet
c2_2_TTGCCTGAGAGTTGTA-1,BAL 01
c2_2_TTGCCTGAGATACAGT-1,Multiplet
c2_2_TTGCCTGAGATACGAT-1,BAL 06
c2_2_TTGCCTGAGATGTTGA-1,BAL 08
c2_2_TTGCCTGAGCCGCACT-1,BAL 07
c2_2_TTGCCTGAGTAGACAT-1,BAL 05
c2_2_TTGCCTGAGTCATGCT-1,BAL 08
c2_2_TTGCCTGCAATCGCGC-1,BAL 05
c2_2_TTGCCTGCACGTACTA-1,BAL 03
c2_2_TTGCCTGCAGGTCAGA-1,Multiplet
c2_2_TTGCCTGCAGTCAGTT-1,BAL 05
c2_2_TTGCCTGCAGTGTACT-1,BAL 03
c2_2_TTGCCTGCATGGCCCA-1,Multiplet
c2_2_TTGCCTGGTCAGACTT-1,BAL 07
c2_2_TTGCCTGGTCGAGCTC-1,BAL 05
c2_2_TTGCCTGGTCTTGTCC-1,BAL 02
c2_2_TTGCCTGGTTACAGCT-1,BAL 02
c2_2_TTGCCTGTCATATGGC-1,BAL 07
c2_2_TTGCCTGTCGATACGT-1,BAL 05
c2_2_TTGCCTGTCGTAACAC-1,Multiplet
c2_2_TTGCCTGTCTGTGCTC-1,Multiplet
c2_2_TTGCGTCAGAACGTGC-1,BAL 03
c2_2_TTGCGTCAGAGGTGCT-1,BAL 05
c2_2_TTGCGTCAGGAACGTC-1,BAL 04
c2_2_TTGCGTCAGGAGTACC-1,BAL 06
c2_2_TTGCGTCAGGTGAGAA-1,BAL 04
c2_2_TTGCGTCCAATGGCAG-1,BAL 04
c2_2_TTGCGTCCAGAGATGC-1,BAL 05
c2_2_TTGCGTCCAGCCTACG-1,BAL 02
c2_2_TTGCGTCGTCTACGAT-1,BAL 02
c2_2_TTGCGTCGTGACGCCT-1,BAL 05
c2_2_TTGCGTCGTTAGGCCC-1,Multiplet
c2_2_TTGCGTCGTTGACGGA-1,BAL 08
c2_2_TTGCGTCTCATTACGG-1,BAL 02
c2_2_TTGCGTCTCATTCGTT-1,BAL 06
c2_2_TTGCGTCTCCAACCAA-1,BAL 04
c2_2_TTGCGTCTCCCTAGGG-1,BAL 02
c2_2_TTGCGTCTCCTACGGG-1,Multiplet
c2_2_TTGCGTCTCGATTCCC-1,BAL 06
c2_2_TTGCTGCAGCTGTCCG-1,BAL 02
c2_2_TTGCTGCAGGAACGCT-1,BAL 04
c2_2_TTGCTGCCACTTGTGA-1,BAL 03
c2_2_TTGCTGCCATCAGCAT-1,Multiplet
c2_2_TTGCTGCTCCCAGGCA-1,BAL 04
c2_2_TTGCTGCTCCGATAGT-1,BAL 07
c2_2_TTGCTGCTCGGAGTAG-1,BAL 01
c2_2_TTGGATGAGGAACGTC-1,BAL 08
c2_2_TTGGATGAGGAGTCTG-1,Multiplet
c2_2_TTGGATGAGGTGCATG-1,Multiplet
c2_2_TTGGATGAGTTTCAGC-1,BAL 06
c2_2_TTGGATGCAATACCTG-1,Multiplet
c2_2_TTGGATGCAGAACTAA-1,Multiplet
c2_2_TTGGATGCAGACAAAT-1,BAL 04
c2_2_TTGGATGCATGGGATG-1,BAL 02
c2_2_TTGGATGCATTCTCCG-1,BAL 08
c2_2_TTGGATGGTATCACCA-1,BAL 05
c2_2_TTGGATGGTCGTTGGC-1,Multiplet
c2_2_TTGGATGGTTTGGAGG-1,BAL 05
c2_2_TTGGATGTCTCTAAGG-1,BAL 03
c2_2_TTGGATGTCTTTCCGG-1,BAL 03
c2_2_TTGGGATAGCATCAGG-1,BAL 06
c2_2_TTGGGATAGGGCAACT-1,BAL 04
c2_2_TTGGGATCAAATGATG-1,BAL 06
c2_2_TTGGGATCAAGATTGA-1,BAL 02
c2_2_TTGGGATGTACCGTCG-1,BAL 02
c2_2_TTGGGATGTAGCTTGT-1,BAL 05
c2_2_TTGGGATGTTTACGAC-1,BAL 05
c2_2_TTGGGCGAGAGTTGAT-1,BAL 03
c2_2_TTGGGCGAGCCGTTGC-1,Multiplet
c2_2_TTGGGCGAGGAGTATT-1,Multiplet
c2_2_TTGGGCGAGGATTTCC-1,BAL 04
c2_2_TTGGGCGAGTGCGCTC-1,BAL 04
c2_2_TTGGGCGCAACGACTT-1,BAL 03
c2_2_TTGGGCGGTAGCACGA-1,BAL 01
c2_2_TTGGGCGGTGTAACGG-1,BAL 06
c2_2_TTGGGCGTCACTCACC-1,BAL 07
c2_2_TTGGGCGTCATGCGGC-1,BAL 02
c2_2_TTGGGCGTCTATCGGA-1,BAL 08
c2_2_TTGGGCGTCTTCCCGA-1,BAL 02
c2_2_TTGGGTAAGAAGTCTA-1,BAL 03
c2_2_TTGGGTAAGAGCCCAA-1,BAL 02
c2_2_TTGGGTAAGCAGGCTA-1,BAL 02
c2_2_TTGGGTACAAATGAAC-1,BAL 03
c2_2_TTGGGTACAATCGTCA-1,BAL 08
c2_2_TTGGGTACACTCACTC-1,BAL 08
c2_2_TTGGGTACACTTCTCG-1,BAL 08
c2_2_TTGGGTACAGAGGCAT-1,Multiplet
c2_2_TTGGGTACATCCGGTG-1,BAL 01
c2_2_TTGGGTATCTCTCCGA-1,BAL 04
c2_2_TTGGGTATCTGCTTAT-1,Negative
c2_2_TTGGGTATCTGGTTGA-1,BAL 01
c2_2_TTGGGTATCTTCGATT-1,BAL 05
c2_2_TTGGTTTAGGACGCAT-1,Multiplet
c2_2_TTGGTTTAGGAGAGTA-1,BAL 06
c2_2_TTGGTTTAGGTGAGCT-1,BAL 01
c2_2_TTGGTTTAGTCAGAGC-1,Multiplet
c2_2_TTGGTTTAGTCTTGGT-1,BAL 04
c2_2_TTGGTTTCAATAGTCC-1,Multiplet
c2_2_TTGGTTTCAGCGTTTA-1,BAL 03
c2_2_TTGGTTTGTAAGATTG-1,Multiplet
c2_2_TTGGTTTGTCGTCTCT-1,Multiplet
c2_2_TTGGTTTGTGACTAAA-1,Multiplet
c2_2_TTGGTTTGTGTCCATA-1,BAL 07
c2_2_TTGGTTTTCTCCAAGA-1,BAL 06
c2_2_TTGGTTTTCTCTATAC-1,BAL 01
c2_2_TTGGTTTTCTGGAGAG-1,BAL 02
c2_2_TTGGTTTTCTGTCAGA-1,BAL 02
c2_2_TTGTGGAAGACATACA-1,Multiplet
c2_2_TTGTGGAAGACGCATG-1,BAL 04
c2_2_TTGTGGAAGAGATGCC-1,BAL 05
c2_2_TTGTGGAAGCTATCTG-1,BAL 08
c2_2_TTGTGGAAGGGACCAT-1,BAL 08
c2_2_TTGTGGAAGGTGAGCT-1,BAL 03
c2_2_TTGTGGACAAGACAAT-1,BAL 02
c2_2_TTGTGGACAATGTGGG-1,BAL 01
c2_2_TTGTGGACAGTTAAAG-1,Multiplet
c2_2_TTGTGGACATGGCCAC-1,BAL 04
c2_2_TTGTGGAGTATGGTTC-1,BAL 02
c2_2_TTGTGGAGTCGGCCTA-1,Multiplet
c2_2_TTGTGGATCAATGTCG-1,BAL 08
c2_2_TTGTGTTAGAATCGAT-1,BAL 04
c2_2_TTGTGTTAGACTTCGT-1,BAL 08
c2_2_TTGTGTTAGGCGCTCT-1,BAL 07
c2_2_TTGTGTTCAAGAGTGC-1,BAL 06
c2_2_TTGTGTTCAGATTCGT-1,BAL 07
c2_2_TTGTGTTCAGCGGATA-1,BAL 01
c2_2_TTGTGTTGTAACAGGC-1,BAL 06
c2_2_TTGTGTTGTAATTAGG-1,BAL 08
c2_2_TTGTGTTGTATCATGC-1,BAL 05
c2_2_TTGTGTTGTGCCTGCA-1,BAL 02
c2_2_TTGTGTTGTTACGGAG-1,BAL 04
c2_2_TTGTGTTTCCCATTCG-1,BAL 03
c2_2_TTGTGTTTCGCGTGCA-1,BAL 05
c2_2_TTGTGTTTCTACAGGT-1,BAL 07
c2_2_TTGTTCAAGGAATGTT-1,BAL 06
c2_2_TTGTTCACAAGAGGTC-1,BAL 03
c2_2_TTGTTCACACTTGACA-1,BAL 03
c2_2_TTGTTCACATCCTTCG-1,BAL 01
c2_2_TTGTTCACATGTGGCC-1,BAL 02
c2_2_TTGTTCACATTCTGTT-1,BAL 01
c2_2_TTGTTCAGTCCGTTTC-1,BAL 03
c2_2_TTGTTCAGTCGTGGTC-1,Multiplet
c2_2_TTGTTCAGTCGTTGGC-1,Multiplet
c2_2_TTGTTCAGTGTCATCA-1,BAL 02
c2_2_TTGTTCATCAAACTGC-1,BAL 03
c2_2_TTGTTCATCAGTCTTT-1,Multiplet
c2_2_TTGTTCATCCTTATAC-1,BAL 02
c2_2_TTGTTCATCGTGCACG-1,BAL 04
c2_2_TTGTTGTAGAGCCCAA-1,BAL 01
c2_2_TTGTTGTAGCAAGTCG-1,BAL 07
c2_2_TTGTTGTAGCTGAAGC-1,Multiplet
c2_2_TTGTTGTCACCTTCCA-1,BAL 04
c2_2_TTGTTGTGTCCCAAAT-1,Multiplet
c2_2_TTGTTGTGTGAGATCG-1,BAL 08
c2_2_TTGTTGTGTTGTAAAG-1,BAL 03
c2_2_TTGTTGTTCAAAGAAC-1,BAL 04
c2_2_TTGTTGTTCACTTTGT-1,BAL 01
c2_2_TTGTTGTTCATGGTAC-1,BAL 05
c2_2_TTGTTGTTCCACTGGG-1,BAL 05
c2_2_TTGTTGTTCCCGTTGT-1,Multiplet
c2_2_TTGTTGTTCCTACTGC-1,BAL 06
c2_2_TTGTTGTTCGATACAC-1,BAL 04
c2_2_TTGTTGTTCTAACACG-1,BAL 07
c2_2_TTGTTGTTCTTTCGAT-1,BAL 04
c2_2_TTGTTTGAGCACTCTA-1,BAL 06
c2_2_TTGTTTGAGCCTGTGC-1,BAL 03
c2_2_TTGTTTGAGCTAGCCC-1,BAL 03
c2_2_TTGTTTGAGGTCATAA-1,BAL 03
c2_2_TTGTTTGCAACTACGT-1,BAL 08
c2_2_TTGTTTGCAACTCGTA-1,Multiplet
c2_2_TTGTTTGCATGACTTG-1,BAL 05
c2_2_TTGTTTGGTGGTTCTA-1,Multiplet
c2_2_TTGTTTGTCACTCACC-1,BAL 08
c2_2_TTGTTTGTCAGACATC-1,BAL 07
c2_2_TTGTTTGTCAGCTGTA-1,BAL 05
c2_2_TTGTTTGTCTCCCATG-1,BAL 02
c2_2_TTTACCAAGAACCCGA-1,BAL 02
c2_2_TTTACCAAGACGCCCT-1,BAL 06
c2_2_TTTACCAAGGGATCAC-1,Multiplet
c2_2_TTTACCAAGGGCAGAG-1,Multiplet
c2_2_TTTACCAAGTGAATAC-1,Multiplet
c2_2_TTTACCAAGTGCTCGC-1,Multiplet
c2_2_TTTACCACACTAACGT-1,BAL 03
c2_2_TTTACCACAGGAATCG-1,BAL 03
c2_2_TTTACCACAGGTTCCG-1,BAL 08
c2_2_TTTACCACATAGAATG-1,BAL 03
c2_2_TTTACCACATTGCTGA-1,BAL 06
c2_2_TTTACCAGTAACTGCT-1,Multiplet
c2_2_TTTACCAGTAGCACGA-1,BAL 02
c2_2_TTTACCAGTCGAATGG-1,BAL 07
c2_2_TTTACCAGTCTCCCTA-1,BAL 03
c2_2_TTTACCATCCCAGTGG-1,BAL 01
c2_2_TTTACCATCTTAGCCC-1,BAL 03
c2_2_TTTACGTAGACCGTTT-1,BAL 05
c2_2_TTTACGTAGACGCATG-1,Multiplet
c2_2_TTTACGTAGCATTTGC-1,BAL 04
c2_2_TTTACGTAGTCGCTAT-1,BAL 07
c2_2_TTTACGTAGTTTGAGA-1,Multiplet
c2_2_TTTACGTCACCGGCTA-1,BAL 03
c2_2_TTTACGTCACCTATCC-1,BAL 07
c2_2_TTTACGTGTACCGCGT-1,BAL 02
c2_2_TTTACGTGTAGCTTAC-1,BAL 03
c2_2_TTTACGTGTATGAGGC-1,BAL 02
c2_2_TTTACGTGTCTACTGA-1,BAL 08
c2_2_TTTACGTTCCACGTGG-1,BAL 04
c2_2_TTTACGTTCCGTGTAA-1,Multiplet
c2_2_TTTACTGAGAGATTCA-1,Negative
c2_2_TTTACTGAGAGGCGGA-1,BAL 06
c2_2_TTTACTGAGGATGTTA-1,BAL 01
c2_2_TTTACTGAGGCCCGTT-1,BAL 04
c2_2_TTTACTGAGTATGGCG-1,BAL 03
c2_2_TTTACTGAGTTATGGA-1,Multiplet
c2_2_TTTACTGCAACCGACC-1,BAL 02
c2_2_TTTACTGCACAGAGCA-1,BAL 07
c2_2_TTTACTGCAGGTGACA-1,BAL 02
c2_2_TTTACTGGTATACCCA-1,BAL 05
c2_2_TTTACTGGTATATGGA-1,BAL 03
c2_2_TTTACTGGTGGTACAG-1,BAL 06
c2_2_TTTACTGGTTACGTAC-1,BAL 03
c2_2_TTTACTGTCTTTGGAG-1,BAL 01
c2_2_TTTAGTCAGATCGCTT-1,BAL 02
c2_2_TTTAGTCAGGATTCCT-1,BAL 08
c2_2_TTTAGTCAGTCAAGCG-1,Multiplet
c2_2_TTTAGTCCAAAGGCGT-1,BAL 02
c2_2_TTTAGTCCACCTCTGT-1,BAL 03
c2_2_TTTAGTCCAGAAGCTG-1,BAL 03
c2_2_TTTAGTCGTAGTGTGG-1,BAL 05
c2_2_TTTAGTCGTCTCCCTA-1,BAL 07
c2_2_TTTAGTCGTCTTAGTG-1,BAL 03
c2_2_TTTAGTCGTGATTCTG-1,Negative
c2_2_TTTAGTCGTTAATCGC-1,BAL 07
c2_2_TTTAGTCTCAACGAGG-1,BAL 07
c2_2_TTTAGTCTCCCATAGA-1,BAL 03
c2_2_TTTAGTCTCGCCTATC-1,BAL 07
c2_2_TTTAGTCTCGCTATTT-1,BAL 02
c2_2_TTTAGTCTCTCATGCC-1,BAL 04
c2_2_TTTAGTCTCTGATTCT-1,BAL 08
c2_2_TTTATGCAGAGCATTA-1,BAL 01
c2_2_TTTATGCAGATGCCGA-1,BAL 02
c2_2_TTTATGCAGCCTTTGA-1,BAL 05
c2_2_TTTATGCAGGTTTGAA-1,Multiplet
c2_2_TTTATGCAGTGCCCGT-1,Multiplet
c2_2_TTTATGCCAAAGTATG-1,BAL 04
c2_2_TTTATGCCACGCTGAC-1,BAL 05
c2_2_TTTATGCCAGACGCTC-1,Multiplet
c2_2_TTTATGCCATACAGGG-1,BAL 07
c2_2_TTTATGCGTGGAAATT-1,BAL 04
c2_2_TTTATGCGTTGCTCAA-1,BAL 07
c2_2_TTTATGCTCCACGTGG-1,BAL 01
c2_2_TTTATGCTCGACCTAA-1,BAL 07
c2_2_TTTCACAAGAACAAGG-1,Multiplet
c2_2_TTTCACAAGACTCAAA-1,Multiplet
c2_2_TTTCACAAGGATACAT-1,BAL 08
c2_2_TTTCACAAGGGTATAT-1,BAL 03
c2_2_TTTCACACACCTGAAT-1,Multiplet
c2_2_TTTCACACACGACTAT-1,BAL 04
c2_2_TTTCACAGTTCCGCAG-1,BAL 02
c2_2_TTTCACATCAATCTCT-1,BAL 04
c2_2_TTTCACATCAGTGTTG-1,BAL 08
c2_2_TTTCACATCATCTGTT-1,Multiplet
c2_2_TTTCACATCCGAGATT-1,BAL 02
c2_2_TTTCACATCTACCAGA-1,BAL 02
c2_2_TTTCACATCTGACCCT-1,BAL 08
c2_2_TTTCAGTAGCACGTCC-1,BAL 05
c2_2_TTTCAGTAGGATATAC-1,BAL 07
c2_2_TTTCAGTAGTTGGCTT-1,Multiplet
c2_2_TTTCAGTCAAACTCTG-1,Negative
c2_2_TTTCAGTCAACGAGGT-1,BAL 03
c2_2_TTTCAGTCAAGTGGAC-1,BAL 02
c2_2_TTTCAGTCAGCGAACA-1,Multiplet
c2_2_TTTCAGTCAGTAACAA-1,BAL 08
c2_2_TTTCAGTCATGGCTGC-1,BAL 03
c2_2_TTTCAGTCATTGGGAG-1,Multiplet
c2_2_TTTCAGTGTCTTCTAT-1,BAL 07
c2_2_TTTCAGTGTGCCGTAC-1,BAL 05
c2_2_TTTCAGTGTGTAGCAG-1,BAL 06
c2_2_TTTCAGTTCAAACGTC-1,BAL 07
c2_2_TTTCAGTTCAGGGATG-1,BAL 02
c2_2_TTTCAGTTCATTCTTG-1,BAL 08
c2_2_TTTCAGTTCCATTTAC-1,BAL 03
c2_2_TTTCAGTTCGTGCGAC-1,BAL 07
c2_2_TTTCATGAGAGTATAC-1,BAL 03
c2_2_TTTCATGAGATGCGAC-1,BAL 04
c2_2_TTTCATGAGCCGGAAT-1,BAL 07
c2_2_TTTCATGAGTAAATGC-1,BAL 06
c2_2_TTTCATGCAACCGGAA-1,BAL 08
c2_2_TTTCATGGTACGGATG-1,BAL 07
c2_2_TTTCATGGTCGGCCTA-1,BAL 03
c2_2_TTTCATGGTCTAACGT-1,BAL 01
c2_2_TTTCATGGTTGTCAGT-1,BAL 08
c2_2_TTTCATGTCATTGGTG-1,BAL 01
c2_2_TTTCATGTCTTAGCCC-1,BAL 06
c2_2_TTTCCTCAGGACATCG-1,BAL 08
c2_2_TTTCCTCCAGAACTCT-1,BAL 04
c2_2_TTTCCTCCAGCAGTAG-1,BAL 04
c2_2_TTTCCTCCAGGGCTTC-1,BAL 08
c2_2_TTTCCTCCAGTGTGCC-1,BAL 02
c2_2_TTTCCTCGTACTCCCT-1,BAL 03
c2_2_TTTCCTCTCAACGAGG-1,BAL 06
c2_2_TTTCCTCTCAGAGCGA-1,Multiplet
c2_2_TTTCCTCTCATGCTAG-1,Negative
c2_2_TTTCCTCTCCAAGCAT-1,BAL 04
c2_2_TTTCCTCTCGCATGAT-1,BAL 07
c2_2_TTTCCTCTCGCCGATG-1,BAL 03
c2_2_TTTCCTCTCTAGTACG-1,BAL 04
c2_2_TTTCCTCTCTCACGAA-1,BAL 01
c2_2_TTTCGATAGACGACGT-1,Multiplet
c2_2_TTTCGATCAACGGGTA-1,BAL 05
c2_2_TTTCGATCACCTGTCT-1,BAL 07
c2_2_TTTCGATCAGCATCTA-1,Multiplet
c2_2_TTTCGATGTCACTCGG-1,BAL 02
c2_2_TTTCGATGTCGTACAT-1,Multiplet
c2_2_TTTCGATGTGTTACAC-1,BAL 03
c2_2_TTTCGATTCATTTCGT-1,BAL 01
c2_2_TTTCGATTCCAATGCA-1,BAL 05
c2_2_TTTCGATTCCTATTTG-1,BAL 08
c2_2_TTTCGATTCTATTGTC-1,BAL 04
c2_2_TTTCGATTCTCGTCAC-1,BAL 08
c2_2_TTTGACTAGCATAGGC-1,BAL 02
c2_2_TTTGACTAGGTTGTTC-1,Multiplet
c2_2_TTTGACTAGTAGAGTT-1,BAL 05
c2_2_TTTGACTAGTAGTCAA-1,BAL 05
c2_2_TTTGACTAGTATGGCG-1,BAL 01
c2_2_TTTGACTCACAGCATT-1,BAL 02
c2_2_TTTGACTCACCGAATT-1,Multiplet
c2_2_TTTGACTCACGAGGAT-1,BAL 03
c2_2_TTTGACTCAGGGATAC-1,BAL 03
c2_2_TTTGACTCAGTCGCAC-1,BAL 08
c2_2_TTTGACTCATGTCTAG-1,BAL 01
c2_2_TTTGACTGTCATACCA-1,Multiplet
c2_2_TTTGACTGTCGTTGGC-1,BAL 02
c2_2_TTTGACTGTGATGGCA-1,BAL 01
c2_2_TTTGACTGTGGTCTCG-1,BAL 05
c2_2_TTTGACTGTTCCTTGC-1,BAL 08
c2_2_TTTGACTGTTTACACG-1,BAL 01
c2_2_TTTGACTTCAACCGAT-1,BAL 06
c2_2_TTTGACTTCACCCTCA-1,BAL 03
c2_2_TTTGACTTCATGAGAA-1,Negative
c2_2_TTTGACTTCCATTTGT-1,BAL 03
c2_2_TTTGACTTCGAACCTA-1,Multiplet
c2_2_TTTGATCAGCGAGTCA-1,Negative
c2_2_TTTGATCAGTCGTTAC-1,BAL 03
c2_2_TTTGATCTCATGCAGT-1,BAL 08
c2_2_TTTGATCTCCCGAGTG-1,Multiplet
c2_2_TTTGATCTCCCTTGGT-1,Multiplet
c2_2_TTTGATCTCGTCAGAT-1,BAL 02
c2_2_TTTGATCTCGTGCACG-1,BAL 06
c2_2_TTTGATCTCGTTGTTT-1,BAL 06
c2_2_TTTGATCTCTAGAGCT-1,BAL 02
c2_2_TTTGGAGAGAAGCTGC-1,Multiplet
c2_2_TTTGGAGAGCGATTCT-1,BAL 08
c2_2_TTTGGAGAGCGCCCAT-1,BAL 03
c2_2_TTTGGAGCAGGACGAT-1,BAL 03
c2_2_TTTGGAGGTAGCACGA-1,BAL 03
c2_2_TTTGGAGGTGGATTTC-1,BAL 05
c2_2_TTTGGAGTCACCATAG-1,BAL 08
c2_2_TTTGGAGTCACCCTCA-1,Multiplet
c2_2_TTTGGAGTCCGCTTAC-1,Multiplet
c2_2_TTTGGAGTCCTACACC-1,BAL 04
c2_2_TTTGGAGTCGGTCTGG-1,BAL 03
c2_2_TTTGGAGTCTGAGCAT-1,BAL 02
c2_2_TTTGGAGTCTTGGATG-1,BAL 04
c2_2_TTTGGTTAGAGCAGAA-1,Multiplet
c2_2_TTTGGTTAGAGTGTTA-1,BAL 01
c2_2_TTTGGTTAGATGTAGT-1,Multiplet
c2_2_TTTGGTTAGCATCGAG-1,BAL 01
c2_2_TTTGGTTAGCGAGGAG-1,BAL 03
c2_2_TTTGGTTAGGCTCAAG-1,BAL 07
c2_2_TTTGGTTCAATTCTCT-1,BAL 05
c2_2_TTTGGTTGTCAGTCCG-1,Multiplet
c2_2_TTTGGTTTCCACAGCG-1,BAL 07
c2_2_TTTGGTTTCCGCTTAC-1,BAL 07
c2_2_TTTGGTTTCGATGCTA-1,Multiplet
c2_2_TTTGGTTTCGTGCACG-1,BAL 03
c2_2_TTTGGTTTCTCGAGTA-1,BAL 07
c2_2_TTTGGTTTCTGAGAGG-1,BAL 05
c2_2_TTTGTTGAGCACTCGC-1,BAL 07
c2_2_TTTGTTGAGGGACACT-1,BAL 03
c2_2_TTTGTTGAGGTCGAGT-1,BAL 05
c2_2_TTTGTTGCACATACTG-1,BAL 08
c2_2_TTTGTTGCAGCGTGAA-1,Multiplet
c2_2_TTTGTTGCAGTTCCAA-1,Negative
c2_2_TTTGTTGCATCGAGCC-1,BAL 03
c2_2_TTTGTTGGTGAATATG-1,Multiplet
c2_2_TTTGTTGTCATTGGTG-1,Multiplet
c2_2_TTTGTTGTCGATGGAG-1,BAL 02
