cell,call
bc1_1,bc1
bc1_2,bc1
bc1_3,bc1
bc1_4,bc1
bc1_5,bc1
bc1_6,bc1
bc1_7,bc1
bc1_8,bc1
bc1_9,bc1
bc1_10,bc1
bc1_11,bc1
bc1_12,bc1
bc1_13,bc1
bc1_14,bc1
bc1_15,bc1
bc1_16,bc1
bc1_17,bc1
bc1_18,bc1
bc1_19,bc1
bc1_20,bc1
bc1_21,bc1
bc1_22,bc1
bc1_23,bc1
bc1_24,bc1
bc1_25,bc1
bc1_26,bc1
bc1_27,bc1
bc1_28,bc1
bc1_29,bc1
bc1_30,bc1
bc1_31,bc1
bc1_32,bc1
bc1_33,bc1
bc1_34,bc1
bc1_35,bc1
bc1_36,bc1
bc1_37,bc1
bc1_38,bc1
bc1_39,bc1
bc1_40,bc1
bc1_41,bc1
bc1_42,bc1
bc1_43,bc1
bc1_44,bc1
bc1_45,bc1
bc1_46,bc1
bc1_47,bc1
bc1_48,bc1
bc1_49,bc1
bc1_50,bc1
bc1_51,bc1
bc1_52,bc1
bc1_53,bc1
bc1_54,bc1
bc1_55,bc1
bc1_56,bc1
bc1_57,bc1
bc1_58,bc1
bc1_59,bc1
bc1_60,bc1
bc1_61,bc1
bc1_62,bc1
bc1_63,bc1
bc1_64,bc1
bc1_65,bc1
bc1_66,bc1
bc1_67,bc1
bc1_68,bc1
bc1_69,bc1
bc1_70,bc1
bc1_71,bc1
bc1_72,bc1
bc1_73,bc1
bc1_74,bc1
bc1_75,bc1
bc1_76,bc1
bc1_77,bc1
bc1_78,bc1
bc1_79,bc1
bc1_80,bc1
bc1_81,bc1
bc1_82,bc1
bc1_83,bc1
bc1_84,bc1
bc1_85,bc1
bc1_86,bc1
bc1_87,bc1
bc1_88,bc1
bc1_89,bc1
bc1_90,bc1
bc1_91,bc1
bc1_92,bc1
bc1_93,bc1
bc1_94,bc1
bc1_95,bc1
bc1_96,bc1
bc1_97,bc1
bc1_98,bc1
bc1_99,bc1
bc1_100,bc1
bc1_101,bc1
bc1_102,bc1
bc1_103,bc1
bc1_104,bc1
bc1_105,bc1
bc1_106,bc1
bc1_107,bc1
bc1_108,bc1
bc1_109,bc1
bc1_110,bc1
bc1_111,bc1
bc1_112,bc1
bc1_113,bc1
bc1_114,bc1
bc1_115,bc1
bc1_116,bc1
bc1_117,bc1
bc1_118,bc1
bc1_119,bc1
bc1_120,bc1
bc1_121,bc1
bc1_122,bc1
bc1_123,bc1
bc1_124,bc1
bc1_125,bc1
bc1_126,bc1
bc1_127,bc1
bc1_128,bc1
bc1_129,bc1
bc1_130,bc1
bc1_131,bc1
bc1_132,bc1
bc1_133,bc1
bc1_134,bc1
bc1_135,bc1
bc1_136,bc1
bc1_137,bc1
bc1_138,bc1
bc1_139,bc1
bc1_140,bc1
bc1_141,bc1
bc1_142,bc1
bc1_143,bc1
bc1_144,bc1
bc1_145,bc1
bc1_146,bc1
bc1_147,bc1
bc1_148,bc1
bc1_149,bc1
bc1_150,bc1
bc1_151,bc1
bc1_152,bc1
bc1_153,bc1
bc1_154,bc1
bc1_155,bc1
bc1_156,bc1
bc1_157,bc1
bc1_158,bc1
bc1_159,bc1
bc1_160,bc1
bc1_161,bc1
bc1_162,bc1
bc1_163,bc1
bc1_164,bc1
bc1_165,bc1
bc1_166,bc1
bc1_167,bc1
bc1_168,bc1
bc1_169,bc1
bc1_170,bc1
bc1_171,bc1
bc1_172,bc1
bc1_173,bc1
bc1_174,bc1
bc1_175,bc1
bc1_176,bc1
bc1_177,bc1
bc1_178,bc1
bc1_179,bc1
bc1_180,bc1
bc1_181,bc1
bc1_182,bc1
bc1_183,bc1
bc1_184,bc1
bc1_185,bc1
bc1_186,bc1
bc1_187,bc1
bc1_188,bc1
bc1_189,bc1
bc1_190,bc1
bc1_191,bc1
bc1_192,bc1
bc1_193,bc1
bc1_194,bc1
bc1_195,bc1
bc1_196,bc1
bc1_197,bc1
bc1_198,bc1
bc1_199,bc1
bc1_200,bc1
bc1_201,bc1
bc1_202,bc1
bc1_203,bc1
bc1_204,bc1
bc1_205,bc1
bc1_206,bc1
bc1_207,bc1
bc1_208,bc1
bc1_209,bc1
bc1_210,bc1
bc1_211,bc1
bc1_212,bc1
bc1_213,bc1
bc1_214,bc1
bc1_215,bc1
bc1_216,bc1
bc1_217,bc1
bc1_218,bc1
bc1_219,bc1
bc1_220,bc1
bc1_221,bc1
bc1_222,bc1
bc1_223,bc1
bc1_224,bc1
bc1_225,bc1
bc1_226,Multiplet
bc1_227,bc1
bc1_228,bc1
bc1_229,bc1
bc1_230,bc1
bc1_231,bc1
bc1_232,bc1
bc1_233,bc1
bc1_234,bc1
bc1_235,bc1
bc1_236,bc1
bc1_237,bc1
bc1_238,bc1
bc1_239,bc1
bc1_240,bc1
bc1_241,bc1
bc1_242,bc1
bc1_243,bc1
bc1_244,bc1
bc1_245,bc1
bc1_246,bc1
bc1_247,bc1
bc1_248,bc1
bc1_249,bc1
bc1_250,bc1
bc1_251,bc1
bc1_252,bc1
bc1_253,bc1
bc1_254,bc1
bc1_255,bc1
bc1_256,bc1
bc1_257,bc1
bc1_258,bc1
bc1_259,bc1
bc1_260,bc1
bc1_261,bc1
bc1_262,bc1
bc1_263,bc1
bc1_264,bc1
bc1_265,bc1
bc1_266,bc1
bc1_267,bc1
bc1_268,bc1
bc1_269,bc1
bc1_270,bc1
bc1_271,bc1
bc1_272,bc1
bc1_273,bc1
bc1_274,bc1
bc1_275,bc1
bc1_276,bc1
bc1_277,bc1
bc1_278,bc1
bc1_279,bc1
bc1_280,bc1
bc1_281,bc1
bc1_282,bc1
bc1_283,bc1
bc1_284,bc1
bc1_285,bc1
bc1_286,bc1
bc1_287,bc1
bc1_288,bc1
bc1_289,bc1
bc1_290,bc1
bc1_291,bc1
bc1_292,bc1
bc1_293,bc1
bc1_294,bc1
bc1_295,bc1
bc1_296,bc1
bc1_297,bc1
bc1_298,bc1
bc1_299,bc1
bc1_300,bc1
bc1_301,bc1
bc1_302,bc1
bc1_303,bc1
bc1_304,bc1
bc1_305,bc1
bc1_306,bc1
bc1_307,bc1
bc1_308,bc1
bc1_309,bc1
bc1_310,bc1
bc1_311,bc1
bc1_312,bc1
bc1_313,bc1
bc1_314,bc1
bc1_315,bc1
bc1_316,bc1
bc1_317,bc1
bc1_318,bc1
bc1_319,bc1
bc1_320,bc1
bc1_321,bc1
bc1_322,bc1
bc1_323,bc1
bc1_324,bc1
bc1_325,bc1
bc1_326,bc1
bc1_327,bc1
bc1_328,bc1
bc1_329,bc1
bc1_330,bc1
bc1_331,bc1
bc1_332,bc1
bc1_333,bc1
bc1_334,bc1
bc1_335,bc1
bc1_336,bc1
bc1_337,bc1
bc1_338,bc1
bc1_339,bc1
bc1_340,bc1
bc1_341,bc1
bc1_342,bc1
bc1_343,bc1
bc1_344,bc1
bc1_345,bc1
bc1_346,bc1
bc1_347,bc1
bc1_348,bc1
bc1_349,bc1
bc1_350,bc1
bc1_351,bc1
bc1_352,bc1
bc1_353,bc1
bc1_354,bc1
bc1_355,bc1
bc1_356,bc1
bc1_357,bc1
bc1_358,bc1
bc1_359,bc1
bc1_360,bc1
bc1_361,bc1
bc1_362,bc1
bc1_363,bc1
bc1_364,bc1
bc1_365,bc1
bc1_366,bc1
bc1_367,bc1
bc1_368,bc1
bc1_369,bc1
bc1_370,bc1
bc1_371,bc1
bc1_372,bc1
bc1_373,bc1
bc1_374,bc1
bc1_375,bc1
bc1_376,bc1
bc1_377,bc1
bc1_378,bc1
bc1_379,bc1
bc1_380,bc1
bc1_381,bc1
bc1_382,bc1
bc1_383,bc1
bc1_384,bc1
bc1_385,bc1
bc1_386,bc1
bc1_387,bc1
bc1_388,bc1
bc1_389,bc1
bc1_390,bc1
bc1_391,bc1
bc1_392,bc1
bc1_393,bc1
bc1_394,bc1
bc1_395,bc1
bc1_396,bc1
bc1_397,bc1
bc1_398,bc1
bc1_399,bc1
bc1_400,bc1
bc1_401,bc1
bc1_402,bc1
bc1_403,bc1
bc1_404,bc1
bc1_405,bc1
bc1_406,bc1
bc1_407,bc1
bc1_408,bc1
bc1_409,bc1
bc1_410,bc1
bc1_411,bc1
bc1_412,bc1
bc1_413,bc1
bc1_414,bc1
bc1_415,bc1
bc1_416,bc1
bc1_417,bc1
bc1_418,bc1
bc1_419,bc1
bc1_420,bc1
bc1_421,bc1
bc1_422,bc1
bc1_423,bc1
bc1_424,bc1
bc1_425,bc1
bc1_426,bc1
bc1_427,bc1
bc1_428,bc1
bc1_429,bc1
bc1_430,bc1
bc1_431,bc1
bc1_432,bc1
bc1_433,bc1
bc1_434,bc1
bc1_435,bc1
bc1_436,bc1
bc1_437,bc1
bc1_438,bc1
bc1_439,bc1
bc1_440,bc1
bc1_441,bc1
bc1_442,bc1
bc1_443,bc1
bc1_444,bc1
bc1_445,bc1
bc1_446,bc1
bc1_447,bc1
bc1_448,bc1
bc1_449,bc1
bc1_450,bc1
bc1_451,bc1
bc1_452,bc1
bc1_453,bc1
bc1_454,bc1
bc1_455,bc1
bc1_456,bc1
bc1_457,bc1
bc1_458,bc1
bc1_459,bc1
bc1_460,bc1
bc1_461,bc1
bc1_462,bc1
bc1_463,bc1
bc1_464,bc1
bc1_465,bc1
bc1_466,bc1
bc1_467,bc1
bc1_468,bc1
bc1_469,bc1
bc1_470,bc1
bc1_471,bc1
bc1_472,bc1
bc1_473,bc1
bc1_474,bc1
bc1_475,bc1
bc1_476,bc1
bc1_477,bc1
bc1_478,bc1
bc1_479,bc1
bc1_480,bc1
bc1_481,bc1
bc1_482,bc1
bc1_483,bc1
bc1_484,bc1
bc1_485,bc1
bc1_486,bc1
bc1_487,bc1
bc1_488,bc1
bc1_489,bc1
bc1_490,bc1
bc1_491,bc1
bc1_492,bc1
bc1_493,bc1
bc1_494,bc1
bc1_495,bc1
bc1_496,bc1
bc1_497,bc1
bc1_498,bc1
bc1_499,bc1
bc1_500,bc1
bc1_501,bc1
bc1_502,bc1
bc1_503,bc1
bc1_504,bc1
bc1_505,bc1
bc1_506,bc1
bc1_507,bc1
bc1_508,bc1
bc1_509,bc1
bc1_510,bc1
bc1_511,bc1
bc1_512,bc1
bc1_513,bc1
bc1_514,bc1
bc1_515,bc1
bc1_516,bc1
bc1_517,bc1
bc1_518,bc1
bc1_519,bc1
bc1_520,bc1
bc1_521,bc1
bc1_522,bc1
bc1_523,bc1
bc1_524,bc1
bc1_525,bc1
bc1_526,bc1
bc1_527,bc1
bc1_528,bc1
bc1_529,bc1
bc1_530,bc1
bc1_531,bc1
bc1_532,bc1
bc1_533,bc1
bc1_534,bc1
bc1_535,bc1
bc1_536,bc1
bc1_537,bc1
bc1_538,bc1
bc1_539,bc1
bc1_540,bc1
bc1_541,bc1
bc1_542,bc1
bc1_543,bc1
bc1_544,bc1
bc1_545,bc1
bc1_546,bc1
bc1_547,bc1
bc1_548,bc1
bc1_549,bc1
bc1_550,bc1
bc1_551,bc1
bc1_552,bc1
bc1_553,bc1
bc1_554,bc1
bc1_555,bc1
bc1_556,bc1
bc1_557,bc1
bc1_558,bc1
bc1_559,bc1
bc1_560,bc1
bc1_561,bc1
bc1_562,bc1
bc1_563,bc1
bc1_564,bc1
bc1_565,bc1
bc1_566,bc1
bc1_567,bc1
bc1_568,bc1
bc1_569,bc1
bc1_570,bc1
bc1_571,bc1
bc1_572,bc1
bc1_573,bc1
bc1_574,bc1
bc1_575,bc1
bc1_576,bc1
bc1_577,bc1
bc1_578,bc1
bc1_579,bc1
bc2_1,bc2
bc2_2,bc2
bc2_3,bc2
bc2_4,bc2
bc2_5,bc2
bc2_6,bc2
bc2_7,bc2
bc2_8,bc2
bc2_9,bc2
bc2_10,bc2
bc2_11,bc2
bc2_12,bc2
bc2_13,bc2
bc2_14,bc2
bc2_15,bc2
bc2_16,bc2
bc2_17,bc2
bc2_18,bc2
bc2_19,bc2
bc2_20,bc2
bc2_21,bc2
bc2_22,bc2
bc2_23,bc2
bc2_24,bc2
bc2_25,bc2
bc2_26,bc2
bc2_27,bc2
bc2_28,bc2
bc2_29,bc2
bc2_30,bc2
bc2_31,bc2
bc2_32,bc2
bc2_33,bc2
bc2_34,bc2
bc2_35,bc2
bc2_36,bc2
bc2_37,bc2
bc2_38,bc2
bc2_39,bc2
bc2_40,bc2
bc2_41,bc2
bc2_42,bc2
bc2_43,bc2
bc2_44,bc2
bc2_45,bc2
bc2_46,bc2
bc2_47,bc2
bc2_48,bc2
bc2_49,bc2
bc2_50,bc2
bc2_51,bc2
bc2_52,bc2
bc2_53,bc2
bc2_54,bc2
bc2_55,bc2
bc2_56,bc2
bc2_57,bc2
bc2_58,bc2
bc2_59,bc2
bc2_60,bc2
bc2_61,bc2
bc2_62,bc2
bc2_63,bc2
bc2_64,bc2
bc2_65,bc2
bc2_66,bc2
bc2_67,bc2
bc2_68,bc2
bc2_69,bc2
bc2_70,bc2
bc2_71,bc2
bc2_72,bc2
bc2_73,bc2
bc2_74,bc2
bc2_75,bc2
bc2_76,bc2
bc2_77,bc2
bc2_78,bc2
bc2_79,bc2
bc2_80,bc2
bc2_81,bc2
bc2_82,bc2
bc2_83,bc2
bc2_84,bc2
bc2_85,bc2
bc2_86,bc2
bc2_87,bc2
bc2_88,bc2
bc2_89,bc2
bc2_90,bc2
bc2_91,bc2
bc2_92,bc2
bc2_93,bc2
bc2_94,bc2
bc2_95,bc2
bc2_96,bc2
bc2_97,bc2
bc2_98,bc2
bc2_99,bc2
bc2_100,bc2
bc2_101,bc2
bc2_102,bc2
bc2_103,bc2
bc2_104,bc2
bc2_105,bc2
bc2_106,bc2
bc2_107,bc2
bc2_108,bc2
bc2_109,bc2
bc2_110,bc2
bc2_111,bc2
bc2_112,bc2
bc2_113,bc2
bc2_114,bc2
bc2_115,bc2
bc2_116,bc2
bc2_117,bc2
bc2_118,bc2
bc2_119,bc2
bc2_120,bc2
bc2_121,bc2
bc2_122,bc2
bc2_123,bc2
bc2_124,bc2
bc2_125,bc2
bc2_126,bc2
bc2_127,bc2
bc2_128,bc2
bc2_129,bc2
bc2_130,bc2
bc2_131,bc2
bc2_132,bc2
bc2_133,bc2
bc2_134,bc2
bc2_135,bc2
bc2_136,bc2
bc2_137,bc2
bc2_138,bc2
bc2_139,bc2
bc2_140,bc2
bc2_141,bc2
bc2_142,bc2
bc2_143,bc2
bc2_144,bc2
bc2_145,bc2
bc2_146,bc2
bc2_147,bc2
bc2_148,bc2
bc2_149,bc2
bc2_150,bc2
bc2_151,bc2
bc2_152,bc2
bc2_153,bc2
bc2_154,bc2
bc2_155,bc2
bc2_156,bc2
bc2_157,bc2
bc2_158,bc2
bc2_159,bc2
bc2_160,bc2
bc2_161,bc2
bc2_162,bc2
bc2_163,bc2
bc2_164,bc2
bc2_165,bc2
bc2_166,bc2
bc2_167,bc2
bc2_168,bc2
bc2_169,bc2
bc2_170,bc2
bc2_171,bc2
bc2_172,bc2
bc2_173,bc2
bc2_174,bc2
bc2_175,bc2
bc2_176,bc2
bc2_177,bc2
bc2_178,bc2
bc2_179,bc2
bc2_180,bc2
bc2_181,bc2
bc2_182,bc2
bc2_183,bc2
bc2_184,bc2
bc2_185,bc2
bc2_186,bc2
bc2_187,bc2
bc2_188,bc2
bc2_189,bc2
bc2_190,bc2
bc2_191,bc2
bc2_192,bc2
bc2_193,bc2
bc2_194,bc2
bc2_195,bc2
bc2_196,bc2
bc2_197,bc2
bc2_198,bc2
bc2_199,bc2
bc2_200,bc2
bc2_201,bc2
bc2_202,bc2
bc2_203,bc2
bc2_204,bc2
bc2_205,bc2
bc2_206,bc2
bc2_207,bc2
bc2_208,bc2
bc2_209,bc2
bc2_210,bc2
bc2_211,bc2
bc2_212,bc2
bc2_213,bc2
bc2_214,bc2
bc2_215,bc2
bc2_216,bc2
bc2_217,bc2
bc2_218,bc2
bc2_219,bc2
bc2_220,bc2
bc2_221,bc2
bc2_222,bc2
bc2_223,bc2
bc2_224,bc2
bc2_225,bc2
bc2_226,bc2
bc2_227,bc2
bc2_228,bc2
bc2_229,bc2
bc2_230,bc2
bc2_231,bc2
bc2_232,bc2
bc2_233,bc2
bc2_234,bc2
bc2_235,bc2
bc2_236,bc2
bc2_237,bc2
bc2_238,bc2
bc2_239,bc2
bc2_240,bc2
bc2_241,bc2
bc2_242,bc2
bc2_243,bc2
bc2_244,bc2
bc2_245,bc2
bc2_246,bc2
bc2_247,bc2
bc2_248,bc2
bc2_249,bc2
bc2_250,bc2
bc2_251,bc2
bc2_252,bc2
bc2_253,bc2
bc2_254,bc2
bc2_255,bc2
bc2_256,bc2
bc2_257,bc2
bc2_258,bc2
bc2_259,bc2
bc2_260,bc2
bc2_261,bc2
bc2_262,bc2
bc2_263,bc2
bc2_264,bc2
bc2_265,bc2
bc2_266,bc2
bc2_267,bc2
bc2_268,bc2
bc2_269,bc2
bc2_270,bc2
bc2_271,bc2
bc2_272,bc2
bc2_273,bc2
bc2_274,bc2
bc2_275,bc2
bc2_276,bc2
bc2_277,bc2
bc2_278,bc2
bc2_279,bc2
bc2_280,bc2
bc2_281,bc2
bc2_282,bc2
bc2_283,bc2
bc2_284,bc2
bc2_285,bc2
bc2_286,bc2
bc2_287,bc2
bc2_288,bc2
bc2_289,bc2
bc2_290,bc2
bc2_291,bc2
bc2_292,bc2
bc2_293,bc2
bc2_294,bc2
bc2_295,bc2
bc2_296,bc2
bc2_297,bc2
bc2_298,bc2
bc2_299,bc2
bc2_300,bc2
bc2_301,bc2
bc2_302,bc2
bc2_303,bc2
bc2_304,bc2
bc2_305,bc2
bc2_306,bc2
bc2_307,bc2
bc2_308,bc2
bc2_309,bc2
bc2_310,bc2
bc2_311,bc2
bc2_312,bc2
bc2_313,bc2
bc2_314,bc2
bc2_315,bc2
bc2_316,bc2
bc2_317,bc2
bc2_318,bc2
bc2_319,bc2
bc2_320,bc2
bc2_321,bc2
bc2_322,bc2
bc2_323,bc2
bc2_324,bc2
bc2_325,bc2
bc2_326,bc2
bc2_327,bc2
bc2_328,bc2
bc2_329,bc2
bc2_330,bc2
bc2_331,bc2
bc2_332,bc2
bc2_333,bc2
bc2_334,bc2
bc2_335,bc2
bc2_336,bc2
bc2_337,bc2
bc2_338,bc2
bc2_339,bc2
bc2_340,bc2
bc2_341,bc2
bc2_342,bc2
bc2_343,bc2
bc2_344,bc2
bc2_345,bc2
bc2_346,bc2
bc2_347,bc2
bc2_348,bc2
bc2_349,bc2
bc2_350,bc2
bc2_351,bc2
bc2_352,bc2
bc2_353,bc2
bc2_354,bc2
bc2_355,bc2
bc2_356,bc2
bc2_357,bc2
bc2_358,bc2
bc2_359,bc2
bc2_360,bc2
bc2_361,bc2
bc2_362,bc2
bc2_363,bc2
bc2_364,bc2
bc2_365,bc2
bc2_366,bc2
bc2_367,bc2
bc2_368,bc2
bc2_369,bc2
bc2_370,bc2
bc2_371,bc2
bc2_372,bc2
bc2_373,bc2
bc2_374,bc2
bc2_375,bc2
bc2_376,bc2
bc2_377,bc2
bc2_378,bc2
bc2_379,bc2
bc2_380,bc2
bc2_381,bc2
bc2_382,bc2
bc2_383,bc2
bc2_384,bc2
bc2_385,bc2
bc2_386,bc2
bc2_387,bc2
bc2_388,bc2
bc2_389,bc2
bc2_390,bc2
bc2_391,bc2
bc2_392,bc2
bc2_393,bc2
bc2_394,bc2
bc2_395,bc2
bc2_396,bc2
bc2_397,bc2
bc2_398,bc2
bc2_399,bc2
bc2_400,bc2
bc2_401,bc2
bc2_402,bc2
bc2_403,bc2
bc2_404,bc2
bc2_405,bc2
bc2_406,bc2
bc2_407,bc2
bc2_408,bc2
bc2_409,bc2
bc2_410,bc2
bc2_411,bc2
bc2_412,bc2
bc2_413,bc2
bc2_414,bc2
bc2_415,bc2
bc2_416,bc2
bc2_417,bc2
bc2_418,bc2
bc2_419,bc2
bc2_420,bc2
bc2_421,bc2
bc2_422,bc2
bc2_423,bc2
bc2_424,bc2
bc2_425,bc2
bc2_426,bc2
bc2_427,bc2
bc2_428,bc2
bc2_429,bc2
bc2_430,bc2
bc2_431,bc2
bc2_432,bc2
bc2_433,bc2
bc2_434,bc2
bc2_435,bc2
bc2_436,bc2
bc2_437,bc2
bc2_438,bc2
bc2_439,bc2
bc2_440,bc2
bc2_441,bc2
bc2_442,bc2
bc2_443,bc2
bc2_444,bc2
bc2_445,bc2
bc2_446,bc2
bc2_447,bc2
bc2_448,bc2
bc2_449,bc2
bc2_450,bc2
bc2_451,bc2
bc2_452,bc2
bc2_453,bc2
bc2_454,bc2
bc2_455,bc2
bc2_456,bc2
bc2_457,bc2
bc2_458,bc2
bc2_459,bc2
bc2_460,bc2
bc2_461,bc2
bc2_462,bc2
bc2_463,bc2
bc2_464,bc2
bc2_465,bc2
bc2_466,bc2
bc2_467,bc2
bc2_468,bc2
bc2_469,bc2
bc2_470,bc2
bc2_471,bc2
bc2_472,bc2
bc2_473,bc2
bc2_474,bc2
bc2_475,bc2
bc2_476,bc2
bc2_477,bc2
bc2_478,bc2
bc2_479,bc2
bc2_480,bc2
bc2_481,bc2
bc2_482,bc2
bc2_483,bc2
bc2_484,bc2
bc2_485,bc2
bc2_486,bc2
bc2_487,bc2
bc2_488,bc2
bc2_489,bc2
bc2_490,bc2
bc2_491,bc2
bc2_492,bc2
bc2_493,bc2
bc2_494,bc2
bc2_495,bc2
bc2_496,bc2
bc2_497,bc2
bc2_498,bc2
bc2_499,bc2
bc2_500,bc2
bc2_501,bc2
bc2_502,bc2
bc2_503,bc2
bc2_504,bc2
bc2_505,bc2
bc2_506,bc2
bc2_507,bc2
bc2_508,bc2
bc2_509,bc2
bc2_510,bc2
bc2_511,bc2
bc2_512,bc2
bc2_513,bc2
bc2_514,bc2
bc2_515,bc2
bc2_516,bc2
bc2_517,bc2
bc2_518,bc2
bc2_519,bc2
bc2_520,bc2
bc2_521,bc2
bc2_522,bc2
bc2_523,bc2
bc2_524,bc2
bc2_525,bc2
bc2_526,bc2
bc2_527,bc2
bc2_528,bc2
bc2_529,bc2
bc2_530,bc2
bc2_531,bc2
bc2_532,bc2
bc2_533,bc2
bc2_534,bc2
bc2_535,bc2
bc2_536,bc2
bc2_537,bc2
bc2_538,bc2
bc2_539,bc2
bc2_540,bc2
bc2_541,bc2
bc2_542,bc2
bc2_543,bc2
bc2_544,bc2
bc2_545,bc2
bc2_546,bc2
bc2_547,bc2
bc2_548,bc2
bc2_549,bc2
bc2_550,bc2
bc2_551,bc2
bc2_552,bc2
bc2_553,bc2
bc2_554,bc2
bc2_555,bc2
bc2_556,bc2
bc2_557,bc2
bc2_558,bc2
bc2_559,bc2
bc2_560,bc2
bc2_561,bc2
bc2_562,bc2
bc2_563,bc2
bc2_564,bc2
bc2_565,bc2
bc2_566,bc2
bc2_567,bc2
bc2_568,bc2
bc2_569,bc2
bc2_570,bc2
bc2_571,bc2
bc2_572,bc2
bc2_573,bc2
bc2_574,bc2
bc2_575,bc2
bc2_576,bc2
bc2_577,bc2
bc2_578,bc2
bc2_579,bc2
bc2_580,bc2
bc2_581,bc2
bc2_582,bc2
bc2_583,bc2
bc2_584,bc2
bc2_585,bc2
bc2_586,bc2
bc2_587,bc2
bc2_588,bc2
bc2_589,bc2
bc2_590,bc2
bc2_591,bc2
bc2_592,bc2
bc2_593,bc2
bc2_594,bc2
bc2_595,bc2
bc2_596,bc2
bc2_597,bc2
bc2_598,bc2
bc2_599,bc2
bc2_600,bc2
bc2_601,bc2
bc2_602,bc2
bc2_603,bc2
bc2_604,bc2
bc2_605,bc2
bc2_606,bc2
bc2_607,bc2
bc2_608,bc2
bc2_609,bc2
bc2_610,bc2
bc2_611,bc2
bc2_612,bc2
bc2_613,bc2
bc2_614,bc2
bc2_615,bc2
bc2_616,bc2
bc2_617,bc2
bc2_618,bc2
bc2_619,bc2
bc2_620,bc2
bc2_621,bc2
bc2_622,bc2
bc2_623,bc2
bc2_624,bc2
bc2_625,bc2
bc2_626,bc2
bc2_627,bc2
bc2_628,bc2
bc2_629,bc2
bc2_630,bc2
bc2_631,bc2
bc2_632,bc2
bc2_633,bc2
bc2_634,bc2
bc2_635,bc2
bc2_636,bc2
bc2_637,bc2
bc2_638,bc2
bc2_639,bc2
bc2_640,bc2
bc2_641,bc2
bc2_642,bc2
bc2_643,bc2
bc2_644,bc2
bc2_645,bc2
bc2_646,bc2
bc2_647,bc2
bc2_648,bc2
bc2_649,bc2
bc2_650,bc2
bc2_651,bc2
bc2_652,Multiplet
bc2_653,bc2
bc2_654,bc2
bc2_655,bc2
bc2_656,bc2
bc2_657,bc2
bc2_658,bc2
bc2_659,bc2
bc2_660,bc2
bc2_661,bc2
bc2_662,bc2
bc2_663,bc2
bc2_664,bc2
bc2_665,bc2
bc2_666,bc2
bc2_667,bc2
bc2_668,bc2
bc2_669,bc2
bc2_670,bc2
bc2_671,bc2
bc2_672,bc2
bc2_673,bc2
bc2_674,bc2
bc2_675,bc2
bc2_676,bc2
bc2_677,bc2
bc2_678,bc2
bc2_679,bc2
bc2_680,bc2
bc2_681,bc2
bc2_682,bc2
bc2_683,bc2
bc2_684,bc2
bc2_685,bc2
bc2_686,bc2
bc2_687,bc2
bc2_688,bc2
bc2_689,bc2
bc2_690,bc2
bc2_691,bc2
bc2_692,bc2
bc2_693,bc2
bc2_694,bc2
bc2_695,bc2
bc2_696,bc2
bc2_697,bc2
bc2_698,bc2
bc2_699,bc2
bc2_700,bc2
bc2_701,bc2
bc2_702,bc2
bc2_703,bc2
bc2_704,bc2
bc2_705,bc2
bc2_706,bc2
bc2_707,bc2
bc2_708,bc2
bc2_709,bc2
bc2_710,bc2
bc2_711,bc2
bc2_712,bc2
bc2_713,bc2
bc2_714,bc2
bc2_715,bc2
bc2_716,bc2
bc2_717,bc2
bc2_718,bc2
bc2_719,bc2
bc2_720,bc2
bc2_721,bc2
bc2_722,bc2
bc2_723,bc2
bc2_724,bc2
bc2_725,bc2
bc2_726,bc2
bc2_727,bc2
bc2_728,bc2
bc2_729,bc2
bc2_730,bc2
bc2_731,bc2
bc2_732,bc2
bc2_733,bc2
bc2_734,bc2
bc2_735,bc2
bc2_736,bc2
bc2_737,bc2
bc2_738,bc2
bc2_739,bc2
bc2_740,bc2
bc2_741,bc2
bc2_742,bc2
bc2_743,bc2
bc2_744,bc2
bc2_745,bc2
bc2_746,bc2
bc2_747,bc2
bc2_748,bc2
bc2_749,bc2
bc2_750,bc2
bc2_751,bc2
bc2_752,bc2
bc2_753,bc2
bc2_754,bc2
bc2_755,bc2
bc2_756,bc2
bc2_757,bc2
bc2_758,bc2
bc2_759,bc2
bc2_760,bc2
bc2_761,bc2
bc2_762,bc2
bc2_763,bc2
bc2_764,bc2
bc2_765,bc2
bc2_766,bc2
bc2_767,bc2
bc2_768,bc2
bc2_769,bc2
bc2_770,bc2
bc2_771,bc2
bc2_772,bc2
bc2_773,bc2
bc2_774,bc2
bc2_775,bc2
bc2_776,bc2
bc2_777,bc2
bc2_778,bc2
bc2_779,bc2
bc2_780,bc2
bc2_781,bc2
bc2_782,bc2
bc2_783,bc2
bc2_784,bc2
bc2_785,bc2
bc2_786,bc2
bc2_787,bc2
bc2_788,bc2
bc2_789,bc2
bc2_790,bc2
bc2_791,bc2
bc2_792,bc2
bc2_793,bc2
bc2_794,bc2
bc2_795,bc2
bc2_796,bc2
bc2_797,bc2
bc2_798,bc2
bc2_799,bc2
bc2_800,bc2
bc2_801,bc2
bc2_802,bc2
bc2_803,bc2
bc2_804,bc2
bc2_805,bc2
bc2_806,bc2
bc2_807,bc2
bc2_808,bc2
bc2_809,bc2
bc2_810,bc2
bc2_811,bc2
bc2_812,bc2
bc2_813,bc2
bc2_814,bc2
bc2_815,bc2
bc2_816,bc2
bc2_817,bc2
bc2_818,bc2
bc2_819,bc2
bc2_820,bc2
bc2_821,bc2
bc2_822,bc2
bc2_823,bc2
bc2_824,bc2
bc2_825,bc2
bc2_826,bc2
bc2_827,bc2
bc2_828,bc2
bc2_829,bc2
bc2_830,bc2
bc2_831,bc2
bc2_832,bc2
bc2_833,bc2
bc2_834,bc2
bc2_835,bc2
bc2_836,bc2
bc2_837,bc2
bc2_838,bc2
bc2_839,bc2
bc2_840,bc2
bc2_841,Negative
bc2_842,bc2
bc2_843,bc2
bc2_844,bc2
bc2_845,bc2
bc2_846,bc2
bc2_847,bc2
bc2_848,bc2
bc2_849,bc2
bc2_850,bc2
bc2_851,bc2
bc2_852,bc2
bc2_853,bc2
bc2_854,bc2
bc2_855,bc2
bc2_856,bc2
bc2_857,bc2
bc2_858,bc2
bc2_859,bc2
bc2_860,bc2
bc2_861,bc2
bc2_862,bc2
bc2_863,bc2
bc2_864,bc2
bc2_865,bc2
bc2_866,bc2
bc2_867,bc2
bc2_868,bc2
bc2_869,bc2
bc2_870,bc2
bc2_871,bc2
bc2_872,bc2
bc2_873,bc2
bc2_874,bc2
bc2_875,bc2
bc2_876,bc2
bc2_877,bc2
bc2_878,bc2
bc2_879,bc2
bc2_880,Multiplet
bc2_881,bc2
bc2_882,bc2
bc2_883,bc2
bc2_884,bc2
bc2_885,bc2
bc2_886,bc2
bc2_887,bc2
bc2_888,bc2
bc2_889,bc2
bc2_890,bc2
bc2_891,bc2
bc2_892,bc2
bc2_893,bc2
bc2_894,bc2
bc2_895,bc2
bc2_896,bc2
bc2_897,bc2
bc2_898,bc2
bc2_899,bc2
bc2_900,bc2
bc2_901,bc2
bc2_902,bc2
bc2_903,bc2
bc2_904,bc2
bc2_905,bc2
bc2_906,bc2
bc2_907,bc2
bc2_908,bc2
bc2_909,bc2
bc2_910,bc2
bc2_911,bc2
bc2_912,bc2
bc2_913,bc2
bc2_914,bc2
bc2_915,bc2
bc2_916,bc2
bc2_917,bc2
bc2_918,bc2
bc2_919,bc2
bc2_920,bc2
bc2_921,bc2
bc2_922,bc2
bc2_923,bc2
bc2_924,Multiplet
bc2_925,bc2
bc2_926,bc2
bc2_927,bc2
bc2_928,bc2
bc2_929,bc2
bc2_930,bc2
bc2_931,bc2
bc2_932,bc2
bc2_933,bc2
bc2_934,bc2
bc2_935,bc2
bc2_936,bc2
bc2_937,bc2
bc2_938,bc2
bc2_939,bc2
bc2_940,bc2
bc2_941,bc2
bc2_942,bc2
bc2_943,bc2
bc2_944,bc2
bc2_945,bc2
bc2_946,bc2
bc2_947,bc2
bc2_948,bc2
bc2_949,bc2
bc2_950,bc2
bc2_951,bc2
bc2_952,bc2
bc2_953,bc2
bc2_954,bc2
bc2_955,bc2
bc2_956,bc2
bc2_957,bc2
bc2_958,bc2
bc2_959,bc2
bc2_960,bc2
bc2_961,bc2
bc2_962,bc2
bc2_963,bc2
bc2_964,bc2
bc2_965,bc2
bc2_966,bc2
bc2_967,bc2
bc2_968,bc2
bc2_969,bc2
bc2_970,bc2
bc2_971,bc2
bc2_972,bc2
bc2_973,bc2
bc2_974,bc2
bc2_975,bc2
bc2_976,bc2
bc2_977,bc2
bc2_978,bc2
bc2_979,bc2
bc2_980,bc2
bc2_981,bc2
bc2_982,bc2
bc2_983,bc2
bc2_984,bc2
bc2_985,bc2
bc2_986,bc2
bc2_987,bc2
bc2_988,bc2
bc2_989,bc2
bc2_990,bc2
bc2_991,bc2
bc2_992,bc2
bc2_993,bc2
bc2_994,bc2
bc2_995,bc2
bc2_996,bc2
bc2_997,bc2
bc2_998,bc2
bc2_999,bc2
bc2_1000,bc2
bc2_1001,bc2
bc2_1002,bc2
bc2_1003,bc2
bc2_1004,bc2
bc2_1005,bc2
bc2_1006,bc2
bc2_1007,bc2
bc2_1008,bc2
bc2_1009,bc2
bc2_1010,bc2
bc2_1011,bc2
bc2_1012,bc2
bc2_1013,bc2
bc2_1014,bc2
bc2_1015,bc2
bc2_1016,bc2
bc2_1017,bc2
bc2_1018,bc2
bc2_1019,bc2
bc2_1020,bc2
bc2_1021,bc2
bc2_1022,bc2
bc2_1023,bc2
bc2_1024,bc2
bc2_1025,bc2
bc2_1026,bc2
bc2_1027,bc2
bc2_1028,bc2
bc2_1029,bc2
bc2_1030,bc2
bc2_1031,bc2
bc2_1032,bc2
bc2_1033,bc2
bc2_1034,Multiplet
bc2_1035,bc2
bc2_1036,bc2
bc2_1037,bc2
bc2_1038,bc2
bc2_1039,bc2
bc2_1040,bc2
bc2_1041,bc2
bc2_1042,bc2
bc2_1043,bc2
bc2_1044,bc2
bc2_1045,bc2
bc2_1046,bc2
bc2_1047,bc2
bc2_1048,bc2
bc2_1049,bc2
bc2_1050,bc2
bc2_1051,bc2
bc2_1052,bc2
bc2_1053,bc2
bc2_1054,bc2
bc2_1055,Negative
bc2_1056,bc2
bc2_1057,bc2
bc2_1058,bc2
bc2_1059,bc2
bc2_1060,bc2
bc2_1061,bc2
bc2_1062,bc2
bc2_1063,bc2
bc2_1064,bc2
bc2_1065,bc2
bc2_1066,bc2
bc2_1067,bc2
bc2_1068,Multiplet
bc2_1069,bc2
bc2_1070,bc2
bc2_1071,bc2
bc2_1072,bc2
bc2_1073,bc2
bc2_1074,bc2
bc2_1075,bc2
bc2_1076,bc2
bc2_1077,bc2
bc2_1078,bc2
bc2_1079,bc2
bc2_1080,bc2
bc2_1081,bc2
bc2_1082,bc2
bc2_1083,bc2
bc2_1084,bc2
bc2_1085,bc2
bc2_1086,bc2
bc2_1087,bc2
bc2_1088,bc2
bc2_1089,bc2
bc2_1090,bc2
bc2_1091,bc2
bc2_1092,bc2
bc2_1093,bc2
bc2_1094,bc2
bc2_1095,bc2
bc2_1096,bc2
bc2_1097,bc2
bc2_1098,bc2
bc2_1099,bc2
bc2_1100,bc2
bc2_1101,bc2
bc2_1102,bc2
bc2_1103,bc2
bc2_1104,bc2
bc2_1105,bc2
bc2_1106,bc2
bc2_1107,bc2
bc2_1108,bc2
bc2_1109,bc2
bc2_1110,bc2
bc2_1111,bc2
bc2_1112,bc2
bc2_1113,bc2
bc2_1114,bc2
bc2_1115,bc2
bc2_1116,bc2
bc2_1117,bc2
bc2_1118,bc2
bc2_1119,bc2
bc2_1120,bc2
bc2_1121,bc2
bc2_1122,bc2
bc2_1123,bc2
bc2_1124,bc2
bc2_1125,bc2
bc2_1126,bc2
bc2_1127,bc2
bc2_1128,bc2
bc2_1129,bc2
bc2_1130,bc2
bc2_1131,bc2
bc2_1132,bc2
bc2_1133,bc2
bc2_1134,bc2
bc2_1135,bc2
bc2_1136,bc2
bc2_1137,bc2
bc2_1138,bc2
bc2_1139,bc2
bc2_1140,bc2
bc2_1141,bc2
bc2_1142,bc2
bc2_1143,bc2
bc2_1144,bc2
bc2_1145,bc2
bc2_1146,bc2
bc2_1147,bc2
bc2_1148,bc2
bc2_1149,bc2
bc2_1150,bc2
bc2_1151,bc2
bc2_1152,bc2
bc2_1153,bc2
bc2_1154,bc2
bc2_1155,bc2
bc2_1156,bc2
bc2_1157,bc2
bc2_1158,bc2
bc2_1159,bc2
bc2_1160,bc2
bc2_1161,bc2
bc2_1162,bc2
bc2_1163,Negative
bc2_1164,bc2
bc2_1165,bc2
bc2_1166,bc2
bc2_1167,bc2
bc2_1168,bc2
bc2_1169,bc2
bc2_1170,bc2
bc2_1171,bc2
bc2_1172,bc2
bc2_1173,bc2
bc2_1174,bc2
bc2_1175,bc2
bc2_1176,bc2
bc2_1177,bc2
bc2_1178,bc2
bc2_1179,bc2
bc2_1180,bc2
bc2_1181,bc2
bc2_1182,bc2
bc2_1183,bc2
bc2_1184,bc2
bc2_1185,bc2
bc2_1186,bc2
bc2_1187,bc2
bc2_1188,bc2
bc2_1189,bc2
bc2_1190,bc2
bc2_1191,bc2
bc2_1192,bc2
bc2_1193,bc2
bc2_1194,bc2
bc2_1195,bc2
bc2_1196,bc2
bc2_1197,bc2
bc2_1198,bc2
bc2_1199,bc2
bc2_1200,bc2
bc2_1201,bc2
bc2_1202,bc2
bc2_1203,bc2
bc2_1204,bc2
bc2_1205,bc2
bc2_1206,bc2
bc2_1207,bc2
bc2_1208,bc2
bc2_1209,bc2
bc2_1210,bc2
bc2_1211,bc2
bc2_1212,bc2
bc2_1213,bc2
bc2_1214,bc2
bc2_1215,bc2
bc2_1216,bc2
bc2_1217,bc2
bc2_1218,bc2
bc2_1219,bc2
bc2_1220,bc2
bc2_1221,bc2
bc2_1222,bc2
bc2_1223,bc2
bc2_1224,bc2
bc2_1225,bc2
bc2_1226,bc2
bc2_1227,bc2
bc2_1228,bc2
bc2_1229,bc2
bc2_1230,bc2
bc2_1231,bc2
bc2_1232,bc2
bc2_1233,bc2
bc2_1234,bc2
bc2_1235,bc2
bc2_1236,bc2
bc2_1237,bc2
bc2_1238,bc2
bc2_1239,bc2
bc2_1240,bc2
bc2_1241,bc2
bc2_1242,bc2
bc2_1243,bc2
bc2_1244,bc2
bc2_1245,bc2
bc2_1246,bc2
bc2_1247,bc2
bc2_1248,bc2
bc2_1249,bc2
bc2_1250,bc2
bc2_1251,bc2
bc2_1252,bc2
bc2_1253,bc2
bc2_1254,bc2
bc2_1255,bc2
bc2_1256,bc2
bc2_1257,bc2
bc2_1258,bc2
bc2_1259,bc2
bc2_1260,bc2
bc2_1261,bc2
bc2_1262,bc2
bc2_1263,bc2
bc2_1264,bc2
bc2_1265,bc2
bc2_1266,bc2
bc2_1267,bc2
bc2_1268,bc2
bc2_1269,bc2
bc2_1270,bc2
bc2_1271,bc2
bc2_1272,bc2
bc2_1273,bc2
bc2_1274,bc2
bc2_1275,bc2
bc2_1276,bc2
bc2_1277,bc2
bc2_1278,bc2
bc2_1279,bc2
bc2_1280,bc2
bc2_1281,bc2
bc2_1282,bc2
bc2_1283,bc2
bc2_1284,bc2
bc2_1285,bc2
bc2_1286,bc2
bc2_1287,bc2
bc2_1288,bc2
bc2_1289,bc2
bc2_1290,bc2
bc2_1291,bc2
bc2_1292,bc2
bc2_1293,bc2
bc2_1294,bc2
bc2_1295,bc2
bc2_1296,bc2
bc2_1297,bc2
bc2_1298,bc2
bc2_1299,bc2
bc2_1300,bc2
bc2_1301,bc2
bc2_1302,bc2
bc2_1303,bc2
bc2_1304,bc2
bc2_1305,bc2
bc2_1306,bc2
bc2_1307,bc2
bc2_1308,bc2
bc2_1309,bc2
bc2_1310,bc2
bc2_1311,bc2
bc2_1312,bc2
bc2_1313,bc2
bc2_1314,bc2
bc2_1315,bc2
bc2_1316,bc2
bc2_1317,bc2
bc2_1318,bc2
bc2_1319,bc2
bc2_1320,bc2
bc2_1321,bc2
bc2_1322,bc2
bc2_1323,bc2
bc2_1324,bc2
bc2_1325,bc2
bc2_1326,bc2
bc2_1327,bc2
bc2_1328,bc2
bc2_1329,bc2
bc2_1330,bc2
bc2_1331,bc2
bc2_1332,bc2
bc2_1333,bc2
bc2_1334,bc2
bc2_1335,bc2
bc2_1336,bc2
bc2_1337,bc2
bc2_1338,bc2
bc2_1339,bc2
bc2_1340,bc2
bc2_1341,bc2
bc2_1342,bc2
bc2_1343,bc2
bc2_1344,bc2
bc2_1345,bc2
bc2_1346,bc2
bc2_1347,bc2
bc2_1348,bc2
bc2_1349,bc2
bc2_1350,bc2
bc2_1351,bc2
bc2_1352,bc2
bc2_1353,bc2
bc2_1354,bc2
bc2_1355,bc2
bc2_1356,bc2
bc2_1357,bc2
bc2_1358,bc2
bc2_1359,bc2
bc2_1360,bc2
bc2_1361,bc2
bc2_1362,bc2
bc2_1363,bc2
bc2_1364,bc2
bc2_1365,bc2
bc2_1366,bc2
bc2_1367,bc2
bc2_1368,bc2
bc2_1369,bc2
bc2_1370,bc2
bc2_1371,bc2
bc2_1372,bc2
bc2_1373,bc2
bc2_1374,Multiplet
bc2_1375,bc2
bc2_1376,bc2
bc2_1377,bc2
bc2_1378,bc2
bc2_1379,bc2
bc2_1380,bc2
bc2_1381,bc2
bc2_1382,bc2
bc2_1383,bc2
bc2_1384,bc2
bc2_1385,bc2
bc2_1386,bc2
bc2_1387,bc2
bc2_1388,bc2
bc2_1389,bc2
bc2_1390,bc2
bc2_1391,bc2
bc2_1392,bc2
bc2_1393,bc2
bc2_1394,bc2
bc2_1395,bc2
bc2_1396,bc2
bc2_1397,bc2
bc2_1398,bc2
bc2_1399,bc2
bc2_1400,bc2
bc2_1401,bc2
bc2_1402,bc2
bc2_1403,bc2
bc2_1404,bc2
bc2_1405,bc2
bc2_1406,bc2
bc2_1407,bc2
bc2_1408,bc2
bc2_1409,bc2
bc2_1410,bc2
bc2_1411,bc2
bc2_1412,bc2
bc2_1413,bc2
bc2_1414,bc2
bc2_1415,bc2
bc2_1416,bc2
bc2_1417,bc2
bc2_1418,bc2
bc2_1419,bc2
bc2_1420,bc2
bc2_1421,bc2
bc2_1422,bc2
bc2_1423,bc2
bc2_1424,bc2
bc2_1425,bc2
bc2_1426,bc2
bc2_1427,bc2
bc2_1428,bc2
bc2_1429,bc2
bc2_1430,bc2
bc2_1431,bc2
bc2_1432,bc2
bc2_1433,bc2
bc2_1434,bc2
bc2_1435,bc2
bc2_1436,bc2
bc2_1437,bc2
bc2_1438,bc2
bc2_1439,bc2
bc2_1440,bc2
bc2_1441,bc2
bc2_1442,bc2
bc2_1443,bc2
bc2_1444,bc2
bc2_1445,bc2
bc2_1446,bc2
bc2_1447,bc2
bc2_1448,bc2
bc2_1449,bc2
bc2_1450,bc2
bc2_1451,bc2
bc2_1452,bc2
bc2_1453,bc2
bc2_1454,bc2
bc2_1455,bc2
bc2_1456,bc2
bc2_1457,bc2
bc2_1458,bc2
bc2_1459,bc2
bc2_1460,bc2
bc2_1461,bc2
bc2_1462,bc2
bc2_1463,bc2
bc2_1464,bc2
bc2_1465,bc2
bc2_1466,bc2
bc2_1467,bc2
bc2_1468,bc2
bc2_1469,bc2
bc2_1470,bc2
bc2_1471,bc2
bc2_1472,bc2
bc2_1473,bc2
bc2_1474,bc2
bc2_1475,bc2
bc2_1476,bc2
bc2_1477,bc2
bc2_1478,Multiplet
bc2_1479,bc2
bc2_1480,bc2
bc2_1481,bc2
bc2_1482,bc2
bc2_1483,bc2
bc2_1484,bc2
bc2_1485,bc2
bc2_1486,bc2
bc2_1487,bc2
bc2_1488,bc2
bc2_1489,bc2
bc2_1490,bc2
bc2_1491,bc2
bc2_1492,bc2
bc2_1493,bc2
bc2_1494,bc2
bc2_1495,bc2
bc2_1496,bc2
bc2_1497,bc2
bc2_1498,bc2
bc2_1499,bc2
bc2_1500,bc2
bc2_1501,bc2
bc2_1502,bc2
bc2_1503,bc2
bc2_1504,bc2
bc2_1505,bc2
bc2_1506,bc2
bc2_1507,bc2
bc2_1508,bc2
bc2_1509,bc2
bc2_1510,bc2
bc2_1511,bc2
bc2_1512,bc2
bc2_1513,bc2
bc2_1514,bc2
bc2_1515,bc2
bc2_1516,bc2
bc2_1517,bc2
bc2_1518,bc2
bc2_1519,bc2
bc2_1520,bc2
bc2_1521,bc2
bc2_1522,bc2
bc2_1523,bc2
bc2_1524,bc2
bc2_1525,bc2
bc2_1526,bc2
bc2_1527,bc2
bc2_1528,bc2
bc2_1529,bc2
bc2_1530,bc2
bc2_1531,bc2
bc2_1532,bc2
bc2_1533,bc2
bc2_1534,bc2
bc2_1535,bc2
bc2_1536,bc2
bc2_1537,bc2
bc2_1538,bc2
bc2_1539,bc2
bc2_1540,bc2
bc2_1541,bc2
bc2_1542,bc2
bc2_1543,bc2
bc2_1544,bc2
bc2_1545,bc2
bc2_1546,bc2
bc2_1547,bc2
bc2_1548,bc2
bc2_1549,bc2
bc2_1550,bc2
bc2_1551,bc2
bc2_1552,bc2
bc2_1553,bc2
bc2_1554,bc2
bc2_1555,bc2
bc2_1556,bc2
bc2_1557,bc2
bc2_1558,bc2
bc2_1559,bc2
bc2_1560,bc2
bc2_1561,bc2
bc2_1562,bc2
bc2_1563,bc2
bc2_1564,bc2
bc2_1565,bc2
bc2_1566,bc2
bc2_1567,bc2
bc2_1568,bc2
bc2_1569,bc2
bc2_1570,bc2
bc2_1571,bc2
bc2_1572,bc2
bc2_1573,bc2
bc2_1574,bc2
bc2_1575,bc2
bc2_1576,bc2
bc2_1577,bc2
bc2_1578,bc2
bc2_1579,bc2
bc2_1580,bc2
bc2_1581,bc2
bc2_1582,bc2
bc2_1583,bc2
bc2_1584,bc2
bc2_1585,bc2
bc2_1586,bc2
bc2_1587,bc2
bc2_1588,bc2
bc2_1589,bc2
bc2_1590,bc2
bc2_1591,bc2
bc2_1592,bc2
bc2_1593,bc2
bc2_1594,bc2
bc2_1595,bc2
bc2_1596,bc2
bc2_1597,bc2
bc2_1598,bc2
bc2_1599,bc2
bc2_1600,bc2
bc2_1601,bc2
bc2_1602,Multiplet
bc2_1603,bc2
bc2_1604,bc2
bc2_1605,bc2
bc2_1606,bc2
bc2_1607,bc2
bc2_1608,bc2
bc2_1609,bc2
bc2_1610,bc2
bc2_1611,bc2
bc2_1612,bc2
bc2_1613,bc2
bc2_1614,bc2
bc2_1615,bc2
bc2_1616,bc2
bc2_1617,bc2
bc2_1618,bc2
bc2_1619,bc2
bc2_1620,bc2
bc2_1621,bc2
bc2_1622,bc2
bc2_1623,bc2
bc2_1624,bc2
bc2_1625,bc2
bc2_1626,bc2
bc2_1627,bc2
bc2_1628,bc2
bc2_1629,bc2
bc2_1630,bc2
bc2_1631,bc2
bc2_1632,bc2
bc2_1633,bc2
bc2_1634,bc2
bc2_1635,bc2
bc2_1636,bc2
bc2_1637,bc2
bc2_1638,bc2
bc2_1639,bc2
bc2_1640,Multiplet
bc2_1641,bc2
bc2_1642,bc2
bc2_1643,bc2
bc2_1644,bc2
bc2_1645,bc2
bc2_1646,bc2
bc2_1647,bc2
bc2_1648,bc2
bc2_1649,bc2
bc2_1650,bc2
bc2_1651,bc2
bc2_1652,bc2
bc2_1653,bc2
bc2_1654,bc2
bc2_1655,bc2
bc2_1656,bc2
bc2_1657,bc2
bc2_1658,bc2
bc2_1659,bc2
bc2_1660,bc2
bc2_1661,bc2
bc2_1662,bc2
bc2_1663,bc2
bc2_1664,bc2
bc2_1665,bc2
bc2_1666,bc2
bc2_1667,bc2
bc2_1668,bc2
bc2_1669,bc2
bc2_1670,bc2
bc2_1671,bc2
bc2_1672,bc2
bc2_1673,bc2
bc2_1674,bc2
bc2_1675,bc2
bc2_1676,bc2
bc2_1677,bc2
bc2_1678,bc2
bc2_1679,bc2
bc2_1680,bc2
bc2_1681,bc2
bc2_1682,bc2
bc2_1683,Negative
bc2_1684,bc2
bc2_1685,bc2
bc2_1686,bc2
bc2_1687,bc2
bc2_1688,bc2
bc2_1689,bc2
bc2_1690,bc2
bc2_1691,bc2
bc2_1692,bc2
bc2_1693,bc2
bc2_1694,bc2
bc2_1695,bc2
bc2_1696,bc2
bc2_1697,bc2
bc2_1698,bc2
bc2_1699,bc2
bc2_1700,bc2
bc2_1701,bc2
bc2_1702,bc2
bc2_1703,bc2
bc2_1704,bc2
bc2_1705,bc2
bc2_1706,bc2
bc2_1707,bc2
bc2_1708,bc2
bc2_1709,bc2
bc2_1710,bc2
bc2_1711,bc2
bc2_1712,bc2
bc2_1713,bc2
bc2_1714,bc2
bc2_1715,bc2
bc2_1716,bc2
bc2_1717,bc2
bc2_1718,bc2
bc2_1719,bc2
bc2_1720,bc2
bc2_1721,bc2
bc2_1722,bc2
bc2_1723,bc2
bc2_1724,bc2
bc2_1725,bc2
bc2_1726,bc2
bc2_1727,bc2
bc2_1728,bc2
bc2_1729,bc2
bc2_1730,bc2
bc2_1731,bc2
bc2_1732,bc2
bc2_1733,bc2
bc2_1734,bc2
bc2_1735,bc2
bc2_1736,bc2
bc2_1737,bc2
bc2_1738,bc2
bc2_1739,bc2
bc2_1740,bc2
bc2_1741,bc2
bc2_1742,bc2
bc2_1743,bc2
bc2_1744,bc2
bc2_1745,bc2
bc2_1746,bc2
bc2_1747,bc2
bc2_1748,bc2
bc2_1749,bc2
bc2_1750,bc2
bc2_1751,bc2
bc2_1752,bc2
bc2_1753,bc2
bc2_1754,bc2
bc2_1755,bc2
bc2_1756,bc2
bc2_1757,bc2
bc2_1758,bc2
bc2_1759,bc2
bc2_1760,bc2
bc2_1761,bc2
bc2_1762,bc2
bc2_1763,bc2
bc2_1764,bc2
bc2_1765,bc2
bc2_1766,bc2
bc2_1767,bc2
bc2_1768,bc2
bc2_1769,bc2
bc2_1770,bc2
bc2_1771,bc2
bc2_1772,bc2
bc2_1773,bc2
bc2_1774,bc2
bc2_1775,bc2
bc2_1776,bc2
bc2_1777,bc2
bc2_1778,bc2
bc2_1779,bc2
bc2_1780,bc2
bc2_1781,bc2
bc2_1782,bc2
bc2_1783,bc2
bc2_1784,bc2
bc2_1785,bc2
bc2_1786,bc2
bc2_1787,bc2
bc2_1788,bc2
bc2_1789,bc2
bc2_1790,bc2
bc2_1791,bc2
bc2_1792,bc2
bc2_1793,bc2
bc2_1794,bc2
bc2_1795,bc2
bc2_1796,bc2
bc2_1797,bc2
bc2_1798,bc2
bc2_1799,bc2
bc2_1800,bc2
bc2_1801,bc2
bc2_1802,bc2
bc2_1803,bc2
bc2_1804,bc2
bc2_1805,bc2
bc2_1806,bc2
bc2_1807,bc2
bc2_1808,bc2
bc2_1809,bc2
bc2_1810,bc2
bc2_1811,bc2
bc2_1812,bc2
bc2_1813,bc2
bc2_1814,bc2
bc2_1815,bc2
bc2_1816,bc2
bc2_1817,bc2
bc2_1818,bc2
bc2_1819,bc2
bc2_1820,bc2
bc2_1821,bc2
bc2_1822,bc2
bc2_1823,bc2
bc2_1824,bc2
bc2_1825,bc2
bc2_1826,bc2
bc2_1827,bc2
bc2_1828,bc2
bc2_1829,bc2
bc2_1830,bc2
bc2_1831,bc2
bc2_1832,bc2
bc2_1833,bc2
bc2_1834,bc2
bc2_1835,bc2
bc2_1836,bc2
bc2_1837,bc2
bc2_1838,bc2
bc2_1839,bc2
bc2_1840,bc2
bc2_1841,bc2
bc2_1842,bc2
bc2_1843,bc2
bc2_1844,bc2
bc2_1845,bc2
bc2_1846,bc2
bc2_1847,bc2
bc2_1848,bc2
bc2_1849,bc2
bc2_1850,bc2
bc2_1851,bc2
bc2_1852,bc2
bc2_1853,bc2
bc2_1854,bc2
bc2_1855,bc2
bc2_1856,bc2
bc2_1857,bc2
bc2_1858,bc2
bc2_1859,bc2
bc2_1860,bc2
bc2_1861,bc2
bc2_1862,bc2
bc2_1863,bc2
bc2_1864,bc2
bc2_1865,bc2
bc2_1866,bc2
bc2_1867,bc2
bc2_1868,bc2
bc2_1869,bc2
bc2_1870,bc2
bc2_1871,bc2
bc2_1872,bc2
bc2_1873,bc2
bc2_1874,bc2
bc2_1875,bc2
bc2_1876,bc2
bc2_1877,bc2
bc2_1878,bc2
bc2_1879,bc2
bc2_1880,bc2
bc2_1881,bc2
bc2_1882,bc2
bc2_1883,bc2
bc2_1884,bc2
bc2_1885,bc2
bc2_1886,Multiplet
bc2_1887,bc2
bc2_1888,bc2
bc2_1889,bc2
bc2_1890,bc2
bc2_1891,bc2
bc2_1892,bc2
bc2_1893,bc2
bc2_1894,bc2
bc2_1895,bc2
bc2_1896,bc2
bc2_1897,bc2
bc2_1898,bc2
bc2_1899,bc2
bc2_1900,bc2
bc2_1901,bc2
bc2_1902,bc2
bc2_1903,bc2
bc2_1904,bc2
bc2_1905,bc2
bc2_1906,bc2
bc2_1907,bc2
bc2_1908,bc2
bc2_1909,bc2
bc2_1910,bc2
bc2_1911,bc2
bc2_1912,bc2
bc2_1913,bc2
bc2_1914,bc2
bc2_1915,bc2
bc2_1916,bc2
bc2_1917,bc2
bc2_1918,bc2
bc2_1919,bc2
bc2_1920,bc2
bc2_1921,bc2
bc2_1922,bc2
bc2_1923,bc2
bc2_1924,bc2
bc2_1925,bc2
bc2_1926,bc2
bc2_1927,bc2
bc2_1928,bc2
bc2_1929,bc2
bc2_1930,bc2
bc2_1931,bc2
bc2_1932,bc2
bc2_1933,bc2
bc2_1934,bc2
bc2_1935,bc2
bc2_1936,bc2
bc2_1937,bc2
bc2_1938,bc2
bc2_1939,bc2
bc2_1940,bc2
bc2_1941,bc2
bc2_1942,bc2
bc2_1943,bc2
bc2_1944,bc2
bc2_1945,bc2
bc2_1946,bc2
bc2_1947,bc2
bc2_1948,bc2
bc2_1949,bc2
bc2_1950,bc2
bc2_1951,bc2
bc2_1952,bc2
bc2_1953,bc2
bc2_1954,bc2
bc2_1955,bc2
bc2_1956,bc2
bc2_1957,bc2
bc2_1958,bc2
bc2_1959,bc2
bc2_1960,bc2
bc2_1961,bc2
bc2_1962,bc2
bc2_1963,bc2
bc2_1964,bc2
bc2_1965,bc2
bc2_1966,bc2
bc2_1967,bc2
bc2_1968,bc2
bc2_1969,bc2
bc2_1970,bc2
bc2_1971,bc2
bc2_1972,bc2
bc2_1973,bc2
bc2_1974,bc2
bc2_1975,bc2
bc2_1976,bc2
bc2_1977,bc2
bc2_1978,bc2
bc2_1979,bc2
bc2_1980,bc2
bc2_1981,bc2
bc2_1982,bc2
bc2_1983,bc2
bc2_1984,bc2
bc2_1985,bc2
bc2_1986,bc2
bc2_1987,bc2
bc2_1988,bc2
bc2_1989,bc2
bc2_1990,bc2
bc2_1991,bc2
bc2_1992,bc2
bc2_1993,bc2
bc2_1994,bc2
bc2_1995,bc2
bc2_1996,bc2
bc2_1997,bc2
bc2_1998,bc2
bc2_1999,bc2
bc2_2000,bc2
bc2_2001,bc2
bc2_2002,bc2
bc2_2003,bc2
bc2_2004,bc2
bc2_2005,bc2
bc2_2006,bc2
bc2_2007,bc2
bc2_2008,bc2
bc2_2009,bc2
bc2_2010,bc2
bc2_2011,bc2
bc2_2012,bc2
bc2_2013,bc2
bc2_2014,bc2
bc2_2015,bc2
bc2_2016,bc2
bc2_2017,bc2
bc2_2018,bc2
bc2_2019,bc2
bc2_2020,bc2
bc2_2021,bc2
bc2_2022,bc2
bc2_2023,bc2
bc2_2024,bc2
bc2_2025,bc2
bc2_2026,bc2
bc2_2027,bc2
bc2_2028,bc2
bc2_2029,bc2
bc2_2030,bc2
bc2_2031,bc2
bc2_2032,bc2
bc2_2033,bc2
bc2_2034,bc2
bc2_2035,bc2
bc2_2036,bc2
bc2_2037,bc2
bc2_2038,bc2
bc2_2039,bc2
bc2_2040,bc2
bc2_2041,bc2
bc2_2042,bc2
bc2_2043,bc2
bc2_2044,bc2
bc2_2045,bc2
bc2_2046,bc2
bc2_2047,bc2
bc2_2048,bc2
bc2_2049,bc2
bc2_2050,bc2
bc2_2051,bc2
bc2_2052,bc2
bc2_2053,bc2
bc2_2054,bc2
bc2_2055,bc2
bc2_2056,bc2
bc2_2057,bc2
bc2_2058,bc2
bc2_2059,bc2
bc2_2060,bc2
bc2_2061,bc2
bc2_2062,bc2
bc2_2063,bc2
bc2_2064,bc2
bc2_2065,bc2
bc2_2066,bc2
bc2_2067,bc2
bc2_2068,bc2
bc2_2069,bc2
bc2_2070,bc2
bc2_2071,bc2
bc2_2072,bc2
bc2_2073,bc2
bc2_2074,bc2
bc2_2075,bc2
bc2_2076,bc2
bc2_2077,bc2
bc2_2078,bc2
bc2_2079,bc2
bc2_2080,bc2
bc2_2081,bc2
bc2_2082,bc2
bc2_2083,bc2
bc2_2084,bc2
bc2_2085,bc2
bc2_2086,bc2
bc2_2087,bc2
bc2_2088,bc2
bc2_2089,bc2
bc2_2090,bc2
bc2_2091,bc2
bc2_2092,bc2
bc2_2093,bc2
bc2_2094,bc2
bc2_2095,bc2
bc2_2096,bc2
bc2_2097,bc2
bc2_2098,bc2
bc2_2099,bc2
bc2_2100,bc2
bc2_2101,bc2
bc2_2102,bc2
bc2_2103,bc2
bc2_2104,bc2
bc2_2105,bc2
bc2_2106,bc2
bc2_2107,bc2
bc2_2108,bc2
bc2_2109,bc2
bc2_2110,bc2
bc2_2111,bc2
bc2_2112,bc2
bc2_2113,bc2
bc2_2114,bc2
bc2_2115,bc2
bc2_2116,bc2
bc2_2117,bc2
bc2_2118,bc2
bc2_2119,bc2
bc2_2120,bc2
bc2_2121,bc2
bc2_2122,bc2
bc2_2123,bc2
bc2_2124,bc2
bc2_2125,bc2
bc2_2126,bc2
bc2_2127,bc2
bc2_2128,bc2
bc2_2129,bc2
bc2_2130,bc2
bc2_2131,bc2
bc2_2132,bc2
bc2_2133,bc2
bc2_2134,bc2
bc2_2135,bc2
bc2_2136,bc2
bc2_2137,bc2
bc2_2138,bc2
bc2_2139,bc2
bc2_2140,bc2
bc2_2141,bc2
bc2_2142,bc2
bc2_2143,bc2
bc2_2144,bc2
bc2_2145,bc2
bc2_2146,bc2
bc2_2147,bc2
bc2_2148,bc2
bc2_2149,bc2
bc2_2150,bc2
bc2_2151,bc2
bc2_2152,bc2
bc2_2153,bc2
bc2_2154,bc2
bc2_2155,bc2
bc2_2156,bc2
bc2_2157,bc2
bc2_2158,bc2
bc2_2159,bc2
bc2_2160,bc2
bc2_2161,bc2
bc2_2162,bc2
bc2_2163,bc2
bc2_2164,bc2
bc2_2165,bc2
bc2_2166,bc2
bc2_2167,bc2
bc2_2168,bc2
bc2_2169,bc2
bc2_2170,bc2
bc2_2171,bc2
bc2_2172,bc2
bc2_2173,bc2
bc2_2174,bc2
bc2_2175,bc2
bc2_2176,bc2
bc2_2177,bc2
bc2_2178,bc2
bc2_2179,bc2
bc2_2180,bc2
bc2_2181,bc2
bc2_2182,bc2
bc2_2183,bc2
bc2_2184,bc2
bc2_2185,bc2
bc2_2186,bc2
bc2_2187,bc2
bc2_2188,bc2
bc2_2189,bc2
bc2_2190,bc2
bc2_2191,bc2
bc2_2192,bc2
bc2_2193,bc2
bc2_2194,bc2
bc2_2195,bc2
bc2_2196,bc2
bc2_2197,bc2
bc2_2198,bc2
bc2_2199,bc2
bc2_2200,bc2
bc2_2201,bc2
bc2_2202,bc2
bc2_2203,bc2
bc2_2204,bc2
bc2_2205,bc2
bc2_2206,bc2
bc2_2207,bc2
bc2_2208,bc2
bc2_2209,bc2
bc2_2210,bc2
bc2_2211,bc2
bc2_2212,bc2
bc2_2213,bc2
bc2_2214,bc2
bc2_2215,bc2
bc2_2216,bc2
bc2_2217,bc2
bc2_2218,bc2
bc2_2219,bc2
bc2_2220,bc2
bc2_2221,bc2
bc2_2222,bc2
bc2_2223,bc2
bc2_2224,bc2
bc2_2225,bc2
bc2_2226,bc2
bc2_2227,bc2
bc2_2228,bc2
bc2_2229,bc2
bc2_2230,bc2
bc2_2231,bc2
bc2_2232,bc2
bc2_2233,bc2
bc2_2234,bc2
bc2_2235,bc2
bc2_2236,bc2
bc2_2237,bc2
bc2_2238,bc2
bc2_2239,bc2
bc2_2240,bc2
bc2_2241,bc2
bc2_2242,bc2
bc2_2243,bc2
bc2_2244,bc2
bc2_2245,bc2
bc2_2246,bc2
bc2_2247,bc2
bc2_2248,bc2
bc2_2249,bc2
bc2_2250,bc2
bc2_2251,bc2
bc2_2252,bc2
bc2_2253,bc2
bc2_2254,bc2
bc2_2255,bc2
bc2_2256,bc2
bc2_2257,bc2
bc2_2258,bc2
bc2_2259,bc2
bc2_2260,bc2
bc2_2261,bc2
bc2_2262,bc2
bc2_2263,bc2
bc2_2264,bc2
bc2_2265,bc2
bc2_2266,bc2
bc2_2267,bc2
bc2_2268,bc2
bc2_2269,bc2
bc2_2270,bc2
bc2_2271,bc2
bc2_2272,bc2
bc2_2273,bc2
bc2_2274,bc2
bc2_2275,bc2
bc2_2276,bc2
bc2_2277,bc2
bc2_2278,bc2
bc2_2279,bc2
bc2_2280,bc2
bc2_2281,bc2
bc2_2282,bc2
bc2_2283,bc2
bc2_2284,bc2
bc2_2285,bc2
bc2_2286,bc2
bc2_2287,bc2
bc2_2288,bc2
bc2_2289,bc2
bc2_2290,bc2
bc2_2291,bc2
bc2_2292,bc2
bc2_2293,bc2
bc2_2294,bc2
bc2_2295,bc2
bc2_2296,bc2
bc2_2297,bc2
bc2_2298,bc2
bc2_2299,bc2
bc2_2300,bc2
bc2_2301,bc2
bc2_2302,bc2
bc2_2303,bc2
bc2_2304,bc2
bc2_2305,bc2
bc2_2306,bc2
bc2_2307,bc2
bc2_2308,bc2
bc2_2309,bc2
bc2_2310,Multiplet
bc2_2311,bc2
bc2_2312,bc2
bc2_2313,bc2
bc2_2314,bc2
bc2_2315,bc2
bc2_2316,bc2
bc2_2317,bc2
bc2_2318,bc2
bc2_2319,bc2
bc2_2320,bc2
bc2_2321,bc2
bc2_2322,bc2
bc2_2323,bc2
bc2_2324,bc2
bc2_2325,bc2
bc2_2326,bc2
bc2_2327,bc2
bc2_2328,bc2
bc2_2329,bc2
bc2_2330,bc2
bc2_2331,bc2
bc2_2332,bc2
bc2_2333,bc2
bc2_2334,bc2
bc2_2335,bc2
bc2_2336,bc2
bc2_2337,bc2
bc2_2338,bc2
bc2_2339,bc2
bc2_2340,bc2
bc2_2341,bc2
bc2_2342,bc2
bc2_2343,bc2
bc2_2344,bc2
bc2_2345,bc2
bc2_2346,bc2
bc2_2347,bc2
bc2_2348,bc2
bc2_2349,bc2
bc2_2350,bc2
bc2_2351,bc2
bc2_2352,bc2
bc2_2353,bc2
bc2_2354,bc2
bc2_2355,bc2
bc2_2356,bc2
bc2_2357,bc2
bc2_2358,bc2
bc2_2359,bc2
bc2_2360,bc2
bc2_2361,bc2
bc2_2362,bc2
bc2_2363,bc2
bc2_2364,bc2
bc2_2365,bc2
bc2_2366,bc2
bc2_2367,bc2
bc2_2368,bc2
bc2_2369,bc2
bc2_2370,bc2
bc2_2371,bc2
bc2_2372,bc2
bc2_2373,bc2
bc2_2374,bc2
bc2_2375,bc2
bc2_2376,bc2
bc2_2377,bc2
bc2_2378,bc2
bc2_2379,bc2
bc2_2380,bc2
bc2_2381,bc2
bc2_2382,bc2
bc2_2383,bc2
bc2_2384,bc2
bc2_2385,bc2
bc2_2386,bc2
bc2_2387,bc2
bc2_2388,bc2
bc2_2389,bc2
bc2_2390,bc2
bc2_2391,bc2
bc2_2392,bc2
bc2_2393,bc2
bc2_2394,bc2
bc2_2395,bc2
bc2_2396,bc2
bc2_2397,bc2
bc2_2398,bc2
bc2_2399,bc2
bc2_2400,bc2
bc2_2401,bc2
bc2_2402,bc2
bc2_2403,bc2
bc2_2404,bc2
bc2_2405,bc2
bc2_2406,bc2
bc2_2407,bc2
bc2_2408,bc2
bc2_2409,bc2
bc2_2410,bc2
bc2_2411,bc2
bc2_2412,bc2
bc2_2413,bc2
bc2_2414,bc2
bc2_2415,bc2
bc2_2416,bc2
bc2_2417,bc2
bc2_2418,bc2
bc2_2419,bc2
bc2_2420,bc2
bc2_2421,bc2
bc2_2422,bc2
bc2_2423,bc2
bc2_2424,bc2
bc2_2425,bc2
bc2_2426,bc2
bc2_2427,bc2
bc2_2428,bc2
bc2_2429,bc2
bc2_2430,bc2
bc2_2431,bc2
bc2_2432,bc2
bc2_2433,bc2
bc2_2434,bc2
bc2_2435,bc2
bc2_2436,bc2
bc2_2437,bc2
bc2_2438,bc2
bc2_2439,bc2
bc2_2440,bc2
bc2_2441,bc2
bc2_2442,bc2
bc2_2443,bc2
bc2_2444,bc2
bc2_2445,bc2
bc2_2446,bc2
bc2_2447,bc2
bc2_2448,bc2
bc2_2449,bc2
bc2_2450,bc2
bc2_2451,bc2
bc2_2452,bc2
bc2_2453,bc2
bc2_2454,bc2
bc2_2455,bc2
bc2_2456,bc2
bc2_2457,bc2
bc2_2458,bc2
bc2_2459,bc2
bc2_2460,bc2
bc2_2461,bc2
bc2_2462,bc2
bc2_2463,bc2
bc2_2464,bc2
bc2_2465,bc2
bc2_2466,bc2
bc2_2467,bc2
bc2_2468,bc2
bc2_2469,bc2
bc2_2470,bc2
bc2_2471,bc2
bc2_2472,bc2
bc2_2473,bc2
bc2_2474,bc2
bc2_2475,bc2
bc2_2476,bc2
bc2_2477,bc2
bc2_2478,bc2
bc2_2479,bc2
bc2_2480,bc2
bc2_2481,bc2
bc2_2482,bc2
bc2_2483,bc2
bc2_2484,bc2
bc2_2485,bc2
bc2_2486,bc2
bc2_2487,bc2
bc2_2488,bc2
bc2_2489,bc2
bc2_2490,bc2
bc2_2491,bc2
bc2_2492,bc2
bc2_2493,bc2
bc2_2494,bc2
bc2_2495,bc2
bc2_2496,bc2
bc2_2497,bc2
bc2_2498,bc2
bc2_2499,bc2
bc2_2500,bc2
bc2_2501,bc2
bc2_2502,bc2
bc2_2503,bc2
bc2_2504,bc2
bc2_2505,bc2
bc2_2506,bc2
bc2_2507,bc2
bc2_2508,bc2
bc2_2509,bc2
bc2_2510,bc2
bc2_2511,bc2
bc2_2512,bc2
bc2_2513,bc2
bc2_2514,bc2
bc2_2515,bc2
bc2_2516,bc2
bc2_2517,bc2
bc2_2518,bc2
bc2_2519,bc2
bc2_2520,bc2
bc2_2521,bc2
bc2_2522,bc2
bc2_2523,bc2
bc2_2524,bc2
bc2_2525,bc2
bc2_2526,bc2
bc2_2527,bc2
bc2_2528,bc2
bc2_2529,bc2
bc2_2530,Multiplet
bc2_2531,bc2
bc2_2532,bc2
bc2_2533,bc2
bc2_2534,bc2
bc2_2535,bc2
bc2_2536,bc2
bc2_2537,bc2
bc2_2538,bc2
bc2_2539,bc2
bc2_2540,bc2
bc2_2541,bc2
bc2_2542,bc2
bc2_2543,bc2
bc2_2544,bc2
bc2_2545,bc2
bc2_2546,bc2
bc2_2547,bc2
bc2_2548,bc2
bc2_2549,bc2
bc2_2550,bc2
bc2_2551,bc2
bc2_2552,bc2
bc2_2553,bc2
bc2_2554,bc2
bc2_2555,bc2
bc2_2556,bc2
bc2_2557,bc2
bc2_2558,bc2
bc2_2559,bc2
bc2_2560,bc2
bc2_2561,bc2
bc2_2562,bc2
bc2_2563,bc2
bc2_2564,bc2
bc2_2565,bc2
bc2_2566,bc2
bc2_2567,bc2
bc2_2568,bc2
bc2_2569,bc2
bc2_2570,bc2
bc2_2571,bc2
bc2_2572,bc2
bc2_2573,bc2
bc2_2574,bc2
bc2_2575,bc2
bc2_2576,bc2
bc2_2577,bc2
bc2_2578,bc2
bc2_2579,Multiplet
bc2_2580,bc2
bc2_2581,bc2
bc2_2582,bc2
bc2_2583,bc2
bc2_2584,bc2
bc2_2585,bc2
bc2_2586,bc2
bc2_2587,bc2
bc2_2588,bc2
bc2_2589,bc2
bc2_2590,bc2
bc2_2591,bc2
bc2_2592,bc2
bc2_2593,bc2
bc2_2594,bc2
bc2_2595,bc2
bc2_2596,bc2
bc2_2597,bc2
bc2_2598,bc2
bc2_2599,bc2
bc2_2600,bc2
bc2_2601,bc2
bc2_2602,bc2
bc2_2603,bc2
bc2_2604,bc2
bc2_2605,bc2
bc2_2606,bc2
bc2_2607,bc2
bc2_2608,bc2
bc2_2609,bc2
bc2_2610,bc2
bc2_2611,bc2
bc2_2612,bc2
bc2_2613,bc2
bc2_2614,bc2
bc2_2615,bc2
bc2_2616,bc2
bc2_2617,bc2
bc2_2618,bc2
bc2_2619,bc2
bc2_2620,bc2
bc2_2621,bc2
bc2_2622,bc2
bc2_2623,bc2
bc2_2624,bc2
bc2_2625,bc2
bc2_2626,bc2
bc2_2627,bc2
bc2_2628,bc2
bc2_2629,bc2
bc2_2630,bc2
bc2_2631,bc2
bc2_2632,bc2
bc2_2633,bc2
bc2_2634,bc2
bc2_2635,bc2
bc2_2636,bc2
bc2_2637,bc2
bc2_2638,bc2
bc2_2639,bc2
bc2_2640,bc2
bc2_2641,bc2
bc2_2642,bc2
bc2_2643,bc2
bc2_2644,bc2
bc2_2645,bc2
bc2_2646,bc2
bc2_2647,bc2
bc2_2648,bc2
bc2_2649,bc2
bc2_2650,bc2
bc2_2651,bc2
bc2_2652,bc2
bc2_2653,bc2
bc2_2654,bc2
bc2_2655,bc2
bc2_2656,bc2
bc2_2657,bc2
bc2_2658,bc2
bc2_2659,bc2
bc2_2660,bc2
bc2_2661,bc2
bc2_2662,bc2
bc2_2663,bc2
bc2_2664,bc2
bc2_2665,bc2
bc2_2666,bc2
bc2_2667,bc2
bc2_2668,bc2
bc2_2669,bc2
bc2_2670,bc2
bc2_2671,bc2
bc2_2672,bc2
bc2_2673,bc2
bc2_2674,bc2
bc2_2675,bc2
bc2_2676,bc2
bc2_2677,bc2
bc2_2678,bc2
bc2_2679,bc2
bc2_2680,bc2
bc2_2681,bc2
bc2_2682,bc2
bc2_2683,bc2
bc2_2684,bc2
bc2_2685,bc2
bc2_2686,bc2
bc2_2687,bc2
bc2_2688,bc2
bc2_2689,bc2
bc2_2690,bc2
bc2_2691,bc2
bc2_2692,bc2
bc2_2693,bc2
bc2_2694,bc2
bc2_2695,bc2
bc2_2696,bc2
bc2_2697,bc2
bc2_2698,bc2
bc2_2699,bc2
bc2_2700,bc2
bc2_2701,bc2
bc2_2702,bc2
bc2_2703,bc2
bc2_2704,bc2
bc2_2705,bc2
bc2_2706,bc2
bc2_2707,bc2
bc2_2708,bc2
bc2_2709,bc2
bc2_2710,bc2
bc2_2711,bc2
bc2_2712,bc2
bc2_2713,bc2
bc2_2714,bc2
bc2_2715,bc2
bc2_2716,bc2
bc2_2717,bc2
bc2_2718,bc2
bc2_2719,bc2
bc2_2720,bc2
bc2_2721,bc2
bc2_2722,bc2
bc2_2723,bc2
bc2_2724,bc2
bc2_2725,bc2
bc2_2726,bc2
bc2_2727,bc2
bc2_2728,bc2
bc2_2729,bc2
bc2_2730,bc2
bc2_2731,bc2
bc2_2732,bc2
bc2_2733,bc2
bc3_1,bc3
bc3_2,bc3
bc3_3,bc3
bc3_4,bc3
bc3_5,bc3
bc3_6,bc3
bc3_7,bc3
bc3_8,bc3
bc3_9,bc3
bc3_10,bc3
bc3_11,bc3
bc3_12,bc3
bc3_13,bc3
bc3_14,bc3
bc3_15,bc3
bc3_16,bc3
bc3_17,bc3
bc3_18,bc3
bc3_19,bc3
bc3_20,bc3
bc3_21,bc3
bc3_22,bc3
bc3_23,bc3
bc3_24,bc3
bc3_25,bc3
bc3_26,bc3
bc3_27,bc3
bc3_28,bc3
bc3_29,bc3
bc3_30,bc3
bc3_31,bc3
bc3_32,bc3
bc3_33,bc3
bc3_34,bc3
bc3_35,bc3
bc3_36,bc3
bc3_37,bc3
bc3_38,bc3
bc3_39,bc3
bc3_40,bc3
bc3_41,bc3
bc3_42,bc3
bc3_43,bc3
bc3_44,bc3
bc3_45,bc3
bc3_46,bc3
bc3_47,bc3
bc3_48,bc3
bc3_49,bc3
bc3_50,bc3
bc3_51,bc3
bc3_52,bc3
bc3_53,bc3
bc3_54,bc3
bc3_55,bc3
bc3_56,bc3
bc3_57,bc3
bc3_58,bc3
bc3_59,bc3
bc3_60,bc17
bc3_61,bc3
bc3_62,bc3
bc3_63,bc3
bc3_64,bc3
bc3_65,bc3
bc3_66,bc3
bc3_67,bc3
bc3_68,bc3
bc3_69,bc3
bc3_70,bc3
bc3_71,bc3
bc3_72,bc3
bc3_73,bc3
bc3_74,bc3
bc3_75,bc3
bc3_76,bc3
bc3_77,bc3
bc3_78,bc3
bc3_79,bc3
bc3_80,bc3
bc3_81,bc3
bc3_82,bc3
bc3_83,bc3
bc3_84,bc3
bc3_85,bc3
bc3_86,bc3
bc3_87,bc3
bc3_88,bc3
bc3_89,bc3
bc3_90,bc3
bc3_91,bc3
bc3_92,bc3
bc3_93,bc3
bc3_94,bc3
bc3_95,bc3
bc3_96,bc3
bc3_97,bc3
bc3_98,bc3
bc3_99,bc3
bc3_100,bc3
bc3_101,bc3
bc3_102,bc3
bc3_103,bc3
bc3_104,bc3
bc3_105,bc3
bc3_106,bc3
bc3_107,bc3
bc3_108,bc3
bc3_109,bc3
bc3_110,bc3
bc3_111,bc3
bc3_112,Negative
bc3_113,bc3
bc3_114,bc3
bc3_115,bc3
bc3_116,bc3
bc3_117,bc3
bc3_118,bc3
bc3_119,bc3
bc3_120,bc3
bc3_121,bc3
bc3_122,bc3
bc3_123,bc3
bc3_124,bc3
bc3_125,bc3
bc3_126,bc3
bc3_127,bc3
bc3_128,bc3
bc3_129,bc3
bc3_130,bc3
bc3_131,bc3
bc3_132,bc3
bc3_133,bc3
bc3_134,bc3
bc3_135,bc3
bc3_136,bc3
bc3_137,bc3
bc3_138,bc3
bc3_139,Multiplet
bc3_140,bc3
bc3_141,bc3
bc3_142,bc3
bc3_143,bc3
bc3_144,bc3
bc3_145,bc3
bc3_146,bc3
bc3_147,bc3
bc3_148,bc3
bc3_149,bc3
bc3_150,bc3
bc3_151,bc3
bc3_152,bc3
bc3_153,bc3
bc3_154,bc3
bc3_155,bc3
bc3_156,bc3
bc3_157,bc3
bc3_158,bc3
bc3_159,bc3
bc3_160,bc3
bc3_161,bc3
bc3_162,bc3
bc3_163,bc3
bc3_164,bc3
bc3_165,bc3
bc3_166,bc3
bc3_167,bc3
bc3_168,bc3
bc3_169,bc3
bc3_170,bc3
bc3_171,bc3
bc3_172,bc3
bc3_173,bc3
bc3_174,bc3
bc3_175,bc3
bc3_176,bc3
bc3_177,bc3
bc3_178,bc3
bc3_179,bc3
bc3_180,bc3
bc3_181,bc3
bc3_182,bc3
bc3_183,bc3
bc3_184,bc3
bc3_185,bc3
bc3_186,bc3
bc3_187,bc3
bc3_188,bc3
bc3_189,bc3
bc3_190,bc3
bc3_191,bc3
bc3_192,bc3
bc3_193,bc3
bc3_194,bc3
bc3_195,bc3
bc3_196,bc3
bc3_197,bc3
bc3_198,bc3
bc3_199,bc3
bc3_200,bc3
bc3_201,bc3
bc3_202,bc3
bc3_203,bc3
bc3_204,bc3
bc3_205,bc3
bc3_206,bc3
bc3_207,bc3
bc3_208,bc3
bc3_209,bc3
bc3_210,bc3
bc3_211,bc3
bc3_212,bc3
bc3_213,bc3
bc3_214,bc3
bc3_215,bc3
bc3_216,bc3
bc3_217,bc3
bc3_218,bc3
bc3_219,bc3
bc3_220,bc3
bc3_221,bc3
bc3_222,bc3
bc3_223,bc3
bc3_224,bc3
bc3_225,bc3
bc3_226,bc3
bc3_227,bc3
bc3_228,bc3
bc3_229,bc3
bc3_230,bc3
bc3_231,bc3
bc3_232,bc3
bc3_233,bc3
bc3_234,bc3
bc3_235,bc3
bc3_236,bc3
bc3_237,bc3
bc3_238,bc3
bc3_239,bc3
bc3_240,bc3
bc3_241,bc3
bc3_242,bc3
bc3_243,bc3
bc3_244,bc3
bc3_245,bc3
bc3_246,bc3
bc3_247,bc3
bc3_248,bc3
bc3_249,bc3
bc3_250,bc3
bc3_251,bc3
bc3_252,bc3
bc3_253,bc3
bc3_254,bc3
bc3_255,bc3
bc3_256,bc3
bc3_257,bc3
bc3_258,bc3
bc3_259,bc3
bc3_260,bc3
bc3_261,bc3
bc3_262,bc3
bc3_263,bc3
bc3_264,bc3
bc3_265,bc3
bc3_266,bc3
bc3_267,bc3
bc3_268,bc3
bc3_269,bc3
bc3_270,bc3
bc3_271,bc3
bc3_272,bc3
bc3_273,bc3
bc3_274,bc3
bc3_275,bc3
bc3_276,bc3
bc3_277,bc3
bc3_278,bc3
bc3_279,bc3
bc3_280,bc3
bc3_281,bc3
bc3_282,bc3
bc3_283,bc3
bc3_284,bc3
bc3_285,bc3
bc3_286,bc3
bc3_287,bc3
bc3_288,bc3
bc3_289,bc3
bc3_290,bc3
bc3_291,bc3
bc3_292,bc3
bc3_293,bc3
bc3_294,bc3
bc3_295,bc3
bc3_296,bc3
bc3_297,bc3
bc3_298,bc3
bc3_299,bc3
bc3_300,bc3
bc3_301,bc3
bc3_302,bc3
bc3_303,bc3
bc3_304,bc3
bc3_305,bc3
bc3_306,bc3
bc3_307,bc3
bc3_308,bc3
bc3_309,bc3
bc3_310,bc3
bc3_311,bc3
bc3_312,bc3
bc3_313,bc3
bc3_314,bc3
bc3_315,bc3
bc3_316,bc3
bc3_317,bc3
bc3_318,bc3
bc3_319,bc3
bc3_320,bc3
bc3_321,bc3
bc3_322,bc3
bc3_323,bc3
bc3_324,bc3
bc3_325,bc3
bc3_326,bc3
bc3_327,bc3
bc3_328,bc3
bc3_329,bc3
bc3_330,bc3
bc3_331,bc3
bc3_332,bc3
bc3_333,bc3
bc3_334,bc3
bc3_335,bc3
bc3_336,bc3
bc3_337,bc3
bc3_338,bc3
bc3_339,bc3
bc4_1,bc4
bc4_2,bc4
bc4_3,bc4
bc4_4,bc4
bc4_5,bc4
bc4_6,bc4
bc4_7,bc4
bc4_8,bc4
bc4_9,bc4
bc4_10,bc4
bc4_11,bc4
bc4_12,bc4
bc4_13,bc4
bc4_14,bc4
bc4_15,bc4
bc4_16,bc4
bc4_17,bc4
bc4_18,bc4
bc4_19,bc4
bc4_20,bc4
bc4_21,bc4
bc4_22,bc4
bc4_23,bc4
bc4_24,bc4
bc4_25,bc4
bc4_26,bc4
bc4_27,bc4
bc4_28,bc4
bc4_29,bc4
bc4_30,bc4
bc4_31,bc4
bc4_32,bc4
bc4_33,bc4
bc4_34,bc4
bc4_35,bc4
bc4_36,bc4
bc4_37,bc4
bc4_38,bc4
bc4_39,bc4
bc4_40,bc4
bc4_41,bc4
bc4_42,bc4
bc4_43,bc4
bc4_44,bc4
bc4_45,bc4
bc4_46,bc4
bc4_47,bc4
bc4_48,bc4
bc4_49,bc4
bc4_50,bc4
bc4_51,bc4
bc4_52,bc4
bc4_53,bc4
bc4_54,bc4
bc4_55,bc4
bc4_56,bc4
bc4_57,bc4
bc4_58,bc4
bc4_59,bc4
bc4_60,bc4
bc4_61,bc4
bc4_62,bc4
bc4_63,bc4
bc4_64,bc4
bc4_65,bc4
bc4_66,bc4
bc4_67,bc4
bc4_68,bc4
bc4_69,bc4
bc4_70,bc4
bc4_71,bc4
bc4_72,bc4
bc4_73,bc4
bc4_74,bc4
bc4_75,bc4
bc4_76,bc4
bc4_77,bc4
bc4_78,bc4
bc4_79,bc4
bc4_80,bc4
bc4_81,bc4
bc4_82,bc4
bc4_83,bc4
bc4_84,bc4
bc4_85,bc4
bc4_86,bc4
bc4_87,bc4
bc4_88,bc4
bc4_89,bc4
bc4_90,bc4
bc4_91,bc4
bc4_92,bc4
bc4_93,bc4
bc4_94,bc4
bc4_95,bc4
bc4_96,bc4
bc4_97,bc4
bc4_98,bc4
bc4_99,bc4
bc4_100,bc4
bc4_101,bc4
bc4_102,bc4
bc4_103,bc4
bc4_104,bc4
bc4_105,bc4
bc4_106,bc4
bc4_107,bc4
bc4_108,bc4
bc4_109,bc4
bc4_110,bc4
bc4_111,bc4
bc4_112,bc4
bc4_113,bc4
bc4_114,bc4
bc4_115,bc4
bc4_116,bc4
bc4_117,bc4
bc4_118,bc4
bc4_119,bc4
bc4_120,bc4
bc4_121,bc4
bc4_122,bc4
bc4_123,bc4
bc4_124,bc4
bc4_125,bc4
bc4_126,bc4
bc4_127,bc4
bc4_128,bc4
bc4_129,bc4
bc4_130,bc4
bc4_131,bc4
bc4_132,bc4
bc4_133,bc4
bc4_134,bc4
bc4_135,bc4
bc4_136,bc4
bc4_137,bc4
bc4_138,bc4
bc4_139,bc4
bc4_140,bc4
bc4_141,bc4
bc4_142,bc4
bc4_143,bc4
bc4_144,bc4
bc4_145,bc4
bc4_146,bc4
bc4_147,bc4
bc4_148,bc4
bc4_149,bc4
bc4_150,bc4
bc4_151,bc4
bc4_152,bc4
bc4_153,bc4
bc4_154,bc4
bc4_155,bc4
bc4_156,bc4
bc4_157,bc4
bc4_158,bc4
bc4_159,bc4
bc4_160,bc4
bc4_161,bc4
bc4_162,bc4
bc4_163,bc4
bc4_164,bc4
bc4_165,bc4
bc4_166,bc4
bc4_167,bc4
bc4_168,bc4
bc4_169,bc4
bc4_170,bc4
bc4_171,bc4
bc4_172,bc4
bc4_173,bc4
bc4_174,bc4
bc4_175,bc4
bc4_176,bc4
bc4_177,bc4
bc4_178,bc4
bc4_179,bc4
bc4_180,bc4
bc4_181,bc4
bc4_182,bc4
bc4_183,bc4
bc4_184,bc4
bc4_185,bc4
bc4_186,bc4
bc4_187,bc4
bc4_188,bc4
bc4_189,bc4
bc4_190,bc4
bc4_191,bc4
bc4_192,bc4
bc4_193,bc4
bc4_194,bc4
bc4_195,bc4
bc4_196,bc4
bc4_197,bc4
bc4_198,bc4
bc4_199,bc4
bc4_200,bc4
bc4_201,bc4
bc4_202,bc4
bc4_203,bc4
bc4_204,bc4
bc4_205,bc4
bc4_206,bc4
bc4_207,bc4
bc4_208,bc4
bc4_209,bc4
bc4_210,bc4
bc4_211,bc4
bc4_212,bc4
bc4_213,bc4
bc4_214,bc4
bc4_215,bc4
bc4_216,bc4
bc4_217,bc4
bc4_218,bc4
bc4_219,bc4
bc4_220,bc4
bc4_221,bc4
bc4_222,bc4
bc4_223,bc4
bc4_224,bc4
bc4_225,bc4
bc4_226,bc4
bc4_227,bc4
bc4_228,bc4
bc4_229,bc4
bc4_230,bc4
bc4_231,bc4
bc4_232,bc4
bc4_233,bc4
bc4_234,bc4
bc4_235,bc4
bc4_236,bc4
bc4_237,bc4
bc4_238,bc4
bc4_239,bc4
bc4_240,bc4
bc4_241,bc4
bc4_242,bc4
bc4_243,bc4
bc4_244,bc4
bc4_245,bc4
bc4_246,bc4
bc4_247,bc4
bc4_248,bc4
bc4_249,bc4
bc4_250,bc4
bc4_251,bc4
bc4_252,bc4
bc4_253,bc4
bc4_254,bc4
bc4_255,bc4
bc4_256,bc4
bc4_257,bc4
bc4_258,bc4
bc4_259,bc4
bc4_260,bc4
bc4_261,bc4
bc4_262,bc4
bc4_263,bc4
bc4_264,bc4
bc4_265,bc4
bc4_266,bc4
bc4_267,bc4
bc4_268,bc4
bc4_269,bc4
bc4_270,bc4
bc4_271,bc4
bc4_272,bc4
bc4_273,bc4
bc4_274,bc4
bc4_275,bc4
bc4_276,bc4
bc4_277,bc4
bc4_278,bc4
bc4_279,bc4
bc4_280,bc4
bc4_281,bc4
bc4_282,bc4
bc4_283,bc4
bc4_284,bc4
bc4_285,bc4
bc4_286,bc4
bc4_287,bc4
bc4_288,bc4
bc4_289,bc4
bc4_290,bc4
bc4_291,bc4
bc4_292,bc4
bc4_293,bc4
bc4_294,bc4
bc4_295,bc4
bc4_296,bc4
bc4_297,bc4
bc4_298,bc4
bc4_299,bc4
bc4_300,bc4
bc4_301,bc4
bc4_302,bc4
bc4_303,bc4
bc4_304,bc4
bc4_305,bc4
bc4_306,bc4
bc4_307,bc4
bc4_308,bc4
bc4_309,bc4
bc4_310,bc4
bc4_311,bc4
bc4_312,bc4
bc4_313,bc4
bc4_314,bc4
bc4_315,bc4
bc4_316,bc4
bc4_317,bc4
bc4_318,bc4
bc4_319,bc4
bc4_320,bc4
bc4_321,bc4
bc4_322,bc4
bc4_323,bc4
bc4_324,bc4
bc4_325,bc4
bc4_326,bc4
bc4_327,bc4
bc4_328,bc4
bc4_329,bc4
bc4_330,bc4
bc4_331,bc4
bc4_332,bc4
bc4_333,bc4
bc4_334,bc4
bc4_335,bc4
bc4_336,bc4
bc4_337,bc4
bc4_338,bc4
bc4_339,bc4
bc4_340,bc4
bc4_341,bc4
bc4_342,bc4
bc4_343,bc4
bc4_344,bc4
bc4_345,bc4
bc4_346,bc4
bc4_347,bc4
bc4_348,bc4
bc4_349,bc4
bc4_350,bc4
bc4_351,bc4
bc4_352,bc4
bc4_353,bc4
bc4_354,bc4
bc4_355,bc4
bc4_356,bc4
bc4_357,bc4
bc4_358,bc4
bc4_359,bc4
bc4_360,bc4
bc4_361,bc4
bc4_362,bc4
bc4_363,bc4
bc4_364,bc4
bc4_365,bc4
bc4_366,bc4
bc4_367,bc4
bc4_368,bc4
bc4_369,bc4
bc4_370,bc4
bc4_371,bc4
bc4_372,bc4
bc4_373,bc4
bc4_374,bc4
bc4_375,bc4
bc4_376,bc4
bc4_377,bc4
bc4_378,bc4
bc4_379,bc4
bc4_380,bc4
bc4_381,bc4
bc4_382,bc4
bc4_383,bc4
bc4_384,bc4
bc4_385,bc4
bc4_386,bc4
bc4_387,bc4
bc4_388,bc4
bc4_389,bc4
bc4_390,bc4
bc4_391,bc4
bc4_392,bc4
bc4_393,bc4
bc4_394,bc4
bc4_395,bc4
bc4_396,bc4
bc4_397,bc4
bc4_398,bc4
bc4_399,bc4
bc4_400,bc4
bc4_401,bc4
bc4_402,bc4
bc4_403,bc4
bc4_404,bc4
bc4_405,bc4
bc4_406,bc4
bc4_407,bc4
bc4_408,bc4
bc4_409,bc4
bc4_410,bc4
bc4_411,bc4
bc4_412,bc4
bc4_413,bc4
bc4_414,bc4
bc4_415,bc4
bc4_416,bc4
bc4_417,bc4
bc4_418,bc4
bc4_419,bc4
bc4_420,bc4
bc4_421,bc4
bc4_422,bc4
bc4_423,bc4
bc4_424,bc4
bc4_425,bc4
bc4_426,bc4
bc4_427,bc4
bc4_428,bc4
bc4_429,bc4
bc4_430,bc4
bc4_431,bc4
bc4_432,bc4
bc4_433,bc4
bc4_434,bc4
bc4_435,bc4
bc4_436,bc4
bc4_437,bc4
bc4_438,bc4
bc4_439,bc4
bc4_440,bc4
bc4_441,bc4
bc4_442,bc4
bc4_443,bc4
bc4_444,bc4
bc4_445,bc4
bc4_446,bc4
bc4_447,bc4
bc4_448,bc4
bc4_449,bc4
bc4_450,bc4
bc4_451,bc4
bc4_452,bc4
bc4_453,bc4
bc4_454,bc4
bc4_455,bc4
bc4_456,bc4
bc4_457,bc4
bc4_458,bc4
bc4_459,bc4
bc4_460,bc4
bc4_461,Multiplet
bc4_462,bc4
bc4_463,bc4
bc4_464,bc4
bc4_465,bc4
bc4_466,bc4
bc4_467,bc4
bc4_468,bc4
bc4_469,bc4
bc4_470,bc4
bc4_471,bc4
bc4_472,bc4
bc4_473,bc4
bc4_474,bc4
bc4_475,bc4
bc4_476,bc4
bc4_477,bc4
bc4_478,bc4
bc4_479,bc4
bc4_480,bc4
bc4_481,bc4
bc4_482,bc4
bc4_483,bc4
bc4_484,bc4
bc4_485,bc4
bc4_486,bc4
bc4_487,bc4
bc4_488,bc4
bc4_489,bc4
bc4_490,bc4
bc4_491,bc4
bc4_492,bc4
bc4_493,bc4
bc4_494,bc4
bc4_495,bc4
bc4_496,bc4
bc4_497,bc4
bc4_498,bc4
bc4_499,bc4
bc4_500,bc4
bc4_501,bc4
bc4_502,bc4
bc4_503,bc4
bc4_504,bc4
bc4_505,bc4
bc4_506,bc4
bc4_507,bc4
bc4_508,bc4
bc4_509,bc4
bc4_510,bc4
bc4_511,bc4
bc4_512,bc4
bc4_513,bc4
bc4_514,bc4
bc4_515,bc4
bc4_516,bc4
bc4_517,bc4
bc4_518,bc4
bc4_519,bc4
bc4_520,bc4
bc4_521,bc4
bc4_522,bc4
bc4_523,bc4
bc4_524,bc4
bc4_525,bc4
bc4_526,bc4
bc4_527,bc4
bc4_528,bc4
bc4_529,bc4
bc4_530,bc4
bc4_531,bc4
bc4_532,bc4
bc4_533,bc4
bc4_534,bc4
bc4_535,bc4
bc4_536,bc4
bc4_537,bc4
bc4_538,bc4
bc4_539,bc4
bc4_540,bc4
bc4_541,bc4
bc4_542,bc4
bc4_543,bc4
bc4_544,bc4
bc4_545,bc4
bc4_546,bc4
bc4_547,bc4
bc4_548,bc4
bc4_549,bc4
bc4_550,bc4
bc4_551,bc4
bc4_552,bc4
bc4_553,bc4
bc4_554,bc4
bc4_555,bc4
bc4_556,bc4
bc4_557,bc4
bc4_558,bc4
bc4_559,bc4
bc4_560,bc4
bc4_561,bc4
bc4_562,bc4
bc4_563,bc4
bc4_564,bc4
bc4_565,bc4
bc4_566,bc4
bc4_567,bc4
bc4_568,bc4
bc4_569,bc4
bc4_570,bc4
bc4_571,bc4
bc4_572,bc4
bc4_573,bc4
bc4_574,bc4
bc4_575,bc4
bc4_576,bc4
bc4_577,bc4
bc4_578,bc4
bc4_579,bc4
bc4_580,bc4
bc4_581,bc4
bc4_582,bc4
bc4_583,bc4
bc4_584,bc4
bc4_585,bc4
bc4_586,bc4
bc4_587,bc4
bc4_588,bc4
bc4_589,bc4
bc4_590,bc4
bc4_591,bc4
bc4_592,bc4
bc4_593,bc4
bc4_594,bc4
bc4_595,bc4
bc4_596,bc4
bc4_597,bc4
bc4_598,bc4
bc4_599,bc4
bc4_600,bc4
bc4_601,bc4
bc4_602,bc4
bc4_603,bc4
bc4_604,bc4
bc4_605,bc4
bc4_606,bc4
bc4_607,bc4
bc4_608,bc4
bc4_609,bc4
bc4_610,bc4
bc4_611,bc4
bc4_612,bc4
bc4_613,bc4
bc4_614,bc4
bc4_615,bc4
bc4_616,bc4
bc4_617,bc4
bc4_618,bc4
bc4_619,bc4
bc4_620,bc4
bc4_621,bc4
bc4_622,bc4
bc4_623,bc4
bc4_624,bc4
bc4_625,bc4
bc4_626,bc4
bc4_627,bc4
bc4_628,bc4
bc4_629,bc4
bc4_630,bc4
bc4_631,bc4
bc4_632,bc4
bc4_633,bc4
bc4_634,bc4
bc4_635,bc4
bc4_636,bc4
bc4_637,bc4
bc4_638,bc4
bc4_639,bc4
bc4_640,bc4
bc4_641,bc4
bc4_642,bc4
bc4_643,bc4
bc4_644,bc4
bc4_645,bc4
bc4_646,bc4
bc4_647,bc4
bc4_648,bc4
bc4_649,bc4
bc4_650,bc4
bc4_651,bc4
bc4_652,bc4
bc4_653,bc4
bc4_654,bc4
bc4_655,bc4
bc4_656,bc4
bc4_657,bc4
bc4_658,bc4
bc4_659,bc4
bc4_660,bc4
bc4_661,bc4
bc4_662,bc4
bc4_663,bc4
bc4_664,bc4
bc4_665,bc4
bc4_666,bc4
bc4_667,bc4
bc4_668,bc4
bc4_669,bc4
bc4_670,bc4
bc4_671,bc4
bc4_672,bc4
bc4_673,bc4
bc4_674,bc4
bc4_675,bc4
bc4_676,bc4
bc4_677,bc4
bc4_678,bc4
bc4_679,bc4
bc4_680,bc4
bc4_681,bc4
bc4_682,bc4
bc4_683,bc4
bc4_684,bc4
bc4_685,bc4
bc4_686,bc4
bc4_687,bc4
bc4_688,bc4
bc4_689,bc4
bc4_690,bc4
bc4_691,bc4
bc4_692,bc4
bc4_693,bc4
bc4_694,bc4
bc4_695,bc4
bc4_696,bc4
bc4_697,bc4
bc4_698,bc4
bc4_699,bc4
bc4_700,bc4
bc4_701,bc4
bc4_702,bc4
bc4_703,bc4
bc4_704,bc4
bc4_705,bc4
bc4_706,bc4
bc4_707,bc4
bc4_708,bc4
bc4_709,bc4
bc4_710,bc4
bc4_711,bc4
bc4_712,bc4
bc4_713,bc4
bc4_714,bc4
bc4_715,Multiplet
bc4_716,bc4
bc4_717,bc4
bc4_718,bc4
bc4_719,bc4
bc4_720,bc4
bc4_721,bc4
bc4_722,bc4
bc4_723,bc4
bc4_724,bc4
bc4_725,bc4
bc4_726,bc4
bc4_727,bc4
bc4_728,bc4
bc4_729,bc4
bc5_1,bc5
bc5_2,bc5
bc5_3,bc5
bc5_4,bc5
bc5_5,bc5
bc5_6,bc5
bc5_7,bc5
bc5_8,bc5
bc5_9,bc5
bc5_10,bc5
bc5_11,bc5
bc5_12,bc5
bc5_13,bc5
bc5_14,bc5
bc5_15,bc5
bc5_16,bc5
bc5_17,bc5
bc5_18,bc5
bc5_19,bc5
bc5_20,bc5
bc5_21,bc5
bc5_22,bc5
bc5_23,bc5
bc5_24,bc5
bc5_25,bc5
bc5_26,bc5
bc5_27,bc5
bc5_28,bc5
bc5_29,bc5
bc5_30,bc5
bc5_31,bc5
bc5_32,bc5
bc5_33,bc5
bc5_34,bc5
bc5_35,bc5
bc5_36,bc5
bc5_37,bc5
bc5_38,bc5
bc5_39,bc5
bc5_40,bc5
bc5_41,bc5
bc5_42,bc5
bc5_43,bc5
bc5_44,bc5
bc5_45,bc5
bc5_46,bc5
bc5_47,bc5
bc5_48,bc5
bc5_49,bc5
bc5_50,bc5
bc5_51,bc5
bc5_52,bc5
bc5_53,bc5
bc5_54,bc5
bc5_55,bc5
bc5_56,bc5
bc5_57,bc5
bc5_58,bc5
bc5_59,bc5
bc5_60,bc5
bc5_61,bc5
bc5_62,bc5
bc5_63,bc5
bc5_64,bc5
bc5_65,bc5
bc5_66,bc5
bc5_67,bc5
bc5_68,bc5
bc5_69,bc5
bc5_70,bc5
bc5_71,Negative
bc5_72,bc5
bc5_73,bc5
bc5_74,bc5
bc5_75,bc5
bc5_76,bc5
bc5_77,bc5
bc5_78,bc5
bc5_79,bc5
bc5_80,bc5
bc5_81,bc5
bc5_82,bc5
bc5_83,bc5
bc5_84,bc5
bc5_85,bc5
bc5_86,bc5
bc5_87,bc5
bc5_88,bc5
bc5_89,bc5
bc5_90,bc5
bc5_91,bc5
bc5_92,bc5
bc5_93,bc5
bc5_94,bc5
bc5_95,bc5
bc5_96,bc5
bc5_97,bc5
bc5_98,bc5
bc5_99,bc5
bc5_100,bc5
bc5_101,bc5
bc5_102,bc5
bc5_103,Multiplet
bc5_104,bc5
bc5_105,bc5
bc5_106,bc5
bc5_107,bc5
bc5_108,bc5
bc5_109,bc5
bc5_110,bc5
bc5_111,bc5
bc5_112,bc5
bc5_113,bc5
bc5_114,bc5
bc5_115,bc5
bc5_116,Multiplet
bc5_117,bc5
bc5_118,bc5
bc5_119,bc5
bc5_120,bc5
bc5_121,bc5
bc5_122,bc5
bc5_123,bc5
bc5_124,bc5
bc5_125,bc5
bc5_126,bc5
bc5_127,bc5
bc5_128,bc5
bc5_129,bc5
bc5_130,bc5
bc5_131,bc5
bc5_132,bc5
bc5_133,bc5
bc5_134,bc5
bc5_135,bc5
bc5_136,bc5
bc5_137,bc5
bc5_138,bc5
bc5_139,bc5
bc5_140,bc5
bc5_141,bc5
bc5_142,bc5
bc5_143,bc5
bc5_144,bc5
bc5_145,bc5
bc5_146,bc5
bc5_147,bc5
bc5_148,bc5
bc5_149,bc5
bc5_150,bc5
bc5_151,bc5
bc5_152,bc5
bc5_153,bc5
bc5_154,bc5
bc5_155,bc5
bc5_156,bc5
bc5_157,bc5
bc5_158,bc5
bc5_159,bc5
bc5_160,bc5
bc5_161,bc5
bc5_162,bc5
bc5_163,bc5
bc5_164,bc5
bc5_165,bc5
bc5_166,bc5
bc5_167,bc5
bc5_168,bc5
bc5_169,bc5
bc5_170,bc5
bc5_171,bc5
bc5_172,bc5
bc5_173,bc5
bc5_174,bc5
bc5_175,bc5
bc5_176,bc5
bc5_177,bc5
bc5_178,bc5
bc5_179,bc5
bc5_180,bc5
bc5_181,bc5
bc5_182,bc5
bc5_183,bc5
bc5_184,bc5
bc5_185,bc5
bc5_186,bc5
bc5_187,bc5
bc5_188,bc5
bc5_189,bc5
bc5_190,bc5
bc5_191,bc5
bc5_192,bc5
bc5_193,bc5
bc5_194,bc5
bc5_195,bc5
bc5_196,bc5
bc5_197,bc5
bc5_198,bc5
bc5_199,bc5
bc5_200,bc5
bc5_201,bc5
bc5_202,bc5
bc5_203,bc5
bc5_204,bc5
bc5_205,bc5
bc5_206,bc5
bc5_207,bc5
bc5_208,bc5
bc5_209,bc5
bc5_210,bc5
bc5_211,bc5
bc5_212,bc5
bc5_213,bc5
bc5_214,bc5
bc5_215,bc5
bc5_216,bc5
bc5_217,bc5
bc5_218,bc5
bc5_219,bc5
bc5_220,Negative
bc5_221,bc5
bc5_222,bc5
bc5_223,bc5
bc5_224,bc5
bc5_225,bc5
bc5_226,bc5
bc5_227,bc5
bc5_228,bc5
bc5_229,bc5
bc5_230,bc5
bc5_231,bc5
bc5_232,bc5
bc5_233,bc5
bc5_234,bc5
bc5_235,bc5
bc5_236,bc5
bc5_237,bc5
bc5_238,bc5
bc5_239,bc5
bc5_240,bc5
bc5_241,bc5
bc5_242,bc5
bc5_243,bc5
bc5_244,bc5
bc5_245,bc5
bc5_246,bc5
bc5_247,bc5
bc5_248,bc5
bc5_249,bc5
bc5_250,bc5
bc5_251,bc5
bc5_252,bc5
bc5_253,bc5
bc5_254,bc5
bc5_255,bc5
bc5_256,bc5
bc5_257,bc5
bc5_258,bc5
bc5_259,bc5
bc5_260,bc5
bc5_261,bc5
bc5_262,bc5
bc5_263,bc5
bc5_264,bc5
bc5_265,bc5
bc5_266,bc5
bc5_267,bc5
bc5_268,bc5
bc5_269,bc5
bc5_270,bc5
bc5_271,bc5
bc5_272,bc5
bc5_273,bc5
bc5_274,bc5
bc5_275,bc5
bc5_276,bc5
bc5_277,bc5
bc5_278,bc5
bc5_279,bc5
bc5_280,bc5
bc5_281,bc5
bc5_282,bc5
bc5_283,bc5
bc5_284,bc5
bc5_285,bc5
bc5_286,bc5
bc5_287,bc5
bc5_288,bc5
bc5_289,bc5
bc5_290,bc5
bc5_291,bc5
bc5_292,bc5
bc5_293,bc5
bc5_294,bc5
bc5_295,bc5
bc5_296,bc5
bc5_297,bc5
bc5_298,bc5
bc5_299,bc5
bc5_300,bc5
bc5_301,bc5
bc5_302,bc5
bc5_303,bc5
bc5_304,bc5
bc5_305,bc5
bc5_306,bc5
bc5_307,bc5
bc5_308,bc5
bc5_309,bc5
bc5_310,bc5
bc5_311,bc5
bc5_312,bc5
bc5_313,bc5
bc5_314,bc5
bc5_315,bc5
bc5_316,bc5
bc5_317,bc5
bc5_318,bc5
bc5_319,bc5
bc5_320,bc5
bc5_321,bc5
bc5_322,bc5
bc5_323,bc5
bc5_324,bc5
bc5_325,bc5
bc5_326,bc5
bc5_327,bc5
bc5_328,bc5
bc5_329,bc5
bc5_330,bc5
bc5_331,bc5
bc5_332,bc5
bc5_333,bc5
bc5_334,bc5
bc5_335,bc5
bc5_336,bc5
bc5_337,bc5
bc5_338,bc5
bc5_339,bc5
bc5_340,bc5
bc5_341,bc5
bc5_342,bc5
bc5_343,bc5
bc5_344,bc5
bc5_345,bc5
bc5_346,bc5
bc5_347,bc5
bc5_348,bc5
bc5_349,bc5
bc5_350,bc5
bc5_351,bc5
bc5_352,bc5
bc5_353,bc5
bc5_354,bc5
bc5_355,bc5
bc5_356,bc5
bc5_357,bc5
bc5_358,bc5
bc5_359,bc5
bc5_360,bc5
bc5_361,bc5
bc5_362,bc5
bc5_363,bc5
bc5_364,bc5
bc5_365,bc5
bc5_366,bc5
bc5_367,bc5
bc5_368,bc5
bc5_369,bc5
bc5_370,bc5
bc5_371,bc5
bc5_372,bc5
bc5_373,bc5
bc5_374,bc5
bc5_375,bc5
bc5_376,bc5
bc5_377,bc5
bc5_378,bc5
bc5_379,bc5
bc5_380,bc5
bc5_381,bc5
bc5_382,bc5
bc5_383,bc5
bc5_384,bc5
bc5_385,bc5
bc5_386,bc5
bc5_387,Multiplet
bc5_388,bc5
bc5_389,bc5
bc5_390,bc5
bc5_391,bc5
bc5_392,bc5
bc5_393,bc5
bc5_394,bc5
bc5_395,bc5
bc5_396,bc5
bc5_397,bc5
bc5_398,bc5
bc5_399,bc5
bc5_400,bc5
bc5_401,bc5
bc5_402,bc5
bc6_1,bc6
bc6_2,bc6
bc6_3,bc6
bc6_4,bc6
bc6_5,bc6
bc6_6,bc6
bc6_7,bc6
bc6_8,bc6
bc6_9,bc6
bc6_10,bc6
bc6_11,bc6
bc6_12,bc6
bc6_13,bc6
bc6_14,bc6
bc6_15,bc6
bc6_16,bc6
bc6_17,bc6
bc6_18,bc6
bc6_19,bc6
bc6_20,bc6
bc6_21,bc6
bc6_22,bc6
bc6_23,bc6
bc6_24,bc6
bc6_25,bc6
bc6_26,bc6
bc6_27,bc6
bc6_28,bc6
bc6_29,bc6
bc6_30,bc6
bc6_31,bc6
bc6_32,bc6
bc6_33,bc6
bc6_34,bc6
bc6_35,bc6
bc6_36,bc6
bc6_37,bc6
bc6_38,bc6
bc6_39,bc6
bc6_40,bc6
bc6_41,bc6
bc6_42,bc6
bc6_43,bc6
bc6_44,bc6
bc6_45,bc6
bc6_46,bc6
bc6_47,bc6
bc6_48,bc6
bc6_49,bc6
bc6_50,bc6
bc6_51,bc6
bc6_52,bc6
bc6_53,bc6
bc6_54,bc6
bc6_55,bc6
bc6_56,bc6
bc6_57,bc6
bc6_58,bc6
bc6_59,bc6
bc6_60,bc6
bc6_61,bc6
bc6_62,bc6
bc6_63,bc6
bc6_64,bc6
bc6_65,bc6
bc6_66,bc6
bc6_67,bc6
bc6_68,bc6
bc6_69,bc6
bc6_70,bc6
bc6_71,bc6
bc6_72,bc6
bc6_73,bc6
bc6_74,bc6
bc6_75,bc6
bc6_76,bc6
bc6_77,bc6
bc6_78,bc6
bc6_79,bc6
bc6_80,bc6
bc6_81,bc6
bc6_82,bc6
bc6_83,bc6
bc6_84,bc6
bc6_85,bc6
bc6_86,bc6
bc6_87,bc6
bc6_88,bc6
bc6_89,bc6
bc6_90,bc6
bc6_91,bc6
bc6_92,Multiplet
bc6_93,bc6
bc6_94,bc6
bc6_95,bc6
bc6_96,bc6
bc6_97,bc6
bc6_98,bc6
bc6_99,bc6
bc6_100,bc6
bc6_101,bc6
bc6_102,bc6
bc6_103,bc6
bc6_104,bc6
bc6_105,bc6
bc6_106,bc6
bc6_107,bc6
bc6_108,bc6
bc6_109,bc6
bc6_110,bc6
bc6_111,bc6
bc6_112,bc6
bc6_113,bc6
bc6_114,bc6
bc6_115,bc6
bc6_116,bc6
bc6_117,bc6
bc6_118,bc6
bc6_119,bc6
bc6_120,bc6
bc6_121,bc6
bc6_122,bc6
bc6_123,Multiplet
bc6_124,bc6
bc6_125,bc6
bc6_126,bc6
bc6_127,bc6
bc6_128,bc6
bc6_129,bc6
bc6_130,bc6
bc6_131,bc6
bc6_132,bc6
bc6_133,bc6
bc6_134,bc6
bc6_135,bc6
bc6_136,bc6
bc6_137,bc6
bc6_138,bc6
bc6_139,bc6
bc6_140,bc6
bc6_141,bc6
bc6_142,bc6
bc6_143,bc6
bc6_144,bc6
bc6_145,bc6
bc6_146,bc6
bc6_147,bc6
bc6_148,bc6
bc6_149,bc6
bc6_150,bc6
bc6_151,bc6
bc6_152,bc6
bc6_153,bc6
bc6_154,bc6
bc6_155,bc6
bc6_156,bc6
bc6_157,Multiplet
bc6_158,bc6
bc6_159,bc6
bc6_160,bc6
bc6_161,bc6
bc6_162,bc6
bc6_163,bc6
bc6_164,bc6
bc6_165,bc6
bc6_166,bc6
bc6_167,bc6
bc6_168,bc6
bc6_169,bc6
bc6_170,bc6
bc6_171,bc6
bc6_172,bc6
bc6_173,bc6
bc6_174,bc6
bc6_175,bc6
bc6_176,bc6
bc6_177,bc6
bc6_178,bc6
bc6_179,bc6
bc6_180,bc6
bc6_181,bc6
bc6_182,bc6
bc6_183,bc6
bc6_184,bc6
bc6_185,bc6
bc6_186,bc6
bc6_187,bc6
bc6_188,bc6
bc6_189,bc6
bc6_190,bc6
bc6_191,bc6
bc6_192,bc6
bc6_193,bc6
bc6_194,bc6
bc6_195,bc6
bc6_196,bc6
bc6_197,bc6
bc6_198,bc6
bc6_199,bc6
bc6_200,bc6
bc6_201,bc6
bc6_202,bc6
bc6_203,bc6
bc6_204,bc6
bc6_205,bc6
bc6_206,bc6
bc6_207,bc6
bc6_208,bc6
bc6_209,bc6
bc6_210,bc6
bc6_211,bc6
bc6_212,bc6
bc6_213,bc6
bc6_214,bc6
bc6_215,bc6
bc6_216,bc6
bc6_217,bc6
bc6_218,bc6
bc6_219,bc6
bc6_220,bc6
bc6_221,bc6
bc6_222,bc6
bc6_223,bc6
bc6_224,bc6
bc6_225,bc6
bc6_226,bc6
bc6_227,bc6
bc6_228,bc6
bc6_229,bc6
bc6_230,bc6
bc6_231,bc6
bc6_232,bc6
bc6_233,bc6
bc6_234,bc6
bc6_235,bc6
bc6_236,bc6
bc6_237,bc6
bc6_238,bc6
bc6_239,bc6
bc6_240,bc6
bc6_241,bc6
bc6_242,bc6
bc6_243,bc6
bc6_244,bc6
bc6_245,bc6
bc6_246,bc6
bc6_247,bc6
bc6_248,bc6
bc6_249,bc6
bc6_250,bc6
bc6_251,bc6
bc6_252,bc6
bc6_253,bc6
bc6_254,bc6
bc6_255,bc6
bc6_256,bc6
bc6_257,bc6
bc6_258,bc6
bc6_259,bc6
bc6_260,bc6
bc6_261,bc6
bc6_262,bc6
bc6_263,bc6
bc6_264,bc6
bc6_265,bc6
bc6_266,bc6
bc6_267,bc6
bc6_268,bc6
bc6_269,bc6
bc6_270,bc6
bc6_271,bc6
bc6_272,bc6
bc6_273,bc6
bc6_274,bc6
bc6_275,bc6
bc6_276,bc6
bc6_277,bc6
bc6_278,bc6
bc6_279,bc6
bc6_280,bc6
bc6_281,bc6
bc6_282,bc6
bc6_283,bc6
bc6_284,bc6
bc6_285,bc6
bc6_286,bc6
bc6_287,bc6
bc6_288,bc6
bc6_289,bc6
bc6_290,bc6
bc6_291,bc6
bc6_292,bc6
bc6_293,bc6
bc6_294,bc6
bc6_295,bc6
bc6_296,bc6
bc6_297,bc6
bc6_298,bc6
bc6_299,bc6
bc6_300,bc6
bc6_301,bc6
bc6_302,bc6
bc6_303,bc6
bc6_304,bc6
bc6_305,bc6
bc6_306,bc6
bc6_307,bc6
bc6_308,bc6
bc6_309,bc6
bc6_310,bc6
bc6_311,bc6
bc6_312,bc6
bc6_313,bc6
bc6_314,bc6
bc6_315,bc6
bc6_316,bc6
bc6_317,bc6
bc6_318,bc6
bc6_319,bc6
bc6_320,bc6
bc6_321,bc6
bc6_322,bc6
bc6_323,bc6
bc6_324,bc6
bc6_325,bc6
bc6_326,bc6
bc6_327,bc6
bc6_328,bc6
bc6_329,bc6
bc6_330,bc6
bc6_331,bc6
bc6_332,bc6
bc6_333,bc6
bc6_334,bc6
bc6_335,bc6
bc6_336,bc6
bc6_337,bc6
bc6_338,bc6
bc6_339,bc6
bc6_340,bc6
bc6_341,bc6
bc6_342,bc6
bc6_343,bc6
bc6_344,bc6
bc6_345,bc6
bc6_346,bc6
bc6_347,bc6
bc6_348,bc6
bc6_349,bc6
bc6_350,bc6
bc6_351,bc6
bc6_352,bc6
bc6_353,bc6
bc6_354,bc6
bc6_355,bc6
bc6_356,bc6
bc6_357,bc6
bc6_358,bc6
bc6_359,bc6
bc6_360,bc6
bc6_361,bc6
bc6_362,bc6
bc6_363,bc6
bc6_364,Negative
bc6_365,bc6
bc6_366,bc6
bc6_367,bc6
bc6_368,bc6
bc6_369,bc6
bc6_370,bc6
bc6_371,bc6
bc6_372,bc6
bc6_373,bc6
bc6_374,bc6
bc6_375,bc6
bc6_376,bc6
bc6_377,bc6
bc6_378,bc6
bc6_379,bc6
bc6_380,bc6
bc6_381,bc6
bc6_382,bc6
bc6_383,bc6
bc6_384,bc6
bc6_385,bc6
bc6_386,bc6
bc6_387,bc6
bc6_388,bc6
bc6_389,bc6
bc6_390,bc6
bc6_391,bc6
bc6_392,bc6
bc6_393,bc6
bc6_394,bc6
bc6_395,bc6
bc6_396,bc6
bc6_397,bc6
bc6_398,bc6
bc6_399,bc6
bc6_400,bc6
bc6_401,bc6
bc6_402,bc6
bc6_403,bc6
bc6_404,bc6
bc6_405,bc6
bc6_406,bc6
bc6_407,bc6
bc6_408,bc6
bc6_409,bc6
bc6_410,bc6
bc6_411,bc6
bc6_412,bc6
bc6_413,bc6
bc6_414,bc6
bc6_415,bc6
bc6_416,bc6
bc6_417,bc6
bc6_418,bc6
bc6_419,bc6
bc6_420,bc6
bc6_421,bc6
bc6_422,bc6
bc6_423,bc6
bc6_424,bc6
bc6_425,bc6
bc6_426,bc6
bc6_427,bc6
bc6_428,bc6
bc6_429,bc6
bc6_430,bc6
bc6_431,bc6
bc6_432,bc6
bc6_433,bc6
bc6_434,bc6
bc6_435,bc6
bc6_436,bc6
bc6_437,bc6
bc6_438,bc6
bc6_439,bc6
bc6_440,bc6
bc6_441,bc6
bc6_442,bc6
bc6_443,bc6
bc6_444,bc6
bc6_445,bc6
bc6_446,bc6
bc6_447,bc6
bc6_448,bc6
bc6_449,bc6
bc6_450,bc6
bc6_451,bc6
bc6_452,bc6
bc6_453,bc6
bc6_454,bc6
bc6_455,bc6
bc6_456,bc6
bc6_457,bc6
bc6_458,bc6
bc6_459,bc6
bc6_460,bc6
bc6_461,bc6
bc6_462,bc6
bc6_463,bc6
bc6_464,bc6
bc6_465,bc6
bc6_466,bc6
bc6_467,bc6
bc6_468,bc6
bc6_469,bc6
bc6_470,bc6
bc6_471,bc6
bc6_472,bc6
bc6_473,bc6
bc6_474,bc6
bc6_475,bc6
bc6_476,bc6
bc6_477,bc6
bc6_478,bc6
bc6_479,bc6
bc6_480,bc6
bc6_481,bc6
bc6_482,bc6
bc6_483,bc6
bc6_484,bc6
bc6_485,bc6
bc6_486,bc6
bc6_487,bc6
bc6_488,bc6
bc6_489,bc6
bc6_490,bc6
bc6_491,bc6
bc6_492,bc6
bc7_1,bc7
bc7_2,bc7
bc7_3,bc7
bc7_4,bc7
bc7_5,bc7
bc7_6,bc7
bc7_7,bc7
bc7_8,bc7
bc7_9,bc7
bc7_10,bc7
bc7_11,bc7
bc7_12,bc7
bc7_13,bc7
bc7_14,bc7
bc7_15,bc7
bc7_16,bc7
bc7_17,bc7
bc7_18,bc7
bc7_19,bc7
bc7_20,bc7
bc7_21,bc7
bc7_22,bc7
bc7_23,bc7
bc7_24,bc7
bc7_25,bc7
bc7_26,bc7
bc7_27,bc7
bc7_28,bc7
bc7_29,bc7
bc7_30,bc7
bc7_31,bc7
bc7_32,bc7
bc7_33,bc7
bc7_34,bc7
bc7_35,bc7
bc7_36,bc7
bc7_37,bc7
bc7_38,bc7
bc7_39,bc7
bc7_40,bc7
bc7_41,bc7
bc7_42,bc7
bc7_43,bc7
bc7_44,bc7
bc7_45,bc7
bc7_46,bc7
bc7_47,bc7
bc7_48,bc7
bc7_49,bc7
bc7_50,bc7
bc7_51,bc7
bc7_52,bc7
bc7_53,bc7
bc7_54,bc7
bc7_55,bc7
bc7_56,bc7
bc7_57,bc7
bc7_58,bc7
bc7_59,bc7
bc7_60,bc7
bc7_61,bc7
bc7_62,bc7
bc7_63,bc7
bc7_64,bc7
bc7_65,bc7
bc7_66,bc7
bc7_67,bc7
bc7_68,bc7
bc7_69,bc7
bc7_70,bc7
bc7_71,bc7
bc7_72,bc7
bc7_73,bc7
bc7_74,bc7
bc7_75,bc7
bc7_76,bc7
bc7_77,bc7
bc7_78,bc7
bc7_79,bc7
bc7_80,bc7
bc7_81,bc7
bc7_82,bc7
bc7_83,bc7
bc7_84,bc7
bc7_85,Multiplet
bc7_86,bc7
bc7_87,bc7
bc7_88,bc7
bc7_89,bc7
bc7_90,bc7
bc7_91,bc7
bc7_92,bc7
bc7_93,bc7
bc7_94,bc7
bc7_95,bc7
bc7_96,bc7
bc7_97,bc7
bc7_98,bc7
bc7_99,bc7
bc7_100,bc7
bc7_101,bc7
bc7_102,bc7
bc7_103,bc7
bc7_104,bc7
bc7_105,bc7
bc7_106,bc7
bc7_107,bc7
bc7_108,bc7
bc7_109,bc7
bc7_110,bc7
bc7_111,bc7
bc7_112,bc7
bc7_113,Multiplet
bc7_114,bc7
bc7_115,bc7
bc7_116,bc7
bc7_117,bc7
bc7_118,bc7
bc7_119,bc7
bc7_120,bc7
bc7_121,bc7
bc7_122,bc7
bc7_123,bc7
bc7_124,bc7
bc7_125,bc7
bc7_126,bc7
bc7_127,bc7
bc7_128,bc7
bc7_129,bc7
bc7_130,bc7
bc7_131,bc7
bc7_132,bc7
bc7_133,bc7
bc7_134,bc7
bc7_135,bc7
bc7_136,bc7
bc7_137,bc7
bc7_138,bc7
bc7_139,bc7
bc7_140,bc7
bc7_141,bc7
bc7_142,bc7
bc7_143,bc7
bc7_144,bc7
bc7_145,bc7
bc7_146,bc7
bc7_147,bc7
bc7_148,bc7
bc7_149,bc7
bc7_150,bc7
bc7_151,bc7
bc7_152,bc7
bc7_153,bc7
bc7_154,bc7
bc7_155,bc7
bc7_156,bc7
bc7_157,bc7
bc7_158,bc7
bc7_159,bc7
bc7_160,bc7
bc7_161,bc7
bc7_162,bc7
bc7_163,bc7
bc7_164,bc7
bc7_165,bc7
bc7_166,bc7
bc7_167,bc7
bc7_168,bc7
bc7_169,bc7
bc7_170,bc7
bc7_171,bc7
bc7_172,bc7
bc7_173,bc7
bc7_174,bc7
bc7_175,bc7
bc7_176,bc7
bc7_177,bc7
bc7_178,bc7
bc7_179,bc7
bc7_180,bc7
bc7_181,bc7
bc7_182,bc7
bc7_183,bc7
bc7_184,bc7
bc7_185,bc7
bc7_186,bc7
bc7_187,bc7
bc7_188,bc7
bc7_189,bc7
bc7_190,bc7
bc7_191,bc7
bc7_192,bc7
bc7_193,bc7
bc7_194,bc7
bc7_195,bc7
bc7_196,bc7
bc7_197,bc7
bc7_198,bc7
bc7_199,bc7
bc7_200,bc7
bc7_201,bc7
bc7_202,bc7
bc7_203,bc7
bc7_204,bc7
bc7_205,bc7
bc7_206,bc7
bc7_207,bc7
bc7_208,bc7
bc7_209,bc7
bc7_210,bc7
bc7_211,bc7
bc7_212,bc7
bc7_213,bc7
bc7_214,bc7
bc7_215,bc7
bc7_216,bc7
bc7_217,bc7
bc7_218,bc7
bc7_219,bc7
bc7_220,bc7
bc7_221,bc7
bc7_222,bc7
bc7_223,bc7
bc7_224,bc7
bc7_225,bc7
bc7_226,bc7
bc7_227,bc7
bc7_228,bc7
bc7_229,bc7
bc7_230,bc7
bc7_231,bc7
bc7_232,bc7
bc7_233,bc7
bc7_234,bc7
bc7_235,bc7
bc7_236,bc7
bc7_237,bc7
bc7_238,bc7
bc7_239,bc7
bc7_240,bc7
bc7_241,bc7
bc7_242,bc7
bc7_243,bc7
bc7_244,bc7
bc7_245,bc7
bc7_246,bc7
bc7_247,bc7
bc7_248,bc7
bc7_249,bc7
bc7_250,bc7
bc7_251,bc7
bc7_252,bc7
bc7_253,bc7
bc7_254,bc7
bc7_255,bc7
bc7_256,bc7
bc7_257,bc7
bc7_258,bc7
bc7_259,bc7
bc7_260,bc7
bc7_261,bc7
bc7_262,bc7
bc7_263,bc7
bc7_264,bc7
bc7_265,bc7
bc7_266,bc7
bc7_267,bc7
bc7_268,bc7
bc7_269,bc7
bc7_270,bc7
bc7_271,bc7
bc7_272,bc7
bc7_273,bc7
bc7_274,bc7
bc7_275,bc7
bc7_276,bc7
bc7_277,bc7
bc7_278,bc7
bc7_279,bc7
bc7_280,bc7
bc7_281,bc7
bc7_282,bc7
bc7_283,bc7
bc7_284,bc7
bc7_285,bc7
bc7_286,bc7
bc7_287,bc7
bc7_288,bc7
bc7_289,bc7
bc7_290,bc7
bc7_291,bc7
bc7_292,bc7
bc7_293,bc7
bc7_294,bc7
bc7_295,bc7
bc7_296,bc7
bc7_297,bc7
bc7_298,bc7
bc7_299,bc7
bc7_300,bc7
bc7_301,bc7
bc7_302,bc7
bc7_303,bc7
bc7_304,bc7
bc7_305,bc7
bc7_306,bc7
bc7_307,bc7
bc7_308,bc7
bc7_309,bc7
bc7_310,bc7
bc7_311,bc7
bc7_312,bc7
bc7_313,bc7
bc7_314,bc7
bc7_315,bc7
bc7_316,bc7
bc7_317,bc7
bc7_318,bc7
bc7_319,bc7
bc7_320,bc7
bc7_321,bc7
bc7_322,bc7
bc7_323,bc7
bc7_324,bc7
bc7_325,bc7
bc7_326,bc7
bc7_327,bc7
bc7_328,bc7
bc7_329,bc7
bc7_330,bc7
bc7_331,bc7
bc7_332,bc7
bc7_333,bc7
bc7_334,bc7
bc7_335,bc7
bc7_336,bc7
bc7_337,bc7
bc7_338,bc7
bc7_339,bc7
bc7_340,bc7
bc7_341,bc7
bc7_342,bc7
bc7_343,bc7
bc7_344,bc7
bc7_345,bc7
bc7_346,bc7
bc7_347,bc7
bc7_348,bc7
bc7_349,bc7
bc7_350,bc7
bc7_351,bc7
bc7_352,bc7
bc7_353,bc7
bc7_354,bc7
bc7_355,bc7
bc7_356,bc7
bc7_357,bc7
bc7_358,bc7
bc7_359,bc7
bc7_360,bc7
bc7_361,bc7
bc7_362,bc7
bc7_363,bc7
bc7_364,bc7
bc7_365,bc7
bc7_366,bc7
bc7_367,bc7
bc7_368,bc7
bc7_369,bc7
bc7_370,bc7
bc7_371,bc7
bc7_372,bc7
bc7_373,bc7
bc7_374,bc7
bc7_375,bc7
bc7_376,bc7
bc7_377,bc7
bc7_378,bc7
bc7_379,bc7
bc7_380,bc7
bc7_381,bc7
bc7_382,bc7
bc7_383,bc7
bc7_384,bc7
bc7_385,bc7
bc7_386,bc7
bc7_387,bc7
bc7_388,bc7
bc7_389,bc7
bc7_390,bc7
bc7_391,bc7
bc7_392,bc7
bc7_393,bc7
bc7_394,bc7
bc7_395,bc7
bc7_396,bc7
bc7_397,bc7
bc7_398,bc7
bc7_399,bc7
bc7_400,bc7
bc7_401,bc7
bc7_402,bc7
bc7_403,bc7
bc7_404,bc7
bc7_405,bc7
bc7_406,bc7
bc7_407,bc7
bc7_408,bc7
bc7_409,bc7
bc7_410,bc7
bc7_411,bc7
bc7_412,bc7
bc7_413,bc7
bc7_414,bc7
bc7_415,bc7
bc7_416,bc7
bc7_417,bc7
bc7_418,bc7
bc7_419,bc7
bc7_420,bc7
bc7_421,bc7
bc7_422,bc7
bc7_423,bc7
bc7_424,bc7
bc7_425,bc7
bc7_426,bc7
bc7_427,bc7
bc7_428,bc7
bc7_429,bc7
bc7_430,bc7
bc7_431,bc7
bc7_432,bc7
bc7_433,bc7
bc7_434,bc7
bc7_435,bc7
bc7_436,bc7
bc7_437,bc7
bc7_438,bc7
bc7_439,bc7
bc7_440,bc7
bc7_441,bc7
bc7_442,bc7
bc7_443,bc7
bc7_444,bc7
bc7_445,bc7
bc7_446,bc7
bc7_447,bc7
bc7_448,bc7
bc7_449,bc7
bc7_450,bc7
bc7_451,bc7
bc7_452,bc7
bc7_453,bc7
bc7_454,bc7
bc7_455,bc7
bc7_456,bc7
bc7_457,bc7
bc7_458,bc7
bc7_459,bc7
bc7_460,bc7
bc7_461,bc7
bc7_462,bc7
bc7_463,bc7
bc7_464,bc7
bc7_465,bc7
bc7_466,bc7
bc7_467,bc7
bc7_468,bc7
bc7_469,bc7
bc7_470,bc7
bc7_471,bc7
bc7_472,bc7
bc7_473,bc7
bc7_474,bc7
bc7_475,bc7
bc7_476,bc7
bc7_477,bc7
bc7_478,bc7
bc7_479,bc7
bc7_480,bc7
bc7_481,bc7
bc7_482,bc7
bc7_483,bc7
bc7_484,bc7
bc7_485,bc7
bc7_486,bc7
bc7_487,bc7
bc7_488,bc7
bc7_489,bc7
bc7_490,bc7
bc7_491,bc7
bc7_492,bc7
bc7_493,bc7
bc7_494,bc7
bc7_495,bc7
bc7_496,bc7
bc7_497,bc7
bc7_498,bc7
bc7_499,bc7
bc7_500,bc7
bc7_501,bc7
bc7_502,bc7
bc7_503,bc7
bc7_504,bc7
bc7_505,bc7
bc7_506,bc7
bc7_507,bc7
bc7_508,bc7
bc7_509,bc7
bc7_510,bc7
bc7_511,bc7
bc7_512,bc7
bc7_513,bc7
bc7_514,bc7
bc7_515,bc7
bc7_516,bc7
bc7_517,bc7
bc7_518,bc7
bc7_519,bc7
bc7_520,bc7
bc7_521,bc7
bc7_522,bc7
bc7_523,bc7
bc7_524,bc7
bc7_525,bc7
bc7_526,bc7
bc7_527,bc7
bc7_528,bc7
bc7_529,bc7
bc7_530,bc7
bc7_531,bc7
bc7_532,bc7
bc7_533,bc7
bc7_534,bc7
bc7_535,bc7
bc7_536,bc7
bc7_537,bc7
bc7_538,bc7
bc7_539,bc7
bc7_540,bc7
bc7_541,bc7
bc7_542,bc7
bc7_543,bc7
bc7_544,bc7
bc7_545,bc7
bc7_546,bc7
bc7_547,bc7
bc7_548,bc7
bc7_549,bc7
bc7_550,bc7
bc7_551,bc7
bc7_552,bc7
bc7_553,bc7
bc7_554,bc7
bc7_555,bc7
bc7_556,bc7
bc7_557,bc7
bc7_558,bc7
bc7_559,bc7
bc7_560,bc7
bc7_561,bc7
bc7_562,bc7
bc7_563,bc7
bc7_564,bc7
bc7_565,bc7
bc7_566,bc7
bc7_567,bc7
bc7_568,bc7
bc7_569,bc7
bc7_570,bc7
bc7_571,bc7
bc7_572,bc7
bc7_573,bc7
bc7_574,bc7
bc7_575,bc7
bc7_576,bc7
bc7_577,bc7
bc7_578,bc7
bc7_579,bc7
bc7_580,bc7
bc7_581,bc7
bc7_582,bc7
bc7_583,bc7
bc7_584,bc7
bc7_585,bc7
bc7_586,bc7
bc7_587,bc7
bc7_588,bc7
bc7_589,bc7
bc7_590,bc7
bc7_591,bc7
bc7_592,bc7
bc7_593,bc7
bc7_594,bc7
bc7_595,bc7
bc7_596,bc7
bc7_597,bc7
bc7_598,bc7
bc7_599,bc7
bc7_600,bc7
bc7_601,bc7
bc7_602,bc7
bc7_603,bc7
bc7_604,bc7
bc7_605,bc7
bc7_606,bc7
bc7_607,bc7
bc7_608,bc7
bc7_609,bc7
bc7_610,bc7
bc7_611,bc7
bc7_612,bc7
bc7_613,bc7
bc7_614,bc7
bc7_615,bc7
bc7_616,bc7
bc7_617,bc7
bc7_618,bc7
bc7_619,bc7
bc7_620,bc7
bc7_621,bc7
bc7_622,bc7
bc7_623,bc7
bc7_624,bc7
bc7_625,bc7
bc7_626,bc7
bc7_627,bc7
bc7_628,bc7
bc7_629,bc7
bc7_630,bc7
bc7_631,bc7
bc7_632,bc7
bc7_633,bc7
bc7_634,bc7
bc7_635,bc7
bc7_636,bc7
bc7_637,bc7
bc7_638,bc7
bc7_639,bc7
bc7_640,bc7
bc7_641,bc7
bc7_642,bc7
bc7_643,bc7
bc7_644,bc7
bc7_645,bc7
bc7_646,bc7
bc7_647,bc7
bc7_648,bc7
bc7_649,bc7
bc7_650,bc7
bc7_651,bc7
bc7_652,bc7
bc7_653,bc7
bc7_654,bc7
bc7_655,bc7
bc7_656,bc7
bc7_657,bc7
bc7_658,bc7
bc7_659,bc7
bc7_660,bc7
bc7_661,bc7
bc7_662,bc7
bc7_663,bc7
bc7_664,bc7
bc7_665,bc7
bc7_666,bc7
bc7_667,bc7
bc7_668,bc7
bc7_669,bc7
bc7_670,bc7
bc7_671,bc7
bc7_672,bc7
bc7_673,bc7
bc7_674,Multiplet
bc7_675,bc7
bc7_676,bc7
bc7_677,bc7
bc7_678,bc7
bc7_679,bc7
bc7_680,bc7
bc7_681,bc7
bc7_682,bc7
bc7_683,bc7
bc7_684,bc7
bc7_685,bc7
bc7_686,bc7
bc7_687,bc7
bc7_688,bc7
bc7_689,bc7
bc7_690,bc7
bc7_691,bc7
bc7_692,bc7
bc7_693,bc7
bc7_694,bc7
bc7_695,bc7
bc7_696,bc7
bc7_697,bc7
bc7_698,bc7
bc7_699,bc7
bc7_700,bc7
bc7_701,bc7
bc7_702,Negative
bc7_703,bc7
bc7_704,bc7
bc7_705,bc7
bc7_706,bc7
bc7_707,bc7
bc7_708,bc7
bc7_709,bc7
bc7_710,bc7
bc7_711,bc7
bc7_712,bc7
bc7_713,bc7
bc7_714,bc7
bc7_715,bc7
bc7_716,bc7
bc7_717,bc7
bc7_718,bc7
bc7_719,bc7
bc7_720,bc7
bc7_721,bc7
bc7_722,bc7
bc7_723,bc7
bc7_724,bc7
bc7_725,bc7
bc7_726,bc7
bc7_727,bc7
bc7_728,bc7
bc7_729,bc7
bc7_730,bc7
bc7_731,bc7
bc7_732,bc7
bc7_733,bc7
bc7_734,bc7
bc7_735,bc7
bc7_736,bc7
bc7_737,bc7
bc7_738,bc7
bc7_739,bc7
bc7_740,bc7
bc7_741,bc7
bc7_742,bc7
bc7_743,bc7
bc7_744,bc7
bc7_745,bc7
bc7_746,bc7
bc7_747,bc7
bc7_748,bc7
bc7_749,bc7
bc7_750,bc7
bc7_751,bc7
bc7_752,bc7
bc7_753,bc7
bc7_754,bc7
bc7_755,bc7
bc7_756,bc7
bc7_757,bc7
bc7_758,bc7
bc7_759,bc7
bc7_760,bc7
bc7_761,bc7
bc7_762,bc7
bc7_763,bc7
bc7_764,bc7
bc7_765,bc7
bc7_766,bc7
bc7_767,bc7
bc7_768,bc7
bc7_769,bc7
bc7_770,bc7
bc7_771,bc7
bc7_772,bc7
bc7_773,bc7
bc7_774,bc7
bc7_775,bc7
bc7_776,bc7
bc7_777,bc7
bc7_778,bc7
bc7_779,bc7
bc7_780,bc7
bc7_781,bc7
bc7_782,bc7
bc7_783,bc7
bc7_784,bc7
bc7_785,bc7
bc7_786,bc7
bc7_787,bc7
bc7_788,bc7
bc7_789,bc7
bc7_790,bc7
bc7_791,bc7
bc7_792,bc7
bc7_793,bc7
bc7_794,bc7
bc7_795,bc7
bc7_796,bc7
bc7_797,bc7
bc7_798,bc7
bc7_799,bc7
bc7_800,bc7
bc7_801,bc7
bc7_802,bc7
bc7_803,bc7
bc7_804,bc7
bc7_805,bc7
bc7_806,bc7
bc7_807,bc7
bc7_808,bc7
bc7_809,bc7
bc7_810,bc7
bc7_811,bc7
bc7_812,bc7
bc7_813,bc7
bc7_814,bc7
bc7_815,bc7
bc7_816,bc7
bc7_817,bc7
bc7_818,bc7
bc7_819,bc7
bc7_820,bc7
bc7_821,bc7
bc7_822,bc7
bc7_823,bc7
bc7_824,bc7
bc7_825,bc7
bc7_826,bc7
bc7_827,bc7
bc7_828,bc7
bc7_829,bc7
bc7_830,bc7
bc7_831,bc7
bc7_832,bc7
bc7_833,bc7
bc7_834,bc7
bc7_835,bc7
bc7_836,bc7
bc7_837,bc7
bc7_838,bc7
bc7_839,bc7
bc7_840,bc7
bc7_841,bc7
bc7_842,bc7
bc7_843,bc7
bc7_844,bc7
bc7_845,bc7
bc7_846,bc7
bc7_847,bc7
bc7_848,bc7
bc7_849,bc7
bc7_850,bc7
bc7_851,bc7
bc7_852,bc7
bc7_853,bc7
bc7_854,bc7
bc7_855,bc7
bc7_856,bc7
bc7_857,bc7
bc7_858,bc7
bc7_859,bc7
bc7_860,bc7
bc7_861,bc7
bc7_862,bc7
bc7_863,bc7
bc7_864,bc7
bc7_865,bc7
bc7_866,bc7
bc7_867,bc7
bc7_868,bc7
bc7_869,bc7
bc7_870,bc7
bc7_871,bc7
bc7_872,bc7
bc7_873,bc7
bc7_874,bc7
bc7_875,bc7
bc7_876,bc7
bc7_877,bc7
bc7_878,bc7
bc7_879,bc7
bc7_880,bc7
bc7_881,bc7
bc7_882,bc7
bc7_883,bc7
bc7_884,bc7
bc7_885,bc7
bc7_886,bc7
bc7_887,bc7
bc7_888,bc7
bc7_889,bc7
bc7_890,bc7
bc7_891,bc7
bc7_892,bc7
bc7_893,bc7
bc7_894,bc7
bc7_895,bc7
bc7_896,bc7
bc7_897,bc7
bc7_898,bc7
bc7_899,bc7
bc7_900,bc7
bc7_901,bc7
bc7_902,bc7
bc7_903,bc7
bc7_904,bc7
bc7_905,bc7
bc7_906,bc7
bc7_907,bc7
bc7_908,bc7
bc7_909,bc7
bc7_910,bc7
bc7_911,bc7
bc7_912,bc7
bc7_913,bc7
bc7_914,bc7
bc7_915,bc7
bc7_916,bc7
bc7_917,bc7
bc7_918,bc7
bc7_919,bc7
bc7_920,bc7
bc7_921,bc7
bc7_922,bc7
bc7_923,bc7
bc7_924,bc7
bc7_925,bc7
bc7_926,bc7
bc7_927,bc7
bc7_928,bc7
bc7_929,bc7
bc7_930,bc7
bc7_931,bc7
bc7_932,bc7
bc7_933,bc7
bc7_934,bc7
bc7_935,bc7
bc7_936,bc7
bc7_937,bc7
bc7_938,bc7
bc7_939,bc7
bc7_940,bc7
bc7_941,bc7
bc7_942,bc7
bc7_943,bc7
bc7_944,bc7
bc7_945,bc7
bc7_946,bc7
bc7_947,bc7
bc7_948,bc7
bc7_949,bc7
bc7_950,Negative
bc7_951,bc7
bc7_952,bc7
bc7_953,bc7
bc7_954,bc7
bc7_955,bc7
bc7_956,bc7
bc7_957,bc7
bc7_958,bc7
bc7_959,bc7
bc7_960,bc7
bc7_961,bc7
bc7_962,bc7
bc7_963,bc7
bc7_964,bc7
bc7_965,bc7
bc7_966,bc7
bc7_967,bc7
bc7_968,bc7
bc7_969,bc7
bc7_970,bc7
bc7_971,bc7
bc7_972,bc7
bc7_973,bc7
bc7_974,bc7
bc7_975,bc7
bc7_976,bc7
bc7_977,bc7
bc7_978,bc7
bc7_979,bc7
bc7_980,bc7
bc7_981,bc7
bc7_982,bc7
bc7_983,bc7
bc7_984,bc7
bc7_985,bc7
bc7_986,bc7
bc7_987,bc7
bc7_988,bc7
bc7_989,bc7
bc7_990,bc7
bc7_991,bc7
bc7_992,bc7
bc7_993,bc7
bc7_994,bc7
bc7_995,bc7
bc7_996,bc7
bc7_997,bc7
bc7_998,bc7
bc7_999,bc7
bc7_1000,bc7
bc7_1001,bc7
bc7_1002,bc7
bc7_1003,bc7
bc7_1004,bc7
bc7_1005,bc7
bc7_1006,bc7
bc7_1007,bc7
bc7_1008,bc7
bc7_1009,bc7
bc7_1010,bc7
bc7_1011,bc7
bc7_1012,bc7
bc7_1013,bc7
bc7_1014,bc7
bc7_1015,bc7
bc7_1016,bc7
bc7_1017,bc7
bc7_1018,bc7
bc7_1019,bc7
bc7_1020,bc7
bc7_1021,bc7
bc7_1022,bc7
bc7_1023,bc7
bc7_1024,bc7
bc7_1025,bc7
bc7_1026,bc7
bc7_1027,bc7
bc7_1028,bc7
bc7_1029,bc7
bc7_1030,bc7
bc7_1031,bc7
bc7_1032,bc7
bc7_1033,bc7
bc7_1034,bc7
bc7_1035,bc7
bc7_1036,bc7
bc7_1037,bc7
bc7_1038,bc7
bc7_1039,bc7
bc7_1040,bc7
bc7_1041,bc7
bc7_1042,bc7
bc7_1043,bc7
bc7_1044,bc7
bc7_1045,bc7
bc7_1046,bc7
bc7_1047,bc7
bc7_1048,bc7
bc7_1049,bc7
bc7_1050,bc7
bc7_1051,bc7
bc7_1052,bc7
bc7_1053,bc7
bc7_1054,bc7
bc7_1055,bc7
bc7_1056,bc7
bc7_1057,bc7
bc7_1058,bc7
bc7_1059,bc7
bc7_1060,bc7
bc7_1061,bc7
bc7_1062,bc7
bc7_1063,bc7
bc7_1064,bc7
bc7_1065,bc7
bc7_1066,bc7
bc7_1067,bc7
bc7_1068,bc7
bc7_1069,bc7
bc7_1070,bc7
bc7_1071,bc7
bc7_1072,bc7
bc7_1073,bc7
bc7_1074,bc7
bc7_1075,bc7
bc7_1076,bc7
bc7_1077,bc7
bc7_1078,bc7
bc7_1079,bc7
bc7_1080,bc7
bc7_1081,bc7
bc7_1082,bc7
bc7_1083,bc7
bc7_1084,bc7
bc7_1085,bc7
bc7_1086,bc7
bc7_1087,bc7
bc7_1088,bc7
bc7_1089,bc7
bc7_1090,bc7
bc7_1091,bc7
bc7_1092,bc7
bc7_1093,bc7
bc7_1094,bc7
bc7_1095,bc7
bc7_1096,bc7
bc7_1097,bc7
bc7_1098,bc7
bc7_1099,bc7
bc7_1100,bc7
bc7_1101,bc7
bc7_1102,bc7
bc7_1103,bc7
bc7_1104,bc7
bc7_1105,bc7
bc7_1106,bc7
bc7_1107,bc7
bc7_1108,bc7
bc7_1109,bc7
bc7_1110,bc7
bc7_1111,bc7
bc7_1112,bc7
bc7_1113,bc7
bc7_1114,bc7
bc7_1115,bc7
bc7_1116,bc7
bc7_1117,bc7
bc7_1118,bc7
bc7_1119,bc7
bc7_1120,bc7
bc7_1121,bc7
bc7_1122,bc7
bc7_1123,bc7
bc7_1124,bc7
bc7_1125,bc7
bc7_1126,bc7
bc7_1127,bc7
bc7_1128,bc7
bc7_1129,bc7
bc7_1130,bc7
bc7_1131,bc7
bc7_1132,bc7
bc7_1133,bc7
bc7_1134,Multiplet
bc7_1135,bc7
bc7_1136,bc7
bc7_1137,bc7
bc7_1138,bc7
bc7_1139,bc7
bc7_1140,bc7
bc7_1141,bc7
bc7_1142,bc7
bc7_1143,bc7
bc7_1144,bc7
bc7_1145,bc7
bc7_1146,bc7
bc7_1147,bc7
bc7_1148,bc7
bc7_1149,bc7
bc7_1150,bc7
bc7_1151,bc7
bc7_1152,bc7
bc7_1153,bc7
bc7_1154,bc7
bc7_1155,bc7
bc7_1156,bc7
bc7_1157,bc7
bc7_1158,bc7
bc7_1159,bc7
bc7_1160,bc7
bc7_1161,bc7
bc7_1162,bc7
bc7_1163,bc7
bc7_1164,bc7
bc7_1165,bc7
bc7_1166,bc7
bc7_1167,bc7
bc7_1168,bc7
bc7_1169,bc7
bc7_1170,bc7
bc7_1171,bc7
bc7_1172,bc7
bc7_1173,bc7
bc7_1174,bc7
bc7_1175,bc7
bc7_1176,bc7
bc7_1177,bc7
bc7_1178,bc7
bc7_1179,bc7
bc7_1180,bc7
bc7_1181,bc7
bc7_1182,bc7
bc7_1183,bc7
bc7_1184,bc7
bc7_1185,bc7
bc7_1186,bc7
bc7_1187,bc7
bc7_1188,bc7
bc7_1189,bc7
bc7_1190,bc7
bc7_1191,bc7
bc7_1192,bc7
bc7_1193,bc7
bc7_1194,bc7
bc7_1195,bc7
bc7_1196,bc7
bc7_1197,bc7
bc7_1198,bc7
bc7_1199,bc7
bc7_1200,bc7
bc7_1201,bc7
bc7_1202,bc7
bc7_1203,bc7
bc7_1204,bc7
bc7_1205,bc7
bc7_1206,bc7
bc7_1207,bc7
bc7_1208,bc7
bc7_1209,bc7
bc7_1210,bc7
bc7_1211,bc7
bc7_1212,bc7
bc7_1213,bc7
bc7_1214,bc7
bc7_1215,bc7
bc7_1216,bc7
bc7_1217,bc7
bc7_1218,bc7
bc7_1219,bc7
bc7_1220,bc7
bc7_1221,bc7
bc7_1222,bc7
bc7_1223,bc7
bc7_1224,bc7
bc7_1225,bc7
bc7_1226,bc7
bc7_1227,bc7
bc7_1228,bc7
bc7_1229,bc7
bc7_1230,bc7
bc7_1231,bc7
bc7_1232,bc7
bc7_1233,bc7
bc7_1234,bc7
bc7_1235,bc7
bc7_1236,bc7
bc7_1237,bc7
bc7_1238,bc7
bc7_1239,bc7
bc7_1240,Negative
bc7_1241,bc7
bc7_1242,bc7
bc7_1243,bc7
bc7_1244,bc7
bc7_1245,bc7
bc7_1246,bc7
bc7_1247,bc7
bc7_1248,bc7
bc7_1249,bc7
bc7_1250,bc7
bc7_1251,bc7
bc7_1252,bc7
bc7_1253,bc7
bc7_1254,bc7
bc7_1255,bc7
bc7_1256,bc7
bc7_1257,bc7
bc7_1258,bc7
bc7_1259,bc7
bc7_1260,bc7
bc7_1261,bc7
bc7_1262,bc7
bc7_1263,bc7
bc7_1264,bc7
bc7_1265,bc7
bc7_1266,bc7
bc8_1,bc8
bc8_2,bc8
bc8_3,bc8
bc8_4,bc8
bc8_5,bc8
bc8_6,bc8
bc8_7,bc8
bc8_8,bc8
bc8_9,bc8
bc8_10,bc8
bc8_11,bc8
bc8_12,bc8
bc8_13,bc8
bc8_14,bc8
bc8_15,bc8
bc8_16,bc8
bc8_17,bc8
bc8_18,bc8
bc8_19,bc8
bc8_20,bc8
bc8_21,bc8
bc8_22,bc8
bc8_23,bc8
bc8_24,bc8
bc8_25,bc8
bc8_26,bc8
bc8_27,bc8
bc8_28,bc8
bc8_29,bc8
bc8_30,bc8
bc8_31,bc8
bc8_32,bc8
bc8_33,bc8
bc8_34,bc8
bc8_35,bc8
bc8_36,bc8
bc8_37,bc8
bc8_38,bc8
bc8_39,bc8
bc8_40,bc8
bc8_41,bc8
bc8_42,bc8
bc8_43,bc8
bc8_44,bc8
bc8_45,bc8
bc8_46,bc8
bc8_47,bc8
bc8_48,bc8
bc8_49,bc8
bc8_50,bc8
bc8_51,bc8
bc8_52,bc8
bc8_53,bc8
bc8_54,bc8
bc8_55,bc8
bc8_56,bc8
bc8_57,bc8
bc8_58,bc8
bc8_59,bc8
bc8_60,bc8
bc8_61,bc8
bc8_62,bc8
bc8_63,bc8
bc8_64,bc8
bc8_65,bc8
bc8_66,bc8
bc8_67,bc8
bc8_68,bc8
bc8_69,bc8
bc8_70,bc8
bc8_71,bc8
bc8_72,bc8
bc8_73,bc8
bc8_74,bc8
bc8_75,bc8
bc8_76,bc8
bc8_77,bc8
bc8_78,bc8
bc8_79,bc8
bc8_80,bc8
bc8_81,bc8
bc8_82,bc8
bc8_83,bc8
bc8_84,bc8
bc8_85,bc8
bc8_86,bc8
bc8_87,bc8
bc8_88,bc8
bc8_89,bc8
bc8_90,bc8
bc8_91,bc8
bc8_92,bc8
bc8_93,bc8
bc8_94,bc8
bc8_95,Multiplet
bc8_96,bc8
bc8_97,bc8
bc8_98,bc8
bc8_99,bc8
bc8_100,bc8
bc8_101,bc8
bc8_102,bc8
bc8_103,bc8
bc8_104,bc8
bc8_105,bc8
bc8_106,bc8
bc8_107,bc8
bc8_108,bc8
bc8_109,bc8
bc8_110,bc8
bc8_111,bc8
bc8_112,bc8
bc8_113,bc8
bc8_114,bc8
bc8_115,bc8
bc8_116,bc8
bc8_117,bc8
bc8_118,bc8
bc8_119,bc8
bc8_120,bc8
bc8_121,bc8
bc8_122,bc8
bc8_123,bc8
bc8_124,bc8
bc8_125,bc8
bc8_126,bc8
bc8_127,bc8
bc8_128,bc8
bc8_129,bc8
bc8_130,bc8
bc8_131,bc8
bc8_132,bc8
bc8_133,bc8
bc8_134,bc8
bc8_135,bc8
bc8_136,bc8
bc8_137,bc8
bc8_138,bc8
bc8_139,bc8
bc8_140,bc8
bc8_141,bc8
bc8_142,bc8
bc8_143,bc8
bc8_144,bc8
bc8_145,bc8
bc8_146,bc8
bc8_147,bc8
bc8_148,bc8
bc8_149,bc8
bc8_150,bc8
bc8_151,bc8
bc8_152,bc8
bc8_153,bc8
bc8_154,bc8
bc8_155,bc8
bc8_156,Multiplet
bc8_157,bc8
bc8_158,bc8
bc8_159,bc8
bc8_160,bc8
bc8_161,bc8
bc8_162,bc8
bc8_163,bc8
bc8_164,bc8
bc8_165,bc8
bc8_166,bc8
bc8_167,bc8
bc8_168,bc8
bc8_169,bc8
bc8_170,bc8
bc8_171,bc8
bc8_172,bc8
bc8_173,bc8
bc8_174,bc8
bc8_175,bc8
bc8_176,bc8
bc8_177,bc8
bc8_178,bc8
bc8_179,bc8
bc8_180,bc8
bc8_181,bc8
bc8_182,bc8
bc8_183,bc8
bc8_184,bc8
bc8_185,bc8
bc8_186,bc8
bc8_187,bc8
bc8_188,bc8
bc8_189,bc8
bc8_190,bc8
bc8_191,bc8
bc8_192,bc8
bc8_193,bc8
bc8_194,bc8
bc8_195,bc8
bc8_196,bc8
bc8_197,bc8
bc8_198,bc8
bc8_199,bc8
bc8_200,bc8
bc8_201,bc8
bc8_202,bc8
bc8_203,bc8
bc8_204,bc8
bc8_205,bc8
bc8_206,bc8
bc8_207,bc8
bc8_208,bc8
bc8_209,bc8
bc8_210,bc8
bc8_211,bc8
bc8_212,bc8
bc8_213,bc8
bc8_214,bc8
bc8_215,bc8
bc8_216,bc8
bc8_217,bc8
bc8_218,bc8
bc8_219,bc8
bc8_220,bc8
bc8_221,bc8
bc8_222,bc8
bc8_223,bc8
bc8_224,bc8
bc8_225,bc8
bc8_226,bc8
bc8_227,bc8
bc8_228,bc8
bc8_229,bc8
bc8_230,bc8
bc8_231,bc8
bc8_232,bc8
bc8_233,bc8
bc8_234,bc8
bc8_235,bc8
bc8_236,bc8
bc8_237,bc8
bc8_238,bc8
bc8_239,bc8
bc8_240,bc8
bc8_241,bc8
bc8_242,bc8
bc8_243,bc8
bc8_244,bc8
bc8_245,bc8
bc8_246,bc8
bc8_247,bc8
bc8_248,bc8
bc8_249,bc8
bc8_250,bc8
bc8_251,bc8
bc8_252,bc8
bc8_253,bc8
bc8_254,bc8
bc8_255,bc8
bc8_256,bc8
bc8_257,bc8
bc8_258,bc8
bc8_259,bc8
bc8_260,bc8
bc8_261,bc8
bc8_262,bc8
bc8_263,bc8
bc8_264,bc8
bc8_265,bc8
bc8_266,bc8
bc8_267,bc8
bc8_268,bc8
bc8_269,bc8
bc8_270,bc8
bc8_271,bc8
bc8_272,bc8
bc8_273,bc8
bc8_274,bc8
bc8_275,Multiplet
bc8_276,bc8
bc8_277,bc8
bc8_278,bc8
bc8_279,bc8
bc8_280,bc8
bc8_281,bc8
bc8_282,bc8
bc8_283,bc8
bc8_284,bc8
bc8_285,bc8
bc8_286,bc8
bc8_287,bc8
bc8_288,bc8
bc8_289,bc8
bc8_290,bc8
bc8_291,bc8
bc8_292,bc8
bc8_293,bc8
bc8_294,bc8
bc8_295,bc8
bc8_296,bc8
bc8_297,bc8
bc8_298,bc8
bc8_299,bc8
bc8_300,bc8
bc8_301,bc8
bc8_302,bc8
bc8_303,bc8
bc8_304,bc8
bc8_305,bc8
bc8_306,bc8
bc8_307,bc8
bc8_308,bc8
bc8_309,bc8
bc8_310,bc8
bc8_311,bc8
bc8_312,bc8
bc8_313,bc8
bc8_314,bc8
bc8_315,bc8
bc8_316,bc8
bc8_317,bc8
bc8_318,bc8
bc8_319,bc8
bc8_320,bc8
bc8_321,bc8
bc8_322,bc8
bc8_323,bc8
bc8_324,bc8
bc8_325,bc8
bc8_326,bc8
bc8_327,bc8
bc8_328,bc8
bc8_329,bc8
bc8_330,bc8
bc8_331,bc8
bc8_332,bc8
bc8_333,bc8
bc8_334,bc8
bc8_335,bc8
bc8_336,bc8
bc8_337,bc8
bc8_338,bc8
bc8_339,bc8
bc8_340,bc8
bc8_341,bc8
bc8_342,bc8
bc8_343,bc8
bc8_344,bc8
bc8_345,bc8
bc8_346,bc8
bc8_347,bc8
bc8_348,bc8
bc8_349,bc8
bc8_350,bc8
bc8_351,bc8
bc8_352,bc8
bc8_353,bc8
bc8_354,bc8
bc8_355,bc8
bc8_356,bc8
bc8_357,bc8
bc8_358,bc8
bc8_359,bc8
bc8_360,bc8
bc8_361,bc8
bc8_362,bc8
bc8_363,bc8
bc8_364,bc8
bc8_365,bc8
bc8_366,bc8
bc8_367,bc8
bc8_368,bc8
bc8_369,bc8
bc8_370,bc8
bc8_371,bc8
bc8_372,bc8
bc8_373,bc8
bc8_374,bc8
bc8_375,bc8
bc8_376,bc8
bc8_377,bc8
bc8_378,bc8
bc8_379,bc8
bc8_380,bc8
bc8_381,bc8
bc8_382,bc8
bc8_383,bc8
bc8_384,bc8
bc8_385,bc8
bc8_386,bc8
bc8_387,bc8
bc8_388,bc8
bc8_389,bc8
bc8_390,bc8
bc8_391,bc8
bc8_392,bc8
bc8_393,bc8
bc8_394,bc8
bc8_395,bc8
bc8_396,bc8
bc8_397,bc8
bc8_398,bc8
bc8_399,bc8
bc8_400,bc8
bc8_401,bc8
bc8_402,bc8
bc8_403,bc8
bc8_404,bc8
bc8_405,bc8
bc8_406,bc8
bc8_407,bc8
bc8_408,bc8
bc8_409,bc8
bc8_410,bc8
bc8_411,bc8
bc8_412,bc8
bc8_413,bc8
bc8_414,bc8
bc8_415,bc8
bc8_416,bc8
bc8_417,bc8
bc8_418,bc8
bc8_419,bc8
bc8_420,bc8
bc8_421,bc8
bc8_422,bc8
bc8_423,bc8
bc8_424,bc8
bc8_425,bc8
bc8_426,bc8
bc8_427,bc8
bc8_428,bc8
bc8_429,bc8
bc8_430,bc8
bc8_431,bc8
bc8_432,bc8
bc8_433,bc8
bc8_434,bc8
bc8_435,bc8
bc8_436,bc8
bc8_437,bc8
bc8_438,bc8
bc8_439,bc8
bc8_440,bc8
bc8_441,bc8
bc8_442,bc8
bc8_443,bc8
bc8_444,bc8
bc8_445,bc8
bc8_446,bc8
bc8_447,bc8
bc8_448,bc8
bc8_449,bc8
bc8_450,bc8
bc8_451,bc8
bc8_452,bc8
bc8_453,bc8
bc8_454,bc8
bc8_455,bc8
bc8_456,bc8
bc8_457,bc8
bc8_458,bc8
bc8_459,bc8
bc8_460,bc8
bc8_461,bc8
bc8_462,bc8
bc8_463,bc8
bc8_464,bc8
bc8_465,bc8
bc8_466,bc8
bc8_467,bc8
bc8_468,bc8
bc8_469,bc8
bc8_470,bc8
bc8_471,bc8
bc8_472,bc8
bc8_473,bc8
bc8_474,bc8
bc8_475,bc8
bc8_476,bc8
bc8_477,bc8
bc8_478,bc8
bc8_479,bc8
bc8_480,bc8
bc8_481,bc8
bc8_482,bc8
bc8_483,bc8
bc8_484,bc8
bc8_485,bc8
bc8_486,bc8
bc8_487,bc8
bc8_488,bc8
bc8_489,bc8
bc8_490,bc8
bc8_491,bc8
bc8_492,bc8
bc8_493,bc8
bc8_494,bc8
bc8_495,bc8
bc8_496,bc8
bc8_497,bc8
bc8_498,bc8
bc8_499,bc8
bc8_500,bc8
bc8_501,bc8
bc8_502,bc8
bc8_503,bc8
bc8_504,bc8
bc8_505,bc8
bc8_506,bc8
bc8_507,bc8
bc8_508,bc8
bc8_509,bc8
bc8_510,bc8
bc8_511,bc8
bc8_512,bc8
bc8_513,bc8
bc8_514,bc8
bc8_515,bc8
bc8_516,bc8
bc8_517,bc8
bc8_518,bc8
bc8_519,bc8
bc8_520,bc8
bc8_521,bc8
bc8_522,bc8
bc8_523,bc8
bc8_524,bc8
bc8_525,bc8
bc8_526,bc8
bc8_527,bc8
bc8_528,bc8
bc8_529,bc8
bc8_530,bc8
bc8_531,bc8
bc8_532,bc8
bc8_533,bc8
bc8_534,bc8
bc8_535,bc8
bc8_536,bc8
bc8_537,bc8
bc8_538,bc8
bc8_539,bc8
bc8_540,bc8
bc8_541,bc8
bc8_542,bc8
bc8_543,bc8
bc8_544,bc8
bc8_545,bc8
bc8_546,bc8
bc8_547,bc8
bc8_548,bc8
bc8_549,bc8
bc8_550,bc8
bc8_551,bc8
bc8_552,bc8
bc8_553,bc8
bc8_554,bc8
bc8_555,bc8
bc8_556,bc8
bc8_557,bc8
bc8_558,bc8
bc8_559,bc8
bc8_560,bc8
bc8_561,bc8
bc8_562,bc8
bc8_563,bc8
bc8_564,bc8
bc8_565,bc8
bc8_566,bc8
bc8_567,bc8
bc8_568,bc8
bc8_569,bc8
bc8_570,bc8
bc8_571,bc8
bc8_572,bc8
bc8_573,bc8
bc8_574,bc8
bc8_575,bc8
bc8_576,bc8
bc8_577,bc8
bc8_578,bc8
bc8_579,bc8
bc8_580,bc8
bc8_581,bc8
bc8_582,bc8
bc8_583,bc8
bc8_584,bc8
bc8_585,bc8
bc8_586,bc8
bc8_587,bc8
bc8_588,bc8
bc8_589,bc8
bc8_590,bc8
bc8_591,bc8
bc8_592,bc8
bc8_593,bc8
bc8_594,bc8
bc8_595,bc8
bc8_596,bc8
bc8_597,bc8
bc8_598,bc8
bc8_599,bc8
bc8_600,bc8
bc8_601,bc8
bc8_602,bc8
bc8_603,bc8
bc8_604,bc8
bc8_605,bc8
bc8_606,bc8
bc8_607,bc8
bc8_608,bc8
bc8_609,bc8
bc8_610,bc8
bc8_611,bc8
bc8_612,bc8
bc8_613,bc8
bc8_614,bc8
bc8_615,bc8
bc8_616,bc8
bc8_617,bc8
bc8_618,bc8
bc8_619,bc8
bc8_620,bc8
bc8_621,bc8
bc8_622,bc8
bc8_623,bc8
bc8_624,bc8
bc8_625,bc8
bc8_626,bc8
bc8_627,bc8
bc8_628,bc8
bc8_629,bc8
bc8_630,bc8
bc8_631,bc8
bc8_632,bc8
bc8_633,bc8
bc8_634,bc8
bc8_635,bc8
bc8_636,bc8
bc8_637,bc8
bc8_638,bc8
bc8_639,bc8
bc8_640,bc8
bc8_641,bc8
bc8_642,bc8
bc8_643,bc8
bc8_644,bc8
bc8_645,bc8
bc8_646,bc8
bc8_647,bc8
bc8_648,bc8
bc8_649,bc8
bc8_650,bc8
bc8_651,Multiplet
bc8_652,bc8
bc8_653,bc8
bc8_654,bc8
bc8_655,bc8
bc8_656,bc8
bc8_657,bc8
bc8_658,bc8
bc8_659,bc8
bc8_660,bc8
bc8_661,bc8
bc8_662,bc8
bc8_663,bc8
bc8_664,bc8
bc8_665,bc8
bc8_666,bc8
bc8_667,bc8
bc8_668,bc8
bc8_669,bc8
bc8_670,bc8
bc8_671,bc8
bc8_672,bc8
bc8_673,bc8
bc8_674,bc8
bc8_675,bc8
bc8_676,bc8
bc8_677,bc8
bc8_678,bc8
bc8_679,bc8
bc8_680,bc8
bc8_681,bc8
bc8_682,bc8
bc8_683,bc8
bc8_684,bc8
bc8_685,bc8
bc8_686,bc8
bc8_687,bc8
bc8_688,bc8
bc8_689,bc8
bc8_690,bc8
bc8_691,bc8
bc8_692,bc8
bc8_693,bc8
bc8_694,bc8
bc8_695,bc8
bc8_696,bc8
bc8_697,bc8
bc8_698,bc8
bc8_699,bc8
bc8_700,bc8
bc8_701,bc8
bc8_702,bc8
bc8_703,bc8
bc8_704,bc8
bc8_705,bc8
bc8_706,bc8
bc8_707,bc8
bc8_708,bc8
bc8_709,bc8
bc8_710,bc8
bc8_711,bc8
bc8_712,bc8
bc8_713,bc8
bc8_714,bc8
bc8_715,bc8
bc8_716,bc8
bc8_717,bc8
bc8_718,bc8
bc8_719,bc8
bc8_720,bc8
bc8_721,bc8
bc8_722,bc8
bc8_723,bc8
bc8_724,bc8
bc8_725,bc8
bc8_726,bc8
bc8_727,bc8
bc8_728,bc8
bc8_729,bc8
bc8_730,bc8
bc8_731,bc8
bc8_732,bc8
bc8_733,bc8
bc8_734,bc8
bc8_735,bc8
bc8_736,bc8
bc8_737,bc8
bc8_738,bc8
bc8_739,bc8
bc8_740,bc8
bc8_741,bc8
bc8_742,bc8
bc8_743,bc8
bc8_744,bc8
bc8_745,bc8
bc8_746,bc8
bc8_747,bc8
bc8_748,bc8
bc8_749,bc8
bc8_750,bc8
bc8_751,bc8
bc8_752,bc8
bc8_753,bc8
bc8_754,bc8
bc8_755,bc8
bc8_756,bc8
bc8_757,bc8
bc8_758,bc8
bc8_759,bc8
bc8_760,bc8
bc8_761,bc8
bc8_762,bc8
bc8_763,bc8
bc8_764,bc8
bc8_765,bc8
bc8_766,bc8
bc8_767,bc8
bc8_768,bc8
bc8_769,bc8
bc8_770,bc8
bc8_771,bc8
bc8_772,bc8
bc8_773,bc8
bc8_774,bc8
bc8_775,bc8
bc8_776,bc8
bc8_777,bc8
bc8_778,bc8
bc8_779,bc8
bc8_780,bc8
bc8_781,bc8
bc8_782,bc8
bc8_783,bc8
bc8_784,bc8
bc8_785,bc8
bc8_786,bc8
bc8_787,bc8
bc8_788,bc8
bc8_789,bc8
bc8_790,bc8
bc8_791,bc8
bc8_792,bc8
bc8_793,bc8
bc8_794,bc8
bc8_795,bc8
bc8_796,bc8
bc8_797,bc8
bc8_798,bc8
bc8_799,bc8
bc8_800,bc8
bc8_801,bc8
bc8_802,bc8
bc8_803,bc8
bc8_804,bc8
bc8_805,bc8
bc8_806,bc8
bc8_807,bc8
bc8_808,bc8
bc8_809,bc8
bc8_810,bc8
bc8_811,bc8
bc8_812,bc8
bc8_813,bc8
bc8_814,bc8
bc8_815,bc8
bc8_816,bc8
bc8_817,bc8
bc8_818,bc8
bc8_819,bc8
bc8_820,bc8
bc8_821,bc8
bc8_822,bc8
bc8_823,bc8
bc8_824,bc8
bc8_825,bc8
bc8_826,bc8
bc8_827,bc8
bc8_828,bc8
bc8_829,bc8
bc8_830,bc8
bc8_831,bc8
bc8_832,bc8
bc8_833,bc8
bc8_834,bc8
bc8_835,bc8
bc8_836,bc8
bc8_837,bc8
bc8_838,bc8
bc8_839,bc8
bc8_840,bc8
bc8_841,bc8
bc8_842,bc8
bc8_843,bc8
bc8_844,bc8
bc8_845,bc8
bc8_846,bc8
bc8_847,Negative
bc8_848,bc8
bc8_849,bc8
bc8_850,bc8
bc8_851,bc8
bc8_852,bc8
bc8_853,bc8
bc8_854,bc8
bc8_855,bc8
bc8_856,bc8
bc8_857,bc8
bc8_858,bc8
bc8_859,bc8
bc8_860,bc8
bc8_861,bc8
bc8_862,bc8
bc8_863,bc8
bc8_864,bc8
bc8_865,bc8
bc8_866,bc8
bc8_867,bc8
bc8_868,bc8
bc8_869,bc8
bc8_870,bc8
bc8_871,bc8
bc8_872,bc8
bc8_873,bc8
bc8_874,bc8
bc8_875,bc8
bc8_876,bc8
bc8_877,bc8
bc8_878,bc8
bc8_879,bc8
bc8_880,bc8
bc8_881,bc8
bc8_882,bc8
bc8_883,bc8
bc8_884,bc8
bc8_885,bc8
bc8_886,bc8
bc8_887,bc8
bc8_888,bc8
bc8_889,bc8
bc8_890,bc8
bc8_891,bc8
bc8_892,bc8
bc8_893,bc8
bc8_894,bc8
bc8_895,bc8
bc8_896,bc8
bc8_897,bc8
bc8_898,bc8
bc8_899,bc8
bc8_900,bc8
bc8_901,bc8
bc8_902,bc8
bc8_903,bc8
bc8_904,bc8
bc8_905,bc8
bc8_906,bc8
bc8_907,bc8
bc8_908,bc8
bc8_909,bc8
bc8_910,bc8
bc8_911,bc8
bc8_912,bc8
bc8_913,bc8
bc8_914,bc8
bc8_915,bc8
bc8_916,bc8
bc8_917,bc8
bc8_918,bc8
bc8_919,bc8
bc8_920,bc8
bc8_921,bc8
bc8_922,bc8
bc8_923,bc8
bc8_924,bc8
bc8_925,bc8
bc8_926,bc8
bc8_927,bc8
bc8_928,bc8
bc8_929,Multiplet
bc8_930,bc8
bc8_931,bc8
bc8_932,bc8
bc8_933,bc8
bc8_934,bc8
bc8_935,bc8
bc8_936,bc8
bc8_937,bc8
bc8_938,bc8
bc8_939,bc8
bc8_940,bc8
bc8_941,bc8
bc8_942,bc8
bc8_943,bc8
bc8_944,bc8
bc8_945,bc8
bc8_946,bc8
bc8_947,bc8
bc8_948,bc8
bc8_949,bc8
bc8_950,bc8
bc8_951,bc8
bc8_952,bc8
bc8_953,bc8
bc8_954,bc8
bc8_955,bc8
bc8_956,bc8
bc8_957,bc8
bc8_958,bc8
bc8_959,bc8
bc8_960,bc8
bc8_961,bc8
bc8_962,bc8
bc8_963,bc8
bc8_964,bc8
bc8_965,bc8
bc8_966,bc8
bc8_967,bc8
bc8_968,bc8
bc8_969,bc8
bc8_970,bc8
bc8_971,bc8
bc8_972,bc8
bc8_973,bc8
bc8_974,bc8
bc8_975,bc8
bc8_976,bc8
bc8_977,bc8
bc8_978,bc8
bc8_979,bc8
bc8_980,bc8
bc8_981,bc8
bc8_982,bc8
bc8_983,bc8
bc8_984,bc8
bc8_985,bc8
bc8_986,bc8
bc8_987,bc8
bc8_988,bc8
bc8_989,bc8
bc8_990,bc8
bc8_991,bc8
bc8_992,bc8
bc8_993,bc8
bc8_994,bc8
bc8_995,bc8
bc8_996,bc8
bc8_997,bc8
bc8_998,bc8
bc8_999,bc8
bc8_1000,bc8
bc8_1001,bc8
bc8_1002,bc8
bc8_1003,bc8
bc8_1004,bc8
bc8_1005,bc8
bc8_1006,bc8
bc8_1007,bc8
bc8_1008,bc8
bc8_1009,bc8
bc8_1010,bc8
bc8_1011,bc8
bc8_1012,bc8
bc8_1013,bc8
bc8_1014,bc8
bc8_1015,bc8
bc8_1016,bc8
bc8_1017,bc8
bc8_1018,bc8
bc8_1019,bc8
bc8_1020,bc8
bc8_1021,bc8
bc8_1022,bc8
bc8_1023,bc8
bc8_1024,bc8
bc8_1025,bc8
bc8_1026,bc8
bc8_1027,bc8
bc8_1028,bc8
bc8_1029,bc8
bc8_1030,bc8
bc8_1031,bc8
bc8_1032,bc8
bc8_1033,bc8
bc8_1034,bc8
bc8_1035,bc8
bc8_1036,bc8
bc8_1037,bc8
bc8_1038,bc8
bc8_1039,bc8
bc8_1040,bc8
bc8_1041,bc8
bc8_1042,bc8
bc8_1043,bc8
bc8_1044,bc8
bc8_1045,bc8
bc8_1046,bc8
bc8_1047,bc8
bc8_1048,bc8
bc8_1049,bc8
bc8_1050,bc8
bc8_1051,bc8
bc8_1052,bc8
bc8_1053,bc8
bc8_1054,bc8
bc8_1055,bc8
bc8_1056,bc8
bc8_1057,bc8
bc8_1058,bc8
bc8_1059,bc8
bc8_1060,bc8
bc8_1061,bc8
bc8_1062,bc8
bc8_1063,bc8
bc8_1064,bc8
bc8_1065,bc8
bc8_1066,bc8
bc8_1067,bc8
bc8_1068,Multiplet
bc8_1069,bc8
bc8_1070,bc8
bc8_1071,bc8
bc8_1072,bc8
bc8_1073,bc8
bc8_1074,bc8
bc8_1075,bc8
bc8_1076,bc8
bc8_1077,bc8
bc8_1078,bc8
bc8_1079,bc8
bc8_1080,bc8
bc8_1081,bc8
bc8_1082,bc8
bc8_1083,bc8
bc8_1084,bc8
bc8_1085,bc8
bc8_1086,bc8
bc8_1087,bc8
bc8_1088,bc8
bc8_1089,bc8
bc8_1090,bc8
bc8_1091,bc8
bc8_1092,bc8
bc8_1093,bc8
bc8_1094,bc8
bc8_1095,bc8
bc8_1096,bc8
bc8_1097,bc8
bc8_1098,bc8
bc8_1099,bc8
bc8_1100,bc8
bc8_1101,bc8
bc8_1102,bc8
bc8_1103,bc8
bc8_1104,bc8
bc8_1105,bc8
bc8_1106,bc8
bc8_1107,bc8
bc8_1108,bc8
bc8_1109,bc8
bc8_1110,bc8
bc8_1111,bc8
bc8_1112,bc8
bc8_1113,bc8
bc8_1114,bc8
bc8_1115,bc8
bc8_1116,bc8
bc8_1117,bc8
bc8_1118,bc8
bc8_1119,bc8
bc8_1120,bc8
bc8_1121,bc8
bc8_1122,bc8
bc8_1123,bc8
bc8_1124,bc8
bc8_1125,bc8
bc8_1126,bc8
bc8_1127,bc8
bc8_1128,bc8
bc8_1129,bc8
bc8_1130,bc8
bc8_1131,bc8
bc8_1132,bc8
bc8_1133,bc8
bc8_1134,bc8
bc8_1135,bc8
bc8_1136,bc8
bc8_1137,bc8
bc8_1138,bc8
bc8_1139,bc8
bc8_1140,bc8
bc8_1141,bc8
bc8_1142,bc8
bc8_1143,bc8
bc8_1144,bc8
bc8_1145,bc8
bc8_1146,bc8
bc8_1147,bc8
bc8_1148,bc8
bc8_1149,bc8
bc8_1150,bc8
bc8_1151,bc8
bc8_1152,bc8
bc8_1153,bc8
bc8_1154,bc8
bc8_1155,bc8
bc8_1156,bc8
bc8_1157,bc8
bc8_1158,bc8
bc8_1159,bc8
bc8_1160,bc8
bc8_1161,bc8
bc8_1162,bc8
bc8_1163,bc8
bc8_1164,bc8
bc8_1165,bc8
bc8_1166,bc8
bc8_1167,bc8
bc8_1168,bc8
bc8_1169,bc8
bc8_1170,bc8
bc8_1171,bc8
bc8_1172,bc8
bc8_1173,bc8
bc8_1174,bc8
bc8_1175,bc8
bc8_1176,bc8
bc8_1177,bc8
bc8_1178,bc8
bc8_1179,bc8
bc8_1180,bc8
bc8_1181,bc8
bc8_1182,bc8
bc8_1183,bc8
bc8_1184,bc8
bc8_1185,bc8
bc8_1186,bc8
bc8_1187,bc8
bc8_1188,bc8
bc8_1189,bc8
bc8_1190,bc8
bc8_1191,bc8
bc8_1192,bc8
bc8_1193,bc8
bc8_1194,bc8
bc8_1195,bc8
bc8_1196,bc8
bc8_1197,bc8
bc8_1198,bc8
bc8_1199,bc8
bc8_1200,bc8
bc8_1201,bc8
bc8_1202,bc8
bc8_1203,bc8
bc8_1204,bc8
bc8_1205,bc8
bc8_1206,bc8
bc8_1207,bc8
bc8_1208,bc8
bc8_1209,bc8
bc8_1210,bc8
bc8_1211,bc8
bc8_1212,bc8
bc8_1213,bc8
bc8_1214,bc8
bc8_1215,bc8
bc8_1216,bc8
bc8_1217,bc8
bc8_1218,bc8
bc8_1219,bc8
bc8_1220,bc8
bc8_1221,bc8
bc8_1222,bc8
bc8_1223,bc8
bc8_1224,bc8
bc8_1225,Multiplet
bc8_1226,bc8
bc8_1227,bc8
bc8_1228,bc8
bc8_1229,bc8
bc8_1230,bc8
bc8_1231,bc8
bc8_1232,bc8
bc8_1233,bc8
bc8_1234,bc8
bc8_1235,bc8
bc8_1236,bc8
bc8_1237,bc8
bc8_1238,bc8
bc8_1239,bc8
bc8_1240,bc8
bc8_1241,bc8
bc8_1242,bc8
bc8_1243,bc8
bc8_1244,bc8
bc8_1245,bc8
bc8_1246,bc8
bc8_1247,bc8
bc8_1248,bc8
bc8_1249,bc8
bc8_1250,bc8
bc8_1251,bc8
bc8_1252,bc8
bc8_1253,bc8
bc8_1254,bc8
bc8_1255,bc8
bc8_1256,bc8
bc8_1257,bc8
bc8_1258,bc8
bc8_1259,bc8
bc8_1260,bc8
bc8_1261,bc8
bc8_1262,bc8
bc8_1263,bc8
bc8_1264,bc8
bc8_1265,bc8
bc8_1266,bc8
bc8_1267,bc8
bc8_1268,bc8
bc8_1269,bc8
bc8_1270,bc8
bc8_1271,bc8
bc8_1272,bc8
bc8_1273,bc8
bc8_1274,bc8
bc8_1275,bc8
bc8_1276,bc8
bc8_1277,bc8
bc8_1278,bc8
bc8_1279,bc8
bc8_1280,bc8
bc8_1281,bc8
bc8_1282,bc8
bc8_1283,bc8
bc8_1284,bc8
bc8_1285,bc8
bc8_1286,bc8
bc8_1287,bc8
bc8_1288,bc8
bc8_1289,bc8
bc8_1290,bc8
bc8_1291,bc8
bc8_1292,bc8
bc8_1293,bc8
bc8_1294,bc8
bc8_1295,bc8
bc8_1296,bc8
bc8_1297,bc8
bc8_1298,bc8
bc8_1299,bc8
bc8_1300,bc8
bc8_1301,bc8
bc8_1302,bc8
bc8_1303,bc8
bc8_1304,bc8
bc8_1305,bc8
bc8_1306,bc8
bc8_1307,bc8
bc8_1308,bc8
bc8_1309,bc8
bc8_1310,bc8
bc8_1311,bc8
bc8_1312,bc8
bc8_1313,bc8
bc8_1314,bc8
bc8_1315,bc8
bc8_1316,bc8
bc8_1317,bc8
bc8_1318,bc8
bc8_1319,bc8
bc8_1320,bc8
bc8_1321,bc8
bc8_1322,bc8
bc8_1323,bc8
bc8_1324,bc8
bc8_1325,bc8
bc8_1326,bc8
bc8_1327,bc8
bc8_1328,bc8
bc8_1329,bc8
bc8_1330,bc8
bc8_1331,bc8
bc8_1332,Negative
bc8_1333,bc8
bc8_1334,bc8
bc8_1335,bc8
bc8_1336,bc8
bc8_1337,bc8
bc8_1338,bc8
bc8_1339,bc8
bc8_1340,bc8
bc8_1341,bc8
bc8_1342,bc8
bc8_1343,bc8
bc8_1344,bc8
bc8_1345,bc8
bc8_1346,bc8
bc8_1347,bc8
bc8_1348,bc8
bc8_1349,bc8
bc8_1350,bc8
bc8_1351,bc8
bc8_1352,bc8
bc8_1353,bc8
bc8_1354,bc8
bc8_1355,bc8
bc8_1356,bc8
bc8_1357,bc8
bc8_1358,bc8
bc8_1359,bc8
bc8_1360,bc8
bc8_1361,bc8
bc8_1362,bc8
bc8_1363,bc8
bc8_1364,bc8
bc8_1365,bc8
bc8_1366,bc8
bc8_1367,bc8
bc8_1368,bc8
bc8_1369,bc8
bc8_1370,bc8
bc8_1371,bc8
bc8_1372,bc8
bc8_1373,bc8
bc8_1374,bc8
bc8_1375,bc8
bc8_1376,bc8
bc8_1377,bc8
bc8_1378,bc8
bc8_1379,bc8
bc8_1380,bc8
bc8_1381,bc8
bc8_1382,bc8
bc8_1383,bc8
bc8_1384,bc8
bc8_1385,bc8
bc8_1386,bc8
bc8_1387,bc8
bc8_1388,bc8
bc8_1389,bc8
bc8_1390,bc8
bc8_1391,bc8
bc8_1392,bc8
bc8_1393,bc8
bc8_1394,bc8
bc8_1395,bc8
bc8_1396,bc8
bc8_1397,bc8
bc8_1398,bc8
bc8_1399,bc8
bc8_1400,bc8
bc8_1401,bc8
bc8_1402,bc8
bc8_1403,bc8
bc8_1404,bc8
bc8_1405,bc8
bc8_1406,bc8
bc8_1407,bc8
bc8_1408,bc8
bc8_1409,bc8
bc8_1410,bc8
bc8_1411,bc8
bc8_1412,bc8
bc8_1413,bc8
bc8_1414,bc8
bc8_1415,bc8
bc8_1416,bc8
bc8_1417,bc8
bc8_1418,bc8
bc8_1419,bc8
bc8_1420,bc8
bc8_1421,bc8
bc8_1422,bc8
bc8_1423,bc8
bc8_1424,bc8
bc8_1425,bc8
bc8_1426,bc8
bc8_1427,bc8
bc8_1428,bc8
bc8_1429,bc8
bc8_1430,bc8
bc8_1431,bc8
bc8_1432,bc8
bc8_1433,bc8
bc8_1434,bc8
bc8_1435,bc8
bc8_1436,bc8
bc8_1437,bc8
bc8_1438,bc8
bc8_1439,bc8
bc8_1440,bc8
bc8_1441,bc8
bc8_1442,bc8
bc8_1443,bc8
bc8_1444,bc8
bc8_1445,bc8
bc8_1446,bc8
bc8_1447,bc8
bc8_1448,bc8
bc8_1449,bc8
bc8_1450,bc8
bc8_1451,bc8
bc8_1452,bc8
bc8_1453,bc8
bc8_1454,bc8
bc8_1455,bc8
bc8_1456,bc8
bc8_1457,bc8
bc8_1458,bc8
bc8_1459,bc8
bc8_1460,bc8
bc8_1461,bc8
bc8_1462,bc8
bc8_1463,bc8
bc8_1464,bc8
bc8_1465,bc8
bc8_1466,bc8
bc8_1467,bc8
bc8_1468,bc8
bc8_1469,bc8
bc8_1470,bc8
bc8_1471,bc8
bc8_1472,bc8
bc8_1473,bc8
bc8_1474,bc8
bc8_1475,bc8
bc8_1476,bc8
bc8_1477,bc8
bc8_1478,bc8
bc8_1479,bc8
bc8_1480,bc8
bc8_1481,bc8
bc8_1482,bc8
bc8_1483,bc8
bc8_1484,bc8
bc8_1485,bc8
bc8_1486,bc8
bc8_1487,bc8
bc8_1488,bc8
bc8_1489,bc8
bc8_1490,bc8
bc8_1491,bc8
bc8_1492,bc8
bc8_1493,bc8
bc8_1494,bc8
bc8_1495,bc8
bc8_1496,bc8
bc8_1497,bc8
bc8_1498,bc8
bc8_1499,bc8
bc8_1500,bc8
bc8_1501,bc8
bc8_1502,bc8
bc8_1503,bc8
bc8_1504,bc8
bc8_1505,bc8
bc8_1506,bc8
bc8_1507,bc8
bc8_1508,bc8
bc8_1509,bc8
bc8_1510,bc8
bc8_1511,bc8
bc8_1512,bc8
bc8_1513,bc8
bc8_1514,bc8
bc8_1515,bc8
bc8_1516,bc8
bc8_1517,bc8
bc8_1518,bc8
bc8_1519,bc8
bc8_1520,bc8
bc8_1521,bc8
bc8_1522,bc8
bc8_1523,bc8
bc8_1524,bc8
bc8_1525,bc8
bc8_1526,bc8
bc8_1527,bc8
bc8_1528,bc8
bc8_1529,bc8
bc8_1530,bc8
bc8_1531,bc8
bc8_1532,bc8
bc8_1533,bc8
bc8_1534,bc8
bc8_1535,bc8
bc8_1536,bc8
bc8_1537,bc8
bc8_1538,bc8
bc8_1539,bc8
bc8_1540,bc8
bc8_1541,bc8
bc8_1542,bc8
bc8_1543,bc8
bc8_1544,bc8
bc8_1545,bc8
bc8_1546,bc8
bc8_1547,bc8
bc8_1548,bc8
bc8_1549,bc8
bc8_1550,bc8
bc8_1551,bc8
bc8_1552,bc8
bc8_1553,bc8
bc8_1554,bc8
bc8_1555,bc8
bc8_1556,bc8
bc8_1557,bc8
bc8_1558,bc8
bc8_1559,bc8
bc8_1560,bc8
bc8_1561,bc8
bc8_1562,bc8
bc8_1563,bc8
bc8_1564,bc8
bc8_1565,bc8
bc8_1566,bc8
bc8_1567,bc8
bc8_1568,bc8
bc8_1569,bc8
bc8_1570,bc8
bc8_1571,bc8
bc8_1572,bc8
bc8_1573,bc8
bc8_1574,bc8
bc8_1575,bc8
bc8_1576,bc8
bc8_1577,bc8
bc8_1578,bc8
bc8_1579,bc8
bc8_1580,bc8
bc8_1581,bc8
bc8_1582,bc8
bc8_1583,bc8
bc8_1584,bc8
bc8_1585,bc8
bc8_1586,bc8
bc8_1587,bc8
bc8_1588,bc8
bc8_1589,bc8
bc8_1590,bc8
bc8_1591,bc8
bc8_1592,bc8
bc8_1593,bc8
bc8_1594,bc8
bc8_1595,bc8
bc8_1596,bc8
bc8_1597,bc8
bc8_1598,bc8
bc8_1599,bc8
bc8_1600,bc8
bc8_1601,bc8
bc8_1602,bc8
bc8_1603,bc8
bc8_1604,bc8
bc8_1605,bc8
bc8_1606,bc8
bc8_1607,bc8
bc8_1608,bc8
bc8_1609,bc8
bc8_1610,bc8
bc8_1611,bc8
bc8_1612,bc8
bc8_1613,bc8
bc8_1614,bc8
bc8_1615,bc8
bc8_1616,bc8
bc8_1617,bc8
bc8_1618,bc8
bc8_1619,bc8
bc8_1620,bc8
bc8_1621,bc8
bc8_1622,bc8
bc8_1623,bc8
bc8_1624,bc8
bc8_1625,bc8
bc8_1626,bc8
bc8_1627,bc8
bc8_1628,bc8
bc8_1629,bc8
bc8_1630,bc8
bc8_1631,bc8
bc8_1632,bc8
bc8_1633,bc8
bc8_1634,bc8
bc8_1635,bc8
bc8_1636,bc8
bc8_1637,bc8
bc8_1638,bc8
bc8_1639,bc8
bc8_1640,bc8
bc8_1641,bc8
bc8_1642,bc8
bc8_1643,bc8
bc8_1644,bc8
bc8_1645,bc8
bc8_1646,bc8
bc8_1647,bc8
bc8_1648,bc8
bc8_1649,bc8
bc8_1650,bc8
bc8_1651,bc8
bc8_1652,bc8
bc8_1653,bc8
bc8_1654,bc8
bc8_1655,bc8
bc8_1656,bc8
bc8_1657,bc8
bc8_1658,bc8
bc8_1659,bc8
bc8_1660,bc8
bc8_1661,bc8
bc8_1662,bc8
bc8_1663,bc8
bc8_1664,bc8
bc8_1665,bc8
bc8_1666,bc8
bc8_1667,bc8
bc8_1668,bc8
bc8_1669,bc8
bc8_1670,bc8
bc8_1671,bc8
bc8_1672,bc8
bc8_1673,bc8
bc8_1674,bc8
bc8_1675,bc8
bc8_1676,bc8
bc8_1677,bc8
bc8_1678,bc8
bc8_1679,bc8
bc8_1680,bc8
bc8_1681,bc8
bc8_1682,bc8
bc8_1683,bc8
bc8_1684,bc8
bc8_1685,bc8
bc8_1686,bc8
bc8_1687,bc8
bc8_1688,bc8
bc8_1689,bc8
bc8_1690,bc8
bc8_1691,bc8
bc8_1692,bc8
bc8_1693,bc8
bc8_1694,bc8
bc8_1695,bc8
bc8_1696,bc8
bc8_1697,bc8
bc8_1698,bc8
bc8_1699,bc8
bc8_1700,bc8
bc8_1701,bc8
bc8_1702,bc8
bc8_1703,bc8
bc8_1704,bc8
bc8_1705,bc8
bc8_1706,bc8
bc8_1707,bc8
bc8_1708,bc8
bc8_1709,bc8
bc8_1710,bc8
bc8_1711,bc8
bc8_1712,bc8
bc8_1713,bc8
bc8_1714,bc8
bc8_1715,bc8
bc8_1716,bc8
bc8_1717,bc8
bc8_1718,bc8
bc8_1719,bc8
bc8_1720,bc8
bc8_1721,bc8
bc8_1722,bc8
bc8_1723,bc8
bc8_1724,bc8
bc8_1725,bc8
bc8_1726,bc8
bc8_1727,bc8
bc8_1728,bc8
bc8_1729,bc8
bc8_1730,bc8
bc8_1731,bc8
bc8_1732,bc8
bc8_1733,bc8
bc8_1734,bc8
bc8_1735,bc8
bc8_1736,bc8
bc8_1737,bc8
bc8_1738,bc8
bc8_1739,bc8
bc8_1740,bc8
bc8_1741,bc8
bc8_1742,bc8
bc8_1743,bc8
bc8_1744,bc8
bc8_1745,Multiplet
bc8_1746,bc8
bc8_1747,bc8
bc8_1748,bc8
bc8_1749,bc8
bc8_1750,bc8
bc8_1751,bc8
bc8_1752,bc8
bc8_1753,bc8
bc8_1754,bc8
bc8_1755,bc8
bc8_1756,bc8
bc8_1757,bc8
bc8_1758,bc8
bc8_1759,bc8
bc8_1760,bc8
bc8_1761,bc8
bc8_1762,bc8
bc8_1763,bc8
bc8_1764,bc8
bc8_1765,bc8
bc8_1766,bc8
bc8_1767,bc8
bc8_1768,bc8
bc8_1769,bc8
bc8_1770,bc8
bc8_1771,bc8
bc8_1772,bc8
bc8_1773,bc8
bc8_1774,bc8
bc8_1775,bc8
bc8_1776,bc8
bc8_1777,bc8
bc8_1778,bc8
bc8_1779,bc8
bc8_1780,bc8
bc8_1781,bc8
bc8_1782,bc8
bc8_1783,bc8
bc8_1784,bc8
bc8_1785,bc8
bc8_1786,bc8
bc8_1787,bc8
bc8_1788,bc8
bc8_1789,bc8
bc8_1790,bc8
bc8_1791,bc8
bc8_1792,bc8
bc8_1793,bc8
bc8_1794,bc8
bc8_1795,bc8
bc8_1796,bc8
bc8_1797,bc8
bc8_1798,bc8
bc8_1799,bc8
bc8_1800,bc8
bc8_1801,bc8
bc8_1802,bc8
bc8_1803,bc8
bc8_1804,bc8
bc8_1805,bc8
bc8_1806,bc8
bc8_1807,bc8
bc8_1808,bc8
bc8_1809,bc8
bc8_1810,bc8
bc8_1811,bc8
bc8_1812,bc8
bc8_1813,bc8
bc8_1814,bc8
bc8_1815,bc8
bc8_1816,bc8
bc8_1817,bc8
bc8_1818,bc8
bc8_1819,bc8
bc8_1820,bc8
bc8_1821,bc8
bc8_1822,bc8
bc8_1823,bc8
bc8_1824,bc8
bc8_1825,bc8
bc8_1826,bc8
bc8_1827,bc8
bc8_1828,bc8
bc8_1829,bc8
bc8_1830,bc8
bc8_1831,bc8
bc8_1832,bc8
bc8_1833,bc8
bc8_1834,bc8
bc8_1835,bc8
bc8_1836,bc8
bc8_1837,bc8
bc8_1838,bc8
bc8_1839,bc8
bc8_1840,bc8
bc8_1841,bc8
bc8_1842,bc8
bc8_1843,bc8
bc8_1844,bc8
bc8_1845,bc8
bc8_1846,bc8
bc8_1847,bc8
bc8_1848,bc8
bc8_1849,bc8
bc8_1850,bc8
bc8_1851,bc8
bc8_1852,bc8
bc8_1853,bc8
bc8_1854,bc8
bc8_1855,bc8
bc8_1856,bc8
bc8_1857,bc8
bc8_1858,bc8
bc8_1859,bc8
bc8_1860,bc8
bc8_1861,bc8
bc8_1862,bc8
bc8_1863,bc8
bc8_1864,bc8
bc8_1865,bc8
bc8_1866,bc8
bc8_1867,bc8
bc8_1868,bc8
bc8_1869,bc8
bc8_1870,bc8
bc8_1871,bc8
bc8_1872,bc8
bc8_1873,bc8
bc8_1874,bc8
bc8_1875,bc8
bc8_1876,bc8
bc8_1877,bc8
bc8_1878,bc8
bc8_1879,bc8
bc8_1880,bc8
bc8_1881,bc8
bc8_1882,bc8
bc8_1883,bc8
bc8_1884,bc8
bc8_1885,bc8
bc8_1886,bc8
bc8_1887,bc8
bc8_1888,bc8
bc8_1889,bc8
bc8_1890,bc8
bc8_1891,bc8
bc8_1892,bc8
bc8_1893,bc8
bc8_1894,bc8
bc8_1895,bc8
bc8_1896,bc8
bc8_1897,bc8
bc8_1898,bc8
bc8_1899,bc8
bc8_1900,bc8
bc8_1901,bc8
bc8_1902,bc8
bc8_1903,bc8
bc8_1904,bc8
bc8_1905,bc8
bc8_1906,bc8
bc8_1907,bc8
bc8_1908,bc8
bc8_1909,bc8
bc8_1910,bc8
bc8_1911,bc8
bc8_1912,bc8
bc8_1913,bc8
bc8_1914,bc8
bc8_1915,bc8
bc8_1916,bc8
bc8_1917,bc8
bc8_1918,bc8
bc8_1919,bc8
bc8_1920,bc8
bc8_1921,bc8
bc8_1922,bc8
bc8_1923,bc8
bc8_1924,bc8
bc8_1925,bc8
bc8_1926,bc8
bc8_1927,bc8
bc8_1928,bc8
bc8_1929,bc8
bc8_1930,bc8
bc8_1931,bc8
bc8_1932,bc8
bc8_1933,bc8
bc8_1934,bc8
bc8_1935,bc8
bc8_1936,bc8
bc8_1937,bc8
bc8_1938,bc8
bc8_1939,bc8
bc8_1940,bc8
bc8_1941,bc8
bc8_1942,bc8
bc8_1943,bc8
bc8_1944,bc8
bc8_1945,bc8
bc8_1946,bc8
bc8_1947,bc8
bc8_1948,bc8
bc8_1949,bc8
bc8_1950,bc8
bc8_1951,bc8
bc8_1952,bc8
bc8_1953,bc8
bc8_1954,bc8
bc8_1955,bc8
bc8_1956,bc8
bc8_1957,bc8
bc8_1958,bc8
bc8_1959,bc8
bc8_1960,bc8
bc8_1961,bc8
bc8_1962,bc8
bc8_1963,bc8
bc8_1964,bc8
bc8_1965,bc8
bc8_1966,bc8
bc8_1967,bc8
bc8_1968,bc8
bc8_1969,bc8
bc8_1970,bc8
bc8_1971,bc8
bc8_1972,bc8
bc8_1973,bc8
bc8_1974,bc8
bc8_1975,bc8
bc8_1976,bc8
bc8_1977,bc8
bc8_1978,bc8
bc8_1979,bc8
bc8_1980,bc8
bc8_1981,bc8
bc8_1982,bc8
bc8_1983,bc8
bc8_1984,bc8
bc8_1985,bc8
bc8_1986,bc8
bc8_1987,bc8
bc8_1988,bc8
bc8_1989,bc8
bc8_1990,bc8
bc8_1991,bc8
bc8_1992,bc8
bc8_1993,bc8
bc8_1994,bc8
bc8_1995,bc8
bc8_1996,bc8
bc8_1997,bc8
bc8_1998,bc8
bc8_1999,bc8
bc8_2000,bc8
bc8_2001,bc8
bc8_2002,bc8
bc8_2003,bc8
bc8_2004,bc8
bc8_2005,bc8
bc8_2006,bc8
bc8_2007,bc8
bc8_2008,bc8
bc8_2009,bc8
bc8_2010,bc8
bc8_2011,bc8
bc8_2012,bc8
bc8_2013,bc8
bc8_2014,bc8
bc8_2015,bc8
bc8_2016,bc8
bc8_2017,bc8
bc8_2018,bc8
bc8_2019,bc8
bc8_2020,bc8
bc8_2021,bc8
bc8_2022,bc8
bc8_2023,bc8
bc8_2024,bc8
bc8_2025,bc8
bc8_2026,bc8
bc8_2027,bc8
bc8_2028,bc8
bc8_2029,bc8
bc8_2030,bc8
bc8_2031,bc8
bc8_2032,bc8
bc8_2033,bc8
bc8_2034,bc8
bc8_2035,bc8
bc8_2036,bc8
bc8_2037,bc8
bc8_2038,bc8
bc8_2039,bc8
bc8_2040,bc8
bc8_2041,bc8
bc8_2042,bc8
bc8_2043,bc8
bc8_2044,bc8
bc8_2045,bc8
bc8_2046,bc8
bc8_2047,bc8
bc8_2048,bc8
bc8_2049,bc8
bc8_2050,bc8
bc8_2051,bc8
bc8_2052,bc8
bc8_2053,bc8
bc8_2054,bc8
bc8_2055,bc8
bc8_2056,bc8
bc8_2057,bc8
bc8_2058,bc8
bc8_2059,bc8
bc8_2060,bc8
bc8_2061,bc8
bc8_2062,bc8
bc8_2063,bc8
bc8_2064,bc8
bc8_2065,bc8
bc8_2066,bc8
bc8_2067,bc8
bc8_2068,bc8
bc8_2069,bc8
bc8_2070,bc8
bc8_2071,bc8
bc8_2072,bc8
bc8_2073,bc8
bc8_2074,bc8
bc8_2075,bc8
bc8_2076,bc8
bc8_2077,bc8
bc8_2078,bc8
bc8_2079,bc8
bc8_2080,bc8
bc8_2081,bc8
bc8_2082,bc8
bc8_2083,bc8
bc8_2084,bc8
bc8_2085,bc8
bc8_2086,bc8
bc8_2087,bc8
bc8_2088,bc8
bc8_2089,bc8
bc8_2090,bc8
bc8_2091,bc8
bc8_2092,bc8
bc8_2093,bc8
bc8_2094,bc8
bc8_2095,bc8
bc8_2096,bc8
bc8_2097,bc8
bc8_2098,bc8
bc8_2099,bc8
bc8_2100,bc8
bc8_2101,bc8
bc8_2102,bc8
bc8_2103,bc8
bc8_2104,bc8
bc8_2105,bc8
bc8_2106,bc8
bc8_2107,bc8
bc8_2108,bc8
bc8_2109,bc8
bc8_2110,bc8
bc8_2111,bc8
bc8_2112,bc8
bc8_2113,bc8
bc8_2114,bc8
bc8_2115,bc8
bc8_2116,bc8
bc8_2117,bc8
bc8_2118,bc8
bc8_2119,bc8
bc8_2120,bc8
bc8_2121,bc8
bc8_2122,bc8
bc8_2123,bc8
bc8_2124,bc8
bc8_2125,bc8
bc8_2126,bc8
bc8_2127,bc8
bc8_2128,bc8
bc8_2129,bc8
bc8_2130,bc8
bc8_2131,bc8
bc8_2132,bc8
bc8_2133,bc8
bc8_2134,bc8
bc8_2135,bc8
bc8_2136,bc8
bc8_2137,bc8
bc8_2138,bc8
bc8_2139,bc8
bc8_2140,bc8
bc8_2141,bc8
bc8_2142,bc8
bc8_2143,bc8
bc8_2144,bc8
bc8_2145,bc8
bc8_2146,bc8
bc8_2147,bc8
bc8_2148,bc8
bc8_2149,bc8
bc8_2150,bc8
bc8_2151,bc8
bc8_2152,bc8
bc8_2153,bc8
bc8_2154,bc8
bc8_2155,bc8
bc8_2156,bc8
bc8_2157,bc8
bc8_2158,bc8
bc8_2159,bc8
bc8_2160,bc8
bc8_2161,bc8
bc8_2162,bc8
bc8_2163,bc8
bc8_2164,bc8
bc8_2165,bc8
bc8_2166,bc8
bc8_2167,bc8
bc8_2168,bc8
bc8_2169,bc8
bc8_2170,bc8
bc8_2171,bc8
bc8_2172,bc8
bc8_2173,bc8
bc8_2174,bc8
bc8_2175,bc8
bc8_2176,bc8
bc8_2177,bc8
bc8_2178,bc8
bc8_2179,bc8
bc8_2180,bc8
bc8_2181,bc8
bc8_2182,bc8
bc8_2183,bc8
bc8_2184,bc8
bc8_2185,bc8
bc8_2186,bc8
bc8_2187,bc8
bc8_2188,bc8
bc8_2189,bc8
bc8_2190,bc8
bc8_2191,bc8
bc8_2192,bc8
bc8_2193,bc8
bc8_2194,bc8
bc8_2195,bc8
bc8_2196,bc8
bc8_2197,bc8
bc8_2198,bc8
bc8_2199,bc8
bc8_2200,bc8
bc8_2201,bc8
bc8_2202,bc8
bc8_2203,bc8
bc8_2204,bc8
bc8_2205,bc8
bc8_2206,bc8
bc8_2207,bc8
bc8_2208,bc8
bc8_2209,bc8
bc8_2210,bc8
bc8_2211,bc8
bc8_2212,bc8
bc8_2213,bc8
bc8_2214,bc8
bc8_2215,bc8
bc8_2216,bc8
bc8_2217,bc8
bc8_2218,bc8
bc8_2219,bc8
bc8_2220,bc8
bc8_2221,bc8
bc8_2222,bc8
bc8_2223,bc8
bc8_2224,bc8
bc8_2225,bc8
bc8_2226,bc8
bc8_2227,bc8
bc8_2228,bc8
bc8_2229,bc8
bc8_2230,bc8
bc8_2231,bc8
bc8_2232,bc8
bc8_2233,bc8
bc8_2234,bc8
bc8_2235,bc8
bc8_2236,bc8
bc8_2237,bc8
bc8_2238,bc8
bc8_2239,bc8
bc8_2240,bc8
bc8_2241,bc8
bc8_2242,bc8
bc8_2243,bc8
bc8_2244,bc8
bc8_2245,bc8
bc8_2246,bc8
bc8_2247,bc8
bc8_2248,bc8
bc8_2249,bc8
bc8_2250,bc8
bc8_2251,bc8
bc8_2252,bc8
bc8_2253,bc8
bc8_2254,bc8
bc8_2255,bc8
bc8_2256,bc8
bc8_2257,bc8
bc8_2258,bc8
bc8_2259,bc8
bc8_2260,bc8
bc8_2261,bc8
bc8_2262,bc8
bc8_2263,bc8
bc8_2264,bc8
bc8_2265,bc8
bc8_2266,bc8
bc8_2267,bc8
bc8_2268,bc8
bc8_2269,bc8
bc8_2270,bc8
bc8_2271,bc8
bc8_2272,bc8
bc8_2273,bc8
bc8_2274,bc8
bc8_2275,bc8
bc8_2276,bc8
bc8_2277,bc8
bc8_2278,bc8
bc8_2279,bc8
bc8_2280,bc8
bc8_2281,bc8
bc8_2282,bc8
bc8_2283,bc8
bc8_2284,bc8
bc8_2285,bc8
bc8_2286,bc8
bc8_2287,bc8
bc8_2288,bc8
bc8_2289,bc8
bc8_2290,bc8
bc8_2291,bc8
bc8_2292,bc8
bc8_2293,bc8
bc8_2294,bc8
bc8_2295,bc8
bc8_2296,bc8
bc8_2297,bc8
bc8_2298,bc8
bc8_2299,bc8
bc8_2300,bc8
bc8_2301,bc8
bc8_2302,bc8
bc8_2303,bc8
bc8_2304,bc8
bc8_2305,bc8
bc8_2306,bc8
bc8_2307,bc8
bc8_2308,bc8
bc8_2309,bc8
bc8_2310,bc8
bc8_2311,bc8
bc8_2312,bc8
bc8_2313,bc8
bc8_2314,bc8
bc8_2315,bc8
bc8_2316,bc8
bc8_2317,bc8
bc8_2318,bc8
bc8_2319,bc8
bc8_2320,bc8
bc8_2321,bc8
bc8_2322,bc8
bc8_2323,bc8
bc8_2324,bc8
bc8_2325,bc8
bc8_2326,bc8
bc8_2327,bc8
bc8_2328,bc8
bc8_2329,bc8
bc8_2330,bc8
bc8_2331,bc8
bc8_2332,bc8
bc8_2333,bc8
bc8_2334,bc8
bc8_2335,bc8
bc8_2336,bc8
bc8_2337,bc8
bc8_2338,bc8
bc8_2339,bc8
bc8_2340,bc8
bc8_2341,bc8
bc8_2342,bc8
bc8_2343,bc8
bc8_2344,bc8
bc8_2345,bc8
bc8_2346,bc8
bc8_2347,bc8
bc8_2348,bc8
bc8_2349,bc8
bc8_2350,bc8
bc8_2351,bc8
bc8_2352,bc8
bc8_2353,bc8
bc8_2354,bc8
bc8_2355,bc8
bc8_2356,bc8
bc8_2357,bc8
bc8_2358,bc8
bc8_2359,bc8
bc9_1,bc9
bc9_2,bc9
bc9_3,bc9
bc9_4,bc9
bc9_5,bc9
bc9_6,bc9
bc9_7,bc9
bc9_8,bc9
bc9_9,bc9
bc9_10,bc9
bc9_11,bc9
bc9_12,bc9
bc9_13,bc9
bc9_14,bc9
bc9_15,bc9
bc9_16,bc9
bc9_17,bc9
bc9_18,bc9
bc9_19,bc9
bc9_20,bc9
bc9_21,bc9
bc9_22,bc9
bc9_23,bc9
bc9_24,bc9
bc9_25,bc9
bc9_26,bc9
bc9_27,bc9
bc9_28,bc9
bc9_29,bc9
bc9_30,bc9
bc9_31,bc9
bc9_32,bc9
bc9_33,bc9
bc9_34,bc9
bc9_35,bc9
bc9_36,bc9
bc9_37,bc9
bc9_38,bc9
bc9_39,bc9
bc9_40,bc9
bc9_41,bc9
bc9_42,bc9
bc9_43,bc9
bc9_44,bc9
bc9_45,bc9
bc9_46,bc9
bc9_47,bc9
bc9_48,bc9
bc9_49,bc9
bc9_50,bc9
bc9_51,bc9
bc9_52,bc9
bc9_53,bc9
bc9_54,bc9
bc9_55,bc9
bc9_56,bc9
bc9_57,bc9
bc9_58,bc9
bc9_59,bc9
bc9_60,bc9
bc9_61,bc9
bc9_62,bc9
bc9_63,bc9
bc9_64,bc9
bc9_65,bc9
bc9_66,bc9
bc9_67,bc9
bc9_68,bc9
bc9_69,bc9
bc9_70,bc9
bc9_71,bc9
bc9_72,bc9
bc9_73,bc9
bc9_74,bc9
bc9_75,bc9
bc9_76,bc9
bc9_77,bc9
bc9_78,bc9
bc9_79,bc9
bc9_80,bc9
bc9_81,bc9
bc9_82,bc9
bc9_83,bc9
bc9_84,bc9
bc9_85,bc9
bc9_86,bc9
bc9_87,bc9
bc9_88,bc9
bc9_89,bc9
bc9_90,bc9
bc9_91,bc9
bc9_92,bc9
bc9_93,bc9
bc9_94,bc9
bc9_95,bc9
bc9_96,bc9
bc9_97,bc9
bc9_98,bc9
bc9_99,bc9
bc9_100,bc9
bc9_101,bc9
bc9_102,bc9
bc9_103,bc9
bc9_104,bc9
bc9_105,bc9
bc9_106,bc9
bc9_107,bc9
bc9_108,bc9
bc9_109,bc9
bc9_110,bc9
bc9_111,bc9
bc9_112,bc9
bc9_113,bc9
bc9_114,bc9
bc9_115,bc9
bc9_116,bc9
bc9_117,bc9
bc9_118,bc9
bc9_119,bc9
bc9_120,bc9
bc9_121,bc9
bc9_122,bc9
bc9_123,bc9
bc9_124,bc9
bc9_125,bc9
bc9_126,bc9
bc9_127,bc9
bc9_128,bc9
bc9_129,bc9
bc9_130,bc9
bc9_131,bc9
bc9_132,bc9
bc9_133,bc9
bc9_134,bc9
bc9_135,bc9
bc9_136,bc9
bc9_137,bc9
bc9_138,bc9
bc9_139,bc9
bc9_140,bc9
bc9_141,bc9
bc9_142,bc9
bc9_143,bc9
bc9_144,bc9
bc9_145,bc9
bc9_146,bc9
bc9_147,bc9
bc9_148,bc9
bc9_149,bc9
bc9_150,bc9
bc9_151,bc9
bc9_152,bc9
bc9_153,bc9
bc9_154,bc9
bc9_155,bc9
bc9_156,bc9
bc9_157,bc9
bc9_158,bc9
bc9_159,bc9
bc9_160,bc9
bc9_161,bc9
bc9_162,bc9
bc9_163,bc9
bc9_164,bc9
bc9_165,bc9
bc9_166,bc9
bc9_167,bc9
bc9_168,bc9
bc9_169,bc9
bc9_170,bc9
bc9_171,bc9
bc9_172,bc9
bc9_173,bc9
bc9_174,bc9
bc9_175,bc9
bc9_176,bc9
bc9_177,bc9
bc9_178,bc9
bc9_179,bc9
bc9_180,bc9
bc9_181,bc9
bc9_182,bc9
bc9_183,bc9
bc9_184,bc9
bc9_185,bc9
bc9_186,bc9
bc9_187,bc9
bc9_188,bc9
bc9_189,bc9
bc9_190,bc9
bc9_191,bc9
bc9_192,bc9
bc9_193,bc9
bc9_194,bc9
bc9_195,bc9
bc9_196,bc9
bc9_197,bc9
bc9_198,bc9
bc9_199,bc9
bc9_200,bc9
bc9_201,bc9
bc9_202,bc9
bc9_203,bc9
bc9_204,bc9
bc9_205,bc9
bc9_206,bc9
bc9_207,bc9
bc9_208,bc9
bc9_209,bc9
bc9_210,bc9
bc9_211,bc9
bc9_212,bc9
bc9_213,bc9
bc9_214,bc9
bc9_215,bc9
bc9_216,bc9
bc9_217,bc9
bc9_218,bc9
bc9_219,bc9
bc9_220,bc9
bc9_221,bc9
bc9_222,bc9
bc9_223,bc9
bc9_224,Multiplet
bc9_225,bc9
bc9_226,bc9
bc9_227,bc9
bc9_228,bc9
bc9_229,bc9
bc9_230,bc9
bc9_231,bc9
bc9_232,bc9
bc9_233,bc9
bc9_234,bc9
bc9_235,bc9
bc9_236,bc9
bc9_237,bc9
bc9_238,bc9
bc9_239,bc9
bc9_240,bc9
bc9_241,bc9
bc9_242,bc9
bc9_243,bc9
bc9_244,bc9
bc9_245,bc9
bc9_246,bc9
bc9_247,bc9
bc9_248,bc9
bc9_249,bc9
bc9_250,bc9
bc9_251,bc9
bc9_252,bc9
bc9_253,bc9
bc9_254,bc9
bc9_255,bc9
bc9_256,bc9
bc9_257,bc9
bc9_258,bc9
bc9_259,bc9
bc9_260,bc9
bc9_261,bc9
bc9_262,bc9
bc9_263,bc9
bc9_264,bc9
bc9_265,bc9
bc9_266,bc9
bc9_267,bc9
bc9_268,bc9
bc9_269,bc9
bc9_270,bc9
bc9_271,bc9
bc9_272,bc9
bc9_273,bc9
bc9_274,bc9
bc9_275,bc9
bc9_276,bc9
bc9_277,bc9
bc9_278,bc9
bc9_279,bc9
bc9_280,bc9
bc9_281,bc9
bc9_282,bc9
bc9_283,bc9
bc9_284,bc9
bc9_285,bc9
bc9_286,bc9
bc9_287,bc9
bc9_288,bc9
bc9_289,bc9
bc9_290,bc9
bc9_291,bc9
bc9_292,bc9
bc9_293,bc9
bc9_294,bc9
bc9_295,bc9
bc9_296,bc9
bc9_297,bc9
bc9_298,bc9
bc9_299,bc9
bc9_300,bc9
bc9_301,bc9
bc9_302,bc9
bc9_303,bc9
bc9_304,bc9
bc9_305,bc9
bc9_306,bc9
bc9_307,bc9
bc9_308,bc9
bc9_309,bc9
bc9_310,bc9
bc9_311,bc9
bc9_312,bc9
bc9_313,bc9
bc9_314,bc9
bc9_315,bc9
bc9_316,bc9
bc9_317,bc9
bc9_318,bc9
bc9_319,bc9
bc9_320,bc9
bc9_321,bc9
bc9_322,bc9
bc9_323,bc9
bc9_324,bc9
bc9_325,bc9
bc9_326,bc9
bc9_327,bc9
bc9_328,bc9
bc9_329,bc9
bc9_330,bc9
bc9_331,bc9
bc9_332,bc9
bc9_333,bc9
bc9_334,bc9
bc9_335,bc9
bc9_336,bc9
bc9_337,bc9
bc9_338,bc9
bc9_339,bc9
bc9_340,bc9
bc9_341,bc9
bc9_342,bc9
bc9_343,bc9
bc9_344,bc9
bc9_345,bc9
bc9_346,bc9
bc9_347,bc9
bc9_348,bc9
bc9_349,bc9
bc9_350,bc9
bc9_351,bc9
bc9_352,bc9
bc9_353,bc9
bc9_354,bc9
bc9_355,bc9
bc9_356,bc9
bc9_357,bc9
bc9_358,bc9
bc9_359,bc9
bc9_360,bc9
bc9_361,bc9
bc9_362,bc9
bc9_363,bc9
bc9_364,bc9
bc9_365,bc9
bc9_366,bc9
bc9_367,bc9
bc9_368,bc9
bc9_369,bc9
bc9_370,bc9
bc9_371,bc9
bc9_372,bc9
bc9_373,bc9
bc9_374,bc9
bc9_375,bc9
bc9_376,bc9
bc9_377,bc9
bc9_378,bc9
bc9_379,bc9
bc9_380,bc9
bc9_381,bc9
bc9_382,bc9
bc9_383,bc9
bc9_384,bc9
bc9_385,bc9
bc9_386,bc9
bc9_387,bc9
bc9_388,bc9
bc9_389,bc9
bc9_390,bc9
bc9_391,bc9
bc9_392,bc9
bc9_393,bc9
bc9_394,bc9
bc9_395,bc9
bc9_396,bc9
bc9_397,bc9
bc9_398,bc9
bc9_399,bc9
bc9_400,bc9
bc9_401,bc9
bc9_402,bc9
bc9_403,bc9
bc9_404,bc9
bc9_405,bc9
bc9_406,bc9
bc9_407,bc9
bc9_408,bc9
bc9_409,bc9
bc9_410,bc9
bc9_411,bc9
bc9_412,bc9
bc9_413,bc9
bc9_414,bc9
bc9_415,bc9
bc9_416,bc9
bc9_417,bc9
bc9_418,bc9
bc9_419,bc9
bc9_420,bc9
bc9_421,bc9
bc9_422,bc9
bc9_423,bc9
bc9_424,bc9
bc9_425,bc9
bc9_426,bc9
bc9_427,bc9
bc9_428,bc9
bc9_429,bc9
bc9_430,bc9
bc9_431,bc9
bc9_432,bc9
bc9_433,bc9
bc9_434,bc9
bc9_435,bc9
bc9_436,bc9
bc9_437,bc9
bc9_438,bc9
bc9_439,bc9
bc9_440,bc9
bc9_441,bc9
bc9_442,bc9
bc9_443,bc9
bc9_444,bc9
bc9_445,bc9
bc9_446,bc9
bc9_447,bc9
bc9_448,bc9
bc9_449,bc9
bc9_450,bc9
bc9_451,bc9
bc9_452,bc9
bc9_453,bc9
bc9_454,bc9
bc9_455,bc9
bc9_456,bc9
bc9_457,bc9
bc9_458,bc9
bc9_459,bc9
bc9_460,bc9
bc9_461,bc9
bc9_462,bc9
bc9_463,bc9
bc9_464,bc9
bc9_465,bc9
bc9_466,bc9
bc9_467,bc9
bc9_468,bc9
bc9_469,bc9
bc9_470,bc9
bc9_471,bc9
bc9_472,bc9
bc9_473,bc9
bc9_474,bc9
bc9_475,bc9
bc9_476,bc9
bc9_477,bc9
bc9_478,bc9
bc9_479,bc9
bc9_480,bc9
bc9_481,bc9
bc9_482,bc9
bc9_483,bc9
bc9_484,bc9
bc9_485,bc9
bc9_486,bc9
bc9_487,bc9
bc9_488,bc9
bc9_489,bc9
bc9_490,bc9
bc9_491,bc9
bc9_492,bc9
bc9_493,bc9
bc9_494,bc9
bc9_495,bc9
bc9_496,bc9
bc9_497,bc9
bc9_498,bc9
bc9_499,bc9
bc9_500,bc9
bc9_501,bc9
bc9_502,bc9
bc9_503,bc9
bc9_504,bc9
bc9_505,bc9
bc9_506,bc9
bc9_507,bc9
bc9_508,bc9
bc9_509,bc9
bc9_510,bc9
bc9_511,bc9
bc9_512,bc9
bc9_513,bc9
bc9_514,bc9
bc9_515,bc9
bc9_516,bc9
bc9_517,bc9
bc9_518,bc9
bc9_519,bc9
bc9_520,bc9
bc9_521,bc9
bc9_522,bc9
bc9_523,bc9
bc9_524,bc9
bc9_525,bc9
bc9_526,bc9
bc9_527,bc9
bc9_528,bc9
bc9_529,bc9
bc9_530,bc9
bc9_531,bc9
bc9_532,bc9
bc9_533,bc9
bc9_534,bc9
bc9_535,bc9
bc9_536,bc9
bc9_537,bc9
bc9_538,bc9
bc9_539,bc9
bc9_540,bc9
bc9_541,bc9
bc9_542,bc9
bc9_543,bc9
bc9_544,bc9
bc9_545,bc9
bc9_546,bc9
bc9_547,bc9
bc9_548,bc9
bc9_549,bc9
bc9_550,bc9
bc9_551,bc9
bc9_552,bc9
bc9_553,bc9
bc9_554,bc9
bc9_555,bc9
bc9_556,bc9
bc9_557,bc9
bc9_558,bc9
bc9_559,bc9
bc9_560,bc9
bc9_561,bc9
bc9_562,bc9
bc9_563,bc9
bc9_564,bc9
bc9_565,bc9
bc9_566,bc9
bc9_567,bc9
bc9_568,bc9
bc9_569,bc9
bc9_570,bc9
bc9_571,bc9
bc9_572,bc9
bc9_573,bc9
bc9_574,bc9
bc9_575,bc9
bc9_576,bc9
bc9_577,bc9
bc9_578,bc9
bc9_579,bc9
bc9_580,bc9
bc9_581,bc9
bc9_582,bc9
bc9_583,bc9
bc9_584,bc9
bc9_585,bc9
bc9_586,bc9
bc9_587,bc9
bc9_588,bc9
bc9_589,bc9
bc9_590,bc9
bc9_591,bc9
bc9_592,bc9
bc9_593,bc9
bc9_594,bc9
bc9_595,bc9
bc9_596,bc9
bc9_597,bc9
bc9_598,bc9
bc9_599,bc9
bc9_600,bc9
bc9_601,bc9
bc9_602,bc9
bc9_603,bc9
bc9_604,bc9
bc9_605,bc9
bc9_606,bc9
bc9_607,bc9
bc9_608,bc9
bc9_609,bc9
bc9_610,bc9
bc9_611,bc9
bc9_612,bc9
bc9_613,bc9
bc9_614,bc9
bc9_615,bc9
bc9_616,bc9
bc9_617,bc9
bc9_618,bc9
bc9_619,bc9
bc9_620,bc9
bc9_621,bc9
bc9_622,bc9
bc9_623,bc9
bc9_624,bc9
bc9_625,bc9
bc9_626,bc9
bc9_627,bc9
bc9_628,bc9
bc9_629,bc9
bc9_630,bc9
bc9_631,bc9
bc9_632,bc9
bc9_633,bc9
bc9_634,bc9
bc9_635,bc9
bc9_636,bc9
bc9_637,bc9
bc9_638,bc9
bc9_639,bc9
bc9_640,bc9
bc9_641,bc9
bc9_642,bc9
bc9_643,bc9
bc9_644,bc9
bc9_645,bc9
bc9_646,bc9
bc9_647,bc9
bc9_648,bc9
bc9_649,bc9
bc9_650,bc9
bc9_651,bc9
bc9_652,bc9
bc9_653,bc9
bc9_654,bc9
bc9_655,bc9
bc9_656,bc9
bc9_657,bc9
bc9_658,bc9
bc9_659,bc9
bc9_660,bc9
bc9_661,bc9
bc9_662,bc9
bc9_663,bc9
bc9_664,bc9
bc9_665,bc9
bc9_666,bc9
bc9_667,bc9
bc9_668,bc9
bc9_669,bc9
bc9_670,bc9
bc9_671,bc9
bc9_672,bc9
bc9_673,bc9
bc9_674,bc9
bc9_675,bc9
bc9_676,bc9
bc9_677,bc9
bc9_678,bc9
bc9_679,bc9
bc9_680,bc9
bc9_681,bc9
bc9_682,bc9
bc9_683,bc9
bc9_684,bc9
bc9_685,bc9
bc9_686,bc9
bc9_687,bc9
bc9_688,bc9
bc9_689,bc9
bc9_690,bc9
bc9_691,bc9
bc9_692,bc9
bc9_693,bc9
bc9_694,bc9
bc9_695,bc9
bc9_696,bc9
bc9_697,bc9
bc9_698,bc9
bc9_699,bc9
bc9_700,bc9
bc9_701,bc9
bc9_702,bc9
bc9_703,bc9
bc9_704,Multiplet
bc9_705,bc9
bc9_706,bc9
bc9_707,bc9
bc9_708,bc9
bc9_709,bc9
bc9_710,bc9
bc9_711,bc9
bc9_712,bc9
bc9_713,bc9
bc9_714,bc9
bc9_715,bc9
bc9_716,bc9
bc9_717,bc9
bc9_718,bc9
bc9_719,bc9
bc9_720,bc9
bc9_721,bc9
bc9_722,bc9
bc9_723,bc9
bc9_724,bc9
bc9_725,bc9
bc9_726,bc9
bc9_727,bc9
bc9_728,bc9
bc9_729,bc9
bc9_730,bc9
bc9_731,bc9
bc9_732,bc9
bc9_733,bc9
bc9_734,bc9
bc9_735,bc9
bc9_736,bc9
bc9_737,bc9
bc9_738,bc9
bc9_739,bc9
bc9_740,bc9
bc9_741,bc9
bc9_742,bc9
bc9_743,bc9
bc9_744,bc9
bc9_745,bc9
bc9_746,bc9
bc9_747,bc9
bc9_748,bc9
bc9_749,bc9
bc9_750,bc9
bc9_751,bc9
bc9_752,bc9
bc9_753,bc9
bc9_754,bc9
bc9_755,bc9
bc9_756,bc9
bc9_757,bc9
bc9_758,bc9
bc9_759,bc9
bc9_760,bc9
bc9_761,bc9
bc9_762,bc9
bc9_763,bc9
bc9_764,bc9
bc9_765,bc9
bc9_766,bc9
bc9_767,bc9
bc9_768,bc9
bc9_769,bc9
bc9_770,bc9
bc9_771,bc9
bc9_772,bc9
bc9_773,bc9
bc9_774,bc9
bc9_775,bc9
bc9_776,bc9
bc9_777,bc9
bc9_778,bc9
bc9_779,bc9
bc9_780,bc9
bc9_781,bc9
bc9_782,bc9
bc9_783,bc9
bc9_784,bc9
bc9_785,bc9
bc9_786,bc9
bc9_787,bc9
bc9_788,bc9
bc9_789,bc9
bc9_790,bc9
bc9_791,bc9
bc9_792,bc9
bc9_793,bc9
bc9_794,bc9
bc9_795,bc9
bc9_796,bc9
bc9_797,bc9
bc9_798,bc9
bc9_799,bc9
bc9_800,bc9
bc9_801,bc9
bc9_802,bc9
bc9_803,bc9
bc9_804,bc9
bc9_805,bc9
bc9_806,bc9
bc9_807,bc9
bc9_808,bc9
bc9_809,bc9
bc9_810,bc9
bc9_811,bc9
bc9_812,bc9
bc9_813,bc9
bc9_814,bc9
bc9_815,bc9
bc9_816,bc9
bc9_817,bc9
bc9_818,bc9
bc9_819,bc9
bc9_820,bc9
bc9_821,bc9
bc9_822,bc9
bc9_823,bc9
bc9_824,bc9
bc9_825,bc9
bc9_826,bc9
bc9_827,bc9
bc9_828,bc9
bc9_829,bc9
bc9_830,bc9
bc9_831,bc9
bc9_832,bc9
bc9_833,bc9
bc9_834,bc9
bc9_835,bc9
bc9_836,bc9
bc9_837,bc9
bc9_838,bc9
bc9_839,bc9
bc9_840,bc9
bc9_841,bc9
bc9_842,bc9
bc9_843,bc9
bc9_844,bc9
bc9_845,bc9
bc9_846,bc9
bc9_847,bc9
bc9_848,bc9
bc9_849,bc9
bc9_850,bc9
bc9_851,bc9
bc9_852,bc9
bc9_853,bc9
bc9_854,bc9
bc9_855,bc9
bc9_856,bc9
bc9_857,bc9
bc9_858,bc9
bc9_859,bc9
bc9_860,bc9
bc9_861,bc9
bc9_862,bc9
bc9_863,bc9
bc9_864,bc9
bc9_865,bc9
bc9_866,bc9
bc9_867,bc9
bc9_868,bc9
bc9_869,bc9
bc9_870,bc9
bc9_871,bc9
bc9_872,bc9
bc9_873,bc9
bc9_874,bc9
bc9_875,bc9
bc9_876,bc9
bc9_877,bc9
bc9_878,bc9
bc9_879,bc9
bc9_880,bc9
bc9_881,bc9
bc9_882,bc9
bc9_883,bc9
bc9_884,bc9
bc9_885,bc9
bc9_886,bc9
bc9_887,bc9
bc9_888,bc9
bc9_889,bc9
bc9_890,bc9
bc9_891,bc9
bc9_892,bc9
bc9_893,bc9
bc9_894,bc9
bc9_895,bc9
bc9_896,bc9
bc9_897,bc9
bc9_898,bc9
bc9_899,bc9
bc9_900,bc9
bc9_901,bc9
bc9_902,bc9
bc9_903,bc9
bc9_904,bc9
bc9_905,bc9
bc9_906,bc9
bc9_907,bc9
bc9_908,bc9
bc9_909,bc9
bc9_910,bc9
bc9_911,bc9
bc9_912,bc9
bc9_913,bc9
bc9_914,bc9
bc9_915,bc9
bc9_916,bc9
bc9_917,bc9
bc9_918,bc9
bc9_919,bc9
bc9_920,bc9
bc9_921,bc9
bc9_922,bc9
bc9_923,bc9
bc9_924,bc9
bc9_925,bc9
bc9_926,bc9
bc9_927,bc9
bc9_928,bc9
bc9_929,bc9
bc9_930,bc9
bc9_931,bc9
bc9_932,bc9
bc9_933,bc9
bc9_934,bc9
bc9_935,bc9
bc9_936,bc9
bc9_937,bc9
bc9_938,bc9
bc9_939,bc9
bc9_940,bc9
bc9_941,bc9
bc9_942,bc9
bc9_943,bc9
bc9_944,bc9
bc9_945,bc9
bc9_946,bc9
bc9_947,bc9
bc9_948,bc9
bc9_949,bc9
bc9_950,bc9
bc9_951,bc9
bc9_952,bc9
bc9_953,bc9
bc9_954,bc9
bc9_955,bc9
bc9_956,bc9
bc9_957,bc9
bc9_958,bc9
bc9_959,bc9
bc9_960,bc9
bc9_961,bc9
bc9_962,bc9
bc9_963,bc9
bc9_964,bc9
bc9_965,bc9
bc9_966,bc9
bc9_967,bc9
bc9_968,bc9
bc9_969,bc9
bc9_970,bc9
bc9_971,bc9
bc9_972,bc9
bc9_973,bc9
bc9_974,bc9
bc9_975,bc9
bc9_976,bc9
bc9_977,bc9
bc9_978,bc9
bc9_979,bc9
bc9_980,bc9
bc9_981,bc9
bc9_982,bc9
bc9_983,bc9
bc9_984,bc9
bc9_985,bc9
bc9_986,bc9
bc9_987,bc9
bc9_988,bc9
bc9_989,bc9
bc9_990,bc9
bc9_991,bc9
bc9_992,bc9
bc9_993,bc9
bc9_994,bc9
bc9_995,bc9
bc9_996,bc9
bc9_997,bc9
bc9_998,bc9
bc9_999,bc9
bc9_1000,bc9
bc9_1001,bc9
bc9_1002,bc9
bc9_1003,bc9
bc9_1004,bc9
bc9_1005,bc9
bc9_1006,bc9
bc9_1007,bc9
bc9_1008,bc9
bc9_1009,bc9
bc9_1010,bc9
bc9_1011,bc9
bc9_1012,bc9
bc9_1013,bc9
bc9_1014,bc9
bc9_1015,bc9
bc9_1016,bc9
bc9_1017,bc9
bc9_1018,bc9
bc9_1019,bc9
bc9_1020,bc9
bc9_1021,bc9
bc9_1022,bc9
bc9_1023,bc9
bc9_1024,bc9
bc9_1025,bc9
bc9_1026,bc9
bc9_1027,bc9
bc9_1028,bc9
bc9_1029,bc9
bc9_1030,bc9
bc9_1031,bc9
bc9_1032,bc9
bc9_1033,bc9
bc9_1034,bc9
bc9_1035,bc9
bc9_1036,bc9
bc9_1037,bc9
bc9_1038,bc9
bc9_1039,bc9
bc9_1040,bc9
bc9_1041,bc9
bc9_1042,bc9
bc9_1043,bc9
bc9_1044,bc9
bc9_1045,bc9
bc9_1046,bc9
bc9_1047,bc9
bc9_1048,bc9
bc9_1049,bc9
bc9_1050,bc9
bc9_1051,bc9
bc9_1052,bc9
bc9_1053,bc9
bc9_1054,bc9
bc9_1055,bc9
bc9_1056,bc9
bc9_1057,bc9
bc9_1058,bc9
bc9_1059,bc9
bc9_1060,bc9
bc9_1061,bc9
bc9_1062,bc9
bc9_1063,bc9
bc9_1064,bc9
bc9_1065,bc9
bc9_1066,bc9
bc9_1067,bc9
bc9_1068,bc9
bc9_1069,bc9
bc9_1070,bc9
bc9_1071,bc9
bc9_1072,bc9
bc9_1073,bc9
bc9_1074,bc9
bc9_1075,bc9
bc9_1076,bc9
bc9_1077,bc9
bc9_1078,bc9
bc9_1079,bc9
bc9_1080,bc9
bc9_1081,bc9
bc9_1082,bc9
bc9_1083,bc9
bc9_1084,bc9
bc9_1085,bc9
bc9_1086,bc9
bc9_1087,bc9
bc9_1088,bc9
bc9_1089,bc9
bc9_1090,bc9
bc9_1091,bc9
bc9_1092,bc9
bc9_1093,bc9
bc9_1094,bc9
bc9_1095,bc9
bc9_1096,bc9
bc9_1097,bc9
bc9_1098,bc9
bc9_1099,bc9
bc9_1100,bc9
bc9_1101,bc9
bc9_1102,bc9
bc9_1103,bc9
bc9_1104,bc9
bc9_1105,bc9
bc9_1106,bc9
bc9_1107,bc9
bc9_1108,bc9
bc9_1109,bc9
bc9_1110,bc9
bc9_1111,bc9
bc9_1112,bc9
bc9_1113,bc9
bc9_1114,bc9
bc9_1115,bc9
bc9_1116,bc9
bc9_1117,bc9
bc9_1118,bc9
bc9_1119,bc9
bc9_1120,bc9
bc9_1121,bc9
bc9_1122,bc9
bc9_1123,bc9
bc9_1124,bc9
bc9_1125,bc9
bc9_1126,bc9
bc9_1127,bc9
bc9_1128,bc9
bc9_1129,bc9
bc9_1130,bc9
bc9_1131,bc9
bc9_1132,bc9
bc9_1133,bc9
bc9_1134,bc9
bc9_1135,bc9
bc9_1136,bc9
bc9_1137,bc9
bc9_1138,bc9
bc9_1139,bc9
bc9_1140,bc9
bc9_1141,bc9
bc9_1142,bc9
bc9_1143,bc9
bc9_1144,bc9
bc9_1145,bc9
bc9_1146,bc9
bc9_1147,bc9
bc9_1148,bc9
bc9_1149,bc9
bc9_1150,bc9
bc9_1151,bc9
bc9_1152,bc9
bc9_1153,bc9
bc9_1154,bc9
bc9_1155,bc9
bc9_1156,bc9
bc9_1157,bc9
bc9_1158,bc9
bc9_1159,bc9
bc9_1160,bc9
bc9_1161,bc9
bc9_1162,bc9
bc9_1163,bc9
bc9_1164,bc9
bc9_1165,bc9
bc9_1166,bc9
bc9_1167,bc9
bc9_1168,bc9
bc9_1169,bc9
bc9_1170,Multiplet
bc9_1171,bc9
bc9_1172,bc9
bc9_1173,bc9
bc9_1174,bc9
bc9_1175,bc9
bc9_1176,bc9
bc9_1177,Multiplet
bc9_1178,bc9
bc9_1179,bc9
bc9_1180,bc9
bc9_1181,bc9
bc9_1182,bc9
bc9_1183,bc9
bc9_1184,bc9
bc9_1185,bc9
bc9_1186,bc9
bc9_1187,bc9
bc9_1188,bc9
bc9_1189,bc9
bc9_1190,bc9
bc9_1191,bc9
bc9_1192,bc9
bc9_1193,bc9
bc9_1194,bc9
bc9_1195,bc9
bc9_1196,bc9
bc9_1197,bc9
bc9_1198,bc9
bc9_1199,bc9
bc9_1200,bc9
bc9_1201,bc9
bc9_1202,bc9
bc9_1203,bc9
bc9_1204,bc9
bc9_1205,bc9
bc9_1206,bc9
bc9_1207,bc9
bc9_1208,bc9
bc9_1209,bc9
bc9_1210,bc9
bc9_1211,bc9
bc9_1212,bc9
bc9_1213,bc9
bc9_1214,bc9
bc9_1215,bc9
bc9_1216,bc9
bc9_1217,bc9
bc9_1218,bc9
bc9_1219,bc9
bc9_1220,bc9
bc9_1221,bc9
bc9_1222,bc9
bc9_1223,bc9
bc9_1224,bc9
bc9_1225,bc9
bc9_1226,bc9
bc9_1227,bc9
bc9_1228,bc9
bc9_1229,bc9
bc9_1230,bc9
bc9_1231,bc9
bc9_1232,bc9
bc9_1233,bc9
bc9_1234,bc9
bc9_1235,bc9
bc9_1236,bc9
bc9_1237,bc9
bc9_1238,bc9
bc9_1239,bc9
bc9_1240,bc9
bc9_1241,bc9
bc9_1242,bc9
bc9_1243,bc9
bc9_1244,bc9
bc9_1245,bc9
bc9_1246,bc9
bc9_1247,bc9
bc9_1248,bc9
bc9_1249,bc9
bc9_1250,bc9
bc9_1251,bc9
bc9_1252,bc9
bc9_1253,bc9
bc9_1254,bc9
bc9_1255,bc9
bc9_1256,bc9
bc9_1257,bc9
bc9_1258,bc9
bc9_1259,bc9
bc9_1260,bc9
bc9_1261,bc9
bc9_1262,bc9
bc9_1263,bc9
bc9_1264,bc9
bc9_1265,bc9
bc9_1266,bc9
bc9_1267,bc9
bc9_1268,bc9
bc9_1269,bc9
bc9_1270,bc9
bc9_1271,bc9
bc9_1272,bc9
bc9_1273,bc9
bc9_1274,bc9
bc9_1275,bc9
bc9_1276,bc9
bc9_1277,bc9
bc9_1278,bc9
bc9_1279,bc9
bc9_1280,bc9
bc9_1281,bc9
bc9_1282,bc9
bc9_1283,bc9
bc9_1284,bc9
bc9_1285,bc9
bc9_1286,bc9
bc9_1287,bc9
bc9_1288,bc9
bc9_1289,bc9
bc9_1290,bc9
bc9_1291,bc9
bc9_1292,bc9
bc9_1293,bc9
bc9_1294,bc9
bc9_1295,bc9
bc9_1296,bc9
bc9_1297,bc9
bc9_1298,bc9
bc9_1299,bc9
bc9_1300,bc9
bc9_1301,bc9
bc9_1302,bc9
bc9_1303,bc9
bc9_1304,bc9
bc9_1305,bc9
bc9_1306,bc9
bc9_1307,bc9
bc9_1308,bc9
bc9_1309,bc9
bc9_1310,bc9
bc9_1311,bc9
bc9_1312,bc9
bc9_1313,bc9
bc9_1314,bc9
bc9_1315,bc9
bc9_1316,bc9
bc9_1317,bc9
bc9_1318,bc9
bc9_1319,bc9
bc9_1320,bc9
bc9_1321,bc9
bc9_1322,bc9
bc9_1323,bc9
bc9_1324,bc9
bc9_1325,bc9
bc9_1326,bc9
bc9_1327,bc9
bc9_1328,bc9
bc9_1329,bc9
bc9_1330,bc9
bc9_1331,bc9
bc9_1332,bc9
bc9_1333,bc9
bc9_1334,bc9
bc9_1335,bc9
bc9_1336,bc9
bc9_1337,bc9
bc9_1338,bc9
bc9_1339,bc9
bc9_1340,bc9
bc9_1341,bc9
bc9_1342,bc9
bc9_1343,bc9
bc9_1344,bc9
bc9_1345,bc9
bc9_1346,bc9
bc9_1347,bc9
bc9_1348,bc9
bc9_1349,bc9
bc9_1350,bc9
bc9_1351,bc9
bc9_1352,bc9
bc9_1353,bc9
bc9_1354,bc9
bc9_1355,bc9
bc9_1356,bc9
bc9_1357,bc9
bc9_1358,bc9
bc9_1359,bc9
bc9_1360,bc9
bc9_1361,bc9
bc9_1362,bc9
bc9_1363,bc9
bc9_1364,bc9
bc9_1365,bc9
bc9_1366,bc9
bc9_1367,bc9
bc9_1368,bc9
bc9_1369,bc9
bc9_1370,bc9
bc9_1371,bc9
bc9_1372,bc9
bc9_1373,bc9
bc9_1374,bc9
bc9_1375,bc9
bc9_1376,bc9
bc9_1377,bc9
bc9_1378,bc9
bc9_1379,bc9
bc9_1380,bc9
bc9_1381,bc9
bc9_1382,bc9
bc9_1383,bc9
bc9_1384,bc9
bc9_1385,bc9
bc9_1386,bc9
bc9_1387,bc9
bc9_1388,bc9
bc9_1389,bc9
bc9_1390,bc9
bc9_1391,bc9
bc9_1392,bc9
bc9_1393,bc9
bc9_1394,bc9
bc9_1395,bc9
bc9_1396,bc9
bc9_1397,bc9
bc9_1398,bc9
bc9_1399,bc9
bc9_1400,bc9
bc9_1401,bc9
bc9_1402,bc9
bc9_1403,bc9
bc9_1404,bc9
bc9_1405,bc9
bc9_1406,bc9
bc9_1407,bc9
bc9_1408,bc9
bc9_1409,bc9
bc9_1410,bc9
bc9_1411,bc9
bc9_1412,bc9
bc9_1413,bc9
bc9_1414,bc9
bc9_1415,bc9
bc9_1416,bc9
bc9_1417,bc9
bc9_1418,bc9
bc9_1419,bc9
bc9_1420,bc9
bc9_1421,bc9
bc9_1422,bc9
bc9_1423,bc9
bc9_1424,bc9
bc9_1425,bc9
bc9_1426,bc9
bc9_1427,bc9
bc9_1428,bc9
bc9_1429,bc9
bc9_1430,bc9
bc9_1431,bc9
bc9_1432,bc9
bc9_1433,bc9
bc9_1434,bc9
bc9_1435,bc9
bc9_1436,bc9
bc9_1437,bc9
bc9_1438,bc9
bc9_1439,bc9
bc9_1440,bc9
bc9_1441,bc9
bc9_1442,bc9
bc9_1443,bc9
bc9_1444,bc9
bc9_1445,bc9
bc9_1446,bc9
bc9_1447,bc9
bc9_1448,bc9
bc9_1449,bc9
bc9_1450,bc9
bc9_1451,bc9
bc9_1452,bc9
bc9_1453,bc9
bc9_1454,bc9
bc9_1455,bc9
bc9_1456,bc9
bc9_1457,bc9
bc9_1458,bc9
bc9_1459,bc9
bc9_1460,bc9
bc9_1461,bc9
bc9_1462,bc9
bc9_1463,bc9
bc9_1464,bc9
bc9_1465,bc9
bc9_1466,bc9
bc9_1467,bc9
bc9_1468,bc9
bc9_1469,bc9
bc9_1470,bc9
bc9_1471,bc9
bc9_1472,bc9
bc9_1473,bc9
bc9_1474,bc9
bc9_1475,bc9
bc9_1476,bc9
bc9_1477,bc9
bc9_1478,bc9
bc9_1479,bc9
bc9_1480,bc9
bc9_1481,bc9
bc9_1482,bc9
bc9_1483,bc9
bc9_1484,bc9
bc9_1485,bc9
bc9_1486,bc9
bc9_1487,bc9
bc9_1488,bc9
bc9_1489,bc9
bc9_1490,bc9
bc9_1491,bc9
bc9_1492,bc9
bc9_1493,bc9
bc9_1494,bc9
bc9_1495,bc9
bc9_1496,bc9
bc9_1497,bc9
bc9_1498,bc9
bc9_1499,bc9
bc9_1500,bc9
bc9_1501,bc9
bc9_1502,bc9
bc9_1503,bc9
bc9_1504,bc9
bc9_1505,bc9
bc9_1506,bc9
bc9_1507,bc9
bc9_1508,bc9
bc9_1509,bc9
bc9_1510,bc9
bc9_1511,bc9
bc9_1512,bc9
bc9_1513,bc9
bc9_1514,bc9
bc9_1515,bc9
bc9_1516,bc9
bc9_1517,bc9
bc9_1518,bc9
bc9_1519,bc9
bc9_1520,bc9
bc9_1521,bc9
bc9_1522,bc9
bc9_1523,bc9
bc9_1524,bc9
bc9_1525,bc9
bc9_1526,bc9
bc9_1527,bc9
bc9_1528,bc9
bc9_1529,bc9
bc9_1530,bc9
bc9_1531,bc9
bc9_1532,bc9
bc9_1533,bc9
bc9_1534,bc9
bc9_1535,bc9
bc9_1536,bc9
bc9_1537,bc9
bc9_1538,bc9
bc9_1539,bc9
bc9_1540,bc9
bc9_1541,bc9
bc9_1542,bc9
bc9_1543,bc9
bc9_1544,bc9
bc9_1545,bc9
bc9_1546,bc9
bc9_1547,bc9
bc9_1548,bc9
bc9_1549,bc9
bc9_1550,bc9
bc9_1551,bc9
bc9_1552,bc9
bc9_1553,bc9
bc9_1554,bc9
bc9_1555,bc9
bc9_1556,bc9
bc9_1557,bc9
bc9_1558,bc9
bc9_1559,bc9
bc9_1560,bc9
bc9_1561,bc9
bc9_1562,bc9
bc9_1563,bc9
bc9_1564,bc9
bc9_1565,bc9
bc9_1566,bc9
bc9_1567,bc9
bc9_1568,Multiplet
bc9_1569,bc9
bc9_1570,bc9
bc9_1571,bc9
bc9_1572,bc9
bc9_1573,bc9
bc9_1574,bc9
bc9_1575,bc9
bc9_1576,bc9
bc9_1577,bc9
bc9_1578,bc9
bc9_1579,bc9
bc9_1580,bc9
bc9_1581,bc9
bc9_1582,bc9
bc9_1583,bc9
bc9_1584,bc9
bc9_1585,bc9
bc9_1586,bc9
bc9_1587,bc9
bc9_1588,bc9
bc9_1589,bc9
bc9_1590,bc9
bc9_1591,bc9
bc9_1592,bc9
bc9_1593,bc9
bc9_1594,bc9
bc9_1595,bc9
bc9_1596,bc9
bc9_1597,bc9
bc9_1598,bc9
bc9_1599,bc9
bc9_1600,bc9
bc9_1601,bc9
bc9_1602,bc9
bc9_1603,bc9
bc9_1604,bc9
bc9_1605,bc9
bc9_1606,bc9
bc9_1607,bc9
bc9_1608,bc9
bc9_1609,bc9
bc9_1610,bc9
bc9_1611,bc9
bc9_1612,bc9
bc9_1613,bc9
bc9_1614,bc9
bc9_1615,bc9
bc9_1616,bc9
bc9_1617,bc9
bc9_1618,bc9
bc9_1619,bc9
bc9_1620,bc9
bc9_1621,bc9
bc9_1622,Multiplet
bc9_1623,bc9
bc9_1624,bc9
bc9_1625,bc9
bc9_1626,bc9
bc9_1627,bc9
bc9_1628,bc9
bc9_1629,bc9
bc9_1630,bc9
bc9_1631,bc9
bc9_1632,bc9
bc9_1633,bc9
bc9_1634,bc9
bc9_1635,bc9
bc9_1636,bc9
bc9_1637,bc9
bc9_1638,bc9
bc9_1639,bc9
bc9_1640,bc9
bc9_1641,bc9
bc9_1642,bc9
bc9_1643,bc9
bc9_1644,bc9
bc9_1645,bc9
bc9_1646,bc9
bc9_1647,bc9
bc9_1648,bc9
bc9_1649,bc9
bc9_1650,bc9
bc9_1651,bc9
bc9_1652,bc9
bc9_1653,bc9
bc9_1654,bc9
bc9_1655,bc9
bc9_1656,bc9
bc9_1657,bc9
bc9_1658,bc9
bc9_1659,bc9
bc9_1660,bc9
bc9_1661,bc9
bc9_1662,bc9
bc9_1663,bc9
bc9_1664,bc9
bc9_1665,bc9
bc9_1666,bc9
bc9_1667,bc9
bc9_1668,bc9
bc9_1669,bc9
bc9_1670,bc9
bc9_1671,bc9
bc9_1672,bc9
bc9_1673,bc9
bc9_1674,bc9
bc9_1675,bc9
bc9_1676,bc9
bc9_1677,bc9
bc9_1678,bc9
bc9_1679,bc9
bc9_1680,bc9
bc9_1681,bc9
bc9_1682,bc9
bc9_1683,bc9
bc9_1684,bc9
bc9_1685,bc9
bc9_1686,bc9
bc9_1687,bc9
bc9_1688,bc9
bc9_1689,bc9
bc9_1690,bc9
bc9_1691,bc9
bc9_1692,bc9
bc9_1693,bc9
bc9_1694,bc9
bc9_1695,bc9
bc9_1696,bc9
bc9_1697,bc9
bc9_1698,bc9
bc9_1699,bc9
bc9_1700,bc9
bc9_1701,bc9
bc9_1702,bc9
bc9_1703,bc9
bc9_1704,bc9
bc9_1705,bc9
bc9_1706,bc9
bc9_1707,bc9
bc9_1708,bc9
bc9_1709,bc9
bc9_1710,bc9
bc9_1711,bc9
bc9_1712,bc9
bc9_1713,bc9
bc9_1714,bc9
bc9_1715,bc9
bc9_1716,bc9
bc9_1717,bc9
bc9_1718,bc9
bc9_1719,bc9
bc9_1720,bc9
bc9_1721,bc9
bc9_1722,bc9
bc9_1723,bc9
bc9_1724,bc9
bc9_1725,bc9
bc9_1726,bc9
bc9_1727,bc9
bc9_1728,bc9
bc9_1729,bc9
bc9_1730,bc9
bc9_1731,bc9
bc9_1732,bc9
bc9_1733,bc9
bc9_1734,bc9
bc9_1735,bc9
bc9_1736,bc9
bc9_1737,bc9
bc9_1738,bc9
bc9_1739,bc9
bc9_1740,bc9
bc9_1741,bc9
bc9_1742,bc9
bc9_1743,bc9
bc9_1744,bc9
bc9_1745,bc9
bc9_1746,bc9
bc9_1747,bc9
bc9_1748,bc9
bc9_1749,bc9
bc9_1750,bc9
bc9_1751,bc9
bc9_1752,bc9
bc9_1753,bc9
bc9_1754,bc9
bc9_1755,bc9
bc9_1756,bc9
bc9_1757,bc9
bc9_1758,bc9
bc9_1759,bc9
bc9_1760,bc9
bc9_1761,bc9
bc9_1762,bc9
bc9_1763,bc9
bc9_1764,bc9
bc9_1765,bc9
bc9_1766,bc9
bc9_1767,bc9
bc9_1768,bc9
bc9_1769,bc9
bc9_1770,bc9
bc9_1771,bc9
bc9_1772,bc9
bc9_1773,Multiplet
bc9_1774,bc9
bc9_1775,bc9
bc9_1776,bc9
bc9_1777,bc9
bc9_1778,bc9
bc9_1779,bc9
bc9_1780,bc9
bc9_1781,bc9
bc9_1782,bc9
bc9_1783,bc9
bc9_1784,bc9
bc9_1785,bc9
bc9_1786,bc9
bc9_1787,bc9
bc9_1788,bc9
bc9_1789,bc9
bc9_1790,bc9
bc9_1791,bc9
bc9_1792,bc9
bc9_1793,bc9
bc9_1794,bc9
bc9_1795,bc9
bc9_1796,bc9
bc9_1797,bc9
bc9_1798,bc9
bc9_1799,bc9
bc9_1800,bc9
bc9_1801,bc9
bc9_1802,bc9
bc9_1803,bc9
bc9_1804,bc9
bc9_1805,bc9
bc9_1806,bc9
bc9_1807,bc9
bc9_1808,bc9
bc9_1809,bc9
bc9_1810,bc9
bc9_1811,bc9
bc9_1812,bc9
bc9_1813,bc9
bc9_1814,bc9
bc9_1815,bc9
bc9_1816,bc9
bc9_1817,bc9
bc9_1818,bc9
bc9_1819,bc9
bc9_1820,bc9
bc9_1821,bc9
bc9_1822,bc9
bc9_1823,bc9
bc9_1824,bc9
bc9_1825,bc9
bc9_1826,bc9
bc9_1827,bc9
bc9_1828,bc9
bc9_1829,bc9
bc9_1830,bc9
bc9_1831,bc9
bc9_1832,bc9
bc9_1833,bc9
bc9_1834,bc9
bc9_1835,bc9
bc9_1836,bc9
bc9_1837,bc9
bc9_1838,bc9
bc9_1839,bc9
bc9_1840,bc9
bc9_1841,bc9
bc9_1842,bc9
bc9_1843,bc9
bc9_1844,bc9
bc9_1845,bc9
bc9_1846,bc9
bc9_1847,bc9
bc9_1848,Multiplet
bc9_1849,bc9
bc9_1850,bc9
bc9_1851,bc9
bc9_1852,bc9
bc9_1853,bc9
bc9_1854,bc9
bc9_1855,bc9
bc9_1856,bc9
bc9_1857,bc9
bc9_1858,bc9
bc9_1859,bc9
bc9_1860,bc9
bc9_1861,bc9
bc9_1862,bc9
bc9_1863,bc9
bc9_1864,bc9
bc9_1865,bc9
bc9_1866,bc9
bc9_1867,bc9
bc9_1868,bc9
bc9_1869,bc9
bc9_1870,bc9
bc9_1871,bc9
bc9_1872,bc9
bc9_1873,bc9
bc9_1874,bc9
bc9_1875,bc9
bc9_1876,bc9
bc9_1877,bc9
bc9_1878,bc9
bc9_1879,bc9
bc9_1880,bc9
bc9_1881,bc9
bc9_1882,bc9
bc9_1883,bc9
bc9_1884,bc9
bc9_1885,bc9
bc9_1886,bc9
bc9_1887,bc9
bc9_1888,bc9
bc9_1889,bc9
bc9_1890,bc9
bc9_1891,bc9
bc9_1892,bc9
bc9_1893,bc9
bc9_1894,bc9
bc9_1895,bc9
bc9_1896,bc9
bc9_1897,bc9
bc9_1898,bc9
bc9_1899,bc9
bc9_1900,bc9
bc9_1901,bc9
bc9_1902,bc9
bc9_1903,bc9
bc9_1904,bc9
bc9_1905,bc9
bc9_1906,bc9
bc9_1907,bc9
bc9_1908,bc9
bc9_1909,bc9
bc9_1910,bc9
bc9_1911,bc9
bc9_1912,bc9
bc9_1913,bc9
bc9_1914,bc9
bc9_1915,bc9
bc9_1916,bc9
bc9_1917,bc9
bc9_1918,bc9
bc9_1919,bc9
bc9_1920,bc9
bc9_1921,bc9
bc9_1922,bc9
bc9_1923,bc9
bc9_1924,bc9
bc9_1925,bc9
bc9_1926,bc9
bc9_1927,bc9
bc9_1928,bc9
bc9_1929,bc9
bc9_1930,bc9
bc9_1931,bc9
bc9_1932,bc9
bc9_1933,bc9
bc9_1934,bc9
bc9_1935,bc9
bc9_1936,bc9
bc9_1937,bc9
bc9_1938,bc9
bc9_1939,bc9
bc9_1940,bc9
bc9_1941,bc9
bc9_1942,bc9
bc9_1943,bc9
bc9_1944,bc9
bc9_1945,bc9
bc9_1946,bc9
bc9_1947,bc9
bc9_1948,bc9
bc9_1949,bc9
bc9_1950,bc9
bc9_1951,bc9
bc9_1952,bc9
bc9_1953,bc9
bc9_1954,bc9
bc9_1955,bc9
bc9_1956,bc9
bc9_1957,bc9
bc9_1958,bc9
bc9_1959,bc9
bc9_1960,bc9
bc9_1961,bc9
bc9_1962,bc9
bc9_1963,bc9
bc9_1964,bc9
bc9_1965,bc9
bc9_1966,bc9
bc9_1967,bc9
bc9_1968,bc9
bc9_1969,bc9
bc9_1970,bc9
bc9_1971,bc9
bc9_1972,bc9
bc9_1973,bc9
bc9_1974,bc9
bc9_1975,bc9
bc9_1976,bc9
bc9_1977,bc9
bc9_1978,bc9
bc9_1979,bc9
bc9_1980,bc9
bc9_1981,bc9
bc9_1982,bc9
bc9_1983,bc9
bc9_1984,bc9
bc9_1985,bc9
bc9_1986,bc9
bc9_1987,bc9
bc9_1988,bc9
bc9_1989,bc9
bc9_1990,bc9
bc9_1991,bc9
bc9_1992,bc9
bc9_1993,bc9
bc9_1994,bc9
bc9_1995,bc9
bc9_1996,bc9
bc9_1997,bc9
bc9_1998,bc9
bc9_1999,bc9
bc9_2000,bc9
bc9_2001,bc9
bc9_2002,bc9
bc9_2003,bc9
bc9_2004,bc9
bc9_2005,bc9
bc9_2006,bc9
bc9_2007,bc9
bc9_2008,bc9
bc9_2009,bc9
bc9_2010,bc9
bc9_2011,bc9
bc9_2012,bc9
bc9_2013,bc9
bc9_2014,bc9
bc9_2015,bc9
bc9_2016,bc9
bc9_2017,bc9
bc9_2018,bc9
bc9_2019,bc9
bc9_2020,bc9
bc9_2021,bc9
bc9_2022,bc9
bc9_2023,bc9
bc10_1,bc10
bc10_2,bc10
bc10_3,bc10
bc10_4,bc10
bc10_5,bc10
bc10_6,bc10
bc10_7,bc10
bc10_8,bc10
bc10_9,bc10
bc10_10,bc10
bc10_11,bc10
bc10_12,bc10
bc10_13,bc10
bc10_14,bc10
bc10_15,bc10
bc10_16,bc10
bc10_17,bc10
bc10_18,bc10
bc10_19,bc10
bc10_20,bc10
bc10_21,bc10
bc10_22,bc10
bc10_23,bc10
bc10_24,bc10
bc10_25,bc10
bc10_26,bc10
bc10_27,bc10
bc10_28,bc10
bc10_29,bc10
bc10_30,bc10
bc10_31,bc10
bc10_32,bc10
bc10_33,bc10
bc10_34,bc10
bc10_35,bc10
bc10_36,bc10
bc10_37,bc10
bc10_38,bc10
bc10_39,bc10
bc10_40,bc10
bc10_41,bc10
bc10_42,bc10
bc10_43,bc10
bc10_44,bc10
bc10_45,bc10
bc10_46,bc10
bc10_47,bc10
bc10_48,bc10
bc10_49,bc10
bc10_50,bc10
bc10_51,bc10
bc10_52,bc10
bc10_53,bc10
bc10_54,bc10
bc10_55,bc10
bc10_56,bc10
bc10_57,bc10
bc10_58,bc10
bc10_59,bc10
bc10_60,bc10
bc10_61,bc10
bc10_62,bc10
bc10_63,bc10
bc10_64,bc10
bc10_65,bc10
bc10_66,bc10
bc10_67,bc10
bc10_68,bc10
bc10_69,bc10
bc10_70,bc10
bc10_71,bc10
bc10_72,bc10
bc10_73,bc10
bc10_74,bc10
bc10_75,bc10
bc10_76,bc10
bc10_77,bc10
bc10_78,bc10
bc10_79,bc10
bc10_80,bc10
bc10_81,bc10
bc10_82,bc10
bc10_83,bc10
bc10_84,bc10
bc10_85,bc10
bc10_86,bc10
bc10_87,bc10
bc10_88,bc10
bc10_89,bc10
bc10_90,bc10
bc10_91,bc10
bc10_92,bc10
bc10_93,bc10
bc10_94,bc10
bc10_95,bc10
bc10_96,bc10
bc10_97,bc10
bc10_98,bc10
bc10_99,bc10
bc10_100,bc10
bc10_101,bc10
bc10_102,bc10
bc10_103,bc10
bc10_104,bc10
bc10_105,bc10
bc10_106,bc10
bc10_107,bc10
bc10_108,bc10
bc10_109,bc10
bc10_110,bc10
bc10_111,bc10
bc10_112,bc10
bc10_113,bc10
bc10_114,bc10
bc10_115,bc10
bc10_116,bc10
bc10_117,bc10
bc10_118,bc10
bc10_119,bc10
bc10_120,bc10
bc10_121,bc10
bc10_122,bc10
bc10_123,bc10
bc10_124,bc10
bc10_125,bc10
bc10_126,bc10
bc10_127,bc10
bc10_128,bc10
bc10_129,bc10
bc10_130,bc10
bc10_131,bc10
bc10_132,bc10
bc10_133,bc10
bc10_134,bc10
bc10_135,bc10
bc10_136,bc10
bc10_137,bc10
bc10_138,bc10
bc10_139,bc10
bc10_140,bc10
bc10_141,bc10
bc10_142,bc10
bc10_143,bc10
bc10_144,bc10
bc10_145,bc10
bc10_146,bc10
bc10_147,bc10
bc10_148,bc10
bc10_149,bc10
bc10_150,bc10
bc10_151,bc10
bc10_152,bc10
bc10_153,bc10
bc10_154,bc10
bc10_155,bc10
bc10_156,bc10
bc10_157,bc10
bc10_158,bc10
bc10_159,bc10
bc10_160,bc10
bc10_161,bc10
bc10_162,bc10
bc10_163,bc10
bc10_164,bc10
bc10_165,bc10
bc10_166,bc10
bc10_167,bc10
bc10_168,bc10
bc10_169,bc10
bc10_170,bc10
bc10_171,bc10
bc10_172,bc10
bc10_173,bc10
bc10_174,bc10
bc10_175,bc10
bc10_176,bc10
bc10_177,bc10
bc10_178,bc10
bc10_179,bc10
bc10_180,bc10
bc10_181,bc10
bc10_182,bc10
bc10_183,bc10
bc10_184,bc10
bc10_185,bc10
bc10_186,Negative
bc10_187,bc10
bc10_188,bc10
bc10_189,bc10
bc10_190,bc10
bc10_191,bc10
bc10_192,bc10
bc10_193,bc10
bc10_194,bc10
bc10_195,bc10
bc10_196,bc10
bc10_197,bc10
bc10_198,bc10
bc10_199,bc10
bc10_200,bc10
bc10_201,bc10
bc10_202,bc10
bc10_203,bc10
bc10_204,bc10
bc10_205,bc10
bc10_206,bc10
bc10_207,bc10
bc10_208,bc10
bc10_209,bc10
bc10_210,bc10
bc10_211,bc10
bc10_212,bc10
bc10_213,bc10
bc10_214,bc10
bc10_215,bc10
bc10_216,bc10
bc10_217,bc10
bc10_218,bc10
bc10_219,bc10
bc10_220,bc10
bc10_221,bc10
bc10_222,bc10
bc10_223,bc10
bc10_224,bc10
bc10_225,bc10
bc10_226,bc10
bc10_227,bc10
bc10_228,bc10
bc10_229,bc10
bc10_230,bc10
bc10_231,bc10
bc10_232,bc10
bc10_233,bc10
bc10_234,bc10
bc10_235,bc10
bc10_236,bc10
bc10_237,bc10
bc10_238,bc10
bc10_239,bc10
bc10_240,bc10
bc10_241,bc10
bc10_242,bc10
bc10_243,bc10
bc10_244,bc10
bc10_245,bc10
bc10_246,bc10
bc10_247,bc10
bc10_248,bc10
bc10_249,bc10
bc10_250,bc10
bc10_251,bc10
bc10_252,bc10
bc10_253,bc10
bc10_254,bc10
bc10_255,bc10
bc10_256,bc10
bc10_257,bc10
bc10_258,bc10
bc10_259,bc10
bc10_260,bc10
bc10_261,bc10
bc10_262,bc10
bc10_263,bc10
bc10_264,bc10
bc10_265,bc10
bc10_266,bc10
bc10_267,bc10
bc10_268,bc10
bc10_269,bc10
bc10_270,bc10
bc10_271,bc10
bc10_272,bc10
bc10_273,bc10
bc10_274,bc10
bc10_275,bc10
bc10_276,bc10
bc10_277,bc10
bc10_278,bc10
bc10_279,bc10
bc10_280,bc10
bc10_281,bc10
bc10_282,bc10
bc10_283,bc10
bc10_284,bc10
bc10_285,bc10
bc10_286,bc10
bc10_287,bc10
bc10_288,bc10
bc10_289,bc10
bc10_290,bc10
bc10_291,bc10
bc10_292,bc10
bc10_293,bc10
bc10_294,bc10
bc10_295,bc10
bc10_296,bc10
bc10_297,bc10
bc10_298,bc10
bc10_299,bc10
bc10_300,bc10
bc10_301,bc10
bc10_302,bc10
bc10_303,bc10
bc10_304,bc10
bc10_305,bc10
bc10_306,bc10
bc10_307,bc10
bc10_308,bc10
bc10_309,bc10
bc10_310,bc10
bc10_311,bc10
bc10_312,bc10
bc10_313,bc10
bc10_314,bc10
bc10_315,bc10
bc10_316,bc10
bc10_317,bc10
bc10_318,bc10
bc10_319,bc10
bc10_320,bc10
bc10_321,bc10
bc10_322,bc10
bc10_323,bc10
bc10_324,bc10
bc10_325,bc10
bc10_326,bc10
bc10_327,bc10
bc10_328,bc10
bc10_329,bc10
bc10_330,bc10
bc10_331,bc10
bc10_332,bc10
bc10_333,bc10
bc10_334,bc10
bc10_335,bc10
bc10_336,bc10
bc10_337,bc10
bc10_338,bc10
bc10_339,bc10
bc10_340,bc10
bc10_341,bc10
bc10_342,bc10
bc10_343,Multiplet
bc10_344,bc10
bc10_345,bc10
bc10_346,bc10
bc10_347,bc10
bc10_348,bc10
bc10_349,bc10
bc10_350,bc10
bc10_351,bc10
bc10_352,bc10
bc10_353,bc10
bc10_354,bc10
bc10_355,bc10
bc10_356,bc10
bc10_357,bc10
bc10_358,bc10
bc10_359,bc10
bc10_360,bc10
bc10_361,bc10
bc10_362,bc10
bc10_363,bc10
bc10_364,bc10
bc10_365,bc10
bc10_366,bc10
bc10_367,bc10
bc10_368,bc10
bc10_369,bc10
bc10_370,bc10
bc10_371,bc10
bc10_372,bc10
bc10_373,bc10
bc10_374,bc10
bc10_375,bc10
bc10_376,bc10
bc10_377,bc10
bc10_378,bc10
bc10_379,bc10
bc10_380,bc10
bc10_381,bc10
bc10_382,bc10
bc10_383,bc10
bc10_384,bc10
bc10_385,bc10
bc10_386,bc10
bc10_387,bc10
bc10_388,bc10
bc10_389,bc10
bc10_390,bc10
bc10_391,bc10
bc10_392,bc10
bc10_393,bc10
bc10_394,bc10
bc10_395,bc10
bc10_396,bc10
bc10_397,bc10
bc10_398,bc10
bc10_399,bc10
bc10_400,bc10
bc10_401,bc10
bc10_402,bc10
bc10_403,bc10
bc10_404,bc10
bc10_405,bc10
bc10_406,bc10
bc10_407,bc10
bc10_408,bc10
bc10_409,bc10
bc10_410,bc10
bc10_411,bc10
bc10_412,bc10
bc10_413,bc10
bc10_414,bc10
bc10_415,bc10
bc10_416,bc10
bc10_417,bc10
bc10_418,bc10
bc10_419,bc10
bc10_420,bc10
bc10_421,bc10
bc10_422,bc10
bc10_423,bc10
bc10_424,bc10
bc10_425,bc10
bc10_426,bc10
bc10_427,bc10
bc10_428,bc10
bc10_429,bc10
bc10_430,bc10
bc10_431,bc10
bc10_432,bc10
bc10_433,bc10
bc10_434,bc10
bc10_435,bc10
bc10_436,bc10
bc10_437,bc10
bc10_438,bc10
bc10_439,bc10
bc10_440,bc10
bc10_441,bc10
bc10_442,bc10
bc10_443,bc10
bc10_444,bc10
bc10_445,bc10
bc10_446,bc10
bc10_447,bc10
bc10_448,bc10
bc10_449,bc10
bc10_450,bc10
bc10_451,bc10
bc10_452,bc10
bc10_453,bc10
bc10_454,bc10
bc10_455,bc10
bc10_456,bc10
bc10_457,bc10
bc10_458,bc10
bc10_459,bc10
bc10_460,bc10
bc10_461,bc10
bc10_462,bc10
bc10_463,bc10
bc10_464,bc10
bc10_465,bc10
bc10_466,bc10
bc10_467,bc10
bc10_468,bc10
bc10_469,bc10
bc10_470,bc10
bc10_471,bc10
bc10_472,bc10
bc10_473,bc10
bc10_474,bc10
bc10_475,bc10
bc10_476,bc10
bc10_477,bc10
bc10_478,bc10
bc10_479,bc10
bc10_480,bc10
bc10_481,bc10
bc10_482,bc10
bc10_483,bc10
bc10_484,bc10
bc10_485,bc10
bc10_486,bc10
bc10_487,bc10
bc10_488,bc10
bc10_489,bc10
bc10_490,bc10
bc10_491,bc10
bc10_492,bc10
bc10_493,bc10
bc10_494,bc10
bc10_495,bc10
bc10_496,bc10
bc10_497,bc10
bc10_498,bc10
bc10_499,bc10
bc10_500,Multiplet
bc10_501,bc10
bc10_502,bc10
bc10_503,bc10
bc10_504,bc10
bc10_505,bc10
bc10_506,bc10
bc10_507,bc10
bc10_508,bc10
bc10_509,bc10
bc10_510,bc10
bc10_511,bc10
bc10_512,bc10
bc10_513,bc10
bc10_514,bc10
bc10_515,bc10
bc10_516,bc10
bc10_517,bc10
bc10_518,bc10
bc10_519,bc10
bc10_520,bc10
bc10_521,bc10
bc10_522,bc10
bc10_523,bc10
bc10_524,bc10
bc10_525,bc10
bc10_526,bc10
bc10_527,bc10
bc10_528,bc10
bc10_529,bc10
bc10_530,bc10
bc10_531,bc10
bc10_532,bc10
bc10_533,bc10
bc10_534,bc10
bc10_535,bc10
bc10_536,bc10
bc10_537,bc10
bc10_538,bc10
bc10_539,bc10
bc10_540,bc10
bc10_541,bc10
bc10_542,bc10
bc10_543,bc10
bc10_544,bc10
bc10_545,bc10
bc10_546,bc10
bc10_547,bc10
bc10_548,bc10
bc10_549,bc10
bc10_550,bc10
bc10_551,bc10
bc10_552,bc10
bc10_553,bc10
bc10_554,bc10
bc10_555,bc10
bc10_556,bc10
bc10_557,bc10
bc10_558,bc10
bc10_559,bc10
bc10_560,bc10
bc10_561,bc10
bc10_562,bc10
bc10_563,bc10
bc10_564,bc10
bc10_565,bc10
bc10_566,bc10
bc10_567,bc10
bc10_568,bc10
bc10_569,bc10
bc10_570,bc10
bc10_571,bc10
bc10_572,bc10
bc10_573,bc10
bc10_574,bc10
bc10_575,bc10
bc10_576,bc10
bc10_577,bc10
bc10_578,bc10
bc10_579,bc10
bc10_580,bc10
bc10_581,bc10
bc10_582,bc10
bc10_583,bc10
bc10_584,bc10
bc10_585,bc10
bc10_586,bc10
bc10_587,bc10
bc10_588,bc10
bc10_589,bc10
bc10_590,bc10
bc10_591,bc10
bc10_592,bc10
bc10_593,bc10
bc10_594,bc10
bc10_595,bc10
bc10_596,bc10
bc10_597,bc10
bc10_598,bc10
bc10_599,bc10
bc10_600,bc10
bc10_601,bc10
bc10_602,bc10
bc10_603,bc10
bc10_604,bc10
bc10_605,bc10
bc10_606,bc10
bc10_607,bc10
bc10_608,bc10
bc10_609,bc10
bc10_610,bc10
bc10_611,bc10
bc10_612,bc10
bc10_613,bc10
bc10_614,bc10
bc10_615,bc10
bc10_616,bc10
bc10_617,bc10
bc10_618,bc10
bc10_619,bc10
bc10_620,bc10
bc10_621,bc10
bc10_622,bc10
bc10_623,bc10
bc10_624,bc10
bc10_625,bc10
bc10_626,bc10
bc10_627,bc10
bc10_628,bc10
bc10_629,bc10
bc10_630,bc10
bc10_631,bc10
bc10_632,bc10
bc10_633,bc10
bc10_634,bc10
bc10_635,bc10
bc10_636,bc10
bc10_637,bc10
bc10_638,bc10
bc10_639,bc10
bc10_640,bc10
bc10_641,bc10
bc10_642,bc10
bc10_643,bc10
bc10_644,bc10
bc10_645,bc10
bc10_646,bc10
bc10_647,bc10
bc10_648,bc10
bc10_649,bc10
bc10_650,bc10
bc10_651,bc10
bc10_652,bc10
bc10_653,bc10
bc10_654,bc10
bc10_655,bc10
bc10_656,bc10
bc10_657,bc10
bc10_658,bc10
bc10_659,bc10
bc10_660,bc10
bc10_661,bc10
bc10_662,bc10
bc10_663,bc10
bc10_664,bc10
bc10_665,bc10
bc10_666,bc10
bc10_667,bc10
bc10_668,bc10
bc10_669,bc10
bc10_670,bc10
bc10_671,bc10
bc10_672,bc10
bc10_673,bc10
bc11_1,bc11
bc11_2,bc11
bc11_3,bc11
bc11_4,bc11
bc11_5,bc11
bc11_6,bc11
bc11_7,bc11
bc11_8,bc11
bc11_9,bc11
bc11_10,bc11
bc11_11,bc11
bc11_12,bc11
bc11_13,bc11
bc11_14,bc11
bc11_15,bc11
bc11_16,bc11
bc11_17,bc11
bc11_18,bc11
bc11_19,bc11
bc11_20,bc11
bc11_21,bc11
bc11_22,bc11
bc11_23,bc11
bc11_24,bc11
bc11_25,bc11
bc11_26,bc11
bc11_27,bc11
bc11_28,bc11
bc11_29,bc11
bc11_30,bc11
bc11_31,bc11
bc11_32,bc11
bc11_33,bc11
bc11_34,bc11
bc11_35,bc11
bc11_36,bc11
bc11_37,bc11
bc11_38,bc11
bc11_39,bc11
bc11_40,bc11
bc11_41,bc11
bc11_42,bc11
bc11_43,bc11
bc11_44,bc11
bc11_45,bc11
bc11_46,bc11
bc11_47,bc11
bc11_48,bc11
bc11_49,bc11
bc11_50,bc11
bc11_51,bc11
bc11_52,bc11
bc11_53,bc11
bc11_54,bc11
bc11_55,bc11
bc11_56,bc11
bc11_57,bc11
bc11_58,bc11
bc11_59,bc11
bc11_60,bc11
bc11_61,bc11
bc11_62,bc11
bc11_63,bc11
bc11_64,Negative
bc11_65,bc11
bc11_66,bc11
bc11_67,bc11
bc11_68,bc11
bc11_69,bc11
bc11_70,bc11
bc11_71,bc11
bc11_72,bc11
bc11_73,bc11
bc11_74,bc11
bc11_75,bc11
bc11_76,bc11
bc11_77,bc11
bc11_78,bc11
bc11_79,bc11
bc11_80,bc11
bc11_81,bc11
bc11_82,bc11
bc11_83,bc11
bc11_84,bc11
bc11_85,bc11
bc11_86,bc11
bc11_87,bc11
bc11_88,bc11
bc11_89,bc11
bc11_90,bc11
bc11_91,bc11
bc11_92,bc11
bc11_93,bc11
bc11_94,bc11
bc11_95,bc11
bc11_96,bc11
bc11_97,bc11
bc11_98,bc11
bc11_99,bc11
bc11_100,bc11
bc11_101,bc11
bc11_102,bc11
bc11_103,bc11
bc11_104,bc11
bc11_105,bc11
bc11_106,bc11
bc11_107,bc11
bc11_108,bc11
bc11_109,bc11
bc11_110,bc11
bc11_111,bc11
bc11_112,bc11
bc11_113,bc11
bc11_114,bc11
bc11_115,bc11
bc11_116,bc11
bc11_117,bc11
bc11_118,bc11
bc11_119,bc11
bc11_120,bc11
bc11_121,bc11
bc11_122,bc11
bc11_123,bc11
bc11_124,bc11
bc11_125,bc11
bc11_126,bc11
bc11_127,bc11
bc11_128,bc11
bc11_129,bc11
bc11_130,bc11
bc11_131,bc11
bc11_132,bc11
bc11_133,bc11
bc11_134,bc11
bc11_135,bc11
bc11_136,bc11
bc11_137,bc11
bc11_138,bc11
bc11_139,bc11
bc11_140,bc11
bc11_141,bc11
bc11_142,bc11
bc11_143,bc11
bc11_144,bc11
bc11_145,bc11
bc11_146,bc11
bc11_147,bc11
bc11_148,bc11
bc11_149,bc11
bc11_150,bc11
bc11_151,bc11
bc11_152,bc11
bc11_153,bc11
bc11_154,bc11
bc11_155,bc11
bc11_156,bc11
bc11_157,bc11
bc11_158,bc11
bc11_159,bc11
bc11_160,bc11
bc11_161,bc11
bc11_162,bc11
bc11_163,bc11
bc11_164,bc11
bc11_165,bc11
bc11_166,bc11
bc11_167,bc11
bc11_168,bc11
bc11_169,bc11
bc11_170,bc11
bc11_171,bc11
bc11_172,bc11
bc11_173,bc11
bc11_174,bc11
bc11_175,bc11
bc11_176,bc11
bc11_177,bc11
bc11_178,bc11
bc11_179,bc11
bc11_180,bc11
bc11_181,bc11
bc11_182,bc11
bc11_183,bc11
bc11_184,bc11
bc11_185,bc11
bc11_186,bc11
bc11_187,bc11
bc11_188,bc11
bc11_189,bc11
bc11_190,bc11
bc11_191,bc11
bc11_192,bc11
bc11_193,bc11
bc11_194,bc11
bc11_195,bc11
bc11_196,bc11
bc11_197,bc11
bc11_198,bc11
bc11_199,bc11
bc11_200,bc11
bc11_201,bc11
bc11_202,bc11
bc11_203,bc11
bc11_204,bc11
bc11_205,bc11
bc11_206,bc11
bc11_207,bc11
bc11_208,bc11
bc11_209,bc11
bc11_210,bc11
bc11_211,bc11
bc11_212,bc11
bc11_213,bc11
bc11_214,bc11
bc11_215,bc11
bc11_216,bc11
bc11_217,bc11
bc11_218,bc11
bc11_219,bc11
bc11_220,bc11
bc11_221,bc11
bc11_222,bc11
bc11_223,bc11
bc11_224,bc11
bc11_225,bc11
bc11_226,bc11
bc11_227,bc11
bc11_228,bc11
bc11_229,bc11
bc11_230,bc11
bc11_231,bc11
bc11_232,bc11
bc11_233,bc11
bc11_234,bc11
bc11_235,bc11
bc11_236,bc11
bc11_237,bc11
bc11_238,bc11
bc11_239,bc11
bc11_240,bc11
bc11_241,bc11
bc11_242,bc11
bc11_243,bc11
bc11_244,bc11
bc11_245,bc11
bc11_246,bc11
bc11_247,bc11
bc11_248,bc11
bc11_249,bc11
bc11_250,bc11
bc11_251,bc11
bc11_252,bc11
bc11_253,bc11
bc11_254,bc11
bc11_255,bc11
bc11_256,bc11
bc11_257,bc11
bc11_258,bc11
bc11_259,bc11
bc11_260,bc11
bc11_261,bc11
bc11_262,bc11
bc11_263,bc11
bc11_264,bc11
bc11_265,bc11
bc11_266,bc11
bc11_267,bc11
bc11_268,bc11
bc11_269,bc11
bc11_270,bc11
bc11_271,bc11
bc11_272,bc11
bc11_273,bc11
bc11_274,bc11
bc11_275,bc11
bc11_276,bc11
bc11_277,bc11
bc11_278,bc11
bc11_279,bc11
bc11_280,bc11
bc11_281,bc11
bc11_282,bc11
bc11_283,bc11
bc11_284,bc11
bc11_285,bc11
bc11_286,bc11
bc11_287,bc11
bc11_288,bc11
bc11_289,bc11
bc11_290,bc11
bc11_291,bc11
bc11_292,bc11
bc11_293,bc11
bc11_294,bc11
bc11_295,bc11
bc11_296,bc11
bc11_297,bc11
bc11_298,bc11
bc11_299,bc11
bc11_300,bc11
bc11_301,bc11
bc11_302,bc11
bc11_303,bc11
bc11_304,bc11
bc11_305,bc11
bc11_306,bc11
bc11_307,bc11
bc11_308,bc11
bc11_309,bc11
bc11_310,bc11
bc11_311,bc11
bc11_312,bc11
bc11_313,bc11
bc11_314,bc11
bc11_315,bc11
bc11_316,bc11
bc11_317,bc11
bc11_318,bc11
bc11_319,bc11
bc11_320,bc11
bc11_321,bc11
bc11_322,bc11
bc11_323,bc11
bc11_324,bc11
bc11_325,bc11
bc11_326,bc11
bc11_327,bc11
bc11_328,bc11
bc11_329,bc11
bc11_330,bc11
bc11_331,bc11
bc11_332,bc11
bc11_333,bc11
bc11_334,bc11
bc11_335,bc11
bc11_336,bc11
bc11_337,bc11
bc11_338,bc11
bc11_339,bc11
bc11_340,bc11
bc11_341,bc11
bc11_342,bc11
bc11_343,bc11
bc11_344,bc11
bc11_345,bc11
bc11_346,bc11
bc11_347,bc11
bc11_348,bc11
bc11_349,bc11
bc11_350,bc11
bc11_351,bc11
bc11_352,bc11
bc11_353,bc11
bc11_354,bc11
bc11_355,bc11
bc11_356,bc11
bc11_357,bc11
bc11_358,bc11
bc11_359,bc11
bc11_360,bc11
bc11_361,bc11
bc11_362,bc11
bc11_363,bc11
bc11_364,bc11
bc11_365,bc11
bc11_366,bc11
bc11_367,bc13
bc11_368,bc11
bc11_369,bc11
bc11_370,bc11
bc11_371,bc11
bc11_372,bc11
bc11_373,bc11
bc11_374,bc11
bc11_375,bc11
bc11_376,bc11
bc11_377,bc11
bc11_378,bc11
bc11_379,bc11
bc11_380,bc11
bc11_381,bc11
bc11_382,bc11
bc11_383,bc11
bc11_384,bc11
bc11_385,bc11
bc11_386,bc11
bc11_387,bc11
bc11_388,bc11
bc11_389,bc11
bc11_390,bc11
bc11_391,bc11
bc11_392,bc11
bc11_393,bc11
bc11_394,bc11
bc11_395,bc11
bc11_396,bc11
bc11_397,bc11
bc11_398,bc11
bc11_399,bc11
bc11_400,bc11
bc11_401,bc11
bc11_402,bc11
bc11_403,bc11
bc11_404,bc11
bc11_405,bc11
bc11_406,bc11
bc11_407,bc11
bc11_408,bc11
bc11_409,bc11
bc11_410,bc11
bc11_411,bc11
bc11_412,bc11
bc11_413,bc11
bc11_414,bc11
bc11_415,bc11
bc11_416,bc11
bc11_417,bc11
bc11_418,bc11
bc11_419,bc11
bc11_420,bc11
bc11_421,bc11
bc11_422,bc11
bc11_423,bc11
bc11_424,bc11
bc11_425,bc11
bc11_426,bc11
bc11_427,bc11
bc11_428,bc11
bc11_429,bc11
bc11_430,bc11
bc11_431,bc11
bc11_432,bc11
bc11_433,bc11
bc11_434,bc11
bc11_435,bc11
bc11_436,bc11
bc11_437,bc11
bc11_438,bc11
bc11_439,bc11
bc11_440,bc11
bc11_441,bc11
bc11_442,bc11
bc11_443,bc11
bc11_444,bc11
bc11_445,bc11
bc11_446,bc11
bc11_447,bc11
bc11_448,bc11
bc11_449,bc11
bc11_450,bc11
bc11_451,bc11
bc11_452,bc11
bc11_453,bc11
bc11_454,bc11
bc11_455,bc11
bc11_456,bc11
bc11_457,bc11
bc11_458,bc11
bc11_459,bc11
bc11_460,bc11
bc11_461,bc11
bc11_462,bc11
bc11_463,bc11
bc11_464,bc11
bc11_465,bc11
bc11_466,bc11
bc11_467,bc11
bc11_468,bc11
bc11_469,bc11
bc11_470,bc11
bc11_471,bc11
bc11_472,bc11
bc11_473,bc11
bc11_474,bc11
bc11_475,bc11
bc11_476,bc11
bc11_477,bc11
bc11_478,bc11
bc11_479,bc11
bc11_480,bc11
bc11_481,bc11
bc11_482,bc11
bc11_483,bc11
bc11_484,bc11
bc11_485,bc11
bc11_486,bc11
bc11_487,bc11
bc11_488,bc11
bc11_489,bc11
bc11_490,bc11
bc11_491,bc11
bc11_492,bc11
bc11_493,bc11
bc11_494,bc11
bc11_495,bc11
bc11_496,bc11
bc11_497,bc11
bc11_498,bc11
bc11_499,bc11
bc11_500,bc11
bc11_501,bc11
bc11_502,bc11
bc11_503,bc11
bc11_504,bc11
bc11_505,bc11
bc11_506,bc11
bc11_507,bc11
bc11_508,bc11
bc11_509,bc11
bc11_510,bc11
bc11_511,bc11
bc11_512,bc11
bc11_513,bc11
bc11_514,bc11
bc11_515,bc11
bc11_516,bc11
bc11_517,bc11
bc11_518,bc11
bc11_519,bc11
bc11_520,bc11
bc11_521,bc11
bc11_522,bc11
bc11_523,bc11
bc11_524,bc11
bc11_525,Negative
bc11_526,bc11
bc11_527,bc11
bc11_528,bc11
bc11_529,bc11
bc11_530,bc11
bc11_531,bc11
bc11_532,bc11
bc11_533,bc11
bc11_534,bc11
bc11_535,bc11
bc11_536,bc11
bc11_537,bc11
bc11_538,bc11
bc11_539,bc11
bc11_540,bc11
bc11_541,bc11
bc11_542,bc11
bc11_543,bc11
bc11_544,bc11
bc11_545,bc11
bc11_546,bc11
bc11_547,bc11
bc11_548,bc11
bc11_549,bc11
bc11_550,bc11
bc11_551,bc11
bc11_552,bc11
bc11_553,bc11
bc11_554,bc11
bc11_555,bc11
bc11_556,bc11
bc11_557,bc11
bc11_558,bc11
bc11_559,bc11
bc11_560,bc11
bc11_561,bc11
bc11_562,bc11
bc11_563,bc11
bc11_564,bc11
bc11_565,bc11
bc11_566,bc11
bc11_567,bc11
bc11_568,bc11
bc11_569,bc11
bc11_570,bc11
bc11_571,bc11
bc11_572,bc11
bc11_573,bc11
bc11_574,bc11
bc11_575,bc11
bc11_576,bc11
bc11_577,bc11
bc11_578,bc11
bc11_579,bc11
bc11_580,bc11
bc11_581,bc11
bc11_582,bc11
bc11_583,bc11
bc11_584,bc11
bc11_585,bc11
bc11_586,bc11
bc11_587,bc11
bc11_588,bc11
bc11_589,bc11
bc11_590,bc11
bc11_591,bc11
bc11_592,bc11
bc11_593,bc11
bc11_594,bc11
bc11_595,bc11
bc11_596,bc11
bc11_597,bc11
bc11_598,bc11
bc11_599,bc11
bc11_600,bc11
bc11_601,bc11
bc11_602,bc11
bc11_603,bc11
bc11_604,bc11
bc11_605,bc11
bc11_606,bc11
bc11_607,bc11
bc11_608,bc11
bc11_609,bc11
bc11_610,bc11
bc11_611,bc11
bc11_612,bc11
bc11_613,bc11
bc11_614,bc11
bc11_615,bc11
bc11_616,bc11
bc11_617,bc11
bc11_618,bc11
bc11_619,bc11
bc11_620,bc11
bc11_621,bc11
bc11_622,bc11
bc11_623,bc11
bc11_624,bc11
bc11_625,bc11
bc11_626,bc11
bc11_627,bc11
bc11_628,bc11
bc11_629,bc11
bc11_630,bc11
bc11_631,bc11
bc11_632,bc11
bc11_633,bc11
bc11_634,bc11
bc11_635,bc11
bc11_636,bc11
bc11_637,bc11
bc11_638,bc11
bc11_639,bc11
bc11_640,bc11
bc11_641,bc11
bc11_642,bc11
bc11_643,bc11
bc11_644,bc11
bc11_645,bc11
bc11_646,bc11
bc11_647,bc11
bc11_648,bc11
bc11_649,bc11
bc11_650,bc11
bc11_651,bc11
bc11_652,bc11
bc11_653,bc11
bc11_654,bc11
bc11_655,bc11
bc11_656,bc11
bc11_657,bc11
bc11_658,bc11
bc11_659,bc11
bc11_660,bc11
bc11_661,bc11
bc11_662,bc11
bc11_663,bc11
bc11_664,bc11
bc11_665,bc11
bc11_666,bc11
bc11_667,bc11
bc11_668,bc11
bc11_669,bc11
bc11_670,bc11
bc11_671,bc11
bc11_672,bc11
bc11_673,bc11
bc11_674,bc11
bc11_675,bc11
bc11_676,bc11
bc11_677,bc11
bc11_678,bc11
bc11_679,bc11
bc11_680,bc11
bc11_681,bc11
bc11_682,bc11
bc11_683,bc11
bc11_684,bc11
bc11_685,bc11
bc11_686,bc11
bc11_687,bc11
bc11_688,bc11
bc11_689,bc11
bc11_690,bc11
bc11_691,bc11
bc11_692,bc11
bc11_693,bc11
bc11_694,bc11
bc11_695,bc11
bc11_696,bc11
bc11_697,bc11
bc11_698,bc11
bc11_699,bc11
bc11_700,bc11
bc11_701,bc11
bc11_702,bc11
bc11_703,bc11
bc11_704,bc11
bc11_705,bc11
bc11_706,bc11
bc11_707,bc11
bc11_708,bc11
bc11_709,bc11
bc11_710,bc11
bc11_711,bc11
bc11_712,bc11
bc11_713,bc11
bc11_714,bc11
bc11_715,bc11
bc11_716,bc11
bc11_717,bc11
bc11_718,bc11
bc11_719,bc11
bc11_720,bc11
bc11_721,bc11
bc11_722,bc11
bc11_723,bc11
bc11_724,bc11
bc11_725,bc11
bc11_726,bc11
bc11_727,bc11
bc11_728,bc11
bc11_729,bc11
bc11_730,bc11
bc11_731,bc11
bc11_732,bc11
bc11_733,bc11
bc11_734,bc11
bc11_735,bc11
bc11_736,bc11
bc11_737,bc11
bc11_738,bc11
bc11_739,bc11
bc11_740,bc11
bc11_741,bc11
bc11_742,bc11
bc11_743,bc11
bc11_744,bc11
bc11_745,bc11
bc11_746,bc11
bc11_747,bc11
bc11_748,bc11
bc11_749,bc11
bc11_750,bc11
bc11_751,bc11
bc11_752,bc11
bc11_753,bc11
bc11_754,bc11
bc11_755,bc11
bc11_756,bc11
bc11_757,bc11
bc11_758,bc11
bc11_759,bc11
bc11_760,bc11
bc11_761,bc11
bc11_762,bc11
bc11_763,bc11
bc11_764,bc11
bc11_765,bc11
bc11_766,bc11
bc11_767,bc11
bc11_768,bc11
bc11_769,bc11
bc11_770,bc11
bc11_771,bc11
bc11_772,bc11
bc11_773,bc11
bc11_774,bc11
bc11_775,bc11
bc11_776,bc11
bc11_777,bc11
bc11_778,bc11
bc11_779,bc11
bc11_780,bc11
bc11_781,bc11
bc11_782,bc11
bc11_783,bc11
bc11_784,bc11
bc11_785,bc11
bc11_786,bc11
bc11_787,bc11
bc11_788,bc11
bc11_789,bc11
bc11_790,bc11
bc11_791,bc11
bc11_792,bc11
bc11_793,bc11
bc11_794,bc11
bc11_795,bc11
bc11_796,bc11
bc11_797,bc11
bc11_798,bc11
bc11_799,bc11
bc11_800,bc11
bc11_801,bc11
bc11_802,bc11
bc11_803,bc11
bc11_804,bc11
bc11_805,bc11
bc11_806,bc11
bc11_807,bc11
bc11_808,bc11
bc11_809,bc11
bc11_810,bc11
bc11_811,bc11
bc11_812,bc11
bc11_813,bc11
bc11_814,bc11
bc11_815,bc11
bc11_816,bc11
bc11_817,bc11
bc11_818,bc11
bc11_819,bc11
bc11_820,bc11
bc11_821,bc11
bc11_822,bc11
bc11_823,bc11
bc11_824,bc11
bc11_825,bc11
bc11_826,bc11
bc11_827,bc11
bc11_828,bc11
bc11_829,bc11
bc11_830,bc11
bc11_831,bc11
bc11_832,bc11
bc11_833,bc11
bc11_834,bc11
bc11_835,bc11
bc11_836,bc11
bc11_837,bc11
bc11_838,bc11
bc11_839,bc11
bc11_840,bc11
bc11_841,bc11
bc11_842,bc11
bc11_843,bc11
bc11_844,bc11
bc11_845,bc11
bc11_846,bc11
bc11_847,bc11
bc11_848,bc11
bc11_849,bc11
bc11_850,bc11
bc11_851,bc11
bc11_852,bc11
bc11_853,bc11
bc11_854,bc11
bc11_855,bc11
bc11_856,bc11
bc11_857,bc11
bc11_858,bc11
bc11_859,bc11
bc11_860,bc11
bc11_861,bc11
bc11_862,bc11
bc11_863,bc11
bc11_864,bc11
bc11_865,bc11
bc11_866,bc11
bc11_867,bc11
bc11_868,bc11
bc11_869,bc11
bc11_870,bc11
bc11_871,bc11
bc11_872,bc11
bc11_873,bc11
bc11_874,bc11
bc11_875,bc11
bc11_876,bc11
bc11_877,bc11
bc11_878,bc11
bc11_879,bc11
bc11_880,bc11
bc11_881,bc11
bc11_882,bc11
bc11_883,bc11
bc11_884,bc11
bc11_885,bc11
bc11_886,bc11
bc11_887,bc11
bc11_888,bc11
bc11_889,bc11
bc11_890,bc11
bc11_891,bc11
bc11_892,bc11
bc11_893,bc11
bc11_894,bc11
bc11_895,bc11
bc11_896,bc11
bc11_897,bc11
bc11_898,bc11
bc11_899,bc11
bc11_900,bc11
bc11_901,bc11
bc11_902,bc11
bc11_903,bc11
bc11_904,bc11
bc11_905,bc11
bc11_906,bc11
bc11_907,bc11
bc11_908,bc11
bc11_909,bc11
bc11_910,bc11
bc11_911,bc11
bc11_912,bc11
bc11_913,bc11
bc11_914,bc11
bc11_915,bc11
bc11_916,bc11
bc11_917,bc11
bc11_918,bc11
bc11_919,bc11
bc11_920,bc11
bc11_921,bc11
bc11_922,bc11
bc11_923,bc11
bc11_924,bc11
bc11_925,bc11
bc11_926,bc11
bc11_927,bc11
bc11_928,bc11
bc11_929,bc11
bc11_930,bc11
bc11_931,bc11
bc11_932,bc11
bc11_933,bc11
bc11_934,bc11
bc11_935,bc11
bc11_936,bc11
bc11_937,bc11
bc11_938,bc11
bc11_939,bc11
bc11_940,bc11
bc11_941,bc11
bc11_942,bc11
bc11_943,bc11
bc11_944,bc11
bc11_945,bc11
bc11_946,bc11
bc11_947,bc11
bc11_948,bc11
bc11_949,bc11
bc11_950,bc11
bc11_951,bc11
bc11_952,bc11
bc11_953,bc11
bc11_954,bc11
bc11_955,bc11
bc11_956,bc11
bc11_957,bc11
bc11_958,bc11
bc11_959,bc11
bc11_960,bc11
bc11_961,bc11
bc11_962,bc11
bc11_963,bc11
bc11_964,bc11
bc11_965,bc11
bc11_966,bc11
bc11_967,bc11
bc11_968,bc11
bc11_969,bc11
bc11_970,bc11
bc11_971,bc11
bc11_972,bc11
bc11_973,bc11
bc11_974,bc11
bc11_975,bc11
bc11_976,bc11
bc11_977,bc11
bc11_978,bc11
bc11_979,bc11
bc11_980,bc11
bc11_981,bc11
bc11_982,bc11
bc11_983,bc11
bc11_984,bc11
bc11_985,bc11
bc11_986,bc11
bc11_987,bc11
bc11_988,bc11
bc11_989,bc11
bc11_990,bc11
bc11_991,bc11
bc11_992,bc11
bc11_993,bc11
bc11_994,bc11
bc11_995,bc11
bc11_996,bc11
bc11_997,bc11
bc11_998,bc11
bc11_999,bc11
bc11_1000,bc11
bc11_1001,bc11
bc11_1002,bc11
bc11_1003,bc11
bc11_1004,bc11
bc11_1005,bc11
bc11_1006,bc11
bc11_1007,bc11
bc11_1008,bc11
bc11_1009,bc11
bc11_1010,bc11
bc11_1011,bc11
bc11_1012,bc11
bc11_1013,bc11
bc11_1014,bc11
bc11_1015,bc11
bc11_1016,bc11
bc11_1017,bc11
bc11_1018,bc11
bc11_1019,bc11
bc11_1020,bc11
bc11_1021,bc11
bc11_1022,bc11
bc11_1023,bc11
bc11_1024,bc11
bc11_1025,bc11
bc11_1026,bc11
bc11_1027,bc11
bc11_1028,bc11
bc11_1029,bc11
bc11_1030,bc11
bc11_1031,bc11
bc11_1032,bc11
bc11_1033,bc11
bc11_1034,bc11
bc11_1035,bc11
bc11_1036,bc11
bc11_1037,bc11
bc11_1038,bc11
bc11_1039,bc11
bc11_1040,bc11
bc11_1041,bc11
bc11_1042,bc11
bc11_1043,bc11
bc11_1044,bc11
bc11_1045,bc11
bc11_1046,bc11
bc11_1047,bc11
bc11_1048,bc11
bc11_1049,bc11
bc11_1050,bc11
bc11_1051,bc11
bc11_1052,bc11
bc11_1053,bc11
bc11_1054,bc11
bc11_1055,bc11
bc11_1056,bc11
bc11_1057,bc11
bc11_1058,bc11
bc11_1059,bc11
bc11_1060,bc11
bc11_1061,bc11
bc11_1062,bc11
bc11_1063,bc11
bc11_1064,bc11
bc11_1065,bc11
bc11_1066,bc11
bc11_1067,bc11
bc11_1068,bc11
bc11_1069,bc11
bc11_1070,bc11
bc11_1071,bc11
bc11_1072,bc11
bc11_1073,bc11
bc11_1074,bc11
bc11_1075,bc11
bc11_1076,bc11
bc11_1077,bc11
bc11_1078,bc11
bc11_1079,bc11
bc11_1080,bc11
bc11_1081,bc11
bc11_1082,bc11
bc11_1083,bc11
bc11_1084,bc11
bc11_1085,bc11
bc11_1086,bc11
bc11_1087,bc11
bc11_1088,bc11
bc11_1089,bc11
bc11_1090,bc11
bc11_1091,bc11
bc11_1092,bc11
bc11_1093,bc11
bc11_1094,bc11
bc11_1095,bc11
bc11_1096,bc11
bc11_1097,bc11
bc11_1098,bc11
bc11_1099,bc11
bc11_1100,bc11
bc11_1101,bc11
bc11_1102,bc11
bc11_1103,bc11
bc11_1104,bc11
bc11_1105,bc11
bc11_1106,bc11
bc11_1107,bc11
bc11_1108,bc11
bc11_1109,bc11
bc11_1110,bc11
bc11_1111,bc11
bc11_1112,bc11
bc11_1113,bc11
bc11_1114,bc11
bc11_1115,bc11
bc11_1116,bc11
bc11_1117,bc11
bc11_1118,bc11
bc11_1119,bc11
bc11_1120,bc11
bc11_1121,bc11
bc11_1122,bc11
bc11_1123,bc11
bc11_1124,bc11
bc11_1125,bc11
bc11_1126,bc11
bc11_1127,bc11
bc11_1128,bc11
bc11_1129,bc11
bc11_1130,bc11
bc11_1131,bc11
bc11_1132,bc11
bc11_1133,bc11
bc11_1134,bc11
bc11_1135,bc11
bc11_1136,bc11
bc11_1137,bc11
bc11_1138,bc11
bc11_1139,bc11
bc11_1140,bc11
bc11_1141,bc11
bc11_1142,bc11
bc11_1143,bc11
bc11_1144,bc11
bc11_1145,bc11
bc11_1146,bc11
bc11_1147,bc11
bc11_1148,bc11
bc11_1149,bc11
bc11_1150,bc11
bc11_1151,bc11
bc11_1152,bc11
bc11_1153,bc11
bc11_1154,bc11
bc11_1155,bc11
bc11_1156,bc11
bc11_1157,bc11
bc11_1158,bc11
bc11_1159,bc11
bc11_1160,bc11
bc11_1161,bc11
bc11_1162,bc11
bc11_1163,bc11
bc11_1164,bc11
bc11_1165,bc11
bc11_1166,bc11
bc11_1167,bc11
bc11_1168,bc11
bc11_1169,bc11
bc11_1170,bc11
bc12_1,bc12
bc12_2,bc12
bc12_3,bc12
bc12_4,bc12
bc12_5,bc12
bc12_6,bc12
bc12_7,bc12
bc12_8,bc12
bc12_9,bc12
bc12_10,bc12
bc12_11,bc12
bc12_12,bc12
bc12_13,bc12
bc12_14,bc12
bc12_15,bc12
bc12_16,bc12
bc12_17,bc12
bc12_18,bc12
bc12_19,bc12
bc12_20,bc12
bc12_21,bc12
bc12_22,bc12
bc12_23,bc12
bc12_24,bc12
bc12_25,bc12
bc12_26,bc12
bc12_27,bc12
bc12_28,bc12
bc12_29,bc12
bc12_30,bc12
bc12_31,bc12
bc12_32,bc12
bc12_33,bc12
bc12_34,bc12
bc12_35,bc12
bc12_36,bc12
bc12_37,bc12
bc12_38,bc12
bc12_39,bc12
bc12_40,bc12
bc12_41,bc12
bc12_42,bc12
bc12_43,bc12
bc12_44,bc12
bc12_45,bc12
bc12_46,bc12
bc12_47,bc12
bc12_48,bc12
bc12_49,bc12
bc12_50,bc12
bc12_51,bc12
bc12_52,bc12
bc12_53,bc12
bc12_54,bc12
bc12_55,bc12
bc12_56,bc12
bc12_57,bc12
bc12_58,bc12
bc12_59,bc12
bc12_60,bc12
bc12_61,bc12
bc12_62,bc12
bc12_63,bc12
bc12_64,bc12
bc12_65,bc12
bc12_66,bc12
bc12_67,bc12
bc12_68,bc12
bc12_69,bc12
bc12_70,bc12
bc12_71,bc12
bc12_72,bc12
bc12_73,Multiplet
bc12_74,bc12
bc12_75,bc12
bc12_76,bc12
bc12_77,bc12
bc12_78,bc12
bc12_79,bc12
bc12_80,bc12
bc12_81,bc12
bc12_82,bc12
bc12_83,bc12
bc12_84,bc12
bc12_85,bc12
bc12_86,bc12
bc12_87,bc12
bc12_88,bc12
bc12_89,bc12
bc12_90,bc12
bc12_91,bc12
bc12_92,bc12
bc12_93,bc12
bc12_94,bc12
bc12_95,bc12
bc12_96,bc12
bc12_97,bc12
bc12_98,bc12
bc12_99,bc12
bc12_100,bc12
bc12_101,bc12
bc12_102,bc12
bc12_103,bc12
bc12_104,bc12
bc12_105,bc12
bc12_106,bc12
bc12_107,bc12
bc12_108,bc12
bc12_109,bc12
bc12_110,bc12
bc12_111,bc12
bc12_112,bc12
bc12_113,bc12
bc12_114,bc12
bc12_115,bc12
bc12_116,bc12
bc12_117,bc12
bc12_118,bc12
bc12_119,bc12
bc12_120,bc12
bc12_121,bc12
bc12_122,bc12
bc12_123,bc12
bc12_124,bc12
bc12_125,bc12
bc12_126,bc12
bc12_127,bc12
bc12_128,bc12
bc12_129,bc12
bc12_130,bc12
bc12_131,bc12
bc12_132,bc12
bc12_133,bc12
bc12_134,bc12
bc12_135,bc12
bc12_136,bc12
bc12_137,bc12
bc12_138,bc12
bc12_139,bc12
bc12_140,bc12
bc12_141,bc12
bc12_142,bc12
bc12_143,bc12
bc12_144,bc12
bc12_145,bc12
bc12_146,bc12
bc12_147,bc12
bc12_148,bc12
bc12_149,bc12
bc12_150,bc12
bc12_151,bc12
bc12_152,bc12
bc12_153,bc12
bc12_154,bc12
bc12_155,bc12
bc12_156,bc12
bc12_157,bc12
bc12_158,bc12
bc12_159,bc12
bc12_160,bc12
bc12_161,bc12
bc12_162,bc12
bc12_163,bc12
bc12_164,bc12
bc12_165,bc12
bc12_166,bc12
bc12_167,bc12
bc12_168,bc12
bc12_169,bc12
bc12_170,bc12
bc12_171,bc12
bc12_172,bc12
bc12_173,bc12
bc12_174,bc12
bc12_175,bc12
bc12_176,bc12
bc12_177,bc12
bc12_178,bc12
bc12_179,bc12
bc12_180,bc12
bc12_181,bc12
bc12_182,bc12
bc12_183,bc12
bc12_184,bc12
bc12_185,bc12
bc12_186,Negative
bc12_187,bc12
bc12_188,bc12
bc12_189,bc12
bc12_190,bc12
bc12_191,bc12
bc12_192,bc12
bc12_193,bc12
bc12_194,bc12
bc12_195,bc12
bc12_196,bc12
bc12_197,bc12
bc12_198,bc12
bc12_199,bc12
bc12_200,bc12
bc12_201,bc12
bc12_202,bc12
bc12_203,bc12
bc12_204,bc12
bc12_205,bc12
bc12_206,bc12
bc12_207,bc12
bc12_208,bc12
bc12_209,bc12
bc12_210,bc12
bc12_211,bc12
bc12_212,bc12
bc12_213,bc12
bc12_214,bc12
bc12_215,bc12
bc12_216,bc12
bc12_217,bc12
bc12_218,bc12
bc12_219,bc12
bc12_220,bc12
bc12_221,bc12
bc12_222,bc12
bc12_223,bc12
bc12_224,bc12
bc12_225,bc12
bc12_226,bc12
bc12_227,bc12
bc12_228,bc12
bc12_229,bc12
bc12_230,bc12
bc12_231,bc12
bc12_232,bc12
bc12_233,bc12
bc12_234,bc12
bc12_235,bc12
bc12_236,bc12
bc12_237,bc12
bc12_238,bc12
bc12_239,bc12
bc12_240,bc12
bc12_241,bc12
bc12_242,bc12
bc12_243,bc12
bc12_244,bc12
bc12_245,bc12
bc12_246,bc12
bc12_247,bc12
bc12_248,bc12
bc12_249,bc12
bc12_250,bc12
bc12_251,bc12
bc12_252,bc12
bc12_253,bc12
bc12_254,bc12
bc12_255,bc12
bc12_256,bc12
bc12_257,bc12
bc12_258,bc12
bc12_259,bc12
bc12_260,bc12
bc12_261,bc12
bc12_262,bc12
bc12_263,bc12
bc12_264,bc12
bc12_265,bc12
bc12_266,bc12
bc12_267,bc12
bc12_268,bc12
bc12_269,bc12
bc12_270,bc12
bc12_271,bc12
bc12_272,bc12
bc12_273,bc12
bc12_274,bc12
bc12_275,bc12
bc12_276,bc12
bc12_277,bc12
bc12_278,bc12
bc12_279,bc12
bc12_280,bc12
bc12_281,bc12
bc12_282,bc12
bc12_283,bc12
bc12_284,bc12
bc12_285,bc12
bc12_286,bc12
bc12_287,bc12
bc12_288,bc12
bc12_289,bc12
bc12_290,bc12
bc12_291,bc12
bc12_292,bc12
bc12_293,bc12
bc12_294,bc12
bc12_295,bc12
bc12_296,bc12
bc12_297,bc12
bc12_298,bc12
bc12_299,bc12
bc12_300,bc12
bc12_301,bc12
bc12_302,bc12
bc12_303,bc12
bc12_304,bc12
bc12_305,bc12
bc12_306,bc12
bc12_307,bc12
bc12_308,bc12
bc12_309,bc12
bc12_310,bc12
bc12_311,bc12
bc12_312,bc12
bc12_313,bc12
bc12_314,bc12
bc12_315,bc12
bc12_316,bc12
bc12_317,bc12
bc12_318,bc12
bc12_319,bc12
bc12_320,bc12
bc12_321,bc12
bc12_322,bc12
bc12_323,bc12
bc12_324,bc12
bc12_325,bc12
bc12_326,bc12
bc12_327,bc12
bc12_328,bc12
bc12_329,bc12
bc12_330,bc12
bc12_331,bc12
bc12_332,bc12
bc12_333,bc12
bc12_334,bc12
bc12_335,bc12
bc12_336,bc12
bc12_337,bc12
bc12_338,bc12
bc12_339,bc12
bc12_340,bc12
bc12_341,bc12
bc12_342,bc12
bc12_343,bc12
bc12_344,bc12
bc12_345,bc12
bc12_346,bc12
bc12_347,bc12
bc12_348,bc12
bc12_349,bc12
bc12_350,bc12
bc12_351,bc12
bc12_352,bc12
bc12_353,bc12
bc12_354,bc12
bc12_355,bc12
bc12_356,bc12
bc12_357,bc12
bc12_358,bc12
bc12_359,bc12
bc12_360,bc12
bc12_361,bc12
bc12_362,bc12
bc12_363,bc12
bc12_364,bc12
bc12_365,bc12
bc12_366,bc12
bc12_367,bc12
bc12_368,bc12
bc12_369,bc12
bc12_370,bc12
bc12_371,bc12
bc12_372,bc12
bc12_373,bc12
bc12_374,bc12
bc12_375,bc12
bc12_376,bc12
bc12_377,bc12
bc12_378,bc12
bc12_379,bc12
bc12_380,bc12
bc12_381,bc12
bc12_382,bc12
bc12_383,bc12
bc12_384,bc12
bc12_385,bc12
bc12_386,bc12
bc12_387,bc12
bc12_388,bc12
bc12_389,bc12
bc12_390,bc12
bc12_391,bc12
bc12_392,bc12
bc12_393,bc12
bc12_394,bc12
bc12_395,bc12
bc12_396,bc12
bc12_397,bc12
bc12_398,bc12
bc12_399,bc12
bc12_400,bc12
bc12_401,bc12
bc12_402,bc12
bc12_403,bc12
bc12_404,bc12
bc12_405,bc12
bc12_406,bc12
bc12_407,bc12
bc12_408,bc12
bc12_409,bc12
bc12_410,bc12
bc12_411,bc12
bc12_412,bc12
bc12_413,bc12
bc12_414,bc12
bc12_415,bc12
bc12_416,bc12
bc12_417,bc12
bc12_418,bc12
bc12_419,bc12
bc12_420,bc12
bc12_421,bc12
bc12_422,bc12
bc12_423,bc12
bc12_424,bc12
bc12_425,bc12
bc12_426,bc12
bc12_427,bc12
bc12_428,bc12
bc12_429,bc12
bc12_430,bc12
bc12_431,bc12
bc12_432,bc12
bc12_433,bc12
bc12_434,bc12
bc12_435,bc12
bc12_436,bc12
bc12_437,bc12
bc12_438,bc12
bc12_439,bc12
bc12_440,bc12
bc12_441,bc12
bc12_442,bc12
bc12_443,bc12
bc12_444,bc12
bc12_445,bc12
bc12_446,bc12
bc12_447,bc12
bc12_448,bc12
bc12_449,bc12
bc12_450,bc12
bc12_451,bc12
bc12_452,bc12
bc12_453,bc12
bc12_454,bc12
bc12_455,bc12
bc12_456,bc12
bc12_457,bc12
bc12_458,bc12
bc12_459,bc12
bc12_460,bc12
bc12_461,bc12
bc12_462,bc12
bc12_463,bc12
bc12_464,bc12
bc12_465,bc12
bc12_466,bc12
bc12_467,bc12
bc12_468,bc12
bc12_469,bc12
bc12_470,bc12
bc12_471,bc12
bc12_472,bc12
bc12_473,bc12
bc12_474,bc12
bc12_475,bc12
bc12_476,bc12
bc12_477,bc12
bc12_478,bc12
bc12_479,bc12
bc12_480,bc12
bc12_481,bc12
bc12_482,bc12
bc12_483,bc12
bc12_484,bc12
bc12_485,bc12
bc12_486,bc12
bc12_487,bc12
bc12_488,bc12
bc12_489,bc12
bc12_490,bc12
bc12_491,bc12
bc12_492,bc12
bc12_493,bc12
bc12_494,bc12
bc12_495,bc12
bc12_496,bc12
bc12_497,bc12
bc12_498,bc12
bc12_499,bc12
bc12_500,bc12
bc12_501,bc12
bc12_502,bc12
bc12_503,bc12
bc12_504,bc12
bc12_505,bc12
bc12_506,bc12
bc12_507,bc12
bc12_508,bc12
bc12_509,bc12
bc12_510,bc12
bc12_511,bc12
bc12_512,bc12
bc12_513,bc12
bc12_514,bc12
bc12_515,bc12
bc12_516,bc12
bc12_517,bc12
bc12_518,bc12
bc12_519,bc12
bc12_520,bc12
bc12_521,bc12
bc12_522,bc12
bc12_523,bc12
bc12_524,bc12
bc12_525,bc12
bc12_526,bc12
bc12_527,bc12
bc12_528,bc12
bc12_529,bc12
bc12_530,bc12
bc12_531,bc12
bc12_532,bc12
bc12_533,bc12
bc12_534,bc12
bc12_535,bc12
bc12_536,bc12
bc12_537,bc12
bc12_538,bc12
bc12_539,bc12
bc12_540,bc12
bc12_541,bc12
bc12_542,bc12
bc12_543,bc12
bc12_544,bc12
bc12_545,bc12
bc12_546,bc12
bc12_547,bc12
bc12_548,bc12
bc12_549,bc12
bc12_550,bc12
bc12_551,bc12
bc12_552,bc12
bc12_553,bc12
bc12_554,bc12
bc12_555,bc12
bc12_556,bc12
bc12_557,bc12
bc12_558,bc12
bc12_559,bc12
bc12_560,bc12
bc12_561,bc12
bc12_562,bc12
bc12_563,bc12
bc12_564,bc12
bc12_565,bc12
bc12_566,bc12
bc12_567,bc12
bc12_568,bc12
bc12_569,bc12
bc12_570,bc12
bc12_571,bc12
bc12_572,bc12
bc12_573,bc12
bc12_574,bc12
bc12_575,bc12
bc12_576,bc12
bc12_577,bc12
bc12_578,bc12
bc12_579,bc12
bc12_580,bc12
bc12_581,bc12
bc12_582,bc12
bc12_583,bc12
bc12_584,bc12
bc12_585,bc12
bc12_586,bc12
bc12_587,bc12
bc12_588,bc12
bc12_589,bc12
bc12_590,bc12
bc12_591,bc12
bc12_592,bc12
bc12_593,bc12
bc12_594,bc12
bc12_595,bc12
bc12_596,bc12
bc12_597,bc12
bc12_598,bc12
bc12_599,bc12
bc12_600,bc12
bc12_601,bc12
bc12_602,bc12
bc12_603,bc12
bc12_604,bc12
bc12_605,bc12
bc12_606,bc12
bc12_607,bc12
bc12_608,bc12
bc12_609,bc12
bc12_610,bc12
bc12_611,bc12
bc12_612,bc12
bc12_613,bc12
bc12_614,bc12
bc12_615,bc12
bc12_616,bc12
bc12_617,bc12
bc12_618,bc12
bc12_619,bc12
bc12_620,bc12
bc12_621,bc12
bc12_622,bc12
bc12_623,bc12
bc12_624,bc12
bc12_625,bc12
bc12_626,bc12
bc12_627,bc12
bc12_628,bc12
bc12_629,bc12
bc12_630,bc12
bc12_631,bc12
bc12_632,bc12
bc12_633,bc12
bc12_634,bc12
bc12_635,bc12
bc12_636,bc12
bc12_637,bc12
bc12_638,bc12
bc12_639,bc12
bc12_640,bc12
bc12_641,bc12
bc12_642,bc12
bc12_643,bc12
bc12_644,bc12
bc12_645,bc12
bc12_646,bc12
bc12_647,bc12
bc12_648,bc12
bc12_649,bc12
bc12_650,bc12
bc12_651,bc12
bc12_652,bc12
bc12_653,bc12
bc12_654,bc12
bc12_655,bc12
bc12_656,bc12
bc12_657,bc12
bc12_658,bc12
bc12_659,bc12
bc12_660,bc12
bc12_661,bc12
bc12_662,bc12
bc12_663,bc12
bc12_664,bc12
bc12_665,bc12
bc12_666,bc12
bc12_667,bc12
bc12_668,bc12
bc12_669,bc12
bc12_670,bc12
bc12_671,bc12
bc12_672,bc12
bc12_673,bc12
bc12_674,bc12
bc12_675,bc12
bc12_676,bc12
bc12_677,bc12
bc12_678,bc12
bc12_679,bc12
bc12_680,bc12
bc12_681,bc12
bc12_682,bc12
bc12_683,bc12
bc12_684,bc12
bc12_685,bc12
bc12_686,bc12
bc12_687,bc12
bc12_688,bc12
bc12_689,bc12
bc12_690,bc12
bc12_691,bc12
bc12_692,bc12
bc12_693,bc12
bc12_694,bc12
bc12_695,bc12
bc12_696,bc12
bc12_697,bc12
bc12_698,bc12
bc12_699,bc12
bc12_700,bc12
bc12_701,bc12
bc12_702,bc12
bc12_703,bc12
bc12_704,bc12
bc12_705,bc12
bc12_706,bc12
bc12_707,bc12
bc12_708,bc12
bc12_709,bc12
bc12_710,bc12
bc12_711,bc12
bc12_712,bc12
bc12_713,bc12
bc12_714,bc12
bc12_715,bc12
bc12_716,bc12
bc12_717,bc12
bc12_718,bc12
bc12_719,bc12
bc12_720,bc12
bc12_721,bc12
bc12_722,bc12
bc12_723,bc12
bc12_724,bc12
bc12_725,bc12
bc12_726,bc12
bc12_727,bc12
bc12_728,bc12
bc12_729,bc12
bc12_730,bc12
bc12_731,bc12
bc12_732,bc12
bc12_733,bc12
bc12_734,bc12
bc12_735,bc12
bc12_736,bc12
bc12_737,bc12
bc12_738,bc12
bc12_739,bc12
bc12_740,bc12
bc12_741,bc12
bc12_742,bc12
bc12_743,bc12
bc12_744,bc12
bc12_745,bc12
bc12_746,bc12
bc12_747,bc12
bc12_748,bc12
bc12_749,bc12
bc12_750,bc12
bc12_751,bc12
bc12_752,bc12
bc12_753,bc12
bc12_754,Multiplet
bc12_755,bc12
bc12_756,bc12
bc12_757,bc12
bc12_758,bc12
bc12_759,bc12
bc12_760,bc12
bc12_761,bc12
bc12_762,bc12
bc12_763,bc12
bc12_764,bc12
bc12_765,bc12
bc12_766,bc12
bc12_767,bc12
bc12_768,bc12
bc12_769,bc12
bc12_770,bc12
bc12_771,bc12
bc12_772,bc12
bc12_773,bc12
bc12_774,bc12
bc12_775,bc12
bc12_776,bc12
bc12_777,bc12
bc12_778,bc12
bc12_779,bc12
bc12_780,bc12
bc12_781,bc12
bc12_782,bc12
bc12_783,bc12
bc12_784,bc12
bc12_785,bc12
bc12_786,bc12
bc12_787,bc12
bc12_788,bc12
bc12_789,bc12
bc12_790,bc12
bc12_791,bc12
bc12_792,bc12
bc12_793,bc12
bc12_794,bc12
bc12_795,bc12
bc12_796,bc12
bc12_797,bc12
bc12_798,bc12
bc12_799,bc12
bc12_800,bc12
bc12_801,bc12
bc12_802,bc12
bc12_803,bc12
bc12_804,bc12
bc12_805,bc12
bc12_806,bc12
bc12_807,bc12
bc12_808,bc12
bc12_809,bc12
bc12_810,bc12
bc12_811,bc12
bc12_812,bc12
bc12_813,bc12
bc12_814,bc12
bc12_815,Multiplet
bc12_816,bc12
bc12_817,bc12
bc12_818,bc12
bc12_819,bc12
bc12_820,bc12
bc12_821,bc12
bc12_822,Multiplet
bc12_823,bc12
bc12_824,bc12
bc12_825,bc12
bc12_826,bc12
bc12_827,bc12
bc12_828,bc12
bc12_829,bc12
bc12_830,bc12
bc12_831,bc12
bc12_832,bc12
bc12_833,bc12
bc12_834,bc12
bc12_835,bc12
bc12_836,bc12
bc12_837,bc12
bc12_838,bc12
bc12_839,bc12
bc12_840,bc12
bc12_841,bc12
bc12_842,bc12
bc12_843,bc12
bc12_844,bc12
bc12_845,bc12
bc12_846,bc12
bc12_847,bc12
bc12_848,bc12
bc12_849,bc12
bc12_850,bc12
bc12_851,bc12
bc12_852,bc12
bc12_853,bc12
bc12_854,bc12
bc12_855,bc12
bc12_856,bc12
bc12_857,bc12
bc12_858,bc12
bc12_859,bc12
bc12_860,bc12
bc12_861,bc12
bc12_862,bc12
bc12_863,bc12
bc12_864,bc12
bc12_865,bc12
bc12_866,bc12
bc12_867,bc12
bc12_868,bc12
bc12_869,bc12
bc12_870,bc12
bc12_871,bc12
bc12_872,bc12
bc12_873,bc12
bc12_874,bc12
bc12_875,bc12
bc12_876,bc12
bc12_877,bc12
bc12_878,bc12
bc12_879,bc12
bc12_880,bc12
bc12_881,bc12
bc12_882,bc12
bc12_883,bc12
bc12_884,bc12
bc12_885,bc12
bc12_886,bc12
bc12_887,bc12
bc12_888,bc12
bc12_889,bc12
bc12_890,bc12
bc12_891,bc12
bc12_892,bc12
bc12_893,bc12
bc12_894,bc12
bc12_895,bc12
bc12_896,bc12
bc12_897,Negative
bc12_898,bc12
bc12_899,bc12
bc12_900,bc12
bc12_901,bc12
bc12_902,bc12
bc12_903,bc12
bc12_904,bc12
bc12_905,bc12
bc12_906,bc12
bc12_907,bc12
bc12_908,bc12
bc12_909,bc12
bc12_910,bc12
bc12_911,bc12
bc12_912,bc12
bc12_913,bc12
bc12_914,bc12
bc12_915,bc12
bc12_916,bc12
bc12_917,bc12
bc12_918,bc12
bc12_919,bc12
bc12_920,bc12
bc12_921,bc12
bc12_922,bc12
bc12_923,bc12
bc12_924,bc12
bc12_925,bc12
bc12_926,bc12
bc12_927,bc12
bc12_928,bc12
bc12_929,bc12
bc12_930,bc12
bc12_931,bc12
bc12_932,bc12
bc12_933,bc12
bc12_934,bc12
bc12_935,bc12
bc12_936,bc12
bc12_937,bc12
bc12_938,bc12
bc12_939,bc12
bc12_940,bc12
bc12_941,bc12
bc12_942,bc12
bc12_943,bc12
bc12_944,bc12
bc12_945,bc12
bc12_946,bc12
bc12_947,bc12
bc12_948,bc12
bc12_949,bc12
bc12_950,bc12
bc12_951,bc12
bc12_952,bc12
bc12_953,bc12
bc12_954,bc12
bc12_955,Multiplet
bc12_956,bc12
bc12_957,bc12
bc12_958,bc12
bc12_959,bc12
bc12_960,bc12
bc12_961,bc12
bc12_962,bc12
bc12_963,bc12
bc12_964,bc12
bc12_965,bc12
bc12_966,bc12
bc12_967,bc12
bc12_968,bc12
bc12_969,bc12
bc12_970,bc12
bc12_971,bc12
bc12_972,bc12
bc12_973,bc12
bc12_974,bc12
bc12_975,bc12
bc12_976,bc12
bc12_977,bc12
bc12_978,bc12
bc12_979,bc12
bc12_980,bc12
bc12_981,bc12
bc12_982,bc12
bc12_983,bc12
bc12_984,bc12
bc12_985,bc12
bc12_986,bc12
bc12_987,bc12
bc12_988,bc12
bc12_989,bc12
bc12_990,bc12
bc12_991,bc12
bc12_992,bc12
bc12_993,bc12
bc12_994,bc12
bc12_995,bc12
bc12_996,bc12
bc12_997,bc12
bc12_998,bc12
bc12_999,bc12
bc12_1000,bc12
bc12_1001,bc12
bc12_1002,bc12
bc12_1003,bc12
bc12_1004,bc12
bc12_1005,bc12
bc12_1006,bc12
bc12_1007,bc12
bc12_1008,bc12
bc12_1009,bc12
bc12_1010,bc12
bc12_1011,bc12
bc12_1012,bc12
bc12_1013,bc12
bc12_1014,bc12
bc12_1015,bc12
bc12_1016,bc12
bc12_1017,bc12
bc12_1018,bc12
bc12_1019,bc12
bc12_1020,bc12
bc12_1021,bc12
bc12_1022,bc12
bc12_1023,bc12
bc12_1024,bc12
bc12_1025,bc12
bc12_1026,bc12
bc12_1027,bc12
bc12_1028,bc12
bc12_1029,bc12
bc12_1030,bc12
bc12_1031,bc12
bc12_1032,bc12
bc12_1033,bc12
bc12_1034,bc12
bc12_1035,bc12
bc12_1036,bc12
bc12_1037,bc12
bc12_1038,bc12
bc12_1039,bc12
bc12_1040,bc12
bc12_1041,bc12
bc12_1042,bc12
bc12_1043,bc12
bc12_1044,bc12
bc12_1045,bc12
bc12_1046,bc12
bc12_1047,bc12
bc12_1048,bc12
bc12_1049,bc12
bc12_1050,bc12
bc12_1051,bc12
bc12_1052,bc12
bc12_1053,bc12
bc12_1054,bc12
bc12_1055,bc12
bc12_1056,bc12
bc12_1057,bc12
bc12_1058,bc12
bc12_1059,bc12
bc12_1060,bc12
bc12_1061,bc12
bc12_1062,bc12
bc12_1063,bc12
bc12_1064,bc12
bc12_1065,bc12
bc12_1066,bc12
bc12_1067,bc12
bc12_1068,bc12
bc12_1069,bc12
bc12_1070,bc12
bc12_1071,bc12
bc12_1072,bc12
bc12_1073,bc12
bc12_1074,bc12
bc12_1075,bc12
bc12_1076,bc12
bc12_1077,bc12
bc12_1078,bc12
bc12_1079,bc12
bc12_1080,bc12
bc12_1081,bc12
bc12_1082,bc12
bc12_1083,bc12
bc12_1084,bc12
bc12_1085,bc12
bc12_1086,bc12
bc12_1087,bc12
bc12_1088,bc12
bc12_1089,bc12
bc12_1090,bc12
bc12_1091,bc12
bc12_1092,bc12
bc12_1093,bc12
bc12_1094,bc12
bc12_1095,bc12
bc12_1096,bc12
bc12_1097,bc12
bc12_1098,bc12
bc12_1099,bc12
bc12_1100,bc12
bc12_1101,bc12
bc12_1102,bc12
bc12_1103,bc12
bc12_1104,bc12
bc12_1105,bc12
bc12_1106,bc12
bc12_1107,bc12
bc12_1108,bc12
bc12_1109,bc12
bc12_1110,bc12
bc12_1111,bc12
bc12_1112,bc12
bc12_1113,bc12
bc12_1114,bc12
bc12_1115,bc12
bc12_1116,bc12
bc12_1117,bc12
bc12_1118,bc12
bc12_1119,bc12
bc12_1120,bc12
bc12_1121,bc12
bc12_1122,bc12
bc12_1123,bc12
bc12_1124,bc12
bc12_1125,bc12
bc12_1126,bc12
bc12_1127,bc12
bc12_1128,bc12
bc12_1129,bc12
bc12_1130,bc12
bc12_1131,bc12
bc12_1132,bc12
bc12_1133,bc12
bc12_1134,bc12
bc12_1135,bc12
bc12_1136,bc12
bc12_1137,bc12
bc12_1138,bc12
bc12_1139,bc12
bc12_1140,bc12
bc12_1141,bc12
bc12_1142,bc12
bc12_1143,bc12
bc12_1144,bc12
bc12_1145,bc12
bc12_1146,bc12
bc12_1147,bc12
bc12_1148,bc12
bc12_1149,bc12
bc12_1150,bc12
bc12_1151,bc12
bc12_1152,bc12
bc12_1153,bc12
bc12_1154,bc12
bc12_1155,bc12
bc12_1156,bc12
bc12_1157,bc12
bc12_1158,bc12
bc12_1159,bc12
bc13_1,bc13
bc13_2,bc13
bc13_3,bc13
bc13_4,bc13
bc13_5,bc13
bc13_6,bc13
bc13_7,bc13
bc13_8,bc13
bc13_9,bc13
bc13_10,bc13
bc13_11,bc13
bc13_12,bc13
bc13_13,bc13
bc13_14,bc13
bc13_15,bc13
bc13_16,bc13
bc13_17,bc13
bc13_18,bc13
bc13_19,bc13
bc13_20,bc13
bc13_21,bc13
bc13_22,bc13
bc13_23,bc13
bc13_24,bc13
bc13_25,bc13
bc13_26,bc13
bc13_27,bc13
bc13_28,bc13
bc13_29,bc13
bc13_30,bc13
bc13_31,bc13
bc13_32,bc13
bc13_33,bc13
bc13_34,bc13
bc13_35,bc13
bc13_36,bc13
bc13_37,bc13
bc13_38,bc13
bc13_39,bc13
bc13_40,bc13
bc13_41,bc13
bc13_42,bc13
bc13_43,bc13
bc13_44,bc13
bc13_45,bc13
bc13_46,bc13
bc13_47,bc13
bc13_48,bc13
bc13_49,bc13
bc13_50,bc13
bc13_51,bc13
bc13_52,bc13
bc13_53,bc13
bc13_54,bc13
bc13_55,bc13
bc13_56,bc13
bc13_57,bc13
bc13_58,bc13
bc13_59,bc13
bc13_60,bc13
bc13_61,bc13
bc13_62,bc13
bc13_63,bc13
bc13_64,bc13
bc13_65,bc13
bc13_66,bc13
bc13_67,bc13
bc13_68,bc13
bc13_69,bc13
bc13_70,bc13
bc13_71,bc13
bc13_72,bc13
bc13_73,bc13
bc13_74,bc13
bc13_75,bc13
bc13_76,bc13
bc13_77,bc13
bc13_78,bc13
bc13_79,bc13
bc13_80,bc13
bc13_81,bc13
bc13_82,bc13
bc13_83,bc13
bc13_84,bc13
bc13_85,bc13
bc13_86,bc13
bc13_87,bc13
bc13_88,bc13
bc13_89,bc13
bc13_90,bc13
bc13_91,bc13
bc13_92,bc13
bc13_93,bc13
bc13_94,bc13
bc13_95,bc13
bc13_96,bc13
bc13_97,bc13
bc13_98,bc13
bc13_99,bc13
bc13_100,bc13
bc13_101,bc13
bc13_102,bc13
bc13_103,bc13
bc13_104,bc13
bc13_105,bc13
bc13_106,bc13
bc13_107,bc13
bc13_108,bc13
bc13_109,bc13
bc13_110,bc13
bc13_111,bc13
bc13_112,bc13
bc13_113,bc13
bc13_114,bc13
bc13_115,bc13
bc13_116,bc13
bc13_117,bc13
bc13_118,bc13
bc13_119,bc13
bc13_120,bc13
bc13_121,bc13
bc13_122,bc13
bc13_123,bc13
bc13_124,bc13
bc13_125,bc13
bc13_126,bc13
bc13_127,bc13
bc13_128,bc13
bc13_129,bc13
bc13_130,bc13
bc13_131,bc13
bc13_132,bc13
bc13_133,bc13
bc13_134,bc13
bc13_135,bc13
bc13_136,bc13
bc13_137,bc13
bc13_138,bc13
bc13_139,bc13
bc13_140,bc13
bc13_141,bc13
bc13_142,bc13
bc13_143,bc13
bc13_144,bc13
bc13_145,bc13
bc13_146,bc13
bc13_147,bc13
bc13_148,bc13
bc13_149,bc13
bc13_150,bc13
bc13_151,bc13
bc13_152,bc13
bc13_153,bc13
bc13_154,bc13
bc13_155,bc13
bc13_156,bc13
bc13_157,bc13
bc13_158,bc13
bc13_159,bc13
bc13_160,bc13
bc13_161,bc13
bc13_162,bc13
bc13_163,bc13
bc13_164,bc13
bc13_165,bc13
bc13_166,bc13
bc13_167,bc13
bc13_168,bc13
bc13_169,bc13
bc13_170,bc13
bc13_171,bc13
bc13_172,bc13
bc13_173,bc13
bc13_174,bc13
bc13_175,bc13
bc13_176,bc13
bc13_177,bc13
bc13_178,bc13
bc13_179,bc13
bc13_180,bc13
bc13_181,bc13
bc13_182,bc13
bc13_183,bc13
bc13_184,bc13
bc13_185,bc13
bc13_186,bc13
bc13_187,Multiplet
bc13_188,bc13
bc13_189,bc13
bc13_190,bc13
bc13_191,bc13
bc13_192,bc13
bc13_193,bc13
bc13_194,bc13
bc13_195,bc13
bc13_196,bc13
bc13_197,bc13
bc13_198,bc13
bc13_199,bc13
bc13_200,bc13
bc13_201,bc13
bc13_202,bc13
bc13_203,bc13
bc13_204,bc13
bc13_205,bc13
bc13_206,bc13
bc13_207,bc13
bc13_208,bc13
bc13_209,bc13
bc13_210,bc13
bc13_211,bc13
bc13_212,bc13
bc13_213,bc13
bc13_214,bc13
bc13_215,bc13
bc13_216,bc13
bc13_217,bc13
bc13_218,bc13
bc13_219,bc13
bc13_220,bc13
bc13_221,bc13
bc13_222,bc13
bc13_223,bc13
bc13_224,bc13
bc13_225,bc13
bc13_226,bc13
bc13_227,bc13
bc13_228,bc13
bc13_229,bc13
bc13_230,bc13
bc13_231,bc13
bc13_232,bc13
bc13_233,bc13
bc13_234,bc13
bc13_235,bc13
bc13_236,bc13
bc13_237,bc13
bc13_238,bc13
bc13_239,bc13
bc13_240,bc13
bc13_241,bc13
bc13_242,bc13
bc13_243,bc13
bc13_244,bc13
bc13_245,bc13
bc13_246,bc13
bc13_247,bc13
bc13_248,bc13
bc13_249,bc13
bc13_250,bc13
bc13_251,bc13
bc13_252,bc13
bc13_253,bc13
bc13_254,bc13
bc13_255,bc13
bc13_256,bc13
bc13_257,bc13
bc13_258,bc13
bc13_259,bc13
bc13_260,bc13
bc13_261,bc13
bc13_262,bc13
bc13_263,bc13
bc13_264,bc13
bc13_265,bc13
bc13_266,bc13
bc13_267,bc13
bc13_268,bc13
bc13_269,bc13
bc13_270,bc13
bc13_271,bc13
bc13_272,bc13
bc13_273,bc13
bc13_274,bc13
bc13_275,bc13
bc13_276,bc13
bc13_277,bc13
bc13_278,bc13
bc13_279,bc13
bc13_280,bc13
bc13_281,bc13
bc13_282,bc13
bc13_283,bc13
bc13_284,bc13
bc13_285,bc13
bc13_286,bc13
bc13_287,bc13
bc13_288,bc13
bc13_289,bc13
bc13_290,bc13
bc13_291,bc13
bc13_292,bc13
bc13_293,bc13
bc13_294,bc13
bc13_295,bc13
bc13_296,bc13
bc13_297,bc13
bc13_298,bc13
bc13_299,bc13
bc13_300,bc13
bc13_301,bc13
bc13_302,bc13
bc13_303,bc13
bc13_304,bc13
bc13_305,bc13
bc13_306,bc13
bc13_307,bc13
bc13_308,bc13
bc13_309,bc13
bc13_310,bc13
bc13_311,bc13
bc13_312,bc13
bc13_313,bc13
bc13_314,bc13
bc13_315,bc13
bc13_316,bc13
bc13_317,bc13
bc13_318,bc13
bc13_319,bc13
bc13_320,bc13
bc13_321,bc13
bc13_322,bc13
bc13_323,bc13
bc13_324,bc13
bc13_325,bc13
bc13_326,bc13
bc13_327,bc13
bc13_328,bc13
bc13_329,bc13
bc13_330,bc13
bc13_331,bc13
bc13_332,bc13
bc13_333,bc13
bc13_334,bc13
bc13_335,bc13
bc13_336,bc13
bc13_337,bc13
bc13_338,bc13
bc13_339,bc13
bc13_340,bc13
bc13_341,bc13
bc13_342,bc13
bc13_343,bc13
bc13_344,bc13
bc13_345,bc13
bc13_346,bc13
bc13_347,bc13
bc13_348,bc13
bc13_349,bc13
bc13_350,bc13
bc13_351,bc13
bc13_352,bc13
bc13_353,bc13
bc13_354,bc13
bc13_355,bc13
bc13_356,bc13
bc13_357,bc13
bc13_358,bc13
bc13_359,bc13
bc13_360,bc13
bc13_361,bc13
bc13_362,bc13
bc13_363,bc13
bc13_364,bc13
bc13_365,bc13
bc13_366,bc13
bc13_367,bc13
bc13_368,bc13
bc13_369,bc13
bc13_370,bc13
bc13_371,bc13
bc13_372,bc13
bc13_373,bc13
bc13_374,bc13
bc13_375,bc13
bc13_376,bc13
bc13_377,bc13
bc13_378,bc13
bc13_379,bc13
bc13_380,bc13
bc13_381,bc13
bc13_382,bc13
bc13_383,bc13
bc13_384,bc13
bc13_385,bc13
bc13_386,bc13
bc13_387,bc13
bc13_388,bc13
bc13_389,bc13
bc13_390,bc13
bc13_391,bc13
bc13_392,bc13
bc13_393,bc13
bc13_394,bc13
bc13_395,bc13
bc13_396,bc13
bc13_397,bc13
bc13_398,bc13
bc13_399,bc13
bc13_400,bc13
bc13_401,bc13
bc13_402,bc13
bc13_403,bc13
bc13_404,bc13
bc13_405,bc13
bc13_406,bc13
bc13_407,bc13
bc13_408,bc13
bc13_409,bc13
bc13_410,bc13
bc13_411,bc13
bc13_412,bc13
bc13_413,bc13
bc13_414,bc13
bc13_415,bc13
bc13_416,bc13
bc13_417,bc13
bc13_418,bc13
bc13_419,bc13
bc13_420,bc13
bc13_421,bc13
bc13_422,bc13
bc13_423,Negative
bc13_424,bc13
bc13_425,bc13
bc13_426,bc13
bc13_427,bc13
bc13_428,bc13
bc13_429,bc13
bc13_430,bc13
bc13_431,bc13
bc13_432,bc13
bc13_433,bc13
bc13_434,bc13
bc13_435,bc13
bc13_436,bc13
bc13_437,bc13
bc13_438,bc13
bc13_439,bc13
bc13_440,bc13
bc13_441,bc13
bc13_442,bc13
bc13_443,bc13
bc13_444,bc13
bc13_445,bc13
bc13_446,bc13
bc13_447,bc13
bc13_448,bc13
bc13_449,bc13
bc13_450,bc13
bc13_451,bc13
bc13_452,bc13
bc13_453,bc13
bc13_454,bc13
bc13_455,bc13
bc13_456,bc13
bc13_457,bc13
bc13_458,bc13
bc13_459,bc13
bc13_460,bc13
bc13_461,bc13
bc13_462,bc13
bc13_463,bc13
bc13_464,bc13
bc13_465,bc13
bc13_466,bc13
bc13_467,bc13
bc13_468,bc13
bc13_469,bc13
bc13_470,bc13
bc13_471,bc13
bc13_472,bc13
bc13_473,bc13
bc13_474,bc13
bc13_475,bc13
bc13_476,bc13
bc13_477,bc13
bc13_478,bc13
bc13_479,bc13
bc13_480,bc13
bc13_481,bc13
bc13_482,bc13
bc13_483,bc13
bc13_484,bc13
bc13_485,bc13
bc13_486,bc13
bc13_487,bc13
bc13_488,bc13
bc13_489,bc13
bc13_490,bc13
bc13_491,bc13
bc13_492,bc13
bc13_493,bc13
bc13_494,bc13
bc13_495,bc13
bc13_496,bc13
bc13_497,bc13
bc13_498,bc13
bc13_499,bc13
bc13_500,bc13
bc13_501,bc13
bc13_502,bc13
bc13_503,bc13
bc13_504,bc13
bc13_505,bc13
bc13_506,bc13
bc13_507,bc13
bc13_508,bc13
bc13_509,bc13
bc13_510,bc13
bc13_511,bc13
bc13_512,bc13
bc13_513,bc13
bc13_514,bc13
bc13_515,bc13
bc13_516,bc13
bc13_517,bc13
bc13_518,bc13
bc13_519,bc13
bc13_520,bc13
bc13_521,bc13
bc13_522,bc13
bc13_523,bc13
bc13_524,bc13
bc13_525,bc13
bc13_526,bc13
bc13_527,bc13
bc13_528,bc13
bc13_529,bc13
bc13_530,bc13
bc13_531,bc13
bc13_532,bc13
bc13_533,bc13
bc13_534,bc13
bc13_535,bc13
bc13_536,bc13
bc13_537,bc13
bc13_538,bc13
bc13_539,bc13
bc13_540,bc13
bc13_541,bc13
bc13_542,bc13
bc13_543,bc13
bc13_544,bc13
bc13_545,bc13
bc13_546,bc13
bc13_547,bc13
bc13_548,bc13
bc13_549,bc13
bc13_550,bc13
bc13_551,bc13
bc13_552,bc13
bc13_553,bc13
bc13_554,Multiplet
bc13_555,bc13
bc13_556,bc13
bc13_557,bc13
bc13_558,bc13
bc13_559,bc13
bc13_560,bc13
bc13_561,bc13
bc13_562,bc13
bc13_563,bc13
bc13_564,bc13
bc13_565,bc13
bc13_566,bc13
bc13_567,bc13
bc13_568,bc13
bc13_569,bc13
bc13_570,bc13
bc13_571,bc13
bc13_572,bc13
bc13_573,bc13
bc13_574,bc13
bc13_575,bc13
bc13_576,bc13
bc13_577,bc13
bc13_578,bc13
bc13_579,bc13
bc13_580,bc13
bc13_581,bc13
bc13_582,bc13
bc13_583,bc13
bc13_584,bc13
bc13_585,bc13
bc13_586,bc13
bc13_587,bc13
bc13_588,bc13
bc13_589,bc13
bc13_590,bc13
bc13_591,bc13
bc13_592,bc13
bc13_593,bc13
bc13_594,bc13
bc13_595,bc13
bc13_596,bc13
bc13_597,bc13
bc13_598,bc13
bc13_599,bc13
bc13_600,bc13
bc13_601,bc13
bc13_602,bc13
bc13_603,bc13
bc13_604,bc13
bc13_605,bc13
bc13_606,bc13
bc13_607,bc13
bc13_608,bc13
bc13_609,bc13
bc13_610,bc13
bc13_611,bc13
bc13_612,bc13
bc13_613,bc13
bc13_614,bc13
bc13_615,bc13
bc13_616,bc13
bc13_617,bc13
bc13_618,bc13
bc13_619,bc13
bc13_620,bc13
bc13_621,bc13
bc13_622,bc13
bc13_623,bc13
bc13_624,bc13
bc13_625,bc13
bc13_626,bc13
bc13_627,bc13
bc13_628,bc13
bc13_629,bc13
bc13_630,bc13
bc13_631,bc13
bc13_632,bc13
bc13_633,bc13
bc13_634,bc13
bc13_635,bc13
bc13_636,bc13
bc13_637,bc13
bc13_638,bc13
bc13_639,bc13
bc13_640,bc13
bc13_641,bc13
bc13_642,bc13
bc13_643,bc13
bc13_644,bc13
bc13_645,bc13
bc13_646,bc13
bc13_647,bc13
bc13_648,bc13
bc13_649,bc13
bc13_650,bc13
bc13_651,bc13
bc13_652,bc13
bc13_653,bc13
bc13_654,bc13
bc13_655,bc13
bc13_656,bc13
bc13_657,bc13
bc13_658,bc13
bc13_659,bc13
bc13_660,bc13
bc13_661,bc13
bc13_662,bc13
bc13_663,bc13
bc13_664,bc13
bc13_665,bc13
bc13_666,bc13
bc13_667,bc13
bc13_668,bc13
bc13_669,bc13
bc13_670,bc13
bc13_671,bc13
bc13_672,bc13
bc13_673,bc13
bc13_674,bc13
bc13_675,bc13
bc13_676,bc13
bc13_677,bc13
bc13_678,bc13
bc13_679,bc13
bc13_680,bc13
bc13_681,bc13
bc13_682,bc13
bc13_683,bc13
bc13_684,bc13
bc13_685,bc13
bc13_686,bc13
bc13_687,bc13
bc13_688,bc13
bc13_689,bc13
bc13_690,bc13
bc13_691,bc13
bc13_692,bc13
bc13_693,bc13
bc13_694,bc13
bc13_695,bc13
bc13_696,bc13
bc13_697,bc13
bc13_698,bc13
bc13_699,bc13
bc13_700,bc13
bc13_701,bc13
bc13_702,bc13
bc13_703,bc13
bc13_704,bc13
bc13_705,bc13
bc13_706,bc13
bc13_707,bc13
bc13_708,bc13
bc13_709,bc13
bc13_710,bc13
bc13_711,bc13
bc13_712,bc13
bc13_713,bc13
bc13_714,bc13
bc13_715,bc13
bc13_716,bc13
bc13_717,bc13
bc13_718,bc13
bc13_719,bc13
bc13_720,bc13
bc13_721,bc13
bc13_722,bc13
bc13_723,bc13
bc13_724,bc13
bc13_725,bc13
bc13_726,bc13
bc13_727,bc13
bc13_728,bc13
bc13_729,bc13
bc13_730,bc13
bc13_731,bc13
bc13_732,bc13
bc13_733,Multiplet
bc13_734,bc13
bc13_735,bc13
bc13_736,bc13
bc13_737,bc13
bc13_738,bc13
bc13_739,bc13
bc13_740,bc13
bc13_741,bc13
bc13_742,bc13
bc13_743,bc13
bc13_744,bc13
bc13_745,bc13
bc13_746,bc13
bc13_747,bc13
bc13_748,bc13
bc13_749,bc13
bc13_750,bc13
bc13_751,bc13
bc13_752,bc13
bc13_753,bc13
bc13_754,bc13
bc13_755,bc13
bc13_756,bc13
bc13_757,bc13
bc13_758,bc13
bc13_759,bc13
bc13_760,bc13
bc13_761,bc13
bc13_762,bc13
bc13_763,bc13
bc13_764,bc13
bc13_765,bc13
bc13_766,bc13
bc13_767,bc13
bc13_768,bc13
bc13_769,bc13
bc13_770,bc13
bc13_771,bc13
bc13_772,bc13
bc13_773,bc13
bc13_774,bc13
bc13_775,bc13
bc13_776,bc13
bc13_777,bc13
bc13_778,bc13
bc13_779,bc13
bc13_780,bc13
bc13_781,bc13
bc13_782,bc13
bc13_783,bc13
bc13_784,bc13
bc13_785,bc13
bc13_786,bc13
bc13_787,bc13
bc13_788,bc13
bc13_789,bc13
bc13_790,bc13
bc13_791,bc13
bc13_792,bc13
bc13_793,bc13
bc13_794,bc13
bc13_795,bc13
bc13_796,bc13
bc13_797,bc13
bc13_798,bc13
bc13_799,bc13
bc13_800,bc13
bc13_801,bc13
bc13_802,bc13
bc13_803,bc13
bc13_804,bc13
bc13_805,bc13
bc13_806,bc13
bc13_807,bc13
bc13_808,bc13
bc13_809,bc13
bc13_810,bc13
bc13_811,bc13
bc13_812,bc13
bc13_813,bc13
bc13_814,bc13
bc13_815,bc13
bc13_816,bc13
bc13_817,bc13
bc13_818,bc13
bc13_819,bc13
bc13_820,bc13
bc13_821,bc13
bc13_822,bc13
bc13_823,bc13
bc13_824,bc13
bc13_825,bc13
bc13_826,bc13
bc13_827,bc13
bc13_828,bc13
bc13_829,bc13
bc13_830,bc13
bc13_831,bc13
bc13_832,bc13
bc13_833,bc13
bc13_834,bc13
bc13_835,bc13
bc13_836,bc13
bc13_837,bc13
bc13_838,bc13
bc13_839,bc13
bc13_840,bc13
bc13_841,bc13
bc13_842,bc13
bc13_843,bc13
bc13_844,bc13
bc13_845,bc13
bc13_846,bc13
bc13_847,bc13
bc13_848,bc13
bc13_849,bc13
bc13_850,bc13
bc13_851,bc13
bc13_852,bc13
bc13_853,bc13
bc13_854,bc13
bc13_855,bc13
bc13_856,bc13
bc13_857,bc13
bc13_858,bc13
bc13_859,bc13
bc13_860,bc13
bc13_861,bc13
bc13_862,bc13
bc13_863,bc13
bc13_864,bc13
bc13_865,bc13
bc13_866,bc13
bc13_867,bc13
bc13_868,bc13
bc13_869,bc13
bc13_870,bc13
bc13_871,bc13
bc13_872,bc13
bc13_873,bc13
bc13_874,bc13
bc13_875,bc13
bc13_876,bc13
bc13_877,bc13
bc13_878,bc13
bc13_879,bc13
bc13_880,bc13
bc13_881,bc13
bc13_882,bc13
bc13_883,bc13
bc13_884,bc13
bc13_885,bc13
bc13_886,bc13
bc13_887,bc13
bc13_888,bc13
bc13_889,bc13
bc13_890,bc13
bc13_891,bc13
bc13_892,bc13
bc13_893,bc13
bc13_894,bc13
bc13_895,bc13
bc13_896,bc13
bc13_897,bc13
bc13_898,bc13
bc13_899,bc13
bc13_900,bc13
bc13_901,bc13
bc13_902,bc13
bc13_903,Negative
bc13_904,bc13
bc13_905,bc13
bc13_906,bc13
bc13_907,bc13
bc13_908,bc13
bc13_909,bc13
bc13_910,bc13
bc13_911,bc13
bc13_912,bc13
bc13_913,bc13
bc13_914,bc13
bc13_915,bc13
bc13_916,bc13
bc13_917,bc13
bc13_918,bc13
bc13_919,bc13
bc13_920,bc13
bc13_921,bc13
bc13_922,bc13
bc13_923,bc13
bc13_924,bc13
bc13_925,bc13
bc13_926,bc13
bc13_927,bc13
bc13_928,bc13
bc13_929,bc13
bc13_930,bc13
bc13_931,bc13
bc13_932,bc13
bc13_933,bc13
bc13_934,bc13
bc13_935,bc13
bc13_936,bc13
bc13_937,bc13
bc13_938,bc13
bc13_939,bc13
bc13_940,bc13
bc13_941,bc13
bc13_942,bc13
bc13_943,bc13
bc13_944,bc13
bc13_945,bc13
bc13_946,bc13
bc13_947,bc13
bc13_948,bc13
bc13_949,bc13
bc13_950,bc13
bc13_951,bc13
bc13_952,bc13
bc13_953,bc13
bc13_954,bc13
bc13_955,bc13
bc13_956,bc13
bc13_957,bc13
bc13_958,bc13
bc13_959,bc13
bc13_960,bc13
bc13_961,bc13
bc13_962,bc13
bc13_963,bc13
bc13_964,bc13
bc13_965,bc13
bc13_966,bc13
bc13_967,bc13
bc13_968,bc13
bc13_969,bc13
bc13_970,bc13
bc13_971,bc13
bc13_972,bc13
bc13_973,bc13
bc13_974,bc13
bc13_975,bc13
bc13_976,bc13
bc13_977,bc13
bc13_978,bc13
bc13_979,bc13
bc13_980,bc13
bc13_981,bc13
bc13_982,bc13
bc13_983,bc13
bc13_984,bc13
bc13_985,bc13
bc13_986,bc13
bc13_987,bc13
bc13_988,bc13
bc13_989,bc13
bc13_990,bc13
bc13_991,bc13
bc13_992,bc13
bc13_993,bc13
bc13_994,bc13
bc13_995,bc13
bc13_996,bc13
bc13_997,bc13
bc13_998,bc13
bc13_999,bc13
bc13_1000,bc13
bc13_1001,bc13
bc13_1002,bc13
bc13_1003,bc13
bc13_1004,bc13
bc13_1005,bc13
bc13_1006,bc13
bc13_1007,bc13
bc13_1008,bc13
bc13_1009,bc13
bc13_1010,bc13
bc13_1011,bc13
bc13_1012,bc13
bc13_1013,bc13
bc13_1014,bc13
bc13_1015,bc13
bc13_1016,bc13
bc13_1017,bc13
bc13_1018,bc13
bc13_1019,bc13
bc13_1020,bc13
bc13_1021,bc13
bc13_1022,bc13
bc13_1023,bc13
bc13_1024,bc13
bc13_1025,bc13
bc13_1026,bc13
bc13_1027,bc13
bc13_1028,bc13
bc13_1029,bc13
bc13_1030,bc13
bc13_1031,bc13
bc13_1032,bc13
bc13_1033,bc13
bc13_1034,bc13
bc13_1035,bc13
bc13_1036,bc13
bc13_1037,bc13
bc13_1038,bc13
bc13_1039,bc13
bc13_1040,bc13
bc13_1041,bc13
bc13_1042,bc13
bc13_1043,bc13
bc13_1044,bc13
bc13_1045,bc13
bc13_1046,bc13
bc13_1047,bc13
bc13_1048,bc13
bc13_1049,bc13
bc13_1050,bc13
bc13_1051,bc13
bc13_1052,Negative
bc13_1053,bc13
bc13_1054,bc13
bc13_1055,bc13
bc13_1056,bc13
bc13_1057,bc13
bc13_1058,bc13
bc13_1059,bc13
bc13_1060,bc13
bc13_1061,bc13
bc13_1062,bc13
bc13_1063,bc13
bc13_1064,bc13
bc13_1065,bc13
bc13_1066,bc13
bc13_1067,bc13
bc13_1068,bc13
bc13_1069,bc13
bc13_1070,bc13
bc13_1071,bc13
bc13_1072,bc13
bc13_1073,bc13
bc13_1074,bc13
bc13_1075,bc13
bc13_1076,bc13
bc13_1077,bc13
bc13_1078,bc13
bc13_1079,bc13
bc13_1080,bc13
bc13_1081,bc13
bc13_1082,bc13
bc13_1083,bc13
bc13_1084,bc13
bc13_1085,bc13
bc13_1086,bc13
bc13_1087,bc13
bc13_1088,bc13
bc13_1089,bc13
bc13_1090,bc13
bc13_1091,bc13
bc13_1092,bc13
bc13_1093,bc13
bc13_1094,bc13
bc13_1095,bc13
bc13_1096,bc13
bc13_1097,bc13
bc13_1098,bc13
bc13_1099,bc13
bc13_1100,bc13
bc13_1101,bc13
bc13_1102,bc13
bc13_1103,bc13
bc13_1104,bc13
bc13_1105,bc13
bc13_1106,bc13
bc13_1107,bc13
bc13_1108,bc13
bc13_1109,bc13
bc13_1110,bc13
bc13_1111,bc13
bc13_1112,bc13
bc13_1113,bc13
bc13_1114,bc13
bc13_1115,bc13
bc13_1116,bc13
bc13_1117,bc13
bc13_1118,bc13
bc13_1119,bc13
bc13_1120,bc13
bc13_1121,bc13
bc13_1122,bc13
bc13_1123,bc13
bc13_1124,bc13
bc13_1125,bc13
bc13_1126,bc13
bc13_1127,bc13
bc13_1128,bc13
bc13_1129,bc13
bc13_1130,bc13
bc13_1131,bc13
bc13_1132,bc13
bc13_1133,bc13
bc13_1134,bc13
bc13_1135,bc13
bc13_1136,bc13
bc13_1137,bc13
bc13_1138,bc13
bc13_1139,bc13
bc13_1140,bc13
bc13_1141,bc13
bc13_1142,bc13
bc13_1143,bc13
bc13_1144,bc13
bc13_1145,bc13
bc13_1146,bc13
bc13_1147,bc13
bc13_1148,bc13
bc13_1149,bc13
bc13_1150,bc13
bc13_1151,bc13
bc13_1152,bc13
bc13_1153,bc13
bc13_1154,bc13
bc13_1155,bc13
bc13_1156,bc13
bc13_1157,bc13
bc13_1158,bc13
bc13_1159,bc13
bc13_1160,bc13
bc13_1161,bc13
bc13_1162,bc13
bc13_1163,bc13
bc13_1164,bc13
bc13_1165,bc13
bc13_1166,bc13
bc13_1167,bc13
bc13_1168,bc13
bc13_1169,bc13
bc13_1170,bc13
bc13_1171,bc13
bc13_1172,bc13
bc13_1173,bc13
bc13_1174,bc13
bc13_1175,bc13
bc13_1176,bc13
bc13_1177,bc13
bc13_1178,bc13
bc13_1179,bc13
bc14_1,bc14
bc14_2,bc14
bc14_3,bc14
bc14_4,bc14
bc14_5,bc14
bc14_6,bc14
bc14_7,bc14
bc14_8,bc14
bc14_9,bc14
bc14_10,bc14
bc14_11,bc14
bc14_12,bc14
bc14_13,bc14
bc14_14,bc14
bc14_15,bc14
bc14_16,bc14
bc14_17,bc14
bc14_18,bc14
bc14_19,bc14
bc14_20,bc14
bc14_21,bc14
bc14_22,bc14
bc14_23,bc14
bc14_24,bc14
bc14_25,bc14
bc14_26,bc14
bc14_27,bc14
bc14_28,bc14
bc14_29,bc14
bc14_30,bc14
bc14_31,bc14
bc14_32,bc14
bc14_33,bc14
bc14_34,bc14
bc14_35,bc14
bc14_36,bc14
bc14_37,bc14
bc14_38,bc14
bc14_39,bc14
bc14_40,bc14
bc14_41,bc14
bc14_42,bc14
bc14_43,bc14
bc14_44,bc14
bc14_45,bc14
bc14_46,bc14
bc14_47,bc14
bc14_48,bc14
bc14_49,bc14
bc14_50,bc14
bc14_51,bc14
bc14_52,bc14
bc14_53,bc14
bc14_54,bc14
bc14_55,bc14
bc14_56,bc14
bc14_57,bc14
bc14_58,bc14
bc14_59,bc14
bc14_60,bc14
bc14_61,bc14
bc14_62,bc14
bc14_63,bc14
bc14_64,bc14
bc14_65,bc14
bc14_66,bc14
bc14_67,bc14
bc14_68,bc14
bc14_69,bc14
bc14_70,bc14
bc14_71,bc14
bc14_72,bc14
bc14_73,bc14
bc14_74,bc14
bc14_75,bc14
bc14_76,bc14
bc14_77,bc14
bc14_78,bc14
bc14_79,bc14
bc14_80,bc14
bc14_81,bc14
bc14_82,bc14
bc14_83,bc14
bc14_84,bc14
bc14_85,bc14
bc14_86,bc14
bc14_87,bc14
bc14_88,bc14
bc14_89,bc14
bc14_90,bc14
bc14_91,bc14
bc14_92,bc14
bc14_93,bc14
bc14_94,bc14
bc14_95,bc14
bc14_96,bc14
bc14_97,bc14
bc14_98,bc14
bc14_99,bc14
bc14_100,bc14
bc14_101,bc14
bc14_102,bc14
bc14_103,bc14
bc14_104,bc14
bc14_105,bc14
bc14_106,bc14
bc14_107,bc14
bc14_108,bc14
bc14_109,bc14
bc14_110,bc14
bc14_111,bc14
bc14_112,bc14
bc14_113,bc14
bc14_114,bc14
bc14_115,bc14
bc14_116,bc14
bc14_117,bc14
bc14_118,bc14
bc14_119,bc14
bc14_120,bc14
bc14_121,bc14
bc14_122,bc14
bc14_123,bc14
bc14_124,bc14
bc14_125,bc14
bc14_126,bc14
bc14_127,bc14
bc14_128,bc14
bc14_129,bc14
bc14_130,bc14
bc14_131,bc14
bc14_132,bc14
bc14_133,bc14
bc14_134,bc14
bc14_135,bc14
bc14_136,bc14
bc14_137,bc14
bc14_138,Negative
bc14_139,bc14
bc14_140,bc14
bc14_141,bc14
bc14_142,bc14
bc14_143,bc14
bc14_144,bc14
bc14_145,bc14
bc14_146,bc14
bc14_147,bc14
bc14_148,bc14
bc14_149,bc14
bc14_150,bc14
bc14_151,bc14
bc14_152,bc14
bc14_153,bc14
bc14_154,bc14
bc14_155,bc14
bc14_156,bc14
bc14_157,bc14
bc14_158,bc14
bc14_159,bc14
bc14_160,bc14
bc14_161,bc14
bc14_162,bc14
bc14_163,bc14
bc14_164,bc14
bc14_165,Negative
bc14_166,bc14
bc14_167,bc14
bc14_168,bc14
bc14_169,bc14
bc14_170,bc14
bc14_171,bc14
bc14_172,bc14
bc14_173,bc14
bc14_174,bc14
bc14_175,bc14
bc14_176,bc14
bc14_177,bc14
bc14_178,bc14
bc14_179,bc14
bc14_180,bc14
bc14_181,bc14
bc14_182,bc14
bc14_183,bc14
bc14_184,bc14
bc14_185,bc14
bc14_186,bc14
bc14_187,bc14
bc14_188,bc14
bc14_189,bc14
bc14_190,bc14
bc14_191,bc14
bc14_192,bc14
bc14_193,bc14
bc14_194,bc14
bc14_195,bc14
bc14_196,bc14
bc14_197,bc14
bc14_198,bc14
bc14_199,bc14
bc14_200,bc14
bc14_201,bc14
bc14_202,bc14
bc14_203,bc14
bc14_204,bc14
bc14_205,bc14
bc14_206,bc14
bc14_207,bc14
bc14_208,bc14
bc14_209,bc14
bc14_210,bc14
bc14_211,bc14
bc14_212,bc14
bc14_213,bc14
bc14_214,bc14
bc14_215,bc14
bc14_216,bc14
bc14_217,bc14
bc14_218,bc14
bc14_219,bc14
bc14_220,bc14
bc14_221,bc14
bc14_222,bc14
bc14_223,bc14
bc14_224,bc14
bc14_225,bc14
bc14_226,bc14
bc14_227,bc14
bc14_228,bc14
bc14_229,bc14
bc14_230,bc14
bc14_231,bc14
bc14_232,bc14
bc14_233,bc14
bc14_234,bc14
bc14_235,bc14
bc14_236,bc14
bc14_237,bc14
bc14_238,bc14
bc14_239,bc14
bc14_240,bc14
bc14_241,bc14
bc14_242,bc14
bc14_243,bc14
bc14_244,bc14
bc14_245,bc14
bc14_246,bc14
bc14_247,bc14
bc14_248,bc14
bc14_249,bc14
bc14_250,bc14
bc14_251,bc14
bc14_252,bc14
bc14_253,bc14
bc14_254,bc14
bc14_255,bc14
bc14_256,bc14
bc14_257,bc14
bc14_258,bc14
bc14_259,bc14
bc14_260,bc14
bc14_261,bc14
bc14_262,bc14
bc14_263,bc14
bc14_264,bc14
bc14_265,bc14
bc14_266,bc14
bc14_267,bc14
bc14_268,bc14
bc14_269,bc14
bc14_270,bc14
bc14_271,bc14
bc14_272,bc14
bc14_273,bc14
bc14_274,bc14
bc14_275,bc14
bc14_276,bc14
bc14_277,bc14
bc14_278,bc14
bc14_279,bc14
bc14_280,bc14
bc14_281,bc14
bc14_282,bc14
bc14_283,bc14
bc14_284,bc14
bc14_285,bc14
bc14_286,bc14
bc14_287,bc14
bc14_288,bc14
bc14_289,bc14
bc14_290,bc14
bc14_291,bc14
bc14_292,bc14
bc14_293,bc14
bc14_294,bc14
bc14_295,bc14
bc14_296,bc14
bc14_297,bc14
bc14_298,bc14
bc14_299,bc14
bc14_300,bc14
bc14_301,bc14
bc14_302,bc14
bc14_303,bc14
bc14_304,bc14
bc14_305,bc14
bc14_306,bc14
bc14_307,bc14
bc14_308,bc14
bc14_309,bc14
bc14_310,bc14
bc14_311,bc14
bc14_312,bc14
bc14_313,bc14
bc14_314,bc14
bc14_315,bc14
bc14_316,bc14
bc14_317,bc14
bc14_318,bc14
bc14_319,bc14
bc14_320,bc14
bc14_321,bc14
bc14_322,bc14
bc14_323,bc14
bc14_324,bc14
bc14_325,bc14
bc14_326,bc14
bc14_327,bc14
bc14_328,bc14
bc14_329,bc14
bc14_330,bc14
bc14_331,bc14
bc14_332,bc14
bc14_333,bc14
bc14_334,bc14
bc14_335,bc14
bc14_336,bc14
bc14_337,bc14
bc14_338,bc14
bc14_339,bc14
bc14_340,bc14
bc14_341,bc14
bc14_342,bc14
bc14_343,bc14
bc14_344,bc14
bc14_345,bc14
bc14_346,bc14
bc14_347,bc14
bc14_348,bc14
bc14_349,bc14
bc14_350,bc14
bc14_351,bc14
bc14_352,bc14
bc14_353,bc14
bc14_354,bc14
bc14_355,bc14
bc14_356,bc14
bc14_357,bc14
bc14_358,bc14
bc14_359,bc14
bc14_360,bc14
bc14_361,bc14
bc14_362,bc14
bc14_363,bc14
bc14_364,bc14
bc14_365,bc14
bc14_366,bc14
bc14_367,bc14
bc14_368,bc14
bc14_369,bc14
bc14_370,bc14
bc14_371,bc14
bc14_372,bc14
bc14_373,bc14
bc14_374,bc14
bc14_375,bc14
bc14_376,bc14
bc14_377,bc14
bc14_378,bc14
bc14_379,bc14
bc14_380,bc14
bc14_381,bc14
bc14_382,bc14
bc14_383,bc14
bc14_384,bc14
bc14_385,bc14
bc14_386,bc14
bc14_387,bc14
bc14_388,bc14
bc14_389,bc14
bc14_390,bc14
bc14_391,bc14
bc14_392,bc14
bc14_393,bc14
bc14_394,bc14
bc14_395,bc14
bc14_396,bc14
bc14_397,bc14
bc14_398,bc14
bc14_399,bc14
bc14_400,bc14
bc14_401,bc14
bc14_402,bc14
bc14_403,bc14
bc14_404,bc14
bc14_405,bc14
bc14_406,bc14
bc14_407,bc14
bc14_408,bc14
bc14_409,bc14
bc14_410,bc14
bc14_411,bc14
bc14_412,bc14
bc14_413,bc14
bc14_414,bc14
bc14_415,bc14
bc14_416,bc14
bc14_417,bc14
bc14_418,bc14
bc14_419,bc14
bc14_420,bc14
bc14_421,bc14
bc14_422,bc14
bc14_423,bc14
bc14_424,bc14
bc14_425,bc14
bc14_426,bc14
bc14_427,bc14
bc14_428,Multiplet
bc14_429,bc14
bc14_430,bc14
bc14_431,bc14
bc14_432,bc14
bc14_433,bc14
bc14_434,bc14
bc14_435,bc14
bc14_436,bc14
bc14_437,bc14
bc14_438,bc14
bc14_439,bc14
bc14_440,bc14
bc14_441,bc14
bc14_442,bc14
bc14_443,bc14
bc14_444,bc14
bc14_445,bc14
bc14_446,bc14
bc14_447,bc14
bc14_448,bc14
bc14_449,bc14
bc14_450,bc14
bc14_451,bc14
bc14_452,bc14
bc14_453,bc14
bc14_454,bc14
bc14_455,bc14
bc14_456,bc14
bc14_457,bc14
bc14_458,bc14
bc14_459,bc14
bc14_460,bc14
bc14_461,bc14
bc14_462,bc14
bc14_463,bc14
bc14_464,bc14
bc14_465,bc14
bc14_466,bc14
bc14_467,bc14
bc14_468,bc14
bc14_469,bc14
bc14_470,bc14
bc14_471,bc14
bc14_472,bc14
bc14_473,bc14
bc14_474,bc14
bc14_475,bc14
bc14_476,bc14
bc14_477,bc14
bc14_478,bc14
bc14_479,bc14
bc14_480,bc14
bc14_481,bc14
bc14_482,bc14
bc14_483,bc14
bc14_484,bc14
bc14_485,bc14
bc14_486,bc14
bc14_487,bc14
bc14_488,bc14
bc14_489,bc14
bc14_490,bc14
bc14_491,bc14
bc14_492,bc14
bc14_493,bc14
bc14_494,bc14
bc14_495,bc14
bc14_496,bc14
bc14_497,bc14
bc14_498,bc14
bc14_499,bc14
bc14_500,bc14
bc14_501,bc14
bc14_502,bc14
bc14_503,bc14
bc14_504,bc14
bc14_505,bc14
bc14_506,bc14
bc14_507,bc14
bc14_508,bc14
bc14_509,bc14
bc14_510,bc14
bc14_511,bc14
bc14_512,bc14
bc14_513,bc14
bc14_514,bc14
bc14_515,bc14
bc14_516,bc14
bc14_517,bc14
bc14_518,bc14
bc14_519,bc14
bc14_520,bc14
bc14_521,bc14
bc14_522,bc14
bc14_523,bc14
bc14_524,bc14
bc14_525,bc14
bc14_526,bc14
bc14_527,bc14
bc14_528,bc14
bc14_529,bc14
bc14_530,bc14
bc14_531,bc14
bc14_532,bc14
bc14_533,bc14
bc14_534,bc14
bc14_535,bc14
bc14_536,bc14
bc14_537,bc14
bc14_538,bc14
bc14_539,bc14
bc14_540,bc14
bc14_541,bc14
bc14_542,bc14
bc14_543,bc14
bc14_544,bc14
bc14_545,bc14
bc14_546,bc14
bc14_547,bc14
bc14_548,bc14
bc14_549,bc14
bc14_550,bc14
bc14_551,bc14
bc14_552,bc14
bc14_553,bc14
bc14_554,bc14
bc14_555,bc14
bc14_556,bc14
bc14_557,bc14
bc14_558,bc14
bc14_559,bc14
bc14_560,bc14
bc14_561,bc14
bc14_562,bc14
bc14_563,bc14
bc14_564,bc14
bc14_565,bc14
bc14_566,bc14
bc14_567,bc14
bc14_568,bc14
bc14_569,bc14
bc14_570,Multiplet
bc14_571,bc14
bc14_572,bc14
bc14_573,bc14
bc14_574,bc14
bc14_575,bc14
bc14_576,bc14
bc14_577,bc14
bc14_578,bc14
bc14_579,bc14
bc14_580,bc14
bc14_581,bc14
bc14_582,bc14
bc14_583,bc14
bc14_584,bc14
bc14_585,bc14
bc14_586,bc14
bc14_587,bc14
bc14_588,bc14
bc14_589,bc14
bc14_590,bc14
bc14_591,bc14
bc14_592,bc14
bc14_593,bc14
bc14_594,bc14
bc14_595,bc14
bc14_596,bc14
bc14_597,bc14
bc14_598,bc14
bc14_599,bc14
bc14_600,bc14
bc14_601,bc14
bc14_602,bc14
bc14_603,bc14
bc14_604,bc14
bc14_605,bc14
bc14_606,bc14
bc14_607,bc14
bc14_608,bc14
bc14_609,bc14
bc14_610,bc14
bc14_611,bc14
bc14_612,bc14
bc14_613,bc14
bc14_614,bc14
bc14_615,bc14
bc14_616,bc14
bc14_617,bc14
bc14_618,bc14
bc14_619,bc14
bc14_620,bc14
bc14_621,bc14
bc14_622,bc14
bc15_1,bc15
bc15_2,bc15
bc15_3,bc15
bc15_4,bc15
bc15_5,bc15
bc15_6,bc15
bc15_7,bc15
bc15_8,bc15
bc15_9,bc15
bc15_10,bc15
bc15_11,bc15
bc15_12,bc15
bc15_13,bc15
bc15_14,bc15
bc15_15,bc15
bc15_16,bc15
bc15_17,bc15
bc15_18,bc15
bc15_19,bc15
bc15_20,bc15
bc15_21,bc15
bc15_22,bc15
bc15_23,bc15
bc15_24,bc15
bc15_25,bc15
bc15_26,bc15
bc15_27,bc15
bc15_28,bc15
bc15_29,bc15
bc15_30,bc15
bc15_31,bc15
bc15_32,bc15
bc15_33,bc15
bc15_34,bc15
bc15_35,bc15
bc15_36,bc15
bc15_37,bc15
bc15_38,bc15
bc15_39,bc15
bc15_40,bc15
bc15_41,bc15
bc15_42,bc15
bc15_43,bc15
bc15_44,bc15
bc15_45,bc15
bc15_46,bc15
bc15_47,bc15
bc15_48,bc15
bc15_49,bc15
bc15_50,bc15
bc15_51,bc15
bc15_52,bc15
bc15_53,bc15
bc15_54,bc15
bc15_55,bc15
bc15_56,bc15
bc15_57,bc15
bc15_58,bc15
bc15_59,bc15
bc15_60,bc15
bc15_61,bc15
bc15_62,bc15
bc15_63,bc15
bc15_64,bc15
bc15_65,bc15
bc15_66,bc15
bc15_67,bc15
bc15_68,bc15
bc15_69,bc15
bc15_70,bc15
bc15_71,bc15
bc15_72,bc15
bc15_73,bc15
bc15_74,bc15
bc15_75,bc15
bc15_76,bc15
bc15_77,bc15
bc15_78,bc15
bc15_79,bc15
bc15_80,bc15
bc15_81,bc15
bc15_82,bc15
bc15_83,bc15
bc15_84,bc15
bc15_85,bc15
bc15_86,bc15
bc15_87,bc15
bc15_88,bc15
bc15_89,bc15
bc15_90,bc15
bc15_91,bc15
bc15_92,bc15
bc15_93,bc15
bc15_94,bc15
bc15_95,bc15
bc15_96,bc15
bc15_97,bc15
bc15_98,bc15
bc15_99,bc15
bc15_100,bc15
bc15_101,bc15
bc15_102,bc15
bc15_103,bc15
bc15_104,bc15
bc15_105,bc15
bc15_106,bc15
bc15_107,bc15
bc15_108,bc15
bc15_109,bc15
bc15_110,bc15
bc15_111,bc15
bc15_112,bc15
bc15_113,bc15
bc15_114,bc15
bc15_115,bc15
bc15_116,bc15
bc15_117,bc15
bc15_118,bc15
bc15_119,bc15
bc15_120,bc15
bc15_121,bc15
bc15_122,bc15
bc15_123,bc15
bc15_124,bc15
bc15_125,bc15
bc15_126,bc15
bc15_127,bc15
bc15_128,bc15
bc15_129,bc15
bc15_130,bc15
bc15_131,bc15
bc15_132,bc15
bc15_133,bc15
bc15_134,bc15
bc15_135,bc15
bc15_136,bc15
bc15_137,bc15
bc15_138,Multiplet
bc15_139,bc15
bc15_140,bc15
bc15_141,bc15
bc15_142,bc15
bc15_143,bc15
bc15_144,bc15
bc15_145,bc15
bc15_146,bc15
bc15_147,bc15
bc15_148,bc15
bc15_149,bc15
bc15_150,bc15
bc15_151,bc15
bc15_152,bc15
bc15_153,bc15
bc15_154,bc15
bc15_155,bc15
bc15_156,bc15
bc15_157,bc15
bc15_158,bc15
bc15_159,bc15
bc15_160,bc15
bc15_161,bc15
bc15_162,bc15
bc15_163,bc15
bc15_164,bc15
bc15_165,bc15
bc15_166,bc15
bc15_167,bc15
bc15_168,bc15
bc15_169,bc15
bc15_170,bc15
bc15_171,bc15
bc15_172,bc15
bc15_173,bc15
bc15_174,bc15
bc15_175,bc15
bc15_176,bc15
bc15_177,bc15
bc15_178,bc15
bc15_179,bc15
bc15_180,bc15
bc15_181,bc15
bc15_182,bc15
bc15_183,bc15
bc15_184,bc15
bc15_185,bc15
bc15_186,bc15
bc15_187,bc15
bc15_188,bc15
bc15_189,bc15
bc15_190,bc15
bc15_191,bc15
bc15_192,bc15
bc15_193,bc15
bc15_194,bc15
bc15_195,bc15
bc15_196,bc15
bc15_197,bc15
bc15_198,bc15
bc15_199,bc15
bc15_200,bc15
bc15_201,bc15
bc15_202,bc15
bc15_203,bc15
bc15_204,bc15
bc15_205,bc15
bc15_206,bc15
bc15_207,bc15
bc15_208,bc15
bc15_209,bc15
bc15_210,bc15
bc15_211,bc15
bc15_212,bc15
bc15_213,bc15
bc15_214,bc15
bc15_215,bc15
bc15_216,bc15
bc15_217,bc15
bc15_218,bc15
bc15_219,bc15
bc15_220,bc15
bc15_221,bc15
bc15_222,bc15
bc15_223,bc15
bc15_224,bc15
bc15_225,bc15
bc15_226,bc15
bc15_227,bc15
bc15_228,bc15
bc15_229,bc15
bc15_230,bc15
bc15_231,bc15
bc15_232,bc15
bc15_233,bc15
bc15_234,bc15
bc15_235,bc15
bc15_236,bc15
bc15_237,bc15
bc15_238,bc15
bc15_239,bc15
bc15_240,bc15
bc15_241,bc15
bc15_242,bc15
bc15_243,bc15
bc15_244,bc15
bc15_245,bc15
bc15_246,bc15
bc15_247,bc15
bc15_248,bc15
bc15_249,bc15
bc15_250,bc15
bc15_251,bc15
bc15_252,bc15
bc15_253,bc15
bc15_254,bc15
bc15_255,bc15
bc15_256,bc15
bc15_257,bc15
bc15_258,bc15
bc15_259,bc15
bc15_260,bc15
bc15_261,bc15
bc15_262,bc15
bc15_263,bc15
bc15_264,bc15
bc15_265,bc15
bc15_266,bc15
bc15_267,bc15
bc15_268,bc15
bc15_269,bc15
bc15_270,bc15
bc15_271,bc15
bc15_272,bc15
bc15_273,bc15
bc15_274,bc15
bc15_275,bc15
bc15_276,bc15
bc15_277,bc15
bc15_278,bc15
bc15_279,bc15
bc15_280,bc15
bc15_281,bc15
bc15_282,bc15
bc15_283,bc15
bc15_284,bc15
bc15_285,bc15
bc15_286,bc15
bc15_287,bc15
bc15_288,bc15
bc15_289,bc15
bc15_290,bc15
bc15_291,bc15
bc15_292,bc15
bc15_293,bc15
bc15_294,bc15
bc15_295,bc15
bc15_296,bc15
bc15_297,bc15
bc15_298,bc15
bc15_299,bc15
bc15_300,bc15
bc15_301,bc15
bc15_302,bc15
bc15_303,bc15
bc15_304,bc15
bc15_305,bc15
bc15_306,bc15
bc15_307,bc15
bc15_308,bc15
bc15_309,bc15
bc15_310,bc15
bc15_311,bc15
bc15_312,bc15
bc15_313,bc15
bc15_314,bc15
bc15_315,bc15
bc15_316,bc15
bc15_317,bc15
bc15_318,bc15
bc15_319,bc15
bc15_320,bc15
bc15_321,bc15
bc15_322,bc15
bc15_323,bc15
bc15_324,bc15
bc15_325,bc15
bc15_326,bc15
bc15_327,bc15
bc15_328,bc15
bc15_329,bc15
bc15_330,bc15
bc15_331,bc15
bc15_332,bc15
bc15_333,bc15
bc15_334,bc15
bc15_335,bc15
bc15_336,bc15
bc15_337,bc15
bc15_338,bc15
bc15_339,bc15
bc15_340,bc15
bc15_341,bc15
bc15_342,bc15
bc15_343,bc15
bc15_344,bc15
bc15_345,bc15
bc15_346,bc15
bc15_347,bc15
bc15_348,bc15
bc15_349,bc15
bc15_350,bc15
bc15_351,bc15
bc15_352,bc15
bc15_353,bc15
bc15_354,bc15
bc15_355,bc15
bc15_356,bc15
bc15_357,bc15
bc15_358,bc15
bc15_359,bc15
bc15_360,bc15
bc15_361,bc15
bc15_362,bc15
bc15_363,bc15
bc15_364,bc15
bc15_365,bc15
bc15_366,bc15
bc15_367,bc15
bc15_368,bc15
bc15_369,bc15
bc15_370,bc15
bc15_371,bc15
bc15_372,bc15
bc15_373,bc15
bc15_374,bc15
bc15_375,bc15
bc15_376,bc15
bc15_377,bc15
bc15_378,bc15
bc15_379,bc15
bc15_380,bc15
bc15_381,bc15
bc15_382,bc15
bc15_383,bc15
bc15_384,bc15
bc15_385,bc15
bc15_386,bc15
bc15_387,bc15
bc15_388,bc15
bc15_389,bc15
bc15_390,bc15
bc15_391,bc15
bc15_392,bc15
bc15_393,bc15
bc15_394,bc15
bc15_395,bc15
bc15_396,bc15
bc15_397,bc15
bc15_398,bc15
bc15_399,bc15
bc15_400,bc15
bc15_401,bc15
bc15_402,bc15
bc15_403,bc15
bc15_404,bc15
bc15_405,bc15
bc15_406,bc15
bc15_407,bc15
bc15_408,bc15
bc15_409,bc15
bc15_410,bc15
bc15_411,bc15
bc15_412,bc15
bc15_413,bc15
bc15_414,bc15
bc15_415,bc15
bc15_416,bc15
bc15_417,bc15
bc15_418,bc15
bc15_419,bc15
bc15_420,bc15
bc15_421,bc15
bc15_422,bc15
bc15_423,bc15
bc15_424,bc15
bc15_425,bc15
bc15_426,bc15
bc15_427,bc15
bc15_428,bc15
bc15_429,bc15
bc15_430,bc15
bc15_431,bc15
bc15_432,bc15
bc15_433,bc15
bc15_434,bc15
bc15_435,bc15
bc15_436,bc15
bc15_437,bc15
bc15_438,bc15
bc15_439,bc15
bc15_440,bc15
bc15_441,bc15
bc15_442,bc15
bc15_443,bc15
bc15_444,bc15
bc15_445,bc15
bc15_446,bc15
bc15_447,bc15
bc15_448,bc15
bc15_449,bc15
bc15_450,bc15
bc15_451,bc15
bc15_452,bc15
bc15_453,bc15
bc15_454,bc15
bc15_455,bc15
bc15_456,bc15
bc15_457,Multiplet
bc15_458,bc15
bc15_459,bc15
bc15_460,bc15
bc15_461,bc15
bc15_462,bc15
bc15_463,bc15
bc15_464,bc15
bc15_465,bc15
bc15_466,bc15
bc15_467,bc15
bc15_468,bc15
bc15_469,bc15
bc15_470,bc15
bc15_471,bc15
bc15_472,bc15
bc15_473,bc15
bc15_474,bc15
bc15_475,bc15
bc15_476,bc15
bc15_477,bc15
bc15_478,bc15
bc15_479,bc15
bc15_480,bc15
bc15_481,Negative
bc15_482,bc15
bc15_483,bc15
bc15_484,bc15
bc15_485,bc15
bc15_486,bc15
bc15_487,bc15
bc15_488,bc15
bc15_489,bc15
bc15_490,bc15
bc15_491,bc15
bc15_492,bc15
bc15_493,bc15
bc15_494,bc15
bc15_495,bc15
bc15_496,bc15
bc15_497,bc15
bc15_498,bc15
bc15_499,bc15
bc15_500,bc15
bc15_501,bc15
bc15_502,bc15
bc15_503,bc15
bc15_504,bc15
bc15_505,bc15
bc15_506,bc15
bc15_507,bc15
bc15_508,bc15
bc15_509,bc15
bc15_510,bc15
bc15_511,bc15
bc15_512,bc15
bc15_513,bc15
bc15_514,bc15
bc15_515,bc15
bc15_516,bc15
bc15_517,bc15
bc15_518,bc15
bc15_519,bc15
bc15_520,bc15
bc15_521,bc15
bc15_522,bc15
bc15_523,bc15
bc15_524,bc15
bc15_525,bc15
bc15_526,bc15
bc15_527,bc15
bc15_528,bc15
bc15_529,bc15
bc15_530,bc15
bc15_531,bc15
bc15_532,bc15
bc15_533,bc15
bc15_534,bc15
bc15_535,bc15
bc15_536,bc15
bc15_537,bc15
bc15_538,bc15
bc15_539,bc15
bc15_540,bc15
bc15_541,Negative
bc15_542,bc15
bc15_543,bc15
bc15_544,bc15
bc15_545,bc15
bc15_546,bc15
bc15_547,bc15
bc15_548,bc15
bc15_549,bc15
bc15_550,bc15
bc15_551,bc15
bc15_552,bc15
bc15_553,bc15
bc15_554,bc15
bc15_555,bc15
bc15_556,bc15
bc15_557,bc15
bc15_558,bc15
bc15_559,bc15
bc15_560,bc15
bc15_561,bc15
bc15_562,bc15
bc15_563,bc15
bc15_564,bc15
bc15_565,bc15
bc15_566,bc15
bc15_567,bc15
bc15_568,bc15
bc15_569,bc15
bc15_570,bc15
bc15_571,bc15
bc15_572,bc15
bc15_573,bc15
bc15_574,bc15
bc15_575,bc15
bc15_576,bc15
bc15_577,bc15
bc15_578,bc15
bc15_579,bc15
bc15_580,Multiplet
bc15_581,bc15
bc15_582,bc15
bc15_583,bc15
bc15_584,bc15
bc15_585,bc15
bc15_586,bc15
bc15_587,bc15
bc15_588,bc15
bc15_589,bc15
bc15_590,bc15
bc15_591,bc15
bc15_592,bc15
bc15_593,bc15
bc15_594,bc15
bc15_595,bc15
bc15_596,bc15
bc15_597,bc15
bc15_598,bc15
bc15_599,bc15
bc15_600,bc15
bc15_601,bc15
bc15_602,bc15
bc15_603,bc15
bc15_604,bc15
bc15_605,bc15
bc15_606,bc15
bc15_607,bc15
bc15_608,bc15
bc15_609,bc15
bc15_610,bc15
bc15_611,bc15
bc15_612,bc15
bc15_613,bc15
bc15_614,bc15
bc15_615,bc15
bc15_616,bc15
bc15_617,bc15
bc15_618,bc15
bc15_619,bc15
bc15_620,bc15
bc15_621,bc15
bc15_622,bc15
bc15_623,bc15
bc15_624,bc15
bc15_625,bc15
bc15_626,bc15
bc15_627,bc15
bc15_628,bc15
bc15_629,bc15
bc15_630,bc15
bc15_631,bc15
bc15_632,bc15
bc15_633,bc15
bc15_634,bc15
bc15_635,bc15
bc15_636,bc15
bc15_637,bc15
bc15_638,bc15
bc15_639,bc15
bc15_640,bc15
bc15_641,bc15
bc15_642,bc15
bc15_643,bc15
bc15_644,bc15
bc15_645,bc15
bc15_646,bc15
bc15_647,bc15
bc15_648,bc15
bc15_649,bc15
bc15_650,bc15
bc15_651,bc15
bc15_652,bc15
bc15_653,bc15
bc15_654,bc15
bc15_655,bc15
bc15_656,bc15
bc15_657,bc15
bc15_658,bc15
bc15_659,bc15
bc15_660,bc15
bc15_661,bc15
bc15_662,bc15
bc15_663,bc15
bc15_664,bc15
bc15_665,bc15
bc15_666,bc15
bc15_667,bc15
bc15_668,bc15
bc15_669,bc15
bc15_670,bc15
bc15_671,bc15
bc15_672,bc15
bc15_673,bc15
bc15_674,bc15
bc15_675,bc15
bc15_676,bc15
bc15_677,bc15
bc15_678,bc15
bc15_679,bc15
bc15_680,bc15
bc15_681,bc15
bc15_682,bc15
bc15_683,bc15
bc15_684,bc15
bc15_685,bc15
bc15_686,bc15
bc15_687,bc15
bc15_688,bc15
bc15_689,bc15
bc15_690,bc15
bc15_691,bc15
bc15_692,bc15
bc15_693,bc15
bc15_694,bc15
bc15_695,bc15
bc15_696,bc15
bc15_697,bc15
bc15_698,bc15
bc15_699,bc15
bc15_700,bc15
bc15_701,bc15
bc15_702,bc15
bc15_703,bc15
bc15_704,bc15
bc15_705,bc15
bc15_706,bc15
bc15_707,bc15
bc15_708,bc15
bc15_709,bc15
bc15_710,bc15
bc15_711,bc15
bc15_712,bc15
bc15_713,bc15
bc15_714,bc15
bc15_715,bc15
bc15_716,bc15
bc15_717,bc15
bc15_718,bc15
bc15_719,bc15
bc15_720,bc15
bc15_721,bc15
bc15_722,bc15
bc15_723,bc15
bc15_724,bc15
bc15_725,bc15
bc15_726,bc15
bc15_727,bc15
bc15_728,bc15
bc15_729,bc15
bc15_730,bc15
bc15_731,bc15
bc15_732,bc15
bc15_733,bc15
bc15_734,bc15
bc15_735,bc15
bc15_736,bc15
bc15_737,bc15
bc15_738,bc15
bc15_739,bc15
bc15_740,bc15
bc15_741,bc15
bc15_742,bc15
bc15_743,bc15
bc15_744,bc15
bc15_745,bc15
bc15_746,bc15
bc15_747,bc15
bc15_748,bc15
bc15_749,bc15
bc15_750,bc15
bc15_751,bc15
bc15_752,bc15
bc15_753,bc15
bc15_754,bc15
bc15_755,bc15
bc15_756,bc15
bc15_757,bc15
bc15_758,bc15
bc15_759,bc15
bc15_760,bc15
bc15_761,bc15
bc15_762,bc15
bc15_763,bc15
bc15_764,bc15
bc15_765,bc15
bc15_766,bc15
bc15_767,bc15
bc15_768,bc15
bc15_769,bc15
bc15_770,bc15
bc15_771,bc15
bc15_772,bc15
bc15_773,bc15
bc15_774,bc15
bc15_775,bc15
bc15_776,bc15
bc15_777,bc15
bc15_778,bc15
bc15_779,bc15
bc15_780,bc15
bc15_781,bc15
bc15_782,bc15
bc15_783,bc15
bc15_784,bc15
bc15_785,bc15
bc15_786,bc15
bc15_787,bc15
bc15_788,bc15
bc15_789,bc15
bc15_790,bc15
bc15_791,bc15
bc15_792,bc15
bc15_793,bc15
bc15_794,bc15
bc15_795,bc15
bc15_796,bc15
bc15_797,bc15
bc15_798,bc15
bc15_799,bc15
bc15_800,bc15
bc15_801,bc15
bc15_802,bc15
bc15_803,bc15
bc15_804,bc15
bc15_805,bc15
bc15_806,bc15
bc15_807,bc15
bc15_808,bc15
bc15_809,bc15
bc15_810,bc15
bc15_811,bc15
bc15_812,bc15
bc15_813,bc15
bc15_814,bc15
bc15_815,bc15
bc15_816,bc15
bc15_817,bc15
bc15_818,bc15
bc15_819,bc15
bc15_820,bc15
bc15_821,bc15
bc15_822,bc15
bc15_823,bc15
bc15_824,bc15
bc15_825,bc15
bc15_826,bc15
bc15_827,bc15
bc15_828,bc15
bc15_829,bc15
bc15_830,bc15
bc15_831,bc15
bc15_832,bc15
bc15_833,bc15
bc15_834,bc15
bc15_835,bc15
bc15_836,bc15
bc15_837,bc15
bc15_838,bc15
bc15_839,bc15
bc15_840,bc15
bc15_841,bc15
bc15_842,bc15
bc15_843,bc15
bc15_844,bc15
bc15_845,bc15
bc15_846,bc15
bc15_847,bc15
bc15_848,bc15
bc15_849,bc15
bc15_850,bc15
bc15_851,bc15
bc15_852,bc15
bc15_853,bc15
bc15_854,bc15
bc15_855,bc15
bc15_856,bc15
bc15_857,bc15
bc15_858,bc15
bc15_859,bc15
bc15_860,bc15
bc15_861,bc15
bc15_862,bc15
bc15_863,bc15
bc15_864,bc15
bc15_865,bc15
bc15_866,bc15
bc15_867,bc15
bc15_868,bc15
bc15_869,bc15
bc15_870,bc15
bc15_871,bc15
bc15_872,bc15
bc15_873,bc15
bc15_874,bc15
bc15_875,bc15
bc15_876,bc15
bc15_877,bc15
bc15_878,bc15
bc15_879,bc15
bc15_880,bc15
bc15_881,bc15
bc15_882,bc15
bc15_883,bc15
bc15_884,bc15
bc15_885,bc15
bc15_886,bc15
bc15_887,bc15
bc15_888,bc15
bc15_889,bc15
bc15_890,bc15
bc15_891,bc15
bc15_892,bc15
bc15_893,bc15
bc15_894,bc15
bc15_895,bc15
bc15_896,bc15
bc15_897,bc15
bc15_898,bc15
bc15_899,bc15
bc15_900,bc15
bc15_901,bc15
bc15_902,bc15
bc15_903,bc15
bc15_904,bc15
bc15_905,bc15
bc15_906,bc15
bc15_907,bc15
bc15_908,bc15
bc15_909,bc15
bc15_910,bc15
bc15_911,bc15
bc15_912,bc15
bc15_913,bc15
bc15_914,bc15
bc15_915,bc15
bc15_916,bc15
bc15_917,bc15
bc15_918,bc15
bc15_919,bc15
bc15_920,bc15
bc15_921,bc15
bc15_922,bc15
bc15_923,bc15
bc15_924,bc15
bc15_925,bc15
bc15_926,bc15
bc15_927,bc15
bc15_928,bc15
bc15_929,bc15
bc15_930,bc15
bc15_931,bc15
bc15_932,bc15
bc15_933,bc15
bc15_934,bc15
bc15_935,bc15
bc15_936,bc15
bc15_937,bc15
bc15_938,bc15
bc15_939,bc15
bc15_940,bc15
bc15_941,bc15
bc15_942,bc15
bc15_943,bc15
bc15_944,bc15
bc15_945,bc15
bc15_946,bc15
bc15_947,bc15
bc15_948,bc15
bc15_949,bc15
bc15_950,bc15
bc15_951,bc15
bc15_952,bc15
bc15_953,bc15
bc15_954,bc15
bc15_955,Negative
bc15_956,bc15
bc15_957,bc15
bc15_958,bc15
bc15_959,bc15
bc15_960,bc15
bc15_961,bc15
bc15_962,bc15
bc15_963,bc15
bc15_964,bc15
bc15_965,bc15
bc15_966,bc15
bc15_967,bc15
bc15_968,bc15
bc15_969,bc15
bc15_970,bc15
bc15_971,bc15
bc15_972,bc15
bc15_973,bc15
bc15_974,bc15
bc15_975,bc15
bc15_976,bc15
bc15_977,bc15
bc15_978,bc15
bc15_979,bc15
bc15_980,bc15
bc15_981,bc15
bc15_982,bc15
bc15_983,bc15
bc15_984,bc15
bc15_985,bc15
bc15_986,bc15
bc15_987,bc15
bc15_988,bc15
bc15_989,bc15
bc15_990,bc15
bc15_991,bc15
bc15_992,bc15
bc15_993,bc15
bc15_994,bc15
bc15_995,bc15
bc15_996,bc15
bc15_997,bc15
bc15_998,bc15
bc15_999,bc15
bc15_1000,bc15
bc15_1001,bc15
bc15_1002,bc15
bc15_1003,bc15
bc15_1004,bc15
bc15_1005,bc15
bc15_1006,bc15
bc15_1007,bc15
bc15_1008,bc15
bc15_1009,bc15
bc15_1010,bc15
bc15_1011,bc15
bc15_1012,bc15
bc15_1013,bc15
bc15_1014,bc15
bc15_1015,bc15
bc15_1016,bc15
bc15_1017,bc15
bc15_1018,bc15
bc15_1019,bc15
bc15_1020,bc15
bc15_1021,bc15
bc15_1022,bc15
bc15_1023,bc15
bc15_1024,bc15
bc15_1025,bc15
bc15_1026,bc15
bc15_1027,bc15
bc15_1028,bc15
bc15_1029,bc15
bc15_1030,bc15
bc15_1031,bc15
bc15_1032,bc15
bc16_1,bc16
bc16_2,bc16
bc16_3,bc16
bc16_4,bc16
bc16_5,bc16
bc16_6,bc16
bc16_7,bc16
bc16_8,bc16
bc16_9,bc16
bc16_10,bc16
bc16_11,bc16
bc16_12,bc16
bc16_13,bc16
bc16_14,bc16
bc16_15,bc16
bc16_16,bc16
bc16_17,bc16
bc16_18,bc16
bc16_19,bc16
bc16_20,bc16
bc16_21,bc16
bc16_22,bc16
bc16_23,bc16
bc16_24,bc16
bc16_25,bc16
bc16_26,bc16
bc16_27,bc16
bc16_28,bc16
bc16_29,bc16
bc16_30,bc16
bc16_31,bc16
bc16_32,bc16
bc16_33,bc16
bc16_34,bc16
bc16_35,bc16
bc16_36,bc16
bc16_37,bc16
bc16_38,bc16
bc16_39,bc16
bc16_40,bc16
bc16_41,bc16
bc16_42,bc16
bc16_43,bc16
bc16_44,bc16
bc16_45,bc16
bc16_46,bc16
bc16_47,bc16
bc16_48,bc16
bc16_49,bc16
bc16_50,bc16
bc16_51,bc16
bc16_52,bc16
bc16_53,bc16
bc16_54,bc16
bc16_55,bc16
bc16_56,bc16
bc16_57,bc16
bc16_58,bc16
bc16_59,bc16
bc16_60,bc16
bc16_61,bc16
bc16_62,bc16
bc16_63,bc16
bc16_64,bc16
bc16_65,bc16
bc16_66,bc16
bc16_67,bc16
bc16_68,bc16
bc16_69,bc16
bc16_70,bc16
bc16_71,bc16
bc16_72,bc16
bc16_73,bc16
bc16_74,bc16
bc16_75,bc16
bc16_76,bc16
bc16_77,bc16
bc16_78,bc16
bc16_79,bc16
bc16_80,bc16
bc16_81,bc16
bc16_82,bc16
bc16_83,bc16
bc16_84,bc16
bc16_85,bc16
bc16_86,bc16
bc16_87,bc16
bc16_88,bc16
bc16_89,bc16
bc16_90,bc16
bc16_91,bc16
bc16_92,bc16
bc16_93,bc16
bc16_94,bc16
bc16_95,bc16
bc16_96,bc16
bc16_97,bc16
bc16_98,bc16
bc16_99,bc16
bc16_100,bc16
bc16_101,bc16
bc16_102,bc16
bc16_103,bc16
bc16_104,bc16
bc16_105,bc16
bc16_106,bc16
bc16_107,bc16
bc16_108,bc16
bc16_109,bc16
bc16_110,bc16
bc16_111,bc16
bc16_112,bc16
bc16_113,bc16
bc16_114,bc16
bc16_115,bc16
bc16_116,bc16
bc16_117,bc16
bc16_118,bc16
bc16_119,bc16
bc16_120,bc16
bc16_121,bc16
bc16_122,bc16
bc16_123,bc16
bc16_124,bc16
bc16_125,bc16
bc16_126,bc16
bc16_127,bc16
bc16_128,bc16
bc16_129,bc16
bc16_130,bc16
bc16_131,bc16
bc16_132,bc16
bc16_133,bc16
bc16_134,bc16
bc16_135,bc16
bc16_136,bc16
bc16_137,bc16
bc16_138,bc16
bc16_139,bc16
bc16_140,bc16
bc16_141,bc16
bc16_142,bc16
bc16_143,bc16
bc16_144,bc16
bc16_145,bc16
bc16_146,bc16
bc16_147,bc16
bc16_148,bc16
bc16_149,bc16
bc16_150,bc16
bc16_151,bc16
bc16_152,bc16
bc16_153,bc16
bc16_154,bc16
bc16_155,bc16
bc16_156,bc16
bc16_157,bc16
bc16_158,bc16
bc16_159,bc16
bc16_160,bc16
bc16_161,bc16
bc16_162,bc16
bc16_163,bc16
bc16_164,bc16
bc16_165,bc16
bc16_166,bc16
bc16_167,bc16
bc16_168,bc16
bc16_169,bc16
bc16_170,bc16
bc16_171,bc16
bc16_172,bc16
bc16_173,bc16
bc16_174,bc16
bc16_175,bc16
bc16_176,bc16
bc16_177,bc16
bc16_178,bc16
bc16_179,bc16
bc16_180,bc16
bc16_181,bc16
bc16_182,bc16
bc16_183,bc16
bc16_184,bc16
bc16_185,bc16
bc16_186,bc16
bc16_187,bc16
bc16_188,bc16
bc16_189,bc16
bc16_190,bc16
bc16_191,bc16
bc16_192,bc16
bc16_193,bc16
bc16_194,bc16
bc16_195,bc16
bc16_196,bc16
bc16_197,bc16
bc16_198,bc16
bc16_199,bc16
bc16_200,bc16
bc16_201,bc16
bc16_202,bc16
bc16_203,bc16
bc16_204,bc16
bc16_205,bc16
bc16_206,bc16
bc16_207,bc16
bc16_208,bc16
bc16_209,bc16
bc16_210,bc16
bc16_211,bc16
bc16_212,bc16
bc16_213,bc16
bc16_214,bc16
bc16_215,bc16
bc16_216,bc16
bc16_217,bc16
bc16_218,bc16
bc16_219,bc16
bc16_220,bc16
bc16_221,bc16
bc16_222,bc16
bc16_223,bc16
bc16_224,bc16
bc16_225,bc16
bc16_226,bc16
bc16_227,bc16
bc16_228,bc16
bc16_229,bc16
bc16_230,bc16
bc16_231,bc16
bc16_232,bc16
bc16_233,bc16
bc16_234,bc16
bc16_235,bc16
bc16_236,bc16
bc16_237,bc16
bc16_238,bc16
bc16_239,bc16
bc16_240,bc16
bc16_241,bc16
bc16_242,bc16
bc16_243,bc16
bc16_244,bc16
bc16_245,bc16
bc16_246,bc16
bc16_247,bc16
bc16_248,bc16
bc16_249,bc16
bc16_250,bc16
bc16_251,bc16
bc16_252,bc16
bc16_253,bc16
bc16_254,bc16
bc16_255,bc16
bc16_256,bc16
bc16_257,bc16
bc16_258,bc16
bc16_259,bc16
bc16_260,bc16
bc16_261,bc16
bc16_262,bc16
bc16_263,bc16
bc16_264,bc16
bc16_265,bc16
bc16_266,bc16
bc16_267,bc16
bc16_268,bc16
bc16_269,bc16
bc16_270,bc16
bc16_271,bc16
bc16_272,bc16
bc16_273,bc16
bc16_274,bc16
bc16_275,bc16
bc16_276,bc16
bc16_277,bc16
bc16_278,bc16
bc16_279,bc16
bc16_280,bc16
bc16_281,bc16
bc16_282,bc16
bc16_283,bc16
bc16_284,bc16
bc16_285,bc16
bc16_286,bc16
bc16_287,bc16
bc16_288,bc16
bc16_289,bc16
bc16_290,bc16
bc16_291,bc16
bc16_292,bc16
bc16_293,bc16
bc16_294,bc16
bc16_295,bc16
bc16_296,bc16
bc16_297,bc16
bc16_298,bc16
bc16_299,bc16
bc16_300,bc16
bc16_301,bc16
bc16_302,bc16
bc16_303,bc16
bc16_304,bc16
bc16_305,bc16
bc16_306,bc16
bc16_307,bc16
bc16_308,bc16
bc16_309,bc16
bc16_310,bc16
bc16_311,bc16
bc16_312,bc16
bc16_313,bc16
bc16_314,bc16
bc16_315,bc16
bc16_316,bc16
bc16_317,bc16
bc16_318,bc16
bc16_319,bc16
bc16_320,bc16
bc16_321,bc16
bc16_322,bc16
bc16_323,bc16
bc16_324,bc16
bc16_325,bc16
bc16_326,bc16
bc16_327,bc16
bc16_328,bc16
bc16_329,bc16
bc16_330,bc16
bc16_331,bc16
bc16_332,bc16
bc16_333,bc16
bc16_334,bc16
bc16_335,bc16
bc16_336,bc16
bc16_337,bc16
bc16_338,bc16
bc16_339,bc16
bc16_340,bc16
bc16_341,bc16
bc16_342,bc16
bc16_343,bc16
bc16_344,bc16
bc16_345,bc16
bc16_346,bc16
bc16_347,bc16
bc16_348,bc16
bc16_349,bc16
bc16_350,bc16
bc16_351,bc16
bc16_352,bc16
bc16_353,bc16
bc16_354,bc16
bc16_355,bc16
bc16_356,bc16
bc16_357,bc16
bc16_358,bc16
bc16_359,bc16
bc16_360,bc16
bc16_361,bc16
bc16_362,bc16
bc16_363,bc16
bc16_364,bc16
bc16_365,bc16
bc16_366,bc16
bc16_367,bc16
bc16_368,bc16
bc16_369,bc16
bc16_370,bc16
bc16_371,bc16
bc16_372,bc16
bc16_373,bc16
bc16_374,bc16
bc16_375,bc16
bc16_376,bc16
bc16_377,bc16
bc16_378,bc16
bc16_379,bc16
bc16_380,bc16
bc16_381,bc16
bc16_382,bc16
bc16_383,bc16
bc16_384,bc16
bc16_385,bc16
bc16_386,bc16
bc16_387,bc16
bc16_388,bc16
bc16_389,bc16
bc16_390,bc16
bc16_391,bc16
bc16_392,bc16
bc16_393,bc16
bc16_394,bc16
bc16_395,bc16
bc16_396,bc16
bc16_397,bc16
bc16_398,bc16
bc16_399,bc16
bc16_400,bc16
bc16_401,bc16
bc16_402,bc16
bc16_403,bc16
bc16_404,bc16
bc16_405,bc16
bc16_406,bc16
bc16_407,bc16
bc16_408,bc16
bc16_409,bc16
bc16_410,bc16
bc16_411,bc16
bc16_412,bc16
bc16_413,bc16
bc16_414,bc16
bc16_415,bc16
bc16_416,bc16
bc16_417,bc16
bc16_418,bc16
bc16_419,bc16
bc16_420,bc16
bc16_421,bc16
bc16_422,bc16
bc16_423,bc16
bc16_424,bc16
bc16_425,bc16
bc16_426,bc16
bc16_427,bc16
bc16_428,bc16
bc16_429,bc16
bc16_430,bc16
bc16_431,bc16
bc16_432,bc16
bc16_433,bc16
bc16_434,bc16
bc16_435,bc16
bc16_436,bc16
bc16_437,bc16
bc16_438,bc16
bc16_439,bc16
bc16_440,bc16
bc16_441,bc16
bc16_442,bc16
bc16_443,bc16
bc16_444,bc16
bc16_445,bc16
bc16_446,bc16
bc16_447,bc16
bc16_448,bc16
bc16_449,bc16
bc16_450,bc16
bc16_451,bc16
bc16_452,bc16
bc16_453,bc16
bc16_454,bc16
bc16_455,bc16
bc16_456,bc16
bc16_457,bc16
bc16_458,bc16
bc16_459,bc16
bc16_460,bc16
bc16_461,bc16
bc16_462,bc16
bc16_463,bc16
bc16_464,bc16
bc16_465,bc16
bc16_466,bc16
bc16_467,bc16
bc16_468,bc16
bc16_469,bc16
bc16_470,bc16
bc16_471,bc16
bc16_472,bc16
bc16_473,bc16
bc16_474,bc16
bc16_475,bc16
bc16_476,bc16
bc16_477,bc16
bc16_478,bc16
bc16_479,bc16
bc16_480,bc16
bc16_481,bc16
bc16_482,bc16
bc16_483,bc16
bc16_484,bc16
bc16_485,bc16
bc16_486,bc16
bc16_487,bc16
bc16_488,bc16
bc16_489,bc16
bc16_490,bc16
bc16_491,bc16
bc16_492,bc16
bc16_493,bc16
bc16_494,bc16
bc16_495,bc16
bc16_496,bc16
bc16_497,bc16
bc16_498,bc16
bc16_499,bc16
bc16_500,bc16
bc16_501,bc16
bc16_502,bc16
bc16_503,bc16
bc16_504,bc16
bc16_505,bc16
bc16_506,bc16
bc16_507,bc16
bc16_508,bc16
bc16_509,bc16
bc16_510,bc16
bc16_511,bc16
bc16_512,bc16
bc16_513,bc16
bc16_514,bc16
bc16_515,bc16
bc16_516,bc16
bc16_517,bc16
bc16_518,bc16
bc16_519,bc16
bc16_520,bc16
bc16_521,bc16
bc16_522,bc16
bc16_523,bc16
bc16_524,bc16
bc16_525,bc16
bc16_526,bc16
bc16_527,bc16
bc16_528,bc16
bc16_529,bc16
bc16_530,bc16
bc16_531,bc16
bc16_532,bc16
bc16_533,bc16
bc16_534,bc16
bc16_535,bc16
bc16_536,bc16
bc16_537,bc16
bc16_538,bc16
bc16_539,bc16
bc16_540,Multiplet
bc16_541,bc16
bc16_542,bc16
bc16_543,bc16
bc16_544,bc16
bc16_545,bc16
bc16_546,bc16
bc16_547,bc16
bc16_548,bc16
bc16_549,bc16
bc16_550,bc16
bc16_551,bc16
bc16_552,bc16
bc16_553,bc16
bc16_554,bc16
bc16_555,bc16
bc16_556,bc16
bc16_557,bc16
bc16_558,bc16
bc16_559,bc16
bc16_560,bc16
bc16_561,bc16
bc16_562,bc16
bc16_563,bc16
bc16_564,bc16
bc16_565,bc16
bc16_566,bc16
bc16_567,bc16
bc16_568,bc16
bc16_569,bc16
bc16_570,bc16
bc16_571,bc16
bc16_572,bc16
bc16_573,bc16
bc16_574,bc16
bc16_575,bc16
bc16_576,bc16
bc16_577,bc16
bc16_578,bc16
bc16_579,bc16
bc16_580,bc16
bc16_581,bc16
bc16_582,bc16
bc16_583,bc16
bc16_584,bc16
bc16_585,bc16
bc16_586,bc16
bc16_587,bc16
bc16_588,bc16
bc16_589,bc16
bc16_590,bc16
bc16_591,bc16
bc16_592,bc16
bc16_593,bc16
bc16_594,bc16
bc16_595,bc16
bc16_596,bc16
bc16_597,bc16
bc16_598,bc16
bc16_599,bc16
bc16_600,bc16
bc16_601,bc16
bc16_602,bc16
bc16_603,bc16
bc16_604,bc16
bc16_605,bc16
bc16_606,bc16
bc16_607,bc16
bc16_608,bc16
bc16_609,bc16
bc16_610,bc16
bc16_611,bc16
bc16_612,bc16
bc16_613,bc16
bc16_614,bc16
bc16_615,bc16
bc16_616,bc16
bc16_617,bc16
bc16_618,bc16
bc16_619,bc16
bc16_620,bc16
bc16_621,bc16
bc16_622,bc16
bc16_623,bc16
bc16_624,bc16
bc16_625,bc16
bc16_626,bc16
bc16_627,bc16
bc16_628,bc16
bc16_629,bc16
bc16_630,bc16
bc16_631,bc16
bc16_632,bc16
bc16_633,bc16
bc16_634,bc16
bc16_635,bc16
bc16_636,bc16
bc16_637,bc16
bc16_638,bc16
bc16_639,bc16
bc16_640,bc16
bc16_641,bc16
bc16_642,bc16
bc16_643,bc16
bc16_644,bc16
bc16_645,bc16
bc16_646,bc16
bc16_647,bc16
bc16_648,bc16
bc16_649,bc16
bc16_650,bc16
bc16_651,bc16
bc16_652,bc16
bc16_653,bc16
bc16_654,bc16
bc16_655,bc16
bc16_656,bc16
bc16_657,bc16
bc16_658,bc16
bc16_659,bc16
bc16_660,bc16
bc16_661,bc16
bc16_662,bc16
bc16_663,bc16
bc16_664,bc16
bc16_665,bc16
bc16_666,bc16
bc16_667,bc16
bc16_668,bc16
bc16_669,bc16
bc16_670,bc16
bc16_671,bc16
bc16_672,bc16
bc16_673,bc16
bc16_674,bc16
bc16_675,bc16
bc16_676,bc16
bc16_677,bc16
bc16_678,bc16
bc16_679,bc16
bc16_680,bc16
bc16_681,bc16
bc16_682,bc16
bc16_683,bc16
bc16_684,bc16
bc16_685,bc16
bc16_686,bc16
bc16_687,bc16
bc16_688,bc16
bc16_689,bc16
bc16_690,bc16
bc16_691,bc16
bc16_692,Multiplet
bc16_693,bc16
bc16_694,bc16
bc16_695,bc16
bc16_696,bc16
bc16_697,bc16
bc16_698,bc16
bc16_699,bc16
bc16_700,bc16
bc16_701,bc16
bc16_702,bc16
bc16_703,bc16
bc16_704,bc16
bc16_705,bc16
bc16_706,bc16
bc16_707,bc16
bc16_708,bc16
bc16_709,bc16
bc16_710,bc16
bc16_711,bc16
bc16_712,bc16
bc16_713,bc16
bc16_714,bc16
bc16_715,bc16
bc16_716,bc16
bc16_717,bc16
bc16_718,bc16
bc16_719,bc16
bc16_720,bc16
bc16_721,bc16
bc16_722,bc16
bc16_723,bc16
bc16_724,bc16
bc16_725,bc16
bc16_726,bc16
bc16_727,bc16
bc16_728,bc16
bc16_729,bc16
bc16_730,bc16
bc16_731,bc16
bc16_732,bc16
bc16_733,bc16
bc16_734,bc16
bc16_735,bc16
bc16_736,bc16
bc16_737,bc16
bc16_738,bc16
bc16_739,bc16
bc16_740,bc16
bc16_741,bc16
bc16_742,bc16
bc16_743,bc16
bc16_744,bc16
bc16_745,bc16
bc16_746,bc16
bc16_747,bc16
bc16_748,bc16
bc16_749,bc16
bc16_750,bc16
bc16_751,bc16
bc16_752,bc16
bc16_753,bc16
bc16_754,bc16
bc16_755,bc16
bc16_756,bc16
bc16_757,bc16
bc16_758,bc16
bc16_759,bc16
bc16_760,bc16
bc16_761,bc16
bc16_762,bc16
bc16_763,bc16
bc16_764,bc16
bc16_765,bc16
bc16_766,bc16
bc16_767,bc16
bc16_768,bc16
bc16_769,bc16
bc16_770,bc16
bc16_771,bc16
bc16_772,bc16
bc16_773,bc16
bc16_774,bc16
bc16_775,bc16
bc16_776,bc16
bc16_777,bc16
bc16_778,bc16
bc16_779,bc16
bc16_780,bc16
bc16_781,bc16
bc16_782,bc16
bc16_783,bc16
bc16_784,bc16
bc16_785,bc16
bc16_786,bc16
bc16_787,bc16
bc16_788,bc16
bc16_789,bc16
bc16_790,bc16
bc16_791,bc16
bc16_792,bc16
bc16_793,bc16
bc16_794,bc16
bc16_795,bc16
bc16_796,bc16
bc16_797,bc16
bc16_798,bc16
bc16_799,bc16
bc16_800,bc16
bc16_801,bc16
bc16_802,bc16
bc16_803,bc16
bc16_804,bc16
bc16_805,bc16
bc16_806,bc16
bc16_807,bc16
bc16_808,bc16
bc16_809,bc16
bc16_810,bc16
bc16_811,bc16
bc16_812,bc16
bc16_813,bc16
bc16_814,bc16
bc16_815,bc16
bc16_816,bc16
bc16_817,bc16
bc16_818,bc16
bc16_819,bc16
bc16_820,bc16
bc16_821,bc16
bc16_822,bc16
bc16_823,bc16
bc16_824,bc16
bc16_825,bc16
bc16_826,bc16
bc16_827,bc16
bc16_828,bc16
bc16_829,bc16
bc16_830,bc16
bc16_831,bc16
bc16_832,bc16
bc16_833,bc16
bc16_834,bc16
bc16_835,bc16
bc16_836,bc16
bc16_837,bc16
bc16_838,bc16
bc16_839,bc16
bc16_840,bc16
bc16_841,bc16
bc16_842,bc16
bc16_843,bc16
bc16_844,bc16
bc16_845,bc16
bc16_846,bc16
bc16_847,bc16
bc16_848,bc16
bc16_849,bc16
bc16_850,bc16
bc16_851,bc16
bc16_852,bc16
bc16_853,bc16
bc16_854,bc16
bc16_855,bc16
bc16_856,bc16
bc16_857,bc16
bc16_858,bc16
bc16_859,bc16
bc16_860,bc16
bc16_861,bc16
bc16_862,bc16
bc16_863,bc16
bc16_864,bc16
bc16_865,bc16
bc16_866,bc16
bc16_867,bc16
bc16_868,bc16
bc16_869,bc16
bc16_870,bc16
bc16_871,bc16
bc16_872,bc16
bc16_873,bc16
bc16_874,bc16
bc16_875,bc16
bc16_876,bc16
bc16_877,bc16
bc16_878,bc16
bc16_879,bc16
bc16_880,bc16
bc16_881,bc16
bc16_882,bc16
bc16_883,bc16
bc16_884,bc16
bc16_885,bc16
bc16_886,bc16
bc16_887,bc16
bc16_888,bc16
bc16_889,bc16
bc16_890,bc16
bc16_891,bc16
bc16_892,bc16
bc16_893,bc16
bc16_894,bc16
bc16_895,bc16
bc16_896,bc16
bc16_897,bc16
bc16_898,bc16
bc16_899,bc16
bc16_900,bc16
bc16_901,bc16
bc16_902,bc16
bc16_903,bc16
bc16_904,bc16
bc16_905,bc16
bc16_906,bc16
bc16_907,bc16
bc16_908,bc16
bc16_909,bc16
bc16_910,bc16
bc16_911,bc16
bc16_912,bc16
bc16_913,bc16
bc16_914,bc16
bc16_915,bc16
bc16_916,bc16
bc16_917,bc16
bc16_918,bc16
bc16_919,bc16
bc16_920,bc16
bc16_921,bc16
bc16_922,bc16
bc16_923,bc16
bc16_924,bc16
bc16_925,bc16
bc16_926,bc16
bc16_927,bc16
bc16_928,bc16
bc16_929,bc16
bc16_930,bc16
bc16_931,bc16
bc16_932,bc16
bc16_933,bc16
bc16_934,bc16
bc16_935,bc16
bc16_936,bc16
bc16_937,bc16
bc16_938,bc16
bc16_939,bc16
bc16_940,bc16
bc16_941,bc16
bc16_942,bc16
bc16_943,bc16
bc16_944,bc16
bc16_945,bc16
bc16_946,bc16
bc16_947,bc16
bc16_948,bc16
bc16_949,bc16
bc16_950,bc16
bc16_951,bc16
bc16_952,bc16
bc16_953,bc16
bc16_954,bc16
bc16_955,bc16
bc16_956,bc16
bc16_957,bc16
bc16_958,bc16
bc16_959,bc16
bc16_960,bc16
bc16_961,bc16
bc16_962,bc16
bc16_963,bc16
bc16_964,bc16
bc16_965,bc16
bc16_966,bc16
bc16_967,bc16
bc16_968,bc16
bc16_969,bc16
bc16_970,bc16
bc16_971,bc16
bc16_972,bc16
bc16_973,bc16
bc16_974,bc16
bc16_975,bc16
bc16_976,bc16
bc16_977,bc16
bc16_978,bc16
bc16_979,bc16
bc16_980,bc16
bc16_981,bc16
bc16_982,bc16
bc16_983,bc16
bc16_984,bc16
bc16_985,bc16
bc16_986,bc16
bc16_987,bc16
bc16_988,bc16
bc16_989,bc16
bc16_990,bc16
bc16_991,bc16
bc16_992,bc16
bc16_993,bc16
bc16_994,bc16
bc16_995,bc16
bc16_996,bc16
bc16_997,bc16
bc16_998,bc16
bc16_999,bc16
bc16_1000,bc16
bc16_1001,bc16
bc16_1002,bc16
bc16_1003,bc16
bc16_1004,bc16
bc16_1005,bc16
bc16_1006,bc16
bc16_1007,bc16
bc16_1008,bc16
bc16_1009,bc16
bc16_1010,bc16
bc16_1011,bc16
bc16_1012,bc16
bc16_1013,bc16
bc16_1014,bc16
bc16_1015,bc16
bc16_1016,bc16
bc16_1017,bc16
bc16_1018,bc16
bc16_1019,bc16
bc16_1020,bc16
bc16_1021,bc16
bc16_1022,bc16
bc16_1023,bc16
bc16_1024,bc16
bc16_1025,bc16
bc16_1026,bc16
bc16_1027,bc16
bc16_1028,bc16
bc16_1029,bc16
bc16_1030,bc16
bc16_1031,bc16
bc16_1032,bc16
bc16_1033,bc16
bc16_1034,bc16
bc16_1035,bc16
bc16_1036,bc16
bc16_1037,bc16
bc16_1038,bc16
bc16_1039,bc16
bc16_1040,bc16
bc16_1041,bc16
bc16_1042,bc16
bc16_1043,bc16
bc16_1044,bc16
bc16_1045,bc16
bc16_1046,bc16
bc16_1047,bc16
bc16_1048,bc16
bc16_1049,bc16
bc16_1050,bc16
bc16_1051,bc16
bc16_1052,bc16
bc16_1053,bc16
bc16_1054,bc16
bc16_1055,bc16
bc16_1056,bc16
bc16_1057,bc16
bc16_1058,bc16
bc16_1059,bc16
bc16_1060,bc16
bc16_1061,bc16
bc16_1062,bc16
bc16_1063,bc16
bc16_1064,bc16
bc16_1065,bc16
bc16_1066,bc16
bc16_1067,bc16
bc16_1068,bc16
bc16_1069,bc16
bc16_1070,bc16
bc16_1071,bc16
bc16_1072,bc16
bc16_1073,bc16
bc16_1074,bc16
bc16_1075,bc16
bc16_1076,bc16
bc16_1077,bc16
bc16_1078,bc16
bc16_1079,bc16
bc16_1080,bc16
bc16_1081,bc16
bc16_1082,bc16
bc16_1083,bc16
bc16_1084,bc16
bc16_1085,bc16
bc16_1086,Multiplet
bc16_1087,bc16
bc16_1088,Negative
bc16_1089,bc16
bc16_1090,bc16
bc16_1091,bc16
bc16_1092,bc16
bc16_1093,bc16
bc16_1094,bc16
bc16_1095,bc16
bc16_1096,bc16
bc16_1097,bc16
bc16_1098,bc16
bc16_1099,bc16
bc16_1100,bc16
bc16_1101,Multiplet
bc16_1102,bc16
bc16_1103,bc16
bc16_1104,bc16
bc16_1105,bc16
bc16_1106,bc16
bc16_1107,bc16
bc16_1108,bc16
bc16_1109,bc16
bc16_1110,bc16
bc16_1111,bc16
bc16_1112,bc16
bc16_1113,bc16
bc16_1114,bc16
bc16_1115,bc16
bc16_1116,bc16
bc16_1117,bc16
bc16_1118,bc16
bc16_1119,bc16
bc16_1120,bc16
bc16_1121,bc16
bc16_1122,bc16
bc16_1123,bc16
bc16_1124,bc16
bc16_1125,bc16
bc16_1126,bc16
bc16_1127,bc16
bc16_1128,bc16
bc16_1129,bc16
bc16_1130,bc16
bc16_1131,bc16
bc16_1132,bc16
bc16_1133,bc16
bc16_1134,bc16
bc16_1135,bc16
bc16_1136,bc16
bc16_1137,bc16
bc16_1138,bc16
bc16_1139,bc16
bc16_1140,bc16
bc16_1141,bc16
bc16_1142,bc16
bc16_1143,bc16
bc16_1144,bc16
bc16_1145,bc16
bc16_1146,bc16
bc16_1147,bc16
bc16_1148,bc16
bc16_1149,bc16
bc16_1150,bc16
bc16_1151,bc16
bc16_1152,bc16
bc16_1153,bc16
bc16_1154,bc16
bc16_1155,bc16
bc16_1156,bc16
bc16_1157,bc16
bc16_1158,bc16
bc16_1159,bc16
bc16_1160,bc16
bc16_1161,bc16
bc16_1162,bc16
bc16_1163,bc16
bc16_1164,bc16
bc16_1165,bc16
bc16_1166,bc16
bc16_1167,bc16
bc16_1168,bc16
bc16_1169,bc16
bc16_1170,bc16
bc16_1171,bc16
bc16_1172,bc16
bc16_1173,bc16
bc16_1174,bc16
bc16_1175,bc16
bc16_1176,bc16
bc16_1177,bc16
bc16_1178,bc16
bc16_1179,bc16
bc16_1180,bc16
bc16_1181,bc16
bc16_1182,bc16
bc16_1183,bc16
bc16_1184,bc16
bc16_1185,bc16
bc16_1186,bc16
bc16_1187,bc16
bc16_1188,bc16
bc16_1189,bc16
bc16_1190,bc16
bc16_1191,bc16
bc16_1192,bc16
bc16_1193,bc16
bc16_1194,bc16
bc16_1195,bc16
bc16_1196,bc16
bc16_1197,bc16
bc16_1198,bc16
bc16_1199,bc16
bc16_1200,bc16
bc16_1201,bc16
bc16_1202,bc16
bc16_1203,bc16
bc16_1204,bc16
bc16_1205,bc16
bc16_1206,bc16
bc16_1207,bc16
bc16_1208,bc16
bc16_1209,bc16
bc16_1210,bc16
bc16_1211,bc16
bc16_1212,bc16
bc16_1213,bc16
bc16_1214,bc16
bc16_1215,bc16
bc16_1216,bc16
bc16_1217,bc16
bc16_1218,bc16
bc16_1219,bc16
bc16_1220,bc16
bc16_1221,bc16
bc16_1222,bc16
bc16_1223,bc16
bc16_1224,bc16
bc16_1225,bc16
bc16_1226,bc16
bc16_1227,bc16
bc16_1228,bc16
bc16_1229,bc16
bc16_1230,bc16
bc16_1231,bc16
bc16_1232,bc16
bc16_1233,bc16
bc16_1234,bc16
bc16_1235,bc16
bc16_1236,bc16
bc16_1237,bc16
bc16_1238,bc16
bc16_1239,bc16
bc16_1240,bc16
bc16_1241,bc16
bc16_1242,bc16
bc16_1243,bc16
bc16_1244,bc16
bc16_1245,bc16
bc16_1246,bc16
bc16_1247,bc16
bc16_1248,bc16
bc16_1249,bc16
bc16_1250,bc16
bc16_1251,bc16
bc16_1252,bc16
bc16_1253,bc16
bc16_1254,bc16
bc16_1255,bc16
bc16_1256,bc16
bc16_1257,bc16
bc16_1258,bc16
bc16_1259,bc16
bc16_1260,bc16
bc16_1261,bc16
bc16_1262,bc16
bc16_1263,bc16
bc16_1264,bc16
bc16_1265,bc16
bc16_1266,bc16
bc16_1267,bc16
bc16_1268,bc16
bc16_1269,bc16
bc16_1270,bc16
bc16_1271,bc16
bc16_1272,bc16
bc16_1273,bc16
bc16_1274,bc16
bc16_1275,bc16
bc16_1276,bc16
bc16_1277,bc16
bc16_1278,bc16
bc16_1279,bc16
bc16_1280,bc16
bc16_1281,bc16
bc16_1282,bc16
bc16_1283,bc16
bc16_1284,bc16
bc16_1285,bc16
bc16_1286,bc16
bc16_1287,bc16
bc16_1288,bc16
bc16_1289,bc16
bc16_1290,bc16
bc16_1291,bc16
bc16_1292,bc16
bc16_1293,bc16
bc16_1294,bc16
bc16_1295,bc16
bc16_1296,bc16
bc16_1297,bc16
bc16_1298,bc16
bc16_1299,bc16
bc16_1300,bc16
bc16_1301,bc16
bc16_1302,bc16
bc16_1303,bc16
bc16_1304,bc16
bc16_1305,bc16
bc16_1306,bc16
bc16_1307,bc16
bc16_1308,bc16
bc16_1309,bc16
bc16_1310,bc16
bc16_1311,bc16
bc16_1312,bc16
bc16_1313,bc16
bc16_1314,bc16
bc16_1315,bc16
bc16_1316,bc16
bc16_1317,bc16
bc16_1318,bc16
bc16_1319,bc16
bc16_1320,bc16
bc16_1321,bc16
bc16_1322,bc16
bc16_1323,bc16
bc16_1324,bc16
bc16_1325,bc16
bc16_1326,bc16
bc16_1327,bc16
bc16_1328,bc16
bc16_1329,bc16
bc16_1330,bc16
bc16_1331,bc16
bc16_1332,bc16
bc16_1333,bc16
bc16_1334,bc16
bc16_1335,bc16
bc16_1336,bc16
bc16_1337,bc16
bc16_1338,bc16
bc16_1339,bc16
bc16_1340,bc16
bc16_1341,bc16
bc16_1342,bc16
bc16_1343,bc16
bc16_1344,bc16
bc16_1345,bc16
bc16_1346,bc16
bc16_1347,bc16
bc16_1348,bc16
bc16_1349,bc16
bc16_1350,bc16
bc16_1351,bc16
bc16_1352,bc16
bc16_1353,bc16
bc16_1354,bc16
bc16_1355,bc16
bc16_1356,bc16
bc16_1357,bc16
bc16_1358,bc16
bc16_1359,bc16
bc16_1360,bc16
bc16_1361,bc16
bc16_1362,bc16
bc16_1363,bc16
bc16_1364,bc16
bc16_1365,bc16
bc16_1366,bc16
bc16_1367,bc16
bc16_1368,bc16
bc16_1369,bc16
bc16_1370,bc16
bc16_1371,bc16
bc16_1372,bc16
bc16_1373,bc16
bc16_1374,bc16
bc16_1375,bc16
bc16_1376,bc16
bc16_1377,bc16
bc16_1378,bc16
bc16_1379,bc16
bc16_1380,bc16
bc16_1381,bc16
bc16_1382,bc16
bc16_1383,bc16
bc16_1384,bc16
bc16_1385,bc16
bc16_1386,bc16
bc16_1387,bc16
bc16_1388,bc16
bc16_1389,bc16
bc16_1390,bc16
bc16_1391,bc16
bc16_1392,bc16
bc16_1393,bc16
bc16_1394,bc16
bc16_1395,bc16
bc16_1396,bc16
bc16_1397,bc16
bc16_1398,bc16
bc16_1399,bc16
bc16_1400,bc16
bc16_1401,bc16
bc16_1402,bc16
bc16_1403,bc16
bc16_1404,bc16
bc16_1405,bc16
bc16_1406,bc16
bc16_1407,bc16
bc16_1408,bc16
bc16_1409,bc16
bc16_1410,bc16
bc16_1411,bc16
bc16_1412,bc16
bc16_1413,bc16
bc16_1414,bc16
bc16_1415,bc16
bc16_1416,bc16
bc16_1417,bc16
bc16_1418,bc16
bc16_1419,bc16
bc16_1420,bc16
bc16_1421,bc16
bc16_1422,bc16
bc16_1423,bc16
bc16_1424,bc16
bc16_1425,bc16
bc16_1426,bc16
bc16_1427,bc16
bc16_1428,bc16
bc16_1429,bc16
bc16_1430,bc16
bc16_1431,bc16
bc16_1432,bc16
bc16_1433,bc16
bc16_1434,bc16
bc16_1435,bc16
bc16_1436,bc16
bc16_1437,bc16
bc16_1438,bc16
bc16_1439,bc16
bc16_1440,bc16
bc16_1441,bc16
bc16_1442,bc16
bc16_1443,bc16
bc16_1444,bc16
bc16_1445,bc16
bc16_1446,bc16
bc16_1447,bc16
bc16_1448,bc16
bc16_1449,bc16
bc16_1450,bc16
bc16_1451,bc16
bc16_1452,bc16
bc16_1453,bc16
bc16_1454,bc16
bc16_1455,bc16
bc16_1456,bc16
bc16_1457,bc16
bc16_1458,bc16
bc16_1459,bc16
bc16_1460,bc16
bc16_1461,bc16
bc16_1462,bc16
bc16_1463,bc16
bc16_1464,bc16
bc16_1465,bc16
bc16_1466,bc16
bc16_1467,bc16
bc16_1468,bc16
bc16_1469,bc16
bc16_1470,bc16
bc16_1471,bc16
bc16_1472,bc16
bc16_1473,bc16
bc16_1474,bc16
bc16_1475,bc16
bc16_1476,bc16
bc16_1477,bc16
bc16_1478,bc16
bc16_1479,bc16
bc16_1480,bc16
bc16_1481,bc16
bc16_1482,bc16
bc16_1483,bc16
bc16_1484,bc16
bc16_1485,bc16
bc16_1486,bc16
bc16_1487,bc16
bc16_1488,bc16
bc16_1489,bc16
bc16_1490,bc16
bc16_1491,bc16
bc16_1492,bc16
bc16_1493,bc16
bc16_1494,bc16
bc16_1495,bc16
bc16_1496,bc16
bc16_1497,bc16
bc16_1498,bc16
bc16_1499,bc16
bc16_1500,bc16
bc16_1501,bc16
bc16_1502,bc16
bc16_1503,bc16
bc16_1504,bc16
bc16_1505,bc16
bc16_1506,bc16
bc16_1507,bc16
bc16_1508,bc16
bc16_1509,bc16
bc16_1510,bc16
bc16_1511,Multiplet
bc16_1512,bc16
bc16_1513,bc16
bc16_1514,bc16
bc16_1515,bc16
bc16_1516,bc16
bc16_1517,bc16
bc16_1518,bc16
bc16_1519,bc16
bc16_1520,bc16
bc16_1521,bc16
bc16_1522,bc16
bc16_1523,bc16
bc16_1524,bc16
bc16_1525,bc16
bc16_1526,bc16
bc16_1527,bc16
bc17_1,bc17
bc17_2,bc17
bc17_3,bc17
bc17_4,bc17
bc17_5,bc17
bc17_6,bc17
bc17_7,bc17
bc17_8,bc17
bc17_9,bc17
bc17_10,bc17
bc17_11,bc17
bc17_12,bc17
bc17_13,bc17
bc17_14,bc17
bc17_15,bc17
bc17_16,bc17
bc17_17,bc17
bc17_18,bc17
bc17_19,bc17
bc17_20,bc17
bc17_21,bc17
bc17_22,bc17
bc17_23,bc17
bc17_24,bc17
bc17_25,bc17
bc17_26,bc17
bc17_27,bc17
bc17_28,bc17
bc17_29,bc17
bc17_30,bc17
bc17_31,bc17
bc17_32,bc17
bc17_33,bc17
bc17_34,bc17
bc17_35,bc17
bc17_36,bc17
bc17_37,bc17
bc17_38,bc17
bc17_39,bc17
bc17_40,bc17
bc17_41,bc17
bc17_42,bc17
bc17_43,bc17
bc17_44,bc17
bc17_45,bc17
bc17_46,bc17
bc17_47,bc17
bc17_48,bc17
bc17_49,bc17
bc17_50,bc17
bc17_51,bc17
bc17_52,bc17
bc17_53,bc17
bc17_54,bc17
bc17_55,bc17
bc17_56,bc17
bc17_57,bc17
bc17_58,bc17
bc17_59,bc17
bc17_60,bc17
bc17_61,bc17
bc17_62,bc17
bc17_63,bc17
bc17_64,bc17
bc17_65,bc17
bc17_66,bc17
bc17_67,bc17
bc17_68,bc17
bc17_69,bc17
bc17_70,bc17
bc17_71,bc17
bc17_72,bc17
bc17_73,bc17
bc17_74,bc17
bc17_75,bc17
bc17_76,bc17
bc17_77,bc17
bc17_78,bc17
bc17_79,bc17
bc17_80,bc17
bc17_81,bc17
bc17_82,bc17
bc17_83,bc17
bc17_84,bc17
bc17_85,bc17
bc17_86,bc17
bc17_87,bc17
bc17_88,bc17
bc17_89,bc17
bc17_90,bc17
bc17_91,bc17
bc17_92,bc17
bc17_93,bc17
bc17_94,bc17
bc17_95,bc17
bc17_96,bc17
bc17_97,bc17
bc17_98,bc17
bc17_99,bc17
bc17_100,bc17
bc17_101,bc17
bc17_102,bc17
bc17_103,bc17
bc17_104,bc17
bc17_105,bc17
bc17_106,bc17
bc17_107,bc17
bc17_108,bc17
bc17_109,bc17
bc17_110,bc17
bc17_111,bc17
bc17_112,bc17
bc17_113,bc17
bc17_114,bc17
bc17_115,bc17
bc17_116,bc17
bc17_117,bc17
bc17_118,bc17
bc17_119,bc17
bc17_120,bc17
bc17_121,bc17
bc17_122,bc17
bc17_123,bc17
bc17_124,bc17
bc17_125,bc17
bc17_126,bc17
bc17_127,bc17
bc17_128,bc17
bc17_129,bc17
bc17_130,bc17
bc17_131,bc17
bc17_132,bc17
bc17_133,bc17
bc17_134,bc17
bc17_135,bc17
bc17_136,bc17
bc17_137,bc17
bc17_138,bc17
bc17_139,bc17
bc17_140,bc17
bc17_141,bc17
bc17_142,bc17
bc17_143,bc17
bc17_144,bc17
bc17_145,bc17
bc17_146,bc17
bc17_147,bc17
bc17_148,bc17
bc17_149,bc17
bc17_150,bc17
bc17_151,bc17
bc17_152,bc17
bc17_153,bc17
bc17_154,bc17
bc17_155,bc17
bc17_156,bc17
bc17_157,bc17
bc17_158,bc17
bc17_159,bc17
bc17_160,bc17
bc17_161,bc17
bc17_162,bc17
bc17_163,bc17
bc17_164,bc17
bc17_165,bc17
bc17_166,bc17
bc17_167,bc17
bc17_168,bc17
bc17_169,bc17
bc17_170,bc17
bc17_171,bc17
bc17_172,bc17
bc17_173,bc17
bc17_174,bc17
bc17_175,bc17
bc17_176,bc17
bc17_177,bc17
bc17_178,bc17
bc17_179,bc17
bc17_180,bc17
bc17_181,bc17
bc17_182,bc17
bc17_183,bc17
bc17_184,bc17
bc17_185,bc17
bc17_186,bc17
bc17_187,bc17
bc17_188,bc17
bc17_189,bc17
bc17_190,bc17
bc17_191,bc17
bc17_192,bc17
bc17_193,bc17
bc17_194,bc17
bc17_195,bc17
bc17_196,bc17
bc17_197,bc17
bc17_198,bc17
bc17_199,bc17
bc17_200,bc17
bc17_201,bc17
bc17_202,bc17
bc17_203,bc17
bc17_204,bc17
bc17_205,bc17
bc17_206,bc17
bc17_207,bc17
bc17_208,bc17
bc17_209,bc17
bc17_210,bc17
bc17_211,bc17
bc17_212,bc17
bc17_213,bc17
bc17_214,bc17
bc17_215,bc17
bc17_216,bc17
bc17_217,bc17
bc17_218,bc17
bc17_219,bc17
bc17_220,bc17
bc17_221,bc17
bc17_222,bc17
bc17_223,bc17
bc17_224,bc17
bc17_225,bc17
bc17_226,bc17
bc17_227,bc17
bc17_228,bc17
bc17_229,bc17
bc17_230,bc17
bc17_231,bc17
bc17_232,bc17
bc17_233,bc17
bc17_234,bc17
bc17_235,bc17
bc17_236,bc17
bc17_237,bc17
bc17_238,bc17
bc17_239,bc17
bc17_240,bc17
bc17_241,bc17
bc17_242,bc17
bc17_243,bc17
bc17_244,bc17
bc17_245,bc17
bc17_246,bc17
bc17_247,bc17
bc17_248,bc17
bc17_249,bc17
bc17_250,bc17
bc17_251,bc17
bc17_252,bc17
bc17_253,bc17
bc17_254,bc17
bc17_255,bc17
bc17_256,bc17
bc17_257,bc17
bc17_258,bc17
bc17_259,bc17
bc17_260,bc17
bc17_261,bc17
bc17_262,bc17
bc17_263,bc17
bc17_264,bc17
bc17_265,bc17
bc17_266,bc17
bc17_267,bc17
bc17_268,bc17
bc17_269,bc17
bc17_270,bc17
bc17_271,bc17
bc17_272,bc17
bc17_273,bc17
bc17_274,bc17
bc17_275,bc17
bc17_276,bc17
bc17_277,bc17
bc17_278,bc17
bc17_279,bc17
bc17_280,bc17
bc17_281,bc17
bc17_282,bc17
bc17_283,bc17
bc17_284,bc17
bc17_285,bc17
bc17_286,bc17
bc17_287,bc17
bc17_288,bc17
bc17_289,bc17
bc17_290,bc17
bc17_291,bc17
bc17_292,bc17
bc17_293,bc17
bc17_294,bc17
bc17_295,bc17
bc17_296,bc17
bc17_297,bc17
bc17_298,bc17
bc17_299,bc17
bc17_300,bc17
bc17_301,bc17
bc17_302,bc17
bc17_303,bc17
bc17_304,bc17
bc17_305,bc17
bc17_306,bc17
bc17_307,bc17
bc17_308,bc17
bc17_309,bc17
bc17_310,bc17
bc17_311,bc17
bc17_312,bc17
bc17_313,bc17
bc17_314,bc17
bc17_315,bc17
bc17_316,bc17
bc17_317,bc17
bc17_318,bc17
bc17_319,bc17
bc17_320,bc17
bc17_321,bc17
bc17_322,bc17
bc17_323,bc17
bc17_324,bc17
bc17_325,bc17
bc17_326,bc17
bc17_327,bc17
bc17_328,bc17
bc17_329,bc17
bc17_330,bc17
bc17_331,bc17
bc17_332,bc17
bc17_333,bc17
bc17_334,bc17
bc17_335,bc17
bc17_336,bc17
bc17_337,bc9
bc17_338,bc17
bc17_339,bc17
bc17_340,bc17
bc17_341,bc17
bc17_342,bc17
bc17_343,bc17
bc17_344,bc17
bc17_345,bc17
bc17_346,Multiplet
bc17_347,bc17
bc17_348,bc17
bc17_349,bc17
bc17_350,bc17
bc17_351,bc17
bc17_352,bc17
bc17_353,bc17
bc17_354,bc17
bc17_355,bc17
bc17_356,bc17
bc17_357,bc17
bc17_358,bc17
bc17_359,bc17
bc17_360,bc17
bc17_361,bc17
bc17_362,bc17
bc17_363,bc17
bc17_364,bc17
bc17_365,bc17
bc17_366,bc17
bc17_367,bc17
bc17_368,bc17
bc17_369,bc17
bc17_370,bc17
bc17_371,bc17
bc17_372,bc17
bc17_373,bc17
bc17_374,bc17
bc17_375,bc17
bc17_376,bc17
bc17_377,bc17
bc17_378,bc17
bc17_379,bc17
bc17_380,bc17
bc17_381,bc17
bc17_382,bc17
bc17_383,bc17
bc17_384,bc17
bc17_385,bc17
bc17_386,bc17
bc17_387,bc17
bc17_388,bc17
bc17_389,bc17
bc17_390,bc17
bc17_391,bc17
bc17_392,bc17
bc17_393,bc17
bc17_394,bc17
bc17_395,bc17
bc17_396,bc17
bc17_397,bc17
bc17_398,bc17
bc17_399,bc17
bc17_400,bc17
bc17_401,bc17
bc17_402,bc17
bc17_403,bc17
bc17_404,bc17
bc17_405,bc17
bc17_406,bc17
bc17_407,bc17
bc17_408,bc17
bc17_409,bc17
bc17_410,bc17
bc17_411,bc17
bc17_412,bc17
bc17_413,bc17
bc17_414,bc17
bc17_415,bc17
bc17_416,bc17
bc17_417,bc17
bc17_418,bc17
bc17_419,bc17
bc17_420,bc17
bc17_421,bc17
bc17_422,bc17
bc17_423,bc17
bc17_424,bc17
bc17_425,bc17
bc17_426,bc17
bc17_427,bc17
bc17_428,bc17
bc17_429,bc17
bc17_430,bc17
bc17_431,bc17
bc17_432,bc17
bc17_433,bc17
bc17_434,bc17
bc17_435,bc17
bc17_436,bc17
bc17_437,bc17
bc17_438,bc17
bc17_439,bc17
bc17_440,bc17
bc17_441,bc17
bc17_442,bc17
bc17_443,bc17
bc17_444,bc17
bc17_445,bc17
bc17_446,bc17
bc17_447,bc17
bc17_448,bc17
bc17_449,bc17
bc17_450,bc17
bc17_451,bc17
bc17_452,bc17
bc17_453,bc17
bc17_454,bc17
bc17_455,bc17
bc17_456,bc17
bc17_457,bc17
bc17_458,bc17
bc17_459,bc17
bc17_460,bc17
bc17_461,bc17
bc17_462,bc17
bc17_463,bc17
bc17_464,bc17
bc17_465,bc17
bc17_466,bc17
bc17_467,bc17
bc17_468,bc17
bc17_469,bc17
bc17_470,bc17
bc17_471,bc17
bc17_472,bc17
bc17_473,bc17
bc17_474,bc17
bc17_475,bc17
bc17_476,bc17
bc17_477,bc17
bc17_478,bc17
bc17_479,bc17
bc17_480,bc17
bc17_481,bc17
bc17_482,bc17
bc17_483,bc17
bc17_484,bc17
bc17_485,bc17
bc17_486,bc17
bc17_487,bc17
bc17_488,bc17
bc17_489,bc17
bc17_490,bc17
bc17_491,bc17
bc17_492,bc17
bc17_493,bc17
bc17_494,bc17
bc17_495,bc17
bc17_496,bc17
bc17_497,bc17
bc17_498,bc17
bc17_499,bc17
bc17_500,bc17
bc17_501,bc17
bc17_502,bc17
bc17_503,bc20
bc17_504,bc17
bc17_505,bc17
bc17_506,bc17
bc17_507,bc17
bc17_508,bc17
bc17_509,bc17
bc17_510,bc17
bc17_511,bc17
bc17_512,bc17
bc17_513,bc17
bc17_514,bc17
bc17_515,bc17
bc17_516,bc17
bc17_517,bc17
bc17_518,bc17
bc17_519,bc17
bc17_520,bc17
bc17_521,bc17
bc17_522,bc17
bc17_523,bc17
bc17_524,bc17
bc17_525,bc17
bc17_526,bc17
bc17_527,bc17
bc17_528,bc17
bc17_529,bc17
bc17_530,bc17
bc17_531,bc17
bc17_532,bc17
bc17_533,bc17
bc17_534,bc17
bc17_535,bc17
bc17_536,bc17
bc17_537,bc17
bc17_538,bc17
bc17_539,bc17
bc17_540,bc17
bc17_541,bc17
bc17_542,bc17
bc17_543,bc17
bc17_544,bc17
bc17_545,bc17
bc17_546,bc17
bc17_547,bc17
bc17_548,bc17
bc17_549,bc17
bc17_550,bc17
bc17_551,bc17
bc17_552,bc17
bc17_553,bc17
bc17_554,bc17
bc17_555,bc17
bc17_556,bc17
bc17_557,bc17
bc17_558,bc17
bc17_559,bc17
bc17_560,bc17
bc17_561,bc17
bc17_562,bc17
bc17_563,bc17
bc17_564,bc17
bc17_565,bc17
bc17_566,bc17
bc17_567,bc17
bc17_568,bc17
bc17_569,bc17
bc17_570,bc17
bc17_571,bc17
bc17_572,bc17
bc17_573,bc17
bc17_574,bc17
bc17_575,bc17
bc17_576,bc17
bc17_577,bc17
bc17_578,bc17
bc17_579,bc17
bc17_580,bc17
bc17_581,bc17
bc17_582,bc17
bc17_583,bc17
bc17_584,bc17
bc17_585,bc17
bc17_586,bc17
bc17_587,bc17
bc17_588,bc17
bc17_589,bc17
bc17_590,bc17
bc17_591,bc17
bc17_592,bc17
bc17_593,bc17
bc17_594,bc17
bc17_595,bc17
bc17_596,bc17
bc17_597,bc17
bc17_598,bc17
bc17_599,bc17
bc17_600,bc17
bc17_601,bc17
bc17_602,bc17
bc17_603,bc17
bc17_604,bc17
bc17_605,bc17
bc17_606,bc17
bc17_607,bc17
bc17_608,bc17
bc17_609,bc17
bc17_610,bc17
bc17_611,bc17
bc17_612,bc17
bc17_613,bc17
bc17_614,bc17
bc17_615,bc17
bc17_616,bc17
bc17_617,bc17
bc17_618,bc17
bc17_619,bc17
bc17_620,bc17
bc17_621,bc17
bc17_622,bc17
bc17_623,bc17
bc17_624,bc17
bc17_625,bc17
bc17_626,bc17
bc17_627,bc17
bc17_628,bc17
bc17_629,bc17
bc17_630,bc17
bc17_631,bc17
bc17_632,bc17
bc17_633,bc17
bc17_634,bc17
bc17_635,bc17
bc17_636,bc17
bc17_637,bc17
bc17_638,bc17
bc17_639,bc17
bc17_640,bc17
bc17_641,bc17
bc17_642,bc17
bc17_643,bc17
bc17_644,bc17
bc17_645,bc17
bc17_646,bc17
bc17_647,bc17
bc17_648,bc17
bc17_649,bc17
bc17_650,bc17
bc17_651,bc17
bc17_652,bc17
bc17_653,bc17
bc17_654,bc17
bc17_655,bc17
bc17_656,bc17
bc17_657,bc17
bc17_658,bc17
bc17_659,bc17
bc17_660,bc17
bc17_661,bc17
bc17_662,bc17
bc17_663,bc17
bc17_664,bc17
bc17_665,bc17
bc17_666,bc17
bc17_667,bc17
bc17_668,bc17
bc17_669,bc17
bc17_670,bc17
bc17_671,bc17
bc17_672,bc17
bc17_673,bc17
bc17_674,bc17
bc17_675,bc17
bc17_676,bc17
bc17_677,bc17
bc17_678,bc17
bc17_679,bc17
bc17_680,bc17
bc17_681,bc17
bc17_682,bc17
bc17_683,bc17
bc17_684,bc17
bc17_685,bc17
bc17_686,bc17
bc17_687,bc17
bc17_688,bc17
bc17_689,bc17
bc17_690,bc17
bc17_691,bc17
bc17_692,bc17
bc17_693,bc17
bc17_694,bc17
bc17_695,bc17
bc17_696,bc17
bc17_697,bc17
bc17_698,bc17
bc17_699,bc17
bc17_700,bc17
bc17_701,bc17
bc17_702,bc17
bc17_703,bc17
bc17_704,bc17
bc17_705,bc17
bc17_706,bc17
bc17_707,bc17
bc17_708,bc17
bc17_709,bc17
bc17_710,bc17
bc17_711,bc17
bc17_712,bc17
bc17_713,bc17
bc17_714,bc17
bc17_715,bc17
bc17_716,bc17
bc17_717,bc17
bc17_718,bc17
bc17_719,bc17
bc17_720,bc17
bc17_721,bc17
bc17_722,bc17
bc17_723,bc17
bc17_724,bc17
bc17_725,bc17
bc17_726,bc17
bc17_727,bc17
bc17_728,bc17
bc17_729,bc17
bc17_730,bc17
bc17_731,bc17
bc17_732,bc17
bc17_733,bc17
bc17_734,bc17
bc17_735,bc17
bc17_736,bc17
bc17_737,bc17
bc17_738,bc17
bc17_739,bc17
bc17_740,bc17
bc17_741,bc17
bc17_742,bc17
bc17_743,bc17
bc17_744,bc17
bc17_745,bc17
bc17_746,bc17
bc17_747,bc17
bc17_748,bc17
bc17_749,bc17
bc17_750,bc17
bc17_751,bc17
bc17_752,bc17
bc17_753,bc17
bc17_754,bc17
bc17_755,bc17
bc17_756,bc17
bc17_757,bc17
bc17_758,bc17
bc17_759,bc17
bc17_760,bc17
bc17_761,bc17
bc17_762,bc17
bc17_763,bc17
bc17_764,bc17
bc17_765,bc17
bc17_766,bc17
bc17_767,bc17
bc17_768,bc17
bc17_769,bc17
bc17_770,bc17
bc17_771,bc17
bc17_772,bc17
bc17_773,bc17
bc17_774,bc17
bc17_775,bc17
bc17_776,bc17
bc17_777,bc17
bc17_778,bc17
bc17_779,bc17
bc17_780,bc17
bc17_781,bc17
bc17_782,bc17
bc17_783,bc17
bc17_784,bc17
bc17_785,bc17
bc17_786,bc17
bc17_787,bc17
bc17_788,bc17
bc17_789,bc17
bc17_790,bc17
bc17_791,bc17
bc17_792,bc17
bc17_793,bc17
bc17_794,bc17
bc17_795,bc17
bc17_796,bc17
bc17_797,bc17
bc17_798,bc17
bc17_799,bc17
bc17_800,bc17
bc17_801,bc17
bc17_802,bc17
bc17_803,bc17
bc17_804,bc17
bc17_805,bc17
bc17_806,bc17
bc17_807,bc17
bc17_808,bc17
bc17_809,bc17
bc17_810,bc17
bc17_811,bc17
bc17_812,bc17
bc17_813,bc17
bc17_814,bc17
bc17_815,bc17
bc17_816,bc17
bc17_817,bc17
bc17_818,bc17
bc17_819,bc17
bc17_820,bc17
bc17_821,bc17
bc17_822,bc17
bc17_823,bc17
bc17_824,bc17
bc17_825,bc17
bc17_826,bc17
bc17_827,bc17
bc17_828,bc17
bc17_829,bc17
bc17_830,bc17
bc17_831,bc17
bc17_832,bc17
bc17_833,bc17
bc17_834,bc17
bc17_835,bc17
bc17_836,bc17
bc17_837,bc17
bc17_838,bc17
bc17_839,bc17
bc17_840,bc17
bc17_841,bc17
bc17_842,bc17
bc17_843,bc17
bc17_844,bc17
bc17_845,bc17
bc17_846,bc17
bc17_847,bc17
bc17_848,bc17
bc17_849,bc17
bc17_850,bc17
bc17_851,bc17
bc17_852,bc17
bc17_853,bc17
bc17_854,bc17
bc17_855,bc17
bc17_856,bc17
bc17_857,bc17
bc17_858,bc17
bc17_859,bc17
bc17_860,bc17
bc17_861,bc17
bc17_862,bc17
bc17_863,bc17
bc17_864,bc17
bc17_865,bc17
bc17_866,bc17
bc17_867,bc17
bc17_868,bc17
bc17_869,bc17
bc17_870,bc17
bc17_871,bc17
bc17_872,bc17
bc17_873,bc17
bc17_874,bc17
bc17_875,bc17
bc17_876,bc17
bc17_877,bc17
bc17_878,bc17
bc17_879,bc17
bc17_880,bc17
bc17_881,bc17
bc17_882,bc17
bc17_883,bc17
bc17_884,bc17
bc17_885,bc17
bc17_886,bc17
bc17_887,bc17
bc17_888,bc17
bc17_889,bc17
bc17_890,bc17
bc17_891,bc17
bc17_892,bc17
bc17_893,bc17
bc17_894,bc17
bc17_895,bc17
bc17_896,bc17
bc17_897,bc17
bc17_898,bc17
bc17_899,bc17
bc17_900,bc17
bc17_901,bc17
bc17_902,bc17
bc17_903,bc17
bc17_904,bc17
bc17_905,bc17
bc17_906,bc17
bc17_907,bc17
bc17_908,bc17
bc17_909,bc17
bc17_910,bc17
bc17_911,bc17
bc17_912,bc17
bc17_913,bc17
bc17_914,bc17
bc17_915,bc17
bc17_916,bc17
bc17_917,bc17
bc17_918,bc17
bc17_919,bc17
bc17_920,bc17
bc17_921,bc17
bc17_922,bc17
bc17_923,bc17
bc17_924,bc17
bc17_925,bc17
bc17_926,bc17
bc17_927,bc17
bc17_928,bc17
bc17_929,bc17
bc17_930,bc17
bc17_931,bc17
bc17_932,bc17
bc17_933,bc17
bc17_934,bc17
bc17_935,bc17
bc17_936,bc17
bc17_937,bc17
bc17_938,bc17
bc17_939,bc17
bc17_940,bc17
bc17_941,bc17
bc17_942,bc17
bc17_943,bc17
bc17_944,bc17
bc17_945,bc17
bc17_946,bc17
bc17_947,bc17
bc17_948,bc17
bc17_949,bc17
bc17_950,bc17
bc17_951,bc17
bc17_952,bc17
bc17_953,bc17
bc17_954,bc17
bc17_955,bc17
bc17_956,bc17
bc17_957,bc17
bc17_958,bc17
bc17_959,bc17
bc17_960,bc17
bc17_961,bc17
bc17_962,bc17
bc17_963,bc17
bc17_964,bc17
bc17_965,bc17
bc17_966,bc17
bc17_967,bc17
bc17_968,bc17
bc17_969,bc17
bc17_970,bc17
bc17_971,bc17
bc17_972,bc17
bc17_973,bc17
bc17_974,bc17
bc17_975,bc17
bc17_976,bc17
bc17_977,bc17
bc17_978,bc17
bc17_979,bc17
bc17_980,bc17
bc17_981,bc17
bc17_982,bc17
bc17_983,bc17
bc17_984,bc17
bc17_985,bc17
bc17_986,bc17
bc17_987,bc17
bc17_988,bc17
bc17_989,bc17
bc17_990,bc17
bc17_991,bc17
bc17_992,bc17
bc17_993,bc17
bc17_994,bc17
bc17_995,bc17
bc17_996,bc17
bc17_997,bc17
bc17_998,bc17
bc17_999,bc17
bc17_1000,bc17
bc17_1001,bc17
bc17_1002,bc17
bc17_1003,bc17
bc17_1004,bc17
bc17_1005,bc17
bc17_1006,bc17
bc17_1007,bc17
bc17_1008,bc17
bc17_1009,bc17
bc17_1010,bc17
bc17_1011,bc17
bc17_1012,bc17
bc17_1013,bc17
bc17_1014,bc17
bc17_1015,bc17
bc17_1016,bc17
bc17_1017,bc17
bc17_1018,bc17
bc17_1019,bc17
bc17_1020,Negative
bc17_1021,bc17
bc17_1022,bc17
bc17_1023,bc17
bc17_1024,bc17
bc17_1025,bc17
bc17_1026,bc17
bc17_1027,bc17
bc17_1028,bc17
bc17_1029,bc17
bc17_1030,bc17
bc17_1031,bc17
bc17_1032,bc17
bc17_1033,bc17
bc17_1034,bc17
bc17_1035,bc17
bc17_1036,bc17
bc17_1037,bc17
bc17_1038,bc17
bc17_1039,bc17
bc17_1040,bc17
bc17_1041,bc17
bc17_1042,bc17
bc17_1043,bc17
bc17_1044,bc17
bc17_1045,bc17
bc17_1046,bc17
bc17_1047,bc17
bc17_1048,bc17
bc17_1049,bc17
bc17_1050,bc17
bc17_1051,bc17
bc17_1052,bc17
bc17_1053,bc17
bc17_1054,bc17
bc17_1055,bc17
bc17_1056,bc17
bc17_1057,bc17
bc17_1058,bc17
bc17_1059,bc17
bc17_1060,bc17
bc17_1061,bc17
bc17_1062,bc17
bc17_1063,bc17
bc17_1064,bc17
bc17_1065,bc17
bc17_1066,bc17
bc17_1067,bc17
bc17_1068,bc17
bc17_1069,bc17
bc17_1070,bc17
bc17_1071,bc17
bc17_1072,bc17
bc17_1073,bc17
bc17_1074,bc17
bc17_1075,bc17
bc17_1076,bc17
bc17_1077,bc17
bc17_1078,bc17
bc17_1079,bc17
bc17_1080,bc17
bc17_1081,bc17
bc17_1082,bc17
bc17_1083,bc17
bc17_1084,bc17
bc17_1085,bc17
bc17_1086,bc17
bc17_1087,bc17
bc17_1088,bc17
bc17_1089,bc17
bc17_1090,bc17
bc17_1091,bc17
bc17_1092,bc17
bc17_1093,bc17
bc17_1094,bc17
bc17_1095,bc17
bc17_1096,bc17
bc17_1097,bc17
bc17_1098,bc17
bc17_1099,bc17
bc17_1100,bc17
bc17_1101,bc17
bc17_1102,bc17
bc17_1103,bc17
bc17_1104,bc17
bc17_1105,bc17
bc17_1106,bc17
bc17_1107,bc17
bc17_1108,bc17
bc17_1109,bc17
bc17_1110,bc17
bc17_1111,bc17
bc17_1112,bc17
bc17_1113,bc17
bc17_1114,bc17
bc17_1115,bc17
bc17_1116,bc17
bc17_1117,bc17
bc17_1118,bc17
bc17_1119,bc17
bc17_1120,bc17
bc17_1121,bc17
bc17_1122,bc17
bc17_1123,bc17
bc17_1124,bc17
bc17_1125,bc17
bc17_1126,bc17
bc17_1127,bc17
bc17_1128,bc17
bc17_1129,bc17
bc17_1130,bc17
bc17_1131,bc17
bc17_1132,bc17
bc17_1133,bc17
bc17_1134,bc17
bc17_1135,bc17
bc17_1136,bc17
bc17_1137,bc17
bc17_1138,bc17
bc17_1139,bc17
bc17_1140,bc17
bc17_1141,bc17
bc17_1142,bc17
bc17_1143,bc17
bc17_1144,bc17
bc17_1145,bc17
bc17_1146,bc17
bc17_1147,bc17
bc17_1148,bc17
bc17_1149,bc17
bc17_1150,bc17
bc17_1151,bc17
bc17_1152,bc17
bc17_1153,bc17
bc17_1154,bc17
bc17_1155,bc17
bc17_1156,bc17
bc17_1157,bc17
bc17_1158,bc17
bc17_1159,bc17
bc17_1160,bc17
bc17_1161,bc17
bc17_1162,bc17
bc17_1163,bc17
bc17_1164,bc17
bc17_1165,bc17
bc17_1166,bc17
bc17_1167,bc17
bc17_1168,bc17
bc17_1169,bc17
bc17_1170,bc17
bc17_1171,bc17
bc17_1172,bc17
bc17_1173,bc17
bc17_1174,bc17
bc17_1175,bc17
bc17_1176,bc17
bc17_1177,bc17
bc17_1178,bc17
bc17_1179,bc17
bc17_1180,bc17
bc17_1181,bc17
bc17_1182,bc17
bc17_1183,bc17
bc17_1184,bc17
bc17_1185,bc17
bc17_1186,bc17
bc17_1187,bc17
bc17_1188,bc17
bc17_1189,bc17
bc17_1190,bc17
bc17_1191,bc17
bc17_1192,bc17
bc17_1193,bc17
bc17_1194,bc17
bc17_1195,bc17
bc17_1196,bc17
bc17_1197,bc17
bc17_1198,bc17
bc17_1199,bc17
bc17_1200,bc17
bc17_1201,bc17
bc17_1202,bc17
bc17_1203,bc17
bc17_1204,bc17
bc17_1205,bc17
bc17_1206,bc17
bc17_1207,bc17
bc17_1208,bc17
bc17_1209,bc17
bc17_1210,bc17
bc17_1211,bc17
bc17_1212,bc17
bc17_1213,bc17
bc17_1214,bc17
bc17_1215,bc17
bc17_1216,bc17
bc17_1217,bc17
bc17_1218,bc17
bc17_1219,bc17
bc17_1220,bc17
bc17_1221,bc17
bc17_1222,bc17
bc17_1223,bc17
bc17_1224,bc17
bc17_1225,bc17
bc17_1226,bc17
bc17_1227,bc17
bc17_1228,bc17
bc17_1229,bc17
bc17_1230,bc17
bc17_1231,bc17
bc17_1232,bc17
bc17_1233,bc17
bc17_1234,bc17
bc17_1235,bc17
bc17_1236,bc17
bc17_1237,bc17
bc17_1238,bc17
bc17_1239,bc17
bc17_1240,bc17
bc17_1241,bc17
bc17_1242,bc17
bc17_1243,bc17
bc17_1244,bc17
bc17_1245,bc17
bc17_1246,bc17
bc17_1247,bc17
bc17_1248,bc17
bc17_1249,bc17
bc17_1250,bc17
bc17_1251,bc17
bc17_1252,bc17
bc17_1253,bc17
bc17_1254,bc17
bc17_1255,bc17
bc17_1256,bc17
bc17_1257,bc17
bc17_1258,bc17
bc17_1259,bc17
bc17_1260,bc17
bc17_1261,bc17
bc17_1262,bc17
bc17_1263,bc17
bc17_1264,bc17
bc17_1265,bc17
bc17_1266,bc17
bc17_1267,bc17
bc17_1268,bc17
bc17_1269,bc17
bc17_1270,bc17
bc17_1271,bc17
bc17_1272,bc17
bc17_1273,bc17
bc17_1274,bc17
bc17_1275,bc17
bc17_1276,bc17
bc17_1277,bc17
bc17_1278,bc17
bc17_1279,bc17
bc17_1280,bc17
bc17_1281,bc17
bc17_1282,bc17
bc17_1283,bc17
bc17_1284,bc17
bc17_1285,bc17
bc17_1286,bc17
bc17_1287,bc17
bc17_1288,bc17
bc17_1289,bc17
bc17_1290,bc17
bc17_1291,bc17
bc17_1292,bc17
bc17_1293,bc17
bc17_1294,bc17
bc17_1295,bc17
bc17_1296,bc17
bc17_1297,bc17
bc17_1298,bc17
bc17_1299,bc17
bc17_1300,bc17
bc17_1301,bc17
bc17_1302,bc17
bc17_1303,bc17
bc17_1304,bc17
bc17_1305,bc17
bc17_1306,bc17
bc17_1307,bc17
bc17_1308,bc17
bc17_1309,bc17
bc17_1310,bc17
bc17_1311,bc17
bc17_1312,bc17
bc17_1313,bc17
bc17_1314,bc17
bc17_1315,bc17
bc17_1316,bc17
bc17_1317,bc17
bc17_1318,bc17
bc17_1319,bc17
bc17_1320,bc17
bc17_1321,bc17
bc17_1322,bc17
bc17_1323,bc17
bc17_1324,bc17
bc17_1325,bc17
bc17_1326,bc17
bc17_1327,bc17
bc17_1328,bc17
bc17_1329,bc17
bc17_1330,bc17
bc17_1331,bc17
bc17_1332,bc17
bc17_1333,bc17
bc17_1334,bc17
bc17_1335,bc17
bc17_1336,bc17
bc17_1337,bc17
bc17_1338,bc17
bc17_1339,bc17
bc17_1340,bc17
bc17_1341,bc17
bc17_1342,bc17
bc17_1343,bc17
bc17_1344,bc17
bc17_1345,bc17
bc17_1346,bc17
bc17_1347,bc17
bc17_1348,bc17
bc17_1349,bc17
bc17_1350,bc17
bc17_1351,bc17
bc17_1352,bc17
bc17_1353,bc17
bc17_1354,bc17
bc17_1355,bc17
bc17_1356,bc17
bc17_1357,bc17
bc17_1358,bc17
bc17_1359,bc17
bc17_1360,bc17
bc17_1361,bc17
bc17_1362,bc17
bc17_1363,bc17
bc17_1364,bc17
bc17_1365,bc17
bc17_1366,bc17
bc17_1367,bc17
bc17_1368,bc17
bc17_1369,bc17
bc17_1370,bc17
bc17_1371,bc17
bc17_1372,bc17
bc17_1373,bc17
bc17_1374,bc17
bc17_1375,bc17
bc17_1376,bc17
bc17_1377,bc17
bc17_1378,bc17
bc17_1379,bc17
bc17_1380,bc17
bc17_1381,bc17
bc17_1382,bc17
bc17_1383,bc17
bc17_1384,bc17
bc17_1385,bc17
bc17_1386,bc17
bc17_1387,bc17
bc17_1388,bc17
bc17_1389,bc17
bc17_1390,bc17
bc17_1391,bc17
bc17_1392,bc17
bc17_1393,bc17
bc17_1394,bc17
bc17_1395,bc17
bc17_1396,bc17
bc17_1397,bc17
bc17_1398,bc17
bc17_1399,bc17
bc17_1400,bc17
bc17_1401,bc17
bc17_1402,bc17
bc17_1403,bc17
bc17_1404,bc17
bc17_1405,bc17
bc17_1406,bc17
bc17_1407,bc17
bc17_1408,bc17
bc17_1409,bc17
bc17_1410,bc17
bc17_1411,bc17
bc17_1412,bc17
bc17_1413,bc17
bc17_1414,bc17
bc17_1415,bc17
bc17_1416,bc17
bc17_1417,bc17
bc17_1418,bc17
bc17_1419,bc17
bc17_1420,bc17
bc17_1421,bc17
bc17_1422,bc17
bc17_1423,bc17
bc17_1424,bc17
bc17_1425,bc17
bc17_1426,bc17
bc17_1427,bc17
bc17_1428,bc17
bc17_1429,bc17
bc17_1430,bc17
bc17_1431,bc17
bc17_1432,bc17
bc17_1433,bc17
bc17_1434,bc17
bc17_1435,bc17
bc17_1436,bc17
bc17_1437,bc17
bc17_1438,bc17
bc17_1439,bc17
bc17_1440,bc17
bc17_1441,bc17
bc17_1442,bc17
bc17_1443,bc17
bc17_1444,bc17
bc17_1445,bc17
bc17_1446,bc17
bc17_1447,bc17
bc17_1448,bc17
bc17_1449,bc17
bc17_1450,bc17
bc17_1451,Multiplet
bc17_1452,bc17
bc17_1453,bc17
bc17_1454,bc17
bc17_1455,bc17
bc17_1456,bc17
bc17_1457,bc17
bc17_1458,bc17
bc17_1459,bc17
bc17_1460,bc17
bc17_1461,bc17
bc17_1462,bc17
bc17_1463,bc17
bc17_1464,bc17
bc17_1465,bc17
bc17_1466,bc17
bc17_1467,bc17
bc17_1468,bc17
bc17_1469,bc17
bc17_1470,bc17
bc17_1471,bc17
bc17_1472,bc17
bc17_1473,bc17
bc17_1474,bc17
bc17_1475,bc17
bc17_1476,bc17
bc17_1477,bc17
bc17_1478,bc17
bc17_1479,bc17
bc17_1480,bc17
bc17_1481,bc17
bc17_1482,bc17
bc17_1483,bc17
bc17_1484,bc17
bc17_1485,bc17
bc17_1486,bc17
bc17_1487,bc17
bc17_1488,bc17
bc17_1489,bc17
bc17_1490,bc17
bc17_1491,bc17
bc17_1492,bc17
bc17_1493,bc17
bc17_1494,bc17
bc17_1495,bc17
bc17_1496,bc17
bc17_1497,bc17
bc17_1498,bc17
bc17_1499,bc17
bc17_1500,bc17
bc17_1501,bc17
bc17_1502,bc17
bc17_1503,bc17
bc17_1504,bc17
bc17_1505,bc17
bc17_1506,bc17
bc17_1507,bc17
bc17_1508,bc17
bc17_1509,bc17
bc17_1510,bc17
bc17_1511,bc17
bc17_1512,bc17
bc17_1513,bc17
bc17_1514,bc17
bc17_1515,bc17
bc17_1516,bc17
bc17_1517,bc17
bc17_1518,bc17
bc17_1519,bc17
bc17_1520,bc17
bc17_1521,bc17
bc17_1522,bc17
bc17_1523,bc17
bc17_1524,bc17
bc17_1525,bc17
bc17_1526,bc17
bc17_1527,bc17
bc17_1528,bc17
bc17_1529,bc17
bc17_1530,bc17
bc17_1531,bc17
bc17_1532,bc17
bc17_1533,bc17
bc17_1534,bc17
bc17_1535,bc17
bc17_1536,bc17
bc17_1537,bc17
bc17_1538,bc17
bc17_1539,bc17
bc17_1540,bc17
bc17_1541,bc17
bc17_1542,bc17
bc17_1543,bc17
bc17_1544,bc17
bc17_1545,bc17
bc17_1546,bc17
bc17_1547,bc17
bc17_1548,bc17
bc17_1549,bc17
bc17_1550,bc17
bc17_1551,bc17
bc17_1552,bc17
bc17_1553,bc17
bc17_1554,bc17
bc17_1555,bc17
bc17_1556,bc17
bc17_1557,bc17
bc17_1558,bc17
bc17_1559,bc17
bc17_1560,bc17
bc17_1561,bc17
bc17_1562,bc17
bc17_1563,bc17
bc17_1564,bc17
bc17_1565,bc17
bc17_1566,bc17
bc17_1567,bc17
bc17_1568,bc17
bc17_1569,bc17
bc17_1570,bc17
bc17_1571,bc17
bc17_1572,bc17
bc17_1573,bc17
bc17_1574,bc17
bc17_1575,bc17
bc17_1576,bc17
bc17_1577,bc17
bc17_1578,bc17
bc17_1579,bc17
bc17_1580,bc17
bc17_1581,bc17
bc17_1582,bc17
bc17_1583,bc17
bc17_1584,bc17
bc17_1585,bc17
bc17_1586,bc17
bc17_1587,bc17
bc17_1588,bc17
bc17_1589,bc17
bc17_1590,bc17
bc17_1591,bc17
bc17_1592,bc17
bc17_1593,bc17
bc17_1594,bc17
bc17_1595,bc17
bc17_1596,bc17
bc17_1597,bc17
bc17_1598,bc17
bc17_1599,bc17
bc17_1600,bc17
bc17_1601,bc17
bc17_1602,bc17
bc17_1603,bc17
bc17_1604,bc17
bc17_1605,bc17
bc17_1606,bc17
bc17_1607,bc17
bc17_1608,bc17
bc17_1609,bc17
bc17_1610,bc17
bc17_1611,bc17
bc17_1612,bc17
bc17_1613,bc17
bc17_1614,bc17
bc17_1615,bc17
bc17_1616,bc17
bc17_1617,bc17
bc17_1618,bc17
bc17_1619,bc17
bc17_1620,bc17
bc17_1621,bc17
bc17_1622,bc17
bc17_1623,bc17
bc17_1624,bc17
bc17_1625,bc17
bc17_1626,bc17
bc17_1627,bc17
bc17_1628,bc17
bc17_1629,bc17
bc17_1630,bc17
bc17_1631,bc17
bc17_1632,bc17
bc17_1633,bc17
bc17_1634,bc17
bc17_1635,bc17
bc17_1636,bc17
bc17_1637,bc17
bc17_1638,bc17
bc17_1639,bc17
bc17_1640,bc17
bc17_1641,bc17
bc17_1642,bc17
bc17_1643,bc17
bc17_1644,bc17
bc17_1645,bc17
bc17_1646,bc17
bc17_1647,bc17
bc17_1648,bc17
bc17_1649,bc17
bc17_1650,bc17
bc17_1651,bc17
bc17_1652,bc17
bc17_1653,bc17
bc17_1654,bc17
bc17_1655,bc17
bc17_1656,bc17
bc17_1657,bc17
bc17_1658,bc17
bc17_1659,bc17
bc17_1660,bc17
bc17_1661,bc17
bc17_1662,bc17
bc17_1663,bc17
bc17_1664,bc17
bc17_1665,bc17
bc17_1666,bc17
bc17_1667,bc17
bc17_1668,bc17
bc17_1669,bc17
bc17_1670,bc17
bc17_1671,bc17
bc17_1672,bc17
bc17_1673,bc17
bc17_1674,bc17
bc17_1675,bc17
bc17_1676,bc17
bc17_1677,bc17
bc17_1678,bc17
bc17_1679,bc17
bc17_1680,bc17
bc17_1681,bc17
bc17_1682,bc17
bc17_1683,bc17
bc17_1684,bc17
bc17_1685,bc17
bc17_1686,bc17
bc17_1687,bc17
bc17_1688,bc17
bc17_1689,bc17
bc17_1690,bc17
bc17_1691,bc17
bc17_1692,bc17
bc17_1693,bc17
bc17_1694,bc17
bc17_1695,bc17
bc17_1696,bc17
bc17_1697,bc17
bc17_1698,bc17
bc17_1699,bc17
bc17_1700,bc17
bc17_1701,bc17
bc17_1702,bc17
bc17_1703,bc17
bc17_1704,bc17
bc17_1705,bc17
bc17_1706,bc17
bc17_1707,bc17
bc17_1708,bc17
bc17_1709,bc17
bc17_1710,bc17
bc17_1711,bc17
bc17_1712,bc17
bc17_1713,bc17
bc17_1714,bc17
bc17_1715,bc17
bc17_1716,bc17
bc17_1717,bc17
bc17_1718,bc17
bc17_1719,bc17
bc17_1720,bc17
bc17_1721,bc17
bc17_1722,bc17
bc17_1723,bc17
bc17_1724,bc17
bc17_1725,bc17
bc17_1726,bc17
bc17_1727,bc17
bc17_1728,bc17
bc17_1729,bc17
bc17_1730,bc17
bc17_1731,bc17
bc17_1732,bc17
bc17_1733,bc17
bc17_1734,bc17
bc17_1735,bc17
bc17_1736,bc17
bc17_1737,bc17
bc17_1738,bc17
bc17_1739,bc17
bc17_1740,bc17
bc17_1741,bc17
bc17_1742,bc17
bc17_1743,bc17
bc17_1744,bc17
bc17_1745,bc17
bc17_1746,bc17
bc17_1747,bc17
bc17_1748,bc17
bc17_1749,bc17
bc17_1750,bc17
bc17_1751,bc17
bc17_1752,bc17
bc17_1753,bc17
bc17_1754,bc17
bc17_1755,bc17
bc17_1756,bc17
bc17_1757,bc17
bc17_1758,bc17
bc17_1759,bc17
bc17_1760,bc17
bc17_1761,bc17
bc17_1762,bc17
bc17_1763,bc17
bc17_1764,bc17
bc17_1765,bc17
bc17_1766,bc17
bc17_1767,bc17
bc17_1768,bc17
bc17_1769,bc17
bc17_1770,bc17
bc17_1771,bc17
bc17_1772,bc17
bc17_1773,bc17
bc17_1774,bc17
bc17_1775,bc17
bc17_1776,bc17
bc17_1777,bc17
bc17_1778,bc17
bc17_1779,bc17
bc17_1780,bc17
bc17_1781,bc17
bc17_1782,bc17
bc17_1783,bc17
bc17_1784,bc17
bc17_1785,bc17
bc17_1786,bc17
bc17_1787,bc17
bc17_1788,bc17
bc17_1789,bc17
bc17_1790,bc17
bc17_1791,bc17
bc17_1792,bc17
bc17_1793,bc17
bc17_1794,bc17
bc17_1795,bc17
bc17_1796,bc17
bc17_1797,bc17
bc17_1798,bc17
bc17_1799,bc17
bc17_1800,bc17
bc17_1801,bc17
bc17_1802,bc17
bc17_1803,bc17
bc17_1804,bc17
bc17_1805,bc17
bc17_1806,bc17
bc17_1807,bc17
bc17_1808,bc17
bc17_1809,bc17
bc17_1810,bc17
bc17_1811,bc17
bc17_1812,bc17
bc17_1813,bc17
bc17_1814,bc17
bc17_1815,bc17
bc17_1816,bc17
bc17_1817,bc17
bc17_1818,bc17
bc17_1819,bc17
bc17_1820,bc17
bc17_1821,bc17
bc17_1822,bc17
bc17_1823,bc17
bc17_1824,bc17
bc17_1825,bc17
bc17_1826,bc17
bc17_1827,bc17
bc17_1828,bc17
bc17_1829,bc17
bc17_1830,bc17
bc17_1831,bc17
bc17_1832,bc17
bc17_1833,bc17
bc17_1834,bc17
bc17_1835,bc17
bc17_1836,bc17
bc17_1837,bc17
bc17_1838,bc17
bc17_1839,bc17
bc17_1840,bc17
bc17_1841,bc17
bc17_1842,bc17
bc17_1843,bc17
bc17_1844,bc17
bc17_1845,bc17
bc17_1846,bc17
bc17_1847,bc17
bc17_1848,bc17
bc17_1849,bc17
bc17_1850,bc17
bc17_1851,bc17
bc17_1852,bc17
bc17_1853,bc17
bc17_1854,bc17
bc17_1855,bc17
bc17_1856,bc17
bc17_1857,bc17
bc17_1858,bc17
bc17_1859,bc17
bc17_1860,bc17
bc17_1861,bc17
bc17_1862,bc17
bc17_1863,bc17
bc17_1864,bc17
bc17_1865,bc17
bc17_1866,bc17
bc17_1867,bc17
bc17_1868,bc17
bc17_1869,bc17
bc17_1870,bc17
bc17_1871,bc17
bc17_1872,bc17
bc17_1873,bc17
bc17_1874,bc17
bc17_1875,bc17
bc17_1876,bc17
bc17_1877,bc17
bc17_1878,bc17
bc17_1879,bc17
bc17_1880,bc17
bc17_1881,bc17
bc17_1882,bc17
bc17_1883,bc17
bc17_1884,bc17
bc17_1885,bc17
bc17_1886,bc17
bc17_1887,bc17
bc17_1888,bc17
bc17_1889,bc17
bc17_1890,bc17
bc17_1891,bc17
bc17_1892,bc17
bc17_1893,bc17
bc17_1894,bc17
bc17_1895,bc17
bc17_1896,bc17
bc17_1897,bc17
bc17_1898,bc17
bc17_1899,bc17
bc17_1900,bc17
bc17_1901,bc17
bc17_1902,bc17
bc17_1903,bc17
bc17_1904,bc17
bc17_1905,bc17
bc17_1906,bc17
bc17_1907,bc17
bc17_1908,bc17
bc17_1909,bc17
bc17_1910,bc17
bc17_1911,bc17
bc17_1912,bc17
bc17_1913,bc17
bc17_1914,bc17
bc17_1915,bc17
bc17_1916,bc17
bc17_1917,bc17
bc17_1918,bc17
bc17_1919,bc17
bc17_1920,bc17
bc17_1921,bc17
bc17_1922,bc17
bc17_1923,bc17
bc17_1924,bc17
bc17_1925,bc17
bc17_1926,bc17
bc17_1927,bc17
bc17_1928,bc17
bc17_1929,bc17
bc17_1930,bc17
bc17_1931,bc17
bc17_1932,bc17
bc17_1933,bc17
bc17_1934,bc17
bc17_1935,bc17
bc17_1936,bc17
bc17_1937,bc17
bc17_1938,bc17
bc17_1939,bc17
bc17_1940,bc17
bc17_1941,bc17
bc17_1942,bc17
bc17_1943,bc17
bc17_1944,bc17
bc17_1945,bc17
bc17_1946,bc17
bc17_1947,bc17
bc17_1948,bc17
bc17_1949,bc17
bc17_1950,bc17
bc17_1951,bc17
bc17_1952,bc17
bc17_1953,bc17
bc17_1954,bc17
bc17_1955,bc17
bc17_1956,bc17
bc17_1957,bc17
bc17_1958,bc17
bc17_1959,bc17
bc17_1960,bc17
bc17_1961,bc17
bc17_1962,bc17
bc17_1963,bc17
bc17_1964,bc17
bc17_1965,bc17
bc17_1966,bc17
bc17_1967,bc17
bc17_1968,bc17
bc17_1969,bc17
bc17_1970,bc17
bc17_1971,bc17
bc17_1972,bc17
bc17_1973,bc17
bc17_1974,bc17
bc17_1975,bc17
bc17_1976,bc17
bc17_1977,bc17
bc17_1978,bc17
bc17_1979,bc17
bc17_1980,bc17
bc17_1981,bc17
bc17_1982,bc17
bc17_1983,bc17
bc17_1984,bc17
bc17_1985,bc17
bc17_1986,bc17
bc17_1987,bc17
bc17_1988,bc17
bc17_1989,bc17
bc17_1990,bc17
bc17_1991,bc17
bc17_1992,bc17
bc17_1993,Multiplet
bc17_1994,bc17
bc17_1995,bc17
bc17_1996,bc17
bc17_1997,bc17
bc17_1998,bc17
bc17_1999,bc17
bc17_2000,bc17
bc17_2001,bc17
bc17_2002,bc17
bc17_2003,bc17
bc17_2004,bc17
bc17_2005,bc17
bc17_2006,bc17
bc17_2007,bc17
bc17_2008,bc17
bc17_2009,bc17
bc17_2010,bc17
bc17_2011,bc17
bc17_2012,bc17
bc17_2013,bc17
bc17_2014,bc17
bc17_2015,bc17
bc17_2016,bc17
bc17_2017,bc17
bc17_2018,bc17
bc17_2019,bc17
bc17_2020,bc17
bc17_2021,bc17
bc17_2022,bc17
bc17_2023,bc17
bc17_2024,bc17
bc17_2025,bc17
bc17_2026,bc17
bc17_2027,bc17
bc17_2028,bc17
bc17_2029,bc17
bc17_2030,bc17
bc17_2031,bc17
bc17_2032,bc17
bc17_2033,bc17
bc17_2034,bc17
bc17_2035,bc17
bc17_2036,bc17
bc17_2037,bc17
bc17_2038,bc17
bc17_2039,bc17
bc17_2040,bc17
bc17_2041,bc17
bc17_2042,bc17
bc17_2043,bc17
bc17_2044,bc17
bc17_2045,bc17
bc17_2046,bc17
bc17_2047,bc17
bc17_2048,bc17
bc17_2049,bc17
bc17_2050,bc17
bc17_2051,bc17
bc17_2052,bc17
bc17_2053,bc17
bc17_2054,bc17
bc17_2055,bc17
bc17_2056,bc17
bc17_2057,bc17
bc17_2058,bc17
bc17_2059,bc17
bc17_2060,bc17
bc17_2061,bc17
bc17_2062,bc17
bc17_2063,bc17
bc17_2064,bc17
bc17_2065,bc17
bc17_2066,bc17
bc17_2067,bc17
bc17_2068,bc17
bc17_2069,bc17
bc17_2070,bc17
bc17_2071,bc17
bc17_2072,bc17
bc17_2073,bc17
bc17_2074,bc17
bc17_2075,bc17
bc17_2076,bc17
bc17_2077,bc17
bc17_2078,bc17
bc17_2079,bc17
bc17_2080,bc17
bc17_2081,bc17
bc17_2082,bc17
bc17_2083,bc17
bc17_2084,bc17
bc17_2085,bc17
bc17_2086,bc17
bc17_2087,bc17
bc17_2088,bc17
bc17_2089,bc17
bc17_2090,bc17
bc17_2091,bc17
bc17_2092,bc17
bc17_2093,bc17
bc17_2094,bc17
bc17_2095,bc17
bc17_2096,bc17
bc17_2097,bc17
bc17_2098,bc17
bc17_2099,bc17
bc17_2100,bc17
bc17_2101,bc17
bc17_2102,bc17
bc17_2103,bc17
bc17_2104,bc17
bc17_2105,bc17
bc17_2106,bc17
bc17_2107,bc17
bc17_2108,bc17
bc17_2109,bc17
bc17_2110,bc17
bc17_2111,bc17
bc17_2112,bc17
bc17_2113,bc17
bc17_2114,bc17
bc17_2115,bc17
bc17_2116,bc17
bc17_2117,bc17
bc17_2118,bc17
bc17_2119,bc17
bc17_2120,Multiplet
bc17_2121,bc17
bc17_2122,bc17
bc17_2123,bc17
bc17_2124,bc17
bc17_2125,bc17
bc17_2126,bc17
bc17_2127,bc17
bc17_2128,Multiplet
bc17_2129,bc17
bc17_2130,bc17
bc17_2131,bc17
bc17_2132,bc17
bc17_2133,bc17
bc17_2134,bc17
bc17_2135,bc17
bc17_2136,bc17
bc17_2137,bc17
bc17_2138,bc17
bc17_2139,bc17
bc17_2140,bc17
bc17_2141,bc17
bc17_2142,bc17
bc17_2143,bc17
bc17_2144,bc17
bc17_2145,bc17
bc17_2146,bc17
bc17_2147,bc17
bc17_2148,bc17
bc17_2149,bc17
bc17_2150,bc17
bc17_2151,bc17
bc17_2152,bc17
bc17_2153,bc17
bc17_2154,bc17
bc17_2155,bc17
bc17_2156,bc17
bc17_2157,bc17
bc17_2158,bc17
bc17_2159,bc17
bc17_2160,bc17
bc17_2161,bc17
bc17_2162,bc17
bc17_2163,bc17
bc17_2164,bc17
bc17_2165,bc17
bc17_2166,bc17
bc17_2167,bc17
bc17_2168,bc17
bc17_2169,bc17
bc17_2170,bc17
bc17_2171,bc17
bc17_2172,bc17
bc17_2173,bc17
bc17_2174,bc17
bc17_2175,bc17
bc17_2176,bc17
bc17_2177,bc17
bc17_2178,bc17
bc17_2179,bc17
bc17_2180,bc17
bc17_2181,bc17
bc17_2182,bc17
bc17_2183,bc17
bc17_2184,bc17
bc17_2185,bc17
bc17_2186,bc17
bc17_2187,bc17
bc17_2188,bc17
bc17_2189,bc17
bc17_2190,bc17
bc17_2191,bc17
bc17_2192,bc17
bc17_2193,bc17
bc17_2194,bc17
bc17_2195,bc17
bc17_2196,bc17
bc17_2197,bc17
bc17_2198,bc17
bc17_2199,bc17
bc17_2200,bc17
bc17_2201,bc17
bc17_2202,bc17
bc17_2203,bc17
bc17_2204,bc17
bc17_2205,bc17
bc17_2206,bc17
bc17_2207,bc17
bc17_2208,bc17
bc17_2209,bc17
bc17_2210,bc17
bc17_2211,bc17
bc17_2212,bc17
bc17_2213,bc17
bc17_2214,bc17
bc17_2215,bc17
bc17_2216,bc17
bc17_2217,bc17
bc17_2218,bc17
bc17_2219,bc17
bc17_2220,bc17
bc17_2221,bc17
bc17_2222,bc17
bc17_2223,bc17
bc17_2224,bc17
bc17_2225,bc17
bc17_2226,bc17
bc17_2227,bc17
bc17_2228,bc17
bc17_2229,bc17
bc17_2230,bc17
bc17_2231,bc17
bc17_2232,bc17
bc17_2233,bc17
bc17_2234,bc17
bc17_2235,bc17
bc17_2236,bc17
bc17_2237,bc17
bc17_2238,bc17
bc17_2239,bc17
bc17_2240,bc17
bc17_2241,bc17
bc17_2242,bc17
bc17_2243,bc17
bc17_2244,bc17
bc17_2245,bc17
bc17_2246,bc17
bc17_2247,bc17
bc17_2248,bc17
bc17_2249,bc17
bc17_2250,bc17
bc17_2251,bc17
bc17_2252,bc17
bc17_2253,bc17
bc17_2254,bc17
bc17_2255,bc17
bc17_2256,bc17
bc17_2257,bc17
bc17_2258,bc17
bc17_2259,bc17
bc17_2260,bc17
bc17_2261,bc17
bc17_2262,bc17
bc17_2263,bc17
bc17_2264,bc17
bc17_2265,bc17
bc17_2266,bc17
bc17_2267,bc17
bc17_2268,bc17
bc17_2269,bc17
bc17_2270,bc17
bc17_2271,bc17
bc17_2272,bc17
bc17_2273,bc17
bc17_2274,bc17
bc17_2275,bc17
bc17_2276,bc17
bc17_2277,bc17
bc17_2278,bc17
bc17_2279,bc17
bc17_2280,bc17
bc17_2281,bc17
bc17_2282,bc17
bc17_2283,bc17
bc17_2284,bc17
bc17_2285,bc17
bc17_2286,bc17
bc17_2287,bc17
bc17_2288,bc17
bc17_2289,bc17
bc17_2290,bc17
bc17_2291,bc17
bc17_2292,bc17
bc17_2293,bc17
bc17_2294,bc17
bc17_2295,bc17
bc17_2296,bc17
bc17_2297,bc17
bc17_2298,bc17
bc17_2299,bc17
bc17_2300,bc17
bc17_2301,bc17
bc17_2302,bc17
bc17_2303,bc17
bc17_2304,bc17
bc17_2305,bc17
bc17_2306,bc17
bc17_2307,bc17
bc17_2308,bc17
bc17_2309,bc17
bc17_2310,bc17
bc17_2311,bc17
bc17_2312,bc17
bc17_2313,bc17
bc17_2314,bc17
bc17_2315,bc17
bc17_2316,bc17
bc17_2317,bc17
bc17_2318,bc17
bc17_2319,bc17
bc17_2320,bc17
bc17_2321,bc17
bc17_2322,bc17
bc17_2323,bc17
bc17_2324,bc17
bc17_2325,bc17
bc17_2326,bc17
bc17_2327,bc17
bc17_2328,bc17
bc17_2329,bc17
bc17_2330,bc17
bc17_2331,bc17
bc17_2332,bc17
bc17_2333,bc17
bc17_2334,bc17
bc17_2335,bc17
bc17_2336,bc17
bc17_2337,bc17
bc17_2338,bc17
bc17_2339,bc17
bc17_2340,bc17
bc17_2341,bc17
bc17_2342,bc17
bc17_2343,bc17
bc17_2344,bc17
bc17_2345,bc17
bc17_2346,bc17
bc17_2347,bc17
bc17_2348,bc17
bc17_2349,bc17
bc17_2350,bc17
bc17_2351,bc17
bc17_2352,bc17
bc17_2353,bc17
bc17_2354,bc17
bc17_2355,bc17
bc17_2356,bc17
bc17_2357,bc17
bc17_2358,bc17
bc17_2359,bc17
bc17_2360,bc17
bc17_2361,bc17
bc17_2362,bc17
bc17_2363,bc17
bc17_2364,bc17
bc17_2365,bc17
bc17_2366,bc17
bc17_2367,bc17
bc17_2368,bc17
bc17_2369,bc17
bc17_2370,bc17
bc17_2371,bc17
bc17_2372,bc17
bc17_2373,bc17
bc17_2374,bc17
bc17_2375,bc17
bc17_2376,bc17
bc17_2377,bc17
bc17_2378,bc17
bc17_2379,bc17
bc17_2380,bc17
bc17_2381,bc17
bc17_2382,Multiplet
bc17_2383,bc17
bc17_2384,bc17
bc17_2385,bc17
bc17_2386,bc17
bc17_2387,bc17
bc17_2388,bc17
bc17_2389,bc17
bc17_2390,bc17
bc17_2391,bc17
bc17_2392,bc17
bc17_2393,bc17
bc17_2394,bc17
bc17_2395,bc17
bc17_2396,bc17
bc17_2397,bc17
bc17_2398,bc17
bc17_2399,bc17
bc17_2400,bc17
bc17_2401,bc17
bc17_2402,bc17
bc17_2403,bc17
bc17_2404,bc17
bc17_2405,bc17
bc17_2406,bc17
bc17_2407,bc17
bc17_2408,bc17
bc17_2409,bc17
bc17_2410,bc17
bc17_2411,bc17
bc17_2412,bc17
bc17_2413,bc17
bc17_2414,bc17
bc17_2415,bc17
bc17_2416,bc17
bc17_2417,bc17
bc17_2418,bc17
bc17_2419,bc17
bc17_2420,bc17
bc17_2421,bc17
bc17_2422,bc17
bc17_2423,bc17
bc17_2424,bc17
bc17_2425,bc17
bc17_2426,bc17
bc17_2427,bc17
bc17_2428,bc17
bc17_2429,bc17
bc17_2430,bc17
bc17_2431,bc17
bc17_2432,bc17
bc17_2433,bc17
bc17_2434,bc17
bc17_2435,bc17
bc17_2436,bc17
bc17_2437,bc17
bc17_2438,bc17
bc17_2439,bc17
bc17_2440,bc17
bc17_2441,bc17
bc17_2442,bc17
bc17_2443,bc17
bc17_2444,bc17
bc17_2445,bc17
bc17_2446,bc17
bc17_2447,bc17
bc17_2448,bc17
bc17_2449,bc17
bc17_2450,bc17
bc17_2451,bc17
bc17_2452,bc17
bc17_2453,bc17
bc17_2454,bc17
bc17_2455,bc17
bc17_2456,bc17
bc17_2457,bc17
bc17_2458,bc17
bc17_2459,bc17
bc17_2460,bc17
bc17_2461,bc17
bc17_2462,bc17
bc17_2463,bc17
bc17_2464,bc17
bc17_2465,bc17
bc17_2466,bc17
bc17_2467,bc17
bc17_2468,bc17
bc17_2469,bc17
bc17_2470,bc17
bc17_2471,bc17
bc17_2472,bc17
bc17_2473,bc17
bc17_2474,bc17
bc17_2475,bc17
bc17_2476,bc17
bc17_2477,bc17
bc17_2478,bc17
bc17_2479,bc17
bc17_2480,bc17
bc17_2481,bc17
bc17_2482,bc17
bc17_2483,bc17
bc17_2484,bc17
bc17_2485,bc17
bc17_2486,bc17
bc17_2487,bc17
bc17_2488,bc17
bc17_2489,bc17
bc17_2490,bc17
bc17_2491,bc17
bc17_2492,bc17
bc17_2493,bc17
bc17_2494,bc17
bc17_2495,bc17
bc17_2496,bc17
bc17_2497,bc17
bc17_2498,bc17
bc17_2499,bc17
bc17_2500,bc17
bc17_2501,bc17
bc17_2502,bc17
bc17_2503,bc17
bc17_2504,bc17
bc17_2505,bc17
bc17_2506,bc17
bc17_2507,bc17
bc17_2508,bc17
bc17_2509,bc17
bc17_2510,bc17
bc17_2511,bc17
bc17_2512,bc17
bc17_2513,bc17
bc17_2514,bc17
bc17_2515,bc17
bc17_2516,bc17
bc17_2517,bc17
bc17_2518,bc17
bc17_2519,bc17
bc17_2520,bc17
bc17_2521,bc17
bc17_2522,bc17
bc17_2523,bc17
bc17_2524,bc17
bc17_2525,bc17
bc17_2526,bc17
bc17_2527,bc17
bc17_2528,bc17
bc17_2529,bc17
bc17_2530,bc17
bc17_2531,bc17
bc17_2532,bc17
bc17_2533,bc17
bc17_2534,bc17
bc17_2535,bc17
bc17_2536,bc17
bc17_2537,bc17
bc17_2538,bc17
bc17_2539,bc17
bc17_2540,bc17
bc17_2541,bc17
bc17_2542,bc17
bc17_2543,bc17
bc17_2544,bc17
bc17_2545,bc17
bc17_2546,bc17
bc17_2547,bc17
bc17_2548,bc17
bc17_2549,bc17
bc17_2550,bc17
bc17_2551,bc17
bc17_2552,bc17
bc17_2553,bc17
bc17_2554,bc17
bc17_2555,bc17
bc17_2556,bc17
bc17_2557,bc17
bc17_2558,bc17
bc17_2559,bc17
bc17_2560,bc17
bc17_2561,bc17
bc17_2562,bc17
bc17_2563,bc17
bc17_2564,bc17
bc17_2565,bc17
bc17_2566,bc17
bc17_2567,bc17
bc17_2568,bc17
bc17_2569,bc17
bc17_2570,bc17
bc17_2571,bc17
bc17_2572,bc17
bc17_2573,bc17
bc17_2574,bc17
bc17_2575,bc17
bc17_2576,bc17
bc17_2577,bc17
bc17_2578,bc17
bc17_2579,bc17
bc17_2580,bc17
bc17_2581,bc17
bc17_2582,bc17
bc17_2583,bc17
bc17_2584,bc17
bc17_2585,bc17
bc17_2586,bc17
bc17_2587,bc17
bc17_2588,bc17
bc17_2589,bc17
bc17_2590,bc17
bc17_2591,bc17
bc17_2592,bc17
bc17_2593,bc17
bc17_2594,bc17
bc17_2595,bc17
bc17_2596,bc17
bc17_2597,bc17
bc17_2598,bc17
bc17_2599,bc17
bc17_2600,bc17
bc17_2601,bc17
bc17_2602,bc17
bc17_2603,bc17
bc17_2604,bc17
bc17_2605,bc17
bc17_2606,bc17
bc17_2607,bc17
bc17_2608,bc17
bc17_2609,bc17
bc17_2610,bc17
bc17_2611,bc17
bc17_2612,bc17
bc17_2613,bc17
bc17_2614,bc17
bc17_2615,bc17
bc17_2616,bc17
bc17_2617,bc17
bc17_2618,bc17
bc17_2619,bc17
bc17_2620,bc17
bc17_2621,bc17
bc17_2622,bc17
bc17_2623,bc17
bc17_2624,bc17
bc17_2625,bc17
bc17_2626,bc17
bc17_2627,bc17
bc17_2628,bc17
bc17_2629,bc17
bc17_2630,bc17
bc17_2631,bc17
bc17_2632,bc17
bc17_2633,bc17
bc17_2634,bc17
bc17_2635,bc17
bc17_2636,bc17
bc17_2637,bc17
bc17_2638,bc17
bc17_2639,bc17
bc17_2640,bc17
bc17_2641,bc17
bc17_2642,bc17
bc17_2643,bc17
bc17_2644,bc17
bc17_2645,bc17
bc17_2646,bc17
bc17_2647,bc17
bc17_2648,bc17
bc17_2649,bc17
bc17_2650,bc17
bc17_2651,bc17
bc17_2652,bc17
bc17_2653,bc17
bc17_2654,bc17
bc17_2655,bc17
bc17_2656,bc17
bc17_2657,bc17
bc17_2658,bc17
bc17_2659,bc17
bc17_2660,bc17
bc17_2661,bc17
bc17_2662,bc17
bc17_2663,bc17
bc17_2664,bc17
bc17_2665,bc17
bc17_2666,bc17
bc17_2667,bc17
bc17_2668,bc17
bc17_2669,bc17
bc17_2670,bc17
bc17_2671,bc17
bc17_2672,bc17
bc17_2673,bc17
bc17_2674,bc17
bc17_2675,bc17
bc17_2676,bc17
bc17_2677,bc17
bc17_2678,bc17
bc17_2679,bc17
bc17_2680,bc17
bc17_2681,bc17
bc17_2682,bc17
bc17_2683,bc17
bc17_2684,bc17
bc17_2685,bc17
bc17_2686,bc17
bc17_2687,bc17
bc17_2688,bc17
bc17_2689,bc17
bc17_2690,bc17
bc17_2691,bc17
bc17_2692,bc17
bc17_2693,bc17
bc17_2694,bc17
bc17_2695,bc17
bc17_2696,bc17
bc17_2697,bc17
bc17_2698,bc17
bc17_2699,bc17
bc17_2700,bc17
bc17_2701,bc17
bc17_2702,bc17
bc17_2703,bc17
bc17_2704,bc17
bc17_2705,bc17
bc17_2706,bc17
bc17_2707,bc17
bc17_2708,bc17
bc17_2709,Negative
bc17_2710,bc17
bc17_2711,bc17
bc17_2712,bc17
bc17_2713,bc17
bc17_2714,bc17
bc17_2715,bc17
bc17_2716,bc17
bc17_2717,bc17
bc17_2718,bc17
bc17_2719,bc17
bc17_2720,bc17
bc17_2721,bc17
bc17_2722,bc17
bc17_2723,bc17
bc17_2724,bc17
bc17_2725,bc17
bc17_2726,bc17
bc17_2727,bc17
bc17_2728,bc17
bc17_2729,bc17
bc17_2730,bc17
bc17_2731,bc17
bc17_2732,bc17
bc17_2733,bc17
bc17_2734,bc17
bc17_2735,bc17
bc17_2736,bc17
bc17_2737,bc17
bc17_2738,bc17
bc17_2739,bc17
bc17_2740,bc17
bc17_2741,bc17
bc17_2742,bc17
bc17_2743,bc17
bc17_2744,bc17
bc17_2745,bc17
bc17_2746,bc17
bc17_2747,bc17
bc17_2748,bc17
bc17_2749,bc17
bc17_2750,bc17
bc17_2751,bc17
bc17_2752,bc17
bc17_2753,bc17
bc17_2754,bc17
bc17_2755,bc17
bc17_2756,bc17
bc17_2757,bc17
bc17_2758,bc17
bc17_2759,bc17
bc17_2760,bc17
bc17_2761,bc17
bc17_2762,bc17
bc17_2763,bc17
bc17_2764,bc17
bc17_2765,bc17
bc17_2766,bc17
bc17_2767,bc17
bc17_2768,bc17
bc17_2769,bc17
bc17_2770,bc17
bc17_2771,bc17
bc17_2772,bc17
bc17_2773,bc17
bc17_2774,bc17
bc17_2775,bc17
bc17_2776,bc17
bc17_2777,bc17
bc17_2778,bc17
bc17_2779,bc17
bc17_2780,bc17
bc17_2781,bc17
bc17_2782,bc17
bc17_2783,bc17
bc17_2784,bc17
bc17_2785,bc17
bc17_2786,bc17
bc17_2787,bc17
bc17_2788,bc17
bc17_2789,bc17
bc17_2790,bc17
bc17_2791,bc17
bc17_2792,bc17
bc17_2793,bc17
bc17_2794,bc17
bc17_2795,bc17
bc17_2796,bc17
bc17_2797,bc17
bc17_2798,bc17
bc17_2799,bc17
bc17_2800,bc17
bc17_2801,bc17
bc17_2802,bc17
bc17_2803,bc17
bc17_2804,bc17
bc17_2805,bc17
bc17_2806,bc17
bc17_2807,bc17
bc17_2808,bc17
bc17_2809,bc17
bc17_2810,bc17
bc17_2811,bc17
bc17_2812,bc17
bc17_2813,bc17
bc17_2814,bc17
bc17_2815,bc17
bc17_2816,bc17
bc17_2817,bc17
bc17_2818,bc17
bc17_2819,bc17
bc17_2820,bc17
bc17_2821,bc17
bc17_2822,bc17
bc17_2823,bc17
bc17_2824,bc17
bc17_2825,bc17
bc17_2826,bc17
bc17_2827,bc17
bc17_2828,bc17
bc17_2829,bc17
bc17_2830,bc17
bc17_2831,bc17
bc17_2832,bc17
bc17_2833,bc17
bc17_2834,bc17
bc17_2835,bc17
bc17_2836,bc17
bc17_2837,bc17
bc17_2838,bc17
bc17_2839,bc17
bc17_2840,bc17
bc17_2841,bc17
bc17_2842,bc17
bc17_2843,bc17
bc17_2844,bc17
bc17_2845,bc17
bc17_2846,bc17
bc17_2847,bc17
bc17_2848,bc17
bc17_2849,bc17
bc17_2850,bc17
bc17_2851,bc17
bc17_2852,bc17
bc17_2853,bc17
bc17_2854,bc17
bc17_2855,bc17
bc17_2856,bc17
bc17_2857,bc17
bc17_2858,bc17
bc17_2859,bc17
bc17_2860,bc17
bc17_2861,bc17
bc17_2862,bc17
bc17_2863,bc17
bc17_2864,bc17
bc17_2865,bc17
bc17_2866,bc17
bc17_2867,bc17
bc17_2868,bc17
bc17_2869,bc17
bc17_2870,bc17
bc17_2871,bc17
bc17_2872,bc17
bc17_2873,bc17
bc17_2874,bc17
bc17_2875,bc17
bc17_2876,bc17
bc17_2877,bc17
bc17_2878,bc17
bc17_2879,bc17
bc17_2880,bc17
bc17_2881,bc17
bc17_2882,bc17
bc17_2883,bc17
bc17_2884,bc17
bc17_2885,bc17
bc17_2886,bc17
bc17_2887,bc17
bc17_2888,bc17
bc17_2889,bc17
bc17_2890,bc17
bc17_2891,bc17
bc17_2892,bc17
bc17_2893,bc17
bc17_2894,bc17
bc17_2895,bc17
bc17_2896,bc17
bc17_2897,bc17
bc17_2898,bc17
bc17_2899,bc17
bc17_2900,bc17
bc17_2901,bc17
bc17_2902,bc17
bc17_2903,bc17
bc17_2904,bc17
bc17_2905,bc17
bc17_2906,bc17
bc17_2907,bc17
bc17_2908,bc17
bc17_2909,bc17
bc17_2910,bc17
bc17_2911,bc17
bc17_2912,bc17
bc17_2913,bc17
bc17_2914,bc17
bc17_2915,bc17
bc17_2916,bc17
bc17_2917,bc17
bc17_2918,bc17
bc17_2919,bc17
bc17_2920,bc17
bc17_2921,bc17
bc17_2922,bc17
bc17_2923,bc17
bc17_2924,bc17
bc17_2925,bc17
bc17_2926,bc17
bc17_2927,bc17
bc17_2928,bc17
bc17_2929,bc17
bc17_2930,bc17
bc17_2931,bc17
bc17_2932,bc17
bc17_2933,bc17
bc17_2934,bc17
bc17_2935,bc17
bc17_2936,bc17
bc17_2937,bc17
bc17_2938,bc17
bc17_2939,bc17
bc17_2940,bc17
bc17_2941,bc17
bc17_2942,bc17
bc17_2943,bc17
bc17_2944,bc17
bc17_2945,bc17
bc17_2946,bc17
bc17_2947,bc17
bc17_2948,bc17
bc17_2949,bc17
bc17_2950,bc17
bc17_2951,bc17
bc17_2952,bc17
bc17_2953,bc17
bc17_2954,bc17
bc17_2955,bc17
bc17_2956,bc17
bc17_2957,bc17
bc17_2958,bc17
bc17_2959,bc17
bc17_2960,bc17
bc17_2961,bc17
bc17_2962,bc17
bc17_2963,bc17
bc17_2964,bc17
bc17_2965,bc17
bc17_2966,bc17
bc17_2967,bc17
bc17_2968,bc17
bc17_2969,bc17
bc17_2970,bc17
bc17_2971,bc17
bc17_2972,bc17
bc17_2973,bc17
bc17_2974,bc17
bc17_2975,bc17
bc17_2976,bc17
bc17_2977,bc17
bc17_2978,bc17
bc17_2979,bc17
bc17_2980,bc17
bc17_2981,bc17
bc17_2982,bc17
bc17_2983,bc17
bc17_2984,bc17
bc17_2985,bc17
bc17_2986,bc17
bc17_2987,bc17
bc17_2988,bc17
bc17_2989,bc17
bc17_2990,bc17
bc17_2991,bc17
bc17_2992,bc17
bc17_2993,bc17
bc17_2994,bc17
bc17_2995,bc17
bc17_2996,bc17
bc17_2997,bc17
bc17_2998,bc17
bc17_2999,bc17
bc17_3000,bc17
bc18_1,bc18
bc18_2,bc18
bc18_3,bc18
bc18_4,bc18
bc18_5,bc18
bc18_6,bc18
bc18_7,bc18
bc18_8,bc18
bc18_9,bc18
bc18_10,bc18
bc18_11,bc18
bc18_12,bc18
bc18_13,bc18
bc18_14,bc18
bc18_15,bc18
bc18_16,bc18
bc18_17,bc18
bc18_18,bc18
bc18_19,bc18
bc18_20,bc18
bc18_21,bc18
bc18_22,bc18
bc18_23,bc18
bc18_24,bc18
bc18_25,bc18
bc18_26,bc18
bc18_27,bc18
bc18_28,bc18
bc18_29,bc18
bc18_30,bc18
bc18_31,bc18
bc18_32,bc18
bc18_33,bc18
bc18_34,bc18
bc18_35,bc18
bc18_36,bc18
bc18_37,bc18
bc18_38,bc18
bc18_39,bc18
bc18_40,bc18
bc18_41,bc18
bc18_42,bc18
bc18_43,bc18
bc18_44,bc18
bc18_45,bc18
bc18_46,bc18
bc18_47,bc18
bc18_48,bc18
bc18_49,bc18
bc18_50,bc18
bc18_51,bc18
bc18_52,bc18
bc18_53,bc18
bc18_54,bc18
bc18_55,bc18
bc18_56,bc18
bc18_57,bc18
bc18_58,bc18
bc18_59,bc18
bc18_60,bc18
bc18_61,bc18
bc18_62,bc18
bc18_63,bc18
bc18_64,bc18
bc18_65,bc18
bc18_66,bc18
bc18_67,bc18
bc18_68,bc18
bc18_69,bc18
bc18_70,bc18
bc18_71,bc18
bc18_72,bc18
bc18_73,bc18
bc18_74,bc18
bc18_75,bc18
bc18_76,bc18
bc18_77,bc18
bc18_78,bc18
bc18_79,bc18
bc18_80,bc18
bc18_81,bc18
bc18_82,bc18
bc18_83,bc18
bc18_84,bc18
bc18_85,bc18
bc18_86,bc18
bc18_87,bc18
bc18_88,bc18
bc18_89,bc18
bc18_90,bc18
bc18_91,bc18
bc18_92,bc18
bc18_93,bc18
bc18_94,bc18
bc18_95,bc18
bc18_96,bc18
bc18_97,bc18
bc18_98,bc18
bc18_99,bc18
bc18_100,bc18
bc18_101,bc18
bc18_102,bc18
bc18_103,bc18
bc18_104,bc18
bc18_105,bc18
bc18_106,bc18
bc18_107,bc18
bc18_108,bc18
bc18_109,bc18
bc18_110,bc18
bc18_111,bc18
bc18_112,bc18
bc18_113,bc18
bc18_114,bc18
bc18_115,bc18
bc18_116,bc18
bc18_117,bc18
bc18_118,bc18
bc18_119,bc18
bc18_120,bc18
bc18_121,bc18
bc18_122,bc18
bc18_123,bc18
bc18_124,bc18
bc18_125,bc18
bc18_126,bc18
bc18_127,bc18
bc18_128,bc18
bc18_129,bc18
bc18_130,bc18
bc18_131,bc18
bc18_132,bc18
bc18_133,bc18
bc18_134,bc18
bc18_135,bc18
bc18_136,bc18
bc18_137,bc18
bc18_138,bc18
bc18_139,bc18
bc18_140,bc18
bc18_141,bc18
bc18_142,bc18
bc18_143,bc18
bc18_144,bc18
bc18_145,bc18
bc18_146,bc18
bc18_147,bc18
bc18_148,bc18
bc18_149,bc18
bc18_150,bc18
bc18_151,bc18
bc18_152,bc18
bc18_153,bc18
bc18_154,bc18
bc18_155,bc18
bc18_156,bc18
bc18_157,bc18
bc18_158,bc18
bc18_159,bc18
bc18_160,bc18
bc18_161,bc18
bc18_162,bc18
bc18_163,bc18
bc18_164,bc18
bc18_165,bc18
bc18_166,bc18
bc18_167,bc18
bc18_168,bc18
bc18_169,bc18
bc18_170,bc18
bc18_171,bc18
bc18_172,bc18
bc18_173,bc18
bc18_174,bc18
bc18_175,bc18
bc18_176,bc18
bc18_177,bc18
bc18_178,bc18
bc18_179,bc18
bc18_180,bc18
bc18_181,bc18
bc18_182,bc18
bc18_183,bc18
bc18_184,bc18
bc18_185,bc18
bc18_186,bc18
bc18_187,bc18
bc18_188,bc18
bc18_189,bc18
bc18_190,bc18
bc18_191,bc18
bc18_192,bc18
bc18_193,bc18
bc18_194,bc18
bc18_195,bc18
bc18_196,bc18
bc18_197,bc18
bc18_198,bc18
bc18_199,bc18
bc18_200,bc18
bc18_201,bc18
bc18_202,bc18
bc18_203,bc18
bc18_204,bc18
bc18_205,bc18
bc18_206,bc18
bc18_207,bc18
bc18_208,bc18
bc18_209,bc18
bc18_210,bc18
bc18_211,bc18
bc18_212,bc18
bc18_213,bc18
bc18_214,bc18
bc18_215,bc18
bc18_216,bc18
bc18_217,bc18
bc18_218,bc18
bc18_219,bc18
bc18_220,bc18
bc18_221,bc18
bc18_222,bc18
bc18_223,bc18
bc18_224,bc18
bc18_225,bc18
bc18_226,bc18
bc18_227,bc18
bc18_228,bc18
bc18_229,bc18
bc18_230,bc18
bc18_231,bc18
bc18_232,bc18
bc18_233,bc18
bc18_234,bc18
bc18_235,bc18
bc18_236,bc18
bc18_237,bc18
bc18_238,bc18
bc18_239,bc18
bc18_240,bc18
bc18_241,bc18
bc18_242,bc18
bc18_243,bc18
bc18_244,bc18
bc18_245,bc18
bc18_246,bc18
bc18_247,bc18
bc18_248,bc18
bc18_249,bc18
bc18_250,bc18
bc18_251,bc18
bc18_252,bc18
bc18_253,bc18
bc18_254,bc18
bc18_255,bc18
bc18_256,bc18
bc18_257,bc18
bc18_258,bc18
bc18_259,bc18
bc18_260,bc18
bc18_261,bc18
bc18_262,bc18
bc18_263,bc18
bc18_264,bc18
bc18_265,bc18
bc18_266,bc18
bc18_267,bc18
bc18_268,bc18
bc18_269,bc18
bc18_270,bc18
bc18_271,bc18
bc18_272,bc18
bc18_273,bc18
bc18_274,bc18
bc18_275,bc18
bc18_276,bc18
bc18_277,bc18
bc18_278,bc18
bc18_279,bc18
bc18_280,bc18
bc18_281,bc18
bc18_282,bc18
bc18_283,bc18
bc18_284,bc18
bc18_285,bc18
bc18_286,bc18
bc18_287,bc18
bc18_288,bc18
bc18_289,bc18
bc18_290,bc18
bc18_291,bc18
bc18_292,bc18
bc18_293,bc18
bc18_294,bc18
bc18_295,bc18
bc18_296,bc18
bc18_297,bc18
bc18_298,bc18
bc18_299,bc18
bc18_300,bc18
bc18_301,bc18
bc18_302,bc18
bc18_303,bc18
bc18_304,bc18
bc18_305,bc18
bc18_306,bc18
bc18_307,bc18
bc18_308,bc18
bc18_309,bc18
bc18_310,bc18
bc18_311,bc18
bc18_312,bc18
bc18_313,bc18
bc18_314,bc18
bc18_315,bc18
bc18_316,bc18
bc18_317,bc18
bc18_318,bc18
bc18_319,bc18
bc18_320,bc18
bc18_321,bc18
bc18_322,bc18
bc18_323,bc18
bc18_324,bc18
bc18_325,bc18
bc18_326,bc18
bc18_327,bc18
bc18_328,bc18
bc18_329,bc18
bc18_330,bc18
bc18_331,bc18
bc18_332,bc18
bc18_333,bc18
bc18_334,bc18
bc18_335,bc18
bc18_336,bc18
bc18_337,bc18
bc18_338,bc18
bc18_339,bc18
bc18_340,bc18
bc18_341,bc18
bc18_342,bc18
bc18_343,bc18
bc18_344,bc18
bc18_345,bc18
bc18_346,bc18
bc18_347,bc18
bc18_348,bc18
bc18_349,bc18
bc18_350,bc18
bc18_351,bc18
bc18_352,bc18
bc18_353,bc18
bc18_354,bc18
bc18_355,bc18
bc18_356,bc18
bc18_357,bc18
bc18_358,bc18
bc18_359,bc18
bc18_360,bc18
bc18_361,bc18
bc18_362,bc18
bc18_363,bc18
bc18_364,bc18
bc18_365,bc18
bc18_366,bc18
bc18_367,bc18
bc18_368,bc18
bc18_369,bc18
bc18_370,bc18
bc18_371,bc18
bc18_372,bc18
bc18_373,bc18
bc18_374,bc18
bc18_375,bc18
bc18_376,bc18
bc18_377,bc18
bc18_378,bc18
bc18_379,bc18
bc18_380,bc18
bc18_381,bc18
bc18_382,bc18
bc18_383,bc18
bc18_384,bc18
bc18_385,bc18
bc18_386,bc18
bc18_387,bc18
bc18_388,bc18
bc18_389,bc18
bc18_390,bc18
bc18_391,bc18
bc18_392,bc18
bc18_393,bc18
bc18_394,bc18
bc18_395,bc18
bc18_396,bc18
bc18_397,bc18
bc18_398,bc18
bc18_399,bc18
bc18_400,bc18
bc18_401,bc18
bc18_402,bc18
bc18_403,bc18
bc18_404,bc18
bc18_405,bc18
bc18_406,bc18
bc18_407,bc18
bc18_408,bc18
bc18_409,bc18
bc18_410,bc18
bc18_411,bc18
bc18_412,bc18
bc18_413,bc18
bc18_414,bc18
bc18_415,bc18
bc18_416,bc18
bc18_417,bc18
bc18_418,bc18
bc18_419,bc18
bc18_420,bc18
bc18_421,bc18
bc18_422,bc18
bc18_423,bc18
bc18_424,bc18
bc18_425,bc18
bc18_426,bc18
bc18_427,bc18
bc18_428,bc18
bc18_429,bc18
bc18_430,bc18
bc18_431,bc18
bc18_432,bc18
bc18_433,bc18
bc18_434,bc18
bc18_435,bc18
bc18_436,bc18
bc18_437,bc18
bc18_438,bc18
bc18_439,bc18
bc18_440,bc18
bc18_441,bc18
bc18_442,bc18
bc18_443,bc18
bc18_444,bc18
bc18_445,bc18
bc18_446,bc18
bc18_447,bc18
bc18_448,bc18
bc18_449,bc18
bc18_450,bc18
bc18_451,bc18
bc18_452,bc18
bc18_453,bc18
bc18_454,bc18
bc18_455,bc18
bc18_456,bc18
bc18_457,bc18
bc18_458,bc18
bc18_459,bc18
bc18_460,bc18
bc18_461,bc18
bc18_462,bc18
bc18_463,bc18
bc18_464,bc18
bc18_465,bc18
bc18_466,bc18
bc18_467,bc18
bc18_468,bc18
bc18_469,bc18
bc18_470,bc18
bc18_471,bc18
bc18_472,bc18
bc18_473,bc18
bc18_474,bc18
bc18_475,bc18
bc18_476,bc18
bc18_477,bc18
bc18_478,bc18
bc18_479,bc18
bc18_480,bc18
bc18_481,bc18
bc18_482,bc18
bc18_483,bc18
bc18_484,bc18
bc18_485,bc18
bc18_486,bc18
bc18_487,bc18
bc18_488,bc18
bc18_489,bc18
bc18_490,bc18
bc18_491,bc18
bc18_492,bc18
bc18_493,bc18
bc18_494,bc18
bc18_495,bc18
bc18_496,bc18
bc18_497,bc18
bc18_498,bc18
bc18_499,bc18
bc18_500,bc18
bc18_501,bc18
bc18_502,bc18
bc18_503,bc18
bc18_504,bc18
bc18_505,bc18
bc18_506,bc18
bc18_507,bc18
bc18_508,bc18
bc18_509,bc18
bc18_510,bc18
bc18_511,bc18
bc18_512,bc18
bc18_513,bc18
bc18_514,bc18
bc18_515,bc18
bc18_516,bc18
bc18_517,bc18
bc18_518,bc18
bc18_519,bc18
bc18_520,bc18
bc18_521,bc18
bc18_522,bc18
bc18_523,bc18
bc18_524,bc18
bc18_525,bc18
bc18_526,bc18
bc18_527,bc18
bc18_528,bc18
bc18_529,bc18
bc18_530,bc18
bc18_531,bc18
bc18_532,bc18
bc18_533,bc18
bc18_534,bc18
bc18_535,bc18
bc18_536,bc18
bc18_537,bc18
bc18_538,bc18
bc18_539,bc18
bc18_540,bc18
bc18_541,bc18
bc18_542,bc18
bc18_543,bc18
bc18_544,bc18
bc18_545,bc18
bc18_546,bc18
bc18_547,bc18
bc18_548,bc18
bc18_549,bc18
bc18_550,bc18
bc18_551,bc18
bc18_552,bc18
bc18_553,bc18
bc18_554,bc18
bc18_555,bc18
bc18_556,bc18
bc18_557,bc18
bc18_558,bc18
bc18_559,bc18
bc18_560,bc18
bc18_561,bc18
bc18_562,bc18
bc18_563,bc18
bc18_564,bc18
bc18_565,bc18
bc18_566,bc18
bc18_567,bc18
bc18_568,bc18
bc18_569,bc18
bc18_570,bc18
bc18_571,bc18
bc18_572,bc18
bc18_573,bc18
bc18_574,bc18
bc18_575,bc18
bc18_576,bc18
bc18_577,bc18
bc18_578,bc18
bc18_579,bc18
bc18_580,bc18
bc18_581,bc18
bc18_582,bc18
bc18_583,bc18
bc18_584,bc18
bc18_585,bc18
bc18_586,bc18
bc18_587,bc18
bc18_588,bc18
bc18_589,bc18
bc18_590,bc18
bc18_591,bc18
bc18_592,bc18
bc18_593,bc18
bc18_594,bc18
bc18_595,bc18
bc18_596,bc18
bc18_597,bc18
bc18_598,bc18
bc18_599,bc18
bc18_600,bc18
bc18_601,bc18
bc18_602,bc18
bc18_603,bc18
bc18_604,bc18
bc18_605,bc18
bc18_606,bc18
bc18_607,bc18
bc18_608,bc18
bc18_609,bc18
bc18_610,bc18
bc18_611,bc18
bc18_612,bc18
bc18_613,bc18
bc18_614,bc18
bc18_615,bc18
bc18_616,bc18
bc18_617,bc18
bc18_618,bc18
bc18_619,bc18
bc18_620,bc18
bc18_621,bc18
bc18_622,bc18
bc18_623,bc18
bc18_624,bc18
bc18_625,bc18
bc18_626,bc18
bc18_627,bc18
bc18_628,bc18
bc18_629,bc18
bc18_630,bc18
bc18_631,bc18
bc18_632,bc18
bc18_633,bc18
bc18_634,bc18
bc18_635,bc18
bc18_636,bc18
bc18_637,bc18
bc18_638,bc18
bc18_639,bc18
bc18_640,bc18
bc18_641,bc18
bc18_642,bc18
bc18_643,bc18
bc18_644,bc18
bc18_645,bc18
bc18_646,bc18
bc18_647,bc18
bc18_648,bc18
bc18_649,bc18
bc18_650,bc18
bc18_651,bc18
bc18_652,bc18
bc18_653,bc18
bc18_654,bc18
bc18_655,bc18
bc18_656,bc18
bc18_657,bc18
bc18_658,bc18
bc18_659,bc18
bc18_660,bc18
bc18_661,bc18
bc18_662,bc18
bc18_663,bc18
bc18_664,bc18
bc18_665,bc18
bc18_666,bc18
bc18_667,bc18
bc18_668,bc18
bc18_669,bc18
bc18_670,bc18
bc18_671,bc18
bc18_672,bc18
bc18_673,bc18
bc18_674,bc18
bc18_675,bc18
bc18_676,bc18
bc18_677,bc18
bc18_678,bc18
bc18_679,bc18
bc18_680,bc18
bc18_681,bc18
bc18_682,bc18
bc18_683,bc18
bc18_684,bc18
bc18_685,bc18
bc18_686,bc18
bc18_687,bc18
bc18_688,bc18
bc18_689,bc18
bc18_690,bc18
bc18_691,bc18
bc18_692,bc18
bc18_693,bc18
bc18_694,bc18
bc18_695,bc18
bc18_696,bc18
bc18_697,bc18
bc18_698,bc18
bc18_699,bc18
bc18_700,bc18
bc18_701,bc18
bc18_702,bc18
bc18_703,bc18
bc18_704,bc18
bc18_705,bc18
bc18_706,bc18
bc18_707,bc18
bc18_708,bc18
bc18_709,bc18
bc18_710,bc18
bc18_711,bc18
bc18_712,bc18
bc18_713,bc18
bc18_714,bc18
bc18_715,bc18
bc18_716,bc18
bc18_717,bc18
bc18_718,bc18
bc18_719,bc18
bc18_720,bc18
bc18_721,bc18
bc18_722,bc18
bc18_723,bc18
bc18_724,bc18
bc18_725,bc18
bc18_726,bc18
bc18_727,bc18
bc18_728,bc18
bc18_729,bc18
bc18_730,bc18
bc18_731,bc18
bc18_732,bc18
bc18_733,bc18
bc18_734,bc18
bc18_735,bc18
bc18_736,bc18
bc18_737,bc18
bc18_738,bc18
bc18_739,bc18
bc18_740,bc18
bc18_741,bc18
bc18_742,bc18
bc18_743,bc18
bc18_744,bc18
bc18_745,bc18
bc18_746,bc18
bc18_747,bc18
bc18_748,bc18
bc18_749,bc18
bc18_750,bc18
bc18_751,bc18
bc18_752,bc18
bc18_753,bc18
bc18_754,bc18
bc18_755,bc18
bc18_756,bc18
bc18_757,bc18
bc18_758,bc18
bc18_759,bc18
bc18_760,bc18
bc18_761,bc18
bc18_762,bc18
bc18_763,bc18
bc18_764,bc18
bc18_765,bc18
bc18_766,bc18
bc18_767,bc18
bc18_768,bc18
bc18_769,bc18
bc18_770,bc18
bc18_771,bc18
bc18_772,bc18
bc18_773,bc18
bc18_774,bc18
bc18_775,bc18
bc18_776,bc18
bc18_777,bc18
bc18_778,bc18
bc18_779,bc18
bc18_780,bc18
bc18_781,bc18
bc18_782,bc18
bc18_783,bc18
bc18_784,bc18
bc18_785,bc18
bc18_786,bc18
bc18_787,bc18
bc18_788,bc18
bc18_789,bc18
bc18_790,bc18
bc18_791,bc18
bc18_792,bc18
bc18_793,bc18
bc18_794,bc18
bc18_795,bc18
bc18_796,bc18
bc18_797,bc18
bc18_798,bc18
bc18_799,bc18
bc18_800,bc18
bc18_801,bc18
bc18_802,bc18
bc18_803,Multiplet
bc18_804,bc18
bc18_805,bc18
bc18_806,bc18
bc18_807,bc18
bc18_808,bc18
bc18_809,bc18
bc18_810,bc18
bc18_811,bc18
bc18_812,bc18
bc18_813,bc18
bc18_814,bc18
bc18_815,bc18
bc18_816,bc18
bc18_817,bc18
bc18_818,bc18
bc18_819,bc18
bc18_820,bc18
bc18_821,bc18
bc18_822,bc18
bc18_823,bc18
bc18_824,bc18
bc18_825,bc18
bc18_826,bc18
bc18_827,bc18
bc18_828,bc18
bc18_829,bc18
bc18_830,bc18
bc18_831,bc18
bc18_832,bc18
bc18_833,bc18
bc18_834,bc18
bc18_835,bc18
bc18_836,bc18
bc18_837,bc18
bc18_838,bc18
bc18_839,bc18
bc18_840,bc18
bc18_841,bc18
bc18_842,bc18
bc18_843,bc18
bc18_844,bc18
bc18_845,bc18
bc18_846,bc18
bc18_847,bc18
bc18_848,bc18
bc18_849,bc18
bc18_850,bc18
bc18_851,bc18
bc18_852,bc18
bc18_853,bc18
bc18_854,bc18
bc18_855,bc18
bc18_856,bc18
bc18_857,bc18
bc18_858,bc18
bc18_859,bc18
bc18_860,bc18
bc18_861,bc18
bc18_862,bc18
bc18_863,bc18
bc18_864,bc18
bc18_865,bc18
bc18_866,bc18
bc18_867,bc18
bc18_868,bc18
bc18_869,bc18
bc18_870,bc18
bc18_871,bc18
bc18_872,bc18
bc18_873,bc18
bc18_874,bc18
bc18_875,bc18
bc18_876,bc18
bc18_877,bc18
bc18_878,bc18
bc18_879,bc18
bc18_880,bc18
bc18_881,bc18
bc18_882,bc18
bc18_883,bc18
bc18_884,bc18
bc18_885,bc18
bc18_886,bc18
bc18_887,bc18
bc18_888,bc18
bc18_889,bc18
bc18_890,bc18
bc18_891,bc18
bc18_892,bc18
bc18_893,bc18
bc18_894,bc18
bc18_895,bc18
bc18_896,bc18
bc18_897,bc18
bc18_898,bc18
bc18_899,bc18
bc18_900,bc18
bc18_901,bc18
bc18_902,bc18
bc18_903,bc18
bc18_904,bc18
bc18_905,bc18
bc18_906,bc18
bc18_907,bc18
bc18_908,bc18
bc18_909,bc18
bc18_910,bc18
bc18_911,bc18
bc18_912,bc18
bc18_913,bc18
bc18_914,bc18
bc18_915,bc18
bc18_916,bc18
bc18_917,bc18
bc18_918,bc18
bc18_919,bc18
bc18_920,bc18
bc18_921,bc18
bc18_922,bc18
bc18_923,bc18
bc18_924,bc18
bc18_925,bc18
bc18_926,bc18
bc18_927,bc18
bc18_928,bc18
bc18_929,bc18
bc18_930,bc18
bc18_931,bc18
bc18_932,bc18
bc18_933,bc18
bc18_934,bc18
bc18_935,bc18
bc18_936,bc18
bc18_937,bc18
bc18_938,bc18
bc18_939,bc18
bc18_940,bc18
bc18_941,bc18
bc18_942,bc18
bc18_943,bc18
bc18_944,bc18
bc18_945,bc18
bc18_946,bc18
bc18_947,bc18
bc18_948,bc18
bc18_949,bc18
bc18_950,bc18
bc18_951,bc18
bc18_952,bc18
bc18_953,bc18
bc18_954,bc18
bc18_955,bc18
bc18_956,bc18
bc18_957,bc18
bc18_958,bc18
bc18_959,bc18
bc18_960,bc18
bc18_961,bc18
bc18_962,bc18
bc18_963,bc18
bc18_964,bc18
bc18_965,bc18
bc18_966,bc18
bc18_967,bc18
bc18_968,bc18
bc18_969,bc18
bc18_970,bc18
bc18_971,bc18
bc18_972,bc18
bc18_973,bc18
bc18_974,bc18
bc18_975,bc18
bc18_976,bc18
bc18_977,bc18
bc18_978,bc18
bc18_979,bc18
bc18_980,bc18
bc18_981,bc18
bc18_982,bc18
bc18_983,bc18
bc18_984,bc18
bc18_985,bc18
bc18_986,bc18
bc18_987,bc18
bc18_988,bc18
bc18_989,bc18
bc18_990,bc18
bc18_991,bc18
bc18_992,bc18
bc18_993,bc18
bc18_994,bc18
bc18_995,bc18
bc18_996,bc18
bc18_997,bc18
bc18_998,bc18
bc18_999,bc18
bc18_1000,bc18
bc18_1001,bc18
bc18_1002,bc18
bc18_1003,bc18
bc18_1004,bc18
bc18_1005,bc18
bc18_1006,bc18
bc18_1007,bc18
bc18_1008,bc18
bc18_1009,bc18
bc18_1010,bc18
bc18_1011,bc18
bc18_1012,bc18
bc18_1013,bc18
bc18_1014,bc18
bc18_1015,bc18
bc18_1016,bc18
bc18_1017,bc18
bc18_1018,bc18
bc18_1019,bc18
bc18_1020,bc18
bc18_1021,bc18
bc18_1022,bc18
bc18_1023,bc18
bc18_1024,bc18
bc18_1025,bc18
bc18_1026,bc18
bc18_1027,bc18
bc18_1028,bc18
bc18_1029,bc18
bc18_1030,bc18
bc18_1031,bc18
bc18_1032,bc18
bc18_1033,bc18
bc18_1034,bc18
bc18_1035,bc18
bc18_1036,bc18
bc18_1037,bc18
bc18_1038,bc18
bc18_1039,bc18
bc18_1040,bc18
bc18_1041,bc18
bc18_1042,bc18
bc18_1043,bc18
bc18_1044,bc18
bc18_1045,bc18
bc18_1046,bc18
bc18_1047,bc18
bc18_1048,bc18
bc18_1049,bc18
bc18_1050,bc18
bc18_1051,bc18
bc18_1052,bc18
bc18_1053,bc18
bc18_1054,bc18
bc18_1055,bc18
bc18_1056,bc18
bc18_1057,bc18
bc18_1058,bc18
bc18_1059,bc18
bc18_1060,bc18
bc18_1061,bc18
bc18_1062,bc18
bc18_1063,bc18
bc18_1064,bc18
bc18_1065,bc18
bc18_1066,bc18
bc18_1067,bc18
bc18_1068,bc18
bc18_1069,bc18
bc18_1070,bc18
bc18_1071,bc18
bc18_1072,bc18
bc18_1073,bc18
bc18_1074,bc18
bc18_1075,bc18
bc18_1076,bc18
bc18_1077,bc18
bc18_1078,bc18
bc18_1079,bc18
bc18_1080,bc18
bc18_1081,bc18
bc18_1082,bc18
bc18_1083,bc18
bc18_1084,bc18
bc18_1085,bc18
bc18_1086,bc18
bc18_1087,bc18
bc18_1088,bc18
bc18_1089,bc18
bc18_1090,bc18
bc18_1091,bc18
bc18_1092,bc18
bc18_1093,bc18
bc18_1094,bc18
bc18_1095,bc18
bc18_1096,bc18
bc18_1097,bc18
bc18_1098,bc18
bc18_1099,bc18
bc18_1100,bc18
bc18_1101,bc18
bc18_1102,bc18
bc18_1103,bc18
bc18_1104,bc18
bc18_1105,bc18
bc18_1106,bc18
bc18_1107,bc18
bc18_1108,bc18
bc18_1109,bc18
bc18_1110,bc18
bc18_1111,bc18
bc18_1112,bc18
bc18_1113,bc18
bc18_1114,bc18
bc18_1115,bc18
bc18_1116,bc18
bc18_1117,bc18
bc18_1118,bc18
bc18_1119,bc18
bc18_1120,bc18
bc18_1121,bc18
bc18_1122,bc18
bc18_1123,bc18
bc18_1124,bc18
bc18_1125,bc18
bc18_1126,bc18
bc18_1127,bc18
bc18_1128,bc18
bc18_1129,bc18
bc18_1130,bc18
bc18_1131,bc18
bc18_1132,bc18
bc18_1133,bc18
bc18_1134,bc18
bc18_1135,bc18
bc18_1136,bc18
bc18_1137,bc18
bc18_1138,bc18
bc18_1139,bc18
bc18_1140,bc18
bc18_1141,bc18
bc18_1142,bc18
bc18_1143,bc18
bc18_1144,bc18
bc18_1145,bc18
bc18_1146,bc18
bc18_1147,bc18
bc18_1148,bc18
bc18_1149,bc18
bc18_1150,bc18
bc18_1151,bc18
bc18_1152,bc18
bc18_1153,bc18
bc18_1154,bc18
bc18_1155,bc18
bc18_1156,bc18
bc18_1157,bc18
bc18_1158,bc18
bc18_1159,bc18
bc18_1160,bc18
bc18_1161,bc18
bc18_1162,bc18
bc18_1163,bc18
bc18_1164,bc18
bc18_1165,bc18
bc18_1166,bc18
bc18_1167,bc18
bc18_1168,bc18
bc18_1169,bc18
bc18_1170,bc18
bc18_1171,bc18
bc18_1172,bc18
bc18_1173,bc18
bc18_1174,bc18
bc18_1175,bc18
bc18_1176,bc18
bc18_1177,bc18
bc18_1178,bc18
bc18_1179,bc18
bc18_1180,bc18
bc18_1181,bc18
bc18_1182,bc18
bc18_1183,bc18
bc18_1184,bc18
bc18_1185,bc18
bc18_1186,bc18
bc18_1187,bc18
bc18_1188,bc18
bc18_1189,bc18
bc18_1190,bc18
bc18_1191,bc18
bc18_1192,bc18
bc18_1193,bc18
bc18_1194,bc18
bc18_1195,bc18
bc18_1196,bc18
bc18_1197,bc18
bc18_1198,bc18
bc18_1199,bc18
bc18_1200,bc18
bc18_1201,bc18
bc18_1202,bc18
bc18_1203,bc18
bc18_1204,bc18
bc18_1205,bc18
bc18_1206,bc18
bc18_1207,bc18
bc18_1208,bc18
bc18_1209,bc18
bc18_1210,bc18
bc18_1211,bc18
bc18_1212,bc18
bc18_1213,bc18
bc18_1214,bc18
bc18_1215,bc18
bc18_1216,bc18
bc18_1217,bc18
bc18_1218,bc18
bc18_1219,bc18
bc18_1220,bc18
bc18_1221,bc18
bc18_1222,bc18
bc18_1223,bc18
bc18_1224,bc18
bc18_1225,bc18
bc18_1226,bc18
bc18_1227,bc18
bc18_1228,bc18
bc18_1229,bc18
bc18_1230,bc18
bc18_1231,bc18
bc18_1232,bc18
bc18_1233,bc18
bc18_1234,bc18
bc18_1235,bc18
bc18_1236,bc18
bc18_1237,bc18
bc18_1238,bc18
bc18_1239,bc18
bc18_1240,bc18
bc18_1241,bc18
bc18_1242,bc18
bc18_1243,bc18
bc18_1244,bc18
bc18_1245,bc18
bc18_1246,bc18
bc18_1247,bc18
bc18_1248,bc18
bc18_1249,bc18
bc18_1250,bc18
bc18_1251,bc18
bc18_1252,bc18
bc18_1253,bc18
bc18_1254,bc18
bc18_1255,bc18
bc18_1256,bc18
bc18_1257,bc18
bc18_1258,bc18
bc18_1259,bc18
bc18_1260,bc18
bc18_1261,bc18
bc18_1262,bc18
bc18_1263,bc18
bc18_1264,bc18
bc18_1265,bc18
bc18_1266,bc18
bc18_1267,bc18
bc18_1268,bc18
bc18_1269,bc18
bc18_1270,bc18
bc18_1271,bc18
bc18_1272,bc18
bc18_1273,bc18
bc18_1274,bc18
bc18_1275,bc18
bc18_1276,bc18
bc18_1277,bc18
bc18_1278,bc18
bc18_1279,bc18
bc18_1280,bc18
bc18_1281,bc18
bc18_1282,bc18
bc18_1283,bc18
bc18_1284,bc18
bc18_1285,bc18
bc18_1286,bc18
bc18_1287,bc18
bc18_1288,bc18
bc18_1289,bc18
bc18_1290,bc18
bc18_1291,bc18
bc18_1292,bc18
bc18_1293,bc18
bc18_1294,bc18
bc18_1295,bc18
bc18_1296,bc18
bc18_1297,bc18
bc18_1298,bc18
bc18_1299,bc18
bc18_1300,bc18
bc18_1301,bc18
bc18_1302,bc18
bc18_1303,bc18
bc18_1304,bc18
bc18_1305,bc18
bc18_1306,bc18
bc18_1307,bc18
bc18_1308,bc18
bc18_1309,bc18
bc18_1310,bc18
bc18_1311,bc18
bc18_1312,bc18
bc18_1313,bc18
bc18_1314,bc18
bc18_1315,bc18
bc18_1316,bc18
bc18_1317,bc18
bc18_1318,bc18
bc18_1319,bc18
bc18_1320,bc18
bc18_1321,bc18
bc18_1322,bc18
bc18_1323,bc18
bc18_1324,bc18
bc18_1325,bc18
bc18_1326,bc18
bc18_1327,bc18
bc18_1328,bc18
bc18_1329,bc18
bc18_1330,bc18
bc18_1331,bc18
bc18_1332,bc18
bc18_1333,bc18
bc18_1334,bc18
bc18_1335,bc18
bc18_1336,bc18
bc18_1337,bc18
bc18_1338,bc18
bc18_1339,bc18
bc18_1340,bc18
bc18_1341,bc18
bc18_1342,bc18
bc18_1343,bc18
bc18_1344,bc18
bc18_1345,bc18
bc18_1346,bc18
bc18_1347,bc18
bc18_1348,bc18
bc18_1349,bc18
bc18_1350,bc18
bc18_1351,bc18
bc18_1352,bc18
bc18_1353,bc18
bc18_1354,bc18
bc18_1355,bc18
bc18_1356,bc18
bc18_1357,Multiplet
bc18_1358,bc18
bc18_1359,bc18
bc18_1360,bc18
bc18_1361,bc18
bc18_1362,bc18
bc18_1363,bc18
bc18_1364,bc18
bc18_1365,bc18
bc18_1366,bc18
bc18_1367,bc18
bc18_1368,bc18
bc18_1369,bc18
bc18_1370,bc18
bc18_1371,bc18
bc18_1372,bc18
bc18_1373,bc18
bc18_1374,bc18
bc18_1375,bc18
bc18_1376,bc18
bc18_1377,bc18
bc18_1378,bc18
bc18_1379,bc18
bc18_1380,bc18
bc18_1381,bc18
bc18_1382,bc18
bc18_1383,bc18
bc18_1384,bc18
bc18_1385,bc18
bc18_1386,bc18
bc18_1387,bc18
bc18_1388,bc18
bc18_1389,bc18
bc18_1390,bc18
bc18_1391,bc18
bc18_1392,bc18
bc18_1393,bc18
bc18_1394,bc18
bc18_1395,bc18
bc18_1396,bc18
bc18_1397,bc18
bc18_1398,bc18
bc18_1399,bc18
bc18_1400,bc18
bc18_1401,bc18
bc18_1402,bc18
bc18_1403,bc18
bc18_1404,bc18
bc18_1405,bc18
bc18_1406,bc18
bc18_1407,bc18
bc18_1408,bc18
bc18_1409,bc18
bc18_1410,bc18
bc18_1411,bc18
bc18_1412,bc18
bc18_1413,bc18
bc18_1414,bc18
bc18_1415,bc18
bc18_1416,bc18
bc18_1417,bc18
bc18_1418,bc18
bc18_1419,bc18
bc18_1420,bc18
bc18_1421,bc18
bc18_1422,bc18
bc18_1423,bc18
bc18_1424,bc18
bc18_1425,bc18
bc18_1426,bc18
bc18_1427,bc18
bc18_1428,bc18
bc18_1429,bc18
bc18_1430,bc18
bc18_1431,bc18
bc18_1432,bc18
bc18_1433,bc18
bc18_1434,bc18
bc18_1435,bc18
bc18_1436,bc18
bc18_1437,bc18
bc18_1438,bc18
bc18_1439,bc18
bc18_1440,bc18
bc18_1441,bc18
bc18_1442,bc18
bc18_1443,bc18
bc18_1444,bc18
bc18_1445,bc18
bc18_1446,bc18
bc18_1447,bc18
bc18_1448,bc18
bc18_1449,bc18
bc18_1450,bc18
bc18_1451,bc18
bc18_1452,bc18
bc18_1453,bc18
bc18_1454,bc18
bc18_1455,bc18
bc18_1456,bc18
bc18_1457,bc18
bc18_1458,bc18
bc18_1459,bc18
bc18_1460,bc18
bc18_1461,bc18
bc18_1462,bc18
bc18_1463,bc18
bc18_1464,bc18
bc18_1465,bc18
bc18_1466,bc18
bc18_1467,bc18
bc18_1468,bc18
bc18_1469,bc18
bc18_1470,bc18
bc18_1471,bc18
bc18_1472,bc18
bc18_1473,bc18
bc18_1474,bc18
bc18_1475,bc18
bc18_1476,bc18
bc18_1477,bc18
bc18_1478,bc18
bc18_1479,bc18
bc18_1480,bc18
bc18_1481,bc18
bc18_1482,bc18
bc18_1483,bc18
bc18_1484,bc18
bc18_1485,bc18
bc18_1486,bc18
bc18_1487,bc18
bc18_1488,bc18
bc18_1489,bc18
bc18_1490,bc18
bc18_1491,bc18
bc18_1492,bc18
bc18_1493,bc18
bc18_1494,bc18
bc18_1495,bc18
bc18_1496,bc18
bc18_1497,bc18
bc18_1498,bc18
bc18_1499,bc18
bc18_1500,bc18
bc18_1501,bc18
bc18_1502,bc18
bc18_1503,bc18
bc18_1504,bc18
bc18_1505,bc18
bc18_1506,bc18
bc18_1507,bc18
bc18_1508,bc18
bc18_1509,bc18
bc18_1510,bc18
bc18_1511,bc18
bc18_1512,bc18
bc18_1513,bc18
bc18_1514,bc18
bc18_1515,bc18
bc18_1516,bc18
bc18_1517,bc18
bc18_1518,bc18
bc18_1519,bc18
bc18_1520,bc18
bc18_1521,bc18
bc18_1522,bc18
bc18_1523,bc18
bc18_1524,bc18
bc18_1525,bc18
bc18_1526,bc18
bc18_1527,bc18
bc18_1528,bc18
bc18_1529,bc18
bc18_1530,bc18
bc18_1531,bc18
bc18_1532,bc18
bc18_1533,bc18
bc18_1534,bc18
bc18_1535,bc18
bc18_1536,bc18
bc18_1537,bc18
bc18_1538,bc18
bc18_1539,bc18
bc18_1540,bc18
bc18_1541,bc18
bc18_1542,bc18
bc18_1543,bc18
bc18_1544,bc18
bc18_1545,bc18
bc18_1546,bc18
bc18_1547,bc18
bc18_1548,bc18
bc18_1549,bc18
bc18_1550,bc18
bc18_1551,bc18
bc18_1552,bc18
bc18_1553,bc18
bc18_1554,bc18
bc18_1555,bc18
bc18_1556,bc18
bc18_1557,bc18
bc18_1558,bc18
bc18_1559,bc18
bc18_1560,bc18
bc18_1561,bc18
bc18_1562,bc18
bc18_1563,bc18
bc18_1564,bc18
bc18_1565,bc18
bc18_1566,bc18
bc18_1567,bc18
bc18_1568,bc18
bc18_1569,bc18
bc18_1570,bc18
bc18_1571,bc18
bc18_1572,bc18
bc18_1573,bc18
bc18_1574,bc18
bc18_1575,bc18
bc18_1576,bc18
bc18_1577,bc18
bc18_1578,bc18
bc18_1579,bc18
bc18_1580,bc18
bc18_1581,bc18
bc18_1582,bc18
bc18_1583,bc18
bc18_1584,bc18
bc18_1585,bc18
bc18_1586,bc18
bc18_1587,bc18
bc18_1588,bc18
bc18_1589,bc18
bc18_1590,bc18
bc18_1591,bc18
bc18_1592,bc18
bc18_1593,bc18
bc18_1594,bc18
bc18_1595,bc18
bc18_1596,bc18
bc18_1597,bc18
bc18_1598,bc18
bc18_1599,bc18
bc18_1600,bc18
bc18_1601,bc18
bc18_1602,bc18
bc18_1603,bc18
bc18_1604,bc18
bc18_1605,bc18
bc18_1606,bc18
bc18_1607,bc18
bc18_1608,bc18
bc18_1609,bc18
bc18_1610,bc18
bc18_1611,bc18
bc18_1612,bc18
bc18_1613,bc18
bc18_1614,bc18
bc18_1615,bc18
bc18_1616,bc18
bc18_1617,bc18
bc18_1618,bc18
bc18_1619,bc18
bc18_1620,bc18
bc18_1621,bc18
bc18_1622,bc18
bc18_1623,bc18
bc18_1624,bc18
bc18_1625,bc18
bc18_1626,bc18
bc18_1627,bc18
bc18_1628,bc18
bc18_1629,bc18
bc18_1630,bc18
bc18_1631,bc18
bc18_1632,bc18
bc18_1633,bc18
bc18_1634,bc18
bc18_1635,bc18
bc18_1636,bc18
bc18_1637,bc18
bc18_1638,bc18
bc18_1639,bc18
bc18_1640,bc18
bc18_1641,bc18
bc18_1642,bc18
bc18_1643,bc18
bc18_1644,bc18
bc18_1645,bc18
bc18_1646,bc18
bc18_1647,bc18
bc18_1648,bc18
bc18_1649,bc18
bc18_1650,bc18
bc18_1651,bc18
bc18_1652,bc18
bc18_1653,bc18
bc18_1654,bc18
bc18_1655,bc18
bc18_1656,bc18
bc18_1657,bc18
bc18_1658,bc18
bc18_1659,bc18
bc18_1660,bc18
bc18_1661,bc18
bc18_1662,bc18
bc18_1663,bc18
bc18_1664,bc18
bc18_1665,bc18
bc18_1666,bc18
bc18_1667,bc18
bc18_1668,bc18
bc18_1669,bc18
bc18_1670,bc18
bc18_1671,bc18
bc18_1672,bc18
bc18_1673,bc18
bc18_1674,bc18
bc18_1675,bc18
bc18_1676,bc18
bc18_1677,bc18
bc18_1678,bc18
bc18_1679,bc18
bc18_1680,bc18
bc18_1681,bc18
bc18_1682,bc18
bc18_1683,bc18
bc18_1684,bc18
bc18_1685,bc18
bc18_1686,bc18
bc18_1687,bc18
bc18_1688,bc18
bc18_1689,bc18
bc18_1690,bc18
bc18_1691,bc18
bc18_1692,bc18
bc18_1693,bc18
bc18_1694,bc18
bc18_1695,bc18
bc18_1696,bc18
bc18_1697,bc18
bc18_1698,bc18
bc18_1699,bc18
bc18_1700,bc18
bc18_1701,bc18
bc18_1702,bc18
bc18_1703,bc18
bc18_1704,bc18
bc18_1705,bc18
bc18_1706,bc18
bc18_1707,bc18
bc18_1708,bc18
bc18_1709,bc18
bc18_1710,bc18
bc18_1711,bc18
bc18_1712,bc18
bc18_1713,bc18
bc18_1714,bc18
bc18_1715,bc18
bc18_1716,bc18
bc18_1717,bc18
bc18_1718,bc18
bc18_1719,bc18
bc18_1720,bc18
bc18_1721,bc18
bc18_1722,bc18
bc18_1723,bc18
bc18_1724,bc18
bc18_1725,bc18
bc18_1726,bc18
bc18_1727,bc18
bc18_1728,bc18
bc18_1729,bc18
bc18_1730,bc18
bc18_1731,bc18
bc18_1732,bc18
bc18_1733,bc18
bc18_1734,bc18
bc18_1735,bc18
bc18_1736,bc18
bc18_1737,bc18
bc18_1738,bc18
bc18_1739,bc18
bc18_1740,bc18
bc18_1741,bc18
bc18_1742,bc18
bc18_1743,bc18
bc18_1744,bc18
bc18_1745,bc18
bc18_1746,bc18
bc18_1747,bc18
bc18_1748,bc18
bc18_1749,bc18
bc18_1750,bc18
bc18_1751,bc18
bc18_1752,bc18
bc18_1753,bc18
bc18_1754,bc18
bc18_1755,bc18
bc18_1756,bc18
bc18_1757,bc18
bc18_1758,bc18
bc18_1759,bc18
bc18_1760,bc18
bc18_1761,bc18
bc18_1762,bc18
bc18_1763,bc18
bc18_1764,bc18
bc18_1765,bc18
bc18_1766,bc18
bc18_1767,bc18
bc18_1768,bc18
bc18_1769,bc18
bc18_1770,bc18
bc18_1771,bc18
bc18_1772,bc18
bc18_1773,bc18
bc18_1774,bc18
bc18_1775,bc18
bc18_1776,bc18
bc18_1777,bc18
bc18_1778,bc18
bc18_1779,bc18
bc18_1780,bc18
bc18_1781,bc18
bc18_1782,bc18
bc18_1783,bc18
bc18_1784,bc18
bc18_1785,bc18
bc18_1786,bc18
bc18_1787,bc18
bc18_1788,bc18
bc18_1789,bc18
bc18_1790,bc18
bc18_1791,bc18
bc18_1792,bc18
bc18_1793,bc18
bc18_1794,bc18
bc18_1795,bc18
bc18_1796,bc18
bc18_1797,bc18
bc18_1798,bc18
bc18_1799,bc18
bc18_1800,bc18
bc18_1801,bc18
bc18_1802,bc18
bc18_1803,bc18
bc18_1804,bc18
bc18_1805,bc18
bc18_1806,bc18
bc18_1807,bc18
bc18_1808,bc18
bc18_1809,bc18
bc18_1810,bc18
bc18_1811,bc18
bc18_1812,bc18
bc18_1813,bc18
bc18_1814,bc18
bc18_1815,bc18
bc18_1816,bc18
bc18_1817,bc18
bc18_1818,bc18
bc18_1819,bc18
bc18_1820,bc18
bc18_1821,bc18
bc18_1822,bc18
bc18_1823,bc18
bc18_1824,bc18
bc18_1825,bc18
bc18_1826,bc18
bc18_1827,bc18
bc18_1828,bc18
bc18_1829,bc18
bc18_1830,bc18
bc18_1831,bc18
bc18_1832,bc18
bc18_1833,bc18
bc18_1834,bc18
bc18_1835,bc18
bc18_1836,bc18
bc18_1837,bc18
bc18_1838,bc18
bc18_1839,bc18
bc18_1840,bc18
bc18_1841,bc18
bc18_1842,bc18
bc18_1843,bc18
bc18_1844,bc18
bc18_1845,bc18
bc18_1846,bc18
bc18_1847,bc18
bc18_1848,bc18
bc18_1849,bc18
bc18_1850,bc18
bc18_1851,bc18
bc18_1852,bc18
bc18_1853,bc18
bc18_1854,bc18
bc18_1855,bc18
bc18_1856,bc18
bc18_1857,bc18
bc18_1858,bc18
bc18_1859,bc18
bc18_1860,bc18
bc18_1861,bc18
bc18_1862,bc18
bc18_1863,bc18
bc18_1864,bc18
bc18_1865,bc18
bc18_1866,bc18
bc18_1867,bc18
bc18_1868,bc18
bc18_1869,bc18
bc18_1870,bc18
bc18_1871,bc18
bc18_1872,bc18
bc18_1873,bc18
bc18_1874,bc18
bc18_1875,bc18
bc18_1876,bc18
bc18_1877,bc18
bc18_1878,bc18
bc18_1879,bc18
bc18_1880,bc18
bc18_1881,bc18
bc18_1882,bc18
bc18_1883,bc18
bc18_1884,bc18
bc18_1885,bc18
bc18_1886,bc18
bc18_1887,bc18
bc18_1888,bc18
bc18_1889,bc18
bc18_1890,bc18
bc18_1891,bc18
bc18_1892,bc18
bc18_1893,bc18
bc18_1894,bc18
bc18_1895,bc18
bc18_1896,bc18
bc18_1897,bc18
bc18_1898,bc18
bc18_1899,bc18
bc18_1900,bc18
bc18_1901,bc18
bc18_1902,bc18
bc18_1903,bc18
bc18_1904,bc18
bc18_1905,bc18
bc18_1906,bc18
bc18_1907,bc18
bc18_1908,bc18
bc18_1909,bc18
bc18_1910,bc18
bc18_1911,bc18
bc18_1912,bc18
bc18_1913,bc18
bc18_1914,bc18
bc18_1915,bc18
bc18_1916,bc18
bc18_1917,bc18
bc18_1918,bc18
bc18_1919,bc18
bc18_1920,bc18
bc18_1921,bc18
bc18_1922,bc18
bc18_1923,bc18
bc18_1924,bc18
bc18_1925,bc18
bc18_1926,bc18
bc18_1927,bc18
bc18_1928,bc18
bc18_1929,bc18
bc18_1930,bc18
bc18_1931,bc18
bc18_1932,bc18
bc18_1933,bc18
bc18_1934,bc18
bc18_1935,bc18
bc18_1936,bc18
bc18_1937,bc18
bc18_1938,bc18
bc18_1939,bc18
bc18_1940,bc18
bc18_1941,bc18
bc18_1942,bc18
bc18_1943,bc18
bc18_1944,bc18
bc18_1945,bc18
bc18_1946,bc18
bc18_1947,bc18
bc18_1948,bc18
bc18_1949,bc18
bc18_1950,bc18
bc18_1951,bc18
bc18_1952,bc18
bc18_1953,bc18
bc18_1954,bc18
bc18_1955,bc18
bc18_1956,bc18
bc18_1957,bc18
bc18_1958,bc18
bc18_1959,bc18
bc18_1960,bc18
bc18_1961,bc18
bc18_1962,bc18
bc18_1963,bc18
bc18_1964,bc18
bc18_1965,bc18
bc18_1966,Multiplet
bc18_1967,bc18
bc18_1968,bc18
bc18_1969,bc18
bc18_1970,bc18
bc18_1971,bc18
bc18_1972,bc18
bc18_1973,bc18
bc18_1974,bc18
bc18_1975,bc18
bc18_1976,bc18
bc18_1977,bc18
bc18_1978,bc18
bc18_1979,bc18
bc18_1980,bc18
bc18_1981,bc18
bc18_1982,bc18
bc18_1983,bc18
bc18_1984,bc18
bc18_1985,bc18
bc18_1986,bc18
bc18_1987,bc18
bc18_1988,bc18
bc18_1989,bc18
bc18_1990,bc18
bc18_1991,bc18
bc18_1992,bc18
bc18_1993,bc18
bc18_1994,bc18
bc18_1995,bc18
bc18_1996,bc18
bc18_1997,bc18
bc18_1998,bc18
bc18_1999,bc18
bc18_2000,bc18
bc18_2001,bc18
bc18_2002,bc18
bc18_2003,bc18
bc18_2004,bc18
bc18_2005,bc18
bc18_2006,bc18
bc18_2007,bc18
bc18_2008,bc18
bc18_2009,bc18
bc18_2010,bc18
bc18_2011,bc18
bc18_2012,bc18
bc18_2013,bc18
bc18_2014,bc18
bc18_2015,bc18
bc18_2016,bc18
bc18_2017,bc18
bc18_2018,bc18
bc18_2019,bc18
bc18_2020,bc18
bc18_2021,bc18
bc18_2022,bc18
bc18_2023,bc18
bc18_2024,bc18
bc18_2025,bc18
bc18_2026,bc18
bc18_2027,bc18
bc18_2028,bc18
bc18_2029,bc18
bc18_2030,bc18
bc18_2031,bc18
bc18_2032,bc18
bc18_2033,bc18
bc18_2034,bc18
bc18_2035,bc18
bc18_2036,bc18
bc18_2037,bc18
bc18_2038,bc18
bc18_2039,bc18
bc18_2040,bc18
bc18_2041,bc18
bc18_2042,bc18
bc18_2043,bc18
bc18_2044,bc18
bc18_2045,bc18
bc18_2046,bc18
bc18_2047,bc18
bc18_2048,bc18
bc18_2049,bc18
bc18_2050,bc18
bc18_2051,bc18
bc18_2052,bc18
bc18_2053,bc18
bc18_2054,bc18
bc18_2055,bc18
bc18_2056,bc18
bc18_2057,bc18
bc18_2058,bc18
bc18_2059,bc18
bc18_2060,bc18
bc18_2061,bc18
bc18_2062,bc18
bc18_2063,bc18
bc18_2064,bc18
bc18_2065,bc18
bc18_2066,bc18
bc18_2067,bc18
bc18_2068,bc18
bc18_2069,bc18
bc18_2070,bc18
bc18_2071,bc18
bc18_2072,bc18
bc18_2073,bc18
bc18_2074,bc18
bc18_2075,bc18
bc18_2076,bc18
bc18_2077,bc18
bc18_2078,bc18
bc18_2079,bc18
bc18_2080,bc18
bc18_2081,bc18
bc18_2082,bc18
bc18_2083,bc18
bc18_2084,bc18
bc18_2085,bc18
bc18_2086,bc18
bc18_2087,bc18
bc18_2088,bc18
bc18_2089,bc18
bc18_2090,bc18
bc18_2091,bc18
bc18_2092,bc18
bc18_2093,bc18
bc18_2094,bc18
bc18_2095,bc18
bc18_2096,bc18
bc18_2097,bc18
bc18_2098,bc18
bc18_2099,bc18
bc18_2100,bc18
bc18_2101,bc18
bc18_2102,bc18
bc18_2103,bc18
bc18_2104,bc18
bc18_2105,bc18
bc18_2106,bc18
bc18_2107,bc18
bc18_2108,bc18
bc18_2109,bc18
bc18_2110,bc18
bc18_2111,bc18
bc18_2112,bc18
bc18_2113,bc18
bc18_2114,bc18
bc18_2115,bc18
bc18_2116,bc18
bc18_2117,bc18
bc18_2118,bc18
bc18_2119,bc18
bc18_2120,bc18
bc18_2121,bc18
bc18_2122,bc18
bc18_2123,bc18
bc18_2124,bc18
bc18_2125,bc18
bc18_2126,bc18
bc18_2127,bc18
bc18_2128,bc18
bc18_2129,bc18
bc18_2130,bc18
bc18_2131,bc18
bc18_2132,bc18
bc18_2133,bc18
bc18_2134,bc18
bc18_2135,bc18
bc18_2136,bc18
bc18_2137,bc18
bc18_2138,bc18
bc18_2139,bc18
bc18_2140,bc18
bc18_2141,bc18
bc18_2142,bc18
bc18_2143,bc18
bc18_2144,bc18
bc18_2145,bc18
bc18_2146,bc18
bc18_2147,bc18
bc18_2148,bc18
bc18_2149,bc18
bc18_2150,bc18
bc18_2151,bc18
bc18_2152,bc18
bc18_2153,bc18
bc18_2154,bc18
bc18_2155,bc18
bc18_2156,bc18
bc18_2157,bc18
bc18_2158,bc18
bc18_2159,bc18
bc18_2160,bc18
bc18_2161,bc18
bc18_2162,bc18
bc18_2163,bc18
bc18_2164,bc18
bc18_2165,bc18
bc18_2166,bc18
bc18_2167,bc18
bc18_2168,bc18
bc18_2169,Negative
bc18_2170,bc18
bc18_2171,bc18
bc18_2172,bc18
bc18_2173,bc18
bc18_2174,bc18
bc18_2175,bc18
bc18_2176,bc18
bc18_2177,bc18
bc18_2178,bc18
bc18_2179,bc18
bc18_2180,bc18
bc18_2181,bc18
bc18_2182,bc18
bc18_2183,bc18
bc18_2184,bc18
bc18_2185,bc18
bc18_2186,bc18
bc18_2187,bc18
bc18_2188,bc18
bc18_2189,bc18
bc18_2190,bc18
bc18_2191,bc18
bc18_2192,bc18
bc18_2193,bc18
bc18_2194,bc18
bc18_2195,bc18
bc18_2196,bc18
bc18_2197,bc18
bc18_2198,bc18
bc18_2199,bc18
bc18_2200,bc18
bc18_2201,bc18
bc18_2202,bc18
bc18_2203,bc18
bc18_2204,bc18
bc18_2205,bc18
bc18_2206,bc18
bc18_2207,bc18
bc18_2208,bc18
bc18_2209,bc18
bc18_2210,bc18
bc18_2211,bc18
bc18_2212,bc18
bc18_2213,bc18
bc18_2214,bc18
bc18_2215,bc18
bc18_2216,bc18
bc18_2217,bc18
bc18_2218,bc18
bc18_2219,bc18
bc18_2220,bc18
bc18_2221,bc18
bc18_2222,bc18
bc18_2223,bc18
bc18_2224,bc18
bc18_2225,bc18
bc18_2226,bc18
bc18_2227,bc18
bc18_2228,bc18
bc18_2229,bc18
bc18_2230,bc18
bc18_2231,bc18
bc18_2232,bc18
bc18_2233,bc18
bc18_2234,bc18
bc18_2235,bc18
bc18_2236,bc18
bc19_1,bc19
bc19_2,bc19
bc19_3,bc19
bc19_4,bc19
bc19_5,bc19
bc19_6,bc19
bc19_7,bc19
bc19_8,bc19
bc19_9,bc19
bc19_10,bc19
bc19_11,bc19
bc19_12,bc19
bc19_13,bc19
bc19_14,bc19
bc19_15,bc19
bc19_16,bc19
bc19_17,bc19
bc19_18,bc19
bc19_19,bc19
bc19_20,bc19
bc19_21,bc19
bc19_22,bc19
bc19_23,bc19
bc19_24,bc19
bc19_25,bc19
bc19_26,bc19
bc19_27,bc19
bc19_28,bc19
bc19_29,bc19
bc19_30,bc19
bc19_31,bc19
bc19_32,bc19
bc19_33,bc19
bc19_34,bc19
bc19_35,bc19
bc19_36,bc19
bc19_37,bc19
bc19_38,bc19
bc19_39,bc19
bc19_40,bc19
bc19_41,bc19
bc19_42,bc19
bc19_43,bc19
bc19_44,bc19
bc19_45,bc19
bc19_46,bc19
bc19_47,bc19
bc19_48,bc19
bc19_49,bc19
bc19_50,bc19
bc19_51,bc19
bc19_52,bc19
bc19_53,bc19
bc19_54,bc19
bc19_55,bc19
bc19_56,bc19
bc19_57,bc19
bc19_58,bc19
bc19_59,bc19
bc19_60,bc19
bc19_61,bc19
bc19_62,bc19
bc19_63,bc19
bc19_64,bc19
bc19_65,bc19
bc19_66,bc19
bc19_67,bc19
bc19_68,bc19
bc19_69,bc19
bc19_70,bc19
bc19_71,bc19
bc19_72,bc19
bc19_73,bc19
bc19_74,bc19
bc19_75,bc19
bc19_76,bc19
bc19_77,bc19
bc19_78,bc19
bc19_79,bc19
bc19_80,bc19
bc19_81,bc19
bc19_82,bc19
bc19_83,bc19
bc19_84,bc19
bc19_85,bc19
bc19_86,bc19
bc19_87,bc19
bc19_88,bc19
bc19_89,bc19
bc19_90,bc19
bc19_91,bc19
bc19_92,bc19
bc19_93,bc19
bc19_94,bc19
bc19_95,bc19
bc19_96,bc19
bc19_97,bc19
bc19_98,bc19
bc19_99,bc19
bc19_100,bc19
bc19_101,bc19
bc19_102,bc19
bc19_103,bc19
bc19_104,bc19
bc19_105,bc19
bc19_106,bc19
bc19_107,bc19
bc19_108,bc19
bc19_109,Multiplet
bc19_110,bc19
bc19_111,bc19
bc19_112,bc19
bc19_113,bc19
bc19_114,bc19
bc19_115,bc19
bc19_116,bc19
bc19_117,bc19
bc19_118,bc19
bc19_119,bc19
bc19_120,bc19
bc19_121,bc19
bc19_122,bc19
bc19_123,bc19
bc19_124,bc19
bc19_125,bc19
bc19_126,bc19
bc19_127,bc19
bc19_128,bc19
bc19_129,bc19
bc19_130,bc19
bc19_131,bc19
bc19_132,bc19
bc19_133,bc19
bc19_134,bc19
bc19_135,bc19
bc19_136,bc19
bc19_137,bc19
bc19_138,bc19
bc19_139,bc19
bc19_140,bc19
bc19_141,bc19
bc19_142,bc19
bc19_143,bc19
bc19_144,bc19
bc19_145,bc19
bc19_146,bc19
bc19_147,bc19
bc19_148,bc19
bc19_149,bc19
bc19_150,bc19
bc19_151,bc19
bc19_152,bc19
bc19_153,bc19
bc19_154,bc19
bc19_155,bc19
bc19_156,bc19
bc19_157,bc19
bc19_158,bc19
bc19_159,bc19
bc19_160,bc19
bc19_161,bc19
bc19_162,bc19
bc19_163,bc19
bc19_164,bc19
bc19_165,bc19
bc19_166,bc19
bc19_167,bc19
bc19_168,bc19
bc19_169,bc19
bc19_170,bc19
bc19_171,bc19
bc19_172,bc19
bc19_173,bc19
bc19_174,bc19
bc19_175,bc19
bc19_176,bc19
bc19_177,bc19
bc19_178,bc19
bc19_179,bc19
bc19_180,bc19
bc19_181,bc19
bc19_182,bc19
bc19_183,bc19
bc19_184,bc19
bc19_185,bc19
bc19_186,bc19
bc19_187,bc19
bc19_188,bc19
bc19_189,bc19
bc19_190,bc19
bc19_191,bc19
bc19_192,bc19
bc19_193,bc19
bc19_194,bc19
bc19_195,bc19
bc19_196,bc19
bc19_197,bc19
bc19_198,bc19
bc19_199,bc19
bc19_200,bc19
bc19_201,bc19
bc19_202,bc19
bc19_203,bc19
bc19_204,bc19
bc19_205,bc19
bc19_206,bc19
bc19_207,bc19
bc19_208,bc19
bc19_209,bc19
bc19_210,bc19
bc19_211,bc19
bc19_212,bc19
bc19_213,bc19
bc19_214,bc19
bc19_215,bc19
bc19_216,bc19
bc19_217,bc19
bc19_218,bc19
bc19_219,bc19
bc19_220,bc19
bc19_221,bc19
bc19_222,bc19
bc19_223,bc19
bc19_224,bc19
bc19_225,bc19
bc19_226,bc19
bc19_227,bc19
bc19_228,bc19
bc19_229,bc19
bc19_230,bc19
bc19_231,bc19
bc19_232,bc19
bc19_233,bc19
bc19_234,bc19
bc19_235,bc19
bc19_236,bc19
bc19_237,bc19
bc19_238,bc19
bc19_239,bc19
bc19_240,bc19
bc19_241,bc19
bc19_242,bc19
bc19_243,bc19
bc19_244,bc19
bc19_245,bc19
bc19_246,bc19
bc19_247,bc19
bc19_248,bc19
bc19_249,bc19
bc19_250,bc19
bc19_251,bc19
bc19_252,bc19
bc19_253,bc19
bc19_254,bc19
bc19_255,bc19
bc19_256,bc19
bc19_257,bc19
bc19_258,bc19
bc19_259,bc19
bc19_260,bc19
bc19_261,bc19
bc19_262,bc19
bc19_263,bc19
bc19_264,bc19
bc19_265,bc19
bc19_266,bc19
bc19_267,bc19
bc19_268,bc19
bc19_269,bc19
bc19_270,bc19
bc19_271,bc19
bc19_272,bc19
bc19_273,bc19
bc19_274,bc19
bc19_275,bc19
bc19_276,bc19
bc19_277,bc19
bc19_278,bc19
bc19_279,bc19
bc19_280,bc19
bc19_281,bc19
bc19_282,bc19
bc19_283,bc19
bc19_284,bc19
bc19_285,bc19
bc19_286,bc19
bc19_287,bc19
bc19_288,bc19
bc19_289,bc19
bc19_290,bc19
bc19_291,bc19
bc19_292,bc19
bc19_293,bc19
bc19_294,bc19
bc19_295,bc19
bc19_296,bc19
bc19_297,bc19
bc19_298,bc19
bc19_299,bc19
bc19_300,bc19
bc19_301,bc19
bc19_302,bc19
bc19_303,bc19
bc19_304,bc19
bc19_305,bc19
bc19_306,bc19
bc19_307,bc19
bc19_308,bc19
bc19_309,bc19
bc19_310,bc19
bc19_311,bc19
bc19_312,bc19
bc19_313,bc19
bc19_314,bc19
bc19_315,bc19
bc19_316,bc19
bc19_317,bc19
bc19_318,bc19
bc19_319,bc19
bc19_320,bc19
bc19_321,bc19
bc19_322,bc19
bc19_323,bc19
bc19_324,bc19
bc19_325,bc19
bc19_326,bc19
bc19_327,bc19
bc19_328,bc19
bc19_329,bc19
bc19_330,bc19
bc19_331,bc19
bc19_332,bc19
bc19_333,bc19
bc19_334,bc19
bc19_335,bc19
bc19_336,bc19
bc19_337,bc19
bc19_338,bc19
bc19_339,bc19
bc19_340,bc19
bc19_341,bc19
bc19_342,bc19
bc19_343,bc19
bc19_344,bc19
bc19_345,bc19
bc19_346,bc19
bc19_347,bc19
bc19_348,bc19
bc19_349,bc19
bc19_350,bc19
bc19_351,bc19
bc19_352,bc19
bc19_353,bc19
bc19_354,bc19
bc19_355,bc19
bc19_356,bc19
bc19_357,bc19
bc19_358,bc19
bc19_359,bc19
bc19_360,bc19
bc19_361,bc19
bc19_362,bc19
bc19_363,bc19
bc19_364,bc19
bc19_365,bc19
bc19_366,bc19
bc19_367,bc19
bc19_368,bc19
bc19_369,bc19
bc19_370,bc19
bc19_371,bc19
bc19_372,bc19
bc19_373,bc19
bc19_374,bc19
bc19_375,bc19
bc19_376,bc19
bc19_377,bc19
bc19_378,bc19
bc19_379,bc19
bc19_380,bc19
bc19_381,bc19
bc19_382,bc19
bc19_383,bc19
bc19_384,bc19
bc19_385,bc19
bc19_386,bc19
bc19_387,bc19
bc19_388,bc19
bc19_389,bc19
bc19_390,bc19
bc19_391,bc19
bc19_392,bc19
bc19_393,bc19
bc19_394,bc19
bc19_395,bc19
bc19_396,bc19
bc19_397,bc19
bc19_398,bc19
bc19_399,bc19
bc19_400,bc19
bc19_401,bc19
bc19_402,bc19
bc19_403,bc19
bc19_404,bc19
bc19_405,bc19
bc19_406,bc19
bc19_407,bc19
bc19_408,bc19
bc19_409,bc19
bc19_410,bc19
bc19_411,bc19
bc19_412,bc19
bc19_413,bc19
bc19_414,bc19
bc19_415,bc19
bc19_416,bc19
bc19_417,bc19
bc19_418,bc19
bc19_419,bc19
bc19_420,bc19
bc19_421,bc19
bc19_422,bc19
bc19_423,bc19
bc19_424,bc19
bc19_425,bc19
bc19_426,bc19
bc19_427,bc19
bc19_428,bc19
bc19_429,bc19
bc19_430,bc19
bc19_431,bc19
bc19_432,bc19
bc19_433,bc19
bc19_434,bc19
bc19_435,bc19
bc19_436,bc19
bc19_437,bc19
bc19_438,bc19
bc19_439,bc19
bc19_440,bc19
bc19_441,bc19
bc19_442,bc19
bc19_443,bc19
bc19_444,bc19
bc19_445,bc19
bc19_446,bc19
bc19_447,bc19
bc19_448,bc19
bc19_449,bc19
bc19_450,bc19
bc19_451,bc19
bc19_452,bc19
bc19_453,bc19
bc19_454,bc19
bc19_455,bc19
bc19_456,bc19
bc19_457,bc19
bc19_458,bc19
bc19_459,bc19
bc19_460,bc19
bc19_461,bc19
bc19_462,bc19
bc19_463,bc19
bc19_464,bc19
bc19_465,bc19
bc19_466,bc19
bc19_467,bc19
bc19_468,bc19
bc19_469,bc19
bc19_470,bc19
bc19_471,bc19
bc19_472,bc19
bc19_473,bc19
bc19_474,bc19
bc19_475,bc19
bc19_476,bc19
bc19_477,bc19
bc19_478,bc19
bc19_479,bc19
bc19_480,bc19
bc19_481,bc19
bc19_482,bc19
bc19_483,bc19
bc19_484,bc19
bc19_485,bc19
bc19_486,bc19
bc19_487,bc19
bc19_488,bc19
bc19_489,bc19
bc19_490,bc19
bc19_491,bc19
bc19_492,bc19
bc19_493,bc19
bc19_494,bc19
bc19_495,bc19
bc19_496,bc19
bc19_497,bc19
bc19_498,bc19
bc19_499,bc19
bc19_500,bc19
bc19_501,bc19
bc19_502,bc19
bc19_503,bc19
bc19_504,bc19
bc19_505,bc19
bc19_506,bc19
bc19_507,bc19
bc19_508,bc19
bc19_509,bc19
bc19_510,bc19
bc19_511,bc19
bc19_512,bc19
bc19_513,bc19
bc19_514,bc19
bc19_515,bc19
bc19_516,bc19
bc19_517,bc19
bc19_518,bc19
bc19_519,bc19
bc19_520,bc19
bc19_521,bc19
bc19_522,bc19
bc19_523,bc19
bc19_524,bc19
bc19_525,bc19
bc19_526,bc19
bc19_527,bc19
bc19_528,bc19
bc19_529,bc19
bc19_530,bc19
bc19_531,bc19
bc19_532,bc19
bc19_533,bc19
bc19_534,bc19
bc19_535,bc19
bc19_536,bc19
bc19_537,bc19
bc19_538,bc19
bc19_539,bc19
bc19_540,bc19
bc19_541,bc19
bc19_542,bc19
bc19_543,bc19
bc19_544,bc19
bc19_545,bc19
bc19_546,bc19
bc19_547,bc19
bc19_548,bc19
bc19_549,bc19
bc19_550,bc19
bc19_551,bc19
bc19_552,bc19
bc19_553,bc19
bc19_554,bc19
bc19_555,bc19
bc19_556,bc19
bc19_557,bc19
bc19_558,bc19
bc19_559,bc19
bc19_560,bc19
bc19_561,bc19
bc19_562,bc19
bc19_563,bc19
bc19_564,bc19
bc19_565,bc19
bc19_566,bc19
bc19_567,bc19
bc19_568,bc19
bc19_569,bc19
bc19_570,bc19
bc19_571,bc19
bc19_572,bc19
bc19_573,bc19
bc19_574,bc19
bc19_575,bc19
bc19_576,bc19
bc19_577,bc19
bc19_578,bc19
bc19_579,bc19
bc19_580,bc19
bc19_581,bc19
bc19_582,bc19
bc19_583,bc19
bc19_584,bc19
bc19_585,bc19
bc19_586,bc19
bc19_587,bc19
bc19_588,bc19
bc19_589,bc19
bc19_590,bc19
bc19_591,bc19
bc19_592,bc19
bc19_593,bc19
bc19_594,bc19
bc19_595,bc19
bc19_596,bc19
bc19_597,bc19
bc19_598,bc19
bc19_599,bc19
bc19_600,bc19
bc19_601,bc19
bc19_602,bc19
bc19_603,bc19
bc19_604,bc19
bc19_605,bc19
bc19_606,bc19
bc19_607,bc19
bc19_608,bc19
bc19_609,bc19
bc19_610,bc19
bc19_611,bc19
bc19_612,bc19
bc19_613,bc19
bc19_614,bc19
bc19_615,bc19
bc19_616,bc19
bc19_617,bc19
bc19_618,bc19
bc19_619,bc19
bc19_620,bc19
bc19_621,bc19
bc19_622,bc19
bc19_623,bc19
bc19_624,bc19
bc19_625,bc19
bc19_626,bc19
bc19_627,bc19
bc19_628,bc19
bc19_629,bc19
bc19_630,bc19
bc19_631,bc19
bc19_632,bc19
bc19_633,bc19
bc19_634,bc19
bc19_635,bc19
bc19_636,bc19
bc19_637,bc19
bc19_638,bc19
bc19_639,bc19
bc19_640,bc19
bc19_641,bc19
bc19_642,bc19
bc19_643,bc19
bc19_644,bc19
bc19_645,bc19
bc19_646,bc19
bc19_647,bc19
bc19_648,bc19
bc19_649,bc19
bc19_650,bc19
bc19_651,bc19
bc19_652,bc19
bc19_653,bc19
bc19_654,bc19
bc19_655,bc19
bc19_656,bc19
bc19_657,bc19
bc19_658,bc19
bc19_659,bc19
bc19_660,bc19
bc19_661,bc19
bc19_662,bc19
bc19_663,bc19
bc19_664,bc19
bc19_665,bc19
bc19_666,bc19
bc19_667,bc19
bc19_668,bc19
bc19_669,bc19
bc19_670,bc19
bc19_671,bc19
bc19_672,bc19
bc19_673,bc19
bc19_674,bc19
bc19_675,bc19
bc19_676,bc19
bc19_677,bc19
bc19_678,bc19
bc19_679,bc19
bc19_680,bc19
bc19_681,bc19
bc19_682,bc19
bc19_683,bc19
bc19_684,bc19
bc19_685,bc19
bc19_686,bc19
bc19_687,bc19
bc19_688,bc19
bc19_689,bc19
bc19_690,bc19
bc19_691,bc19
bc19_692,bc19
bc19_693,bc19
bc19_694,bc19
bc19_695,bc19
bc19_696,bc19
bc19_697,bc19
bc19_698,bc19
bc19_699,bc19
bc19_700,bc19
bc19_701,bc19
bc19_702,bc19
bc19_703,bc19
bc19_704,bc19
bc19_705,bc19
bc19_706,bc19
bc19_707,bc19
bc19_708,bc19
bc19_709,bc19
bc19_710,bc19
bc19_711,bc19
bc19_712,bc19
bc19_713,bc19
bc19_714,bc19
bc19_715,bc19
bc19_716,bc19
bc19_717,bc19
bc19_718,bc19
bc19_719,bc19
bc19_720,bc19
bc19_721,bc19
bc19_722,bc19
bc19_723,bc19
bc19_724,bc19
bc19_725,bc19
bc19_726,bc19
bc19_727,bc19
bc19_728,bc19
bc19_729,bc19
bc19_730,bc19
bc19_731,bc19
bc19_732,bc19
bc19_733,bc19
bc19_734,bc19
bc19_735,bc19
bc19_736,bc19
bc19_737,bc19
bc19_738,bc19
bc19_739,bc19
bc19_740,bc19
bc19_741,bc19
bc19_742,bc19
bc19_743,bc19
bc19_744,bc19
bc19_745,bc19
bc19_746,bc19
bc19_747,bc19
bc19_748,bc19
bc19_749,bc19
bc19_750,bc19
bc19_751,bc19
bc19_752,bc19
bc19_753,bc19
bc19_754,Multiplet
bc19_755,bc19
bc19_756,bc19
bc19_757,bc19
bc19_758,bc19
bc19_759,bc19
bc19_760,bc19
bc19_761,bc19
bc19_762,bc19
bc19_763,bc19
bc19_764,bc19
bc19_765,bc19
bc19_766,bc19
bc19_767,bc19
bc19_768,bc19
bc19_769,bc19
bc19_770,bc19
bc19_771,bc19
bc19_772,bc19
bc19_773,bc19
bc19_774,bc19
bc19_775,bc19
bc19_776,bc19
bc19_777,bc19
bc19_778,bc19
bc19_779,bc19
bc19_780,bc19
bc19_781,bc19
bc19_782,bc19
bc19_783,bc19
bc19_784,bc19
bc19_785,bc19
bc19_786,bc19
bc19_787,bc19
bc19_788,bc19
bc19_789,bc19
bc19_790,bc19
bc19_791,bc19
bc19_792,bc19
bc19_793,bc19
bc19_794,bc19
bc19_795,bc19
bc19_796,bc19
bc19_797,bc19
bc19_798,bc19
bc19_799,bc19
bc19_800,bc19
bc19_801,bc19
bc19_802,bc19
bc19_803,bc19
bc19_804,bc19
bc19_805,bc19
bc19_806,bc19
bc19_807,bc19
bc19_808,bc19
bc19_809,bc19
bc19_810,bc19
bc19_811,bc19
bc19_812,bc19
bc19_813,bc19
bc19_814,bc19
bc19_815,bc19
bc19_816,bc19
bc19_817,bc19
bc19_818,bc19
bc19_819,bc19
bc19_820,bc19
bc19_821,bc19
bc19_822,bc19
bc19_823,bc19
bc19_824,bc19
bc19_825,bc19
bc19_826,bc19
bc19_827,bc19
bc19_828,bc19
bc19_829,bc19
bc19_830,bc19
bc19_831,bc19
bc19_832,bc19
bc19_833,bc19
bc19_834,bc19
bc19_835,bc19
bc19_836,bc19
bc19_837,bc19
bc19_838,bc19
bc19_839,bc19
bc19_840,bc19
bc19_841,bc19
bc19_842,bc19
bc19_843,bc19
bc19_844,bc19
bc19_845,bc19
bc19_846,bc19
bc19_847,bc19
bc19_848,bc19
bc19_849,bc19
bc19_850,bc19
bc19_851,bc19
bc19_852,bc19
bc19_853,bc19
bc19_854,bc19
bc19_855,bc19
bc19_856,bc19
bc19_857,bc19
bc19_858,bc19
bc19_859,bc19
bc19_860,bc19
bc19_861,bc19
bc19_862,bc19
bc19_863,bc19
bc19_864,bc19
bc19_865,bc19
bc19_866,bc19
bc19_867,bc19
bc19_868,bc19
bc19_869,bc19
bc19_870,bc19
bc19_871,bc19
bc19_872,bc19
bc19_873,bc19
bc19_874,bc19
bc19_875,bc19
bc19_876,bc19
bc19_877,bc19
bc19_878,bc19
bc19_879,bc19
bc19_880,bc19
bc19_881,bc19
bc19_882,bc19
bc19_883,bc19
bc19_884,bc19
bc19_885,bc19
bc19_886,bc19
bc19_887,bc19
bc19_888,bc19
bc19_889,bc19
bc19_890,bc19
bc19_891,bc19
bc19_892,bc19
bc19_893,bc19
bc19_894,bc19
bc19_895,bc19
bc19_896,bc19
bc19_897,bc19
bc19_898,bc19
bc19_899,bc19
bc19_900,bc19
bc19_901,bc19
bc19_902,bc19
bc19_903,bc19
bc19_904,bc19
bc19_905,bc19
bc19_906,bc19
bc19_907,bc19
bc19_908,bc19
bc19_909,bc19
bc19_910,bc19
bc19_911,bc19
bc19_912,bc19
bc19_913,bc19
bc19_914,bc19
bc19_915,bc19
bc19_916,bc19
bc19_917,bc19
bc19_918,bc19
bc19_919,bc19
bc19_920,bc19
bc19_921,bc19
bc19_922,bc19
bc19_923,bc19
bc19_924,bc19
bc19_925,bc19
bc19_926,bc19
bc19_927,bc19
bc19_928,bc19
bc19_929,bc19
bc19_930,bc19
bc19_931,bc19
bc19_932,bc19
bc19_933,bc19
bc19_934,bc19
bc19_935,bc19
bc19_936,bc19
bc19_937,bc19
bc19_938,bc19
bc19_939,bc19
bc19_940,bc19
bc19_941,bc19
bc19_942,bc19
bc19_943,bc19
bc19_944,bc19
bc19_945,bc19
bc19_946,bc19
bc19_947,bc19
bc19_948,bc19
bc19_949,bc19
bc19_950,bc19
bc19_951,bc19
bc19_952,bc19
bc19_953,bc19
bc19_954,bc19
bc19_955,bc19
bc19_956,bc19
bc19_957,bc19
bc19_958,bc19
bc19_959,bc19
bc19_960,bc19
bc19_961,bc19
bc19_962,bc19
bc19_963,bc19
bc19_964,bc19
bc19_965,bc19
bc19_966,bc19
bc19_967,bc19
bc19_968,bc19
bc19_969,bc19
bc19_970,bc19
bc19_971,bc19
bc19_972,bc19
bc19_973,bc19
bc19_974,bc19
bc19_975,bc19
bc19_976,bc19
bc19_977,bc19
bc19_978,bc19
bc19_979,bc19
bc19_980,bc19
bc19_981,bc19
bc19_982,bc19
bc19_983,bc19
bc19_984,bc19
bc19_985,bc19
bc19_986,bc19
bc19_987,bc19
bc19_988,bc19
bc19_989,bc19
bc19_990,bc19
bc19_991,bc19
bc19_992,bc19
bc19_993,bc19
bc19_994,bc19
bc19_995,bc19
bc19_996,bc19
bc19_997,bc19
bc19_998,bc19
bc19_999,bc19
bc19_1000,bc19
bc19_1001,bc19
bc19_1002,bc19
bc19_1003,bc19
bc19_1004,bc19
bc19_1005,bc19
bc19_1006,bc19
bc19_1007,bc19
bc19_1008,bc19
bc19_1009,bc19
bc19_1010,bc19
bc19_1011,bc19
bc19_1012,bc19
bc19_1013,bc19
bc19_1014,bc19
bc19_1015,bc19
bc19_1016,bc19
bc19_1017,bc19
bc19_1018,bc19
bc19_1019,bc19
bc19_1020,bc19
bc19_1021,bc19
bc19_1022,bc19
bc19_1023,bc19
bc19_1024,bc19
bc19_1025,bc19
bc19_1026,bc19
bc19_1027,bc19
bc19_1028,bc19
bc19_1029,bc19
bc19_1030,bc19
bc19_1031,bc19
bc19_1032,bc19
bc19_1033,bc19
bc19_1034,bc19
bc19_1035,bc19
bc19_1036,bc19
bc19_1037,bc19
bc19_1038,bc19
bc19_1039,bc19
bc19_1040,bc19
bc19_1041,bc19
bc19_1042,bc19
bc19_1043,bc19
bc19_1044,bc19
bc19_1045,bc19
bc19_1046,bc19
bc19_1047,bc19
bc19_1048,bc19
bc19_1049,bc19
bc19_1050,bc19
bc19_1051,bc19
bc19_1052,bc19
bc19_1053,bc19
bc19_1054,bc19
bc19_1055,bc19
bc19_1056,bc19
bc19_1057,bc19
bc19_1058,bc19
bc19_1059,bc19
bc19_1060,bc19
bc19_1061,bc19
bc19_1062,bc19
bc19_1063,bc19
bc19_1064,bc19
bc19_1065,bc19
bc19_1066,bc19
bc20_1,bc20
bc20_2,bc20
bc20_3,bc20
bc20_4,bc20
bc20_5,bc20
bc20_6,bc20
bc20_7,bc20
bc20_8,bc20
bc20_9,bc20
bc20_10,bc20
bc20_11,bc20
bc20_12,bc20
bc20_13,bc20
bc20_14,bc20
bc20_15,bc20
bc20_16,bc20
bc20_17,bc20
bc20_18,bc20
bc20_19,bc20
bc20_20,bc20
bc20_21,bc20
bc20_22,bc20
bc20_23,bc20
bc20_24,bc20
bc20_25,bc20
bc20_26,bc20
bc20_27,bc20
bc20_28,bc20
bc20_29,bc20
bc20_30,bc20
bc20_31,bc20
bc20_32,bc20
bc20_33,bc20
bc20_34,bc20
bc20_35,bc20
bc20_36,bc20
bc20_37,bc20
bc20_38,bc20
bc20_39,bc20
bc20_40,bc20
bc20_41,bc20
bc20_42,bc20
bc20_43,bc20
bc20_44,bc20
bc20_45,bc20
bc20_46,bc20
bc20_47,bc20
bc20_48,bc20
bc20_49,bc20
bc20_50,bc20
bc20_51,bc20
bc20_52,bc20
bc20_53,bc20
bc20_54,bc20
bc20_55,bc20
bc20_56,bc20
bc20_57,bc20
bc20_58,bc20
bc20_59,bc20
bc20_60,bc20
bc20_61,bc20
bc20_62,bc20
bc20_63,bc20
bc20_64,bc20
bc20_65,bc20
bc20_66,bc20
bc20_67,bc20
bc20_68,bc20
bc20_69,bc20
bc20_70,bc20
bc20_71,bc20
bc20_72,bc20
bc20_73,bc20
bc20_74,bc20
bc20_75,bc20
bc20_76,bc20
bc20_77,bc20
bc20_78,bc20
bc20_79,bc20
bc20_80,bc20
bc20_81,bc20
bc20_82,bc20
bc20_83,bc20
bc20_84,bc20
bc20_85,bc20
bc20_86,bc20
bc20_87,bc20
bc20_88,bc20
bc20_89,bc20
bc20_90,bc20
bc20_91,bc20
bc20_92,bc20
bc20_93,bc20
bc20_94,bc20
bc20_95,bc20
bc20_96,bc20
bc20_97,bc20
bc20_98,bc20
bc20_99,bc20
bc20_100,bc20
bc20_101,bc20
bc20_102,bc20
bc20_103,bc20
bc20_104,bc20
bc20_105,bc20
bc20_106,bc20
bc20_107,bc20
bc20_108,bc20
bc20_109,bc20
bc20_110,bc20
bc20_111,bc20
bc20_112,bc20
bc20_113,bc20
bc20_114,bc20
bc20_115,bc20
bc20_116,bc20
bc20_117,bc20
bc20_118,bc20
bc20_119,bc20
bc20_120,bc20
bc20_121,bc20
bc20_122,bc20
bc20_123,bc20
bc20_124,bc20
bc20_125,bc20
bc20_126,bc20
bc20_127,bc20
bc20_128,bc20
bc20_129,bc20
bc20_130,bc20
bc20_131,bc20
bc20_132,bc20
bc20_133,bc20
bc20_134,bc20
bc20_135,bc20
bc20_136,bc20
bc20_137,bc20
bc20_138,bc20
bc20_139,bc20
bc20_140,bc20
bc20_141,bc20
bc20_142,bc20
bc20_143,bc20
bc20_144,bc20
bc20_145,bc20
bc20_146,bc20
bc20_147,bc20
bc20_148,bc20
bc20_149,bc20
bc20_150,bc20
bc20_151,bc20
bc20_152,bc20
bc20_153,bc20
bc20_154,bc20
bc20_155,bc20
bc20_156,bc20
bc20_157,bc20
bc20_158,bc20
bc20_159,bc20
bc20_160,bc20
bc20_161,bc20
bc20_162,bc20
bc20_163,bc20
bc20_164,bc20
bc20_165,bc20
bc20_166,bc20
bc20_167,bc20
bc20_168,bc20
bc20_169,bc20
bc20_170,bc20
bc20_171,bc20
bc20_172,bc20
bc20_173,bc20
bc20_174,bc20
bc20_175,bc20
bc20_176,bc20
bc20_177,bc20
bc20_178,bc20
bc20_179,bc20
bc20_180,bc20
bc20_181,bc20
bc20_182,bc20
bc20_183,bc20
bc20_184,bc20
bc20_185,bc20
bc20_186,bc20
bc20_187,bc20
bc20_188,bc20
bc20_189,bc20
bc20_190,bc20
bc20_191,bc20
bc20_192,bc20
bc20_193,bc20
bc20_194,bc20
bc20_195,bc20
bc20_196,bc20
bc20_197,bc20
bc20_198,bc20
bc20_199,bc20
bc20_200,bc20
bc20_201,bc20
bc20_202,bc20
bc20_203,bc20
bc20_204,bc20
bc20_205,bc20
bc20_206,bc20
bc20_207,bc20
bc20_208,bc20
bc20_209,bc20
bc20_210,bc20
bc20_211,bc20
bc20_212,bc20
bc20_213,bc20
bc20_214,bc20
bc20_215,bc20
bc20_216,bc20
bc20_217,bc20
bc20_218,bc20
bc20_219,bc20
bc20_220,bc20
bc20_221,bc20
bc20_222,bc20
bc20_223,bc20
bc20_224,bc20
bc20_225,bc20
bc20_226,bc20
bc20_227,bc20
bc20_228,bc20
bc20_229,bc20
bc20_230,bc20
bc20_231,bc20
bc20_232,bc20
bc20_233,bc20
bc20_234,bc20
bc20_235,bc20
bc20_236,bc20
bc20_237,bc20
bc20_238,bc20
bc20_239,bc20
bc20_240,bc20
bc20_241,bc20
bc20_242,bc20
bc20_243,bc20
bc20_244,bc20
bc20_245,bc20
bc20_246,bc20
bc20_247,bc20
bc20_248,bc20
bc20_249,bc20
bc20_250,bc20
bc20_251,bc20
bc20_252,bc20
bc20_253,bc20
bc20_254,bc20
bc20_255,bc20
bc20_256,bc20
bc20_257,bc20
bc20_258,bc20
bc20_259,bc20
bc20_260,bc20
bc20_261,bc20
bc20_262,bc20
bc20_263,bc20
bc20_264,bc20
bc20_265,bc20
bc20_266,bc20
bc20_267,bc20
bc20_268,bc20
bc20_269,bc20
bc20_270,bc20
bc20_271,bc20
bc20_272,bc20
bc20_273,bc20
bc20_274,bc20
bc20_275,bc20
bc20_276,bc20
bc20_277,bc20
bc20_278,bc20
bc20_279,bc20
bc20_280,bc20
bc20_281,bc20
bc20_282,bc20
bc20_283,bc20
bc20_284,bc20
bc20_285,bc20
bc20_286,bc20
bc20_287,bc20
bc20_288,bc20
bc20_289,bc20
bc20_290,bc20
bc20_291,bc20
bc20_292,bc20
bc20_293,bc20
bc20_294,bc20
bc20_295,bc20
bc20_296,bc20
bc20_297,bc20
bc20_298,bc20
bc20_299,bc20
bc20_300,bc20
bc20_301,bc20
bc20_302,bc20
bc20_303,bc20
bc20_304,bc20
bc20_305,bc20
bc20_306,bc20
bc20_307,bc20
bc20_308,bc20
bc20_309,bc20
bc20_310,bc20
bc20_311,bc20
bc20_312,bc20
bc20_313,bc20
bc20_314,bc20
bc20_315,bc20
bc20_316,bc20
bc20_317,bc20
bc20_318,bc20
bc20_319,bc20
bc20_320,bc20
bc20_321,bc20
bc20_322,bc20
bc20_323,bc20
bc20_324,bc20
bc20_325,bc20
bc20_326,bc20
bc20_327,bc20
bc20_328,bc20
bc20_329,bc20
bc20_330,bc20
bc20_331,bc20
bc20_332,bc20
bc20_333,bc20
bc20_334,bc20
bc20_335,bc20
bc20_336,bc20
bc20_337,bc20
bc20_338,bc20
bc20_339,bc20
bc20_340,bc20
bc20_341,bc20
bc20_342,bc20
bc20_343,bc20
bc20_344,bc20
bc20_345,bc20
bc20_346,bc20
bc20_347,bc20
bc20_348,bc20
bc20_349,bc20
bc20_350,bc20
bc20_351,bc20
bc20_352,bc20
bc20_353,bc20
bc20_354,bc20
bc20_355,bc20
bc20_356,bc20
bc20_357,bc20
bc20_358,bc20
bc20_359,bc20
bc20_360,bc20
bc20_361,bc20
bc20_362,bc20
bc20_363,bc20
bc20_364,bc20
bc20_365,bc20
bc20_366,bc20
bc20_367,bc20
bc20_368,bc20
bc20_369,bc20
bc20_370,bc20
bc20_371,bc20
bc20_372,bc20
bc20_373,bc20
bc20_374,bc20
bc20_375,bc20
bc20_376,bc20
bc20_377,bc20
bc20_378,bc20
bc20_379,bc20
bc20_380,bc20
bc20_381,bc20
bc20_382,bc20
bc20_383,bc20
bc20_384,bc20
bc20_385,bc20
bc20_386,bc20
bc20_387,bc20
bc20_388,bc20
bc20_389,bc20
bc20_390,bc20
bc20_391,bc20
bc20_392,bc20
bc20_393,bc20
bc20_394,bc20
bc20_395,bc20
bc20_396,bc20
bc20_397,bc20
bc20_398,bc20
bc20_399,bc20
bc20_400,bc20
bc20_401,bc20
bc20_402,bc20
bc20_403,bc20
bc20_404,bc20
bc20_405,bc20
bc20_406,bc20
bc20_407,bc20
bc20_408,bc20
bc20_409,bc20
bc20_410,bc20
bc20_411,bc20
bc20_412,bc20
bc20_413,bc20
bc20_414,bc20
bc20_415,bc20
bc20_416,bc20
bc20_417,bc20
bc20_418,bc20
bc20_419,bc20
bc20_420,bc20
bc20_421,bc20
bc20_422,bc20
bc20_423,bc20
bc20_424,bc20
bc20_425,bc20
bc20_426,bc20
bc20_427,bc20
bc20_428,bc20
bc20_429,bc20
bc20_430,bc20
bc20_431,bc20
bc20_432,bc20
bc20_433,bc20
bc20_434,bc20
bc20_435,bc20
bc20_436,bc20
bc20_437,bc20
bc20_438,bc20
bc20_439,bc20
bc20_440,bc20
bc20_441,bc20
bc20_442,bc20
bc20_443,bc20
bc20_444,bc20
bc20_445,bc20
bc20_446,bc20
bc20_447,bc20
bc20_448,bc20
bc20_449,bc20
bc20_450,bc20
bc20_451,bc20
bc20_452,bc20
bc20_453,bc20
bc20_454,bc20
bc20_455,bc20
bc20_456,bc20
bc20_457,bc20
bc20_458,bc20
bc20_459,bc20
bc20_460,bc20
bc20_461,bc20
bc20_462,bc20
bc20_463,bc20
bc20_464,bc20
bc20_465,bc20
bc20_466,bc20
bc20_467,bc20
bc20_468,bc20
bc20_469,bc20
bc20_470,bc20
bc20_471,bc20
bc20_472,bc20
bc20_473,bc20
bc20_474,bc20
bc20_475,bc20
bc20_476,bc20
bc20_477,bc20
bc20_478,bc20
bc20_479,bc20
bc20_480,bc20
bc20_481,bc20
bc20_482,bc20
bc20_483,bc20
bc20_484,bc20
bc20_485,bc20
bc20_486,bc20
bc20_487,bc20
bc20_488,bc20
bc20_489,bc20
bc20_490,bc20
bc20_491,bc20
bc20_492,bc20
bc20_493,bc20
bc20_494,bc20
bc20_495,bc20
bc20_496,bc20
bc20_497,bc20
bc20_498,bc20
bc20_499,bc20
bc20_500,bc20
bc20_501,bc20
bc20_502,bc20
bc20_503,bc20
bc20_504,bc20
bc20_505,bc20
bc20_506,bc20
bc20_507,bc20
bc20_508,bc20
bc20_509,bc20
bc20_510,bc20
bc20_511,bc20
bc20_512,bc20
bc20_513,bc20
bc20_514,bc20
bc20_515,bc20
bc20_516,bc20
bc20_517,bc20
bc20_518,bc20
bc20_519,bc20
bc20_520,bc20
bc20_521,bc20
bc20_522,bc20
bc20_523,bc20
bc20_524,bc20
bc20_525,bc20
bc20_526,bc20
bc20_527,bc20
bc20_528,bc20
bc20_529,bc20
bc20_530,bc20
bc20_531,bc20
bc20_532,bc20
bc20_533,bc20
bc20_534,bc20
bc20_535,bc20
bc20_536,bc20
bc20_537,bc20
bc20_538,bc20
bc20_539,bc20
bc20_540,bc20
bc20_541,bc20
bc20_542,bc20
bc20_543,bc20
bc20_544,bc20
bc20_545,bc20
bc20_546,bc20
bc20_547,bc20
bc20_548,bc20
bc20_549,bc20
bc20_550,bc20
bc20_551,bc20
bc20_552,bc20
bc20_553,bc20
bc20_554,bc20
bc20_555,bc20
bc20_556,bc20
bc20_557,bc20
bc20_558,bc20
bc20_559,bc20
bc20_560,bc20
bc20_561,bc20
bc20_562,bc20
bc20_563,bc20
bc20_564,bc20
bc20_565,bc20
bc20_566,bc20
bc20_567,bc20
bc20_568,bc20
bc20_569,bc20
bc20_570,bc20
bc20_571,bc20
bc20_572,bc20
bc20_573,bc20
bc20_574,bc20
bc20_575,bc20
bc20_576,bc20
bc20_577,bc20
bc20_578,bc20
bc20_579,bc20
bc20_580,bc20
bc20_581,bc20
bc20_582,bc20
bc20_583,bc20
bc20_584,bc20
bc20_585,bc20
bc20_586,bc20
bc20_587,bc20
bc20_588,bc20
bc20_589,bc20
bc20_590,bc20
bc20_591,bc20
bc20_592,bc20
bc20_593,bc20
bc20_594,bc20
bc20_595,bc20
bc20_596,bc20
bc20_597,bc20
bc20_598,bc20
bc20_599,bc20
bc20_600,bc20
bc20_601,bc20
bc20_602,Negative
bc20_603,bc20
bc20_604,bc20
bc20_605,bc20
bc20_606,bc20
bc20_607,bc20
bc20_608,bc20
bc20_609,bc20
bc20_610,bc20
bc20_611,bc20
bc20_612,bc20
bc20_613,bc20
bc20_614,bc20
bc20_615,bc20
bc20_616,bc20
bc20_617,bc20
bc20_618,bc20
bc20_619,bc20
bc20_620,bc20
bc20_621,bc20
bc20_622,bc20
bc20_623,bc20
bc20_624,bc20
bc20_625,bc20
bc20_626,bc20
bc20_627,bc20
bc20_628,bc20
bc20_629,bc20
bc20_630,bc20
bc20_631,bc20
bc20_632,bc20
bc20_633,bc20
bc20_634,bc20
bc20_635,bc20
bc20_636,bc20
bc20_637,bc20
bc20_638,bc20
bc20_639,bc20
bc20_640,bc20
bc20_641,bc20
bc20_642,bc20
bc20_643,bc20
bc20_644,bc20
bc20_645,bc20
bc20_646,bc20
bc20_647,bc20
bc20_648,bc20
bc20_649,bc20
bc20_650,bc20
bc20_651,bc20
bc20_652,bc20
bc20_653,bc20
bc20_654,bc20
bc20_655,bc20
bc20_656,bc20
bc20_657,bc20
bc20_658,bc20
bc20_659,bc20
bc20_660,bc20
bc20_661,bc20
bc20_662,bc20
bc20_663,bc20
bc20_664,bc20
bc20_665,bc20
bc20_666,bc20
bc20_667,bc20
bc20_668,bc20
bc20_669,bc20
bc20_670,bc20
bc20_671,bc20
bc20_672,bc20
bc20_673,bc20
bc20_674,bc20
bc20_675,bc20
bc20_676,bc20
bc20_677,bc20
bc20_678,bc20
bc20_679,bc20
bc20_680,bc20
bc20_681,bc20
bc20_682,bc20
bc20_683,bc20
bc20_684,bc20
bc20_685,bc20
bc20_686,bc20
bc20_687,bc20
bc20_688,bc20
bc20_689,bc20
bc20_690,bc20
bc20_691,bc20
bc20_692,bc20
bc20_693,bc20
bc20_694,bc20
bc20_695,bc20
bc20_696,bc20
bc20_697,bc20
bc20_698,bc20
bc20_699,bc20
bc20_700,bc20
bc20_701,bc20
bc20_702,bc20
bc20_703,bc20
bc20_704,bc20
bc20_705,bc20
bc20_706,bc20
bc20_707,bc20
bc20_708,bc20
bc20_709,bc20
bc20_710,bc20
bc20_711,bc20
bc20_712,bc20
bc20_713,bc20
bc20_714,bc20
bc20_715,bc20
bc20_716,bc20
bc20_717,bc20
bc20_718,bc20
bc20_719,bc20
bc20_720,bc20
bc20_721,bc20
bc20_722,bc20
bc20_723,bc20
bc20_724,bc20
bc20_725,bc20
bc20_726,bc20
bc20_727,bc20
bc20_728,bc20
bc20_729,bc20
bc20_730,bc20
bc20_731,bc20
bc20_732,bc20
bc20_733,bc20
bc20_734,bc20
bc20_735,bc20
bc20_736,bc20
bc20_737,bc20
bc20_738,bc20
bc20_739,bc20
bc20_740,bc20
bc20_741,bc20
bc20_742,bc20
bc20_743,bc20
bc20_744,bc20
bc20_745,bc20
bc20_746,bc20
bc20_747,bc20
bc20_748,bc20
bc20_749,bc20
bc20_750,bc20
bc20_751,bc20
bc20_752,bc20
bc20_753,bc20
bc20_754,bc20
bc20_755,bc20
bc20_756,bc20
bc20_757,bc20
bc20_758,bc20
bc20_759,bc20
bc20_760,bc20
bc20_761,bc20
bc20_762,bc20
bc20_763,bc20
bc20_764,bc20
bc20_765,bc20
bc20_766,bc20
bc20_767,bc20
bc20_768,bc20
bc20_769,bc20
bc20_770,Multiplet
bc20_771,bc20
bc20_772,bc20
bc20_773,bc20
bc20_774,bc20
bc20_775,bc20
bc20_776,bc20
bc20_777,bc20
bc20_778,bc20
bc20_779,bc20
bc20_780,bc20
bc20_781,bc20
bc20_782,bc20
bc20_783,bc20
bc20_784,bc20
bc20_785,bc20
bc20_786,bc20
bc20_787,bc20
bc20_788,bc20
bc20_789,bc20
bc20_790,bc20
bc20_791,bc20
bc20_792,bc20
bc20_793,bc20
bc20_794,bc20
bc20_795,bc20
bc20_796,bc20
bc20_797,bc20
bc20_798,bc20
bc20_799,bc20
bc20_800,bc20
bc20_801,bc20
bc20_802,bc20
bc20_803,bc20
bc20_804,bc20
bc20_805,bc20
bc20_806,bc20
bc20_807,bc20
bc20_808,bc20
bc20_809,bc20
bc20_810,bc20
bc20_811,bc20
bc20_812,bc20
bc20_813,bc20
bc20_814,bc20
bc20_815,bc20
bc20_816,bc20
bc20_817,bc20
bc20_818,bc20
bc20_819,bc20
bc20_820,bc20
bc20_821,bc20
bc20_822,bc20
bc20_823,bc20
bc20_824,bc20
bc20_825,bc20
bc20_826,bc20
bc20_827,bc20
bc20_828,bc20
bc20_829,bc20
bc20_830,bc20
bc20_831,bc20
bc20_832,bc20
bc20_833,bc20
bc20_834,bc20
bc20_835,bc20
bc20_836,bc20
bc20_837,bc20
bc20_838,bc20
bc20_839,bc20
bc20_840,bc20
bc20_841,bc20
bc20_842,bc20
bc20_843,bc20
bc20_844,bc20
bc20_845,bc20
bc20_846,bc20
bc20_847,bc20
bc20_848,bc20
bc20_849,bc20
bc20_850,bc20
bc20_851,bc20
bc20_852,bc20
bc20_853,bc20
bc20_854,bc20
bc20_855,bc20
bc20_856,bc20
bc20_857,bc20
bc20_858,bc20
bc20_859,bc20
bc20_860,bc20
bc20_861,bc20
bc20_862,bc20
bc20_863,bc20
bc20_864,bc20
bc20_865,bc20
bc20_866,bc20
bc20_867,bc20
bc20_868,bc20
bc20_869,bc20
bc20_870,bc20
bc20_871,bc20
bc20_872,bc20
bc20_873,bc20
bc20_874,bc20
bc20_875,bc20
bc20_876,bc20
bc20_877,bc20
bc20_878,bc20
bc20_879,bc20
bc20_880,bc20
bc20_881,bc20
bc20_882,bc20
bc20_883,bc20
bc20_884,bc20
bc20_885,bc20
bc20_886,bc20
bc20_887,bc20
bc20_888,bc20
bc20_889,bc20
bc20_890,bc20
bc20_891,bc20
bc20_892,bc20
bc20_893,bc20
bc20_894,bc20
bc20_895,bc20
bc20_896,bc20
bc20_897,bc20
bc20_898,bc20
bc20_899,bc20
bc20_900,bc20
bc20_901,bc20
bc20_902,bc20
bc20_903,bc20
bc20_904,bc20
bc20_905,bc20
bc20_906,bc20
bc20_907,bc20
bc20_908,bc20
bc20_909,bc20
bc20_910,bc20
bc20_911,bc20
bc20_912,bc20
bc20_913,bc20
bc20_914,bc20
bc20_915,bc20
bc20_916,bc20
bc20_917,bc20
bc20_918,bc20
bc20_919,bc20
bc20_920,bc20
bc20_921,bc20
bc20_922,bc20
bc20_923,bc20
bc20_924,bc20
bc20_925,bc20
bc20_926,bc20
bc20_927,Multiplet
bc20_928,bc20
bc20_929,bc20
bc20_930,bc20
bc20_931,bc20
bc20_932,bc20
bc20_933,bc20
bc20_934,bc20
bc20_935,bc20
bc20_936,bc20
bc20_937,bc20
bc20_938,bc20
bc20_939,bc20
bc20_940,bc20
bc20_941,bc20
bc20_942,bc20
bc20_943,bc20
bc20_944,bc20
bc20_945,bc20
bc20_946,bc20
bc20_947,bc20
bc20_948,bc20
bc20_949,bc20
bc20_950,bc20
bc20_951,bc20
bc20_952,bc20
bc20_953,bc20
bc20_954,bc20
bc20_955,bc20
bc20_956,bc20
bc20_957,bc20
bc20_958,bc20
bc20_959,bc20
bc20_960,bc20
bc20_961,bc20
bc20_962,bc20
bc20_963,bc20
bc20_964,bc20
bc20_965,bc20
bc20_966,bc20
bc20_967,bc20
bc20_968,bc20
bc20_969,bc20
bc20_970,bc20
bc20_971,bc20
bc20_972,bc20
bc20_973,bc20
bc20_974,bc20
bc20_975,bc20
bc20_976,bc20
bc20_977,bc20
bc20_978,bc20
bc20_979,bc20
bc20_980,bc20
bc20_981,bc20
bc20_982,bc20
bc20_983,bc20
bc20_984,bc20
bc20_985,bc20
bc20_986,bc20
bc20_987,bc20
bc20_988,bc20
bc20_989,bc20
bc20_990,bc20
bc20_991,bc20
bc20_992,bc20
bc20_993,bc20
bc20_994,bc20
bc20_995,bc20
bc20_996,bc20
bc20_997,bc20
bc20_998,bc20
bc20_999,bc20
bc20_1000,bc20
bc20_1001,bc20
bc20_1002,bc20
bc20_1003,bc20
bc20_1004,bc20
bc20_1005,bc20
bc20_1006,bc20
bc20_1007,bc20
bc20_1008,bc20
bc20_1009,bc20
bc20_1010,bc20
bc20_1011,bc20
bc20_1012,bc20
bc20_1013,bc20
bc20_1014,bc20
bc20_1015,bc20
bc20_1016,bc20
bc20_1017,bc20
bc20_1018,bc20
bc20_1019,bc20
bc20_1020,bc20
bc20_1021,bc20
bc20_1022,bc20
bc20_1023,bc20
bc20_1024,bc20
bc20_1025,bc20
bc20_1026,bc20
bc20_1027,bc20
bc20_1028,bc20
bc20_1029,bc20
bc20_1030,bc20
bc20_1031,bc20
bc20_1032,bc20
bc20_1033,bc20
bc20_1034,bc20
bc20_1035,bc20
bc20_1036,bc20
bc20_1037,bc20
bc20_1038,bc20
bc20_1039,bc20
bc20_1040,bc20
bc20_1041,bc20
bc20_1042,bc20
bc20_1043,bc20
bc20_1044,bc20
bc20_1045,bc20
bc20_1046,bc20
bc20_1047,bc20
bc20_1048,bc20
bc20_1049,bc20
bc20_1050,bc20
bc20_1051,bc20
bc20_1052,bc20
bc20_1053,bc20
bc20_1054,bc20
bc20_1055,bc20
bc20_1056,bc20
bc20_1057,bc20
bc20_1058,bc20
bc20_1059,bc20
bc20_1060,bc20
bc20_1061,bc20
bc20_1062,bc20
bc20_1063,bc20
bc20_1064,bc20
bc20_1065,bc20
bc20_1066,bc20
bc20_1067,bc20
bc20_1068,bc20
bc20_1069,bc20
bc20_1070,bc20
bc20_1071,bc20
bc20_1072,bc20
bc20_1073,bc20
bc20_1074,bc20
bc20_1075,bc20
bc20_1076,bc20
bc20_1077,bc20
bc20_1078,bc20
bc20_1079,bc20
bc20_1080,bc20
bc20_1081,bc20
bc20_1082,bc20
bc20_1083,bc20
bc20_1084,bc20
bc20_1085,bc20
bc20_1086,bc20
bc20_1087,bc20
bc20_1088,bc20
bc20_1089,bc20
bc20_1090,bc20
bc20_1091,bc20
bc20_1092,bc20
bc20_1093,bc20
bc20_1094,bc20
bc20_1095,bc20
bc20_1096,bc20
bc20_1097,bc20
bc20_1098,bc20
bc20_1099,bc20
bc20_1100,bc20
bc20_1101,bc20
bc20_1102,bc20
bc20_1103,bc20
bc20_1104,bc20
bc20_1105,bc20
bc20_1106,bc20
bc20_1107,bc20
bc20_1108,bc20
bc20_1109,bc20
bc20_1110,bc20
bc20_1111,bc20
bc20_1112,bc20
bc20_1113,bc20
bc20_1114,bc20
bc20_1115,bc20
bc20_1116,bc20
bc20_1117,bc20
bc20_1118,bc20
bc20_1119,bc20
bc20_1120,bc20
bc20_1121,bc20
bc20_1122,bc20
bc20_1123,bc20
bc20_1124,bc20
bc20_1125,bc20
bc20_1126,bc20
bc20_1127,bc20
bc20_1128,bc20
bc20_1129,bc20
bc20_1130,bc20
bc20_1131,bc20
bc20_1132,bc20
bc20_1133,bc20
bc20_1134,bc20
bc20_1135,bc20
bc20_1136,bc20
bc20_1137,bc20
bc20_1138,bc20
bc20_1139,bc20
bc20_1140,bc20
bc20_1141,bc20
bc20_1142,bc20
bc20_1143,bc20
bc20_1144,bc20
bc20_1145,bc20
bc20_1146,bc20
bc20_1147,bc20
bc20_1148,bc20
bc20_1149,bc20
bc20_1150,bc20
bc20_1151,bc20
bc20_1152,bc20
bc20_1153,bc20
bc20_1154,bc20
bc20_1155,bc20
bc20_1156,bc20
bc20_1157,bc20
bc20_1158,bc20
bc20_1159,bc20
bc20_1160,bc20
bc20_1161,bc20
bc20_1162,bc20
bc20_1163,bc20
bc20_1164,bc20
bc20_1165,bc20
bc20_1166,bc20
bc20_1167,bc20
bc20_1168,bc20
bc20_1169,bc20
bc20_1170,bc20
bc20_1171,bc20
bc20_1172,bc20
bc20_1173,bc20
bc20_1174,bc20
bc20_1175,bc20
bc20_1176,bc20
bc20_1177,bc20
bc20_1178,bc20
bc20_1179,Multiplet
bc20_1180,bc20
bc20_1181,bc20
bc20_1182,bc20
bc20_1183,bc20
bc20_1184,bc20
bc20_1185,bc20
bc20_1186,bc20
bc20_1187,bc20
bc20_1188,bc20
bc20_1189,bc20
bc20_1190,bc20
bc20_1191,bc20
bc20_1192,bc20
bc20_1193,bc20
bc20_1194,bc20
bc20_1195,bc20
bc20_1196,bc20
bc20_1197,bc20
bc20_1198,bc20
bc20_1199,bc20
bc20_1200,bc20
bc20_1201,bc20
bc20_1202,bc20
bc20_1203,bc20
bc20_1204,bc20
bc20_1205,bc20
bc20_1206,bc20
bc20_1207,bc20
bc20_1208,bc20
bc20_1209,bc20
bc20_1210,bc20
bc20_1211,bc20
bc20_1212,bc20
bc20_1213,bc20
bc20_1214,bc20
bc20_1215,bc20
bc20_1216,bc20
bc20_1217,bc20
bc20_1218,bc20
bc20_1219,bc20
bc20_1220,bc20
bc20_1221,bc20
bc20_1222,bc20
bc20_1223,bc20
bc20_1224,bc20
bc20_1225,bc20
bc20_1226,bc20
bc20_1227,bc20
bc20_1228,bc20
bc20_1229,bc20
bc20_1230,bc20
bc20_1231,bc20
bc20_1232,bc20
bc20_1233,bc20
bc20_1234,bc20
bc20_1235,bc20
bc20_1236,bc20
bc20_1237,bc20
bc20_1238,bc20
bc20_1239,bc20
bc20_1240,bc20
bc20_1241,bc20
bc20_1242,bc20
bc20_1243,bc20
bc20_1244,bc20
bc20_1245,bc20
bc20_1246,bc20
bc20_1247,bc20
bc20_1248,bc20
bc20_1249,bc20
bc20_1250,bc20
bc20_1251,bc20
bc20_1252,bc20
bc20_1253,bc20
bc20_1254,bc20
bc20_1255,bc20
bc20_1256,bc20
bc20_1257,bc20
bc20_1258,bc20
bc20_1259,bc20
bc20_1260,bc20
bc20_1261,bc20
bc20_1262,bc20
bc20_1263,bc20
bc20_1264,bc20
bc20_1265,bc20
bc20_1266,bc20
bc20_1267,bc20
bc20_1268,bc20
bc20_1269,bc20
bc20_1270,bc20
bc20_1271,bc20
bc20_1272,bc20
bc20_1273,bc20
bc20_1274,bc20
bc20_1275,bc20
bc20_1276,bc20
bc20_1277,bc20
bc20_1278,bc20
bc20_1279,bc20
bc20_1280,bc20
bc20_1281,bc20
bc20_1282,bc20
bc20_1283,bc20
bc20_1284,bc20
bc20_1285,bc20
bc20_1286,bc20
bc20_1287,bc20
bc20_1288,bc20
bc20_1289,bc20
bc20_1290,bc20
bc20_1291,bc20
bc20_1292,bc20
bc20_1293,bc20
bc20_1294,bc20
bc20_1295,bc20
bc20_1296,bc20
bc20_1297,bc20
bc20_1298,bc20
bc20_1299,bc20
bc20_1300,bc20
bc20_1301,bc20
bc20_1302,bc20
bc20_1303,bc20
bc20_1304,bc20
bc20_1305,bc20
bc20_1306,bc20
bc20_1307,bc20
bc20_1308,bc20
bc20_1309,bc20
bc20_1310,bc20
bc20_1311,bc20
bc20_1312,bc20
bc20_1313,bc20
bc20_1314,bc20
bc20_1315,bc20
bc20_1316,bc20
bc20_1317,bc20
bc20_1318,bc20
bc20_1319,bc20
bc20_1320,bc20
bc20_1321,bc20
bc20_1322,bc20
bc20_1323,bc20
bc20_1324,bc20
bc20_1325,bc20
bc20_1326,bc20
bc20_1327,bc20
bc20_1328,bc20
bc20_1329,bc20
bc20_1330,bc20
bc20_1331,bc20
bc20_1332,bc20
bc20_1333,bc20
bc20_1334,bc20
bc20_1335,bc20
bc20_1336,bc20
bc20_1337,bc20
bc20_1338,bc20
bc20_1339,bc20
bc20_1340,bc20
bc20_1341,bc20
bc20_1342,bc20
bc20_1343,bc20
bc20_1344,bc20
bc20_1345,bc20
bc20_1346,bc20
bc20_1347,bc20
bc20_1348,bc20
bc20_1349,bc20
bc20_1350,bc20
bc20_1351,bc20
bc20_1352,bc20
bc20_1353,bc20
bc20_1354,bc20
bc20_1355,bc20
bc20_1356,bc20
bc20_1357,bc20
bc20_1358,bc20
bc20_1359,bc20
bc20_1360,bc20
bc20_1361,bc20
bc20_1362,bc20
bc20_1363,bc20
bc20_1364,bc20
bc20_1365,bc20
bc20_1366,bc20
bc20_1367,bc20
bc20_1368,bc20
bc20_1369,bc20
bc20_1370,bc20
bc20_1371,bc20
bc20_1372,bc20
bc20_1373,bc20
bc20_1374,bc20
bc20_1375,bc20
bc20_1376,bc20
bc20_1377,bc20
bc20_1378,bc20
bc20_1379,bc20
bc20_1380,bc20
bc20_1381,bc20
bc20_1382,bc20
bc20_1383,bc20
bc20_1384,bc20
bc20_1385,bc20
bc20_1386,bc20
bc20_1387,bc20
bc20_1388,bc20
bc20_1389,bc20
bc20_1390,bc20
bc20_1391,bc20
bc20_1392,bc20
bc20_1393,bc20
bc20_1394,bc20
bc20_1395,bc20
bc20_1396,bc20
bc20_1397,bc20
bc20_1398,bc20
bc20_1399,bc20
bc20_1400,bc20
bc20_1401,bc20
bc20_1402,bc20
bc20_1403,bc20
bc20_1404,bc20
bc20_1405,bc20
bc20_1406,bc20
bc20_1407,bc20
bc20_1408,bc20
bc20_1409,bc20
bc20_1410,bc20
bc20_1411,bc20
bc20_1412,bc20
bc20_1413,bc20
bc20_1414,bc20
bc20_1415,bc20
bc20_1416,bc20
bc20_1417,bc20
bc20_1418,bc20
bc20_1419,bc20
bc20_1420,bc20
bc20_1421,bc20
bc20_1422,bc20
bc20_1423,bc20
bc20_1424,bc20
bc20_1425,bc20
bc20_1426,bc20
bc20_1427,bc20
bc20_1428,bc20
bc20_1429,bc20
bc20_1430,bc20
bc20_1431,bc20
bc20_1432,bc20
bc20_1433,bc20
bc20_1434,bc20
bc20_1435,bc20
bc20_1436,bc20
bc20_1437,bc20
bc20_1438,bc20
bc20_1439,bc20
bc20_1440,bc20
bc20_1441,bc20
bc20_1442,bc20
bc20_1443,bc20
bc20_1444,bc20
bc20_1445,bc20
bc20_1446,bc20
bc20_1447,bc20
bc20_1448,bc20
bc20_1449,bc20
bc20_1450,bc20
bc20_1451,bc20
bc20_1452,bc20
bc20_1453,bc20
bc20_1454,bc20
bc20_1455,bc20
bc20_1456,bc20
bc20_1457,bc20
bc20_1458,bc20
bc20_1459,bc20
bc20_1460,bc20
bc20_1461,bc20
bc20_1462,bc20
bc20_1463,bc20
bc20_1464,bc20
bc20_1465,bc20
bc20_1466,bc20
bc20_1467,bc20
bc20_1468,bc20
bc20_1469,bc20
bc20_1470,bc20
bc20_1471,bc20
bc20_1472,bc20
bc20_1473,bc20
bc20_1474,bc20
bc20_1475,bc20
bc20_1476,bc20
bc20_1477,bc20
bc20_1478,bc20
bc20_1479,bc20
bc20_1480,bc20
bc20_1481,bc20
bc20_1482,bc20
bc20_1483,bc20
bc20_1484,bc20
bc20_1485,bc20
bc20_1486,bc20
bc20_1487,bc20
bc20_1488,bc20
bc20_1489,bc20
bc20_1490,bc20
bc20_1491,bc20
bc20_1492,bc20
bc20_1493,bc20
bc20_1494,bc20
bc20_1495,bc20
bc20_1496,bc20
bc20_1497,bc20
bc20_1498,bc20
bc20_1499,bc20
bc20_1500,bc20
bc20_1501,bc20
bc20_1502,bc20
bc20_1503,bc20
bc20_1504,bc20
bc20_1505,bc20
bc20_1506,bc20
bc20_1507,bc20
bc20_1508,bc20
bc20_1509,bc20
bc20_1510,bc20
bc20_1511,bc20
bc20_1512,bc20
bc20_1513,bc20
bc20_1514,bc20
bc20_1515,bc20
bc20_1516,bc20
bc20_1517,bc20
bc20_1518,bc20
bc20_1519,bc20
bc20_1520,bc20
bc20_1521,bc20
bc20_1522,bc20
bc20_1523,bc20
bc20_1524,bc20
bc20_1525,bc20
bc20_1526,bc20
bc20_1527,bc20
bc20_1528,bc20
bc20_1529,bc20
bc20_1530,bc20
bc20_1531,bc20
bc20_1532,bc20
bc20_1533,bc20
bc20_1534,bc20
bc20_1535,bc20
bc20_1536,bc20
bc20_1537,bc20
bc20_1538,bc20
bc20_1539,bc20
bc20_1540,bc20
bc20_1541,bc20
bc20_1542,bc20
bc20_1543,bc20
bc20_1544,bc20
bc20_1545,bc20
bc20_1546,bc20
bc20_1547,bc20
bc20_1548,bc20
bc20_1549,bc20
bc20_1550,bc20
bc20_1551,bc20
bc20_1552,bc20
bc20_1553,bc20
bc20_1554,bc20
bc20_1555,bc20
bc20_1556,bc20
bc20_1557,bc20
bc20_1558,bc20
bc20_1559,bc20
bc20_1560,bc20
bc20_1561,bc20
bc20_1562,bc20
bc20_1563,bc20
bc20_1564,bc20
bc20_1565,bc20
bc20_1566,bc20
bc20_1567,bc20
bc20_1568,bc20
bc20_1569,bc20
bc20_1570,bc20
bc20_1571,bc20
bc20_1572,bc20
bc20_1573,bc20
bc20_1574,bc20
bc20_1575,bc20
bc20_1576,bc20
bc20_1577,bc20
bc20_1578,bc20
bc20_1579,bc20
bc20_1580,bc20
bc20_1581,bc20
bc20_1582,bc20
bc20_1583,bc20
bc20_1584,bc20
bc20_1585,bc20
bc20_1586,bc20
bc20_1587,bc20
bc20_1588,bc20
bc20_1589,bc20
bc20_1590,bc20
bc20_1591,bc20
bc20_1592,bc20
bc20_1593,bc20
bc20_1594,bc20
bc20_1595,bc20
bc20_1596,bc20
bc20_1597,bc20
bc20_1598,bc20
bc20_1599,bc20
bc20_1600,bc20
bc20_1601,bc20
bc20_1602,bc20
bc20_1603,bc20
bc20_1604,bc20
bc20_1605,bc20
bc20_1606,bc20
bc20_1607,bc20
bc20_1608,bc20
bc20_1609,bc20
bc20_1610,bc20
bc20_1611,bc20
bc20_1612,bc20
bc20_1613,bc20
bc20_1614,bc20
bc20_1615,bc20
bc20_1616,bc20
bc20_1617,bc20
bc20_1618,bc20
bc20_1619,bc20
bc20_1620,bc20
bc21_1,bc21
bc21_2,bc21
bc21_3,bc21
bc21_4,bc21
bc21_5,bc21
bc21_6,bc21
bc21_7,bc21
bc21_8,bc21
bc21_9,bc21
bc21_10,bc21
bc21_11,bc21
bc21_12,bc21
bc21_13,bc21
bc21_14,bc21
bc21_15,bc21
bc21_16,bc21
bc21_17,bc21
bc21_18,bc21
bc21_19,bc21
bc21_20,bc21
bc21_21,bc21
bc21_22,bc21
bc21_23,bc21
bc21_24,bc21
bc21_25,bc21
bc21_26,bc21
bc21_27,bc21
bc21_28,bc21
bc21_29,bc21
bc21_30,bc21
bc21_31,bc21
bc21_32,bc21
bc21_33,bc21
bc21_34,bc21
bc21_35,bc21
bc21_36,bc21
bc21_37,bc21
bc21_38,bc21
bc21_39,bc21
bc21_40,bc21
bc21_41,bc21
bc21_42,bc21
bc21_43,bc21
bc21_44,bc21
bc21_45,bc21
bc21_46,bc21
bc21_47,bc21
bc21_48,bc21
bc21_49,bc21
bc21_50,bc21
bc21_51,bc21
bc21_52,bc21
bc21_53,bc21
bc21_54,bc21
bc21_55,bc21
bc21_56,bc21
bc21_57,bc21
bc21_58,bc21
bc21_59,bc21
bc21_60,bc21
bc21_61,bc21
bc21_62,bc21
bc21_63,bc21
bc21_64,bc21
bc21_65,bc21
bc21_66,bc21
bc21_67,bc21
bc21_68,bc21
bc21_69,bc21
bc21_70,bc21
bc21_71,bc21
bc21_72,bc21
bc21_73,bc21
bc21_74,bc21
bc21_75,bc21
bc21_76,bc21
bc21_77,bc21
bc21_78,bc21
bc21_79,bc21
bc21_80,bc21
bc21_81,bc21
bc21_82,bc21
bc21_83,bc21
bc21_84,bc21
bc21_85,bc21
bc21_86,bc21
bc21_87,bc21
bc21_88,bc21
bc21_89,bc21
bc21_90,bc4
bc21_91,bc21
bc21_92,bc21
bc21_93,bc21
bc21_94,bc21
bc21_95,bc21
bc21_96,bc21
bc21_97,bc21
bc21_98,bc21
bc21_99,bc21
bc21_100,bc21
bc21_101,bc21
bc21_102,bc21
bc21_103,bc21
bc21_104,bc21
bc21_105,bc21
bc21_106,bc21
bc21_107,bc21
bc21_108,bc21
bc21_109,bc21
bc21_110,bc21
bc21_111,bc21
bc21_112,bc21
bc21_113,bc21
bc21_114,bc21
bc21_115,bc21
bc21_116,bc21
bc21_117,bc21
bc21_118,bc21
bc21_119,bc21
bc21_120,bc21
bc21_121,bc21
bc21_122,bc21
bc21_123,bc21
bc21_124,bc21
bc21_125,Multiplet
bc21_126,bc21
bc21_127,bc21
bc21_128,bc21
bc21_129,bc21
bc21_130,bc21
bc21_131,bc21
bc21_132,bc21
bc21_133,bc21
bc21_134,bc21
bc21_135,bc21
bc21_136,bc21
bc21_137,bc21
bc21_138,bc21
bc21_139,bc21
bc21_140,bc21
bc21_141,bc21
bc21_142,bc21
bc21_143,bc21
bc21_144,bc21
bc21_145,bc21
bc21_146,bc21
bc21_147,bc21
bc21_148,bc21
bc21_149,bc21
bc21_150,bc21
bc21_151,bc21
bc21_152,bc21
bc21_153,bc21
bc21_154,bc21
bc21_155,bc21
bc21_156,bc21
bc21_157,bc21
bc21_158,bc21
bc21_159,bc21
bc21_160,bc21
bc21_161,bc21
bc21_162,bc21
bc21_163,bc21
bc21_164,bc21
bc21_165,bc21
bc21_166,bc21
bc21_167,bc21
bc21_168,bc21
bc21_169,bc21
bc21_170,bc21
bc21_171,bc21
bc21_172,bc21
bc21_173,bc21
bc21_174,bc21
bc21_175,bc21
bc21_176,bc21
bc21_177,bc21
bc21_178,bc21
bc21_179,bc21
bc21_180,bc21
bc21_181,bc21
bc21_182,bc21
bc21_183,bc21
bc21_184,bc21
bc21_185,bc21
bc21_186,bc21
bc21_187,bc21
bc21_188,bc21
bc21_189,bc21
bc21_190,bc21
bc21_191,bc21
bc21_192,bc21
bc21_193,bc21
bc21_194,bc21
bc21_195,bc21
bc21_196,bc21
bc21_197,bc21
bc21_198,bc21
bc21_199,bc21
bc21_200,bc21
bc21_201,bc21
bc21_202,bc21
bc21_203,bc21
bc21_204,bc21
bc21_205,bc21
bc21_206,bc21
bc21_207,bc21
bc21_208,bc21
bc21_209,bc21
bc21_210,bc21
bc21_211,bc21
bc21_212,bc21
bc21_213,bc21
bc21_214,bc21
bc21_215,bc21
bc21_216,bc21
bc21_217,bc21
bc21_218,bc21
bc21_219,bc21
bc21_220,bc21
bc21_221,bc21
bc21_222,bc21
bc21_223,bc21
bc21_224,bc21
bc21_225,bc21
bc21_226,bc21
bc21_227,bc21
bc21_228,bc21
bc21_229,bc21
bc21_230,bc21
bc21_231,bc21
bc21_232,bc21
bc21_233,bc21
bc21_234,bc21
bc21_235,bc21
bc21_236,bc21
bc21_237,bc21
bc21_238,bc21
bc21_239,bc21
bc21_240,bc21
bc21_241,bc21
bc21_242,bc21
bc21_243,bc21
bc21_244,bc21
bc21_245,bc21
bc21_246,bc21
bc21_247,bc21
bc21_248,bc21
bc21_249,bc21
bc21_250,bc21
bc21_251,bc21
bc21_252,Multiplet
bc21_253,bc21
bc21_254,bc21
bc21_255,bc21
bc21_256,bc21
bc21_257,bc21
bc21_258,bc21
bc21_259,bc21
bc21_260,bc21
bc21_261,bc21
bc21_262,bc21
bc21_263,bc21
bc21_264,bc21
bc21_265,bc21
bc21_266,bc21
bc21_267,bc21
bc21_268,bc21
bc21_269,bc21
bc21_270,bc21
bc21_271,bc21
bc21_272,bc21
bc21_273,bc21
bc21_274,bc21
bc21_275,bc21
bc21_276,bc21
bc21_277,bc21
bc21_278,bc21
bc21_279,bc21
bc21_280,bc21
bc21_281,bc21
bc21_282,bc21
bc21_283,bc21
bc21_284,bc21
bc21_285,bc21
bc21_286,bc21
bc21_287,bc21
bc21_288,bc21
bc21_289,bc21
bc21_290,bc21
bc21_291,bc21
bc21_292,bc21
bc21_293,bc21
bc21_294,bc21
bc21_295,bc21
bc21_296,bc21
bc21_297,bc21
bc21_298,bc21
bc21_299,bc21
bc21_300,bc21
bc21_301,bc21
bc21_302,bc21
bc21_303,bc21
bc21_304,bc21
bc21_305,bc21
bc21_306,bc21
bc21_307,bc21
bc21_308,bc21
bc21_309,bc21
bc21_310,bc21
bc21_311,bc21
bc21_312,bc21
bc21_313,bc21
bc21_314,bc21
bc21_315,bc21
bc21_316,bc21
bc21_317,bc21
bc21_318,bc21
bc21_319,bc21
bc21_320,bc21
bc21_321,bc21
bc21_322,bc21
bc21_323,bc21
bc21_324,bc21
bc21_325,bc21
bc21_326,bc21
bc21_327,bc21
bc21_328,bc21
bc21_329,bc21
bc21_330,bc21
bc21_331,bc21
bc21_332,bc21
bc21_333,bc21
bc21_334,bc21
bc21_335,bc21
bc21_336,bc21
bc21_337,bc21
bc21_338,bc21
bc21_339,bc21
bc21_340,bc21
bc21_341,bc21
bc21_342,bc21
bc21_343,bc21
bc21_344,bc21
bc21_345,bc21
bc21_346,bc21
bc21_347,bc21
bc21_348,bc21
bc21_349,bc21
bc21_350,bc21
bc21_351,bc21
bc21_352,bc21
bc21_353,bc21
bc21_354,bc21
bc21_355,bc21
bc21_356,bc21
bc21_357,bc21
bc21_358,bc21
bc21_359,bc21
bc21_360,bc21
bc21_361,bc21
bc21_362,bc21
bc21_363,bc21
bc21_364,bc21
bc21_365,bc21
bc21_366,bc21
bc21_367,bc21
bc21_368,bc21
bc21_369,bc21
bc21_370,bc21
bc21_371,bc21
bc21_372,bc21
bc21_373,bc21
bc21_374,bc21
bc21_375,bc21
bc21_376,bc21
bc21_377,bc21
bc21_378,bc21
bc21_379,bc21
bc21_380,bc21
bc21_381,bc21
bc21_382,bc21
bc21_383,bc21
bc21_384,bc21
bc21_385,bc21
bc21_386,bc21
bc21_387,bc21
bc21_388,bc21
bc21_389,bc21
bc21_390,bc21
bc21_391,bc21
bc21_392,bc21
bc21_393,bc21
bc21_394,bc21
bc21_395,bc21
bc21_396,bc21
bc21_397,bc21
bc21_398,bc21
bc21_399,bc21
bc21_400,bc21
bc21_401,bc21
bc21_402,bc21
bc21_403,bc21
bc21_404,bc21
bc21_405,bc21
bc21_406,bc21
bc21_407,bc21
bc21_408,bc21
bc21_409,bc21
bc21_410,bc21
bc21_411,bc21
bc21_412,bc21
bc21_413,bc21
bc21_414,bc21
bc21_415,bc21
bc21_416,bc21
bc21_417,bc21
bc21_418,bc21
bc21_419,bc21
bc21_420,bc21
bc21_421,bc21
bc21_422,bc21
bc21_423,bc21
bc21_424,bc21
bc21_425,bc21
bc21_426,bc21
bc21_427,bc21
bc21_428,bc21
bc21_429,bc21
bc21_430,bc21
bc21_431,bc21
bc21_432,bc21
bc21_433,bc21
bc21_434,bc21
bc21_435,bc21
bc21_436,bc21
bc21_437,bc21
bc21_438,bc21
bc21_439,bc21
bc21_440,bc21
bc21_441,bc21
bc21_442,bc21
bc21_443,bc21
bc21_444,bc21
bc21_445,bc21
bc21_446,bc21
bc21_447,bc21
bc21_448,bc21
bc21_449,bc21
bc21_450,bc21
bc21_451,bc21
bc21_452,bc21
bc21_453,bc21
bc21_454,bc21
bc21_455,bc21
bc21_456,bc21
bc21_457,bc21
bc21_458,bc21
bc21_459,bc21
bc21_460,bc21
bc21_461,bc21
bc21_462,bc21
bc21_463,bc21
bc21_464,bc21
bc21_465,bc21
bc21_466,bc21
bc21_467,bc21
bc21_468,bc21
bc21_469,bc21
bc21_470,bc21
bc21_471,bc21
bc21_472,bc21
bc21_473,bc21
bc21_474,bc21
bc21_475,bc21
bc21_476,bc21
bc21_477,bc21
bc21_478,bc21
bc21_479,bc21
bc21_480,bc21
bc21_481,bc21
bc21_482,bc21
bc21_483,bc21
bc21_484,bc21
bc21_485,bc21
bc21_486,bc21
bc21_487,bc21
bc21_488,bc21
bc21_489,bc21
bc21_490,bc21
bc21_491,bc21
bc21_492,bc21
bc21_493,bc21
bc21_494,bc21
bc21_495,bc21
bc21_496,bc21
bc21_497,bc21
bc21_498,bc21
bc21_499,bc21
bc21_500,bc21
bc21_501,bc21
bc21_502,bc21
bc21_503,bc21
bc21_504,bc21
bc21_505,bc21
bc21_506,bc21
bc21_507,bc21
bc21_508,bc21
bc21_509,bc21
bc21_510,bc21
bc21_511,bc21
bc21_512,bc21
bc21_513,bc21
bc21_514,bc21
bc21_515,bc21
bc21_516,bc21
bc21_517,bc21
bc21_518,bc21
bc21_519,bc21
bc21_520,bc21
bc21_521,bc21
bc21_522,bc21
bc21_523,bc21
bc21_524,bc21
bc21_525,bc21
bc21_526,bc21
bc21_527,bc21
bc21_528,bc21
bc21_529,bc21
bc21_530,bc21
bc21_531,bc21
bc21_532,Multiplet
bc21_533,bc21
bc21_534,bc21
bc21_535,bc21
bc21_536,bc21
bc21_537,bc21
bc21_538,bc21
bc21_539,bc21
bc21_540,bc21
bc21_541,bc21
bc21_542,bc21
bc21_543,bc21
bc21_544,bc21
bc21_545,bc21
bc21_546,bc21
bc21_547,bc21
bc21_548,bc21
bc21_549,bc21
bc21_550,bc21
bc21_551,bc21
bc21_552,bc21
bc21_553,bc21
bc21_554,bc21
bc21_555,bc21
bc21_556,bc21
bc21_557,bc21
bc21_558,bc21
bc21_559,bc21
bc21_560,bc21
bc21_561,bc21
bc21_562,bc21
bc21_563,bc21
bc21_564,bc21
bc21_565,bc21
bc21_566,bc21
bc21_567,bc21
bc21_568,bc21
bc21_569,bc21
bc21_570,bc21
bc21_571,bc21
bc21_572,bc21
bc21_573,bc21
bc21_574,bc21
bc21_575,bc21
bc21_576,bc21
bc21_577,bc21
bc21_578,bc21
bc21_579,bc21
bc21_580,bc21
bc21_581,bc21
bc21_582,bc21
bc21_583,bc21
bc21_584,bc21
bc21_585,bc21
bc21_586,bc21
bc21_587,bc21
bc21_588,bc21
bc21_589,bc21
bc21_590,bc21
bc21_591,bc21
bc21_592,bc21
bc21_593,bc21
bc21_594,bc21
bc21_595,bc21
bc21_596,bc21
bc21_597,bc21
bc21_598,bc21
bc21_599,bc21
bc21_600,bc21
bc21_601,bc21
bc21_602,bc21
bc21_603,bc21
bc21_604,bc21
bc21_605,bc21
bc21_606,bc21
bc21_607,bc21
bc21_608,bc21
bc21_609,bc21
bc21_610,bc21
bc21_611,bc21
bc21_612,bc21
bc21_613,bc21
bc21_614,bc21
bc21_615,bc21
bc21_616,bc21
bc21_617,bc21
bc21_618,bc21
bc21_619,bc21
bc21_620,bc21
bc21_621,bc21
bc21_622,bc21
bc21_623,bc21
bc21_624,bc21
bc21_625,bc21
bc21_626,bc21
bc21_627,bc21
bc21_628,bc21
bc21_629,bc21
bc21_630,bc21
bc21_631,bc21
bc21_632,bc21
bc21_633,bc21
bc21_634,bc21
bc21_635,bc21
bc21_636,bc21
bc21_637,bc21
bc21_638,bc21
bc21_639,bc21
bc21_640,bc21
bc21_641,bc21
bc21_642,bc21
bc21_643,bc21
bc21_644,bc21
bc21_645,bc21
bc21_646,bc21
bc21_647,bc21
bc21_648,bc21
bc21_649,bc21
bc21_650,bc21
bc21_651,bc21
bc21_652,bc21
bc21_653,bc21
bc21_654,bc21
bc21_655,bc21
bc21_656,bc21
bc21_657,bc21
bc21_658,bc21
bc21_659,bc21
bc21_660,bc21
bc21_661,bc21
bc21_662,bc21
bc21_663,bc21
bc21_664,bc21
bc21_665,bc21
bc21_666,bc21
bc21_667,bc21
bc21_668,bc21
bc21_669,bc21
bc21_670,bc21
bc21_671,bc21
bc21_672,bc21
bc21_673,bc21
bc21_674,bc21
bc21_675,bc21
bc21_676,bc21
bc21_677,bc21
bc21_678,bc21
bc21_679,bc21
bc21_680,bc21
bc21_681,bc21
bc21_682,bc21
bc21_683,bc21
bc21_684,bc21
bc21_685,bc21
bc21_686,bc21
bc21_687,bc21
bc21_688,bc21
bc21_689,bc21
bc21_690,bc21
bc21_691,bc21
bc21_692,bc21
bc21_693,bc21
bc21_694,bc21
bc21_695,bc21
bc21_696,bc21
bc21_697,bc21
bc21_698,bc21
bc21_699,bc21
bc21_700,bc21
bc21_701,bc21
bc21_702,bc21
bc21_703,bc21
bc21_704,bc21
bc21_705,bc21
bc21_706,bc21
bc21_707,bc21
bc21_708,bc21
bc21_709,bc21
bc21_710,bc21
bc21_711,bc21
bc21_712,bc21
bc21_713,bc21
bc21_714,bc21
bc21_715,bc21
bc21_716,bc21
bc21_717,bc21
bc21_718,bc21
bc21_719,bc21
bc21_720,bc21
bc21_721,bc21
bc21_722,bc21
bc21_723,bc21
bc21_724,bc21
bc21_725,bc21
bc21_726,bc21
bc21_727,bc21
bc21_728,bc21
bc21_729,bc21
bc21_730,bc21
bc21_731,bc21
bc21_732,bc21
bc21_733,bc21
bc21_734,bc21
bc21_735,bc21
bc21_736,bc21
bc21_737,bc21
bc21_738,bc21
bc21_739,bc21
bc21_740,bc21
bc21_741,bc21
bc21_742,bc21
bc21_743,bc21
bc21_744,bc21
bc21_745,bc21
bc21_746,bc21
bc21_747,bc21
bc21_748,bc21
bc21_749,bc21
bc21_750,bc21
bc21_751,bc21
bc21_752,bc21
bc21_753,bc21
bc21_754,bc21
bc21_755,bc21
bc21_756,bc21
bc21_757,bc21
bc21_758,bc21
bc21_759,bc21
bc21_760,bc21
bc21_761,bc21
bc21_762,bc21
bc21_763,bc21
bc21_764,bc21
bc21_765,bc21
bc21_766,bc21
bc21_767,bc21
bc21_768,bc21
bc21_769,bc21
bc21_770,bc21
bc21_771,bc21
bc21_772,bc21
bc21_773,bc21
bc21_774,bc21
bc21_775,bc21
bc21_776,bc21
bc21_777,bc21
bc21_778,bc21
bc21_779,bc21
bc21_780,bc21
bc21_781,bc21
bc21_782,bc21
bc21_783,bc21
bc21_784,bc21
bc21_785,bc21
bc21_786,bc21
bc21_787,bc21
bc21_788,bc21
bc21_789,bc21
bc21_790,bc21
bc21_791,bc21
bc21_792,bc21
bc21_793,bc21
bc21_794,bc21
bc21_795,bc21
bc21_796,bc21
bc21_797,bc21
bc21_798,bc21
bc21_799,bc21
bc21_800,bc21
bc21_801,bc21
bc21_802,bc21
bc21_803,bc21
bc21_804,bc21
bc21_805,bc21
bc21_806,bc21
bc21_807,bc21
bc21_808,bc21
bc21_809,bc21
bc21_810,bc21
bc21_811,bc21
bc21_812,bc21
bc21_813,bc21
bc21_814,bc21
bc21_815,bc21
bc21_816,bc21
bc21_817,bc21
bc21_818,Multiplet
bc21_819,bc21
bc21_820,bc21
bc21_821,bc21
bc21_822,bc21
bc21_823,bc21
bc21_824,bc21
bc21_825,bc21
bc21_826,bc21
bc21_827,bc21
bc21_828,bc21
bc21_829,bc21
bc21_830,bc21
bc21_831,bc21
bc21_832,bc21
bc21_833,bc21
bc21_834,bc21
bc21_835,bc21
bc21_836,bc21
bc21_837,bc21
bc21_838,bc21
bc21_839,bc21
bc21_840,bc21
bc21_841,bc21
bc21_842,bc21
bc21_843,Negative
bc21_844,bc21
bc21_845,bc21
bc21_846,bc21
bc21_847,bc21
bc21_848,bc21
bc21_849,bc21
bc21_850,bc21
bc21_851,bc21
bc21_852,bc21
bc21_853,bc21
bc21_854,bc21
bc21_855,bc21
bc21_856,bc21
bc21_857,bc21
bc21_858,bc21
bc21_859,bc21
bc21_860,bc21
bc21_861,bc21
bc21_862,bc21
bc21_863,bc21
bc21_864,bc21
bc21_865,bc21
bc21_866,bc21
bc21_867,bc21
bc21_868,bc21
bc21_869,bc21
bc21_870,bc21
bc21_871,bc21
bc21_872,bc21
bc21_873,bc21
bc21_874,bc21
bc21_875,bc21
bc21_876,bc21
bc21_877,bc21
bc21_878,bc21
bc21_879,bc21
bc21_880,bc21
bc21_881,bc21
bc21_882,bc21
bc21_883,bc21
bc21_884,bc21
bc21_885,bc21
bc21_886,bc21
bc21_887,bc21
bc21_888,bc21
bc21_889,bc21
bc21_890,bc21
bc21_891,bc21
bc21_892,bc21
bc21_893,bc21
bc21_894,bc21
bc21_895,bc21
bc21_896,bc21
bc21_897,bc21
bc21_898,bc21
bc21_899,bc21
bc21_900,bc21
bc21_901,bc21
bc21_902,bc21
bc21_903,bc21
bc21_904,bc21
bc21_905,bc21
bc21_906,bc21
bc21_907,bc21
bc21_908,bc21
bc21_909,bc21
bc21_910,bc21
bc21_911,bc21
bc21_912,bc21
bc21_913,bc21
bc21_914,bc21
bc21_915,bc21
bc21_916,bc21
bc21_917,bc21
bc21_918,bc21
bc21_919,bc21
bc21_920,bc21
bc21_921,bc21
bc21_922,bc21
bc21_923,bc21
bc21_924,bc21
bc21_925,bc21
bc21_926,bc21
bc21_927,bc21
bc21_928,bc21
bc21_929,bc21
bc21_930,bc21
bc21_931,bc21
bc21_932,bc21
bc21_933,bc21
bc21_934,bc21
bc21_935,bc21
bc21_936,bc21
bc21_937,bc21
bc21_938,bc21
bc21_939,bc21
bc21_940,bc21
bc21_941,bc21
bc21_942,bc21
bc21_943,bc21
bc21_944,bc21
bc21_945,bc21
bc21_946,bc21
bc21_947,bc21
bc21_948,bc21
bc21_949,bc21
bc21_950,bc21
bc21_951,bc21
bc21_952,bc21
bc21_953,bc21
bc21_954,bc21
bc21_955,bc21
bc21_956,bc21
bc21_957,bc21
bc21_958,bc21
bc21_959,bc21
bc21_960,bc21
bc21_961,bc21
bc21_962,bc21
bc21_963,bc21
bc21_964,bc21
bc21_965,bc21
bc21_966,bc21
bc21_967,bc21
bc21_968,bc21
bc21_969,bc21
bc21_970,bc21
bc21_971,bc21
bc21_972,bc21
bc21_973,bc21
bc21_974,bc21
bc21_975,bc21
bc21_976,bc21
bc21_977,bc21
bc21_978,bc21
bc21_979,bc21
bc21_980,bc21
bc21_981,bc21
bc21_982,bc21
bc21_983,bc21
bc21_984,bc21
bc21_985,bc21
bc21_986,bc21
bc21_987,bc21
bc21_988,bc21
bc21_989,bc21
bc21_990,bc21
bc21_991,bc21
bc21_992,bc21
bc21_993,bc21
bc21_994,bc21
bc21_995,bc21
bc21_996,bc21
bc21_997,bc21
bc21_998,bc21
bc21_999,bc21
bc21_1000,bc21
bc21_1001,bc21
bc21_1002,bc21
bc21_1003,bc21
bc21_1004,bc21
bc21_1005,bc21
bc21_1006,bc21
bc21_1007,bc21
bc21_1008,bc21
bc21_1009,bc21
bc21_1010,bc21
bc21_1011,bc21
bc21_1012,bc21
bc21_1013,bc21
bc21_1014,bc21
bc21_1015,bc21
bc21_1016,bc21
bc21_1017,bc21
bc21_1018,bc21
bc21_1019,bc21
bc21_1020,bc21
bc21_1021,bc21
bc21_1022,bc21
bc21_1023,bc21
bc21_1024,bc21
bc21_1025,bc21
bc21_1026,bc21
bc21_1027,bc21
bc21_1028,bc21
bc21_1029,bc21
bc21_1030,bc21
bc21_1031,bc21
bc21_1032,Multiplet
bc21_1033,bc21
bc21_1034,bc21
bc21_1035,bc21
bc21_1036,bc21
bc21_1037,bc21
bc21_1038,bc21
bc21_1039,bc21
bc21_1040,bc21
bc21_1041,bc21
bc21_1042,bc21
bc21_1043,bc21
bc21_1044,bc21
bc21_1045,bc21
bc21_1046,bc21
bc21_1047,bc21
bc21_1048,bc21
bc21_1049,bc21
bc21_1050,bc21
bc21_1051,bc21
bc21_1052,bc21
bc21_1053,bc21
bc21_1054,bc21
bc21_1055,bc21
bc21_1056,bc21
bc21_1057,bc21
bc21_1058,bc21
bc21_1059,bc21
bc21_1060,bc21
bc21_1061,bc21
bc21_1062,bc21
bc21_1063,bc21
bc21_1064,bc21
bc21_1065,bc21
bc21_1066,bc21
bc21_1067,bc21
bc21_1068,bc21
bc21_1069,bc21
bc21_1070,bc21
bc21_1071,bc21
bc21_1072,bc21
bc21_1073,bc21
bc21_1074,bc21
bc21_1075,bc21
bc21_1076,bc21
bc21_1077,bc21
bc21_1078,bc21
bc21_1079,bc21
bc21_1080,bc21
bc21_1081,bc21
bc21_1082,bc21
bc21_1083,bc21
bc21_1084,bc21
bc21_1085,bc21
bc21_1086,bc21
bc21_1087,bc21
bc21_1088,bc21
bc21_1089,bc21
bc21_1090,bc21
bc21_1091,bc21
bc21_1092,bc21
bc21_1093,bc21
bc21_1094,bc21
bc21_1095,bc21
bc21_1096,bc21
bc21_1097,bc21
bc21_1098,bc21
bc21_1099,bc21
bc21_1100,bc21
bc21_1101,bc21
bc21_1102,bc21
bc21_1103,bc21
bc21_1104,bc21
bc21_1105,bc21
bc21_1106,bc21
bc21_1107,bc21
bc21_1108,bc21
bc21_1109,bc21
bc21_1110,bc21
bc21_1111,bc21
bc21_1112,bc21
bc21_1113,bc21
bc21_1114,bc21
bc21_1115,bc21
bc21_1116,bc21
bc21_1117,bc21
bc21_1118,bc21
bc21_1119,bc21
bc21_1120,bc21
bc21_1121,bc21
bc21_1122,bc21
bc21_1123,bc21
bc21_1124,bc21
bc21_1125,bc21
bc21_1126,bc21
bc21_1127,bc21
bc21_1128,bc21
bc21_1129,bc21
bc21_1130,bc21
bc21_1131,bc21
bc21_1132,bc21
bc21_1133,bc21
bc21_1134,bc21
bc21_1135,bc21
bc21_1136,bc21
bc21_1137,bc21
bc21_1138,bc21
bc21_1139,bc21
bc21_1140,bc21
bc21_1141,bc21
bc21_1142,bc21
bc21_1143,bc21
bc21_1144,bc21
bc21_1145,bc21
bc21_1146,bc21
bc21_1147,bc21
bc21_1148,bc21
bc21_1149,bc21
bc21_1150,bc21
bc21_1151,bc21
bc21_1152,bc21
bc21_1153,bc21
bc21_1154,bc21
bc21_1155,bc21
bc21_1156,bc21
bc21_1157,bc21
bc21_1158,bc21
bc21_1159,bc21
bc21_1160,bc21
bc21_1161,bc21
bc21_1162,bc21
bc21_1163,bc21
bc21_1164,bc21
bc21_1165,bc21
bc21_1166,bc21
bc21_1167,bc21
bc21_1168,bc21
bc21_1169,bc21
bc21_1170,bc21
bc21_1171,bc21
bc21_1172,bc21
bc21_1173,bc21
bc21_1174,bc21
bc21_1175,bc21
bc21_1176,bc21
bc21_1177,bc21
bc21_1178,bc21
bc21_1179,bc21
bc21_1180,bc21
bc21_1181,bc21
bc21_1182,bc21
bc21_1183,Negative
bc21_1184,bc21
bc21_1185,bc21
bc21_1186,bc21
bc21_1187,bc21
bc21_1188,bc21
bc21_1189,bc21
bc21_1190,bc21
bc21_1191,bc21
bc21_1192,bc21
bc21_1193,bc21
bc21_1194,bc21
bc21_1195,bc21
bc21_1196,bc21
bc21_1197,bc21
bc21_1198,bc21
bc21_1199,bc21
bc21_1200,bc21
bc21_1201,bc21
bc21_1202,bc21
bc21_1203,bc21
bc21_1204,bc21
bc21_1205,bc21
bc21_1206,bc21
bc21_1207,bc21
bc21_1208,bc21
bc21_1209,bc21
bc21_1210,bc21
bc21_1211,bc21
bc21_1212,bc21
bc21_1213,bc21
bc21_1214,bc21
bc21_1215,bc21
bc21_1216,bc21
bc21_1217,bc21
bc21_1218,bc21
bc21_1219,bc21
bc21_1220,bc21
bc21_1221,bc21
bc21_1222,bc21
bc21_1223,bc21
bc21_1224,bc21
bc21_1225,bc21
bc21_1226,bc21
bc21_1227,bc21
bc21_1228,bc21
bc21_1229,bc21
bc21_1230,bc21
bc21_1231,bc21
bc21_1232,bc21
bc21_1233,bc21
bc21_1234,bc21
bc21_1235,bc21
bc21_1236,bc21
bc21_1237,bc21
bc21_1238,bc21
bc21_1239,bc21
bc21_1240,bc21
bc21_1241,bc21
bc21_1242,bc21
bc21_1243,bc21
bc21_1244,bc21
bc21_1245,bc21
bc21_1246,bc21
bc21_1247,bc21
bc21_1248,bc21
bc21_1249,bc21
bc21_1250,bc21
bc21_1251,bc21
bc21_1252,bc21
bc21_1253,bc21
bc21_1254,bc21
bc21_1255,bc21
bc21_1256,bc21
bc21_1257,bc21
bc21_1258,bc21
bc21_1259,bc21
bc21_1260,bc21
bc21_1261,bc21
bc21_1262,bc21
bc21_1263,bc21
bc21_1264,bc21
bc21_1265,bc21
bc21_1266,bc21
bc21_1267,bc21
bc21_1268,bc21
bc21_1269,bc21
bc21_1270,bc21
bc21_1271,bc21
bc21_1272,bc21
bc21_1273,bc21
bc21_1274,bc21
bc21_1275,bc21
bc21_1276,bc21
bc21_1277,bc21
bc21_1278,bc21
bc21_1279,bc21
bc21_1280,bc21
bc21_1281,bc21
bc21_1282,bc21
bc21_1283,bc21
bc21_1284,bc21
bc21_1285,bc21
bc21_1286,bc21
bc21_1287,bc21
bc21_1288,bc21
bc21_1289,bc21
bc21_1290,bc21
bc21_1291,bc21
bc21_1292,bc21
bc21_1293,bc21
bc21_1294,bc21
bc21_1295,bc21
bc21_1296,bc21
bc21_1297,bc21
bc21_1298,bc21
bc21_1299,bc21
bc21_1300,bc21
bc21_1301,bc21
bc21_1302,bc21
bc21_1303,bc21
bc21_1304,bc21
bc21_1305,bc21
bc21_1306,bc21
bc21_1307,bc21
bc21_1308,bc21
bc21_1309,bc21
bc21_1310,bc21
bc21_1311,bc21
bc21_1312,bc21
bc21_1313,bc21
bc21_1314,bc21
bc21_1315,bc21
bc21_1316,bc21
bc21_1317,bc21
bc21_1318,bc21
bc21_1319,bc21
bc21_1320,bc21
bc21_1321,bc21
bc21_1322,bc21
bc21_1323,bc21
bc21_1324,bc21
bc21_1325,bc21
bc21_1326,bc21
bc21_1327,bc21
bc21_1328,bc21
bc21_1329,bc21
bc21_1330,bc21
bc21_1331,bc21
bc21_1332,bc21
bc21_1333,bc21
bc21_1334,bc21
bc21_1335,bc21
bc21_1336,bc21
bc21_1337,bc21
bc21_1338,bc21
bc21_1339,bc21
bc21_1340,bc21
bc21_1341,bc21
bc21_1342,bc21
bc21_1343,bc21
bc21_1344,bc21
bc21_1345,bc21
bc21_1346,bc21
bc21_1347,bc21
bc21_1348,bc21
bc21_1349,bc21
bc21_1350,bc21
bc21_1351,bc21
bc21_1352,bc21
bc21_1353,bc21
bc21_1354,bc21
bc21_1355,bc21
bc21_1356,bc21
bc21_1357,bc21
bc21_1358,bc21
bc21_1359,bc21
bc21_1360,bc21
bc21_1361,bc21
bc21_1362,bc21
bc21_1363,bc21
bc21_1364,bc21
bc21_1365,bc21
bc21_1366,bc21
bc21_1367,bc21
bc21_1368,bc21
bc21_1369,bc21
bc21_1370,bc21
bc21_1371,bc21
bc21_1372,bc21
bc21_1373,bc21
bc21_1374,bc21
bc21_1375,bc21
bc21_1376,bc21
bc21_1377,bc21
bc21_1378,bc21
bc21_1379,bc21
bc21_1380,bc21
bc21_1381,bc21
bc21_1382,bc21
bc21_1383,bc21
bc21_1384,bc21
bc21_1385,bc21
bc21_1386,bc21
bc21_1387,bc21
bc21_1388,bc21
bc21_1389,bc21
bc21_1390,bc21
bc21_1391,bc21
bc21_1392,bc21
bc21_1393,bc21
bc21_1394,bc21
bc21_1395,bc21
bc21_1396,bc21
bc21_1397,bc21
bc21_1398,bc21
bc21_1399,bc21
bc21_1400,bc21
bc21_1401,bc21
bc21_1402,bc21
bc21_1403,bc21
bc21_1404,bc21
bc21_1405,bc21
bc21_1406,bc21
bc21_1407,bc21
bc21_1408,bc21
bc21_1409,bc21
bc21_1410,bc21
bc21_1411,bc21
bc21_1412,bc21
bc21_1413,bc21
bc21_1414,bc21
bc21_1415,bc21
bc21_1416,bc21
bc21_1417,bc21
bc21_1418,bc21
bc21_1419,bc21
bc21_1420,bc21
bc21_1421,bc21
bc21_1422,bc21
bc21_1423,bc21
bc21_1424,bc21
bc21_1425,bc21
bc21_1426,bc21
bc21_1427,bc21
bc21_1428,bc21
bc21_1429,bc21
bc21_1430,bc21
bc21_1431,bc21
bc21_1432,bc21
bc21_1433,bc21
bc21_1434,bc21
bc21_1435,bc21
bc21_1436,bc21
bc21_1437,bc21
bc21_1438,bc21
bc21_1439,bc21
bc21_1440,bc21
bc21_1441,bc21
bc21_1442,bc21
bc21_1443,bc21
bc21_1444,bc21
bc21_1445,bc21
bc21_1446,bc21
bc21_1447,bc21
bc21_1448,bc21
bc21_1449,bc21
bc21_1450,bc21
bc21_1451,bc21
bc21_1452,bc21
bc21_1453,bc21
bc21_1454,bc21
bc21_1455,bc21
bc21_1456,bc21
bc21_1457,bc21
bc21_1458,bc21
bc21_1459,bc21
bc21_1460,bc21
bc21_1461,bc21
bc21_1462,bc21
bc21_1463,bc21
bc21_1464,bc21
bc21_1465,bc21
bc21_1466,bc21
bc21_1467,bc21
bc21_1468,bc21
bc21_1469,bc21
bc21_1470,bc21
bc21_1471,bc21
bc21_1472,bc21
bc21_1473,bc21
bc21_1474,bc21
bc21_1475,bc21
bc21_1476,bc21
bc21_1477,bc21
bc21_1478,bc21
bc21_1479,bc21
bc21_1480,bc21
bc21_1481,bc21
bc21_1482,bc21
bc22_1,bc22
bc22_2,bc22
bc22_3,bc22
bc22_4,bc22
bc22_5,bc22
bc22_6,bc22
bc22_7,bc22
bc22_8,bc22
bc22_9,bc22
bc22_10,bc22
bc22_11,bc22
bc22_12,bc22
bc22_13,bc22
bc22_14,bc22
bc22_15,bc22
bc22_16,bc22
bc22_17,bc22
bc22_18,bc22
bc22_19,bc22
bc22_20,bc22
bc22_21,bc22
bc22_22,bc22
bc22_23,bc22
bc22_24,bc22
bc22_25,bc22
bc22_26,bc22
bc22_27,bc22
bc22_28,bc22
bc22_29,bc22
bc22_30,bc22
bc22_31,bc22
bc22_32,bc22
bc22_33,bc22
bc22_34,bc22
bc22_35,bc22
bc22_36,bc22
bc22_37,bc22
bc22_38,bc22
bc22_39,bc22
bc22_40,bc22
bc22_41,bc22
bc22_42,bc22
bc22_43,bc22
bc22_44,bc22
bc22_45,bc22
bc22_46,bc22
bc22_47,bc22
bc22_48,bc22
bc22_49,bc22
bc22_50,bc22
bc22_51,bc22
bc22_52,bc22
bc22_53,bc22
bc22_54,bc22
bc22_55,bc22
bc22_56,bc22
bc22_57,bc22
bc22_58,bc22
bc22_59,bc22
bc22_60,bc22
bc22_61,bc22
bc22_62,bc22
bc22_63,bc22
bc22_64,bc22
bc22_65,bc22
bc22_66,bc22
bc22_67,bc22
bc22_68,bc22
bc22_69,bc22
bc22_70,bc22
bc22_71,bc22
bc22_72,bc22
bc22_73,bc22
bc22_74,bc22
bc22_75,bc22
bc22_76,bc22
bc22_77,bc22
bc22_78,bc22
bc22_79,bc22
bc22_80,bc22
bc22_81,bc22
bc22_82,bc22
bc22_83,bc22
bc22_84,bc22
bc22_85,bc22
bc22_86,bc22
bc22_87,bc22
bc22_88,bc22
bc22_89,bc22
bc22_90,bc22
bc22_91,bc22
bc22_92,bc22
bc22_93,bc22
bc22_94,bc22
bc22_95,bc22
bc22_96,bc22
bc22_97,bc22
bc22_98,bc22
bc22_99,bc22
bc22_100,bc22
bc22_101,bc22
bc22_102,bc22
bc22_103,bc22
bc22_104,bc22
bc22_105,bc22
bc22_106,bc22
bc22_107,bc22
bc22_108,bc22
bc22_109,bc22
bc22_110,bc22
bc22_111,bc22
bc22_112,bc22
bc22_113,bc22
bc22_114,bc22
bc22_115,bc22
bc22_116,bc22
bc22_117,bc22
bc22_118,bc22
bc22_119,bc22
bc22_120,bc22
bc22_121,bc22
bc22_122,bc22
bc22_123,bc22
bc22_124,bc22
bc22_125,bc22
bc22_126,bc22
bc22_127,bc22
bc22_128,bc22
bc22_129,bc22
bc22_130,bc22
bc22_131,bc22
bc22_132,bc22
bc22_133,bc22
bc22_134,bc22
bc22_135,bc22
bc22_136,bc22
bc22_137,bc22
bc22_138,bc22
bc22_139,bc22
bc22_140,bc22
bc22_141,bc22
bc22_142,bc22
bc22_143,bc22
bc22_144,bc22
bc22_145,bc22
bc22_146,bc22
bc22_147,bc22
bc22_148,bc22
bc22_149,bc22
bc22_150,bc22
bc22_151,bc22
bc22_152,bc22
bc22_153,bc22
bc22_154,bc22
bc22_155,bc22
bc22_156,bc22
bc22_157,bc22
bc22_158,bc22
bc22_159,bc22
bc22_160,bc22
bc22_161,bc22
bc22_162,bc22
bc22_163,bc22
bc22_164,bc22
bc22_165,bc22
bc22_166,bc22
bc22_167,bc22
bc22_168,bc22
bc22_169,bc22
bc22_170,bc22
bc22_171,bc22
bc22_172,bc22
bc22_173,bc22
bc22_174,bc22
bc22_175,bc22
bc22_176,bc22
bc22_177,bc22
bc22_178,bc22
bc22_179,bc22
bc22_180,bc22
bc22_181,bc22
bc22_182,bc22
bc22_183,bc22
bc22_184,bc22
bc22_185,bc22
bc22_186,bc22
bc22_187,bc22
bc22_188,bc22
bc22_189,bc22
bc22_190,bc22
bc22_191,bc22
bc22_192,bc22
bc22_193,bc22
bc22_194,bc22
bc22_195,bc22
bc22_196,bc22
bc22_197,bc22
bc22_198,bc22
bc22_199,bc22
bc22_200,bc22
bc22_201,bc22
bc22_202,bc22
bc22_203,bc22
bc22_204,bc22
bc22_205,bc22
bc22_206,bc22
bc22_207,bc22
bc22_208,bc22
bc22_209,bc22
bc22_210,bc22
bc22_211,bc22
bc22_212,bc22
bc22_213,bc22
bc22_214,bc22
bc22_215,bc22
bc22_216,bc22
bc22_217,bc22
bc22_218,bc22
bc22_219,bc22
bc22_220,bc22
bc22_221,bc22
bc22_222,bc22
bc22_223,bc22
bc22_224,bc22
bc22_225,bc22
bc22_226,bc22
bc22_227,bc22
bc22_228,bc22
bc22_229,bc22
bc22_230,bc22
bc22_231,bc22
bc22_232,bc22
bc22_233,bc22
bc22_234,bc22
bc22_235,bc22
bc22_236,bc22
bc22_237,bc22
bc22_238,bc22
bc22_239,bc22
bc22_240,bc22
bc22_241,bc22
bc22_242,bc22
bc22_243,bc22
bc22_244,bc22
bc22_245,bc22
bc22_246,bc22
bc22_247,bc22
bc22_248,bc22
bc22_249,bc22
bc22_250,bc22
bc22_251,bc22
bc22_252,bc22
bc22_253,bc22
bc22_254,bc22
bc22_255,bc22
bc22_256,bc22
bc23_1,bc23
bc23_2,bc23
bc23_3,bc23
bc23_4,bc23
bc23_5,bc23
bc23_6,bc23
bc23_7,bc23
bc23_8,bc23
bc23_9,bc23
bc23_10,bc23
bc23_11,bc23
bc23_12,bc23
bc23_13,bc23
bc23_14,bc23
bc23_15,bc23
bc23_16,bc23
bc23_17,bc23
bc23_18,bc23
bc23_19,bc23
bc23_20,bc23
bc23_21,bc23
bc23_22,bc23
bc23_23,bc23
bc23_24,bc23
bc23_25,bc23
bc23_26,bc23
bc23_27,bc23
bc23_28,bc23
bc23_29,bc23
bc23_30,bc23
bc23_31,bc23
bc23_32,bc23
bc23_33,bc23
bc23_34,bc23
bc23_35,bc23
bc23_36,bc23
bc23_37,bc23
bc23_38,bc23
bc23_39,bc23
bc23_40,bc23
bc23_41,bc23
bc23_42,bc23
bc23_43,bc23
bc23_44,bc23
bc23_45,bc23
bc23_46,bc23
bc23_47,bc23
bc23_48,bc23
bc23_49,bc23
bc23_50,bc23
bc23_51,bc23
bc23_52,bc23
bc23_53,bc23
bc23_54,bc23
bc23_55,bc23
bc23_56,bc23
bc23_57,bc23
bc23_58,bc23
bc23_59,bc23
bc23_60,bc23
bc23_61,bc23
bc23_62,bc23
bc23_63,bc23
bc23_64,bc23
bc23_65,bc23
bc23_66,bc23
bc23_67,bc23
bc23_68,bc23
bc23_69,bc23
bc23_70,bc23
bc23_71,bc23
bc23_72,bc23
bc23_73,bc23
bc23_74,bc23
bc23_75,bc23
bc23_76,bc23
bc23_77,bc23
bc23_78,bc23
bc23_79,bc23
bc23_80,bc23
bc23_81,bc23
bc23_82,bc23
bc23_83,bc23
bc23_84,bc23
bc23_85,bc23
bc23_86,bc23
bc23_87,bc23
bc23_88,bc23
bc23_89,bc23
bc23_90,Multiplet
bc23_91,bc23
bc23_92,bc23
bc23_93,bc23
bc23_94,bc23
bc23_95,bc23
bc23_96,bc23
bc23_97,bc23
bc23_98,bc23
bc23_99,bc23
bc23_100,bc23
bc23_101,bc23
bc23_102,Multiplet
bc23_103,bc23
bc23_104,bc23
bc23_105,bc23
bc23_106,bc23
bc23_107,bc23
bc23_108,bc23
bc23_109,bc23
bc23_110,bc23
bc23_111,bc23
bc23_112,bc23
bc23_113,bc23
bc23_114,bc23
bc23_115,bc23
bc23_116,bc23
bc23_117,bc23
bc23_118,bc23
bc23_119,bc23
bc23_120,bc23
bc23_121,bc23
bc23_122,bc23
bc23_123,bc23
bc23_124,bc23
bc23_125,bc23
bc23_126,bc23
bc23_127,bc23
bc23_128,bc23
bc23_129,bc23
bc23_130,bc23
bc23_131,bc23
bc23_132,bc23
bc23_133,bc23
bc23_134,bc23
bc23_135,bc23
bc23_136,bc23
bc23_137,bc23
bc23_138,bc23
bc23_139,bc23
bc23_140,bc23
bc23_141,bc23
bc23_142,bc23
bc23_143,bc23
bc23_144,bc23
bc23_145,bc23
bc23_146,bc23
bc23_147,bc23
bc23_148,bc23
bc23_149,bc23
bc23_150,bc23
bc23_151,bc23
bc23_152,bc23
bc23_153,bc23
bc23_154,bc23
bc23_155,bc23
bc23_156,bc23
bc23_157,bc23
bc23_158,bc23
bc23_159,bc23
bc23_160,bc23
bc23_161,bc23
bc23_162,bc23
bc23_163,bc23
bc23_164,bc23
bc23_165,bc23
bc23_166,bc23
bc23_167,bc23
bc23_168,bc23
bc23_169,bc23
bc23_170,bc23
bc23_171,bc23
bc23_172,bc23
bc23_173,bc23
bc23_174,bc23
bc23_175,bc23
bc23_176,bc23
bc23_177,bc23
bc23_178,bc23
bc23_179,bc23
bc23_180,bc23
bc23_181,bc23
bc23_182,bc23
bc23_183,bc23
bc23_184,bc23
bc23_185,bc23
bc23_186,bc23
bc23_187,bc23
bc23_188,bc23
bc23_189,bc23
bc23_190,bc23
bc23_191,bc23
bc23_192,bc23
bc23_193,bc23
bc23_194,bc23
bc23_195,bc23
bc23_196,bc23
bc23_197,bc23
bc23_198,bc23
bc23_199,bc23
bc23_200,bc23
bc23_201,bc23
bc23_202,bc23
bc23_203,bc23
bc23_204,bc23
bc23_205,bc23
bc23_206,bc23
bc23_207,bc23
bc23_208,bc23
bc23_209,bc23
bc23_210,bc23
bc23_211,bc23
bc23_212,bc23
bc23_213,bc23
bc23_214,bc23
bc23_215,bc23
bc23_216,bc23
bc23_217,bc23
bc23_218,bc23
bc23_219,bc23
bc23_220,bc23
bc23_221,bc23
bc23_222,bc23
bc23_223,bc23
bc23_224,bc23
bc23_225,bc23
bc23_226,bc23
bc23_227,bc23
bc23_228,bc23
bc23_229,bc23
bc23_230,bc23
bc23_231,bc23
bc23_232,bc23
bc23_233,bc23
bc23_234,bc23
bc23_235,bc23
bc23_236,bc23
bc23_237,bc23
bc23_238,bc23
bc23_239,bc23
bc23_240,bc23
bc23_241,bc23
bc23_242,bc23
bc23_243,bc23
bc23_244,bc23
bc23_245,bc23
bc23_246,bc23
bc23_247,bc23
bc23_248,bc23
bc23_249,bc23
bc23_250,bc23
bc23_251,bc23
bc23_252,bc23
bc23_253,bc23
bc23_254,bc23
bc23_255,bc23
bc23_256,bc23
bc23_257,bc23
bc23_258,bc23
bc23_259,bc23
bc23_260,bc23
bc23_261,bc23
bc23_262,bc23
bc23_263,bc23
bc23_264,bc23
bc23_265,bc23
bc23_266,bc23
bc23_267,bc23
bc23_268,bc23
bc23_269,bc23
bc23_270,bc23
bc23_271,bc23
bc23_272,bc23
bc23_273,bc23
bc23_274,bc23
bc23_275,bc23
bc23_276,bc23
bc23_277,bc23
bc23_278,bc23
bc23_279,bc23
bc23_280,bc23
bc23_281,bc23
bc23_282,bc23
bc23_283,bc23
bc23_284,bc23
bc23_285,bc23
bc23_286,bc23
bc23_287,bc23
bc23_288,bc23
bc23_289,bc23
bc23_290,bc23
bc23_291,bc23
bc23_292,bc23
bc23_293,bc23
bc23_294,bc23
bc23_295,bc23
bc23_296,bc23
bc23_297,bc23
bc23_298,bc23
bc23_299,bc23
bc23_300,bc23
bc23_301,bc23
bc23_302,bc23
bc23_303,bc23
bc23_304,bc23
bc23_305,bc23
bc23_306,bc23
bc23_307,bc23
bc23_308,bc23
bc23_309,bc23
bc23_310,bc23
bc23_311,bc23
bc23_312,bc23
bc23_313,bc23
bc23_314,bc23
bc23_315,bc23
bc23_316,bc23
bc23_317,bc23
bc23_318,bc23
bc23_319,bc23
bc23_320,bc23
bc23_321,bc23
bc23_322,bc23
bc23_323,bc23
bc23_324,bc23
bc23_325,bc23
bc23_326,bc23
bc23_327,bc23
bc23_328,bc23
bc23_329,bc23
bc23_330,bc23
bc23_331,bc23
bc23_332,bc23
bc23_333,bc23
bc23_334,bc23
bc23_335,bc23
bc23_336,bc23
bc23_337,bc23
bc23_338,bc23
bc23_339,bc23
bc23_340,bc23
bc23_341,bc23
bc23_342,bc23
bc23_343,bc23
bc23_344,bc23
bc23_345,bc23
bc23_346,bc23
bc23_347,bc23
bc23_348,bc23
bc23_349,bc23
bc23_350,bc23
bc23_351,bc23
bc23_352,bc23
bc23_353,bc23
bc23_354,bc23
bc23_355,bc23
bc23_356,bc23
bc23_357,bc23
bc23_358,bc23
bc23_359,bc23
bc23_360,bc23
bc23_361,bc23
bc23_362,bc23
bc23_363,bc23
bc23_364,bc23
bc23_365,bc23
bc23_366,bc23
bc23_367,bc23
bc23_368,bc23
bc23_369,bc23
bc23_370,bc23
bc23_371,bc23
bc23_372,bc23
bc23_373,bc23
bc23_374,bc23
bc23_375,bc23
bc23_376,bc23
bc23_377,bc23
bc23_378,bc23
bc23_379,bc23
bc23_380,bc23
bc23_381,bc23
bc23_382,bc23
bc23_383,bc23
bc23_384,bc23
bc23_385,bc23
bc23_386,bc23
bc23_387,bc23
bc23_388,bc23
bc23_389,bc23
bc23_390,bc23
bc23_391,bc23
bc23_392,bc23
bc23_393,bc23
bc23_394,bc23
bc23_395,bc23
bc23_396,bc23
bc23_397,bc23
bc23_398,bc23
bc23_399,bc23
bc23_400,bc23
bc23_401,bc23
bc23_402,bc23
bc23_403,bc23
bc23_404,bc23
bc23_405,bc23
bc23_406,bc23
bc23_407,bc23
bc23_408,bc23
bc23_409,bc23
bc23_410,bc23
bc23_411,bc23
bc23_412,bc23
bc23_413,bc23
bc23_414,bc23
bc23_415,bc23
bc23_416,bc23
bc23_417,bc23
bc23_418,bc23
bc23_419,bc23
bc23_420,bc23
bc23_421,bc23
bc23_422,bc23
bc23_423,bc23
bc23_424,bc23
bc23_425,bc23
bc23_426,bc23
bc23_427,bc23
bc23_428,bc23
bc23_429,bc23
bc23_430,bc23
bc23_431,bc23
bc23_432,bc23
bc23_433,bc23
bc23_434,bc23
bc23_435,bc23
bc23_436,bc23
bc23_437,bc23
bc23_438,bc23
bc23_439,bc23
bc23_440,bc23
bc23_441,bc23
bc23_442,bc23
bc23_443,bc23
bc23_444,bc23
bc23_445,bc23
bc23_446,bc23
bc23_447,bc23
bc23_448,bc23
bc23_449,bc23
bc23_450,bc23
bc23_451,bc23
bc23_452,bc23
bc23_453,bc23
bc23_454,bc23
bc23_455,bc23
bc23_456,bc23
bc23_457,bc23
bc23_458,bc23
bc23_459,bc23
bc23_460,bc23
bc23_461,bc23
bc23_462,bc23
bc23_463,bc23
bc23_464,bc23
bc23_465,bc23
bc23_466,bc23
bc23_467,bc23
bc23_468,bc23
bc23_469,bc23
bc23_470,bc23
bc23_471,bc23
bc23_472,bc23
bc23_473,bc23
bc23_474,bc23
bc23_475,bc23
bc23_476,bc23
bc23_477,bc23
bc23_478,bc23
bc23_479,bc23
bc23_480,bc23
bc23_481,bc23
bc23_482,bc23
bc23_483,bc23
bc23_484,bc23
bc23_485,bc23
bc23_486,bc23
bc23_487,bc23
bc23_488,bc23
bc23_489,bc23
bc23_490,bc23
bc23_491,bc23
bc23_492,bc23
bc23_493,bc23
bc23_494,bc23
bc23_495,bc23
bc23_496,bc23
bc23_497,bc23
bc23_498,bc23
bc23_499,bc23
bc23_500,bc23
bc24_1,bc24
bc24_2,bc24
bc24_3,bc24
bc24_4,bc24
bc24_5,bc24
bc24_6,bc24
bc24_7,bc24
bc24_8,bc24
bc24_9,bc24
bc24_10,bc24
bc24_11,bc24
bc24_12,bc24
bc24_13,bc24
bc24_14,bc24
bc24_15,bc24
bc24_16,bc24
bc24_17,bc24
bc24_18,bc24
bc24_19,bc24
bc24_20,bc24
bc24_21,bc24
bc24_22,bc24
bc24_23,bc24
bc24_24,bc24
bc24_25,bc24
bc24_26,bc24
bc24_27,bc24
bc24_28,bc24
bc24_29,bc24
bc24_30,bc24
bc24_31,bc24
bc24_32,bc24
bc24_33,bc24
bc24_34,bc24
bc24_35,bc24
bc24_36,bc24
bc24_37,bc24
bc24_38,bc24
bc24_39,bc24
bc24_40,bc24
bc24_41,bc24
bc24_42,bc24
bc24_43,bc24
bc24_44,bc24
bc24_45,bc24
bc24_46,bc24
bc24_47,bc24
bc24_48,bc24
bc24_49,bc24
bc24_50,bc24
bc24_51,bc24
bc24_52,bc24
bc24_53,bc24
bc24_54,bc24
bc24_55,bc24
bc24_56,bc24
bc24_57,bc24
bc24_58,bc24
bc24_59,bc24
bc24_60,bc24
bc24_61,bc24
bc24_62,bc24
bc24_63,bc24
bc24_64,bc24
bc24_65,bc24
bc24_66,bc24
bc24_67,bc24
bc24_68,bc24
bc24_69,bc24
bc24_70,bc24
bc24_71,bc24
bc24_72,bc24
bc24_73,bc24
bc24_74,bc24
bc24_75,bc24
bc24_76,bc24
bc24_77,bc24
bc24_78,bc24
bc24_79,bc24
bc24_80,bc24
bc24_81,bc24
bc24_82,bc24
bc24_83,bc24
bc24_84,bc24
bc24_85,bc24
bc24_86,bc24
bc24_87,bc24
bc24_88,bc24
bc24_89,bc24
bc24_90,bc24
bc24_91,bc24
bc24_92,bc24
bc24_93,bc24
bc24_94,bc24
bc24_95,bc24
bc24_96,bc24
bc24_97,bc24
bc24_98,bc24
bc24_99,bc24
bc24_100,bc24
bc24_101,bc24
bc24_102,bc24
bc24_103,bc24
bc24_104,bc24
bc24_105,bc24
bc24_106,bc24
bc24_107,bc24
bc24_108,bc24
bc24_109,bc24
bc24_110,bc24
bc24_111,bc24
bc24_112,bc24
bc24_113,bc24
bc24_114,bc24
bc24_115,bc24
bc24_116,bc24
bc24_117,bc24
bc24_118,bc24
bc24_119,bc24
bc24_120,bc24
bc24_121,bc24
bc24_122,bc24
bc24_123,bc24
bc24_124,bc24
bc24_125,bc24
bc24_126,bc24
bc24_127,bc24
bc24_128,bc24
bc24_129,bc24
bc24_130,bc24
bc24_131,bc24
bc24_132,bc24
bc24_133,bc24
bc24_134,bc24
bc24_135,bc24
bc24_136,bc24
bc24_137,bc24
bc24_138,bc24
bc24_139,bc24
bc24_140,bc24
bc24_141,bc24
bc24_142,bc24
bc24_143,bc24
bc24_144,bc24
bc24_145,bc24
bc24_146,bc24
bc24_147,bc24
bc24_148,bc24
bc24_149,bc24
bc24_150,bc24
bc24_151,bc24
bc24_152,bc24
bc24_153,bc24
bc24_154,bc24
bc24_155,bc24
bc24_156,bc24
bc24_157,bc24
bc24_158,bc24
bc24_159,bc24
bc24_160,bc24
bc24_161,bc24
bc24_162,bc24
bc24_163,bc24
bc24_164,bc24
bc24_165,bc24
bc24_166,bc24
bc24_167,bc24
bc24_168,bc24
bc24_169,bc24
bc24_170,bc24
bc24_171,bc24
bc24_172,bc24
bc24_173,bc24
bc24_174,bc24
bc24_175,bc24
bc24_176,bc24
bc24_177,bc24
bc24_178,bc24
bc24_179,bc24
bc24_180,bc24
bc24_181,bc24
bc24_182,bc24
bc24_183,bc24
bc24_184,bc24
bc24_185,bc24
bc24_186,bc24
bc24_187,bc24
bc24_188,bc24
bc24_189,bc24
bc24_190,bc24
bc24_191,bc24
bc24_192,bc24
bc24_193,bc24
bc24_194,bc24
bc24_195,bc24
bc24_196,bc24
bc24_197,bc24
bc24_198,bc24
bc24_199,bc24
bc24_200,bc24
bc24_201,bc24
bc24_202,bc24
bc24_203,bc24
bc24_204,bc24
bc24_205,bc24
bc24_206,bc24
bc24_207,bc24
bc24_208,bc24
bc24_209,bc24
bc24_210,bc24
bc24_211,bc24
bc24_212,bc24
bc24_213,bc24
bc24_214,bc24
bc24_215,bc24
bc24_216,bc24
bc24_217,bc24
bc24_218,bc24
bc24_219,bc24
bc24_220,bc24
bc24_221,bc24
bc24_222,bc24
bc24_223,bc24
bc24_224,bc24
bc24_225,bc24
bc24_226,bc24
bc24_227,bc24
bc24_228,bc24
bc24_229,bc24
bc24_230,bc24
bc24_231,bc24
bc24_232,bc24
bc24_233,bc24
bc24_234,bc24
bc24_235,bc24
bc24_236,Negative
bc24_237,bc24
bc24_238,bc24
bc24_239,bc24
bc24_240,bc24
bc24_241,bc24
bc24_242,bc24
bc24_243,bc24
bc24_244,bc24
bc24_245,bc24
bc24_246,bc24
bc24_247,bc24
bc24_248,bc24
bc24_249,bc24
bc24_250,bc24
bc24_251,bc24
bc24_252,bc24
bc24_253,bc24
bc24_254,bc24
bc24_255,bc24
bc24_256,bc24
bc24_257,bc24
bc24_258,bc24
bc24_259,bc24
bc24_260,bc24
bc24_261,bc24
bc24_262,bc24
bc24_263,bc24
bc24_264,bc24
bc24_265,bc24
bc24_266,bc24
bc24_267,bc24
bc24_268,bc24
bc24_269,bc24
bc24_270,bc24
bc24_271,bc24
bc24_272,bc24
bc24_273,bc24
bc24_274,bc24
bc24_275,bc24
bc24_276,bc24
bc24_277,bc24
bc24_278,bc24
bc24_279,bc24
bc24_280,bc24
bc24_281,bc24
bc24_282,bc24
bc24_283,bc24
bc24_284,bc24
bc24_285,bc24
bc24_286,bc24
bc24_287,bc24
bc24_288,bc24
bc24_289,bc24
bc24_290,bc24
bc24_291,bc24
bc24_292,bc24
bc24_293,bc24
bc24_294,bc24
bc24_295,bc24
bc24_296,bc24
bc24_297,bc24
bc24_298,bc24
bc24_299,bc24
bc24_300,bc24
bc24_301,bc24
bc24_302,bc24
bc24_303,bc24
bc24_304,bc24
bc24_305,bc24
bc24_306,bc24
bc24_307,bc24
bc24_308,bc24
bc24_309,bc24
bc24_310,bc24
bc24_311,bc24
bc24_312,bc24
bc24_313,bc24
bc24_314,bc24
bc24_315,bc24
bc24_316,bc24
bc24_317,bc24
bc24_318,bc24
bc24_319,Multiplet
bc24_320,bc24
bc24_321,bc24
bc24_322,bc24
bc24_323,bc24
bc24_324,bc24
bc24_325,bc24
bc24_326,bc24
bc24_327,bc24
bc24_328,bc24
bc24_329,bc24
bc24_330,bc24
bc24_331,bc24
bc24_332,bc24
bc24_333,bc24
bc24_334,bc24
bc24_335,bc24
bc24_336,Negative
bc24_337,bc24
bc24_338,bc24
bc24_339,bc24
bc24_340,bc24
bc24_341,bc24
bc24_342,bc24
bc24_343,bc24
bc24_344,bc24
bc24_345,bc24
bc24_346,bc24
bc24_347,bc24
bc24_348,bc24
bc24_349,bc24
bc24_350,bc24
bc24_351,bc24
bc24_352,bc24
bc24_353,bc24
bc24_354,bc24
bc24_355,bc24
bc24_356,bc24
bc24_357,bc24
bc24_358,bc24
bc24_359,bc24
bc24_360,bc24
bc24_361,bc24
bc24_362,bc24
bc24_363,bc24
bc24_364,bc24
bc24_365,bc24
bc24_366,bc24
bc24_367,Multiplet
bc24_368,bc24
bc24_369,bc24
bc24_370,bc24
bc24_371,bc24
bc24_372,bc24
bc24_373,bc24
bc24_374,bc24
bc24_375,bc24
bc24_376,bc24
bc24_377,bc24
bc24_378,bc24
bc24_379,bc24
bc24_380,bc24
bc24_381,bc24
bc24_382,bc24
bc24_383,bc24
bc24_384,Negative
bc24_385,bc24
bc24_386,bc24
bc24_387,bc24
bc24_388,bc24
bc24_389,bc24
bc24_390,bc24
bc24_391,bc24
bc24_392,bc24
bc24_393,bc24
bc24_394,bc24
bc24_395,bc24
bc24_396,bc24
bc24_397,bc24
bc24_398,bc24
bc24_399,bc24
bc24_400,bc24
bc24_401,bc24
bc24_402,bc24
bc24_403,bc24
bc24_404,bc24
bc24_405,bc24
bc24_406,bc24
bc24_407,bc24
bc24_408,bc24
bc24_409,bc24
bc24_410,bc24
bc24_411,bc24
bc24_412,bc24
bc24_413,bc24
bc24_414,bc24
bc24_415,bc24
bc24_416,bc24
bc24_417,bc24
bc24_418,bc24
bc24_419,bc24
bc24_420,bc24
bc24_421,bc24
bc24_422,bc24
bc24_423,bc24
bc24_424,bc24
bc24_425,bc24
bc24_426,bc24
bc24_427,bc24
bc24_428,bc24
bc24_429,bc24
bc24_430,bc24
bc24_431,bc24
bc24_432,bc24
bc24_433,bc24
bc24_434,bc24
bc24_435,bc24
bc24_436,bc24
bc24_437,bc24
bc24_438,bc24
bc24_439,bc24
bc24_440,bc24
bc24_441,bc24
bc24_442,bc24
bc24_443,bc24
bc24_444,bc24
bc24_445,bc24
bc24_446,bc24
bc24_447,bc24
bc24_448,bc24
bc24_449,bc24
bc24_450,bc24
bc24_451,bc24
bc24_452,bc24
bc24_453,bc24
bc24_454,bc24
bc24_455,bc24
bc24_456,bc24
bc24_457,bc24
bc24_458,bc24
bc24_459,bc24
bc24_460,bc24
bc24_461,bc24
bc24_462,bc24
bc24_463,bc24
bc24_464,bc24
bc24_465,bc24
bc24_466,bc24
bc24_467,bc24
bc24_468,bc24
bc24_469,bc24
bc24_470,bc24
bc24_471,bc24
bc24_472,bc24
bc24_473,bc24
bc24_474,bc24
bc24_475,bc24
bc24_476,bc24
bc24_477,bc24
bc24_478,bc24
bc24_479,bc24
bc24_480,bc24
bc24_481,bc24
bc24_482,bc24
bc24_483,bc24
bc24_484,bc24
bc24_485,bc24
bc24_486,bc24
bc24_487,bc24
bc24_488,bc24
bc24_489,bc24
bc24_490,bc24
bc24_491,bc24
bc24_492,bc24
bc24_493,bc24
bc24_494,bc24
bc24_495,bc24
bc24_496,bc24
bc24_497,bc24
bc24_498,bc24
bc24_499,bc24
bc24_500,bc24
bc24_501,bc24
bc24_502,bc24
bc24_503,bc24
bc24_504,bc24
bc24_505,bc24
bc24_506,bc24
bc24_507,bc24
bc24_508,bc24
bc24_509,bc24
bc24_510,bc24
bc24_511,bc24
bc24_512,bc24
bc24_513,bc24
bc24_514,bc24
bc24_515,bc24
bc24_516,bc24
bc24_517,bc24
bc24_518,bc24
bc24_519,bc24
bc24_520,bc24
bc24_521,bc24
bc24_522,bc24
bc24_523,bc24
bc24_524,bc24
bc24_525,bc24
bc24_526,bc24
bc24_527,bc24
bc24_528,bc24
bc24_529,bc24
bc24_530,bc24
bc24_531,bc24
bc24_532,bc24
bc24_533,bc24
bc24_534,bc24
bc24_535,bc24
bc24_536,bc24
bc24_537,bc24
bc24_538,bc24
bc24_539,bc24
bc24_540,bc24
bc24_541,bc24
bc24_542,bc24
bc24_543,bc24
bc24_544,bc24
bc24_545,bc24
bc24_546,bc24
bc24_547,bc24
bc24_548,bc24
bc24_549,bc24
bc24_550,bc24
bc24_551,bc24
bc24_552,bc24
bc24_553,bc24
bc24_554,bc24
bc24_555,bc24
bc24_556,bc24
bc24_557,bc24
bc24_558,bc24
bc24_559,bc24
bc24_560,bc24
bc24_561,bc24
bc24_562,bc24
bc24_563,bc24
bc24_564,bc24
bc24_565,bc24
bc24_566,bc24
bc24_567,bc24
bc24_568,bc24
bc24_569,bc24
bc24_570,bc24
bc24_571,bc24
bc24_572,bc24
bc24_573,bc24
bc24_574,bc24
bc24_575,bc24
bc24_576,bc24
bc24_577,bc24
bc24_578,bc24
bc24_579,bc24
bc24_580,bc24
bc24_581,bc24
bc24_582,bc24
bc24_583,bc24
bc24_584,bc24
bc24_585,bc24
bc24_586,bc24
bc24_587,bc24
bc24_588,bc24
bc24_589,bc24
bc24_590,bc24
bc24_591,bc24
bc24_592,bc24
bc24_593,bc24
bc24_594,bc24
bc24_595,bc24
bc24_596,bc24
bc24_597,bc24
bc24_598,bc24
bc24_599,bc24
bc24_600,bc24
bc24_601,bc24
bc24_602,bc24
bc24_603,bc24
bc24_604,bc24
bc24_605,bc24
bc24_606,bc24
bc24_607,bc24
bc24_608,bc24
bc24_609,bc24
bc24_610,bc24
bc24_611,bc24
bc24_612,bc24
bc24_613,bc24
bc24_614,bc24
bc24_615,bc24
bc24_616,bc24
bc24_617,bc24
bc24_618,bc24
bc24_619,bc24
bc24_620,bc24
bc24_621,bc24
bc24_622,bc24
bc24_623,bc24
bc24_624,bc24
bc24_625,bc24
bc24_626,bc24
bc24_627,bc24
bc24_628,bc24
bc24_629,bc24
bc24_630,bc24
bc24_631,bc24
bc24_632,bc24
bc24_633,bc24
bc24_634,bc24
bc24_635,bc24
bc24_636,bc24
bc24_637,bc24
bc24_638,bc24
bc24_639,bc24
bc24_640,bc24
bc24_641,bc24
bc24_642,bc24
bc24_643,bc24
bc24_644,bc24
bc24_645,bc24
bc24_646,bc24
bc24_647,bc24
bc24_648,bc24
bc24_649,bc24
bc24_650,bc24
bc24_651,bc24
bc24_652,bc24
bc24_653,bc24
bc24_654,bc24
bc24_655,bc24
bc24_656,bc24
bc24_657,bc24
bc24_658,bc24
bc24_659,bc24
bc24_660,bc24
bc24_661,bc24
bc24_662,bc24
bc24_663,bc24
bc24_664,bc24
bc24_665,bc24
bc24_666,bc24
bc24_667,bc24
bc24_668,bc24
bc24_669,bc24
bc24_670,bc24
bc24_671,bc24
bc24_672,bc24
bc24_673,bc24
bc24_674,bc24
bc24_675,bc24
bc24_676,bc24
bc24_677,bc24
bc24_678,bc24
bc24_679,bc24
bc24_680,bc24
bc24_681,bc24
bc24_682,bc24
bc24_683,bc24
bc24_684,bc24
bc24_685,bc24
bc24_686,bc24
bc24_687,bc24
bc24_688,bc24
bc24_689,bc24
bc24_690,bc24
bc24_691,bc24
bc24_692,bc24
bc24_693,bc24
bc24_694,bc24
bc24_695,bc24
bc24_696,bc24
bc24_697,bc24
bc24_698,Negative
bc24_699,bc24
bc24_700,bc24
bc24_701,bc24
bc24_702,bc24
bc24_703,bc24
bc24_704,bc24
bc24_705,bc24
bc24_706,bc24
bc24_707,bc24
bc24_708,bc24
bc24_709,bc24
bc24_710,bc24
bc24_711,bc24
bc24_712,bc24
bc24_713,bc24
bc24_714,bc24
bc24_715,bc24
bc24_716,bc24
bc24_717,bc24
bc24_718,bc24
bc24_719,bc24
bc24_720,bc24
bc24_721,bc24
bc24_722,bc24
bc24_723,bc24
bc24_724,bc24
bc24_725,bc24
bc24_726,bc24
bc24_727,bc24
bc24_728,bc24
bc24_729,bc24
bc24_730,bc24
bc24_731,bc24
bc24_732,bc24
bc24_733,bc24
bc24_734,bc24
bc24_735,bc24
bc24_736,bc24
bc24_737,bc24
bc24_738,bc24
bc24_739,bc24
bc24_740,bc24
bc24_741,bc24
bc24_742,bc24
bc24_743,bc24
bc24_744,bc24
bc24_745,bc24
bc24_746,bc24
bc24_747,bc24
bc24_748,bc24
bc24_749,bc24
bc24_750,bc24
bc24_751,bc24
bc24_752,bc24
bc24_753,bc24
bc24_754,bc24
bc24_755,bc24
bc24_756,bc24
bc24_757,bc24
bc24_758,bc24
bc24_759,bc24
bc24_760,bc24
bc24_761,bc24
bc24_762,bc24
bc24_763,bc24
bc24_764,bc24
bc24_765,bc24
bc24_766,bc24
bc24_767,bc24
bc24_768,bc24
bc24_769,bc24
bc24_770,bc24
bc24_771,bc24
bc24_772,bc24
bc24_773,bc24
bc24_774,bc24
bc24_775,bc24
bc24_776,bc24
bc24_777,bc24
bc24_778,bc24
bc24_779,bc24
bc24_780,bc24
bc24_781,bc24
bc24_782,bc24
bc24_783,bc24
bc24_784,bc24
bc24_785,bc24
bc24_786,bc24
bc24_787,bc24
bc24_788,bc24
bc24_789,bc24
bc24_790,bc24
bc24_791,bc24
bc24_792,bc24
bc24_793,bc24
bc24_794,bc24
bc24_795,bc24
bc24_796,bc24
bc24_797,bc24
bc24_798,bc24
bc24_799,bc24
bc24_800,bc24
bc24_801,bc24
bc24_802,bc24
bc24_803,bc24
bc24_804,bc24
bc24_805,bc24
bc24_806,bc24
bc24_807,bc24
bc24_808,bc24
bc24_809,bc24
bc24_810,bc24
bc24_811,bc24
bc24_812,bc24
bc24_813,bc24
bc24_814,bc24
bc24_815,bc24
bc24_816,bc24
bc24_817,bc24
bc24_818,bc24
bc24_819,bc24
bc24_820,bc24
bc24_821,bc24
bc24_822,bc24
bc24_823,bc24
bc24_824,bc24
bc24_825,bc24
bc24_826,bc24
bc24_827,bc24
bc24_828,bc24
bc24_829,bc24
bc24_830,bc24
bc24_831,bc24
bc24_832,bc24
bc24_833,bc24
bc24_834,bc24
bc24_835,bc24
bc24_836,bc24
bc24_837,bc24
bc24_838,bc24
bc24_839,bc24
bc24_840,bc24
bc24_841,bc24
bc24_842,bc24
bc24_843,bc24
bc24_844,bc24
bc24_845,bc24
bc24_846,bc24
bc24_847,bc24
bc24_848,bc24
bc24_849,bc24
bc24_850,bc24
bc24_851,bc24
bc24_852,bc24
bc24_853,bc24
bc24_854,bc24
bc24_855,bc24
bc24_856,bc24
bc24_857,bc24
bc24_858,bc24
bc24_859,bc24
bc24_860,bc24
bc24_861,bc24
bc24_862,bc24
bc24_863,bc24
bc24_864,bc24
bc24_865,bc24
bc24_866,bc24
bc24_867,bc24
bc24_868,bc24
bc24_869,bc24
bc24_870,bc24
bc24_871,bc24
bc24_872,bc24
bc24_873,bc24
bc24_874,bc24
bc24_875,bc24
bc24_876,bc24
bc24_877,bc24
bc24_878,bc24
bc24_879,bc24
bc24_880,bc24
bc24_881,bc24
bc24_882,bc24
bc24_883,bc24
bc24_884,bc24
bc24_885,bc24
bc24_886,bc24
bc24_887,bc24
bc24_888,bc24
bc24_889,bc24
bc24_890,bc24
bc24_891,bc24
bc24_892,bc24
bc24_893,bc24
bc24_894,bc24
bc24_895,bc24
bc24_896,bc24
bc24_897,bc24
bc24_898,bc24
bc24_899,bc24
bc24_900,bc24
bc24_901,bc24
bc24_902,bc24
bc24_903,bc24
bc24_904,bc24
bc24_905,bc24
bc24_906,bc24
bc24_907,bc24
bc24_908,bc24
bc24_909,bc24
bc24_910,bc24
bc24_911,bc24
bc24_912,bc24
bc24_913,bc24
bc24_914,bc24
bc24_915,bc24
bc24_916,bc24
bc24_917,bc24
bc24_918,bc24
bc24_919,bc24
bc24_920,bc24
bc24_921,bc24
bc24_922,bc24
bc24_923,bc24
bc24_924,bc24
bc24_925,bc24
bc24_926,bc24
bc24_927,bc24
bc24_928,bc24
bc24_929,bc24
bc24_930,bc24
bc24_931,bc24
bc24_932,bc24
bc24_933,bc24
bc24_934,bc24
bc24_935,bc24
bc24_936,bc24
bc24_937,bc24
bc24_938,bc24
bc24_939,bc24
bc24_940,bc24
bc24_941,bc24
bc24_942,bc24
bc24_943,bc24
bc24_944,bc24
bc24_945,bc24
bc24_946,bc24
bc24_947,bc24
bc24_948,bc24
bc24_949,bc24
bc24_950,bc24
bc24_951,bc24
bc24_952,bc24
bc24_953,bc24
bc24_954,bc24
bc24_955,bc24
bc24_956,bc24
bc24_957,bc24
bc24_958,bc24
bc24_959,bc24
bc24_960,bc24
bc24_961,bc24
bc24_962,bc24
bc24_963,bc24
bc24_964,bc24
bc24_965,bc24
bc24_966,bc24
bc24_967,bc24
bc24_968,bc24
bc24_969,bc24
bc24_970,bc24
bc24_971,bc24
bc24_972,bc24
bc24_973,bc24
bc24_974,bc24
bc24_975,bc24
bc24_976,bc24
bc24_977,bc24
bc24_978,bc24
bc24_979,bc24
bc24_980,bc24
bc24_981,bc24
bc24_982,bc24
bc24_983,bc24
bc24_984,bc24
bc24_985,bc24
bc24_986,bc24
bc24_987,bc24
bc24_988,bc24
bc24_989,bc24
bc24_990,bc24
bc24_991,bc24
bc24_992,bc24
bc24_993,bc24
bc24_994,bc24
bc24_995,bc24
bc24_996,bc24
bc24_997,bc24
bc24_998,bc24
bc24_999,bc24
bc24_1000,bc24
bc24_1001,bc24
bc24_1002,bc24
bc24_1003,bc24
bc24_1004,bc24
bc24_1005,bc24
bc24_1006,bc24
bc24_1007,bc24
bc24_1008,bc24
bc24_1009,bc24
bc24_1010,bc24
bc24_1011,bc24
bc24_1012,bc24
bc24_1013,bc24
bc24_1014,bc24
bc24_1015,bc24
bc24_1016,bc24
bc24_1017,bc24
bc24_1018,bc24
bc24_1019,bc24
bc24_1020,bc24
bc24_1021,bc24
bc24_1022,bc24
bc24_1023,bc24
bc24_1024,bc24
bc24_1025,bc24
bc24_1026,bc24
bc24_1027,bc24
bc24_1028,bc24
bc24_1029,bc24
bc24_1030,bc24
bc24_1031,bc24
bc24_1032,bc24
bc24_1033,bc24
bc24_1034,bc24
bc24_1035,bc24
bc24_1036,bc24
bc24_1037,bc24
bc24_1038,bc24
bc24_1039,bc24
bc24_1040,bc24
bc24_1041,bc24
bc24_1042,bc24
bc24_1043,bc24
bc24_1044,bc24
bc24_1045,bc24
bc24_1046,bc24
bc24_1047,bc24
bc24_1048,bc24
bc24_1049,bc24
bc24_1050,bc24
bc24_1051,bc24
bc24_1052,bc24
bc24_1053,bc24
bc24_1054,bc24
bc24_1055,bc24
bc24_1056,bc24
bc24_1057,bc24
bc24_1058,bc24
bc24_1059,bc24
bc24_1060,bc24
bc24_1061,bc24
bc24_1062,bc24
bc24_1063,bc24
bc24_1064,bc24
bc24_1065,bc24
bc24_1066,bc24
bc24_1067,bc24
bc24_1068,bc24
bc24_1069,bc24
bc24_1070,bc24
bc24_1071,bc24
bc24_1072,bc24
bc24_1073,bc24
bc24_1074,bc24
bc24_1075,bc24
bc24_1076,bc24
bc24_1077,bc24
bc24_1078,bc24
bc24_1079,bc24
bc24_1080,bc24
bc24_1081,bc24
bc24_1082,bc24
bc24_1083,bc24
bc24_1084,bc24
bc24_1085,bc24
bc24_1086,bc24
bc24_1087,bc24
bc24_1088,bc24
bc24_1089,bc24
bc24_1090,bc24
bc24_1091,bc24
bc24_1092,bc24
bc24_1093,bc24
bc24_1094,bc24
bc24_1095,bc24
bc24_1096,bc24
bc24_1097,bc24
bc24_1098,bc24
bc24_1099,bc24
bc24_1100,bc24
bc24_1101,bc24
bc24_1102,bc24
bc24_1103,bc24
bc24_1104,bc24
bc24_1105,bc24
bc24_1106,bc24
bc24_1107,bc24
bc24_1108,bc24
bc24_1109,bc24
bc24_1110,bc24
bc24_1111,bc24
bc24_1112,bc24
bc24_1113,bc24
bc24_1114,bc24
bc24_1115,bc24
bc24_1116,bc24
bc24_1117,bc24
bc24_1118,bc24
bc24_1119,bc24
bc24_1120,bc24
bc24_1121,bc24
bc24_1122,bc24
bc24_1123,bc24
bc24_1124,bc24
bc24_1125,bc24
bc24_1126,bc24
bc24_1127,bc24
bc24_1128,bc24
bc24_1129,bc24
bc24_1130,bc24
bc24_1131,bc24
bc24_1132,bc24
bc24_1133,bc24
bc24_1134,bc24
bc24_1135,bc24
bc24_1136,bc24
bc24_1137,bc24
bc24_1138,bc24
bc24_1139,bc24
bc24_1140,bc24
bc24_1141,bc24
bc24_1142,bc24
bc24_1143,bc24
bc24_1144,bc24
bc24_1145,bc24
bc24_1146,bc24
bc24_1147,bc24
bc24_1148,bc24
bc24_1149,bc24
bc24_1150,bc24
bc24_1151,bc24
bc24_1152,bc24
bc24_1153,bc24
bc24_1154,bc24
bc24_1155,bc24
bc24_1156,bc24
bc24_1157,bc24
bc24_1158,bc24
bc24_1159,bc24
bc24_1160,bc24
bc24_1161,bc24
bc24_1162,bc24
bc24_1163,bc24
bc24_1164,bc24
bc24_1165,bc24
bc24_1166,bc24
bc24_1167,bc24
bc24_1168,bc24
bc24_1169,bc24
bc24_1170,bc24
bc24_1171,bc24
bc24_1172,bc24
bc24_1173,bc24
bc24_1174,bc24
bc24_1175,bc24
bc24_1176,bc24
bc24_1177,bc24
bc24_1178,bc24
bc24_1179,bc24
bc24_1180,bc24
bc24_1181,bc24
bc24_1182,bc24
bc24_1183,bc24
bc24_1184,bc24
bc24_1185,bc24
bc24_1186,bc24
bc24_1187,bc24
bc24_1188,bc24
bc24_1189,bc24
bc24_1190,bc24
bc24_1191,bc24
bc24_1192,bc24
bc24_1193,bc24
bc24_1194,bc24
bc24_1195,bc24
bc24_1196,bc24
bc24_1197,bc24
bc24_1198,bc24
bc24_1199,bc24
bc24_1200,bc24
bc24_1201,bc24
bc24_1202,bc24
bc24_1203,bc24
bc24_1204,bc24
bc24_1205,bc24
bc24_1206,bc24
bc24_1207,bc24
bc24_1208,bc24
bc24_1209,bc24
bc24_1210,bc24
bc24_1211,bc24
bc24_1212,bc24
bc24_1213,bc24
bc24_1214,bc24
bc24_1215,bc24
bc24_1216,bc24
bc24_1217,bc24
bc24_1218,bc24
bc24_1219,bc24
bc24_1220,bc24
bc24_1221,bc24
bc24_1222,bc24
bc24_1223,bc24
bc24_1224,bc24
bc24_1225,bc24
bc24_1226,bc24
bc24_1227,bc24
bc24_1228,bc24
bc24_1229,bc24
bc24_1230,bc24
bc24_1231,bc24
bc24_1232,bc24
bc24_1233,bc24
bc24_1234,bc24
bc24_1235,bc24
bc24_1236,bc24
bc24_1237,bc24
bc24_1238,bc24
bc24_1239,bc24
bc24_1240,bc24
bc24_1241,bc24
bc24_1242,bc24
bc24_1243,bc24
bc24_1244,bc24
bc24_1245,bc24
bc24_1246,bc24
bc24_1247,bc24
bc24_1248,bc24
bc24_1249,bc24
bc24_1250,bc24
bc24_1251,bc24
bc24_1252,bc24
bc24_1253,bc24
bc24_1254,bc24
bc24_1255,bc24
bc24_1256,bc24
bc24_1257,bc24
bc24_1258,bc24
bc24_1259,bc24
bc24_1260,bc24
bc24_1261,bc24
bc24_1262,bc24
bc24_1263,bc24
bc24_1264,bc24
bc24_1265,Negative
bc24_1266,bc24
bc24_1267,bc24
bc24_1268,bc24
bc24_1269,bc24
bc24_1270,bc24
bc24_1271,bc24
bc24_1272,bc24
bc24_1273,bc24
bc24_1274,bc24
bc24_1275,bc24
bc24_1276,bc24
bc24_1277,bc24
bc24_1278,bc24
bc24_1279,bc24
bc24_1280,bc24
bc24_1281,bc24
bc24_1282,bc24
bc24_1283,bc24
bc24_1284,bc24
bc24_1285,bc24
bc24_1286,bc24
bc24_1287,bc24
bc24_1288,bc24
bc24_1289,bc24
bc24_1290,bc24
bc24_1291,bc24
bc24_1292,bc24
bc24_1293,bc24
bc24_1294,bc24
bc24_1295,bc24
bc24_1296,bc24
bc24_1297,bc24
bc24_1298,bc24
bc24_1299,bc24
bc24_1300,bc24
bc24_1301,bc24
bc24_1302,bc24
bc24_1303,bc24
bc24_1304,bc24
bc24_1305,bc24
bc24_1306,bc24
bc24_1307,bc24
bc24_1308,bc24
bc24_1309,bc24
bc24_1310,bc24
bc24_1311,bc24
bc24_1312,bc24
bc24_1313,bc24
bc24_1314,bc24
bc24_1315,bc24
bc24_1316,bc24
bc24_1317,bc24
bc24_1318,bc24
bc24_1319,bc24
bc24_1320,bc24
bc24_1321,bc24
bc24_1322,bc24
bc24_1323,bc24
bc24_1324,bc24
bc24_1325,bc24
bc24_1326,bc24
bc24_1327,bc24
bc24_1328,bc24
bc24_1329,bc24
bc24_1330,bc24
bc24_1331,bc24
bc24_1332,bc24
bc24_1333,bc24
bc24_1334,bc24
bc24_1335,bc24
bc24_1336,bc24
bc24_1337,bc24
bc24_1338,bc24
bc24_1339,bc24
bc24_1340,bc24
bc24_1341,bc24
bc24_1342,bc24
bc24_1343,bc24
bc24_1344,bc24
bc24_1345,bc24
bc24_1346,bc24
bc24_1347,bc24
bc24_1348,bc24
bc24_1349,bc24
bc24_1350,bc24
bc24_1351,bc24
bc24_1352,bc24
bc24_1353,bc24
bc24_1354,bc24
bc24_1355,bc24
bc24_1356,bc24
bc24_1357,bc24
bc24_1358,bc24
bc24_1359,bc24
bc24_1360,bc24
bc24_1361,bc24
bc24_1362,bc24
bc24_1363,bc24
bc24_1364,bc24
bc24_1365,bc24
bc24_1366,bc24
bc24_1367,bc24
bc24_1368,bc24
bc24_1369,bc24
bc24_1370,bc24
bc24_1371,bc24
bc24_1372,bc24
bc24_1373,bc24
bc24_1374,bc24
bc24_1375,bc24
bc24_1376,bc24
bc24_1377,bc24
bc24_1378,bc24
bc24_1379,bc24
bc24_1380,bc24
bc24_1381,bc24
bc24_1382,bc24
bc24_1383,bc24
bc24_1384,bc24
bc24_1385,bc24
bc24_1386,bc24
bc24_1387,bc24
bc24_1388,bc24
bc24_1389,bc24
bc24_1390,bc24
bc24_1391,bc24
bc24_1392,bc24
bc24_1393,bc24
bc24_1394,bc24
bc24_1395,bc24
bc24_1396,bc24
bc24_1397,bc24
bc24_1398,bc24
bc24_1399,bc24
bc24_1400,bc24
bc24_1401,bc24
bc24_1402,bc24
bc24_1403,bc24
bc24_1404,bc24
bc24_1405,bc24
bc24_1406,bc24
bc24_1407,bc24
bc24_1408,bc24
bc24_1409,bc24
bc24_1410,bc24
bc24_1411,bc24
bc24_1412,bc24
bc24_1413,bc24
bc24_1414,Multiplet
bc24_1415,bc24
bc24_1416,bc24
bc24_1417,bc24
bc24_1418,bc24
bc24_1419,bc24
bc24_1420,bc24
bc24_1421,bc24
bc24_1422,bc24
bc24_1423,bc24
bc24_1424,bc24
bc24_1425,bc24
bc24_1426,bc24
bc24_1427,bc24
bc24_1428,bc24
bc24_1429,bc24
bc24_1430,bc24
bc24_1431,bc24
bc24_1432,bc24
bc24_1433,bc24
bc24_1434,bc24
bc24_1435,bc24
bc24_1436,bc24
bc24_1437,bc24
bc24_1438,Negative
bc24_1439,bc24
bc24_1440,bc24
bc24_1441,bc24
bc24_1442,bc24
bc24_1443,bc24
bc24_1444,bc24
bc24_1445,bc24
bc24_1446,bc24
bc24_1447,bc24
bc24_1448,bc24
bc24_1449,bc24
bc24_1450,bc24
bc24_1451,bc24
bc24_1452,bc24
bc24_1453,bc24
bc24_1454,bc24
bc24_1455,bc24
bc24_1456,bc24
bc24_1457,bc24
bc24_1458,bc24
bc24_1459,bc24
bc24_1460,bc24
bc24_1461,bc24
bc24_1462,bc24
bc24_1463,bc24
bc24_1464,bc24
bc24_1465,bc24
bc24_1466,bc24
bc24_1467,bc24
bc24_1468,bc24
bc24_1469,bc24
bc24_1470,bc24
bc24_1471,bc24
bc24_1472,bc24
bc24_1473,bc24
bc24_1474,bc24
bc24_1475,bc24
bc24_1476,bc24
bc24_1477,bc24
bc24_1478,bc24
bc24_1479,bc24
bc24_1480,bc24
bc24_1481,bc24
bc24_1482,bc24
bc24_1483,bc24
bc24_1484,bc24
bc24_1485,bc24
bc24_1486,bc24
bc24_1487,bc24
bc24_1488,bc24
bc24_1489,bc24
bc24_1490,bc24
bc24_1491,bc24
bc24_1492,bc24
bc24_1493,bc24
bc24_1494,bc24
bc24_1495,bc24
bc24_1496,bc24
bc24_1497,bc24
bc24_1498,bc24
bc24_1499,bc24
bc24_1500,bc24
bc24_1501,bc24
bc24_1502,bc24
bc24_1503,bc24
bc24_1504,bc24
bc24_1505,bc24
bc24_1506,bc24
bc24_1507,bc24
bc24_1508,bc24
bc24_1509,bc24
bc24_1510,bc24
bc24_1511,bc24
bc24_1512,bc24
bc24_1513,bc24
bc24_1514,bc24
bc24_1515,bc24
bc24_1516,bc24
bc24_1517,bc24
bc24_1518,bc24
bc24_1519,bc24
bc24_1520,bc24
bc24_1521,bc24
bc24_1522,bc24
bc24_1523,bc24
bc24_1524,bc24
bc24_1525,bc24
bc24_1526,bc24
bc24_1527,bc24
bc24_1528,bc24
bc24_1529,bc24
bc24_1530,bc24
bc24_1531,bc24
bc24_1532,bc24
bc24_1533,bc24
bc24_1534,bc24
bc24_1535,bc24
bc24_1536,bc24
bc24_1537,bc24
bc24_1538,bc24
bc24_1539,bc24
bc24_1540,bc24
bc24_1541,bc24
bc24_1542,bc24
bc24_1543,bc24
bc24_1544,bc24
bc24_1545,bc24
bc24_1546,bc24
bc24_1547,bc24
bc24_1548,bc24
bc24_1549,bc24
bc24_1550,bc24
bc24_1551,bc24
bc24_1552,bc24
bc24_1553,bc24
bc24_1554,bc24
bc24_1555,bc24
bc24_1556,bc24
bc24_1557,bc24
bc24_1558,bc24
bc24_1559,bc24
bc24_1560,bc24
bc24_1561,bc24
bc24_1562,bc24
bc24_1563,bc24
bc24_1564,bc24
bc24_1565,bc24
bc24_1566,bc24
bc24_1567,bc24
bc24_1568,bc24
bc24_1569,bc24
bc24_1570,bc24
bc24_1571,bc24
bc24_1572,bc24
bc24_1573,bc24
bc24_1574,bc24
bc24_1575,bc24
bc24_1576,bc24
bc24_1577,bc24
bc24_1578,bc24
bc24_1579,bc24
bc24_1580,bc24
bc24_1581,bc24
bc24_1582,bc24
bc24_1583,bc24
bc24_1584,bc24
bc24_1585,bc24
bc24_1586,bc24
bc24_1587,bc24
bc24_1588,bc24
bc24_1589,bc24
bc24_1590,bc24
bc24_1591,bc24
bc24_1592,bc24
bc24_1593,bc24
bc24_1594,bc24
bc24_1595,bc24
bc24_1596,bc24
bc24_1597,bc24
bc24_1598,bc24
bc24_1599,bc24
bc24_1600,bc24
bc24_1601,bc24
bc24_1602,bc24
bc24_1603,bc24
bc24_1604,bc24
bc24_1605,bc24
bc24_1606,bc24
bc24_1607,bc24
bc24_1608,bc24
bc24_1609,bc24
bc24_1610,bc24
bc24_1611,bc24
bc24_1612,bc24
bc24_1613,bc24
bc24_1614,bc24
bc24_1615,bc24
bc24_1616,bc24
bc24_1617,bc24
bc24_1618,bc24
bc24_1619,bc24
bc24_1620,bc24
bc24_1621,bc24
bc24_1622,bc24
bc24_1623,bc24
bc24_1624,bc24
bc24_1625,bc24
bc24_1626,bc24
bc24_1627,bc24
bc24_1628,bc24
bc24_1629,bc24
bc24_1630,bc24
bc24_1631,bc24
bc24_1632,bc24
bc24_1633,bc24
bc24_1634,bc24
bc24_1635,bc24
bc24_1636,bc24
bc24_1637,bc24
bc24_1638,bc24
bc24_1639,bc24
bc24_1640,bc24
bc24_1641,bc24
bc24_1642,bc24
bc24_1643,bc24
bc24_1644,bc24
bc24_1645,bc24
bc24_1646,bc24
bc24_1647,bc24
bc24_1648,bc24
bc24_1649,bc24
bc24_1650,bc24
bc24_1651,bc24
bc24_1652,bc24
bc24_1653,bc24
bc24_1654,bc24
bc24_1655,bc24
bc24_1656,bc24
bc24_1657,bc24
bc24_1658,bc24
bc24_1659,bc24
bc24_1660,bc24
bc24_1661,bc24
bc24_1662,bc24
bc24_1663,bc24
bc24_1664,bc24
bc24_1665,bc24
bc24_1666,bc24
bc24_1667,bc24
bc24_1668,bc24
bc24_1669,bc24
bc24_1670,bc24
bc24_1671,bc24
bc24_1672,bc24
bc24_1673,bc24
bc24_1674,bc24
bc24_1675,bc24
bc24_1676,bc24
bc24_1677,bc24
bc24_1678,bc24
bc24_1679,bc24
bc24_1680,bc24
bc24_1681,bc24
bc24_1682,bc24
bc24_1683,bc24
bc24_1684,bc24
bc24_1685,bc24
bc24_1686,bc24
bc24_1687,bc24
bc24_1688,bc24
bc24_1689,bc24
bc24_1690,bc24
bc24_1691,bc24
bc24_1692,bc24
bc24_1693,bc24
bc24_1694,bc24
bc24_1695,bc24
bc24_1696,bc24
bc24_1697,bc24
bc24_1698,bc24
bc24_1699,bc24
bc24_1700,bc24
bc24_1701,bc24
bc24_1702,bc24
bc24_1703,bc24
bc24_1704,bc24
bc24_1705,bc24
bc24_1706,bc24
bc24_1707,bc24
bc24_1708,bc24
bc24_1709,bc24
bc24_1710,bc24
bc24_1711,bc24
bc24_1712,bc24
bc24_1713,bc24
bc24_1714,bc24
bc24_1715,bc24
bc24_1716,bc24
bc24_1717,bc24
bc24_1718,bc24
bc24_1719,bc24
bc24_1720,bc24
bc24_1721,bc24
bc24_1722,bc24
bc24_1723,bc24
bc24_1724,bc24
bc24_1725,bc24
bc24_1726,bc24
bc24_1727,bc24
bc24_1728,bc24
bc24_1729,bc24
bc24_1730,bc24
bc24_1731,bc24
bc24_1732,bc24
bc24_1733,bc24
bc24_1734,bc24
bc24_1735,bc24
bc24_1736,bc24
bc24_1737,bc24
bc24_1738,bc24
bc24_1739,bc24
bc24_1740,bc24
bc24_1741,bc24
bc24_1742,bc24
bc24_1743,bc24
bc24_1744,bc24
bc24_1745,bc24
bc24_1746,bc24
bc24_1747,bc24
bc24_1748,bc24
bc24_1749,bc24
bc24_1750,bc24
bc24_1751,bc24
bc24_1752,bc24
bc24_1753,bc24
bc24_1754,bc24
bc24_1755,bc24
bc24_1756,bc24
bc24_1757,bc24
bc24_1758,bc24
bc24_1759,bc24
bc24_1760,bc24
bc24_1761,bc24
bc24_1762,bc24
bc24_1763,bc24
bc24_1764,bc24
bc24_1765,bc24
bc24_1766,bc24
bc24_1767,bc24
bc24_1768,bc24
bc24_1769,bc24
bc24_1770,bc24
bc24_1771,bc24
bc24_1772,bc24
bc24_1773,bc24
bc24_1774,bc24
bc24_1775,bc24
bc24_1776,bc24
bc24_1777,bc24
bc24_1778,bc24
bc24_1779,bc24
bc24_1780,bc24
bc24_1781,bc24
bc24_1782,bc24
bc24_1783,bc24
bc24_1784,bc24
bc24_1785,bc24
bc24_1786,bc24
bc24_1787,bc24
bc24_1788,Multiplet
bc24_1789,bc24
bc24_1790,bc24
bc24_1791,bc24
bc24_1792,bc24
bc24_1793,bc24
bc24_1794,bc24
bc24_1795,bc24
bc24_1796,bc24
bc24_1797,bc24
bc24_1798,bc24
bc24_1799,bc24
bc24_1800,bc24
bc24_1801,bc24
bc24_1802,bc24
bc24_1803,bc24
bc24_1804,bc24
bc24_1805,bc24
bc24_1806,bc24
bc24_1807,bc24
bc24_1808,bc24
bc24_1809,bc24
bc24_1810,bc24
bc24_1811,bc24
bc24_1812,bc24
bc24_1813,bc24
bc24_1814,bc24
bc24_1815,bc24
bc24_1816,bc24
bc24_1817,bc24
bc24_1818,bc24
bc24_1819,bc24
bc24_1820,bc24
bc24_1821,bc24
bc24_1822,bc24
bc24_1823,bc24
bc24_1824,bc24
bc24_1825,bc24
bc24_1826,bc24
bc24_1827,bc24
bc24_1828,bc24
bc24_1829,bc24
bc24_1830,bc24
bc24_1831,bc24
bc24_1832,bc24
bc24_1833,bc24
bc24_1834,bc24
bc24_1835,bc24
bc24_1836,bc24
bc24_1837,bc24
bc24_1838,bc24
bc24_1839,bc24
bc24_1840,bc24
bc24_1841,bc24
bc24_1842,bc24
bc24_1843,bc24
bc24_1844,bc24
bc24_1845,bc24
bc24_1846,bc24
bc24_1847,bc24
bc24_1848,bc24
bc24_1849,bc24
bc24_1850,bc24
bc24_1851,bc24
bc24_1852,bc24
bc24_1853,bc24
bc24_1854,bc24
bc24_1855,bc24
bc24_1856,bc24
bc24_1857,bc24
bc24_1858,bc24
bc24_1859,bc24
bc24_1860,bc24
bc24_1861,bc24
bc24_1862,bc24
bc24_1863,bc24
bc24_1864,bc24
bc24_1865,bc24
bc24_1866,bc24
bc24_1867,bc24
bc24_1868,bc24
bc24_1869,bc24
bc24_1870,bc24
bc24_1871,bc24
bc24_1872,bc24
bc24_1873,bc24
bc24_1874,bc24
bc24_1875,bc24
bc24_1876,bc24
bc24_1877,bc24
bc24_1878,bc24
bc24_1879,bc24
bc24_1880,bc24
bc24_1881,bc24
bc24_1882,bc24
bc24_1883,bc24
bc24_1884,bc24
bc24_1885,bc24
bc24_1886,bc24
bc24_1887,bc24
bc24_1888,bc24
bc24_1889,bc24
bc24_1890,bc24
bc24_1891,bc24
bc24_1892,bc24
bc24_1893,bc24
bc24_1894,bc24
bc24_1895,bc24
bc24_1896,bc24
bc24_1897,bc24
bc24_1898,bc24
bc24_1899,bc24
bc24_1900,bc24
bc24_1901,bc24
bc24_1902,bc24
bc24_1903,bc24
bc24_1904,bc24
bc24_1905,bc24
bc24_1906,bc24
bc24_1907,bc24
bc24_1908,bc24
bc24_1909,bc24
bc24_1910,bc24
bc24_1911,bc24
bc24_1912,bc24
bc24_1913,bc24
bc24_1914,bc24
bc24_1915,bc24
bc24_1916,bc24
bc24_1917,bc24
bc24_1918,bc24
bc24_1919,bc24
bc24_1920,bc24
bc24_1921,bc24
bc24_1922,bc24
bc24_1923,bc24
bc24_1924,bc24
bc24_1925,bc24
bc24_1926,bc24
bc24_1927,bc24
bc24_1928,bc24
bc24_1929,bc24
bc24_1930,bc24
bc24_1931,bc24
bc24_1932,bc24
bc24_1933,bc24
bc24_1934,bc24
bc24_1935,bc24
bc24_1936,bc24
bc24_1937,bc24
bc24_1938,bc24
bc24_1939,bc24
bc24_1940,bc24
bc24_1941,bc24
bc24_1942,bc24
bc24_1943,bc24
bc24_1944,bc24
bc24_1945,bc24
bc24_1946,bc24
bc24_1947,bc24
bc24_1948,bc24
bc24_1949,bc24
bc24_1950,bc24
bc24_1951,bc24
bc24_1952,bc24
bc24_1953,bc24
bc24_1954,bc24
bc24_1955,bc24
bc24_1956,bc24
bc24_1957,bc24
bc24_1958,bc24
bc24_1959,bc24
bc24_1960,bc24
bc24_1961,bc24
bc24_1962,bc24
bc24_1963,bc24
bc24_1964,bc24
bc24_1965,bc24
bc24_1966,bc24
bc24_1967,bc24
bc24_1968,bc24
bc24_1969,bc24
bc24_1970,bc24
bc24_1971,bc24
bc24_1972,bc24
bc24_1973,bc24
bc24_1974,bc24
bc24_1975,bc24
bc24_1976,bc24
bc24_1977,bc24
bc24_1978,bc24
bc24_1979,bc24
bc24_1980,bc24
bc24_1981,bc24
bc24_1982,bc24
bc24_1983,bc24
bc24_1984,bc24
bc24_1985,bc24
bc24_1986,bc24
bc24_1987,bc24
bc24_1988,bc24
bc24_1989,bc24
bc24_1990,bc24
bc24_1991,bc24
bc24_1992,bc24
bc24_1993,bc24
bc24_1994,bc24
bc24_1995,Multiplet
bc24_1996,bc24
bc24_1997,bc24
bc24_1998,bc24
bc24_1999,bc24
bc24_2000,bc24
bc24_2001,bc24
bc24_2002,bc24
bc24_2003,bc24
bc24_2004,bc24
bc24_2005,bc24
bc24_2006,bc24
bc24_2007,bc24
bc24_2008,bc24
bc24_2009,bc24
bc24_2010,bc24
bc24_2011,bc24
bc24_2012,bc24
bc24_2013,bc24
bc24_2014,bc24
bc24_2015,bc24
bc24_2016,bc24
bc24_2017,bc24
bc24_2018,bc24
bc24_2019,bc24
bc24_2020,bc24
bc24_2021,bc24
bc24_2022,bc24
bc24_2023,bc24
bc24_2024,bc24
bc24_2025,bc24
bc24_2026,bc24
bc24_2027,bc24
bc24_2028,bc24
bc24_2029,bc24
bc24_2030,bc24
bc24_2031,bc24
bc24_2032,bc24
bc24_2033,bc24
bc24_2034,bc24
bc24_2035,bc24
bc24_2036,bc24
bc24_2037,bc24
bc24_2038,bc24
bc24_2039,bc24
bc24_2040,bc24
bc24_2041,bc24
bc24_2042,bc24
bc24_2043,bc24
bc24_2044,bc24
bc24_2045,bc24
bc24_2046,bc24
bc24_2047,bc24
bc24_2048,bc24
bc24_2049,bc24
bc24_2050,bc24
bc24_2051,bc24
bc24_2052,bc24
bc24_2053,bc24
bc24_2054,bc24
bc24_2055,bc24
bc24_2056,bc24
bc24_2057,bc24
bc24_2058,bc24
bc24_2059,bc24
bc24_2060,bc24
bc24_2061,bc24
bc24_2062,bc24
bc24_2063,bc24
bc24_2064,bc24
bc24_2065,bc24
bc24_2066,bc24
bc24_2067,bc24
bc24_2068,bc24
bc24_2069,bc24
bc24_2070,bc24
bc24_2071,bc24
bc24_2072,bc24
bc24_2073,bc24
bc24_2074,bc24
bc24_2075,bc24
bc24_2076,bc24
bc24_2077,bc24
bc24_2078,bc24
bc24_2079,bc24
bc24_2080,bc24
bc24_2081,bc24
bc24_2082,bc24
bc24_2083,bc24
bc24_2084,bc24
bc24_2085,bc24
bc24_2086,bc24
bc24_2087,bc24
bc24_2088,bc24
bc24_2089,bc24
bc24_2090,bc24
bc24_2091,bc24
bc24_2092,bc24
bc24_2093,bc24
bc24_2094,bc24
bc24_2095,bc24
bc24_2096,bc24
bc24_2097,bc24
bc24_2098,bc24
bc24_2099,bc24
bc24_2100,bc24
bc24_2101,bc24
bc24_2102,bc24
bc24_2103,bc24
bc24_2104,bc24
bc24_2105,bc24
bc24_2106,bc24
bc24_2107,bc24
bc24_2108,bc24
bc24_2109,bc24
bc24_2110,bc24
bc24_2111,bc24
bc24_2112,bc24
bc24_2113,bc24
bc24_2114,bc24
bc24_2115,bc24
bc24_2116,bc24
bc24_2117,bc24
bc24_2118,bc24
bc24_2119,bc24
bc24_2120,bc24
bc24_2121,bc24
bc24_2122,bc24
bc24_2123,bc24
bc24_2124,bc24
bc24_2125,bc24
bc24_2126,bc24
bc24_2127,bc24
bc24_2128,bc24
bc24_2129,bc24
bc24_2130,bc24
bc24_2131,bc24
bc24_2132,bc24
bc24_2133,bc24
bc24_2134,bc24
bc24_2135,bc24
bc24_2136,bc24
bc24_2137,bc24
bc24_2138,bc24
bc24_2139,bc24
bc24_2140,bc24
bc24_2141,bc24
bc24_2142,bc24
bc24_2143,bc24
bc24_2144,bc24
bc24_2145,bc24
bc24_2146,bc24
bc24_2147,bc24
bc24_2148,bc24
bc24_2149,bc24
bc24_2150,bc24
bc24_2151,bc24
bc24_2152,bc24
bc24_2153,bc24
bc24_2154,bc24
bc24_2155,bc24
bc24_2156,bc24
bc24_2157,bc24
bc24_2158,bc24
bc24_2159,bc24
bc24_2160,bc24
bc24_2161,bc24
bc24_2162,bc24
bc24_2163,bc24
bc24_2164,bc24
bc24_2165,bc24
bc24_2166,bc24
bc24_2167,bc24
bc24_2168,bc24
bc24_2169,bc24
bc24_2170,bc24
bc24_2171,bc24
bc24_2172,bc24
bc24_2173,bc24
bc24_2174,bc24
bc24_2175,bc24
bc24_2176,bc24
bc24_2177,bc24
bc24_2178,bc24
bc24_2179,bc24
bc24_2180,bc24
bc24_2181,bc24
bc24_2182,bc24
bc24_2183,bc24
bc24_2184,bc24
bc24_2185,bc24
bc24_2186,bc24
bc24_2187,bc24
bc24_2188,bc24
bc24_2189,bc24
bc24_2190,bc24
bc24_2191,bc24
bc24_2192,bc24
bc24_2193,bc24
bc24_2194,bc24
bc24_2195,bc24
bc24_2196,bc24
bc24_2197,bc24
bc24_2198,bc24
bc24_2199,bc24
bc24_2200,bc24
bc24_2201,bc24
bc24_2202,bc24
bc24_2203,bc24
bc24_2204,bc24
bc24_2205,bc24
bc24_2206,bc24
bc24_2207,bc24
bc24_2208,bc24
bc24_2209,bc24
bc24_2210,bc24
bc24_2211,bc24
bc24_2212,bc24
bc24_2213,bc24
bc24_2214,bc24
bc24_2215,bc24
bc24_2216,bc24
bc24_2217,bc24
bc24_2218,bc24
bc24_2219,bc24
bc24_2220,bc24
bc24_2221,bc24
bc24_2222,bc24
bc24_2223,bc24
bc24_2224,bc24
bc24_2225,bc24
bc24_2226,bc24
bc24_2227,bc24
bc24_2228,bc24
bc24_2229,bc24
bc24_2230,bc24
bc24_2231,bc24
bc24_2232,bc24
bc24_2233,bc24
bc24_2234,bc24
bc24_2235,bc24
bc24_2236,bc24
bc24_2237,bc24
bc24_2238,bc24
bc24_2239,bc24
bc24_2240,bc24
bc24_2241,bc24
bc24_2242,bc24
bc24_2243,bc24
bc24_2244,bc24
bc24_2245,bc24
bc24_2246,bc24
bc24_2247,bc24
bc24_2248,bc24
bc24_2249,bc24
bc24_2250,bc24
bc24_2251,bc24
bc24_2252,bc24
bc24_2253,bc24
bc24_2254,bc24
bc24_2255,bc24
bc24_2256,bc24
bc24_2257,bc24
bc24_2258,bc24
bc24_2259,bc24
bc24_2260,bc24
bc24_2261,bc24
bc24_2262,bc24
bc24_2263,bc24
bc24_2264,bc24
bc24_2265,bc24
bc24_2266,bc24
bc24_2267,bc24
bc24_2268,bc24
bc24_2269,bc24
bc24_2270,bc24
bc24_2271,bc24
bc24_2272,bc24
bc24_2273,bc24
bc24_2274,bc24
bc24_2275,bc24
bc24_2276,bc24
bc24_2277,bc24
bc24_2278,bc24
bc24_2279,bc24
bc24_2280,bc24
bc24_2281,bc24
bc24_2282,bc24
bc24_2283,bc24
bc24_2284,bc24
bc24_2285,bc24
bc24_2286,bc24
bc24_2287,bc24
bc24_2288,bc24
bc24_2289,bc24
bc24_2290,bc24
bc24_2291,bc24
bc24_2292,bc24
bc24_2293,bc24
bc24_2294,bc24
bc24_2295,bc24
bc24_2296,bc24
bc24_2297,bc24
bc24_2298,bc24
bc24_2299,bc24
bc24_2300,bc24
bc24_2301,bc24
bc24_2302,bc24
bc24_2303,bc24
bc24_2304,bc24
bc24_2305,bc24
bc24_2306,bc24
bc24_2307,bc24
bc24_2308,bc24
bc24_2309,bc24
bc24_2310,bc24
bc24_2311,bc24
bc24_2312,bc24
bc24_2313,bc24
bc24_2314,bc24
bc24_2315,bc24
bc24_2316,bc24
bc24_2317,bc24
bc24_2318,bc24
bc24_2319,bc24
bc24_2320,bc24
bc24_2321,bc24
bc24_2322,bc24
bc24_2323,bc24
bc24_2324,bc24
bc24_2325,bc24
bc24_2326,bc24
bc24_2327,bc24
bc24_2328,bc24
bc24_2329,bc24
bc24_2330,bc24
bc24_2331,bc24
bc24_2332,bc24
bc24_2333,bc24
bc24_2334,bc24
bc24_2335,bc24
bc24_2336,bc24
bc24_2337,bc24
bc24_2338,bc24
bc24_2339,bc24
bc24_2340,bc24
bc24_2341,bc24
bc24_2342,bc24
bc24_2343,bc24
bc24_2344,bc24
bc24_2345,bc24
bc24_2346,bc24
bc24_2347,bc24
bc24_2348,bc24
bc24_2349,bc24
bc24_2350,bc24
bc24_2351,bc24
bc24_2352,bc24
bc24_2353,bc24
bc24_2354,bc24
bc24_2355,bc24
bc24_2356,bc24
bc24_2357,bc24
bc24_2358,bc24
bc24_2359,bc24
bc24_2360,bc24
bc24_2361,bc24
bc24_2362,bc24
bc24_2363,bc24
bc24_2364,bc24
bc24_2365,bc24
bc24_2366,bc24
bc24_2367,bc24
bc24_2368,bc24
bc24_2369,bc24
bc24_2370,bc24
bc24_2371,bc24
bc24_2372,bc24
bc24_2373,bc24
bc24_2374,bc24
bc24_2375,bc24
bc24_2376,bc24
bc24_2377,bc24
bc24_2378,bc24
bc24_2379,bc24
bc24_2380,bc24
bc24_2381,bc24
bc24_2382,bc24
bc24_2383,bc24
bc24_2384,bc24
bc24_2385,bc24
bc24_2386,bc24
bc24_2387,bc24
bc24_2388,bc24
bc24_2389,bc24
bc24_2390,bc24
bc24_2391,bc24
bc24_2392,bc24
bc24_2393,bc24
bc24_2394,bc24
bc24_2395,bc24
bc24_2396,bc24
bc24_2397,bc24
bc24_2398,bc24
bc24_2399,bc24
bc24_2400,bc24
bc24_2401,bc24
bc24_2402,bc24
bc24_2403,bc24
bc24_2404,bc24
bc24_2405,bc24
bc24_2406,bc24
bc24_2407,bc24
bc24_2408,bc24
bc24_2409,bc24
bc24_2410,bc24
bc24_2411,bc24
bc24_2412,bc24
bc24_2413,bc24
bc24_2414,bc24
bc24_2415,bc24
bc24_2416,bc24
bc24_2417,bc24
bc24_2418,bc24
bc24_2419,bc24
bc24_2420,bc24
bc24_2421,bc24
bc24_2422,bc24
bc24_2423,bc24
bc24_2424,bc24
bc24_2425,bc24
bc24_2426,bc24
bc24_2427,bc24
bc24_2428,bc24
bc24_2429,bc24
bc24_2430,bc24
bc24_2431,bc24
bc24_2432,bc24
bc24_2433,bc24
bc24_2434,bc24
bc24_2435,bc24
bc24_2436,bc24
bc24_2437,bc24
bc24_2438,bc24
bc24_2439,bc24
bc24_2440,bc24
bc24_2441,bc24
bc24_2442,bc24
bc24_2443,bc24
bc24_2444,bc24
bc24_2445,bc24
bc24_2446,bc24
bc24_2447,bc24
bc24_2448,bc24
bc24_2449,bc24
bc24_2450,bc24
bc24_2451,bc24
bc24_2452,bc24
bc24_2453,bc24
bc24_2454,bc24
bc24_2455,bc24
bc24_2456,bc24
bc24_2457,bc24
bc24_2458,bc24
bc24_2459,bc24
bc24_2460,bc24
bc24_2461,bc24
bc24_2462,bc24
bc24_2463,bc24
bc24_2464,bc24
bc24_2465,bc24
bc24_2466,bc24
bc24_2467,bc24
bc24_2468,bc24
bc24_2469,bc24
bc24_2470,bc24
bc24_2471,bc24
bc24_2472,bc24
bc24_2473,bc24
bc24_2474,bc24
bc24_2475,bc24
bc24_2476,bc24
bc24_2477,bc24
bc24_2478,bc24
bc24_2479,bc24
bc24_2480,bc24
bc24_2481,bc24
bc24_2482,bc24
bc24_2483,bc24
bc24_2484,bc24
bc24_2485,bc24
bc24_2486,bc24
bc24_2487,bc24
bc24_2488,bc24
bc24_2489,bc24
bc24_2490,bc24
bc25_1,bc25
bc25_2,bc25
bc25_3,bc25
bc25_4,bc25
bc25_5,bc25
bc25_6,bc25
bc25_7,bc25
bc25_8,bc25
bc25_9,bc25
bc25_10,bc25
bc25_11,bc25
bc25_12,bc25
bc25_13,bc25
bc25_14,bc25
bc25_15,bc25
bc25_16,bc25
bc25_17,bc25
bc25_18,bc25
bc25_19,bc25
bc25_20,bc25
bc25_21,bc25
bc25_22,bc25
bc25_23,bc25
bc25_24,bc25
bc25_25,bc25
bc25_26,bc25
bc25_27,bc25
bc25_28,bc25
bc25_29,bc25
bc25_30,bc25
bc25_31,bc25
bc25_32,bc25
bc25_33,bc25
bc25_34,bc25
bc25_35,bc25
bc25_36,bc25
bc25_37,bc25
bc25_38,bc25
bc25_39,bc25
bc25_40,bc25
bc25_41,bc25
bc25_42,bc25
bc25_43,bc25
bc25_44,bc25
bc25_45,bc25
bc25_46,bc25
bc25_47,bc25
bc25_48,bc25
bc25_49,bc25
bc25_50,bc25
bc25_51,bc25
bc25_52,bc25
bc25_53,bc25
bc25_54,bc25
bc25_55,bc25
bc25_56,bc25
bc25_57,bc25
bc25_58,bc25
bc25_59,bc25
bc25_60,bc25
bc25_61,bc25
bc25_62,bc25
bc25_63,bc25
bc25_64,bc25
bc25_65,bc25
bc25_66,bc25
bc25_67,bc25
bc25_68,bc25
bc25_69,bc25
bc25_70,bc25
bc25_71,bc25
bc25_72,bc25
bc25_73,bc25
bc25_74,bc25
bc25_75,bc25
bc25_76,bc25
bc25_77,bc25
bc25_78,bc25
bc25_79,bc25
bc25_80,bc25
bc25_81,bc25
bc25_82,bc25
bc25_83,bc25
bc25_84,bc25
bc25_85,bc25
bc25_86,bc25
bc25_87,bc25
bc25_88,bc25
bc25_89,bc25
bc25_90,bc25
bc25_91,bc25
bc25_92,bc25
bc25_93,bc25
bc25_94,bc25
bc25_95,bc25
bc25_96,bc25
bc25_97,bc25
bc25_98,bc25
bc25_99,bc25
bc25_100,bc25
bc25_101,bc25
bc25_102,bc25
bc25_103,bc25
bc25_104,bc25
bc25_105,bc25
bc25_106,bc25
bc25_107,bc25
bc25_108,bc25
bc25_109,bc25
bc25_110,bc25
bc25_111,bc25
bc25_112,bc25
bc25_113,bc25
bc25_114,bc25
bc25_115,bc25
bc25_116,bc25
bc25_117,bc25
bc25_118,bc25
bc25_119,bc25
bc25_120,bc25
bc25_121,bc25
bc25_122,bc25
bc25_123,bc25
bc25_124,bc25
bc25_125,bc25
bc25_126,bc25
bc25_127,bc25
bc25_128,bc25
bc25_129,bc25
bc25_130,bc25
bc25_131,bc25
bc25_132,bc25
bc25_133,bc25
bc25_134,bc25
bc25_135,Negative
bc25_136,bc25
bc25_137,bc25
bc25_138,bc25
bc25_139,bc25
bc25_140,bc25
bc25_141,bc25
bc25_142,bc25
bc25_143,Multiplet
bc25_144,bc25
bc25_145,bc25
bc25_146,bc25
bc25_147,bc25
bc25_148,bc25
bc25_149,bc25
bc25_150,bc25
bc25_151,bc25
bc25_152,bc25
bc25_153,bc25
bc25_154,bc25
bc25_155,bc25
bc25_156,bc25
bc25_157,bc25
bc25_158,bc25
bc25_159,bc25
bc25_160,bc25
bc25_161,bc25
bc25_162,bc25
bc25_163,bc25
bc25_164,bc25
bc25_165,bc25
bc25_166,bc25
bc25_167,bc25
bc25_168,bc25
bc25_169,bc25
bc25_170,bc25
bc25_171,bc25
bc25_172,bc25
bc25_173,bc25
bc25_174,bc25
bc25_175,bc25
bc25_176,bc25
bc25_177,bc25
bc25_178,bc25
bc25_179,bc25
bc25_180,bc25
bc25_181,bc25
bc25_182,bc25
bc25_183,bc25
bc25_184,bc25
bc25_185,bc25
bc25_186,bc25
bc25_187,bc25
bc25_188,bc25
bc25_189,bc25
bc25_190,bc25
bc25_191,bc25
bc25_192,bc25
bc25_193,bc25
bc25_194,bc25
bc25_195,bc25
bc25_196,bc25
bc25_197,bc25
bc25_198,bc25
bc25_199,bc25
bc25_200,bc25
bc25_201,bc25
bc25_202,bc25
bc25_203,bc25
bc25_204,bc25
bc25_205,bc25
bc25_206,bc25
bc25_207,bc25
bc25_208,bc25
bc25_209,bc25
bc25_210,bc25
bc25_211,bc25
bc25_212,bc25
bc25_213,bc25
bc25_214,bc25
bc25_215,bc25
bc25_216,bc25
bc25_217,bc25
bc25_218,bc25
bc25_219,bc25
bc25_220,bc25
bc25_221,bc25
bc25_222,bc25
bc25_223,bc25
bc25_224,bc25
bc25_225,bc25
bc25_226,bc25
bc25_227,bc25
bc25_228,bc25
bc25_229,bc25
bc25_230,bc25
bc25_231,bc25
bc25_232,bc25
bc25_233,bc25
bc25_234,bc25
bc25_235,bc25
bc25_236,bc25
bc25_237,bc25
bc25_238,bc25
bc25_239,bc25
bc25_240,bc25
bc25_241,bc25
bc25_242,bc25
bc25_243,bc25
bc25_244,bc25
bc25_245,bc25
bc25_246,bc25
bc25_247,bc25
bc25_248,bc25
bc25_249,bc25
bc25_250,bc25
bc25_251,bc25
bc25_252,bc25
bc25_253,bc25
bc25_254,bc25
bc25_255,bc25
bc25_256,bc25
bc25_257,bc25
bc25_258,bc25
bc25_259,bc25
bc25_260,bc25
bc25_261,bc25
bc25_262,bc25
bc25_263,bc25
bc25_264,bc25
bc25_265,bc25
bc25_266,bc25
bc25_267,bc25
bc25_268,bc25
bc25_269,bc25
bc25_270,bc25
bc25_271,bc25
bc25_272,bc25
bc25_273,bc25
bc25_274,bc25
bc25_275,bc25
bc25_276,bc25
bc25_277,bc25
bc25_278,bc25
bc25_279,bc25
bc25_280,bc25
bc25_281,bc25
bc25_282,bc25
bc25_283,bc25
bc25_284,bc25
bc25_285,bc25
bc25_286,bc25
bc25_287,bc25
bc25_288,bc25
bc25_289,bc25
bc25_290,bc25
bc25_291,bc25
bc25_292,bc25
bc25_293,bc25
bc25_294,bc25
bc25_295,bc25
bc25_296,bc25
bc25_297,bc25
bc25_298,bc25
bc25_299,bc25
bc25_300,bc25
bc25_301,bc25
bc25_302,bc25
bc25_303,bc25
bc25_304,bc25
bc25_305,bc25
bc25_306,bc25
bc25_307,bc25
bc25_308,bc25
bc25_309,bc25
bc25_310,bc25
bc25_311,bc25
bc25_312,bc25
bc25_313,bc25
bc25_314,bc25
bc25_315,bc25
bc25_316,bc25
bc25_317,bc25
bc25_318,bc25
bc25_319,bc25
bc25_320,bc25
bc25_321,bc25
bc25_322,bc25
bc25_323,bc25
bc25_324,bc25
bc25_325,bc25
bc25_326,bc25
bc25_327,bc25
bc25_328,bc25
bc25_329,bc25
bc25_330,bc25
bc25_331,bc25
bc25_332,bc25
bc25_333,bc25
bc25_334,bc25
bc25_335,bc25
bc25_336,bc25
bc25_337,bc25
bc25_338,bc25
bc25_339,bc25
bc25_340,bc25
bc25_341,bc25
bc25_342,bc25
bc25_343,bc25
bc25_344,bc25
bc25_345,bc25
bc25_346,bc25
bc25_347,bc25
bc25_348,bc25
bc25_349,bc25
bc25_350,bc25
bc25_351,bc25
bc25_352,bc25
bc25_353,bc25
bc25_354,bc25
bc25_355,bc25
bc25_356,bc25
bc25_357,bc25
bc25_358,bc25
bc25_359,bc25
bc25_360,bc25
bc25_361,bc25
bc25_362,bc25
bc25_363,bc25
bc25_364,bc25
bc25_365,bc25
bc25_366,bc25
bc25_367,bc25
bc25_368,bc25
bc25_369,bc25
bc25_370,bc25
bc25_371,bc25
bc25_372,bc25
bc25_373,bc25
bc25_374,bc25
bc25_375,bc25
bc25_376,bc25
bc25_377,bc25
bc25_378,bc25
bc25_379,bc25
bc25_380,bc25
bc25_381,bc25
bc25_382,bc25
bc25_383,bc25
bc25_384,bc25
bc25_385,bc25
bc25_386,bc25
bc25_387,bc25
bc25_388,bc25
bc25_389,bc25
bc25_390,bc25
bc25_391,bc25
bc25_392,bc25
bc25_393,bc25
bc25_394,bc25
bc25_395,bc25
bc25_396,bc25
bc25_397,bc25
bc25_398,bc25
bc25_399,bc25
bc25_400,bc25
bc25_401,bc25
bc25_402,bc25
bc25_403,bc25
bc25_404,bc25
bc25_405,bc25
bc25_406,bc25
bc25_407,bc25
bc25_408,bc25
bc25_409,bc25
bc25_410,bc25
bc25_411,bc25
bc25_412,bc25
bc25_413,bc25
bc25_414,bc25
bc25_415,bc25
bc25_416,bc25
bc25_417,bc25
bc25_418,bc25
bc25_419,bc25
bc25_420,bc25
bc25_421,bc25
bc25_422,bc25
bc25_423,bc25
bc25_424,bc25
bc25_425,bc25
bc25_426,bc25
bc25_427,bc25
bc25_428,bc25
bc25_429,bc25
bc25_430,bc25
bc25_431,bc25
bc25_432,bc25
bc25_433,bc25
bc25_434,bc25
bc25_435,bc25
bc25_436,bc25
bc25_437,bc25
bc25_438,bc25
bc25_439,bc25
bc25_440,bc25
bc25_441,bc25
bc25_442,bc25
bc25_443,bc25
bc25_444,bc25
bc25_445,bc25
bc25_446,bc25
bc25_447,bc25
bc25_448,bc25
bc25_449,bc25
bc25_450,bc25
bc25_451,bc25
bc25_452,bc25
bc25_453,bc25
bc25_454,bc25
bc25_455,bc25
bc25_456,bc25
bc25_457,bc25
bc25_458,bc25
bc25_459,bc25
bc25_460,bc25
bc25_461,bc25
bc25_462,bc25
bc25_463,bc25
bc25_464,bc25
bc25_465,bc25
bc25_466,bc25
bc25_467,bc25
bc25_468,bc25
bc25_469,bc25
bc25_470,bc25
bc25_471,bc25
bc25_472,bc25
bc25_473,bc25
bc25_474,bc25
bc25_475,bc25
bc25_476,bc25
bc25_477,bc25
bc25_478,bc25
bc25_479,bc25
bc25_480,bc25
bc25_481,bc25
bc25_482,bc25
bc25_483,bc25
bc25_484,bc25
bc25_485,bc25
bc25_486,bc25
bc25_487,bc25
bc25_488,bc25
bc25_489,bc25
bc25_490,bc25
bc25_491,bc25
bc25_492,bc25
bc25_493,bc25
bc25_494,bc25
bc25_495,bc25
bc25_496,bc25
bc25_497,bc25
bc25_498,bc25
bc25_499,bc25
bc25_500,bc25
bc25_501,bc25
bc25_502,Multiplet
bc25_503,bc25
bc25_504,bc25
bc25_505,bc25
bc25_506,bc25
bc25_507,bc25
bc25_508,bc25
bc25_509,bc25
bc25_510,bc25
bc25_511,bc25
bc25_512,bc25
bc25_513,bc25
bc25_514,bc25
bc25_515,bc25
bc25_516,bc25
bc25_517,bc25
bc25_518,bc25
bc25_519,bc25
bc25_520,bc25
bc25_521,bc25
bc25_522,bc25
bc25_523,bc25
bc25_524,bc25
bc25_525,bc25
bc25_526,bc25
bc25_527,bc25
bc25_528,bc25
bc25_529,bc25
bc25_530,bc25
bc25_531,bc25
bc25_532,bc25
bc25_533,bc25
bc25_534,bc25
bc25_535,bc25
bc25_536,bc25
bc25_537,bc25
bc25_538,bc25
bc25_539,bc25
bc25_540,bc25
bc25_541,bc25
bc25_542,bc25
bc25_543,bc25
bc25_544,bc25
bc25_545,bc25
bc25_546,bc25
bc25_547,bc25
bc25_548,bc25
bc25_549,bc25
bc25_550,bc25
bc25_551,bc25
bc25_552,bc25
bc25_553,bc25
bc25_554,bc25
bc25_555,bc25
bc25_556,bc25
bc25_557,bc25
bc25_558,bc25
bc25_559,bc25
bc25_560,bc25
bc25_561,bc25
bc25_562,bc25
bc25_563,bc25
bc25_564,bc25
bc25_565,bc25
bc25_566,bc25
bc25_567,bc25
bc25_568,bc25
bc25_569,bc25
bc25_570,bc25
bc25_571,bc25
bc25_572,bc25
bc25_573,bc25
bc25_574,bc25
bc25_575,bc25
bc25_576,bc25
bc25_577,bc25
bc25_578,bc25
bc25_579,bc25
bc25_580,bc25
bc25_581,bc25
bc25_582,bc25
bc25_583,bc25
bc25_584,bc25
bc25_585,bc25
bc25_586,bc25
bc25_587,bc25
bc25_588,bc25
bc25_589,bc25
bc25_590,bc25
bc25_591,bc25
bc25_592,bc25
bc25_593,bc25
bc25_594,bc25
bc25_595,bc25
bc25_596,bc25
bc25_597,bc25
bc25_598,bc25
bc25_599,bc25
bc25_600,bc25
bc25_601,bc25
bc25_602,bc25
bc25_603,bc25
bc25_604,bc25
bc25_605,bc25
bc25_606,bc25
bc25_607,bc25
bc25_608,bc25
bc25_609,bc25
bc25_610,bc25
bc25_611,bc25
bc25_612,bc25
bc25_613,bc25
bc25_614,bc25
bc25_615,bc25
bc25_616,bc25
bc25_617,bc25
bc25_618,bc25
bc25_619,bc25
bc25_620,bc25
bc25_621,bc25
bc25_622,bc25
bc25_623,bc25
bc25_624,bc25
bc25_625,bc25
bc25_626,bc25
bc25_627,bc25
bc25_628,bc25
bc25_629,bc25
bc25_630,bc25
bc25_631,bc25
bc25_632,bc25
bc25_633,bc25
bc25_634,bc25
bc25_635,bc25
bc25_636,bc25
bc25_637,bc25
bc25_638,bc25
bc25_639,bc25
bc25_640,bc25
bc25_641,bc25
bc25_642,bc25
bc25_643,bc25
bc25_644,bc25
bc25_645,bc25
bc25_646,bc25
bc25_647,bc25
bc25_648,bc25
bc25_649,bc25
bc25_650,bc25
bc25_651,bc25
bc25_652,bc25
bc25_653,bc25
bc25_654,bc25
bc25_655,bc25
bc25_656,bc25
bc25_657,bc25
bc25_658,bc25
bc25_659,bc25
bc25_660,bc25
bc25_661,bc25
bc25_662,bc25
bc25_663,bc25
bc25_664,bc25
bc25_665,bc25
bc25_666,bc25
bc25_667,bc25
bc25_668,bc25
bc25_669,bc25
bc25_670,bc25
bc25_671,bc25
bc25_672,Multiplet
bc25_673,bc25
bc25_674,bc25
bc25_675,bc25
bc25_676,bc25
bc25_677,bc25
bc25_678,bc25
bc25_679,bc25
bc25_680,bc25
bc25_681,bc25
bc25_682,bc25
bc25_683,bc25
bc25_684,bc25
bc25_685,bc25
bc25_686,bc25
bc25_687,bc25
bc25_688,bc25
bc25_689,bc25
bc25_690,bc25
bc25_691,bc25
bc25_692,bc25
bc25_693,bc25
bc25_694,bc25
bc25_695,bc25
bc25_696,bc25
bc25_697,bc25
bc25_698,bc25
bc25_699,bc25
bc25_700,bc25
bc25_701,bc25
bc25_702,bc25
bc25_703,bc25
bc25_704,bc25
bc25_705,bc25
bc25_706,bc25
bc25_707,bc25
bc25_708,bc25
bc25_709,bc25
bc25_710,bc25
bc25_711,bc25
bc25_712,bc25
bc25_713,bc25
bc25_714,bc25
bc25_715,bc25
bc25_716,bc25
bc25_717,bc25
bc25_718,bc25
bc25_719,bc25
bc25_720,bc25
bc25_721,bc25
bc25_722,bc25
bc25_723,bc25
bc25_724,bc25
bc25_725,bc25
bc25_726,bc25
bc25_727,bc25
bc25_728,bc25
bc25_729,bc25
bc25_730,bc25
bc25_731,bc25
bc25_732,bc25
bc25_733,bc25
bc25_734,bc25
bc25_735,bc25
bc25_736,bc25
bc25_737,bc25
bc25_738,bc25
bc25_739,bc25
bc25_740,bc25
bc25_741,bc25
bc25_742,bc25
bc25_743,bc25
bc25_744,bc25
bc25_745,bc25
bc25_746,bc25
bc25_747,bc25
bc25_748,bc25
bc25_749,bc25
bc25_750,bc25
bc25_751,bc25
bc25_752,bc25
bc25_753,bc25
bc25_754,bc25
bc25_755,bc25
bc25_756,bc25
bc25_757,bc25
bc25_758,bc25
bc25_759,bc25
bc25_760,bc25
bc25_761,bc25
bc25_762,bc25
bc25_763,bc25
bc25_764,bc25
bc25_765,bc25
bc25_766,bc25
bc25_767,bc25
bc25_768,bc25
bc25_769,bc25
bc25_770,bc25
bc25_771,bc25
bc25_772,bc25
bc25_773,bc25
bc25_774,bc25
bc25_775,bc25
bc25_776,bc25
bc25_777,bc25
bc25_778,bc25
bc25_779,bc25
bc25_780,bc25
bc25_781,bc25
bc25_782,bc25
bc25_783,bc25
bc25_784,bc25
bc25_785,bc25
bc25_786,bc25
bc25_787,bc25
bc25_788,bc25
bc25_789,bc25
bc25_790,bc25
bc25_791,bc25
bc25_792,bc25
bc25_793,bc25
bc25_794,bc25
bc25_795,bc25
bc25_796,bc25
bc25_797,bc25
bc25_798,bc25
bc25_799,bc25
bc25_800,bc25
bc25_801,bc25
bc25_802,bc25
bc25_803,bc25
bc25_804,bc25
bc25_805,bc25
bc25_806,bc25
bc25_807,bc25
bc25_808,bc25
bc25_809,bc25
bc25_810,bc25
bc25_811,bc25
bc25_812,bc25
bc25_813,bc25
bc25_814,bc25
bc25_815,bc25
bc25_816,bc25
bc25_817,bc25
bc25_818,bc25
bc25_819,bc25
bc25_820,bc25
bc25_821,bc25
bc25_822,bc25
bc25_823,bc25
bc25_824,bc25
bc25_825,bc25
bc25_826,bc25
bc25_827,bc25
bc25_828,bc25
bc25_829,bc25
bc25_830,bc25
bc25_831,bc25
bc25_832,bc25
bc25_833,bc25
bc25_834,bc25
bc25_835,bc25
bc25_836,bc25
bc25_837,bc25
bc25_838,bc25
bc25_839,bc25
bc25_840,bc25
bc25_841,bc25
bc25_842,bc25
bc25_843,bc25
bc25_844,bc25
bc25_845,bc25
bc25_846,bc25
bc25_847,bc25
bc25_848,bc25
bc25_849,bc25
bc25_850,bc25
bc25_851,bc25
bc25_852,bc25
bc25_853,bc25
bc25_854,bc25
bc25_855,bc25
bc25_856,bc25
bc25_857,bc25
bc25_858,bc25
bc25_859,bc25
bc25_860,bc25
bc25_861,bc25
bc25_862,bc25
bc25_863,bc25
bc25_864,bc25
bc25_865,bc25
bc25_866,bc25
bc25_867,bc25
bc25_868,bc25
bc25_869,bc25
bc25_870,bc25
bc25_871,bc25
bc25_872,bc25
bc25_873,bc25
bc25_874,bc25
bc25_875,bc25
bc25_876,bc25
bc25_877,bc25
bc25_878,bc25
bc25_879,bc25
bc25_880,bc25
bc25_881,bc25
bc25_882,bc25
bc25_883,bc25
bc25_884,bc25
bc25_885,bc25
bc25_886,bc25
bc25_887,bc25
bc25_888,bc25
bc25_889,Negative
bc25_890,bc25
bc25_891,bc25
bc25_892,bc25
bc25_893,bc25
bc25_894,bc25
bc25_895,bc25
bc25_896,bc25
bc25_897,bc25
bc25_898,bc25
bc25_899,bc25
bc25_900,bc25
bc25_901,bc25
bc25_902,bc25
bc25_903,bc25
bc25_904,bc25
bc25_905,bc25
bc25_906,bc25
bc25_907,bc25
bc25_908,bc25
bc25_909,bc25
bc25_910,bc25
bc25_911,bc25
bc25_912,bc25
bc25_913,bc25
bc25_914,bc25
bc25_915,bc25
bc25_916,bc25
bc25_917,bc25
bc25_918,bc25
bc25_919,bc25
bc25_920,bc25
bc25_921,bc25
bc25_922,bc25
bc25_923,bc25
bc25_924,bc25
bc25_925,bc25
bc25_926,bc25
bc25_927,bc25
bc25_928,bc25
bc25_929,bc25
bc25_930,bc25
bc25_931,bc25
bc25_932,bc25
bc25_933,bc25
bc25_934,bc25
bc25_935,bc25
bc25_936,bc25
bc25_937,bc25
bc25_938,bc25
bc25_939,bc25
bc25_940,bc25
bc25_941,bc25
bc25_942,bc25
bc25_943,bc25
bc25_944,bc25
bc25_945,bc25
bc25_946,bc25
bc25_947,bc25
bc25_948,bc25
bc25_949,bc25
bc25_950,bc25
bc25_951,bc25
bc25_952,bc25
bc25_953,bc25
bc25_954,bc25
bc25_955,bc25
bc25_956,bc25
bc25_957,bc25
bc25_958,bc25
bc25_959,bc25
bc25_960,bc25
bc25_961,bc25
bc25_962,bc25
bc25_963,bc25
bc25_964,bc25
bc25_965,bc25
bc25_966,bc25
bc25_967,bc25
bc25_968,bc25
bc25_969,bc25
bc25_970,bc25
bc25_971,bc25
bc25_972,bc25
bc25_973,bc25
bc25_974,bc25
bc25_975,bc25
bc25_976,bc25
bc25_977,bc25
bc25_978,bc25
bc25_979,bc25
bc25_980,bc25
bc25_981,bc25
bc25_982,bc25
bc25_983,bc25
bc25_984,bc25
bc25_985,bc25
bc25_986,bc25
bc25_987,bc25
bc25_988,bc25
bc25_989,bc25
bc25_990,bc25
bc25_991,bc25
bc25_992,bc25
bc25_993,bc25
bc25_994,bc25
bc25_995,bc25
bc25_996,bc25
bc25_997,bc25
bc25_998,bc25
bc25_999,bc25
bc25_1000,bc25
bc25_1001,bc25
bc25_1002,bc25
bc25_1003,bc25
bc25_1004,bc25
bc25_1005,bc25
bc25_1006,bc25
bc25_1007,bc25
bc25_1008,bc25
bc25_1009,bc25
bc25_1010,bc25
bc25_1011,bc25
bc25_1012,bc25
bc25_1013,bc25
bc25_1014,bc25
bc25_1015,bc25
bc25_1016,bc25
bc25_1017,bc25
bc25_1018,bc25
bc25_1019,bc25
bc25_1020,bc25
bc25_1021,bc25
bc25_1022,bc25
bc25_1023,bc25
bc25_1024,bc25
bc25_1025,bc25
bc25_1026,bc25
bc25_1027,bc25
bc25_1028,bc25
bc25_1029,bc25
bc25_1030,bc25
bc25_1031,bc25
bc25_1032,bc25
bc25_1033,bc25
bc25_1034,bc25
bc25_1035,bc25
bc25_1036,bc25
bc25_1037,bc25
bc25_1038,bc25
bc25_1039,bc25
bc25_1040,bc25
bc25_1041,bc25
bc25_1042,bc25
bc25_1043,bc25
bc25_1044,bc25
bc25_1045,bc25
bc25_1046,bc25
bc25_1047,bc25
bc25_1048,bc25
bc25_1049,bc25
bc25_1050,bc25
bc25_1051,bc25
bc25_1052,bc25
bc25_1053,bc25
bc25_1054,bc25
bc25_1055,bc25
bc25_1056,bc25
bc25_1057,bc25
bc25_1058,bc25
bc25_1059,bc25
bc25_1060,bc25
bc25_1061,bc25
bc25_1062,bc25
bc25_1063,bc25
bc25_1064,bc25
bc25_1065,bc25
bc25_1066,bc25
bc25_1067,bc25
bc25_1068,bc25
bc25_1069,bc25
bc25_1070,bc25
bc25_1071,bc25
bc25_1072,bc25
bc25_1073,bc25
bc25_1074,bc25
bc25_1075,bc25
bc25_1076,bc25
bc25_1077,bc25
bc25_1078,bc25
bc25_1079,bc25
bc25_1080,bc25
bc25_1081,bc25
bc25_1082,bc25
bc25_1083,bc25
bc25_1084,bc25
bc25_1085,bc25
bc25_1086,bc25
bc25_1087,bc25
bc25_1088,bc25
bc25_1089,bc25
bc25_1090,bc25
bc25_1091,bc25
bc25_1092,bc25
bc25_1093,bc25
bc25_1094,bc25
bc25_1095,bc25
bc25_1096,bc25
bc25_1097,bc25
bc25_1098,bc25
bc25_1099,bc25
bc25_1100,bc25
bc25_1101,bc25
bc25_1102,bc25
bc25_1103,bc25
bc25_1104,bc25
bc25_1105,bc25
bc25_1106,bc25
bc25_1107,bc25
bc25_1108,bc25
bc25_1109,bc25
bc25_1110,bc25
bc25_1111,bc25
bc25_1112,bc25
bc25_1113,bc25
bc25_1114,bc25
bc25_1115,bc25
bc25_1116,bc25
bc25_1117,bc25
bc25_1118,bc25
bc25_1119,bc25
bc25_1120,bc25
bc25_1121,bc25
bc25_1122,bc25
bc25_1123,bc25
bc25_1124,bc25
bc25_1125,bc25
bc25_1126,bc25
bc25_1127,bc25
bc25_1128,bc25
bc25_1129,bc25
bc25_1130,bc25
bc25_1131,bc25
bc25_1132,bc25
bc25_1133,bc25
bc25_1134,bc25
bc25_1135,bc25
bc25_1136,bc25
bc25_1137,bc25
bc25_1138,bc25
bc25_1139,bc25
bc25_1140,bc25
bc25_1141,bc25
bc25_1142,bc25
bc25_1143,bc25
bc25_1144,bc25
bc25_1145,bc25
bc25_1146,bc25
bc25_1147,bc25
bc25_1148,bc25
bc25_1149,bc25
bc25_1150,bc25
bc25_1151,bc25
bc25_1152,bc25
bc25_1153,bc25
bc25_1154,bc25
bc25_1155,bc25
bc25_1156,bc25
bc25_1157,bc25
bc25_1158,bc25
bc25_1159,bc25
bc25_1160,bc25
bc25_1161,bc25
bc25_1162,bc25
bc25_1163,bc25
bc25_1164,bc25
bc25_1165,bc25
bc25_1166,bc25
bc25_1167,bc25
bc25_1168,bc25
bc25_1169,bc25
bc25_1170,bc25
bc25_1171,bc25
bc25_1172,bc25
bc25_1173,bc25
bc25_1174,bc25
bc25_1175,bc25
bc25_1176,bc25
bc25_1177,bc25
bc25_1178,bc25
bc25_1179,bc25
bc25_1180,bc25
bc25_1181,bc25
bc25_1182,bc25
bc25_1183,bc25
bc25_1184,bc25
bc25_1185,bc25
bc25_1186,bc25
bc25_1187,bc25
bc25_1188,bc25
bc25_1189,bc25
bc25_1190,bc25
bc25_1191,bc25
bc25_1192,bc25
bc25_1193,bc25
bc25_1194,bc25
bc25_1195,bc25
bc25_1196,bc25
bc25_1197,bc25
bc25_1198,bc25
bc25_1199,Multiplet
bc25_1200,bc25
bc25_1201,bc25
bc25_1202,bc25
bc25_1203,bc25
bc25_1204,bc25
bc25_1205,bc25
bc25_1206,bc25
bc25_1207,bc25
bc25_1208,bc25
bc25_1209,bc25
bc25_1210,bc25
bc25_1211,bc25
bc25_1212,bc25
bc25_1213,bc25
bc25_1214,bc25
bc25_1215,bc25
bc25_1216,bc25
bc25_1217,bc25
bc25_1218,bc25
bc25_1219,bc25
bc25_1220,bc25
bc25_1221,bc25
bc25_1222,bc25
bc25_1223,bc25
bc25_1224,bc25
bc25_1225,bc25
bc25_1226,bc25
bc25_1227,bc25
bc25_1228,bc25
bc25_1229,bc25
bc25_1230,bc25
bc25_1231,bc25
bc25_1232,bc25
bc25_1233,bc25
bc25_1234,bc25
bc25_1235,bc25
bc25_1236,bc25
bc25_1237,bc25
bc25_1238,bc25
bc25_1239,bc25
bc25_1240,bc25
bc25_1241,bc25
bc25_1242,bc25
bc25_1243,bc25
bc25_1244,bc25
bc25_1245,bc25
bc25_1246,bc25
bc25_1247,bc25
bc25_1248,bc25
bc25_1249,bc25
bc25_1250,bc25
bc25_1251,bc25
bc25_1252,bc25
bc25_1253,bc25
bc25_1254,bc25
bc25_1255,bc25
bc25_1256,bc25
bc25_1257,bc25
bc25_1258,bc25
bc25_1259,bc25
bc25_1260,bc25
bc25_1261,bc25
bc25_1262,bc25
bc25_1263,bc25
bc25_1264,bc25
bc25_1265,bc25
bc25_1266,bc25
bc25_1267,Multiplet
bc25_1268,bc25
bc25_1269,bc25
bc25_1270,bc25
bc25_1271,bc25
bc25_1272,bc25
bc25_1273,bc25
bc25_1274,bc25
bc25_1275,bc25
bc25_1276,bc25
bc25_1277,bc25
bc25_1278,bc25
bc25_1279,bc25
bc25_1280,bc25
bc25_1281,bc25
bc25_1282,bc25
bc25_1283,bc25
bc25_1284,bc25
bc25_1285,bc25
bc25_1286,bc25
bc25_1287,bc25
bc25_1288,bc25
bc25_1289,bc25
bc25_1290,bc25
bc25_1291,bc25
bc25_1292,bc25
bc25_1293,bc25
bc25_1294,bc25
bc25_1295,bc25
bc25_1296,bc25
bc25_1297,bc25
bc25_1298,bc25
bc25_1299,bc25
bc25_1300,bc25
bc25_1301,bc25
bc25_1302,bc25
bc25_1303,bc25
bc25_1304,bc25
bc25_1305,bc25
bc25_1306,bc25
bc25_1307,bc25
bc25_1308,bc25
bc25_1309,bc25
bc25_1310,bc25
bc25_1311,bc25
bc25_1312,bc25
bc25_1313,bc25
bc25_1314,bc25
bc25_1315,bc25
bc25_1316,bc25
bc25_1317,bc25
bc25_1318,bc25
bc25_1319,bc25
bc25_1320,bc25
bc25_1321,bc25
bc25_1322,bc25
bc25_1323,bc25
bc25_1324,bc25
bc25_1325,bc25
bc25_1326,bc25
bc25_1327,bc25
bc25_1328,bc25
bc25_1329,bc25
bc25_1330,bc25
bc25_1331,bc25
bc25_1332,bc25
bc25_1333,bc25
bc25_1334,bc25
bc25_1335,bc25
bc25_1336,bc25
bc25_1337,bc25
bc25_1338,bc25
bc25_1339,bc25
bc25_1340,bc25
bc25_1341,bc25
bc25_1342,bc25
bc25_1343,bc25
bc25_1344,bc25
bc25_1345,bc25
bc25_1346,bc25
bc25_1347,bc25
bc25_1348,bc25
bc25_1349,bc25
bc25_1350,bc25
bc25_1351,bc25
bc25_1352,bc25
bc25_1353,bc25
bc25_1354,bc25
bc25_1355,bc25
bc25_1356,bc25
bc25_1357,bc25
bc25_1358,bc25
bc25_1359,bc25
bc25_1360,bc25
bc25_1361,bc25
bc25_1362,bc25
bc25_1363,bc25
bc25_1364,bc25
bc25_1365,bc25
bc25_1366,bc25
bc25_1367,bc25
bc25_1368,bc25
bc25_1369,bc25
bc25_1370,bc25
bc25_1371,bc25
bc25_1372,bc25
bc25_1373,bc25
bc25_1374,bc25
bc25_1375,bc25
bc25_1376,bc25
bc25_1377,bc25
bc25_1378,bc25
bc25_1379,bc25
bc25_1380,bc25
bc25_1381,bc25
bc25_1382,bc25
bc25_1383,bc25
bc25_1384,bc25
bc25_1385,bc25
bc25_1386,bc25
bc25_1387,bc25
bc25_1388,bc25
bc25_1389,bc25
bc25_1390,bc25
bc25_1391,bc25
bc25_1392,bc25
bc25_1393,bc25
bc25_1394,bc25
bc25_1395,bc25
bc25_1396,bc25
bc25_1397,bc25
bc25_1398,bc25
bc25_1399,bc25
bc25_1400,bc25
bc25_1401,bc25
bc25_1402,bc25
bc25_1403,bc25
bc25_1404,bc25
bc25_1405,bc25
bc25_1406,bc25
bc25_1407,bc25
bc25_1408,bc25
bc25_1409,bc25
bc25_1410,bc25
bc25_1411,bc25
bc25_1412,bc25
bc25_1413,bc25
bc25_1414,bc25
bc25_1415,bc25
bc25_1416,bc25
bc25_1417,bc25
bc25_1418,bc25
bc25_1419,bc25
bc25_1420,bc25
bc25_1421,bc25
bc25_1422,bc25
bc25_1423,bc25
bc25_1424,bc25
bc25_1425,bc25
bc25_1426,bc25
bc25_1427,bc25
bc25_1428,bc25
bc25_1429,bc25
bc25_1430,bc25
bc25_1431,bc25
bc25_1432,bc25
bc25_1433,bc25
bc25_1434,bc25
bc25_1435,bc25
bc25_1436,bc25
bc25_1437,bc25
bc25_1438,bc25
bc25_1439,bc25
bc25_1440,bc25
bc25_1441,bc25
bc25_1442,bc25
bc25_1443,bc25
bc25_1444,bc25
bc25_1445,bc25
bc25_1446,bc25
bc25_1447,bc25
bc25_1448,bc25
bc25_1449,bc25
bc25_1450,bc25
bc25_1451,bc25
bc25_1452,bc25
bc25_1453,bc25
bc25_1454,bc25
bc25_1455,bc25
bc25_1456,bc25
bc25_1457,bc25
bc25_1458,bc25
bc25_1459,bc25
bc25_1460,bc25
bc25_1461,bc25
bc25_1462,bc25
bc25_1463,bc25
bc25_1464,bc25
bc25_1465,bc25
bc25_1466,bc25
bc25_1467,bc25
bc25_1468,bc25
bc25_1469,bc25
bc25_1470,bc25
bc25_1471,bc25
bc25_1472,bc25
bc25_1473,bc25
bc25_1474,bc25
bc25_1475,bc25
bc25_1476,bc25
bc25_1477,bc25
bc25_1478,bc25
bc25_1479,bc25
bc25_1480,bc25
bc25_1481,bc25
bc25_1482,bc25
bc25_1483,bc25
bc25_1484,bc25
bc25_1485,bc25
bc25_1486,bc25
bc25_1487,bc25
bc25_1488,bc25
bc25_1489,bc25
bc25_1490,bc25
bc25_1491,bc25
bc25_1492,bc25
bc25_1493,bc25
bc25_1494,bc25
bc25_1495,bc25
bc25_1496,bc25
bc25_1497,bc25
bc25_1498,bc25
bc25_1499,bc25
bc25_1500,bc25
bc25_1501,bc25
bc25_1502,bc25
bc25_1503,bc25
bc25_1504,bc25
bc25_1505,bc25
bc25_1506,bc25
bc25_1507,bc25
bc25_1508,bc25
bc25_1509,bc25
bc25_1510,bc25
bc25_1511,bc25
bc25_1512,bc25
bc25_1513,bc25
bc25_1514,bc25
bc25_1515,bc25
bc25_1516,bc25
bc25_1517,bc25
bc25_1518,bc25
bc25_1519,bc25
bc25_1520,bc25
bc25_1521,bc25
bc25_1522,bc25
bc25_1523,bc25
bc25_1524,bc25
bc25_1525,bc25
bc25_1526,bc25
bc25_1527,bc25
bc25_1528,bc25
bc25_1529,bc25
bc25_1530,bc25
bc25_1531,bc25
bc25_1532,bc25
bc25_1533,bc25
bc25_1534,bc25
bc25_1535,bc25
bc25_1536,bc25
bc25_1537,bc25
bc25_1538,bc25
bc25_1539,bc25
bc25_1540,bc25
bc25_1541,bc25
bc25_1542,bc25
bc25_1543,bc25
bc25_1544,bc25
bc25_1545,bc25
bc25_1546,bc25
bc25_1547,bc25
bc25_1548,bc25
bc25_1549,bc25
bc25_1550,bc25
bc25_1551,bc25
bc25_1552,bc25
bc25_1553,bc25
bc25_1554,bc25
bc25_1555,bc25
bc25_1556,bc25
bc25_1557,bc25
bc25_1558,bc25
bc25_1559,bc25
bc25_1560,bc25
bc25_1561,bc25
bc25_1562,bc25
bc25_1563,bc25
bc25_1564,bc25
bc25_1565,bc25
bc25_1566,bc25
bc25_1567,bc25
bc25_1568,bc25
bc25_1569,bc25
bc25_1570,bc25
bc25_1571,bc25
bc25_1572,bc25
bc25_1573,bc25
bc25_1574,bc25
bc25_1575,bc25
bc25_1576,bc25
bc25_1577,bc25
bc25_1578,bc25
bc25_1579,bc25
bc25_1580,bc25
bc25_1581,bc25
bc25_1582,bc25
bc25_1583,bc25
bc25_1584,bc25
bc25_1585,bc25
bc25_1586,bc25
bc25_1587,bc25
bc25_1588,bc25
bc25_1589,bc25
bc25_1590,bc25
bc25_1591,bc25
bc25_1592,bc25
bc25_1593,bc25
bc25_1594,bc25
bc25_1595,bc25
bc25_1596,bc25
bc25_1597,bc25
bc25_1598,bc25
bc25_1599,bc25
bc25_1600,bc25
bc25_1601,bc25
bc25_1602,bc25
bc25_1603,bc25
bc25_1604,bc25
bc25_1605,bc25
bc25_1606,bc25
bc25_1607,bc25
bc25_1608,bc25
bc25_1609,bc25
bc25_1610,bc25
bc25_1611,bc25
bc25_1612,bc25
bc25_1613,bc25
bc25_1614,bc25
bc25_1615,bc25
bc25_1616,bc25
bc25_1617,bc25
bc25_1618,bc25
bc25_1619,bc25
bc25_1620,bc25
bc25_1621,bc25
bc25_1622,bc25
bc25_1623,bc25
bc25_1624,bc25
bc25_1625,bc25
bc25_1626,bc25
bc25_1627,bc25
bc25_1628,bc25
bc25_1629,bc25
bc25_1630,bc25
bc25_1631,bc25
bc25_1632,bc25
bc25_1633,bc25
bc25_1634,bc25
bc25_1635,bc25
bc25_1636,bc25
bc25_1637,bc25
bc25_1638,bc25
bc25_1639,bc25
bc25_1640,bc25
bc25_1641,bc25
bc25_1642,bc25
bc25_1643,bc25
bc25_1644,bc25
bc25_1645,bc25
bc25_1646,bc25
bc25_1647,bc25
bc25_1648,bc25
bc25_1649,bc25
bc25_1650,bc25
bc25_1651,bc25
bc25_1652,bc25
bc25_1653,bc25
bc25_1654,bc25
bc25_1655,bc25
bc25_1656,bc25
bc25_1657,bc25
bc25_1658,bc25
bc25_1659,bc25
bc25_1660,bc25
bc25_1661,bc25
bc25_1662,bc25
bc25_1663,bc25
bc25_1664,bc25
bc25_1665,bc25
bc25_1666,bc25
bc25_1667,bc25
bc25_1668,bc25
bc25_1669,bc25
bc25_1670,bc25
bc25_1671,bc25
bc25_1672,bc25
bc25_1673,bc25
bc25_1674,bc25
bc25_1675,bc25
bc25_1676,bc25
bc25_1677,bc25
bc25_1678,bc25
bc25_1679,bc25
bc25_1680,bc25
bc25_1681,bc25
bc25_1682,bc25
bc25_1683,bc25
bc25_1684,bc25
bc25_1685,bc25
bc25_1686,bc25
bc25_1687,bc25
bc25_1688,bc25
bc25_1689,bc25
bc25_1690,bc25
bc25_1691,bc25
bc25_1692,bc25
bc25_1693,bc25
bc25_1694,bc25
bc25_1695,bc25
bc25_1696,bc25
bc25_1697,bc25
bc25_1698,bc25
bc25_1699,bc25
bc25_1700,bc25
bc25_1701,bc25
bc25_1702,bc25
bc25_1703,bc25
bc25_1704,bc25
bc25_1705,bc25
bc25_1706,bc25
bc25_1707,bc25
bc25_1708,bc25
bc25_1709,bc25
bc25_1710,bc25
bc25_1711,bc25
bc25_1712,bc25
bc25_1713,bc25
bc25_1714,bc25
bc25_1715,bc25
bc25_1716,bc25
bc25_1717,bc25
bc25_1718,bc25
bc25_1719,bc25
bc25_1720,bc25
bc25_1721,bc25
bc25_1722,bc25
bc25_1723,bc25
bc25_1724,bc25
bc25_1725,bc25
bc25_1726,bc25
bc25_1727,bc25
bc25_1728,bc25
bc25_1729,bc25
bc25_1730,bc25
bc25_1731,bc25
bc25_1732,bc25
bc25_1733,bc25
bc25_1734,bc25
bc25_1735,bc25
bc25_1736,bc25
bc25_1737,bc25
bc25_1738,bc25
bc25_1739,bc25
bc25_1740,bc25
bc25_1741,bc25
bc25_1742,bc25
bc25_1743,bc25
bc25_1744,bc25
bc25_1745,bc25
bc25_1746,bc25
bc25_1747,bc25
bc25_1748,bc25
bc25_1749,bc25
bc25_1750,bc25
bc25_1751,bc25
bc25_1752,bc25
bc25_1753,bc25
bc25_1754,bc25
bc25_1755,bc25
bc25_1756,bc25
bc25_1757,bc25
bc25_1758,bc25
bc25_1759,bc25
bc25_1760,bc25
bc25_1761,bc25
bc25_1762,bc25
bc25_1763,bc25
bc25_1764,bc25
bc25_1765,bc25
bc25_1766,bc25
bc25_1767,bc25
bc25_1768,bc25
bc25_1769,bc25
bc25_1770,bc25
bc25_1771,bc25
bc25_1772,bc25
bc25_1773,bc25
bc25_1774,bc25
bc25_1775,bc25
bc25_1776,bc25
bc25_1777,bc25
bc25_1778,bc25
bc25_1779,bc25
bc25_1780,bc25
bc25_1781,bc25
bc25_1782,bc25
bc25_1783,bc25
bc25_1784,bc25
bc25_1785,bc25
bc25_1786,bc25
bc25_1787,bc25
bc25_1788,bc25
bc25_1789,bc25
bc25_1790,bc25
bc25_1791,bc25
bc25_1792,bc25
bc25_1793,bc25
bc25_1794,bc25
bc25_1795,bc25
bc25_1796,bc25
bc25_1797,bc25
bc25_1798,bc25
bc25_1799,bc25
bc25_1800,bc25
bc25_1801,bc25
bc25_1802,bc25
bc25_1803,bc25
bc25_1804,bc25
bc25_1805,bc25
bc25_1806,bc25
bc25_1807,bc25
bc25_1808,bc25
bc25_1809,bc25
bc25_1810,bc25
bc25_1811,bc25
bc25_1812,bc25
bc25_1813,bc25
bc25_1814,bc25
bc25_1815,bc25
bc25_1816,bc25
bc25_1817,bc25
bc25_1818,bc25
bc25_1819,bc25
bc25_1820,bc25
bc25_1821,bc25
bc25_1822,bc25
bc25_1823,bc25
bc25_1824,bc25
bc25_1825,bc25
bc25_1826,bc25
bc25_1827,bc25
bc25_1828,bc25
bc25_1829,bc25
bc25_1830,bc25
bc25_1831,bc25
bc25_1832,bc25
bc25_1833,bc25
bc25_1834,bc25
bc25_1835,bc25
bc25_1836,bc25
bc25_1837,bc25
bc25_1838,bc25
bc25_1839,bc25
bc25_1840,bc25
bc25_1841,bc25
bc25_1842,bc25
bc25_1843,bc25
bc25_1844,bc25
bc25_1845,bc25
bc25_1846,bc25
bc25_1847,bc25
bc25_1848,bc25
bc25_1849,Multiplet
bc25_1850,bc25
bc25_1851,bc25
bc25_1852,bc25
bc25_1853,bc25
bc25_1854,bc25
bc25_1855,bc25
bc25_1856,bc25
bc25_1857,bc25
bc25_1858,bc25
bc25_1859,bc25
bc25_1860,bc25
bc25_1861,bc25
bc25_1862,bc25
bc25_1863,bc25
bc25_1864,bc25
bc25_1865,bc25
bc25_1866,bc25
bc25_1867,bc25
bc25_1868,bc25
bc25_1869,bc25
bc25_1870,bc25
bc25_1871,bc25
bc25_1872,bc25
bc25_1873,bc25
bc25_1874,bc25
bc25_1875,bc25
bc25_1876,bc25
bc25_1877,bc25
bc25_1878,bc25
bc25_1879,bc25
bc25_1880,bc25
bc25_1881,bc25
bc25_1882,bc25
bc25_1883,bc25
bc25_1884,bc25
bc25_1885,bc25
bc25_1886,bc25
bc25_1887,bc25
bc25_1888,bc25
bc25_1889,bc25
bc25_1890,bc25
bc25_1891,bc25
bc25_1892,bc25
bc25_1893,bc25
bc25_1894,bc25
bc25_1895,bc25
bc25_1896,bc25
bc25_1897,bc25
bc25_1898,bc25
bc25_1899,bc25
bc25_1900,bc25
bc25_1901,bc25
bc25_1902,bc25
bc25_1903,bc25
bc25_1904,bc25
bc25_1905,bc25
bc25_1906,bc25
bc25_1907,bc25
bc25_1908,bc25
bc25_1909,bc25
bc25_1910,bc25
bc25_1911,bc25
bc25_1912,bc25
bc25_1913,bc25
bc25_1914,bc25
bc25_1915,bc25
bc25_1916,bc25
bc25_1917,bc25
bc25_1918,bc25
bc25_1919,bc25
bc25_1920,bc25
bc25_1921,bc25
bc25_1922,bc25
bc25_1923,bc25
bc25_1924,bc25
bc25_1925,bc25
bc25_1926,bc25
bc25_1927,bc25
bc25_1928,bc25
bc25_1929,bc25
bc25_1930,bc25
bc25_1931,bc25
bc25_1932,bc25
bc25_1933,bc25
bc25_1934,bc25
bc25_1935,bc25
bc25_1936,bc25
bc25_1937,Multiplet
bc25_1938,bc25
bc25_1939,bc25
bc25_1940,bc25
bc25_1941,bc25
bc25_1942,bc25
bc25_1943,bc25
bc25_1944,bc25
bc25_1945,bc25
bc25_1946,bc25
bc25_1947,bc25
bc25_1948,bc25
bc25_1949,bc25
bc25_1950,bc25
bc25_1951,bc25
bc25_1952,bc25
bc25_1953,bc25
bc25_1954,bc25
bc25_1955,bc25
bc25_1956,bc25
bc25_1957,bc25
bc25_1958,bc25
bc25_1959,bc25
bc25_1960,bc25
bc25_1961,bc25
bc25_1962,bc25
bc25_1963,bc25
bc25_1964,bc25
bc25_1965,bc25
bc25_1966,bc25
bc25_1967,bc25
bc25_1968,bc25
bc25_1969,bc25
bc25_1970,bc25
bc25_1971,bc25
bc25_1972,bc25
bc25_1973,bc25
bc25_1974,bc25
bc25_1975,bc25
bc25_1976,bc25
bc25_1977,bc25
bc25_1978,bc25
bc25_1979,bc25
bc25_1980,bc25
bc25_1981,bc25
bc25_1982,bc25
bc25_1983,bc25
bc25_1984,bc25
bc25_1985,bc25
bc25_1986,bc25
bc25_1987,bc25
bc25_1988,bc25
bc25_1989,bc25
bc25_1990,bc25
bc25_1991,bc25
bc25_1992,bc25
bc25_1993,bc25
bc25_1994,bc25
bc25_1995,bc25
bc25_1996,bc25
bc25_1997,bc25
bc25_1998,bc25
bc25_1999,bc25
bc25_2000,bc25
bc25_2001,bc25
bc25_2002,bc25
bc25_2003,bc25
bc25_2004,bc25
bc25_2005,bc25
bc25_2006,bc25
bc25_2007,bc25
bc25_2008,bc25
bc25_2009,bc25
bc25_2010,bc25
bc25_2011,bc25
bc25_2012,bc25
bc25_2013,bc25
bc25_2014,bc25
bc25_2015,bc25
bc25_2016,bc25
bc25_2017,bc25
bc25_2018,bc25
bc25_2019,bc25
bc25_2020,bc25
bc25_2021,bc25
bc25_2022,bc25
bc25_2023,bc25
bc25_2024,bc25
bc25_2025,bc25
bc25_2026,bc25
bc25_2027,bc25
bc25_2028,bc25
bc25_2029,bc25
bc25_2030,bc25
bc25_2031,bc25
bc25_2032,bc25
bc25_2033,bc25
bc25_2034,bc25
bc25_2035,bc25
bc25_2036,bc25
bc25_2037,bc25
bc25_2038,bc25
bc25_2039,bc25
bc25_2040,bc25
bc25_2041,bc25
bc25_2042,bc25
bc25_2043,bc25
bc25_2044,bc25
bc25_2045,bc25
bc25_2046,bc25
bc25_2047,bc25
bc25_2048,bc25
bc25_2049,bc25
bc25_2050,bc25
bc25_2051,bc25
bc25_2052,bc25
bc25_2053,bc25
bc25_2054,bc25
bc25_2055,bc25
bc25_2056,bc25
bc25_2057,bc25
bc25_2058,bc25
bc25_2059,bc25
bc25_2060,bc25
bc25_2061,bc25
bc25_2062,bc25
bc25_2063,bc25
bc25_2064,bc25
bc25_2065,bc25
bc25_2066,bc25
bc25_2067,bc25
bc25_2068,bc25
bc25_2069,bc25
bc25_2070,bc25
bc25_2071,bc25
bc25_2072,bc25
bc25_2073,bc25
bc25_2074,bc25
bc25_2075,bc25
bc25_2076,bc25
bc25_2077,bc25
bc25_2078,bc25
bc25_2079,bc25
bc25_2080,bc25
bc25_2081,bc25
bc25_2082,bc25
bc25_2083,bc25
bc25_2084,bc25
bc25_2085,bc25
bc25_2086,bc25
bc25_2087,bc25
bc25_2088,bc25
bc25_2089,bc25
bc25_2090,bc25
bc25_2091,bc25
bc25_2092,bc25
bc25_2093,bc25
bc25_2094,bc25
bc25_2095,bc25
bc25_2096,bc25
bc25_2097,bc25
bc25_2098,bc25
bc25_2099,bc25
bc25_2100,bc25
bc25_2101,bc25
bc25_2102,bc25
bc25_2103,bc25
bc25_2104,bc25
bc25_2105,bc25
bc25_2106,bc25
bc25_2107,bc25
bc25_2108,bc25
bc25_2109,bc25
bc25_2110,bc25
bc25_2111,bc25
bc25_2112,bc25
bc25_2113,bc25
bc25_2114,bc25
bc25_2115,bc25
bc25_2116,bc25
bc25_2117,bc25
bc25_2118,bc25
bc25_2119,bc25
bc25_2120,bc25
bc25_2121,bc25
bc25_2122,bc25
bc25_2123,bc25
bc25_2124,bc25
bc25_2125,bc25
bc25_2126,bc25
bc25_2127,bc25
bc25_2128,bc25
bc25_2129,bc25
bc25_2130,bc25
bc25_2131,bc25
bc25_2132,bc25
bc25_2133,bc25
bc25_2134,bc25
bc25_2135,bc25
bc25_2136,bc25
bc25_2137,bc25
bc25_2138,bc25
bc25_2139,bc25
bc25_2140,bc25
bc25_2141,bc25
bc25_2142,bc25
bc25_2143,bc25
bc25_2144,bc25
bc25_2145,bc25
bc25_2146,bc25
bc25_2147,bc25
bc25_2148,bc25
bc25_2149,bc25
bc25_2150,bc25
bc25_2151,bc25
bc25_2152,bc25
bc25_2153,bc25
bc25_2154,bc25
bc25_2155,bc25
bc25_2156,bc25
bc25_2157,bc25
bc25_2158,bc25
bc25_2159,bc25
bc25_2160,bc25
bc25_2161,bc25
bc25_2162,bc25
bc25_2163,bc25
bc25_2164,bc25
bc25_2165,bc25
bc25_2166,bc25
bc25_2167,bc25
bc25_2168,bc25
bc25_2169,bc25
bc25_2170,bc25
bc25_2171,bc25
bc25_2172,bc25
bc25_2173,bc25
bc25_2174,bc25
bc25_2175,bc25
bc25_2176,bc25
bc25_2177,bc25
bc25_2178,bc25
bc25_2179,bc25
bc25_2180,bc25
bc25_2181,bc25
bc25_2182,bc25
bc25_2183,bc25
bc25_2184,bc25
bc25_2185,bc25
bc25_2186,bc25
bc25_2187,bc25
bc25_2188,bc25
bc25_2189,bc25
bc25_2190,bc25
bc25_2191,bc25
bc25_2192,bc25
bc25_2193,bc25
bc25_2194,bc25
bc25_2195,bc25
bc25_2196,bc25
bc25_2197,bc25
bc25_2198,bc25
bc25_2199,bc25
bc25_2200,bc25
bc25_2201,bc25
bc25_2202,bc25
bc25_2203,bc25
bc25_2204,bc25
bc25_2205,bc25
bc25_2206,bc25
bc25_2207,bc25
bc25_2208,bc25
bc25_2209,bc25
bc25_2210,bc25
bc25_2211,bc25
bc25_2212,bc25
bc25_2213,bc25
bc25_2214,bc25
bc25_2215,bc25
bc25_2216,bc25
bc25_2217,bc25
bc25_2218,bc25
bc25_2219,bc25
bc25_2220,bc25
bc25_2221,bc25
bc25_2222,bc25
bc25_2223,bc25
bc25_2224,bc25
bc25_2225,bc25
bc25_2226,bc25
bc25_2227,bc25
bc25_2228,bc25
bc25_2229,bc25
bc25_2230,bc25
bc25_2231,bc25
bc25_2232,bc25
bc25_2233,bc25
bc25_2234,bc25
bc25_2235,bc25
bc25_2236,bc25
bc25_2237,bc25
bc25_2238,bc25
bc25_2239,bc25
bc25_2240,bc25
bc25_2241,bc25
bc25_2242,bc25
bc25_2243,bc25
bc25_2244,bc25
bc25_2245,bc25
bc25_2246,bc25
bc25_2247,bc25
bc25_2248,bc25
bc25_2249,bc25
bc25_2250,bc25
bc25_2251,bc25
bc25_2252,bc25
bc25_2253,bc25
bc25_2254,bc25
bc25_2255,bc25
bc25_2256,bc25
bc25_2257,bc25
bc25_2258,bc25
bc25_2259,bc25
bc25_2260,bc25
bc25_2261,bc25
bc25_2262,bc25
bc25_2263,bc25
bc25_2264,bc25
bc25_2265,bc25
bc25_2266,bc25
bc25_2267,bc25
bc25_2268,bc25
bc25_2269,bc25
bc25_2270,bc25
bc25_2271,bc25
bc25_2272,bc25
bc25_2273,bc25
bc25_2274,bc25
bc25_2275,bc25
bc25_2276,bc25
bc25_2277,bc25
bc25_2278,bc25
bc25_2279,bc25
bc25_2280,bc25
bc25_2281,bc25
bc25_2282,bc25
bc25_2283,bc25
bc25_2284,bc25
bc25_2285,bc25
bc25_2286,bc25
bc25_2287,bc25
bc25_2288,bc25
bc25_2289,bc25
bc25_2290,bc25
bc25_2291,bc25
bc25_2292,bc25
bc25_2293,bc25
bc25_2294,bc25
bc25_2295,bc25
bc25_2296,bc25
bc25_2297,bc25
bc25_2298,bc25
bc25_2299,bc25
bc25_2300,bc25
bc25_2301,bc25
bc25_2302,bc25
bc25_2303,bc25
bc25_2304,bc25
bc25_2305,bc25
bc25_2306,bc25
bc25_2307,bc25
bc25_2308,bc25
bc25_2309,bc25
bc25_2310,bc25
bc25_2311,bc25
bc25_2312,bc25
bc25_2313,bc25
bc25_2314,bc25
bc25_2315,bc25
bc25_2316,bc25
bc25_2317,bc25
bc25_2318,bc25
bc25_2319,bc25
bc25_2320,bc25
bc25_2321,bc25
bc25_2322,bc25
bc25_2323,bc25
bc25_2324,bc25
bc25_2325,bc25
bc25_2326,bc25
bc25_2327,bc25
bc25_2328,bc25
bc25_2329,bc25
bc25_2330,bc25
bc25_2331,bc25
bc25_2332,bc25
bc25_2333,bc25
bc25_2334,bc25
bc25_2335,bc25
bc25_2336,bc25
bc25_2337,bc25
bc25_2338,bc25
bc25_2339,bc25
bc25_2340,bc25
bc25_2341,bc25
bc25_2342,bc25
bc25_2343,bc25
bc25_2344,bc25
bc25_2345,bc25
bc25_2346,bc25
bc25_2347,bc25
bc25_2348,bc25
bc25_2349,bc25
bc25_2350,bc25
bc25_2351,bc25
bc25_2352,bc25
bc25_2353,bc25
bc25_2354,bc25
bc25_2355,bc25
bc25_2356,bc25
bc25_2357,bc25
bc25_2358,bc25
bc25_2359,bc25
bc25_2360,bc25
bc25_2361,bc25
bc25_2362,bc25
bc25_2363,bc25
bc25_2364,bc25
bc25_2365,bc25
bc25_2366,bc25
bc25_2367,bc25
bc25_2368,bc25
bc25_2369,bc25
bc25_2370,Negative
bc25_2371,bc25
bc25_2372,bc25
bc25_2373,bc25
bc25_2374,bc25
bc25_2375,bc25
bc25_2376,bc25
bc25_2377,bc25
bc25_2378,bc25
bc25_2379,bc25
bc25_2380,bc25
bc25_2381,bc25
bc25_2382,bc25
bc25_2383,bc25
bc25_2384,bc25
bc25_2385,bc25
bc25_2386,bc25
bc25_2387,bc25
bc25_2388,bc25
bc25_2389,bc25
bc25_2390,bc25
bc25_2391,bc25
bc25_2392,bc25
bc25_2393,bc25
bc25_2394,bc25
bc25_2395,bc25
bc25_2396,bc25
bc25_2397,bc25
bc25_2398,bc25
bc25_2399,bc25
bc25_2400,bc25
bc25_2401,bc25
bc25_2402,bc25
bc25_2403,bc25
bc25_2404,bc25
bc25_2405,bc25
bc25_2406,bc25
bc25_2407,bc25
bc25_2408,bc25
bc25_2409,bc25
bc25_2410,bc25
bc25_2411,bc25
bc25_2412,bc25
bc25_2413,bc25
bc25_2414,bc25
bc25_2415,bc25
bc25_2416,bc25
bc25_2417,bc25
bc25_2418,bc25
bc25_2419,bc25
bc25_2420,bc25
bc25_2421,bc25
bc25_2422,bc25
bc25_2423,bc25
bc25_2424,bc25
bc25_2425,bc25
bc25_2426,bc25
bc25_2427,bc25
bc25_2428,bc25
bc25_2429,bc25
bc25_2430,bc25
bc25_2431,bc25
bc25_2432,bc25
bc25_2433,bc25
bc25_2434,bc25
bc25_2435,bc25
bc25_2436,bc25
bc25_2437,bc25
bc25_2438,bc25
bc25_2439,bc25
bc25_2440,bc25
bc25_2441,bc25
bc25_2442,bc25
bc25_2443,bc25
bc25_2444,bc25
bc25_2445,bc25
bc25_2446,bc25
bc25_2447,bc25
bc25_2448,bc25
bc25_2449,bc25
bc25_2450,bc25
bc25_2451,bc25
bc25_2452,bc25
bc25_2453,bc25
bc25_2454,bc25
bc25_2455,bc25
bc25_2456,bc25
bc25_2457,bc25
bc25_2458,bc25
bc25_2459,bc25
bc25_2460,bc25
bc25_2461,bc25
bc25_2462,bc25
bc25_2463,bc25
bc25_2464,bc25
bc25_2465,bc25
bc25_2466,bc25
bc25_2467,bc25
bc25_2468,bc25
bc25_2469,bc25
bc25_2470,bc25
bc25_2471,bc25
bc25_2472,bc25
bc25_2473,bc25
bc25_2474,bc25
bc25_2475,bc25
bc25_2476,bc25
bc25_2477,bc25
bc25_2478,bc25
bc25_2479,bc25
bc25_2480,bc25
bc25_2481,bc25
bc25_2482,bc25
bc25_2483,bc25
bc25_2484,bc25
bc25_2485,bc25
bc25_2486,bc25
bc25_2487,bc25
bc25_2488,bc25
bc25_2489,bc25
bc25_2490,bc25
bc25_2491,bc25
bc25_2492,bc25
bc25_2493,bc25
bc25_2494,bc25
bc25_2495,bc25
bc25_2496,bc25
bc25_2497,bc25
bc25_2498,bc25
bc25_2499,bc25
bc25_2500,bc25
bc25_2501,bc25
bc25_2502,bc25
bc25_2503,bc25
bc25_2504,bc25
bc25_2505,bc25
bc25_2506,bc25
bc25_2507,bc25
bc25_2508,bc25
bc25_2509,bc25
bc25_2510,bc25
bc25_2511,bc25
bc25_2512,bc25
bc25_2513,bc25
bc25_2514,bc25
bc25_2515,bc25
bc25_2516,bc25
bc25_2517,bc25
bc25_2518,bc25
bc25_2519,bc25
bc25_2520,bc25
bc25_2521,bc25
bc25_2522,bc25
bc25_2523,bc25
bc25_2524,bc25
bc25_2525,bc25
bc25_2526,bc25
bc25_2527,bc25
bc25_2528,bc25
bc25_2529,bc25
bc25_2530,bc25
bc25_2531,bc25
bc25_2532,bc25
bc25_2533,bc25
bc25_2534,bc25
bc25_2535,bc25
bc25_2536,bc25
bc25_2537,bc25
bc25_2538,bc25
bc25_2539,bc25
bc25_2540,bc25
bc25_2541,bc25
bc25_2542,bc25
bc25_2543,bc25
bc25_2544,bc25
bc25_2545,bc25
bc25_2546,bc25
bc25_2547,bc25
bc25_2548,bc25
bc25_2549,bc25
bc25_2550,bc25
bc25_2551,bc25
bc25_2552,bc25
bc25_2553,bc25
bc25_2554,bc25
bc25_2555,bc25
bc25_2556,bc25
bc25_2557,bc25
bc25_2558,bc25
bc25_2559,bc25
bc25_2560,bc25
bc25_2561,bc25
bc25_2562,bc25
bc25_2563,bc25
bc25_2564,bc25
bc25_2565,bc25
bc25_2566,bc25
bc25_2567,bc25
bc25_2568,bc25
bc25_2569,bc25
bc25_2570,bc25
bc25_2571,bc25
bc25_2572,bc25
bc25_2573,bc25
bc25_2574,bc25
bc25_2575,bc25
bc25_2576,bc25
bc25_2577,bc25
bc25_2578,bc25
bc25_2579,bc25
bc25_2580,bc25
bc25_2581,bc25
bc25_2582,bc25
bc25_2583,bc25
bc25_2584,bc25
bc25_2585,bc25
bc25_2586,bc25
bc25_2587,bc25
bc25_2588,bc25
bc25_2589,bc25
bc25_2590,bc25
bc25_2591,bc25
bc25_2592,bc25
bc25_2593,bc25
bc25_2594,bc25
bc25_2595,bc25
bc25_2596,bc25
bc25_2597,bc25
bc25_2598,bc25
bc25_2599,bc25
bc25_2600,bc25
bc25_2601,bc25
bc25_2602,bc25
bc25_2603,bc25
bc25_2604,bc25
bc25_2605,bc25
bc25_2606,bc25
bc25_2607,bc25
bc25_2608,bc25
bc25_2609,bc25
bc25_2610,bc25
bc25_2611,bc25
bc25_2612,bc25
bc25_2613,bc25
bc25_2614,bc25
bc25_2615,bc25
bc25_2616,bc25
bc25_2617,bc25
bc25_2618,bc25
bc25_2619,bc25
bc25_2620,bc25
bc25_2621,bc25
bc25_2622,bc25
bc25_2623,bc25
bc25_2624,bc25
bc25_2625,bc25
bc25_2626,bc25
bc25_2627,bc25
bc25_2628,bc25
bc25_2629,bc25
bc25_2630,bc25
bc25_2631,bc25
bc25_2632,bc25
bc25_2633,bc25
bc25_2634,bc25
bc25_2635,bc25
bc25_2636,bc25
bc25_2637,bc25
bc25_2638,bc25
bc25_2639,bc25
bc25_2640,bc25
bc25_2641,bc25
bc25_2642,bc25
bc25_2643,bc25
bc25_2644,bc25
bc25_2645,bc25
bc25_2646,bc25
bc25_2647,bc25
bc25_2648,bc25
bc25_2649,bc25
bc25_2650,bc25
bc25_2651,bc25
bc25_2652,bc25
bc25_2653,bc25
bc25_2654,bc25
bc25_2655,bc25
bc25_2656,bc25
bc25_2657,bc25
bc25_2658,bc25
bc25_2659,bc25
bc25_2660,bc25
bc25_2661,bc25
bc25_2662,bc25
bc25_2663,bc25
bc25_2664,bc25
bc25_2665,bc25
bc25_2666,bc25
bc25_2667,bc25
bc25_2668,bc25
bc25_2669,bc25
bc25_2670,bc25
bc25_2671,bc25
bc25_2672,bc25
bc25_2673,bc25
bc25_2674,bc25
bc25_2675,bc25
bc25_2676,bc25
bc25_2677,bc25
bc25_2678,bc25
bc25_2679,bc25
bc25_2680,bc25
bc25_2681,bc25
bc25_2682,bc25
bc25_2683,bc25
bc25_2684,bc25
bc25_2685,bc25
bc25_2686,bc25
bc25_2687,bc25
bc25_2688,bc25
bc25_2689,bc25
bc25_2690,bc25
bc25_2691,bc25
bc25_2692,bc25
bc25_2693,bc25
bc25_2694,bc25
bc25_2695,bc25
bc25_2696,bc25
bc25_2697,bc25
bc25_2698,bc25
bc25_2699,bc25
bc25_2700,bc25
bc25_2701,bc25
bc25_2702,bc25
bc25_2703,bc25
bc25_2704,bc25
bc25_2705,bc25
bc25_2706,bc25
bc25_2707,bc25
bc25_2708,bc25
bc25_2709,bc25
bc25_2710,bc25
bc25_2711,bc25
bc25_2712,bc25
bc25_2713,bc25
bc25_2714,bc25
bc25_2715,bc25
bc25_2716,bc25
bc25_2717,bc25
bc25_2718,bc25
bc25_2719,bc25
bc25_2720,bc25
bc25_2721,bc25
bc25_2722,bc25
bc25_2723,bc25
bc25_2724,bc25
bc25_2725,bc25
bc25_2726,bc25
bc25_2727,bc25
bc25_2728,bc25
bc25_2729,bc25
bc25_2730,bc25
bc25_2731,bc25
bc25_2732,bc25
bc25_2733,bc25
bc25_2734,bc25
bc25_2735,bc25
bc25_2736,bc25
bc25_2737,bc25
bc25_2738,bc25
bc25_2739,bc25
bc25_2740,bc25
bc25_2741,bc25
bc25_2742,bc25
bc25_2743,bc25
bc25_2744,bc25
bc25_2745,bc25
bc25_2746,bc25
bc25_2747,bc25
bc25_2748,bc25
bc25_2749,bc25
bc25_2750,bc25
bc25_2751,bc25
bc25_2752,bc25
bc25_2753,bc25
bc25_2754,bc25
bc25_2755,bc25
bc25_2756,bc25
bc25_2757,bc25
bc25_2758,bc25
bc25_2759,bc25
bc25_2760,bc25
bc25_2761,bc25
bc25_2762,bc25
bc25_2763,bc25
bc25_2764,bc25
bc25_2765,bc25
bc25_2766,bc25
bc25_2767,bc25
bc25_2768,bc25
bc25_2769,bc25
bc25_2770,bc25
bc25_2771,bc25
bc25_2772,bc25
bc25_2773,bc25
bc25_2774,bc25
bc25_2775,bc25
bc25_2776,bc25
bc25_2777,bc25
bc25_2778,bc25
bc25_2779,bc25
bc25_2780,bc25
bc25_2781,bc25
bc25_2782,bc25
bc25_2783,bc25
bc25_2784,bc25
bc25_2785,bc25
bc25_2786,bc25
bc25_2787,bc25
bc25_2788,bc25
bc25_2789,bc25
bc25_2790,bc25
bc25_2791,bc25
bc25_2792,bc25
bc25_2793,bc25
bc25_2794,bc25
bc25_2795,bc25
bc25_2796,bc25
bc25_2797,bc25
bc25_2798,bc25
bc25_2799,bc25
bc25_2800,bc25
bc25_2801,bc25
bc25_2802,bc25
bc25_2803,bc25
bc25_2804,bc25
bc25_2805,bc25
bc25_2806,bc25
bc25_2807,bc25
bc25_2808,bc25
bc25_2809,bc25
bc25_2810,bc25
bc25_2811,bc25
bc25_2812,bc25
bc25_2813,bc25
bc25_2814,bc25
bc25_2815,bc25
bc25_2816,bc25
bc25_2817,bc25
bc25_2818,bc25
bc25_2819,bc25
bc25_2820,bc25
bc25_2821,bc25
bc25_2822,bc25
bc25_2823,bc25
bc25_2824,bc25
bc25_2825,bc25
bc25_2826,bc25
bc25_2827,bc25
bc25_2828,bc25
bc25_2829,bc25
bc25_2830,bc25
bc25_2831,bc25
bc25_2832,bc25
bc25_2833,bc25
bc25_2834,bc25
bc25_2835,bc25
bc25_2836,bc25
bc25_2837,bc25
bc25_2838,bc25
bc25_2839,bc25
bc25_2840,bc25
bc25_2841,bc25
bc25_2842,bc25
bc25_2843,bc25
bc25_2844,bc25
bc25_2845,bc25
bc25_2846,bc25
bc25_2847,bc25
bc25_2848,bc25
bc25_2849,bc25
bc25_2850,bc25
bc25_2851,bc25
bc25_2852,bc25
bc25_2853,bc25
bc25_2854,bc25
bc25_2855,bc25
bc25_2856,bc25
bc25_2857,bc25
bc25_2858,bc25
bc25_2859,bc25
bc25_2860,bc25
bc25_2861,bc25
bc25_2862,bc25
bc25_2863,bc25
bc25_2864,bc25
bc25_2865,bc25
bc25_2866,bc25
bc25_2867,bc25
bc25_2868,bc25
bc25_2869,bc25
bc25_2870,bc25
bc25_2871,bc25
bc25_2872,bc25
bc25_2873,bc25
bc25_2874,bc25
bc25_2875,bc25
bc25_2876,bc25
bc25_2877,bc25
bc25_2878,bc25
bc25_2879,bc25
bc25_2880,bc25
bc25_2881,bc25
bc25_2882,bc25
bc25_2883,bc25
bc25_2884,bc25
bc25_2885,bc25
bc25_2886,bc25
bc25_2887,bc25
bc25_2888,bc25
bc25_2889,bc25
bc25_2890,bc25
bc25_2891,bc25
bc25_2892,bc25
bc25_2893,bc25
bc25_2894,bc25
bc25_2895,bc25
bc25_2896,bc25
bc25_2897,bc25
bc25_2898,bc25
bc25_2899,bc25
bc25_2900,bc25
bc25_2901,bc25
bc25_2902,bc25
bc25_2903,bc25
bc25_2904,bc25
bc25_2905,bc25
bc25_2906,bc25
bc25_2907,bc25
bc25_2908,bc25
bc25_2909,bc25
bc25_2910,bc25
bc25_2911,bc25
bc25_2912,bc25
bc25_2913,bc25
bc25_2914,bc25
bc25_2915,bc25
bc25_2916,bc25
bc25_2917,bc25
bc25_2918,bc25
bc25_2919,bc25
bc25_2920,bc25
bc25_2921,bc25
bc25_2922,bc25
bc25_2923,bc25
bc25_2924,bc25
bc25_2925,bc25
bc25_2926,bc25
bc25_2927,bc25
bc25_2928,bc25
bc25_2929,bc25
bc25_2930,bc25
bc25_2931,bc25
bc25_2932,bc25
bc25_2933,bc25
bc25_2934,bc25
bc25_2935,bc25
bc25_2936,bc25
bc25_2937,bc25
bc25_2938,bc25
bc25_2939,bc25
bc25_2940,bc25
bc25_2941,bc25
bc25_2942,bc25
bc25_2943,bc25
bc25_2944,bc25
bc25_2945,bc25
bc25_2946,bc25
bc25_2947,bc25
bc25_2948,bc25
bc25_2949,bc25
bc25_2950,bc25
bc25_2951,bc25
bc25_2952,bc25
bc25_2953,bc25
bc25_2954,bc25
bc25_2955,bc25
bc25_2956,bc25
bc25_2957,bc25
bc25_2958,bc25
bc25_2959,bc25
bc25_2960,bc25
bc25_2961,bc25
bc25_2962,bc25
bc25_2963,bc25
bc25_2964,bc25
bc25_2965,bc25
bc25_2966,bc25
bc25_2967,bc25
bc25_2968,bc25
bc25_2969,bc25
bc25_2970,bc25
bc25_2971,bc25
bc25_2972,bc25
bc25_2973,bc25
bc25_2974,bc25
bc25_2975,bc25
bc25_2976,bc25
bc25_2977,bc25
bc25_2978,bc25
bc25_2979,bc25
bc25_2980,bc25
bc25_2981,bc25
bc25_2982,bc25
bc25_2983,bc25
bc25_2984,bc25
bc25_2985,bc25
bc25_2986,bc25
bc25_2987,bc25
bc25_2988,bc25
bc25_2989,bc25
bc25_2990,bc25
bc25_2991,bc25
bc25_2992,bc25
bc25_2993,bc25
bc25_2994,bc25
bc25_2995,bc25
bc25_2996,bc25
bc25_2997,bc25
bc25_2998,bc25
bc25_2999,bc25
bc25_3000,bc25
bc26_1,bc26
bc26_2,bc26
bc26_3,bc26
bc26_4,bc26
bc26_5,bc26
bc26_6,bc26
bc26_7,bc26
bc26_8,bc26
bc26_9,bc26
bc26_10,bc26
bc26_11,bc26
bc26_12,bc26
bc26_13,bc26
bc26_14,bc26
bc26_15,bc26
bc26_16,bc26
bc26_17,bc26
bc26_18,bc26
bc26_19,bc26
bc26_20,bc26
bc26_21,bc26
bc26_22,bc26
bc26_23,bc26
bc26_24,bc26
bc26_25,bc26
bc26_26,bc26
bc26_27,bc26
bc26_28,bc26
bc26_29,bc26
bc26_30,bc26
bc26_31,bc26
bc26_32,bc26
bc26_33,bc26
bc26_34,bc26
bc26_35,bc26
bc26_36,bc26
bc26_37,bc26
bc26_38,bc26
bc26_39,bc26
bc26_40,bc26
bc26_41,bc26
bc26_42,bc26
bc26_43,bc26
bc26_44,bc26
bc26_45,bc26
bc26_46,bc26
bc26_47,bc26
bc26_48,bc26
bc26_49,bc26
bc26_50,bc26
bc26_51,bc26
bc26_52,bc26
bc26_53,bc26
bc26_54,bc26
bc26_55,bc26
bc26_56,bc26
bc26_57,bc26
bc26_58,bc26
bc26_59,bc26
bc26_60,bc26
bc26_61,bc26
bc26_62,bc26
bc26_63,bc26
bc26_64,bc26
bc26_65,bc26
bc26_66,bc26
bc26_67,bc26
bc26_68,bc26
bc26_69,bc26
bc26_70,bc26
bc26_71,bc26
bc26_72,bc26
bc26_73,bc26
bc26_74,bc26
bc26_75,bc26
bc26_76,bc26
bc26_77,bc26
bc26_78,bc26
bc26_79,bc26
bc26_80,bc26
bc26_81,bc26
bc26_82,bc26
bc26_83,bc26
bc26_84,bc26
bc26_85,bc26
bc26_86,bc26
bc26_87,bc26
bc26_88,bc26
bc26_89,bc26
bc26_90,bc26
bc26_91,bc26
bc26_92,bc26
bc26_93,bc26
bc26_94,bc26
bc26_95,bc26
bc26_96,bc26
bc26_97,bc26
bc26_98,bc26
bc26_99,bc26
bc26_100,bc26
bc26_101,bc26
bc26_102,bc26
bc26_103,bc26
bc26_104,bc26
bc26_105,bc26
bc26_106,bc26
bc26_107,bc26
bc26_108,bc26
bc26_109,bc26
bc26_110,bc26
bc26_111,bc26
bc26_112,bc26
bc26_113,bc26
bc26_114,bc26
bc26_115,bc26
bc26_116,bc26
bc26_117,bc26
bc26_118,bc26
bc26_119,bc26
bc26_120,bc26
bc26_121,bc26
bc26_122,bc26
bc26_123,bc26
bc26_124,bc26
bc26_125,bc26
bc26_126,bc26
bc26_127,bc26
bc26_128,bc26
bc26_129,bc26
bc26_130,bc26
bc26_131,bc26
bc26_132,bc26
bc26_133,bc26
bc26_134,bc26
bc26_135,bc26
bc26_136,bc26
bc26_137,bc26
bc26_138,bc26
bc26_139,bc26
bc26_140,bc26
bc26_141,bc26
bc26_142,bc26
bc26_143,bc26
bc26_144,bc26
bc26_145,bc26
bc26_146,bc26
bc26_147,bc26
bc26_148,bc26
bc26_149,bc26
bc26_150,bc26
bc26_151,bc26
bc26_152,bc26
bc26_153,bc26
bc26_154,bc26
bc26_155,bc26
bc26_156,bc26
bc26_157,bc26
bc26_158,bc26
bc26_159,bc26
bc26_160,bc26
bc26_161,bc26
bc26_162,bc26
bc26_163,bc26
bc26_164,bc26
bc26_165,bc26
bc26_166,bc26
bc26_167,bc26
bc26_168,bc26
bc26_169,bc26
bc26_170,bc26
bc26_171,bc26
bc26_172,bc26
bc26_173,bc26
bc26_174,bc26
bc26_175,bc26
bc26_176,bc26
bc26_177,bc26
bc26_178,bc26
bc26_179,bc26
bc26_180,bc26
bc26_181,bc26
bc26_182,bc26
bc26_183,bc26
bc26_184,bc26
bc26_185,bc26
bc26_186,bc26
bc26_187,bc26
bc26_188,bc26
bc26_189,bc26
bc26_190,bc26
bc26_191,bc26
bc26_192,bc26
bc26_193,bc26
bc26_194,bc26
bc26_195,bc26
bc26_196,bc26
bc26_197,bc26
bc26_198,bc26
bc26_199,bc26
bc26_200,bc26
bc26_201,bc26
bc26_202,bc26
bc26_203,bc26
bc26_204,bc26
bc26_205,bc26
bc26_206,bc26
bc26_207,bc26
bc26_208,bc26
bc26_209,bc26
bc26_210,bc26
bc26_211,bc26
bc26_212,bc26
bc26_213,bc26
bc26_214,bc26
bc26_215,bc26
bc26_216,bc26
bc26_217,bc26
bc26_218,bc26
bc26_219,bc26
bc26_220,bc26
bc26_221,bc26
bc26_222,bc26
bc26_223,bc26
bc26_224,bc26
bc26_225,bc26
bc26_226,bc26
bc26_227,bc26
bc26_228,bc26
bc26_229,bc26
bc26_230,bc26
bc26_231,bc26
bc26_232,bc26
bc26_233,bc26
bc26_234,bc26
bc26_235,bc26
bc26_236,bc26
bc26_237,bc26
bc26_238,bc26
bc26_239,bc26
bc26_240,bc26
bc26_241,bc26
bc26_242,bc26
bc26_243,bc26
bc26_244,bc26
bc26_245,bc26
bc26_246,bc26
bc26_247,bc26
bc26_248,bc26
bc26_249,bc26
bc26_250,bc26
bc26_251,bc26
bc26_252,bc26
bc26_253,bc26
bc26_254,bc26
bc26_255,bc26
bc26_256,bc26
bc26_257,bc26
bc26_258,bc26
bc26_259,bc26
bc26_260,bc26
bc26_261,bc26
bc26_262,bc26
bc26_263,bc26
bc26_264,bc26
bc26_265,bc26
bc26_266,bc26
bc26_267,bc26
bc26_268,bc26
bc26_269,bc26
bc26_270,bc26
bc26_271,bc26
bc26_272,bc26
bc26_273,bc26
bc26_274,bc26
bc26_275,bc26
bc26_276,bc26
bc26_277,bc26
bc26_278,bc26
bc26_279,bc26
bc26_280,bc26
bc26_281,bc26
bc26_282,bc26
bc26_283,bc26
bc26_284,bc26
bc26_285,Multiplet
bc26_286,bc26
bc26_287,bc26
bc26_288,Multiplet
bc26_289,bc26
bc26_290,bc26
bc26_291,bc26
bc26_292,bc26
bc26_293,bc26
bc26_294,bc26
bc26_295,bc26
bc26_296,bc26
bc26_297,bc26
bc26_298,bc26
bc26_299,bc26
bc26_300,bc26
bc26_301,bc26
bc26_302,bc26
bc26_303,bc26
bc26_304,bc26
bc26_305,bc26
bc26_306,bc26
bc26_307,bc26
bc26_308,bc26
bc26_309,bc26
bc26_310,bc26
bc26_311,bc26
bc26_312,bc26
bc26_313,bc26
bc26_314,bc26
bc26_315,bc26
bc26_316,bc26
bc26_317,bc26
bc26_318,bc26
bc26_319,bc26
bc26_320,bc26
bc26_321,bc26
bc26_322,bc26
bc26_323,bc26
bc26_324,bc26
bc26_325,bc26
bc26_326,bc26
bc26_327,bc26
bc26_328,bc26
bc26_329,bc26
bc26_330,bc26
bc26_331,bc26
bc26_332,bc26
bc26_333,bc26
bc26_334,bc26
bc26_335,bc26
bc26_336,bc26
bc26_337,bc26
bc26_338,bc26
bc26_339,bc26
bc26_340,bc26
bc26_341,bc26
bc26_342,bc26
bc26_343,bc26
bc26_344,bc26
bc26_345,bc26
bc26_346,bc26
bc26_347,bc26
bc26_348,bc26
bc26_349,bc26
bc26_350,bc26
bc26_351,bc26
bc26_352,bc26
bc26_353,bc26
bc26_354,bc26
bc26_355,bc26
bc26_356,bc26
bc26_357,bc26
bc26_358,bc26
bc26_359,bc26
bc26_360,bc26
bc26_361,bc26
bc26_362,bc26
bc26_363,bc26
bc26_364,bc26
bc26_365,bc26
bc26_366,bc26
bc26_367,bc26
bc26_368,bc26
bc26_369,bc26
bc26_370,bc26
bc26_371,bc26
bc26_372,bc26
bc26_373,bc26
bc26_374,bc26
bc26_375,bc26
bc26_376,bc26
bc26_377,bc26
bc26_378,bc26
bc26_379,bc26
bc26_380,bc26
bc26_381,bc26
bc26_382,bc26
bc26_383,bc26
bc26_384,bc26
bc26_385,bc26
bc26_386,bc26
bc26_387,bc26
bc26_388,bc26
bc26_389,bc26
bc26_390,bc26
bc26_391,bc26
bc26_392,bc26
bc26_393,bc26
bc26_394,bc26
bc26_395,bc26
bc26_396,bc26
bc26_397,bc26
bc26_398,bc26
bc26_399,bc26
bc26_400,bc26
bc26_401,bc26
bc26_402,bc26
bc26_403,bc26
bc26_404,bc26
bc26_405,bc26
bc26_406,bc26
bc26_407,bc26
bc26_408,bc26
bc26_409,bc26
bc26_410,bc26
bc26_411,bc26
bc26_412,bc26
bc26_413,bc26
bc26_414,bc26
bc26_415,bc26
bc26_416,bc26
bc26_417,bc26
bc26_418,bc26
bc26_419,bc26
bc26_420,bc26
bc26_421,bc26
bc26_422,bc26
bc26_423,bc26
bc26_424,bc26
bc26_425,bc26
bc26_426,bc26
bc26_427,bc26
bc26_428,bc26
bc26_429,bc26
bc26_430,bc26
bc26_431,bc26
bc26_432,bc26
bc26_433,bc26
bc26_434,bc26
bc26_435,bc26
bc26_436,bc26
bc26_437,bc26
bc26_438,bc26
bc26_439,bc26
bc26_440,bc26
bc26_441,bc26
bc26_442,bc26
bc26_443,bc26
bc26_444,bc26
bc26_445,bc26
bc26_446,bc26
bc26_447,bc26
bc26_448,bc26
bc26_449,bc26
bc26_450,bc26
bc26_451,bc26
bc26_452,bc26
bc26_453,bc26
bc26_454,bc26
bc26_455,bc26
bc26_456,bc26
bc26_457,bc26
bc26_458,bc26
bc26_459,bc26
bc26_460,bc26
bc26_461,bc26
bc26_462,bc26
bc26_463,bc26
bc26_464,bc26
bc26_465,bc26
bc26_466,bc26
bc26_467,bc26
bc26_468,bc26
bc26_469,bc26
bc26_470,bc26
bc26_471,bc26
bc26_472,bc26
bc26_473,bc26
bc26_474,bc26
bc26_475,bc26
bc26_476,bc26
bc26_477,bc26
bc26_478,bc26
bc26_479,bc26
bc26_480,bc26
bc26_481,bc26
bc26_482,bc26
bc26_483,bc26
bc26_484,bc26
bc26_485,bc26
bc26_486,bc26
bc26_487,bc26
bc26_488,bc26
bc26_489,bc26
bc26_490,bc26
bc26_491,bc26
bc26_492,bc26
bc26_493,bc26
bc26_494,bc26
bc26_495,bc26
bc26_496,bc26
bc26_497,bc26
bc26_498,bc26
bc26_499,bc26
bc26_500,bc26
bc26_501,bc26
bc26_502,bc26
bc26_503,bc26
bc26_504,bc26
bc26_505,bc26
bc26_506,bc26
bc26_507,bc26
bc26_508,bc26
bc26_509,bc26
bc26_510,bc26
bc26_511,bc26
bc26_512,bc26
bc26_513,bc26
bc26_514,bc26
bc26_515,bc26
bc26_516,bc26
bc26_517,bc26
bc26_518,bc26
bc26_519,bc26
bc26_520,bc26
bc26_521,bc26
bc26_522,bc26
bc26_523,bc26
bc26_524,bc26
bc26_525,bc26
bc26_526,bc26
bc26_527,bc26
bc26_528,bc26
bc26_529,bc26
bc26_530,bc26
bc26_531,bc26
bc26_532,bc26
bc26_533,bc26
bc26_534,bc26
bc26_535,bc26
bc26_536,bc26
bc26_537,bc26
bc26_538,bc26
bc26_539,bc26
bc26_540,bc26
bc26_541,bc26
bc26_542,bc26
bc26_543,bc26
bc26_544,bc26
bc26_545,bc26
bc26_546,bc26
bc26_547,bc26
bc26_548,bc26
bc26_549,bc26
bc26_550,bc26
bc26_551,bc26
bc26_552,bc26
bc26_553,bc26
bc26_554,bc26
bc26_555,bc26
bc26_556,bc26
bc26_557,bc26
bc26_558,bc26
bc26_559,bc26
bc26_560,bc26
bc26_561,bc26
bc26_562,bc26
bc26_563,bc26
bc26_564,bc26
bc26_565,bc26
bc26_566,bc26
bc26_567,bc26
bc26_568,bc26
bc26_569,bc26
bc26_570,bc26
bc26_571,bc26
bc26_572,bc26
bc26_573,bc26
bc26_574,bc26
bc26_575,bc26
bc26_576,bc26
bc26_577,bc26
bc26_578,bc26
bc26_579,bc26
bc26_580,bc26
bc26_581,bc26
bc26_582,bc26
bc26_583,bc26
bc26_584,bc26
bc26_585,bc26
bc26_586,bc26
bc26_587,bc26
bc26_588,bc26
bc26_589,bc26
bc26_590,bc26
bc26_591,bc26
bc26_592,bc26
bc26_593,bc26
bc26_594,bc26
bc26_595,bc26
bc26_596,bc26
bc26_597,bc26
bc26_598,bc26
bc26_599,bc26
bc26_600,bc26
bc26_601,bc26
bc26_602,bc26
bc26_603,bc26
bc26_604,bc26
bc26_605,bc26
bc26_606,bc26
bc26_607,bc26
bc26_608,bc26
bc26_609,bc26
bc26_610,bc26
bc26_611,bc26
bc26_612,bc26
bc26_613,bc26
bc26_614,bc26
bc26_615,bc26
bc26_616,bc26
bc26_617,bc26
bc26_618,bc26
bc26_619,bc26
bc26_620,bc26
bc26_621,bc26
bc26_622,bc26
bc26_623,bc26
bc26_624,bc26
bc26_625,bc26
bc26_626,bc26
bc26_627,bc26
bc26_628,bc26
bc26_629,bc26
bc26_630,bc26
bc26_631,bc26
bc26_632,bc26
bc26_633,bc26
bc26_634,bc26
bc26_635,bc26
bc26_636,bc26
bc26_637,bc26
bc26_638,bc26
bc26_639,bc26
bc26_640,bc26
bc26_641,bc26
bc26_642,bc26
bc26_643,bc26
bc26_644,bc26
bc26_645,bc26
bc26_646,bc26
bc26_647,bc26
bc26_648,bc26
bc26_649,bc26
bc26_650,bc26
bc26_651,bc26
bc26_652,bc26
bc26_653,bc26
bc26_654,bc26
bc26_655,bc26
bc26_656,bc26
bc26_657,bc26
bc26_658,bc26
bc26_659,bc26
bc26_660,bc26
bc26_661,bc26
bc26_662,bc26
bc26_663,bc26
bc26_664,bc26
bc26_665,bc26
bc26_666,bc26
bc26_667,bc26
bc26_668,bc26
bc26_669,bc26
bc26_670,bc26
bc26_671,bc26
bc26_672,bc26
bc26_673,bc26
bc26_674,bc26
bc26_675,bc26
bc26_676,bc26
bc26_677,bc26
bc26_678,bc26
bc26_679,bc26
bc26_680,bc26
bc26_681,bc26
bc26_682,bc26
bc26_683,bc26
bc26_684,bc26
bc26_685,bc26
bc26_686,bc26
bc26_687,bc26
bc26_688,bc26
bc26_689,bc26
bc26_690,bc26
bc26_691,bc26
bc26_692,bc26
bc26_693,bc26
bc26_694,bc26
bc26_695,bc26
bc26_696,bc26
bc26_697,bc26
bc26_698,bc26
bc26_699,bc26
bc26_700,bc26
bc26_701,bc26
bc26_702,bc26
bc26_703,bc26
bc26_704,bc26
bc26_705,bc26
bc26_706,bc26
bc26_707,bc26
bc26_708,bc26
bc26_709,bc26
bc26_710,bc26
bc26_711,bc26
bc26_712,bc26
bc26_713,bc26
bc26_714,bc26
bc26_715,bc26
bc26_716,bc26
bc26_717,bc26
bc26_718,bc26
bc26_719,bc26
bc26_720,bc26
bc26_721,bc26
bc26_722,bc26
bc26_723,bc26
bc26_724,bc26
bc26_725,bc26
bc26_726,bc26
bc26_727,bc26
bc26_728,bc26
bc26_729,bc26
bc26_730,bc26
bc26_731,bc26
bc26_732,bc26
bc26_733,bc26
bc26_734,bc26
bc26_735,bc26
bc26_736,bc26
bc26_737,bc26
bc26_738,bc26
bc26_739,bc26
bc26_740,bc26
bc26_741,bc26
bc26_742,bc26
bc26_743,bc26
bc26_744,bc26
bc26_745,bc26
bc26_746,bc26
bc26_747,bc26
bc26_748,bc26
bc26_749,bc26
bc26_750,bc26
bc26_751,bc26
bc26_752,bc26
bc26_753,bc26
bc26_754,bc26
bc26_755,bc26
bc26_756,bc26
bc26_757,bc26
bc26_758,bc26
bc26_759,bc26
bc26_760,bc26
bc26_761,bc26
bc26_762,bc26
bc26_763,bc26
bc26_764,bc26
bc26_765,bc26
bc26_766,bc26
bc26_767,bc26
bc26_768,bc26
bc26_769,bc26
bc26_770,bc26
bc26_771,bc26
bc26_772,bc26
bc26_773,bc26
bc26_774,bc26
bc26_775,bc26
bc26_776,bc26
bc26_777,bc26
bc26_778,bc26
bc26_779,bc26
bc26_780,bc26
bc26_781,bc26
bc26_782,bc26
bc26_783,bc26
bc26_784,bc26
bc26_785,bc26
bc26_786,bc26
bc26_787,bc26
bc26_788,bc26
bc26_789,bc26
bc26_790,bc26
bc26_791,bc26
bc26_792,bc26
bc26_793,bc26
bc26_794,bc26
bc26_795,bc26
bc26_796,bc26
bc26_797,bc26
bc26_798,bc26
bc26_799,bc26
bc26_800,bc26
bc26_801,bc26
bc26_802,bc26
bc26_803,bc26
bc26_804,bc26
bc26_805,bc26
bc26_806,bc26
bc26_807,bc26
bc26_808,bc26
bc26_809,bc26
bc26_810,bc26
bc26_811,bc26
bc26_812,bc26
bc26_813,bc26
bc26_814,bc26
bc26_815,bc26
bc26_816,bc26
bc26_817,bc26
bc26_818,bc26
bc26_819,bc26
bc26_820,bc26
bc26_821,bc26
bc26_822,bc26
bc26_823,Negative
bc26_824,bc26
bc26_825,bc26
bc26_826,bc26
bc26_827,bc26
bc26_828,bc26
bc26_829,bc26
bc26_830,bc26
bc26_831,bc26
bc26_832,bc26
bc26_833,bc26
bc26_834,bc26
bc26_835,bc26
bc26_836,bc26
bc26_837,bc26
bc26_838,bc26
bc26_839,bc26
bc26_840,bc26
bc26_841,bc26
bc26_842,bc26
bc26_843,bc26
bc26_844,bc26
bc26_845,bc26
bc26_846,bc26
bc26_847,bc26
bc26_848,bc26
bc26_849,bc26
bc26_850,bc26
bc26_851,bc26
bc26_852,bc26
bc26_853,bc26
bc26_854,bc26
bc26_855,bc26
bc26_856,bc26
bc26_857,bc26
bc26_858,bc26
bc26_859,bc26
bc26_860,bc26
bc26_861,bc26
bc26_862,bc26
bc26_863,bc26
bc26_864,bc26
bc26_865,bc26
bc26_866,bc26
bc26_867,bc26
bc26_868,bc26
bc26_869,bc26
bc26_870,bc26
bc26_871,bc26
bc26_872,bc26
bc26_873,bc26
bc26_874,bc26
bc26_875,bc26
bc26_876,bc26
bc26_877,bc26
bc26_878,bc26
bc26_879,bc26
bc26_880,bc26
bc26_881,bc26
bc26_882,bc26
bc26_883,bc26
bc26_884,bc26
bc26_885,bc26
bc26_886,bc26
bc26_887,bc26
bc26_888,bc26
bc26_889,bc26
bc26_890,bc26
bc26_891,bc26
bc26_892,bc26
bc26_893,bc26
bc26_894,bc26
bc26_895,bc26
bc26_896,bc26
bc26_897,bc26
bc26_898,bc26
bc26_899,bc26
bc26_900,bc26
bc26_901,bc26
bc26_902,bc26
bc26_903,bc26
bc26_904,bc26
bc26_905,bc26
bc26_906,bc26
bc26_907,bc26
bc26_908,bc26
bc26_909,bc26
bc26_910,bc26
bc26_911,bc26
bc26_912,bc26
bc26_913,bc26
bc26_914,bc26
bc26_915,bc26
bc26_916,bc26
bc26_917,bc26
bc26_918,bc26
bc26_919,bc26
bc26_920,bc26
bc26_921,bc26
bc26_922,bc26
bc26_923,bc26
bc26_924,bc26
bc26_925,bc26
bc26_926,bc26
bc26_927,bc26
bc26_928,bc26
bc26_929,bc26
bc26_930,bc26
bc26_931,bc26
bc26_932,bc26
bc26_933,bc26
bc26_934,bc26
bc26_935,bc26
bc26_936,Negative
bc26_937,bc26
bc26_938,bc26
bc26_939,bc26
bc26_940,bc26
bc26_941,bc26
bc26_942,bc26
bc26_943,bc26
bc26_944,bc26
bc26_945,bc26
bc26_946,bc26
bc26_947,bc26
bc26_948,bc26
bc26_949,bc26
bc26_950,bc26
bc26_951,bc26
bc26_952,bc26
bc26_953,bc26
bc26_954,bc26
bc26_955,bc26
bc26_956,bc26
bc26_957,bc26
bc26_958,bc26
bc26_959,bc26
bc26_960,bc26
bc26_961,bc26
bc26_962,bc26
bc26_963,bc26
bc26_964,bc26
bc26_965,bc26
bc26_966,bc26
bc26_967,bc26
bc26_968,bc26
bc26_969,bc26
bc26_970,bc26
bc26_971,bc26
bc26_972,bc26
bc26_973,bc26
bc26_974,bc26
bc26_975,bc26
bc26_976,bc26
bc26_977,bc26
bc26_978,bc26
bc26_979,bc26
bc26_980,bc26
bc26_981,bc26
bc26_982,bc26
bc26_983,bc26
bc26_984,bc26
bc26_985,bc26
bc26_986,bc26
bc26_987,bc26
bc26_988,bc26
bc26_989,bc26
bc26_990,bc26
bc26_991,bc26
bc26_992,bc26
bc26_993,bc26
bc26_994,bc26
bc26_995,bc26
bc26_996,bc26
bc26_997,bc26
bc26_998,bc26
bc26_999,bc26
bc26_1000,bc26
bc26_1001,bc26
bc26_1002,bc26
bc26_1003,bc26
bc26_1004,bc26
bc26_1005,bc26
bc26_1006,bc26
bc26_1007,bc26
bc26_1008,bc26
bc26_1009,bc26
bc26_1010,bc26
bc26_1011,bc26
bc26_1012,bc26
bc26_1013,bc26
bc26_1014,bc26
bc26_1015,bc26
bc26_1016,bc26
bc26_1017,bc26
bc26_1018,bc26
bc26_1019,bc26
bc26_1020,bc26
bc26_1021,bc26
bc26_1022,bc26
bc26_1023,bc26
bc26_1024,bc26
bc26_1025,bc26
bc26_1026,bc26
bc26_1027,bc26
bc26_1028,bc26
bc26_1029,bc26
bc26_1030,bc26
bc26_1031,bc26
bc26_1032,bc26
bc26_1033,bc26
bc26_1034,bc26
bc26_1035,bc26
bc26_1036,bc26
bc26_1037,bc26
bc26_1038,bc26
bc26_1039,bc26
bc26_1040,bc26
bc26_1041,bc26
bc26_1042,bc26
bc26_1043,bc26
bc26_1044,bc26
bc26_1045,bc26
bc26_1046,bc26
bc26_1047,bc26
bc26_1048,bc26
bc26_1049,bc26
bc26_1050,bc26
bc26_1051,bc26
bc26_1052,bc26
bc26_1053,bc26
bc26_1054,bc26
bc26_1055,bc26
bc26_1056,bc26
bc26_1057,bc26
bc26_1058,bc26
bc26_1059,bc26
bc26_1060,bc26
bc26_1061,bc26
bc26_1062,bc26
bc26_1063,bc26
bc26_1064,bc26
bc26_1065,bc26
bc26_1066,bc26
bc26_1067,bc26
bc26_1068,bc26
bc26_1069,bc26
bc26_1070,bc26
bc26_1071,bc26
bc26_1072,bc26
bc26_1073,bc26
bc26_1074,bc26
bc26_1075,bc26
bc26_1076,bc26
bc26_1077,bc26
bc26_1078,bc26
bc26_1079,bc26
bc26_1080,bc26
bc26_1081,bc26
bc26_1082,bc26
bc26_1083,bc26
bc26_1084,bc26
bc26_1085,bc26
bc26_1086,bc26
bc26_1087,bc26
bc26_1088,bc26
bc26_1089,bc26
bc26_1090,bc26
bc26_1091,bc26
bc26_1092,bc26
bc26_1093,bc26
bc26_1094,bc26
bc26_1095,bc26
bc26_1096,bc26
bc26_1097,bc26
bc26_1098,bc26
bc26_1099,bc26
bc26_1100,bc26
bc26_1101,bc26
bc26_1102,bc26
bc26_1103,bc26
bc26_1104,bc26
bc26_1105,bc26
bc26_1106,bc26
bc26_1107,bc26
bc26_1108,bc26
bc26_1109,bc26
bc26_1110,bc26
bc26_1111,bc26
bc26_1112,bc26
bc26_1113,bc26
bc26_1114,bc26
bc26_1115,bc26
bc26_1116,bc26
bc26_1117,bc26
bc26_1118,bc26
bc26_1119,bc26
bc26_1120,bc26
bc26_1121,bc26
bc26_1122,bc26
bc26_1123,bc26
bc26_1124,bc26
bc26_1125,bc26
bc26_1126,bc26
bc26_1127,bc26
bc26_1128,bc26
bc26_1129,bc26
bc26_1130,bc26
bc26_1131,bc26
bc26_1132,bc26
bc26_1133,bc26
bc26_1134,bc26
bc26_1135,bc26
bc26_1136,bc26
bc26_1137,bc26
bc26_1138,bc26
bc26_1139,bc26
bc26_1140,bc26
bc26_1141,bc26
bc26_1142,bc26
bc26_1143,bc26
bc26_1144,bc26
bc26_1145,bc26
bc26_1146,bc26
bc26_1147,bc26
bc26_1148,bc26
bc26_1149,bc26
bc26_1150,bc26
bc26_1151,bc26
bc26_1152,bc26
bc26_1153,bc26
bc26_1154,bc26
bc26_1155,bc26
bc26_1156,bc26
bc26_1157,bc26
bc26_1158,bc26
bc26_1159,bc26
bc26_1160,bc26
bc26_1161,Multiplet
bc26_1162,bc26
bc26_1163,bc26
bc26_1164,bc26
bc26_1165,bc26
bc26_1166,bc26
bc26_1167,bc26
bc26_1168,bc26
bc26_1169,bc26
bc26_1170,bc26
bc26_1171,bc26
bc26_1172,bc26
bc26_1173,bc26
bc26_1174,bc26
bc26_1175,bc26
bc26_1176,bc26
bc26_1177,bc26
bc26_1178,bc26
bc26_1179,bc26
bc26_1180,bc26
bc26_1181,bc26
bc26_1182,bc26
bc26_1183,bc26
bc26_1184,bc26
bc26_1185,bc26
bc26_1186,bc26
bc26_1187,bc26
bc26_1188,bc26
bc26_1189,bc26
bc26_1190,bc26
bc26_1191,bc26
bc26_1192,bc26
bc26_1193,bc26
bc26_1194,bc26
bc26_1195,bc26
bc26_1196,bc26
bc26_1197,bc26
bc26_1198,bc26
bc26_1199,bc26
bc26_1200,bc26
bc26_1201,bc26
bc26_1202,bc26
bc26_1203,bc26
bc26_1204,bc26
bc26_1205,bc26
bc26_1206,bc26
bc26_1207,bc26
bc26_1208,bc26
bc26_1209,bc26
bc26_1210,bc26
bc26_1211,bc26
bc26_1212,bc26
bc26_1213,bc26
bc26_1214,bc26
bc26_1215,bc26
bc26_1216,bc26
bc26_1217,bc26
bc26_1218,bc26
bc26_1219,bc26
bc26_1220,bc26
bc26_1221,bc26
bc26_1222,bc26
bc26_1223,bc26
bc26_1224,bc26
bc26_1225,bc26
bc26_1226,bc26
bc26_1227,bc26
bc26_1228,bc26
bc26_1229,bc26
bc26_1230,bc26
bc26_1231,bc26
bc26_1232,bc26
bc26_1233,bc26
bc26_1234,bc26
bc26_1235,bc26
bc26_1236,bc26
bc26_1237,bc26
bc26_1238,bc26
bc26_1239,bc26
bc26_1240,bc26
bc26_1241,bc26
bc26_1242,bc26
bc26_1243,bc26
bc26_1244,bc26
bc26_1245,bc26
bc26_1246,bc26
bc26_1247,bc26
bc26_1248,bc26
bc26_1249,bc26
bc26_1250,bc26
bc26_1251,bc26
bc26_1252,bc26
bc26_1253,bc26
bc26_1254,bc26
bc26_1255,bc26
bc26_1256,bc26
bc26_1257,bc26
bc26_1258,bc26
bc26_1259,bc26
bc26_1260,bc26
bc26_1261,bc26
bc26_1262,bc26
bc26_1263,bc26
bc26_1264,bc26
bc26_1265,bc26
bc26_1266,bc26
bc26_1267,bc26
bc26_1268,bc26
bc26_1269,bc26
bc26_1270,bc26
bc26_1271,bc26
bc26_1272,bc26
bc26_1273,bc26
bc26_1274,bc26
bc26_1275,bc26
bc26_1276,bc26
bc26_1277,bc26
bc26_1278,bc26
bc26_1279,bc26
bc26_1280,bc26
bc26_1281,bc26
bc26_1282,bc26
bc26_1283,bc26
bc26_1284,bc26
bc26_1285,bc26
bc26_1286,bc26
bc26_1287,bc26
bc26_1288,bc26
bc26_1289,bc26
bc26_1290,bc26
bc26_1291,bc26
bc26_1292,bc26
bc26_1293,bc26
bc26_1294,bc26
bc26_1295,bc26
bc26_1296,bc26
bc26_1297,bc26
bc26_1298,bc26
bc26_1299,bc26
bc26_1300,bc26
bc26_1301,bc26
bc26_1302,bc26
bc26_1303,bc26
bc26_1304,bc26
bc26_1305,bc26
bc26_1306,bc26
bc26_1307,bc26
bc26_1308,bc26
bc26_1309,bc26
bc26_1310,bc26
bc26_1311,bc26
bc26_1312,bc26
bc26_1313,bc26
bc26_1314,bc26
bc26_1315,bc26
bc26_1316,bc26
bc26_1317,bc26
bc26_1318,bc26
bc26_1319,bc26
bc26_1320,bc26
bc26_1321,bc26
bc26_1322,bc26
bc26_1323,bc26
bc26_1324,bc26
bc26_1325,bc26
bc26_1326,bc26
bc26_1327,bc26
bc26_1328,bc26
bc26_1329,bc26
bc26_1330,bc26
bc26_1331,bc26
bc26_1332,bc26
bc26_1333,bc26
bc26_1334,bc26
bc26_1335,bc26
bc26_1336,bc26
bc26_1337,bc26
bc26_1338,bc26
bc26_1339,bc26
bc26_1340,bc26
bc26_1341,bc26
bc26_1342,bc26
bc26_1343,bc26
bc26_1344,bc26
bc26_1345,bc26
bc26_1346,bc26
bc26_1347,bc26
bc26_1348,bc26
bc26_1349,bc26
bc26_1350,bc26
bc26_1351,bc26
bc26_1352,bc26
bc26_1353,bc26
bc26_1354,bc26
bc26_1355,bc26
bc26_1356,bc26
bc26_1357,bc26
bc26_1358,bc26
bc26_1359,bc26
bc26_1360,bc26
bc26_1361,bc26
bc26_1362,bc26
bc26_1363,bc26
bc26_1364,bc26
bc26_1365,bc26
bc26_1366,bc26
bc26_1367,bc26
bc26_1368,bc26
bc26_1369,bc26
bc26_1370,bc26
bc26_1371,bc26
bc26_1372,bc26
bc26_1373,bc26
bc26_1374,bc26
bc26_1375,bc26
bc26_1376,bc26
bc26_1377,bc26
bc26_1378,bc26
bc26_1379,bc26
bc26_1380,bc26
bc26_1381,bc26
bc26_1382,bc26
bc26_1383,bc26
bc26_1384,bc26
bc26_1385,bc26
bc26_1386,bc26
bc26_1387,bc26
bc26_1388,bc26
bc26_1389,bc26
bc26_1390,bc26
bc26_1391,bc26
bc26_1392,bc26
bc26_1393,bc26
bc26_1394,bc26
bc26_1395,bc26
bc26_1396,bc26
bc26_1397,bc26
bc26_1398,bc26
bc26_1399,bc26
bc26_1400,bc26
bc26_1401,bc26
bc26_1402,bc26
bc26_1403,bc26
bc26_1404,bc26
bc26_1405,bc26
bc26_1406,bc26
bc26_1407,bc26
bc26_1408,bc26
bc26_1409,bc26
bc26_1410,bc26
bc26_1411,bc26
bc26_1412,bc26
bc26_1413,bc26
bc26_1414,bc26
bc26_1415,Negative
bc26_1416,bc26
bc26_1417,bc26
bc26_1418,bc26
bc26_1419,bc26
bc26_1420,bc26
bc26_1421,bc26
bc26_1422,bc26
bc26_1423,bc26
bc26_1424,bc26
bc26_1425,bc26
bc26_1426,bc26
bc26_1427,bc26
bc26_1428,bc26
bc26_1429,bc26
bc26_1430,bc26
bc26_1431,bc26
bc26_1432,bc26
bc26_1433,bc26
bc26_1434,bc26
bc26_1435,bc26
bc26_1436,bc26
bc26_1437,bc26
bc26_1438,bc26
bc26_1439,bc26
bc26_1440,bc26
bc26_1441,bc26
bc26_1442,bc26
bc26_1443,bc26
bc26_1444,bc26
bc26_1445,bc26
bc26_1446,bc26
bc26_1447,bc26
bc26_1448,bc26
bc26_1449,bc26
bc26_1450,bc26
bc26_1451,bc26
bc26_1452,bc26
bc26_1453,bc26
bc26_1454,bc26
bc26_1455,bc26
bc26_1456,bc26
bc26_1457,bc26
bc26_1458,bc26
bc26_1459,bc26
bc26_1460,bc26
bc26_1461,bc26
bc26_1462,bc26
bc26_1463,bc26
bc26_1464,bc26
bc26_1465,bc26
bc26_1466,bc26
bc26_1467,bc26
bc26_1468,bc26
bc26_1469,bc26
bc26_1470,bc26
bc26_1471,bc26
bc26_1472,bc26
bc26_1473,bc26
bc26_1474,bc26
bc26_1475,bc26
bc26_1476,bc26
bc26_1477,bc26
bc26_1478,bc26
bc26_1479,bc26
bc26_1480,bc26
bc26_1481,bc26
bc26_1482,bc26
bc26_1483,bc26
bc26_1484,bc26
bc26_1485,bc26
bc26_1486,bc26
bc26_1487,bc26
bc26_1488,bc26
bc26_1489,bc26
bc26_1490,bc26
bc26_1491,bc26
bc26_1492,bc26
bc26_1493,bc26
bc26_1494,bc26
bc26_1495,bc26
bc26_1496,bc26
bc26_1497,bc26
bc26_1498,bc26
bc26_1499,bc26
bc26_1500,bc26
bc26_1501,bc26
bc26_1502,bc26
bc26_1503,bc26
bc26_1504,bc26
bc26_1505,bc26
bc26_1506,bc26
bc26_1507,bc26
bc26_1508,bc26
bc26_1509,bc26
bc26_1510,bc26
bc26_1511,bc26
bc26_1512,bc26
bc26_1513,bc26
bc26_1514,bc26
bc26_1515,bc26
bc26_1516,bc26
bc26_1517,bc26
bc26_1518,bc26
bc26_1519,bc26
bc26_1520,bc26
bc26_1521,bc26
bc26_1522,bc26
bc26_1523,bc26
bc26_1524,bc26
bc26_1525,bc26
bc26_1526,bc26
bc26_1527,bc26
bc26_1528,bc26
bc26_1529,bc26
bc26_1530,bc26
bc26_1531,bc26
bc26_1532,bc26
bc26_1533,bc26
bc26_1534,bc26
bc26_1535,bc26
bc26_1536,bc26
bc26_1537,bc26
bc26_1538,bc26
bc26_1539,bc26
bc26_1540,bc26
bc26_1541,bc26
bc26_1542,bc26
bc26_1543,bc26
bc26_1544,bc26
bc26_1545,bc26
bc26_1546,bc26
bc26_1547,bc26
bc26_1548,bc26
bc26_1549,bc26
bc26_1550,bc26
bc26_1551,bc26
bc26_1552,bc26
bc26_1553,bc26
bc26_1554,bc26
bc26_1555,bc26
bc26_1556,bc26
bc26_1557,bc26
bc26_1558,bc26
bc26_1559,bc26
bc26_1560,bc26
bc26_1561,bc26
bc26_1562,bc26
bc26_1563,bc26
bc26_1564,bc26
bc26_1565,bc26
bc26_1566,bc26
bc26_1567,bc26
bc26_1568,bc26
bc26_1569,bc26
bc26_1570,bc26
bc26_1571,bc26
bc26_1572,bc26
bc26_1573,bc26
bc26_1574,bc26
bc26_1575,bc26
bc26_1576,bc26
bc26_1577,bc26
bc26_1578,bc26
bc26_1579,bc26
bc26_1580,bc26
bc26_1581,bc26
bc26_1582,bc26
bc26_1583,bc26
bc26_1584,bc26
bc26_1585,bc26
bc26_1586,bc26
bc26_1587,bc26
bc26_1588,bc26
bc26_1589,bc26
bc26_1590,bc26
bc26_1591,bc26
bc26_1592,bc26
bc26_1593,bc26
bc26_1594,bc26
bc26_1595,bc26
bc26_1596,bc26
bc26_1597,bc26
bc26_1598,bc26
bc26_1599,bc26
bc26_1600,bc26
bc26_1601,bc26
bc26_1602,bc26
bc26_1603,bc26
bc26_1604,bc26
bc26_1605,bc26
bc26_1606,bc26
bc26_1607,bc26
bc26_1608,bc26
bc26_1609,bc26
bc26_1610,bc26
bc26_1611,bc26
bc26_1612,bc26
bc26_1613,bc26
bc26_1614,bc26
bc26_1615,bc26
bc26_1616,bc26
bc26_1617,bc26
bc26_1618,bc26
bc26_1619,bc26
bc26_1620,bc26
bc26_1621,bc26
bc26_1622,bc26
bc26_1623,bc26
bc26_1624,bc26
bc26_1625,bc26
bc26_1626,bc26
bc26_1627,bc26
bc26_1628,bc26
bc26_1629,bc26
bc26_1630,bc26
bc26_1631,bc26
bc26_1632,bc26
bc26_1633,bc26
bc26_1634,bc26
bc26_1635,bc26
bc26_1636,bc26
bc26_1637,bc26
bc26_1638,bc26
bc26_1639,bc26
bc26_1640,bc26
bc26_1641,bc26
bc26_1642,bc26
bc26_1643,bc26
bc26_1644,bc26
bc26_1645,bc26
bc26_1646,bc26
bc26_1647,bc26
bc26_1648,bc26
bc26_1649,bc26
bc26_1650,bc26
bc26_1651,bc26
bc26_1652,bc26
bc26_1653,bc26
bc26_1654,bc26
bc26_1655,bc26
bc26_1656,bc26
bc26_1657,bc26
bc26_1658,bc26
bc26_1659,bc26
bc26_1660,bc26
bc26_1661,bc26
bc26_1662,bc26
bc26_1663,bc26
bc26_1664,bc26
bc26_1665,bc26
bc26_1666,bc26
bc26_1667,bc26
bc26_1668,bc26
bc26_1669,bc26
bc26_1670,bc26
bc26_1671,bc26
bc26_1672,bc26
bc26_1673,bc26
bc26_1674,bc26
bc26_1675,bc26
bc26_1676,bc26
bc26_1677,bc26
bc26_1678,bc26
bc26_1679,bc26
bc26_1680,bc26
bc26_1681,bc26
bc26_1682,bc26
bc26_1683,bc26
bc26_1684,bc26
bc26_1685,bc26
bc26_1686,bc26
bc26_1687,bc26
bc26_1688,bc26
bc26_1689,bc26
bc26_1690,bc26
bc26_1691,bc26
bc26_1692,bc26
bc26_1693,bc26
bc26_1694,bc26
bc26_1695,bc26
bc26_1696,bc26
bc26_1697,bc26
bc26_1698,bc26
bc26_1699,bc26
bc26_1700,bc26
bc26_1701,bc26
bc26_1702,bc26
bc26_1703,bc26
bc26_1704,bc26
bc26_1705,bc26
bc26_1706,bc26
bc26_1707,bc26
bc26_1708,bc26
bc26_1709,bc26
bc26_1710,bc26
bc26_1711,bc26
bc26_1712,bc26
bc26_1713,bc26
bc26_1714,bc26
bc26_1715,bc26
bc26_1716,bc26
bc26_1717,bc26
bc26_1718,bc26
bc26_1719,bc26
bc26_1720,bc26
bc26_1721,bc26
bc26_1722,bc26
bc26_1723,bc26
bc26_1724,bc26
bc26_1725,bc26
bc26_1726,bc26
bc26_1727,bc26
bc26_1728,bc26
bc26_1729,bc26
bc26_1730,bc26
bc26_1731,bc26
bc26_1732,bc26
bc26_1733,bc26
bc26_1734,bc26
bc26_1735,bc26
bc26_1736,bc26
bc26_1737,bc26
bc26_1738,bc26
bc26_1739,bc26
bc26_1740,bc26
bc26_1741,bc26
bc26_1742,bc26
bc26_1743,bc26
bc26_1744,bc26
bc26_1745,bc26
bc26_1746,bc26
bc26_1747,bc26
bc26_1748,bc26
bc26_1749,bc26
bc26_1750,bc26
bc26_1751,bc26
bc26_1752,Negative
bc26_1753,bc26
bc26_1754,bc26
bc26_1755,bc26
bc26_1756,bc26
bc26_1757,bc26
bc26_1758,bc26
bc26_1759,bc26
bc26_1760,bc26
bc26_1761,bc26
bc26_1762,bc26
bc26_1763,bc26
bc26_1764,bc26
bc26_1765,bc26
bc26_1766,bc26
bc26_1767,bc26
bc26_1768,bc26
bc26_1769,bc26
bc26_1770,bc26
bc26_1771,bc26
bc26_1772,bc26
bc26_1773,bc26
bc26_1774,bc26
bc26_1775,bc26
bc26_1776,bc26
bc26_1777,bc26
bc26_1778,bc26
bc26_1779,bc26
bc26_1780,bc26
bc26_1781,bc26
bc26_1782,bc26
bc26_1783,bc26
bc26_1784,bc26
bc26_1785,bc26
bc26_1786,bc26
bc26_1787,bc26
bc26_1788,bc26
bc26_1789,bc26
bc26_1790,bc26
bc26_1791,bc26
bc26_1792,bc26
bc26_1793,bc26
bc26_1794,bc26
bc26_1795,bc26
bc26_1796,bc26
bc26_1797,bc26
bc26_1798,bc26
bc26_1799,bc26
bc26_1800,bc26
bc26_1801,bc26
bc26_1802,bc26
bc26_1803,bc26
bc26_1804,bc26
bc26_1805,bc26
bc26_1806,bc26
bc26_1807,bc26
bc26_1808,bc26
bc26_1809,bc26
bc26_1810,bc26
bc26_1811,bc26
bc26_1812,bc26
bc26_1813,bc26
bc26_1814,bc26
bc26_1815,bc26
bc26_1816,bc26
bc26_1817,bc26
bc26_1818,bc26
bc26_1819,bc26
bc26_1820,bc26
bc26_1821,bc26
bc26_1822,bc26
bc26_1823,bc26
bc26_1824,bc26
bc26_1825,bc26
bc26_1826,bc26
bc26_1827,bc26
bc26_1828,bc26
bc26_1829,bc26
bc26_1830,bc26
bc26_1831,bc26
bc26_1832,bc26
bc26_1833,bc26
bc26_1834,bc26
bc26_1835,bc26
bc26_1836,bc26
bc26_1837,bc26
bc26_1838,bc26
bc26_1839,bc26
bc26_1840,bc26
bc26_1841,bc26
bc26_1842,bc26
bc26_1843,bc26
bc26_1844,bc26
bc26_1845,bc26
bc26_1846,bc26
bc26_1847,bc26
bc26_1848,bc26
bc26_1849,bc26
bc26_1850,bc26
bc26_1851,bc26
bc26_1852,bc26
bc26_1853,bc26
bc26_1854,bc26
bc26_1855,bc26
bc26_1856,bc26
bc26_1857,bc26
bc26_1858,bc26
bc26_1859,bc26
bc26_1860,bc26
bc26_1861,bc26
bc26_1862,bc26
bc26_1863,bc26
bc26_1864,bc26
bc26_1865,bc26
bc26_1866,bc26
bc26_1867,bc26
bc26_1868,bc26
bc26_1869,bc26
bc26_1870,bc26
bc26_1871,bc26
bc26_1872,bc26
bc26_1873,bc26
bc26_1874,bc26
bc26_1875,bc26
bc26_1876,bc26
bc26_1877,bc26
bc26_1878,bc26
bc26_1879,bc26
bc26_1880,bc26
bc26_1881,bc26
bc26_1882,bc26
bc26_1883,bc26
bc26_1884,bc26
bc26_1885,bc26
bc26_1886,bc26
bc26_1887,bc26
bc26_1888,bc26
bc26_1889,bc26
bc26_1890,bc26
bc26_1891,bc26
bc26_1892,bc26
bc26_1893,bc26
bc26_1894,bc26
bc26_1895,bc26
bc26_1896,bc26
bc26_1897,bc26
bc26_1898,bc26
bc26_1899,bc26
bc26_1900,bc26
bc26_1901,bc26
bc26_1902,bc26
bc26_1903,bc26
bc26_1904,bc26
bc26_1905,bc26
bc26_1906,bc26
bc26_1907,bc26
bc26_1908,bc26
bc26_1909,bc26
bc26_1910,bc26
bc26_1911,bc26
bc26_1912,bc26
bc26_1913,bc26
bc26_1914,bc26
bc26_1915,bc26
bc26_1916,bc26
bc26_1917,bc26
bc26_1918,bc26
bc26_1919,bc26
bc26_1920,bc26
bc26_1921,bc26
bc26_1922,bc26
bc26_1923,bc26
bc26_1924,bc26
bc26_1925,bc26
bc26_1926,bc26
bc26_1927,bc26
bc26_1928,bc26
bc26_1929,bc26
bc26_1930,bc26
bc26_1931,bc26
bc26_1932,bc26
bc26_1933,bc26
bc26_1934,bc26
bc26_1935,bc26
bc26_1936,bc26
bc26_1937,bc26
bc26_1938,bc26
bc26_1939,bc26
bc26_1940,bc26
bc26_1941,bc26
bc26_1942,bc26
bc26_1943,bc26
bc26_1944,bc26
bc26_1945,bc26
bc26_1946,bc26
bc26_1947,bc26
bc26_1948,bc26
bc26_1949,bc26
bc26_1950,bc26
bc26_1951,bc26
bc26_1952,bc26
bc26_1953,bc26
bc26_1954,bc26
bc26_1955,bc26
bc26_1956,bc26
bc26_1957,bc26
bc26_1958,bc26
bc26_1959,bc26
bc26_1960,bc26
bc26_1961,bc26
bc26_1962,bc26
bc26_1963,bc26
bc26_1964,bc26
bc26_1965,bc26
bc26_1966,bc26
bc26_1967,bc26
bc26_1968,bc26
bc26_1969,bc26
bc26_1970,bc26
bc26_1971,bc26
bc26_1972,bc26
bc26_1973,bc26
bc26_1974,bc26
bc26_1975,bc26
bc26_1976,bc26
bc26_1977,bc26
bc26_1978,bc26
bc26_1979,bc26
bc26_1980,bc26
bc26_1981,bc26
bc26_1982,bc26
bc26_1983,bc26
bc26_1984,bc26
bc26_1985,bc26
bc26_1986,bc26
bc26_1987,bc26
bc26_1988,bc26
bc26_1989,bc26
bc26_1990,bc26
bc26_1991,bc26
bc26_1992,bc26
bc26_1993,bc26
bc26_1994,bc26
bc26_1995,bc26
bc26_1996,bc26
bc26_1997,bc26
bc26_1998,bc26
bc26_1999,bc26
bc26_2000,bc26
bc26_2001,bc26
bc26_2002,bc26
bc26_2003,bc26
bc26_2004,bc26
bc26_2005,bc26
bc26_2006,bc26
bc26_2007,bc26
bc26_2008,bc26
bc26_2009,bc26
bc26_2010,bc26
bc26_2011,bc26
bc26_2012,bc26
bc26_2013,bc26
bc26_2014,bc26
bc26_2015,bc26
bc26_2016,bc26
bc26_2017,bc26
bc26_2018,bc26
bc26_2019,bc26
bc26_2020,bc26
bc26_2021,bc26
bc26_2022,bc26
bc26_2023,bc26
bc26_2024,bc26
bc26_2025,bc26
bc26_2026,bc26
bc26_2027,bc26
bc26_2028,bc26
bc26_2029,bc26
bc26_2030,bc26
bc26_2031,bc26
bc26_2032,bc26
bc26_2033,bc26
bc26_2034,bc26
bc26_2035,bc26
bc26_2036,bc26
bc26_2037,bc26
bc26_2038,bc26
bc26_2039,bc26
bc26_2040,bc26
bc26_2041,bc26
bc26_2042,bc26
bc26_2043,bc26
bc26_2044,bc26
bc26_2045,bc26
bc26_2046,bc26
bc26_2047,bc26
bc26_2048,bc26
bc26_2049,bc26
bc26_2050,bc26
bc26_2051,bc26
bc26_2052,bc26
bc26_2053,bc26
bc26_2054,bc26
bc26_2055,bc26
bc26_2056,bc26
bc26_2057,bc26
bc26_2058,bc26
bc26_2059,bc26
bc26_2060,bc26
bc26_2061,bc26
bc26_2062,bc26
bc26_2063,bc26
bc26_2064,bc26
bc26_2065,bc26
bc26_2066,bc26
bc26_2067,bc26
bc26_2068,bc26
bc26_2069,bc26
bc26_2070,bc26
bc26_2071,bc26
bc26_2072,bc26
bc26_2073,bc26
bc26_2074,bc26
bc26_2075,bc26
bc26_2076,bc26
bc26_2077,bc26
bc26_2078,bc26
bc26_2079,bc26
bc26_2080,bc26
bc26_2081,bc26
bc26_2082,bc26
bc26_2083,bc26
bc26_2084,bc26
bc26_2085,bc26
bc26_2086,bc26
bc26_2087,bc26
bc26_2088,bc26
bc26_2089,bc26
bc26_2090,bc26
bc26_2091,bc26
bc26_2092,bc26
bc26_2093,bc26
bc26_2094,bc26
bc26_2095,bc26
bc26_2096,bc26
bc26_2097,bc26
bc26_2098,bc26
bc26_2099,bc26
bc26_2100,bc26
bc26_2101,bc26
bc26_2102,bc26
bc26_2103,bc26
bc26_2104,bc26
bc26_2105,bc26
bc26_2106,bc26
bc26_2107,bc26
bc26_2108,bc26
bc26_2109,bc26
bc26_2110,bc26
bc26_2111,bc26
bc26_2112,bc26
bc26_2113,bc26
bc26_2114,bc26
bc26_2115,bc26
bc26_2116,bc26
bc26_2117,bc26
bc26_2118,bc26
bc26_2119,bc26
bc26_2120,bc26
bc26_2121,bc26
bc26_2122,bc26
bc26_2123,Multiplet
bc26_2124,bc26
bc26_2125,bc26
bc26_2126,bc26
bc26_2127,bc26
bc26_2128,bc26
bc26_2129,bc26
bc26_2130,bc26
bc26_2131,bc26
bc26_2132,bc26
bc26_2133,bc26
bc26_2134,bc26
bc26_2135,bc26
bc26_2136,bc26
bc26_2137,bc26
bc26_2138,bc26
bc26_2139,bc26
bc26_2140,bc26
bc26_2141,bc26
bc26_2142,bc26
bc26_2143,bc26
bc26_2144,bc26
bc26_2145,bc26
bc26_2146,bc26
bc26_2147,bc26
bc26_2148,bc26
bc26_2149,bc26
bc26_2150,bc26
bc26_2151,bc26
bc26_2152,bc26
bc26_2153,bc26
bc26_2154,bc26
bc26_2155,bc26
bc26_2156,bc26
bc26_2157,bc26
bc26_2158,bc26
bc26_2159,bc26
bc26_2160,bc26
bc26_2161,bc26
bc26_2162,bc26
bc26_2163,bc26
bc26_2164,bc26
bc26_2165,bc26
bc26_2166,bc26
bc26_2167,bc26
bc26_2168,bc26
bc26_2169,bc26
bc26_2170,bc26
bc26_2171,bc26
bc26_2172,bc26
bc26_2173,bc26
bc26_2174,bc26
bc26_2175,bc26
bc26_2176,bc26
bc26_2177,bc26
bc26_2178,bc26
bc26_2179,bc26
bc26_2180,bc26
bc26_2181,bc26
bc26_2182,bc26
bc26_2183,bc26
bc26_2184,bc26
bc26_2185,bc26
bc26_2186,bc26
bc26_2187,bc26
bc26_2188,bc26
bc26_2189,bc26
bc26_2190,bc26
bc26_2191,bc26
bc26_2192,bc26
bc26_2193,bc26
bc26_2194,bc26
bc26_2195,bc26
bc26_2196,bc26
bc26_2197,bc26
bc26_2198,bc26
bc26_2199,bc26
bc26_2200,bc26
bc26_2201,bc26
bc26_2202,bc26
bc26_2203,bc26
bc26_2204,bc26
bc26_2205,bc26
bc26_2206,bc26
bc26_2207,bc26
bc26_2208,bc26
bc26_2209,bc26
bc26_2210,bc26
bc26_2211,bc26
bc26_2212,bc26
bc26_2213,bc26
bc26_2214,bc26
bc26_2215,bc26
bc26_2216,bc26
bc26_2217,bc26
bc26_2218,bc26
bc26_2219,bc26
bc26_2220,bc26
bc26_2221,bc26
bc26_2222,bc26
bc26_2223,bc26
bc26_2224,bc26
bc26_2225,bc26
bc26_2226,bc26
bc26_2227,bc26
bc26_2228,bc26
bc26_2229,bc26
bc26_2230,bc26
bc26_2231,bc26
bc26_2232,bc26
bc26_2233,bc26
bc26_2234,bc26
bc26_2235,bc26
bc26_2236,bc26
bc26_2237,bc26
bc26_2238,bc26
bc26_2239,bc26
bc26_2240,bc26
bc26_2241,bc26
bc26_2242,bc26
bc26_2243,bc26
bc26_2244,bc26
bc26_2245,bc26
bc26_2246,bc26
bc26_2247,bc26
bc26_2248,bc26
bc26_2249,bc26
bc26_2250,bc26
bc26_2251,bc26
bc26_2252,bc26
bc26_2253,bc26
bc26_2254,bc26
bc26_2255,bc26
bc26_2256,bc26
bc26_2257,bc26
bc26_2258,bc26
bc26_2259,bc26
bc26_2260,bc26
bc26_2261,bc26
bc26_2262,bc26
bc26_2263,bc26
bc26_2264,bc26
bc26_2265,bc26
bc26_2266,bc26
bc26_2267,bc26
bc26_2268,bc26
bc26_2269,bc26
bc26_2270,bc26
bc26_2271,bc26
bc26_2272,bc26
bc26_2273,bc26
bc26_2274,bc26
bc26_2275,bc26
bc26_2276,bc26
bc26_2277,bc26
bc26_2278,bc26
bc26_2279,bc26
bc26_2280,bc26
bc26_2281,bc26
bc26_2282,bc26
bc26_2283,bc26
bc26_2284,bc26
bc26_2285,bc26
bc26_2286,bc26
bc26_2287,bc26
bc26_2288,bc26
bc26_2289,bc26
bc26_2290,bc26
bc26_2291,bc26
bc26_2292,bc26
bc26_2293,bc26
bc26_2294,bc26
bc26_2295,bc26
bc26_2296,bc26
bc26_2297,bc26
bc26_2298,bc26
bc26_2299,bc26
bc26_2300,bc26
bc26_2301,bc26
bc26_2302,bc26
bc26_2303,bc26
bc26_2304,bc26
bc26_2305,bc26
bc26_2306,bc26
bc26_2307,bc26
bc26_2308,bc26
bc26_2309,bc26
bc26_2310,bc26
bc26_2311,bc26
bc26_2312,bc26
bc26_2313,bc26
bc26_2314,bc26
bc26_2315,bc26
bc26_2316,bc26
bc26_2317,bc26
bc26_2318,bc26
bc26_2319,bc26
bc26_2320,bc26
bc26_2321,bc26
bc26_2322,bc26
bc26_2323,bc26
bc26_2324,bc26
bc26_2325,bc26
bc26_2326,bc26
bc26_2327,bc26
bc26_2328,bc26
bc26_2329,bc26
bc26_2330,bc26
bc26_2331,bc26
bc26_2332,bc26
bc26_2333,bc26
bc26_2334,bc26
bc26_2335,bc26
bc26_2336,bc26
bc26_2337,bc26
bc26_2338,bc26
bc26_2339,bc26
bc26_2340,bc26
bc26_2341,bc26
bc26_2342,bc26
bc26_2343,bc26
bc26_2344,bc26
bc26_2345,bc26
bc26_2346,bc26
bc26_2347,bc26
bc26_2348,bc26
bc26_2349,bc26
bc26_2350,bc26
bc26_2351,bc26
bc26_2352,bc26
bc26_2353,bc26
bc26_2354,bc26
bc26_2355,bc26
bc26_2356,bc26
bc26_2357,bc26
bc26_2358,bc26
bc26_2359,bc26
bc26_2360,bc26
bc26_2361,bc26
bc26_2362,bc26
bc26_2363,bc26
bc26_2364,bc26
bc26_2365,bc26
bc26_2366,bc26
bc26_2367,bc26
bc26_2368,bc26
bc26_2369,bc26
bc26_2370,bc26
bc26_2371,bc26
bc26_2372,bc26
bc26_2373,bc26
bc26_2374,bc26
bc26_2375,bc26
bc26_2376,bc26
bc26_2377,bc26
bc26_2378,bc26
bc26_2379,bc26
bc26_2380,bc26
bc26_2381,bc26
bc26_2382,bc26
bc26_2383,bc26
bc26_2384,bc26
bc26_2385,bc26
bc26_2386,bc26
bc26_2387,bc26
bc26_2388,bc26
bc26_2389,bc26
bc26_2390,bc26
bc26_2391,bc26
bc26_2392,bc26
bc26_2393,bc26
bc26_2394,bc26
bc26_2395,bc26
bc26_2396,bc26
bc26_2397,bc26
bc26_2398,bc26
bc26_2399,bc26
bc26_2400,bc26
bc26_2401,bc26
bc26_2402,bc26
bc26_2403,bc26
bc26_2404,bc26
bc26_2405,bc26
bc26_2406,bc26
bc26_2407,bc26
bc26_2408,bc26
bc26_2409,bc26
bc26_2410,bc26
bc26_2411,bc26
bc26_2412,bc26
bc26_2413,bc26
bc26_2414,bc26
bc26_2415,bc26
bc26_2416,bc26
bc26_2417,bc26
bc26_2418,bc26
bc26_2419,bc26
bc26_2420,bc26
bc26_2421,bc26
bc26_2422,bc26
bc26_2423,bc26
bc26_2424,bc26
bc26_2425,bc26
bc26_2426,bc26
bc26_2427,bc26
bc26_2428,bc26
bc26_2429,bc26
bc26_2430,bc26
bc26_2431,bc26
bc26_2432,bc26
bc26_2433,bc26
bc26_2434,bc26
bc26_2435,bc26
bc26_2436,bc26
bc26_2437,bc26
bc26_2438,bc26
bc26_2439,bc26
bc26_2440,bc26
bc26_2441,bc26
bc26_2442,bc26
bc26_2443,bc26
bc26_2444,bc26
bc26_2445,bc26
bc26_2446,bc26
bc26_2447,bc26
bc26_2448,bc26
bc26_2449,bc26
bc26_2450,bc26
bc26_2451,bc26
bc26_2452,bc26
bc26_2453,bc26
bc26_2454,bc26
bc26_2455,bc26
bc26_2456,bc26
bc26_2457,bc26
bc26_2458,bc26
bc26_2459,bc26
bc26_2460,bc26
bc26_2461,bc26
bc26_2462,bc26
bc26_2463,bc26
bc26_2464,bc26
bc26_2465,bc26
bc26_2466,bc26
bc26_2467,bc26
bc26_2468,bc26
bc26_2469,bc26
bc26_2470,bc26
bc26_2471,bc26
bc26_2472,bc26
bc26_2473,bc26
bc26_2474,bc26
bc26_2475,bc26
bc26_2476,bc26
bc26_2477,bc26
bc26_2478,bc26
bc26_2479,bc26
bc26_2480,bc26
bc26_2481,bc26
bc26_2482,bc26
bc26_2483,bc26
bc26_2484,bc26
bc26_2485,bc26
bc26_2486,bc26
bc26_2487,bc26
bc26_2488,bc26
bc26_2489,bc26
bc26_2490,bc26
bc26_2491,bc26
bc26_2492,bc26
bc26_2493,bc26
bc26_2494,bc26
bc26_2495,bc26
bc26_2496,bc26
bc26_2497,bc26
bc26_2498,bc26
bc26_2499,bc26
bc26_2500,bc26
bc26_2501,bc26
bc26_2502,bc26
bc26_2503,bc26
bc26_2504,bc26
bc26_2505,bc26
bc26_2506,bc26
bc26_2507,bc26
bc26_2508,bc26
bc26_2509,bc26
bc26_2510,bc26
bc26_2511,bc26
bc26_2512,bc26
bc26_2513,bc26
bc26_2514,bc26
bc26_2515,bc26
bc26_2516,bc26
bc26_2517,bc26
bc26_2518,bc26
bc26_2519,bc26
bc26_2520,bc26
bc26_2521,bc26
bc26_2522,bc26
bc26_2523,bc26
bc26_2524,bc26
bc26_2525,bc26
bc26_2526,bc26
bc26_2527,bc26
bc26_2528,bc26
bc26_2529,bc26
bc26_2530,bc26
bc26_2531,bc26
bc26_2532,bc26
bc26_2533,bc26
bc26_2534,bc26
bc26_2535,bc26
bc26_2536,Negative
bc26_2537,bc26
bc26_2538,bc26
bc26_2539,bc26
bc26_2540,bc26
bc26_2541,bc26
bc26_2542,bc26
bc26_2543,bc26
bc26_2544,bc26
bc26_2545,bc26
bc26_2546,bc26
bc26_2547,bc26
bc26_2548,bc26
bc26_2549,bc26
bc26_2550,bc26
bc26_2551,bc26
bc26_2552,bc26
bc26_2553,bc26
bc26_2554,bc26
bc26_2555,bc26
bc26_2556,bc26
bc26_2557,bc26
bc26_2558,bc26
bc26_2559,bc26
bc26_2560,bc26
bc26_2561,bc26
bc26_2562,bc26
bc26_2563,bc26
bc26_2564,bc26
bc26_2565,bc26
bc26_2566,bc26
bc26_2567,bc26
bc26_2568,bc26
bc26_2569,bc26
bc26_2570,bc26
bc26_2571,bc26
bc26_2572,bc26
bc26_2573,bc26
bc26_2574,bc26
bc26_2575,bc26
bc26_2576,bc26
bc26_2577,bc26
bc26_2578,bc26
bc26_2579,bc26
bc26_2580,bc26
bc26_2581,bc26
bc26_2582,bc26
bc26_2583,bc26
bc26_2584,bc26
bc26_2585,bc26
bc26_2586,bc26
bc26_2587,bc26
bc26_2588,bc26
bc26_2589,bc26
bc26_2590,bc26
bc26_2591,bc26
bc26_2592,bc26
bc26_2593,bc26
bc26_2594,bc26
bc26_2595,bc26
bc26_2596,bc26
bc26_2597,bc26
bc26_2598,bc26
bc26_2599,bc26
bc26_2600,bc26
bc26_2601,bc26
bc26_2602,bc26
bc26_2603,bc26
bc26_2604,bc26
bc26_2605,bc26
bc26_2606,bc26
bc26_2607,bc26
bc26_2608,bc26
bc26_2609,bc26
bc26_2610,bc26
bc26_2611,bc26
bc26_2612,bc26
bc26_2613,bc26
bc26_2614,bc26
bc26_2615,bc26
bc26_2616,bc26
bc26_2617,bc26
bc26_2618,bc26
bc26_2619,bc26
bc26_2620,bc26
bc26_2621,bc26
bc26_2622,bc26
bc26_2623,bc26
bc26_2624,bc26
bc26_2625,bc26
bc26_2626,bc26
bc26_2627,bc26
bc26_2628,bc26
bc26_2629,bc26
bc26_2630,bc26
bc26_2631,bc26
bc26_2632,bc26
bc26_2633,bc26
bc26_2634,bc26
bc26_2635,bc26
bc26_2636,bc26
bc26_2637,bc26
bc26_2638,bc26
bc26_2639,bc26
bc26_2640,bc26
bc26_2641,bc26
bc26_2642,bc26
bc26_2643,bc26
bc26_2644,bc26
bc26_2645,bc26
bc26_2646,bc26
bc26_2647,bc26
bc26_2648,bc26
bc26_2649,bc26
bc26_2650,bc26
bc26_2651,bc26
bc26_2652,bc26
bc26_2653,bc26
bc26_2654,bc26
bc26_2655,bc26
bc26_2656,bc26
bc26_2657,bc26
bc26_2658,bc26
bc26_2659,bc26
bc26_2660,bc26
bc26_2661,bc26
bc26_2662,bc26
bc26_2663,bc26
bc26_2664,bc26
bc26_2665,bc26
bc26_2666,bc26
bc26_2667,bc26
bc26_2668,bc26
bc26_2669,bc26
bc26_2670,bc26
bc26_2671,bc26
bc26_2672,bc26
bc26_2673,bc26
bc26_2674,bc26
bc26_2675,bc26
bc26_2676,bc26
bc26_2677,bc26
bc26_2678,bc26
bc26_2679,bc26
bc26_2680,bc26
bc26_2681,bc26
bc26_2682,bc26
bc26_2683,bc26
bc26_2684,bc26
bc26_2685,bc26
bc26_2686,bc26
bc26_2687,bc26
bc26_2688,bc26
bc26_2689,bc26
bc26_2690,bc26
bc26_2691,bc26
bc26_2692,bc26
bc26_2693,bc26
bc26_2694,bc26
bc26_2695,bc26
bc26_2696,bc26
bc26_2697,bc26
bc26_2698,bc26
bc26_2699,bc26
bc26_2700,bc26
bc26_2701,bc26
bc26_2702,bc26
bc26_2703,bc26
bc26_2704,bc26
bc26_2705,bc26
bc26_2706,bc26
bc26_2707,bc26
bc26_2708,bc26
bc26_2709,bc26
bc26_2710,bc26
bc26_2711,bc26
bc26_2712,bc26
bc26_2713,bc26
bc26_2714,bc26
bc26_2715,bc26
bc26_2716,bc26
bc26_2717,bc26
bc26_2718,bc26
bc26_2719,bc26
bc26_2720,bc26
bc26_2721,bc26
bc26_2722,bc26
bc26_2723,bc26
bc26_2724,bc26
bc26_2725,bc26
bc26_2726,bc26
bc26_2727,bc26
bc26_2728,bc26
bc26_2729,bc26
bc26_2730,bc26
bc26_2731,bc26
bc26_2732,bc26
bc26_2733,bc26
bc26_2734,bc26
bc26_2735,bc26
bc26_2736,bc26
bc26_2737,bc26
bc26_2738,bc26
bc26_2739,bc26
bc26_2740,bc26
bc26_2741,bc26
bc26_2742,bc26
bc26_2743,bc26
bc26_2744,bc26
bc26_2745,bc26
bc26_2746,bc26
bc26_2747,bc26
bc26_2748,bc26
bc26_2749,bc26
bc26_2750,bc26
bc26_2751,bc26
bc26_2752,bc26
bc26_2753,bc26
bc26_2754,bc26
bc26_2755,bc26
bc26_2756,bc26
bc26_2757,bc26
bc26_2758,bc26
bc26_2759,bc26
bc26_2760,bc26
bc26_2761,bc26
bc26_2762,bc26
bc26_2763,bc26
bc26_2764,bc26
bc26_2765,bc26
bc26_2766,bc26
bc26_2767,bc26
bc26_2768,bc26
bc26_2769,bc26
bc26_2770,bc26
bc26_2771,bc26
bc26_2772,bc26
bc26_2773,bc26
bc26_2774,bc26
bc26_2775,bc26
bc26_2776,bc26
bc26_2777,bc26
bc26_2778,bc26
bc26_2779,bc26
bc26_2780,bc26
bc26_2781,bc26
bc26_2782,bc26
bc26_2783,bc26
bc26_2784,bc26
bc26_2785,bc26
bc26_2786,bc26
bc26_2787,bc26
bc26_2788,bc26
bc26_2789,bc26
bc26_2790,bc26
bc26_2791,bc26
bc26_2792,bc26
bc26_2793,bc26
bc26_2794,bc26
bc26_2795,bc26
bc26_2796,bc26
bc26_2797,bc26
bc26_2798,bc26
bc26_2799,bc26
bc26_2800,bc26
bc26_2801,bc26
bc26_2802,bc26
bc26_2803,bc26
bc26_2804,bc26
bc26_2805,bc26
bc26_2806,bc26
bc26_2807,bc26
bc26_2808,bc26
bc26_2809,bc26
bc26_2810,bc26
bc26_2811,bc26
bc26_2812,bc26
bc26_2813,bc26
bc26_2814,bc26
bc26_2815,bc26
bc26_2816,bc26
bc26_2817,bc26
bc26_2818,bc26
bc26_2819,bc26
bc26_2820,bc26
bc26_2821,bc26
bc26_2822,bc26
bc26_2823,bc26
bc26_2824,bc26
bc26_2825,bc26
bc26_2826,bc26
bc26_2827,bc26
bc26_2828,bc26
bc26_2829,bc26
bc26_2830,bc26
bc26_2831,bc26
bc26_2832,bc26
bc26_2833,bc26
bc26_2834,bc26
bc26_2835,bc26
bc26_2836,bc26
bc26_2837,Multiplet
bc26_2838,bc26
bc26_2839,bc26
bc26_2840,bc26
bc26_2841,bc26
bc26_2842,bc26
bc26_2843,bc26
bc26_2844,bc26
bc26_2845,bc26
bc26_2846,bc26
bc26_2847,bc26
bc26_2848,bc26
bc26_2849,bc26
bc26_2850,bc26
bc26_2851,bc26
bc26_2852,bc26
bc26_2853,bc26
bc26_2854,bc26
bc26_2855,bc26
bc26_2856,bc26
bc26_2857,bc26
bc26_2858,bc26
bc26_2859,bc26
bc26_2860,bc26
bc26_2861,bc26
bc26_2862,bc26
bc26_2863,bc26
bc26_2864,bc26
bc26_2865,bc26
bc26_2866,bc26
bc26_2867,bc26
bc26_2868,bc26
bc26_2869,bc26
bc26_2870,bc26
bc26_2871,bc26
bc26_2872,bc26
bc26_2873,bc26
bc26_2874,bc26
bc26_2875,bc26
bc26_2876,bc26
bc26_2877,bc26
bc26_2878,bc26
bc26_2879,bc26
bc26_2880,bc26
bc26_2881,bc26
bc26_2882,bc26
bc26_2883,bc26
bc26_2884,bc26
bc26_2885,bc26
bc26_2886,bc26
bc26_2887,bc26
bc26_2888,bc26
bc26_2889,bc26
bc26_2890,bc26
bc26_2891,bc26
bc26_2892,bc26
bc26_2893,bc26
bc26_2894,bc26
bc26_2895,bc26
bc26_2896,bc26
bc26_2897,bc26
bc26_2898,bc26
bc26_2899,bc26
bc26_2900,bc26
bc26_2901,bc26
bc26_2902,bc26
bc26_2903,bc26
bc26_2904,bc26
bc26_2905,bc26
bc26_2906,bc26
bc26_2907,bc26
bc26_2908,bc26
bc26_2909,bc26
bc26_2910,bc26
bc26_2911,bc26
bc26_2912,bc26
bc26_2913,bc26
bc26_2914,bc26
bc26_2915,bc26
bc26_2916,bc26
bc26_2917,bc26
bc26_2918,bc26
bc26_2919,bc26
bc26_2920,bc26
bc26_2921,bc26
bc26_2922,bc26
bc26_2923,bc26
bc26_2924,bc26
bc26_2925,bc26
bc26_2926,bc26
bc26_2927,bc26
bc26_2928,bc26
bc26_2929,bc26
bc26_2930,bc26
bc26_2931,bc26
bc26_2932,bc26
bc26_2933,bc26
bc26_2934,bc26
bc26_2935,bc26
bc26_2936,bc26
bc26_2937,bc26
bc26_2938,bc26
bc26_2939,bc26
bc26_2940,bc26
bc26_2941,bc26
bc26_2942,bc26
bc26_2943,bc26
bc26_2944,bc26
bc26_2945,bc26
bc26_2946,bc26
bc26_2947,bc26
bc26_2948,bc26
bc26_2949,bc26
bc26_2950,bc26
bc26_2951,bc26
bc26_2952,bc26
bc26_2953,bc26
bc26_2954,bc26
bc26_2955,bc26
bc26_2956,bc26
bc26_2957,bc26
bc26_2958,bc26
bc26_2959,bc26
bc26_2960,bc26
bc26_2961,bc26
bc26_2962,bc26
bc26_2963,bc26
bc26_2964,bc26
bc26_2965,bc26
bc26_2966,bc26
bc26_2967,bc26
bc26_2968,bc26
bc26_2969,bc26
bc26_2970,bc26
bc26_2971,bc26
bc26_2972,bc26
bc26_2973,bc26
bc26_2974,bc26
bc26_2975,bc26
bc26_2976,bc26
bc26_2977,bc26
bc26_2978,bc26
bc26_2979,bc26
bc26_2980,bc26
bc26_2981,bc26
bc26_2982,bc26
bc26_2983,bc26
bc26_2984,bc26
bc26_2985,bc26
bc26_2986,bc26
bc26_2987,Multiplet
bc26_2988,bc26
bc26_2989,bc26
bc26_2990,bc26
bc26_2991,bc26
bc26_2992,bc26
bc26_2993,bc26
bc26_2994,bc26
bc26_2995,bc26
bc26_2996,bc26
bc26_2997,bc26
bc26_2998,bc26
bc26_2999,bc26
bc26_3000,bc26
bc27_1,bc27
bc27_2,bc27
bc27_3,bc27
bc27_4,bc27
bc27_5,bc27
bc27_6,bc27
bc27_7,bc27
bc27_8,Multiplet
bc27_9,bc27
bc27_10,bc27
bc27_11,bc27
bc27_12,bc27
bc27_13,bc27
bc27_14,bc27
bc27_15,bc27
bc27_16,bc27
bc27_17,bc27
bc27_18,bc27
bc27_19,bc27
bc27_20,bc27
bc27_21,bc27
bc27_22,bc27
bc27_23,bc27
bc27_24,bc27
bc27_25,bc27
bc27_26,bc27
bc27_27,bc27
bc27_28,bc27
bc27_29,bc27
bc27_30,bc27
bc27_31,bc27
bc27_32,bc27
bc27_33,bc27
bc27_34,bc27
bc27_35,bc27
bc27_36,bc27
bc27_37,bc27
bc27_38,bc27
bc27_39,bc27
bc27_40,bc27
bc27_41,bc27
bc27_42,bc27
bc27_43,bc27
bc27_44,bc27
bc27_45,bc27
bc27_46,bc27
bc27_47,bc27
bc27_48,bc27
bc27_49,bc27
bc27_50,bc27
bc27_51,bc27
bc27_52,bc27
bc27_53,bc27
bc27_54,bc27
bc27_55,bc27
bc27_56,bc27
bc27_57,bc27
bc27_58,bc27
bc27_59,bc27
bc27_60,bc27
bc27_61,bc27
bc27_62,bc27
bc27_63,bc27
bc27_64,bc27
bc27_65,bc27
bc27_66,bc27
bc27_67,bc27
bc27_68,bc27
bc27_69,bc27
bc27_70,bc27
bc27_71,bc27
bc27_72,bc27
bc27_73,bc27
bc27_74,bc27
bc27_75,bc27
bc27_76,bc27
bc27_77,bc27
bc27_78,bc27
bc27_79,bc27
bc27_80,bc27
bc27_81,bc27
bc27_82,bc27
bc27_83,bc27
bc27_84,bc27
bc27_85,bc27
bc27_86,bc27
bc27_87,bc27
bc27_88,bc27
bc27_89,bc27
bc27_90,bc27
bc27_91,bc27
bc27_92,bc27
bc27_93,bc27
bc27_94,bc27
bc27_95,bc27
bc27_96,bc27
bc27_97,bc27
bc28_1,bc28
bc28_2,bc28
bc28_3,bc28
bc28_4,bc28
bc28_5,bc28
bc28_6,bc28
bc28_7,bc28
bc28_8,bc28
bc28_9,bc28
bc28_10,bc28
bc28_11,bc28
bc28_12,bc28
bc28_13,bc28
bc28_14,bc28
bc28_15,bc28
bc28_16,bc28
bc28_17,bc28
bc28_18,bc28
bc28_19,bc28
bc28_20,bc28
bc28_21,bc28
bc28_22,bc28
bc28_23,bc28
bc28_24,bc28
bc28_25,bc28
bc28_26,bc28
bc28_27,bc28
bc28_28,bc28
bc28_29,bc28
bc28_30,bc28
bc28_31,bc28
bc28_32,bc28
bc28_33,bc28
bc28_34,bc28
bc28_35,bc28
bc28_36,bc28
bc28_37,bc28
bc28_38,bc28
bc28_39,bc28
bc28_40,bc28
bc28_41,bc28
bc28_42,bc28
bc28_43,bc28
bc28_44,bc28
bc28_45,bc28
bc28_46,bc28
bc28_47,bc28
bc28_48,bc28
bc28_49,bc28
bc28_50,bc28
bc28_51,bc28
bc28_52,bc28
bc28_53,bc28
bc28_54,bc28
bc28_55,bc28
bc28_56,bc28
bc28_57,bc28
bc28_58,bc28
bc28_59,bc28
bc28_60,bc28
bc28_61,bc28
bc28_62,bc28
bc28_63,bc28
bc28_64,bc28
bc28_65,bc28
bc28_66,bc28
bc28_67,bc28
bc28_68,bc28
bc28_69,bc28
bc28_70,bc28
bc28_71,bc28
bc28_72,bc28
bc28_73,bc28
bc28_74,bc28
bc28_75,bc28
bc28_76,bc28
bc28_77,bc28
bc28_78,bc28
bc28_79,bc28
bc28_80,bc28
bc28_81,bc28
bc28_82,bc28
bc28_83,bc28
bc28_84,bc28
bc28_85,bc28
bc28_86,bc28
bc28_87,bc28
bc28_88,bc28
bc28_89,bc28
bc28_90,bc28
bc28_91,bc28
bc28_92,bc28
bc28_93,bc28
bc28_94,bc28
bc28_95,bc28
bc28_96,bc28
bc28_97,bc28
bc28_98,bc28
bc28_99,bc28
bc28_100,bc28
bc28_101,bc28
bc28_102,bc28
bc28_103,bc28
bc28_104,bc28
bc28_105,bc28
bc28_106,bc28
bc28_107,bc28
bc28_108,bc28
bc28_109,bc28
bc28_110,bc28
bc28_111,bc28
bc28_112,bc28
bc28_113,bc28
bc28_114,bc28
bc28_115,bc28
bc28_116,bc28
bc28_117,bc28
bc28_118,bc28
bc28_119,bc28
bc28_120,bc28
bc28_121,bc28
bc28_122,bc28
bc28_123,bc28
bc28_124,bc28
bc28_125,bc28
bc28_126,bc28
bc28_127,bc28
bc28_128,bc28
bc28_129,bc28
bc28_130,bc28
bc28_131,bc28
bc28_132,bc28
bc28_133,bc28
bc28_134,bc28
bc28_135,bc28
bc28_136,bc28
bc28_137,bc28
bc28_138,bc28
bc28_139,bc28
bc28_140,bc28
bc28_141,bc28
bc28_142,bc28
bc28_143,bc28
bc28_144,bc28
bc28_145,bc28
bc28_146,bc28
bc28_147,bc28
bc28_148,bc28
bc28_149,bc28
bc28_150,bc28
bc28_151,bc28
bc28_152,bc28
bc28_153,bc28
bc28_154,bc28
bc28_155,bc28
bc28_156,bc28
bc28_157,bc28
bc28_158,bc28
bc28_159,bc28
bc28_160,bc28
bc28_161,bc28
bc28_162,bc28
bc28_163,bc28
bc28_164,bc28
bc28_165,bc28
bc28_166,bc28
bc28_167,bc28
bc28_168,bc28
bc28_169,bc28
bc28_170,bc28
bc28_171,bc28
bc28_172,bc28
bc28_173,bc28
bc28_174,bc28
bc28_175,bc28
bc28_176,bc28
bc28_177,bc28
bc28_178,bc28
bc28_179,bc28
bc28_180,bc28
bc28_181,bc28
bc28_182,Multiplet
bc28_183,bc28
bc28_184,bc28
bc28_185,bc28
bc28_186,bc28
bc28_187,bc28
bc28_188,bc28
bc28_189,bc28
bc28_190,bc28
bc28_191,bc28
bc28_192,bc28
bc28_193,bc28
bc28_194,bc28
bc28_195,bc28
bc28_196,bc28
bc28_197,bc28
bc28_198,bc28
bc28_199,bc28
bc28_200,bc28
bc28_201,bc28
bc28_202,bc28
bc28_203,bc28
bc28_204,bc28
bc28_205,bc28
bc28_206,bc28
bc28_207,bc28
bc28_208,bc28
bc28_209,bc28
bc28_210,bc28
bc28_211,bc28
bc28_212,bc28
bc28_213,bc28
bc28_214,bc28
bc28_215,bc28
bc28_216,bc28
bc28_217,bc28
bc28_218,bc28
bc28_219,bc28
bc28_220,bc28
bc28_221,bc28
bc28_222,bc28
bc28_223,bc28
bc28_224,bc28
bc28_225,bc28
bc28_226,bc28
bc28_227,bc28
bc28_228,bc28
bc28_229,bc28
bc28_230,bc28
bc28_231,bc28
bc28_232,bc28
bc28_233,bc28
bc28_234,bc28
bc28_235,bc28
bc28_236,bc28
bc28_237,bc28
bc28_238,bc28
bc28_239,bc28
bc28_240,bc28
bc28_241,bc28
bc28_242,bc28
bc28_243,bc28
bc28_244,bc28
bc28_245,bc28
bc28_246,bc28
bc28_247,bc28
bc28_248,bc28
bc28_249,bc28
bc28_250,bc28
bc28_251,bc28
bc28_252,bc28
bc28_253,bc28
bc28_254,bc28
bc28_255,bc28
bc28_256,bc28
bc28_257,bc28
bc28_258,bc28
bc28_259,bc28
bc28_260,bc28
bc28_261,bc28
bc28_262,bc28
bc28_263,bc28
bc28_264,bc28
bc28_265,bc28
bc28_266,bc28
bc28_267,Negative
bc28_268,bc28
bc28_269,bc28
bc28_270,bc28
bc28_271,bc28
bc28_272,bc28
bc28_273,bc28
bc28_274,bc28
bc28_275,bc28
bc28_276,bc28
bc28_277,bc28
bc28_278,bc28
bc28_279,bc28
bc28_280,bc28
bc28_281,bc28
bc28_282,bc28
bc28_283,bc28
bc28_284,bc28
bc28_285,bc28
bc28_286,bc28
bc28_287,bc28
bc28_288,bc28
bc28_289,bc28
bc28_290,bc28
bc28_291,bc28
bc28_292,bc28
bc28_293,bc28
bc28_294,bc28
bc28_295,bc28
bc28_296,bc28
bc28_297,bc28
bc28_298,bc28
bc28_299,bc28
bc28_300,bc28
bc28_301,bc28
bc28_302,bc28
bc28_303,bc28
bc28_304,bc28
bc28_305,bc28
bc28_306,bc28
bc28_307,bc28
bc28_308,bc28
bc28_309,bc28
bc28_310,bc28
bc28_311,bc28
bc28_312,bc28
bc28_313,bc28
bc28_314,bc28
bc28_315,bc28
bc28_316,bc28
bc28_317,bc28
bc28_318,bc28
bc28_319,bc28
bc28_320,bc28
bc28_321,bc28
bc28_322,bc28
bc28_323,bc28
bc28_324,bc28
bc28_325,bc28
bc28_326,bc28
bc28_327,bc28
bc28_328,bc28
bc28_329,bc28
bc28_330,bc28
bc28_331,bc28
bc28_332,bc28
bc28_333,bc28
bc28_334,bc28
bc28_335,bc28
bc28_336,bc28
bc28_337,bc28
bc28_338,bc28
bc28_339,bc28
bc28_340,bc28
bc28_341,bc28
bc28_342,bc28
bc28_343,bc28
bc28_344,bc28
bc28_345,bc28
bc28_346,bc28
bc28_347,bc28
bc28_348,bc28
bc28_349,bc28
bc28_350,bc28
bc28_351,bc28
bc28_352,bc28
bc28_353,bc28
bc28_354,bc28
bc28_355,bc28
bc28_356,bc28
bc28_357,bc28
bc28_358,bc28
bc28_359,bc28
bc28_360,bc28
bc28_361,bc28
bc28_362,bc28
bc28_363,bc28
bc28_364,bc28
bc28_365,Multiplet
bc28_366,bc28
bc28_367,bc28
bc28_368,bc28
bc28_369,bc28
bc28_370,bc28
bc28_371,bc28
bc28_372,Negative
bc28_373,bc28
bc28_374,bc28
bc28_375,bc28
bc28_376,bc28
bc28_377,bc28
bc28_378,bc28
bc28_379,bc28
bc28_380,bc28
bc28_381,bc28
bc28_382,bc28
bc28_383,bc28
bc28_384,bc28
bc28_385,bc28
bc28_386,bc28
bc28_387,bc28
bc28_388,bc28
bc28_389,bc28
bc28_390,bc28
bc28_391,bc28
bc28_392,bc28
bc28_393,bc28
bc28_394,bc28
bc28_395,bc28
bc28_396,bc28
bc28_397,bc28
bc28_398,bc28
bc28_399,bc28
bc28_400,bc28
bc28_401,bc28
bc28_402,bc28
bc28_403,bc28
bc28_404,bc28
bc28_405,bc28
bc28_406,bc28
bc28_407,bc28
bc28_408,bc28
bc28_409,bc28
bc28_410,bc28
bc28_411,bc28
bc28_412,bc28
bc28_413,bc28
bc28_414,bc28
bc28_415,bc28
bc28_416,bc28
bc28_417,bc28
bc28_418,bc28
bc28_419,bc28
bc28_420,bc28
bc28_421,bc28
bc28_422,bc28
bc28_423,bc28
bc28_424,bc28
bc28_425,bc28
bc28_426,bc28
bc28_427,bc28
bc28_428,bc28
bc28_429,bc28
bc28_430,bc28
bc28_431,bc28
bc28_432,bc28
bc28_433,bc28
bc28_434,bc28
bc28_435,bc28
bc28_436,bc28
bc28_437,bc28
bc28_438,Multiplet
bc28_439,bc28
bc28_440,bc28
bc28_441,bc28
bc28_442,bc28
bc28_443,bc28
bc28_444,bc28
bc28_445,bc28
bc28_446,bc28
bc28_447,bc28
bc28_448,bc28
bc28_449,bc28
bc28_450,bc28
bc28_451,bc28
bc28_452,bc28
bc28_453,bc28
bc28_454,bc28
bc28_455,bc28
bc28_456,bc28
bc28_457,bc28
bc28_458,bc28
bc28_459,bc28
bc28_460,bc28
bc28_461,bc28
bc28_462,bc28
bc28_463,bc28
bc28_464,bc28
bc28_465,bc28
bc28_466,bc28
bc28_467,bc28
bc28_468,bc28
bc28_469,bc28
bc28_470,bc28
bc28_471,bc28
bc28_472,bc28
bc28_473,bc28
bc28_474,bc28
bc28_475,bc28
bc28_476,bc28
bc28_477,bc28
bc28_478,bc28
bc28_479,bc28
bc28_480,bc28
bc28_481,bc28
bc28_482,bc28
bc28_483,bc28
bc28_484,bc28
bc28_485,bc28
bc28_486,bc28
bc28_487,bc28
bc28_488,bc28
bc28_489,bc28
bc28_490,bc28
bc28_491,bc28
bc28_492,bc28
bc28_493,bc28
bc28_494,bc28
bc28_495,bc28
bc28_496,bc28
bc28_497,bc28
bc28_498,bc28
bc28_499,bc28
bc28_500,bc28
bc28_501,bc28
bc28_502,bc28
bc28_503,bc28
bc28_504,bc28
bc28_505,bc28
bc28_506,bc28
bc28_507,bc28
bc29_1,bc29
bc29_2,bc29
bc29_3,bc29
bc29_4,bc29
bc29_5,bc29
bc29_6,bc29
bc29_7,bc29
bc29_8,bc29
bc29_9,bc29
bc29_10,bc29
bc29_11,bc29
bc29_12,bc29
bc29_13,bc29
bc29_14,bc29
bc29_15,bc29
bc29_16,bc29
bc29_17,bc29
bc29_18,bc29
bc29_19,bc29
bc29_20,bc29
bc29_21,bc29
bc29_22,bc29
bc29_23,bc29
bc29_24,bc29
bc29_25,bc29
bc29_26,bc29
bc29_27,bc29
bc29_28,bc29
bc29_29,bc29
bc29_30,bc29
bc29_31,bc29
bc29_32,bc29
bc29_33,bc29
bc29_34,bc29
bc29_35,bc29
bc29_36,bc29
bc29_37,bc29
bc29_38,bc29
bc29_39,bc29
bc29_40,bc29
bc29_41,bc29
bc29_42,bc29
bc29_43,bc29
bc29_44,bc29
bc29_45,bc29
bc29_46,bc29
bc29_47,bc29
bc29_48,bc29
bc29_49,bc29
bc29_50,bc29
bc29_51,bc29
bc29_52,bc29
bc29_53,bc29
bc29_54,bc29
bc29_55,bc29
bc29_56,bc29
bc29_57,bc29
bc29_58,bc29
bc29_59,bc29
bc29_60,bc29
bc29_61,bc29
bc29_62,bc29
bc29_63,bc29
bc29_64,bc29
bc29_65,bc29
bc29_66,bc29
bc29_67,bc29
bc29_68,bc29
bc29_69,bc29
bc29_70,bc29
bc29_71,bc29
bc29_72,bc29
bc29_73,bc29
bc29_74,bc29
bc29_75,bc29
bc29_76,bc29
bc29_77,bc29
bc29_78,bc29
bc29_79,bc29
bc29_80,bc29
bc29_81,bc29
bc29_82,bc29
bc29_83,bc29
bc29_84,bc29
bc29_85,Negative
bc29_86,bc29
bc29_87,bc29
bc29_88,bc29
bc29_89,bc29
bc29_90,bc29
bc29_91,bc29
bc29_92,bc29
bc29_93,bc29
bc29_94,bc29
bc29_95,bc29
bc29_96,bc29
bc29_97,bc29
bc29_98,bc29
bc29_99,bc29
bc29_100,bc29
bc29_101,bc29
bc29_102,Multiplet
bc29_103,bc29
bc29_104,bc29
bc29_105,bc29
bc29_106,bc29
bc29_107,bc29
bc29_108,bc29
bc29_109,bc29
bc29_110,bc29
bc29_111,bc29
bc29_112,bc29
bc29_113,bc29
bc29_114,bc29
bc29_115,bc29
bc29_116,bc29
bc29_117,bc29
bc29_118,bc29
bc29_119,bc29
bc29_120,bc29
bc29_121,bc29
bc29_122,bc29
bc29_123,bc29
bc29_124,bc29
bc29_125,bc29
bc29_126,bc29
bc29_127,bc29
bc29_128,bc29
bc29_129,bc29
bc29_130,bc29
bc29_131,bc29
bc29_132,bc29
bc29_133,bc29
bc29_134,bc29
bc29_135,bc29
bc29_136,bc29
bc29_137,bc29
bc29_138,bc29
bc29_139,bc29
bc29_140,bc29
bc29_141,bc29
bc29_142,bc29
bc29_143,bc29
bc29_144,bc29
bc29_145,bc29
bc29_146,bc29
bc29_147,bc29
bc29_148,bc29
bc29_149,bc29
bc29_150,bc29
bc29_151,bc29
bc29_152,bc29
bc29_153,bc29
bc29_154,bc29
bc29_155,bc29
bc29_156,bc29
bc29_157,bc29
bc29_158,bc29
bc29_159,bc29
bc29_160,bc29
bc29_161,bc29
bc29_162,bc29
bc29_163,bc29
bc29_164,bc29
bc29_165,bc29
bc29_166,bc29
bc29_167,bc29
bc29_168,bc29
bc29_169,bc29
bc29_170,bc29
bc29_171,bc29
bc29_172,bc29
bc29_173,bc29
bc29_174,bc29
bc29_175,bc29
bc29_176,bc29
bc29_177,bc29
bc29_178,bc29
bc29_179,bc29
bc29_180,bc29
bc29_181,bc29
bc29_182,bc29
bc29_183,bc29
bc29_184,bc29
bc29_185,bc29
bc29_186,bc29
bc29_187,bc29
bc29_188,bc29
bc29_189,bc29
bc29_190,bc29
bc29_191,bc29
bc29_192,bc29
bc29_193,bc29
bc29_194,bc29
bc29_195,bc29
bc29_196,bc29
bc29_197,bc29
bc29_198,bc29
bc29_199,bc29
bc29_200,bc29
bc29_201,bc29
bc29_202,bc29
bc29_203,bc29
bc29_204,bc29
bc29_205,bc29
bc29_206,bc29
bc29_207,bc29
bc29_208,bc29
bc29_209,bc29
bc29_210,bc29
bc29_211,bc29
bc29_212,bc29
bc29_213,bc29
bc29_214,bc29
bc29_215,bc29
bc29_216,bc29
bc29_217,bc29
bc29_218,bc29
bc29_219,bc29
bc29_220,bc29
bc29_221,bc29
bc29_222,bc29
bc29_223,bc29
bc29_224,bc29
bc29_225,bc29
bc29_226,bc29
bc29_227,bc29
bc29_228,bc29
bc29_229,bc29
bc29_230,bc29
bc29_231,bc29
bc29_232,bc29
bc29_233,bc29
bc29_234,bc29
bc29_235,bc29
bc29_236,bc29
bc29_237,bc29
bc29_238,bc29
bc29_239,bc29
bc29_240,bc29
bc29_241,bc29
bc29_242,bc29
bc29_243,bc29
bc29_244,bc29
bc29_245,bc29
bc29_246,bc29
bc29_247,bc29
bc29_248,bc29
bc29_249,bc29
bc29_250,bc29
bc29_251,bc29
bc29_252,bc29
bc29_253,bc29
bc29_254,bc29
bc29_255,bc29
bc29_256,bc29
bc29_257,bc29
bc29_258,bc29
bc29_259,bc29
bc29_260,bc29
bc29_261,bc29
bc29_262,bc29
bc29_263,bc29
bc29_264,bc29
bc29_265,bc29
bc29_266,bc29
bc29_267,bc29
bc29_268,bc29
bc29_269,bc29
bc29_270,bc29
bc29_271,bc29
bc29_272,bc29
bc29_273,bc29
bc29_274,bc29
bc29_275,bc29
bc29_276,bc29
bc29_277,bc29
bc29_278,bc29
bc29_279,bc29
bc29_280,bc29
bc29_281,bc29
bc29_282,bc29
bc29_283,bc29
bc29_284,bc29
bc29_285,bc29
bc29_286,bc29
bc29_287,bc29
bc29_288,bc29
bc29_289,bc29
bc29_290,bc29
bc29_291,bc29
bc29_292,bc29
bc29_293,bc29
bc29_294,bc29
bc29_295,bc29
bc29_296,bc29
bc29_297,bc29
bc29_298,bc29
bc29_299,bc29
bc29_300,bc29
bc29_301,bc29
bc29_302,bc29
bc29_303,bc29
bc29_304,bc29
bc29_305,bc29
bc29_306,bc29
bc29_307,bc29
bc29_308,bc29
bc29_309,bc29
bc29_310,bc29
bc29_311,bc29
bc29_312,bc29
bc29_313,bc29
bc29_314,Multiplet
bc29_315,bc29
bc29_316,bc29
bc29_317,bc29
bc29_318,bc29
bc29_319,bc29
bc29_320,bc29
bc29_321,bc29
bc29_322,bc29
bc29_323,bc29
bc29_324,bc29
bc29_325,bc29
bc29_326,bc29
bc29_327,bc29
bc29_328,bc29
bc29_329,bc29
bc29_330,bc29
bc29_331,bc29
bc29_332,bc29
bc29_333,bc29
bc29_334,bc29
bc29_335,bc29
bc29_336,bc29
bc29_337,bc29
bc29_338,bc29
bc29_339,bc29
bc29_340,bc29
bc29_341,bc29
bc29_342,bc29
bc29_343,bc29
bc29_344,bc29
bc29_345,bc29
bc29_346,bc29
bc29_347,bc29
bc29_348,bc29
bc29_349,bc29
bc29_350,bc29
bc29_351,bc29
bc29_352,bc29
bc29_353,bc29
bc29_354,bc29
bc29_355,bc29
bc29_356,bc29
bc29_357,bc29
bc29_358,bc29
bc29_359,bc29
bc29_360,bc29
bc29_361,bc29
bc29_362,bc29
bc29_363,bc29
bc29_364,Multiplet
bc29_365,bc29
bc29_366,bc29
bc29_367,bc29
bc29_368,bc29
bc29_369,bc29
bc29_370,bc29
bc29_371,bc29
bc29_372,bc29
bc29_373,bc29
bc29_374,bc29
bc29_375,bc29
bc29_376,bc29
bc29_377,bc29
bc29_378,bc29
bc29_379,bc29
bc29_380,bc29
bc29_381,bc29
bc29_382,bc29
bc29_383,bc29
bc29_384,bc29
bc29_385,bc29
bc29_386,bc29
bc29_387,bc29
bc29_388,bc29
bc29_389,bc29
bc29_390,bc29
bc29_391,bc29
bc29_392,bc29
bc29_393,bc29
bc29_394,bc29
bc29_395,bc29
bc29_396,bc29
bc29_397,bc29
bc29_398,bc29
bc29_399,bc29
bc29_400,bc29
bc29_401,bc29
bc29_402,bc29
bc29_403,bc29
bc29_404,bc29
bc29_405,bc29
bc29_406,bc29
bc29_407,bc29
bc29_408,bc29
bc29_409,bc29
bc29_410,bc29
bc29_411,bc29
bc29_412,bc29
bc29_413,bc29
bc29_414,bc29
bc29_415,bc29
bc29_416,bc29
bc29_417,bc29
bc29_418,bc29
bc29_419,bc29
bc29_420,bc29
bc29_421,bc29
bc29_422,bc29
bc29_423,bc29
bc29_424,bc29
bc29_425,bc29
bc29_426,bc29
bc29_427,bc29
bc29_428,bc29
bc29_429,bc29
bc29_430,bc29
bc29_431,bc29
bc29_432,bc29
bc29_433,bc29
bc29_434,bc29
bc29_435,bc29
bc29_436,bc29
bc29_437,bc29
bc29_438,bc29
bc29_439,bc29
bc29_440,bc29
bc29_441,bc29
bc29_442,bc29
bc29_443,bc29
bc29_444,bc29
bc29_445,bc29
bc29_446,bc29
bc29_447,bc29
bc29_448,bc29
bc29_449,bc29
bc29_450,bc29
bc29_451,bc29
bc29_452,bc29
bc29_453,bc29
bc29_454,bc29
bc29_455,bc29
bc29_456,bc29
bc29_457,bc29
bc29_458,bc29
bc29_459,bc29
bc29_460,bc29
bc29_461,bc29
bc29_462,bc29
bc29_463,bc29
bc29_464,bc29
bc29_465,bc29
bc29_466,bc29
bc29_467,bc29
bc29_468,bc29
bc29_469,bc29
bc29_470,bc29
bc29_471,bc29
bc29_472,bc29
bc29_473,bc29
bc29_474,bc29
bc29_475,bc29
bc29_476,bc29
bc29_477,bc29
bc29_478,bc29
bc29_479,bc29
bc29_480,bc29
bc29_481,bc29
bc29_482,bc29
bc29_483,bc29
bc29_484,bc29
bc29_485,bc29
bc29_486,bc29
bc29_487,bc29
bc29_488,bc29
bc29_489,bc29
bc29_490,bc29
bc29_491,bc29
bc29_492,bc29
bc29_493,bc29
bc29_494,bc29
bc29_495,bc29
bc29_496,bc29
bc29_497,bc29
bc29_498,bc29
bc29_499,bc29
bc29_500,bc29
bc29_501,bc29
bc29_502,bc29
bc29_503,bc29
bc29_504,bc29
bc29_505,bc29
bc29_506,bc29
bc29_507,bc29
bc29_508,bc29
bc29_509,bc29
bc29_510,bc29
bc29_511,bc29
bc29_512,bc29
bc29_513,bc29
bc29_514,bc29
bc29_515,bc29
bc29_516,bc29
bc29_517,bc29
bc29_518,bc29
bc29_519,bc29
bc29_520,bc29
bc29_521,bc29
bc29_522,bc29
bc29_523,bc29
bc29_524,bc29
bc29_525,bc29
bc29_526,bc29
bc29_527,bc29
bc29_528,bc29
bc29_529,bc29
bc29_530,bc29
bc29_531,bc29
bc29_532,bc29
bc29_533,bc29
bc29_534,bc29
bc29_535,bc29
bc29_536,bc29
bc29_537,bc29
bc29_538,bc29
bc29_539,bc29
bc29_540,bc29
bc29_541,bc29
bc29_542,bc29
bc29_543,bc29
bc29_544,bc29
bc29_545,bc29
bc29_546,bc29
bc29_547,bc29
bc29_548,bc29
bc29_549,bc29
bc29_550,bc29
bc29_551,bc29
bc29_552,bc29
bc29_553,bc29
bc29_554,bc29
bc29_555,bc29
bc29_556,bc29
bc29_557,bc29
bc29_558,bc29
bc29_559,bc29
bc29_560,bc29
bc29_561,bc29
bc29_562,bc29
bc29_563,bc29
bc29_564,bc29
bc29_565,bc29
bc29_566,bc29
bc29_567,bc29
bc29_568,bc29
bc29_569,bc29
bc29_570,bc29
bc29_571,bc29
bc29_572,bc29
bc29_573,bc29
bc29_574,bc29
bc29_575,bc29
bc29_576,bc29
bc29_577,bc29
bc29_578,bc29
bc29_579,bc29
bc29_580,bc29
bc29_581,bc29
bc29_582,bc29
bc29_583,bc29
bc29_584,bc29
bc29_585,bc29
bc29_586,bc29
bc29_587,bc29
bc29_588,bc29
bc29_589,bc29
bc29_590,bc29
bc29_591,bc29
bc29_592,bc29
bc29_593,bc29
bc29_594,bc29
bc29_595,bc29
bc29_596,bc29
bc29_597,bc29
bc29_598,bc29
bc29_599,bc29
bc29_600,bc29
bc29_601,bc29
bc29_602,bc29
bc29_603,bc29
bc29_604,bc29
bc29_605,bc29
bc29_606,bc29
bc29_607,bc29
bc29_608,bc29
bc29_609,bc29
bc29_610,bc29
bc29_611,bc29
bc29_612,bc29
bc29_613,bc29
bc29_614,bc29
bc29_615,bc29
bc29_616,bc29
bc29_617,bc29
bc29_618,bc29
bc29_619,bc29
bc29_620,bc29
bc29_621,bc29
bc29_622,bc29
bc29_623,bc29
bc29_624,bc29
bc29_625,bc29
bc29_626,bc29
bc29_627,bc29
bc29_628,bc29
bc29_629,bc29
bc29_630,bc29
bc29_631,bc29
bc29_632,bc29
bc29_633,bc29
bc29_634,bc29
bc29_635,bc29
bc29_636,bc29
bc29_637,bc29
bc29_638,bc29
bc29_639,bc29
bc29_640,bc29
bc29_641,bc29
bc29_642,bc29
bc29_643,bc29
bc29_644,bc29
bc29_645,bc29
bc29_646,bc29
bc29_647,bc29
bc29_648,bc29
bc29_649,bc29
bc29_650,bc29
bc29_651,bc29
bc29_652,bc29
bc29_653,bc29
bc29_654,bc29
bc29_655,bc29
bc29_656,bc29
bc29_657,bc29
bc29_658,bc29
bc29_659,bc29
bc29_660,bc29
bc29_661,bc29
bc29_662,bc29
bc29_663,bc29
bc29_664,bc29
bc29_665,bc29
bc29_666,bc29
bc29_667,bc29
bc29_668,bc29
bc29_669,bc29
bc29_670,bc29
bc29_671,bc29
bc29_672,bc29
bc29_673,bc29
bc29_674,bc29
bc29_675,bc29
bc29_676,bc29
bc29_677,bc29
bc29_678,bc29
bc29_679,bc29
bc29_680,bc29
bc29_681,bc29
bc29_682,bc29
bc29_683,bc29
bc29_684,bc29
bc29_685,bc29
bc29_686,bc29
bc29_687,bc29
bc29_688,bc29
bc29_689,bc29
bc29_690,bc29
bc29_691,bc29
bc29_692,bc29
bc29_693,bc29
bc29_694,bc29
bc29_695,bc29
bc29_696,bc29
bc29_697,bc29
bc29_698,bc29
bc29_699,bc29
bc29_700,bc29
bc29_701,bc29
bc29_702,bc29
bc29_703,bc29
bc29_704,bc29
bc29_705,bc29
bc29_706,bc29
bc29_707,bc29
bc29_708,bc29
bc29_709,bc29
bc29_710,bc29
bc29_711,bc29
bc29_712,bc29
bc29_713,bc29
bc29_714,bc29
bc29_715,bc29
bc29_716,bc29
bc29_717,bc29
bc29_718,bc29
bc29_719,bc29
bc29_720,bc29
bc29_721,bc29
bc29_722,bc29
bc29_723,bc29
bc29_724,bc29
bc29_725,bc29
bc29_726,bc29
bc29_727,bc29
bc29_728,bc29
bc29_729,bc29
bc29_730,bc29
bc29_731,bc29
bc29_732,bc29
bc29_733,bc29
bc29_734,bc29
bc29_735,bc29
bc29_736,bc29
bc29_737,bc29
bc29_738,bc29
bc29_739,bc29
bc29_740,bc29
bc29_741,bc29
bc29_742,bc29
bc29_743,bc29
bc29_744,bc29
bc29_745,bc29
bc29_746,bc29
bc29_747,bc29
bc29_748,bc29
bc29_749,bc29
bc29_750,bc29
bc29_751,bc29
bc29_752,bc29
bc29_753,bc29
bc29_754,bc29
bc29_755,bc29
bc29_756,bc29
bc29_757,bc29
bc29_758,bc29
bc29_759,bc29
bc29_760,bc29
bc29_761,bc29
bc29_762,bc29
bc29_763,bc29
bc29_764,bc29
bc29_765,bc29
bc29_766,bc29
bc29_767,bc29
bc29_768,bc29
bc29_769,bc29
bc29_770,bc29
bc29_771,bc29
bc29_772,bc29
bc29_773,bc29
bc29_774,bc29
bc29_775,bc29
bc29_776,bc29
bc29_777,bc29
bc29_778,bc29
bc29_779,bc29
bc29_780,bc29
bc29_781,bc29
bc29_782,bc29
bc29_783,bc29
bc29_784,bc29
bc29_785,bc29
bc29_786,bc29
bc29_787,bc29
bc29_788,bc29
bc29_789,bc29
bc29_790,bc29
bc29_791,bc29
bc29_792,bc29
bc29_793,bc29
bc29_794,bc29
bc29_795,bc29
bc29_796,bc29
bc29_797,bc29
bc29_798,bc29
bc29_799,bc29
bc29_800,bc29
bc29_801,bc29
bc29_802,bc29
bc29_803,bc29
bc29_804,bc29
bc29_805,bc29
bc29_806,bc29
bc29_807,bc29
bc29_808,bc29
bc29_809,bc29
bc29_810,bc29
bc29_811,bc29
bc29_812,bc29
bc29_813,bc29
bc29_814,bc29
bc29_815,bc29
bc29_816,bc29
bc29_817,bc29
bc29_818,bc29
bc29_819,bc29
bc29_820,bc29
bc29_821,bc29
bc29_822,bc29
bc29_823,bc29
bc29_824,bc29
bc29_825,bc29
bc29_826,bc29
bc29_827,bc29
bc29_828,bc29
bc29_829,bc29
bc29_830,bc29
bc29_831,bc29
bc29_832,bc29
bc29_833,bc29
bc29_834,bc29
bc29_835,bc29
bc29_836,bc29
bc29_837,bc29
bc29_838,bc29
bc29_839,bc29
bc29_840,bc29
bc29_841,bc29
bc29_842,bc29
bc29_843,bc29
bc29_844,bc29
bc29_845,bc29
bc29_846,bc29
bc29_847,bc29
bc29_848,bc29
bc29_849,bc29
bc29_850,bc29
bc29_851,bc29
bc29_852,bc29
bc29_853,bc29
bc29_854,bc29
bc29_855,bc29
bc29_856,bc29
bc29_857,bc29
bc29_858,bc29
bc29_859,bc29
bc29_860,bc29
bc29_861,bc29
bc29_862,bc29
bc29_863,bc29
bc29_864,bc29
bc29_865,bc29
bc29_866,bc29
bc29_867,bc29
bc29_868,bc29
bc29_869,bc29
bc29_870,bc29
bc29_871,bc29
bc29_872,bc29
bc29_873,bc29
bc29_874,bc29
bc29_875,bc29
bc29_876,bc29
bc29_877,bc29
bc29_878,bc29
bc29_879,bc29
bc29_880,bc29
bc29_881,bc29
bc29_882,bc29
bc29_883,bc29
bc29_884,bc29
bc29_885,bc29
bc29_886,bc29
bc29_887,bc29
bc29_888,bc29
bc29_889,bc29
bc29_890,bc29
bc29_891,bc29
bc29_892,bc29
bc29_893,bc29
bc29_894,bc29
bc29_895,Negative
bc29_896,bc29
bc29_897,bc29
bc29_898,bc29
bc29_899,bc29
bc29_900,bc29
bc29_901,bc29
bc29_902,bc29
bc29_903,bc29
bc29_904,bc29
bc29_905,bc29
bc29_906,bc29
bc29_907,bc29
bc29_908,bc29
bc29_909,bc29
bc29_910,bc29
bc29_911,bc29
bc29_912,bc29
bc29_913,bc29
bc29_914,bc29
bc29_915,bc29
bc29_916,bc29
bc29_917,bc29
bc29_918,bc29
bc29_919,bc29
bc29_920,bc29
bc29_921,bc29
bc29_922,bc29
bc29_923,bc29
bc29_924,bc29
bc29_925,bc29
bc29_926,bc29
bc29_927,bc29
bc29_928,bc29
bc29_929,bc29
bc29_930,bc29
bc29_931,bc29
bc29_932,bc29
bc29_933,bc29
bc29_934,bc29
bc29_935,bc29
bc29_936,bc29
bc29_937,bc29
bc29_938,bc29
bc29_939,bc29
bc29_940,bc29
bc29_941,bc29
bc29_942,bc29
bc29_943,bc29
bc29_944,bc29
bc29_945,bc29
bc29_946,bc29
bc29_947,bc29
bc29_948,bc29
bc29_949,bc29
bc29_950,bc29
bc29_951,bc29
bc29_952,bc29
bc29_953,bc29
bc29_954,bc29
bc29_955,bc29
bc29_956,bc29
bc29_957,bc29
bc29_958,bc29
bc29_959,bc29
bc29_960,bc29
bc29_961,bc29
bc29_962,bc29
bc29_963,bc29
bc29_964,bc29
bc29_965,bc29
bc29_966,bc29
bc29_967,bc29
bc29_968,bc29
bc29_969,bc29
bc29_970,bc29
bc29_971,bc29
bc29_972,bc29
bc29_973,bc29
bc29_974,bc29
bc29_975,bc29
bc29_976,bc29
bc29_977,bc29
bc29_978,bc29
bc29_979,bc29
bc29_980,bc29
bc29_981,bc29
bc29_982,bc29
bc29_983,bc29
bc29_984,bc29
bc29_985,bc29
bc29_986,bc29
bc29_987,bc29
bc29_988,bc29
bc29_989,bc29
bc29_990,bc29
bc29_991,bc29
bc29_992,bc29
bc29_993,bc29
bc29_994,bc29
bc29_995,bc29
bc29_996,bc29
bc29_997,bc29
bc29_998,bc29
bc29_999,bc29
bc29_1000,bc29
bc29_1001,bc29
bc29_1002,bc29
bc29_1003,bc29
bc29_1004,bc29
bc29_1005,bc29
bc29_1006,bc29
bc29_1007,bc29
bc29_1008,bc29
bc29_1009,bc29
bc29_1010,bc29
bc29_1011,bc29
bc29_1012,bc29
bc29_1013,bc29
bc29_1014,bc29
bc29_1015,bc29
bc29_1016,bc29
bc29_1017,bc29
bc29_1018,bc29
bc29_1019,bc29
bc29_1020,bc29
bc29_1021,bc29
bc29_1022,bc29
bc29_1023,bc29
bc29_1024,bc29
bc29_1025,bc29
bc29_1026,bc29
bc29_1027,bc29
bc29_1028,bc29
bc29_1029,bc29
bc29_1030,bc29
bc30_1,bc30
bc30_2,bc30
bc30_3,bc30
bc30_4,bc30
bc30_5,bc30
bc30_6,bc30
bc30_7,bc30
bc30_8,bc30
bc30_9,bc30
bc30_10,bc30
bc30_11,bc30
bc30_12,bc30
bc30_13,bc30
bc30_14,bc30
bc30_15,bc30
bc30_16,bc30
bc30_17,bc30
bc30_18,bc30
bc30_19,bc30
bc30_20,bc30
bc30_21,bc30
bc30_22,bc30
bc30_23,bc30
bc30_24,bc30
bc30_25,bc30
bc30_26,bc30
bc30_27,bc30
bc30_28,bc30
bc30_29,bc30
bc30_30,bc30
bc30_31,bc30
bc30_32,bc30
bc30_33,bc30
bc30_34,bc30
bc30_35,bc30
bc30_36,bc30
bc30_37,bc30
bc30_38,bc30
bc30_39,bc30
bc30_40,bc30
bc30_41,bc30
bc30_42,bc30
bc30_43,bc30
bc30_44,bc30
bc30_45,bc30
bc30_46,bc30
bc30_47,bc30
bc30_48,bc30
bc30_49,bc30
bc30_50,bc30
bc30_51,bc30
bc30_52,bc30
bc30_53,bc30
bc30_54,bc30
bc30_55,bc30
bc30_56,bc30
bc30_57,bc30
bc30_58,bc30
bc30_59,bc30
bc30_60,bc30
bc30_61,bc30
bc30_62,bc30
bc30_63,bc30
bc30_64,bc30
bc30_65,bc30
bc30_66,bc30
bc30_67,bc30
bc30_68,bc30
bc30_69,bc30
bc30_70,bc30
bc30_71,bc30
bc30_72,bc30
bc30_73,bc30
bc30_74,bc30
bc30_75,bc30
bc30_76,bc30
bc30_77,bc30
bc30_78,bc30
bc30_79,bc30
bc30_80,bc30
bc30_81,bc30
bc30_82,bc30
bc30_83,bc30
bc30_84,bc30
bc30_85,bc30
bc30_86,bc30
bc30_87,bc30
bc30_88,bc30
bc30_89,bc30
bc30_90,bc30
bc30_91,bc30
bc30_92,bc30
bc30_93,bc30
bc30_94,bc30
bc30_95,bc30
bc30_96,bc30
bc30_97,bc30
bc30_98,bc30
bc30_99,bc30
bc30_100,bc30
bc30_101,bc30
bc30_102,bc30
bc30_103,bc30
bc30_104,bc30
bc30_105,bc30
bc30_106,bc30
bc30_107,bc30
bc30_108,bc30
bc30_109,bc30
bc30_110,bc30
bc30_111,bc30
bc30_112,bc30
bc30_113,bc30
bc30_114,bc30
bc30_115,bc30
bc30_116,bc30
bc30_117,bc30
bc30_118,bc30
bc30_119,bc30
bc30_120,bc30
bc30_121,bc30
bc30_122,bc30
bc30_123,bc30
bc30_124,bc30
bc30_125,bc30
bc30_126,bc30
bc30_127,bc30
bc30_128,bc30
bc30_129,bc30
bc30_130,bc30
bc30_131,bc30
bc30_132,bc30
bc30_133,bc30
bc30_134,bc30
bc30_135,bc30
bc30_136,bc30
bc30_137,bc30
bc30_138,bc30
bc30_139,bc30
bc30_140,bc30
bc30_141,bc30
bc30_142,bc30
bc30_143,bc30
bc30_144,bc30
bc30_145,bc30
bc30_146,bc30
bc30_147,bc30
bc30_148,bc30
bc30_149,bc30
bc30_150,bc30
bc30_151,bc30
bc30_152,bc30
bc30_153,bc30
bc30_154,bc30
bc30_155,bc30
bc30_156,bc30
bc30_157,bc30
bc30_158,bc30
bc30_159,bc30
bc30_160,bc30
bc30_161,bc30
bc30_162,bc30
bc30_163,bc30
bc30_164,bc30
bc30_165,bc30
bc30_166,bc30
bc30_167,bc30
bc30_168,bc30
bc30_169,bc30
bc30_170,bc30
bc30_171,bc30
bc30_172,bc30
bc30_173,bc30
bc30_174,bc30
bc30_175,bc30
bc30_176,bc30
bc30_177,bc30
bc30_178,bc30
bc30_179,bc30
bc30_180,bc30
bc30_181,bc30
bc30_182,bc30
bc30_183,bc30
bc30_184,bc30
bc30_185,bc30
bc30_186,bc30
bc30_187,bc30
bc30_188,bc30
bc30_189,bc30
bc30_190,bc30
bc30_191,bc30
bc30_192,bc30
bc30_193,bc30
bc30_194,bc30
bc30_195,bc30
bc30_196,bc30
bc30_197,bc30
bc30_198,bc30
bc30_199,bc30
bc30_200,bc30
bc30_201,bc30
bc30_202,bc30
bc30_203,bc30
bc30_204,bc30
bc30_205,bc30
bc30_206,bc30
bc30_207,bc30
bc30_208,bc30
bc30_209,bc30
bc30_210,bc30
bc30_211,bc30
bc30_212,bc30
bc30_213,bc30
bc30_214,bc30
bc30_215,bc30
bc30_216,bc30
bc30_217,bc30
bc30_218,bc30
bc30_219,bc30
bc30_220,bc30
bc30_221,bc30
bc30_222,bc30
bc30_223,bc30
bc30_224,bc30
bc30_225,bc30
bc30_226,bc30
bc30_227,bc30
bc30_228,bc30
bc30_229,bc30
bc30_230,bc30
bc30_231,bc30
bc30_232,bc30
bc30_233,bc30
bc30_234,bc30
bc30_235,bc30
bc30_236,bc30
bc30_237,bc30
bc30_238,bc30
bc30_239,bc30
bc30_240,bc30
bc30_241,bc30
bc30_242,bc30
bc30_243,bc30
bc30_244,bc30
bc30_245,bc30
bc30_246,bc30
bc30_247,bc30
bc30_248,bc30
bc30_249,bc30
bc30_250,bc30
bc30_251,bc30
bc30_252,bc30
bc30_253,bc30
bc30_254,bc30
bc30_255,bc30
bc30_256,bc30
bc30_257,bc30
bc30_258,bc30
bc30_259,bc30
bc30_260,bc30
bc30_261,bc30
bc30_262,bc30
bc30_263,bc30
bc30_264,bc30
bc30_265,bc30
bc30_266,bc30
bc30_267,bc30
bc30_268,bc30
bc30_269,bc30
bc30_270,bc30
bc30_271,bc30
bc30_272,bc30
bc30_273,bc30
bc30_274,bc30
bc30_275,bc30
bc30_276,bc30
bc30_277,bc30
bc30_278,bc30
bc30_279,bc30
bc30_280,bc30
bc30_281,bc30
bc30_282,bc30
bc30_283,bc30
bc30_284,bc30
bc30_285,bc30
bc30_286,bc30
bc30_287,bc30
bc30_288,bc30
bc30_289,bc30
bc30_290,bc30
bc30_291,bc30
bc30_292,bc30
bc30_293,bc30
bc30_294,bc30
bc30_295,bc30
bc30_296,bc30
bc30_297,bc30
bc30_298,bc30
bc30_299,bc30
bc30_300,bc30
bc30_301,bc30
bc30_302,bc30
bc30_303,bc30
bc30_304,bc30
bc30_305,bc30
bc30_306,bc30
bc30_307,bc30
bc30_308,bc30
bc30_309,bc30
bc30_310,bc30
bc30_311,bc30
bc30_312,bc30
bc30_313,bc30
bc30_314,bc30
bc30_315,bc30
bc30_316,bc30
bc30_317,bc30
bc30_318,bc30
bc30_319,bc30
bc30_320,bc30
bc30_321,bc30
bc30_322,bc30
bc30_323,bc30
bc30_324,bc30
bc30_325,bc30
bc30_326,bc30
bc30_327,bc30
bc30_328,bc30
bc30_329,bc30
bc30_330,bc30
bc30_331,bc30
bc30_332,bc30
bc30_333,bc30
bc30_334,bc30
bc30_335,bc30
bc30_336,bc30
bc30_337,bc30
bc30_338,bc30
bc30_339,bc30
bc30_340,bc30
bc30_341,bc30
bc30_342,bc30
bc30_343,bc30
bc30_344,bc30
bc30_345,bc30
bc30_346,bc30
bc30_347,bc30
bc30_348,bc30
bc30_349,bc30
bc30_350,bc30
bc30_351,bc30
bc30_352,bc30
bc30_353,bc30
bc30_354,bc30
bc30_355,bc30
bc30_356,bc30
bc30_357,bc30
bc30_358,bc30
bc30_359,bc30
bc30_360,bc30
bc30_361,bc30
bc30_362,bc30
bc30_363,bc30
bc30_364,bc30
bc30_365,bc30
bc30_366,bc30
bc30_367,bc30
bc30_368,bc30
bc30_369,bc30
bc30_370,bc30
bc30_371,bc30
bc30_372,bc30
bc30_373,bc30
bc30_374,bc30
bc30_375,bc30
bc30_376,bc30
bc30_377,bc30
bc30_378,bc30
bc30_379,bc30
bc30_380,bc30
bc30_381,bc30
bc30_382,bc30
bc30_383,bc30
bc30_384,bc30
bc30_385,bc30
bc30_386,bc30
bc30_387,bc30
bc30_388,bc30
bc30_389,bc30
bc30_390,bc30
bc30_391,bc30
bc30_392,bc30
bc30_393,bc30
bc30_394,bc30
bc30_395,bc30
bc30_396,bc30
bc30_397,bc30
bc30_398,bc30
bc30_399,bc30
bc30_400,bc30
bc30_401,bc30
bc30_402,bc30
bc30_403,bc30
bc30_404,bc30
bc30_405,bc30
bc30_406,bc30
bc30_407,bc30
bc30_408,bc30
bc30_409,bc30
bc30_410,bc30
bc30_411,bc30
bc30_412,bc30
bc30_413,bc30
bc30_414,bc30
bc30_415,bc30
bc30_416,bc30
bc30_417,bc30
bc30_418,bc30
bc30_419,bc30
bc30_420,bc30
bc30_421,bc30
bc30_422,bc30
bc30_423,bc30
bc30_424,bc30
bc30_425,bc30
bc30_426,bc30
bc30_427,bc30
bc30_428,bc30
bc30_429,bc30
bc30_430,bc30
bc30_431,bc30
bc30_432,bc30
bc30_433,bc30
bc30_434,bc30
bc30_435,bc30
bc30_436,bc30
bc30_437,bc30
bc30_438,bc30
bc30_439,bc30
bc30_440,bc30
bc30_441,bc30
bc30_442,bc30
bc30_443,bc30
bc30_444,bc30
bc30_445,bc30
bc30_446,bc30
bc30_447,bc30
bc30_448,bc30
bc30_449,bc30
bc30_450,bc30
bc30_451,bc30
bc30_452,bc30
bc30_453,bc30
bc30_454,bc30
bc30_455,bc30
bc30_456,bc30
bc30_457,bc30
bc30_458,bc30
bc30_459,bc30
bc30_460,bc30
bc30_461,bc30
bc30_462,bc30
bc30_463,bc30
bc30_464,bc30
bc30_465,bc30
bc30_466,bc30
bc30_467,bc30
bc30_468,bc30
bc30_469,bc30
bc30_470,bc30
bc30_471,bc30
bc30_472,bc30
bc30_473,bc30
bc30_474,bc30
bc30_475,bc30
bc30_476,bc30
bc30_477,bc30
bc30_478,bc30
bc30_479,bc30
bc30_480,bc30
bc30_481,bc30
bc30_482,bc30
bc30_483,bc30
bc30_484,bc30
bc30_485,bc30
bc30_486,bc30
bc30_487,bc30
bc30_488,bc30
bc30_489,bc30
bc30_490,bc30
bc30_491,bc30
bc30_492,bc30
bc30_493,bc30
bc30_494,bc30
bc30_495,bc30
bc30_496,bc30
bc30_497,bc30
bc30_498,bc30
bc30_499,bc30
bc30_500,bc30
bc30_501,bc30
bc30_502,bc30
bc30_503,bc30
bc30_504,bc30
bc30_505,bc30
bc30_506,bc30
bc30_507,bc30
bc30_508,bc30
bc30_509,bc30
bc30_510,bc30
bc30_511,bc30
bc30_512,bc30
bc30_513,bc30
bc30_514,bc30
bc30_515,bc30
bc30_516,bc30
bc30_517,bc30
bc30_518,bc30
bc30_519,bc30
bc30_520,bc30
bc30_521,bc30
bc30_522,bc30
bc30_523,bc30
bc30_524,bc30
bc30_525,bc30
bc30_526,bc30
bc30_527,bc30
bc30_528,bc30
bc30_529,bc30
bc30_530,bc30
bc30_531,bc30
bc30_532,bc30
bc30_533,bc30
bc30_534,bc30
bc30_535,bc30
bc30_536,bc30
bc30_537,bc30
bc30_538,bc30
bc30_539,bc30
bc30_540,bc30
bc30_541,bc30
bc30_542,bc30
bc30_543,bc30
bc30_544,bc30
bc30_545,bc30
bc30_546,bc30
bc30_547,bc30
bc30_548,bc30
bc30_549,bc30
bc30_550,bc30
bc30_551,bc30
bc30_552,bc30
bc30_553,bc30
bc30_554,bc30
bc30_555,bc30
bc30_556,bc30
bc30_557,bc30
bc30_558,bc30
bc30_559,bc30
bc30_560,bc30
bc30_561,bc30
bc30_562,bc30
bc30_563,bc30
bc30_564,bc30
bc30_565,bc30
bc30_566,bc30
bc30_567,bc30
bc30_568,bc30
bc30_569,bc30
bc30_570,bc30
bc30_571,bc30
bc30_572,bc30
bc30_573,bc30
bc30_574,bc30
bc30_575,bc30
bc30_576,bc30
bc30_577,bc30
bc30_578,bc30
bc30_579,bc30
bc30_580,bc30
bc30_581,bc30
bc30_582,bc30
bc30_583,bc30
bc30_584,bc30
bc30_585,bc30
bc30_586,bc30
bc30_587,bc30
bc30_588,bc30
bc30_589,bc30
bc30_590,bc30
bc30_591,bc30
bc30_592,bc30
bc30_593,bc30
bc30_594,bc30
bc30_595,bc30
bc30_596,bc30
bc30_597,bc30
bc30_598,bc30
bc30_599,bc30
bc30_600,bc30
bc30_601,bc30
bc30_602,bc30
bc30_603,bc30
bc30_604,bc30
bc30_605,bc30
bc30_606,bc30
bc30_607,bc30
bc30_608,bc30
bc30_609,bc30
bc30_610,bc30
bc30_611,bc30
bc30_612,bc30
bc30_613,bc30
bc30_614,bc30
bc30_615,bc30
bc30_616,bc30
bc30_617,bc30
bc30_618,bc30
bc30_619,bc30
bc30_620,bc30
bc30_621,bc30
bc30_622,bc30
bc30_623,bc30
bc30_624,bc30
bc30_625,bc30
bc30_626,bc30
bc30_627,bc30
bc30_628,bc30
bc30_629,bc30
bc30_630,bc30
bc30_631,bc30
bc30_632,bc30
bc30_633,bc30
bc30_634,bc30
bc30_635,bc30
bc30_636,bc30
bc30_637,bc30
bc30_638,bc30
bc30_639,bc30
bc30_640,bc30
bc30_641,bc30
bc30_642,bc30
bc30_643,bc30
bc30_644,bc30
bc30_645,bc30
bc30_646,bc30
bc30_647,bc30
bc30_648,bc30
bc30_649,bc30
bc30_650,bc30
bc30_651,bc30
bc30_652,bc30
bc30_653,bc30
bc30_654,bc30
bc30_655,bc30
bc30_656,bc30
bc30_657,bc30
bc30_658,bc30
bc30_659,bc30
bc30_660,bc30
bc30_661,bc30
bc30_662,bc30
bc30_663,bc30
bc30_664,bc30
bc30_665,bc30
bc30_666,bc30
bc30_667,bc30
bc30_668,bc30
bc30_669,bc30
bc30_670,bc30
bc30_671,bc30
bc30_672,bc30
bc30_673,bc30
bc30_674,bc30
bc30_675,bc30
bc30_676,bc30
bc30_677,bc30
bc30_678,bc30
bc30_679,bc30
bc30_680,bc30
bc30_681,bc30
bc30_682,bc30
bc30_683,bc30
bc30_684,bc30
bc30_685,bc30
bc30_686,bc30
bc30_687,bc30
bc30_688,bc30
bc30_689,bc30
bc30_690,bc30
bc30_691,bc30
bc30_692,bc30
bc30_693,bc30
bc30_694,bc30
bc30_695,bc30
bc30_696,bc30
bc30_697,bc30
bc30_698,bc30
bc30_699,bc30
bc30_700,bc30
bc30_701,bc30
bc30_702,bc30
bc30_703,bc30
bc30_704,bc30
bc30_705,bc30
bc30_706,bc30
bc30_707,bc30
bc30_708,bc30
bc30_709,bc30
bc30_710,bc30
bc30_711,bc30
bc30_712,bc30
bc30_713,bc30
bc30_714,bc30
bc30_715,bc30
bc30_716,bc30
bc30_717,bc30
bc30_718,bc30
bc30_719,bc30
bc30_720,bc30
bc30_721,bc30
bc30_722,bc30
bc30_723,bc30
bc30_724,bc30
bc30_725,bc30
bc30_726,bc30
bc30_727,bc30
bc30_728,bc30
bc30_729,bc30
bc30_730,bc30
bc30_731,bc30
bc30_732,bc30
bc30_733,bc30
bc30_734,bc30
bc30_735,bc30
bc30_736,bc30
bc30_737,bc30
bc30_738,bc30
bc30_739,bc30
bc30_740,bc30
bc30_741,bc30
bc30_742,bc30
bc30_743,bc30
bc30_744,bc30
bc30_745,bc30
bc30_746,bc30
bc30_747,bc30
bc30_748,bc30
bc30_749,bc30
bc30_750,bc30
bc30_751,bc30
bc30_752,bc30
bc30_753,bc30
bc30_754,bc30
bc30_755,bc30
bc30_756,bc30
bc30_757,bc30
bc30_758,bc30
bc30_759,bc30
bc30_760,bc30
bc30_761,bc30
bc30_762,bc30
bc30_763,bc30
bc30_764,bc30
bc30_765,bc30
bc30_766,bc30
bc30_767,bc30
bc30_768,bc30
bc30_769,bc30
bc30_770,bc30
bc30_771,bc30
bc30_772,bc30
bc30_773,bc30
bc30_774,bc30
bc30_775,bc30
bc30_776,bc30
bc30_777,bc30
bc30_778,bc30
bc30_779,bc30
bc30_780,bc30
bc30_781,bc30
bc30_782,bc30
bc30_783,bc30
bc30_784,bc30
bc30_785,bc30
bc30_786,bc30
bc30_787,bc30
bc30_788,bc30
bc30_789,bc30
bc30_790,bc30
bc30_791,bc30
bc30_792,bc30
bc30_793,bc30
bc30_794,bc30
bc30_795,bc30
bc30_796,bc30
bc30_797,bc30
bc30_798,bc30
bc30_799,bc30
bc30_800,bc30
bc30_801,bc30
bc30_802,bc30
bc30_803,bc30
bc30_804,bc30
bc30_805,bc30
bc30_806,bc30
bc30_807,bc30
bc30_808,bc30
bc30_809,bc30
bc30_810,bc30
bc30_811,bc30
bc30_812,bc30
bc30_813,bc30
bc30_814,bc30
bc30_815,bc30
bc30_816,bc30
bc30_817,bc30
bc30_818,bc30
bc30_819,bc30
bc30_820,bc30
bc30_821,bc30
bc30_822,bc30
bc30_823,bc30
bc30_824,bc30
bc30_825,bc30
bc30_826,bc30
bc30_827,bc30
bc30_828,bc30
bc30_829,bc30
bc30_830,bc30
bc30_831,bc30
bc30_832,bc30
bc30_833,bc30
bc30_834,bc30
bc30_835,bc30
bc30_836,bc30
bc30_837,bc30
bc30_838,bc30
bc30_839,bc30
bc30_840,bc30
bc30_841,bc30
bc30_842,bc30
bc30_843,bc30
bc30_844,bc30
bc30_845,bc30
bc30_846,bc30
bc30_847,bc30
bc30_848,bc30
bc30_849,bc30
bc30_850,bc30
bc30_851,bc30
bc30_852,bc30
bc30_853,bc30
bc30_854,bc30
bc30_855,bc30
bc30_856,bc30
bc30_857,bc30
bc30_858,bc30
bc30_859,bc30
bc30_860,bc30
bc30_861,bc30
bc30_862,bc30
bc30_863,bc30
bc30_864,bc30
bc30_865,bc30
bc30_866,bc30
bc30_867,bc30
bc30_868,bc30
bc30_869,bc30
bc30_870,bc30
bc30_871,bc30
bc30_872,bc30
bc30_873,bc30
bc30_874,bc30
bc30_875,bc30
bc30_876,bc30
bc30_877,bc30
bc30_878,bc30
bc30_879,bc30
bc30_880,bc30
bc30_881,bc30
bc30_882,bc30
bc30_883,bc30
bc30_884,bc30
bc30_885,bc30
bc30_886,bc30
bc30_887,bc30
bc30_888,bc30
bc30_889,bc30
bc30_890,bc30
bc30_891,bc30
bc30_892,bc30
bc30_893,bc30
bc30_894,bc30
bc30_895,bc30
bc30_896,bc30
bc30_897,bc30
bc30_898,bc30
bc30_899,bc30
bc30_900,bc30
bc30_901,bc30
bc30_902,bc30
bc30_903,bc30
bc30_904,bc30
bc30_905,bc30
bc30_906,bc30
bc30_907,bc30
bc30_908,bc30
bc30_909,bc30
bc30_910,bc30
bc30_911,bc30
bc30_912,bc30
bc30_913,bc30
bc30_914,bc30
bc30_915,bc30
bc30_916,bc30
bc30_917,bc30
bc30_918,bc30
bc30_919,bc30
bc30_920,bc30
bc30_921,bc30
bc30_922,bc30
bc30_923,bc30
bc30_924,bc30
bc30_925,bc30
bc30_926,bc30
bc30_927,bc30
bc30_928,bc30
bc30_929,bc30
bc30_930,bc30
bc30_931,bc30
bc30_932,bc30
bc30_933,bc30
bc30_934,bc30
bc30_935,bc30
bc30_936,bc30
bc30_937,bc30
bc30_938,bc30
bc30_939,bc30
bc30_940,bc30
bc30_941,bc30
bc30_942,bc30
bc30_943,bc30
bc30_944,bc30
bc30_945,bc30
bc30_946,bc30
bc30_947,bc30
bc30_948,bc30
bc30_949,bc30
bc30_950,bc30
bc30_951,bc30
bc30_952,bc30
bc30_953,bc30
bc30_954,bc30
bc30_955,bc30
bc30_956,bc30
bc30_957,bc30
bc30_958,bc30
bc30_959,bc30
bc30_960,bc30
bc30_961,bc30
bc30_962,bc30
bc30_963,bc30
bc30_964,bc30
bc30_965,bc30
bc30_966,bc30
bc30_967,bc30
bc30_968,bc30
bc30_969,bc30
bc30_970,bc30
bc30_971,bc30
bc30_972,bc30
bc30_973,bc30
bc30_974,bc30
bc30_975,bc30
bc30_976,bc30
bc30_977,bc30
bc30_978,bc30
bc30_979,bc30
bc30_980,bc30
bc30_981,bc30
bc30_982,bc30
bc30_983,bc30
bc30_984,bc30
bc30_985,bc30
bc30_986,bc30
bc30_987,bc30
bc30_988,bc30
bc30_989,bc30
bc30_990,bc30
bc30_991,bc30
bc30_992,bc30
bc30_993,bc30
bc30_994,bc30
bc30_995,bc30
bc30_996,bc30
bc30_997,bc30
bc30_998,bc30
bc30_999,bc30
bc30_1000,bc30
bc30_1001,bc30
bc30_1002,bc30
bc30_1003,bc30
bc30_1004,bc30
bc30_1005,bc30
bc30_1006,bc30
bc30_1007,bc30
bc30_1008,bc30
bc30_1009,bc30
bc30_1010,bc30
bc30_1011,bc30
bc30_1012,bc30
bc30_1013,bc30
bc30_1014,bc30
bc30_1015,bc30
bc30_1016,bc30
bc30_1017,bc30
bc30_1018,bc30
bc30_1019,bc30
bc30_1020,bc30
bc30_1021,bc30
bc30_1022,bc30
bc30_1023,bc30
bc30_1024,bc30
bc30_1025,bc30
bc30_1026,bc30
bc30_1027,bc30
bc30_1028,bc30
bc30_1029,bc30
bc30_1030,bc30
bc30_1031,bc30
bc30_1032,bc30
bc30_1033,bc30
bc30_1034,bc30
bc30_1035,bc30
bc30_1036,bc30
bc30_1037,bc30
bc30_1038,bc30
bc30_1039,bc30
bc30_1040,bc30
bc30_1041,bc30
bc30_1042,bc30
bc30_1043,bc30
bc30_1044,bc30
bc30_1045,bc30
bc30_1046,bc30
bc30_1047,bc30
bc30_1048,bc30
bc30_1049,bc30
bc30_1050,bc30
bc30_1051,bc30
bc30_1052,bc30
bc30_1053,bc30
bc30_1054,bc30
bc30_1055,bc30
bc30_1056,bc30
bc30_1057,bc30
bc30_1058,bc30
bc30_1059,bc30
bc30_1060,bc30
bc30_1061,bc30
bc30_1062,bc30
bc30_1063,bc30
bc30_1064,bc30
bc30_1065,bc30
bc30_1066,bc30
bc30_1067,bc30
bc30_1068,bc30
bc30_1069,bc30
bc30_1070,bc30
bc30_1071,bc30
bc30_1072,bc30
bc30_1073,bc30
bc30_1074,bc30
bc30_1075,bc30
bc30_1076,bc30
bc30_1077,bc30
bc30_1078,bc30
bc30_1079,bc30
bc30_1080,bc30
bc30_1081,bc30
bc30_1082,bc30
bc30_1083,bc30
bc30_1084,bc30
bc30_1085,bc30
bc30_1086,bc30
bc30_1087,bc30
bc30_1088,bc30
bc30_1089,bc30
bc30_1090,bc30
bc30_1091,bc30
bc30_1092,bc30
bc30_1093,bc30
bc30_1094,bc30
bc30_1095,bc30
bc30_1096,bc30
bc30_1097,bc30
bc30_1098,bc30
bc30_1099,bc30
bc30_1100,bc30
bc30_1101,bc30
bc30_1102,bc30
bc30_1103,bc30
bc30_1104,bc30
bc30_1105,bc30
bc30_1106,bc30
bc30_1107,bc30
bc30_1108,bc30
bc30_1109,bc30
bc30_1110,bc30
bc30_1111,bc30
bc30_1112,bc30
bc30_1113,bc30
bc30_1114,bc30
bc30_1115,bc30
bc30_1116,bc30
bc30_1117,bc30
bc30_1118,bc30
bc30_1119,bc30
bc30_1120,bc30
bc30_1121,bc30
bc30_1122,bc30
bc30_1123,bc30
bc30_1124,bc30
bc30_1125,bc30
bc30_1126,bc30
bc30_1127,bc30
bc30_1128,bc30
bc30_1129,bc30
bc30_1130,bc30
bc30_1131,bc30
bc30_1132,bc30
bc30_1133,bc30
bc30_1134,bc30
bc30_1135,bc30
bc30_1136,bc30
bc30_1137,bc30
bc30_1138,bc30
bc30_1139,bc30
bc30_1140,bc30
bc30_1141,bc30
bc30_1142,bc30
bc30_1143,bc30
bc30_1144,bc30
bc30_1145,bc30
bc30_1146,bc30
bc30_1147,bc30
bc30_1148,bc30
bc30_1149,bc30
bc30_1150,bc30
bc30_1151,bc30
bc30_1152,bc30
bc30_1153,bc30
bc30_1154,bc30
bc30_1155,bc30
bc30_1156,bc30
bc30_1157,bc30
bc30_1158,bc30
bc30_1159,bc30
bc30_1160,bc30
bc30_1161,bc30
bc30_1162,bc30
bc30_1163,bc30
bc30_1164,bc30
bc30_1165,bc30
bc30_1166,bc30
bc30_1167,bc30
bc30_1168,bc30
bc30_1169,bc30
bc30_1170,bc30
bc30_1171,bc30
bc30_1172,bc30
bc30_1173,bc30
bc30_1174,bc30
bc30_1175,bc30
bc30_1176,bc30
bc30_1177,bc30
bc30_1178,bc30
bc30_1179,bc30
bc30_1180,bc30
bc30_1181,bc30
bc30_1182,bc30
bc30_1183,bc30
bc30_1184,bc30
bc30_1185,bc30
bc30_1186,bc30
bc30_1187,bc30
bc30_1188,bc30
bc30_1189,bc30
bc30_1190,bc30
bc30_1191,bc30
bc30_1192,bc30
bc30_1193,bc30
bc30_1194,bc30
bc30_1195,bc30
bc30_1196,bc30
bc30_1197,bc30
bc30_1198,bc30
bc30_1199,bc30
bc30_1200,bc30
bc30_1201,bc30
bc30_1202,bc30
bc30_1203,bc30
bc30_1204,bc30
bc30_1205,bc30
bc30_1206,bc30
bc30_1207,bc30
bc30_1208,bc30
bc30_1209,bc30
bc30_1210,bc30
bc30_1211,bc30
bc30_1212,bc30
bc30_1213,bc30
bc30_1214,bc30
bc30_1215,bc30
bc30_1216,bc30
bc30_1217,bc30
bc30_1218,bc30
bc30_1219,bc30
bc30_1220,bc30
bc30_1221,bc30
bc30_1222,bc30
bc30_1223,bc30
bc30_1224,bc30
bc30_1225,bc30
bc30_1226,bc30
bc30_1227,bc30
bc30_1228,bc30
bc30_1229,bc30
bc30_1230,bc30
bc30_1231,bc30
bc30_1232,bc30
bc30_1233,bc30
bc30_1234,bc30
bc30_1235,bc30
bc30_1236,bc30
bc30_1237,bc30
bc30_1238,bc30
bc30_1239,bc30
bc30_1240,bc30
bc30_1241,bc30
bc30_1242,bc30
bc30_1243,bc30
bc30_1244,bc30
bc30_1245,bc30
bc30_1246,bc30
bc30_1247,bc30
bc30_1248,bc30
bc30_1249,bc30
bc30_1250,bc30
bc30_1251,bc30
bc30_1252,bc30
bc30_1253,bc30
bc30_1254,bc30
bc30_1255,bc30
bc30_1256,bc30
bc30_1257,bc30
bc30_1258,bc30
bc30_1259,bc30
bc30_1260,bc30
bc30_1261,bc30
bc30_1262,bc30
bc30_1263,bc30
bc30_1264,bc30
bc30_1265,bc30
bc30_1266,bc30
bc30_1267,bc30
bc30_1268,bc30
bc30_1269,bc30
bc30_1270,bc30
bc30_1271,bc30
bc30_1272,bc30
bc30_1273,bc30
bc30_1274,bc30
bc30_1275,bc30
bc30_1276,bc30
bc30_1277,bc30
bc30_1278,bc30
bc30_1279,bc30
bc30_1280,bc30
bc30_1281,bc30
bc30_1282,bc30
bc30_1283,bc30
bc30_1284,bc30
bc30_1285,bc30
bc30_1286,bc30
bc30_1287,bc30
bc30_1288,bc30
bc30_1289,bc30
bc30_1290,bc30
bc30_1291,bc30
bc30_1292,bc30
bc30_1293,bc30
bc30_1294,bc30
bc30_1295,bc30
bc30_1296,bc30
bc30_1297,bc30
bc30_1298,bc30
bc30_1299,bc30
bc30_1300,bc30
bc30_1301,bc30
bc30_1302,bc30
bc30_1303,bc30
bc30_1304,bc30
bc30_1305,bc30
bc30_1306,bc30
bc30_1307,bc30
bc30_1308,bc30
bc30_1309,bc30
bc30_1310,bc30
bc30_1311,bc30
bc30_1312,bc30
bc30_1313,bc30
bc30_1314,bc30
bc30_1315,bc30
bc30_1316,bc30
bc30_1317,bc30
bc30_1318,bc30
bc30_1319,bc30
bc30_1320,bc30
bc30_1321,bc30
bc30_1322,bc30
bc30_1323,bc30
bc30_1324,bc30
bc30_1325,bc30
bc30_1326,bc30
bc30_1327,bc30
bc30_1328,bc30
bc30_1329,bc30
bc30_1330,bc30
bc30_1331,bc30
bc30_1332,bc30
bc30_1333,bc30
bc30_1334,bc30
bc30_1335,bc30
bc30_1336,bc30
bc30_1337,bc30
bc30_1338,bc30
bc30_1339,bc30
bc30_1340,bc30
bc30_1341,bc30
bc30_1342,bc30
bc30_1343,bc30
bc30_1344,bc30
bc30_1345,bc30
bc30_1346,bc30
bc30_1347,bc30
bc30_1348,bc30
bc30_1349,bc30
bc30_1350,bc30
bc30_1351,bc30
bc30_1352,bc30
bc30_1353,bc30
bc30_1354,bc30
bc30_1355,bc30
bc30_1356,bc30
bc30_1357,bc30
bc30_1358,bc30
bc30_1359,bc30
bc30_1360,bc30
bc30_1361,bc30
bc30_1362,bc30
bc30_1363,bc30
bc30_1364,bc30
bc30_1365,bc30
bc30_1366,bc30
bc30_1367,bc30
bc30_1368,bc30
bc30_1369,bc30
bc30_1370,bc30
bc30_1371,bc30
bc30_1372,bc30
bc30_1373,bc30
bc30_1374,bc30
bc30_1375,bc30
bc30_1376,bc30
bc30_1377,bc30
bc30_1378,bc30
bc30_1379,bc30
bc30_1380,bc30
bc30_1381,bc30
bc30_1382,bc30
bc30_1383,bc30
bc30_1384,bc30
bc30_1385,bc30
bc30_1386,bc30
bc30_1387,bc30
bc30_1388,bc30
bc30_1389,bc30
bc30_1390,bc30
bc30_1391,bc30
bc30_1392,bc30
bc30_1393,bc30
bc30_1394,bc30
bc30_1395,bc30
bc30_1396,bc30
bc30_1397,bc30
bc30_1398,bc30
bc30_1399,bc30
bc30_1400,bc30
bc30_1401,bc30
bc30_1402,bc30
bc30_1403,bc30
bc30_1404,bc30
bc30_1405,bc30
bc30_1406,bc30
bc30_1407,bc30
bc30_1408,bc30
bc30_1409,bc30
bc30_1410,bc30
bc30_1411,bc30
bc30_1412,bc30
bc30_1413,bc30
bc30_1414,bc30
bc30_1415,bc30
bc30_1416,bc30
bc30_1417,bc30
bc30_1418,bc30
bc30_1419,bc30
bc30_1420,bc30
bc30_1421,bc30
bc30_1422,bc30
bc30_1423,bc30
bc30_1424,bc30
bc30_1425,bc30
bc30_1426,bc30
bc30_1427,bc30
bc30_1428,bc30
bc30_1429,bc30
bc30_1430,bc30
bc30_1431,bc30
bc30_1432,bc30
bc30_1433,bc30
bc30_1434,bc30
bc30_1435,bc30
bc30_1436,bc30
bc30_1437,bc30
bc30_1438,bc30
bc30_1439,bc30
bc30_1440,bc30
bc30_1441,bc30
bc30_1442,bc30
bc30_1443,bc30
bc30_1444,bc30
bc30_1445,bc30
bc30_1446,bc30
bc30_1447,bc30
bc30_1448,bc30
bc30_1449,bc30
bc30_1450,bc30
bc30_1451,bc30
bc30_1452,bc30
bc30_1453,bc30
bc30_1454,bc30
bc30_1455,bc30
bc30_1456,bc30
bc30_1457,bc30
bc30_1458,bc30
bc30_1459,bc30
bc30_1460,bc30
bc30_1461,bc30
bc30_1462,bc30
bc30_1463,bc30
bc30_1464,bc30
bc30_1465,bc30
bc30_1466,bc30
bc30_1467,bc30
bc30_1468,bc30
bc30_1469,bc30
bc30_1470,bc30
bc30_1471,bc30
bc30_1472,bc30
bc30_1473,bc30
bc30_1474,bc30
bc30_1475,bc30
bc30_1476,bc30
bc30_1477,bc30
bc30_1478,bc30
bc30_1479,bc30
bc30_1480,bc30
bc30_1481,bc30
bc30_1482,bc30
bc30_1483,bc30
bc30_1484,bc30
bc30_1485,bc30
bc30_1486,bc30
bc30_1487,bc30
bc30_1488,bc30
bc30_1489,bc30
bc30_1490,bc30
bc30_1491,bc30
bc30_1492,bc30
bc30_1493,bc30
bc30_1494,bc30
bc30_1495,bc30
bc30_1496,bc30
bc30_1497,bc30
bc30_1498,bc30
bc30_1499,bc30
bc30_1500,bc30
bc30_1501,bc30
bc30_1502,bc30
bc30_1503,bc30
bc30_1504,bc30
bc30_1505,bc30
bc30_1506,bc30
bc30_1507,bc30
bc30_1508,bc30
bc30_1509,bc30
bc30_1510,bc30
bc30_1511,bc30
bc30_1512,bc30
bc30_1513,bc30
bc30_1514,bc30
bc30_1515,bc30
bc30_1516,bc30
bc30_1517,bc30
bc30_1518,bc30
bc30_1519,bc30
bc30_1520,bc30
bc30_1521,bc30
bc30_1522,bc30
bc30_1523,bc30
bc30_1524,bc30
bc30_1525,bc30
bc30_1526,bc30
bc30_1527,bc30
bc30_1528,bc30
bc30_1529,bc30
bc30_1530,bc30
doublet_1|bc17_1273_bc16_708,Multiplet
doublet_2|bc19_682_bc13_1054,Multiplet
doublet_3|bc30_770_bc10_33,Multiplet
doublet_4|bc17_2419_bc26_416,bc17
doublet_5|bc12_715_bc24_2085,bc12
doublet_6|bc2_1029_bc9_186,Multiplet
doublet_7|bc17_1034_bc17_1860,bc17
doublet_8|bc16_1496_bc7_1058,Multiplet
doublet_9|bc24_23_bc24_18,bc24
doublet_10|bc17_10_bc11_939,Multiplet
doublet_11|bc17_1542_bc29_96,Multiplet
doublet_12|bc5_321_bc2_641,Multiplet
doublet_13|bc7_751_bc26_674,Multiplet
doublet_14|bc24_2455_bc15_260,Multiplet
doublet_15|bc28_25_bc26_2460,Multiplet
doublet_16|bc17_2435_bc23_403,bc23
doublet_17|bc20_34_bc9_487,Multiplet
doublet_18|bc17_863_bc4_48,Multiplet
doublet_19|bc19_894_bc20_412,Multiplet
doublet_20|bc9_1559_bc17_1887,bc17
doublet_21|bc24_1084_bc9_245,Multiplet
doublet_22|bc12_825_bc13_984,Multiplet
doublet_23|bc8_1987_bc17_1045,Multiplet
doublet_24|bc22_149_bc25_2180,Multiplet
doublet_25|bc16_1489_bc3_52,Multiplet
doublet_26|bc26_647_bc7_504,Multiplet
doublet_27|bc12_813_bc29_363,Multiplet
doublet_28|bc9_594_bc9_425,bc9
doublet_29|bc8_354_bc26_1441,Multiplet
doublet_30|bc30_1388_bc7_159,Multiplet
doublet_31|bc8_174_bc1_125,Multiplet
doublet_32|bc13_717_bc7_334,Multiplet
doublet_33|bc23_74_bc25_197,Multiplet
doublet_34|bc15_729_bc9_1434,Multiplet
doublet_35|bc20_1175_bc24_988,Multiplet
doublet_36|bc7_709_bc15_460,Multiplet
doublet_37|bc7_29_bc17_167,Multiplet
doublet_38|bc26_2425_bc7_1110,Multiplet
doublet_39|bc16_724_bc13_1105,Multiplet
doublet_40|bc26_1479_bc7_1219,Multiplet
doublet_41|bc9_1396_bc2_18,Multiplet
doublet_42|bc24_519_bc24_1057,bc24
doublet_43|bc13_874_bc4_360,Multiplet
doublet_44|bc6_450_bc12_1100,Multiplet
doublet_45|bc17_743_bc8_2232,Multiplet
doublet_46|bc11_489_bc30_1327,Multiplet
doublet_47|bc25_1641_bc17_564,Multiplet
doublet_48|bc28_364_bc24_324,Multiplet
doublet_49|bc17_2986_bc10_303,bc17
doublet_50|bc12_403_bc30_503,Multiplet
doublet_51|bc25_1735_bc30_1207,Multiplet
doublet_52|bc22_179_bc24_1824,bc22
doublet_53|bc29_609_bc17_714,Multiplet
doublet_54|bc1_211_bc16_1245,bc16
doublet_55|bc11_571_bc9_1073,Multiplet
doublet_56|bc2_386_bc7_1240,bc2
doublet_57|bc12_286_bc26_2499,Multiplet
doublet_58|bc14_353_bc2_1882,Multiplet
doublet_59|bc24_209_bc8_1507,Multiplet
doublet_60|bc25_1769_bc23_342,Multiplet
doublet_61|bc25_1587_bc17_1585,Multiplet
doublet_62|bc18_1143_bc1_242,Multiplet
doublet_63|bc20_930_bc29_105,Multiplet
doublet_64|bc8_1652_bc24_2314,Multiplet
doublet_65|bc8_1744_bc21_456,Multiplet
doublet_66|bc17_2331_bc2_570,Multiplet
doublet_67|bc17_1226_bc15_999,Multiplet
doublet_68|bc20_1389_bc4_301,bc4
doublet_69|bc21_1316_bc18_129,Multiplet
doublet_70|bc4_447_bc23_360,Multiplet
doublet_71|bc16_729_bc24_38,Multiplet
doublet_72|bc19_29_bc16_179,bc19
doublet_73|bc20_406_bc16_547,Multiplet
doublet_74|bc16_1195_bc16_1207,bc16
doublet_75|bc25_2885_bc18_567,bc25
doublet_76|bc25_2031_bc18_1721,Multiplet
doublet_77|bc20_9_bc16_1473,Multiplet
doublet_78|bc26_2494_bc24_1069,Multiplet
doublet_79|bc23_237_bc25_479,Multiplet
doublet_80|bc24_401_bc8_1290,Multiplet
doublet_81|bc9_651_bc14_412,Multiplet
doublet_82|bc25_1593_bc23_29,Multiplet
doublet_83|bc16_1125_bc19_919,Multiplet
doublet_84|bc28_499_bc17_491,Multiplet
doublet_85|bc16_478_bc13_534,Multiplet
doublet_86|bc30_1402_bc21_1201,Multiplet
doublet_87|bc24_1414_bc21_552,Multiplet
doublet_88|bc25_1420_bc11_435,Multiplet
doublet_89|bc26_2045_bc23_9,Multiplet
doublet_90|bc16_1162_bc30_1437,Multiplet
doublet_91|bc24_648_bc8_1943,Multiplet
doublet_92|bc17_2311_bc28_56,Multiplet
doublet_93|bc19_65_bc24_1257,Multiplet
doublet_94|bc23_390_bc26_2764,Multiplet
doublet_95|bc25_723_bc21_671,Multiplet
doublet_96|bc11_187_bc20_262,Multiplet
doublet_97|bc25_2207_bc8_2129,Multiplet
doublet_98|bc26_761_bc29_413,Multiplet
doublet_99|bc13_697_bc24_48,Multiplet
doublet_100|bc8_1823_bc14_400,Multiplet
doublet_101|bc24_979_bc15_745,Multiplet
doublet_102|bc7_1166_bc13_537,Multiplet
doublet_103|bc30_1172_bc20_60,Multiplet
doublet_104|bc13_376_bc24_1322,Multiplet
doublet_105|bc20_895_bc17_1563,Multiplet
doublet_106|bc4_324_bc15_845,Multiplet
doublet_107|bc13_1174_bc8_1664,Multiplet
doublet_108|bc25_1032_bc11_999,Multiplet
doublet_109|bc12_423_bc26_2736,Multiplet
doublet_110|bc12_167_bc30_768,Multiplet
doublet_111|bc21_12_bc16_1109,Multiplet
doublet_112|bc10_163_bc18_1697,bc18
doublet_113|bc26_2755_bc17_2641,Multiplet
doublet_114|bc15_704_bc12_586,bc12
doublet_115|bc26_2986_bc6_93,Multiplet
doublet_116|bc9_209_bc23_358,Multiplet
doublet_117|bc21_657_bc30_440,Multiplet
doublet_118|bc2_1080_bc30_153,Multiplet
doublet_119|bc12_1056_bc3_336,Multiplet
doublet_120|bc8_572_bc21_933,Multiplet
doublet_121|bc10_258_bc23_467,Multiplet
doublet_122|bc26_1798_bc13_1045,bc26
doublet_123|bc2_868_bc11_247,Multiplet
doublet_124|bc6_328_bc2_2534,Multiplet
doublet_125|bc2_2278_bc4_160,bc4
doublet_126|bc21_749_bc11_118,Multiplet
doublet_127|bc13_532_bc20_982,Multiplet
doublet_128|bc18_238_bc2_2401,bc18
doublet_129|bc23_133_bc25_1250,Multiplet
doublet_130|bc29_542_bc7_82,Multiplet
doublet_131|bc9_1544_bc24_2224,Multiplet
doublet_132|bc26_2727_bc2_2011,Multiplet
doublet_133|bc13_793_bc4_322,Multiplet
doublet_134|bc14_233_bc29_295,Multiplet
doublet_135|bc18_1416_bc16_451,Multiplet
doublet_136|bc7_534_bc26_2332,Multiplet
doublet_137|bc24_26_bc24_91,bc24
doublet_138|bc6_40_bc25_2501,Multiplet
doublet_139|bc8_1002_bc24_1667,Multiplet
doublet_140|bc12_794_bc17_2172,Multiplet
doublet_141|bc8_251_bc7_477,Multiplet
doublet_142|bc30_491_bc25_2283,Multiplet
doublet_143|bc25_1488_bc20_131,Multiplet
doublet_144|bc17_2205_bc30_25,Multiplet
doublet_145|bc10_520_bc26_159,Multiplet
doublet_146|bc2_2084_bc24_1009,Multiplet
doublet_147|bc3_239_bc18_246,Multiplet
doublet_148|bc16_1394_bc25_2070,Multiplet
doublet_149|bc18_1386_bc29_433,Multiplet
doublet_150|bc22_110_bc2_1430,Multiplet
doublet_151|bc20_1290_bc29_451,Multiplet
doublet_152|bc18_271_bc2_2474,Multiplet
doublet_153|bc15_391_bc30_1184,Multiplet
doublet_154|bc28_414_bc2_507,Multiplet
doublet_155|bc9_1749_bc18_203,Multiplet
doublet_156|bc15_283_bc12_960,Multiplet
doublet_157|bc21_1248_bc1_562,Multiplet
doublet_158|bc25_617_bc9_1999,Multiplet
doublet_159|bc9_1418_bc15_277,Multiplet
doublet_160|bc14_609_bc9_271,Multiplet
doublet_161|bc7_278_bc24_164,Multiplet
doublet_162|bc8_76_bc9_585,Multiplet
doublet_163|bc2_1105_bc24_2428,Multiplet
doublet_164|bc11_647_bc11_1019,bc11
doublet_165|bc30_1011_bc26_2697,Multiplet
doublet_166|bc21_385_bc4_221,bc4
doublet_167|bc15_107_bc18_743,Multiplet
doublet_168|bc26_801_bc11_176,Multiplet
doublet_169|bc7_1198_bc2_1767,Multiplet
doublet_170|bc26_558_bc18_300,Multiplet
doublet_171|bc26_449_bc18_1329,Multiplet
doublet_172|bc16_783_bc29_612,Multiplet
doublet_173|bc11_967_bc9_1499,Multiplet
doublet_174|bc26_2460_bc17_2525,Multiplet
doublet_175|bc1_208_bc20_328,Multiplet
doublet_176|bc11_108_bc17_729,Multiplet
doublet_177|bc16_512_bc11_847,Multiplet
doublet_178|bc15_489_bc26_2331,Multiplet
doublet_179|bc7_1181_bc11_902,bc11
doublet_180|bc30_749_bc8_2094,Multiplet
doublet_181|bc29_115_bc5_232,Multiplet
doublet_182|bc26_736_bc17_2089,Multiplet
doublet_183|bc18_2097_bc25_439,Multiplet
doublet_184|bc8_979_bc30_903,Multiplet
doublet_185|bc17_978_bc21_748,Multiplet
doublet_186|bc8_1861_bc26_2893,Multiplet
doublet_187|bc4_264_bc30_1370,Multiplet
doublet_188|bc16_528_bc25_903,Multiplet
doublet_189|bc24_2229_bc12_380,Multiplet
doublet_190|bc2_541_bc26_559,Multiplet
doublet_191|bc11_467_bc23_250,bc11
doublet_192|bc2_1768_bc25_864,Multiplet
doublet_193|bc15_241_bc10_184,Multiplet
doublet_194|bc20_1256_bc1_191,Multiplet
doublet_195|bc15_385_bc26_179,Multiplet
doublet_196|bc24_1647_bc9_1167,Multiplet
doublet_197|bc26_549_bc24_2129,Multiplet
doublet_198|bc24_1261_bc7_417,Multiplet
doublet_199|bc30_252_bc2_1425,Multiplet
doublet_200|bc8_1793_bc5_110,Multiplet
doublet_201|bc13_560_bc8_1279,Multiplet
doublet_202|bc21_477_bc16_362,Multiplet
doublet_203|bc12_321_bc25_179,Multiplet
doublet_204|bc9_930_bc25_1273,Multiplet
doublet_205|bc25_2741_bc8_2152,Multiplet
doublet_206|bc30_584_bc20_850,Multiplet
doublet_207|bc6_61_bc25_615,Multiplet
doublet_208|bc23_430_bc2_1714,Multiplet
doublet_209|bc2_1271_bc9_334,bc9
doublet_210|bc1_307_bc25_1935,Multiplet
doublet_211|bc9_2_bc16_89,Multiplet
doublet_212|bc24_369_bc14_302,Multiplet
doublet_213|bc5_381_bc15_276,Multiplet
doublet_214|bc17_1941_bc11_186,bc11
doublet_215|bc2_1562_bc14_511,Multiplet
doublet_216|bc24_2369_bc4_500,Multiplet
doublet_217|bc20_428_bc24_1011,bc24
doublet_218|bc16_497_bc9_1414,Multiplet
doublet_219|bc13_982_bc25_2238,bc25
doublet_220|bc24_1699_bc5_313,bc24
doublet_221|bc2_267_bc30_462,Multiplet
doublet_222|bc2_634_bc30_529,Multiplet
doublet_223|bc21_441_bc9_509,Multiplet
doublet_224|bc17_1415_bc12_450,Multiplet
doublet_225|bc17_2280_bc26_1426,Multiplet
doublet_226|bc26_1302_bc15_382,Multiplet
doublet_227|bc4_696_bc7_349,bc4
doublet_228|bc25_1582_bc9_1655,Multiplet
doublet_229|bc24_1862_bc19_659,Multiplet
doublet_230|bc25_1216_bc26_1249,Multiplet
doublet_231|bc8_58_bc17_108,Multiplet
doublet_232|bc25_686_bc11_542,Multiplet
doublet_233|bc20_692_bc16_224,Multiplet
doublet_234|bc7_726_bc20_1296,Multiplet
doublet_235|bc21_311_bc23_331,Multiplet
doublet_236|bc6_361_bc24_1347,Multiplet
doublet_237|bc14_470_bc15_934,bc14
doublet_238|bc2_928_bc19_819,Multiplet
doublet_239|bc9_1180_bc9_143,bc9
doublet_240|bc24_1745_bc25_667,Multiplet
doublet_241|bc20_1241_bc25_1526,Multiplet
doublet_242|bc18_2153_bc24_2026,Multiplet
doublet_243|bc9_686_bc25_580,Multiplet
doublet_244|bc13_345_bc29_253,Multiplet
doublet_245|bc24_2472_bc7_841,Multiplet
doublet_246|bc8_1648_bc12_55,Multiplet
doublet_247|bc30_1015_bc20_710,Multiplet
doublet_248|bc10_232_bc26_1967,Multiplet
doublet_249|bc20_1576_bc8_1490,Multiplet
doublet_250|bc6_56_bc23_418,Multiplet
doublet_251|bc26_1_bc25_1794,Multiplet
doublet_252|bc26_944_bc1_44,Multiplet
doublet_253|bc24_1211_bc18_1700,Multiplet
doublet_254|bc19_206_bc17_2024,Multiplet
doublet_255|bc13_767_bc30_854,Multiplet
doublet_256|bc24_2054_bc25_2169,Multiplet
doublet_257|bc21_682_bc8_1698,Multiplet
doublet_258|bc9_1020_bc7_463,bc7
doublet_259|bc21_801_bc30_433,Multiplet
doublet_260|bc30_1292_bc7_612,Multiplet
doublet_261|bc17_1639_bc20_1282,Multiplet
doublet_262|bc10_295_bc26_457,Multiplet
doublet_263|bc12_354_bc20_471,Multiplet
doublet_264|bc28_389_bc17_2634,Multiplet
doublet_265|bc2_1680_bc26_257,Multiplet
doublet_266|bc2_271_bc26_2232,Multiplet
doublet_267|bc21_496_bc26_1987,Multiplet
doublet_268|bc20_1007_bc21_47,Multiplet
doublet_269|bc17_2047_bc24_2191,Multiplet
doublet_270|bc17_91_bc24_1568,Multiplet
doublet_271|bc25_952_bc20_162,Multiplet
doublet_272|bc9_1438_bc17_1691,Multiplet
doublet_273|bc15_124_bc10_366,Multiplet
doublet_274|bc9_851_bc2_2214,Multiplet
doublet_275|bc25_160_bc8_1585,Multiplet
doublet_276|bc1_576_bc18_896,Multiplet
doublet_277|bc25_846_bc17_2230,Multiplet
doublet_278|bc13_441_bc29_740,Multiplet
doublet_279|bc20_1335_bc16_894,Multiplet
doublet_280|bc21_244_bc21_352,bc21
doublet_281|bc15_1000_bc2_1136,Multiplet
doublet_282|bc19_441_bc7_182,Multiplet
doublet_283|bc13_764_bc2_1471,Multiplet
doublet_284|bc12_1120_bc16_1369,Multiplet
doublet_285|bc2_1315_bc18_1099,Multiplet
doublet_286|bc21_1192_bc26_1862,Multiplet
doublet_287|bc18_1622_bc20_435,Multiplet
doublet_288|bc9_841_bc30_1454,bc30
doublet_289|bc18_1614_bc18_2054,bc18
doublet_290|bc6_55_bc16_63,Multiplet
doublet_291|bc25_2003_bc18_418,bc18
doublet_292|bc15_641_bc15_498,bc15
doublet_293|bc25_825_bc17_117,Multiplet
doublet_294|bc21_241_bc18_878,Multiplet
doublet_295|bc3_109_bc10_452,Multiplet
doublet_296|bc7_91_bc21_1418,Multiplet
doublet_297|bc17_943_bc2_1743,Multiplet
doublet_298|bc7_104_bc24_450,Multiplet
doublet_299|bc30_1511_bc2_1230,Multiplet
doublet_300|bc18_622_bc26_2778,bc26
doublet_301|bc29_551_bc24_2376,Multiplet
doublet_302|bc29_503_bc16_1416,Multiplet
doublet_303|bc16_153_bc29_510,Multiplet
doublet_304|bc14_209_bc17_69,Multiplet
doublet_305|bc11_87_bc25_1962,Multiplet
doublet_306|bc19_274_bc18_1286,Multiplet
doublet_307|bc25_1209_bc29_146,Multiplet
doublet_308|bc14_45_bc18_1382,bc18
doublet_309|bc20_366_bc1_12,Multiplet
doublet_310|bc2_2171_bc14_515,Multiplet
doublet_311|bc26_1456_bc29_675,Multiplet
doublet_312|bc7_638_bc2_469,Multiplet
doublet_313|bc17_1958_bc25_347,Multiplet
doublet_314|bc12_360_bc7_391,Multiplet
doublet_315|bc17_17_bc2_215,Multiplet
doublet_316|bc22_49_bc29_220,Multiplet
doublet_317|bc2_224_bc8_606,bc8
doublet_318|bc29_471_bc11_344,Multiplet
doublet_319|bc12_140_bc2_195,Multiplet
doublet_320|bc2_2435_bc20_320,Multiplet
doublet_321|bc4_113_bc29_774,Multiplet
doublet_322|bc6_330_bc2_864,Multiplet
doublet_323|bc26_505_bc7_620,Multiplet
doublet_324|bc25_2944_bc26_702,Multiplet
doublet_325|bc12_498_bc25_1319,Multiplet
doublet_326|bc17_2950_bc20_84,Multiplet
doublet_327|bc20_359_bc27_37,Multiplet
doublet_328|bc11_107_bc17_513,Multiplet
doublet_329|bc25_305_bc26_2812,Multiplet
doublet_330|bc9_1100_bc4_21,Multiplet
doublet_331|bc23_263_bc9_208,Multiplet
doublet_332|bc30_1105_bc26_680,Multiplet
doublet_333|bc24_184_bc18_1395,Multiplet
doublet_334|bc21_240_bc14_443,Multiplet
doublet_335|bc4_575_bc29_14,Multiplet
doublet_336|bc26_2777_bc8_2318,Multiplet
doublet_337|bc16_1145_bc10_22,Multiplet
doublet_338|bc2_298_bc12_655,bc12
doublet_339|bc7_210_bc18_681,Multiplet
doublet_340|bc7_761_bc17_723,Multiplet
doublet_341|bc26_1160_bc18_1985,Multiplet
doublet_342|bc25_2384_bc7_1126,Multiplet
doublet_343|bc17_946_bc11_411,Multiplet
doublet_344|bc26_2790_bc13_538,Multiplet
doublet_345|bc5_126_bc21_955,Multiplet
doublet_346|bc18_1488_bc11_752,Multiplet
doublet_347|bc8_823_bc2_1163,bc8
doublet_348|bc17_918_bc17_1629,bc17
doublet_349|bc24_682_bc2_319,Multiplet
doublet_350|bc24_1791_bc8_493,Multiplet
doublet_351|bc30_596_bc2_2379,Multiplet
doublet_352|bc2_2118_bc19_47,Multiplet
doublet_353|bc25_2879_bc17_1242,Multiplet
doublet_354|bc17_952_bc8_1319,Multiplet
doublet_355|bc18_315_bc17_417,Multiplet
doublet_356|bc26_1225_bc30_1238,Multiplet
doublet_357|bc26_2803_bc18_1493,Multiplet
doublet_358|bc25_1677_bc2_227,Multiplet
doublet_359|bc21_1349_bc2_427,bc2
doublet_360|bc30_118_bc16_1211,Multiplet
doublet_361|bc14_285_bc18_514,Multiplet
doublet_362|bc18_529_bc16_226,Multiplet
doublet_363|bc17_1784_bc20_72,Multiplet
doublet_364|bc8_1905_bc2_2577,Multiplet
doublet_365|bc21_871_bc24_1735,Multiplet
doublet_366|bc17_2459_bc6_195,Multiplet
doublet_367|bc15_357_bc26_918,Multiplet
doublet_368|bc19_152_bc25_2340,Multiplet
doublet_369|bc18_549_bc26_132,Multiplet
doublet_370|bc15_931_bc8_272,Multiplet
doublet_371|bc13_773_bc23_441,Multiplet
doublet_372|bc30_1329_bc7_1137,Multiplet
doublet_373|bc19_36_bc5_287,Multiplet
doublet_374|bc13_704_bc21_906,bc13
doublet_375|bc26_179_bc18_1083,Multiplet
doublet_376|bc24_195_bc2_2063,Multiplet
doublet_377|bc11_335_bc26_1810,Multiplet
doublet_378|bc7_977_bc7_1161,bc7
doublet_379|bc10_148_bc20_523,Multiplet
doublet_380|bc24_2302_bc28_183,Multiplet
doublet_381|bc3_330_bc24_772,Multiplet
doublet_382|bc26_331_bc26_2925,bc26
doublet_383|bc25_71_bc6_286,Multiplet
doublet_384|bc15_53_bc16_1469,Multiplet
doublet_385|bc21_854_bc21_670,bc21
doublet_386|bc17_54_bc16_496,Multiplet
doublet_387|bc29_309_bc7_590,Multiplet
doublet_388|bc25_2463_bc16_512,Multiplet
doublet_389|bc2_2616_bc29_558,Multiplet
doublet_390|bc30_1168_bc12_1076,Multiplet
doublet_391|bc17_1320_bc2_755,Multiplet
doublet_392|bc30_751_bc25_2627,Multiplet
doublet_393|bc17_750_bc21_104,Multiplet
doublet_394|bc8_1961_bc13_711,bc13
doublet_395|bc5_368_bc26_2795,bc5
doublet_396|bc26_2379_bc24_2399,Multiplet
doublet_397|bc25_1145_bc28_251,Multiplet
doublet_398|bc19_472_bc18_1795,Multiplet
doublet_399|bc4_271_bc21_162,Multiplet
doublet_400|bc20_1465_bc17_1126,Multiplet
doublet_401|bc26_1326_bc17_1483,Multiplet
doublet_402|bc9_21_bc17_1296,Multiplet
doublet_403|bc20_1168_bc8_1907,Multiplet
doublet_404|bc13_144_bc17_532,Multiplet
doublet_405|bc19_127_bc17_305,bc19
doublet_406|bc4_86_bc14_485,Multiplet
doublet_407|bc8_2118_bc13_706,Multiplet
doublet_408|bc26_1157_bc18_1596,Multiplet
doublet_409|bc22_125_bc6_406,Multiplet
doublet_410|bc26_2680_bc2_2421,Multiplet
doublet_411|bc19_26_bc26_1026,Multiplet
doublet_412|bc9_433_bc18_1233,Multiplet
doublet_413|bc2_2161_bc11_63,Multiplet
doublet_414|bc12_338_bc17_667,Multiplet
doublet_415|bc25_1362_bc16_759,Multiplet
doublet_416|bc16_1030_bc8_1705,Multiplet
doublet_417|bc2_1033_bc26_1122,Multiplet
doublet_418|bc18_200_bc8_968,Multiplet
doublet_419|bc17_2058_bc17_2325,bc17
doublet_420|bc20_594_bc11_1058,Multiplet
doublet_421|bc5_289_bc11_812,Multiplet
doublet_422|bc30_1291_bc8_1697,Multiplet
doublet_423|bc14_36_bc12_656,Multiplet
doublet_424|bc30_70_bc18_798,Multiplet
doublet_425|bc29_685_bc2_2100,Multiplet
doublet_426|bc17_2360_bc2_1583,Multiplet
doublet_427|bc25_1989_bc16_519,Multiplet
doublet_428|bc2_2717_bc26_2011,bc26
doublet_429|bc21_148_bc23_122,Multiplet
doublet_430|bc2_1354_bc7_857,Multiplet
doublet_431|bc24_571_bc17_1460,Multiplet
doublet_432|bc26_102_bc26_1938,bc26
doublet_433|bc25_721_bc26_418,Multiplet
doublet_434|bc16_575_bc25_1612,Multiplet
doublet_435|bc25_793_bc25_810,bc25
doublet_436|bc25_2108_bc14_219,Multiplet
doublet_437|bc26_2870_bc11_1010,Multiplet
doublet_438|bc1_254_bc9_966,Multiplet
doublet_439|bc9_12_bc30_418,Multiplet
doublet_440|bc7_1114_bc9_979,Multiplet
doublet_441|bc30_153_bc17_654,Multiplet
doublet_442|bc24_1820_bc13_296,Multiplet
doublet_443|bc19_173_bc1_13,Multiplet
doublet_444|bc20_1342_bc24_1377,Multiplet
doublet_445|bc9_375_bc24_632,Multiplet
doublet_446|bc19_890_bc7_593,Multiplet
doublet_447|bc26_2719_bc25_19,Multiplet
doublet_448|bc1_353_bc25_701,Multiplet
doublet_449|bc4_437_bc24_2241,bc4
doublet_450|bc21_612_bc21_668,bc21
doublet_451|bc24_1528_bc12_1033,Multiplet
doublet_452|bc8_344_bc12_783,Multiplet
doublet_453|bc15_368_bc26_176,Multiplet
doublet_454|bc17_2087_bc26_1924,Multiplet
doublet_455|bc14_566_bc25_647,Multiplet
doublet_456|bc30_1263_bc20_648,Multiplet
doublet_457|bc24_312_bc21_1120,Multiplet
doublet_458|bc5_347_bc26_578,Multiplet
doublet_459|bc25_1570_bc20_577,Multiplet
doublet_460|bc2_1642_bc18_1706,Multiplet
doublet_461|bc8_2019_bc17_1064,Multiplet
doublet_462|bc29_531_bc15_535,Multiplet
doublet_463|bc18_1482_bc30_1442,Multiplet
doublet_464|bc30_341_bc25_2524,Multiplet
doublet_465|bc10_96_bc14_250,Multiplet
doublet_466|bc11_788_bc19_545,Multiplet
doublet_467|bc10_371_bc26_198,Multiplet
doublet_468|bc25_2418_bc20_1268,bc25
doublet_469|bc21_258_bc7_621,Multiplet
doublet_470|bc25_2356_bc24_2248,Multiplet
doublet_471|bc4_266_bc24_2374,Multiplet
doublet_472|bc15_942_bc8_1275,Multiplet
doublet_473|bc15_890_bc19_984,bc15
doublet_474|bc7_359_bc19_945,Multiplet
doublet_475|bc18_253_bc9_1328,Multiplet
doublet_476|bc9_1553_bc5_68,Multiplet
doublet_477|bc26_2688_bc9_1121,Multiplet
doublet_478|bc8_423_bc9_1173,Multiplet
doublet_479|bc17_1582_bc23_47,Multiplet
doublet_480|bc17_2110_bc13_300,bc17
doublet_481|bc20_391_bc22_228,Multiplet
doublet_482|bc23_454_bc5_24,Multiplet
doublet_483|bc14_96_bc24_891,Multiplet
doublet_484|bc1_122_bc2_2468,Multiplet
doublet_485|bc4_214_bc26_2813,Multiplet
doublet_486|bc15_965_bc21_1145,Multiplet
doublet_487|bc18_810_bc24_314,Multiplet
doublet_488|bc20_728_bc20_1312,bc20
doublet_489|bc28_119_bc17_115,Multiplet
doublet_490|bc11_282_bc30_652,Multiplet
doublet_491|bc16_1072_bc8_2311,Multiplet
doublet_492|bc12_153_bc24_1696,Multiplet
doublet_493|bc16_914_bc17_2960,Multiplet
doublet_494|bc26_1678_bc20_778,Multiplet
doublet_495|bc10_221_bc17_2009,Multiplet
doublet_496|bc25_1702_bc10_525,Multiplet
doublet_497|bc2_251_bc28_20,Multiplet
doublet_498|bc2_1777_bc21_1053,Multiplet
doublet_499|bc10_337_bc13_81,Multiplet
doublet_500|bc18_1936_bc16_618,Multiplet
doublet_501|bc27_11_bc16_877,Multiplet
doublet_502|bc17_2233_bc21_183,Multiplet
doublet_503|bc21_265_bc17_2428,Multiplet
doublet_504|bc29_121_bc8_1855,Multiplet
doublet_505|bc2_1924_bc29_949,Multiplet
doublet_506|bc15_203_bc15_693,bc15
doublet_507|bc8_625_bc7_99,Multiplet
doublet_508|bc12_680_bc18_1572,Multiplet
doublet_509|bc18_281_bc2_2250,Multiplet
doublet_510|bc8_2067_bc2_240,Multiplet
doublet_511|bc21_503_bc24_591,Multiplet
doublet_512|bc26_2776_bc16_1277,Multiplet
doublet_513|bc17_2863_bc8_1839,Multiplet
doublet_514|bc26_303_bc21_513,Multiplet
doublet_515|bc6_360_bc28_291,Multiplet
doublet_516|bc9_1949_bc24_1896,Multiplet
doublet_517|bc18_1490_bc24_1246,Multiplet
doublet_518|bc2_1351_bc25_340,Multiplet
doublet_519|bc11_644_bc2_544,Multiplet
doublet_520|bc13_573_bc7_1084,Multiplet
doublet_521|bc8_947_bc26_571,bc8
doublet_522|bc20_1203_bc6_265,Multiplet
doublet_523|bc24_101_bc24_1483,bc24
doublet_524|bc20_552_bc8_1898,Multiplet
doublet_525|bc20_782_bc8_503,Multiplet
doublet_526|bc13_642_bc13_1143,bc13
doublet_527|bc24_547_bc17_810,Multiplet
doublet_528|bc2_2096_bc7_185,Multiplet
doublet_529|bc17_2313_bc27_61,Multiplet
doublet_530|bc20_224_bc22_181,Multiplet
doublet_531|bc8_2271_bc25_2626,Multiplet
doublet_532|bc20_1579_bc14_508,bc14
doublet_533|bc16_1301_bc25_1111,Multiplet
doublet_534|bc2_377_bc23_215,Multiplet
doublet_535|bc8_1854_bc15_349,Multiplet
doublet_536|bc9_731_bc21_1161,Multiplet
doublet_537|bc2_446_bc18_1919,Multiplet
doublet_538|bc14_508_bc7_1200,Multiplet
doublet_539|bc10_375_bc11_749,Multiplet
doublet_540|bc6_41_bc17_2320,Multiplet
doublet_541|bc12_932_bc16_70,Multiplet
doublet_542|bc24_947_bc15_225,Multiplet
doublet_543|bc13_1000_bc24_181,Multiplet
doublet_544|bc16_858_bc16_439,bc16
doublet_545|bc26_1725_bc29_443,Multiplet
doublet_546|bc29_158_bc17_42,Multiplet
doublet_547|bc7_80_bc17_1355,Multiplet
doublet_548|bc16_1171_bc9_481,Multiplet
doublet_549|bc20_209_bc26_2970,Multiplet
doublet_550|bc10_146_bc23_55,Multiplet
doublet_551|bc17_2282_bc29_177,bc29
doublet_552|bc16_116_bc25_1722,Multiplet
doublet_553|bc5_164_bc24_487,Multiplet
doublet_554|bc21_290_bc9_624,Multiplet
doublet_555|bc13_1120_bc25_1604,Multiplet
doublet_556|bc30_1058_bc20_392,Multiplet
doublet_557|bc2_429_bc25_2135,Multiplet
doublet_558|bc4_255_bc19_278,bc19
doublet_559|bc8_1962_bc18_1656,Multiplet
doublet_560|bc24_1496_bc7_946,Multiplet
doublet_561|bc12_397_bc11_672,Multiplet
doublet_562|bc26_1110_bc21_645,Multiplet
doublet_563|bc13_799_bc11_455,Multiplet
doublet_564|bc9_1201_bc17_2262,Multiplet
doublet_565|bc9_820_bc11_804,Multiplet
doublet_566|bc21_319_bc25_653,Multiplet
doublet_567|bc8_559_bc1_119,Multiplet
doublet_568|bc25_1189_bc3_143,Multiplet
doublet_569|bc24_1306_bc7_496,Multiplet
doublet_570|bc6_481_bc25_2255,Multiplet
doublet_571|bc18_603_bc10_385,Multiplet
doublet_572|bc8_1209_bc13_844,Multiplet
doublet_573|bc24_19_bc21_140,Multiplet
doublet_574|bc5_291_bc24_1151,Multiplet
doublet_575|bc2_1751_bc9_2009,Multiplet
doublet_576|bc7_458_bc8_7,Multiplet
doublet_577|bc20_1095_bc8_793,Multiplet
doublet_578|bc2_1452_bc23_455,Multiplet
doublet_579|bc19_873_bc2_1565,Multiplet
doublet_580|bc26_1111_bc8_85,Multiplet
doublet_581|bc30_684_bc8_1259,Multiplet
doublet_582|bc19_536_bc2_2273,bc2
doublet_583|bc18_1111_bc30_30,Multiplet
doublet_584|bc26_2932_bc13_567,Multiplet
doublet_585|bc30_1514_bc8_299,Multiplet
doublet_586|bc15_126_bc12_1104,Multiplet
doublet_587|bc2_2261_bc2_1190,bc2
doublet_588|bc17_1190_bc17_2066,bc17
doublet_589|bc12_414_bc2_1017,Multiplet
doublet_590|bc17_2558_bc6_290,Multiplet
doublet_591|bc18_105_bc24_1934,Multiplet
doublet_592|bc10_172_bc2_64,Multiplet
doublet_593|bc17_975_bc13_450,Multiplet
doublet_594|bc16_340_bc11_347,Multiplet
doublet_595|bc7_1201_bc10_114,Multiplet
doublet_596|bc26_2865_bc24_683,Multiplet
doublet_597|bc21_256_bc26_1065,Multiplet
doublet_598|bc25_2092_bc2_1122,bc2
doublet_599|bc4_356_bc7_968,Multiplet
doublet_600|bc25_2477_bc9_1160,Multiplet
doublet_601|bc17_913_bc19_460,Multiplet
doublet_602|bc1_553_bc2_1582,Multiplet
doublet_603|bc25_2698_bc20_444,Multiplet
doublet_604|bc8_953_bc29_346,Multiplet
doublet_605|bc25_487_bc20_333,Multiplet
doublet_606|bc26_2579_bc26_2125,bc26
doublet_607|bc17_637_bc25_2398,Multiplet
doublet_608|bc18_400_bc21_946,Multiplet
doublet_609|bc9_1946_bc30_1305,Multiplet
doublet_610|bc2_2263_bc8_1126,bc8
doublet_611|bc2_548_bc15_781,Multiplet
doublet_612|bc26_1421_bc28_145,Multiplet
doublet_613|bc2_1083_bc24_2183,Multiplet
doublet_614|bc26_2300_bc9_2003,Multiplet
doublet_615|bc21_415_bc8_2175,Multiplet
doublet_616|bc2_2268_bc29_963,Multiplet
doublet_617|bc21_1129_bc29_78,bc21
doublet_618|bc2_1216_bc2_1960,bc2
doublet_619|bc14_546_bc17_197,Multiplet
doublet_620|bc8_1272_bc23_51,Multiplet
doublet_621|bc26_1549_bc8_538,Multiplet
doublet_622|bc17_2449_bc9_1828,bc17
doublet_623|bc9_1960_bc4_354,Multiplet
doublet_624|bc9_330_bc18_133,bc9
doublet_625|bc29_734_bc9_297,Multiplet
doublet_626|bc16_973_bc3_244,Multiplet
doublet_627|bc26_2373_bc24_757,Multiplet
doublet_628|bc2_1161_bc26_502,Multiplet
doublet_629|bc2_1075_bc24_1977,Multiplet
doublet_630|bc8_2122_bc4_414,Multiplet
doublet_631|bc22_88_bc22_77,bc22
doublet_632|bc17_346_bc8_1233,bc8
doublet_633|bc25_2255_bc25_2544,bc25
doublet_634|bc9_1639_bc24_1798,Multiplet
doublet_635|bc25_432_bc15_386,Multiplet
doublet_636|bc20_1281_bc2_2325,Multiplet
doublet_637|bc16_319_bc2_1826,Multiplet
doublet_638|bc2_1588_bc16_741,Multiplet
doublet_639|bc17_1655_bc17_934,bc17
doublet_640|bc2_1584_bc20_921,Multiplet
doublet_641|bc17_2786_bc21_586,Multiplet
doublet_642|bc9_625_bc24_1440,Multiplet
doublet_643|bc16_1409_bc6_150,Multiplet
doublet_644|bc26_1579_bc24_1491,Multiplet
doublet_645|bc30_59_bc24_661,Multiplet
doublet_646|bc13_109_bc17_453,Multiplet
doublet_647|bc2_1157_bc9_1248,Multiplet
doublet_648|bc19_693_bc10_129,Multiplet
doublet_649|bc15_64_bc17_597,Multiplet
doublet_650|bc9_1285_bc2_2018,Multiplet
doublet_651|bc18_363_bc27_6,bc18
doublet_652|bc25_2919_bc18_488,Multiplet
doublet_653|bc24_2067_bc9_1458,Multiplet
doublet_654|bc14_437_bc19_27,Multiplet
doublet_655|bc26_978_bc17_2637,Multiplet
doublet_656|bc8_1055_bc24_1447,Multiplet
doublet_657|bc19_672_bc12_171,Multiplet
doublet_658|bc19_1001_bc23_173,Multiplet
doublet_659|bc26_31_bc24_175,Multiplet
doublet_660|bc10_523_bc15_311,bc15
doublet_661|bc4_700_bc17_673,Multiplet
doublet_662|bc24_927_bc17_1620,Multiplet
doublet_663|bc25_1348_bc8_466,Multiplet
doublet_664|bc25_2081_bc2_571,Multiplet
doublet_665|bc17_2504_bc29_183,bc29
doublet_666|bc9_204_bc17_587,Multiplet
doublet_667|bc26_1343_bc23_144,Multiplet
doublet_668|bc26_1224_bc12_123,Multiplet
doublet_669|bc13_111_bc24_764,Multiplet
doublet_670|bc12_1141_bc4_654,Multiplet
doublet_671|bc26_373_bc25_2882,Multiplet
doublet_672|bc21_562_bc13_841,Multiplet
doublet_673|bc20_814_bc25_643,Multiplet
doublet_674|bc29_876_bc18_72,Multiplet
doublet_675|bc17_248_bc8_723,Multiplet
doublet_676|bc5_171_bc18_958,Multiplet
doublet_677|bc2_602_bc17_1605,Multiplet
doublet_678|bc10_6_bc12_412,Multiplet
doublet_679|bc20_1282_bc25_1725,Multiplet
doublet_680|bc7_970_bc29_307,Multiplet
doublet_681|bc15_889_bc20_889,Multiplet
doublet_682|bc10_575_bc5_349,Multiplet
doublet_683|bc25_1286_bc2_2451,Multiplet
doublet_684|bc9_984_bc2_1875,Multiplet
doublet_685|bc30_1462_bc25_2497,Multiplet
doublet_686|bc24_971_bc16_1229,Multiplet
doublet_687|bc30_1425_bc20_644,Multiplet
doublet_688|bc8_1369_bc9_401,Multiplet
doublet_689|bc18_2147_bc22_104,Multiplet
doublet_690|bc6_466_bc26_1305,Multiplet
doublet_691|bc9_1363_bc5_176,Multiplet
doublet_692|bc6_178_bc20_327,Multiplet
doublet_693|bc17_1594_bc29_814,Multiplet
doublet_694|bc24_2267_bc25_1384,Multiplet
doublet_695|bc19_309_bc6_400,Multiplet
doublet_696|bc14_575_bc2_1855,Multiplet
doublet_697|bc15_879_bc6_425,bc15
doublet_698|bc12_697_bc11_816,Multiplet
doublet_699|bc13_735_bc30_1265,Multiplet
doublet_700|bc30_1262_bc24_1367,Multiplet
doublet_701|bc5_387_bc14_294,bc14
doublet_702|bc18_1686_bc9_73,Multiplet
doublet_703|bc20_50_bc2_1810,Multiplet
doublet_704|bc28_482_bc18_545,Multiplet
doublet_705|bc26_2350_bc13_266,Multiplet
doublet_706|bc18_365_bc25_1830,Multiplet
doublet_707|bc19_1063_bc24_593,Multiplet
doublet_708|bc11_756_bc8_72,Multiplet
doublet_709|bc18_568_bc9_2001,Multiplet
doublet_710|bc29_678_bc25_1774,Multiplet
doublet_711|bc2_1838_bc24_1193,Multiplet
doublet_712|bc15_936_bc20_857,bc20
doublet_713|bc25_1010_bc17_2148,bc17
doublet_714|bc8_1215_bc9_1520,Multiplet
doublet_715|bc17_1217_bc18_554,Multiplet
doublet_716|bc2_2081_bc11_162,Multiplet
doublet_717|bc28_486_bc26_1698,Multiplet
doublet_718|bc26_10_bc17_2500,Multiplet
doublet_719|bc9_1603_bc18_1166,Multiplet
doublet_720|bc2_2162_bc9_260,Multiplet
doublet_721|bc20_834_bc18_1360,Multiplet
doublet_722|bc25_2245_bc20_1321,Multiplet
doublet_723|bc2_2373_bc28_81,Multiplet
doublet_724|bc24_2279_bc2_865,Multiplet
doublet_725|bc18_1305_bc10_466,Multiplet
doublet_726|bc25_1950_bc25_1995,bc25
doublet_727|bc20_1310_bc7_172,Multiplet
doublet_728|bc26_1512_bc13_185,Multiplet
doublet_729|bc25_2775_bc26_883,Multiplet
doublet_730|bc20_1051_bc15_695,Multiplet
doublet_731|bc8_2337_bc13_983,Multiplet
doublet_732|bc26_1889_bc17_753,Multiplet
doublet_733|bc25_862_bc30_774,Multiplet
doublet_734|bc18_1682_bc26_231,Multiplet
doublet_735|bc2_1337_bc30_1457,Multiplet
doublet_736|bc4_250_bc13_313,Multiplet
doublet_737|bc20_140_bc29_618,Multiplet
doublet_738|bc24_265_bc12_197,Multiplet
doublet_739|bc30_311_bc20_1509,Multiplet
doublet_740|bc17_1737_bc18_199,Multiplet
doublet_741|bc25_210_bc8_780,Multiplet
doublet_742|bc12_195_bc8_1719,Multiplet
doublet_743|bc17_245_bc18_231,bc18
doublet_744|bc2_962_bc9_1251,Multiplet
doublet_745|bc10_143_bc4_55,bc4
doublet_746|bc21_105_bc1_254,Multiplet
doublet_747|bc9_1106_bc9_1632,bc9
doublet_748|bc13_322_bc29_623,Multiplet
doublet_749|bc14_247_bc20_385,Multiplet
doublet_750|bc15_789_bc24_1385,Multiplet
doublet_751|bc25_1745_bc20_722,Multiplet
doublet_752|bc26_1606_bc15_563,Multiplet
doublet_753|bc24_1069_bc21_864,Multiplet
doublet_754|bc9_45_bc24_1774,Multiplet
doublet_755|bc16_401_bc16_1021,bc16
doublet_756|bc26_2855_bc10_215,Multiplet
doublet_757|bc17_2945_bc21_669,Multiplet
doublet_758|bc26_2749_bc7_537,Multiplet
doublet_759|bc17_1264_bc15_117,Multiplet
doublet_760|bc21_1413_bc18_582,Multiplet
doublet_761|bc28_19_bc9_1360,Multiplet
doublet_762|bc17_938_bc19_838,Multiplet
doublet_763|bc21_127_bc15_859,Multiplet
doublet_764|bc17_2792_bc11_909,Multiplet
doublet_765|bc24_1081_bc8_216,Multiplet
doublet_766|bc30_1093_bc17_679,Multiplet
doublet_767|bc24_2010_bc18_1274,Multiplet
doublet_768|bc4_561_bc15_14,Multiplet
doublet_769|bc17_695_bc24_1964,Multiplet
doublet_770|bc24_1717_bc4_94,bc4
doublet_771|bc20_1592_bc25_1476,Multiplet
doublet_772|bc24_2078_bc18_1733,Multiplet
doublet_773|bc13_830_bc12_447,Multiplet
doublet_774|bc13_1153_bc5_175,Multiplet
doublet_775|bc11_132_bc6_405,Multiplet
doublet_776|bc2_1380_bc20_1493,Multiplet
doublet_777|bc26_1783_bc2_1796,Multiplet
doublet_778|bc11_481_bc26_1781,Multiplet
doublet_779|bc25_1564_bc24_90,Multiplet
doublet_780|bc29_589_bc13_1114,Multiplet
doublet_781|bc28_24_bc26_1360,Multiplet
doublet_782|bc13_1079_bc29_551,Multiplet
doublet_783|bc26_1040_bc21_764,Multiplet
doublet_784|bc12_946_bc28_284,Multiplet
doublet_785|bc17_1236_bc15_202,Multiplet
doublet_786|bc11_1069_bc7_692,Multiplet
doublet_787|bc26_307_bc16_799,Multiplet
doublet_788|bc18_412_bc18_1638,bc18
doublet_789|bc7_720_bc7_1255,Multiplet
doublet_790|bc24_1657_bc14_195,Multiplet
doublet_791|bc30_872_bc17_433,Multiplet
doublet_792|bc14_1_bc1_189,Multiplet
doublet_793|bc8_2287_bc19_448,Multiplet
doublet_794|bc16_727_bc24_481,Multiplet
doublet_795|bc29_340_bc8_136,Multiplet
doublet_796|bc26_1107_bc16_1280,Multiplet
doublet_797|bc15_314_bc28_427,Multiplet
doublet_798|bc2_1009_bc18_1168,Multiplet
doublet_799|bc28_112_bc13_908,Multiplet
doublet_800|bc24_1700_bc20_1511,Multiplet
doublet_801|bc30_1486_bc15_671,Multiplet
doublet_802|bc20_161_bc25_1370,Multiplet
doublet_803|bc9_1769_bc21_1281,Multiplet
doublet_804|bc26_2307_bc8_18,Multiplet
doublet_805|bc20_1211_bc12_965,bc20
doublet_806|bc24_1979_bc17_31,Multiplet
doublet_807|bc25_2984_bc24_1207,Multiplet
doublet_808|bc2_35_bc9_1863,Multiplet
doublet_809|bc29_299_bc5_218,Multiplet
doublet_810|bc17_327_bc10_673,Multiplet
doublet_811|bc17_1476_bc24_568,Multiplet
doublet_812|bc1_244_bc17_1525,Multiplet
doublet_813|bc17_993_bc25_2878,Multiplet
doublet_814|bc11_122_bc8_2137,Multiplet
doublet_815|bc17_1433_bc18_830,Multiplet
doublet_816|bc30_305_bc11_48,Multiplet
doublet_817|bc2_326_bc14_216,Multiplet
doublet_818|bc17_920_bc29_15,Multiplet
doublet_819|bc14_101_bc16_350,Multiplet
doublet_820|bc12_435_bc8_1060,Multiplet
doublet_821|bc10_392_bc8_789,Multiplet
doublet_822|bc26_951_bc17_840,Multiplet
doublet_823|bc2_270_bc4_721,Multiplet
doublet_824|bc25_2218_bc25_514,bc25
doublet_825|bc2_1833_bc20_432,Multiplet
doublet_826|bc26_1279_bc7_660,Multiplet
doublet_827|bc12_238_bc9_312,Multiplet
doublet_828|bc16_1377_bc20_490,Multiplet
doublet_829|bc2_436_bc8_1776,Multiplet
doublet_830|bc25_2832_bc11_105,Multiplet
doublet_831|bc19_1044_bc25_603,Multiplet
doublet_832|bc3_298_bc27_23,Multiplet
doublet_833|bc17_1033_bc24_2359,Multiplet
doublet_834|bc18_1971_bc12_649,Multiplet
doublet_835|bc30_1076_bc9_230,Multiplet
doublet_836|bc12_150_bc2_1615,Multiplet
doublet_837|bc13_236_bc24_2163,Multiplet
doublet_838|bc8_974_bc30_614,Multiplet
doublet_839|bc8_2349_bc2_2008,Multiplet
doublet_840|bc17_754_bc17_497,bc17
doublet_841|bc17_49_bc8_1205,Multiplet
doublet_842|bc17_2593_bc30_599,Multiplet
doublet_843|bc20_162_bc7_1091,Multiplet
doublet_844|bc8_2168_bc19_896,Multiplet
doublet_845|bc4_566_bc26_1081,Multiplet
doublet_846|bc25_2358_bc20_169,Multiplet
doublet_847|bc10_531_bc17_2745,Multiplet
doublet_848|bc26_1242_bc25_2000,Multiplet
doublet_849|bc13_879_bc17_1869,Multiplet
doublet_850|bc13_92_bc12_1122,Multiplet
doublet_851|bc26_2793_bc17_763,Multiplet
doublet_852|bc17_166_bc14_208,Multiplet
doublet_853|bc16_431_bc10_250,Multiplet
doublet_854|bc26_526_bc18_2167,Multiplet
doublet_855|bc1_74_bc17_902,Multiplet
doublet_856|bc21_835_bc8_403,Multiplet
doublet_857|bc2_2455_bc6_255,bc6
doublet_858|bc17_1174_bc2_2271,bc2
doublet_859|bc4_289_bc26_1961,bc26
doublet_860|bc2_1888_bc20_1107,Multiplet
doublet_861|bc8_580_bc18_1024,Multiplet
doublet_862|bc4_368_bc10_431,Multiplet
doublet_863|bc11_567_bc24_1346,Multiplet
doublet_864|bc4_102_bc25_1984,Multiplet
doublet_865|bc16_828_bc18_822,Multiplet
doublet_866|bc30_1379_bc2_180,Multiplet
doublet_867|bc25_2338_bc29_555,Multiplet
doublet_868|bc11_294_bc26_2539,Multiplet
doublet_869|bc10_59_bc26_2723,Multiplet
doublet_870|bc24_528_bc2_862,Multiplet
doublet_871|bc12_640_bc2_576,Multiplet
doublet_872|bc26_175_bc8_29,bc26
doublet_873|bc29_630_bc8_1530,Multiplet
doublet_874|bc12_1041_bc29_301,Multiplet
doublet_875|bc25_183_bc20_1097,Multiplet
doublet_876|bc15_574_bc2_1256,Multiplet
doublet_877|bc9_687_bc13_989,Multiplet
doublet_878|bc4_110_bc14_139,Multiplet
doublet_879|bc9_19_bc18_2195,Multiplet
doublet_880|bc19_558_bc3_333,bc19
doublet_881|bc25_2517_bc13_134,Multiplet
doublet_882|bc7_324_bc9_250,Multiplet
doublet_883|bc25_124_bc18_512,Multiplet
doublet_884|bc9_219_bc2_884,Multiplet
doublet_885|bc13_932_bc16_1009,bc13
doublet_886|bc4_258_bc4_424,bc4
doublet_887|bc21_1060_bc12_1077,Multiplet
doublet_888|bc2_1974_bc7_1140,Multiplet
doublet_889|bc28_265_bc26_2582,bc26
doublet_890|bc26_120_bc15_721,Multiplet
doublet_891|bc18_485_bc9_1959,Multiplet
doublet_892|bc26_862_bc17_2425,bc17
doublet_893|bc24_1545_bc17_2688,Multiplet
doublet_894|bc18_561_bc16_412,Multiplet
doublet_895|bc17_2186_bc17_1356,bc17
doublet_896|bc4_295_bc24_1294,Multiplet
doublet_897|bc13_778_bc24_1676,Multiplet
doublet_898|bc9_1302_bc20_1609,Multiplet
doublet_899|bc11_1137_bc10_52,bc10
doublet_900|bc26_1534_bc9_1984,Multiplet
doublet_901|bc10_546_bc17_2814,Multiplet
doublet_902|bc18_772_bc20_1075,Multiplet
doublet_903|bc9_1549_bc18_666,Multiplet
doublet_904|bc13_751_bc20_759,Multiplet
doublet_905|bc18_1697_bc15_216,Multiplet
doublet_906|bc4_587_bc17_278,Multiplet
doublet_907|bc12_875_bc7_229,Multiplet
doublet_908|bc25_69_bc9_8,Multiplet
doublet_909|bc25_679_bc6_226,Multiplet
doublet_910|bc21_327_bc16_1075,Multiplet
doublet_911|bc24_1983_bc2_505,Multiplet
doublet_912|bc26_906_bc24_2007,Multiplet
doublet_913|bc2_1585_bc16_812,Multiplet
doublet_914|bc20_1_bc18_164,Multiplet
doublet_915|bc26_1286_bc1_552,Multiplet
doublet_916|bc29_4_bc16_419,Multiplet
doublet_917|bc6_175_bc13_505,Multiplet
doublet_918|bc7_162_bc1_296,Multiplet
doublet_919|bc26_1422_bc25_1023,Multiplet
doublet_920|bc4_533_bc17_2928,Multiplet
doublet_921|bc29_942_bc10_53,Multiplet
doublet_922|bc17_1079_bc25_371,Multiplet
doublet_923|bc2_637_bc5_209,Multiplet
doublet_924|bc26_2549_bc9_845,Multiplet
doublet_925|bc16_1159_bc8_477,Multiplet
doublet_926|bc13_315_bc20_732,Multiplet
doublet_927|bc12_521_bc29_754,Multiplet
doublet_928|bc20_353_bc4_729,Multiplet
doublet_929|bc2_685_bc20_1229,Multiplet
doublet_930|bc30_1477_bc24_2239,Multiplet
doublet_931|bc24_1067_bc25_218,Multiplet
doublet_932|bc18_1414_bc29_100,Multiplet
doublet_933|bc29_943_bc15_1029,Multiplet
doublet_934|bc8_493_bc28_433,Multiplet
doublet_935|bc28_209_bc19_35,Multiplet
doublet_936|bc2_368_bc8_2248,Multiplet
doublet_937|bc25_2210_bc9_583,Multiplet
doublet_938|bc17_1602_bc18_2094,bc17
doublet_939|bc24_2417_bc26_489,Multiplet
doublet_940|bc16_417_bc25_175,Multiplet
doublet_941|bc24_840_bc26_2001,Multiplet
doublet_942|bc17_944_bc21_1211,Multiplet
doublet_943|bc17_1706_bc24_2174,Multiplet
doublet_944|bc11_589_bc9_762,Multiplet
doublet_945|bc15_737_bc25_528,Multiplet
doublet_946|bc21_556_bc14_109,Multiplet
doublet_947|bc12_1036_bc11_209,Multiplet
doublet_948|bc11_347_bc19_550,bc11
doublet_949|bc9_418_bc16_1251,Multiplet
doublet_950|bc8_1039_bc8_2074,bc8
doublet_951|bc6_378_bc18_171,Multiplet
doublet_952|bc2_1721_bc2_2453,bc2
doublet_953|bc4_279_bc1_515,Multiplet
doublet_954|bc25_695_bc26_1962,Multiplet
doublet_955|bc30_881_bc25_563,Multiplet
doublet_956|bc14_402_bc7_935,Multiplet
doublet_957|bc13_634_bc13_1164,bc13
doublet_958|bc24_170_bc8_273,Multiplet
doublet_959|bc2_900_bc18_202,Multiplet
doublet_960|bc17_2065_bc16_1041,Multiplet
doublet_961|bc9_1210_bc4_337,Multiplet
doublet_962|bc11_740_bc23_24,Multiplet
doublet_963|bc2_2700_bc8_552,Multiplet
doublet_964|bc26_73_bc13_349,Multiplet
doublet_965|bc2_542_bc10_235,Multiplet
doublet_966|bc30_933_bc15_840,Multiplet
doublet_967|bc8_1820_bc18_1454,Multiplet
doublet_968|bc17_520_bc20_1091,bc20
doublet_969|bc9_1575_bc16_1401,Multiplet
doublet_970|bc23_37_bc25_770,Multiplet
doublet_971|bc2_1846_bc18_1547,Multiplet
doublet_972|bc16_347_bc20_1540,Multiplet
doublet_973|bc16_47_bc29_287,Multiplet
doublet_974|bc3_66_bc17_519,Multiplet
doublet_975|bc8_852_bc23_317,bc8
doublet_976|bc10_235_bc26_2448,Multiplet
doublet_977|bc2_941_bc20_940,Multiplet
doublet_978|bc16_577_bc26_511,Multiplet
doublet_979|bc25_1681_bc2_255,Multiplet
doublet_980|bc20_388_bc9_393,Multiplet
doublet_981|bc21_1216_bc8_1239,Multiplet
doublet_982|bc23_146_bc20_14,Multiplet
doublet_983|bc20_935_bc15_806,Multiplet
doublet_984|bc19_851_bc2_1637,bc19
doublet_985|bc11_284_bc9_1355,Multiplet
doublet_986|bc17_2586_bc11_786,Multiplet
doublet_987|bc8_1332_bc14_434,bc14
doublet_988|bc7_1230_bc12_104,Multiplet
doublet_989|bc8_1631_bc9_190,Multiplet
doublet_990|bc30_593_bc25_1037,Multiplet
doublet_991|bc20_473_bc30_644,Multiplet
doublet_992|bc3_84_bc12_46,Multiplet
doublet_993|bc19_651_bc2_2296,Multiplet
doublet_994|bc4_602_bc8_1716,Multiplet
doublet_995|bc20_478_bc8_114,bc8
doublet_996|bc16_736_bc28_442,Multiplet
doublet_997|bc30_1417_bc17_2103,Multiplet
doublet_998|bc9_537_bc1_357,bc9
doublet_999|bc7_436_bc15_854,Multiplet
doublet_1000|bc2_696_bc18_495,Multiplet
doublet_1001|bc2_467_bc15_867,Multiplet
doublet_1002|bc30_1275_bc16_1384,Multiplet
doublet_1003|bc24_1552_bc25_1878,Multiplet
doublet_1004|bc21_1375_bc25_1930,Multiplet
doublet_1005|bc25_342_bc16_393,Multiplet
doublet_1006|bc2_979_bc21_14,Multiplet
doublet_1007|bc23_48_bc25_2421,Multiplet
doublet_1008|bc11_730_bc12_217,Multiplet
doublet_1009|bc9_1820_bc21_493,Multiplet
doublet_1010|bc15_895_bc9_242,Multiplet
doublet_1011|bc12_1044_bc12_271,bc12
doublet_1012|bc2_1457_bc21_1100,Multiplet
doublet_1013|bc14_12_bc24_291,bc24
doublet_1014|bc11_1017_bc17_548,bc11
doublet_1015|bc20_1045_bc25_2571,Multiplet
doublet_1016|bc2_1925_bc8_2000,Multiplet
doublet_1017|bc15_351_bc17_797,Multiplet
doublet_1018|bc25_450_bc29_1007,Multiplet
doublet_1019|bc11_551_bc18_318,bc11
doublet_1020|bc21_864_bc8_1332,bc21
doublet_1021|bc2_238_bc2_1804,bc2
doublet_1022|bc25_2838_bc13_105,Multiplet
doublet_1023|bc19_572_bc2_2432,Multiplet
doublet_1024|bc24_41_bc11_625,Multiplet
doublet_1025|bc24_2277_bc15_582,Multiplet
doublet_1026|bc18_1574_bc11_913,Multiplet
doublet_1027|bc30_267_bc14_378,Multiplet
doublet_1028|bc9_1798_bc16_619,Multiplet
doublet_1029|bc15_720_bc29_676,Multiplet
doublet_1030|bc8_2229_bc18_805,Multiplet
doublet_1031|bc19_858_bc24_1958,Multiplet
doublet_1032|bc8_881_bc26_1187,Multiplet
doublet_1033|bc19_586_bc17_2488,bc17
doublet_1034|bc17_213_bc26_2660,Multiplet
doublet_1035|bc17_2040_bc24_1508,Multiplet
doublet_1036|bc25_357_bc20_1070,Multiplet
doublet_1037|bc20_559_bc19_89,Multiplet
doublet_1038|bc9_251_bc3_292,Multiplet
doublet_1039|bc18_1026_bc2_1064,Multiplet
doublet_1040|bc21_812_bc2_1731,Multiplet
doublet_1041|bc26_1987_bc12_60,Multiplet
doublet_1042|bc17_1419_bc1_14,Multiplet
doublet_1043|bc28_326_bc9_1343,Multiplet
doublet_1044|bc11_1058_bc9_1274,Multiplet
doublet_1045|bc4_158_bc12_548,Multiplet
doublet_1046|bc8_1217_bc7_1067,Multiplet
doublet_1047|bc24_2372_bc24_1422,bc24
doublet_1048|bc19_493_bc11_402,bc19
doublet_1049|bc29_766_bc26_1149,Multiplet
doublet_1050|bc3_168_bc7_914,Multiplet
doublet_1051|bc25_2626_bc30_474,Multiplet
doublet_1052|bc17_2387_bc16_1055,Multiplet
doublet_1053|bc2_1760_bc20_1007,Multiplet
doublet_1054|bc9_73_bc25_873,Multiplet
doublet_1055|bc17_403_bc24_722,Multiplet
doublet_1056|bc25_511_bc20_937,Multiplet
doublet_1057|bc8_186_bc9_897,Multiplet
doublet_1058|bc1_193_bc18_2006,Multiplet
doublet_1059|bc9_1631_bc24_354,Multiplet
doublet_1060|bc25_1583_bc11_32,Multiplet
doublet_1061|bc7_964_bc18_1819,bc18
doublet_1062|bc15_807_bc23_425,Multiplet
doublet_1063|bc20_6_bc4_628,Multiplet
doublet_1064|bc25_2785_bc12_251,Multiplet
doublet_1065|bc20_931_bc8_2118,Multiplet
doublet_1066|bc24_290_bc16_288,Multiplet
doublet_1067|bc26_2682_bc1_493,Multiplet
doublet_1068|bc1_63_bc25_1039,bc1
doublet_1069|bc21_996_bc20_1277,Multiplet
doublet_1070|bc14_410_bc8_1493,Multiplet
doublet_1071|bc2_356_bc24_2083,Multiplet
doublet_1072|bc24_444_bc25_119,Multiplet
doublet_1073|bc25_829_bc30_1514,Multiplet
doublet_1074|bc22_50_bc26_1735,Multiplet
doublet_1075|bc12_91_bc2_453,Multiplet
doublet_1076|bc30_473_bc2_417,Multiplet
doublet_1077|bc12_181_bc13_163,Multiplet
doublet_1078|bc29_891_bc8_446,Multiplet
doublet_1079|bc16_1381_bc24_474,Multiplet
doublet_1080|bc19_840_bc6_325,Multiplet
doublet_1081|bc8_1110_bc30_1223,Multiplet
doublet_1082|bc24_495_bc11_419,Multiplet
doublet_1083|bc29_321_bc9_1950,Multiplet
doublet_1084|bc30_1046_bc11_1141,Multiplet
doublet_1085|bc17_1843_bc26_824,Multiplet
doublet_1086|bc16_1339_bc23_117,Multiplet
doublet_1087|bc20_70_bc24_1313,Multiplet
doublet_1088|bc17_795_bc28_282,Multiplet
doublet_1089|bc20_1198_bc13_738,Multiplet
doublet_1090|bc24_1216_bc9_1868,Multiplet
doublet_1091|bc7_376_bc7_362,bc7
doublet_1092|bc15_906_bc28_133,Multiplet
doublet_1093|bc2_793_bc9_1041,bc9
doublet_1094|bc30_1341_bc24_44,Multiplet
doublet_1095|bc18_2098_bc23_389,Multiplet
doublet_1096|bc25_2284_bc15_294,Multiplet
doublet_1097|bc1_183_bc16_673,Multiplet
doublet_1098|bc15_262_bc9_80,Multiplet
doublet_1099|bc5_135_bc21_438,Multiplet
doublet_1100|bc8_2129_bc13_301,Multiplet
doublet_1101|bc8_2250_bc25_116,Multiplet
doublet_1102|bc29_645_bc14_498,Multiplet
doublet_1103|bc8_204_bc17_2390,Multiplet
doublet_1104|bc7_94_bc7_365,bc7
doublet_1105|bc18_1747_bc23_191,Multiplet
doublet_1106|bc26_243_bc17_1212,Multiplet
doublet_1107|bc21_500_bc12_66,bc12
doublet_1108|bc2_855_bc8_1300,Multiplet
doublet_1109|bc9_894_bc30_945,Multiplet
doublet_1110|bc9_969_bc5_43,Multiplet
doublet_1111|bc9_1467_bc15_451,Multiplet
doublet_1112|bc20_233_bc14_348,Multiplet
doublet_1113|bc17_811_bc8_312,Multiplet
doublet_1114|bc4_709_bc24_1620,Multiplet
doublet_1115|bc2_1872_bc25_235,Multiplet
doublet_1116|bc26_2565_bc25_1670,Multiplet
doublet_1117|bc2_683_bc29_823,Multiplet
doublet_1118|bc21_1243_bc7_219,Multiplet
doublet_1119|bc28_422_bc18_2072,Multiplet
doublet_1120|bc12_162_bc13_1175,Multiplet
doublet_1121|bc15_246_bc10_350,Multiplet
doublet_1122|bc26_823_bc30_332,bc30
doublet_1123|bc17_1257_bc21_721,Multiplet
doublet_1124|bc24_2398_bc30_1323,Multiplet
doublet_1125|bc19_889_bc17_6,Multiplet
doublet_1126|bc24_1638_bc17_2491,Multiplet
doublet_1127|bc1_375_bc13_816,Multiplet
doublet_1128|bc12_345_bc9_430,bc12
doublet_1129|bc17_1187_bc24_2149,Multiplet
doublet_1130|bc9_602_bc26_1282,Multiplet
doublet_1131|bc17_1710_bc28_37,Multiplet
doublet_1132|bc2_1518_bc24_1365,bc24
doublet_1133|bc2_2733_bc17_933,Multiplet
doublet_1134|bc21_590_bc26_1332,Multiplet
doublet_1135|bc18_2217_bc2_1240,Multiplet
doublet_1136|bc24_999_bc2_1698,Multiplet
doublet_1137|bc26_2834_bc8_358,bc8
doublet_1138|bc25_2715_bc11_55,Multiplet
doublet_1139|bc8_1383_bc14_340,Multiplet
doublet_1140|bc29_1024_bc9_478,Multiplet
doublet_1141|bc20_845_bc18_1385,Multiplet
doublet_1142|bc24_277_bc9_465,Multiplet
doublet_1143|bc28_248_bc26_2792,Multiplet
doublet_1144|bc8_648_bc30_797,Multiplet
doublet_1145|bc30_442_bc29_860,Multiplet
doublet_1146|bc17_2520_bc24_2032,Multiplet
doublet_1147|bc25_1454_bc8_44,Multiplet
doublet_1148|bc18_1955_bc14_183,Multiplet
doublet_1149|bc8_904_bc21_372,Multiplet
doublet_1150|bc18_62_bc9_188,Multiplet
doublet_1151|bc17_273_bc7_320,Multiplet
doublet_1152|bc19_680_bc2_2094,Multiplet
doublet_1153|bc23_196_bc20_1391,Multiplet
doublet_1154|bc2_1180_bc2_1072,bc2
doublet_1155|bc16_380_bc24_666,Multiplet
doublet_1156|bc18_364_bc26_620,Multiplet
doublet_1157|bc21_564_bc9_1546,Multiplet
doublet_1158|bc20_531_bc17_2508,Multiplet
doublet_1159|bc18_678_bc8_1323,Multiplet
doublet_1160|bc4_187_bc12_250,Multiplet
doublet_1161|bc13_1039_bc15_121,Multiplet
doublet_1162|bc18_421_bc15_831,Multiplet
doublet_1163|bc17_1133_bc2_296,Multiplet
doublet_1164|bc18_196_bc17_968,Multiplet
doublet_1165|bc30_54_bc8_1333,Multiplet
doublet_1166|bc17_428_bc11_1110,Multiplet
doublet_1167|bc24_1854_bc29_401,Multiplet
doublet_1168|bc13_658_bc13_145,bc13
doublet_1169|bc25_2651_bc21_811,Multiplet
doublet_1170|bc25_631_bc11_751,Multiplet
doublet_1171|bc28_60_bc7_842,Multiplet
doublet_1172|bc18_1650_bc26_1612,Multiplet
doublet_1173|bc24_2172_bc24_1643,bc24
doublet_1174|bc18_1928_bc17_1613,Multiplet
doublet_1175|bc11_990_bc16_368,Multiplet
doublet_1176|bc23_13_bc2_783,Multiplet
doublet_1177|bc20_1167_bc16_946,Multiplet
doublet_1178|bc2_995_bc2_335,bc2
doublet_1179|bc11_385_bc29_40,Multiplet
doublet_1180|bc15_346_bc21_863,Multiplet
doublet_1181|bc24_86_bc18_117,Multiplet
doublet_1182|bc26_2939_bc25_663,Multiplet
doublet_1183|bc17_1950_bc30_625,Multiplet
doublet_1184|bc17_1745_bc16_1212,Multiplet
doublet_1185|bc26_2802_bc2_1402,Multiplet
doublet_1186|bc18_1619_bc4_725,Multiplet
doublet_1187|bc20_996_bc30_582,Multiplet
doublet_1188|bc24_525_bc26_68,Multiplet
doublet_1189|bc24_1941_bc17_2220,Multiplet
doublet_1190|bc12_294_bc18_1967,Multiplet
doublet_1191|bc2_705_bc16_649,Multiplet
doublet_1192|bc9_877_bc9_491,bc9
doublet_1193|bc25_1261_bc26_1872,Multiplet
doublet_1194|bc24_788_bc21_698,Multiplet
doublet_1195|bc29_779_bc7_902,Multiplet
doublet_1196|bc17_2335_bc25_1030,Multiplet
doublet_1197|bc24_1686_bc11_356,Multiplet
doublet_1198|bc17_2813_bc22_248,Multiplet
doublet_1199|bc26_296_bc24_560,Multiplet
doublet_1200|bc13_942_bc18_1353,Multiplet
doublet_1201|bc17_719_bc18_105,Multiplet
doublet_1202|bc21_680_bc25_736,Multiplet
doublet_1203|bc8_1874_bc26_261,Multiplet
doublet_1204|bc19_787_bc2_1831,Multiplet
doublet_1205|bc18_1636_bc20_248,Multiplet
doublet_1206|bc15_81_bc15_375,bc15
doublet_1207|bc12_1047_bc25_1080,Multiplet
doublet_1208|bc30_469_bc11_887,bc11
doublet_1209|bc25_1006_bc29_736,Multiplet
doublet_1210|bc10_103_bc14_103,Multiplet
doublet_1211|bc24_1432_bc9_1154,bc9
doublet_1212|bc7_450_bc13_423,Multiplet
doublet_1213|bc17_1869_bc25_972,Multiplet
doublet_1214|bc26_1851_bc9_857,Multiplet
doublet_1215|bc24_645_bc7_685,Multiplet
doublet_1216|bc20_421_bc18_1520,Multiplet
doublet_1217|bc10_223_bc17_2698,bc17
doublet_1218|bc8_1985_bc17_710,Multiplet
doublet_1219|bc7_157_bc29_873,Multiplet
doublet_1220|bc21_286_bc24_1395,Multiplet
doublet_1221|bc9_1452_bc19_684,Multiplet
doublet_1222|bc2_137_bc18_319,bc18
doublet_1223|bc29_823_bc25_213,Multiplet
doublet_1224|bc25_2887_bc15_692,bc15
doublet_1225|bc13_554_bc16_82,bc16
doublet_1226|bc12_196_bc2_1840,Multiplet
doublet_1227|bc17_2745_bc9_891,Multiplet
doublet_1228|bc4_143_bc10_78,bc10
doublet_1229|bc1_230_bc15_36,Multiplet
doublet_1230|bc24_382_bc17_1216,Multiplet
doublet_1231|bc25_700_bc17_2017,Multiplet
doublet_1232|bc12_819_bc17_2746,Multiplet
doublet_1233|bc29_314_bc17_1672,Multiplet
doublet_1234|bc18_2172_bc8_889,Multiplet
doublet_1235|bc9_1226_bc16_490,Multiplet
doublet_1236|bc24_2214_bc30_1215,Multiplet
doublet_1237|bc25_1566_bc15_272,Multiplet
doublet_1238|bc30_89_bc18_176,Multiplet
doublet_1239|bc24_2034_bc11_228,Multiplet
doublet_1240|bc11_833_bc2_1391,Multiplet
doublet_1241|bc26_1702_bc25_764,Multiplet
doublet_1242|bc5_127_bc16_1232,Multiplet
doublet_1243|bc17_1614_bc4_12,Multiplet
doublet_1244|bc4_288_bc25_1391,Multiplet
doublet_1245|bc24_2362_bc17_280,Multiplet
doublet_1246|bc8_2022_bc23_163,Multiplet
doublet_1247|bc14_373_bc9_1802,Multiplet
doublet_1248|bc17_1170_bc19_171,Multiplet
doublet_1249|bc26_792_bc24_316,Multiplet
doublet_1250|bc25_814_bc17_1746,Multiplet
doublet_1251|bc16_1423_bc5_236,Multiplet
doublet_1252|bc17_2935_bc21_707,Multiplet
doublet_1253|bc25_2649_bc8_2352,Multiplet
doublet_1254|bc26_2852_bc18_1628,Multiplet
doublet_1255|bc15_185_bc15_483,bc15
doublet_1256|bc26_1038_bc17_1895,bc17
doublet_1257|bc7_920_bc30_1467,bc30
doublet_1258|bc15_563_bc14_619,bc15
doublet_1259|bc26_1089_bc30_986,Multiplet
doublet_1260|bc11_247_bc19_220,Multiplet
doublet_1261|bc19_776_bc18_1646,Multiplet
doublet_1262|bc23_28_bc8_1550,Multiplet
doublet_1263|bc20_754_bc12_1067,Multiplet
doublet_1264|bc15_181_bc20_845,Multiplet
doublet_1265|bc20_676_bc20_625,bc20
doublet_1266|bc26_1929_bc24_1423,Multiplet
doublet_1267|bc18_2220_bc24_1795,Multiplet
doublet_1268|bc5_316_bc19_922,Multiplet
doublet_1269|bc9_896_bc25_2474,bc25
doublet_1270|bc10_137_bc18_2180,Multiplet
doublet_1271|bc11_1148_bc8_876,Multiplet
doublet_1272|bc11_563_bc25_2313,Multiplet
doublet_1273|bc2_1626_bc15_839,bc2
doublet_1274|bc8_2239_bc18_1948,Multiplet
doublet_1275|bc24_1634_bc26_466,Multiplet
doublet_1276|bc24_688_bc2_2713,Multiplet
doublet_1277|bc26_2722_bc25_2746,Multiplet
doublet_1278|bc24_1783_bc12_578,Multiplet
doublet_1279|bc24_1384_bc20_312,Multiplet
doublet_1280|bc2_732_bc26_1943,Multiplet
doublet_1281|bc25_417_bc9_458,Multiplet
doublet_1282|bc18_853_bc23_222,Multiplet
doublet_1283|bc25_2779_bc19_624,Multiplet
doublet_1284|bc23_115_bc2_2531,Multiplet
doublet_1285|bc8_756_bc3_271,Multiplet
doublet_1286|bc30_1521_bc8_844,Multiplet
doublet_1287|bc25_2519_bc16_1520,Multiplet
doublet_1288|bc1_475_bc18_201,Multiplet
doublet_1289|bc26_1132_bc24_671,Multiplet
doublet_1290|bc23_268_bc14_261,Multiplet
doublet_1291|bc9_1615_bc16_867,Multiplet
doublet_1292|bc20_1206_bc17_1258,Multiplet
doublet_1293|bc2_514_bc12_266,Multiplet
doublet_1294|bc17_882_bc18_1937,Multiplet
doublet_1295|bc24_954_bc13_138,Multiplet
doublet_1296|bc30_652_bc30_1272,bc30
doublet_1297|bc13_312_bc8_296,Multiplet
doublet_1298|bc19_868_bc15_361,Multiplet
doublet_1299|bc18_1861_bc2_1369,Multiplet
doublet_1300|bc18_1910_bc2_1641,Multiplet
doublet_1301|bc26_2146_bc5_94,Multiplet
doublet_1302|bc13_442_bc23_468,Multiplet
doublet_1303|bc16_199_bc2_305,Multiplet
doublet_1304|bc17_521_bc18_45,Multiplet
doublet_1305|bc25_96_bc16_36,Multiplet
doublet_1306|bc15_207_bc26_1839,Multiplet
doublet_1307|bc14_412_bc18_695,Multiplet
doublet_1308|bc8_468_bc11_256,Multiplet
doublet_1309|bc23_35_bc13_829,Multiplet
doublet_1310|bc13_878_bc9_1619,Multiplet
doublet_1311|bc8_1092_bc9_1528,Multiplet
doublet_1312|bc24_2265_bc28_322,bc28
doublet_1313|bc6_280_bc26_2682,Multiplet
doublet_1314|bc18_887_bc17_2973,Multiplet
doublet_1315|bc15_103_bc2_2086,Multiplet
doublet_1316|bc17_1611_bc20_1143,Multiplet
doublet_1317|bc2_1998_bc8_1986,Multiplet
doublet_1318|bc16_1006_bc16_1156,bc16
doublet_1319|bc20_1239_bc7_214,bc7
doublet_1320|bc18_653_bc17_1059,Multiplet
doublet_1321|bc25_2242_bc17_844,Multiplet
doublet_1322|bc25_1486_bc18_354,Multiplet
doublet_1323|bc30_99_bc25_419,Multiplet
doublet_1324|bc16_1367_bc18_538,Multiplet
doublet_1325|bc25_566_bc2_874,Multiplet
doublet_1326|bc18_1475_bc12_403,Multiplet
doublet_1327|bc8_2214_bc11_967,Multiplet
doublet_1328|bc12_553_bc25_2208,Multiplet
doublet_1329|bc25_1912_bc25_1280,bc25
doublet_1330|bc9_1940_bc17_2011,Multiplet
doublet_1331|bc10_61_bc25_1503,bc25
doublet_1332|bc26_1275_bc21_107,Multiplet
doublet_1333|bc17_2220_bc7_80,Multiplet
doublet_1334|bc25_2443_bc4_208,Multiplet
doublet_1335|bc12_747_bc8_1065,bc8
doublet_1336|bc20_126_bc17_2354,Multiplet
doublet_1337|bc12_160_bc25_2636,Multiplet
doublet_1338|bc7_39_bc3_49,Multiplet
doublet_1339|bc16_661_bc26_928,Multiplet
doublet_1340|bc8_2278_bc21_627,Multiplet
doublet_1341|bc2_600_bc16_692,Multiplet
doublet_1342|bc18_2205_bc26_2904,Multiplet
doublet_1343|bc14_294_bc25_1704,Multiplet
doublet_1344|bc17_1436_bc8_379,Multiplet
doublet_1345|bc2_1902_bc11_502,Multiplet
doublet_1346|bc17_2972_bc26_1804,Multiplet
doublet_1347|bc18_1280_bc11_1000,Multiplet
doublet_1348|bc25_1257_bc8_956,Multiplet
doublet_1349|bc2_2343_bc1_100,bc2
doublet_1350|bc29_419_bc25_2654,Multiplet
doublet_1351|bc30_301_bc15_180,Multiplet
doublet_1352|bc18_246_bc18_1516,bc18
doublet_1353|bc2_2129_bc12_1097,Multiplet
doublet_1354|bc6_84_bc18_340,Multiplet
doublet_1355|bc24_2463_bc30_136,Multiplet
doublet_1356|bc12_466_bc28_14,Multiplet
doublet_1357|bc24_1026_bc30_202,Multiplet
doublet_1358|bc19_966_bc8_444,Multiplet
doublet_1359|bc18_674_bc9_520,Multiplet
doublet_1360|bc23_18_bc9_558,Multiplet
doublet_1361|bc26_1592_bc5_390,Multiplet
doublet_1362|bc25_540_bc20_346,Multiplet
doublet_1363|bc16_171_bc19_679,Multiplet
doublet_1364|bc4_218_bc25_865,Multiplet
doublet_1365|bc12_726_bc8_949,Multiplet
doublet_1366|bc1_562_bc22_226,Multiplet
doublet_1367|bc2_2689_bc20_358,Multiplet
doublet_1368|bc21_190_bc26_1715,Multiplet
doublet_1369|bc25_2236_bc26_561,Multiplet
doublet_1370|bc6_127_bc7_56,Multiplet
doublet_1371|bc18_179_bc18_1539,bc18
doublet_1372|bc8_443_bc25_2986,bc25
doublet_1373|bc9_1262_bc26_821,Multiplet
doublet_1374|bc24_84_bc24_317,bc24
doublet_1375|bc28_261_bc17_1348,Multiplet
doublet_1376|bc25_2075_bc2_2625,bc2
doublet_1377|bc5_89_bc17_512,Multiplet
doublet_1378|bc30_159_bc26_424,Multiplet
doublet_1379|bc16_1215_bc9_1256,Multiplet
doublet_1380|bc2_1503_bc1_294,Multiplet
doublet_1381|bc25_2502_bc25_980,bc25
doublet_1382|bc8_2126_bc9_1099,Multiplet
doublet_1383|bc16_239_bc18_1741,Multiplet
doublet_1384|bc25_2949_bc11_594,Multiplet
doublet_1385|bc20_796_bc24_2315,bc20
doublet_1386|bc20_310_bc16_1020,Multiplet
doublet_1387|bc30_739_bc18_2133,Multiplet
doublet_1388|bc17_1961_bc10_157,Multiplet
doublet_1389|bc19_288_bc8_1815,Multiplet
doublet_1390|bc8_816_bc26_1226,Multiplet
doublet_1391|bc30_538_bc17_1082,Multiplet
doublet_1392|bc21_68_bc1_528,bc21
doublet_1393|bc9_842_bc23_139,Multiplet
doublet_1394|bc6_311_bc9_1848,Multiplet
doublet_1395|bc5_309_bc26_535,Multiplet
doublet_1396|bc30_1067_bc28_219,Multiplet
doublet_1397|bc18_776_bc11_693,Multiplet
doublet_1398|bc3_48_bc1_344,Multiplet
doublet_1399|bc4_42_bc13_326,Multiplet
doublet_1400|bc8_115_bc19_137,Multiplet
doublet_1401|bc6_191_bc26_1882,Multiplet
doublet_1402|bc20_1127_bc17_554,Multiplet
doublet_1403|bc24_1051_bc20_620,Multiplet
doublet_1404|bc2_781_bc9_423,bc9
doublet_1405|bc19_316_bc17_412,Multiplet
doublet_1406|bc7_242_bc16_1288,Multiplet
doublet_1407|bc7_86_bc13_43,Multiplet
doublet_1408|bc24_556_bc16_689,Multiplet
doublet_1409|bc6_190_bc25_1771,bc25
doublet_1410|bc13_938_bc26_2250,Multiplet
doublet_1411|bc10_402_bc3_264,Multiplet
doublet_1412|bc6_386_bc2_382,Multiplet
doublet_1413|bc16_629_bc7_774,Multiplet
doublet_1414|bc2_1111_bc25_2304,bc2
doublet_1415|bc18_1995_bc22_166,Multiplet
doublet_1416|bc8_656_bc26_2838,Multiplet
doublet_1417|bc12_656_bc18_132,Multiplet
doublet_1418|bc11_1125_bc7_235,Multiplet
doublet_1419|bc25_2621_bc18_1428,Multiplet
doublet_1420|bc25_1929_bc24_1559,bc24
doublet_1421|bc19_561_bc11_886,Multiplet
doublet_1422|bc26_220_bc10_88,bc10
doublet_1423|bc29_241_bc25_72,Multiplet
doublet_1424|bc19_619_bc26_2434,Multiplet
doublet_1425|bc15_941_bc20_814,Multiplet
doublet_1426|bc24_235_bc21_856,Multiplet
doublet_1427|bc25_353_bc17_2992,Multiplet
doublet_1428|bc13_457_bc18_696,Multiplet
doublet_1429|bc8_1219_bc17_1032,Multiplet
doublet_1430|bc16_331_bc8_32,Multiplet
doublet_1431|bc17_2754_bc18_820,Multiplet
doublet_1432|bc11_114_bc25_336,Multiplet
doublet_1433|bc10_126_bc4_526,Multiplet
doublet_1434|bc26_2992_bc7_1235,Multiplet
doublet_1435|bc29_147_bc2_312,Multiplet
doublet_1436|bc13_447_bc25_1112,Multiplet
doublet_1437|bc8_1593_bc10_362,Multiplet
doublet_1438|bc25_1332_bc2_243,Multiplet
doublet_1439|bc2_182_bc8_133,Multiplet
doublet_1440|bc25_163_bc18_2222,Multiplet
doublet_1441|bc2_903_bc17_2364,Multiplet
doublet_1442|bc26_2003_bc17_2048,Multiplet
doublet_1443|bc16_412_bc12_365,Multiplet
doublet_1444|bc23_500_bc17_1962,Multiplet
doublet_1445|bc9_579_bc25_2450,Multiplet
doublet_1446|bc17_1753_bc7_168,Multiplet
doublet_1447|bc13_318_bc9_1302,Multiplet
doublet_1448|bc24_373_bc9_226,bc9
doublet_1449|bc25_604_bc16_249,Multiplet
doublet_1450|bc15_636_bc29_978,bc29
doublet_1451|bc24_1113_bc9_587,Multiplet
doublet_1452|bc24_65_bc2_2283,Multiplet
doublet_1453|bc17_2013_bc26_2756,Multiplet
doublet_1454|bc2_1879_bc6_304,Multiplet
doublet_1455|bc13_760_bc2_354,Multiplet
doublet_1456|bc18_1452_bc15_646,Multiplet
doublet_1457|bc21_922_bc26_1565,Multiplet
doublet_1458|bc24_1006_bc18_543,Multiplet
doublet_1459|bc21_963_bc2_1330,bc2
doublet_1460|bc8_2165_bc6_84,Multiplet
doublet_1461|bc9_195_bc24_347,Multiplet
doublet_1462|bc7_1112_bc12_201,Multiplet
doublet_1463|bc13_127_bc15_782,Multiplet
doublet_1464|bc24_260_bc24_186,bc24
doublet_1465|bc17_1530_bc29_56,Multiplet
doublet_1466|bc23_451_bc15_370,Multiplet
doublet_1467|bc19_142_bc12_835,Multiplet
doublet_1468|bc22_162_bc30_1152,Multiplet
doublet_1469|bc12_661_bc29_19,Multiplet
doublet_1470|bc2_2083_bc25_434,Multiplet
doublet_1471|bc9_1255_bc26_1002,Multiplet
doublet_1472|bc2_1017_bc17_771,Multiplet
doublet_1473|bc26_871_bc13_963,Multiplet
doublet_1474|bc4_13_bc15_714,Multiplet
doublet_1475|bc8_112_bc11_315,bc11
doublet_1476|bc21_1110_bc11_300,Multiplet
doublet_1477|bc25_968_bc25_1765,bc25
doublet_1478|bc18_78_bc17_1408,Multiplet
doublet_1479|bc26_2670_bc7_116,Multiplet
doublet_1480|bc21_370_bc12_883,Multiplet
doublet_1481|bc12_258_bc8_1870,Multiplet
doublet_1482|bc26_562_bc30_722,Multiplet
doublet_1483|bc18_272_bc17_379,Multiplet
doublet_1484|bc19_330_bc17_1950,Multiplet
doublet_1485|bc25_651_bc20_1556,Multiplet
doublet_1486|bc12_300_bc2_2370,Multiplet
doublet_1487|bc2_1535_bc6_108,Multiplet
doublet_1488|bc25_2163_bc11_631,Multiplet
doublet_1489|bc7_892_bc9_1199,Multiplet
doublet_1490|bc17_292_bc9_874,Multiplet
doublet_1491|bc26_247_bc18_956,Multiplet
doublet_1492|bc17_1468_bc13_721,Multiplet
doublet_1493|bc13_643_bc8_1441,Multiplet
doublet_1494|bc21_1005_bc18_923,Multiplet
doublet_1495|bc26_81_bc30_518,Multiplet
doublet_1496|bc23_462_bc24_2216,Multiplet
doublet_1497|bc19_1002_bc25_185,Multiplet
doublet_1498|bc23_490_bc29_160,Multiplet
doublet_1499|bc12_672_bc9_614,bc9
doublet_1500|bc13_1074_bc28_132,Multiplet
doublet_1501|bc12_23_bc2_702,bc2
doublet_1502|bc7_501_bc26_2166,Multiplet
doublet_1503|bc9_423_bc11_1087,bc9
doublet_1504|bc13_13_bc7_176,Multiplet
doublet_1505|bc11_75_bc8_1311,Multiplet
doublet_1506|bc16_868_bc17_1459,Multiplet
doublet_1507|bc10_218_bc26_1595,Multiplet
doublet_1508|bc25_2155_bc20_362,Multiplet
doublet_1509|bc2_1134_bc2_297,bc2
doublet_1510|bc11_152_bc16_188,Multiplet
doublet_1511|bc21_573_bc25_800,Multiplet
doublet_1512|bc18_2013_bc23_488,Multiplet
doublet_1513|bc26_997_bc16_1498,Multiplet
doublet_1514|bc5_236_bc26_2417,Multiplet
doublet_1515|bc26_980_bc20_987,Multiplet
doublet_1516|bc21_685_bc13_1052,bc21
doublet_1517|bc18_310_bc24_497,Multiplet
doublet_1518|bc3_103_bc11_4,Multiplet
doublet_1519|bc21_1449_bc9_1142,bc21
doublet_1520|bc14_361_bc1_18,Multiplet
doublet_1521|bc5_83_bc30_193,Multiplet
doublet_1522|bc8_1789_bc8_2147,bc8
doublet_1523|bc5_143_bc9_530,bc9
doublet_1524|bc20_1302_bc20_658,bc20
doublet_1525|bc13_1109_bc11_59,Multiplet
doublet_1526|bc17_2997_bc11_301,Multiplet
doublet_1527|bc2_328_bc20_33,bc2
doublet_1528|bc18_2057_bc30_294,Multiplet
doublet_1529|bc2_1897_bc8_2228,Multiplet
doublet_1530|bc23_497_bc10_216,Multiplet
doublet_1531|bc13_1154_bc26_1519,Multiplet
doublet_1532|bc8_638_bc30_181,Multiplet
doublet_1533|bc11_1143_bc20_1286,Multiplet
doublet_1534|bc21_468_bc9_1878,Multiplet
doublet_1535|bc9_1309_bc20_613,Multiplet
doublet_1536|bc25_2319_bc25_2027,bc25
doublet_1537|bc7_88_bc17_2208,Multiplet
doublet_1538|bc13_389_bc21_1425,Multiplet
doublet_1539|bc16_771_bc19_30,Multiplet
doublet_1540|bc30_908_bc25_811,Multiplet
doublet_1541|bc11_1060_bc29_291,Multiplet
doublet_1542|bc9_18_bc24_654,Multiplet
doublet_1543|bc21_66_bc2_1001,Multiplet
doublet_1544|bc24_2360_bc26_1933,Multiplet
doublet_1545|bc15_104_bc8_2244,Multiplet
doublet_1546|bc16_630_bc2_2686,Multiplet
doublet_1547|bc3_149_bc8_652,Multiplet
doublet_1548|bc8_386_bc17_273,bc8
doublet_1549|bc15_665_bc25_1927,Multiplet
doublet_1550|bc15_996_bc20_1335,Multiplet
doublet_1551|bc22_202_bc24_684,Multiplet
doublet_1552|bc24_2254_bc12_877,bc12
doublet_1553|bc26_1159_bc25_1005,Multiplet
doublet_1554|bc9_44_bc8_1025,Multiplet
doublet_1555|bc9_844_bc25_1950,Multiplet
doublet_1556|bc2_1093_bc29_828,Multiplet
doublet_1557|bc2_343_bc13_1014,Multiplet
doublet_1558|bc24_573_bc15_531,Multiplet
doublet_1559|bc9_1908_bc12_422,Multiplet
doublet_1560|bc13_57_bc25_2552,Multiplet
doublet_1561|bc21_1258_bc30_1493,Multiplet
doublet_1562|bc29_281_bc15_573,Multiplet
doublet_1563|bc13_558_bc18_834,Multiplet
doublet_1564|bc9_1907_bc2_1067,Multiplet
doublet_1565|bc17_2046_bc9_831,Multiplet
doublet_1566|bc18_1887_bc28_67,bc18
doublet_1567|bc7_114_bc18_613,Multiplet
doublet_1568|bc25_1463_bc24_1478,bc24
doublet_1569|bc4_226_bc16_1332,Multiplet
doublet_1570|bc26_1876_bc16_826,Multiplet
doublet_1571|bc28_29_bc9_1588,Multiplet
doublet_1572|bc24_891_bc28_477,Multiplet
doublet_1573|bc19_37_bc9_1659,Multiplet
doublet_1574|bc8_1135_bc11_277,Multiplet
doublet_1575|bc20_1318_bc16_1038,Multiplet
doublet_1576|bc17_2512_bc8_815,Multiplet
doublet_1577|bc30_834_bc30_29,bc30
doublet_1578|bc22_150_bc30_403,Multiplet
doublet_1579|bc12_409_bc1_211,Multiplet
doublet_1580|bc6_425_bc16_1466,bc16
doublet_1581|bc17_1026_bc10_66,Multiplet
doublet_1582|bc11_253_bc24_1293,bc11
doublet_1583|bc8_595_bc28_220,Multiplet
doublet_1584|bc8_1389_bc2_2028,Multiplet
doublet_1585|bc6_271_bc12_485,Multiplet
doublet_1586|bc2_1247_bc7_579,Multiplet
doublet_1587|bc27_88_bc26_1377,Multiplet
doublet_1588|bc25_1330_bc20_1303,bc25
doublet_1589|bc26_2019_bc17_1584,Multiplet
doublet_1590|bc4_362_bc24_1502,Multiplet
doublet_1591|bc12_203_bc12_1043,bc12
doublet_1592|bc17_1006_bc3_139,bc17
doublet_1593|bc8_827_bc8_736,bc8
doublet_1594|bc21_934_bc6_151,Multiplet
doublet_1595|bc8_2113_bc8_823,bc8
doublet_1596|bc7_299_bc19_55,Multiplet
doublet_1597|bc21_821_bc18_2207,Multiplet
doublet_1598|bc24_2002_bc24_774,bc24
doublet_1599|bc24_1494_bc18_218,Multiplet
doublet_1600|bc30_989_bc25_2608,Multiplet
doublet_1601|bc29_1019_bc29_795,bc29
doublet_1602|bc25_2969_bc7_1251,Multiplet
doublet_1603|bc29_100_bc15_393,Multiplet
doublet_1604|bc24_305_bc11_482,Multiplet
doublet_1605|bc26_2501_bc13_1050,Multiplet
doublet_1606|bc6_283_bc6_124,bc6
doublet_1607|bc20_1407_bc24_209,Multiplet
doublet_1608|bc17_2010_bc12_753,bc12
doublet_1609|bc26_559_bc15_789,Multiplet
doublet_1610|bc2_38_bc15_417,Multiplet
doublet_1611|bc17_2161_bc2_817,Multiplet
doublet_1612|bc18_305_bc12_88,bc12
doublet_1613|bc16_877_bc26_301,Multiplet
doublet_1614|bc8_788_bc25_2368,Multiplet
doublet_1615|bc20_264_bc24_952,Multiplet
doublet_1616|bc9_1874_bc15_436,Multiplet
doublet_1617|bc25_1343_bc22_86,Multiplet
doublet_1618|bc26_1250_bc20_34,Multiplet
doublet_1619|bc12_229_bc4_72,Multiplet
doublet_1620|bc30_1441_bc2_569,Multiplet
doublet_1621|bc18_1167_bc20_725,Multiplet
doublet_1622|bc7_570_bc25_1128,bc25
doublet_1623|bc18_462_bc16_1375,Multiplet
doublet_1624|bc18_2234_bc24_1991,Multiplet
doublet_1625|bc17_2206_bc2_1631,Multiplet
doublet_1626|bc9_443_bc10_239,Multiplet
doublet_1627|bc17_2713_bc30_1181,Multiplet
doublet_1628|bc26_868_bc9_557,Multiplet
doublet_1629|bc18_715_bc1_108,Multiplet
doublet_1630|bc19_505_bc26_2066,Multiplet
doublet_1631|bc20_1400_bc2_1154,Multiplet
doublet_1632|bc5_97_bc21_574,Multiplet
doublet_1633|bc6_36_bc17_2039,Multiplet
doublet_1634|bc11_696_bc19_286,Multiplet
doublet_1635|bc27_87_bc30_149,Multiplet
doublet_1636|bc24_2019_bc10_484,Multiplet
doublet_1637|bc12_1081_bc18_718,Multiplet
doublet_1638|bc4_584_bc19_1058,Multiplet
doublet_1639|bc3_44_bc12_554,Multiplet
doublet_1640|bc11_291_bc3_182,Multiplet
doublet_1641|bc17_1357_bc4_664,Multiplet
doublet_1642|bc20_460_bc9_1206,Multiplet
doublet_1643|bc19_546_bc26_2961,Multiplet
doublet_1644|bc30_217_bc26_2565,Multiplet
doublet_1645|bc13_927_bc13_493,bc13
doublet_1646|bc9_31_bc20_297,Multiplet
doublet_1647|bc8_2012_bc14_611,Multiplet
doublet_1648|bc12_1050_bc24_1163,Multiplet
doublet_1649|bc24_1451_bc18_1994,Multiplet
doublet_1650|bc16_1300_bc25_2346,bc16
doublet_1651|bc16_633_bc24_147,Multiplet
doublet_1652|bc18_1057_bc19_8,Multiplet
doublet_1653|bc15_1005_bc7_643,Multiplet
doublet_1654|bc26_2509_bc8_2091,Multiplet
doublet_1655|bc20_1160_bc7_523,Multiplet
doublet_1656|bc9_1842_bc12_795,Multiplet
doublet_1657|bc16_157_bc11_316,Multiplet
doublet_1658|bc24_916_bc9_1405,Multiplet
doublet_1659|bc15_756_bc16_500,Multiplet
doublet_1660|bc20_940_bc2_192,Multiplet
doublet_1661|bc18_1578_bc17_384,Multiplet
doublet_1662|bc15_236_bc19_940,Multiplet
doublet_1663|bc19_80_bc20_849,Multiplet
doublet_1664|bc18_1792_bc17_110,Multiplet
doublet_1665|bc26_585_bc19_107,Multiplet
doublet_1666|bc20_185_bc2_1375,Multiplet
doublet_1667|bc11_701_bc8_52,Multiplet
doublet_1668|bc16_361_bc20_1109,Multiplet
doublet_1669|bc21_754_bc25_2559,Multiplet
doublet_1670|bc8_56_bc3_326,Multiplet
doublet_1671|bc7_713_bc9_1513,Multiplet
doublet_1672|bc25_625_bc20_1041,bc20
doublet_1673|bc16_1206_bc17_2041,Multiplet
doublet_1674|bc13_964_bc26_2094,Multiplet
doublet_1675|bc21_1379_bc12_902,Multiplet
doublet_1676|bc18_159_bc25_241,Multiplet
doublet_1677|bc18_841_bc26_2443,Multiplet
doublet_1678|bc30_300_bc30_1344,bc30
doublet_1679|bc6_258_bc20_770,bc6
doublet_1680|bc8_1203_bc26_2798,Multiplet
doublet_1681|bc24_2482_bc8_1554,Multiplet
doublet_1682|bc19_44_bc17_1951,Multiplet
doublet_1683|bc5_338_bc10_38,Multiplet
doublet_1684|bc11_331_bc12_865,Multiplet
doublet_1685|bc30_737_bc26_2605,Multiplet
doublet_1686|bc17_1130_bc30_914,Multiplet
doublet_1687|bc17_330_bc17_467,bc17
doublet_1688|bc18_1349_bc25_152,Multiplet
doublet_1689|bc24_1154_bc8_1045,Multiplet
doublet_1690|bc26_1006_bc17_2766,Multiplet
doublet_1691|bc17_877_bc24_1394,Multiplet
doublet_1692|bc27_41_bc7_1020,Multiplet
doublet_1693|bc26_796_bc17_697,Multiplet
doublet_1694|bc21_460_bc30_459,Multiplet
doublet_1695|bc18_1502_bc15_256,Multiplet
doublet_1696|bc22_14_bc8_1854,Multiplet
doublet_1697|bc6_117_bc20_357,Multiplet
doublet_1698|bc20_392_bc21_1428,Multiplet
doublet_1699|bc19_535_bc4_28,Multiplet
doublet_1700|bc21_669_bc25_1284,Multiplet
doublet_1701|bc8_500_bc7_279,bc7
doublet_1702|bc8_593_bc25_2632,Multiplet
doublet_1703|bc25_1321_bc18_1952,bc18
doublet_1704|bc28_10_bc18_843,Multiplet
doublet_1705|bc18_854_bc8_118,Multiplet
doublet_1706|bc18_1996_bc2_823,Multiplet
doublet_1707|bc20_311_bc15_723,Multiplet
doublet_1708|bc17_112_bc25_2005,Multiplet
doublet_1709|bc8_1207_bc7_972,Multiplet
doublet_1710|bc30_1391_bc25_1694,Multiplet
doublet_1711|bc15_797_bc12_1098,Multiplet
doublet_1712|bc17_884_bc19_381,Multiplet
doublet_1713|bc14_491_bc2_947,bc14
doublet_1714|bc30_896_bc2_157,Multiplet
doublet_1715|bc12_768_bc19_571,Multiplet
doublet_1716|bc26_1773_bc16_358,bc16
doublet_1717|bc21_1395_bc8_342,Multiplet
doublet_1718|bc29_20_bc30_913,Multiplet
doublet_1719|bc18_1108_bc11_526,Multiplet
doublet_1720|bc25_329_bc7_839,Multiplet
doublet_1721|bc11_1159_bc13_483,Multiplet
doublet_1722|bc15_766_bc21_301,Multiplet
doublet_1723|bc13_998_bc16_549,Multiplet
doublet_1724|bc8_2242_bc8_1945,bc8
doublet_1725|bc2_2115_bc20_1561,Multiplet
doublet_1726|bc6_26_bc9_24,Multiplet
doublet_1727|bc2_1887_bc7_518,Multiplet
doublet_1728|bc21_25_bc18_894,Multiplet
doublet_1729|bc16_235_bc4_249,Multiplet
doublet_1730|bc17_2552_bc13_1047,Multiplet
doublet_1731|bc8_420_bc20_480,Multiplet
doublet_1732|bc1_393_bc30_1221,Multiplet
doublet_1733|bc25_455_bc8_2024,Multiplet
doublet_1734|bc8_2350_bc16_794,Multiplet
doublet_1735|bc14_46_bc16_1470,Multiplet
doublet_1736|bc13_1171_bc29_863,Multiplet
doublet_1737|bc25_2670_bc18_1142,Multiplet
doublet_1738|bc2_1741_bc11_798,Multiplet
doublet_1739|bc9_910_bc8_461,Multiplet
doublet_1740|bc19_520_bc23_6,Multiplet
doublet_1741|bc7_863_bc25_5,Multiplet
doublet_1742|bc24_1455_bc20_818,Multiplet
doublet_1743|bc26_1281_bc17_895,Multiplet
doublet_1744|bc17_976_bc6_374,Multiplet
doublet_1745|bc4_471_bc25_1717,Multiplet
doublet_1746|bc21_1042_bc20_240,Multiplet
doublet_1747|bc21_262_bc22_182,Multiplet
doublet_1748|bc16_470_bc21_393,bc16
doublet_1749|bc29_350_bc8_694,Multiplet
doublet_1750|bc25_546_bc18_216,Multiplet
doublet_1751|bc2_27_bc8_2167,Multiplet
doublet_1752|bc13_33_bc18_1469,Multiplet
doublet_1753|bc4_233_bc20_728,Multiplet
doublet_1754|bc2_677_bc26_342,Multiplet
doublet_1755|bc15_399_bc24_1538,Multiplet
doublet_1756|bc13_541_bc6_420,Multiplet
doublet_1757|bc7_803_bc4_573,Multiplet
doublet_1758|bc25_2614_bc17_2368,Multiplet
doublet_1759|bc19_496_bc13_62,Multiplet
doublet_1760|bc7_640_bc13_599,Multiplet
doublet_1761|bc7_1204_bc18_1838,Multiplet
doublet_1762|bc20_941_bc25_1116,Multiplet
doublet_1763|bc14_86_bc7_234,Multiplet
doublet_1764|bc26_2256_bc20_67,Multiplet
doublet_1765|bc26_1722_bc8_2218,Multiplet
doublet_1766|bc8_840_bc25_1805,Multiplet
doublet_1767|bc25_2136_bc12_452,Multiplet
doublet_1768|bc25_2293_bc11_636,Multiplet
doublet_1769|bc2_2679_bc29_601,Multiplet
doublet_1770|bc29_260_bc11_84,Multiplet
doublet_1771|bc21_627_bc2_2671,Multiplet
doublet_1772|bc24_2391_bc21_1468,Multiplet
doublet_1773|bc21_365_bc5_191,bc21
doublet_1774|bc24_2355_bc25_1504,Multiplet
doublet_1775|bc8_197_bc17_2059,Multiplet
doublet_1776|bc21_71_bc6_129,Multiplet
doublet_1777|bc18_1505_bc25_2871,Multiplet
doublet_1778|bc2_2474_bc20_56,Multiplet
doublet_1779|bc26_2335_bc26_1584,bc26
doublet_1780|bc6_241_bc8_1555,Multiplet
doublet_1781|bc18_1260_bc26_1303,Multiplet
doublet_1782|bc28_292_bc7_140,Multiplet
doublet_1783|bc1_17_bc4_197,Multiplet
doublet_1784|bc26_446_bc24_2335,Multiplet
doublet_1785|bc18_891_bc8_686,Multiplet
doublet_1786|bc24_1107_bc11_1072,bc24
doublet_1787|bc10_501_bc2_2687,Multiplet
doublet_1788|bc24_838_bc25_2471,Multiplet
doublet_1789|bc18_526_bc15_813,Multiplet
doublet_1790|bc25_2780_bc10_160,Multiplet
doublet_1791|bc25_2470_bc26_2428,Multiplet
doublet_1792|bc2_1439_bc2_2059,bc2
doublet_1793|bc24_1425_bc19_337,Multiplet
doublet_1794|bc18_208_bc19_511,Multiplet
doublet_1795|bc30_1048_bc17_1094,Multiplet
doublet_1796|bc18_822_bc26_2833,Multiplet
doublet_1797|bc17_2758_bc12_620,Multiplet
doublet_1798|bc18_1549_bc26_2661,bc18
doublet_1799|bc8_357_bc14_332,Multiplet
doublet_1800|bc13_617_bc13_1070,bc13
doublet_1801|bc29_1025_bc19_887,Multiplet
doublet_1802|bc24_2434_bc25_669,Multiplet
doublet_1803|bc18_567_bc8_340,Multiplet
doublet_1804|bc9_1620_bc20_250,Multiplet
doublet_1805|bc9_135_bc20_232,Multiplet
doublet_1806|bc11_959_bc29_750,Multiplet
doublet_1807|bc26_1032_bc30_578,Multiplet
doublet_1808|bc29_143_bc4_692,Multiplet
doublet_1809|bc16_268_bc25_1262,Multiplet
doublet_1810|bc16_668_bc19_721,Multiplet
doublet_1811|bc11_357_bc7_1138,Multiplet
doublet_1812|bc2_1256_bc2_385,bc2
doublet_1813|bc25_2655_bc8_1186,Multiplet
doublet_1814|bc2_1495_bc18_1757,bc2
doublet_1815|bc10_220_bc13_608,bc10
doublet_1816|bc9_558_bc4_580,Multiplet
doublet_1817|bc9_469_bc25_1372,Multiplet
doublet_1818|bc9_86_bc24_1622,Multiplet
doublet_1819|bc25_1285_bc13_948,Multiplet
doublet_1820|bc17_1736_bc24_150,Multiplet
doublet_1821|bc24_2080_bc8_1265,Multiplet
doublet_1822|bc30_885_bc20_690,Multiplet
doublet_1823|bc15_659_bc17_2030,Multiplet
doublet_1824|bc2_273_bc18_1621,Multiplet
doublet_1825|bc24_1521_bc25_243,Multiplet
doublet_1826|bc12_790_bc13_497,Multiplet
doublet_1827|bc30_862_bc9_304,Multiplet
doublet_1828|bc17_1154_bc18_123,Multiplet
doublet_1829|bc18_1284_bc24_1371,Multiplet
doublet_1830|bc4_147_bc21_1184,Multiplet
doublet_1831|bc18_130_bc10_144,Multiplet
doublet_1832|bc18_719_bc29_358,Multiplet
doublet_1833|bc26_698_bc24_92,bc24
doublet_1834|bc27_18_bc24_387,Multiplet
doublet_1835|bc25_569_bc18_397,Multiplet
doublet_1836|bc25_289_bc14_27,Multiplet
doublet_1837|bc16_1427_bc25_1463,Multiplet
doublet_1838|bc16_1101_bc7_675,bc7
doublet_1839|bc17_426_bc2_699,Multiplet
doublet_1840|bc7_1122_bc9_634,Multiplet
doublet_1841|bc25_2615_bc17_1233,Multiplet
doublet_1842|bc13_310_bc18_1842,Multiplet
doublet_1843|bc26_1237_bc8_754,Multiplet
doublet_1844|bc20_432_bc25_600,Multiplet
doublet_1845|bc26_226_bc30_1187,Multiplet
doublet_1846|bc11_360_bc8_655,Multiplet
doublet_1847|bc17_1612_bc26_2599,Multiplet
doublet_1848|bc17_1782_bc10_191,Multiplet
doublet_1849|bc18_275_bc18_803,bc18
doublet_1850|bc2_2035_bc8_1092,Multiplet
doublet_1851|bc2_2411_bc18_1525,Multiplet
doublet_1852|bc9_918_bc24_1734,Multiplet
doublet_1853|bc19_910_bc15_950,Multiplet
doublet_1854|bc17_2466_bc29_619,Multiplet
doublet_1855|bc8_381_bc18_1436,Multiplet
doublet_1856|bc20_1606_bc9_1097,Multiplet
doublet_1857|bc18_1186_bc3_92,Multiplet
doublet_1858|bc15_986_bc20_1369,Multiplet
doublet_1859|bc11_277_bc8_484,Multiplet
doublet_1860|bc2_1599_bc18_433,Multiplet
doublet_1861|bc17_2166_bc26_199,Multiplet
doublet_1862|bc24_861_bc23_340,Multiplet
doublet_1863|bc7_316_bc18_470,Multiplet
doublet_1864|bc2_728_bc25_2736,Multiplet
doublet_1865|bc12_484_bc8_924,Multiplet
doublet_1866|bc2_2371_bc1_321,Multiplet
doublet_1867|bc4_628_bc4_365,bc4
doublet_1868|bc11_583_bc8_1222,Multiplet
doublet_1869|bc10_653_bc16_545,Multiplet
doublet_1870|bc25_1461_bc13_1096,Multiplet
doublet_1871|bc24_2439_bc8_380,Multiplet
doublet_1872|bc30_356_bc24_2116,Multiplet
doublet_1873|bc17_447_bc18_2098,Multiplet
doublet_1874|bc20_46_bc17_2761,Multiplet
doublet_1875|bc27_1_bc19_247,Multiplet
doublet_1876|bc17_191_bc20_1237,Multiplet
doublet_1877|bc25_1628_bc26_323,Multiplet
doublet_1878|bc8_1224_bc13_630,Multiplet
doublet_1879|bc20_1429_bc17_2111,Multiplet
doublet_1880|bc2_1488_bc30_1239,Multiplet
doublet_1881|bc24_48_bc17_2998,Multiplet
doublet_1882|bc11_393_bc18_1862,Multiplet
doublet_1883|bc5_364_bc17_765,bc17
doublet_1884|bc18_2031_bc7_731,Multiplet
doublet_1885|bc15_606_bc11_1102,Multiplet
doublet_1886|bc2_2719_bc24_1381,Multiplet
doublet_1887|bc18_880_bc2_1185,Multiplet
doublet_1888|bc30_91_bc1_190,Multiplet
doublet_1889|bc2_2417_bc21_245,Multiplet
doublet_1890|bc25_1349_bc21_423,Multiplet
doublet_1891|bc17_2434_bc25_2028,Multiplet
doublet_1892|bc16_849_bc29_831,Multiplet
doublet_1893|bc11_704_bc9_834,bc11
doublet_1894|bc20_167_bc17_2412,Multiplet
doublet_1895|bc25_2903_bc30_43,Multiplet
doublet_1896|bc30_322_bc26_411,bc30
doublet_1897|bc17_199_bc1_501,Multiplet
doublet_1898|bc16_1470_bc4_56,Multiplet
doublet_1899|bc26_1333_bc28_373,Multiplet
doublet_1900|bc1_201_bc13_584,Multiplet
doublet_1901|bc30_860_bc18_1524,Multiplet
doublet_1902|bc30_1223_bc8_1738,Multiplet
doublet_1903|bc5_380_bc20_196,Multiplet
doublet_1904|bc28_2_bc7_435,Multiplet
doublet_1905|bc19_364_bc4_153,Multiplet
doublet_1906|bc7_217_bc30_728,Multiplet
doublet_1907|bc1_150_bc18_150,Multiplet
doublet_1908|bc8_1935_bc14_33,Multiplet
doublet_1909|bc12_961_bc24_1609,bc24
doublet_1910|bc24_1848_bc17_2861,Multiplet
doublet_1911|bc4_40_bc21_753,Multiplet
doublet_1912|bc26_244_bc29_119,Multiplet
doublet_1913|bc26_1747_bc2_876,Multiplet
doublet_1914|bc8_1840_bc25_664,Multiplet
doublet_1915|bc8_1358_bc17_1373,Multiplet
doublet_1916|bc17_275_bc24_550,Multiplet
doublet_1917|bc9_1944_bc18_1722,bc18
doublet_1918|bc25_2810_bc17_1706,Multiplet
doublet_1919|bc1_447_bc18_1895,Multiplet
doublet_1920|bc14_301_bc26_1174,Multiplet
doublet_1921|bc24_1821_bc16_751,Multiplet
doublet_1922|bc17_1806_bc2_2169,Multiplet
doublet_1923|bc19_300_bc11_129,Multiplet
doublet_1924|bc16_369_bc1_99,Multiplet
doublet_1925|bc26_1358_bc18_1089,Multiplet
doublet_1926|bc25_1947_bc25_2585,bc25
doublet_1927|bc7_1182_bc19_203,Multiplet
doublet_1928|bc19_702_bc1_462,Multiplet
doublet_1929|bc25_1530_bc21_196,bc25
doublet_1930|bc24_2326_bc28_377,bc28
doublet_1931|bc17_384_bc17_858,bc17
doublet_1932|bc11_537_bc11_959,bc11
doublet_1933|bc2_1113_bc18_520,Multiplet
doublet_1934|bc2_1007_bc17_1175,Multiplet
doublet_1935|bc8_2241_bc18_2020,Multiplet
doublet_1936|bc19_224_bc26_2053,Multiplet
doublet_1937|bc30_534_bc8_1991,Multiplet
doublet_1938|bc13_867_bc18_854,Multiplet
doublet_1939|bc26_899_bc20_1291,Multiplet
doublet_1940|bc21_1211_bc12_547,Multiplet
doublet_1941|bc2_2520_bc30_1376,Multiplet
doublet_1942|bc26_284_bc24_2180,Multiplet
doublet_1943|bc15_151_bc8_473,Multiplet
doublet_1944|bc9_653_bc12_853,Multiplet
doublet_1945|bc16_613_bc16_526,bc16
doublet_1946|bc19_887_bc28_488,Multiplet
doublet_1947|bc25_422_bc24_1888,Multiplet
doublet_1948|bc8_1718_bc2_1518,bc8
doublet_1949|bc17_2753_bc16_1413,bc16
doublet_1950|bc12_287_bc2_2305,Multiplet
doublet_1951|bc2_889_bc11_616,Multiplet
doublet_1952|bc2_794_bc2_778,bc2
doublet_1953|bc24_864_bc28_484,Multiplet
doublet_1954|bc26_1922_bc24_108,Multiplet
doublet_1955|bc9_1153_bc26_1238,Multiplet
doublet_1956|bc14_496_bc29_162,Multiplet
doublet_1957|bc15_491_bc24_1059,Multiplet
doublet_1958|bc24_2004_bc16_220,Multiplet
doublet_1959|bc26_2197_bc8_1004,Multiplet
doublet_1960|bc25_2590_bc2_845,Multiplet
doublet_1961|bc2_299_bc8_1631,Multiplet
doublet_1962|bc30_97_bc25_1340,Multiplet
doublet_1963|bc24_1320_bc15_971,bc24
doublet_1964|bc8_2299_bc9_375,Multiplet
doublet_1965|bc29_838_bc2_45,Multiplet
doublet_1966|bc16_32_bc25_577,Multiplet
doublet_1967|bc30_1418_bc7_1112,Multiplet
doublet_1968|bc24_2382_bc19_140,Multiplet
doublet_1969|bc26_99_bc16_1062,Multiplet
doublet_1970|bc13_386_bc25_1331,Multiplet
doublet_1971|bc21_461_bc9_58,bc9
doublet_1972|bc23_185_bc29_755,Multiplet
doublet_1973|bc18_1961_bc29_605,Multiplet
doublet_1974|bc9_1161_bc30_746,Multiplet
doublet_1975|bc14_303_bc30_1188,Multiplet
doublet_1976|bc17_1377_bc4_659,Multiplet
doublet_1977|bc9_1981_bc19_632,bc19
doublet_1978|bc25_1294_bc26_1592,Multiplet
doublet_1979|bc26_813_bc20_737,Multiplet
doublet_1980|bc25_2032_bc11_454,Multiplet
doublet_1981|bc9_1803_bc2_1896,Multiplet
doublet_1982|bc17_1964_bc14_94,Multiplet
doublet_1983|bc25_701_bc9_1904,Multiplet
doublet_1984|bc12_255_bc19_1005,Multiplet
doublet_1985|bc8_193_bc28_214,bc8
doublet_1986|bc20_431_bc9_1115,Multiplet
doublet_1987|bc8_483_bc26_2164,Multiplet
doublet_1988|bc9_1143_bc20_599,Multiplet
doublet_1989|bc11_245_bc14_100,Multiplet
doublet_1990|bc26_2396_bc25_1901,Multiplet
doublet_1991|bc30_1373_bc12_718,Multiplet
doublet_1992|bc8_153_bc4_602,Multiplet
doublet_1993|bc5_378_bc8_1492,Multiplet
doublet_1994|bc21_1272_bc7_949,Multiplet
doublet_1995|bc17_1619_bc17_2330,bc17
doublet_1996|bc14_277_bc25_1513,Multiplet
doublet_1997|bc5_356_bc9_1055,Multiplet
doublet_1998|bc26_1691_bc18_316,Multiplet
doublet_1999|bc12_590_bc27_35,Multiplet
doublet_2000|bc9_641_bc15_835,Multiplet
doublet_2001|bc17_1448_bc30_1146,Multiplet
doublet_2002|bc7_171_bc30_445,Multiplet
doublet_2003|bc29_285_bc26_251,Multiplet
doublet_2004|bc8_1174_bc30_1414,Multiplet
doublet_2005|bc18_3_bc18_1724,bc18
doublet_2006|bc24_1617_bc17_828,Multiplet
doublet_2007|bc1_270_bc12_521,Multiplet
doublet_2008|bc25_2098_bc24_2002,Multiplet
doublet_2009|bc21_729_bc25_457,Multiplet
doublet_2010|bc13_853_bc16_127,Multiplet
doublet_2011|bc7_9_bc15_285,Multiplet
doublet_2012|bc21_1164_bc30_251,Multiplet
doublet_2013|bc14_203_bc19_935,Multiplet
doublet_2014|bc21_741_bc2_534,Multiplet
doublet_2015|bc19_372_bc24_30,Multiplet
doublet_2016|bc21_1407_bc24_2115,Multiplet
doublet_2017|bc20_223_bc23_373,Multiplet
doublet_2018|bc9_1796_bc11_626,Multiplet
doublet_2019|bc4_28_bc9_1081,bc9
doublet_2020|bc2_909_bc16_932,Multiplet
doublet_2021|bc20_419_bc20_603,bc20
doublet_2022|bc2_1823_bc26_1062,Multiplet
doublet_2023|bc4_486_bc17_1436,Multiplet
doublet_2024|bc7_343_bc24_1110,Multiplet
doublet_2025|bc20_115_bc25_2599,Multiplet
doublet_2026|bc9_1233_bc26_362,Multiplet
doublet_2027|bc8_1556_bc9_337,Multiplet
doublet_2028|bc28_459_bc30_1232,Multiplet
doublet_2029|bc21_852_bc28_420,Multiplet
doublet_2030|bc18_166_bc26_873,Multiplet
doublet_2031|bc10_512_bc25_139,Multiplet
doublet_2032|bc30_285_bc15_267,bc30
doublet_2033|bc26_1114_bc24_1058,Multiplet
doublet_2034|bc30_1186_bc2_901,Multiplet
doublet_2035|bc10_199_bc11_10,Multiplet
doublet_2036|bc10_88_bc30_161,Multiplet
doublet_2037|bc2_812_bc26_1937,Multiplet
doublet_2038|bc18_1177_bc9_450,bc18
doublet_2039|bc24_306_bc29_530,Multiplet
doublet_2040|bc9_1149_bc23_430,Multiplet
doublet_2041|bc30_619_bc4_652,Multiplet
doublet_2042|bc30_82_bc15_783,bc30
doublet_2043|bc3_133_bc25_1196,Multiplet
doublet_2044|bc24_2206_bc29_660,Multiplet
doublet_2045|bc9_143_bc4_436,Multiplet
doublet_2046|bc28_408_bc17_1925,Multiplet
doublet_2047|bc18_274_bc1_519,Multiplet
doublet_2048|bc20_1432_bc4_565,Multiplet
doublet_2049|bc25_2123_bc15_844,bc25
doublet_2050|bc19_244_bc26_1115,Multiplet
doublet_2051|bc25_730_bc20_1573,Multiplet
doublet_2052|bc24_347_bc9_1358,Multiplet
doublet_2053|bc15_474_bc20_1447,Multiplet
doublet_2054|bc2_347_bc25_1390,Multiplet
doublet_2055|bc30_1324_bc25_2336,Multiplet
doublet_2056|bc24_1224_bc26_275,Multiplet
doublet_2057|bc8_1716_bc18_1391,Multiplet
doublet_2058|bc20_1346_bc15_998,Multiplet
doublet_2059|bc25_2667_bc20_405,Multiplet
doublet_2060|bc17_207_bc8_1806,bc8
doublet_2061|bc22_209_bc8_1080,Multiplet
doublet_2062|bc5_71_bc8_1170,bc8
doublet_2063|bc20_817_bc8_1154,Multiplet
doublet_2064|bc26_87_bc5_121,Multiplet
doublet_2065|bc18_2038_bc26_1447,Multiplet
doublet_2066|bc13_725_bc13_128,bc13
doublet_2067|bc24_848_bc7_545,Multiplet
doublet_2068|bc16_1073_bc7_945,Multiplet
doublet_2069|bc26_1823_bc16_221,Multiplet
doublet_2070|bc12_936_bc26_1784,Multiplet
doublet_2071|bc25_2685_bc13_518,Multiplet
doublet_2072|bc24_704_bc1_145,Multiplet
doublet_2073|bc25_2740_bc26_346,Multiplet
doublet_2074|bc2_1826_bc12_562,Multiplet
doublet_2075|bc25_1102_bc26_2616,Multiplet
doublet_2076|bc2_1140_bc12_705,Multiplet
doublet_2077|bc21_9_bc2_2661,Multiplet
doublet_2078|bc19_126_bc12_565,Multiplet
doublet_2079|bc26_312_bc5_116,Multiplet
doublet_2080|bc8_230_bc20_950,Multiplet
doublet_2081|bc23_107_bc25_86,Multiplet
doublet_2082|bc24_2168_bc26_144,Multiplet
doublet_2083|bc24_597_bc12_488,Multiplet
doublet_2084|bc8_1994_bc16_337,Multiplet
doublet_2085|bc7_1015_bc12_858,Multiplet
doublet_2086|bc15_34_bc13_824,Multiplet
doublet_2087|bc12_394_bc2_694,Multiplet
doublet_2088|bc7_312_bc26_470,Multiplet
doublet_2089|bc29_126_bc4_619,Multiplet
doublet_2090|bc30_349_bc1_314,Multiplet
doublet_2091|bc26_329_bc8_1982,Multiplet
doublet_2092|bc2_310_bc20_229,Multiplet
doublet_2093|bc26_2062_bc12_468,bc12
doublet_2094|bc26_1667_bc2_2535,Multiplet
doublet_2095|bc26_249_bc4_415,Multiplet
doublet_2096|bc2_795_bc30_127,Multiplet
doublet_2097|bc26_1793_bc30_1237,Multiplet
doublet_2098|bc18_571_bc8_1878,Multiplet
doublet_2099|bc28_447_bc17_2179,Multiplet
doublet_2100|bc9_1193_bc21_618,Multiplet
doublet_2101|bc26_2839_bc12_133,Multiplet
doublet_2102|bc18_662_bc17_1222,Multiplet
doublet_2103|bc6_69_bc30_835,Multiplet
doublet_2104|bc8_657_bc2_625,Multiplet
doublet_2105|bc2_1739_bc18_1613,Multiplet
doublet_2106|bc20_298_bc16_1096,Multiplet
doublet_2107|bc16_1095_bc11_910,Multiplet
doublet_2108|bc9_521_bc14_360,Multiplet
doublet_2109|bc26_248_bc18_438,Multiplet
doublet_2110|bc30_1363_bc12_9,Multiplet
doublet_2111|bc18_377_bc21_1466,Multiplet
doublet_2112|bc2_1623_bc9_770,bc9
doublet_2113|bc25_364_bc7_622,Multiplet
doublet_2114|bc7_1019_bc24_294,Multiplet
doublet_2115|bc9_7_bc22_16,Multiplet
doublet_2116|bc18_729_bc4_608,Multiplet
doublet_2117|bc24_2289_bc17_173,Multiplet
doublet_2118|bc13_157_bc16_30,Multiplet
doublet_2119|bc9_1942_bc18_425,Multiplet
doublet_2120|bc23_151_bc29_385,Multiplet
doublet_2121|bc6_262_bc13_484,Multiplet
doublet_2122|bc9_62_bc6_8,Multiplet
doublet_2123|bc11_421_bc18_1902,Multiplet
doublet_2124|bc16_781_bc8_267,Multiplet
doublet_2125|bc2_2451_bc17_1921,Multiplet
doublet_2126|bc3_3_bc23_177,Multiplet
doublet_2127|bc4_667_bc9_47,Multiplet
doublet_2128|bc20_1321_bc21_966,Multiplet
doublet_2129|bc9_276_bc4_676,Multiplet
doublet_2130|bc20_1128_bc13_236,Multiplet
doublet_2131|bc23_489_bc30_154,Multiplet
doublet_2132|bc26_1497_bc21_370,Multiplet
doublet_2133|bc18_515_bc4_348,Multiplet
doublet_2134|bc8_479_bc25_655,Multiplet
doublet_2135|bc2_2328_bc30_325,Multiplet
doublet_2136|bc9_1791_bc2_1000,Multiplet
doublet_2137|bc25_2524_bc23_320,Multiplet
doublet_2138|bc15_407_bc16_1267,Multiplet
doublet_2139|bc2_1061_bc20_1537,Multiplet
doublet_2140|bc26_1781_bc24_831,bc26
doublet_2141|bc11_555_bc1_34,Multiplet
doublet_2142|bc1_559_bc26_2189,Multiplet
doublet_2143|bc8_2167_bc23_381,Multiplet
doublet_2144|bc17_1596_bc2_700,Multiplet
doublet_2145|bc25_1166_bc9_846,Multiplet
doublet_2146|bc24_676_bc25_2825,Multiplet
doublet_2147|bc26_2592_bc24_2217,Multiplet
doublet_2148|bc30_366_bc19_451,Multiplet
doublet_2149|bc18_1657_bc18_338,bc18
doublet_2150|bc25_1604_bc19_87,bc19
doublet_2151|bc13_201_bc5_12,Multiplet
doublet_2152|bc17_230_bc17_180,bc17
doublet_2153|bc18_1303_bc17_2408,Multiplet
doublet_2154|bc22_69_bc21_1230,Multiplet
doublet_2155|bc17_1007_bc11_734,Multiplet
doublet_2156|bc30_689_bc6_52,Multiplet
doublet_2157|bc12_2_bc9_695,Multiplet
doublet_2158|bc25_2000_bc9_586,Multiplet
doublet_2159|bc11_233_bc18_717,Multiplet
doublet_2160|bc25_91_bc23_346,Multiplet
doublet_2161|bc8_512_bc6_249,Multiplet
doublet_2162|bc13_664_bc24_131,Multiplet
doublet_2163|bc19_888_bc7_578,bc19
doublet_2164|bc9_1225_bc19_393,Multiplet
doublet_2165|bc7_468_bc21_744,Multiplet
doublet_2166|bc2_1627_bc20_1528,Multiplet
doublet_2167|bc18_1520_bc21_1357,Multiplet
doublet_2168|bc10_397_bc21_100,Multiplet
doublet_2169|bc26_2257_bc20_936,Multiplet
doublet_2170|bc17_2029_bc25_2955,Multiplet
doublet_2171|bc8_2193_bc8_1573,bc8
doublet_2172|bc25_741_bc12_1039,bc12
doublet_2173|bc10_398_bc17_2005,Multiplet
doublet_2174|bc25_437_bc8_321,Multiplet
doublet_2175|bc9_185_bc8_1552,Multiplet
doublet_2176|bc8_700_bc16_866,Multiplet
doublet_2177|bc5_337_bc24_448,Multiplet
doublet_2178|bc2_1419_bc10_583,Multiplet
doublet_2179|bc20_459_bc29_228,Multiplet
doublet_2180|bc24_785_bc26_2822,Multiplet
doublet_2181|bc10_130_bc26_1728,Multiplet
doublet_2182|bc24_1843_bc18_1779,Multiplet
doublet_2183|bc17_1834_bc1_117,Multiplet
doublet_2184|bc11_1031_bc29_679,Multiplet
doublet_2185|bc18_329_bc14_483,Multiplet
doublet_2186|bc26_2450_bc12_978,Multiplet
doublet_2187|bc8_1182_bc18_111,Multiplet
doublet_2188|bc20_1442_bc25_2976,Multiplet
doublet_2189|bc16_1261_bc12_107,Multiplet
doublet_2190|bc17_870_bc12_34,Multiplet
doublet_2191|bc12_585_bc29_345,Multiplet
doublet_2192|bc24_1366_bc17_2631,Multiplet
doublet_2193|bc24_743_bc25_2150,Multiplet
doublet_2194|bc25_2802_bc24_823,Multiplet
doublet_2195|bc16_158_bc13_1117,bc16
doublet_2196|bc17_1946_bc24_878,Multiplet
doublet_2197|bc8_28_bc8_2229,bc8
doublet_2198|bc18_149_bc30_781,Multiplet
doublet_2199|bc29_470_bc6_46,Multiplet
doublet_2200|bc25_2249_bc14_578,bc14
doublet_2201|bc8_1175_bc12_103,Multiplet
doublet_2202|bc30_792_bc9_1040,Multiplet
doublet_2203|bc9_1590_bc12_154,Multiplet
doublet_2204|bc26_306_bc6_104,Multiplet
doublet_2205|bc2_2004_bc21_1239,Multiplet
doublet_2206|bc11_7_bc25_1673,Multiplet
doublet_2207|bc8_255_bc25_2843,Multiplet
doublet_2208|bc4_373_bc12_784,Multiplet
doublet_2209|bc8_2240_bc12_601,Multiplet
doublet_2210|bc2_2355_bc8_1892,Multiplet
doublet_2211|bc20_190_bc17_2374,Multiplet
doublet_2212|bc18_2056_bc15_517,Multiplet
doublet_2213|bc2_1656_bc7_666,Multiplet
doublet_2214|bc2_2538_bc20_984,Multiplet
doublet_2215|bc17_1690_bc24_94,Multiplet
doublet_2216|bc25_1558_bc4_679,Multiplet
doublet_2217|bc24_791_bc2_1094,Multiplet
doublet_2218|bc5_270_bc16_130,Multiplet
doublet_2219|bc8_929_bc17_307,Multiplet
doublet_2220|bc26_2142_bc2_764,bc2
doublet_2221|bc26_1778_bc11_39,Multiplet
doublet_2222|bc13_986_bc10_293,bc13
doublet_2223|bc17_228_bc9_527,bc9
doublet_2224|bc11_1062_bc2_2251,Multiplet
doublet_2225|bc19_615_bc2_2517,Multiplet
doublet_2226|bc13_769_bc26_2343,Multiplet
doublet_2227|bc2_2597_bc24_806,Multiplet
doublet_2228|bc4_19_bc10_346,bc4
doublet_2229|bc11_514_bc7_340,Multiplet
doublet_2230|bc24_374_bc2_1818,bc24
doublet_2231|bc30_1413_bc30_1349,bc30
doublet_2232|bc17_2977_bc17_1463,bc17
doublet_2233|bc18_1849_bc8_283,bc18
doublet_2234|bc17_2968_bc23_23,Multiplet
doublet_2235|bc25_308_bc24_154,Multiplet
doublet_2236|bc24_1046_bc29_179,Multiplet
doublet_2237|bc5_357_bc25_1823,Multiplet
doublet_2238|bc2_2351_bc21_1287,Multiplet
doublet_2239|bc18_689_bc18_2076,bc18
doublet_2240|bc25_14_bc26_2207,Multiplet
doublet_2241|bc15_349_bc18_529,Multiplet
doublet_2242|bc21_1452_bc11_141,Multiplet
doublet_2243|bc25_104_bc2_1404,bc2
doublet_2244|bc19_658_bc8_978,Multiplet
doublet_2245|bc24_1143_bc17_2723,Multiplet
doublet_2246|bc2_2053_bc11_1044,Multiplet
doublet_2247|bc24_2293_bc13_96,Multiplet
doublet_2248|bc1_225_bc13_1102,Multiplet
doublet_2249|bc9_474_bc20_918,Multiplet
doublet_2250|bc25_1813_bc2_2457,Multiplet
doublet_2251|bc24_2190_bc12_613,Multiplet
doublet_2252|bc9_1398_bc19_33,Multiplet
doublet_2253|bc11_694_bc17_2057,Multiplet
doublet_2254|bc5_121_bc28_191,Multiplet
doublet_2255|bc7_363_bc24_850,Multiplet
doublet_2256|bc26_1609_bc8_107,Multiplet
doublet_2257|bc18_548_bc17_215,Multiplet
doublet_2258|bc2_2188_bc19_864,Multiplet
doublet_2259|bc17_158_bc2_855,Multiplet
doublet_2260|bc17_1352_bc20_387,Multiplet
doublet_2261|bc1_22_bc24_54,Multiplet
doublet_2262|bc19_555_bc30_1078,Multiplet
doublet_2263|bc7_575_bc18_676,Multiplet
doublet_2264|bc5_56_bc25_2155,bc25
doublet_2265|bc26_2571_bc7_765,Multiplet
doublet_2266|bc18_1833_bc8_987,Multiplet
doublet_2267|bc8_1226_bc7_926,Multiplet
doublet_2268|bc29_449_bc10_16,bc29
doublet_2269|bc26_2950_bc2_2497,Multiplet
doublet_2270|bc25_1991_bc20_494,Multiplet
doublet_2271|bc2_1378_bc18_224,Multiplet
doublet_2272|bc12_915_bc24_1337,Multiplet
doublet_2273|bc21_1280_bc26_354,Multiplet
doublet_2274|bc13_1056_bc20_964,Multiplet
doublet_2275|bc17_495_bc18_77,Multiplet
doublet_2276|bc26_661_bc30_227,Multiplet
doublet_2277|bc26_714_bc25_2362,Multiplet
doublet_2278|bc28_360_bc2_2046,Multiplet
doublet_2279|bc18_1359_bc19_861,Multiplet
doublet_2280|bc8_812_bc9_985,bc9
doublet_2281|bc30_238_bc17_2778,bc30
doublet_2282|bc2_884_bc4_68,Multiplet
doublet_2283|bc26_2066_bc8_1827,Multiplet
doublet_2284|bc2_505_bc26_2683,Multiplet
doublet_2285|bc25_1644_bc8_1181,Multiplet
doublet_2286|bc8_469_bc12_493,Multiplet
doublet_2287|bc21_1095_bc17_1929,Multiplet
doublet_2288|bc24_1778_bc19_155,Multiplet
doublet_2289|bc25_1914_bc9_1105,Multiplet
doublet_2290|bc9_1810_bc14_542,bc9
doublet_2291|bc26_1129_bc30_880,Multiplet
doublet_2292|bc15_96_bc12_1052,Multiplet
doublet_2293|bc12_888_bc7_836,Multiplet
doublet_2294|bc25_2311_bc28_319,Multiplet
doublet_2295|bc17_2288_bc24_925,Multiplet
doublet_2296|bc12_45_bc24_1251,bc24
doublet_2297|bc2_1227_bc21_1293,Multiplet
doublet_2298|bc10_23_bc24_701,Multiplet
doublet_2299|bc30_352_bc11_1118,bc11
doublet_2300|bc16_638_bc1_77,Multiplet
doublet_2301|bc16_1480_bc2_1916,Multiplet
doublet_2302|bc29_135_bc28_401,Multiplet
doublet_2303|bc28_204_bc29_464,Multiplet
doublet_2304|bc8_1066_bc26_2821,Multiplet
doublet_2305|bc13_996_bc9_819,bc13
doublet_2306|bc18_1674_bc13_100,bc18
doublet_2307|bc7_521_bc3_161,Multiplet
doublet_2308|bc2_253_bc4_308,Multiplet
doublet_2309|bc2_1786_bc13_661,bc13
doublet_2310|bc8_2342_bc11_622,Multiplet
doublet_2311|bc11_367_bc26_644,bc26
doublet_2312|bc17_26_bc17_837,bc17
doublet_2313|bc28_298_bc25_2534,Multiplet
doublet_2314|bc19_447_bc20_910,Multiplet
doublet_2315|bc12_654_bc26_2901,Multiplet
doublet_2316|bc15_251_bc17_479,Multiplet
doublet_2317|bc13_1088_bc29_872,Multiplet
doublet_2318|bc20_960_bc24_860,Multiplet
doublet_2319|bc15_180_bc2_819,Multiplet
doublet_2320|bc26_1473_bc20_92,Multiplet
doublet_2321|bc2_469_bc26_259,Multiplet
doublet_2322|bc25_2807_bc25_458,bc25
doublet_2323|bc11_1066_bc11_87,bc11
doublet_2324|bc20_673_bc1_106,Multiplet
doublet_2325|bc5_288_bc15_130,Multiplet
doublet_2326|bc26_346_bc17_1669,Multiplet
doublet_2327|bc19_150_bc8_2123,bc8
doublet_2328|bc16_126_bc21_832,Multiplet
doublet_2329|bc12_803_bc25_2557,Multiplet
doublet_2330|bc25_457_bc1_26,bc25
doublet_2331|bc24_251_bc15_600,Multiplet
doublet_2332|bc24_1912_bc26_1621,Multiplet
doublet_2333|bc30_733_bc16_365,Multiplet
doublet_2334|bc18_1194_bc9_712,Multiplet
doublet_2335|bc7_515_bc25_1989,Multiplet
doublet_2336|bc7_781_bc2_813,Multiplet
doublet_2337|bc19_790_bc24_2443,Multiplet
doublet_2338|bc30_101_bc26_580,Multiplet
doublet_2339|bc30_673_bc8_654,Multiplet
doublet_2340|bc18_1822_bc9_1795,Multiplet
doublet_2341|bc8_2121_bc2_1649,bc2
doublet_2342|bc21_1065_bc18_911,Multiplet
doublet_2343|bc8_1559_bc7_1096,bc7
doublet_2344|bc18_501_bc8_1487,bc8
doublet_2345|bc26_279_bc9_1565,Multiplet
doublet_2346|bc25_833_bc20_431,Multiplet
doublet_2347|bc9_1486_bc24_1579,Multiplet
doublet_2348|bc10_593_bc8_868,Multiplet
doublet_2349|bc7_243_bc15_578,bc15
doublet_2350|bc23_141_bc18_1735,Multiplet
doublet_2351|bc25_2164_bc2_1866,Multiplet
doublet_2352|bc20_1153_bc9_1047,Multiplet
doublet_2353|bc30_918_bc26_921,Multiplet
doublet_2354|bc16_700_bc7_867,Multiplet
doublet_2355|bc29_436_bc25_2316,Multiplet
doublet_2356|bc11_429_bc18_971,Multiplet
doublet_2357|bc2_2413_bc18_1019,Multiplet
doublet_2358|bc24_99_bc17_380,Multiplet
doublet_2359|bc12_846_bc16_533,Multiplet
doublet_2360|bc17_2154_bc2_2303,bc17
doublet_2361|bc6_88_bc26_2351,Multiplet
doublet_2362|bc25_1860_bc25_714,bc25
doublet_2363|bc22_106_bc6_354,Multiplet
doublet_2364|bc24_1023_bc11_468,Multiplet
doublet_2365|bc19_625_bc10_110,bc19
doublet_2366|bc4_506_bc15_448,Multiplet
doublet_2367|bc26_1874_bc3_216,Multiplet
doublet_2368|bc17_619_bc17_1588,bc17
doublet_2369|bc10_370_bc5_200,Multiplet
doublet_2370|bc7_1183_bc20_597,Multiplet
doublet_2371|bc14_378_bc24_1806,Multiplet
doublet_2372|bc17_1058_bc6_444,Multiplet
doublet_2373|bc14_452_bc25_2147,bc25
doublet_2374|bc26_2359_bc10_463,Multiplet
doublet_2375|bc25_9_bc26_2750,Multiplet
doublet_2376|bc24_661_bc22_105,Multiplet
doublet_2377|bc18_344_bc2_1962,Multiplet
doublet_2378|bc17_2170_bc26_2570,bc17
doublet_2379|bc11_248_bc6_259,Multiplet
doublet_2380|bc10_94_bc11_276,Multiplet
doublet_2381|bc20_973_bc26_2265,Multiplet
doublet_2382|bc17_2969_bc26_2414,Multiplet
doublet_2383|bc8_1265_bc8_375,bc8
doublet_2384|bc12_131_bc26_194,Multiplet
doublet_2385|bc30_87_bc26_1665,Multiplet
doublet_2386|bc17_2621_bc3_169,Multiplet
doublet_2387|bc25_285_bc24_780,Multiplet
doublet_2388|bc25_1554_bc12_1149,Multiplet
doublet_2389|bc1_162_bc26_78,Multiplet
doublet_2390|bc26_1442_bc26_2671,bc26
doublet_2391|bc30_556_bc24_1052,Multiplet
doublet_2392|bc25_1297_bc9_888,Multiplet
doublet_2393|bc20_1265_bc7_990,Multiplet
doublet_2394|bc19_876_bc1_394,bc19
doublet_2395|bc25_1093_bc17_917,Multiplet
doublet_2396|bc20_386_bc30_265,Multiplet
doublet_2397|bc2_1406_bc25_169,Multiplet
doublet_2398|bc5_122_bc13_120,bc5
doublet_2399|bc18_413_bc18_1346,bc18
doublet_2400|bc24_1123_bc17_831,Multiplet
doublet_2401|bc17_655_bc2_119,Multiplet
doublet_2402|bc28_190_bc24_1099,bc24
doublet_2403|bc16_764_bc12_623,Multiplet
doublet_2404|bc18_1301_bc20_1445,Multiplet
doublet_2405|bc21_646_bc8_2089,Multiplet
doublet_2406|bc29_7_bc2_2488,Multiplet
doublet_2407|bc12_963_bc16_609,Multiplet
doublet_2408|bc26_2476_bc17_2460,Multiplet
doublet_2409|bc18_1410_bc2_1181,Multiplet
doublet_2410|bc20_439_bc17_586,Multiplet
doublet_2411|bc21_1286_bc23_300,Multiplet
doublet_2412|bc16_797_bc21_693,Multiplet
doublet_2413|bc26_593_bc8_1308,Multiplet
doublet_2414|bc2_2661_bc2_1411,bc2
doublet_2415|bc25_1784_bc26_809,Multiplet
doublet_2416|bc8_679_bc18_644,Multiplet
doublet_2417|bc8_65_bc17_119,Multiplet
doublet_2418|bc21_906_bc11_166,bc11
doublet_2419|bc24_2378_bc2_472,Multiplet
doublet_2420|bc20_642_bc26_867,Multiplet
doublet_2421|bc2_1964_bc26_1498,Multiplet
doublet_2422|bc2_2287_bc13_629,Multiplet
doublet_2423|bc11_870_bc11_424,bc11
doublet_2424|bc29_878_bc13_1023,Multiplet
doublet_2425|bc19_404_bc17_494,bc17
doublet_2426|bc12_376_bc9_929,Multiplet
doublet_2427|bc9_928_bc25_1734,Multiplet
doublet_2428|bc3_107_bc3_25,bc3
doublet_2429|bc19_984_bc2_828,Multiplet
doublet_2430|bc15_141_bc24_564,Multiplet
doublet_2431|bc20_786_bc12_684,Multiplet
doublet_2432|bc24_1799_bc12_908,bc24
doublet_2433|bc18_1566_bc26_2624,Multiplet
doublet_2434|bc25_601_bc25_2936,bc25
doublet_2435|bc7_1189_bc26_2028,Multiplet
doublet_2436|bc22_7_bc26_1957,Multiplet
doublet_2437|bc10_632_bc25_2246,Multiplet
doublet_2438|bc2_325_bc25_73,bc25
doublet_2439|bc13_387_bc9_1557,Multiplet
doublet_2440|bc9_342_bc17_2331,Multiplet
doublet_2441|bc26_2635_bc21_822,Multiplet
doublet_2442|bc7_1128_bc17_839,Multiplet
doublet_2443|bc2_2711_bc16_1014,Multiplet
doublet_2444|bc25_2280_bc13_1142,Multiplet
doublet_2445|bc17_1119_bc2_1900,Multiplet
doublet_2446|bc24_2235_bc29_904,Multiplet
doublet_2447|bc10_615_bc12_1074,Multiplet
doublet_2448|bc19_305_bc15_45,Multiplet
doublet_2449|bc9_484_bc25_2940,Multiplet
doublet_2450|bc13_934_bc11_1063,Multiplet
doublet_2451|bc17_1413_bc24_2273,Multiplet
doublet_2452|bc26_895_bc30_1296,bc26
doublet_2453|bc25_953_bc20_291,Multiplet
doublet_2454|bc30_79_bc1_128,Multiplet
doublet_2455|bc6_333_bc9_1940,Multiplet
doublet_2456|bc24_1621_bc13_1060,Multiplet
doublet_2457|bc24_1040_bc18_1381,Multiplet
doublet_2458|bc25_592_bc25_3000,bc25
doublet_2459|bc8_621_bc26_770,Multiplet
doublet_2460|bc20_158_bc21_888,Multiplet
doublet_2461|bc9_1381_bc18_1022,Multiplet
doublet_2462|bc25_1827_bc8_1190,bc8
doublet_2463|bc9_1462_bc3_156,Multiplet
doublet_2464|bc29_81_bc8_203,Multiplet
doublet_2465|bc17_1534_bc26_2072,Multiplet
doublet_2466|bc26_846_bc16_684,Multiplet
doublet_2467|bc15_962_bc25_168,Multiplet
doublet_2468|bc27_51_bc26_338,Multiplet
doublet_2469|bc30_484_bc30_773,bc30
doublet_2470|bc20_1360_bc9_884,bc9
doublet_2471|bc10_51_bc16_483,Multiplet
doublet_2472|bc16_685_bc26_545,Multiplet
doublet_2473|bc14_393_bc2_1535,Multiplet
doublet_2474|bc12_487_bc23_209,Multiplet
doublet_2475|bc22_210_bc25_1426,Multiplet
doublet_2476|bc18_1348_bc25_2670,Multiplet
doublet_2477|bc17_1324_bc17_2406,bc17
doublet_2478|bc18_578_bc26_1822,Multiplet
doublet_2479|bc23_236_bc5_356,Multiplet
doublet_2480|bc2_1882_bc25_2121,Multiplet
doublet_2481|bc29_841_bc16_518,Multiplet
doublet_2482|bc25_1482_bc2_681,Multiplet
doublet_2483|bc16_87_bc2_1358,Multiplet
doublet_2484|bc29_123_bc9_1004,Multiplet
doublet_2485|bc9_507_bc9_804,bc9
doublet_2486|bc24_636_bc29_431,Multiplet
doublet_2487|bc8_1786_bc19_850,Multiplet
doublet_2488|bc7_1051_bc7_1102,bc7
doublet_2489|bc20_891_bc16_888,Multiplet
doublet_2490|bc7_307_bc19_43,bc19
doublet_2491|bc20_187_bc4_442,Multiplet
doublet_2492|bc2_2665_bc9_864,Multiplet
doublet_2493|bc26_1943_bc21_1243,Multiplet
doublet_2494|bc19_657_bc29_990,bc29
doublet_2495|bc17_546_bc16_1329,Multiplet
doublet_2496|bc24_2270_bc6_3,Multiplet
doublet_2497|bc26_1797_bc2_527,Multiplet
doublet_2498|bc26_1888_bc8_2243,Multiplet
doublet_2499|bc2_1819_bc9_1020,bc2
doublet_2500|bc13_428_bc12_741,Multiplet
doublet_2501|bc30_858_bc17_1349,Multiplet
doublet_2502|bc9_210_bc23_267,Multiplet
doublet_2503|bc19_855_bc1_423,Multiplet
doublet_2504|bc25_895_bc30_1367,Multiplet
doublet_2505|bc21_1071_bc17_2910,Multiplet
doublet_2506|bc29_723_bc17_214,Multiplet
doublet_2507|bc9_942_bc1_508,Multiplet
doublet_2508|bc29_311_bc18_1533,Multiplet
doublet_2509|bc30_824_bc13_435,Multiplet
doublet_2510|bc24_242_bc16_570,Multiplet
doublet_2511|bc21_24_bc20_1052,Multiplet
doublet_2512|bc16_385_bc16_574,bc16
doublet_2513|bc11_264_bc26_1373,Multiplet
doublet_2514|bc17_341_bc24_19,Multiplet
doublet_2515|bc17_1703_bc16_1132,Multiplet
doublet_2516|bc17_2796_bc16_752,Multiplet
doublet_2517|bc24_2462_bc2_345,Multiplet
doublet_2518|bc10_109_bc19_194,Multiplet
doublet_2519|bc25_1221_bc25_2696,bc25
doublet_2520|bc26_2618_bc20_128,Multiplet
doublet_2521|bc18_318_bc2_1934,Multiplet
doublet_2522|bc8_2345_bc21_585,Multiplet
doublet_2523|bc29_446_bc18_2005,Multiplet
doublet_2524|bc30_48_bc18_2142,Multiplet
doublet_2525|bc17_1860_bc28_30,Multiplet
doublet_2526|bc21_1099_bc2_976,Multiplet
doublet_2527|bc26_2258_bc17_543,Multiplet
doublet_2528|bc21_26_bc8_109,Multiplet
doublet_2529|bc17_1454_bc8_1946,Multiplet
doublet_2530|bc20_1409_bc3_10,Multiplet
doublet_2531|bc8_1705_bc2_951,Multiplet
doublet_2532|bc19_1_bc12_357,Multiplet
doublet_2533|bc13_813_bc26_1503,Multiplet
doublet_2534|bc4_103_bc8_1981,Multiplet
doublet_2535|bc18_1571_bc7_1057,Multiplet
doublet_2536|bc18_672_bc25_878,Multiplet
doublet_2537|bc28_444_bc5_155,Multiplet
doublet_2538|bc21_1288_bc21_850,bc21
doublet_2539|bc26_2600_bc21_1442,Multiplet
doublet_2540|bc17_1997_bc24_2261,Multiplet
doublet_2541|bc23_463_bc17_2281,Multiplet
doublet_2542|bc26_2051_bc16_798,Multiplet
doublet_2543|bc1_248_bc17_2176,Multiplet
doublet_2544|bc4_94_bc15_174,Multiplet
doublet_2545|bc21_1294_bc24_1736,Multiplet
doublet_2546|bc24_1871_bc26_12,Multiplet
doublet_2547|bc17_395_bc26_1250,Multiplet
doublet_2548|bc9_546_bc11_1030,Multiplet
doublet_2549|bc2_1955_bc2_181,bc2
doublet_2550|bc7_499_bc2_2354,Multiplet
doublet_2551|bc26_817_bc9_1444,Multiplet
doublet_2552|bc26_2993_bc2_1559,Multiplet
doublet_2553|bc4_314_bc25_936,Multiplet
doublet_2554|bc26_74_bc2_2211,Multiplet
doublet_2555|bc17_2002_bc2_1909,bc17
doublet_2556|bc25_2029_bc30_1222,Multiplet
doublet_2557|bc11_888_bc21_517,Multiplet
doublet_2558|bc30_1229_bc29_420,Multiplet
doublet_2559|bc6_355_bc13_336,Multiplet
doublet_2560|bc25_1336_bc21_1246,Multiplet
doublet_2561|bc2_1737_bc25_1924,Multiplet
doublet_2562|bc2_981_bc25_2904,bc25
doublet_2563|bc1_283_bc4_514,Multiplet
doublet_2564|bc23_238_bc24_708,Multiplet
doublet_2565|bc24_1754_bc2_1726,bc2
doublet_2566|bc8_785_bc24_95,Multiplet
doublet_2567|bc25_2738_bc8_2038,Multiplet
doublet_2568|bc8_856_bc28_503,Multiplet
doublet_2569|bc24_2365_bc13_364,Multiplet
doublet_2570|bc17_2104_bc17_2549,bc17
doublet_2571|bc26_1664_bc21_783,Multiplet
doublet_2572|bc26_1509_bc18_1176,Multiplet
doublet_2573|bc24_1337_bc9_254,Multiplet
doublet_2574|bc16_570_bc2_264,Multiplet
doublet_2575|bc3_276_bc12_803,Multiplet
doublet_2576|bc24_402_bc10_554,Multiplet
doublet_2577|bc26_221_bc21_620,Multiplet
doublet_2578|bc15_732_bc24_1463,Multiplet
doublet_2579|bc24_1328_bc2_127,bc24
doublet_2580|bc8_1296_bc10_553,Multiplet
doublet_2581|bc25_1178_bc4_639,Multiplet
doublet_2582|bc18_1988_bc11_259,Multiplet
doublet_2583|bc25_206_bc24_1881,Multiplet
doublet_2584|bc20_474_bc12_218,Multiplet
doublet_2585|bc19_525_bc30_1045,Multiplet
doublet_2586|bc6_135_bc21_1223,bc21
doublet_2587|bc26_439_bc12_25,Multiplet
doublet_2588|bc29_747_bc8_2084,Multiplet
doublet_2589|bc10_348_bc4_419,Multiplet
doublet_2590|bc30_651_bc13_1148,Multiplet
doublet_2591|bc9_1825_bc20_694,Multiplet
doublet_2592|bc25_660_bc7_255,Multiplet
doublet_2593|bc11_93_bc24_2328,Multiplet
doublet_2594|bc2_1152_bc17_531,Multiplet
doublet_2595|bc4_647_bc17_377,Multiplet
doublet_2596|bc26_626_bc2_1750,Multiplet
doublet_2597|bc26_2430_bc8_1853,Multiplet
doublet_2598|bc17_425_bc14_604,Multiplet
doublet_2599|bc13_1124_bc12_1145,Multiplet
doublet_2600|bc18_599_bc4_196,Multiplet
doublet_2601|bc25_883_bc11_338,Multiplet
doublet_2602|bc24_531_bc19_844,Multiplet
doublet_2603|bc13_608_bc26_2239,bc26
doublet_2604|bc12_126_bc29_934,Multiplet
doublet_2605|bc18_1107_bc26_773,Multiplet
doublet_2606|bc25_117_bc30_354,Multiplet
doublet_2607|bc25_732_bc25_1467,bc25
doublet_2608|bc7_1139_bc2_2515,Multiplet
doublet_2609|bc20_699_bc16_1035,Multiplet
doublet_2610|bc19_573_bc8_1645,Multiplet
doublet_2611|bc28_392_bc17_28,bc28
doublet_2612|bc9_1572_bc9_60,bc9
doublet_2613|bc9_2002_bc17_755,Multiplet
doublet_2614|bc7_300_bc21_555,Multiplet
doublet_2615|bc15_145_bc22_239,Multiplet
doublet_2616|bc2_1531_bc14_36,Multiplet
doublet_2617|bc18_2131_bc25_867,Multiplet
doublet_2618|bc14_534_bc13_997,bc13
doublet_2619|bc17_2960_bc17_2404,bc17
doublet_2620|bc21_498_bc8_359,Multiplet
doublet_2621|bc10_322_bc7_347,Multiplet
doublet_2622|bc19_512_bc25_519,Multiplet
doublet_2623|bc16_1039_bc20_1551,Multiplet
doublet_2624|bc8_1455_bc19_903,Multiplet
doublet_2625|bc29_275_bc21_1108,Multiplet
doublet_2626|bc4_650_bc6_89,Multiplet
doublet_2627|bc2_1835_bc17_2699,Multiplet
doublet_2628|bc25_1653_bc24_2082,Multiplet
doublet_2629|bc18_1951_bc26_398,Multiplet
doublet_2630|bc20_194_bc17_2511,Multiplet
doublet_2631|bc20_737_bc7_581,Multiplet
doublet_2632|bc19_342_bc11_955,Multiplet
doublet_2633|bc21_87_bc30_1065,Multiplet
doublet_2634|bc29_792_bc17_2046,Multiplet
doublet_2635|bc6_317_bc30_507,Multiplet
doublet_2636|bc8_278_bc21_1398,Multiplet
doublet_2637|bc24_216_bc20_374,bc24
doublet_2638|bc17_888_bc26_1652,bc26
doublet_2639|bc24_1759_bc24_1261,bc24
doublet_2640|bc15_717_bc17_2159,Multiplet
doublet_2641|bc26_1385_bc7_1234,Multiplet
doublet_2642|bc14_502_bc8_934,Multiplet
doublet_2643|bc24_2385_bc18_1614,Multiplet
doublet_2644|bc17_38_bc7_813,Multiplet
doublet_2645|bc26_2188_bc2_2184,Multiplet
doublet_2646|bc25_1471_bc2_377,Multiplet
doublet_2647|bc2_1325_bc20_3,Multiplet
doublet_2648|bc24_2134_bc20_464,bc20
doublet_2649|bc10_162_bc16_180,Multiplet
doublet_2650|bc2_2201_bc18_1578,Multiplet
doublet_2651|bc18_1245_bc9_1626,Multiplet
doublet_2652|bc24_1633_bc2_1673,Multiplet
doublet_2653|bc8_1441_bc20_570,Multiplet
doublet_2654|bc24_250_bc2_2382,Multiplet
doublet_2655|bc17_656_bc8_595,Multiplet
doublet_2656|bc5_22_bc11_18,Multiplet
doublet_2657|bc5_261_bc25_469,Multiplet
doublet_2658|bc25_1685_bc12_955,bc25
doublet_2659|bc2_922_bc18_1421,Multiplet
doublet_2660|bc24_1380_bc17_920,Multiplet
doublet_2661|bc11_10_bc8_1667,Multiplet
doublet_2662|bc9_1501_bc24_1384,Multiplet
doublet_2663|bc25_2028_bc9_2006,Multiplet
doublet_2664|bc16_822_bc8_2225,Multiplet
doublet_2665|bc17_2837_bc21_579,Multiplet
doublet_2666|bc17_4_bc7_49,Multiplet
doublet_2667|bc9_257_bc21_738,Multiplet
doublet_2668|bc24_583_bc27_55,Multiplet
doublet_2669|bc25_757_bc12_950,Multiplet
doublet_2670|bc24_1555_bc4_97,Multiplet
doublet_2671|bc30_1066_bc24_406,Multiplet
doublet_2672|bc2_1087_bc27_45,Multiplet
doublet_2673|bc8_2212_bc19_116,Multiplet
doublet_2674|bc8_2106_bc25_969,Multiplet
doublet_2675|bc30_1517_bc24_80,Multiplet
doublet_2676|bc16_563_bc11_598,Multiplet
doublet_2677|bc21_1245_bc4_616,Multiplet
doublet_2678|bc17_2324_bc13_310,Multiplet
doublet_2679|bc26_1515_bc18_628,Multiplet
doublet_2680|bc8_2048_bc2_933,Multiplet
doublet_2681|bc26_2463_bc17_2156,Multiplet
doublet_2682|bc18_1379_bc29_567,Multiplet
doublet_2683|bc4_562_bc4_560,bc4
doublet_2684|bc9_1317_bc7_1013,Multiplet
doublet_2685|bc21_1419_bc26_348,Multiplet
doublet_2686|bc30_1331_bc12_144,Multiplet
doublet_2687|bc13_613_bc13_516,bc13
doublet_2688|bc8_472_bc24_2343,Multiplet
doublet_2689|bc8_1301_bc14_48,Multiplet
doublet_2690|bc30_1403_bc17_1306,Multiplet
doublet_2691|bc30_854_bc30_235,bc30
doublet_2692|bc26_1148_bc13_72,Multiplet
doublet_2693|bc26_2555_bc24_263,Multiplet
doublet_2694|bc8_925_bc18_272,Multiplet
doublet_2695|bc9_1766_bc16_240,Multiplet
doublet_2696|bc2_667_bc7_126,Multiplet
doublet_2697|bc9_1778_bc17_2802,Multiplet
doublet_2698|bc25_427_bc5_282,bc5
doublet_2699|bc18_47_bc12_319,Multiplet
doublet_2700|bc26_1113_bc13_607,Multiplet
doublet_2701|bc25_1705_bc10_598,Multiplet
doublet_2702|bc8_2254_bc21_632,Multiplet
doublet_2703|bc8_1073_bc29_794,Multiplet
doublet_2704|bc24_862_bc14_68,Multiplet
doublet_2705|bc18_1123_bc6_485,Multiplet
doublet_2706|bc2_1128_bc28_406,Multiplet
doublet_2707|bc24_1547_bc25_2460,Multiplet
doublet_2708|bc25_196_bc9_1480,Multiplet
doublet_2709|bc30_718_bc3_220,Multiplet
doublet_2710|bc16_1193_bc17_2798,Multiplet
doublet_2711|bc25_1350_bc13_1153,Multiplet
doublet_2712|bc7_149_bc9_379,Multiplet
doublet_2713|bc17_1568_bc26_2987,Multiplet
doublet_2714|bc11_836_bc24_196,Multiplet
doublet_2715|bc20_633_bc6_98,Multiplet
doublet_2716|bc25_2756_bc8_2287,Multiplet
doublet_2717|bc12_1026_bc13_687,bc13
doublet_2718|bc28_4_bc5_147,Multiplet
doublet_2719|bc9_1843_bc9_120,bc9
doublet_2720|bc9_572_bc23_171,Multiplet
doublet_2721|bc18_665_bc25_2159,bc18
doublet_2722|bc9_1297_bc25_2040,Multiplet
doublet_2723|bc2_1478_bc11_1034,bc11
doublet_2724|bc7_77_bc15_543,Multiplet
doublet_2725|bc30_1508_bc17_2335,Multiplet
doublet_2726|bc17_1865_bc8_1226,Multiplet
doublet_2727|bc25_66_bc20_1517,Multiplet
doublet_2728|bc26_1596_bc15_191,Multiplet
doublet_2729|bc9_312_bc2_25,Multiplet
doublet_2730|bc19_308_bc28_83,Multiplet
doublet_2731|bc11_1051_bc16_865,Multiplet
doublet_2732|bc13_589_bc25_2,Multiplet
doublet_2733|bc30_434_bc21_173,Multiplet
doublet_2734|bc8_541_bc17_2177,Multiplet
doublet_2735|bc4_499_bc2_346,Multiplet
doublet_2736|bc6_353_bc29_95,Multiplet
doublet_2737|bc3_187_bc12_976,Multiplet
doublet_2738|bc20_403_bc11_872,Multiplet
doublet_2739|bc13_569_bc19_177,Multiplet
doublet_2740|bc7_387_bc17_2078,Multiplet
doublet_2741|bc12_810_bc20_767,Multiplet
doublet_2742|bc9_1485_bc18_1986,Multiplet
doublet_2743|bc15_573_bc15_728,bc15
doublet_2744|bc21_267_bc8_1999,bc8
doublet_2745|bc8_589_bc8_1209,bc8
doublet_2746|bc15_315_bc16_168,Multiplet
doublet_2747|bc2_2098_bc24_659,Multiplet
doublet_2748|bc8_1481_bc10_273,Multiplet
doublet_2749|bc2_1731_bc18_2074,Multiplet
doublet_2750|bc29_536_bc10_76,Multiplet
doublet_2751|bc26_1784_bc21_491,Multiplet
doublet_2752|bc25_632_bc21_800,Multiplet
doublet_2753|bc14_538_bc28_72,Multiplet
doublet_2754|bc19_803_bc7_225,Multiplet
doublet_2755|bc19_1065_bc8_37,Multiplet
doublet_2756|bc24_970_bc22_220,Multiplet
doublet_2757|bc11_265_bc8_672,Multiplet
doublet_2758|bc16_19_bc25_2003,Multiplet
doublet_2759|bc2_1059_bc24_1179,Multiplet
doublet_2760|bc13_875_bc5_45,Multiplet
doublet_2761|bc11_426_bc17_1728,Multiplet
doublet_2762|bc13_846_bc11_408,Multiplet
doublet_2763|bc2_1509_bc14_275,bc2
doublet_2764|bc2_945_bc25_1103,Multiplet
doublet_2765|bc30_1506_bc18_703,Multiplet
doublet_2766|bc2_477_bc13_581,Multiplet
doublet_2767|bc12_145_bc25_1872,Multiplet
doublet_2768|bc25_906_bc8_853,Multiplet
doublet_2769|bc26_1980_bc29_974,Multiplet
doublet_2770|bc19_296_bc8_1648,Multiplet
doublet_2771|bc13_1043_bc15_155,Multiplet
doublet_2772|bc24_2262_bc17_582,Multiplet
doublet_2773|bc25_68_bc2_1466,Multiplet
doublet_2774|bc25_898_bc20_95,bc25
doublet_2775|bc9_1680_bc8_830,Multiplet
doublet_2776|bc7_239_bc20_394,Multiplet
doublet_2777|bc17_2544_bc4_88,Multiplet
doublet_2778|bc13_361_bc26_704,Multiplet
doublet_2779|bc8_1241_bc20_336,Multiplet
doublet_2780|bc8_241_bc24_2076,Multiplet
doublet_2781|bc25_25_bc15_751,Multiplet
doublet_2782|bc3_190_bc18_2131,Multiplet
doublet_2783|bc14_605_bc18_1116,Multiplet
doublet_2784|bc23_325_bc18_517,Multiplet
doublet_2785|bc10_198_bc30_401,Multiplet
doublet_2786|bc24_1809_bc19_611,bc24
doublet_2787|bc26_1981_bc2_1797,Multiplet
doublet_2788|bc8_1043_bc17_759,Multiplet
doublet_2789|bc2_1652_bc2_275,bc2
doublet_2790|bc12_471_bc24_1909,Multiplet
doublet_2791|bc28_407_bc25_2671,Multiplet
doublet_2792|bc11_682_bc19_212,Multiplet
doublet_2793|bc8_1390_bc21_1252,Multiplet
doublet_2794|bc26_2934_bc19_804,Multiplet
doublet_2795|bc8_430_bc26_2594,Multiplet
doublet_2796|bc17_1484_bc13_801,Multiplet
doublet_2797|bc8_2029_bc17_1795,bc8
doublet_2798|bc15_866_bc2_753,Multiplet
doublet_2799|bc8_1063_bc15_823,Multiplet
doublet_2800|bc2_1566_bc13_985,Multiplet
doublet_2801|bc13_391_bc2_390,Multiplet
doublet_2802|bc11_1127_bc8_2296,Multiplet
doublet_2803|bc30_602_bc30_1341,bc30
doublet_2804|bc25_1620_bc19_154,Multiplet
doublet_2805|bc2_1339_bc25_281,Multiplet
doublet_2806|bc23_312_bc25_2795,Multiplet
doublet_2807|bc24_1418_bc12_739,Multiplet
doublet_2808|bc2_1905_bc16_660,Multiplet
doublet_2809|bc8_1588_bc9_582,Multiplet
doublet_2810|bc16_1291_bc17_514,Multiplet
doublet_2811|bc10_233_bc29_602,Multiplet
doublet_2812|bc16_208_bc16_1368,bc16
doublet_2813|bc8_2090_bc12_871,Multiplet
doublet_2814|bc26_2893_bc25_2046,bc26
doublet_2815|bc3_233_bc19_894,Multiplet
doublet_2816|bc8_2073_bc21_30,Multiplet
doublet_2817|bc25_1732_bc26_439,Multiplet
doublet_2818|bc7_1133_bc17_2302,Multiplet
doublet_2819|bc18_1287_bc18_317,bc18
doublet_2820|bc7_1125_bc30_1440,Multiplet
doublet_2821|bc21_796_bc29_896,Multiplet
doublet_2822|bc13_894_bc6_472,Multiplet
doublet_2823|bc18_1412_bc9_1467,Multiplet
doublet_2824|bc2_1313_bc2_870,bc2
doublet_2825|bc22_43_bc13_117,Multiplet
doublet_2826|bc2_405_bc15_884,Multiplet
doublet_2827|bc26_2247_bc12_698,Multiplet
doublet_2828|bc26_863_bc9_114,Multiplet
doublet_2829|bc12_1_bc11_723,Multiplet
doublet_2830|bc7_1140_bc26_1892,Multiplet
doublet_2831|bc17_971_bc13_556,Multiplet
doublet_2832|bc24_1769_bc25_1729,Multiplet
doublet_2833|bc17_1982_bc26_2339,Multiplet
doublet_2834|bc28_145_bc12_112,Multiplet
doublet_2835|bc25_2920_bc2_2402,Multiplet
doublet_2836|bc25_2840_bc26_2283,Multiplet
doublet_2837|bc4_397_bc25_154,Multiplet
doublet_2838|bc24_1184_bc20_699,Multiplet
doublet_2839|bc8_802_bc23_282,Multiplet
doublet_2840|bc8_235_bc8_2093,bc8
doublet_2841|bc1_501_bc17_991,Multiplet
doublet_2842|bc25_2518_bc19_238,Multiplet
doublet_2843|bc8_1673_bc28_275,Multiplet
doublet_2844|bc7_975_bc2_2423,Multiplet
doublet_2845|bc13_1038_bc9_686,Multiplet
doublet_2846|bc7_1037_bc26_2862,Multiplet
doublet_2847|bc17_2416_bc20_1056,Multiplet
doublet_2848|bc11_803_bc8_1849,Multiplet
doublet_2849|bc21_581_bc18_1253,Multiplet
doublet_2850|bc15_383_bc29_1009,bc29
doublet_2851|bc17_597_bc17_634,bc17
doublet_2852|bc30_1386_bc20_805,Multiplet
doublet_2853|bc14_327_bc8_1479,bc8
doublet_2854|bc29_679_bc26_2964,Multiplet
doublet_2855|bc9_1068_bc26_2919,Multiplet
doublet_2856|bc5_376_bc29_104,Multiplet
doublet_2857|bc17_1618_bc7_1210,Multiplet
doublet_2858|bc22_140_bc9_1816,Multiplet
doublet_2859|bc30_685_bc24_1657,Multiplet
doublet_2860|bc26_2743_bc18_640,bc26
doublet_2861|bc24_990_bc4_624,Multiplet
doublet_2862|bc26_1156_bc18_59,Multiplet
doublet_2863|bc17_636_bc30_54,Multiplet
doublet_2864|bc16_217_bc30_323,Multiplet
doublet_2865|bc13_500_bc18_194,Multiplet
doublet_2866|bc10_122_bc6_330,Multiplet
doublet_2867|bc9_1623_bc25_628,Multiplet
doublet_2868|bc19_93_bc11_861,Multiplet
doublet_2869|bc20_108_bc25_1291,Multiplet
doublet_2870|bc30_523_bc24_2361,Multiplet
doublet_2871|bc2_787_bc2_984,bc2
doublet_2872|bc30_1169_bc11_1004,Multiplet
doublet_2873|bc8_85_bc29_753,Multiplet
doublet_2874|bc15_122_bc2_2397,Multiplet
doublet_2875|bc9_1461_bc19_119,Multiplet
doublet_2876|bc24_678_bc19_22,Multiplet
doublet_2877|bc1_250_bc16_538,Multiplet
doublet_2878|bc9_1584_bc5_65,Multiplet
doublet_2879|bc20_593_bc9_394,Multiplet
doublet_2880|bc16_1406_bc21_732,Multiplet
doublet_2881|bc24_1201_bc24_825,bc24
doublet_2882|bc20_1548_bc12_1089,Multiplet
doublet_2883|bc26_2877_bc24_1134,Multiplet
doublet_2884|bc3_245_bc16_1131,Multiplet
doublet_2885|bc7_793_bc12_673,Multiplet
doublet_2886|bc18_1206_bc29_976,Multiplet
doublet_2887|bc28_121_bc13_233,Multiplet
doublet_2888|bc4_636_bc8_1128,Multiplet
doublet_2889|bc17_2181_bc9_1917,Multiplet
doublet_2890|bc25_1447_bc8_947,Multiplet
doublet_2891|bc18_393_bc24_2040,bc24
doublet_2892|bc17_628_bc1_188,Multiplet
doublet_2893|bc25_2577_bc19_1006,Multiplet
doublet_2894|bc26_300_bc16_972,Multiplet
doublet_2895|bc26_1870_bc13_110,Multiplet
doublet_2896|bc24_471_bc25_1987,Multiplet
doublet_2897|bc22_227_bc21_69,Multiplet
doublet_2898|bc2_169_bc17_157,Multiplet
doublet_2899|bc25_2099_bc14_102,bc25
doublet_2900|bc24_770_bc17_1364,Multiplet
doublet_2901|bc18_29_bc17_663,Multiplet
doublet_2902|bc13_1097_bc26_1309,Multiplet
doublet_2903|bc17_2521_bc25_1002,Multiplet
doublet_2904|bc2_291_bc28_408,bc28
doublet_2905|bc2_409_bc25_1703,Multiplet
doublet_2906|bc29_826_bc16_1356,bc29
doublet_2907|bc25_140_bc24_854,Multiplet
doublet_2908|bc19_419_bc26_592,Multiplet
doublet_2909|bc20_1471_bc30_723,Multiplet
doublet_2910|bc17_2771_bc12_210,Multiplet
doublet_2911|bc25_2607_bc9_225,Multiplet
doublet_2912|bc26_66_bc11_874,Multiplet
doublet_2913|bc1_124_bc17_1246,Multiplet
doublet_2914|bc19_100_bc17_717,Multiplet
doublet_2915|bc7_287_bc17_406,Multiplet
doublet_2916|bc6_193_bc30_1293,Multiplet
doublet_2917|bc10_342_bc13_1176,Multiplet
doublet_2918|bc25_2056_bc4_136,Multiplet
doublet_2919|bc5_285_bc30_213,Multiplet
doublet_2920|bc8_1603_bc8_25,bc8
doublet_2921|bc17_737_bc24_1454,bc17
doublet_2922|bc8_1541_bc2_2075,Multiplet
doublet_2923|bc27_12_bc2_875,Multiplet
doublet_2924|bc8_1743_bc6_125,Multiplet
doublet_2925|bc16_648_bc1_219,Multiplet
doublet_2926|bc16_673_bc17_275,Multiplet
doublet_2927|bc9_1273_bc26_1701,Multiplet
doublet_2928|bc2_916_bc7_136,Multiplet
doublet_2929|bc20_487_bc2_2057,Multiplet
doublet_2930|bc8_1622_bc9_1711,Multiplet
doublet_2931|bc13_170_bc25_1257,Multiplet
doublet_2932|bc17_789_bc25_2139,Multiplet
doublet_2933|bc2_2251_bc29_711,Multiplet
doublet_2934|bc2_1297_bc20_1128,Multiplet
doublet_2935|bc25_2230_bc2_219,Multiplet
doublet_2936|bc13_961_bc4_541,Multiplet
doublet_2937|bc15_19_bc17_272,Multiplet
doublet_2938|bc9_1661_bc25_275,Multiplet
doublet_2939|bc7_1263_bc4_564,Multiplet
doublet_2940|bc18_1159_bc12_726,Multiplet
doublet_2941|bc24_2026_bc7_251,Multiplet
doublet_2942|bc25_1638_bc17_125,Multiplet
doublet_2943|bc19_465_bc30_1125,bc30
doublet_2944|bc26_1278_bc20_649,Multiplet
doublet_2945|bc26_2941_bc12_944,Multiplet
doublet_2946|bc18_237_bc17_2789,bc17
doublet_2947|bc28_358_bc4_593,Multiplet
doublet_2948|bc25_2889_bc26_922,Multiplet
doublet_2949|bc25_618_bc8_344,Multiplet
doublet_2950|bc14_539_bc26_1733,Multiplet
doublet_2951|bc24_517_bc18_835,Multiplet
doublet_2952|bc30_113_bc24_1712,Multiplet
doublet_2953|bc9_1355_bc15_492,Multiplet
doublet_2954|bc29_349_bc2_1326,Multiplet
doublet_2955|bc9_1169_bc20_340,Multiplet
doublet_2956|bc9_1511_bc25_2270,Multiplet
doublet_2957|bc20_1073_bc2_2478,Multiplet
doublet_2958|bc26_155_bc2_2509,Multiplet
doublet_2959|bc25_1049_bc15_442,Multiplet
doublet_2960|bc7_1165_bc26_1826,Multiplet
doublet_2961|bc17_1828_bc26_562,Multiplet
doublet_2962|bc7_667_bc8_762,Multiplet
doublet_2963|bc19_508_bc2_1913,bc19
doublet_2964|bc20_1522_bc14_404,Multiplet
doublet_2965|bc14_389_bc24_750,Multiplet
doublet_2966|bc13_159_bc22_124,Multiplet
doublet_2967|bc17_1091_bc25_1130,Multiplet
doublet_2968|bc25_2355_bc9_1376,Multiplet
doublet_2969|bc9_1875_bc13_473,Multiplet
doublet_2970|bc24_1795_bc21_49,Multiplet
doublet_2971|bc9_1271_bc21_1169,Multiplet
doublet_2972|bc11_1001_bc9_715,Multiplet
doublet_2973|bc10_636_bc17_490,Multiplet
doublet_2974|bc18_96_bc17_2735,Multiplet
doublet_2975|bc21_357_bc16_816,Multiplet
doublet_2976|bc25_903_bc11_351,Multiplet
doublet_2977|bc15_226_bc25_1782,Multiplet
doublet_2978|bc7_150_bc30_1325,Multiplet
doublet_2979|bc2_2723_bc18_528,Multiplet
doublet_2980|bc30_1004_bc17_1712,Multiplet
doublet_2981|bc30_1045_bc28_254,Multiplet
doublet_2982|bc20_383_bc17_1077,Multiplet
doublet_2983|bc25_516_bc9_1900,Multiplet
doublet_2984|bc8_1476_bc25_1436,Multiplet
doublet_2985|bc20_1111_bc2_102,Multiplet
doublet_2986|bc13_241_bc29_137,Multiplet
doublet_2987|bc24_2196_bc14_530,Multiplet
doublet_2988|bc21_856_bc13_242,Multiplet
doublet_2989|bc25_2472_bc30_1303,Multiplet
doublet_2990|bc16_657_bc21_1461,Multiplet
doublet_2991|bc2_1126_bc13_453,bc13
doublet_2992|bc11_640_bc17_2237,Multiplet
doublet_2993|bc14_591_bc3_100,Multiplet
doublet_2994|bc8_1065_bc18_917,bc8
doublet_2995|bc2_2519_bc26_2459,Multiplet
doublet_2996|bc28_165_bc26_2133,Multiplet
doublet_2997|bc30_938_bc25_748,Multiplet
doublet_2998|bc16_1410_bc26_73,Multiplet
doublet_2999|bc26_2782_bc23_78,Multiplet
doublet_3000|bc20_1535_bc3_240,Multiplet
doublet_3001|bc12_511_bc26_1412,Multiplet
doublet_3002|bc15_327_bc17_87,Multiplet
doublet_3003|bc18_1484_bc9_1643,Multiplet
doublet_3004|bc28_305_bc29_185,Multiplet
doublet_3005|bc7_742_bc29_797,Multiplet
doublet_3006|bc8_145_bc7_1177,Multiplet
doublet_3007|bc15_730_bc17_1167,Multiplet
doublet_3008|bc10_561_bc18_758,Multiplet
doublet_3009|bc23_453_bc25_1383,Multiplet
doublet_3010|bc26_2832_bc17_1369,bc17
doublet_3011|bc23_180_bc19_533,Multiplet
doublet_3012|bc20_276_bc7_497,Multiplet
doublet_3013|bc13_719_bc28_308,Multiplet
doublet_3014|bc18_1865_bc3_117,Multiplet
doublet_3015|bc15_782_bc25_2942,Multiplet
doublet_3016|bc28_136_bc26_703,Multiplet
doublet_3017|bc4_515_bc12_939,Multiplet
doublet_3018|bc19_231_bc24_927,Multiplet
doublet_3019|bc1_512_bc8_1539,Multiplet
doublet_3020|bc20_281_bc26_2529,Multiplet
doublet_3021|bc18_1839_bc24_2355,Multiplet
doublet_3022|bc18_1248_bc4_723,bc18
doublet_3023|bc8_1788_bc19_227,Multiplet
doublet_3024|bc15_838_bc11_595,Multiplet
doublet_3025|bc17_2807_bc26_1341,Multiplet
doublet_3026|bc24_2123_bc20_1140,bc24
doublet_3027|bc22_233_bc8_886,bc22
doublet_3028|bc26_2246_bc19_491,Multiplet
doublet_3029|bc24_163_bc17_1894,bc17
doublet_3030|bc20_1560_bc25_165,Multiplet
doublet_3031|bc12_499_bc22_156,Multiplet
doublet_3032|bc13_916_bc2_2436,Multiplet
doublet_3033|bc7_113_bc8_2284,Multiplet
doublet_3034|bc21_287_bc19_1038,Multiplet
doublet_3035|bc21_868_bc17_803,Multiplet
doublet_3036|bc12_691_bc26_1336,Multiplet
doublet_3037|bc13_896_bc30_1112,Multiplet
doublet_3038|bc30_696_bc20_1181,Multiplet
doublet_3039|bc26_2435_bc10_165,bc26
doublet_3040|bc25_1642_bc15_102,Multiplet
doublet_3041|bc17_385_bc17_1380,bc17
doublet_3042|bc29_955_bc25_2236,Multiplet
doublet_3043|bc17_2366_bc8_579,Multiplet
doublet_3044|bc30_1132_bc12_856,Multiplet
doublet_3045|bc1_329_bc15_780,Multiplet
doublet_3046|bc9_529_bc11_554,Multiplet
doublet_3047|bc9_362_bc9_789,bc9
doublet_3048|bc17_2763_bc10_182,Multiplet
doublet_3049|bc15_189_bc13_429,Multiplet
doublet_3050|bc14_315_bc30_1064,Multiplet
doublet_3051|bc25_1666_bc20_651,Multiplet
doublet_3052|bc20_393_bc23_464,Multiplet
doublet_3053|bc28_115_bc16_1145,Multiplet
doublet_3054|bc13_1110_bc17_817,Multiplet
doublet_3055|bc18_618_bc20_99,Multiplet
doublet_3056|bc16_789_bc30_351,Multiplet
doublet_3057|bc29_487_bc13_736,Multiplet
doublet_3058|bc28_212_bc24_1348,Multiplet
doublet_3059|bc14_11_bc19_904,Multiplet
doublet_3060|bc29_326_bc18_708,bc18
doublet_3061|bc26_1269_bc9_1012,bc9
doublet_3062|bc30_693_bc12_32,Multiplet
doublet_3063|bc19_387_bc25_1097,Multiplet
doublet_3064|bc16_890_bc16_967,bc16
doublet_3065|bc12_1071_bc26_2985,Multiplet
doublet_3066|bc18_737_bc16_558,Multiplet
doublet_3067|bc8_2333_bc18_929,Multiplet
doublet_3068|bc24_108_bc25_671,Multiplet
doublet_3069|bc21_312_bc17_886,Multiplet
doublet_3070|bc13_413_bc19_291,Multiplet
doublet_3071|bc17_2570_bc25_1237,Multiplet
doublet_3072|bc11_874_bc9_1244,Multiplet
doublet_3073|bc17_1700_bc20_299,Multiplet
doublet_3074|bc11_925_bc23_42,Multiplet
doublet_3075|bc9_350_bc13_723,Multiplet
doublet_3076|bc25_2991_bc8_170,Multiplet
doublet_3077|bc13_2_bc26_2108,Multiplet
doublet_3078|bc28_180_bc8_739,Multiplet
doublet_3079|bc26_231_bc2_1033,Multiplet
doublet_3080|bc20_30_bc7_1247,bc20
doublet_3081|bc12_22_bc28_448,Multiplet
doublet_3082|bc26_762_bc17_1958,Multiplet
doublet_3083|bc8_480_bc8_1324,bc8
doublet_3084|bc9_1606_bc13_834,Multiplet
doublet_3085|bc13_708_bc21_328,bc13
doublet_3086|bc4_443_bc4_86,bc4
doublet_3087|bc28_28_bc15_567,Multiplet
doublet_3088|bc16_1294_bc19_608,Multiplet
doublet_3089|bc26_1243_bc2_854,Multiplet
doublet_3090|bc9_23_bc14_565,Multiplet
doublet_3091|bc24_2095_bc8_77,Multiplet
doublet_3092|bc10_421_bc21_78,Multiplet
doublet_3093|bc6_419_bc24_241,Multiplet
doublet_3094|bc27_22_bc2_99,Multiplet
doublet_3095|bc7_1145_bc13_832,Multiplet
doublet_3096|bc26_2417_bc19_201,Multiplet
doublet_3097|bc18_2066_bc20_1458,bc20
doublet_3098|bc16_465_bc2_2441,Multiplet
doublet_3099|bc2_1303_bc1_484,Multiplet
doublet_3100|bc19_513_bc8_1424,Multiplet
doublet_3101|bc20_1275_bc9_1093,Multiplet
doublet_3102|bc7_1253_bc30_391,Multiplet
doublet_3103|bc24_741_bc15_133,Multiplet
doublet_3104|bc7_101_bc29_765,Multiplet
doublet_3105|bc24_2246_bc25_1630,Multiplet
doublet_3106|bc15_342_bc9_855,Multiplet
doublet_3107|bc6_446_bc16_1390,Multiplet
doublet_3108|bc8_644_bc18_1575,Multiplet
doublet_3109|bc7_710_bc6_348,Multiplet
doublet_3110|bc3_70_bc14_562,Multiplet
doublet_3111|bc17_765_bc9_439,Multiplet
doublet_3112|bc15_360_bc2_695,Multiplet
doublet_3113|bc20_1496_bc15_99,Multiplet
doublet_3114|bc28_493_bc17_2625,Multiplet
doublet_3115|bc11_825_bc2_1504,Multiplet
doublet_3116|bc2_594_bc20_1406,Multiplet
doublet_3117|bc9_1692_bc23_108,bc23
doublet_3118|bc7_267_bc18_237,Multiplet
doublet_3119|bc2_2633_bc20_1526,Multiplet
doublet_3120|bc25_509_bc13_806,Multiplet
doublet_3121|bc4_240_bc24_1088,Multiplet
doublet_3122|bc17_2123_bc24_27,Multiplet
doublet_3123|bc6_89_bc21_1279,Multiplet
doublet_3124|bc18_1694_bc6_6,Multiplet
doublet_3125|bc9_1677_bc16_1192,Multiplet
doublet_3126|bc13_803_bc4_239,Multiplet
doublet_3127|bc20_797_bc23_482,Multiplet
doublet_3128|bc14_246_bc8_1496,Multiplet
doublet_3129|bc24_1786_bc17_999,Multiplet
doublet_3130|bc8_2137_bc4_107,Multiplet
doublet_3131|bc18_842_bc13_68,Multiplet
doublet_3132|bc11_880_bc5_186,Multiplet
doublet_3133|bc26_2225_bc29_867,Multiplet
doublet_3134|bc20_881_bc7_201,Multiplet
doublet_3135|bc6_372_bc8_2231,Multiplet
doublet_3136|bc12_630_bc21_1448,Multiplet
doublet_3137|bc15_337_bc9_1479,Multiplet
doublet_3138|bc25_2353_bc26_4,Multiplet
doublet_3139|bc2_1464_bc26_2179,Multiplet
doublet_3140|bc15_523_bc11_7,Multiplet
doublet_3141|bc14_188_bc24_1599,Multiplet
doublet_3142|bc19_451_bc14_609,Multiplet
doublet_3143|bc18_487_bc29_152,Multiplet
doublet_3144|bc20_626_bc11_248,Multiplet
doublet_3145|bc18_314_bc5_358,Multiplet
doublet_3146|bc26_130_bc11_370,Multiplet
doublet_3147|bc2_2232_bc21_1153,Multiplet
doublet_3148|bc9_367_bc9_516,bc9
doublet_3149|bc9_2021_bc2_536,Multiplet
doublet_3150|bc7_599_bc26_808,Multiplet
doublet_3151|bc26_723_bc20_1319,Multiplet
doublet_3152|bc25_514_bc19_415,Multiplet
doublet_3153|bc24_1855_bc26_970,Multiplet
doublet_3154|bc26_556_bc17_997,Multiplet
doublet_3155|bc27_90_bc25_2020,Multiplet
doublet_3156|bc12_393_bc2_1477,Multiplet
doublet_3157|bc9_1335_bc9_1043,bc9
doublet_3158|bc12_399_bc11_1121,Multiplet
doublet_3159|bc8_17_bc2_707,Multiplet
doublet_3160|bc25_1777_bc18_1734,Multiplet
doublet_3161|bc8_755_bc8_193,bc8
doublet_3162|bc18_245_bc25_399,Multiplet
doublet_3163|bc21_528_bc20_1580,Multiplet
doublet_3164|bc20_558_bc2_1547,Multiplet
doublet_3165|bc10_399_bc9_1982,Multiplet
doublet_3166|bc4_686_bc7_369,Multiplet
doublet_3167|bc8_1695_bc2_1792,Multiplet
doublet_3168|bc18_670_bc26_818,Multiplet
doublet_3169|bc30_610_bc16_1100,Multiplet
doublet_3170|bc26_1951_bc19_454,Multiplet
doublet_3171|bc18_1171_bc20_466,Multiplet
doublet_3172|bc26_1223_bc29_305,Multiplet
doublet_3173|bc25_37_bc26_2625,Multiplet
doublet_3174|bc30_1028_bc23_365,Multiplet
doublet_3175|bc20_1309_bc6_487,Multiplet
doublet_3176|bc25_1035_bc19_378,Multiplet
doublet_3177|bc26_1555_bc8_59,Multiplet
doublet_3178|bc8_220_bc7_157,Multiplet
doublet_3179|bc11_954_bc24_770,Multiplet
doublet_3180|bc4_119_bc10_67,bc10
doublet_3181|bc24_1072_bc4_561,Multiplet
doublet_3182|bc8_393_bc2_20,Multiplet
doublet_3183|bc11_1166_bc11_840,bc11
doublet_3184|bc8_1827_bc25_1313,bc25
doublet_3185|bc30_1318_bc7_377,Multiplet
doublet_3186|bc17_623_bc30_549,Multiplet
doublet_3187|bc20_389_bc9_411,Multiplet
doublet_3188|bc8_1478_bc26_514,Multiplet
doublet_3189|bc1_425_bc11_267,Multiplet
doublet_3190|bc21_866_bc27_57,Multiplet
doublet_3191|bc13_437_bc26_1578,Multiplet
doublet_3192|bc19_744_bc26_1076,Multiplet
doublet_3193|bc9_1541_bc8_1736,Multiplet
doublet_3194|bc26_1936_bc11_670,Multiplet
doublet_3195|bc17_60_bc17_2882,bc17
doublet_3196|bc17_568_bc20_1019,Multiplet
doublet_3197|bc20_794_bc25_698,Multiplet
doublet_3198|bc25_1030_bc24_1588,Multiplet
doublet_3199|bc16_918_bc20_931,Multiplet
doublet_3200|bc12_1033_bc5_321,Multiplet
doublet_3201|bc4_568_bc21_337,Multiplet
doublet_3202|bc10_67_bc18_728,Multiplet
doublet_3203|bc11_1078_bc19_843,Multiplet
doublet_3204|bc26_2665_bc21_172,Multiplet
doublet_3205|bc8_2273_bc16_640,Multiplet
doublet_3206|bc9_1862_bc21_1445,Multiplet
doublet_3207|bc23_73_bc25_1270,Multiplet
doublet_3208|bc8_2025_bc8_1541,bc8
doublet_3209|bc25_2764_bc4_236,Multiplet
doublet_3210|bc19_1022_bc2_2502,Multiplet
doublet_3211|bc30_452_bc17_966,bc30
doublet_3212|bc30_1031_bc15_231,bc15
doublet_3213|bc24_151_bc26_874,Multiplet
doublet_3214|bc18_1044_bc2_2230,Multiplet
doublet_3215|bc12_200_bc25_2894,Multiplet
doublet_3216|bc18_1604_bc2_1073,Multiplet
doublet_3217|bc23_346_bc24_1152,Multiplet
doublet_3218|bc15_870_bc21_1188,Multiplet
doublet_3219|bc25_317_bc25_2306,bc25
doublet_3220|bc17_1486_bc26_2098,Multiplet
doublet_3221|bc24_1202_bc23_339,Multiplet
doublet_3222|bc22_101_bc21_348,Multiplet
doublet_3223|bc18_1898_bc2_42,Multiplet
doublet_3224|bc2_496_bc12_1064,Multiplet
doublet_3225|bc11_161_bc28_429,Multiplet
doublet_3226|bc19_975_bc6_441,Multiplet
doublet_3227|bc7_796_bc25_258,Multiplet
doublet_3228|bc16_928_bc17_148,Multiplet
doublet_3229|bc16_881_bc11_675,Multiplet
doublet_3230|bc6_305_bc25_203,Multiplet
doublet_3231|bc13_736_bc19_252,Multiplet
doublet_3232|bc24_1050_bc10_424,bc24
doublet_3233|bc16_1468_bc9_1757,Multiplet
doublet_3234|bc21_1207_bc18_1046,Multiplet
doublet_3235|bc9_393_bc29_633,Multiplet
doublet_3236|bc25_458_bc11_550,Multiplet
doublet_3237|bc18_1900_bc23_58,Multiplet
doublet_3238|bc28_38_bc25_578,Multiplet
doublet_3239|bc23_90_bc3_202,Multiplet
doublet_3240|bc3_247_bc28_331,Multiplet
doublet_3241|bc9_461_bc8_1235,Multiplet
doublet_3242|bc18_2152_bc18_989,bc18
doublet_3243|bc2_2392_bc17_1948,Multiplet
doublet_3244|bc24_1228_bc11_1089,Multiplet
doublet_3245|bc6_166_bc26_1683,Multiplet
doublet_3246|bc7_345_bc26_1454,Multiplet
doublet_3247|bc10_147_bc24_1369,Multiplet
doublet_3248|bc26_2378_bc15_645,Multiplet
doublet_3249|bc9_1856_bc22_18,Multiplet
doublet_3250|bc21_927_bc25_1696,Multiplet
doublet_3251|bc25_2168_bc11_570,Multiplet
doublet_3252|bc9_440_bc17_1964,Multiplet
doublet_3253|bc24_1237_bc26_1440,Multiplet
doublet_3254|bc1_443_bc16_28,Multiplet
doublet_3255|bc25_2716_bc24_249,Multiplet
doublet_3256|bc25_2439_bc10_161,Multiplet
doublet_3257|bc14_180_bc24_1865,Multiplet
doublet_3258|bc29_128_bc24_1879,Multiplet
doublet_3259|bc5_212_bc2_1548,Multiplet
doublet_3260|bc20_387_bc5_211,Multiplet
doublet_3261|bc25_1516_bc15_878,Multiplet
doublet_3262|bc8_1600_bc24_877,Multiplet
doublet_3263|bc20_783_bc29_759,Multiplet
doublet_3264|bc19_202_bc17_398,Multiplet
doublet_3265|bc12_313_bc26_445,Multiplet
doublet_3266|bc19_1030_bc2_2069,Multiplet
doublet_3267|bc25_81_bc17_1963,Multiplet
doublet_3268|bc2_1089_bc8_1318,Multiplet
doublet_3269|bc12_912_bc18_211,Multiplet
doublet_3270|bc17_1179_bc9_555,Multiplet
doublet_3271|bc26_2817_bc25_2588,Multiplet
doublet_3272|bc11_770_bc25_2529,Multiplet
doublet_3273|bc27_31_bc11_348,bc11
doublet_3274|bc17_2869_bc11_471,Multiplet
doublet_3275|bc19_212_bc11_1148,Multiplet
doublet_3276|bc25_921_bc8_209,Multiplet
doublet_3277|bc16_1187_bc21_1215,Multiplet
doublet_3278|bc7_8_bc28_181,Multiplet
doublet_3279|bc26_98_bc25_2794,Multiplet
doublet_3280|bc12_853_bc8_2310,bc12
doublet_3281|bc17_1390_bc10_133,Multiplet
doublet_3282|bc11_568_bc13_588,Multiplet
doublet_3283|bc17_1811_bc24_914,Multiplet
doublet_3284|bc9_1456_bc24_635,Multiplet
doublet_3285|bc10_230_bc17_1370,Multiplet
doublet_3286|bc13_15_bc24_829,bc13
doublet_3287|bc8_650_bc21_415,Multiplet
doublet_3288|bc8_1126_bc17_785,Multiplet
doublet_3289|bc8_1467_bc30_878,Multiplet
doublet_3290|bc13_273_bc26_387,Multiplet
doublet_3291|bc29_324_bc10_345,Multiplet
doublet_3292|bc16_1019_bc9_1590,Multiplet
doublet_3293|bc2_1423_bc24_1716,Multiplet
doublet_3294|bc24_1798_bc20_110,Multiplet
doublet_3295|bc26_786_bc10_24,Multiplet
doublet_3296|bc19_97_bc7_573,Multiplet
doublet_3297|bc25_1412_bc7_1003,Multiplet
doublet_3298|bc25_2324_bc12_703,bc25
doublet_3299|bc19_77_bc29_680,Multiplet
doublet_3300|bc21_1181_bc10_383,Multiplet
doublet_3301|bc18_1433_bc29_273,Multiplet
doublet_3302|bc25_2096_bc21_641,Multiplet
doublet_3303|bc30_573_bc17_2,Multiplet
doublet_3304|bc10_80_bc2_1442,Multiplet
doublet_3305|bc18_1050_bc25_2126,Multiplet
doublet_3306|bc16_900_bc2_2696,Multiplet
doublet_3307|bc9_508_bc15_965,Multiplet
doublet_3308|bc9_1167_bc17_263,Multiplet
doublet_3309|bc19_1027_bc26_830,Multiplet
doublet_3310|bc2_389_bc1_45,bc2
doublet_3311|bc2_201_bc18_429,Multiplet
doublet_3312|bc23_344_bc4_71,Multiplet
doublet_3313|bc20_662_bc12_1073,Multiplet
doublet_3314|bc2_2036_bc2_2220,bc2
doublet_3315|bc16_389_bc20_1072,Multiplet
doublet_3316|bc24_1573_bc9_1720,Multiplet
doublet_3317|bc25_1284_bc11_1040,Multiplet
doublet_3318|bc26_2322_bc25_2568,bc26
doublet_3319|bc15_1016_bc29_199,bc29
doublet_3320|bc9_1634_bc21_119,bc21
doublet_3321|bc2_1620_bc21_338,Multiplet
doublet_3322|bc16_294_bc2_456,bc16
doublet_3323|bc11_989_bc11_70,bc11
doublet_3324|bc2_2614_bc9_1631,Multiplet
doublet_3325|bc19_102_bc21_180,Multiplet
doublet_3326|bc8_712_bc18_1438,Multiplet
doublet_3327|bc21_753_bc4_287,Multiplet
doublet_3328|bc17_1590_bc9_1791,Multiplet
doublet_3329|bc26_2655_bc18_1410,Multiplet
doublet_3330|bc4_54_bc5_99,Multiplet
doublet_3331|bc9_310_bc25_1346,Multiplet
doublet_3332|bc9_1159_bc15_629,Multiplet
doublet_3333|bc17_2015_bc26_378,Multiplet
doublet_3334|bc26_976_bc7_1148,Multiplet
doublet_3335|bc26_1262_bc1_546,bc1
doublet_3336|bc8_1338_bc2_328,Multiplet
doublet_3337|bc5_20_bc24_2173,Multiplet
doublet_3338|bc13_88_bc20_973,Multiplet
doublet_3339|bc7_455_bc8_334,Multiplet
doublet_3340|bc28_246_bc7_97,Multiplet
doublet_3341|bc8_1532_bc20_404,Multiplet
doublet_3342|bc21_1352_bc9_1586,Multiplet
doublet_3343|bc12_16_bc19_516,Multiplet
doublet_3344|bc16_1126_bc16_78,bc16
doublet_3345|bc9_590_bc16_1077,Multiplet
doublet_3346|bc8_1882_bc16_902,Multiplet
doublet_3347|bc2_2143_bc2_2459,bc2
doublet_3348|bc8_1780_bc2_1203,Multiplet
doublet_3349|bc16_1201_bc21_1172,Multiplet
doublet_3350|bc2_827_bc2_2634,bc2
doublet_3351|bc21_633_bc26_2877,Multiplet
doublet_3352|bc12_1129_bc7_992,Multiplet
doublet_3353|bc26_1127_bc9_565,Multiplet
doublet_3354|bc25_1808_bc23_344,Multiplet
doublet_3355|bc12_329_bc17_2824,Multiplet
doublet_3356|bc17_1100_bc9_1912,Multiplet
doublet_3357|bc20_286_bc2_588,Multiplet
doublet_3358|bc15_488_bc9_332,Multiplet
doublet_3359|bc21_247_bc5_256,Multiplet
doublet_3360|bc18_1195_bc14_507,Multiplet
doublet_3361|bc25_539_bc16_539,Multiplet
doublet_3362|bc24_1616_bc8_388,Multiplet
doublet_3363|bc12_517_bc13_831,Multiplet
doublet_3364|bc18_160_bc9_317,Multiplet
doublet_3365|bc25_421_bc8_994,Multiplet
doublet_3366|bc30_1205_bc1_417,Multiplet
doublet_3367|bc17_2971_bc9_1882,Multiplet
doublet_3368|bc7_507_bc25_2811,Multiplet
doublet_3369|bc25_1706_bc8_1861,Multiplet
doublet_3370|bc24_2314_bc2_2208,Multiplet
doublet_3371|bc4_675_bc30_1194,Multiplet
doublet_3372|bc26_1423_bc16_1268,Multiplet
doublet_3373|bc20_308_bc16_213,Multiplet
doublet_3374|bc11_381_bc24_2303,Multiplet
doublet_3375|bc18_173_bc18_486,bc18
doublet_3376|bc18_1324_bc22_145,Multiplet
doublet_3377|bc8_400_bc24_63,Multiplet
doublet_3378|bc13_302_bc9_237,Multiplet
doublet_3379|bc15_770_bc1_467,Multiplet
doublet_3380|bc2_415_bc17_737,Multiplet
doublet_3381|bc26_2168_bc11_659,Multiplet
doublet_3382|bc24_1166_bc18_2146,Multiplet
doublet_3383|bc24_621_bc18_571,Multiplet
doublet_3384|bc8_1773_bc20_434,bc20
doublet_3385|bc21_788_bc13_118,Multiplet
doublet_3386|bc20_808_bc9_648,Multiplet
doublet_3387|bc24_2396_bc16_1231,bc16
doublet_3388|bc7_87_bc13_331,Multiplet
doublet_3389|bc15_265_bc10_610,Multiplet
doublet_3390|bc17_1143_bc29_606,bc29
doublet_3391|bc12_388_bc2_1668,Multiplet
doublet_3392|bc25_1083_bc18_172,Multiplet
doublet_3393|bc12_1111_bc17_2397,bc17
doublet_3394|bc11_125_bc2_1838,bc2
doublet_3395|bc2_1646_bc9_1952,Multiplet
doublet_3396|bc2_1780_bc7_882,Multiplet
doublet_3397|bc8_1305_bc19_663,Multiplet
doublet_3398|bc25_734_bc8_601,Multiplet
doublet_3399|bc26_2383_bc17_2911,Multiplet
doublet_3400|bc9_1702_bc25_2554,Multiplet
doublet_3401|bc25_766_bc20_421,Multiplet
doublet_3402|bc1_219_bc24_2260,Multiplet
doublet_3403|bc12_372_bc12_245,bc12
doublet_3404|bc9_293_bc19_964,Multiplet
doublet_3405|bc24_2296_bc12_145,Multiplet
doublet_3406|bc2_2555_bc25_2229,Multiplet
doublet_3407|bc17_1368_bc24_1165,Multiplet
doublet_3408|bc18_1559_bc16_1085,Multiplet
doublet_3409|bc30_417_bc17_2316,Multiplet
doublet_3410|bc2_918_bc8_532,Multiplet
doublet_3411|bc25_942_bc26_2978,Multiplet
doublet_3412|bc9_739_bc26_2079,Multiplet
doublet_3413|bc17_2675_bc24_367,Multiplet
doublet_3414|bc9_1450_bc16_895,Multiplet
doublet_3415|bc25_281_bc17_631,Multiplet
doublet_3416|bc18_2191_bc15_1021,Multiplet
doublet_3417|bc20_61_bc18_1867,Multiplet
doublet_3418|bc16_207_bc8_1346,Multiplet
doublet_3419|bc24_1867_bc24_325,bc24
doublet_3420|bc29_795_bc11_908,Multiplet
doublet_3421|bc17_817_bc12_528,Multiplet
doublet_3422|bc3_138_bc24_300,Multiplet
doublet_3423|bc8_911_bc24_638,Multiplet
doublet_3424|bc30_777_bc26_1113,Multiplet
doublet_3425|bc25_2516_bc8_542,Multiplet
doublet_3426|bc17_897_bc12_221,Multiplet
doublet_3427|bc13_94_bc19_797,Multiplet
doublet_3428|bc9_1695_bc7_691,Multiplet
doublet_3429|bc23_370_bc11_246,Multiplet
doublet_3430|bc8_129_bc13_600,Multiplet
doublet_3431|bc24_653_bc20_211,Multiplet
doublet_3432|bc10_208_bc26_2173,bc26
doublet_3433|bc24_493_bc30_897,Multiplet
doublet_3434|bc20_1216_bc17_2063,Multiplet
doublet_3435|bc2_2315_bc24_89,Multiplet
doublet_3436|bc9_988_bc21_71,Multiplet
doublet_3437|bc3_26_bc12_432,Multiplet
doublet_3438|bc9_547_bc24_1672,Multiplet
doublet_3439|bc25_1711_bc16_999,Multiplet
doublet_3440|bc25_1603_bc21_190,Multiplet
doublet_3441|bc17_2928_bc30_1092,Multiplet
doublet_3442|bc22_219_bc7_1108,Multiplet
doublet_3443|bc18_249_bc15_37,bc15
doublet_3444|bc13_133_bc16_986,Multiplet
doublet_3445|bc17_183_bc2_1819,Multiplet
doublet_3446|bc15_361_bc24_2214,bc15
doublet_3447|bc13_836_bc16_304,Multiplet
doublet_3448|bc26_2634_bc8_1807,bc8
doublet_3449|bc9_662_bc30_830,Multiplet
doublet_3450|bc17_73_bc25_2860,Multiplet
doublet_3451|bc13_321_bc23_71,Multiplet
doublet_3452|bc17_1851_bc16_885,Multiplet
doublet_3453|bc13_95_bc18_950,Multiplet
doublet_3454|bc15_481_bc26_617,bc26
doublet_3455|bc4_307_bc17_71,Multiplet
doublet_3456|bc15_36_bc8_1480,Multiplet
doublet_3457|bc30_143_bc20_1292,Multiplet
doublet_3458|bc19_601_bc1_445,Multiplet
doublet_3459|bc19_800_bc9_1477,Multiplet
doublet_3460|bc24_1614_bc12_797,Multiplet
doublet_3461|bc17_757_bc24_888,Multiplet
doublet_3462|bc29_1016_bc16_1351,Multiplet
doublet_3463|bc26_564_bc2_2613,Multiplet
doublet_3464|bc11_6_bc25_2915,Multiplet
doublet_3465|bc21_709_bc26_2284,Multiplet
doublet_3466|bc4_320_bc18_1767,Multiplet
doublet_3467|bc2_2729_bc17_302,Multiplet
doublet_3468|bc11_411_bc26_1608,Multiplet
doublet_3469|bc8_1658_bc21_1036,Multiplet
doublet_3470|bc3_50_bc19_459,Multiplet
doublet_3471|bc20_788_bc9_1823,Multiplet
doublet_3472|bc15_526_bc20_499,Multiplet
doublet_3473|bc25_995_bc18_636,Multiplet
doublet_3474|bc18_2137_bc18_1312,bc18
doublet_3475|bc15_79_bc4_138,Multiplet
doublet_3476|bc3_42_bc17_2908,Multiplet
doublet_3477|bc19_1019_bc30_651,Multiplet
doublet_3478|bc26_412_bc25_2412,Multiplet
doublet_3479|bc17_442_bc9_55,Multiplet
doublet_3480|bc17_2239_bc4_289,Multiplet
doublet_3481|bc18_1413_bc28_213,Multiplet
doublet_3482|bc9_184_bc21_1148,Multiplet
doublet_3483|bc16_621_bc13_1062,Multiplet
doublet_3484|bc17_2656_bc2_2019,Multiplet
doublet_3485|bc7_434_bc24_344,Multiplet
doublet_3486|bc17_243_bc8_1629,Multiplet
doublet_3487|bc9_1259_bc20_1250,Multiplet
doublet_3488|bc25_456_bc8_1173,Multiplet
doublet_3489|bc4_618_bc11_65,Multiplet
doublet_3490|bc18_565_bc28_178,Multiplet
doublet_3491|bc2_1290_bc2_52,bc2
doublet_3492|bc15_431_bc3_162,bc3
doublet_3493|bc8_1768_bc23_44,Multiplet
doublet_3494|bc26_747_bc23_85,Multiplet
doublet_3495|bc19_358_bc5_316,Multiplet
doublet_3496|bc2_2224_bc24_1723,Multiplet
doublet_3497|bc21_999_bc26_606,Multiplet
doublet_3498|bc11_972_bc18_90,Multiplet
doublet_3499|bc2_1578_bc24_1932,Multiplet
doublet_3500|bc26_69_bc19_648,Multiplet
doublet_3501|bc18_2081_bc24_1094,Multiplet
doublet_3502|bc21_444_bc13_784,Multiplet
doublet_3503|bc21_1182_bc25_1328,Multiplet
doublet_3504|bc26_940_bc21_1456,Multiplet
doublet_3505|bc26_2389_bc16_912,Multiplet
doublet_3506|bc13_1060_bc8_1473,Multiplet
doublet_3507|bc8_993_bc23_137,Multiplet
doublet_3508|bc30_690_bc21_481,Multiplet
doublet_3509|bc18_1680_bc25_106,Multiplet
doublet_3510|bc16_923_bc18_2120,bc18
doublet_3511|bc30_1285_bc14_555,Multiplet
doublet_3512|bc15_386_bc30_341,Multiplet
doublet_3513|bc26_1074_bc26_2337,bc26
doublet_3514|bc11_302_bc29_206,Multiplet
doublet_3515|bc2_1931_bc17_2875,Multiplet
doublet_3516|bc28_236_bc8_275,bc28
doublet_3517|bc26_17_bc18_706,Multiplet
doublet_3518|bc2_2173_bc16_99,Multiplet
doublet_3519|bc16_526_bc4_294,Multiplet
doublet_3520|bc11_1034_bc17_225,Multiplet
doublet_3521|bc24_1961_bc17_2504,bc24
doublet_3522|bc17_752_bc24_1830,Multiplet
doublet_3523|bc9_998_bc1_107,Multiplet
doublet_3524|bc5_250_bc26_384,Multiplet
doublet_3525|bc25_177_bc2_270,Multiplet
doublet_3526|bc26_515_bc4_713,Multiplet
doublet_3527|bc9_17_bc24_2,Multiplet
doublet_3528|bc13_811_bc12_668,Multiplet
doublet_3529|bc11_720_bc19_388,Multiplet
doublet_3530|bc12_741_bc20_1049,Multiplet
doublet_3531|bc25_1283_bc6_135,bc25
doublet_3532|bc29_669_bc21_619,Multiplet
doublet_3533|bc9_1012_bc2_1491,Multiplet
doublet_3534|bc29_22_bc16_397,Multiplet
doublet_3535|bc25_879_bc12_1027,Multiplet
doublet_3536|bc18_371_bc24_349,Multiplet
doublet_3537|bc24_683_bc12_920,Multiplet
doublet_3538|bc11_508_bc18_163,Multiplet
doublet_3539|bc26_320_bc8_62,Multiplet
doublet_3540|bc8_2294_bc4_321,Multiplet
doublet_3541|bc6_359_bc8_58,Multiplet
doublet_3542|bc16_387_bc5_250,Multiplet
doublet_3543|bc4_420_bc25_1982,Multiplet
doublet_3544|bc8_820_bc15_1018,Multiplet
doublet_3545|bc26_2974_bc12_634,Multiplet
doublet_3546|bc9_79_bc18_784,Multiplet
doublet_3547|bc24_2093_bc2_824,Multiplet
doublet_3548|bc23_88_bc23_97,bc23
doublet_3549|bc2_502_bc10_440,Multiplet
doublet_3550|bc21_67_bc25_486,Multiplet
doublet_3551|bc15_20_bc12_650,Multiplet
doublet_3552|bc12_342_bc14_244,Multiplet
doublet_3553|bc21_364_bc25_270,Multiplet
doublet_3554|bc16_297_bc17_525,bc17
doublet_3555|bc8_1672_bc24_1439,Multiplet
doublet_3556|bc1_188_bc25_1231,bc1
doublet_3557|bc10_246_bc29_712,Multiplet
doublet_3558|bc9_109_bc12_890,Multiplet
doublet_3559|bc29_784_bc17_965,Multiplet
doublet_3560|bc2_1679_bc17_2532,Multiplet
doublet_3561|bc26_627_bc28_97,Multiplet
doublet_3562|bc3_318_bc25_293,Multiplet
doublet_3563|bc25_1955_bc25_2841,bc25
doublet_3564|bc21_406_bc17_505,Multiplet
doublet_3565|bc19_391_bc26_131,Multiplet
doublet_3566|bc30_503_bc26_2361,Multiplet
doublet_3567|bc2_1293_bc25_1845,Multiplet
doublet_3568|bc9_1117_bc9_952,bc9
doublet_3569|bc8_791_bc3_130,Multiplet
doublet_3570|bc2_1967_bc24_1028,bc24
doublet_3571|bc25_638_bc29_215,Multiplet
doublet_3572|bc2_564_bc8_258,Multiplet
doublet_3573|bc7_869_bc6_4,Multiplet
doublet_3574|bc20_398_bc11_951,Multiplet
doublet_3575|bc25_2776_bc26_2828,Multiplet
doublet_3576|bc24_815_bc23_205,Multiplet
doublet_3577|bc17_2412_bc26_1418,Multiplet
doublet_3578|bc26_2915_bc30_1161,Multiplet
doublet_3579|bc9_887_bc16_604,Multiplet
doublet_3580|bc19_85_bc29_292,Multiplet
doublet_3581|bc5_8_bc30_591,Multiplet
doublet_3582|bc13_470_bc11_1077,Multiplet
doublet_3583|bc18_979_bc8_1819,bc18
doublet_3584|bc7_917_bc17_649,Multiplet
doublet_3585|bc4_419_bc30_1235,Multiplet
doublet_3586|bc23_353_bc16_730,Multiplet
doublet_3587|bc9_1395_bc20_1068,bc9
doublet_3588|bc18_2235_bc8_325,Multiplet
doublet_3589|bc17_1412_bc16_301,Multiplet
doublet_3590|bc2_792_bc17_1368,Multiplet
doublet_3591|bc19_284_bc16_484,Multiplet
doublet_3592|bc1_6_bc12_287,Multiplet
doublet_3593|bc6_259_bc13_774,bc13
doublet_3594|bc21_168_bc24_978,Multiplet
doublet_3595|bc14_427_bc20_1192,Multiplet
doublet_3596|bc10_662_bc30_34,bc30
doublet_3597|bc16_515_bc28_228,Multiplet
doublet_3598|bc1_504_bc9_1109,bc1
doublet_3599|bc24_122_bc21_12,Multiplet
doublet_3600|bc9_1432_bc9_149,bc9
doublet_3601|bc25_2546_bc29_210,Multiplet
doublet_3602|bc9_1140_bc13_353,Multiplet
doublet_3603|bc4_633_bc17_2006,Multiplet
doublet_3604|bc3_105_bc7_379,Multiplet
doublet_3605|bc24_1042_bc21_216,Multiplet
doublet_3606|bc2_2243_bc17_1830,Multiplet
doublet_3607|bc20_623_bc13_1124,Multiplet
doublet_3608|bc25_1371_bc26_1594,Multiplet
doublet_3609|bc25_1581_bc9_531,Multiplet
doublet_3610|bc8_795_bc8_465,bc8
doublet_3611|bc20_429_bc2_487,Multiplet
doublet_3612|bc9_1137_bc8_2268,Multiplet
doublet_3613|bc26_828_bc24_299,Multiplet
doublet_3614|bc18_1352_bc16_1205,Multiplet
doublet_3615|bc29_523_bc10_474,Multiplet
doublet_3616|bc24_857_bc26_2287,Multiplet
doublet_3617|bc19_802_bc20_757,Multiplet
doublet_3618|bc25_2275_bc30_655,Multiplet
doublet_3619|bc8_1334_bc17_2090,Multiplet
doublet_3620|bc12_213_bc12_198,bc12
doublet_3621|bc2_1542_bc24_660,Multiplet
doublet_3622|bc24_806_bc26_2920,Multiplet
doublet_3623|bc13_71_bc4_41,Multiplet
doublet_3624|bc21_870_bc7_922,Multiplet
doublet_3625|bc11_1077_bc30_253,Multiplet
doublet_3626|bc26_756_bc9_1365,Multiplet
doublet_3627|bc15_146_bc30_989,Multiplet
doublet_3628|bc25_2378_bc15_824,Multiplet
doublet_3629|bc13_444_bc22_245,Multiplet
doublet_3630|bc25_1227_bc18_1379,Multiplet
doublet_3631|bc8_1839_bc24_1615,Multiplet
doublet_3632|bc24_1530_bc16_1088,bc24
doublet_3633|bc18_1805_bc9_777,Multiplet
doublet_3634|bc25_627_bc17_2173,Multiplet
doublet_3635|bc6_421_bc15_377,Multiplet
doublet_3636|bc29_459_bc1_265,Multiplet
doublet_3637|bc25_127_bc26_2519,Multiplet
doublet_3638|bc25_1573_bc7_413,Multiplet
doublet_3639|bc28_96_bc16_223,Multiplet
doublet_3640|bc25_2862_bc26_1876,Multiplet
doublet_3641|bc5_70_bc8_992,bc5
doublet_3642|bc30_1378_bc23_354,Multiplet
doublet_3643|bc2_1995_bc19_593,Multiplet
doublet_3644|bc17_2823_bc5_296,Multiplet
doublet_3645|bc24_1499_bc8_251,Multiplet
doublet_3646|bc20_1586_bc26_2983,Multiplet
doublet_3647|bc26_2542_bc17_1966,Multiplet
doublet_3648|bc2_2498_bc19_1010,Multiplet
doublet_3649|bc24_1683_bc26_532,bc24
doublet_3650|bc12_95_bc16_593,Multiplet
doublet_3651|bc25_610_bc2_1541,Multiplet
doublet_3652|bc2_2672_bc21_739,bc2
doublet_3653|bc26_2508_bc20_1285,Multiplet
doublet_3654|bc14_51_bc2_2264,Multiplet
doublet_3655|bc18_1556_bc25_1610,Multiplet
doublet_3656|bc26_1430_bc18_926,Multiplet
doublet_3657|bc25_1250_bc8_1137,Multiplet
doublet_3658|bc9_1223_bc4_173,bc4
doublet_3659|bc18_1796_bc2_395,Multiplet
doublet_3660|bc20_336_bc19_538,Multiplet
doublet_3661|bc29_788_bc20_1560,Multiplet
doublet_3662|bc8_108_bc26_268,Multiplet
doublet_3663|bc24_2088_bc24_817,bc24
doublet_3664|bc24_127_bc25_1100,Multiplet
doublet_3665|bc17_785_bc9_32,Multiplet
doublet_3666|bc4_148_bc28_338,Multiplet
doublet_3667|bc17_1977_bc17_1824,bc17
doublet_3668|bc2_2120_bc25_2551,Multiplet
doublet_3669|bc9_1739_bc25_728,Multiplet
doublet_3670|bc12_571_bc7_245,bc12
doublet_3671|bc24_978_bc17_105,Multiplet
doublet_3672|bc11_695_bc26_1841,Multiplet
doublet_3673|bc2_1506_bc17_2591,Multiplet
doublet_3674|bc25_1337_bc7_1047,Multiplet
doublet_3675|bc23_305_bc10_592,Multiplet
doublet_3676|bc26_1204_bc17_873,Multiplet
doublet_3677|bc3_158_bc21_831,Multiplet
doublet_3678|bc2_1329_bc2_2422,bc2
doublet_3679|bc30_2_bc30_111,bc30
doublet_3680|bc26_2144_bc28_192,Multiplet
doublet_3681|bc25_2027_bc17_2714,Multiplet
doublet_3682|bc2_1359_bc14_53,bc2
doublet_3683|bc11_939_bc25_1075,Multiplet
doublet_3684|bc23_475_bc5_91,Multiplet
doublet_3685|bc6_416_bc19_829,Multiplet
doublet_3686|bc28_267_bc28_323,bc28
doublet_3687|bc7_54_bc22_210,Multiplet
doublet_3688|bc8_1624_bc2_2035,Multiplet
doublet_3689|bc19_834_bc18_893,Multiplet
doublet_3690|bc30_1160_bc12_1044,Multiplet
doublet_3691|bc9_354_bc25_80,Multiplet
doublet_3692|bc21_679_bc24_452,Multiplet
doublet_3693|bc26_2572_bc11_288,Multiplet
doublet_3694|bc24_2114_bc17_2544,Multiplet
doublet_3695|bc25_35_bc17_238,Multiplet
doublet_3696|bc25_1195_bc11_286,Multiplet
doublet_3697|bc18_2199_bc11_52,Multiplet
doublet_3698|bc2_1002_bc26_700,Multiplet
doublet_3699|bc2_125_bc24_2385,Multiplet
doublet_3700|bc28_223_bc16_1196,bc16
doublet_3701|bc30_512_bc30_618,bc30
doublet_3702|bc17_701_bc20_688,Multiplet
doublet_3703|bc25_2389_bc24_293,Multiplet
doublet_3704|bc8_1146_bc24_2454,Multiplet
doublet_3705|bc25_2795_bc23_290,Multiplet
doublet_3706|bc8_1967_bc2_2200,Multiplet
doublet_3707|bc25_1120_bc26_1050,Multiplet
doublet_3708|bc20_724_bc17_1772,Multiplet
doublet_3709|bc17_1329_bc20_1322,Multiplet
doublet_3710|bc24_926_bc17_869,Multiplet
doublet_3711|bc17_1980_bc24_229,Multiplet
doublet_3712|bc17_748_bc9_17,Multiplet
doublet_3713|bc11_46_bc23_213,Multiplet
doublet_3714|bc17_2202_bc7_1191,Multiplet
doublet_3715|bc29_953_bc14_270,Multiplet
doublet_3716|bc26_2602_bc7_1254,Multiplet
doublet_3717|bc4_277_bc16_804,Multiplet
doublet_3718|bc14_254_bc21_316,Multiplet
doublet_3719|bc12_939_bc8_1935,Multiplet
doublet_3720|bc20_1071_bc18_1939,Multiplet
doublet_3721|bc24_453_bc26_1890,Multiplet
doublet_3722|bc25_2778_bc24_680,Multiplet
doublet_3723|bc26_2187_bc30_865,Multiplet
doublet_3724|bc8_916_bc26_1567,Multiplet
doublet_3725|bc17_455_bc15_759,Multiplet
doublet_3726|bc16_659_bc26_1689,Multiplet
doublet_3727|bc11_361_bc20_205,Multiplet
doublet_3728|bc18_1998_bc13_609,Multiplet
doublet_3729|bc12_174_bc11_1084,Multiplet
doublet_3730|bc26_1830_bc24_936,Multiplet
doublet_3731|bc26_323_bc26_856,bc26
doublet_3732|bc16_1324_bc12_397,Multiplet
doublet_3733|bc29_504_bc21_949,Multiplet
doublet_3734|bc17_1459_bc2_447,Multiplet
doublet_3735|bc16_128_bc2_832,Multiplet
doublet_3736|bc13_1119_bc24_1805,Multiplet
doublet_3737|bc8_1231_bc19_340,Multiplet
doublet_3738|bc2_1333_bc24_597,Multiplet
doublet_3739|bc20_288_bc26_1942,bc26
doublet_3740|bc25_2593_bc26_212,Multiplet
doublet_3741|bc17_130_bc7_202,Multiplet
doublet_3742|bc18_677_bc17_2162,Multiplet
doublet_3743|bc2_2122_bc17_2433,Multiplet
doublet_3744|bc16_663_bc24_2351,Multiplet
doublet_3745|bc21_476_bc12_1096,Multiplet
doublet_3746|bc24_1533_bc4_655,Multiplet
doublet_3747|bc2_1635_bc6_148,Multiplet
doublet_3748|bc20_1567_bc21_970,Multiplet
doublet_3749|bc29_478_bc7_138,Multiplet
doublet_3750|bc25_1770_bc25_2565,bc25
doublet_3751|bc30_1190_bc13_57,Multiplet
doublet_3752|bc12_567_bc26_2136,Multiplet
doublet_3753|bc21_751_bc26_1538,Multiplet
doublet_3754|bc30_24_bc9_1202,Multiplet
doublet_3755|bc10_519_bc16_1125,Multiplet
doublet_3756|bc2_2174_bc24_285,Multiplet
doublet_3757|bc30_708_bc17_1998,Multiplet
doublet_3758|bc2_2441_bc24_1689,Multiplet
doublet_3759|bc26_1771_bc17_562,Multiplet
doublet_3760|bc13_590_bc13_1107,bc13
doublet_3761|bc12_662_bc1_161,Multiplet
doublet_3762|bc17_653_bc21_1197,Multiplet
doublet_3763|bc5_351_bc19_569,Multiplet
doublet_3764|bc18_433_bc18_1320,bc18
doublet_3765|bc6_220_bc17_1982,Multiplet
doublet_3766|bc17_1099_bc9_1585,Multiplet
doublet_3767|bc4_87_bc4_524,bc4
doublet_3768|bc16_582_bc16_1126,bc16
doublet_3769|bc25_2681_bc21_396,Multiplet
doublet_3770|bc13_1052_bc8_138,bc8
doublet_3771|bc11_148_bc8_721,Multiplet
doublet_3772|bc17_641_bc24_1773,Multiplet
doublet_3773|bc16_287_bc13_27,Multiplet
doublet_3774|bc9_1269_bc24_2387,Multiplet
doublet_3775|bc26_176_bc24_111,bc24
doublet_3776|bc3_289_bc20_1301,Multiplet
doublet_3777|bc14_17_bc17_1748,Multiplet
doublet_3778|bc10_144_bc2_640,Multiplet
doublet_3779|bc25_2494_bc24_2209,Multiplet
doublet_3780|bc2_180_bc8_989,Multiplet
doublet_3781|bc9_365_bc1_154,Multiplet
doublet_3782|bc13_971_bc25_1286,Multiplet
doublet_3783|bc30_1448_bc24_1296,Multiplet
doublet_3784|bc18_1504_bc7_1184,Multiplet
doublet_3785|bc25_1908_bc21_118,Multiplet
doublet_3786|bc30_910_bc17_1302,Multiplet
doublet_3787|bc10_354_bc8_551,Multiplet
doublet_3788|bc21_309_bc8_619,Multiplet
doublet_3789|bc2_1213_bc2_2041,bc2
doublet_3790|bc8_323_bc8_1534,bc8
doublet_3791|bc24_329_bc13_397,Multiplet
doublet_3792|bc25_2367_bc20_1582,Multiplet
doublet_3793|bc2_2432_bc16_1435,Multiplet
doublet_3794|bc24_714_bc9_181,Multiplet
doublet_3795|bc30_28_bc17_617,Multiplet
doublet_3796|bc4_544_bc8_1972,bc8
doublet_3797|bc26_2945_bc8_2295,Multiplet
doublet_3798|bc21_1446_bc2_1439,Multiplet
doublet_3799|bc26_1309_bc17_1093,Multiplet
doublet_3800|bc17_1587_bc25_2635,Multiplet
doublet_3801|bc5_226_bc20_458,Multiplet
doublet_3802|bc25_1173_bc26_2285,Multiplet
doublet_3803|bc18_473_bc16_768,Multiplet
doublet_3804|bc16_866_bc12_1,Multiplet
doublet_3805|bc21_626_bc21_1254,bc21
doublet_3806|bc11_85_bc2_1856,Multiplet
doublet_3807|bc9_834_bc2_1032,Multiplet
doublet_3808|bc13_871_bc24_2379,Multiplet
doublet_3809|bc2_2240_bc25_906,Multiplet
doublet_3810|bc16_38_bc18_498,Multiplet
doublet_3811|bc24_1607_bc12_1143,Multiplet
doublet_3812|bc4_364_bc17_2687,Multiplet
doublet_3813|bc21_1134_bc2_137,Multiplet
doublet_3814|bc25_2758_bc23_27,Multiplet
doublet_3815|bc8_223_bc17_1419,Multiplet
doublet_3816|bc11_1025_bc24_62,Multiplet
doublet_3817|bc2_1990_bc11_679,Multiplet
doublet_3818|bc18_518_bc24_505,Multiplet
doublet_3819|bc7_295_bc8_2207,Multiplet
doublet_3820|bc9_1059_bc25_2891,Multiplet
doublet_3821|bc2_2104_bc2_737,bc2
doublet_3822|bc26_2411_bc18_2049,Multiplet
doublet_3823|bc15_413_bc9_1169,Multiplet
doublet_3824|bc28_179_bc24_1184,Multiplet
doublet_3825|bc19_461_bc8_1491,Multiplet
doublet_3826|bc21_1043_bc10_404,Multiplet
doublet_3827|bc15_426_bc2_1114,Multiplet
doublet_3828|bc24_2070_bc22_38,Multiplet
doublet_3829|bc8_279_bc25_1829,Multiplet
doublet_3830|bc11_51_bc24_356,Multiplet
doublet_3831|bc20_1308_bc18_277,Multiplet
doublet_3832|bc17_942_bc19_788,Multiplet
doublet_3833|bc26_61_bc18_1823,Multiplet
doublet_3834|bc9_282_bc26_1712,Multiplet
doublet_3835|bc18_562_bc2_1171,Multiplet
doublet_3836|bc2_246_bc19_431,Multiplet
doublet_3837|bc12_682_bc24_2218,bc24
doublet_3838|bc29_182_bc21_192,Multiplet
doublet_3839|bc19_797_bc11_841,Multiplet
doublet_3840|bc2_1719_bc25_547,bc25
doublet_3841|bc2_1682_bc21_926,Multiplet
doublet_3842|bc26_1150_bc24_1378,Multiplet
doublet_3843|bc8_782_bc17_2360,Multiplet
doublet_3844|bc29_1009_bc18_2168,Multiplet
doublet_3845|bc9_1999_bc26_95,Multiplet
doublet_3846|bc26_2923_bc9_1814,Multiplet
doublet_3847|bc18_878_bc30_740,Multiplet
doublet_3848|bc18_2116_bc8_441,Multiplet
doublet_3849|bc25_361_bc17_208,Multiplet
doublet_3850|bc5_363_bc14_256,Multiplet
doublet_3851|bc29_635_bc17_2686,bc17
doublet_3852|bc2_428_bc24_870,Multiplet
doublet_3853|bc20_518_bc13_594,Multiplet
doublet_3854|bc11_158_bc25_954,Multiplet
doublet_3855|bc17_581_bc18_349,Multiplet
doublet_3856|bc28_99_bc30_269,Multiplet
doublet_3857|bc3_205_bc2_1476,Multiplet
doublet_3858|bc18_221_bc26_826,Multiplet
doublet_3859|bc25_12_bc26_1858,Multiplet
doublet_3860|bc5_259_bc5_195,bc5
doublet_3861|bc19_684_bc24_1016,Multiplet
doublet_3862|bc26_2392_bc11_830,Multiplet
doublet_3863|bc9_811_bc29_829,Multiplet
doublet_3864|bc2_1857_bc9_1871,Multiplet
doublet_3865|bc5_233_bc2_2318,Multiplet
doublet_3866|bc26_1653_bc26_381,bc26
doublet_3867|bc10_364_bc26_2701,Multiplet
doublet_3868|bc13_570_bc9_1086,Multiplet
doublet_3869|bc25_1683_bc13_619,Multiplet
doublet_3870|bc17_1499_bc28_320,Multiplet
doublet_3871|bc25_1253_bc25_1652,bc25
doublet_3872|bc20_1539_bc9_998,Multiplet
doublet_3873|bc19_311_bc15_324,Multiplet
doublet_3874|bc3_65_bc7_1141,Multiplet
doublet_3875|bc24_605_bc4_191,Multiplet
doublet_3876|bc17_2556_bc2_2247,Multiplet
doublet_3877|bc7_1022_bc21_411,Multiplet
doublet_3878|bc26_1516_bc17_1979,Multiplet
doublet_3879|bc8_334_bc20_559,Multiplet
doublet_3880|bc4_74_bc19_42,Multiplet
doublet_3881|bc18_1966_bc14_401,Multiplet
doublet_3882|bc26_1463_bc18_1605,Multiplet
doublet_3883|bc29_576_bc18_2233,Multiplet
doublet_3884|bc20_1072_bc21_486,Multiplet
doublet_3885|bc26_2002_bc9_1953,Multiplet
doublet_3886|bc30_7_bc24_1479,Multiplet
doublet_3887|bc19_642_bc26_2149,Multiplet
doublet_3888|bc8_2053_bc25_2495,Multiplet
doublet_3889|bc24_801_bc29_388,Multiplet
doublet_3890|bc28_3_bc25_1915,Multiplet
doublet_3891|bc2_1727_bc18_1839,Multiplet
doublet_3892|bc26_2484_bc26_2712,bc26
doublet_3893|bc18_904_bc29_495,Multiplet
doublet_3894|bc16_82_bc25_2427,Multiplet
doublet_3895|bc29_958_bc7_567,Multiplet
doublet_3896|bc9_125_bc17_636,Multiplet
doublet_3897|bc21_410_bc26_947,Multiplet
doublet_3898|bc9_798_bc8_718,bc9
doublet_3899|bc2_2384_bc9_693,Multiplet
doublet_3900|bc18_1109_bc26_1462,Multiplet
doublet_3901|bc17_2896_bc2_1648,Multiplet
doublet_3902|bc11_1055_bc21_334,Multiplet
doublet_3903|bc26_1893_bc26_814,bc26
doublet_3904|bc4_70_bc2_301,Multiplet
doublet_3905|bc11_1064_bc16_295,Multiplet
doublet_3906|bc21_693_bc26_2058,Multiplet
doublet_3907|bc26_2746_bc26_1436,bc26
doublet_3908|bc6_340_bc29_386,Multiplet
doublet_3909|bc21_1230_bc9_1988,Multiplet
doublet_3910|bc24_2303_bc16_1158,Multiplet
doublet_3911|bc25_2946_bc20_406,Multiplet
doublet_3912|bc18_583_bc8_1668,Multiplet
doublet_3913|bc9_1455_bc20_1205,Multiplet
doublet_3914|bc1_232_bc26_2903,Multiplet
doublet_3915|bc8_1029_bc9_729,Multiplet
doublet_3916|bc7_385_bc2_1406,Multiplet
doublet_3917|bc20_1276_bc25_2633,Multiplet
doublet_3918|bc8_1922_bc11_642,Multiplet
doublet_3919|bc24_589_bc15_561,Multiplet
doublet_3920|bc16_188_bc25_257,bc16
doublet_3921|bc16_1076_bc9_1842,Multiplet
doublet_3922|bc12_111_bc25_337,Multiplet
doublet_3923|bc17_2959_bc1_103,Multiplet
doublet_3924|bc18_706_bc24_1701,bc24
doublet_3925|bc3_224_bc26_151,Multiplet
doublet_3926|bc25_2291_bc13_70,Multiplet
doublet_3927|bc6_132_bc17_2139,Multiplet
doublet_3928|bc26_2869_bc26_2705,bc26
doublet_3929|bc17_1426_bc20_1084,Multiplet
doublet_3930|bc24_1985_bc11_862,Multiplet
doublet_3931|bc2_2530_bc29_320,bc29
doublet_3932|bc19_710_bc21_1165,Multiplet
doublet_3933|bc21_464_bc6_274,Multiplet
doublet_3934|bc30_519_bc25_2137,Multiplet
doublet_3935|bc21_799_bc7_958,Multiplet
doublet_3936|bc26_1186_bc12_981,Multiplet
doublet_3937|bc17_1526_bc24_960,Multiplet
doublet_3938|bc13_46_bc10_220,Multiplet
doublet_3939|bc12_1006_bc8_236,Multiplet
doublet_3940|bc28_485_bc7_1002,Multiplet
doublet_3941|bc26_127_bc17_650,Multiplet
doublet_3942|bc2_2375_bc25_1706,Multiplet
doublet_3943|bc15_817_bc8_2181,Multiplet
doublet_3944|bc7_474_bc17_2084,Multiplet
doublet_3945|bc2_235_bc3_140,Multiplet
doublet_3946|bc4_392_bc17_1079,Multiplet
doublet_3947|bc20_1300_bc8_1509,Multiplet
doublet_3948|bc9_1914_bc20_389,Multiplet
doublet_3949|bc16_1459_bc24_279,Multiplet
doublet_3950|bc27_29_bc14_128,Multiplet
doublet_3951|bc17_822_bc2_2546,Multiplet
doublet_3952|bc16_864_bc12_1127,Multiplet
doublet_3953|bc18_1286_bc15_449,Multiplet
doublet_3954|bc25_2620_bc8_977,Multiplet
doublet_3955|bc30_903_bc17_1063,Multiplet
doublet_3956|bc17_1605_bc2_1365,Multiplet
doublet_3957|bc2_2657_bc24_821,Multiplet
doublet_3958|bc1_429_bc19_567,Multiplet
doublet_3959|bc25_440_bc7_1197,Multiplet
doublet_3960|bc17_2332_bc24_1664,bc17
doublet_3961|bc8_1651_bc19_363,Multiplet
doublet_3962|bc18_1271_bc16_835,Multiplet
doublet_3963|bc2_1172_bc14_536,Multiplet
doublet_3964|bc25_1092_bc25_411,bc25
doublet_3965|bc15_910_bc17_1741,Multiplet
doublet_3966|bc25_667_bc26_1322,Multiplet
doublet_3967|bc2_587_bc8_1098,Multiplet
doublet_3968|bc2_2145_bc5_289,bc5
doublet_3969|bc15_647_bc28_195,Multiplet
doublet_3970|bc29_637_bc30_1089,Multiplet
doublet_3971|bc13_974_bc4_362,Multiplet
doublet_3972|bc30_465_bc3_63,bc30
doublet_3973|bc7_1110_bc25_2666,Multiplet
doublet_3974|bc26_799_bc20_1116,Multiplet
doublet_3975|bc18_1808_bc10_600,Multiplet
doublet_3976|bc26_2093_bc17_2185,Multiplet
doublet_3977|bc9_980_bc17_2194,Multiplet
doublet_3978|bc24_9_bc26_740,Multiplet
doublet_3979|bc11_1160_bc8_2223,Multiplet
doublet_3980|bc6_256_bc25_1308,Multiplet
doublet_3981|bc13_1165_bc24_942,Multiplet
doublet_3982|bc25_230_bc28_206,Multiplet
doublet_3983|bc2_2660_bc8_967,Multiplet
doublet_3984|bc2_1849_bc25_1570,Multiplet
doublet_3985|bc20_1074_bc24_1109,Multiplet
doublet_3986|bc25_1862_bc25_1635,bc25
doublet_3987|bc11_1099_bc12_61,Multiplet
doublet_3988|bc18_782_bc19_947,Multiplet
doublet_3989|bc24_1475_bc19_101,Multiplet
doublet_3990|bc22_105_bc20_1507,bc20
doublet_3991|bc9_1022_bc4_532,Multiplet
doublet_3992|bc20_546_bc2_486,Multiplet
doublet_3993|bc12_728_bc24_788,Multiplet
doublet_3994|bc24_55_bc25_360,Multiplet
doublet_3995|bc9_500_bc12_401,Multiplet
doublet_3996|bc7_391_bc23_77,Multiplet
doublet_3997|bc26_911_bc25_2944,Multiplet
doublet_3998|bc17_2747_bc19_92,Multiplet
doublet_3999|bc3_127_bc17_637,Multiplet
doublet_4000|bc19_471_bc16_1089,Multiplet
doublet_4001|bc2_2479_bc17_1359,Multiplet
doublet_4002|bc9_570_bc11_596,Multiplet
doublet_4003|bc18_234_bc17_2729,Multiplet
doublet_4004|bc17_2121_bc11_85,Multiplet
doublet_4005|bc30_972_bc15_654,bc30
doublet_4006|bc8_1372_bc17_1841,Multiplet
doublet_4007|bc16_807_bc15_437,bc16
doublet_4008|bc1_400_bc17_346,bc1
doublet_4009|bc25_1199_bc3_79,Multiplet
