,barcode_assign,barcode_count,droplet_type,total_tag_umi
AAACCTGAGCATCATC,HTO_D,1,singlet,8896
AAACCTGAGCCAGGAT,HTO_F,1,singlet,7353
AAACCTGAGGCCCTCA,HTO_A,1,singlet,1196
AAACCTGAGGCTACGA,HTO_H,1,singlet,1563
AAACCTGAGGTGCTTT,HTO_B,1,singlet,852
AAACCTGAGTAGGTGC,HTO_H,1,singlet,536
AAACCTGAGTCATGCT,HTO_G,1,singlet,1916
AAACCTGAGTGCGATG,HTO_H,1,singlet,1250
AAACCTGAGTTCGCGC,multiplet,2,multiplet,3353
AAACCTGCAACCGCCA,HTO_B,1,singlet,1121
AAACCTGCAAGGGTCA,HTO_C,1,singlet,726
AAACCTGCACTAAGTC,HTO_H,1,singlet,451
AAACCTGCAGGACGTA,HTO_H,1,singlet,952
AAACCTGCAGGGTTAG,HTO_G,1,singlet,529
AAACCTGCATAACCTG,HTO_E,1,singlet,2897
AAACCTGCATACAGCT,HTO_B,1,singlet,3605
AAACCTGCATATACCG,HTO_G,1,singlet,550
AAACCTGCATCTACGA,HTO_G,1,singlet,1523
AAACCTGCATCTATGG,multiplet,2,multiplet,1722
AAACCTGGTAAGGGCT,multiplet,2,multiplet,1399
AAACCTGGTAGCCTAT,HTO_H,1,singlet,1347
AAACCTGGTAGCGTGA,multiplet,2,multiplet,3744
AAACCTGGTATAGTAG,HTO_C,1,singlet,813
AAACCTGGTCCGCTGA,HTO_G,1,singlet,1920
AAACCTGGTCGTTGTA,HTO_B,1,singlet,1166
AAACCTGGTCTAAAGA,HTO_C,1,singlet,2161
AAACCTGGTCTCCCTA,multiplet,2,multiplet,1754
AAACCTGGTGACAAAT,multiplet,2,multiplet,2144
AAACCTGGTGTGAATA,HTO_A,1,singlet,496
AAACCTGGTTGGTTTG,HTO_G,1,singlet,1909
AAACCTGGTTTGTGTG,HTO_B,1,singlet,1352
AAACCTGTCATGTCTT,HTO_E,1,singlet,363
AAACCTGTCCACGACG,HTO_E,1,singlet,2553
AAACCTGTCCATGAGT,HTO_H,1,singlet,2938
AAACCTGTCCCATTTA,HTO_F,1,singlet,3102
AAACCTGTCCGTCATC,multiplet,3,multiplet,5893
AAACCTGTCCTAGTGA,HTO_A,1,singlet,1264
AAACCTGTCGCCAGCA,HTO_E,1,singlet,214
AAACCTGTCTGCTGCT,HTO_A,1,singlet,603
AAACGGGAGACCTTTG,HTO_D,1,singlet,1526
AAACGGGAGACGCAAC,multiplet,2,multiplet,2919
AAACGGGAGATAGCAT,HTO_G,1,singlet,1066
AAACGGGAGATATGGT,HTO_B,1,singlet,800
AAACGGGAGCCAGGAT,HTO_D,1,singlet,3105
AAACGGGAGCGTCTAT,HTO_F,1,singlet,1512
AAACGGGAGCGTTCCG,HTO_F,1,singlet,2074
AAACGGGAGGATGGAA,HTO_F,1,singlet,499
AAACGGGAGGCCATAG,HTO_G,1,singlet,3480
AAACGGGAGTACGACG,HTO_F,1,singlet,269
AAACGGGAGTAGTGCG,HTO_D,1,singlet,2484
AAACGGGCAACACCCG,HTO_B,1,singlet,1118
AAACGGGCACCGATAT,HTO_B,1,singlet,3288
AAACGGGCACGGCGTT,HTO_B,1,singlet,972
AAACGGGCATAACCTG,HTO_H,1,singlet,765
AAACGGGCATGTCTCC,HTO_A,1,singlet,349
AAACGGGCATTCTCAT,HTO_H,1,singlet,5216
AAACGGGCATTTCACT,HTO_H,1,singlet,1344
AAACGGGGTAATCACC,HTO_D,1,singlet,7606
AAACGGGGTATGAAAC,HTO_D,1,singlet,2482
AAACGGGGTCGAACAG,HTO_H,1,singlet,1464
AAACGGGGTGGAAAGA,HTO_F,1,singlet,1144
AAACGGGGTTCCAACA,HTO_H,1,singlet,3555
AAACGGGGTTCTGAAC,multiplet,2,multiplet,1185
AAACGGGGTTGTACAC,HTO_A,1,singlet,497
AAACGGGTCAAGCCTA,multiplet,2,multiplet,1836
AAACGGGTCACTTCAT,HTO_H,1,singlet,972
AAACGGGTCCTTGCCA,HTO_B,1,singlet,1931
AAACGGGTCGCGATCG,HTO_H,1,singlet,2866
AAACGGGTCTTCTGGC,HTO_A,1,singlet,1046
AAAGATGAGATCCTGT,multiplet,2,multiplet,6324
AAAGATGAGCCAACAG,HTO_C,1,singlet,813
AAAGATGAGGACAGCT,HTO_A,1,singlet,1042
AAAGATGAGGTTCCTA,HTO_A,1,singlet,244
AAAGATGAGTAGCGGT,HTO_A,1,singlet,1047
AAAGATGAGTGGTAAT,HTO_G,1,singlet,1002
AAAGATGCAACTTGAC,HTO_A,1,singlet,1532
AAAGATGCAAGCCGCT,HTO_F,1,singlet,5565
AAAGATGCAATGTTGC,HTO_G,1,singlet,523
AAAGATGCACAAGTAA,HTO_G,1,singlet,1026
AAAGATGCACCGAATT,multiplet,3,multiplet,3753
AAAGATGCACCGTTGG,HTO_E,1,singlet,2597
AAAGATGCAGGATCGA,HTO_E,1,singlet,1260
AAAGATGCAGGCAGTA,HTO_A,1,singlet,2452
AAAGATGCAGTATAAG,multiplet,2,multiplet,864
AAAGATGCATCATCCC,HTO_H,1,singlet,4533
AAAGATGCATCGGAAG,multiplet,2,multiplet,6211
AAAGATGGTAGTACCT,multiplet,2,multiplet,2562
AAAGATGGTCAGAATA,HTO_B,1,singlet,898
AAAGATGGTCGGCACT,HTO_A,1,singlet,1241
AAAGATGGTCTCCACT,HTO_G,1,singlet,931
AAAGATGGTCTCTCTG,HTO_E,1,singlet,1233
AAAGATGGTGCACCAC,HTO_C,1,singlet,700
AAAGATGGTGGTAACG,HTO_C,1,singlet,833
AAAGATGGTGGTCCGT,HTO_C,1,singlet,643
AAAGATGTCAACCATG,HTO_H,1,singlet,1943
AAAGATGTCAAGGCTT,HTO_F,1,singlet,901
AAAGATGTCAATAAGG,HTO_A,1,singlet,685
AAAGATGTCCGCGCAA,HTO_F,1,singlet,1860
AAAGATGTCTCCAACC,HTO_B,1,singlet,2375
AAAGATGTCTGCAAGT,HTO_A,1,singlet,339
AAAGCAAAGATCTGCT,HTO_C,1,singlet,780
AAAGCAAAGCTGAACG,HTO_A,1,singlet,332
AAAGCAAAGCTGCAAG,multiplet,2,multiplet,1816
AAAGCAAAGGACTGGT,HTO_B,1,singlet,1311
AAAGCAAAGGGATACC,HTO_E,1,singlet,4178
AAAGCAAAGTAAGTAC,HTO_C,1,singlet,734
AAAGCAAAGTAGGCCA,HTO_A,1,singlet,759
AAAGCAAAGTCCGTAT,HTO_G,1,singlet,3576
AAAGCAAAGTGTGGCA,multiplet,2,multiplet,2593
AAAGCAACAAATACAG,HTO_H,1,singlet,676
AAAGCAACAATGTTGC,HTO_C,1,singlet,2002
AAAGCAACACCGGAAA,HTO_C,1,singlet,822
AAAGCAACACCTATCC,HTO_D,1,singlet,2508
AAAGCAACAGGGCATA,HTO_A,1,singlet,4461
AAAGCAACATGGTCAT,HTO_A,1,singlet,722
AAAGCAACATGTAAGA,HTO_B,1,singlet,683
AAAGCAAGTAGCGTGA,multiplet,2,multiplet,3298
AAAGCAAGTAGTACCT,HTO_A,1,singlet,957
AAAGCAAGTATGAATG,HTO_H,1,singlet,1857
AAAGCAAGTCAAAGCG,HTO_F,1,singlet,666
AAAGCAAGTCATATCG,HTO_C,1,singlet,1028
AAAGCAAGTCTCAACA,HTO_E,1,singlet,1704
AAAGCAAGTCTCCATC,multiplet,2,multiplet,3372
AAAGCAAGTTAAGAAC,HTO_B,1,singlet,6102
AAAGCAATCACAATGC,HTO_D,1,singlet,1268
AAAGCAATCAGCACAT,HTO_F,1,singlet,1823
AAAGCAATCAGGTAAA,HTO_B,1,singlet,877
AAAGCAATCAGTCAGT,multiplet,2,multiplet,344
AAAGCAATCGCGATCG,HTO_C,1,singlet,2859
AAAGTAGAGACGCACA,HTO_E,1,singlet,3321
AAAGTAGAGCACCGTC,multiplet,2,multiplet,10799
AAAGTAGAGCCAGAAC,multiplet,2,multiplet,1190
AAAGTAGAGCGCTCCA,HTO_B,1,singlet,1578
AAAGTAGAGCTAAGAT,multiplet,3,multiplet,6934
AAAGTAGAGCTGTCTA,HTO_D,1,singlet,1016
AAAGTAGAGGAGTAGA,HTO_E,1,singlet,3091
AAAGTAGAGGCGCTCT,HTO_G,1,singlet,424
AAAGTAGAGTGATCGG,multiplet,2,multiplet,1089
AAAGTAGCAAGTCTAC,HTO_H,1,singlet,1861
AAAGTAGCAAGTTCTG,HTO_G,1,singlet,3994
AAAGTAGCACACAGAG,HTO_A,1,singlet,862
AAAGTAGCACTTGGAT,HTO_B,1,singlet,2630
AAAGTAGCAGCTATTG,HTO_B,1,singlet,781
AAAGTAGGTAAGTAGT,HTO_A,1,singlet,1034
AAAGTAGGTACTCAAC,HTO_E,1,singlet,1438
AAAGTAGGTAGTAGTA,HTO_C,1,singlet,1183
AAAGTAGGTCAACATC,HTO_B,1,singlet,607
AAAGTAGGTCATACTG,HTO_E,1,singlet,758
AAAGTAGGTCCCGACA,multiplet,2,multiplet,4456
AAAGTAGGTCGGATCC,HTO_C,1,singlet,1588
AAAGTAGGTCTGGAGA,HTO_A,1,singlet,730
AAAGTAGGTGCGATAG,HTO_D,1,singlet,5263
AAAGTAGGTTAAGAAC,HTO_B,1,singlet,2438
AAAGTAGGTTAAGACA,multiplet,2,multiplet,2708
AAAGTAGGTTTGTGTG,multiplet,2,multiplet,2451
AAAGTAGTCAACACCA,HTO_H,1,singlet,1235
AAAGTAGTCACATAGC,HTO_B,1,singlet,922
AAAGTAGTCCACGTGG,HTO_F,1,singlet,704
AAAGTAGTCCTAGAAC,HTO_B,1,singlet,2568
AAAGTAGTCGCACTCT,HTO_A,1,singlet,2814
AAAGTAGTCGGAAACG,HTO_E,1,singlet,2309
AAAGTAGTCGGCGCAT,HTO_H,1,singlet,414
AAAGTAGTCTTAGCCC,HTO_B,1,singlet,2422
AAATGCCAGAGTAAGG,HTO_F,1,singlet,1612
AAATGCCAGAGTACAT,HTO_A,1,singlet,3115
AAATGCCAGCATGGCA,multiplet,2,multiplet,7567
AAATGCCAGGATGGTC,HTO_C,1,singlet,1750
AAATGCCAGTAGATGT,multiplet,2,multiplet,1896
AAATGCCAGTCAAGCG,HTO_F,1,singlet,908
AAATGCCCAAGTCTAC,HTO_E,1,singlet,8893
AAATGCCCAATAACGA,multiplet,3,multiplet,6751
AAATGCCCAATGGACG,HTO_B,1,singlet,3069
AAATGCCCACGGCTAC,HTO_G,1,singlet,1063
AAATGCCCACTTACGA,HTO_D,1,singlet,7132
AAATGCCCAGGGATTG,HTO_G,1,singlet,1527
AAATGCCCATAGGATA,HTO_E,1,singlet,918
AAATGCCGTAAGGGCT,HTO_F,1,singlet,1068
AAATGCCGTCCGCTGA,HTO_D,1,singlet,2032
AAATGCCGTCCGTCAG,HTO_D,1,singlet,1467
AAATGCCGTCGTTGTA,HTO_A,1,singlet,440
AAATGCCGTCTAACGT,HTO_C,1,singlet,1417
AAATGCCGTGGTACAG,HTO_B,1,singlet,1656
AAATGCCGTTTCGCTC,HTO_E,1,singlet,1931
AAATGCCTCAAAGTAG,multiplet,2,multiplet,2740
AAATGCCTCACCGGGT,multiplet,2,multiplet,3162
AAATGCCTCATTTGGG,HTO_G,1,singlet,2512
AAATGCCTCGAATGCT,multiplet,2,multiplet,1129
AAATGCCTCGGAGGTA,HTO_F,1,singlet,872
AAATGCCTCTAACCGA,HTO_B,1,singlet,7007
AAATGCCTCTGATACG,HTO_E,1,singlet,2299
AAATGCCTCTTCAACT,multiplet,2,multiplet,6059
AAATGCCTCTTGTTTG,HTO_C,1,singlet,1835
AACACGTAGAGTAAGG,HTO_B,1,singlet,1483
AACACGTAGATGTAAC,HTO_B,1,singlet,1226
AACACGTAGCTACCTA,multiplet,3,multiplet,3665
AACACGTAGCTTCGCG,HTO_B,1,singlet,461
AACACGTAGGAATGGA,HTO_H,1,singlet,3587
AACACGTAGGCGTACA,HTO_A,1,singlet,606
AACACGTAGGTGACCA,HTO_C,1,singlet,480
AACACGTAGTCACGCC,HTO_A,1,singlet,3560
AACACGTAGTGTCCCG,HTO_H,1,singlet,3529
AACACGTAGTGTTAGA,multiplet,2,multiplet,4268
AACACGTCAAGCCGTC,HTO_G,1,singlet,1259
AACACGTCACATTAGC,HTO_F,1,singlet,2859
AACACGTCACCAGATT,multiplet,2,multiplet,3497
AACACGTCACGACGAA,HTO_G,1,singlet,2766
AACACGTCAGTAAGCG,multiplet,2,multiplet,2131
AACACGTCAGTGACAG,HTO_B,1,singlet,2227
AACACGTCAGTTCATG,HTO_G,1,singlet,706
AACACGTCATGGTCAT,multiplet,2,multiplet,3683
AACACGTGTACGCTGC,HTO_D,1,singlet,3662
AACACGTGTACTTGAC,HTO_E,1,singlet,2946
AACACGTGTAGCGATG,HTO_E,1,singlet,843
AACACGTGTCATATGC,HTO_C,1,singlet,750
AACACGTGTCCTCCAT,multiplet,2,multiplet,942
AACACGTGTGGCAAAC,HTO_D,1,singlet,2354
AACACGTGTTTCGCTC,HTO_A,1,singlet,1098
AACACGTTCAACGGGA,HTO_E,1,singlet,1307
AACACGTTCACGCGGT,multiplet,2,multiplet,1325
AACACGTTCCAACCAA,HTO_D,1,singlet,1664
AACACGTTCGCGCCAA,multiplet,3,multiplet,4189
AACACGTTCGCTAGCG,HTO_F,1,singlet,1345
AACACGTTCGGTTAAC,HTO_A,1,singlet,644
AACACGTTCGTCCAGG,HTO_D,1,singlet,1570
AACACGTTCGTTTGCC,HTO_A,1,singlet,1566
AACACGTTCTGCTTGC,HTO_H,1,singlet,2815
AACCATGAGAAACGAG,HTO_C,1,singlet,1014
AACCATGAGACGACGT,HTO_F,1,singlet,5158
AACCATGAGACTAGAT,HTO_F,1,singlet,1376
AACCATGAGAGACTTA,HTO_D,1,singlet,1998
AACCATGAGATCCTGT,multiplet,2,multiplet,3213
AACCATGAGATCGATA,HTO_D,1,singlet,1420
AACCATGAGCTCCCAG,HTO_D,1,singlet,1072
AACCATGAGCTGATAA,HTO_B,1,singlet,696
AACCATGAGGACACCA,HTO_B,1,singlet,865
AACCATGAGGCGCTCT,HTO_C,1,singlet,837
AACCATGAGTCCTCCT,HTO_G,1,singlet,2083
AACCATGCAATCGAAA,HTO_B,1,singlet,759
AACCATGCACGGATAG,HTO_D,1,singlet,2928
AACCATGCACGTCTCT,HTO_C,1,singlet,759
AACCATGCAGACGCTC,HTO_B,1,singlet,4754
AACCATGCAGCTGTTA,HTO_D,1,singlet,2031
AACCATGCAGGATTGG,multiplet,2,multiplet,1922
AACCATGCAGTACACT,multiplet,2,multiplet,2272
AACCATGCATCCGTGG,HTO_D,1,singlet,1206
AACCATGGTAATAGCA,HTO_G,1,singlet,1398
AACCATGGTCAAACTC,HTO_A,1,singlet,987
AACCATGGTGGCAAAC,HTO_G,1,singlet,1947
AACCATGGTTCACCTC,HTO_C,1,singlet,705
AACCATGGTTCTGAAC,HTO_H,1,singlet,1054
AACCATGGTTGAGGTG,HTO_C,1,singlet,770
AACCATGTCAACGGCC,HTO_C,1,singlet,748
AACCATGTCAAGGTAA,HTO_G,1,singlet,250
AACCATGTCACCATAG,HTO_E,1,singlet,944
AACCATGTCCTAGTGA,HTO_D,1,singlet,1587
AACCATGTCCTTGACC,HTO_G,1,singlet,2389
AACCATGTCCTTTACA,HTO_E,1,singlet,765
AACCATGTCTTGTTTG,HTO_C,1,singlet,683
AACCGCGAGATGTTAG,HTO_E,1,singlet,7120
AACCGCGAGCCGATTT,HTO_G,1,singlet,1682
AACCGCGAGCTCCCAG,HTO_D,1,singlet,2584
AACCGCGAGCTGAACG,HTO_B,1,singlet,5156
AACCGCGAGGACCACA,HTO_B,1,singlet,1314
AACCGCGAGGCTAGAC,HTO_H,1,singlet,239
AACCGCGAGGCTCAGA,HTO_G,1,singlet,1142
AACCGCGCAATGAAAC,HTO_D,1,singlet,2349
AACCGCGCACCGCTAG,HTO_C,1,singlet,2786
AACCGCGCAGAGCCAA,HTO_A,1,singlet,3468
AACCGCGCAGCCTTGG,HTO_H,1,singlet,1078
AACCGCGCAGGACGTA,HTO_A,1,singlet,3768
AACCGCGCAGGCGATA,HTO_A,1,singlet,1366
AACCGCGCAGGGTACA,HTO_A,1,singlet,2686
AACCGCGCAGTCCTTC,HTO_H,1,singlet,3137
AACCGCGCATATACCG,multiplet,2,multiplet,5019
AACCGCGCATCCGCGA,HTO_D,1,singlet,2739
AACCGCGCATTTGCCC,HTO_E,1,singlet,3290
AACCGCGGTAAACCTC,HTO_A,1,singlet,508
AACCGCGGTAGCGCTC,HTO_B,1,singlet,6809
AACCGCGGTTCAGACT,HTO_B,1,singlet,2083
AACCGCGGTTGAGTTC,HTO_E,1,singlet,626
AACCGCGGTTGATTGC,HTO_A,1,singlet,209
AACCGCGGTTGTGGCC,HTO_F,1,singlet,1881
AACCGCGTCAATCTCT,HTO_H,1,singlet,931
AACCGCGTCAGTTGAC,multiplet,2,multiplet,1137
AACCGCGTCCACGTTC,HTO_H,1,singlet,400
AACCGCGTCCAGGGCT,HTO_E,1,singlet,545
AACCGCGTCCTCCTAG,HTO_G,1,singlet,2176
AACCGCGTCTCGATGA,HTO_G,1,singlet,2640
AACCGCGTCTCGTTTA,HTO_A,1,singlet,711
AACCGCGTCTTGTCAT,HTO_H,1,singlet,1179
AACCGCGTCTTTAGTC,HTO_G,1,singlet,676
AACGTTGAGAAGAAGC,HTO_A,1,singlet,2187
AACGTTGAGACAATAC,HTO_E,1,singlet,1184
AACGTTGAGCGCCTTG,multiplet,2,multiplet,2357
AACGTTGAGCTAAACA,HTO_D,1,singlet,1567
AACGTTGAGGACACCA,HTO_B,1,singlet,1822
AACGTTGAGGAGTACC,HTO_H,1,singlet,641
AACGTTGAGGGCTTGA,HTO_F,1,singlet,2664
AACGTTGAGTGGTAGC,HTO_C,1,singlet,1281
AACGTTGCAAACAACA,HTO_B,1,singlet,1316
AACGTTGCAAACTGCT,multiplet,2,multiplet,4207
AACGTTGCAATCAGAA,HTO_D,1,singlet,2440
AACGTTGCACCTCGGA,multiplet,2,multiplet,3680
AACGTTGCACGGCGTT,HTO_F,1,singlet,1514
AACGTTGCACGGTTTA,multiplet,2,multiplet,1104
AACGTTGCACTCTGTC,HTO_H,1,singlet,566
AACGTTGCATATACGC,HTO_G,1,singlet,1430
AACGTTGCATTTCAGG,HTO_G,1,singlet,3223
AACGTTGGTAACGTTC,HTO_A,1,singlet,2730
AACGTTGGTCCGAACC,HTO_F,1,singlet,1400
AACGTTGGTTCCACTC,HTO_D,1,singlet,1706
AACGTTGTCACCTTAT,negative,0,negative,74
AACGTTGTCAGGCAAG,HTO_H,1,singlet,2727
AACGTTGTCATGGTCA,multiplet,2,multiplet,2349
AACGTTGTCGGATGTT,HTO_G,1,singlet,2009
AACGTTGTCGTACGGC,multiplet,2,multiplet,4736
AACGTTGTCTCGTTTA,HTO_H,1,singlet,644
AACTCAGAGACCACGA,HTO_F,1,singlet,1973
AACTCAGAGACTAGAT,HTO_G,1,singlet,730
AACTCAGAGATCGATA,multiplet,2,multiplet,2428
AACTCAGAGATGTGGC,HTO_B,1,singlet,4180
AACTCAGAGCAAATCA,HTO_A,1,singlet,570
AACTCAGAGCAGGTCA,multiplet,2,multiplet,1888
AACTCAGAGCGTAGTG,HTO_G,1,singlet,603
AACTCAGAGCTTATCG,multiplet,2,multiplet,2810
AACTCAGAGGGAGTAA,HTO_B,1,singlet,1488
AACTCAGAGGTAGCCA,HTO_D,1,singlet,2103
AACTCAGAGTCGCCGT,multiplet,2,multiplet,4772
AACTCAGAGTGAACAT,HTO_G,1,singlet,2026
AACTCAGAGTGAAGTT,multiplet,2,multiplet,4590
AACTCAGCAGGGCATA,HTO_H,1,singlet,1082
AACTCAGCATTCACTT,HTO_H,1,singlet,962
AACTCAGGTAGGACAC,HTO_F,1,singlet,386
AACTCAGGTCGAACAG,multiplet,2,multiplet,4361
AACTCAGGTCGTGGCT,multiplet,2,multiplet,2514
AACTCAGGTGACGCCT,HTO_F,1,singlet,1264
AACTCAGGTTACGACT,HTO_C,1,singlet,721
AACTCAGGTTCCCGAG,HTO_D,1,singlet,675
AACTCAGGTTCCGTCT,multiplet,2,multiplet,9874
AACTCAGTCAACACCA,HTO_D,1,singlet,2326
AACTCAGTCAATACCG,HTO_E,1,singlet,1088
AACTCAGTCCTTTCTC,HTO_B,1,singlet,2885
AACTCAGTCGGCGCAT,HTO_C,1,singlet,599
AACTCAGTCTACTTAC,HTO_A,1,singlet,254
AACTCAGTCTCCAGGG,HTO_F,1,singlet,1619
AACTCAGTCTGATTCT,multiplet,3,multiplet,7005
AACTCAGTCTGCTGCT,HTO_A,1,singlet,1341
AACTCAGTCTGCTGTC,HTO_H,1,singlet,2484
AACTCCCAGAACAATC,multiplet,3,multiplet,3460
AACTCCCAGATGCCAG,HTO_A,1,singlet,912
AACTCCCAGCTATGCT,multiplet,2,multiplet,1741
AACTCCCAGCTGAACG,HTO_F,1,singlet,1405
AACTCCCAGGATTCGG,HTO_B,1,singlet,2800
AACTCCCAGGCCCGTT,HTO_G,1,singlet,671
AACTCCCAGGGTGTTG,multiplet,2,multiplet,7688
AACTCCCAGTCGTTTG,HTO_A,1,singlet,559
AACTCCCCAACGCACC,HTO_G,1,singlet,1729
AACTCCCCACCAGCAC,multiplet,2,multiplet,2093
AACTCCCCACCCATTC,HTO_H,1,singlet,933
AACTCCCCACGCCAGT,HTO_H,1,singlet,3815
AACTCCCCACGCGAAA,HTO_B,1,singlet,2541
AACTCCCCACGTTGGC,HTO_B,1,singlet,1722
AACTCCCCACTTAAGC,HTO_D,1,singlet,2511
AACTCCCCAGCCTATA,HTO_B,1,singlet,1402
AACTCCCCAGCTCGAC,HTO_H,1,singlet,1987
AACTCCCCAGGATTGG,multiplet,2,multiplet,3181
AACTCCCCATGAGCGA,HTO_G,1,singlet,1856
AACTCCCGTCGAACAG,HTO_H,1,singlet,1082
AACTCCCGTCGTTGTA,HTO_C,1,singlet,481
AACTCCCGTTAAAGAC,HTO_H,1,singlet,646
AACTCCCGTTCGTGAT,HTO_D,1,singlet,1636
AACTCCCGTTGAACTC,HTO_E,1,singlet,1177
AACTCCCGTTTGACTG,HTO_H,1,singlet,1504
AACTCCCTCACCAGGC,HTO_D,1,singlet,1551
AACTCCCTCCTTAATC,HTO_B,1,singlet,4502
AACTCCCTCGTAGGTT,HTO_E,1,singlet,4486
AACTCCCTCGTCACGG,HTO_C,1,singlet,562
AACTCCCTCTCGCATC,HTO_C,1,singlet,4788
AACTCTTAGACGCAAC,HTO_E,1,singlet,1149
AACTCTTAGATATGGT,HTO_H,1,singlet,2182
AACTCTTAGCGATTCT,HTO_A,1,singlet,2174
AACTCTTAGCTGCAAG,HTO_D,1,singlet,2932
AACTCTTAGGTGCTTT,HTO_B,1,singlet,1994
AACTCTTAGTCTCCTC,HTO_B,1,singlet,1043
AACTCTTAGTGTACTC,HTO_H,1,singlet,1236
AACTCTTAGTTGAGAT,HTO_D,1,singlet,1457
AACTCTTCAAGTCTAC,HTO_E,1,singlet,4933
AACTCTTCACAAGACG,HTO_A,1,singlet,1284
AACTCTTCACATCCGG,HTO_E,1,singlet,1636
AACTCTTCACCCTATC,HTO_E,1,singlet,868
AACTCTTCAGGTCGTC,HTO_B,1,singlet,849
AACTCTTCATCGGGTC,HTO_D,1,singlet,1334
AACTCTTGTAGAGGAA,HTO_E,1,singlet,690
AACTCTTGTAGTACCT,HTO_G,1,singlet,3843
AACTCTTGTATTCGTG,HTO_A,1,singlet,505
AACTCTTGTCAACATC,HTO_C,1,singlet,533
AACTCTTGTGAAATCA,HTO_H,1,singlet,2704
AACTCTTGTGACTACT,multiplet,2,multiplet,1327
AACTCTTGTGTTTGGT,HTO_B,1,singlet,445
AACTCTTTCAATCACG,HTO_D,1,singlet,1767
AACTCTTTCATGTCTT,HTO_E,1,singlet,2195
AACTCTTTCCCATTTA,HTO_A,1,singlet,673
AACTCTTTCCTTAATC,HTO_B,1,singlet,2433
AACTCTTTCGGCGGTT,HTO_G,1,singlet,2585
AACTCTTTCTTAGAGC,HTO_B,1,singlet,1205
AACTCTTTCTTGCCGT,HTO_D,1,singlet,1751
AACTGGTAGACCTAGG,HTO_B,1,singlet,1222
AACTGGTAGAGCAATT,HTO_C,1,singlet,652
AACTGGTAGATATGGT,HTO_B,1,singlet,1105
AACTGGTAGGCGTACA,HTO_B,1,singlet,3708
AACTGGTAGGGATACC,HTO_B,1,singlet,3091
AACTGGTAGTGCAAGC,HTO_F,1,singlet,6942
AACTGGTAGTGCCAGA,HTO_E,1,singlet,4925
AACTGGTAGTGCGATG,HTO_A,1,singlet,1630
AACTGGTAGTGGGTTG,HTO_G,1,singlet,767
AACTGGTCAATGTAAG,HTO_D,1,singlet,3307
AACTGGTCACAACGTT,HTO_A,1,singlet,1928
AACTGGTCACATCCAA,HTO_C,1,singlet,752
AACTGGTCACGTTGGC,HTO_A,1,singlet,1255
AACTGGTCAGACAAGC,HTO_G,1,singlet,1460
AACTGGTCAGGTCGTC,HTO_G,1,singlet,477
AACTGGTCAGTATCTG,HTO_B,1,singlet,926
AACTGGTCATCCAACA,HTO_C,1,singlet,501
AACTGGTGTAGCGTCC,multiplet,2,multiplet,4984
AACTGGTGTCGCTTTC,HTO_B,1,singlet,2543
AACTGGTGTCGTTGTA,HTO_H,1,singlet,2014
AACTGGTGTGGCTCCA,HTO_F,1,singlet,1254
AACTGGTGTTACGGAG,HTO_G,1,singlet,885
AACTGGTTCAAGAAGT,HTO_A,1,singlet,2217
AACTGGTTCAGAGCTT,HTO_F,1,singlet,2748
AACTGGTTCATAGCAC,HTO_A,1,singlet,647
AACTGGTTCCAAATGC,HTO_A,1,singlet,481
AACTGGTTCCACGTGG,HTO_C,1,singlet,2039
AACTGGTTCCACTGGG,multiplet,2,multiplet,1448
AACTGGTTCCTCAATT,HTO_A,1,singlet,1141
AACTGGTTCGCCCTTA,HTO_A,1,singlet,1871
AACTGGTTCGGAAATA,HTO_C,1,singlet,2707
AACTGGTTCGGATGTT,HTO_F,1,singlet,1026
AACTGGTTCGGTTCGG,multiplet,2,multiplet,1508
AACTGGTTCGTGACAT,HTO_C,1,singlet,2340
AACTGGTTCTCAAACG,HTO_E,1,singlet,1536
AACTGGTTCTCCAGGG,HTO_F,1,singlet,828
AACTGGTTCTCGATGA,HTO_A,1,singlet,3262
AACTGGTTCTCGTATT,HTO_A,1,singlet,394
AACTGGTTCTGTGCAA,HTO_C,1,singlet,747
AACTGGTTCTTGTCAT,HTO_C,1,singlet,656
AACTTTCAGAAACCAT,HTO_D,1,singlet,3345
AACTTTCAGAACTCGG,multiplet,2,multiplet,1753
AACTTTCAGACAATAC,HTO_B,1,singlet,2165
AACTTTCAGATAGGAG,multiplet,2,multiplet,1512
AACTTTCAGCAACGGT,HTO_G,1,singlet,2413
AACTTTCAGCCGGTAA,HTO_A,1,singlet,1695
AACTTTCAGCTTTGGT,HTO_F,1,singlet,1810
AACTTTCAGTCTCGGC,HTO_D,1,singlet,3524
AACTTTCCAACTGGCC,HTO_C,1,singlet,681
AACTTTCCAATAACGA,HTO_G,1,singlet,706
AACTTTCCACACATGT,HTO_C,1,singlet,2768
AACTTTCCAGCTTAAC,HTO_E,1,singlet,393
AACTTTCCAGTCAGCC,HTO_H,1,singlet,727
AACTTTCCATACGCTA,HTO_F,1,singlet,1970
AACTTTCCATCGTCGG,HTO_B,1,singlet,1515
AACTTTCCATTCCTGC,HTO_H,1,singlet,1032
AACTTTCGTAATCGTC,HTO_H,1,singlet,1273
AACTTTCGTACTCGCG,HTO_F,1,singlet,2482
AACTTTCGTAGCAAAT,HTO_G,1,singlet,752
AACTTTCGTAGCCTCG,HTO_E,1,singlet,1347
AACTTTCGTAGGACAC,HTO_F,1,singlet,670
AACTTTCGTAGTGAAT,HTO_H,1,singlet,3310
AACTTTCGTCAATGTC,multiplet,2,multiplet,921
AACTTTCGTCGGCACT,HTO_B,1,singlet,852
AACTTTCGTCGGGTCT,HTO_H,1,singlet,600
AACTTTCGTGAACCTT,HTO_B,1,singlet,1019
AACTTTCGTGCACTTA,HTO_H,1,singlet,4095
AACTTTCGTGCCTGGT,HTO_H,1,singlet,1183
AACTTTCGTTACGTCA,HTO_C,1,singlet,1409
AACTTTCTCAGCTCTC,HTO_H,1,singlet,762
AACTTTCTCAGGATCT,multiplet,2,multiplet,1389
AACTTTCTCCCGACTT,HTO_D,1,singlet,2002
AACTTTCTCCTATTCA,HTO_A,1,singlet,379
AACTTTCTCGCCCTTA,HTO_D,1,singlet,1933
AAGACCTAGACTAGAT,HTO_F,1,singlet,1307
AAGACCTAGCCTATGT,HTO_H,1,singlet,825
AAGACCTAGCTGAAAT,HTO_B,1,singlet,4065
AAGACCTAGGAATGGA,HTO_H,1,singlet,755
AAGACCTAGGGTCGAT,HTO_H,1,singlet,1383
AAGACCTAGGTCATCT,HTO_C,1,singlet,770
AAGACCTAGTGTGAAT,HTO_G,1,singlet,1632
AAGACCTCAACACGCC,HTO_B,1,singlet,2414
AAGACCTCAAGAAGAG,HTO_C,1,singlet,1027
AAGACCTCAAGGGTCA,HTO_B,1,singlet,750
AAGACCTCAAGTCATC,multiplet,2,multiplet,6094
AAGACCTCACACTGCG,HTO_F,1,singlet,1472
AAGACCTCACATAACC,HTO_H,1,singlet,2416
AAGACCTCACATGGGA,HTO_G,1,singlet,556
AAGACCTCACGAGGTA,HTO_D,1,singlet,1296
AAGACCTCACGTGAGA,HTO_C,1,singlet,866
AAGACCTCAGGCGATA,HTO_B,1,singlet,737
AAGACCTCAGTACACT,HTO_C,1,singlet,3135
AAGACCTCAGTGAGTG,HTO_D,1,singlet,1093
AAGACCTCATCTACGA,HTO_G,1,singlet,4250
AAGACCTGTAAACACA,HTO_F,1,singlet,1585
AAGACCTGTCTAAACC,HTO_H,1,singlet,6445
AAGACCTGTCTCACCT,HTO_C,1,singlet,741
AAGACCTGTGTTGGGA,HTO_D,1,singlet,1375
AAGACCTTCCATGCTC,HTO_H,1,singlet,842
AAGACCTTCGGCATCG,multiplet,2,multiplet,3947
AAGACCTTCGTAGGAG,multiplet,2,multiplet,1743
AAGACCTTCGTCTGCT,HTO_H,1,singlet,1119
AAGACCTTCGTTTGCC,HTO_D,1,singlet,1509
AAGACCTTCTAACTTC,HTO_A,1,singlet,2008
AAGACCTTCTCAACTT,HTO_B,1,singlet,757
AAGCCGCAGAAACCGC,multiplet,2,multiplet,6166
AAGCCGCAGAAGGTGA,HTO_A,1,singlet,333
AAGCCGCAGAGTCTGG,HTO_C,1,singlet,976
AAGCCGCAGCACACAG,HTO_B,1,singlet,766
AAGCCGCAGGATATAC,HTO_B,1,singlet,1583
AAGCCGCAGGGCACTA,HTO_G,1,singlet,5868
AAGCCGCCAAGTCATC,HTO_B,1,singlet,1197
AAGCCGCCAATGTTGC,HTO_C,1,singlet,539
AAGCCGCCACGCATCG,HTO_B,1,singlet,1155
AAGCCGCCAGATAATG,HTO_D,1,singlet,1916
AAGCCGCCAGCATACT,HTO_B,1,singlet,1600
AAGCCGCCAGGGTACA,HTO_A,1,singlet,4302
AAGCCGCCAGGTTTCA,multiplet,2,multiplet,1600
AAGCCGCGTACAGTTC,HTO_B,1,singlet,1431
AAGCCGCTCATCGGAT,HTO_F,1,singlet,1786
AAGCCGCTCTAGAGTC,HTO_C,1,singlet,762
AAGGAGCAGAATTGTG,HTO_A,1,singlet,3557
AAGGAGCAGATAGTCA,HTO_D,1,singlet,1518
AAGGAGCAGCAATCTC,HTO_C,1,singlet,1126
AAGGAGCAGCGATCCC,multiplet,2,multiplet,1257
AAGGAGCAGGCGCTCT,HTO_C,1,singlet,2593
AAGGAGCAGGTCATCT,HTO_E,1,singlet,903
AAGGAGCAGTACGATA,HTO_D,1,singlet,2339
AAGGAGCCAACTGCTA,HTO_C,1,singlet,1655
AAGGAGCCACAAGCCC,HTO_A,1,singlet,475
AAGGAGCCACAGGAGT,multiplet,2,multiplet,4483
AAGGAGCCACATTTCT,HTO_G,1,singlet,1183
AAGGAGCCACCAGATT,HTO_D,1,singlet,1723
AAGGAGCCACGAAACG,multiplet,2,multiplet,7099
AAGGAGCCAGCCAATT,HTO_B,1,singlet,771
AAGGAGCCAGCGTCCA,HTO_F,1,singlet,400
AAGGAGCCAGCTCGCA,HTO_H,1,singlet,3748
AAGGAGCCAGCTGTTA,multiplet,2,multiplet,3489
AAGGAGCCATCCGGGT,HTO_F,1,singlet,4087
AAGGAGCCATCCTTGC,multiplet,2,multiplet,2162
AAGGAGCGTAATTGGA,HTO_B,1,singlet,1355
AAGGAGCGTAGCACGA,HTO_F,1,singlet,4479
AAGGAGCGTAGCCTAT,HTO_H,1,singlet,923
AAGGAGCGTAGGCATG,HTO_A,1,singlet,404
AAGGAGCGTATAGGTA,HTO_A,1,singlet,958
AAGGAGCGTCAATGTC,multiplet,2,multiplet,841
AAGGAGCGTCTTGCGG,multiplet,2,multiplet,1269
AAGGAGCGTTAAAGTG,multiplet,2,multiplet,4833
AAGGAGCGTTCACGGC,HTO_D,1,singlet,1285
AAGGAGCGTTGCGTTA,HTO_D,1,singlet,2081
AAGGAGCTCACCCTCA,HTO_D,1,singlet,2222
AAGGAGCTCAGCTCTC,HTO_C,1,singlet,884
AAGGCAGAGACCTAGG,HTO_F,1,singlet,1022
AAGGCAGAGATCCGAG,multiplet,2,multiplet,5831
AAGGCAGAGCCAGGAT,HTO_H,1,singlet,1980
AAGGCAGAGGACACCA,HTO_G,1,singlet,845
AAGGCAGAGGTGCTAG,HTO_B,1,singlet,3987
AAGGCAGAGGTTACCT,multiplet,2,multiplet,6246
AAGGCAGCAAACGTGG,HTO_A,1,singlet,363
AAGGCAGCAAACTGCT,HTO_A,1,singlet,1313
AAGGCAGCAAAGCAAT,HTO_B,1,singlet,2044
AAGGCAGCAACTGCTA,HTO_E,1,singlet,955
AAGGCAGCAAGAGGCT,HTO_A,1,singlet,1379
AAGGCAGCACCAGATT,HTO_E,1,singlet,1264
AAGGCAGCACTAAGTC,HTO_F,1,singlet,8500
AAGGCAGCAGTTCCCT,HTO_C,1,singlet,2261
AAGGCAGCAGTTTACG,HTO_F,1,singlet,1031
AAGGCAGCATAACCTG,HTO_C,1,singlet,1704
AAGGCAGCATCGGACC,HTO_D,1,singlet,2333
AAGGCAGGTAAGGATT,HTO_D,1,singlet,4729
AAGGCAGGTCAATGTC,HTO_D,1,singlet,2191
AAGGCAGGTCACTTCC,HTO_H,1,singlet,734
AAGGCAGGTCTAGAGG,HTO_F,1,singlet,987
AAGGCAGGTGATGCCC,HTO_A,1,singlet,666
AAGGCAGGTGCCTGTG,HTO_E,1,singlet,1002
AAGGCAGGTGGGTCAA,HTO_H,1,singlet,991
AAGGCAGGTGTCTGAT,HTO_G,1,singlet,3597
AAGGCAGGTTAAAGAC,HTO_G,1,singlet,1329
AAGGCAGTCAGGCCCA,HTO_H,1,singlet,674
AAGGCAGTCCGTACAA,HTO_C,1,singlet,1185
AAGGCAGTCTGCCCTA,HTO_B,1,singlet,1073
AAGGTTCAGCGTGTCC,HTO_F,1,singlet,2604
AAGGTTCAGGTGTGGT,HTO_H,1,singlet,1006
AAGGTTCCAACACCCG,HTO_G,1,singlet,2904
AAGGTTCCAAGAGTCG,HTO_H,1,singlet,2439
AAGGTTCCAATGTTGC,multiplet,2,multiplet,4908
AAGGTTCCACCAGCAC,HTO_E,1,singlet,1631
AAGGTTCCACGTCTCT,HTO_B,1,singlet,1026
AAGGTTCCAGATCCAT,HTO_C,1,singlet,621
AAGGTTCCATACAGCT,HTO_A,1,singlet,248
AAGGTTCCATGCTGGC,HTO_D,1,singlet,7160
AAGGTTCCATGTTGAC,HTO_G,1,singlet,1108
AAGGTTCGTAAGTGTA,HTO_B,1,singlet,2872
AAGGTTCGTCGCTTCT,HTO_E,1,singlet,341
AAGGTTCGTCGGCACT,multiplet,2,multiplet,2594
AAGGTTCGTCTTGATG,HTO_H,1,singlet,3091
AAGGTTCGTGACAAAT,HTO_D,1,singlet,1094
AAGGTTCGTTAAGACA,HTO_B,1,singlet,1113
AAGGTTCGTTAAGATG,multiplet,2,multiplet,1374
AAGGTTCGTTCAGACT,HTO_C,1,singlet,1499
AAGGTTCGTTGTGGAG,multiplet,2,multiplet,3919
AAGGTTCTCAACGGCC,HTO_H,1,singlet,3456
AAGGTTCTCAAGAAGT,HTO_C,1,singlet,434
AAGGTTCTCAATAAGG,multiplet,2,multiplet,7327
AAGGTTCTCACGATGT,HTO_H,1,singlet,1652
AAGGTTCTCAGTCCCT,HTO_D,1,singlet,3441
AAGGTTCTCGGACAAG,HTO_H,1,singlet,1252
AAGGTTCTCTAACGGT,HTO_E,1,singlet,2696
AAGGTTCTCTGACCTC,multiplet,2,multiplet,1477
AAGTCTGAGACTTGAA,HTO_F,1,singlet,268
AAGTCTGAGCACGCCT,HTO_E,1,singlet,578
AAGTCTGAGCCGGTAA,HTO_B,1,singlet,1582
AAGTCTGAGCGTAGTG,multiplet,2,multiplet,1168
AAGTCTGAGCGTCTAT,HTO_H,1,singlet,339
AAGTCTGAGCTCCTTC,HTO_G,1,singlet,1124
AAGTCTGAGCTGAAAT,HTO_F,1,singlet,760
AAGTCTGAGCTGCCCA,HTO_B,1,singlet,1323
AAGTCTGAGCTGGAAC,HTO_F,1,singlet,315
AAGTCTGAGGCTAGGT,multiplet,2,multiplet,2528
AAGTCTGAGGCTATCT,multiplet,2,multiplet,1107
AAGTCTGAGGTAAACT,HTO_A,1,singlet,708
AAGTCTGAGTAAGTAC,HTO_G,1,singlet,852
AAGTCTGAGTCATGCT,HTO_E,1,singlet,1469
AAGTCTGAGTGGGTTG,HTO_G,1,singlet,5384
AAGTCTGCAACACCTA,HTO_G,1,singlet,258
AAGTCTGCAATCTGCA,multiplet,2,multiplet,3979
AAGTCTGCACATCCAA,HTO_C,1,singlet,395
AAGTCTGCACGGTTTA,multiplet,2,multiplet,4853
AAGTCTGCACTATCTT,HTO_A,1,singlet,692
AAGTCTGCACTTAAGC,HTO_G,1,singlet,1083
AAGTCTGCAGTGAGTG,HTO_B,1,singlet,4299
AAGTCTGCAGTTTACG,HTO_H,1,singlet,721
AAGTCTGCATGGAATA,HTO_C,1,singlet,1237
AAGTCTGGTAAATGAC,HTO_E,1,singlet,543
AAGTCTGGTACCTACA,HTO_D,1,singlet,1051
AAGTCTGGTATTCTCT,multiplet,2,multiplet,2185
AAGTCTGGTCAAAGAT,HTO_H,1,singlet,952
AAGTCTGGTCAAAGCG,HTO_E,1,singlet,887
AAGTCTGGTCCTGCTT,HTO_A,1,singlet,494
AAGTCTGGTCGGGTCT,multiplet,2,multiplet,1927
AAGTCTGGTGTGACGA,HTO_G,1,singlet,634
AAGTCTGGTTATCACG,HTO_F,1,singlet,2893
AAGTCTGGTTGCCTCT,HTO_G,1,singlet,1170
AAGTCTGGTTGTCTTT,HTO_D,1,singlet,2132
AAGTCTGGTTGTTTGG,HTO_H,1,singlet,1798
AAGTCTGTCCAATGGT,HTO_H,1,singlet,998
AAGTCTGTCCCTTGCA,HTO_G,1,singlet,1237
AAGTCTGTCCGTAGGC,HTO_C,1,singlet,480
AAGTCTGTCCTAAGTG,HTO_B,1,singlet,884
AAGTCTGTCGAGAGCA,HTO_C,1,singlet,789
AAGTCTGTCGGCGGTT,HTO_C,1,singlet,795
AAGTCTGTCGTCACGG,HTO_A,1,singlet,1574
AAGTCTGTCTATCCTA,HTO_H,1,singlet,921
AAGTCTGTCTTCAACT,HTO_C,1,singlet,2321
AAGTCTGTCTTGAGAC,HTO_H,1,singlet,1463
AATCCAGAGAAAGTGG,HTO_H,1,singlet,1121
AATCCAGAGAAGGTTT,HTO_C,1,singlet,971
AATCCAGAGACCACGA,HTO_E,1,singlet,858
AATCCAGAGATCACGG,HTO_G,1,singlet,1271
AATCCAGAGCACAGGT,HTO_F,1,singlet,1439
AATCCAGAGCCAGAAC,HTO_D,1,singlet,3578
AATCCAGAGGAACTGC,HTO_C,1,singlet,1223
AATCCAGAGTCAAGCG,HTO_G,1,singlet,1732
AATCCAGAGTGAACGC,HTO_G,1,singlet,3431
AATCCAGCAACACCTA,HTO_E,1,singlet,3825
AATCCAGCAATACGCT,multiplet,2,multiplet,3972
AATCCAGCACATGTGT,HTO_F,1,singlet,2037
AATCCAGCACCAGCAC,HTO_D,1,singlet,1454
AATCCAGCACCCATGG,HTO_F,1,singlet,1751
AATCCAGCAGACAAAT,HTO_D,1,singlet,2976
AATCCAGCAGGACGTA,HTO_E,1,singlet,1630
AATCCAGCAGTCGATT,HTO_E,1,singlet,5695
AATCCAGCATCAGTCA,HTO_C,1,singlet,1174
AATCCAGCATTCACTT,HTO_D,1,singlet,2463
AATCCAGGTACACCGC,HTO_F,1,singlet,3601
AATCCAGGTACATGTC,multiplet,2,multiplet,7538
AATCCAGGTATGGTTC,HTO_G,1,singlet,1112
AATCCAGGTCATATGC,multiplet,2,multiplet,7841
AATCCAGGTGCAACTT,HTO_C,1,singlet,625
AATCCAGGTGCTAGCC,HTO_B,1,singlet,2047
AATCCAGGTTAAGTAG,multiplet,2,multiplet,1590
AATCCAGTCAGCTTAG,HTO_A,1,singlet,1471
AATCCAGTCAGTCCCT,HTO_B,1,singlet,1681
AATCCAGTCCAAGTAC,HTO_H,1,singlet,3118
AATCCAGTCCAGTAGT,HTO_H,1,singlet,1394
AATCCAGTCGAACTGT,HTO_E,1,singlet,3726
AATCCAGTCGCCTGAG,HTO_G,1,singlet,1852
AATCGGTAGACAAAGG,HTO_D,1,singlet,1172
AATCGGTAGCCATCGC,HTO_G,1,singlet,510
AATCGGTAGCCGATTT,multiplet,2,multiplet,3600
AATCGGTAGCGTAATA,HTO_C,1,singlet,672
AATCGGTAGGACAGAA,multiplet,2,multiplet,3826
AATCGGTAGTAATCCC,multiplet,2,multiplet,2296
AATCGGTAGTACACCT,HTO_G,1,singlet,662
AATCGGTAGTCCGTAT,HTO_B,1,singlet,3535
AATCGGTAGTCTCCTC,HTO_B,1,singlet,951
AATCGGTAGTCTTGCA,HTO_F,1,singlet,2047
AATCGGTAGTTAGGTA,HTO_C,1,singlet,473
AATCGGTCAAGCTGAG,HTO_E,1,singlet,1054
AATCGGTCACATGACT,HTO_B,1,singlet,2076
AATCGGTCACATTAGC,HTO_C,1,singlet,758
AATCGGTCACGAAACG,HTO_A,1,singlet,2691
AATCGGTCACGGCGTT,multiplet,2,multiplet,3567
AATCGGTCAGCCAGAA,HTO_H,1,singlet,2181
AATCGGTCAGGAATGC,multiplet,2,multiplet,1691
AATCGGTCAGGTCCAC,HTO_F,1,singlet,3641
AATCGGTCATGTAGTC,HTO_B,1,singlet,567
AATCGGTCATTAACCG,HTO_C,1,singlet,1915
AATCGGTGTAAGTTCC,HTO_H,1,singlet,1268
AATCGGTGTACGCTGC,multiplet,2,multiplet,1693
AATCGGTGTAGCTAAA,HTO_B,1,singlet,1681
AATCGGTGTCAGAATA,HTO_H,1,singlet,288
AATCGGTGTGACTACT,HTO_E,1,singlet,1532
AATCGGTGTGTTGAGG,multiplet,2,multiplet,3153
AATCGGTGTTCTGAAC,HTO_E,1,singlet,2913
AATCGGTGTTGGGACA,HTO_A,1,singlet,561
AATCGGTTCACCCTCA,HTO_H,1,singlet,936
AATCGGTTCCACGTGG,HTO_D,1,singlet,2122
AATCGGTTCCCAAGTA,HTO_G,1,singlet,750
AATCGGTTCGGCGGTT,multiplet,4,multiplet,2725
AATCGGTTCGGTTAAC,multiplet,2,multiplet,942
AATCGGTTCTCTAGGA,HTO_F,1,singlet,587
AATCGGTTCTTGGGTA,HTO_G,1,singlet,309
ACACCAAAGACGCTTT,HTO_G,1,singlet,1008
ACACCAAAGGAATGGA,HTO_H,1,singlet,1014
ACACCAAAGGCGTACA,HTO_D,1,singlet,1722
ACACCAAAGGGATGGG,multiplet,2,multiplet,1061
ACACCAACAAGAAAGG,multiplet,2,multiplet,1824
ACACCAACACAAGACG,HTO_C,1,singlet,2981
ACACCAACACGGATAG,multiplet,2,multiplet,2740
ACACCAACAGGTCTCG,HTO_H,1,singlet,844
ACACCAACATGCGCAC,HTO_F,1,singlet,1417
ACACCAACATGGAATA,HTO_G,1,singlet,759
ACACCAACATGTCTCC,HTO_A,1,singlet,606
ACACCAACATGTTCCC,HTO_D,1,singlet,3079
ACACCAACATTGTGCA,HTO_H,1,singlet,3811
ACACCAACATTTGCCC,HTO_E,1,singlet,1905
ACACCAAGTACAAGTA,multiplet,2,multiplet,1113
ACACCAAGTACAGACG,HTO_C,1,singlet,587
ACACCAAGTACCAGTT,HTO_B,1,singlet,729
ACACCAAGTACCATCA,HTO_C,1,singlet,1478
ACACCAAGTCCGAATT,HTO_A,1,singlet,347
ACACCAAGTCTCACCT,HTO_H,1,singlet,4923
ACACCAAGTCTCCCTA,HTO_E,1,singlet,563
ACACCAAGTGCTAGCC,HTO_B,1,singlet,2043
ACACCAATCAGAGCTT,multiplet,2,multiplet,4129
ACACCAATCAGCGACC,HTO_C,1,singlet,4140
ACACCAATCAGGCGAA,HTO_F,1,singlet,809
ACACCAATCATCGCTC,HTO_B,1,singlet,679
ACACCAATCATCGGAT,HTO_C,1,singlet,2386
ACACCAATCCGTCAAA,HTO_H,1,singlet,1825
ACACCAATCCTTGCCA,HTO_H,1,singlet,966
ACACCAATCGCAAGCC,HTO_B,1,singlet,1803
ACACCAATCGTCCAGG,HTO_E,1,singlet,1180
ACACCAATCTAACTTC,multiplet,2,multiplet,2075
ACACCAATCTGGTATG,HTO_A,1,singlet,223
ACACCAATCTTAGAGC,HTO_A,1,singlet,1396
ACACCCTAGAGTGAGA,HTO_E,1,singlet,829
ACACCCTAGCCTATGT,HTO_H,1,singlet,304
ACACCCTAGCTACCTA,multiplet,4,multiplet,5884
ACACCCTAGCTCCCAG,HTO_A,1,singlet,437
ACACCCTAGGCCCGTT,HTO_C,1,singlet,673
ACACCCTAGGTTCCTA,HTO_D,1,singlet,1269
ACACCCTAGTACACCT,HTO_D,1,singlet,1679
ACACCCTAGTATCTCG,HTO_A,1,singlet,415
ACACCCTAGTCAATAG,HTO_C,1,singlet,505
ACACCCTAGTCATGCT,HTO_A,1,singlet,587
ACACCCTAGTGGGTTG,HTO_D,1,singlet,2478
ACACCCTCAATAACGA,multiplet,2,multiplet,5118
ACACCCTCACCAGTTA,HTO_G,1,singlet,681
ACACCCTCAGGTCCAC,HTO_F,1,singlet,1318
ACACCCTCATGAAGTA,multiplet,2,multiplet,5086
ACACCCTGTAAGCACG,HTO_A,1,singlet,779
ACACCCTGTAGCGTAG,HTO_B,1,singlet,553
ACACCCTGTCCAAGTT,HTO_H,1,singlet,2247
ACACCCTGTCCGAATT,HTO_B,1,singlet,788
ACACCCTGTTCACCTC,HTO_G,1,singlet,1731
ACACCCTGTTCCAACA,HTO_H,1,singlet,1180
ACACCCTGTTCCGTCT,multiplet,2,multiplet,3079
ACACCCTGTTGATTCG,HTO_E,1,singlet,3318
ACACCCTGTTTGACAC,HTO_F,1,singlet,3090
ACACCCTTCACTATTC,HTO_G,1,singlet,483
ACACCCTTCAGATAAG,HTO_E,1,singlet,1675
ACACCCTTCAGCATGT,HTO_D,1,singlet,1687
ACACCCTTCCACGACG,multiplet,2,multiplet,1735
ACACCCTTCCACTGGG,HTO_H,1,singlet,1047
ACACCCTTCCAGAAGG,HTO_B,1,singlet,1040
ACACCCTTCCATGCTC,HTO_C,1,singlet,1276
ACACCCTTCCCAACGG,multiplet,2,multiplet,1838
ACACCCTTCCGTAGGC,HTO_A,1,singlet,386
ACACCCTTCCTAGAAC,HTO_A,1,singlet,769
ACACCCTTCGATGAGG,HTO_H,1,singlet,1546
ACACCCTTCGCAAACT,HTO_B,1,singlet,1159
ACACCCTTCTTCCTTC,HTO_A,1,singlet,443
ACACCCTTCTTGCAAG,HTO_G,1,singlet,1835
ACACCGGAGAAGGCCT,HTO_G,1,singlet,752
ACACCGGAGATCCCGC,HTO_G,1,singlet,947
ACACCGGAGTGAATTG,HTO_C,1,singlet,766
ACACCGGCAACACCTA,multiplet,2,multiplet,2652
ACACCGGCAACGATGG,HTO_D,1,singlet,1727
ACACCGGCAAGCCATT,HTO_B,1,singlet,3162
ACACCGGCAATCGGTT,HTO_D,1,singlet,7848
ACACCGGCAATCTACG,HTO_G,1,singlet,1138
ACACCGGCACGAAATA,multiplet,2,multiplet,3700
ACACCGGCAGATGGGT,HTO_D,1,singlet,2263
ACACCGGCATTCACTT,multiplet,2,multiplet,3342
ACACCGGGTCATTAGC,HTO_G,1,singlet,2834
ACACCGGGTCCTGCTT,HTO_C,1,singlet,873
ACACCGGGTCTAGTGT,HTO_F,1,singlet,534
ACACCGGGTCTCAACA,multiplet,3,multiplet,4294
ACACCGGGTGGCGAAT,HTO_E,1,singlet,1183
ACACCGGGTGGTTTCA,HTO_C,1,singlet,453
ACACCGGGTTAAAGAC,HTO_G,1,singlet,987
ACACCGGGTTCGGCAC,HTO_B,1,singlet,719
ACACCGGTCAGTTGAC,multiplet,2,multiplet,3952
ACACCGGTCAGTTTGG,HTO_A,1,singlet,660
ACACCGGTCCACTCCA,HTO_H,1,singlet,1475
ACACCGGTCCAGAGGA,HTO_F,1,singlet,321
ACACCGGTCCCTAATT,HTO_B,1,singlet,505
ACACCGGTCCGCGTTT,multiplet,2,multiplet,3745
ACACCGGTCCTCTAGC,HTO_E,1,singlet,2449
ACACCGGTCTAACCGA,HTO_A,1,singlet,401
ACACCGGTCTCGTTTA,HTO_B,1,singlet,1695
ACACTGAAGCAGATCG,HTO_H,1,singlet,699
ACACTGAAGGCGTACA,HTO_A,1,singlet,876
ACACTGAAGTGAATTG,HTO_F,1,singlet,506
ACACTGAAGTGTGGCA,multiplet,2,multiplet,2624
ACACTGAAGTTAAGTG,HTO_A,1,singlet,1572
ACACTGACAAGACGTG,HTO_C,1,singlet,2635
ACACTGACACAAGACG,HTO_E,1,singlet,1487
ACACTGACACCACCAG,HTO_A,1,singlet,746
ACACTGACACGACGAA,HTO_C,1,singlet,620
ACACTGACACGCGAAA,HTO_B,1,singlet,1150
ACACTGACAGAGCCAA,multiplet,2,multiplet,4556
ACACTGACAGGTCTCG,HTO_A,1,singlet,1458
ACACTGACATCTGGTA,HTO_C,1,singlet,2892
ACACTGACATGCTGGC,HTO_C,1,singlet,790
ACACTGACATGGTCAT,HTO_B,1,singlet,736
ACACTGAGTACATCCA,HTO_H,1,singlet,829
ACACTGAGTACGACCC,HTO_D,1,singlet,1899
ACACTGAGTACTCTCC,HTO_F,1,singlet,664
ACACTGAGTATATGGA,HTO_D,1,singlet,2394
ACACTGAGTCAAAGAT,multiplet,2,multiplet,4022
ACACTGAGTCGGCATC,HTO_C,1,singlet,2909
ACACTGAGTGAGCGAT,HTO_C,1,singlet,574
ACACTGATCATGCATG,HTO_A,1,singlet,1668
ACACTGATCCGCAAGC,HTO_D,1,singlet,2134
ACACTGATCGATCCCT,HTO_E,1,singlet,278
ACACTGATCGCGGATC,HTO_G,1,singlet,687
ACACTGATCGGAAACG,HTO_C,1,singlet,2630
ACACTGATCGTGTAGT,HTO_A,1,singlet,131
ACACTGATCTCCCTGA,HTO_H,1,singlet,2432
ACACTGATCTTGTACT,HTO_B,1,singlet,1803
ACAGCCGAGCAAATCA,HTO_G,1,singlet,3183
ACAGCCGAGCAGGTCA,multiplet,2,multiplet,2312
ACAGCCGAGCCACGTC,HTO_A,1,singlet,878
ACAGCCGAGCTAGGCA,HTO_G,1,singlet,1212
ACAGCCGAGGGATACC,HTO_E,1,singlet,874
ACAGCCGAGGTGCACA,multiplet,3,multiplet,6841
ACAGCCGAGTCACGCC,multiplet,2,multiplet,1639
ACAGCCGAGTCGTTTG,HTO_F,1,singlet,958
ACAGCCGAGTTACGGG,HTO_D,1,singlet,3381
ACAGCCGCAAGTCATC,HTO_G,1,singlet,470
ACAGCCGCACAACTGT,HTO_G,1,singlet,1017
ACAGCCGCACATAACC,HTO_D,1,singlet,1900
ACAGCCGCACCACCAG,HTO_A,1,singlet,2173
ACAGCCGCACGACGAA,multiplet,2,multiplet,1312
ACAGCCGCACTATCTT,HTO_B,1,singlet,2857
ACAGCCGCAGACAAAT,HTO_H,1,singlet,1582
ACAGCCGCAGCTCGCA,HTO_E,1,singlet,938
ACAGCCGCAGGTGCCT,HTO_A,1,singlet,222
ACAGCCGCAGTCGATT,multiplet,2,multiplet,1513
ACAGCCGCATAGGATA,HTO_B,1,singlet,5216
ACAGCCGCATTAGGCT,HTO_F,1,singlet,3596
ACAGCCGGTATAGTAG,HTO_D,1,singlet,2371
ACAGCCGGTCAAAGCG,HTO_B,1,singlet,1749
ACAGCCGGTCCTGCTT,HTO_E,1,singlet,3193
ACAGCCGGTGCACCAC,HTO_A,1,singlet,1119
ACAGCCGGTGCAGGTA,HTO_H,1,singlet,1784
ACAGCCGGTGCGGTAA,HTO_H,1,singlet,842
ACAGCCGGTTCCGGCA,HTO_E,1,singlet,4111
ACAGCCGGTTCCTCCA,multiplet,2,multiplet,2384
ACAGCCGGTTGGACCC,HTO_B,1,singlet,1715
ACAGCCGGTTTGACTG,HTO_E,1,singlet,2036
ACAGCCGGTTTGCATG,multiplet,2,multiplet,723
ACAGCCGTCATGGTCA,HTO_F,1,singlet,385
ACAGCCGTCCGAGCCA,HTO_C,1,singlet,1208
ACAGCCGTCGTAGGAG,multiplet,2,multiplet,858
ACAGCCGTCTAACTGG,multiplet,2,multiplet,805
ACAGCCGTCTGCCCTA,HTO_D,1,singlet,2208
ACAGCTAAGACACTAA,HTO_D,1,singlet,1261
ACAGCTAAGAGTAAGG,HTO_A,1,singlet,419
ACAGCTAAGCTACCGC,HTO_G,1,singlet,3650
ACAGCTAAGCTATGCT,HTO_H,1,singlet,3409
ACAGCTAAGGCTCAGA,HTO_C,1,singlet,780
ACAGCTAAGGCTCTTA,HTO_F,1,singlet,1858
ACAGCTACACGGCCAT,HTO_H,1,singlet,1008
ACAGCTACACTAGTAC,HTO_E,1,singlet,1651
ACAGCTACACTGTGTA,multiplet,2,multiplet,794
ACAGCTACACTTACGA,multiplet,2,multiplet,5200
ACAGCTACAGGACGTA,HTO_C,1,singlet,738
ACAGCTACAGTACACT,HTO_C,1,singlet,485
ACAGCTACAGTCAGCC,HTO_E,1,singlet,2190
ACAGCTACAGTGGAGT,HTO_G,1,singlet,2099
ACAGCTACATAGGATA,multiplet,2,multiplet,3632
ACAGCTACATCAGTAC,HTO_H,1,singlet,703
ACAGCTACATCGGAAG,HTO_C,1,singlet,643
ACAGCTACATTAGCCA,HTO_G,1,singlet,633
ACAGCTAGTATTACCG,multiplet,2,multiplet,2483
ACAGCTAGTATTCTCT,HTO_H,1,singlet,808
ACAGCTAGTCCGTCAG,HTO_F,1,singlet,683
ACAGCTAGTCTGGTCG,HTO_F,1,singlet,1395
ACAGCTAGTGCAGGTA,HTO_D,1,singlet,2769
ACAGCTAGTGCCTGTG,HTO_E,1,singlet,1104
ACAGCTAGTGCTCTTC,HTO_H,1,singlet,584
ACAGCTAGTGTTAAGA,multiplet,2,multiplet,2638
ACAGCTAGTTGATTGC,HTO_C,1,singlet,2137
ACAGCTATCACGCATA,HTO_D,1,singlet,13590
ACAGCTATCAGCGACC,multiplet,2,multiplet,569
ACAGCTATCAGTACGT,HTO_G,1,singlet,1136
ACAGCTATCATCGATG,HTO_D,1,singlet,4085
ACAGCTATCATTTGGG,HTO_A,1,singlet,575
ACAGCTATCCATTCTA,HTO_D,1,singlet,1578
ACAGCTATCCCTTGTG,HTO_D,1,singlet,1843
ACAGCTATCCGTAGTA,multiplet,3,multiplet,989
ACAGCTATCCTCCTAG,HTO_C,1,singlet,1237
ACAGCTATCCTGTAGA,multiplet,2,multiplet,4284
ACAGCTATCGGTCCGA,HTO_F,1,singlet,1095
ACAGCTATCTGCAAGT,HTO_A,1,singlet,1039
ACAGCTATCTTCCTTC,HTO_G,1,singlet,856
ACATACGAGACAATAC,HTO_A,1,singlet,1202
ACATACGAGAGTAATC,HTO_F,1,singlet,1343
ACATACGAGAGTGAGA,HTO_G,1,singlet,3934
ACATACGAGCAACGGT,HTO_B,1,singlet,1284
ACATACGAGCTAAGAT,multiplet,2,multiplet,2137
ACATACGAGCTAGTTC,HTO_D,1,singlet,5473
ACATACGAGGGAGTAA,HTO_F,1,singlet,1179
ACATACGAGTACGACG,HTO_F,1,singlet,1827
ACATACGAGTAGATGT,HTO_C,1,singlet,1209
ACATACGAGTGACATA,HTO_G,1,singlet,1454
ACATACGAGTGTACTC,HTO_B,1,singlet,692
ACATACGAGTTAGCGG,multiplet,2,multiplet,2763
ACATACGCAAAGTCAA,multiplet,2,multiplet,4430
ACATACGCAAGTTCTG,HTO_F,1,singlet,4081
ACATACGCAATCGAAA,HTO_H,1,singlet,929
ACATACGCAATGTTGC,HTO_C,1,singlet,1803
ACATACGCACACAGAG,HTO_F,1,singlet,5419
ACATACGCACGCCAGT,HTO_A,1,singlet,831
ACATACGCAGACAAAT,HTO_E,1,singlet,1975
ACATACGCAGGGCATA,HTO_H,1,singlet,1859
ACATACGCATAGAAAC,HTO_A,1,singlet,905
ACATACGCATCCGGGT,HTO_B,1,singlet,2669
ACATACGCATGCATGT,HTO_D,1,singlet,1464
ACATACGCATGGGACA,HTO_B,1,singlet,2401
ACATACGCATTTGCTT,HTO_A,1,singlet,2142
ACATACGGTAAACACA,HTO_E,1,singlet,1115
ACATACGGTAAACGCG,HTO_C,1,singlet,654
ACATACGGTAACGTTC,HTO_C,1,singlet,3213
ACATACGGTATCGCAT,HTO_B,1,singlet,749
ACATACGGTCTCAACA,HTO_E,1,singlet,4685
ACATACGGTCTCCATC,HTO_F,1,singlet,920
ACATACGGTGTGAATA,HTO_C,1,singlet,3067
ACATACGGTTCAACCA,HTO_H,1,singlet,876
ACATACGGTTCAGCGC,HTO_A,1,singlet,1397
ACATACGGTTCCCGAG,HTO_C,1,singlet,825
ACATACGGTTGTCTTT,HTO_G,1,singlet,749
ACATACGTCAGCTCGG,HTO_G,1,singlet,979
ACATACGTCATAAAGG,HTO_C,1,singlet,826
ACATACGTCCATGCTC,HTO_E,1,singlet,1016
ACATACGTCGTTTAGG,HTO_B,1,singlet,686
ACATACGTCTACTTAC,HTO_C,1,singlet,3334
ACATACGTCTCCAACC,HTO_D,1,singlet,2101
ACATACGTCTGCAAGT,multiplet,2,multiplet,1728
ACATACGTCTTGCCGT,HTO_C,1,singlet,1298
ACATCAGAGACTACAA,HTO_G,1,singlet,433
ACATCAGAGAGTGAGA,multiplet,2,multiplet,9615
ACATCAGAGATAGCAT,HTO_C,1,singlet,914
ACATCAGAGCGAAGGG,HTO_E,1,singlet,765
ACATCAGAGCGCCTTG,HTO_D,1,singlet,2905
ACATCAGAGCTAGTGG,HTO_H,1,singlet,901
ACATCAGAGGTGCAAC,HTO_E,1,singlet,870
ACATCAGAGTACCGGA,HTO_C,1,singlet,1536
ACATCAGAGTACGATA,HTO_E,1,singlet,4645
ACATCAGAGTAGATGT,HTO_G,1,singlet,1510
ACATCAGAGTCGATAA,HTO_D,1,singlet,3340
ACATCAGAGTTAAGTG,HTO_G,1,singlet,2498
ACATCAGCAAAGGCGT,HTO_A,1,singlet,1356
ACATCAGCAAGCCCAC,HTO_H,1,singlet,1202
ACATCAGCAAGCTGTT,HTO_G,1,singlet,511
ACATCAGCACGCATCG,HTO_D,1,singlet,2487
ACATCAGCACGGATAG,HTO_A,1,singlet,1092
ACATCAGCAGCTGGCT,HTO_C,1,singlet,1025
ACATCAGCAGGACGTA,multiplet,2,multiplet,3507
ACATCAGCAGGGTATG,HTO_F,1,singlet,722
ACATCAGCATGAGCGA,HTO_A,1,singlet,1319
ACATCAGCATGGTAGG,HTO_H,1,singlet,2158
ACATCAGGTAAGTGGC,HTO_E,1,singlet,1727
ACATCAGGTAAGTGTA,multiplet,2,multiplet,2504
ACATCAGGTAGGGACT,HTO_A,1,singlet,721
ACATCAGGTCCGAACC,multiplet,2,multiplet,797
ACATCAGGTCTGCGGT,HTO_H,1,singlet,1501
ACATCAGGTTACGACT,HTO_D,1,singlet,1238
ACATCAGGTTATTCTC,HTO_D,1,singlet,1814
ACATCAGGTTCACCTC,HTO_D,1,singlet,1954
ACATCAGGTTCGTGAT,HTO_G,1,singlet,2543
ACATCAGGTTGCGTTA,HTO_D,1,singlet,1601
ACATCAGTCACATGCA,HTO_A,1,singlet,2197
ACATCAGTCATTCACT,HTO_H,1,singlet,838
ACATCAGTCCGGGTGT,HTO_C,1,singlet,984
ACATCAGTCGAATGGG,HTO_G,1,singlet,906
ACATCAGTCGCACTCT,HTO_G,1,singlet,2490
ACATCAGTCTACCAGA,HTO_A,1,singlet,148
ACATCAGTCTCCAACC,HTO_H,1,singlet,932
ACATCAGTCTGTCTCG,HTO_B,1,singlet,1914
ACATCAGTCTTTACGT,HTO_A,1,singlet,456
ACATGGTAGAACTGTA,HTO_H,1,singlet,1095
ACATGGTAGAAGCCCA,HTO_G,1,singlet,3492
ACATGGTAGAAGGTGA,HTO_C,1,singlet,725
ACATGGTAGAATAGGG,HTO_B,1,singlet,1081
ACATGGTAGACACGAC,HTO_F,1,singlet,2470
ACATGGTAGAGTCTGG,HTO_C,1,singlet,778
ACATGGTAGCCAGTTT,HTO_C,1,singlet,845
ACATGGTAGCTAAACA,HTO_F,1,singlet,1487
ACATGGTAGCTGAACG,multiplet,2,multiplet,2940
ACATGGTAGGACTGGT,HTO_C,1,singlet,1249
ACATGGTAGGAGTCTG,HTO_B,1,singlet,313
ACATGGTAGGCCCTCA,HTO_H,1,singlet,823
ACATGGTAGGGATCTG,HTO_D,1,singlet,1646
ACATGGTAGTTTGCGT,multiplet,2,multiplet,1809
ACATGGTCAAAGGTGC,HTO_H,1,singlet,3731
ACATGGTCAATGAAAC,HTO_F,1,singlet,1558
ACATGGTCAATGGATA,HTO_A,1,singlet,1682
ACATGGTCACCATCCT,HTO_F,1,singlet,1647
ACATGGTCACGAAGCA,HTO_G,1,singlet,698
ACATGGTCATACAGCT,HTO_B,1,singlet,1389
ACATGGTCATCCCATC,HTO_B,1,singlet,1212
ACATGGTCATGATCCA,HTO_G,1,singlet,1185
ACATGGTCATGTTGAC,HTO_A,1,singlet,215
ACATGGTGTAAGTGTA,HTO_E,1,singlet,691
ACATGGTGTACCTACA,HTO_C,1,singlet,694
ACATGGTGTATAGGGC,HTO_H,1,singlet,853
ACATGGTGTATAGTAG,HTO_B,1,singlet,430
ACATGGTGTCTTGCGG,HTO_H,1,singlet,981
ACATGGTGTGCTAGCC,HTO_A,1,singlet,1472
ACATGGTGTTAAGAAC,HTO_D,1,singlet,1699
ACATGGTGTTATGCGT,multiplet,2,multiplet,3494
ACATGGTGTTCAGGCC,HTO_F,1,singlet,949
ACATGGTGTTGTACAC,HTO_E,1,singlet,1207
ACATGGTTCAACGCTA,multiplet,2,multiplet,2404
ACATGGTTCAAGATCC,HTO_E,1,singlet,6976
ACATGGTTCATAAAGG,multiplet,2,multiplet,2406
ACATGGTTCATATCGG,multiplet,2,multiplet,3037
ACATGGTTCATCATTC,multiplet,2,multiplet,1745
ACATGGTTCCAAATGC,HTO_H,1,singlet,846
ACATGGTTCGTGTAGT,HTO_D,1,singlet,135
ACATGGTTCTAACGGT,HTO_H,1,singlet,3026
ACCAGTAAGAGATGAG,HTO_F,1,singlet,957
ACCAGTAAGAGCCTAG,HTO_B,1,singlet,592
ACCAGTAAGCTAGGCA,HTO_F,1,singlet,899
ACCAGTAAGCTAGTTC,HTO_F,1,singlet,1533
ACCAGTAAGCTCCCAG,HTO_C,1,singlet,3131
ACCAGTAAGGAATCGC,HTO_H,1,singlet,1027
ACCAGTAAGGCAAAGA,multiplet,3,multiplet,7384
ACCAGTAAGGCGACAT,HTO_H,1,singlet,4828
ACCAGTAAGGGCTCTC,HTO_F,1,singlet,994
ACCAGTAAGTTCCACA,HTO_C,1,singlet,631
ACCAGTACAAATACAG,HTO_C,1,singlet,2064
ACCAGTACAATAGCAA,HTO_B,1,singlet,1283
ACCAGTACACACAGAG,HTO_C,1,singlet,923
ACCAGTACACCATGTA,multiplet,2,multiplet,2077
ACCAGTACACCGAAAG,HTO_F,1,singlet,1158
ACCAGTACATCGTCGG,HTO_A,1,singlet,809
ACCAGTACATTATCTC,multiplet,3,multiplet,4141
ACCAGTAGTACTTCTT,HTO_G,1,singlet,808
ACCAGTAGTAGTAGTA,HTO_E,1,singlet,744
ACCAGTAGTTAGATGA,multiplet,2,multiplet,1597
ACCAGTATCAAACGGG,HTO_E,1,singlet,1507
ACCAGTATCAAGGCTT,HTO_H,1,singlet,1054
ACCAGTATCATGCTCC,HTO_C,1,singlet,565
ACCAGTATCCAGTATG,multiplet,2,multiplet,2999
ACCAGTATCGAGCCCA,HTO_C,1,singlet,1707
ACCAGTATCGGCTACG,HTO_D,1,singlet,1850
ACCAGTATCGTTACGA,HTO_F,1,singlet,1856
ACCAGTATCTTGCATT,HTO_H,1,singlet,585
ACCCACTAGAGAACAG,HTO_E,1,singlet,955
ACCCACTAGAGAGCTC,HTO_D,1,singlet,3397
ACCCACTAGAGGGCTT,HTO_H,1,singlet,950
ACCCACTAGATGTGGC,HTO_F,1,singlet,3485
ACCCACTAGCAATCTC,HTO_F,1,singlet,1379
ACCCACTAGCAGGTCA,HTO_G,1,singlet,1127
ACCCACTAGGAATTAC,HTO_E,1,singlet,1507
ACCCACTAGGAGTAGA,HTO_E,1,singlet,1033
ACCCACTAGGATCGCA,HTO_E,1,singlet,3219
ACCCACTAGTATCGAA,HTO_E,1,singlet,1888
ACCCACTAGTGCAAGC,multiplet,3,multiplet,2194
ACCCACTAGTGTTGAA,multiplet,2,multiplet,2888
ACCCACTCAATGAAAC,HTO_A,1,singlet,915
ACCCACTCAATGGTCT,multiplet,2,multiplet,1507
ACCCACTCACATCCAA,multiplet,2,multiplet,1195
ACCCACTCATGCTGGC,multiplet,2,multiplet,9741
ACCCACTGTATCTGCA,multiplet,3,multiplet,4346
ACCCACTGTCTTCTCG,HTO_B,1,singlet,1385
ACCCACTGTGACGCCT,multiplet,2,multiplet,1391
ACCCACTGTGCGATAG,HTO_C,1,singlet,1124
ACCCACTGTGTCTGAT,HTO_H,1,singlet,878
ACCCACTGTGTGAAAT,HTO_G,1,singlet,1917
ACCCACTGTTAAGTAG,HTO_H,1,singlet,934
ACCCACTGTTACGTCA,HTO_D,1,singlet,2131
ACCCACTGTTCCCGAG,multiplet,2,multiplet,960
ACCCACTTCAAACAAG,HTO_D,1,singlet,1589
ACCCACTTCGTATCAG,HTO_A,1,singlet,725
ACCCACTTCTAGCACA,multiplet,2,multiplet,1400
ACCCACTTCTGTTTGT,multiplet,2,multiplet,1815
ACCGTAAAGAAGGCCT,HTO_E,1,singlet,913
ACCGTAAAGAGATGAG,HTO_F,1,singlet,1345
ACCGTAAAGATGGGTC,HTO_C,1,singlet,737
ACCGTAAAGGCTAGAC,HTO_B,1,singlet,728
ACCGTAAAGTGGACGT,multiplet,2,multiplet,3518
ACCGTAACAAGACACG,multiplet,2,multiplet,1048
ACCGTAACAAGGGTCA,multiplet,2,multiplet,3754
ACCGTAACACACATGT,HTO_G,1,singlet,375
ACCGTAACACGAAACG,HTO_C,1,singlet,2410
ACCGTAACACGTAAGG,HTO_D,1,singlet,5852
ACCGTAACAGCCTGTG,HTO_B,1,singlet,1854
ACCGTAACATAAAGGT,HTO_G,1,singlet,1721
ACCGTAACATATACCG,HTO_G,1,singlet,1086
ACCGTAACATCTCCCA,HTO_F,1,singlet,1146
ACCGTAAGTCAAAGCG,negative,0,negative,246
ACCGTAAGTCGCATAT,HTO_F,1,singlet,1203
ACCGTAAGTCTACCTC,multiplet,2,multiplet,3155
ACCGTAAGTCTGGTCG,HTO_F,1,singlet,2520
ACCGTAAGTTCAGTAC,HTO_F,1,singlet,992
ACCGTAAGTTCATGGT,HTO_A,1,singlet,253
ACCGTAATCAACGAAA,HTO_A,1,singlet,388
ACCGTAATCATGCTCC,HTO_D,1,singlet,1131
ACCGTAATCCTATTCA,HTO_B,1,singlet,1087
ACCGTAATCCTGTACC,HTO_E,1,singlet,540
ACCGTAATCGCGATCG,HTO_D,1,singlet,1389
ACCGTAATCGGAGCAA,HTO_C,1,singlet,3136
ACCGTAATCGTCGTTC,HTO_G,1,singlet,1819
ACCGTAATCTAAGCCA,HTO_G,1,singlet,729
ACCGTAATCTGGTTCC,HTO_D,1,singlet,6289
ACCTTTAAGACACTAA,HTO_B,1,singlet,729
ACCTTTAAGAGCTGCA,HTO_B,1,singlet,1014
ACCTTTAAGCATCATC,HTO_B,1,singlet,894
ACCTTTAAGCCACGTC,HTO_C,1,singlet,591
ACCTTTACACAGGAGT,HTO_E,1,singlet,686
ACCTTTACACTGTCGG,HTO_H,1,singlet,4903
ACCTTTACACTTACGA,HTO_A,1,singlet,2323
ACCTTTACATCCGGGT,HTO_F,1,singlet,1737
ACCTTTACATGAGCGA,HTO_B,1,singlet,332
ACCTTTACATTCTTAC,HTO_B,1,singlet,978
ACCTTTAGTAGTACCT,multiplet,2,multiplet,5594
ACCTTTAGTAGTGAAT,HTO_F,1,singlet,1659
ACCTTTAGTCACACGC,HTO_H,1,singlet,1107
ACCTTTAGTCGCTTCT,HTO_C,1,singlet,1789
ACCTTTAGTCTAGTGT,HTO_G,1,singlet,532
ACCTTTAGTGAACCTT,HTO_C,1,singlet,2152
ACCTTTAGTGGGTCAA,HTO_B,1,singlet,1098
ACCTTTAGTGTGACCC,multiplet,2,multiplet,1326
ACCTTTAGTTAGTGGG,HTO_C,1,singlet,653
ACCTTTAGTTGGACCC,HTO_C,1,singlet,451
ACCTTTAGTTGTACAC,HTO_B,1,singlet,3196
ACCTTTATCACATAGC,multiplet,2,multiplet,655
ACCTTTATCCCATTTA,HTO_D,1,singlet,3311
ACCTTTATCCTTGGTC,HTO_A,1,singlet,202
ACCTTTATCTAGAGTC,HTO_E,1,singlet,430
ACCTTTATCTAGCACA,HTO_D,1,singlet,4603
ACGAGCCAGAAGGACA,HTO_A,1,singlet,811
ACGAGCCAGAATTGTG,HTO_A,1,singlet,1691
ACGAGCCAGAGGTACC,multiplet,3,multiplet,7608
ACGAGCCAGAGGTAGA,multiplet,2,multiplet,2668
ACGAGCCAGATCTGCT,HTO_E,1,singlet,775
ACGAGCCAGATGCGAC,HTO_A,1,singlet,1263
ACGAGCCAGCTGAACG,HTO_C,1,singlet,1165
ACGAGCCAGGAGTACC,HTO_A,1,singlet,760
ACGAGCCAGGAGTTTA,HTO_D,1,singlet,1353
ACGAGCCAGTCCGTAT,HTO_B,1,singlet,1397
ACGAGCCCAACTGCGC,multiplet,2,multiplet,1248
ACGAGCCCAACTGGCC,multiplet,2,multiplet,1246
ACGAGCCCAAGCTGTT,HTO_A,1,singlet,1015
ACGAGCCCAATGAATG,multiplet,2,multiplet,2863
ACGAGCCCACGTTGGC,HTO_A,1,singlet,1598
ACGAGCCCACTCGACG,multiplet,2,multiplet,2300
ACGAGCCCACTGTGTA,HTO_E,1,singlet,1875
ACGAGCCCAGACAGGT,HTO_E,1,singlet,415
ACGAGCCCAGGGTTAG,HTO_G,1,singlet,567
ACGAGCCCATCCTAGA,HTO_F,1,singlet,4238
ACGAGCCGTAATCGTC,HTO_G,1,singlet,599
ACGAGCCGTTCAGTAC,HTO_G,1,singlet,677
ACGAGCCGTTGACGTT,HTO_B,1,singlet,2240
ACGAGCCGTTGTGGAG,multiplet,2,multiplet,4774
ACGAGCCTCAACCAAC,HTO_C,1,singlet,1050
ACGAGCCTCATTGCCC,HTO_C,1,singlet,466
ACGAGCCTCCAAGCCG,HTO_H,1,singlet,1065
ACGAGCCTCCCGGATG,HTO_G,1,singlet,2498
ACGAGCCTCCGCAGTG,HTO_B,1,singlet,1138
ACGAGCCTCCTTGGTC,multiplet,2,multiplet,7737
ACGAGCCTCTAACGGT,multiplet,2,multiplet,4147
ACGAGCCTCTGCGACG,HTO_C,1,singlet,1101
ACGAGGAAGAAACCGC,HTO_D,1,singlet,1741
ACGAGGAAGATCCCGC,HTO_H,1,singlet,2441
ACGAGGAAGATGAGAG,HTO_G,1,singlet,2350
ACGAGGAAGCCTCGTG,multiplet,2,multiplet,1175
ACGAGGAAGCGATCCC,multiplet,2,multiplet,4120
ACGAGGAAGCGTTCCG,HTO_C,1,singlet,712
ACGAGGAAGCTAACTC,multiplet,2,multiplet,3527
ACGAGGAAGCTAGTGG,HTO_D,1,singlet,2155
ACGAGGAAGGATCGCA,multiplet,3,multiplet,3107
ACGAGGAAGTGGAGAA,HTO_F,1,singlet,719
ACGAGGAAGTTCGATC,multiplet,3,multiplet,2846
ACGAGGACAAGTAATG,HTO_F,1,singlet,1211
ACGAGGACACTTCGAA,HTO_E,1,singlet,1015
ACGAGGACAGCCACCA,HTO_B,1,singlet,507
ACGAGGACATCATCCC,multiplet,2,multiplet,1053
ACGAGGACATTGAGCT,HTO_H,1,singlet,499
ACGAGGAGTATAGTAG,HTO_C,1,singlet,8397
ACGAGGAGTATCGCAT,multiplet,2,multiplet,2685
ACGAGGAGTATCTGCA,multiplet,2,multiplet,6539
ACGAGGAGTCCCTACT,HTO_A,1,singlet,540
ACGAGGAGTCCTCCAT,HTO_D,1,singlet,6085
ACGAGGAGTGCGGTAA,multiplet,2,multiplet,8655
ACGAGGATCAAACCAC,HTO_C,1,singlet,586
ACGAGGATCAATAAGG,HTO_H,1,singlet,864
ACGAGGATCACAATGC,HTO_G,1,singlet,2405
ACGAGGATCACGCGGT,HTO_C,1,singlet,1131
ACGAGGATCACTTACT,HTO_G,1,singlet,184
ACGAGGATCAGAAATG,HTO_D,1,singlet,1548
ACGAGGATCATCGGAT,HTO_F,1,singlet,3137
ACGAGGATCCTCTAGC,HTO_G,1,singlet,2460
ACGAGGATCCTTTCTC,HTO_D,1,singlet,2221
ACGAGGATCGGTGTCG,HTO_D,1,singlet,2524
ACGAGGATCTAACCGA,HTO_E,1,singlet,1138
ACGAGGATCTAACTCT,HTO_G,1,singlet,964
ACGAGGATCTTGAGGT,HTO_G,1,singlet,716
ACGATACAGATGGCGT,HTO_H,1,singlet,652
ACGATACAGCTCCTTC,HTO_D,1,singlet,973
ACGATACAGGTGATTA,HTO_A,1,singlet,1226
ACGATACAGTCCCACG,HTO_C,1,singlet,1214
ACGATACCAACAACCT,HTO_F,1,singlet,308
ACGATACCAACACCTA,HTO_E,1,singlet,1686
ACGATACCAAGAGTCG,HTO_H,1,singlet,926
ACGATACCACAGGTTT,HTO_E,1,singlet,1071
ACGATACCACATCCAA,HTO_F,1,singlet,1588
ACGATACCACCGGAAA,HTO_F,1,singlet,824
ACGATACCATACTCTT,HTO_C,1,singlet,788
ACGATACGTAATAGCA,multiplet,2,multiplet,2820
ACGATACGTATAGGGC,HTO_G,1,singlet,815
ACGATACGTATTAGCC,multiplet,2,multiplet,7050
ACGATACGTCCCTACT,HTO_C,1,singlet,1316
ACGATACGTGATAAGT,HTO_B,1,singlet,778
ACGATACGTGCTCTTC,multiplet,2,multiplet,3091
ACGATACGTGGTAACG,HTO_G,1,singlet,709
ACGATACTCAAGATCC,HTO_H,1,singlet,756
ACGATACTCACGGTTA,multiplet,2,multiplet,2568
ACGATACTCAGGCCCA,HTO_B,1,singlet,1346
ACGATACTCAGTGCAT,HTO_E,1,singlet,1154
ACGATACTCCCAAGTA,HTO_A,1,singlet,429
ACGATACTCCTCAACC,multiplet,2,multiplet,2146
ACGATACTCCTGTAGA,HTO_F,1,singlet,2947
ACGATACTCGTGGGAA,HTO_B,1,singlet,765
ACGATACTCTTACCGC,HTO_C,1,singlet,855
ACGATGTAGACGCACA,HTO_C,1,singlet,778
ACGATGTAGATCGGGT,multiplet,2,multiplet,4579
ACGATGTAGATGTGGC,HTO_F,1,singlet,4624
ACGATGTAGCGATGAC,multiplet,2,multiplet,3173
ACGATGTAGTGACATA,HTO_C,1,singlet,1347
ACGATGTCAAGTCTGT,HTO_C,1,singlet,841
ACGATGTCACAACTGT,HTO_C,1,singlet,511
ACGATGTCACAGACTT,multiplet,2,multiplet,2049
ACGATGTCACATCTTT,HTO_G,1,singlet,535
ACGATGTCACGAAACG,multiplet,2,multiplet,2653
ACGATGTCACGTCAGC,HTO_D,1,singlet,1711
ACGATGTCAGAAGCAC,HTO_B,1,singlet,1465
ACGATGTCAGGATCGA,HTO_F,1,singlet,1965
ACGATGTCATACTCTT,HTO_H,1,singlet,2916
ACGATGTCATATACGC,HTO_C,1,singlet,1124
ACGATGTCATATGAGA,HTO_A,1,singlet,1400
ACGATGTCATGAGCGA,multiplet,2,multiplet,4411
ACGATGTCATGCCTAA,HTO_H,1,singlet,957
ACGATGTGTAGTACCT,HTO_C,1,singlet,1293
ACGATGTGTCCTCCAT,HTO_E,1,singlet,981
ACGATGTGTCGGGTCT,multiplet,2,multiplet,1789
ACGATGTGTCTTCAAG,HTO_D,1,singlet,3079
ACGATGTGTGTTGGGA,HTO_A,1,singlet,1841
ACGATGTGTTCTGTTT,HTO_E,1,singlet,767
ACGATGTGTTTACTCT,HTO_H,1,singlet,649
ACGATGTTCACAGGCC,HTO_F,1,singlet,1118
ACGATGTTCAGTTAGC,HTO_A,1,singlet,886
ACGATGTTCCCAACGG,HTO_F,1,singlet,1924
ACGATGTTCCCGGATG,HTO_H,1,singlet,1838
ACGATGTTCGAACGGA,HTO_E,1,singlet,1635
ACGATGTTCGCTTAGA,HTO_H,1,singlet,1487
ACGATGTTCGTCCAGG,HTO_G,1,singlet,1074
ACGATGTTCTCTGTCG,HTO_F,1,singlet,1256
ACGATGTTCTCTTGAT,multiplet,2,multiplet,4128
ACGATGTTCTGAGGGA,HTO_E,1,singlet,887
ACGATGTTCTTGGGTA,HTO_C,1,singlet,828
ACGATGTTCTTTACGT,HTO_G,1,singlet,1016
ACGCAGCAGAAGCCCA,HTO_F,1,singlet,2613
ACGCAGCAGAATGTGT,HTO_A,1,singlet,2014
ACGCAGCAGATCGGGT,HTO_B,1,singlet,3062
ACGCAGCAGCTGCGAA,HTO_F,1,singlet,1402
ACGCAGCAGGCCGAAT,multiplet,2,multiplet,1585
ACGCAGCAGTGACTCT,HTO_H,1,singlet,296
ACGCAGCAGTTATCGC,HTO_C,1,singlet,941
ACGCAGCAGTTCCACA,HTO_A,1,singlet,1273
ACGCAGCCAAACTGTC,HTO_F,1,singlet,1833
ACGCAGCCAACACCCG,multiplet,2,multiplet,1967
ACGCAGCCACAGACAG,HTO_H,1,singlet,969
ACGCAGCCACCATCCT,HTO_H,1,singlet,2055
ACGCAGCCACGTAAGG,HTO_D,1,singlet,1445
ACGCAGCCAGTATAAG,HTO_A,1,singlet,1522
ACGCAGCCATAACCTG,HTO_H,1,singlet,1134
ACGCAGCCATTGGGCC,HTO_D,1,singlet,1709
ACGCAGCGTAACGACG,multiplet,2,multiplet,2700
ACGCAGCGTAGTGAAT,multiplet,2,multiplet,3227
ACGCAGCGTGAAGGCT,multiplet,2,multiplet,4146
ACGCAGCGTGCAACTT,HTO_F,1,singlet,2341
ACGCAGCGTGCGATAG,multiplet,2,multiplet,3646
ACGCAGCGTGTATGGG,HTO_E,1,singlet,4664
ACGCAGCGTTAGGGTG,HTO_D,1,singlet,308
ACGCAGCGTTGCCTCT,HTO_F,1,singlet,1151
ACGCAGCGTTGCGTTA,HTO_G,1,singlet,700
ACGCAGCTCAGCTGGC,HTO_F,1,singlet,325
ACGCAGCTCCAGGGCT,HTO_F,1,singlet,1400
ACGCAGCTCCCGGATG,HTO_A,1,singlet,1338
ACGCAGCTCCGAAGAG,HTO_B,1,singlet,1622
ACGCAGCTCCGGCACA,HTO_E,1,singlet,1443
ACGCAGCTCCGTAGTA,HTO_A,1,singlet,1823
ACGCAGCTCCTTGGTC,HTO_H,1,singlet,1014
ACGCAGCTCGGAGGTA,HTO_E,1,singlet,6820
ACGCAGCTCGGCTTGG,multiplet,2,multiplet,2836
ACGCAGCTCTCACATT,HTO_H,1,singlet,1300
ACGCCAGAGCAGCCTC,HTO_A,1,singlet,1717
ACGCCAGAGCGGCTTC,HTO_E,1,singlet,3155
ACGCCAGAGCGTGTCC,multiplet,3,multiplet,3251
ACGCCAGAGGTGACCA,HTO_F,1,singlet,1831
ACGCCAGAGTCATCCA,multiplet,2,multiplet,1512
ACGCCAGCAACTGGCC,HTO_B,1,singlet,3191
ACGCCAGCACAGCGTC,HTO_G,1,singlet,819
ACGCCAGCACTAAGTC,HTO_G,1,singlet,1934
ACGCCAGCAGCTGGCT,HTO_E,1,singlet,818
ACGCCAGCAGTAGAGC,HTO_G,1,singlet,816
ACGCCAGGTCAGAATA,multiplet,2,multiplet,8482
ACGCCAGGTGAGCGAT,HTO_G,1,singlet,2234
ACGCCAGGTGAGTATA,HTO_D,1,singlet,1728
ACGCCAGGTGGTCTCG,HTO_F,1,singlet,2084
ACGCCAGGTTTGTGTG,multiplet,2,multiplet,2037
ACGCCAGTCAACACTG,HTO_E,1,singlet,544
ACGCCAGTCAAGGCTT,HTO_H,1,singlet,1123
ACGCCAGTCACAATGC,HTO_D,1,singlet,1905
ACGCCAGTCACATGCA,HTO_B,1,singlet,1280
ACGCCAGTCGCGGATC,HTO_A,1,singlet,196
ACGCCAGTCGGAATCT,multiplet,2,multiplet,1956
ACGCCAGTCTACGAGT,multiplet,2,multiplet,1917
ACGCCAGTCTACTATC,HTO_H,1,singlet,498
ACGCCAGTCTTGACGA,HTO_B,1,singlet,1743
ACGCCGAAGATCTGAA,HTO_B,1,singlet,1101
ACGCCGAAGGATGCGT,HTO_H,1,singlet,3690
ACGCCGAAGTCTCAAC,HTO_D,1,singlet,1350
ACGCCGACAAATTGCC,HTO_F,1,singlet,757
ACGCCGACAAGAAAGG,HTO_A,1,singlet,657
ACGCCGACAAGAGTCG,HTO_F,1,singlet,2248
ACGCCGACAATCCGAT,HTO_F,1,singlet,838
ACGCCGACAATGGATA,HTO_G,1,singlet,1087
ACGCCGACACATGTGT,HTO_D,1,singlet,1348
ACGCCGACACGTGAGA,HTO_B,1,singlet,608
ACGCCGACACTCGACG,HTO_B,1,singlet,1918
ACGCCGACACTCTGTC,multiplet,2,multiplet,2202
ACGCCGACAGACTCGC,HTO_H,1,singlet,2587
ACGCCGACAGCCTGTG,HTO_A,1,singlet,988
ACGCCGACAGGTTTCA,HTO_B,1,singlet,1039
ACGCCGACATCCTTGC,HTO_E,1,singlet,314
ACGCCGACATGCATGT,HTO_D,1,singlet,2460
ACGCCGACATTCACTT,HTO_G,1,singlet,1180
ACGCCGAGTAACGTTC,multiplet,3,multiplet,2231
ACGCCGAGTCACACGC,HTO_A,1,singlet,347
ACGCCGAGTCGAACAG,HTO_D,1,singlet,5170
ACGCCGAGTCTAGCGC,HTO_H,1,singlet,5016
ACGCCGAGTTCCAACA,HTO_D,1,singlet,2270
ACGCCGAGTTCCACTC,HTO_F,1,singlet,1109
ACGCCGATCACAAACC,HTO_H,1,singlet,3212
ACGCCGATCAGTGCAT,HTO_F,1,singlet,632
ACGCCGATCCAAAGTC,HTO_H,1,singlet,454
ACGCCGATCGCACTCT,HTO_G,1,singlet,764
ACGCCGATCGGACAAG,HTO_F,1,singlet,3686
ACGCCGATCGTTGACA,HTO_E,1,singlet,1222
ACGCCGATCTGGAGCC,HTO_C,1,singlet,585
ACGGAGAAGAGGTAGA,HTO_G,1,singlet,813
ACGGAGAAGAGTAATC,HTO_H,1,singlet,1281
ACGGAGAAGCCACGTC,HTO_G,1,singlet,1350
ACGGAGAAGTCGAGTG,HTO_H,1,singlet,1767
ACGGAGACAAAGCGGT,HTO_C,1,singlet,3635
ACGGAGACACAACTGT,HTO_B,1,singlet,927
ACGGAGACACTTGGAT,HTO_E,1,singlet,1010
ACGGAGACAGCCTATA,HTO_G,1,singlet,643
ACGGAGACAGCGATCC,HTO_C,1,singlet,2359
ACGGAGACAGGGATTG,HTO_D,1,singlet,1197
ACGGAGACAGTAACGG,HTO_A,1,singlet,675
ACGGAGACAGTCGATT,HTO_A,1,singlet,436
ACGGAGACATCACGAT,HTO_C,1,singlet,788
ACGGAGACATCGGGTC,multiplet,2,multiplet,2632
ACGGAGACATGACGGA,HTO_H,1,singlet,2924
ACGGAGACATGATCCA,HTO_F,1,singlet,490
ACGGAGACATGCGCAC,HTO_G,1,singlet,792
ACGGAGACATTATCTC,HTO_G,1,singlet,4845
ACGGAGAGTAACGACG,multiplet,2,multiplet,1672
ACGGAGAGTACAGACG,HTO_B,1,singlet,1418
ACGGAGAGTAGGCATG,HTO_C,1,singlet,1698
ACGGAGAGTGACCAAG,HTO_F,1,singlet,731
ACGGAGAGTGATAAAC,HTO_B,1,singlet,1799
ACGGAGAGTGCAACTT,multiplet,2,multiplet,6055
ACGGAGAGTTACCGAT,HTO_B,1,singlet,601
ACGGAGAGTTGATTCG,HTO_B,1,singlet,3234
ACGGAGAGTTGCGCAC,HTO_E,1,singlet,1979
ACGGAGATCAAACCAC,HTO_H,1,singlet,3002
ACGGAGATCGGACAAG,HTO_E,1,singlet,942
ACGGAGATCGGAGCAA,HTO_H,1,singlet,1419
ACGGAGATCGTACGGC,HTO_B,1,singlet,706
ACGGCCAAGCCAGAAC,HTO_G,1,singlet,1287
ACGGCCAAGCGGATCA,HTO_A,1,singlet,1472
ACGGCCAAGCGTGAGT,HTO_F,1,singlet,2372
ACGGCCAAGCTAACTC,HTO_D,1,singlet,2253
ACGGCCAAGGAGTACC,HTO_C,1,singlet,739
ACGGCCAAGGCCCTCA,HTO_B,1,singlet,813
ACGGCCAAGTATCGAA,HTO_G,1,singlet,5827
ACGGCCACAATAGAGT,HTO_D,1,singlet,6747
ACGGCCACAATGAAAC,HTO_H,1,singlet,2485
ACGGCCACAATGAATG,HTO_C,1,singlet,593
ACGGCCACAATGGAAT,HTO_G,1,singlet,2567
ACGGCCACACAACTGT,HTO_C,1,singlet,647
ACGGCCACACGGTTTA,HTO_D,1,singlet,2145
ACGGCCACAGATCTGT,HTO_B,1,singlet,783
ACGGCCACAGATGGCA,HTO_F,1,singlet,9893
ACGGCCACAGCCAGAA,HTO_A,1,singlet,1730
ACGGCCACATCATCCC,multiplet,3,multiplet,7271
ACGGCCAGTAAACCTC,HTO_H,1,singlet,3047
ACGGCCAGTAGCGTGA,HTO_B,1,singlet,1208
ACGGCCAGTCAACTGT,multiplet,2,multiplet,824
ACGGCCAGTCATGCCG,multiplet,2,multiplet,2573
ACGGCCAGTCCATCCT,HTO_F,1,singlet,2426
ACGGCCAGTCTAACGT,HTO_A,1,singlet,500
ACGGCCAGTGGTAACG,multiplet,2,multiplet,2939
ACGGCCAGTTACCAGT,HTO_C,1,singlet,583
ACGGCCAGTTGCTCCT,HTO_D,1,singlet,3754
ACGGCCAGTTGGTGGA,HTO_A,1,singlet,690
ACGGCCATCCAAAGTC,HTO_D,1,singlet,5582
ACGGCCATCCCACTTG,HTO_G,1,singlet,757
ACGGCCATCTGATTCT,HTO_B,1,singlet,1074
ACGGGCTAGAAGATTC,HTO_H,1,singlet,1527
ACGGGCTAGAGACGAA,multiplet,2,multiplet,4391
ACGGGCTAGATCACGG,HTO_B,1,singlet,2737
ACGGGCTAGCTTCGCG,multiplet,2,multiplet,1026
ACGGGCTAGTAGCGGT,HTO_H,1,singlet,637
ACGGGCTAGTCAATAG,HTO_D,1,singlet,2126
ACGGGCTAGTCCTCCT,HTO_D,1,singlet,1918
ACGGGCTAGTGGACGT,HTO_B,1,singlet,1116
ACGGGCTCAAGACACG,HTO_B,1,singlet,1217
ACGGGCTCAAGCTGAG,HTO_C,1,singlet,752
ACGGGCTCAAGTTCTG,HTO_E,1,singlet,977
ACGGGCTCAATAGAGT,HTO_C,1,singlet,604
ACGGGCTCAATGCCAT,HTO_C,1,singlet,1820
ACGGGCTCACAACGCC,multiplet,2,multiplet,1607
ACGGGCTCACACCGAC,HTO_A,1,singlet,2792
ACGGGCTCACCATGTA,HTO_E,1,singlet,935
ACGGGCTCACCCTATC,HTO_G,1,singlet,759
ACGGGCTCACTCGACG,HTO_E,1,singlet,1867
ACGGGCTCAGCGTAAG,HTO_E,1,singlet,601
ACGGGCTCAGGTCTCG,HTO_G,1,singlet,559
ACGGGCTCATCTCCCA,HTO_D,1,singlet,5274
ACGGGCTCATCTCGCT,multiplet,2,multiplet,1411
ACGGGCTCATGCTAGT,multiplet,2,multiplet,2190
ACGGGCTCATTCACTT,HTO_D,1,singlet,1783
ACGGGCTCATTCTTAC,multiplet,2,multiplet,4046
ACGGGCTGTAAACCTC,HTO_C,1,singlet,2264
ACGGGCTGTCTAGTCA,HTO_F,1,singlet,4257
ACGGGCTGTGATAAGT,HTO_D,1,singlet,4111
ACGGGCTGTGCGGTAA,multiplet,2,multiplet,974
ACGGGCTGTTATCACG,HTO_F,1,singlet,5220
ACGGGCTGTTCAGACT,HTO_A,1,singlet,1111
ACGGGCTGTTGCGCAC,multiplet,2,multiplet,336
ACGGGCTGTTGGAGGT,HTO_G,1,singlet,3771
ACGGGCTGTTTAGCTG,HTO_B,1,singlet,1190
ACGGGCTGTTTGGCGC,HTO_D,1,singlet,2240
ACGGGCTTCACCTCGT,HTO_A,1,singlet,1197
ACGGGCTTCATGCATG,HTO_G,1,singlet,2508
ACGGGCTTCCGCGCAA,HTO_G,1,singlet,3418
ACGGGCTTCTTATCTG,HTO_H,1,singlet,1003
ACGGGCTTCTTCTGGC,HTO_B,1,singlet,823
ACGGGTCAGACCTAGG,HTO_B,1,singlet,1844
ACGGGTCAGATGCCTT,HTO_B,1,singlet,1703
ACGGGTCAGATTACCC,HTO_F,1,singlet,1011
ACGGGTCAGCCAGTTT,HTO_C,1,singlet,744
ACGGGTCAGCTAAACA,HTO_G,1,singlet,1388
ACGGGTCAGGTAGCCA,HTO_C,1,singlet,762
ACGGGTCAGTGTTAGA,HTO_H,1,singlet,803
ACGGGTCCAAAGAATC,HTO_A,1,singlet,809
ACGGGTCCACTAAGTC,multiplet,2,multiplet,4062
ACGGGTCCAGCCTTTC,HTO_E,1,singlet,580
ACGGGTCCAGCGTTCG,HTO_F,1,singlet,1188
ACGGGTCCAGGTCGTC,HTO_D,1,singlet,2804
ACGGGTCCATCTCGCT,HTO_C,1,singlet,822
ACGGGTCGTAATCACC,HTO_G,1,singlet,2440
ACGGGTCGTACGCACC,multiplet,2,multiplet,2869
ACGGGTCGTAGGCATG,HTO_A,1,singlet,417
ACGGGTCGTGCAGTAG,multiplet,2,multiplet,647
ACGGGTCGTTCAGACT,HTO_F,1,singlet,1025
ACGGGTCGTTGCCTCT,multiplet,2,multiplet,1393
ACGGGTCGTTGGTGGA,multiplet,2,multiplet,1963
ACGGGTCGTTTACTCT,HTO_A,1,singlet,778
ACGGGTCTCAGCTTAG,HTO_D,1,singlet,5317
ACGGGTCTCCGCGCAA,HTO_G,1,singlet,784
ACGGGTCTCCTAGTGA,multiplet,3,multiplet,3684
ACGGGTCTCGAACGGA,HTO_E,1,singlet,1636
ACGGGTCTCTCACATT,HTO_D,1,singlet,1998
ACGGGTCTCTCCCTGA,HTO_E,1,singlet,1113
ACGTCAAAGATGCGAC,HTO_H,1,singlet,1498
ACGTCAAAGATGTCGG,HTO_A,1,singlet,1259
ACGTCAAAGCGCCTCA,HTO_E,1,singlet,1010
ACGTCAAAGCGTGAAC,HTO_E,1,singlet,1740
ACGTCAACAACACCTA,HTO_H,1,singlet,663
ACGTCAACAAGCGAGT,multiplet,2,multiplet,1545
ACGTCAACACCTGGTG,multiplet,2,multiplet,2743
ACGTCAAGTCGCTTTC,HTO_A,1,singlet,1842
ACGTCAAGTGGACGAT,HTO_F,1,singlet,1491
ACGTCAAGTGGTAACG,HTO_C,1,singlet,877
ACGTCAAGTTAAGGGC,HTO_A,1,singlet,550
ACGTCAAGTTAAGTAG,HTO_A,1,singlet,1796
ACGTCAAGTTACAGAA,HTO_G,1,singlet,929
ACGTCAAGTTCATGGT,HTO_G,1,singlet,1694
ACGTCAAGTTCCATGA,HTO_G,1,singlet,296
ACGTCAAGTTCCCGAG,HTO_B,1,singlet,2261
ACGTCAAGTTGATTGC,HTO_E,1,singlet,3952
ACGTCAATCAACGGCC,HTO_F,1,singlet,359
ACGTCAATCCCAAGTA,HTO_C,1,singlet,261
ACGTCAATCCTCGCAT,HTO_D,1,singlet,2609
ACGTCAATCCTGTACC,multiplet,2,multiplet,2451
ACGTCAATCGCTAGCG,HTO_F,1,singlet,1435
ACGTCAATCGGCGCTA,HTO_C,1,singlet,464
ACGTCAATCTGAGTGT,HTO_F,1,singlet,393
ACGTCAATCTGCTGTC,HTO_H,1,singlet,1167
ACTATCTAGAAGCCCA,HTO_H,1,singlet,2266
ACTATCTAGAATTCCC,HTO_E,1,singlet,1867
ACTATCTAGACACTAA,HTO_A,1,singlet,1223
ACTATCTAGAGGGCTT,HTO_B,1,singlet,730
ACTATCTAGAGGTACC,HTO_H,1,singlet,1390
ACTATCTAGCGATATA,HTO_F,1,singlet,644
ACTATCTAGCTAGTGG,HTO_H,1,singlet,2666
ACTATCTAGCTTCGCG,multiplet,2,multiplet,3369
ACTATCTAGGGATGGG,HTO_D,1,singlet,1456
ACTATCTAGGTTACCT,HTO_F,1,singlet,603
ACTATCTAGTAGTGCG,HTO_F,1,singlet,332
ACTATCTAGTGTTGAA,HTO_C,1,singlet,144
ACTATCTCAACACCCG,HTO_A,1,singlet,601
ACTATCTCAAGGCTCC,HTO_D,1,singlet,1301
ACTATCTCAAGTAGTA,HTO_G,1,singlet,1336
ACTATCTCAATGAAAC,HTO_E,1,singlet,1723
ACTATCTCAGACGCAA,HTO_E,1,singlet,1330
ACTATCTCAGCCTTGG,HTO_C,1,singlet,838
ACTATCTCAGGATTGG,HTO_D,1,singlet,1029
ACTATCTCAGTCAGAG,multiplet,2,multiplet,3741
ACTATCTCATCACAAC,HTO_C,1,singlet,429
ACTATCTCATCCCACT,HTO_G,1,singlet,614
ACTATCTCATTCCTCG,HTO_E,1,singlet,2989
ACTATCTCATTTGCCC,HTO_A,1,singlet,1246
ACTATCTGTACTTCTT,HTO_H,1,singlet,1681
ACTATCTGTAGCACGA,HTO_E,1,singlet,3053
ACTATCTGTATTCGTG,multiplet,2,multiplet,2075
ACTATCTGTCAGTGGA,HTO_B,1,singlet,817
ACTATCTGTCTCTCGT,HTO_B,1,singlet,2262
ACTATCTGTTACGACT,HTO_G,1,singlet,391
ACTATCTGTTTAAGCC,HTO_E,1,singlet,985
ACTATCTGTTTGCATG,HTO_H,1,singlet,1015
ACTATCTGTTTGGGCC,HTO_D,1,singlet,1493
ACTATCTTCAAACGGG,HTO_H,1,singlet,1358
ACTATCTTCACTCTTA,multiplet,2,multiplet,2140
ACTATCTTCATGTAGC,HTO_C,1,singlet,384
ACTATCTTCCAGTATG,HTO_E,1,singlet,964
ACTGAACAGAAGGTGA,multiplet,2,multiplet,1779
ACTGAACAGATCCCGC,HTO_D,1,singlet,2904
ACTGAACAGCCAACAG,HTO_A,1,singlet,596
ACTGAACAGGATCGCA,HTO_D,1,singlet,8860
ACTGAACAGGGTTCCC,HTO_E,1,singlet,5347
ACTGAACAGTACGTAA,HTO_F,1,singlet,1617
ACTGAACAGTCATCCA,HTO_D,1,singlet,2132
ACTGAACAGTTAAGTG,multiplet,2,multiplet,1911
ACTGAACCAAACCTAC,HTO_A,1,singlet,505
ACTGAACCAAATTGCC,multiplet,2,multiplet,1817
ACTGAACCAATGGATA,HTO_B,1,singlet,280
ACTGAACCACTGTCGG,HTO_G,1,singlet,862
ACTGAACCAGCTATTG,HTO_E,1,singlet,5222
ACTGAACCATCCTAGA,HTO_D,1,singlet,1641
ACTGAACGTAATCGTC,multiplet,2,multiplet,1977
ACTGAACGTACCGGCT,HTO_C,1,singlet,1285
ACTGAACGTCGAGTTT,HTO_G,1,singlet,393
ACTGAACTCACTTCAT,multiplet,2,multiplet,3553
ACTGAACTCAGTGCAT,HTO_E,1,singlet,923
ACTGAACTCATCATTC,multiplet,3,multiplet,4150
ACTGAACTCCAACCAA,HTO_C,1,singlet,774
ACTGAACTCCAGTAGT,HTO_G,1,singlet,722
ACTGAACTCCCTAATT,HTO_C,1,singlet,1686
ACTGAACTCCGTAGGC,HTO_C,1,singlet,777
ACTGAACTCCTTTCGG,HTO_F,1,singlet,782
ACTGAACTCCTTTCTC,HTO_F,1,singlet,4591
ACTGAACTCGTATCAG,HTO_A,1,singlet,382
ACTGAGTAGACTCGGA,multiplet,2,multiplet,4472
ACTGAGTAGATTACCC,HTO_G,1,singlet,473
ACTGAGTAGCGCTTAT,multiplet,2,multiplet,1357
ACTGAGTAGGCTAGGT,HTO_G,1,singlet,933
ACTGAGTAGTAGGCCA,HTO_E,1,singlet,1672
ACTGAGTCAAACAACA,HTO_G,1,singlet,667
ACTGAGTCAAGACACG,HTO_C,1,singlet,1830
ACTGAGTCAAGCCGTC,HTO_F,1,singlet,808
ACTGAGTCAAGCGTAG,HTO_C,1,singlet,821
ACTGAGTCAAGGTTTC,HTO_H,1,singlet,1148
ACTGAGTCAGCCTTGG,HTO_B,1,singlet,769
ACTGAGTCAGCGTTCG,HTO_F,1,singlet,394
ACTGAGTCAGGGAGAG,HTO_E,1,singlet,2732
ACTGAGTCAGGGTTAG,HTO_F,1,singlet,4774
ACTGAGTCAGTTTACG,multiplet,3,multiplet,8912
ACTGAGTGTATGGTTC,multiplet,2,multiplet,1903
ACTGAGTGTCCCGACA,HTO_C,1,singlet,1665
ACTGAGTGTCCCTACT,HTO_B,1,singlet,684
ACTGAGTGTCGCGAAA,HTO_A,1,singlet,1571
ACTGAGTGTGATGTCT,HTO_C,1,singlet,1073
ACTGAGTGTGCCTGTG,multiplet,2,multiplet,1454
ACTGAGTGTGGTCTCG,HTO_C,1,singlet,1171
ACTGAGTTCAAGGTAA,multiplet,2,multiplet,4714
ACTGAGTTCAATCTCT,HTO_H,1,singlet,726
ACTGAGTTCACGATGT,HTO_B,1,singlet,690
ACTGAGTTCACGGTTA,HTO_B,1,singlet,684
ACTGAGTTCAGGCAAG,HTO_E,1,singlet,3308
ACTGAGTTCAGTCAGT,HTO_H,1,singlet,1632
ACTGAGTTCCAAACAC,HTO_B,1,singlet,823
ACTGAGTTCCTCGCAT,multiplet,2,multiplet,2143
ACTGAGTTCGAGGTAG,HTO_C,1,singlet,876
ACTGAGTTCGGAATCT,multiplet,3,multiplet,4666
ACTGAGTTCTCTAAGG,HTO_A,1,singlet,719
ACTGAGTTCTGCCAGG,HTO_B,1,singlet,623
ACTGAGTTCTGGCGTG,multiplet,2,multiplet,2773
ACTGATGAGACCACGA,HTO_H,1,singlet,1263
ACTGATGAGACCTAGG,HTO_G,1,singlet,291
ACTGATGAGAGCTTCT,HTO_C,1,singlet,763
ACTGATGAGCACGCCT,multiplet,2,multiplet,978
ACTGATGAGCTAGTTC,HTO_G,1,singlet,595
ACTGATGAGTGTCCCG,HTO_H,1,singlet,402
ACTGATGAGTGTGAAT,multiplet,2,multiplet,1308
ACTGATGCAACACGCC,HTO_C,1,singlet,904
ACTGATGCACAGACAG,HTO_A,1,singlet,1266
ACTGATGCACATTAGC,HTO_A,1,singlet,986
ACTGATGCACCGGAAA,HTO_F,1,singlet,1841
ACTGATGCACTACAGT,HTO_H,1,singlet,2552
ACTGATGCACTGCCAG,HTO_B,1,singlet,1287
ACTGATGCATCCCACT,HTO_C,1,singlet,597
ACTGATGCATCGGTTA,HTO_E,1,singlet,1359
ACTGATGCATGGTAGG,HTO_H,1,singlet,724
ACTGATGCATTCGACA,HTO_E,1,singlet,936
ACTGATGGTACTTGAC,multiplet,3,multiplet,3038
ACTGATGGTAGCGTAG,HTO_D,1,singlet,1678
ACTGATGGTATAAACG,HTO_D,1,singlet,2621
ACTGATGGTCCAGTTA,HTO_A,1,singlet,364
ACTGATGGTCCCTACT,HTO_E,1,singlet,1197
ACTGATGGTCGATTGT,HTO_A,1,singlet,1120
ACTGATGGTCGCGTGT,HTO_D,1,singlet,3503
ACTGATGGTCGCTTCT,multiplet,2,multiplet,451
ACTGATGGTGCACCAC,HTO_G,1,singlet,700
ACTGATGGTTAAGACA,HTO_C,1,singlet,1011
ACTGATGGTTAAGGGC,multiplet,2,multiplet,2318
ACTGATGGTTGAGTTC,HTO_D,1,singlet,2446
ACTGATGTCAAGAAGT,HTO_E,1,singlet,223
ACTGATGTCAGGCGAA,multiplet,2,multiplet,3150
ACTGATGTCAGTTTGG,HTO_C,1,singlet,491
ACTGATGTCCAGATCA,multiplet,2,multiplet,718
ACTGATGTCCTGCTTG,HTO_C,1,singlet,785
ACTGATGTCGGCGGTT,HTO_E,1,singlet,1957
ACTGCTCAGTCAATAG,HTO_F,1,singlet,4104
ACTGCTCCAAAGCGGT,HTO_E,1,singlet,1399
ACTGCTCCAAATTGCC,multiplet,2,multiplet,2346
ACTGCTCCAAGCCGCT,HTO_D,1,singlet,965
ACTGCTCCAATGTAAG,multiplet,2,multiplet,1733
ACTGCTCCACACCGAC,HTO_F,1,singlet,828
ACTGCTCCACTCGACG,HTO_F,1,singlet,846
ACTGCTCCAGACGTAG,HTO_G,1,singlet,707
ACTGCTCCAGAGTGTG,multiplet,2,multiplet,6165
ACTGCTCCATCTGGTA,multiplet,2,multiplet,1964
ACTGCTCCATGGGACA,HTO_D,1,singlet,2553
ACTGCTCCATTCTCAT,HTO_D,1,singlet,2080
ACTGCTCGTAAGTAGT,HTO_G,1,singlet,743
ACTGCTCGTATTCTCT,HTO_A,1,singlet,144
ACTGCTCGTCAAAGAT,HTO_F,1,singlet,693
ACTGCTCGTGTGCCTG,HTO_G,1,singlet,939
ACTGCTCGTTTAGCTG,HTO_G,1,singlet,397
ACTGCTCTCACCTTAT,HTO_A,1,singlet,1985
ACTGCTCTCACTTATC,HTO_B,1,singlet,781
ACTGCTCTCAGCATGT,HTO_H,1,singlet,659
ACTGCTCTCATGTGGT,HTO_D,1,singlet,8684
ACTGCTCTCCATTCTA,HTO_H,1,singlet,941
ACTGCTCTCTACGAGT,HTO_C,1,singlet,611
ACTGCTCTCTACTCAT,HTO_A,1,singlet,1561
ACTGTCCAGATCTGCT,negative,0,negative,145
ACTGTCCAGCTACCTA,HTO_E,1,singlet,1034
ACTGTCCAGCTGTTCA,multiplet,2,multiplet,1189
ACTGTCCAGGTAGCCA,HTO_G,1,singlet,333
ACTGTCCAGGTCATCT,HTO_E,1,singlet,1253
ACTGTCCAGTCAAGCG,multiplet,2,multiplet,6804
ACTGTCCAGTCATCCA,HTO_E,1,singlet,559
ACTGTCCAGTCGTTTG,HTO_B,1,singlet,1208
ACTGTCCAGTCTCCTC,HTO_F,1,singlet,1360
ACTGTCCAGTGACTCT,HTO_A,1,singlet,728
ACTGTCCCAATGGTCT,HTO_H,1,singlet,677
ACTGTCCCACCCAGTG,HTO_E,1,singlet,1513
ACTGTCCCATCGATTG,HTO_H,1,singlet,551
ACTGTCCGTAAGGGCT,HTO_G,1,singlet,236
ACTGTCCGTACAGTGG,HTO_E,1,singlet,2179
ACTGTCCGTCATATGC,HTO_C,1,singlet,375
ACTGTCCGTCCGAACC,multiplet,2,multiplet,5226
ACTGTCCGTCTACCTC,HTO_E,1,singlet,841
ACTGTCCGTCTTGCGG,multiplet,2,multiplet,1250
ACTGTCCGTGTGCCTG,HTO_D,1,singlet,1224
ACTGTCCGTTCCACTC,HTO_D,1,singlet,2973
ACTGTCCGTTCTGAAC,HTO_E,1,singlet,1253
ACTGTCCGTTCTGTTT,multiplet,2,multiplet,3501
ACTGTCCGTTTGGCGC,HTO_A,1,singlet,830
ACTGTCCTCAATAAGG,HTO_B,1,singlet,1076
ACTGTCCTCACTCTTA,HTO_H,1,singlet,2796
ACTGTCCTCCACGAAT,HTO_H,1,singlet,1040
ACTGTCCTCGCCGTGA,HTO_D,1,singlet,2827
ACTGTCCTCGCGATCG,HTO_D,1,singlet,3049
ACTGTCCTCGGACAAG,HTO_F,1,singlet,991
ACTGTCCTCTACTTAC,HTO_A,1,singlet,4750
ACTGTCCTCTCAAACG,HTO_H,1,singlet,794
ACTGTCCTCTCCCTGA,HTO_B,1,singlet,911
ACTGTCCTCTCGATGA,HTO_G,1,singlet,277
ACTGTCCTCTGATTCT,HTO_C,1,singlet,1393
ACTGTCCTCTGGAGCC,HTO_A,1,singlet,1146
ACTGTCCTCTGTTTGT,HTO_H,1,singlet,776
ACTTACTAGAAGCCCA,HTO_C,1,singlet,2204
ACTTACTAGACACGAC,HTO_G,1,singlet,2328
ACTTACTAGATATGGT,HTO_D,1,singlet,1660
ACTTACTAGCGTCAAG,HTO_A,1,singlet,471
ACTTACTAGCTAAGAT,HTO_C,1,singlet,675
ACTTACTAGGCCCGTT,HTO_H,1,singlet,2709
ACTTACTAGGCTACGA,HTO_B,1,singlet,1319
ACTTACTAGGCTAGGT,HTO_F,1,singlet,390
ACTTACTAGGTGGGTT,HTO_B,1,singlet,980
ACTTACTCAAGAAAGG,HTO_A,1,singlet,567
ACTTACTCAATGGAAT,HTO_A,1,singlet,147
ACTTACTCACAGTCGC,HTO_H,1,singlet,1734
ACTTACTCAGATAATG,HTO_H,1,singlet,985
ACTTACTCAGGCTGAA,HTO_C,1,singlet,900
ACTTACTCATACTCTT,HTO_H,1,singlet,8117
ACTTACTGTACATCCA,multiplet,2,multiplet,3443
ACTTACTGTAGTACCT,multiplet,2,multiplet,1610
ACTTACTGTATGCTTG,HTO_F,1,singlet,1002
ACTTACTGTCAGCTAT,HTO_E,1,singlet,1237
ACTTACTGTCATGCCG,HTO_A,1,singlet,2078
ACTTACTGTCGACTGC,HTO_E,1,singlet,1172
ACTTACTGTCTGATCA,HTO_A,1,singlet,3084
ACTTACTGTGTGAAAT,HTO_D,1,singlet,1821
ACTTACTGTTAAAGAC,HTO_F,1,singlet,2433
ACTTACTGTTCCCTTG,HTO_A,1,singlet,393
ACTTACTGTTCGTTGA,multiplet,2,multiplet,1347
ACTTACTGTTCTGAAC,HTO_C,1,singlet,1514
ACTTACTGTTGTCTTT,HTO_E,1,singlet,3173
ACTTACTTCACGCATA,HTO_C,1,singlet,729
ACTTACTTCACTGGGC,HTO_D,1,singlet,1537
ACTTACTTCATGTCCC,HTO_A,1,singlet,827
ACTTACTTCCACTGGG,HTO_G,1,singlet,1586
ACTTACTTCCCATTTA,HTO_D,1,singlet,265
ACTTACTTCCGAACGC,HTO_H,1,singlet,863
ACTTACTTCGGAGGTA,HTO_B,1,singlet,1254
ACTTACTTCGGGAGTA,HTO_B,1,singlet,846
ACTTACTTCGTACCGG,HTO_B,1,singlet,2739
ACTTACTTCTACCTGC,HTO_A,1,singlet,1894
ACTTACTTCTAGCACA,HTO_F,1,singlet,514
ACTTACTTCTGGCGAC,HTO_D,1,singlet,1650
ACTTACTTCTTCATGT,HTO_D,1,singlet,1782
ACTTACTTCTTGCCGT,HTO_E,1,singlet,1503
ACTTGTTAGAAACGCC,HTO_A,1,singlet,997
ACTTGTTAGACCTTTG,HTO_G,1,singlet,495
ACTTGTTAGATATGCA,HTO_F,1,singlet,1012
ACTTGTTAGATATGGT,HTO_D,1,singlet,1257
ACTTGTTAGCCAACAG,HTO_H,1,singlet,3642
ACTTGTTAGCGGATCA,HTO_A,1,singlet,2206
ACTTGTTAGCTGCGAA,HTO_G,1,singlet,885
ACTTGTTAGGTAGCCA,HTO_B,1,singlet,630
ACTTGTTAGTAGTGCG,HTO_B,1,singlet,1075
ACTTGTTAGTCAATAG,HTO_F,1,singlet,1324
ACTTGTTAGTGCCAGA,HTO_G,1,singlet,554
ACTTGTTAGTGGAGTC,HTO_F,1,singlet,1497
ACTTGTTCAATGACCT,HTO_D,1,singlet,2219
ACTTGTTCACAAGTAA,HTO_D,1,singlet,1231
ACTTGTTCACGAGGTA,HTO_F,1,singlet,706
ACTTGTTCACGGCGTT,HTO_A,1,singlet,2184
ACTTGTTCACTGCCAG,HTO_A,1,singlet,499
ACTTGTTCATACGCTA,HTO_F,1,singlet,1268
ACTTGTTCATTTCAGG,HTO_H,1,singlet,1269
ACTTGTTGTAAATGTG,HTO_D,1,singlet,1879
ACTTGTTGTAAGTTCC,HTO_C,1,singlet,412
ACTTGTTTCACAGGCC,HTO_A,1,singlet,1353
ACTTGTTTCACCTTAT,HTO_H,1,singlet,1703
ACTTGTTTCACTCTTA,multiplet,2,multiplet,1777
ACTTGTTTCCCGGATG,HTO_E,1,singlet,1088
ACTTGTTTCCTAGAAC,HTO_G,1,singlet,946
ACTTGTTTCGTCTGCT,HTO_E,1,singlet,1600
ACTTGTTTCTGATTCT,HTO_D,1,singlet,2049
ACTTGTTTCTTCATGT,negative,0,negative,136
ACTTTCAAGAAGAAGC,HTO_D,1,singlet,1782
ACTTTCAAGAAGATTC,HTO_F,1,singlet,863
ACTTTCAAGAATTGTG,HTO_A,1,singlet,181
ACTTTCAAGAGGACGG,HTO_A,1,singlet,1243
ACTTTCAAGAGTACAT,HTO_A,1,singlet,1376
ACTTTCAAGATATGCA,HTO_B,1,singlet,717
ACTTTCAAGATCGGGT,HTO_B,1,singlet,584
ACTTTCAAGATGAGAG,HTO_D,1,singlet,1392
ACTTTCAAGATGCCTT,HTO_A,1,singlet,1035
ACTTTCAAGATGTCGG,HTO_H,1,singlet,3256
ACTTTCAAGCCAGGAT,HTO_H,1,singlet,1008
ACTTTCAAGGCGATAC,HTO_C,1,singlet,1805
ACTTTCAAGTCAAGCG,HTO_G,1,singlet,500
ACTTTCAAGTGGAGTC,HTO_F,1,singlet,2063
ACTTTCAAGTGTCTCA,HTO_D,1,singlet,1281
ACTTTCACAAATTGCC,HTO_B,1,singlet,921
ACTTTCACAGTTAACC,HTO_C,1,singlet,544
ACTTTCACATACGCCG,HTO_A,1,singlet,1309
ACTTTCACATTCTCAT,multiplet,2,multiplet,1988
ACTTTCAGTACACCGC,HTO_A,1,singlet,2289
ACTTTCAGTACTTAGC,HTO_B,1,singlet,1989
ACTTTCAGTCCAAGTT,HTO_H,1,singlet,1191
ACTTTCAGTCGGCATC,HTO_B,1,singlet,1106
ACTTTCAGTGGTACAG,HTO_B,1,singlet,866
ACTTTCAGTTCCTCCA,multiplet,2,multiplet,7372
ACTTTCAGTTGGTAAA,negative,0,negative,358
ACTTTCATCACGAAGG,HTO_C,1,singlet,996
ACTTTCATCAGAGCTT,HTO_H,1,singlet,806
ACTTTCATCATGTCCC,HTO_B,1,singlet,1581
ACTTTCATCCACGTGG,HTO_G,1,singlet,716
ACTTTCATCCGCATCT,HTO_B,1,singlet,726
ACTTTCATCCTAGAAC,HTO_G,1,singlet,578
ACTTTCATCGCTGATA,HTO_F,1,singlet,2844
ACTTTCATCTCTAAGG,HTO_C,1,singlet,300
ACTTTCATCTCTGAGA,HTO_C,1,singlet,845
ACTTTCATCTGCTGTC,HTO_F,1,singlet,1998
ACTTTCATCTTGCAAG,HTO_A,1,singlet,689
AGAATAGAGAATTGTG,HTO_H,1,singlet,1901
AGAATAGAGACAGGCT,HTO_F,1,singlet,3994
AGAATAGAGAGGTACC,multiplet,2,multiplet,3410
AGAATAGAGATCCCAT,HTO_B,1,singlet,3788
AGAATAGAGATGAGAG,HTO_F,1,singlet,2551
AGAATAGAGGCTCATT,HTO_E,1,singlet,1287
AGAATAGAGTGTACTC,multiplet,2,multiplet,6635
AGAATAGCAAACTGCT,HTO_D,1,singlet,3767
AGAATAGCAATACGCT,HTO_B,1,singlet,868
AGAATAGCAATCCGAT,HTO_H,1,singlet,2185
AGAATAGCACCTATCC,HTO_E,1,singlet,1397
AGAATAGCACTACAGT,HTO_F,1,singlet,584
AGAATAGCACTGAAGG,HTO_E,1,singlet,3006
AGAATAGCACTTCGAA,HTO_C,1,singlet,1029
AGAATAGCAGATTGCT,HTO_F,1,singlet,5796
AGAATAGCAGGACCCT,HTO_G,1,singlet,2222
AGAATAGCAGGGCATA,HTO_F,1,singlet,878
AGAATAGCATAAGACA,HTO_G,1,singlet,753
AGAATAGCATCTACGA,HTO_H,1,singlet,722
AGAATAGGTACGACCC,HTO_H,1,singlet,2120
AGAATAGGTAGAGTGC,HTO_B,1,singlet,1500
AGAATAGGTCAGCTAT,multiplet,2,multiplet,3326
AGAATAGGTCAGGACA,HTO_G,1,singlet,2107
AGAATAGGTCCAGTGC,HTO_C,1,singlet,1118
AGAATAGGTCGCGGTT,HTO_G,1,singlet,237
AGAATAGGTCGTTGTA,HTO_B,1,singlet,797
AGAATAGGTGACTACT,HTO_D,1,singlet,1404
AGAATAGGTTAAAGTG,multiplet,2,multiplet,1905
AGAATAGGTTACGTCA,HTO_E,1,singlet,1049
AGAATAGTCAAGATCC,HTO_G,1,singlet,521
AGAATAGTCACCTCGT,HTO_D,1,singlet,2786
AGAATAGTCGACGGAA,HTO_F,1,singlet,1531
AGAATAGTCTAACGGT,HTO_B,1,singlet,2675
AGAATAGTCTGTTTGT,HTO_G,1,singlet,978
AGAATAGTCTTAACCT,HTO_B,1,singlet,3167
AGAATAGTCTTAGCCC,HTO_C,1,singlet,439
AGACGTTAGAAGGTTT,HTO_H,1,singlet,2879
AGACGTTAGCCGTCGT,multiplet,2,multiplet,637
AGACGTTAGGGCTCTC,HTO_F,1,singlet,3940
AGACGTTAGTCGAGTG,HTO_H,1,singlet,3248
AGACGTTAGTGCCAGA,HTO_A,1,singlet,578
AGACGTTCACATAACC,HTO_B,1,singlet,3582
AGACGTTCACTTGGAT,HTO_C,1,singlet,777
AGACGTTCAGCGTTCG,HTO_G,1,singlet,1456
AGACGTTGTAATCACC,HTO_H,1,singlet,334
AGACGTTGTCACACGC,HTO_A,1,singlet,569
AGACGTTGTCATATGC,HTO_E,1,singlet,1020
AGACGTTGTCCAGTGC,HTO_B,1,singlet,1685
AGACGTTGTCTTCTCG,HTO_G,1,singlet,686
AGACGTTGTGCAGACA,HTO_G,1,singlet,1817
AGACGTTGTGGTGTAG,HTO_H,1,singlet,1058
AGACGTTGTTACGCGC,multiplet,2,multiplet,3809
AGACGTTGTTGATTGC,HTO_C,1,singlet,881
AGACGTTTCAATACCG,HTO_E,1,singlet,3606
AGACGTTTCACGGTTA,HTO_F,1,singlet,1153
AGACGTTTCAGCGATT,HTO_F,1,singlet,1218
AGACGTTTCCAGAGGA,HTO_G,1,singlet,1187
AGACGTTTCCTGCCAT,HTO_H,1,singlet,1303
AGACGTTTCCTGTACC,HTO_A,1,singlet,917
AGACGTTTCCTTGCCA,HTO_A,1,singlet,651
AGACGTTTCGGCTTGG,HTO_D,1,singlet,2110
AGACGTTTCGTGGTCG,multiplet,2,multiplet,2870
AGACGTTTCTGTCAAG,HTO_A,1,singlet,1287
AGAGCGAAGACAATAC,HTO_E,1,singlet,1046
AGAGCGAAGATCTGCT,HTO_C,1,singlet,557
AGAGCGAAGCACACAG,HTO_F,1,singlet,859
AGAGCGAAGCAGCGTA,HTO_D,1,singlet,2101
AGAGCGAAGCCACGCT,HTO_C,1,singlet,1317
AGAGCGAAGCGACGTA,multiplet,2,multiplet,3192
AGAGCGAAGCTATGCT,HTO_B,1,singlet,1390
AGAGCGAAGCTGAACG,multiplet,2,multiplet,2863
AGAGCGAAGGAATTAC,HTO_F,1,singlet,1017
AGAGCGAAGGCGTACA,multiplet,3,multiplet,5261
AGAGCGAAGTACGTAA,HTO_G,1,singlet,2445
AGAGCGAAGTCTCCTC,HTO_E,1,singlet,1118
AGAGCGAAGTTACCCA,HTO_A,1,singlet,2747
AGAGCGAAGTTATCGC,HTO_H,1,singlet,495
AGAGCGAAGTTGAGTA,HTO_C,1,singlet,935
AGAGCGACAAACTGCT,HTO_E,1,singlet,5102
AGAGCGACACGAGGTA,HTO_C,1,singlet,709
AGAGCGACAGACACTT,multiplet,2,multiplet,5544
AGAGCGACAGATTGCT,multiplet,3,multiplet,4239
AGAGCGAGTAGCGCTC,multiplet,4,multiplet,4090
AGAGCGAGTATGCTTG,HTO_H,1,singlet,846
AGAGCGAGTCCATCCT,HTO_C,1,singlet,975
AGAGCGAGTGATGATA,multiplet,2,multiplet,1600
AGAGCGAGTGCGGTAA,HTO_A,1,singlet,727
AGAGCGAGTTACCGAT,HTO_H,1,singlet,4114
AGAGCGAGTTCCCTTG,HTO_C,1,singlet,577
AGAGCGAGTTGATTCG,HTO_A,1,singlet,1098
AGAGCGATCAAACCAC,HTO_B,1,singlet,895
AGAGCGATCACATAGC,HTO_F,1,singlet,981
AGAGCGATCAGTTGAC,HTO_A,1,singlet,208
AGAGCGATCATCGCTC,HTO_B,1,singlet,1391
AGAGCGATCATTGCCC,multiplet,2,multiplet,823
AGAGCGATCCACTGGG,HTO_G,1,singlet,916
AGAGCGATCCTCATTA,HTO_A,1,singlet,316
AGAGCGATCCTCTAGC,HTO_A,1,singlet,1166
AGAGCGATCCTTTCTC,multiplet,2,multiplet,2622
AGAGCGATCGCACTCT,HTO_A,1,singlet,845
AGAGCGATCGCTTGTC,HTO_A,1,singlet,3222
AGAGCGATCGTCGTTC,HTO_G,1,singlet,593
AGAGCGATCGTTGACA,HTO_C,1,singlet,621
AGAGCGATCTAGAGTC,HTO_H,1,singlet,557
AGAGCGATCTCCAGGG,HTO_D,1,singlet,1194
AGAGCGATCTGAGTGT,HTO_F,1,singlet,2023
AGAGCGATCTTATCTG,HTO_F,1,singlet,812
AGAGCTTAGACGCAAC,HTO_F,1,singlet,1631
AGAGCTTAGACGCACA,HTO_G,1,singlet,1755
AGAGCTTAGAGACGAA,HTO_B,1,singlet,1281
AGAGCTTAGAGTTGGC,HTO_C,1,singlet,2253
AGAGCTTAGCTGCGAA,HTO_G,1,singlet,889
AGAGCTTAGTAGCGGT,HTO_A,1,singlet,1412
AGAGCTTAGTCATCCA,HTO_A,1,singlet,988
AGAGCTTAGTTGTAGA,HTO_A,1,singlet,263
AGAGCTTCAAGCCATT,HTO_G,1,singlet,1426
AGAGCTTCAAGTTAAG,HTO_G,1,singlet,1161
AGAGCTTCACCAGATT,negative,0,negative,208
AGAGCTTCACGGTAAG,HTO_G,1,singlet,4726
AGAGCTTCAGTATAAG,HTO_F,1,singlet,1714
AGAGCTTCATCGATGT,HTO_H,1,singlet,2534
AGAGCTTCATTACGAC,HTO_H,1,singlet,2894
AGAGCTTCATTCCTGC,HTO_G,1,singlet,4162
AGAGCTTGTACATCCA,HTO_G,1,singlet,959
AGAGCTTGTACTTAGC,HTO_D,1,singlet,1411
AGAGCTTGTATAAACG,HTO_D,1,singlet,2017
AGAGCTTGTATAATGG,HTO_H,1,singlet,1442
AGAGCTTGTCCATGAT,HTO_H,1,singlet,1747
AGAGCTTGTCTAAAGA,HTO_H,1,singlet,2515
AGAGCTTGTGGTACAG,HTO_F,1,singlet,1399
AGAGCTTGTTCACCTC,HTO_A,1,singlet,1129
AGAGCTTGTTCAGGCC,HTO_H,1,singlet,1310
AGAGCTTGTTTAGCTG,HTO_C,1,singlet,937
AGAGCTTTCCACTGGG,multiplet,2,multiplet,1994
AGAGCTTTCCTATTCA,HTO_D,1,singlet,1265
AGAGCTTTCGACCAGC,HTO_G,1,singlet,354
AGAGCTTTCGCTTAGA,multiplet,2,multiplet,2959
AGAGCTTTCGGCATCG,multiplet,2,multiplet,5409
AGAGCTTTCTAACGGT,HTO_C,1,singlet,1632
AGAGCTTTCTGAAAGA,HTO_D,1,singlet,3087
AGAGCTTTCTGGAGCC,HTO_B,1,singlet,813
AGAGCTTTCTTCGGTC,multiplet,4,multiplet,4832
AGAGTGGAGAGATGAG,HTO_C,1,singlet,752
AGAGTGGAGATATGCA,HTO_C,1,singlet,876
AGAGTGGAGCGTCAAG,HTO_F,1,singlet,1254
AGAGTGGAGCTAGTGG,HTO_B,1,singlet,601
AGAGTGGCACAGTCGC,multiplet,2,multiplet,932
AGAGTGGCAGCTATTG,HTO_F,1,singlet,1183
AGAGTGGCAGGAATCG,HTO_G,1,singlet,2984
AGAGTGGGTATAAACG,HTO_A,1,singlet,994
AGAGTGGGTCGGATCC,HTO_E,1,singlet,876
AGAGTGGGTCTGCCAG,HTO_A,1,singlet,834
AGAGTGGGTTGATTGC,HTO_D,1,singlet,3237
AGAGTGGTCACCATAG,multiplet,2,multiplet,750
AGAGTGGTCGCCTGTT,HTO_F,1,singlet,3513
AGAGTGGTCTAAGCCA,HTO_C,1,singlet,612
AGATCTGAGATGTAAC,HTO_C,1,singlet,980
AGATCTGAGCAGCCTC,HTO_B,1,singlet,5875
AGATCTGAGCGTAATA,HTO_G,1,singlet,353
AGATCTGAGTAGGTGC,HTO_D,1,singlet,1669
AGATCTGAGTCCATAC,multiplet,2,multiplet,1877
AGATCTGAGTGTGGCA,multiplet,2,multiplet,5524
AGATCTGAGTTGTCGT,multiplet,2,multiplet,3101
AGATCTGCAAAGGCGT,HTO_C,1,singlet,558
AGATCTGCAAGTCTGT,HTO_A,1,singlet,2609
AGATCTGCAATAGCAA,HTO_A,1,singlet,1456
AGATCTGCACAAGACG,HTO_H,1,singlet,2321
AGATCTGCACATTAGC,HTO_E,1,singlet,897
AGATCTGCACTAAGTC,HTO_E,1,singlet,1023
AGATCTGCAGATCTGT,HTO_F,1,singlet,1021
AGATCTGCAGGGATTG,multiplet,2,multiplet,2994
AGATCTGCATCCGTGG,HTO_E,1,singlet,1731
AGATCTGCATCGGACC,multiplet,2,multiplet,2843
AGATCTGCATGCGCAC,HTO_A,1,singlet,3347
AGATCTGGTATATGAG,HTO_C,1,singlet,737
AGATCTGGTATTAGCC,HTO_G,1,singlet,232
AGATCTGGTCATGCAT,HTO_C,1,singlet,441
AGATCTGGTCCGAATT,HTO_B,1,singlet,456
AGATCTGGTCGGATCC,multiplet,2,multiplet,3213
AGATCTGGTCTCTCTG,HTO_G,1,singlet,2640
AGATCTGGTCTGGAGA,HTO_D,1,singlet,5387
AGATCTGGTGCTCTTC,HTO_C,1,singlet,1165
AGATCTGGTTCTCATT,HTO_E,1,singlet,931
AGATCTGGTTTGACTG,multiplet,2,multiplet,2358
AGATCTGTCAAACGGG,HTO_H,1,singlet,3271
AGATCTGTCAGCTGGC,HTO_E,1,singlet,3998
AGATCTGTCAGGATCT,HTO_D,1,singlet,3283
AGATCTGTCGAATGCT,multiplet,2,multiplet,2187
AGATCTGTCGATGAGG,multiplet,2,multiplet,1184
AGATCTGTCGTTGACA,multiplet,2,multiplet,3547
AGATCTGTCTGCCAGG,HTO_G,1,singlet,1569
AGATCTGTCTTAGAGC,HTO_E,1,singlet,2953
AGATCTGTCTTCAACT,HTO_H,1,singlet,657
AGATTGCAGAGTGACC,HTO_B,1,singlet,3642
AGATTGCAGATACACA,HTO_A,1,singlet,1536
AGATTGCAGATCCCAT,HTO_C,1,singlet,1045
AGATTGCAGCCAGAAC,HTO_E,1,singlet,902
AGATTGCAGCCGTCGT,HTO_A,1,singlet,238
AGATTGCAGCGATAGC,HTO_D,1,singlet,4521
AGATTGCAGCTGAACG,HTO_A,1,singlet,3364
AGATTGCAGCTGATAA,HTO_D,1,singlet,1548
AGATTGCAGGATATAC,HTO_H,1,singlet,848
AGATTGCAGGCTACGA,HTO_B,1,singlet,821
AGATTGCAGGGCTCTC,multiplet,2,multiplet,4458
AGATTGCAGTACGTAA,HTO_E,1,singlet,5913
AGATTGCAGTGACTCT,HTO_D,1,singlet,1254
AGATTGCCAAACGTGG,HTO_A,1,singlet,788
AGATTGCCAACGATGG,HTO_H,1,singlet,703
AGATTGCCAAGCGTAG,HTO_F,1,singlet,1728
AGATTGCCAAGGCTCC,multiplet,2,multiplet,3318
AGATTGCCACGACTCG,multiplet,2,multiplet,1037
AGATTGCCAGATGAGC,HTO_E,1,singlet,2110
AGATTGCGTACTTAGC,HTO_G,1,singlet,805
AGATTGCGTAGCGCAA,HTO_C,1,singlet,1312
AGATTGCGTGCTTCTC,HTO_A,1,singlet,652
AGATTGCGTTTGGGCC,HTO_H,1,singlet,824
AGATTGCGTTTGTTTC,HTO_B,1,singlet,4314
AGATTGCTCAAAGTAG,HTO_B,1,singlet,1070
AGATTGCTCAGGATCT,HTO_C,1,singlet,3489
AGATTGCTCGTTTGCC,HTO_G,1,singlet,7077
AGATTGCTCTAGAGTC,HTO_A,1,singlet,2145
AGCAGCCAGAACTCGG,multiplet,2,multiplet,1346
AGCAGCCAGAGTTGGC,HTO_H,1,singlet,1312
AGCAGCCAGCGATTCT,HTO_D,1,singlet,1593
AGCAGCCAGCGCCTTG,HTO_C,1,singlet,283
AGCAGCCAGGACACCA,HTO_H,1,singlet,4443
AGCAGCCAGGAGTACC,multiplet,2,multiplet,1017
AGCAGCCAGTGCCATT,HTO_F,1,singlet,1219
AGCAGCCAGTTCGCAT,HTO_D,1,singlet,1449
AGCAGCCCAAGCCATT,multiplet,2,multiplet,3319
AGCAGCCCAATGGATA,HTO_F,1,singlet,1841
AGCAGCCCACCTTGTC,multiplet,2,multiplet,825
AGCAGCCCACGAGGTA,multiplet,4,multiplet,9255
AGCAGCCCACGCATCG,HTO_C,1,singlet,1972
AGCAGCCCAGATCCAT,HTO_A,1,singlet,974
AGCAGCCCAGCTGTGC,HTO_C,1,singlet,628
AGCAGCCGTAGAAGGA,HTO_A,1,singlet,1365
AGCAGCCGTAGTACCT,HTO_G,1,singlet,3596
AGCAGCCGTATATGGA,HTO_B,1,singlet,3999
AGCAGCCGTATGCTTG,HTO_G,1,singlet,4955
AGCAGCCGTCACCTAA,HTO_B,1,singlet,2316
AGCAGCCGTCAGTGGA,HTO_B,1,singlet,2130
AGCAGCCGTCTTGTCC,HTO_H,1,singlet,3562
AGCAGCCGTGAACCTT,HTO_G,1,singlet,862
AGCAGCCGTTGGAGGT,multiplet,2,multiplet,5936
AGCAGCCTCAACTCTT,multiplet,2,multiplet,4559
AGCAGCCTCACCTTAT,HTO_B,1,singlet,1020
AGCAGCCTCATCTGTT,HTO_F,1,singlet,1606
AGCAGCCTCCACGAAT,multiplet,2,multiplet,3074
AGCAGCCTCCACGTTC,multiplet,2,multiplet,2011
AGCAGCCTCTATCCCG,HTO_A,1,singlet,295
AGCAGCCTCTGGAGCC,HTO_A,1,singlet,230
AGCAGCCTCTGGCGAC,multiplet,2,multiplet,1615
AGCATACAGCAGCCTC,HTO_H,1,singlet,3656
AGCATACAGCGTCAAG,HTO_G,1,singlet,368
AGCATACAGGACTGGT,HTO_C,1,singlet,602
AGCATACAGGTTCCTA,HTO_E,1,singlet,1319
AGCATACAGTAAGTAC,multiplet,2,multiplet,10407
AGCATACAGTCGATAA,HTO_H,1,singlet,1016
AGCATACAGTGTACCT,HTO_G,1,singlet,1983
AGCATACCAAAGTCAA,multiplet,2,multiplet,771
AGCATACCAAGCCTAT,HTO_B,1,singlet,1047
AGCATACCACAAGACG,HTO_B,1,singlet,974
AGCATACCACATGTGT,HTO_H,1,singlet,2599
AGCATACCAGGGCATA,HTO_G,1,singlet,1131
AGCATACCAGTCAGCC,HTO_B,1,singlet,940
AGCATACCAGTCGTGC,multiplet,2,multiplet,2763
AGCATACCATCACGAT,HTO_H,1,singlet,6400
AGCATACCATCAGTAC,HTO_F,1,singlet,1735
AGCATACCATGCATGT,HTO_C,1,singlet,332
AGCATACCATGTCTCC,HTO_C,1,singlet,475
AGCATACCATTAACCG,multiplet,2,multiplet,3633
AGCATACCATTTGCCC,HTO_A,1,singlet,791
AGCATACGTACGCTGC,HTO_G,1,singlet,2128
AGCATACGTAGCGATG,HTO_B,1,singlet,1401
AGCATACGTATGAATG,multiplet,2,multiplet,2299
AGCATACGTCATGCCG,HTO_H,1,singlet,574
AGCATACGTCCGTTAA,HTO_A,1,singlet,884
AGCATACGTTCTCATT,multiplet,2,multiplet,5434
AGCATACGTTCTGAAC,HTO_D,1,singlet,1355
AGCATACTCAACACCA,HTO_B,1,singlet,1666
AGCATACTCATGGTCA,HTO_C,1,singlet,566
AGCATACTCCGTCATC,HTO_D,1,singlet,4082
AGCATACTCGAATCCA,HTO_H,1,singlet,867
AGCATACTCGGCGCTA,HTO_F,1,singlet,1613
AGCATACTCTGGTGTA,HTO_A,1,singlet,1051
AGCATACTCTTCCTTC,HTO_C,1,singlet,502
AGCCTAAAGACATAAC,multiplet,2,multiplet,434
AGCCTAAAGAGACTTA,HTO_G,1,singlet,1461
AGCCTAAAGAGGGCTT,HTO_E,1,singlet,599
AGCCTAAAGATAGTCA,HTO_D,1,singlet,1811
AGCCTAAAGATGTAAC,HTO_B,1,singlet,3079
AGCCTAAAGATGTGTA,multiplet,2,multiplet,1026
AGCCTAAAGCCACGTC,HTO_A,1,singlet,502
AGCCTAAAGGAATGGA,HTO_B,1,singlet,3646
AGCCTAAAGGACGAAA,HTO_C,1,singlet,861
AGCCTAAAGTCACGCC,HTO_H,1,singlet,2897
AGCCTAAAGTGCGTGA,HTO_D,1,singlet,1736
AGCCTAACAAGACGTG,multiplet,3,multiplet,2889
AGCCTAACAAGCCTAT,HTO_H,1,singlet,1305
AGCCTAACAAGCGATG,HTO_E,1,singlet,3033
AGCCTAACAAGGTGTG,HTO_A,1,singlet,292
AGCCTAACACGTCTCT,HTO_E,1,singlet,2279
AGCCTAAGTCACAAGG,HTO_H,1,singlet,1220
AGCCTAAGTCACACGC,HTO_H,1,singlet,796
AGCCTAAGTGCCTTGG,HTO_G,1,singlet,706
AGCCTAAGTTAAAGTG,HTO_D,1,singlet,1881
AGCCTAAGTTATGCGT,HTO_F,1,singlet,1479
AGCCTAATCACAACGT,HTO_F,1,singlet,883
AGCCTAATCACCCGAG,multiplet,2,multiplet,2797
AGCCTAATCATCATTC,multiplet,2,multiplet,1395
AGCCTAATCATCGGAT,HTO_G,1,singlet,1521
AGCCTAATCATTATCC,HTO_B,1,singlet,4819
AGCCTAATCCGTAGTA,HTO_A,1,singlet,903
AGCCTAATCGCTAGCG,HTO_E,1,singlet,1635
AGCCTAATCTTAACCT,HTO_C,1,singlet,551
AGCGGTCAGAACAATC,HTO_E,1,singlet,1491
AGCGGTCAGAAGGCCT,multiplet,2,multiplet,11159
AGCGGTCAGACGACGT,HTO_H,1,singlet,783
AGCGGTCAGATCGATA,HTO_C,1,singlet,563
AGCGGTCAGCAGGCTA,HTO_G,1,singlet,2582
AGCGGTCAGGCAAAGA,HTO_C,1,singlet,1363
AGCGGTCAGGCCCTTG,HTO_G,1,singlet,2624
AGCGGTCAGTCGATAA,HTO_B,1,singlet,1255
AGCGGTCCAAAGGAAG,HTO_B,1,singlet,452
AGCGGTCCAACTGCTA,multiplet,2,multiplet,518
AGCGGTCCAAGTCTAC,HTO_B,1,singlet,2068
AGCGGTCCAGCGAACA,HTO_H,1,singlet,2263
AGCGGTCCATACGCCG,HTO_H,1,singlet,1014
AGCGGTCGTACTCAAC,multiplet,2,multiplet,3612
AGCGGTCGTAGCAAAT,HTO_C,1,singlet,431
AGCGGTCGTCAATACC,HTO_G,1,singlet,725
AGCGGTCGTCAGGACA,HTO_G,1,singlet,3356
AGCGGTCGTCTCCACT,HTO_A,1,singlet,542
AGCGGTCGTTATCACG,HTO_G,1,singlet,935
AGCGGTCTCATCGCTC,HTO_H,1,singlet,1493
AGCGGTCTCCGTTGCT,HTO_E,1,singlet,489
AGCGGTCTCGCGGATC,HTO_A,1,singlet,1226
AGCGGTCTCTAGCACA,HTO_D,1,singlet,1934
AGCGGTCTCTCGCATC,HTO_D,1,singlet,2015
AGCGTATAGACAAAGG,HTO_C,1,singlet,606
AGCGTATAGACAGAGA,HTO_E,1,singlet,1562
AGCGTATAGACGCACA,HTO_D,1,singlet,5299
AGCGTATAGCTGCCCA,multiplet,2,multiplet,3512
AGCGTATAGGACCACA,HTO_C,1,singlet,1266
AGCGTATAGGTTACCT,multiplet,3,multiplet,5736
AGCGTATAGTCATCCA,multiplet,3,multiplet,5181
AGCGTATAGTGTGAAT,HTO_C,1,singlet,1253
AGCGTATCAAAGGCGT,HTO_F,1,singlet,5056
AGCGTATCAAATACAG,multiplet,2,multiplet,3506
AGCGTATCACAGCCCA,HTO_C,1,singlet,718
AGCGTATCACGCGAAA,HTO_F,1,singlet,4387
AGCGTATCAGGTGGAT,HTO_B,1,singlet,1583
AGCGTATCATCGTCGG,HTO_G,1,singlet,2009
AGCGTATGTAGAGGAA,HTO_E,1,singlet,1493
AGCGTATGTAGCGCTC,HTO_G,1,singlet,1521
AGCGTATGTCGAATCT,HTO_B,1,singlet,1570
AGCGTATGTCGAGTTT,multiplet,2,multiplet,4941
AGCGTATGTCGCGTGT,HTO_B,1,singlet,1931
AGCGTATGTGGGTATG,multiplet,2,multiplet,2547
AGCGTATGTGTGGCTC,HTO_A,1,singlet,1317
AGCGTATGTTGATTCG,multiplet,3,multiplet,1578
AGCGTATTCAAACAAG,HTO_D,1,singlet,857
AGCGTATTCACAATGC,HTO_C,1,singlet,331
AGCGTATTCACCCTCA,HTO_C,1,singlet,303
AGCGTATTCAGGATCT,HTO_B,1,singlet,737
AGCGTATTCCATGAAC,HTO_D,1,singlet,7228
AGCGTATTCCATGAGT,HTO_H,1,singlet,1320
AGCGTATTCCCTCTTT,HTO_E,1,singlet,1239
AGCGTATTCGACCAGC,multiplet,3,multiplet,4032
AGCGTATTCTCTAGGA,HTO_G,1,singlet,407
AGCGTATTCTTATCTG,HTO_B,1,singlet,1831
AGCGTATTCTTGAGGT,HTO_C,1,singlet,1531
AGCGTCGAGACTTTCG,HTO_H,1,singlet,40
AGCGTCGAGATCCTGT,HTO_A,1,singlet,75
AGCGTCGAGATGTGTA,HTO_B,1,singlet,45
AGCGTCGAGCACGCCT,HTO_H,1,singlet,67
AGCGTCGAGCTGCCCA,HTO_B,1,singlet,60
AGCGTCGAGGGAGTAA,HTO_G,1,singlet,83
AGCGTCGCAACACGCC,HTO_B,1,singlet,146
AGCGTCGCAAGCTGGA,HTO_C,1,singlet,32
AGCGTCGCAATGGTCT,multiplet,2,multiplet,407
AGCGTCGCACCAGCAC,negative,0,negative,43
AGCGTCGCACCATGTA,HTO_D,1,singlet,64
AGCGTCGCAGCGTAAG,HTO_D,1,singlet,135
AGCGTCGCATGTCTCC,HTO_E,1,singlet,287
AGCGTCGCATTTCACT,HTO_D,1,singlet,231
AGCGTCGGTCTCTCTG,HTO_C,1,singlet,131
AGCGTCGGTGTGAAAT,negative,0,negative,77
AGCGTCGGTTAAAGTG,negative,0,negative,24
AGCGTCGGTTCAGGCC,HTO_F,1,singlet,38
AGCGTCGGTTGTCGCG,HTO_E,1,singlet,43
AGCGTCGGTTTGGGCC,HTO_D,1,singlet,118
AGCGTCGTCAGGCGAA,HTO_D,1,singlet,101
AGCGTCGTCTTGCAAG,negative,0,negative,21
AGCTCCTAGACAAGCC,HTO_H,1,singlet,2486
AGCTCCTAGATCCGAG,HTO_G,1,singlet,5260
AGCTCCTAGGCTCAGA,HTO_D,1,singlet,2364
AGCTCCTAGGGAACGG,HTO_C,1,singlet,362
AGCTCCTAGGGCATGT,HTO_C,1,singlet,336
AGCTCCTAGTGAACGC,HTO_G,1,singlet,967
AGCTCCTAGTTAGCGG,multiplet,4,multiplet,2886
AGCTCCTCACGCCAGT,HTO_B,1,singlet,1354
AGCTCCTCACGGTAAG,HTO_H,1,singlet,4944
AGCTCCTCAGATTGCT,multiplet,2,multiplet,2598
AGCTCCTCATATGCTG,HTO_F,1,singlet,2119
AGCTCCTGTAAATACG,HTO_E,1,singlet,1665
AGCTCCTGTATAATGG,HTO_B,1,singlet,1227
AGCTCCTGTCGCTTTC,HTO_G,1,singlet,1503
AGCTCCTGTCTAACGT,HTO_F,1,singlet,1327
AGCTCCTGTGGGTATG,HTO_E,1,singlet,839
AGCTCCTGTGTTCGAT,HTO_A,1,singlet,472
AGCTCCTGTTCTCATT,HTO_H,1,singlet,4052
AGCTCCTGTTGGGACA,HTO_C,1,singlet,477
AGCTCCTTCAGCGATT,HTO_A,1,singlet,729
AGCTCCTTCATTGCGA,HTO_E,1,singlet,3079
AGCTCCTTCCAATGGT,HTO_D,1,singlet,2993
AGCTCCTTCCACGTTC,HTO_E,1,singlet,704
AGCTCCTTCCCTAACC,HTO_G,1,singlet,1059
AGCTCCTTCGCATGGC,HTO_H,1,singlet,692
AGCTCCTTCGTTACAG,HTO_C,1,singlet,785
AGCTCCTTCTAGCACA,HTO_B,1,singlet,2441
AGCTCCTTCTCCAACC,HTO_A,1,singlet,258
AGCTCTCAGACTAGAT,HTO_E,1,singlet,1337
AGCTCTCAGAGCTTCT,HTO_A,1,singlet,653
AGCTCTCAGCATCATC,HTO_D,1,singlet,3763
AGCTCTCAGCTCCTCT,HTO_D,1,singlet,2586
AGCTCTCAGGACTGGT,HTO_D,1,singlet,5164
AGCTCTCAGGTCATCT,HTO_B,1,singlet,3511
AGCTCTCCAACCGCCA,HTO_G,1,singlet,1818
AGCTCTCCAAGAAGAG,HTO_G,1,singlet,392
AGCTCTCCACATGGGA,HTO_H,1,singlet,743
AGCTCTCCACATTCGA,multiplet,2,multiplet,968
AGCTCTCCACCACCAG,HTO_A,1,singlet,723
AGCTCTCCACCGATAT,HTO_D,1,singlet,1383
AGCTCTCCACCTATCC,HTO_B,1,singlet,2216
AGCTCTCCAGACGCCT,HTO_A,1,singlet,974
AGCTCTCCAGACTCGC,HTO_H,1,singlet,307
AGCTCTCCAGCTGCTG,HTO_A,1,singlet,1115
AGCTCTCCAGCTGTTA,HTO_G,1,singlet,955
AGCTCTCCATACGCCG,HTO_A,1,singlet,939
AGCTCTCCATCCAACA,HTO_D,1,singlet,1621
AGCTCTCCATGTAGTC,HTO_F,1,singlet,392
AGCTCTCGTAATAGCA,multiplet,2,multiplet,1161
AGCTCTCGTAGCGTCC,HTO_H,1,singlet,1173
AGCTCTCGTCACCTAA,HTO_G,1,singlet,313
AGCTCTCGTCCATGAT,HTO_C,1,singlet,941
AGCTCTCGTCCGCTGA,HTO_G,1,singlet,1498
AGCTCTCGTGATAAGT,HTO_H,1,singlet,1418
AGCTCTCGTGCAGTAG,HTO_F,1,singlet,319
AGCTCTCGTGCGATAG,multiplet,2,multiplet,1690
AGCTCTCGTTCCACAA,HTO_E,1,singlet,1320
AGCTCTCGTTGGTTTG,HTO_F,1,singlet,3060
AGCTCTCGTTGTCTTT,HTO_E,1,singlet,3346
AGCTCTCTCAACCATG,HTO_C,1,singlet,493
AGCTCTCTCCCGGATG,HTO_F,1,singlet,5340
AGCTCTCTCCTCCTAG,multiplet,2,multiplet,997
AGCTCTCTCGAATCCA,HTO_B,1,singlet,1060
AGCTCTCTCGCCATAA,HTO_B,1,singlet,959
AGCTCTCTCTCGATGA,HTO_E,1,singlet,1271
AGCTCTCTCTGCCAGG,HTO_H,1,singlet,2527
AGCTCTCTCTGTGCAA,multiplet,2,multiplet,3953
AGCTTGAAGAATAGGG,HTO_E,1,singlet,1268
AGCTTGAAGACAGACC,HTO_E,1,singlet,1244
AGCTTGAAGAGCTTCT,multiplet,2,multiplet,1590
AGCTTGAAGAGGTACC,multiplet,3,multiplet,2974
AGCTTGAAGATGTCGG,HTO_E,1,singlet,1232
AGCTTGAAGCAGGTCA,HTO_E,1,singlet,660
AGCTTGAAGCTAAGAT,multiplet,2,multiplet,891
AGCTTGAAGCTACCGC,HTO_D,1,singlet,1264
AGCTTGAAGGTACTCT,HTO_B,1,singlet,1520
AGCTTGAAGTATTGGA,multiplet,2,multiplet,8234
AGCTTGACACATTCGA,HTO_H,1,singlet,1354
AGCTTGACAGTATCTG,HTO_E,1,singlet,760
AGCTTGACATTGAGCT,HTO_E,1,singlet,1501
AGCTTGAGTAGCTCCG,HTO_D,1,singlet,2230
AGCTTGAGTCCAGTGC,HTO_H,1,singlet,1847
AGCTTGAGTCCGTCAG,HTO_A,1,singlet,1065
AGCTTGAGTCGACTGC,HTO_C,1,singlet,633
AGCTTGAGTCGCTTTC,multiplet,2,multiplet,5693
AGCTTGAGTCTGCAAT,HTO_D,1,singlet,3654
AGCTTGAGTGCAGGTA,HTO_C,1,singlet,432
AGCTTGAGTGCGATAG,multiplet,2,multiplet,1842
AGCTTGAGTGGTGTAG,HTO_H,1,singlet,2426
AGCTTGAGTGTGGTTT,HTO_H,1,singlet,2115
AGCTTGAGTTAGATGA,HTO_C,1,singlet,691
AGCTTGATCAGGTAAA,HTO_A,1,singlet,901
AGCTTGATCCGCGGTA,multiplet,3,multiplet,2849
AGCTTGATCCGTAGTA,HTO_F,1,singlet,949
AGCTTGATCCTTCAAT,HTO_H,1,singlet,754
AGCTTGATCGAGAACG,HTO_G,1,singlet,1245
AGCTTGATCGTAGGTT,HTO_B,1,singlet,774
AGCTTGATCGTCCGTT,HTO_C,1,singlet,341
AGGCCACAGGCTAGAC,HTO_H,1,singlet,911
AGGCCACAGGGTTCCC,HTO_G,1,singlet,444
AGGCCACAGGTAGCTG,HTO_F,1,singlet,2439
AGGCCACCACATCCAA,HTO_C,1,singlet,706
AGGCCACCACGTCTCT,HTO_C,1,singlet,1912
AGGCCACCACTCAGGC,HTO_C,1,singlet,836
AGGCCACCAGGGCATA,HTO_B,1,singlet,543
AGGCCACCATGACGGA,HTO_E,1,singlet,7008
AGGCCACGTAATAGCA,HTO_H,1,singlet,805
AGGCCACGTAATTGGA,HTO_E,1,singlet,810
AGGCCACGTACGCACC,HTO_H,1,singlet,680
AGGCCACGTAGGACAC,HTO_D,1,singlet,3002
AGGCCACGTCCGCTGA,HTO_A,1,singlet,1733
AGGCCACGTCGCTTTC,multiplet,2,multiplet,1089
AGGCCACGTGGCTCCA,multiplet,2,multiplet,7782
AGGCCACGTGTTTGGT,HTO_D,1,singlet,1329
AGGCCACGTTATTCTC,HTO_G,1,singlet,2661
AGGCCACGTTCCACGG,HTO_D,1,singlet,5293
AGGCCACGTTGTGGAG,HTO_D,1,singlet,2464
AGGCCACTCAACCAAC,HTO_H,1,singlet,1469
AGGCCACTCATCTGTT,HTO_C,1,singlet,1485
AGGCCACTCATGTCCC,HTO_E,1,singlet,812
AGGCCACTCCAAATGC,HTO_B,1,singlet,4576
AGGCCACTCCTAAGTG,multiplet,2,multiplet,3837
AGGCCACTCGAGGTAG,HTO_C,1,singlet,993
AGGCCACTCTGTTGAG,HTO_G,1,singlet,3931
AGGCCACTCTTGTATC,HTO_G,1,singlet,1807
AGGCCGTAGATATGGT,multiplet,2,multiplet,1511
AGGCCGTAGATGAGAG,HTO_C,1,singlet,4173
AGGCCGTAGCAGCCTC,HTO_A,1,singlet,1282
AGGCCGTAGCGCTCCA,multiplet,2,multiplet,2315
AGGCCGTAGGATGCGT,HTO_B,1,singlet,3138
AGGCCGTAGGCCCGTT,HTO_D,1,singlet,1869
AGGCCGTAGTAGATGT,HTO_A,1,singlet,1647
AGGCCGTAGTCGAGTG,HTO_B,1,singlet,1969
AGGCCGTCACGCCAGT,HTO_C,1,singlet,713
AGGCCGTCAGGCAGTA,HTO_C,1,singlet,1019
AGGCCGTCATTCCTCG,HTO_G,1,singlet,2206
AGGCCGTGTCACCCAG,multiplet,2,multiplet,1618
AGGCCGTGTGTCGCTG,multiplet,2,multiplet,1925
AGGCCGTGTTGCTCCT,multiplet,2,multiplet,3763
AGGCCGTGTTGGTGGA,HTO_A,1,singlet,741
AGGCCGTTCAACCATG,HTO_B,1,singlet,1271
AGGCCGTTCACATACG,HTO_A,1,singlet,639
AGGCCGTTCATACGGT,HTO_A,1,singlet,1719
AGGCCGTTCCCATTTA,HTO_D,1,singlet,2773
AGGCCGTTCCTCCTAG,HTO_A,1,singlet,383
AGGCCGTTCGCGTTTC,multiplet,2,multiplet,3449
AGGCCGTTCGTACGGC,HTO_B,1,singlet,1103
AGGCCGTTCTCAAACG,HTO_A,1,singlet,1990
AGGCCGTTCTTTAGTC,HTO_D,1,singlet,1585
AGGGAGTAGAGTGACC,HTO_G,1,singlet,1122
AGGGAGTAGATAGGAG,multiplet,2,multiplet,2519
AGGGAGTAGCCATCGC,multiplet,2,multiplet,3002
AGGGAGTAGCGGCTTC,multiplet,2,multiplet,2333
AGGGAGTAGCTCTCGG,HTO_E,1,singlet,1276
AGGGAGTCAAAGCAAT,HTO_C,1,singlet,494
AGGGAGTCAAATACAG,HTO_H,1,singlet,2781
AGGGAGTCACCATCCT,HTO_H,1,singlet,473
AGGGAGTCACTACAGT,HTO_C,1,singlet,1203
AGGGAGTCAGACAAAT,multiplet,2,multiplet,2377
AGGGAGTCAGCTATTG,HTO_B,1,singlet,728
AGGGAGTCATACGCCG,multiplet,2,multiplet,1304
AGGGAGTCATCACAAC,HTO_H,1,singlet,263
AGGGAGTCATGATCCA,HTO_F,1,singlet,418
AGGGAGTGTCCGTGAC,multiplet,2,multiplet,6349
AGGGAGTGTCGTGGCT,multiplet,2,multiplet,5377
AGGGAGTGTCTAGCCG,multiplet,2,multiplet,1231
AGGGAGTGTCTAGTCA,HTO_H,1,singlet,322
AGGGAGTGTGTATGGG,HTO_B,1,singlet,1186
AGGGAGTGTGTCAATC,HTO_E,1,singlet,1584
AGGGAGTGTTACGACT,HTO_G,1,singlet,1429
AGGGAGTGTTCCAACA,HTO_B,1,singlet,1192
AGGGAGTGTTGCTCCT,HTO_E,1,singlet,1455
AGGGAGTGTTGTGGAG,HTO_G,1,singlet,4580
AGGGAGTTCAACACAC,HTO_B,1,singlet,1236
AGGGAGTTCAGCTTAG,HTO_H,1,singlet,914
AGGGAGTTCCAAACTG,HTO_B,1,singlet,635
AGGGAGTTCGTTTGCC,HTO_E,1,singlet,1071
AGGGATGAGCAATCTC,multiplet,2,multiplet,2260
AGGGATGAGCACACAG,HTO_H,1,singlet,600
AGGGATGAGCCAGTAG,HTO_G,1,singlet,2101
AGGGATGAGCGCCTTG,HTO_E,1,singlet,1190
AGGGATGAGCTGCGAA,HTO_G,1,singlet,1466
AGGGATGAGGACAGCT,HTO_B,1,singlet,3168
AGGGATGAGGGTATCG,HTO_H,1,singlet,389
AGGGATGAGTGGTCCC,HTO_F,1,singlet,1750
AGGGATGCACAACGCC,HTO_H,1,singlet,1262
AGGGATGCACCAGCAC,HTO_H,1,singlet,670
AGGGATGCAGCTTAAC,HTO_B,1,singlet,1780
AGGGATGCATGCATGT,HTO_E,1,singlet,1495
AGGGATGCATGTAAGA,HTO_A,1,singlet,1179
AGGGATGGTCCGCTGA,multiplet,2,multiplet,4656
AGGGATGGTCGGCATC,HTO_H,1,singlet,743
AGGGATGGTGGTAACG,HTO_D,1,singlet,2505
AGGGATGGTGTGACCC,HTO_F,1,singlet,381
AGGGATGGTTACCGAT,HTO_C,1,singlet,2029
AGGGATGGTTGGGACA,HTO_F,1,singlet,910
AGGGATGTCAAGAAGT,multiplet,2,multiplet,3092
AGGGATGTCACGGTTA,HTO_G,1,singlet,371
AGGGATGTCAGTTCGA,HTO_F,1,singlet,750
AGGGATGTCATCGCTC,HTO_E,1,singlet,1057
AGGGATGTCCAAAGTC,HTO_D,1,singlet,4864
AGGGATGTCCCAAGTA,HTO_H,1,singlet,2964
AGGGATGTCGGTTAAC,HTO_D,1,singlet,1496
AGGGTGAAGACAGACC,HTO_E,1,singlet,1243
AGGGTGAAGACCGGAT,HTO_A,1,singlet,777
AGGGTGAAGAGGGCTT,HTO_G,1,singlet,412
AGGGTGAAGAGGTAGA,HTO_F,1,singlet,1091
AGGGTGAAGCGATGAC,HTO_G,1,singlet,957
AGGGTGAAGCTCTCGG,HTO_E,1,singlet,1020
AGGGTGAAGGGCATGT,multiplet,2,multiplet,7289
AGGGTGAAGTACGCGA,HTO_C,1,singlet,441
AGGGTGAAGTCATGCT,HTO_F,1,singlet,2486
AGGGTGAAGTGTTGAA,HTO_H,1,singlet,2647
AGGGTGACAAGCTGTT,HTO_G,1,singlet,1192
AGGGTGACACGCGAAA,HTO_A,1,singlet,453
AGGGTGACACTGTTAG,HTO_A,1,singlet,951
AGGGTGACAGATGGCA,HTO_G,1,singlet,1331
AGGGTGACATAAGACA,multiplet,2,multiplet,4463
AGGGTGACATCGGACC,HTO_B,1,singlet,1028
AGGGTGACATGACGGA,HTO_B,1,singlet,820
AGGGTGACATTACGAC,HTO_G,1,singlet,2038
AGGGTGAGTAGCGCTC,HTO_E,1,singlet,1199
AGGGTGAGTCAAAGAT,HTO_B,1,singlet,1590
AGGGTGAGTCCTGCTT,HTO_H,1,singlet,737
AGGGTGAGTCGACTAT,HTO_G,1,singlet,598
AGGGTGAGTCTAGAGG,HTO_F,1,singlet,890
AGGGTGAGTCTCTCGT,HTO_A,1,singlet,1601
AGGGTGAGTTCCTCCA,HTO_H,1,singlet,647
AGGGTGAGTTGTCTTT,HTO_D,1,singlet,4470
AGGGTGATCACCACCT,HTO_C,1,singlet,589
AGGGTGATCACCAGGC,HTO_H,1,singlet,945
AGGGTGATCAGAGACG,multiplet,2,multiplet,2181
AGGGTGATCAGCCTAA,HTO_B,1,singlet,1164
AGGGTGATCATGTGGT,HTO_E,1,singlet,4555
AGGGTGATCCCTTGTG,HTO_G,1,singlet,268
AGGGTGATCGGATGTT,multiplet,2,multiplet,3664
AGGGTGATCTGTACGA,HTO_D,1,singlet,1664
AGGGTGATCTGTCAAG,multiplet,2,multiplet,3867
AGGGTGATCTTACCTA,HTO_B,1,singlet,2216
AGGTCATAGAAAGTGG,HTO_C,1,singlet,1331
AGGTCATAGAGTACCG,HTO_F,1,singlet,1086
AGGTCATAGATAGGAG,multiplet,2,multiplet,661
AGGTCATAGATCCTGT,multiplet,2,multiplet,4637
AGGTCATAGCACACAG,HTO_H,1,singlet,1499
AGGTCATAGCATGGCA,HTO_H,1,singlet,374
AGGTCATAGGTAGCCA,HTO_A,1,singlet,320
AGGTCATAGTAGCGGT,HTO_D,1,singlet,1003
AGGTCATAGTGTGGCA,HTO_F,1,singlet,2358
AGGTCATAGTTAACGA,HTO_E,1,singlet,3774
AGGTCATAGTTAGCGG,HTO_C,1,singlet,2177
AGGTCATCAAGGTTCT,HTO_A,1,singlet,1308
AGGTCATCACCCATTC,HTO_E,1,singlet,1882
AGGTCATCATGCCCGA,HTO_D,1,singlet,1439
AGGTCATCATTTCACT,HTO_H,1,singlet,5842
AGGTCATGTAAACACA,multiplet,2,multiplet,2532
AGGTCATGTAAATACG,multiplet,3,multiplet,8704
AGGTCATGTACAGACG,HTO_F,1,singlet,250
AGGTCATGTAGAGGAA,HTO_B,1,singlet,436
AGGTCATGTAGCTCCG,negative,0,negative,48
AGGTCATGTCAACTGT,HTO_B,1,singlet,1076
AGGTCATGTCAGAGGT,HTO_B,1,singlet,2541
AGGTCATGTCGGCACT,HTO_A,1,singlet,748
AGGTCATGTGCAACTT,HTO_G,1,singlet,2027
AGGTCATGTGCGCTTG,HTO_F,1,singlet,1010
AGGTCATGTGTGCGTC,HTO_D,1,singlet,1268
AGGTCATGTTATCGGT,multiplet,2,multiplet,1353
AGGTCATGTTCGCGAC,multiplet,2,multiplet,5621
AGGTCATTCAAACCGT,HTO_G,1,singlet,1032
AGGTCATTCAAGGCTT,HTO_F,1,singlet,959
AGGTCATTCAATAAGG,HTO_G,1,singlet,928
AGGTCATTCACCCGAG,multiplet,2,multiplet,3541
AGGTCATTCAGTCAGT,HTO_C,1,singlet,895
AGGTCATTCGTCCGTT,HTO_C,1,singlet,1854
AGGTCATTCTACTTAC,HTO_E,1,singlet,1014
AGGTCATTCTCCGGTT,multiplet,2,multiplet,2415
AGGTCCGAGAAGGTTT,HTO_C,1,singlet,1042
AGGTCCGAGATATGCA,HTO_H,1,singlet,775
AGGTCCGAGCTACCGC,HTO_B,1,singlet,941
AGGTCCGAGTCTCAAC,HTO_C,1,singlet,630
AGGTCCGAGTGAAGTT,HTO_A,1,singlet,653
AGGTCCGCAACGATGG,HTO_B,1,singlet,3487
AGGTCCGCAAGACACG,HTO_B,1,singlet,310
AGGTCCGCAGACGCCT,HTO_A,1,singlet,1492
AGGTCCGCAGATCCAT,HTO_C,1,singlet,535
AGGTCCGCAGCCACCA,multiplet,2,multiplet,5464
AGGTCCGCAGTCACTA,HTO_A,1,singlet,1134
AGGTCCGCAGTTCATG,multiplet,2,multiplet,2446
AGGTCCGCATCAGTAC,HTO_D,1,singlet,1555
AGGTCCGCATCGGACC,HTO_G,1,singlet,700
AGGTCCGGTCATACTG,HTO_B,1,singlet,418
AGGTCCGGTCGCATCG,multiplet,2,multiplet,1915
AGGTCCGGTGCTAGCC,HTO_B,1,singlet,950
AGGTCCGGTGGCCCTA,HTO_B,1,singlet,628
AGGTCCGGTGGTGTAG,HTO_G,1,singlet,774
AGGTCCGGTGTAACGG,HTO_E,1,singlet,612
AGGTCCGGTTCAGTAC,multiplet,2,multiplet,4619
AGGTCCGTCACCCTCA,multiplet,2,multiplet,9688
AGGTCCGTCATAGCAC,HTO_C,1,singlet,825
AGGTCCGTCATGTCTT,HTO_A,1,singlet,562
AGGTCCGTCCAGGGCT,HTO_G,1,singlet,380
AGGTCCGTCCATGCTC,HTO_C,1,singlet,378
AGGTCCGTCCGAGCCA,HTO_F,1,singlet,3953
AGGTCCGTCCTTTCTC,HTO_A,1,singlet,165
AGGTCCGTCGCTGATA,HTO_B,1,singlet,1452
AGGTCCGTCGTAGGTT,multiplet,2,multiplet,1766
AGGTCCGTCTACCTGC,HTO_F,1,singlet,1835
AGGTCCGTCTAGAGTC,HTO_A,1,singlet,363
AGGTCCGTCTCACATT,HTO_B,1,singlet,3665
AGGTCCGTCTTCATGT,HTO_E,1,singlet,1684
AGTAGTCAGATAGCAT,HTO_G,1,singlet,1460
AGTAGTCAGATCCGAG,HTO_B,1,singlet,984
AGTAGTCAGATCTGAA,HTO_E,1,singlet,741
AGTAGTCAGCAGGTCA,multiplet,3,multiplet,8612
AGTAGTCAGCCCGAAA,multiplet,3,multiplet,8602
AGTAGTCAGCTGCCCA,HTO_G,1,singlet,582
AGTAGTCAGGAATCGC,HTO_D,1,singlet,1888
AGTAGTCAGGAATTAC,HTO_A,1,singlet,779
AGTAGTCAGGGTGTGT,HTO_B,1,singlet,743
AGTAGTCAGGTGCAAC,multiplet,2,multiplet,1689
AGTAGTCAGTACGTTC,HTO_D,1,singlet,1453
AGTAGTCAGTCAATAG,HTO_A,1,singlet,1950
AGTAGTCAGTGTCTCA,HTO_C,1,singlet,1537
AGTAGTCCAATGTTGC,HTO_B,1,singlet,1155
AGTAGTCCACCAGCAC,HTO_G,1,singlet,2087
AGTAGTCCATCACGAT,multiplet,2,multiplet,1575
AGTAGTCCATGAACCT,multiplet,3,multiplet,3959
AGTAGTCGTACAGCAG,HTO_A,1,singlet,1919
AGTAGTCGTAGAGCTG,HTO_G,1,singlet,643
AGTAGTCGTCAACATC,multiplet,2,multiplet,2750
AGTAGTCGTCACACGC,multiplet,3,multiplet,2399
AGTAGTCGTCGTCTTC,multiplet,3,multiplet,9218
AGTAGTCGTCTCTTAT,multiplet,2,multiplet,1436
AGTAGTCGTCTGCGGT,HTO_G,1,singlet,2036
AGTAGTCGTTCCAACA,HTO_F,1,singlet,588
AGTAGTCTCAACACTG,HTO_G,1,singlet,1345
AGTAGTCTCAACGCTA,HTO_D,1,singlet,1824
AGTAGTCTCACAAACC,multiplet,2,multiplet,4097
AGTAGTCTCCACGAAT,HTO_B,1,singlet,3125
AGTAGTCTCCCTAATT,HTO_F,1,singlet,1058
AGTAGTCTCGCGTAGC,multiplet,2,multiplet,3672
AGTAGTCTCTGTTGAG,HTO_D,1,singlet,4338
AGTCTTTAGAAACGCC,HTO_G,1,singlet,475
AGTCTTTAGAATTGTG,HTO_E,1,singlet,3424
AGTCTTTAGATGCCTT,multiplet,2,multiplet,3299
AGTCTTTAGCGAGAAA,HTO_E,1,singlet,1570
AGTCTTTAGGATTCGG,HTO_E,1,singlet,959
AGTCTTTAGGCAGTCA,HTO_G,1,singlet,1531
AGTCTTTAGGCCCTTG,HTO_B,1,singlet,2411
AGTCTTTAGGCGTACA,HTO_E,1,singlet,625
AGTCTTTAGGTGCACA,HTO_A,1,singlet,1186
AGTCTTTAGTATGACA,HTO_B,1,singlet,1999
AGTCTTTAGTCAAGGC,HTO_A,1,singlet,828
AGTCTTTCAAGGGTCA,HTO_H,1,singlet,2872
AGTCTTTCACTCAGGC,HTO_F,1,singlet,2627
AGTCTTTCAGACAGGT,HTO_H,1,singlet,1198
AGTCTTTCAGCGAACA,HTO_D,1,singlet,1816
AGTCTTTCAGGGTTAG,HTO_B,1,singlet,803
AGTCTTTCAGTTCATG,HTO_E,1,singlet,423
AGTCTTTCATCGTCGG,multiplet,2,multiplet,1225
AGTCTTTGTAATTGGA,multiplet,2,multiplet,1458
AGTCTTTGTAGGACAC,HTO_E,1,singlet,544
AGTCTTTGTCCAGTAT,HTO_H,1,singlet,3772
AGTCTTTGTCCCGACA,HTO_G,1,singlet,260
AGTCTTTGTCCTCTTG,negative,0,negative,158
AGTCTTTGTCGCTTTC,HTO_G,1,singlet,896
AGTCTTTGTCTAGTGT,HTO_F,1,singlet,1164
AGTCTTTGTCTGCCAG,HTO_C,1,singlet,453
AGTCTTTGTGAAAGAG,HTO_A,1,singlet,456
AGTCTTTGTGCACGAA,multiplet,2,multiplet,4398
AGTCTTTGTGCTGTAT,HTO_G,1,singlet,766
AGTCTTTGTGTGACCC,HTO_D,1,singlet,1216
AGTCTTTGTTGCTCCT,HTO_A,1,singlet,577
AGTCTTTTCACCCTCA,HTO_B,1,singlet,758
AGTCTTTTCCTCATTA,HTO_H,1,singlet,286
AGTCTTTTCCTGCAGG,HTO_A,1,singlet,540
AGTCTTTTCGGCTACG,HTO_B,1,singlet,1046
AGTCTTTTCTAACTTC,HTO_A,1,singlet,704
AGTCTTTTCTGATTCT,HTO_F,1,singlet,883
AGTCTTTTCTTGACGA,HTO_C,1,singlet,1042
AGTGAGGAGACAATAC,multiplet,2,multiplet,1810
AGTGAGGAGAGCTGCA,HTO_F,1,singlet,1419
AGTGAGGAGCTAGTTC,HTO_G,1,singlet,2550
AGTGAGGAGGAGTACC,HTO_D,1,singlet,5339
AGTGAGGAGGTCGGAT,HTO_A,1,singlet,237
AGTGAGGAGGTGCTAG,multiplet,3,multiplet,6239
AGTGAGGAGTCCGTAT,HTO_F,1,singlet,724
AGTGAGGCAATGACCT,HTO_C,1,singlet,1101
AGTGAGGCACCACGTG,HTO_E,1,singlet,2498
AGTGAGGCAGTAAGCG,HTO_D,1,singlet,6793
AGTGAGGCAGTATAAG,HTO_D,1,singlet,1912
AGTGAGGCAGTCCTTC,multiplet,2,multiplet,3060
AGTGAGGCAGTCGATT,HTO_H,1,singlet,2020
AGTGAGGCAGTTCATG,HTO_G,1,singlet,686
AGTGAGGGTAACGTTC,HTO_E,1,singlet,1220
AGTGAGGGTACCCAAT,HTO_D,1,singlet,2088
AGTGAGGGTACGCACC,HTO_D,1,singlet,1567
AGTGAGGGTCGAGATG,HTO_H,1,singlet,1823
AGTGAGGGTCGCCATG,HTO_A,1,singlet,1678
AGTGAGGGTGTCTGAT,HTO_C,1,singlet,1989
AGTGAGGGTTACGGAG,multiplet,2,multiplet,2909
AGTGAGGGTTATCGGT,HTO_B,1,singlet,1781
AGTGAGGTCCCTAATT,HTO_G,1,singlet,1581
AGTGAGGTCCTGTAGA,HTO_C,1,singlet,795
AGTGAGGTCGATGAGG,HTO_A,1,singlet,556
AGTGAGGTCGCCGTGA,HTO_C,1,singlet,733
AGTGAGGTCGCGATCG,HTO_G,1,singlet,789
AGTGAGGTCGCGTTTC,HTO_H,1,singlet,976
AGTGAGGTCGGATGGA,multiplet,2,multiplet,667
AGTGGGAAGACTAGAT,HTO_G,1,singlet,3481
AGTGGGAAGATCCCAT,HTO_C,1,singlet,4853
AGTGGGAAGCCACCTG,multiplet,2,multiplet,2494
AGTGGGAAGCGAAGGG,HTO_F,1,singlet,1268
AGTGGGAAGCGTTGCC,HTO_B,1,singlet,997
AGTGGGAAGCTGAACG,multiplet,2,multiplet,1554
AGTGGGAAGGCTAGGT,HTO_C,1,singlet,713
AGTGGGACAACACGCC,HTO_H,1,singlet,2096
AGTGGGACAAGTTAAG,HTO_A,1,singlet,265
AGTGGGACAATGAATG,HTO_H,1,singlet,1154
AGTGGGACACCGAAAG,multiplet,2,multiplet,3478
AGTGGGACACGTCAGC,HTO_B,1,singlet,2233
AGTGGGACAGACAAAT,HTO_G,1,singlet,993
AGTGGGACAGCGATCC,HTO_A,1,singlet,832
AGTGGGACAGGCAGTA,HTO_E,1,singlet,629
AGTGGGACAGTGAGTG,HTO_H,1,singlet,2769
AGTGGGAGTAAGTGGC,multiplet,2,multiplet,8844
AGTGGGAGTCAAAGAT,HTO_D,1,singlet,1529
AGTGGGAGTCCAGTTA,HTO_A,1,singlet,2623
AGTGGGAGTCCTGCTT,HTO_A,1,singlet,884
AGTGGGAGTGAAAGAG,HTO_C,1,singlet,2397
AGTGGGAGTGAACCTT,multiplet,2,multiplet,1253
AGTGGGAGTGATGCCC,HTO_G,1,singlet,2268
AGTGGGAGTGGTACAG,HTO_C,1,singlet,946
AGTGGGAGTGGTGTAG,HTO_E,1,singlet,563
AGTGGGAGTGTTTGGT,HTO_C,1,singlet,1618
AGTGGGAGTTACCAGT,HTO_F,1,singlet,1460
AGTGGGAGTTGGGACA,HTO_A,1,singlet,1209
AGTGGGAGTTTAAGCC,HTO_F,1,singlet,873
AGTGGGATCCGTTGTC,HTO_D,1,singlet,1283
AGTGGGATCCTTAATC,HTO_C,1,singlet,1329
AGTGGGATCTCGCATC,HTO_G,1,singlet,677
AGTGGGATCTTAGCCC,HTO_A,1,singlet,1228
AGTGGGATCTTCCTTC,HTO_E,1,singlet,852
AGTGTCAAGAATTGTG,multiplet,2,multiplet,2114
AGTGTCAAGAGCAATT,HTO_D,1,singlet,1770
AGTGTCAAGCATGGCA,HTO_E,1,singlet,1145
AGTGTCAAGCTGAACG,HTO_B,1,singlet,3140
AGTGTCAAGGTGCTAG,HTO_E,1,singlet,1249
AGTGTCACAATAAGCA,HTO_E,1,singlet,784
AGTGTCACAATGGACG,multiplet,2,multiplet,1945
AGTGTCACACCCAGTG,HTO_C,1,singlet,669
AGTGTCACAGCTCGAC,HTO_E,1,singlet,1989
AGTGTCACATTAGCCA,HTO_G,1,singlet,1444
AGTGTCAGTAATAGCA,HTO_H,1,singlet,1891
AGTGTCAGTACCATCA,HTO_A,1,singlet,929
AGTGTCAGTACCCAAT,HTO_C,1,singlet,776
AGTGTCAGTCACACGC,HTO_A,1,singlet,1986
AGTGTCAGTCCAGTGC,HTO_G,1,singlet,2027
AGTGTCAGTGACCAAG,HTO_B,1,singlet,1484
AGTGTCAGTGAGGGAG,multiplet,2,multiplet,1644
AGTGTCAGTGAGTGAC,multiplet,2,multiplet,2475
AGTGTCAGTGGTTTCA,HTO_D,1,singlet,1927
AGTGTCAGTTCAGCGC,HTO_D,1,singlet,6101
AGTGTCAGTTGCGCAC,HTO_H,1,singlet,2287
AGTGTCATCCTAGGGC,HTO_H,1,singlet,293
AGTGTCATCTATCCTA,HTO_D,1,singlet,1767
AGTTGGTAGACAGACC,HTO_G,1,singlet,444
AGTTGGTAGCGTGTCC,HTO_A,1,singlet,390
AGTTGGTAGGAGTCTG,HTO_F,1,singlet,2490
AGTTGGTAGGATATAC,HTO_A,1,singlet,1371
AGTTGGTAGGATCGCA,HTO_F,1,singlet,1027
AGTTGGTAGGTTCCTA,HTO_B,1,singlet,735
AGTTGGTCACCTCGGA,HTO_F,1,singlet,3243
AGTTGGTCACTAGTAC,multiplet,2,multiplet,1267
AGTTGGTCAGCCAGAA,multiplet,2,multiplet,2057
AGTTGGTCAGGAACGT,HTO_A,1,singlet,205
AGTTGGTCAGGATTGG,HTO_G,1,singlet,724
AGTTGGTCAGTTTACG,HTO_D,1,singlet,2204
AGTTGGTGTAGAGCTG,multiplet,2,multiplet,2894
AGTTGGTGTAGCGCTC,multiplet,3,multiplet,5285
AGTTGGTGTAGCTCCG,HTO_B,1,singlet,937
AGTTGGTGTCACAAGG,HTO_E,1,singlet,903
AGTTGGTGTCTCATCC,multiplet,2,multiplet,497
AGTTGGTGTGACTCAT,HTO_G,1,singlet,694
AGTTGGTGTGATGTCT,multiplet,2,multiplet,3750
AGTTGGTGTTGTCGCG,HTO_G,1,singlet,2743
AGTTGGTTCAGGTAAA,HTO_B,1,singlet,1030
AGTTGGTTCCCTTGCA,HTO_H,1,singlet,939
AGTTGGTTCGTGGTCG,HTO_D,1,singlet,4696
AGTTGGTTCGTTACAG,multiplet,3,multiplet,2611
AGTTGGTTCTCCAGGG,HTO_C,1,singlet,1407
AGTTGGTTCTCGCATC,HTO_A,1,singlet,2814
AGTTGGTTCTGCCAGG,HTO_C,1,singlet,593
AGTTGGTTCTTCAACT,HTO_E,1,singlet,946
ATAACGCAGAGTAAGG,HTO_H,1,singlet,1564
ATAACGCAGGGCACTA,multiplet,3,multiplet,4171
ATAACGCAGTAGGCCA,multiplet,2,multiplet,1479
ATAACGCAGTGGACGT,multiplet,2,multiplet,986
ATAACGCCAAGTTAAG,HTO_H,1,singlet,1159
ATAACGCCACTCGACG,HTO_F,1,singlet,3003
ATAACGCCACTGAAGG,HTO_G,1,singlet,2761
ATAACGCCAGGGTACA,HTO_D,1,singlet,2156
ATAACGCCATCACCCT,HTO_F,1,singlet,686
ATAACGCGTAATAGCA,HTO_B,1,singlet,6556
ATAACGCGTACCGAGA,multiplet,3,multiplet,8142
ATAACGCGTATGAAAC,HTO_A,1,singlet,458
ATAACGCGTCACCTAA,HTO_G,1,singlet,767
ATAACGCGTCCGTCAG,HTO_H,1,singlet,950
ATAACGCGTGTAACGG,HTO_C,1,singlet,1922
ATAACGCGTTACGACT,HTO_H,1,singlet,892
ATAACGCGTTGGTTTG,HTO_A,1,singlet,1038
ATAACGCTCAGAGACG,HTO_G,1,singlet,1875
ATAACGCTCCTCCTAG,HTO_C,1,singlet,1029
ATAACGCTCCTCTAGC,multiplet,2,multiplet,3634
ATAACGCTCCTGCAGG,HTO_C,1,singlet,3939
ATAACGCTCCTTCAAT,HTO_E,1,singlet,4705
ATAACGCTCCTTGACC,HTO_G,1,singlet,1099
ATAACGCTCGGCGCTA,HTO_A,1,singlet,962
ATAAGAGAGATAGGAG,multiplet,2,multiplet,2240
ATAAGAGAGCTACCGC,HTO_D,1,singlet,1075
ATAAGAGAGGCCATAG,HTO_H,1,singlet,1053
ATAAGAGCAACAACCT,HTO_A,1,singlet,1134
ATAAGAGCAAGAAAGG,HTO_A,1,singlet,1044
ATAAGAGCAAGCGAGT,HTO_A,1,singlet,2052
ATAAGAGCAAGCGATG,HTO_G,1,singlet,3225
ATAAGAGCAAGTTGTC,HTO_G,1,singlet,4462
ATAAGAGCAATGGATA,HTO_C,1,singlet,1151
ATAAGAGCACAAGACG,HTO_C,1,singlet,835
ATAAGAGCACACCGAC,HTO_B,1,singlet,1198
ATAAGAGCACTGTGTA,HTO_A,1,singlet,472
ATAAGAGCAGGCTCAC,HTO_H,1,singlet,1399
ATAAGAGCATAAGACA,HTO_C,1,singlet,740
ATAAGAGCATACCATG,HTO_E,1,singlet,3904
ATAAGAGCATCACAAC,HTO_F,1,singlet,978
ATAAGAGCATCGACGC,HTO_F,1,singlet,834
ATAAGAGCATTAGCCA,HTO_G,1,singlet,705
ATAAGAGGTACCGCTG,multiplet,2,multiplet,2423
ATAAGAGGTACCTACA,HTO_D,1,singlet,1615
ATAAGAGGTCAACTGT,HTO_B,1,singlet,1382
ATAAGAGGTCATACTG,HTO_A,1,singlet,573
ATAAGAGGTCATCGGC,HTO_D,1,singlet,4631
ATAAGAGGTGAGGGTT,HTO_C,1,singlet,705
ATAAGAGGTGGTGTAG,multiplet,2,multiplet,1038
ATAAGAGGTTACTGAC,HTO_B,1,singlet,3869
ATAAGAGGTTATTCTC,HTO_E,1,singlet,1133
ATAAGAGTCACAGGCC,HTO_B,1,singlet,3870
ATAAGAGTCACATACG,HTO_E,1,singlet,1158
ATAAGAGTCAGTTGAC,HTO_A,1,singlet,530
ATAAGAGTCATCACCC,multiplet,2,multiplet,1033
ATAAGAGTCCAAGTAC,HTO_B,1,singlet,2107
ATAAGAGTCCCGGATG,HTO_C,1,singlet,602
ATAAGAGTCCTATGTT,multiplet,2,multiplet,5005
ATAAGAGTCCTATTCA,HTO_E,1,singlet,1116
ATAAGAGTCGGCGCTA,HTO_C,1,singlet,1922
ATAGACCAGACAAAGG,multiplet,2,multiplet,1365
ATAGACCAGAGTTGGC,HTO_A,1,singlet,2379
ATAGACCAGCAAATCA,HTO_D,1,singlet,849
ATAGACCAGCCCAATT,HTO_B,1,singlet,2062
ATAGACCAGCTTCGCG,HTO_B,1,singlet,2836
ATAGACCCAAAGGAAG,HTO_F,1,singlet,661
ATAGACCCAAGTACCT,HTO_A,1,singlet,2497
ATAGACCCACTGCCAG,HTO_F,1,singlet,1736
ATAGACCCAGCCTTGG,multiplet,2,multiplet,4854
ATAGACCCATGCGCAC,HTO_B,1,singlet,1081
ATAGACCGTAAATGAC,HTO_D,1,singlet,6777
ATAGACCGTACTCAAC,HTO_H,1,singlet,1555
ATAGACCGTAGCTTGT,HTO_G,1,singlet,951
ATAGACCGTATCACCA,HTO_D,1,singlet,967
ATAGACCGTCCATCCT,multiplet,2,multiplet,4712
ATAGACCGTCCGTCAG,multiplet,2,multiplet,799
ATAGACCGTCGGCTCA,HTO_A,1,singlet,474
ATAGACCGTGAGGGTT,HTO_G,1,singlet,1608
ATAGACCGTGCAACGA,HTO_D,1,singlet,1891
ATAGACCGTTACCGAT,HTO_C,1,singlet,842
ATAGACCGTTCCACTC,HTO_B,1,singlet,1756
ATAGACCGTTGGTTTG,HTO_F,1,singlet,17595
ATAGACCTCAAGCCTA,HTO_H,1,singlet,986
ATAGACCTCACCACCT,HTO_D,1,singlet,2530
ATAGACCTCACGCATA,HTO_F,1,singlet,1908
ATAGACCTCCAGAGGA,HTO_F,1,singlet,417
ATAGACCTCCGCAGTG,negative,0,negative,175
ATAGACCTCCTTAATC,HTO_H,1,singlet,1084
ATAGACCTCGGAATCT,HTO_C,1,singlet,560
ATAGACCTCTCTGTCG,HTO_A,1,singlet,714
ATAGACCTCTTGAGGT,multiplet,3,multiplet,6635
ATCACGAAGCGACGTA,multiplet,2,multiplet,4378
ATCACGAAGCTAGTTC,HTO_G,1,singlet,890
ATCACGAAGGTAGCTG,HTO_E,1,singlet,2253
ATCACGAAGTACACCT,HTO_B,1,singlet,1560
ATCACGAAGTAGCCGA,HTO_B,1,singlet,870
ATCACGAAGTCGATAA,HTO_A,1,singlet,606
ATCACGAAGTCGCCGT,HTO_A,1,singlet,1185
ATCACGAAGTGCCATT,HTO_H,1,singlet,3026
ATCACGAAGTGTGGCA,HTO_B,1,singlet,3597
ATCACGACAAGCCCAC,multiplet,2,multiplet,3567
ATCACGACAAGCCTAT,HTO_E,1,singlet,1621
ATCACGACACAGAGGT,HTO_C,1,singlet,2992
ATCACGACACATGGGA,HTO_C,1,singlet,585
ATCACGACACATGTGT,HTO_D,1,singlet,1816
ATCACGACACGAAAGC,multiplet,2,multiplet,3591
ATCACGACAGGACGTA,HTO_G,1,singlet,1127
ATCACGACATCGGACC,HTO_A,1,singlet,1454
ATCACGAGTAAACGCG,multiplet,3,multiplet,3405
ATCACGAGTCCCTACT,HTO_C,1,singlet,1139
ATCACGAGTCGAACAG,HTO_B,1,singlet,2898
ATCACGAGTTACGCGC,HTO_H,1,singlet,1897
ATCACGATCAACACGT,HTO_F,1,singlet,861
ATCACGATCAACCAAC,HTO_F,1,singlet,381
ATCACGATCACTATTC,HTO_D,1,singlet,1732
ATCACGATCAGCGACC,HTO_B,1,singlet,1737
ATCACGATCAGGTTCA,HTO_B,1,singlet,5209
ATCACGATCAGTGCAT,HTO_H,1,singlet,403
ATCACGATCATTTGGG,multiplet,2,multiplet,4556
ATCACGATCGCGGATC,HTO_G,1,singlet,603
ATCACGATCTAGCACA,HTO_B,1,singlet,1602
ATCACGATCTCTAAGG,HTO_B,1,singlet,1116
ATCACGATCTGCGACG,HTO_A,1,singlet,393
ATCACGATCTGTCTCG,multiplet,2,multiplet,3770
ATCACGATCTGTTGAG,multiplet,2,multiplet,6417
ATCATCTAGAGCCCAA,HTO_D,1,singlet,1960
ATCATCTAGCTAGCCC,HTO_A,1,singlet,600
ATCATCTAGGGTTCCC,multiplet,2,multiplet,5100
ATCATCTAGGTGGGTT,HTO_G,1,singlet,1456
ATCATCTCAAGTAATG,HTO_H,1,singlet,1924
ATCATCTCACCGGAAA,HTO_F,1,singlet,612
ATCATCTCACGACGAA,HTO_H,1,singlet,315
ATCATCTCAGCAGTTT,HTO_D,1,singlet,1496
ATCATCTCAGGACGTA,HTO_G,1,singlet,805
ATCATCTCAGGCTGAA,HTO_E,1,singlet,1254
ATCATCTCAGTCAGCC,HTO_G,1,singlet,3065
ATCATCTCAGTGACAG,multiplet,2,multiplet,6811
ATCATCTCAGTTTACG,HTO_H,1,singlet,2681
ATCATCTCATGCAATC,HTO_G,1,singlet,800
ATCATCTCATGGTTGT,HTO_E,1,singlet,1571
ATCATCTGTACAGTGG,HTO_H,1,singlet,1303
ATCATCTGTAGTGAAT,HTO_C,1,singlet,938
ATCATCTGTATTCGTG,multiplet,2,multiplet,2775
ATCATCTGTCGAGATG,HTO_E,1,singlet,1402
ATCATCTGTGCTGTAT,HTO_F,1,singlet,1068
ATCATCTGTGTGAATA,multiplet,2,multiplet,1645
ATCATCTGTTATGTGC,HTO_D,1,singlet,2078
ATCATCTGTTGAACTC,multiplet,2,multiplet,1568
ATCATCTGTTTGTTTC,HTO_B,1,singlet,1548
ATCATCTTCAAGGTAA,HTO_B,1,singlet,3157
ATCATCTTCACATAGC,HTO_B,1,singlet,749
ATCATCTTCATCATTC,HTO_F,1,singlet,1966
ATCATCTTCATCGCTC,HTO_B,1,singlet,3006
ATCATCTTCATGTAGC,HTO_B,1,singlet,1392
ATCATCTTCATTTGGG,HTO_D,1,singlet,3296
ATCATCTTCCGCAGTG,HTO_C,1,singlet,1708
ATCATCTTCGCGTAGC,multiplet,2,multiplet,1322
ATCATCTTCTGCTGCT,HTO_H,1,singlet,818
ATCATCTTCTTTACAC,HTO_H,1,singlet,709
ATCATGGAGGGTTTCT,HTO_C,1,singlet,572
ATCATGGAGGTGATAT,HTO_C,1,singlet,1032
ATCATGGAGTAGCGGT,HTO_G,1,singlet,550
ATCATGGCAAGGTTTC,HTO_H,1,singlet,820
ATCATGGCAGACAGGT,HTO_F,1,singlet,2355
ATCATGGCATAGGATA,HTO_E,1,singlet,2255
ATCATGGCATCGTCGG,HTO_G,1,singlet,1286
ATCATGGCATGGTCTA,HTO_E,1,singlet,2144
ATCATGGGTACTTCTT,HTO_D,1,singlet,1077
ATCATGGGTCAGCTAT,HTO_A,1,singlet,1473
ATCATGGGTCCGACGT,HTO_B,1,singlet,1299
ATCATGGGTCGCGGTT,HTO_E,1,singlet,799
ATCATGGGTCTCGTTC,HTO_C,1,singlet,1743
ATCATGGGTCTGATCA,multiplet,3,multiplet,2257
ATCATGGTCGAACGGA,HTO_E,1,singlet,2557
ATCATGGTCGCTGATA,HTO_B,1,singlet,276
ATCATGGTCTGCAGTA,HTO_C,1,singlet,2226
ATCCACCAGCATCATC,HTO_E,1,singlet,1085
ATCCACCAGCCGGTAA,HTO_C,1,singlet,1060
ATCCACCAGCGCTTAT,HTO_H,1,singlet,907
ATCCACCAGCGTCTAT,multiplet,2,multiplet,2816
ATCCACCAGCTTATCG,multiplet,2,multiplet,3803
ATCCACCAGGATGCGT,HTO_A,1,singlet,563
ATCCACCAGGTGCTAG,HTO_F,1,singlet,1383
ATCCACCAGTGAATTG,HTO_D,1,singlet,9594
ATCCACCCAATAACGA,HTO_F,1,singlet,4172
ATCCACCCACAGGAGT,HTO_C,1,singlet,694
ATCCACCCACGGTTTA,HTO_C,1,singlet,540
ATCCACCCAGCCTTTC,multiplet,2,multiplet,2324
ATCCACCCAGTCAGAG,multiplet,2,multiplet,2236
ATCCACCCAGTCCTTC,HTO_C,1,singlet,860
ATCCACCCATACGCTA,HTO_E,1,singlet,4719
ATCCACCCATTGGGCC,HTO_G,1,singlet,928
ATCCACCGTAAACCTC,HTO_G,1,singlet,1900
ATCCACCGTACCTACA,HTO_A,1,singlet,1758
ATCCACCGTATAGTAG,multiplet,2,multiplet,699
ATCCACCGTCGATTGT,HTO_G,1,singlet,1002
ATCCACCGTCTAGCCG,HTO_A,1,singlet,652
ATCCACCGTGCAACTT,HTO_G,1,singlet,2872
ATCCACCGTGCAGACA,HTO_D,1,singlet,4159
ATCCACCGTGTAACGG,HTO_G,1,singlet,443
ATCCACCGTGTTAAGA,HTO_B,1,singlet,1559
ATCCACCGTTATCGGT,HTO_B,1,singlet,1859
ATCCACCTCAACGGGA,HTO_C,1,singlet,583
ATCCACCTCAAGGTAA,HTO_D,1,singlet,2769
ATCCACCTCATTATCC,HTO_C,1,singlet,654
ATCCACCTCCCAAGTA,multiplet,2,multiplet,4555
ATCCACCTCCTCTAGC,HTO_A,1,singlet,662
ATCCACCTCCTGCAGG,HTO_B,1,singlet,2025
ATCCACCTCGCCTGTT,HTO_C,1,singlet,3628
ATCCACCTCTCGCATC,multiplet,2,multiplet,549
ATCCACCTCTGATACG,multiplet,2,multiplet,978
ATCCACCTCTTCTGGC,HTO_C,1,singlet,2458
ATCCGAAAGACATAAC,HTO_G,1,singlet,1010
ATCCGAAAGAGCTATA,HTO_H,1,singlet,3143
ATCCGAAAGCAAATCA,multiplet,2,multiplet,1932
ATCCGAAAGGAGTACC,HTO_H,1,singlet,624
ATCCGAAAGGTGTTAA,HTO_E,1,singlet,6898
ATCCGAAAGTCACGCC,multiplet,2,multiplet,3692
ATCCGAACACCAGGTC,HTO_F,1,singlet,416
ATCCGAACACGTGAGA,HTO_A,1,singlet,3115
ATCCGAACACTCTGTC,HTO_D,1,singlet,1375
ATCCGAACAGCTGCAC,HTO_B,1,singlet,2447
ATCCGAACATATGAGA,HTO_B,1,singlet,437
ATCCGAAGTAATCGTC,HTO_H,1,singlet,1290
ATCCGAAGTACGACCC,HTO_G,1,singlet,3094
ATCCGAAGTATATGGA,HTO_B,1,singlet,1202
ATCCGAAGTCAACTGT,HTO_A,1,singlet,880
ATCCGAAGTCCAACTA,HTO_D,1,singlet,2499
ATCCGAAGTCTCCACT,HTO_F,1,singlet,1691
ATCCGAATCAAAGACA,HTO_D,1,singlet,1338
ATCCGAATCACCTTAT,HTO_F,1,singlet,393
ATCCGAATCCAGGGCT,HTO_F,1,singlet,1564
ATCCGAATCCCTGACT,HTO_C,1,singlet,460
ATCCGAATCGTCCGTT,HTO_E,1,singlet,1159
ATCCGAATCTCGCATC,HTO_D,1,singlet,1791
ATCCGAATCTGTCCGT,multiplet,2,multiplet,2397
ATCCGAATCTTGTCAT,HTO_E,1,singlet,964
ATCGAGTAGACAGGCT,HTO_H,1,singlet,2579
ATCGAGTAGCCACTAT,HTO_G,1,singlet,493
ATCGAGTAGGAATGGA,HTO_H,1,singlet,1389
ATCGAGTAGGACAGCT,HTO_H,1,singlet,185
ATCGAGTAGGGAACGG,HTO_C,1,singlet,360
ATCGAGTAGGGTGTGT,HTO_F,1,singlet,1816
ATCGAGTCAACTGGCC,HTO_E,1,singlet,2490
ATCGAGTCAAGTCATC,HTO_G,1,singlet,670
ATCGAGTCACGGTAAG,HTO_A,1,singlet,381
ATCGAGTCAGATCCAT,HTO_C,1,singlet,3832
ATCGAGTCAGATCGGA,multiplet,2,multiplet,3797
ATCGAGTCAGCTCGCA,HTO_E,1,singlet,891
ATCGAGTGTAACGCGA,HTO_D,1,singlet,2949
ATCGAGTGTCAATGTC,HTO_A,1,singlet,969
ATCGAGTGTCGAATCT,HTO_F,1,singlet,818
ATCGAGTGTCTCTCTG,HTO_F,1,singlet,2719
ATCGAGTGTCTTGCGG,HTO_H,1,singlet,4164
ATCGAGTGTGAAATCA,HTO_H,1,singlet,1203
ATCGAGTGTGAGGGTT,HTO_C,1,singlet,2817
ATCGAGTTCGCCATAA,HTO_D,1,singlet,1531
ATCGAGTTCTGTCTCG,HTO_E,1,singlet,1382
ATCTACTAGACTGGGT,HTO_A,1,singlet,582
ATCTACTAGCATGGCA,HTO_A,1,singlet,1041
ATCTACTAGGAGTTTA,HTO_H,1,singlet,935
ATCTACTAGTTCGATC,multiplet,2,multiplet,3511
ATCTACTCAAAGAATC,HTO_F,1,singlet,1652
ATCTACTCAACGATCT,HTO_A,1,singlet,854
ATCTACTCAAGCCCAC,HTO_D,1,singlet,405
ATCTACTCAATCTGCA,multiplet,2,multiplet,887
ATCTACTCAATGTAAG,HTO_G,1,singlet,450
ATCTACTCAGGTCGTC,multiplet,2,multiplet,2615
ATCTACTCATCCTAGA,HTO_B,1,singlet,1251
ATCTACTGTAAGTGTA,HTO_D,1,singlet,1722
ATCTACTGTACTTCTT,HTO_H,1,singlet,656
ATCTACTGTCCGACGT,HTO_H,1,singlet,6336
ATCTACTGTGAGGGTT,HTO_H,1,singlet,918
ATCTACTGTTATCACG,HTO_A,1,singlet,2331
ATCTACTGTTCTCATT,multiplet,2,multiplet,2842
ATCTACTTCAGTGTTG,HTO_A,1,singlet,856
ATCTACTTCATCACCC,multiplet,2,multiplet,2920
ATCTACTTCATGCAAC,HTO_A,1,singlet,684
ATCTACTTCCCTTGCA,HTO_C,1,singlet,1158
ATCTACTTCCGCGCAA,multiplet,2,multiplet,3126
ATCTACTTCCTATGTT,HTO_G,1,singlet,4011
ATCTACTTCGCAAACT,HTO_E,1,singlet,1405
ATCTACTTCTGAAAGA,HTO_H,1,singlet,1771
ATCTGCCAGCCCGAAA,HTO_G,1,singlet,745
ATCTGCCAGCCCTAAT,HTO_E,1,singlet,999
ATCTGCCAGCTGATAA,HTO_A,1,singlet,635
ATCTGCCAGGTGCACA,multiplet,2,multiplet,1321
ATCTGCCCAAGTTCTG,HTO_A,1,singlet,812
ATCTGCCCACACTGCG,HTO_A,1,singlet,647
ATCTGCCCACCCAGTG,HTO_G,1,singlet,1437
ATCTGCCCACGCCAGT,HTO_G,1,singlet,151
ATCTGCCCACGTCTCT,HTO_E,1,singlet,4468
ATCTGCCCAGAAGCAC,HTO_C,1,singlet,1552
ATCTGCCCAGACGCCT,HTO_C,1,singlet,669
ATCTGCCCAGTACACT,HTO_E,1,singlet,2230
ATCTGCCCAGTCGTGC,HTO_G,1,singlet,965
ATCTGCCCATCCGGGT,HTO_H,1,singlet,1060
ATCTGCCGTAAATGTG,HTO_C,1,singlet,1330
ATCTGCCGTACCTACA,HTO_E,1,singlet,1542
ATCTGCCGTATCGCAT,HTO_C,1,singlet,1544
ATCTGCCGTCGCGAAA,HTO_B,1,singlet,433
ATCTGCCGTCGCTTTC,HTO_H,1,singlet,356
ATCTGCCGTGATAAGT,multiplet,2,multiplet,1890
ATCTGCCGTGCTGTAT,HTO_B,1,singlet,958
ATCTGCCGTGGTACAG,HTO_C,1,singlet,1078
ATCTGCCGTTATTCTC,HTO_G,1,singlet,1612
ATCTGCCGTTGCCTCT,multiplet,2,multiplet,6974
ATCTGCCGTTGCGCAC,multiplet,2,multiplet,1235
ATCTGCCTCACAGGCC,multiplet,2,multiplet,7711
ATCTGCCTCACCCGAG,HTO_A,1,singlet,687
ATCTGCCTCACCCTCA,HTO_B,1,singlet,1178
ATCTGCCTCCTCTAGC,HTO_H,1,singlet,3709
ATCTGCCTCGGAAATA,HTO_D,1,singlet,5622
ATCTGCCTCGGTCTAA,HTO_B,1,singlet,1016
ATCTGCCTCGTAGGAG,HTO_F,1,singlet,519
ATGAGGGAGACAGACC,HTO_C,1,singlet,966
ATGAGGGAGATGCCAG,HTO_B,1,singlet,1608
ATGAGGGAGGACATTA,HTO_A,1,singlet,640
ATGAGGGAGTCTTGCA,HTO_E,1,singlet,1225
ATGAGGGAGTGCCATT,HTO_G,1,singlet,1909
ATGAGGGAGTGTGGCA,HTO_A,1,singlet,193
ATGAGGGAGTTTAGGA,HTO_A,1,singlet,594
ATGAGGGCAAGTCATC,HTO_A,1,singlet,617
ATGAGGGCAATACGCT,HTO_F,1,singlet,1358
ATGAGGGCATCAGTAC,multiplet,2,multiplet,7189
ATGAGGGGTAGAAGGA,HTO_E,1,singlet,4401
ATGAGGGGTCCGAACC,HTO_C,1,singlet,1602
ATGAGGGGTCGACTGC,HTO_B,1,singlet,700
ATGAGGGGTCGAGTTT,HTO_H,1,singlet,1855
ATGAGGGGTTACTGAC,HTO_F,1,singlet,1493
ATGAGGGGTTAGATGA,HTO_H,1,singlet,3313
ATGAGGGGTTCATGGT,HTO_G,1,singlet,3156
ATGAGGGTCAACTCTT,HTO_E,1,singlet,3771
ATGAGGGTCATCTGCC,multiplet,2,multiplet,4294
ATGAGGGTCCAAGTAC,HTO_C,1,singlet,1411
ATGAGGGTCCGCTGTT,HTO_A,1,singlet,266
ATGAGGGTCCGGGTGT,HTO_F,1,singlet,643
ATGAGGGTCCTAGTGA,HTO_B,1,singlet,1746
ATGAGGGTCGAACGGA,HTO_A,1,singlet,920
ATGCGATAGACACTAA,HTO_D,1,singlet,4350
ATGCGATAGACGACGT,HTO_A,1,singlet,370
ATGCGATAGCCGATTT,HTO_G,1,singlet,253
ATGCGATAGTCCAGGA,multiplet,2,multiplet,5177
ATGCGATCAATGGTCT,multiplet,2,multiplet,1871
ATGCGATCACATGGGA,HTO_G,1,singlet,898
ATGCGATCACCATCCT,HTO_H,1,singlet,941
ATGCGATCACGTCTCT,HTO_D,1,singlet,3166
ATGCGATCAGACACTT,HTO_B,1,singlet,4213
ATGCGATCAGCCTATA,HTO_E,1,singlet,1668
ATGCGATCAGTAAGCG,HTO_G,1,singlet,918
ATGCGATCATCACCCT,negative,0,negative,122
ATGCGATCATCCGCGA,HTO_H,1,singlet,896
ATGCGATCATCGGTTA,HTO_A,1,singlet,524
ATGCGATGTGCCTTGG,HTO_H,1,singlet,357
ATGCGATGTGCTTCTC,HTO_C,1,singlet,2437
ATGCGATGTGTCGCTG,HTO_C,1,singlet,560
ATGCGATGTTCCGTCT,HTO_C,1,singlet,578
ATGCGATTCAATCTCT,HTO_E,1,singlet,1485
ATGCGATTCACAGGCC,HTO_B,1,singlet,1151
ATGCGATTCACTCTTA,HTO_B,1,singlet,782
ATGCGATTCCGAAGAG,HTO_H,1,singlet,5674
ATGCGATTCCTCAATT,negative,0,negative,315
ATGCGATTCCTGCCAT,HTO_H,1,singlet,1099
ATGCGATTCCTTAATC,multiplet,3,multiplet,5706
ATGCGATTCGCACTCT,HTO_G,1,singlet,781
ATGCGATTCGCCATAA,multiplet,2,multiplet,2190
ATGCGATTCGCTTAGA,HTO_D,1,singlet,1512
ATGCGATTCTAACTCT,HTO_G,1,singlet,4480
ATGCGATTCTCTAGGA,HTO_F,1,singlet,4809
ATGCGATTCTTGAGGT,HTO_H,1,singlet,1382
ATGCGATTCTTGCATT,HTO_C,1,singlet,2446
ATGGGAGAGCATCATC,HTO_E,1,singlet,654
ATGGGAGAGGAATCGC,HTO_F,1,singlet,1130
ATGGGAGAGTACACCT,HTO_E,1,singlet,2124
ATGGGAGAGTAGCCGA,HTO_G,1,singlet,285
ATGGGAGAGTCGTACT,multiplet,2,multiplet,5647
ATGGGAGAGTGTGAAT,HTO_D,1,singlet,1822
ATGGGAGCAAACTGCT,HTO_F,1,singlet,454
ATGGGAGCAAGTCTAC,HTO_H,1,singlet,1093
ATGGGAGCAATCTACG,HTO_A,1,singlet,708
ATGGGAGCACAGAGGT,HTO_B,1,singlet,3645
ATGGGAGCACCGAATT,HTO_C,1,singlet,1422
ATGGGAGCAGATCGGA,multiplet,2,multiplet,3160
ATGGGAGCAGGTCCAC,HTO_F,1,singlet,2234
ATGGGAGCAGTCACTA,HTO_B,1,singlet,1013
ATGGGAGCATCCGCGA,HTO_A,1,singlet,971
ATGGGAGGTAGAGGAA,HTO_F,1,singlet,1087
ATGGGAGGTAGTACCT,HTO_B,1,singlet,715
ATGGGAGGTATGCTTG,HTO_B,1,singlet,1272
ATGGGAGGTCAACATC,HTO_E,1,singlet,342
ATGGGAGGTCCAGTGC,HTO_B,1,singlet,3084
ATGGGAGGTCCGTTAA,HTO_D,1,singlet,3202
ATGGGAGGTCGGCATC,HTO_B,1,singlet,257
ATGGGAGGTCTCATCC,multiplet,2,multiplet,812
ATGGGAGGTGCCTGGT,HTO_A,1,singlet,1100
ATGGGAGGTGGTGTAG,HTO_A,1,singlet,494
ATGGGAGGTGTATGGG,HTO_C,1,singlet,667
ATGGGAGTCAATACCG,multiplet,2,multiplet,5425
ATGGGAGTCACCGTAA,HTO_B,1,singlet,735
ATGGGAGTCGCATGAT,HTO_H,1,singlet,538
ATGGGAGTCGGTGTTA,HTO_F,1,singlet,1360
ATGGGAGTCTTCATGT,multiplet,2,multiplet,2208
ATGGGAGTCTTGCATT,HTO_C,1,singlet,1534
ATGTGTGAGAGGACGG,HTO_C,1,singlet,566
ATGTGTGAGATAGGAG,HTO_E,1,singlet,423
ATGTGTGAGATCCTGT,HTO_D,1,singlet,2585
ATGTGTGAGATGCCTT,HTO_D,1,singlet,2360
ATGTGTGAGCACGCCT,HTO_D,1,singlet,4195
ATGTGTGAGCCCAACC,multiplet,2,multiplet,1552
ATGTGTGAGCCGGTAA,HTO_H,1,singlet,3935
ATGTGTGAGCTGCGAA,HTO_F,1,singlet,617
ATGTGTGAGGCTAGCA,HTO_H,1,singlet,1519
ATGTGTGAGGTGTGGT,HTO_H,1,singlet,4683
ATGTGTGAGTGGTCCC,multiplet,2,multiplet,3351
ATGTGTGAGTGTCCCG,multiplet,2,multiplet,2578
ATGTGTGAGTTAGCGG,HTO_C,1,singlet,609
ATGTGTGCAAAGAATC,HTO_G,1,singlet,1390
ATGTGTGCACACATGT,HTO_F,1,singlet,1239
ATGTGTGCAGGAACGT,multiplet,2,multiplet,1430
ATGTGTGCAGGGTATG,HTO_A,1,singlet,1122
ATGTGTGCATGGTCTA,HTO_B,1,singlet,2779
ATGTGTGCATGTAAGA,HTO_F,1,singlet,893
ATGTGTGCATGTAGTC,HTO_A,1,singlet,301
ATGTGTGGTACAGTTC,multiplet,2,multiplet,5613
ATGTGTGGTACCATCA,negative,0,negative,67
ATGTGTGGTATAAACG,HTO_D,1,singlet,2206
ATGTGTGGTATAGGGC,multiplet,3,multiplet,7833
ATGTGTGGTCCGAGTC,HTO_H,1,singlet,1400
ATGTGTGGTCGATTGT,HTO_G,1,singlet,420
ATGTGTGGTGCACCAC,HTO_E,1,singlet,1151
ATGTGTGGTGGTCTCG,HTO_C,1,singlet,1590
ATGTGTGGTGTCTGAT,HTO_C,1,singlet,1325
ATGTGTGGTTCAGGCC,multiplet,2,multiplet,1449
ATGTGTGGTTCCACAA,multiplet,3,multiplet,3033
ATGTGTGTCAAGCCTA,HTO_F,1,singlet,485
ATGTGTGTCAGCTTAG,HTO_F,1,singlet,1022
ATGTGTGTCCACGCAG,multiplet,2,multiplet,806
ATGTGTGTCGGCGGTT,HTO_D,1,singlet,3252
ATGTGTGTCGTAGGTT,HTO_G,1,singlet,727
ATGTGTGTCGTCGTTC,HTO_A,1,singlet,1116
ATGTGTGTCGTGACAT,multiplet,2,multiplet,3528
ATGTGTGTCTATCCTA,HTO_B,1,singlet,862
ATGTGTGTCTTGAGGT,HTO_B,1,singlet,3941
ATGTGTGTCTTTACAC,HTO_A,1,singlet,2056
ATTACTCAGAATTCCC,HTO_C,1,singlet,614
ATTACTCAGACCTAGG,HTO_B,1,singlet,2791
ATTACTCAGATGTGGC,HTO_G,1,singlet,2007
ATTACTCAGTAACCCT,multiplet,2,multiplet,5404
ATTACTCAGTAATCCC,HTO_G,1,singlet,2237
ATTACTCAGTCAAGCG,HTO_D,1,singlet,1125
ATTACTCAGTTACGGG,HTO_C,1,singlet,550
ATTACTCCAAACTGTC,multiplet,2,multiplet,1485
ATTACTCCAACTTGAC,HTO_H,1,singlet,1875
ATTACTCCACACGCTG,HTO_F,1,singlet,1133
ATTACTCCACAGTCGC,HTO_C,1,singlet,2661
ATTACTCCACGGATAG,HTO_B,1,singlet,2822
ATTACTCCACTTGGAT,HTO_F,1,singlet,3278
ATTACTCCAGATGAGC,HTO_B,1,singlet,1416
ATTACTCCATCATCCC,HTO_A,1,singlet,2156
ATTACTCGTCAACATC,HTO_B,1,singlet,654
ATTACTCGTCGATTGT,HTO_D,1,singlet,1867
ATTACTCGTCTTGATG,HTO_G,1,singlet,416
ATTACTCGTGATAAAC,HTO_G,1,singlet,788
ATTACTCGTGCGAAAC,multiplet,2,multiplet,1849
ATTACTCTCAACACTG,multiplet,2,multiplet,3324
ATTACTCTCAGGTAAA,HTO_D,1,singlet,967
ATTACTCTCCTTGGTC,HTO_B,1,singlet,1299
ATTACTCTCGACGGAA,HTO_C,1,singlet,975
ATTACTCTCGGCGCAT,multiplet,2,multiplet,3673
ATTACTCTCTACTATC,HTO_F,1,singlet,962
ATTACTCTCTCAACTT,HTO_A,1,singlet,1029
ATTACTCTCTCCGGTT,HTO_B,1,singlet,1543
ATTACTCTCTGTTGAG,multiplet,3,multiplet,4332
ATTATCCAGAAGAAGC,HTO_B,1,singlet,1874
ATTATCCAGCGATCCC,HTO_A,1,singlet,3616
ATTATCCAGCGTGTCC,HTO_F,1,singlet,3563
ATTATCCAGGACAGCT,HTO_C,1,singlet,827
ATTATCCAGTCATCCA,HTO_A,1,singlet,795
ATTATCCAGTGTGAAT,HTO_F,1,singlet,1266
ATTATCCAGTTTCCTT,HTO_B,1,singlet,971
ATTATCCCAAATCCGT,HTO_A,1,singlet,847
ATTATCCCACATAACC,multiplet,2,multiplet,5262
ATTATCCCACCAGGCT,HTO_D,1,singlet,1710
ATTATCCCACGTCTCT,HTO_D,1,singlet,1284
ATTATCCCATAGAAAC,HTO_A,1,singlet,3066
ATTATCCCATCCGCGA,multiplet,2,multiplet,2403
ATTATCCGTCCATGAT,HTO_F,1,singlet,1011
ATTATCCGTCGAAAGC,HTO_C,1,singlet,1377
ATTATCCGTCTAAACC,multiplet,2,multiplet,2856
ATTATCCGTCTAACGT,multiplet,2,multiplet,3346
ATTATCCGTCTACCTC,HTO_A,1,singlet,247
ATTATCCGTGCACCAC,HTO_A,1,singlet,1055
ATTATCCGTGGTGTAG,HTO_B,1,singlet,2200
ATTATCCGTTGCGCAC,multiplet,3,multiplet,5944
ATTATCCTCACTTACT,HTO_G,1,singlet,4218
ATTATCCTCCAGAAGG,HTO_A,1,singlet,708
ATTATCCTCCCAAGAT,HTO_A,1,singlet,431
ATTATCCTCCGTTGTC,HTO_A,1,singlet,3628
ATTATCCTCTATCCCG,multiplet,2,multiplet,2488
ATTATCCTCTGGCGTG,multiplet,2,multiplet,2446
ATTCTACAGAGACTAT,HTO_F,1,singlet,1638
ATTCTACAGCCATCGC,multiplet,2,multiplet,5777
ATTCTACAGCGCTTAT,HTO_H,1,singlet,2275
ATTCTACAGCTGCCCA,HTO_F,1,singlet,3988
ATTCTACAGGATATAC,HTO_F,1,singlet,2494
ATTCTACAGGGTGTGT,multiplet,2,multiplet,4120
ATTCTACAGTCATGCT,HTO_G,1,singlet,566
ATTCTACAGTGAACAT,HTO_D,1,singlet,2090
ATTCTACAGTGTACCT,HTO_G,1,singlet,1820
ATTCTACCAAAGTGCG,HTO_A,1,singlet,950
ATTCTACCAATGGACG,HTO_C,1,singlet,1759
ATTCTACCACATTAGC,HTO_E,1,singlet,526
ATTCTACCACCACCAG,HTO_C,1,singlet,266
ATTCTACCAGCCAGAA,HTO_D,1,singlet,2517
ATTCTACCAGGAATCG,HTO_A,1,singlet,511
ATTCTACCAGGGTACA,multiplet,2,multiplet,4474
ATTCTACCATGCAACT,multiplet,2,multiplet,3720
ATTCTACCATGTAGTC,HTO_C,1,singlet,1488
ATTCTACCATTGTGCA,HTO_H,1,singlet,1143
ATTCTACGTAAGAGGA,HTO_G,1,singlet,939
ATTCTACGTAAGGGAA,negative,0,negative,81
ATTCTACGTAGCCTAT,multiplet,2,multiplet,1858
ATTCTACGTTAAAGTG,HTO_E,1,singlet,887
ATTCTACGTTAAGATG,multiplet,2,multiplet,1635
ATTCTACGTTGGTAAA,HTO_F,1,singlet,925
ATTCTACTCAACGAAA,HTO_C,1,singlet,1646
ATTCTACTCAAGCCTA,HTO_D,1,singlet,1624
ATTCTACTCACAGTAC,HTO_G,1,singlet,3596
ATTCTACTCATAGCAC,HTO_C,1,singlet,1942
ATTCTACTCCCGACTT,HTO_A,1,singlet,1174
ATTCTACTCGCATGGC,HTO_A,1,singlet,866
ATTCTACTCGTACGGC,HTO_C,1,singlet,1446
ATTGGACAGAGTACAT,HTO_G,1,singlet,1464
ATTGGACAGATATGCA,multiplet,2,multiplet,5273
ATTGGACAGCCGCCTA,HTO_C,1,singlet,2081
ATTGGACAGTTACGGG,HTO_H,1,singlet,651
ATTGGACAGTTCGCGC,multiplet,2,multiplet,3071
ATTGGACCAAGAAAGG,HTO_C,1,singlet,469
ATTGGACCAAGCCGTC,HTO_H,1,singlet,1168
ATTGGACCAAGCGCTC,HTO_F,1,singlet,1263
ATTGGACCAAGTAATG,HTO_F,1,singlet,678
ATTGGACCACCGTTGG,multiplet,2,multiplet,2594
ATTGGACCACGAAACG,HTO_F,1,singlet,972
ATTGGACCAGCTTCGG,HTO_G,1,singlet,767
ATTGGACCATCACGAT,HTO_C,1,singlet,586
ATTGGACCATCACGTA,multiplet,2,multiplet,1026
ATTGGACCATCGGACC,HTO_E,1,singlet,1171
ATTGGACCATGGGACA,HTO_D,1,singlet,1665
ATTGGACCATTACGAC,HTO_A,1,singlet,1285
ATTGGACGTAAGAGGA,HTO_E,1,singlet,2614
ATTGGACGTAGAGTGC,HTO_A,1,singlet,1001
ATTGGACGTAGCGTCC,HTO_G,1,singlet,653
ATTGGACGTTAGAACA,HTO_A,1,singlet,632
ATTGGACGTTCGCGAC,HTO_B,1,singlet,4089
ATTGGACTCAACGCTA,HTO_F,1,singlet,5063
ATTGGACTCAGTACGT,HTO_B,1,singlet,1336
ATTGGACTCGAATCCA,HTO_B,1,singlet,1168
ATTGGACTCTGCTGCT,HTO_D,1,singlet,1990
ATTGGACTCTTCCTTC,HTO_F,1,singlet,4089
ATTGGACTCTTCGGTC,HTO_D,1,singlet,1204
ATTGGTGAGAATTGTG,HTO_D,1,singlet,1909
ATTGGTGAGACAATAC,HTO_D,1,singlet,1455
ATTGGTGAGAGGGCTT,HTO_G,1,singlet,413
ATTGGTGAGATCCCAT,HTO_E,1,singlet,1477
ATTGGTGAGGACAGCT,HTO_A,1,singlet,1111
ATTGGTGAGTGTACCT,HTO_B,1,singlet,1182
ATTGGTGAGTGTACTC,HTO_D,1,singlet,1620
ATTGGTGCAAGCTGAG,HTO_F,1,singlet,3372
ATTGGTGCAATAGCAA,multiplet,2,multiplet,5914
ATTGGTGCACAAGACG,HTO_D,1,singlet,1346
ATTGGTGCACCACCAG,multiplet,2,multiplet,4127
ATTGGTGCACCCATGG,multiplet,3,multiplet,5159
ATTGGTGCACGAAATA,HTO_D,1,singlet,1758
ATTGGTGCAGCTGTGC,HTO_G,1,singlet,3141
ATTGGTGCAGGGTATG,HTO_A,1,singlet,285
ATTGGTGCATGCCTTC,HTO_B,1,singlet,805
ATTGGTGCATTTGCCC,HTO_A,1,singlet,1509
ATTGGTGGTCCGAGTC,HTO_A,1,singlet,801
ATTGGTGGTTAGATGA,HTO_H,1,singlet,739
ATTGGTGTCAGCAACT,HTO_A,1,singlet,1081
ATTGGTGTCATCGCTC,HTO_G,1,singlet,1371
ATTGGTGTCATTCACT,multiplet,2,multiplet,2295
ATTGGTGTCCGTTGCT,HTO_F,1,singlet,915
ATTGGTGTCCTCATTA,HTO_D,1,singlet,763
ATTGGTGTCGTCACGG,multiplet,2,multiplet,2111
ATTGGTGTCTAACTTC,HTO_B,1,singlet,2883
ATTGGTGTCTCATTCA,HTO_H,1,singlet,1495
ATTGGTGTCTCTTATG,HTO_D,1,singlet,1153
ATTTCTGAGAGTACCG,HTO_H,1,singlet,546
ATTTCTGAGCAGGTCA,HTO_A,1,singlet,896
ATTTCTGAGTGCTGCC,HTO_E,1,singlet,762
ATTTCTGAGTTGTAGA,multiplet,2,multiplet,4145
ATTTCTGCAAGACACG,HTO_A,1,singlet,477
ATTTCTGCAGATAATG,HTO_G,1,singlet,737
ATTTCTGCATACAGCT,multiplet,2,multiplet,1884
ATTTCTGCATGTAAGA,HTO_G,1,singlet,1237
ATTTCTGGTAAACCTC,HTO_D,1,singlet,1746
ATTTCTGGTAGGGACT,HTO_B,1,singlet,823
ATTTCTGGTCGCTTTC,HTO_H,1,singlet,432
ATTTCTGGTGGTACAG,HTO_G,1,singlet,821
ATTTCTGGTTCCGTCT,HTO_A,1,singlet,674
ATTTCTGGTTTAGCTG,HTO_H,1,singlet,1690
ATTTCTGTCAAGATCC,HTO_A,1,singlet,750
ATTTCTGTCAATACCG,HTO_B,1,singlet,734
ATTTCTGTCACGCGGT,HTO_H,1,singlet,1700
ATTTCTGTCATAGCAC,multiplet,2,multiplet,2052
ATTTCTGTCATGCATG,multiplet,3,multiplet,1947
ATTTCTGTCCACGACG,HTO_E,1,singlet,1135
ATTTCTGTCCACTCCA,multiplet,2,multiplet,2266
ATTTCTGTCGAACGGA,HTO_G,1,singlet,982
ATTTCTGTCGCCAAAT,HTO_E,1,singlet,797
ATTTCTGTCTAACCGA,HTO_B,1,singlet,1148
ATTTCTGTCTATCCTA,HTO_E,1,singlet,1206
ATTTCTGTCTCCGGTT,HTO_H,1,singlet,564
ATTTCTGTCTCGCATC,multiplet,2,multiplet,1590
ATTTCTGTCTCGTTTA,multiplet,2,multiplet,1128
ATTTCTGTCTGTCAAG,multiplet,3,multiplet,1835
ATTTCTGTCTTCGAGA,HTO_G,1,singlet,1594
CAACCAAAGAGGTTGC,HTO_E,1,singlet,1124
CAACCAAAGCACGCCT,HTO_E,1,singlet,2964
CAACCAAAGCGACGTA,HTO_B,1,singlet,1616
CAACCAAAGGCTAGGT,multiplet,2,multiplet,6373
CAACCAAAGGTGTTAA,HTO_G,1,singlet,798
CAACCAAAGTTAGGTA,HTO_D,1,singlet,1052
CAACCAACAAGAAGAG,HTO_C,1,singlet,718
CAACCAACACCTATCC,multiplet,2,multiplet,1559
CAACCAACACTTAAGC,HTO_A,1,singlet,1397
CAACCAACAGTCTTCC,HTO_A,1,singlet,3880
CAACCAACATATGAGA,multiplet,3,multiplet,3713
CAACCAACATCCAACA,HTO_D,1,singlet,4454
CAACCAACATCGGAAG,HTO_E,1,singlet,1495
CAACCAACATCTACGA,HTO_D,1,singlet,1326
CAACCAACATGGTAGG,HTO_B,1,singlet,1792
CAACCAAGTAGAAGGA,HTO_B,1,singlet,963
CAACCAAGTATAAACG,HTO_C,1,singlet,1135
CAACCAAGTATGAATG,HTO_H,1,singlet,705
CAACCAAGTCCGACGT,HTO_H,1,singlet,1078
CAACCAAGTCGCGGTT,HTO_D,1,singlet,2644
CAACCAAGTCTAAACC,HTO_D,1,singlet,1529
CAACCAAGTCTGATTG,HTO_G,1,singlet,2444
CAACCAAGTCTGCCAG,HTO_A,1,singlet,834
CAACCAAGTGACAAAT,HTO_H,1,singlet,2460
CAACCAAGTGCAGACA,HTO_D,1,singlet,5337
CAACCAAGTGGACGAT,HTO_D,1,singlet,2524
CAACCAAGTTCAGCGC,HTO_D,1,singlet,1771
CAACCAAGTTGAGTTC,HTO_A,1,singlet,1021
CAACCAATCAACCAAC,HTO_F,1,singlet,1594
CAACCAATCCAACCAA,HTO_B,1,singlet,829
CAACCAATCCTATTCA,HTO_C,1,singlet,2075
CAACCAATCCTTCAAT,HTO_C,1,singlet,717
CAACCAATCGAACTGT,HTO_C,1,singlet,1080
CAACCAATCGACAGCC,HTO_F,1,singlet,1212
CAACCAATCTAACTTC,multiplet,2,multiplet,3827
CAACCAATCTGGTGTA,HTO_G,1,singlet,745
CAACCAATCTGTCTCG,HTO_D,1,singlet,232
CAACCAATCTTGAGGT,HTO_C,1,singlet,1282
CAACCTCAGACTTGAA,HTO_C,1,singlet,974
CAACCTCAGATGCGAC,HTO_D,1,singlet,2108
CAACCTCAGGCATGGT,HTO_F,1,singlet,1848
CAACCTCAGGGATGGG,HTO_B,1,singlet,2095
CAACCTCAGGTAGCCA,HTO_C,1,singlet,917
CAACCTCAGGTCATCT,multiplet,2,multiplet,1596
CAACCTCAGTCGATAA,HTO_H,1,singlet,3619
CAACCTCAGTGTCCCG,multiplet,2,multiplet,1646
CAACCTCAGTTCCACA,HTO_C,1,singlet,938
CAACCTCAGTTTGCGT,multiplet,2,multiplet,7310
CAACCTCCAAAGGAAG,HTO_F,1,singlet,1552
CAACCTCCAATGACCT,multiplet,2,multiplet,2227
CAACCTCCACGTAAGG,HTO_H,1,singlet,828
CAACCTCCAGATCCAT,multiplet,3,multiplet,5441
CAACCTCCATGAACCT,HTO_G,1,singlet,1471
CAACCTCCATGACGGA,HTO_G,1,singlet,1427
CAACCTCCATGCAACT,HTO_F,1,singlet,1527
CAACCTCCATTCTCAT,HTO_G,1,singlet,2368
CAACCTCGTAAATACG,HTO_E,1,singlet,1026
CAACCTCGTACCCAAT,HTO_E,1,singlet,1183
CAACCTCGTACCTACA,HTO_C,1,singlet,876
CAACCTCGTACGCACC,HTO_H,1,singlet,3156
CAACCTCGTACTCTCC,multiplet,2,multiplet,2521
CAACCTCGTAGGCTGA,HTO_D,1,singlet,5648
CAACCTCGTAGTAGTA,HTO_C,1,singlet,1339
CAACCTCGTCGGCACT,HTO_D,1,singlet,2108
CAACCTCGTGCACGAA,multiplet,2,multiplet,3047
CAACCTCGTGCAGACA,HTO_D,1,singlet,2037
CAACCTCGTGTAATGA,HTO_D,1,singlet,2634
CAACCTCGTTAGATGA,HTO_B,1,singlet,1993
CAACCTCGTTATCGGT,multiplet,2,multiplet,3586
CAACCTCGTTCCCGAG,HTO_B,1,singlet,1811
CAACCTCTCAACACGT,HTO_D,1,singlet,1956
CAACCTCTCAATCTCT,HTO_D,1,singlet,1271
CAACCTCTCACCACCT,HTO_G,1,singlet,2941
CAACCTCTCACCGGGT,HTO_C,1,singlet,577
CAACCTCTCAGGATCT,HTO_D,1,singlet,4569
CAACCTCTCCACTCCA,HTO_H,1,singlet,1072
CAACCTCTCCGCGGTA,HTO_G,1,singlet,3211
CAACCTCTCCGCGTTT,HTO_F,1,singlet,871
CAACCTCTCCTGTAGA,multiplet,2,multiplet,2511
CAACCTCTCCTTTCGG,HTO_F,1,singlet,941
CAACCTCTCGTCGTTC,HTO_B,1,singlet,908
CAACCTCTCTGACCTC,multiplet,2,multiplet,3252
CAACTAGAGACAAAGG,HTO_E,1,singlet,501
CAACTAGAGAGACTAT,HTO_B,1,singlet,1147
CAACTAGAGAGGTTGC,HTO_G,1,singlet,2060
CAACTAGAGAGTAATC,HTO_F,1,singlet,416
CAACTAGAGAGTGACC,HTO_C,1,singlet,549
CAACTAGAGATATGGT,HTO_B,1,singlet,1078
CAACTAGAGCCGTCGT,HTO_G,1,singlet,713
CAACTAGAGCGATGAC,HTO_C,1,singlet,1081
CAACTAGAGCTCCCAG,HTO_A,1,singlet,518
CAACTAGAGTGTTAGA,HTO_B,1,singlet,3328
CAACTAGCAACGCACC,HTO_A,1,singlet,676
CAACTAGCAACTGCGC,HTO_H,1,singlet,1081
CAACTAGCAAGCTGTT,HTO_F,1,singlet,1419
CAACTAGCAATAGAGT,HTO_B,1,singlet,2810
CAACTAGCACATCCGG,HTO_H,1,singlet,1005
CAACTAGCACATTTCT,HTO_C,1,singlet,1938
CAACTAGCAGTAACGG,multiplet,3,multiplet,6717
CAACTAGCATGGGACA,HTO_D,1,singlet,5012
CAACTAGGTAAATACG,HTO_E,1,singlet,1218
CAACTAGGTAGCGTCC,HTO_H,1,singlet,969
CAACTAGGTCACACGC,HTO_G,1,singlet,692
CAACTAGGTCCGAAGA,HTO_C,1,singlet,1039
CAACTAGGTGTTAAGA,HTO_G,1,singlet,1420
CAACTAGTCAAGGTAA,HTO_F,1,singlet,700
CAACTAGTCACTTACT,HTO_G,1,singlet,983
CAACTAGTCCAATGGT,multiplet,2,multiplet,4340
CAACTAGTCGAGGTAG,multiplet,2,multiplet,744
CAACTAGTCGGTCCGA,HTO_G,1,singlet,1395
CAACTAGTCGGTCTAA,HTO_C,1,singlet,1036
CAACTAGTCGTTTATC,HTO_B,1,singlet,1343
CAAGAAAAGCCCGAAA,HTO_A,1,singlet,256
CAAGAAAAGCGATATA,HTO_H,1,singlet,1000
CAAGAAAAGGTCGGAT,multiplet,2,multiplet,2085
CAAGAAAAGGTGCTTT,HTO_E,1,singlet,1243
CAAGAAAAGTGATCGG,HTO_C,1,singlet,922
CAAGAAAAGTGCCATT,HTO_A,1,singlet,635
CAAGAAAAGTGTCTCA,HTO_D,1,singlet,1739
CAAGAAACAAGTCTGT,HTO_C,1,singlet,1054
CAAGAAACACCAGCAC,HTO_E,1,singlet,2018
CAAGAAACACGGATAG,HTO_B,1,singlet,849
CAAGAAACAGGGATTG,HTO_E,1,singlet,2839
CAAGAAACAGTATGCT,HTO_H,1,singlet,795
CAAGAAACATGAACCT,multiplet,3,multiplet,2679
CAAGAAAGTAGAGCTG,HTO_D,1,singlet,1646
CAAGAAAGTAGTAGTA,HTO_G,1,singlet,4694
CAAGAAAGTCGGCATC,HTO_H,1,singlet,812
CAAGAAAGTTACGACT,HTO_B,1,singlet,724
CAAGAAAGTTCCATGA,HTO_D,1,singlet,1932
CAAGAAAGTTCGCGAC,HTO_E,1,singlet,1027
CAAGAAATCACCGGGT,HTO_A,1,singlet,791
CAAGAAATCACGACTA,HTO_G,1,singlet,3422
CAAGAAATCCAAATGC,HTO_B,1,singlet,1569
CAAGAAATCGACGGAA,multiplet,2,multiplet,783
CAAGAAATCGCTAGCG,HTO_B,1,singlet,4096
CAAGAAATCGGAAACG,HTO_A,1,singlet,467
CAAGAAATCGTTACAG,HTO_D,1,singlet,1801
CAAGAAATCTCATTCA,HTO_G,1,singlet,947
CAAGAAATCTGGAGCC,HTO_C,1,singlet,3181
CAAGAAATCTTGTCAT,HTO_A,1,singlet,517
CAAGATCAGAATAGGG,HTO_F,1,singlet,3406
CAAGATCAGACAGACC,HTO_H,1,singlet,1305
CAAGATCAGACGACGT,multiplet,2,multiplet,4839
CAAGATCAGAGGTTAT,HTO_A,1,singlet,1393
CAAGATCAGAGTAAGG,HTO_D,1,singlet,2170
CAAGATCAGCCAACAG,HTO_C,1,singlet,6507
CAAGATCAGCCCAACC,HTO_A,1,singlet,2033
CAAGATCAGGACTGGT,HTO_H,1,singlet,907
CAAGATCAGGTAAACT,HTO_B,1,singlet,1997
CAAGATCAGTACGTTC,multiplet,2,multiplet,5225
CAAGATCAGTCACGCC,HTO_H,1,singlet,2947
CAAGATCAGTGGAGAA,HTO_H,1,singlet,2009
CAAGATCCAATGTTGC,HTO_A,1,singlet,1709
CAAGATCCACCACGTG,HTO_G,1,singlet,1144
CAAGATCCACCTTGTC,multiplet,2,multiplet,2271
CAAGATCCACGGCGTT,HTO_G,1,singlet,2998
CAAGATCCATCCAACA,HTO_G,1,singlet,1608
CAAGATCCATTAACCG,HTO_B,1,singlet,1662
CAAGATCGTACTTCTT,HTO_E,1,singlet,1009
CAAGATCGTATAAACG,HTO_B,1,singlet,787
CAAGATCGTCACTGGC,HTO_G,1,singlet,1991
CAAGATCGTGTTCTTT,HTO_B,1,singlet,830
CAAGATCGTTGATTCG,HTO_C,1,singlet,1180
CAAGATCTCACCCGAG,HTO_F,1,singlet,393
CAAGATCTCATGGTCA,HTO_G,1,singlet,3064
CAAGATCTCCCAACGG,HTO_D,1,singlet,6885
CAAGATCTCCCGGATG,HTO_A,1,singlet,1538
CAAGATCTCCTATGTT,HTO_F,1,singlet,4170
CAAGATCTCGTAGATC,HTO_F,1,singlet,5182
CAAGATCTCGTCCGTT,HTO_D,1,singlet,3244
CAAGATCTCTGCAAGT,multiplet,3,multiplet,6570
CAAGGCCAGATCCCGC,HTO_D,1,singlet,790
CAAGGCCAGATGCCTT,HTO_E,1,singlet,1092
CAAGGCCAGCAAATCA,multiplet,2,multiplet,635
CAAGGCCAGGACATTA,HTO_H,1,singlet,3091
CAAGGCCAGGATTCGG,multiplet,2,multiplet,3031
CAAGGCCAGGGTATCG,HTO_F,1,singlet,1293
CAAGGCCAGTAAGTAC,HTO_H,1,singlet,988
CAAGGCCAGTTTGCGT,HTO_G,1,singlet,702
CAAGGCCCAACGCACC,HTO_B,1,singlet,1705
CAAGGCCCAATACGCT,HTO_B,1,singlet,1010
CAAGGCCCAGTGAGTG,HTO_H,1,singlet,1140
CAAGGCCCATATACGC,HTO_A,1,singlet,590
CAAGGCCGTAGGAGTC,multiplet,2,multiplet,6910
CAAGGCCGTATAGGTA,HTO_G,1,singlet,1913
CAAGGCCGTATATCCG,HTO_F,1,singlet,1530
CAAGGCCGTATCGCAT,multiplet,3,multiplet,1484
CAAGGCCGTCCGAAGA,multiplet,2,multiplet,5246
CAAGGCCGTGTAATGA,HTO_D,1,singlet,1824
CAAGGCCTCAGTACGT,HTO_B,1,singlet,1404
CAAGGCCTCATAGCAC,HTO_B,1,singlet,1650
CAAGGCCTCCCACTTG,HTO_F,1,singlet,4094
CAAGGCCTCGCACTCT,HTO_H,1,singlet,3772
CAAGGCCTCGCATGAT,HTO_A,1,singlet,637
CAAGGCCTCTGCTTGC,HTO_H,1,singlet,717
CAAGGCCTCTGTTTGT,HTO_F,1,singlet,3967
CAAGTTGAGCCTCGTG,HTO_G,1,singlet,576
CAAGTTGAGGACATTA,HTO_H,1,singlet,2049
CAAGTTGAGGCGTACA,HTO_F,1,singlet,2908
CAAGTTGAGGGTTTCT,HTO_C,1,singlet,519
CAAGTTGAGTCAATAG,HTO_F,1,singlet,834
CAAGTTGAGTCCAGGA,HTO_E,1,singlet,1733
CAAGTTGCAATGTAAG,HTO_G,1,singlet,2937
CAAGTTGCAATTGCTG,HTO_D,1,singlet,1550
CAAGTTGCAGTCAGAG,HTO_A,1,singlet,737
CAAGTTGCATAGAAAC,HTO_B,1,singlet,3222
CAAGTTGCATGACGGA,multiplet,2,multiplet,3588
CAAGTTGCATGTCTCC,HTO_B,1,singlet,1438
CAAGTTGGTAAGCACG,HTO_F,1,singlet,887
CAAGTTGGTATATCCG,HTO_B,1,singlet,1088
CAAGTTGGTATGAATG,HTO_D,1,singlet,1769
CAAGTTGGTATGCTTG,HTO_E,1,singlet,1179
CAAGTTGGTCGAGATG,HTO_F,1,singlet,2649
CAAGTTGGTCGCTTTC,HTO_E,1,singlet,1108
CAAGTTGGTGCAGACA,HTO_E,1,singlet,4639
CAAGTTGGTTTGCATG,HTO_E,1,singlet,1129
CAAGTTGTCATGTGGT,multiplet,2,multiplet,3545
CAAGTTGTCCCGGATG,multiplet,2,multiplet,5508
CAAGTTGTCGTCTGAA,HTO_G,1,singlet,1680
CAAGTTGTCTCTTATG,multiplet,2,multiplet,4945
CAAGTTGTCTGACCTC,HTO_D,1,singlet,3005
CAAGTTGTCTGCTGTC,HTO_B,1,singlet,3016
CAAGTTGTCTGTCTCG,HTO_B,1,singlet,3072
CACAAACAGAAGGTTT,HTO_B,1,singlet,1183
CACAAACAGACATAAC,HTO_H,1,singlet,1134
CACAAACAGCTAGTTC,multiplet,2,multiplet,6608
CACAAACAGTATGACA,HTO_B,1,singlet,1631
CACAAACAGTGCGATG,HTO_C,1,singlet,1029
CACAAACAGTTACGGG,HTO_D,1,singlet,1394
CACAAACCAAGCCTAT,HTO_A,1,singlet,1678
CACAAACCAATCCGAT,HTO_A,1,singlet,1137
CACAAACCAATTGCTG,HTO_G,1,singlet,669
CACAAACCACGAGGTA,HTO_F,1,singlet,1338
CACAAACCACTGTGTA,HTO_E,1,singlet,994
CACAAACCAGCTCGAC,multiplet,2,multiplet,2908
CACAAACCATGAACCT,HTO_C,1,singlet,2784
CACAAACCATTACCTT,HTO_G,1,singlet,726
CACAAACGTAAGTGGC,multiplet,3,multiplet,2077
CACAAACGTACAGTTC,HTO_E,1,singlet,691
CACAAACGTACCGTAT,HTO_E,1,singlet,1389
CACAAACGTAGGCATG,HTO_D,1,singlet,2678
CACAAACGTCCCTACT,HTO_H,1,singlet,935
CACAAACGTCGCGTGT,multiplet,2,multiplet,2752
CACAAACGTGAGCGAT,multiplet,2,multiplet,1403
CACAAACGTGAGTGAC,HTO_G,1,singlet,1230
CACAAACGTGTAAGTA,HTO_G,1,singlet,884
CACAAACGTGTGAATA,HTO_H,1,singlet,719
CACAAACGTTACGTCA,HTO_C,1,singlet,851
CACAAACGTTACTGAC,multiplet,2,multiplet,3540
CACAAACGTTATGCGT,HTO_H,1,singlet,657
CACAAACGTTATGTGC,HTO_A,1,singlet,695
CACAAACTCAGCTCTC,HTO_H,1,singlet,1547
CACAAACTCAGGCAAG,HTO_B,1,singlet,1139
CACAAACTCATGCAAC,HTO_H,1,singlet,1528
CACAAACTCATGTGGT,HTO_E,1,singlet,2277
CACAAACTCTAACTGG,multiplet,2,multiplet,1544
CACAAACTCTGGTGTA,multiplet,2,multiplet,5671
CACAAACTCTGTCCGT,HTO_F,1,singlet,4252
CACAAACTCTTTCCTC,HTO_E,1,singlet,632
CACACAAAGCGACGTA,HTO_C,1,singlet,1076
CACACAAAGCTCAACT,HTO_C,1,singlet,667
CACACAAAGGGATCTG,HTO_D,1,singlet,1865
CACACAAAGTGCCATT,HTO_E,1,singlet,1208
CACACAAAGTGGACGT,HTO_C,1,singlet,1727
CACACAAAGTTACCCA,HTO_B,1,singlet,2332
CACACAACAAACGTGG,multiplet,2,multiplet,6154
CACACAACAAGCTGGA,HTO_F,1,singlet,2030
CACACAACACTTAAGC,HTO_A,1,singlet,520
CACACAACAGCTTCGG,HTO_B,1,singlet,2776
CACACAACAGTCGTGC,HTO_B,1,singlet,936
CACACAACATACAGCT,HTO_F,1,singlet,765
CACACAACATCCAACA,HTO_G,1,singlet,1225
CACACAACATTACCTT,HTO_G,1,singlet,448
CACACAAGTAAGGGCT,multiplet,3,multiplet,2015
CACACAAGTACAGTGG,HTO_G,1,singlet,5560
CACACAAGTCACACGC,multiplet,2,multiplet,5494
CACACAAGTCGAGTTT,HTO_F,1,singlet,3515
CACACAAGTCTCCACT,HTO_E,1,singlet,1472
CACACAAGTGACGCCT,HTO_F,1,singlet,1459
CACACAAGTGACGGTA,HTO_C,1,singlet,1562
CACACAAGTGCACTTA,HTO_C,1,singlet,981
CACACAAGTGCGCTTG,HTO_F,1,singlet,2468
CACACAAGTGGCGAAT,HTO_G,1,singlet,592
CACACAAGTTGAGTTC,HTO_E,1,singlet,1496
CACACAATCAAGCCTA,multiplet,2,multiplet,1144
CACACAATCACCGGGT,HTO_A,1,singlet,611
CACACAATCACTTATC,HTO_A,1,singlet,910
CACACAATCCTTTCGG,HTO_A,1,singlet,675
CACACAATCGGATGTT,multiplet,3,multiplet,11915
CACACAATCTGCAAGT,HTO_B,1,singlet,2807
CACACCTAGAGATGAG,multiplet,2,multiplet,869
CACACCTAGAGTCGGT,HTO_A,1,singlet,3384
CACACCTAGCGAGAAA,HTO_E,1,singlet,1238
CACACCTAGCGTGAAC,multiplet,2,multiplet,2220
CACACCTAGCGTGTCC,HTO_G,1,singlet,1001
CACACCTAGCTACCTA,HTO_G,1,singlet,656
CACACCTAGGATATAC,HTO_A,1,singlet,1182
CACACCTAGGCAAAGA,HTO_E,1,singlet,5181
CACACCTAGGTGTTAA,HTO_H,1,singlet,3466
CACACCTAGTCTCCTC,multiplet,2,multiplet,2003
CACACCTAGTGGACGT,HTO_B,1,singlet,804
CACACCTAGTGGGCTA,HTO_A,1,singlet,218
CACACCTAGTGGTCCC,HTO_C,1,singlet,751
CACACCTAGTTAACGA,HTO_F,1,singlet,555
CACACCTCAAAGAATC,multiplet,2,multiplet,3155
CACACCTCAACTGGCC,multiplet,2,multiplet,6982
CACACCTCAAGCTGGA,HTO_F,1,singlet,596
CACACCTCAAGGACAC,multiplet,2,multiplet,3313
CACACCTCAATCTACG,HTO_H,1,singlet,939
CACACCTCAATGGACG,HTO_B,1,singlet,838
CACACCTCACGTAAGG,HTO_A,1,singlet,1997
CACACCTCAGCGATCC,HTO_A,1,singlet,497
CACACCTCAGGGCATA,HTO_A,1,singlet,1287
CACACCTCATCGACGC,HTO_A,1,singlet,612
CACACCTCATTCTCAT,HTO_D,1,singlet,2075
CACACCTGTAAGTGGC,multiplet,2,multiplet,965
CACACCTGTACCGTTA,HTO_B,1,singlet,2621
CACACCTGTAGCGTAG,multiplet,2,multiplet,2499
CACACCTGTCTCTTTA,HTO_B,1,singlet,2936
CACACCTGTGAACCTT,HTO_G,1,singlet,1016
CACACCTGTGCTAGCC,HTO_E,1,singlet,6303
CACACCTGTGTTAAGA,HTO_C,1,singlet,367
CACACCTGTTCCACGG,HTO_G,1,singlet,1631
CACACCTGTTTGGCGC,multiplet,2,multiplet,3781
CACACCTTCACAGGCC,HTO_E,1,singlet,1317
CACACCTTCATGCATG,HTO_E,1,singlet,1201
CACACCTTCCAAATGC,HTO_F,1,singlet,1207
CACACCTTCCATGCTC,HTO_H,1,singlet,506
CACACCTTCCTTTCTC,multiplet,2,multiplet,2976
CACACCTTCGCTGATA,HTO_E,1,singlet,1157
CACACTCAGAGGTAGA,HTO_H,1,singlet,1492
CACACTCAGCAATCTC,HTO_A,1,singlet,1770
CACACTCAGCGTGAAC,HTO_B,1,singlet,1288
CACACTCAGCTAGTTC,HTO_C,1,singlet,3358
CACACTCAGGGTGTGT,HTO_H,1,singlet,2097
CACACTCAGTACGTAA,HTO_D,1,singlet,1712
CACACTCAGTACTTGC,HTO_B,1,singlet,1153
CACACTCCAAAGTCAA,multiplet,2,multiplet,4489
CACACTCCAAATTGCC,multiplet,2,multiplet,4529
CACACTCCAATCTGCA,HTO_G,1,singlet,3912
CACACTCCACCTCGGA,HTO_E,1,singlet,966
CACACTCCATACTCTT,HTO_B,1,singlet,631
CACACTCCATATACCG,HTO_B,1,singlet,1590
CACACTCCATCGGAAG,HTO_F,1,singlet,363
CACACTCCATCTGGTA,HTO_B,1,singlet,292
CACACTCGTACGCTGC,multiplet,2,multiplet,1322
CACACTCGTCAGAAGC,HTO_G,1,singlet,1406
CACACTCGTCGCGGTT,HTO_B,1,singlet,1298
CACACTCGTCGCGTGT,HTO_C,1,singlet,397
CACACTCGTGAAAGAG,HTO_F,1,singlet,3804
CACACTCGTGGTCCGT,HTO_H,1,singlet,782
CACACTCGTGTGGCTC,multiplet,2,multiplet,1718
CACACTCGTTCCACTC,HTO_D,1,singlet,2008
CACACTCGTTTACTCT,HTO_H,1,singlet,1289
CACACTCTCAGAAATG,HTO_G,1,singlet,1962
CACACTCTCATGCAAC,HTO_C,1,singlet,1216
CACACTCTCCACTCCA,HTO_B,1,singlet,3182
CACACTCTCTACTATC,HTO_B,1,singlet,1565
CACACTCTCTGGGCCA,HTO_B,1,singlet,4409
CACACTCTCTTGTACT,HTO_D,1,singlet,1895
CACAGGCAGACAGACC,HTO_D,1,singlet,2010
CACAGGCAGATCGATA,multiplet,2,multiplet,2399
CACAGGCAGGATGGTC,multiplet,2,multiplet,2116
CACAGGCAGTAGATGT,HTO_G,1,singlet,815
CACAGGCCACATTCGA,HTO_F,1,singlet,454
CACAGGCCACGGACAA,HTO_G,1,singlet,581
CACAGGCCAGTAGAGC,HTO_H,1,singlet,3077
CACAGGCCAGTCTTCC,HTO_C,1,singlet,1047
CACAGGCCATCCGCGA,HTO_D,1,singlet,4482
CACAGGCCATGTCCTC,HTO_B,1,singlet,2245
CACAGGCCATTCTCAT,HTO_B,1,singlet,1401
CACAGGCGTAAGGATT,HTO_C,1,singlet,414
CACAGGCGTACCTACA,HTO_E,1,singlet,1024
CACAGGCGTAGCAAAT,HTO_A,1,singlet,1695
CACAGGCGTAGGCATG,HTO_A,1,singlet,766
CACAGGCGTAGTGAAT,multiplet,2,multiplet,1740
CACAGGCGTATTCTCT,HTO_E,1,singlet,1547
CACAGGCGTCAGCTAT,multiplet,2,multiplet,2374
CACAGGCGTCGGGTCT,HTO_B,1,singlet,201
CACAGGCGTGCACGAA,HTO_A,1,singlet,638
CACAGGCGTGGAAAGA,HTO_A,1,singlet,4660
CACAGGCGTTGCGCAC,HTO_C,1,singlet,739
CACAGGCGTTGGTAAA,HTO_A,1,singlet,1591
CACAGGCTCCAAATGC,HTO_A,1,singlet,1098
CACAGGCTCCCACTTG,HTO_B,1,singlet,1932
CACAGGCTCCCGGATG,HTO_E,1,singlet,1050
CACAGGCTCCGCGCAA,HTO_F,1,singlet,4219
CACAGGCTCGACGGAA,multiplet,2,multiplet,1979
CACAGGCTCGGACAAG,HTO_H,1,singlet,942
CACAGGCTCGGATGGA,HTO_B,1,singlet,926
CACAGGCTCTCCCTGA,HTO_C,1,singlet,897
CACAGGCTCTTGGGTA,HTO_E,1,singlet,1453
CACAGTAAGAGTCGGT,HTO_B,1,singlet,1373
CACAGTAAGCTAGTCT,HTO_D,1,singlet,1418
CACAGTAAGGAGCGAG,HTO_H,1,singlet,5751
CACAGTAAGGTAGCTG,HTO_B,1,singlet,1709
CACAGTAAGTTGTCGT,HTO_D,1,singlet,2790
CACAGTACAAGAGTCG,HTO_B,1,singlet,4128
CACAGTACAATAGCGG,multiplet,2,multiplet,3083
CACAGTACAATCACAC,HTO_F,1,singlet,3537
CACAGTACACACATGT,multiplet,2,multiplet,1597
CACAGTACACCTGGTG,HTO_H,1,singlet,1076
CACAGTACACTACAGT,HTO_A,1,singlet,1243
CACAGTACAGACAAAT,HTO_D,1,singlet,1339
CACAGTACAGGACGTA,HTO_G,1,singlet,996
CACAGTACATGGATGG,multiplet,2,multiplet,2456
CACAGTACATGTTGAC,multiplet,2,multiplet,4335
CACAGTAGTAAGTGGC,HTO_A,1,singlet,280
CACAGTAGTACCAGTT,HTO_A,1,singlet,515
CACAGTAGTACCGTAT,multiplet,2,multiplet,1098
CACAGTAGTAGGCTGA,HTO_B,1,singlet,4000
CACAGTAGTAGTAGTA,HTO_G,1,singlet,1292
CACAGTAGTCCGTCAG,multiplet,2,multiplet,9767
CACAGTAGTCGCGTGT,HTO_F,1,singlet,1034
CACAGTAGTCGGCACT,HTO_E,1,singlet,1156
CACAGTAGTTACAGAA,HTO_G,1,singlet,3343
CACAGTAGTTATCCGA,HTO_H,1,singlet,2535
CACAGTAGTTGAACTC,multiplet,2,multiplet,3012
CACAGTAGTTGCTCCT,multiplet,2,multiplet,7493
CACAGTATCACTTACT,HTO_A,1,singlet,990
CACAGTATCAGTACGT,HTO_E,1,singlet,1152
CACAGTATCCACGAAT,HTO_C,1,singlet,1623
CACAGTATCGTGGGAA,HTO_A,1,singlet,1328
CACATAGAGACGCAAC,HTO_G,1,singlet,1902
CACATAGAGATCCGAG,HTO_B,1,singlet,1398
CACATAGAGATCCTGT,multiplet,2,multiplet,2163
CACATAGAGATGGGTC,HTO_A,1,singlet,557
CACATAGAGGAATCGC,HTO_C,1,singlet,3566
CACATAGAGTCATCCA,HTO_G,1,singlet,1121
CACATAGAGTGGAGTC,HTO_C,1,singlet,723
CACATAGAGTTCGCAT,multiplet,2,multiplet,3000
CACATAGCAAGAGGCT,HTO_A,1,singlet,1018
CACATAGCACGTTGGC,HTO_C,1,singlet,1128
CACATAGCAGCCAGAA,HTO_G,1,singlet,1130
CACATAGCAGTTCATG,HTO_H,1,singlet,2624
CACATAGCATGGATGG,multiplet,2,multiplet,3094
CACATAGCATGGTCTA,HTO_H,1,singlet,1383
CACATAGCATGTAGTC,HTO_A,1,singlet,589
CACATAGCATTGCGGC,HTO_A,1,singlet,2039
CACATAGGTACTTAGC,multiplet,2,multiplet,1562
CACATAGGTCAAGCGA,HTO_H,1,singlet,2653
CACATAGGTCACAAGG,HTO_B,1,singlet,1784
CACATAGGTCGCCATG,HTO_H,1,singlet,3616
CACATAGGTGCATCTA,HTO_H,1,singlet,2879
CACATAGGTTATCCGA,HTO_H,1,singlet,425
CACATAGTCAATCTCT,HTO_C,1,singlet,917
CACATAGTCACGCGGT,HTO_B,1,singlet,3299
CACATAGTCGACGGAA,HTO_D,1,singlet,5857
CACATAGTCGCCATAA,HTO_F,1,singlet,2690
CACATAGTCGTCCGTT,HTO_H,1,singlet,1266
CACATAGTCTCTAAGG,HTO_C,1,singlet,1334
CACATAGTCTGCGGCA,HTO_C,1,singlet,867
CACATAGTCTGCGTAA,HTO_B,1,singlet,3137
CACATAGTCTGGCGAC,HTO_B,1,singlet,3098
CACATTTAGAGTCTGG,HTO_H,1,singlet,1116
CACATTTAGCACCGTC,HTO_C,1,singlet,272
CACATTTAGCCACCTG,multiplet,2,multiplet,2209
CACATTTAGGGATGGG,HTO_A,1,singlet,505
CACATTTAGGGCTTCC,HTO_F,1,singlet,1402
CACATTTAGTCAAGCG,multiplet,2,multiplet,2244
CACATTTAGTCGAGTG,HTO_B,1,singlet,2704
CACATTTAGTGACATA,HTO_H,1,singlet,1837
CACATTTAGTGCCATT,HTO_C,1,singlet,655
CACATTTAGTTAGCGG,HTO_E,1,singlet,2353
CACATTTCAAACGTGG,multiplet,2,multiplet,2134
CACATTTCAAGGTTTC,HTO_C,1,singlet,643
CACATTTCACCAGGCT,HTO_D,1,singlet,2414
CACATTTCAGACGTAG,HTO_G,1,singlet,7762
CACATTTCATCATCCC,HTO_G,1,singlet,1283
CACATTTCATCCTTGC,HTO_B,1,singlet,1289
CACATTTGTAGGCATG,multiplet,2,multiplet,2891
CACATTTGTATGAAAC,HTO_B,1,singlet,2701
CACATTTGTCTAGGTT,HTO_H,1,singlet,2778
CACATTTGTGTGGTTT,HTO_E,1,singlet,1152
CACATTTGTTAAAGAC,HTO_C,1,singlet,1682
CACATTTGTTACGCGC,HTO_B,1,singlet,863
CACATTTGTTCCATGA,multiplet,2,multiplet,1641
CACATTTGTTCTGAAC,multiplet,2,multiplet,2546
CACATTTTCAGCAACT,HTO_F,1,singlet,1034
CACATTTTCATCGATG,HTO_B,1,singlet,753
CACATTTTCCCTGACT,HTO_A,1,singlet,616
CACATTTTCCTTAATC,HTO_C,1,singlet,1816
CACATTTTCGAATCCA,HTO_D,1,singlet,2309
CACATTTTCGACAGCC,HTO_B,1,singlet,1253
CACATTTTCGCCAGCA,HTO_H,1,singlet,4223
CACATTTTCTACGAGT,HTO_F,1,singlet,896
CACATTTTCTCAAACG,HTO_H,1,singlet,1920
CACATTTTCTCAACTT,HTO_G,1,singlet,616
CACATTTTCTCGAGTA,HTO_G,1,singlet,1164
CACATTTTCTCTTGAT,HTO_B,1,singlet,2926
CACCACTAGACGACGT,HTO_A,1,singlet,129
CACCACTAGATCTGCT,multiplet,2,multiplet,1433
CACCACTAGCTATGCT,HTO_G,1,singlet,860
CACCACTAGGCGCTCT,HTO_E,1,singlet,1504
CACCACTAGGCTAGAC,HTO_A,1,singlet,4540
CACCACTAGGTGTTAA,HTO_E,1,singlet,652
CACCACTAGTGAACAT,HTO_A,1,singlet,1912
CACCACTAGTTAGCGG,HTO_G,1,singlet,3474
CACCACTCACCAGGTC,HTO_G,1,singlet,1915
CACCACTCACGAGGTA,HTO_A,1,singlet,255
CACCACTCAGAAGCAC,HTO_C,1,singlet,1155
CACCACTCAGACAAGC,multiplet,2,multiplet,2256
CACCACTCAGCGTAAG,multiplet,2,multiplet,4347
CACCACTCAGTAGAGC,HTO_D,1,singlet,2240
CACCACTCATAGACTC,HTO_G,1,singlet,2249
CACCACTCATCCCACT,HTO_B,1,singlet,334
CACCACTGTAAGGATT,HTO_B,1,singlet,1770
CACCACTGTACACCGC,HTO_H,1,singlet,2830
CACCACTGTACGACCC,HTO_G,1,singlet,751
CACCACTGTATCTGCA,multiplet,3,multiplet,4646
CACCACTGTCTTGATG,multiplet,2,multiplet,3483
CACCACTGTGTCTGAT,HTO_D,1,singlet,2675
CACCACTGTGTTTGGT,HTO_F,1,singlet,1410
CACCACTGTTAAAGAC,HTO_H,1,singlet,2968
CACCACTGTTAAGATG,HTO_F,1,singlet,425
CACCACTGTTCAACCA,HTO_C,1,singlet,3084
CACCACTGTTCCCTTG,HTO_G,1,singlet,1405
CACCACTTCCAAGTAC,HTO_A,1,singlet,719
CACCACTTCCCTCTTT,HTO_E,1,singlet,1024
CACCACTTCGACCAGC,HTO_A,1,singlet,312
CACCACTTCGTTGACA,HTO_E,1,singlet,1614
CACCACTTCTCTGCTG,HTO_F,1,singlet,2229
CACCACTTCTCTTATG,HTO_G,1,singlet,1226
CACCACTTCTTAGCCC,HTO_D,1,singlet,1628
CACCAGGAGATATGGT,HTO_B,1,singlet,1210
CACCAGGAGTTTCCTT,multiplet,2,multiplet,2629
CACCAGGCAAACTGTC,multiplet,2,multiplet,3771
CACCAGGCAAAGGCGT,HTO_F,1,singlet,4286
CACCAGGCAATCGGTT,multiplet,2,multiplet,883
CACCAGGCACTAAGTC,HTO_B,1,singlet,3715
CACCAGGCAGGAACGT,multiplet,2,multiplet,1812
CACCAGGCATAAGACA,HTO_D,1,singlet,2336
CACCAGGGTATAGGGC,HTO_H,1,singlet,1191
CACCAGGGTCCGACGT,HTO_A,1,singlet,2148
CACCAGGGTCTTCAAG,HTO_D,1,singlet,1588
CACCAGGGTGTCCTCT,HTO_A,1,singlet,701
CACCAGGGTTTAAGCC,HTO_H,1,singlet,1210
CACCAGGTCAAAGTAG,HTO_E,1,singlet,2832
CACCAGGTCACAAACC,HTO_B,1,singlet,541
CACCAGGTCAGTTCGA,multiplet,2,multiplet,6389
CACCAGGTCGCCTGTT,HTO_F,1,singlet,1606
CACCAGGTCGCGATCG,HTO_D,1,singlet,2935
CACCAGGTCGGTCTAA,HTO_A,1,singlet,311
CACCAGGTCTGTCTAT,HTO_C,1,singlet,5363
CACCTTGAGATAGCAT,HTO_E,1,singlet,593
CACCTTGAGATTACCC,HTO_D,1,singlet,1412
CACCTTGAGGCGATAC,multiplet,2,multiplet,2747
CACCTTGAGGCTAGAC,HTO_H,1,singlet,1294
CACCTTGAGGGCTTGA,HTO_G,1,singlet,408
CACCTTGAGTGTGGCA,HTO_B,1,singlet,1999
CACCTTGAGTTAACGA,HTO_B,1,singlet,4124
CACCTTGAGTTCGATC,multiplet,2,multiplet,1091
CACCTTGAGTTCGCGC,HTO_B,1,singlet,532
CACCTTGCAAACGTGG,HTO_B,1,singlet,916
CACCTTGCAAAGCGGT,HTO_H,1,singlet,3304
CACCTTGCAATTGCTG,multiplet,2,multiplet,2029
CACCTTGCACATGTGT,HTO_G,1,singlet,1124
CACCTTGCAGACGCTC,HTO_E,1,singlet,1530
CACCTTGCAGGTCCAC,HTO_C,1,singlet,719
CACCTTGCATCACGAT,HTO_G,1,singlet,2571
CACCTTGCATCACGTA,HTO_F,1,singlet,574
CACCTTGCATTGGGCC,HTO_H,1,singlet,642
CACCTTGGTAGAGTGC,multiplet,2,multiplet,4891
CACCTTGGTGGCGAAT,HTO_C,1,singlet,847
CACCTTGGTTCCACAA,HTO_E,1,singlet,3481
CACCTTGGTTCTGAAC,multiplet,2,multiplet,1810
CACCTTGTCAACTCTT,HTO_G,1,singlet,313
CACCTTGTCACATAGC,multiplet,2,multiplet,984
CACCTTGTCACCCTCA,HTO_E,1,singlet,390
CACCTTGTCAGCTCTC,multiplet,2,multiplet,2356
CACCTTGTCAGGCCCA,HTO_H,1,singlet,1329
CACCTTGTCATGTGGT,HTO_B,1,singlet,1953
CACCTTGTCGGCATCG,HTO_C,1,singlet,2513
CACCTTGTCTTAGAGC,HTO_F,1,singlet,4895
CACTCCAAGAGGTAGA,HTO_B,1,singlet,6181
CACTCCAAGCTACCTA,HTO_F,1,singlet,1524
CACTCCAAGGATCGCA,HTO_B,1,singlet,1266
CACTCCAAGGTCGGAT,HTO_D,1,singlet,1912
CACTCCAAGTACGATA,HTO_B,1,singlet,1024
CACTCCAAGTGGTCCC,multiplet,2,multiplet,3260
CACTCCACAACCGCCA,HTO_D,1,singlet,2545
CACTCCACAATGGTCT,HTO_B,1,singlet,987
CACTCCACAGCATACT,HTO_H,1,singlet,1130
CACTCCACAGTATAAG,HTO_H,1,singlet,1429
CACTCCACATCCAACA,HTO_G,1,singlet,2424
CACTCCACATGGGAAC,HTO_D,1,singlet,1627
CACTCCACATGTCCTC,multiplet,2,multiplet,2515
CACTCCAGTAAGTTCC,HTO_A,1,singlet,1357
CACTCCAGTACAGTTC,HTO_A,1,singlet,2157
CACTCCAGTATTCGTG,HTO_F,1,singlet,1728
CACTCCAGTCATATGC,HTO_F,1,singlet,3202
CACTCCAGTCGGATCC,multiplet,2,multiplet,3029
CACTCCAGTGCACGAA,HTO_H,1,singlet,4512
CACTCCAGTTCTGTTT,HTO_H,1,singlet,1684
CACTCCATCAACCATG,HTO_E,1,singlet,1269
CACTCCATCACGCGGT,HTO_H,1,singlet,803
CACTCCATCATGCAAC,HTO_F,1,singlet,450
CACTCCATCATTGCCC,HTO_E,1,singlet,1859
CACTCCATCCCAAGAT,HTO_A,1,singlet,772
CACTCCATCCCATTTA,HTO_H,1,singlet,2760
CACTCCATCGCGTTTC,HTO_D,1,singlet,463
CACTCCATCGGTGTCG,HTO_D,1,singlet,1558
CACTCCATCTAACGGT,HTO_A,1,singlet,842
CACTCCATCTTCTGGC,HTO_D,1,singlet,1461
CAGAATCAGACACGAC,HTO_B,1,singlet,2184
CAGAATCAGACTGGGT,HTO_B,1,singlet,2256
CAGAATCAGATGGCGT,HTO_D,1,singlet,1835
CAGAATCAGATGTGTA,HTO_B,1,singlet,848
CAGAATCAGGAGCGAG,HTO_F,1,singlet,4239
CAGAATCAGTACGCCC,multiplet,2,multiplet,3963
CAGAATCAGTATCTCG,multiplet,2,multiplet,1370
CAGAATCAGTCGAGTG,HTO_G,1,singlet,918
CAGAATCAGTCGTACT,HTO_E,1,singlet,1479
CAGAATCCACAACGCC,HTO_H,1,singlet,1651
CAGAATCCACATCCAA,HTO_E,1,singlet,3045
CAGAATCCACCCAGTG,multiplet,2,multiplet,3786
CAGAATCCATAAGACA,HTO_B,1,singlet,1095
CAGAATCCATACTCTT,HTO_B,1,singlet,1950
CAGAATCCATATGGTC,HTO_H,1,singlet,1202
CAGAATCCATGTCCTC,multiplet,2,multiplet,2657
CAGAATCGTACATCCA,HTO_E,1,singlet,1445
CAGAATCGTAGCAAAT,HTO_C,1,singlet,432
CAGAATCGTGCACTTA,HTO_H,1,singlet,528
CAGAATCGTGCCTGCA,HTO_H,1,singlet,1666
CAGAATCGTTCCGGCA,multiplet,2,multiplet,450
CAGAATCTCAAAGACA,HTO_H,1,singlet,989
CAGAATCTCATCTGTT,HTO_C,1,singlet,967
CAGAATCTCATGCAAC,HTO_G,1,singlet,2807
CAGAATCTCCCTAACC,HTO_H,1,singlet,3982
CAGAATCTCGAGAGCA,HTO_H,1,singlet,2208
CAGAATCTCGCCAAAT,HTO_D,1,singlet,3456
CAGAATCTCTTCTGGC,HTO_E,1,singlet,3462
CAGAATCTCTTGCAAG,HTO_C,1,singlet,791
CAGAGAGAGAAAGTGG,HTO_A,1,singlet,3496
CAGAGAGAGACCTAGG,multiplet,2,multiplet,3314
CAGAGAGAGACGCTTT,HTO_D,1,singlet,1574
CAGAGAGAGAGCCTAG,HTO_G,1,singlet,1114
CAGAGAGAGCCAGTTT,HTO_A,1,singlet,638
CAGAGAGAGCTAGCCC,HTO_H,1,singlet,2340
CAGAGAGAGTACGCGA,HTO_D,1,singlet,1574
CAGAGAGAGTGGGCTA,HTO_C,1,singlet,1681
CAGAGAGAGTGTCTCA,HTO_H,1,singlet,1452
CAGAGAGCAATGGTCT,HTO_C,1,singlet,645
CAGAGAGCACACGCTG,HTO_A,1,singlet,522
CAGAGAGCAGCTCGCA,multiplet,2,multiplet,1310
CAGAGAGCAGTTAACC,HTO_E,1,singlet,1053
CAGAGAGCATGCCACG,HTO_H,1,singlet,2889
CAGAGAGCATGCCTTC,HTO_G,1,singlet,2887
CAGAGAGCATGTCCTC,HTO_C,1,singlet,526
CAGAGAGCATTCGACA,HTO_F,1,singlet,713
CAGAGAGGTACATGTC,multiplet,2,multiplet,1610
CAGAGAGGTACTCAAC,HTO_F,1,singlet,1120
CAGAGAGGTCAAAGAT,HTO_E,1,singlet,3136
CAGAGAGGTCACCTAA,HTO_A,1,singlet,1105
CAGAGAGGTCTAGCGC,HTO_C,1,singlet,734
CAGAGAGGTCTTTCAT,HTO_H,1,singlet,1208
CAGAGAGGTGACTCAT,HTO_F,1,singlet,921
CAGAGAGGTGCGGTAA,HTO_A,1,singlet,729
CAGAGAGGTGTAATGA,HTO_C,1,singlet,351
CAGAGAGTCATCGATG,HTO_C,1,singlet,846
CAGAGAGTCATGTCTT,HTO_F,1,singlet,915
CAGAGAGTCCTATTCA,HTO_E,1,singlet,2598
CAGAGAGTCGGTGTCG,HTO_B,1,singlet,374
CAGATCAAGACTGTAA,HTO_F,1,singlet,898
CAGATCAAGCAATATG,multiplet,2,multiplet,5298
CAGATCAAGGGCTTCC,HTO_E,1,singlet,1934
CAGATCAAGTACCGGA,HTO_H,1,singlet,1660
CAGATCAAGTAGGTGC,HTO_F,1,singlet,1327
CAGATCAAGTGCGATG,HTO_D,1,singlet,1441
CAGATCAAGTGTGAAT,multiplet,2,multiplet,2563
CAGATCACACCTTGTC,HTO_C,1,singlet,219
CAGATCACAGATGGCA,HTO_F,1,singlet,1996
CAGATCACAGCTCGCA,HTO_D,1,singlet,6116
CAGATCACAGTCACTA,HTO_G,1,singlet,2750
CAGATCACATCCTAGA,HTO_E,1,singlet,831
CAGATCAGTAAACACA,HTO_B,1,singlet,2267
CAGATCAGTACATGTC,multiplet,2,multiplet,2877
CAGATCAGTGTGGTTT,multiplet,2,multiplet,1792
CAGATCAGTTACCGAT,HTO_G,1,singlet,873
CAGATCAGTTCGGGCT,multiplet,2,multiplet,3720
CAGATCAGTTGTCTTT,HTO_A,1,singlet,1895
CAGATCATCACAAACC,HTO_C,1,singlet,713
CAGATCATCGTTGACA,HTO_H,1,singlet,1064
CAGATCATCGTTTGCC,HTO_G,1,singlet,590
CAGATCATCTAACGGT,HTO_F,1,singlet,932
CAGATCATCTTACCGC,HTO_D,1,singlet,1451
CAGATCATCTTCGAGA,HTO_G,1,singlet,5083
CAGCAGCAGAACTGTA,HTO_A,1,singlet,4184
CAGCAGCAGAGACTTA,HTO_B,1,singlet,4377
CAGCAGCAGCTAAACA,HTO_D,1,singlet,1585
CAGCAGCAGCTAGTTC,multiplet,2,multiplet,7761
CAGCAGCAGTCTCCTC,HTO_G,1,singlet,1499
CAGCAGCCAAGGTTCT,multiplet,2,multiplet,1042
CAGCAGCCAAGTCATC,HTO_G,1,singlet,449
CAGCAGCCAATCGGTT,HTO_E,1,singlet,1365
CAGCAGCCAGACGCAA,HTO_H,1,singlet,1672
CAGCAGCCAGGGTACA,HTO_C,1,singlet,527
CAGCAGCCATTACCTT,HTO_G,1,singlet,1217
CAGCAGCGTAACGACG,HTO_B,1,singlet,674
CAGCAGCGTACTTCTT,multiplet,2,multiplet,4749
CAGCAGCGTAGCGCTC,HTO_F,1,singlet,2215
CAGCAGCGTGGTCTCG,HTO_B,1,singlet,1275
CAGCAGCGTGTATGGG,HTO_F,1,singlet,2662
CAGCAGCGTGTCCTCT,HTO_C,1,singlet,1373
CAGCAGCGTTAAGTAG,HTO_C,1,singlet,754
CAGCAGCGTTACCGAT,negative,0,negative,187
CAGCAGCGTTCCATGA,HTO_E,1,singlet,1139
CAGCAGCGTTGTACAC,HTO_F,1,singlet,5713
CAGCAGCTCAACACTG,multiplet,2,multiplet,6368
CAGCAGCTCACTTATC,HTO_H,1,singlet,3815
CAGCAGCTCCCATTTA,HTO_D,1,singlet,1398
CAGCAGCTCCTTGGTC,multiplet,2,multiplet,2022
CAGCAGCTCGGAAATA,HTO_F,1,singlet,4973
CAGCAGCTCGGCTACG,HTO_B,1,singlet,1460
CAGCAGCTCGGTCCGA,HTO_E,1,singlet,1472
CAGCAGCTCTTGTCAT,HTO_D,1,singlet,6103
CAGCATAAGACGACGT,HTO_G,1,singlet,3137
CAGCATAAGAGATGAG,multiplet,2,multiplet,2202
CAGCATAAGAGCTGGT,HTO_D,1,singlet,2532
CAGCATAAGCCAACAG,HTO_C,1,singlet,943
CAGCATAAGCCTTGAT,HTO_H,1,singlet,1727
CAGCATAAGCGATCCC,HTO_B,1,singlet,1488
CAGCATAAGCTAACAA,HTO_H,1,singlet,1202
CAGCATAAGGGAGTAA,HTO_A,1,singlet,427
CAGCATACAAACCCAT,multiplet,2,multiplet,5169
CAGCATACAAGGCTCC,HTO_C,1,singlet,1841
CAGCATACACGTCAGC,HTO_B,1,singlet,1665
CAGCATACAGCTGTAT,HTO_H,1,singlet,825
CAGCATACAGTAAGCG,HTO_E,1,singlet,2664
CAGCATACAGTGAGTG,HTO_D,1,singlet,1622
CAGCATACATCCGCGA,HTO_F,1,singlet,3955
CAGCATACATCCTAGA,HTO_F,1,singlet,1175
CAGCATACATGCAATC,HTO_H,1,singlet,2418
CAGCATACATGTCGAT,HTO_B,1,singlet,3868
CAGCATACATTGAGCT,HTO_A,1,singlet,492
CAGCATAGTAGGGTAC,HTO_B,1,singlet,1215
CAGCATAGTCACACGC,HTO_B,1,singlet,884
CAGCATAGTCGGGTCT,HTO_A,1,singlet,500
CAGCATAGTTACGCGC,HTO_G,1,singlet,1235
CAGCATAGTTCGGCAC,HTO_A,1,singlet,1544
CAGCATAGTTCGTCTC,HTO_F,1,singlet,1031
CAGCATATCAACGAAA,HTO_E,1,singlet,1339
CAGCATATCAGTCCCT,HTO_E,1,singlet,2884
CAGCATATCATCTGCC,HTO_B,1,singlet,1520
CAGCATATCCACGTGG,HTO_E,1,singlet,1954
CAGCATATCCGCGGTA,multiplet,2,multiplet,3018
CAGCATATCCTATGTT,multiplet,2,multiplet,3411
CAGCATATCCTCAACC,HTO_D,1,singlet,2938
CAGCATATCCTCTAGC,HTO_D,1,singlet,1128
CAGCATATCCTTGACC,HTO_D,1,singlet,1850
CAGCATATCGTCTGAA,HTO_A,1,singlet,2191
CAGCATATCTGTACGA,HTO_G,1,singlet,361
CAGCCGAAGCTAGTCT,HTO_C,1,singlet,938
CAGCCGAAGGCAGTCA,HTO_E,1,singlet,1397
CAGCCGAAGGGTATCG,HTO_E,1,singlet,4138
CAGCCGAAGTCCTCCT,HTO_D,1,singlet,1655
CAGCCGAAGTGACTCT,HTO_H,1,singlet,1562
CAGCCGAAGTGTCCCG,multiplet,2,multiplet,2777
CAGCCGAAGTGTGAAT,HTO_A,1,singlet,2736
CAGCCGACACATGGGA,HTO_A,1,singlet,2408
CAGCCGACACCCTATC,multiplet,2,multiplet,6324
CAGCCGACACGTAAGG,HTO_F,1,singlet,991
CAGCCGACACGTCAGC,HTO_G,1,singlet,2566
CAGCCGACAGATGGCA,HTO_E,1,singlet,4289
CAGCCGACAGGTCCAC,HTO_H,1,singlet,3250
CAGCCGACAGTTAACC,HTO_C,1,singlet,1744
CAGCCGACATAGGATA,HTO_H,1,singlet,1972
CAGCCGAGTAAGAGGA,HTO_C,1,singlet,860
CAGCCGAGTACCGTTA,HTO_E,1,singlet,947
CAGCCGAGTAGCGCAA,HTO_G,1,singlet,1462
CAGCCGAGTCCCGACA,HTO_G,1,singlet,1821
CAGCCGAGTCGAAAGC,multiplet,2,multiplet,7921
CAGCCGAGTGTGTGCC,HTO_E,1,singlet,861
CAGCCGAGTTCCACAA,HTO_H,1,singlet,642
CAGCCGAGTTCTGAAC,multiplet,3,multiplet,3282
CAGCCGATCAGTTCGA,HTO_G,1,singlet,1694
CAGCCGATCATGCTCC,HTO_A,1,singlet,836
CAGCCGATCCAGGGCT,HTO_G,1,singlet,4002
CAGCCGATCCCTAACC,HTO_C,1,singlet,1070
CAGCCGATCCCTGACT,HTO_E,1,singlet,1400
CAGCCGATCCCTTGCA,HTO_G,1,singlet,1300
CAGCCGATCGAGGTAG,HTO_C,1,singlet,4137
CAGCCGATCTTAGCCC,HTO_D,1,singlet,1773
CAGCCGATCTTGTACT,HTO_A,1,singlet,2191
CAGCGACAGACGACGT,HTO_G,1,singlet,3993
CAGCGACAGCGTCAAG,HTO_E,1,singlet,1361
CAGCGACAGGTACTCT,HTO_F,1,singlet,1209
CAGCGACAGTCCCACG,HTO_A,1,singlet,1174
CAGCGACCAACGATCT,HTO_D,1,singlet,4172
CAGCGACCACAACGCC,HTO_F,1,singlet,2312
CAGCGACCACGTTGGC,HTO_E,1,singlet,1230
CAGCGACCAGAAGCAC,HTO_F,1,singlet,977
CAGCGACCAGCTTCGG,HTO_D,1,singlet,3864
CAGCGACCAGTTAACC,multiplet,2,multiplet,2337
CAGCGACCATCGGTTA,multiplet,2,multiplet,2641
CAGCGACCATTAACCG,HTO_B,1,singlet,923
CAGCGACGTAACGACG,HTO_B,1,singlet,2095
CAGCGACGTAAGAGGA,HTO_D,1,singlet,2073
CAGCGACGTAGAGTGC,HTO_G,1,singlet,1584
CAGCGACGTCAGGACA,multiplet,2,multiplet,2295
CAGCGACGTCCGAATT,HTO_D,1,singlet,752
CAGCGACGTCTAACGT,multiplet,3,multiplet,3138
CAGCGACGTCTCTTTA,multiplet,3,multiplet,2162
CAGCGACGTGATGATA,HTO_D,1,singlet,1794
CAGCGACGTGTCGCTG,HTO_B,1,singlet,1915
CAGCGACGTTCCGGCA,HTO_F,1,singlet,2193
CAGCGACGTTGGTAAA,HTO_G,1,singlet,1159
CAGCGACTCACATAGC,multiplet,2,multiplet,8197
CAGCGACTCAGTACGT,HTO_A,1,singlet,321
CAGCGACTCAGTCCCT,HTO_C,1,singlet,1525
CAGCGACTCCATGCTC,HTO_F,1,singlet,2567
CAGCGACTCTCTGAGA,HTO_G,1,singlet,1043
CAGCTAAAGCGATAGC,HTO_G,1,singlet,1407
CAGCTAAAGCGATATA,HTO_H,1,singlet,1373
CAGCTAAAGCTGAAAT,HTO_H,1,singlet,542
CAGCTAAAGGAGCGTT,HTO_B,1,singlet,894
CAGCTAAAGGATGGTC,multiplet,2,multiplet,1222
CAGCTAAAGGGTGTGT,HTO_G,1,singlet,650
CAGCTAAAGTACGATA,HTO_H,1,singlet,999
CAGCTAAAGTACTTGC,HTO_E,1,singlet,2630
CAGCTAACAAGCCTAT,HTO_E,1,singlet,1465
CAGCTAACAATGCCAT,HTO_G,1,singlet,2098
CAGCTAACAATGGTCT,HTO_C,1,singlet,612
CAGCTAACACGCGAAA,HTO_G,1,singlet,2116
CAGCTAACACGGTGTC,HTO_F,1,singlet,1324
CAGCTAACAGACACTT,HTO_E,1,singlet,2725
CAGCTAACAGACAGGT,HTO_C,1,singlet,819
CAGCTAACAGATAATG,HTO_B,1,singlet,1013
CAGCTAACAGCCTTGG,HTO_B,1,singlet,1782
CAGCTAACAGGCGATA,HTO_G,1,singlet,510
CAGCTAACATCCCACT,HTO_A,1,singlet,722
CAGCTAAGTAAATGAC,HTO_H,1,singlet,1023
CAGCTAAGTAGAGGAA,HTO_E,1,singlet,719
CAGCTAAGTCAAAGAT,multiplet,2,multiplet,4687
CAGCTAAGTCGAGTTT,HTO_C,1,singlet,948
CAGCTAAGTCTGATTG,HTO_D,1,singlet,6074
CAGCTAAGTGTCCTCT,HTO_B,1,singlet,1258
CAGCTAAGTGTCTGAT,HTO_B,1,singlet,1069
CAGCTAAGTTACGGAG,multiplet,2,multiplet,1905
CAGCTAAGTTCCATGA,HTO_B,1,singlet,1022
CAGCTAAGTTGTCGCG,HTO_E,1,singlet,495
CAGCTAAGTTTGGGCC,multiplet,4,multiplet,8346
CAGCTAAGTTTGTGTG,HTO_C,1,singlet,1586
CAGCTAATCAACACGT,multiplet,2,multiplet,1123
CAGCTAATCAATCTCT,HTO_D,1,singlet,2586
CAGCTAATCCACGTTC,HTO_H,1,singlet,1005
CAGCTAATCCGAAGAG,HTO_A,1,singlet,420
CAGCTAATCCTGCAGG,HTO_C,1,singlet,3088
CAGCTAATCGCATGGC,HTO_D,1,singlet,8200
CAGCTAATCGCCATAA,HTO_F,1,singlet,1389
CAGCTAATCGTGGGAA,HTO_G,1,singlet,3460
CAGCTAATCTAACTGG,multiplet,3,multiplet,3033
CAGCTAATCTAAGCCA,HTO_D,1,singlet,3022
CAGCTAATCTTCATGT,HTO_H,1,singlet,2286
CAGCTGGAGAGCAATT,HTO_G,1,singlet,1071
CAGCTGGAGCCACTAT,HTO_E,1,singlet,1901
CAGCTGGAGCTCCTCT,HTO_E,1,singlet,1001
CAGCTGGAGGATTCGG,HTO_G,1,singlet,831
CAGCTGGAGGTGTTAA,HTO_H,1,singlet,705
CAGCTGGAGTCATGCT,HTO_D,1,singlet,2478
CAGCTGGAGTGAAGTT,HTO_B,1,singlet,1124
CAGCTGGAGTGCAAGC,HTO_G,1,singlet,365
CAGCTGGCACCATGTA,HTO_F,1,singlet,1856
CAGCTGGCACCTTGTC,multiplet,2,multiplet,5175
CAGCTGGCACGGCTAC,HTO_D,1,singlet,1235
CAGCTGGCACTCTGTC,multiplet,2,multiplet,2564
CAGCTGGCAGCTGTAT,multiplet,2,multiplet,2635
CAGCTGGCAGGGTATG,HTO_B,1,singlet,2370
CAGCTGGCATGGTCTA,HTO_B,1,singlet,2041
CAGCTGGCATTGAGCT,HTO_C,1,singlet,1052
CAGCTGGCATTGGCGC,multiplet,2,multiplet,4221
CAGCTGGGTAAACCTC,HTO_F,1,singlet,1020
CAGCTGGGTAAGAGAG,HTO_D,1,singlet,2508
CAGCTGGGTCAAGCGA,HTO_D,1,singlet,2020
CAGCTGGGTCGCATAT,HTO_A,1,singlet,737
CAGCTGGGTGAGTATA,HTO_H,1,singlet,660
CAGCTGGGTGCCTTGG,HTO_C,1,singlet,2165
CAGCTGGGTGGTTTCA,HTO_A,1,singlet,1437
CAGCTGGTCAGCGATT,HTO_H,1,singlet,1163
CAGCTGGTCAGGTTCA,HTO_E,1,singlet,1429
CAGCTGGTCCACGCAG,multiplet,2,multiplet,3078
CAGCTGGTCCACTGGG,HTO_A,1,singlet,1867
CAGCTGGTCCCAGGTG,HTO_G,1,singlet,346
CAGCTGGTCCTGCAGG,HTO_F,1,singlet,1838
CAGCTGGTCGCCCTTA,HTO_C,1,singlet,871
CAGCTGGTCTGACCTC,HTO_H,1,singlet,525
CAGCTGGTCTGGCGAC,HTO_A,1,singlet,3467
CAGCTGGTCTTCTGGC,multiplet,2,multiplet,2107
CAGCTGGTCTTTAGTC,HTO_H,1,singlet,671
CAGGTGCAGAGGTACC,HTO_A,1,singlet,973
CAGGTGCAGCGTCAAG,HTO_G,1,singlet,1427
CAGGTGCAGGCATGTG,HTO_B,1,singlet,3097
CAGGTGCAGTACATGA,HTO_A,1,singlet,1140
CAGGTGCCAATAAGCA,HTO_D,1,singlet,2713
CAGGTGCCAATGGAAT,HTO_E,1,singlet,1501
CAGGTGCCAATGGTCT,HTO_E,1,singlet,1384
CAGGTGCCAATTCCTT,HTO_F,1,singlet,825
CAGGTGCCACACCGAC,HTO_D,1,singlet,1685
CAGGTGCCAGGATCGA,HTO_H,1,singlet,1660
CAGGTGCCAGTACACT,HTO_D,1,singlet,1948
CAGGTGCGTACCGTTA,HTO_D,1,singlet,1268
CAGGTGCGTACTCGCG,multiplet,2,multiplet,2764
CAGGTGCGTATAAACG,HTO_A,1,singlet,4569
CAGGTGCGTCCGTCAG,HTO_H,1,singlet,2059
CAGGTGCGTCGACTAT,HTO_F,1,singlet,3071
CAGGTGCGTCGCTTTC,HTO_C,1,singlet,600
CAGGTGCGTGAGGGTT,HTO_E,1,singlet,1213
CAGGTGCGTGGTCTCG,HTO_G,1,singlet,1487
CAGGTGCTCAGGATCT,multiplet,2,multiplet,2756
CAGGTGCTCATCACCC,HTO_E,1,singlet,3406
CAGGTGCTCCTTGACC,multiplet,2,multiplet,10417
CAGGTGCTCGGTTAAC,HTO_G,1,singlet,1228
CAGGTGCTCTGTCCGT,HTO_D,1,singlet,4170
CAGGTGCTCTTCATGT,HTO_H,1,singlet,1532
CAGGTGCTCTTGAGGT,HTO_D,1,singlet,4234
CAGTAACAGACATAAC,HTO_D,1,singlet,1696
CAGTAACAGCACCGTC,HTO_B,1,singlet,2960
CAGTAACAGCCCTAAT,HTO_C,1,singlet,550
CAGTAACAGCGCTTAT,multiplet,2,multiplet,2595
CAGTAACCAACAACCT,HTO_E,1,singlet,853
CAGTAACCAAGCTGGA,HTO_F,1,singlet,1680
CAGTAACCACATGGGA,HTO_F,1,singlet,9704
CAGTAACCACGGACAA,HTO_B,1,singlet,690
CAGTAACCAGGAACGT,HTO_E,1,singlet,1018
CAGTAACCAGGGTACA,HTO_B,1,singlet,667
CAGTAACCATCCTAGA,HTO_A,1,singlet,1088
CAGTAACCATGCCACG,HTO_C,1,singlet,1701
CAGTAACCATGTCGAT,HTO_F,1,singlet,1980
CAGTAACGTACACCGC,HTO_A,1,singlet,848
CAGTAACGTACCAGTT,HTO_G,1,singlet,381
CAGTAACGTAGGGTAC,HTO_G,1,singlet,1545
CAGTAACGTGACAAAT,HTO_H,1,singlet,836
CAGTAACGTGAGTATA,HTO_G,1,singlet,662
CAGTAACGTTAGTGGG,HTO_C,1,singlet,967
CAGTAACTCACCGGGT,HTO_G,1,singlet,1274
CAGTAACTCACTCTTA,HTO_G,1,singlet,1137
CAGTAACTCATCACCC,HTO_G,1,singlet,1047
CAGTAACTCATCATTC,HTO_H,1,singlet,783
CAGTAACTCGGCATCG,multiplet,2,multiplet,2953
CAGTAACTCGTTACAG,HTO_E,1,singlet,5789
CAGTAACTCTCAACTT,HTO_H,1,singlet,323
CAGTAACTCTCGCATC,HTO_E,1,singlet,2752
CAGTAACTCTGCTGTC,HTO_F,1,singlet,1750
CAGTCCTAGAGCTGGT,HTO_G,1,singlet,1070
CAGTCCTAGCGTTGCC,HTO_F,1,singlet,4657
CAGTCCTAGCTTCGCG,HTO_D,1,singlet,2326
CAGTCCTAGGACGAAA,HTO_C,1,singlet,889
CAGTCCTAGGGCTCTC,HTO_G,1,singlet,469
CAGTCCTAGGGTGTTG,HTO_E,1,singlet,3292
CAGTCCTCAAAGGCGT,multiplet,2,multiplet,4086
CAGTCCTCAAGCGATG,multiplet,2,multiplet,5924
CAGTCCTCAAGGCTCC,HTO_F,1,singlet,425
CAGTCCTCACAGTCGC,HTO_G,1,singlet,1023
CAGTCCTCACATCCGG,HTO_D,1,singlet,3376
CAGTCCTCACGGTAGA,HTO_C,1,singlet,3266
CAGTCCTCACGTCAGC,HTO_F,1,singlet,265
CAGTCCTCAGACACTT,HTO_E,1,singlet,4384
CAGTCCTGTATATGAG,HTO_D,1,singlet,5792
CAGTCCTGTCGCCATG,HTO_D,1,singlet,2004
CAGTCCTGTGAGTATA,HTO_F,1,singlet,509
CAGTCCTTCAATCTCT,HTO_C,1,singlet,890
CAGTCCTTCAGTTAGC,HTO_C,1,singlet,897
CAGTCCTTCATAACCG,HTO_H,1,singlet,4709
CAGTCCTTCGGCTACG,multiplet,2,multiplet,5557
CAGTCCTTCGTTGCCT,HTO_G,1,singlet,1623
CAGTCCTTCTCTGTCG,HTO_A,1,singlet,423
CAGTCCTTCTGCGACG,HTO_H,1,singlet,3660
CAGTCCTTCTGGCGAC,HTO_E,1,singlet,852
CATATGGAGAGTCGGT,HTO_E,1,singlet,1025
CATATGGAGAGTGAGA,HTO_H,1,singlet,1381
CATATGGAGATCACGG,HTO_G,1,singlet,373
CATATGGAGATGAGAG,HTO_C,1,singlet,593
CATATGGAGCTGATAA,HTO_A,1,singlet,425
CATATGGAGGGAAACA,HTO_G,1,singlet,318
CATATGGAGTTTCCTT,HTO_A,1,singlet,468
CATATGGCAACACCTA,HTO_G,1,singlet,1043
CATATGGCAACTGCGC,HTO_A,1,singlet,372
CATATGGCAAGAAAGG,HTO_A,1,singlet,377
CATATGGCAAGTAGTA,multiplet,2,multiplet,1498
CATATGGCAATCTGCA,HTO_D,1,singlet,1479
CATATGGCAATGGATA,multiplet,2,multiplet,3152
CATATGGCAATTGCTG,HTO_G,1,singlet,2038
CATATGGCACCCAGTG,multiplet,2,multiplet,5089
CATATGGCAGCTATTG,HTO_D,1,singlet,1559
CATATGGCAGCTCGAC,HTO_F,1,singlet,2485
CATATGGCAGGAATCG,HTO_B,1,singlet,2822
CATATGGCAGTCACTA,HTO_H,1,singlet,2648
CATATGGCATCACAAC,HTO_E,1,singlet,955
CATATGGCATGAACCT,HTO_D,1,singlet,1914
CATATGGGTAGAAGGA,HTO_E,1,singlet,903
CATATGGGTAGCGTCC,HTO_F,1,singlet,1162
CATATGGGTCCGTCAG,HTO_H,1,singlet,1009
CATATGGGTCTGCAAT,HTO_D,1,singlet,5836
CATATGGGTGGCCCTA,HTO_G,1,singlet,993
CATATGGGTTACCAGT,HTO_B,1,singlet,2028
CATATGGGTTCAACCA,HTO_G,1,singlet,627
CATATGGGTTTCGCTC,HTO_C,1,singlet,1938
CATATGGTCAAGATCC,HTO_D,1,singlet,1603
CATATGGTCCCTCAGT,HTO_H,1,singlet,2312
CATATGGTCCGTTGCT,multiplet,2,multiplet,7035
CATATGGTCCTCTAGC,HTO_C,1,singlet,2706
CATATGGTCGAACTGT,HTO_F,1,singlet,721
CATATGGTCGGCTACG,HTO_F,1,singlet,1305
CATATGGTCGGGAGTA,HTO_H,1,singlet,455
CATATGGTCTTCTGGC,multiplet,2,multiplet,3903
CATATGGTCTTGTTTG,HTO_A,1,singlet,1864
CATATTCAGAAGATTC,multiplet,2,multiplet,2506
CATATTCAGACAGGCT,HTO_C,1,singlet,1323
CATATTCAGCTAAACA,multiplet,2,multiplet,2567
CATATTCAGCTAGTCT,HTO_A,1,singlet,563
CATATTCAGGAGCGAG,HTO_A,1,singlet,800
CATATTCAGGGCACTA,HTO_A,1,singlet,541
CATATTCAGTAACCCT,HTO_E,1,singlet,1597
CATATTCAGTAATCCC,HTO_H,1,singlet,445
CATATTCAGTTGAGTA,HTO_F,1,singlet,5561
CATATTCCAATAGCGG,multiplet,3,multiplet,5751
CATATTCCAATCCAAC,HTO_D,1,singlet,3314
CATATTCCAATCGGTT,multiplet,2,multiplet,3186
CATATTCCACAACTGT,HTO_H,1,singlet,1434
CATATTCCAGATCTGT,HTO_E,1,singlet,640
CATATTCCATTCACTT,HTO_H,1,singlet,1316
CATATTCGTATTCGTG,HTO_C,1,singlet,968
CATATTCGTATTCTCT,HTO_A,1,singlet,964
CATATTCGTCAGATAA,multiplet,2,multiplet,1234
CATATTCGTCCCGACA,multiplet,2,multiplet,7426
CATATTCGTCCGAAGA,HTO_C,1,singlet,1494
CATATTCGTCTAGCCG,multiplet,2,multiplet,1931
CATATTCGTGAAAGAG,multiplet,2,multiplet,2182
CATATTCGTGGAAAGA,HTO_C,1,singlet,2779
CATATTCGTTAAGAAC,HTO_D,1,singlet,1148
CATATTCGTTTAAGCC,HTO_D,1,singlet,1596
CATATTCTCACTCCTG,HTO_A,1,singlet,2259
CATATTCTCCAGATCA,HTO_A,1,singlet,585
CATATTCTCCAGTAGT,HTO_F,1,singlet,1067
CATATTCTCGCTTAGA,HTO_E,1,singlet,1417
CATATTCTCGGATGTT,HTO_G,1,singlet,1262
CATATTCTCGTCTGAA,HTO_A,1,singlet,1680
CATATTCTCTCTGTCG,HTO_H,1,singlet,2381
CATCAAGAGAAGGTTT,multiplet,2,multiplet,5903
CATCAAGAGAGTACCG,HTO_C,1,singlet,1654
CATCAAGAGATATGGT,HTO_H,1,singlet,1652
CATCAAGAGATGCCTT,HTO_E,1,singlet,1162
CATCAAGAGCAATCTC,HTO_D,1,singlet,2083
CATCAAGAGGCAATTA,HTO_E,1,singlet,2219
CATCAAGAGGGTGTTG,HTO_A,1,singlet,881
CATCAAGAGGTAAACT,multiplet,2,multiplet,1527
CATCAAGAGGTGCTTT,HTO_H,1,singlet,1065
CATCAAGAGTACTTGC,HTO_F,1,singlet,2525
CATCAAGAGTTAGGTA,HTO_E,1,singlet,2625
CATCAAGCAACAACCT,HTO_F,1,singlet,684
CATCAAGCAACGATCT,HTO_F,1,singlet,3261
CATCAAGCACGAAAGC,HTO_D,1,singlet,1455
CATCAAGCATAGTAAG,HTO_C,1,singlet,971
CATCAAGCATCCGTGG,HTO_F,1,singlet,1832
CATCAAGCATCGGGTC,multiplet,2,multiplet,5274
CATCAAGCATGCCTTC,HTO_C,1,singlet,2093
CATCAAGCATTCCTGC,multiplet,2,multiplet,4267
CATCAAGCATTTGCTT,HTO_A,1,singlet,2580
CATCAAGGTAGGGACT,HTO_B,1,singlet,647
CATCAAGGTCATCCCT,HTO_A,1,singlet,564
CATCAAGGTCTTCAAG,HTO_G,1,singlet,1074
CATCAAGGTCTTCGTC,multiplet,2,multiplet,2367
CATCAAGGTGAAATCA,HTO_H,1,singlet,788
CATCAAGGTTTAGGAA,HTO_E,1,singlet,2702
CATCAAGTCACTTATC,HTO_H,1,singlet,804
CATCAAGTCCACGACG,HTO_B,1,singlet,4370
CATCAAGTCCAGAGGA,HTO_G,1,singlet,931
CATCAAGTCCGCATCT,HTO_H,1,singlet,898
CATCAAGTCCTAGAAC,multiplet,2,multiplet,1732
CATCAAGTCCTGCAGG,multiplet,2,multiplet,3991
CATCAAGTCCTTGGTC,HTO_B,1,singlet,3401
CATCAAGTCGGCCGAT,HTO_C,1,singlet,2065
CATCAAGTCTACGAGT,HTO_H,1,singlet,4843
CATCAAGTCTGCTGTC,HTO_D,1,singlet,4843
CATCAAGTCTGTACGA,multiplet,2,multiplet,1717
CATCAAGTCTGTCTAT,HTO_C,1,singlet,254
CATCAAGTCTGTTGAG,HTO_C,1,singlet,789
CATCAGAAGACCGGAT,HTO_B,1,singlet,2098
CATCAGAAGAGCTTCT,HTO_A,1,singlet,399
CATCAGAAGATGCCTT,multiplet,2,multiplet,5143
CATCAGAAGCAGGCTA,multiplet,2,multiplet,3424
CATCAGAAGCCGGTAA,HTO_B,1,singlet,1299
CATCAGAAGCTGCGAA,HTO_C,1,singlet,1408
CATCAGAAGGCTAGGT,HTO_H,1,singlet,2574
CATCAGAAGTCGCCGT,HTO_G,1,singlet,1045
CATCAGAAGTGTGAAT,HTO_H,1,singlet,4399
CATCAGACACGCCAGT,HTO_A,1,singlet,686
CATCAGACATCGGACC,HTO_C,1,singlet,741
CATCAGACATTGCGGC,HTO_B,1,singlet,1734
CATCAGACATTTGCCC,HTO_E,1,singlet,1025
CATCAGAGTAATCGTC,HTO_H,1,singlet,3857
CATCAGAGTATTAGCC,HTO_G,1,singlet,1258
CATCAGAGTCAAACTC,HTO_H,1,singlet,2076
CATCAGAGTCCAGTAT,HTO_F,1,singlet,1191
CATCAGAGTGCTTCTC,HTO_G,1,singlet,1580
CATCAGAGTTAAAGAC,HTO_E,1,singlet,1722
CATCAGAGTTAGAACA,multiplet,2,multiplet,1298
CATCAGAGTTCCCGAG,multiplet,2,multiplet,8039
CATCAGATCAACGGCC,HTO_A,1,singlet,364
CATCAGATCACCAGGC,HTO_A,1,singlet,1062
CATCAGATCGGCTACG,HTO_A,1,singlet,679
CATCAGATCTTATCTG,HTO_F,1,singlet,1408
CATCAGATCTTGACGA,HTO_B,1,singlet,2042
CATCCACAGAATCTCC,HTO_D,1,singlet,1104
CATCCACAGAATTGTG,HTO_G,1,singlet,842
CATCCACAGACATAAC,HTO_H,1,singlet,2079
CATCCACAGCCACTAT,HTO_A,1,singlet,384
CATCCACAGCCCTAAT,multiplet,2,multiplet,4170
CATCCACAGCGTGAGT,HTO_C,1,singlet,2120
CATCCACAGTCCCACG,multiplet,2,multiplet,2598
CATCCACAGTGAACGC,HTO_A,1,singlet,1585
CATCCACAGTGCCAGA,HTO_D,1,singlet,1984
CATCCACAGTTATCGC,HTO_A,1,singlet,989
CATCCACCAACGATGG,HTO_G,1,singlet,1557
CATCCACCACAGACAG,HTO_G,1,singlet,1079
CATCCACCACCCATGG,HTO_F,1,singlet,804
CATCCACCACTCAGGC,HTO_D,1,singlet,1755
CATCCACCAGCTGTAT,multiplet,2,multiplet,1901
CATCCACCAGGACGTA,HTO_C,1,singlet,3410
CATCCACCAGTAACGG,HTO_D,1,singlet,1881
CATCCACCATACAGCT,multiplet,2,multiplet,6253
CATCCACCATCCGCGA,HTO_E,1,singlet,1147
CATCCACCATGTAGTC,HTO_E,1,singlet,2050
CATCCACGTAAACACA,multiplet,2,multiplet,5223
CATCCACGTCATGCAT,HTO_D,1,singlet,1831
CATCCACGTGACGGTA,HTO_G,1,singlet,519
CATCCACGTGTGCCTG,HTO_C,1,singlet,969
CATCCACTCAACTCTT,HTO_E,1,singlet,711
CATCCACTCACTTCAT,HTO_B,1,singlet,1022
CATCCACTCCAGATCA,HTO_A,1,singlet,943
CATCCACTCCCTGACT,HTO_B,1,singlet,222
CATCCACTCCTACAGA,HTO_A,1,singlet,1306
CATCCACTCTCGTTTA,HTO_D,1,singlet,2114
CATCCACTCTGGGCCA,HTO_C,1,singlet,211
CATCGAAAGAAAGTGG,HTO_C,1,singlet,808
CATCGAAAGACAATAC,HTO_D,1,singlet,8592
CATCGAAAGACCTTTG,HTO_E,1,singlet,876
CATCGAAAGACGCTTT,multiplet,2,multiplet,5375
CATCGAAAGATCGGGT,negative,0,negative,172
CATCGAAAGCCGCCTA,HTO_A,1,singlet,1403
CATCGAAAGGAGTTTA,HTO_D,1,singlet,2101
CATCGAAAGGTTACCT,HTO_E,1,singlet,2540
CATCGAAAGTACATGA,HTO_E,1,singlet,1032
CATCGAAAGTACGATA,HTO_C,1,singlet,828
CATCGAAAGTCAAGCG,HTO_B,1,singlet,1342
CATCGAAAGTGCGTGA,HTO_A,1,singlet,1905
CATCGAAAGTGTTTGC,HTO_C,1,singlet,10425
CATCGAAAGTTACCCA,HTO_D,1,singlet,4190
CATCGAAAGTTTGCGT,HTO_B,1,singlet,271
CATCGAACACCAGCAC,HTO_E,1,singlet,595
CATCGAACAGCGTCCA,HTO_E,1,singlet,850
CATCGAACAGTAAGCG,HTO_H,1,singlet,4803
CATCGAACAGTCAGAG,multiplet,2,multiplet,2867
CATCGAACATGAACCT,HTO_F,1,singlet,833
CATCGAAGTAAACGCG,HTO_A,1,singlet,5877
CATCGAAGTACCGTTA,HTO_C,1,singlet,2747
CATCGAAGTCACAAGG,HTO_H,1,singlet,810
CATCGAAGTCAGGACA,HTO_B,1,singlet,4987
CATCGAAGTGACGGTA,HTO_B,1,singlet,841
CATCGAAGTGCACCAC,HTO_G,1,singlet,1036
CATCGAAGTGCAGACA,HTO_E,1,singlet,1113
CATCGAAGTGCGAAAC,multiplet,2,multiplet,5868
CATCGAAGTGTCAATC,HTO_F,1,singlet,3496
CATCGAAGTTCGTCTC,HTO_H,1,singlet,1022
CATCGAAGTTGGACCC,HTO_G,1,singlet,1609
CATCGAAGTTTGTTTC,HTO_E,1,singlet,1532
CATCGAATCAAAGACA,HTO_E,1,singlet,876
CATCGAATCACATGCA,HTO_C,1,singlet,2314
CATCGAATCAGAGACG,HTO_H,1,singlet,2268
CATCGAATCCCTTGCA,HTO_A,1,singlet,168
CATCGAATCGTATCAG,HTO_F,1,singlet,2693
CATCGAATCTACTCAT,HTO_H,1,singlet,1318
CATCGAATCTGGCGAC,HTO_D,1,singlet,1951
CATCGAATCTGTCTCG,HTO_E,1,singlet,3097
CATCGGGAGAACTGTA,HTO_A,1,singlet,1416
CATCGGGAGCAGCGTA,HTO_D,1,singlet,1238
CATCGGGAGCTAACTC,multiplet,2,multiplet,1031
CATCGGGAGTAGCCGA,HTO_G,1,singlet,744
CATCGGGAGTCAAGCG,HTO_D,1,singlet,2794
CATCGGGAGTTATCGC,HTO_G,1,singlet,506
CATCGGGCAAACTGTC,multiplet,2,multiplet,3082
CATCGGGCAACTTGAC,HTO_G,1,singlet,1045
CATCGGGCAATGTTGC,HTO_H,1,singlet,1809
CATCGGGCACTGTGTA,HTO_C,1,singlet,936
CATCGGGCAGTGACAG,HTO_C,1,singlet,511
CATCGGGCATTTGCTT,HTO_A,1,singlet,1233
CATCGGGGTAGGGTAC,HTO_E,1,singlet,1166
CATCGGGGTATCTGCA,HTO_F,1,singlet,1116
CATCGGGGTCCGAGTC,HTO_A,1,singlet,1773
CATCGGGGTCTCACCT,HTO_D,1,singlet,2478
CATCGGGGTGCATCTA,HTO_C,1,singlet,776
CATCGGGGTGCTTCTC,HTO_E,1,singlet,722
CATCGGGGTTACTGAC,HTO_H,1,singlet,550
CATCGGGGTTCATGGT,HTO_G,1,singlet,775
CATCGGGTCAAACCGT,HTO_H,1,singlet,405
CATCGGGTCACAGGCC,multiplet,2,multiplet,879
CATCGGGTCCTGTACC,HTO_A,1,singlet,905
CATCGGGTCGATAGAA,HTO_G,1,singlet,1378
CATCGGGTCGCCATAA,HTO_C,1,singlet,465
CATCGGGTCTATCCCG,HTO_G,1,singlet,2223
CATCGGGTCTGGAGCC,HTO_H,1,singlet,1458
CATGACAAGAAACCGC,HTO_H,1,singlet,1368
CATGACAAGACTGTAA,multiplet,2,multiplet,1954
CATGACAAGATCGATA,HTO_D,1,singlet,1404
CATGACAAGCCGATTT,HTO_E,1,singlet,1540
CATGACAAGTAGCGGT,HTO_B,1,singlet,4350
CATGACAAGTATGACA,multiplet,2,multiplet,3693
CATGACAAGTGGGCTA,HTO_H,1,singlet,707
CATGACACAAACCTAC,HTO_G,1,singlet,933
CATGACACAAAGAATC,HTO_D,1,singlet,1452
CATGACACAAAGCGGT,HTO_F,1,singlet,697
CATGACACAATGTTGC,HTO_D,1,singlet,5698
CATGACACAATTCCTT,HTO_G,1,singlet,2019
CATGACACACACAGAG,HTO_A,1,singlet,1157
CATGACACACACATGT,HTO_D,1,singlet,4936
CATGACACAGACGTAG,HTO_H,1,singlet,1331
CATGACACAGCCAGAA,HTO_G,1,singlet,467
CATGACACAGGGTACA,HTO_B,1,singlet,1240
CATGACACATATACCG,HTO_D,1,singlet,1690
CATGACACATGGTAGG,HTO_B,1,singlet,1485
CATGACAGTAGGGTAC,HTO_B,1,singlet,634
CATGACAGTCAGGACA,HTO_D,1,singlet,954
CATGACAGTCTCCCTA,HTO_C,1,singlet,1052
CATGACAGTCTTCAAG,HTO_A,1,singlet,557
CATGACAGTTCTGTTT,HTO_A,1,singlet,1266
CATGACAGTTGTACAC,multiplet,2,multiplet,2205
CATGACATCAGCTGGC,HTO_C,1,singlet,1093
CATGACATCCAGTATG,HTO_F,1,singlet,440
CATGACATCGGGAGTA,HTO_D,1,singlet,1362
CATGACATCGTCGTTC,HTO_E,1,singlet,1084
CATGACATCTACCAGA,HTO_E,1,singlet,1134
CATGACATCTATCGCC,HTO_F,1,singlet,1120
CATGACATCTGCGGCA,multiplet,2,multiplet,7791
CATGACATCTGCTGCT,HTO_G,1,singlet,879
CATGACATCTGTGCAA,HTO_D,1,singlet,1628
CATGACATCTTGTATC,HTO_F,1,singlet,1704
CATGACATCTTTCCTC,HTO_C,1,singlet,1099
CATGCCTAGAATCTCC,HTO_A,1,singlet,1075
CATGCCTAGACAATAC,HTO_E,1,singlet,1937
CATGCCTAGATCCCGC,multiplet,2,multiplet,2169
CATGCCTAGATCTGCT,HTO_D,1,singlet,2173
CATGCCTAGATGCGAC,HTO_E,1,singlet,1154
CATGCCTAGCAGCCTC,HTO_F,1,singlet,1580
CATGCCTAGCATGGCA,HTO_G,1,singlet,980
CATGCCTAGCTAGTTC,HTO_B,1,singlet,5354
CATGCCTAGCTGTTCA,HTO_G,1,singlet,2557
CATGCCTAGGAGTAGA,HTO_C,1,singlet,930
CATGCCTAGGGATACC,HTO_E,1,singlet,1274
CATGCCTAGGTGACCA,HTO_F,1,singlet,822
CATGCCTAGTACGTAA,HTO_H,1,singlet,343
CATGCCTAGTAGGTGC,HTO_E,1,singlet,4417
CATGCCTAGTGGCACA,HTO_B,1,singlet,4666
CATGCCTAGTGGTAGC,HTO_A,1,singlet,971
CATGCCTCAACACGCC,multiplet,2,multiplet,1941
CATGCCTCAATCTGCA,HTO_E,1,singlet,992
CATGCCTCACACCGCA,HTO_F,1,singlet,2315
CATGCCTCACTATCTT,HTO_H,1,singlet,5013
CATGCCTGTAAACACA,HTO_H,1,singlet,1638
CATGCCTGTAAATGAC,HTO_A,1,singlet,768
CATGCCTGTCCCTACT,HTO_H,1,singlet,662
CATGCCTGTCGGATCC,HTO_F,1,singlet,1970
CATGCCTGTCTCTCTG,HTO_B,1,singlet,1030
CATGCCTGTGCACGAA,HTO_F,1,singlet,4470
CATGCCTGTGTTCGAT,multiplet,2,multiplet,3448
CATGCCTGTTACGACT,multiplet,4,multiplet,6086
CATGCCTGTTCCAACA,HTO_A,1,singlet,330
CATGCCTGTTTGTGTG,HTO_G,1,singlet,4204
CATGCCTTCAACACGT,multiplet,2,multiplet,1568
CATGCCTTCACCGTAA,multiplet,2,multiplet,8358
CATGCCTTCCCTCTTT,HTO_C,1,singlet,501
CATGCCTTCGCATGGC,HTO_G,1,singlet,3303
CATGCCTTCTACGAGT,multiplet,2,multiplet,2464
CATGCCTTCTCCGGTT,multiplet,2,multiplet,4847
CATGCCTTCTGAAAGA,HTO_A,1,singlet,1598
CATGCCTTCTGCGACG,multiplet,2,multiplet,1821
CATGCCTTCTGGTTCC,HTO_A,1,singlet,345
CATGGCGAGAACTGTA,HTO_G,1,singlet,1348
CATGGCGAGATGCCTT,multiplet,2,multiplet,944
CATGGCGAGCTAACAA,multiplet,2,multiplet,1654
CATGGCGAGCTGCCCA,HTO_F,1,singlet,4119
CATGGCGAGTCGCCGT,multiplet,2,multiplet,1988
CATGGCGAGTTAGCGG,HTO_B,1,singlet,743
CATGGCGCAAGCGAGT,HTO_F,1,singlet,1216
CATGGCGGTCACTGGC,HTO_G,1,singlet,1427
CATGGCGGTCCATGAT,HTO_B,1,singlet,792
CATGGCGGTCGGCTCA,HTO_B,1,singlet,916
CATGGCGGTGGCGAAT,HTO_G,1,singlet,1961
CATGGCGGTGTTGGGA,HTO_E,1,singlet,1691
CATGGCGGTTCACGGC,HTO_D,1,singlet,4305
CATGGCGGTTTGACTG,HTO_B,1,singlet,940
CATGGCGTCCGTAGGC,HTO_H,1,singlet,647
CATGGCGTCCTACAGA,multiplet,2,multiplet,1242
CATGGCGTCGGCGCTA,HTO_A,1,singlet,331
CATGGCGTCGGTGTCG,HTO_A,1,singlet,410
CATGGCGTCGTACCGG,HTO_C,1,singlet,164
CATGGCGTCTACTATC,multiplet,3,multiplet,3300
CATGGCGTCTCCCTGA,HTO_B,1,singlet,3726
CATGGCGTCTGGTATG,HTO_A,1,singlet,260
CATGGCGTCTTGTCAT,HTO_F,1,singlet,1587
CATTATCAGAGGACGG,HTO_H,1,singlet,1493
CATTATCAGAGTCGGT,HTO_C,1,singlet,950
CATTATCAGCCAACAG,HTO_E,1,singlet,1363
CATTATCAGCGAAGGG,HTO_G,1,singlet,1259
CATTATCAGCTGCAAG,HTO_A,1,singlet,1432
CATTATCAGCTTCGCG,multiplet,2,multiplet,2580
CATTATCAGTAGCCGA,HTO_C,1,singlet,1052
CATTATCAGTCAATAG,HTO_G,1,singlet,963
CATTATCAGTGGCACA,HTO_H,1,singlet,775
CATTATCAGTGGTAAT,HTO_B,1,singlet,1927
CATTATCAGTGTACCT,HTO_C,1,singlet,854
CATTATCCAAACAACA,HTO_C,1,singlet,685
CATTATCCAAAGGAAG,HTO_A,1,singlet,626
CATTATCCAACGATCT,HTO_B,1,singlet,1562
CATTATCCAATGGAGC,HTO_H,1,singlet,1286
CATTATCCACGGTGTC,HTO_E,1,singlet,1387
CATTATCCAGGAATCG,HTO_F,1,singlet,719
CATTATCCAGTAACGG,HTO_E,1,singlet,3840
CATTATCCAGTATCTG,HTO_F,1,singlet,2078
CATTATCCAGTCGTGC,HTO_F,1,singlet,3028
CATTATCGTAAGAGAG,multiplet,2,multiplet,2245
CATTATCGTAAGGATT,HTO_G,1,singlet,2723
CATTATCGTACTCAAC,multiplet,2,multiplet,1790
CATTATCGTAGAGCTG,HTO_G,1,singlet,3069
CATTATCGTAGGAGTC,HTO_A,1,singlet,1186
CATTATCGTTACAGAA,HTO_G,1,singlet,6588
CATTATCGTTACTGAC,HTO_B,1,singlet,3499
CATTATCTCACCAGGC,HTO_B,1,singlet,1184
CATTATCTCACTTATC,HTO_H,1,singlet,1685
CATTATCTCAGCAACT,HTO_E,1,singlet,3768
CATTATCTCATGTCTT,HTO_G,1,singlet,2180
CATTATCTCCAACCAA,HTO_F,1,singlet,1768
CATTATCTCCAGGGCT,HTO_B,1,singlet,1132
CATTATCTCCCTAACC,HTO_H,1,singlet,2577
CATTATCTCGAATGCT,HTO_C,1,singlet,691
CATTATCTCGCCAAAT,HTO_B,1,singlet,705
CATTATCTCTAACTTC,HTO_D,1,singlet,1413
CATTATCTCTGGTATG,HTO_B,1,singlet,1616
CATTCGCAGACCTTTG,multiplet,2,multiplet,3320
CATTCGCAGCTGAAAT,HTO_G,1,singlet,2940
CATTCGCAGCTGCAAG,HTO_H,1,singlet,1235
CATTCGCAGGAACTGC,HTO_C,1,singlet,654
CATTCGCAGTGATCGG,HTO_H,1,singlet,1441
CATTCGCAGTGGAGTC,HTO_D,1,singlet,2585
CATTCGCAGTTTGCGT,HTO_F,1,singlet,5486
CATTCGCCAAATACAG,HTO_A,1,singlet,2929
CATTCGCCAAGGGTCA,HTO_A,1,singlet,1192
CATTCGCCACATCCGG,HTO_C,1,singlet,1232
CATTCGCCAGCGTAAG,HTO_D,1,singlet,1154
CATTCGCCAGTAAGAT,multiplet,4,multiplet,8916
CATTCGCCAGTATAAG,HTO_E,1,singlet,1961
CATTCGCCATAGGATA,HTO_E,1,singlet,523
CATTCGCCATGACGGA,multiplet,2,multiplet,1799
CATTCGCGTAAACGCG,HTO_E,1,singlet,3714
CATTCGCGTACGCTGC,multiplet,2,multiplet,858
CATTCGCGTGACTACT,HTO_B,1,singlet,1790
CATTCGCGTGGTAACG,multiplet,2,multiplet,3193
CATTCGCGTGGTCTCG,HTO_F,1,singlet,1058
CATTCGCGTGTGGTTT,HTO_H,1,singlet,1561
CATTCGCGTTACAGAA,HTO_B,1,singlet,938
CATTCGCGTTGTCGCG,multiplet,2,multiplet,4048
CATTCGCTCACAATGC,multiplet,2,multiplet,4746
CATTCGCTCCAAACTG,multiplet,2,multiplet,3050
CATTCGCTCCATGCTC,multiplet,2,multiplet,7094
CATTCGCTCCCTGACT,HTO_F,1,singlet,1107
CATTCGCTCCTCATTA,HTO_G,1,singlet,1205
CATTCGCTCGAATGCT,HTO_F,1,singlet,1739
CATTCGCTCTCGTATT,HTO_D,1,singlet,1630
CATTCGCTCTTAGCCC,HTO_B,1,singlet,1494
CCAATCCAGAGTGACC,HTO_D,1,singlet,2360
CCAATCCAGCCTCGTG,HTO_C,1,singlet,890
CCAATCCAGCTAGTTC,HTO_C,1,singlet,2763
CCAATCCAGTATCGAA,HTO_G,1,singlet,980
CCAATCCAGTGAAGTT,HTO_A,1,singlet,962
CCAATCCAGTGACATA,HTO_D,1,singlet,2798
CCAATCCAGTGACTCT,HTO_H,1,singlet,837
CCAATCCAGTTTGCGT,multiplet,2,multiplet,2278
CCAATCCCAAACGTGG,multiplet,2,multiplet,3667
CCAATCCCAAATACAG,HTO_B,1,singlet,1438
CCAATCCCAACTGCGC,HTO_G,1,singlet,628
CCAATCCCAAGCCCAC,HTO_F,1,singlet,4987
CCAATCCCACGAAGCA,HTO_B,1,singlet,3724
CCAATCCCACGACTCG,HTO_G,1,singlet,1067
CCAATCCCACGGTGTC,HTO_B,1,singlet,899
CCAATCCCACTTAAGC,HTO_G,1,singlet,1004
CCAATCCCATATGGTC,HTO_D,1,singlet,1763
CCAATCCCATGATCCA,HTO_H,1,singlet,3330
CCAATCCCATTACCTT,HTO_G,1,singlet,508
CCAATCCGTAGCTTGT,HTO_E,1,singlet,2087
CCAATCCGTGCACTTA,HTO_B,1,singlet,1444
CCAATCCGTGTGGCTC,HTO_B,1,singlet,1745
CCAATCCGTTAAAGAC,HTO_F,1,singlet,2239
CCAATCCGTTGGAGGT,HTO_B,1,singlet,1723
CCAATCCGTTGTGGCC,HTO_H,1,singlet,297
CCAATCCTCAACACCA,HTO_G,1,singlet,761
CCAATCCTCACTTACT,multiplet,2,multiplet,2044
CCAATCCTCATGCTCC,HTO_E,1,singlet,1054
CCAATCCTCATTGCCC,multiplet,2,multiplet,2240
CCAATCCTCCTATGTT,HTO_C,1,singlet,603
CCAATCCTCGCATGGC,HTO_H,1,singlet,2646
CCAATCCTCGCTTGTC,HTO_C,1,singlet,489
CCAATCCTCTCAACTT,HTO_D,1,singlet,1588
CCAATCCTCTCCTATA,HTO_G,1,singlet,604
CCAATCCTCTCTTATG,HTO_F,1,singlet,1192
CCAATCCTCTGTTTGT,HTO_G,1,singlet,477
CCACCTAAGACGCACA,multiplet,2,multiplet,2846
CCACCTAAGACTAGAT,HTO_F,1,singlet,790
CCACCTAAGCTAGTTC,HTO_C,1,singlet,1983
CCACCTAAGCTCCCAG,multiplet,2,multiplet,2372
CCACCTAAGGACATTA,HTO_C,1,singlet,628
CCACCTAAGGTAGCTG,HTO_C,1,singlet,1177
CCACCTAAGGTGCAAC,HTO_F,1,singlet,1756
CCACCTAAGGTTCCTA,multiplet,2,multiplet,4635
CCACCTAAGTAGATGT,HTO_D,1,singlet,1883
CCACCTAAGTGAATTG,HTO_G,1,singlet,1212
CCACCTAAGTGACTCT,HTO_G,1,singlet,3573
CCACCTAAGTGGGATC,multiplet,2,multiplet,2586
CCACCTAAGTTAGCGG,HTO_F,1,singlet,2242
CCACCTACAAGACGTG,HTO_C,1,singlet,3094
CCACCTACACACGCTG,HTO_C,1,singlet,373
CCACCTACACCAGCAC,HTO_F,1,singlet,1456
CCACCTACAGACTCGC,HTO_A,1,singlet,341
CCACCTACAGCCACCA,HTO_D,1,singlet,1567
CCACCTACAGCCTATA,HTO_B,1,singlet,1268
CCACCTAGTAAGAGAG,HTO_D,1,singlet,3051
CCACCTAGTAGAGTGC,HTO_A,1,singlet,4060
CCACCTAGTCATATCG,HTO_D,1,singlet,2587
CCACCTAGTCCAGTAT,multiplet,2,multiplet,6685
CCACCTAGTCTCATCC,HTO_H,1,singlet,601
CCACCTAGTGCTAGCC,HTO_G,1,singlet,3076
CCACCTAGTTACCAGT,HTO_A,1,singlet,2325
CCACCTAGTTGTCGCG,HTO_G,1,singlet,1046
CCACCTATCAACACGT,multiplet,2,multiplet,5754
CCACCTATCAGTTAGC,HTO_C,1,singlet,828
CCACCTATCATCGCTC,HTO_G,1,singlet,929
CCACCTATCATGCATG,HTO_D,1,singlet,2459
CCACCTATCGTCCGTT,HTO_C,1,singlet,757
CCACCTATCGTTTATC,HTO_A,1,singlet,462
CCACCTATCTTTACAC,multiplet,2,multiplet,607
CCACCTATCTTTAGGG,HTO_C,1,singlet,1290
CCACGGAAGAAACGCC,HTO_B,1,singlet,1439
CCACGGAAGAACTGTA,HTO_E,1,singlet,1366
CCACGGAAGACACTAA,HTO_C,1,singlet,828
CCACGGAAGAGTAAGG,HTO_D,1,singlet,2303
CCACGGAAGATTACCC,HTO_A,1,singlet,903
CCACGGAAGCACACAG,HTO_G,1,singlet,786
CCACGGAAGCTCCTCT,HTO_B,1,singlet,2248
CCACGGAAGGCCCTCA,HTO_B,1,singlet,838
CCACGGAAGTAACCCT,HTO_B,1,singlet,529
CCACGGACAAACCCAT,HTO_A,1,singlet,627
CCACGGACAAACTGTC,multiplet,2,multiplet,1925
CCACGGACAAGTAATG,HTO_C,1,singlet,1013
CCACGGACAAGTTAAG,HTO_F,1,singlet,2554
CCACGGACAATAGCAA,HTO_E,1,singlet,4619
CCACGGACAGATCTGT,HTO_A,1,singlet,3019
CCACGGACAGCCTTTC,multiplet,2,multiplet,6510
CCACGGACAGTACACT,HTO_C,1,singlet,1656
CCACGGACAGTATCTG,HTO_F,1,singlet,996
CCACGGACATCGATGT,HTO_C,1,singlet,986
CCACGGAGTAAGGATT,HTO_A,1,singlet,560
CCACGGAGTACAGCAG,HTO_G,1,singlet,599
CCACGGAGTCATATCG,HTO_C,1,singlet,1039
CCACGGAGTCCGAATT,HTO_A,1,singlet,686
CCACGGAGTGCCTGCA,HTO_F,1,singlet,2111
CCACGGAGTGCCTGGT,multiplet,2,multiplet,3971
CCACGGAGTGTCCTCT,HTO_A,1,singlet,3027
CCACGGAGTGTTTGTG,HTO_C,1,singlet,735
CCACGGAGTTCATGGT,HTO_C,1,singlet,687
CCACGGAGTTCCCTTG,HTO_C,1,singlet,2012
CCACGGAGTTGAACTC,HTO_A,1,singlet,1208
CCACGGAGTTTAGCTG,HTO_C,1,singlet,1042
CCACGGATCACTATTC,HTO_H,1,singlet,4311
CCACGGATCCTTGCCA,multiplet,2,multiplet,2137
CCACGGATCGAATCCA,multiplet,2,multiplet,2535
CCACGGATCGCAAACT,HTO_G,1,singlet,2907
CCACGGATCGCTTGTC,multiplet,2,multiplet,1316
CCACGGATCTTGCATT,multiplet,3,multiplet,5344
CCACTACAGACTAGAT,HTO_F,1,singlet,1557
CCACTACAGCAGGCTA,HTO_B,1,singlet,2181
CCACTACAGCCAGAAC,HTO_A,1,singlet,771
CCACTACAGCCAGTAG,HTO_G,1,singlet,1471
CCACTACAGCCCTAAT,HTO_G,1,singlet,1245
CCACTACAGGATATAC,HTO_F,1,singlet,1737
CCACTACAGTGCGATG,HTO_E,1,singlet,1831
CCACTACAGTGTTTGC,HTO_C,1,singlet,1102
CCACTACCAAAGGTGC,multiplet,2,multiplet,4035
CCACTACCAAGCCGCT,HTO_H,1,singlet,942
CCACTACCAAGTAGTA,HTO_H,1,singlet,3713
CCACTACCAATACGCT,HTO_F,1,singlet,1870
CCACTACCAATGGTCT,HTO_C,1,singlet,3299
CCACTACCACAGAGGT,HTO_B,1,singlet,1522
CCACTACCACCCATTC,HTO_B,1,singlet,3554
CCACTACCACTATCTT,HTO_A,1,singlet,3402
CCACTACCAGCAGTTT,HTO_H,1,singlet,901
CCACTACCATAGACTC,multiplet,2,multiplet,2961
CCACTACGTCGAAAGC,HTO_C,1,singlet,745
CCACTACGTTGAACTC,HTO_G,1,singlet,891
CCACTACGTTGCCTCT,HTO_G,1,singlet,328
CCACTACTCAACACTG,HTO_A,1,singlet,358
CCACTACTCAGGCCCA,HTO_H,1,singlet,631
CCACTACTCGCCTGTT,multiplet,2,multiplet,2286
CCACTACTCGTTGACA,multiplet,2,multiplet,3608
CCACTACTCTATCCTA,HTO_B,1,singlet,1254
CCACTACTCTCCTATA,HTO_E,1,singlet,2365
CCAGCGAAGAAAGTGG,multiplet,3,multiplet,9442
CCAGCGAAGAGTAAGG,multiplet,2,multiplet,1930
CCAGCGAAGCACAGGT,HTO_C,1,singlet,790
CCAGCGAAGCCGTCGT,HTO_H,1,singlet,986
CCAGCGAAGCGTCAAG,HTO_A,1,singlet,314
CCAGCGAAGTGTTTGC,multiplet,2,multiplet,7155
CCAGCGACAAACCCAT,HTO_D,1,singlet,2091
CCAGCGACAATAGAGT,HTO_E,1,singlet,1920
CCAGCGACACCGAATT,HTO_B,1,singlet,1153
CCAGCGACACCGCTAG,HTO_G,1,singlet,1037
CCAGCGACAGCGTCCA,HTO_E,1,singlet,1222
CCAGCGACAGTCAGCC,HTO_C,1,singlet,1345
CCAGCGACATGCCACG,multiplet,2,multiplet,2105
CCAGCGACATTCCTCG,HTO_F,1,singlet,3457
CCAGCGAGTCCTCCAT,HTO_H,1,singlet,865
CCAGCGAGTCTCTCGT,HTO_F,1,singlet,1559
CCAGCGAGTCTTGATG,multiplet,2,multiplet,2668
CCAGCGAGTGTTGAGG,HTO_A,1,singlet,4485
CCAGCGAGTTGTTTGG,HTO_F,1,singlet,15860
CCAGCGAGTTTAGCTG,HTO_D,1,singlet,2885
CCAGCGAGTTTAGGAA,HTO_H,1,singlet,591
CCAGCGATCACTATTC,multiplet,2,multiplet,1396
CCAGCGATCGGACAAG,HTO_A,1,singlet,3066
CCAGCGATCGTGACAT,HTO_A,1,singlet,2291
CCAGCGATCGTTACAG,HTO_A,1,singlet,1022
CCAGCGATCTATCCCG,HTO_D,1,singlet,1876
CCAGCGATCTCGTATT,HTO_D,1,singlet,1818
CCAGCGATCTTAACCT,HTO_D,1,singlet,1743
CCAGCGATCTTAGAGC,HTO_E,1,singlet,910
CCAGCGATCTTATCTG,HTO_G,1,singlet,985
CCATGTCAGCAATCTC,HTO_B,1,singlet,943
CCATGTCAGCCACTAT,multiplet,2,multiplet,2743
CCATGTCAGCTAACTC,HTO_E,1,singlet,2591
CCATGTCAGCTCCCAG,multiplet,2,multiplet,2155
CCATGTCAGGAATCGC,HTO_H,1,singlet,800
CCATGTCAGGACTGGT,multiplet,2,multiplet,2546
CCATGTCAGGAGTTTA,HTO_D,1,singlet,1599
CCATGTCAGGTCATCT,multiplet,3,multiplet,2951
CCATGTCAGGTGATTA,multiplet,2,multiplet,1514
CCATGTCCAATGGATA,HTO_E,1,singlet,2963
CCATGTCCACAGACAG,HTO_G,1,singlet,5324
CCATGTCCATCACCCT,HTO_H,1,singlet,1105
CCATGTCGTACCGAGA,HTO_A,1,singlet,3263
CCATGTCGTCATTAGC,HTO_D,1,singlet,1455
CCATGTCGTCGCTTCT,HTO_B,1,singlet,1240
CCATGTCGTCTGATCA,HTO_F,1,singlet,3781
CCATGTCGTTCTGAAC,HTO_B,1,singlet,838
CCATGTCTCAGCTCTC,HTO_H,1,singlet,835
CCATGTCTCCAAGCCG,HTO_E,1,singlet,1184
CCATGTCTCCACGAAT,HTO_H,1,singlet,1135
CCATGTCTCGGAATCT,multiplet,2,multiplet,1738
CCATGTCTCTATCGCC,HTO_F,1,singlet,842
CCATGTCTCTTGCAAG,HTO_B,1,singlet,1590
CCATTCGAGCACACAG,HTO_D,1,singlet,1186
CCATTCGAGCACCGCT,HTO_G,1,singlet,892
CCATTCGAGGTACTCT,HTO_B,1,singlet,3021
CCATTCGCACAACTGT,HTO_G,1,singlet,2640
CCATTCGCACGTGAGA,HTO_F,1,singlet,467
CCATTCGCACGTTGGC,HTO_G,1,singlet,3491
CCATTCGCAGATCTGT,HTO_B,1,singlet,1319
CCATTCGCAGATTGCT,HTO_G,1,singlet,670
CCATTCGCAGCATACT,multiplet,2,multiplet,1495
CCATTCGCAGCTGTAT,HTO_H,1,singlet,4593
CCATTCGCATCGATTG,HTO_H,1,singlet,452
CCATTCGCATTCTTAC,HTO_H,1,singlet,717
CCATTCGGTCATGCCG,multiplet,2,multiplet,6950
CCATTCGGTGCTCTTC,HTO_C,1,singlet,1203
CCATTCGGTGTCTGAT,HTO_H,1,singlet,672
CCATTCGGTTCCACGG,HTO_E,1,singlet,1563
CCATTCGGTTGATTCG,HTO_E,1,singlet,3454
CCATTCGTCAATCTCT,HTO_C,1,singlet,684
CCATTCGTCCTCCTAG,HTO_C,1,singlet,1061
CCATTCGTCGGATGTT,HTO_A,1,singlet,233
CCATTCGTCGTCCGTT,HTO_B,1,singlet,2385
CCATTCGTCTTCGAGA,HTO_B,1,singlet,760
CCCAATCAGACTAAGT,multiplet,2,multiplet,1244
CCCAATCAGCGACGTA,multiplet,2,multiplet,6589
CCCAATCAGCTAACAA,HTO_B,1,singlet,3454
CCCAATCAGCTGGAAC,HTO_H,1,singlet,1216
CCCAATCAGGGAGTAA,HTO_B,1,singlet,1387
CCCAATCAGTGATCGG,HTO_E,1,singlet,2793
CCCAATCCAAGAAGAG,HTO_C,1,singlet,761
CCCAATCCAAGCCCAC,multiplet,2,multiplet,3127
CCCAATCCACGGCCAT,HTO_G,1,singlet,509
CCCAATCCAGATTGCT,HTO_H,1,singlet,864
CCCAATCCAGTGACAG,HTO_F,1,singlet,508
CCCAATCCATCCCATC,multiplet,2,multiplet,4857
CCCAATCCATGCAACT,HTO_C,1,singlet,546
CCCAATCCATGGGACA,HTO_A,1,singlet,1527
CCCAATCGTAGGACAC,HTO_C,1,singlet,828
CCCAATCGTCGGATCC,HTO_A,1,singlet,319
CCCAATCGTGATGATA,HTO_D,1,singlet,738
CCCAATCGTGCTGTAT,HTO_G,1,singlet,953
CCCAATCGTGTGGCTC,HTO_C,1,singlet,1369
CCCAATCGTTATCGGT,HTO_D,1,singlet,3580
CCCAATCGTTCCACGG,HTO_F,1,singlet,4575
CCCAATCGTTCCATGA,multiplet,2,multiplet,4614
CCCAATCGTTGTCGCG,multiplet,2,multiplet,3868
CCCAATCTCAAACCAC,HTO_F,1,singlet,1855
CCCAATCTCAGGCGAA,HTO_G,1,singlet,2932
CCCAATCTCATAACCG,HTO_C,1,singlet,665
CCCAATCTCCCAAGAT,HTO_B,1,singlet,1072
CCCAATCTCCCAAGTA,HTO_F,1,singlet,5436
CCCAATCTCTCGAGTA,HTO_H,1,singlet,1253
CCCAATCTCTCTGTCG,HTO_D,1,singlet,2239
CCCAATCTCTGCCAGG,HTO_G,1,singlet,4020
CCCAATCTCTGGAGCC,HTO_A,1,singlet,1427
CCCAGTTAGACCGGAT,HTO_D,1,singlet,1663
CCCAGTTAGACTTGAA,multiplet,3,multiplet,1156
CCCAGTTAGAGGTTGC,HTO_C,1,singlet,565
CCCAGTTAGATACACA,multiplet,2,multiplet,2300
CCCAGTTAGCCACTAT,HTO_B,1,singlet,1455
CCCAGTTAGCCGATTT,multiplet,2,multiplet,1988
CCCAGTTAGCGTCAAG,HTO_F,1,singlet,1643
CCCAGTTAGCGTTTAC,HTO_C,1,singlet,889
CCCAGTTAGGCGCTCT,HTO_C,1,singlet,698
CCCAGTTAGGCGTACA,HTO_D,1,singlet,1879
CCCAGTTAGTGCCAGA,HTO_A,1,singlet,301
CCCAGTTCAATGGACG,HTO_G,1,singlet,612
CCCAGTTCACCACCAG,HTO_F,1,singlet,7111
CCCAGTTCAGCCTGTG,HTO_B,1,singlet,596
CCCAGTTCAGGGTTAG,HTO_E,1,singlet,1030
CCCAGTTCATCACGTA,HTO_H,1,singlet,463
CCCAGTTCATCTCCCA,multiplet,2,multiplet,2166
CCCAGTTGTACCCAAT,multiplet,2,multiplet,3153
CCCAGTTGTACGCTGC,HTO_A,1,singlet,2364
CCCAGTTGTAGCGTCC,multiplet,2,multiplet,885
CCCAGTTGTAGCTGCC,multiplet,2,multiplet,669
CCCAGTTGTATTCGTG,HTO_G,1,singlet,5326
CCCAGTTGTCCATCCT,HTO_F,1,singlet,1168
CCCAGTTGTCGCTTTC,HTO_A,1,singlet,8223
CCCAGTTGTCGGCACT,HTO_A,1,singlet,160
CCCAGTTGTCTCCACT,HTO_H,1,singlet,1587
CCCAGTTGTGACCAAG,HTO_C,1,singlet,2400
CCCAGTTGTGTGCGTC,HTO_B,1,singlet,2138
CCCAGTTGTTGCGTTA,HTO_A,1,singlet,248
CCCAGTTTCCCTTGTG,HTO_H,1,singlet,1641
CCCAGTTTCGTCTGAA,multiplet,2,multiplet,2418
CCCAGTTTCGTGACAT,multiplet,2,multiplet,3242
CCCAGTTTCTGCAGTA,HTO_F,1,singlet,1686
CCCAGTTTCTTTACAC,multiplet,2,multiplet,703
CCCATACAGAACTCGG,HTO_H,1,singlet,878
CCCATACAGACTAAGT,HTO_A,1,singlet,203
CCCATACAGAGACGAA,HTO_G,1,singlet,577
CCCATACAGCAGCCTC,HTO_G,1,singlet,2978
CCCATACAGCCCGAAA,HTO_B,1,singlet,3443
CCCATACAGCTCCCAG,HTO_H,1,singlet,2024
CCCATACAGGAATTAC,multiplet,2,multiplet,1177
CCCATACAGGCCGAAT,multiplet,2,multiplet,747
CCCATACAGGTACTCT,HTO_C,1,singlet,1831
CCCATACAGTAGGTGC,multiplet,3,multiplet,2346
CCCATACAGTGTCCAT,multiplet,2,multiplet,2724
CCCATACAGTTGTCGT,HTO_D,1,singlet,1872
CCCATACCAAAGCGGT,HTO_E,1,singlet,762
CCCATACCACTCGACG,HTO_A,1,singlet,1250
CCCATACCACTCTGTC,HTO_B,1,singlet,848
CCCATACCAGCGATCC,HTO_F,1,singlet,2274
CCCATACCAGTCCTTC,HTO_F,1,singlet,1131
CCCATACGTACCGGCT,HTO_F,1,singlet,1291
CCCATACGTAGGGTAC,HTO_D,1,singlet,4413
CCCATACGTAGTAGTA,HTO_H,1,singlet,883
CCCATACGTATTCGTG,HTO_F,1,singlet,1331
CCCATACGTCTCTTAT,HTO_D,1,singlet,2078
CCCATACGTGCTCTTC,HTO_H,1,singlet,1531
CCCATACGTTCAGTAC,HTO_H,1,singlet,2396
CCCATACGTTGGTAAA,HTO_A,1,singlet,508
CCCATACGTTTAGGAA,HTO_F,1,singlet,2264
CCCATACTCAATAAGG,multiplet,2,multiplet,3712
CCCATACTCAGTACGT,HTO_H,1,singlet,1343
CCCATACTCAGTTAGC,HTO_G,1,singlet,1343
CCCATACTCATACGGT,multiplet,2,multiplet,888
CCCATACTCCATGAAC,HTO_E,1,singlet,837
CCCATACTCCCACTTG,HTO_E,1,singlet,940
CCCATACTCCGAATGT,HTO_D,1,singlet,1770
CCCATACTCGAATGCT,HTO_G,1,singlet,851
CCCATACTCGAATGGG,HTO_A,1,singlet,924
CCCATACTCGACAGCC,HTO_F,1,singlet,3646
CCCATACTCGACCAGC,HTO_A,1,singlet,471
CCCATACTCGAGAACG,HTO_H,1,singlet,1366
CCCATACTCGCATGAT,HTO_A,1,singlet,963
CCCATACTCGGAAACG,HTO_C,1,singlet,897
CCCATACTCGGTGTTA,multiplet,2,multiplet,2231
CCCATACTCGTATCAG,HTO_F,1,singlet,1648
CCCATACTCTTGCATT,HTO_F,1,singlet,4443
CCCTCCTAGAAACCAT,HTO_D,1,singlet,3002
CCCTCCTAGACTAGGC,multiplet,2,multiplet,3467
CCCTCCTAGAGACTTA,HTO_H,1,singlet,4430
CCCTCCTAGGACTGGT,HTO_F,1,singlet,1757
CCCTCCTAGGCCCGTT,HTO_B,1,singlet,2043
CCCTCCTAGGGAACGG,HTO_G,1,singlet,798
CCCTCCTAGTGATCGG,HTO_F,1,singlet,641
CCCTCCTCACATCTTT,HTO_F,1,singlet,1626
CCCTCCTCACATTCGA,HTO_B,1,singlet,3425
CCCTCCTCACCATCCT,HTO_C,1,singlet,1135
CCCTCCTCACCTGGTG,HTO_C,1,singlet,504
CCCTCCTCAGCTCGCA,HTO_E,1,singlet,979
CCCTCCTCATCGGAAG,HTO_C,1,singlet,1997
CCCTCCTCATGTCCTC,HTO_G,1,singlet,760
CCCTCCTGTACTTGAC,HTO_C,1,singlet,888
CCCTCCTGTATAAACG,HTO_G,1,singlet,908
CCCTCCTGTCATGCCG,HTO_H,1,singlet,753
CCCTCCTGTCGCGAAA,HTO_E,1,singlet,882
CCCTCCTGTCTCTCTG,HTO_C,1,singlet,723
CCCTCCTGTGAAGGCT,multiplet,2,multiplet,3247
CCCTCCTGTGGTCCGT,HTO_G,1,singlet,955
CCCTCCTGTTAGAACA,multiplet,2,multiplet,4665
CCCTCCTGTTAGATGA,HTO_C,1,singlet,227
CCCTCCTTCAACCATG,HTO_G,1,singlet,1345
CCCTCCTTCAGATAAG,HTO_D,1,singlet,1547
CCCTCCTTCATTGCGA,HTO_H,1,singlet,1111
CCCTCCTTCCCTAACC,HTO_H,1,singlet,1195
CCCTCCTTCCGAATGT,HTO_A,1,singlet,577
CCCTCCTTCCTCATTA,HTO_H,1,singlet,542
CCCTCCTTCCTTGACC,HTO_B,1,singlet,1845
CCCTCCTTCGCGTTTC,multiplet,2,multiplet,870
CCCTCCTTCGGCATCG,HTO_D,1,singlet,4365
CCCTCCTTCGGTGTCG,HTO_G,1,singlet,1525
CCCTCCTTCGGTTCGG,HTO_F,1,singlet,836
CCCTCCTTCGTCTGCT,multiplet,2,multiplet,1976
CCCTCCTTCTAGCACA,HTO_C,1,singlet,1113
CCCTCCTTCTGAAAGA,HTO_G,1,singlet,1277
CCCTCCTTCTGTCTCG,HTO_A,1,singlet,268
CCCTCCTTCTTGAGAC,HTO_H,1,singlet,1417
CCGGGATAGCAATATG,HTO_E,1,singlet,613
CCGGGATAGCACACAG,HTO_F,1,singlet,1233
CCGGGATAGCCACGTC,multiplet,2,multiplet,4127
CCGGGATAGCCCAGCT,HTO_D,1,singlet,1185
CCGGGATAGCGTAATA,HTO_C,1,singlet,628
CCGGGATAGTAACCCT,multiplet,2,multiplet,1520
CCGGGATAGTGCGTGA,multiplet,3,multiplet,3058
CCGGGATAGTTATCGC,HTO_F,1,singlet,1011
CCGGGATCAATCGGTT,HTO_E,1,singlet,1234
CCGGGATCACAGACTT,multiplet,2,multiplet,7556
CCGGGATCAGACGCTC,HTO_E,1,singlet,3164
CCGGGATCAGCGAACA,HTO_D,1,singlet,3839
CCGGGATGTCGAGATG,HTO_D,1,singlet,2167
CCGGGATGTCTAGCGC,HTO_E,1,singlet,1019
CCGGGATGTGAGGGAG,multiplet,3,multiplet,3305
CCGGGATGTGAGGGTT,HTO_H,1,singlet,292
CCGGGATGTGGTTTCA,HTO_F,1,singlet,1782
CCGGGATGTGTCAATC,HTO_A,1,singlet,647
CCGGGATGTTAGATGA,HTO_B,1,singlet,1685
CCGGGATGTTCTGGTA,HTO_C,1,singlet,1449
CCGGGATGTTGTGGCC,HTO_A,1,singlet,501
CCGGGATTCAGAAATG,HTO_F,1,singlet,1998
CCGGGATTCAGTTTGG,HTO_C,1,singlet,806
CCGGGATTCATTCACT,HTO_A,1,singlet,918
CCGGGATTCATTGCCC,HTO_A,1,singlet,2622
CCGGGATTCCACGTTC,multiplet,2,multiplet,1519
CCGGGATTCCTCTAGC,HTO_D,1,singlet,1822
CCGGGATTCGCGGATC,HTO_G,1,singlet,350
CCGGGATTCGGAGCAA,HTO_G,1,singlet,873
CCGGGATTCGGCATCG,multiplet,2,multiplet,1201
CCGGGATTCTCGTTTA,HTO_C,1,singlet,1427
CCGGTAGAGACACTAA,HTO_F,1,singlet,3046
CCGGTAGAGACTTTCG,HTO_A,1,singlet,645
CCGGTAGAGCCCGAAA,HTO_A,1,singlet,1368
CCGGTAGAGCGACGTA,HTO_H,1,singlet,416
CCGGTAGAGGCTATCT,HTO_G,1,singlet,963
CCGGTAGAGGTACTCT,HTO_D,1,singlet,2334
CCGGTAGAGTCCTCCT,HTO_E,1,singlet,1101
CCGGTAGAGTTCGCAT,HTO_F,1,singlet,2391
CCGGTAGCAAACCCAT,HTO_G,1,singlet,1543
CCGGTAGCAACACGCC,multiplet,3,multiplet,4139
CCGGTAGCAAGGTTTC,HTO_C,1,singlet,1026
CCGGTAGCACAACGTT,HTO_H,1,singlet,324
CCGGTAGCACGAGGTA,HTO_G,1,singlet,962
CCGGTAGCAGATGGCA,HTO_C,1,singlet,1268
CCGGTAGCAGCGAACA,HTO_B,1,singlet,770
CCGGTAGCATATACGC,multiplet,3,multiplet,3243
CCGGTAGGTCAGAAGC,HTO_B,1,singlet,4389
CCGGTAGGTCGTTGTA,multiplet,2,multiplet,1076
CCGGTAGGTGCAGACA,HTO_A,1,singlet,1792
CCGGTAGGTGTGAAAT,HTO_B,1,singlet,812
CCGGTAGGTTGGACCC,HTO_H,1,singlet,1706
CCGGTAGTCACTATTC,HTO_D,1,singlet,2273
CCGGTAGTCCAAACTG,HTO_D,1,singlet,2862
CCGGTAGTCGAATGGG,multiplet,2,multiplet,1985
CCGGTAGTCGATCCCT,HTO_H,1,singlet,1096
CCGGTAGTCGCATGAT,HTO_H,1,singlet,303
CCGGTAGTCTGGCGAC,multiplet,2,multiplet,2475
CCGTACTAGATGTGGC,HTO_E,1,singlet,1128
CCGTACTAGCAACGGT,multiplet,3,multiplet,2778
CCGTACTAGGCAGGTT,HTO_A,1,singlet,742
CCGTACTAGGGTTTCT,HTO_C,1,singlet,2143
CCGTACTAGTTATCGC,HTO_B,1,singlet,575
CCGTACTCAGTATGCT,HTO_B,1,singlet,1512
CCGTACTCAGTTCATG,HTO_E,1,singlet,1773
CCGTACTCATATGCTG,HTO_C,1,singlet,953
CCGTACTGTAAGAGGA,HTO_D,1,singlet,1588
CCGTACTGTAAGTGTA,HTO_G,1,singlet,541
CCGTACTGTATATGAG,HTO_E,1,singlet,309
CCGTACTGTCAGAAGC,HTO_E,1,singlet,920
CCGTACTGTTAAGAAC,multiplet,2,multiplet,5352
CCGTACTGTTCAGCGC,HTO_E,1,singlet,1221
CCGTACTGTTGACGTT,HTO_F,1,singlet,2103
CCGTACTGTTGGTGGA,HTO_A,1,singlet,965
CCGTACTTCAAACAAG,multiplet,2,multiplet,6353
CCGTACTTCATCTGCC,HTO_F,1,singlet,957
CCGTACTTCATTCACT,HTO_B,1,singlet,935
CCGTACTTCCAAATGC,HTO_H,1,singlet,766
CCGTACTTCCAGATCA,multiplet,2,multiplet,1299
CCGTACTTCCAGTATG,multiplet,2,multiplet,1621
CCGTACTTCCCATTTA,multiplet,3,multiplet,4229
CCGTACTTCGGAAATA,HTO_A,1,singlet,479
CCGTACTTCTCTGAGA,multiplet,2,multiplet,1984
CCGTGGAAGATATGCA,HTO_C,1,singlet,999
CCGTGGAAGCTCCCAG,multiplet,2,multiplet,4158
CCGTGGAAGGAGTCTG,multiplet,2,multiplet,2141
CCGTGGAAGTGAAGAG,HTO_F,1,singlet,530
CCGTGGAAGTGTCTCA,HTO_H,1,singlet,747
CCGTGGACAAGCGCTC,HTO_C,1,singlet,1015
CCGTGGACAAGGTTCT,HTO_F,1,singlet,935
CCGTGGACAGGGATTG,multiplet,2,multiplet,1467
CCGTGGACAGTGGAGT,multiplet,2,multiplet,1057
CCGTGGACATCACCCT,HTO_A,1,singlet,1423
CCGTGGACATCTACGA,HTO_G,1,singlet,760
CCGTGGACATGGTCAT,HTO_E,1,singlet,1437
CCGTGGAGTAGCGCAA,HTO_B,1,singlet,518
CCGTGGAGTATATGAG,HTO_G,1,singlet,1695
CCGTGGAGTCCTAGCG,multiplet,2,multiplet,2981
CCGTGGAGTCTTCTCG,HTO_C,1,singlet,236
CCGTGGAGTCTTGCGG,HTO_A,1,singlet,714
CCGTGGAGTGATAAAC,HTO_A,1,singlet,846
CCGTGGAGTGATGTGG,HTO_B,1,singlet,454
CCGTGGAGTGCCTGCA,HTO_G,1,singlet,1038
CCGTGGAGTTAGAACA,HTO_F,1,singlet,619
CCGTGGAGTTGATTCG,HTO_G,1,singlet,849
CCGTGGATCAACCATG,HTO_B,1,singlet,2412
CCGTGGATCAGTCCCT,HTO_H,1,singlet,1356
CCGTGGATCCGTCAAA,HTO_B,1,singlet,2687
CCGTGGATCGACGGAA,HTO_H,1,singlet,776
CCGTGGATCTCCTATA,HTO_G,1,singlet,1004
CCGTGGATCTGGCGAC,HTO_E,1,singlet,2869
CCGTGGATCTTCCTTC,HTO_F,1,singlet,254
CCGTTCAAGATCTGCT,HTO_C,1,singlet,1718
CCGTTCAAGCCAGTTT,multiplet,2,multiplet,2891
CCGTTCAAGCCGCCTA,HTO_H,1,singlet,671
CCGTTCAAGCGCCTCA,HTO_B,1,singlet,1378
CCGTTCAAGGACAGAA,HTO_H,1,singlet,1898
CCGTTCAAGGCCCTTG,HTO_C,1,singlet,613
CCGTTCAAGGTAGCTG,HTO_B,1,singlet,1008
CCGTTCAAGTACGCGA,HTO_E,1,singlet,1572
CCGTTCAAGTGCAAGC,HTO_A,1,singlet,2394
CCGTTCACAAAGCAAT,multiplet,2,multiplet,594
CCGTTCACACATAACC,HTO_D,1,singlet,1574
CCGTTCACAGCGATCC,HTO_F,1,singlet,6951
CCGTTCACAGTTCCCT,HTO_B,1,singlet,1738
CCGTTCACATGCCCGA,HTO_B,1,singlet,1741
CCGTTCACATGGTCAT,HTO_F,1,singlet,1022
CCGTTCAGTATTCGTG,HTO_A,1,singlet,582
CCGTTCAGTCACTGGC,HTO_C,1,singlet,885
CCGTTCAGTCATGCCG,HTO_D,1,singlet,1915
CCGTTCAGTGCGATAG,HTO_E,1,singlet,860
CCGTTCAGTTCACGGC,HTO_F,1,singlet,1511
CCGTTCAGTTCAGACT,HTO_F,1,singlet,2372
CCGTTCATCAGAGGTG,multiplet,2,multiplet,1113
CCGTTCATCATACGGT,multiplet,2,multiplet,3105
CCGTTCATCGGCTTGG,HTO_D,1,singlet,1742
CCGTTCATCTAACTGG,HTO_F,1,singlet,1306
CCGTTCATCTGACCTC,HTO_E,1,singlet,1166
CCGTTCATCTTGACGA,HTO_H,1,singlet,3425
CCTAAAGAGACCACGA,HTO_E,1,singlet,4447
CCTAAAGAGATGTGGC,HTO_E,1,singlet,1457
CCTAAAGAGCCGGTAA,multiplet,2,multiplet,1837
CCTAAAGAGGTGCTAG,multiplet,2,multiplet,1620
CCTAAAGAGTCAAGCG,HTO_B,1,singlet,4523
CCTAAAGAGTCAAGGC,HTO_H,1,singlet,660
CCTAAAGCAAAGGCGT,HTO_E,1,singlet,2939
CCTAAAGCACCAACCG,HTO_H,1,singlet,702
CCTAAAGCACCTTGTC,HTO_C,1,singlet,542
CCTAAAGCAGGATTGG,multiplet,2,multiplet,1572
CCTAAAGCATCCGGGT,HTO_D,1,singlet,6460
CCTAAAGCATCTCCCA,HTO_E,1,singlet,1713
CCTAAAGCATTCTCAT,HTO_B,1,singlet,3510
CCTAAAGGTAAGAGAG,multiplet,2,multiplet,11559
CCTAAAGGTCAAAGAT,HTO_F,1,singlet,775
CCTAAAGGTGTGCCTG,HTO_B,1,singlet,1358
CCTAAAGGTTTAAGCC,HTO_C,1,singlet,1075
CCTAAAGTCAGCACAT,HTO_E,1,singlet,1028
CCTAAAGTCCAAACTG,multiplet,2,multiplet,4909
CCTAAAGTCCAGTATG,multiplet,2,multiplet,10923
CCTAAAGTCCGCGGTA,HTO_A,1,singlet,609
CCTAAAGTCCTAAGTG,HTO_B,1,singlet,2317
CCTAAAGTCGTAGATC,HTO_A,1,singlet,2640
CCTAAAGTCGTCCAGG,HTO_H,1,singlet,3154
CCTAAAGTCTCATTCA,HTO_D,1,singlet,2305
CCTAAAGTCTCCAACC,HTO_D,1,singlet,2481
CCTAAAGTCTTCCTTC,HTO_C,1,singlet,1479
CCTACACAGAGGGATA,HTO_G,1,singlet,606
CCTACACAGCCACGTC,HTO_F,1,singlet,571
CCTACACAGCCTCGTG,HTO_C,1,singlet,407
CCTACACAGCGATCCC,HTO_C,1,singlet,1258
CCTACACAGCGATTCT,HTO_G,1,singlet,3585
CCTACACAGCGTAATA,HTO_H,1,singlet,597
CCTACACAGCGTGTCC,HTO_E,1,singlet,554
CCTACACAGGCCCTCA,HTO_F,1,singlet,1124
CCTACACAGGGCTTCC,HTO_C,1,singlet,2756
CCTACACAGGGTTTCT,HTO_C,1,singlet,1440
CCTACACAGTACGTAA,HTO_D,1,singlet,1407
CCTACACAGTCGAGTG,HTO_B,1,singlet,1109
CCTACACAGTGTACGG,HTO_E,1,singlet,1892
CCTACACCAAGCCATT,multiplet,2,multiplet,9308
CCTACACCACATAACC,HTO_H,1,singlet,543
CCTACACCACGGCCAT,HTO_F,1,singlet,698
CCTACACCAGCCAATT,HTO_E,1,singlet,989
CCTACACCAGCTGCAC,multiplet,2,multiplet,6995
CCTACACCAGGTTTCA,HTO_F,1,singlet,524
CCTACACCATCTGGTA,HTO_G,1,singlet,2606
CCTACACCATGCCCGA,HTO_D,1,singlet,165
CCTACACGTAAAGGAG,HTO_A,1,singlet,1750
CCTACACGTACATCCA,HTO_F,1,singlet,1206
CCTACACGTACGCACC,multiplet,2,multiplet,4800
CCTACACGTCAATACC,multiplet,2,multiplet,2762
CCTACACGTCCCGACA,HTO_G,1,singlet,2986
CCTACACGTGCGCTTG,HTO_E,1,singlet,928
CCTACACTCATTGCGA,HTO_E,1,singlet,1957
CCTACACTCCAGAGGA,HTO_G,1,singlet,754
CCTACACTCCAGATCA,HTO_C,1,singlet,3019
CCTACACTCCAGGGCT,HTO_B,1,singlet,4208
CCTACACTCCCGGATG,HTO_A,1,singlet,946
CCTACACTCTGCGACG,HTO_E,1,singlet,1184
CCTACACTCTTGGGTA,HTO_B,1,singlet,1104
CCTACCAAGAAACCGC,HTO_G,1,singlet,960
CCTACCAAGACCCACC,HTO_B,1,singlet,284
CCTACCAAGACTGGGT,HTO_A,1,singlet,626
CCTACCAAGATGCGAC,multiplet,2,multiplet,1372
CCTACCAAGCCCTAAT,HTO_H,1,singlet,373
CCTACCAAGGGAAACA,HTO_H,1,singlet,1500
CCTACCAAGGTTACCT,HTO_C,1,singlet,782
CCTACCAAGTACGATA,HTO_D,1,singlet,1212
CCTACCAAGTACGCCC,HTO_C,1,singlet,744
CCTACCAAGTGGACGT,HTO_A,1,singlet,1114
CCTACCACAAATTGCC,multiplet,2,multiplet,3047
CCTACCACACCGAATT,HTO_C,1,singlet,875
CCTACCACAGATGGCA,HTO_E,1,singlet,1483
CCTACCACAGCCTGTG,HTO_A,1,singlet,1044
CCTACCACATAAGACA,HTO_D,1,singlet,404
CCTACCACATACAGCT,HTO_H,1,singlet,1480
CCTACCACATCTACGA,HTO_A,1,singlet,1517
CCTACCACATGGGAAC,HTO_F,1,singlet,1002
CCTACCAGTACTTCTT,HTO_D,1,singlet,1709
CCTACCAGTCATATCG,HTO_H,1,singlet,1194
CCTACCAGTCCGTCAG,HTO_A,1,singlet,1671
CCTACCAGTCTAACGT,multiplet,2,multiplet,3027
CCTACCAGTTAAGACA,HTO_H,1,singlet,847
CCTACCAGTTACTGAC,HTO_B,1,singlet,1257
CCTACCAGTTAGGGTG,HTO_F,1,singlet,759
CCTACCATCAGTTCGA,HTO_C,1,singlet,2033
CCTACCATCCACTCCA,HTO_E,1,singlet,925
CCTACCATCCCACTTG,HTO_H,1,singlet,647
CCTACCATCCTCAATT,HTO_G,1,singlet,619
CCTACCATCCTTAATC,HTO_H,1,singlet,1736
CCTACCATCCTTGACC,HTO_A,1,singlet,4355
CCTACCATCGCTTAGA,HTO_H,1,singlet,540
CCTACCATCTCTGCTG,HTO_H,1,singlet,466
CCTACCATCTGCGGCA,HTO_C,1,singlet,942
CCTAGCTAGAAGAAGC,multiplet,3,multiplet,9993
CCTAGCTAGATATGCA,HTO_H,1,singlet,593
CCTAGCTAGCCGATTT,HTO_C,1,singlet,1087
CCTAGCTAGCGTGAGT,HTO_G,1,singlet,818
CCTAGCTAGGCACATG,HTO_A,1,singlet,785
CCTAGCTAGGCTAGGT,HTO_F,1,singlet,1638
CCTAGCTAGTACGACG,HTO_G,1,singlet,1390
CCTAGCTAGTGCAAGC,multiplet,2,multiplet,4005
CCTAGCTAGTGGGCTA,HTO_F,1,singlet,1898
CCTAGCTAGTGTACGG,HTO_D,1,singlet,1976
CCTAGCTAGTGTACTC,HTO_B,1,singlet,2064
CCTAGCTCAATCCAAC,HTO_E,1,singlet,2212
CCTAGCTCACAACTGT,HTO_A,1,singlet,829
CCTAGCTCACCACGTG,multiplet,2,multiplet,2895
CCTAGCTCACTTCTGC,HTO_B,1,singlet,1247
CCTAGCTCATCGATTG,HTO_H,1,singlet,746
CCTAGCTCATGCAACT,multiplet,2,multiplet,838
CCTAGCTGTAAATGAC,HTO_A,1,singlet,461
CCTAGCTGTAGGCATG,multiplet,3,multiplet,13347
CCTAGCTGTCCATGAT,HTO_C,1,singlet,952
CCTAGCTGTCGGCACT,HTO_D,1,singlet,1472
CCTAGCTGTCTGCGGT,multiplet,2,multiplet,5120
CCTAGCTGTGCAACGA,HTO_D,1,singlet,1963
CCTAGCTGTGGTCTCG,multiplet,3,multiplet,3559
CCTAGCTTCAATCTCT,HTO_G,1,singlet,2072
CCTAGCTTCCATGAGT,HTO_H,1,singlet,1419
CCTAGCTTCGGCGCAT,HTO_F,1,singlet,1819
CCTAGCTTCTATCCCG,HTO_A,1,singlet,768
CCTAGCTTCTCTAGGA,HTO_G,1,singlet,3330
CCTAGCTTCTGCTGCT,HTO_C,1,singlet,837
CCTAGCTTCTTGACGA,HTO_F,1,singlet,1111
CCTAGCTTCTTGGGTA,HTO_C,1,singlet,784
CCTATTAAGATCCGAG,HTO_C,1,singlet,1238
CCTATTAAGCAGGTCA,HTO_C,1,singlet,1854
CCTATTAAGCGCCTTG,HTO_A,1,singlet,1955
CCTATTAAGCTTCGCG,HTO_H,1,singlet,591
CCTATTAAGGATGCGT,HTO_F,1,singlet,2868
CCTATTAAGGCCCTCA,HTO_F,1,singlet,2010
CCTATTAAGGGTTTCT,HTO_G,1,singlet,1458
CCTATTAAGGTACTCT,HTO_D,1,singlet,903
CCTATTAAGGTAGCCA,multiplet,2,multiplet,5519
CCTATTAAGTGAACAT,HTO_D,1,singlet,4684
CCTATTACAAACGTGG,HTO_G,1,singlet,1350
CCTATTACAAGCCCAC,HTO_G,1,singlet,356
CCTATTACAATAGAGT,HTO_C,1,singlet,1011
CCTATTACAATCAGAA,HTO_B,1,singlet,913
CCTATTACAATGCCAT,HTO_F,1,singlet,3855
CCTATTACAATGGACG,HTO_G,1,singlet,2925
CCTATTACACCCTATC,HTO_H,1,singlet,1129
CCTATTACACCGAATT,multiplet,2,multiplet,2251
CCTATTACACGAAATA,HTO_H,1,singlet,733
CCTATTACACGACTCG,multiplet,2,multiplet,1787
CCTATTACAGACGCTC,HTO_B,1,singlet,647
CCTATTACAGATTGCT,HTO_E,1,singlet,1265
CCTATTACAGCCTTTC,HTO_G,1,singlet,657
CCTATTACAGGGTATG,multiplet,2,multiplet,2725
CCTATTACATACCATG,HTO_G,1,singlet,1266
CCTATTACATATGAGA,HTO_C,1,singlet,407
CCTATTACATCACCCT,multiplet,2,multiplet,1846
CCTATTACATCAGTAC,HTO_B,1,singlet,1473
CCTATTACATTCCTCG,HTO_C,1,singlet,694
CCTATTAGTAAATGTG,HTO_E,1,singlet,1304
CCTATTAGTACCTACA,HTO_H,1,singlet,695
CCTATTAGTAGCGATG,HTO_B,1,singlet,514
CCTATTAGTAGGACAC,HTO_B,1,singlet,599
CCTATTAGTATTAGCC,HTO_A,1,singlet,640
CCTATTAGTCAACATC,multiplet,3,multiplet,2618
CCTATTAGTTAAAGAC,HTO_H,1,singlet,964
CCTATTAGTTAAAGTG,HTO_E,1,singlet,625
CCTATTAGTTGTGGCC,HTO_F,1,singlet,1635
CCTATTATCACCTTAT,HTO_C,1,singlet,729
CCTATTATCCTTAATC,multiplet,3,multiplet,6434
CCTATTATCGTAGGAG,multiplet,2,multiplet,1135
CCTATTATCTGTCTCG,HTO_H,1,singlet,555
CCTATTATCTTGACGA,HTO_F,1,singlet,1149
CCTCAGTAGTACTTGC,HTO_A,1,singlet,306
CCTCAGTAGTTAGGTA,HTO_D,1,singlet,1454
CCTCAGTAGTTCGCAT,multiplet,2,multiplet,1327
CCTCAGTCAAACTGCT,HTO_F,1,singlet,628
CCTCAGTCAAGCCATT,multiplet,2,multiplet,2474
CCTCAGTCAAGTACCT,HTO_G,1,singlet,1137
CCTCAGTCACGAGGTA,multiplet,2,multiplet,2769
CCTCAGTCAGATCTGT,HTO_D,1,singlet,1965
CCTCAGTCAGGGTATG,HTO_C,1,singlet,541
CCTCAGTCATGCCCGA,HTO_A,1,singlet,878
CCTCAGTGTAGCGTGA,HTO_B,1,singlet,844
CCTCAGTGTCAAAGAT,HTO_A,1,singlet,345
CCTCAGTGTCACACGC,HTO_H,1,singlet,1176
CCTCAGTGTTAAGTAG,multiplet,3,multiplet,4211
CCTCAGTGTTAGATGA,HTO_D,1,singlet,2388
CCTCAGTGTTCACCTC,HTO_A,1,singlet,795
CCTCAGTGTTCACGGC,HTO_H,1,singlet,2120
CCTCAGTTCAACGCTA,HTO_G,1,singlet,3093
CCTCAGTTCACATAGC,multiplet,2,multiplet,2760
CCTCAGTTCACTATTC,multiplet,2,multiplet,2989
CCTCAGTTCATGTCTT,HTO_A,1,singlet,514
CCTCAGTTCCCAAGAT,HTO_B,1,singlet,321
CCTCAGTTCCGAGCCA,HTO_A,1,singlet,1328
CCTCAGTTCCGATATG,HTO_D,1,singlet,1337
CCTCAGTTCGAACGGA,multiplet,2,multiplet,1225
CCTCAGTTCGTAGGAG,HTO_G,1,singlet,1035
CCTCAGTTCTCAAACG,HTO_D,1,singlet,1116
CCTCAGTTCTGCGACG,multiplet,2,multiplet,1246
CCTCTGAAGAGACTTA,HTO_E,1,singlet,929
CCTCTGAAGGACATTA,HTO_C,1,singlet,808
CCTCTGAAGGTAGCTG,HTO_H,1,singlet,2374
CCTCTGAAGGTTCCTA,HTO_F,1,singlet,1119
CCTCTGAAGTTATCGC,HTO_A,1,singlet,995
CCTCTGACAATCTACG,HTO_C,1,singlet,1089
CCTCTGACACCTATCC,HTO_E,1,singlet,987
CCTCTGACACCTCGTT,HTO_G,1,singlet,812
CCTCTGACATATGAGA,HTO_F,1,singlet,2711
CCTCTGACATCCGCGA,HTO_B,1,singlet,1699
CCTCTGAGTCAAGCGA,HTO_H,1,singlet,1046
CCTCTGAGTCCGTGAC,HTO_A,1,singlet,1331
CCTCTGAGTCGACTAT,multiplet,2,multiplet,2283
CCTCTGAGTCGCATAT,HTO_D,1,singlet,1601
CCTCTGAGTCTCTTTA,HTO_F,1,singlet,384
CCTCTGAGTGAACCTT,HTO_A,1,singlet,312
CCTCTGAGTGATGTGG,HTO_H,1,singlet,731
CCTCTGAGTGTGCGTC,HTO_G,1,singlet,1255
CCTCTGAGTTGCGTTA,HTO_F,1,singlet,3696
CCTCTGATCAGCTCTC,HTO_F,1,singlet,970
CCTCTGATCAGTCCCT,HTO_C,1,singlet,544
CCTCTGATCCAGAGGA,HTO_H,1,singlet,1400
CCTCTGATCCCAAGAT,HTO_H,1,singlet,312
CCTCTGATCCTAGGGC,HTO_A,1,singlet,1143
CCTCTGATCCTAGTGA,HTO_F,1,singlet,322
CCTCTGATCCTCAACC,multiplet,2,multiplet,4510
CCTCTGATCGCTGATA,multiplet,2,multiplet,6414
CCTCTGATCTATCGCC,HTO_D,1,singlet,5352
CCTTACGAGAAACCAT,HTO_G,1,singlet,2320
CCTTACGAGAACTCGG,HTO_D,1,singlet,1808
CCTTACGAGGGCACTA,HTO_C,1,singlet,1103
CCTTACGAGGTGACCA,HTO_E,1,singlet,1520
CCTTACGCAACACGCC,HTO_D,1,singlet,1668
CCTTACGCACAGATTC,HTO_B,1,singlet,760
CCTTACGCACAGGCCT,HTO_A,1,singlet,813
CCTTACGCACAGGTTT,HTO_H,1,singlet,956
CCTTACGCACGTTGGC,HTO_B,1,singlet,1238
CCTTACGCAGTGAGTG,HTO_B,1,singlet,3335
CCTTACGCATATACGC,HTO_B,1,singlet,1602
CCTTACGCATGAGCGA,HTO_B,1,singlet,683
CCTTACGCATGCTAGT,HTO_E,1,singlet,2117
CCTTACGCATGCTGGC,HTO_B,1,singlet,7258
CCTTACGGTACCGTAT,HTO_F,1,singlet,880
CCTTACGGTCCGAATT,HTO_G,1,singlet,2280
CCTTACGGTCCGCTGA,HTO_H,1,singlet,2585
CCTTACGGTCTTCTCG,HTO_A,1,singlet,2549
CCTTACGGTCTTGTCC,HTO_G,1,singlet,1368
CCTTACGGTGATAAGT,HTO_D,1,singlet,1554
CCTTACGGTTACGTCA,HTO_G,1,singlet,1048
CCTTACGGTTCAACCA,multiplet,2,multiplet,815
CCTTACGGTTCCCGAG,HTO_F,1,singlet,1406
CCTTACGGTTTACTCT,multiplet,3,multiplet,1880
CCTTACGGTTTGGGCC,HTO_C,1,singlet,458
CCTTACGTCAAACAAG,HTO_G,1,singlet,772
CCTTACGTCCAAACAC,HTO_G,1,singlet,1222
CCTTACGTCGATCCCT,HTO_C,1,singlet,523
CCTTACGTCGCAAACT,HTO_G,1,singlet,3784
CCTTACGTCGGTGTCG,HTO_D,1,singlet,1807
CCTTACGTCTCAAACG,HTO_D,1,singlet,4369
CCTTACGTCTTGACGA,HTO_A,1,singlet,1028
CCTTCCCAGAAACGAG,multiplet,2,multiplet,2772
CCTTCCCAGAGTTGGC,HTO_E,1,singlet,1826
CCTTCCCAGGAACTGC,HTO_A,1,singlet,1045
CCTTCCCAGGACAGCT,HTO_H,1,singlet,3293
CCTTCCCAGTGAACGC,HTO_E,1,singlet,912
CCTTCCCAGTGGGTTG,multiplet,3,multiplet,7388
CCTTCCCAGTTAGCGG,HTO_A,1,singlet,941
CCTTCCCCAAGTCATC,multiplet,2,multiplet,1013
CCTTCCCCAAGTTCTG,HTO_F,1,singlet,1022
CCTTCCCCAATAGCGG,HTO_D,1,singlet,1808
CCTTCCCCAATCCGAT,HTO_G,1,singlet,511
CCTTCCCCACAGAGGT,HTO_E,1,singlet,1590
CCTTCCCCACAGATTC,multiplet,2,multiplet,4547
CCTTCCCCACTGTCGG,HTO_B,1,singlet,1602
CCTTCCCCAGGACCCT,HTO_B,1,singlet,592
CCTTCCCCAGTCACTA,HTO_H,1,singlet,3675
CCTTCCCCATCCCACT,HTO_A,1,singlet,857
CCTTCCCCATGAACCT,multiplet,2,multiplet,1033
CCTTCCCGTAACGTTC,HTO_G,1,singlet,766
CCTTCCCGTAATCGTC,HTO_A,1,singlet,2739
CCTTCCCGTAGGCATG,HTO_B,1,singlet,1198
CCTTCCCGTCAAAGAT,HTO_E,1,singlet,867
CCTTCCCGTCAAAGCG,HTO_H,1,singlet,1608
CCTTCCCGTCAGAATA,HTO_A,1,singlet,2033
CCTTCCCGTCCGAACC,HTO_A,1,singlet,921
CCTTCCCGTCGCATCG,multiplet,3,multiplet,12090
CCTTCCCGTCGTGGCT,multiplet,2,multiplet,741
CCTTCCCGTTAAGACA,HTO_G,1,singlet,465
CCTTCCCGTTATTCTC,HTO_F,1,singlet,1175
CCTTCCCGTTCATGGT,multiplet,2,multiplet,2036
CCTTCCCTCAGCTCGG,HTO_B,1,singlet,2980
CCTTCCCTCATCATTC,HTO_E,1,singlet,817
CCTTCCCTCATGCTCC,HTO_E,1,singlet,716
CCTTCCCTCGAGAACG,HTO_H,1,singlet,1106
CCTTCCCTCGCTTGTC,HTO_D,1,singlet,735
CCTTCCCTCGTACCGG,HTO_F,1,singlet,1355
CCTTCCCTCGTGACAT,HTO_G,1,singlet,495
CCTTCCCTCTAACCGA,multiplet,2,multiplet,676
CCTTCCCTCTTGAGAC,HTO_B,1,singlet,1664
CCTTCGAAGAAAGTGG,HTO_G,1,singlet,1566
CCTTCGAAGACACTAA,HTO_E,1,singlet,3146
CCTTCGAAGAGTAATC,HTO_F,1,singlet,668
CCTTCGAAGCAATCTC,HTO_H,1,singlet,6745
CCTTCGAAGCGTGAGT,multiplet,2,multiplet,2544
CCTTCGAAGCTACCGC,HTO_C,1,singlet,724
CCTTCGAAGGATGGTC,HTO_G,1,singlet,823
CCTTCGAAGGCATTGG,HTO_A,1,singlet,756
CCTTCGAAGGCCATAG,HTO_B,1,singlet,1375
CCTTCGAAGGTGATAT,HTO_F,1,singlet,4128
CCTTCGAAGGTGTTAA,HTO_D,1,singlet,3820
CCTTCGAAGTACGCCC,HTO_E,1,singlet,1452
CCTTCGAAGTGAACGC,HTO_A,1,singlet,304
CCTTCGACAAAGAATC,HTO_D,1,singlet,1233
CCTTCGACAAGCCCAC,HTO_G,1,singlet,2521
CCTTCGACAGGGAGAG,HTO_E,1,singlet,1174
CCTTCGACAGTCCTTC,HTO_B,1,singlet,2851
CCTTCGACAGTTCCCT,multiplet,2,multiplet,2096
CCTTCGACATCACAAC,HTO_B,1,singlet,1113
CCTTCGACATGATCCA,HTO_G,1,singlet,561
CCTTCGACATGGTAGG,HTO_E,1,singlet,1312
CCTTCGAGTAGTACCT,HTO_A,1,singlet,283
CCTTCGAGTATAGGTA,HTO_G,1,singlet,915
CCTTCGAGTCAGAGGT,HTO_G,1,singlet,1049
CCTTCGAGTCATGCCG,HTO_A,1,singlet,1136
CCTTCGAGTCGAACAG,HTO_E,1,singlet,1256
CCTTCGAGTCTTCAAG,HTO_C,1,singlet,1838
CCTTCGAGTGCCTGTG,HTO_H,1,singlet,1049
CCTTCGAGTTCGTTGA,HTO_D,1,singlet,6474
CCTTCGATCAATCTCT,HTO_E,1,singlet,1279
CCTTCGATCACGCATA,HTO_B,1,singlet,1269
CCTTCGATCAGGATCT,multiplet,2,multiplet,2363
CCTTCGATCCACGAAT,HTO_F,1,singlet,612
CCTTCGATCTGCCCTA,HTO_H,1,singlet,880
CCTTTCTAGAAGATTC,HTO_D,1,singlet,1125
CCTTTCTAGACAGGCT,HTO_F,1,singlet,1703
CCTTTCTAGAGTACAT,HTO_B,1,singlet,1140
CCTTTCTAGATGAGAG,HTO_B,1,singlet,1054
CCTTTCTAGCGTGAGT,HTO_H,1,singlet,1779
CCTTTCTAGCTGGAAC,multiplet,2,multiplet,2856
CCTTTCTAGCTTATCG,multiplet,2,multiplet,2893
CCTTTCTAGGCAGGTT,HTO_G,1,singlet,727
CCTTTCTAGGCATGGT,HTO_A,1,singlet,936
CCTTTCTAGTACCGGA,HTO_F,1,singlet,1772
CCTTTCTAGTGGGTTG,HTO_D,1,singlet,1213
CCTTTCTAGTTAGGTA,HTO_C,1,singlet,1664
CCTTTCTCAATACGCT,HTO_E,1,singlet,503
CCTTTCTCACACGCTG,HTO_D,1,singlet,1901
CCTTTCTCACATCTTT,HTO_H,1,singlet,3759
CCTTTCTCACCCATGG,HTO_F,1,singlet,1505
CCTTTCTCACTTAAGC,HTO_D,1,singlet,1976
CCTTTCTCAGATTGCT,HTO_C,1,singlet,523
CCTTTCTCAGGGTACA,HTO_F,1,singlet,847
CCTTTCTCAGTATAAG,HTO_B,1,singlet,1264
CCTTTCTCATAGTAAG,multiplet,2,multiplet,1062
CCTTTCTCATCCGTGG,HTO_C,1,singlet,965
CCTTTCTCATCTATGG,HTO_C,1,singlet,900
CCTTTCTCATGACATC,HTO_D,1,singlet,4842
CCTTTCTCATGCTGGC,multiplet,2,multiplet,918
CCTTTCTGTAAGTAGT,HTO_D,1,singlet,6523
CCTTTCTGTAGGGACT,HTO_F,1,singlet,3422
CCTTTCTGTCCGAACC,multiplet,2,multiplet,4148
CCTTTCTGTCCTCCAT,HTO_A,1,singlet,768
CCTTTCTGTCCTCTTG,HTO_E,1,singlet,917
CCTTTCTGTTAAAGAC,HTO_D,1,singlet,2082
CCTTTCTGTTATGCGT,HTO_D,1,singlet,1815
CCTTTCTGTTTACTCT,HTO_D,1,singlet,1437
CCTTTCTTCACGCATA,HTO_D,1,singlet,1517
CCTTTCTTCGCGTTTC,HTO_E,1,singlet,2714
CCTTTCTTCGTCTGCT,HTO_E,1,singlet,1024
CCTTTCTTCTGGTGTA,HTO_H,1,singlet,2327
CCTTTCTTCTGTCTCG,HTO_C,1,singlet,1902
CGAACATAGAGCAATT,HTO_G,1,singlet,5104
CGAACATAGCCCAGCT,HTO_D,1,singlet,2493
CGAACATAGGTTCCTA,HTO_E,1,singlet,1105
CGAACATAGTGGCACA,HTO_C,1,singlet,377
CGAACATAGTTGTCGT,HTO_B,1,singlet,1026
CGAACATCAATTCCTT,HTO_C,1,singlet,741
CGAACATCACCAGATT,HTO_G,1,singlet,1457
CGAACATCACGGCGTT,multiplet,2,multiplet,1521
CGAACATCAGATGGGT,HTO_H,1,singlet,2994
CGAACATCAGGTGCCT,HTO_F,1,singlet,1853
CGAACATCATAAAGGT,HTO_G,1,singlet,2046
CGAACATCATCACGAT,HTO_H,1,singlet,1063
CGAACATCATTATCTC,HTO_H,1,singlet,909
CGAACATCATTGGGCC,HTO_F,1,singlet,1707
CGAACATGTAAGAGAG,HTO_H,1,singlet,3541
CGAACATGTAAGCACG,multiplet,2,multiplet,1287
CGAACATGTACCAGTT,HTO_A,1,singlet,1357
CGAACATGTATATCCG,HTO_H,1,singlet,906
CGAACATGTCTAACGT,HTO_F,1,singlet,3607
CGAACATGTCTAGCCG,multiplet,2,multiplet,990
CGAACATGTCTCTTAT,HTO_B,1,singlet,822
CGAACATGTTCGTCTC,HTO_B,1,singlet,1397
CGAACATGTTGAGGTG,HTO_E,1,singlet,2238
CGAACATGTTTGACAC,HTO_A,1,singlet,2478
CGAACATTCAGTCCCT,HTO_G,1,singlet,1829
CGAACATTCCGCGTTT,HTO_D,1,singlet,3352
CGAACATTCGTCCGTT,HTO_C,1,singlet,2346
CGAACATTCTGAGTGT,HTO_A,1,singlet,2781
CGAACATTCTGGTGTA,HTO_C,1,singlet,2703
CGAACATTCTTTAGTC,HTO_H,1,singlet,926
CGAATGTAGAAGATTC,HTO_F,1,singlet,444
CGAATGTAGCCAACAG,HTO_B,1,singlet,460
CGAATGTAGCCAGTTT,HTO_D,1,singlet,2702
CGAATGTAGCGTGAAC,HTO_B,1,singlet,803
CGAATGTAGCGTTCCG,HTO_D,1,singlet,1917
CGAATGTAGTAAGTAC,HTO_H,1,singlet,675
CGAATGTAGTGACATA,HTO_D,1,singlet,2605
CGAATGTCAAAGGAAG,multiplet,2,multiplet,1050
CGAATGTCAAGACACG,HTO_C,1,singlet,1479
CGAATGTCAAGTTGTC,HTO_A,1,singlet,880
CGAATGTCACAACGTT,HTO_A,1,singlet,881
CGAATGTCACGAAGCA,HTO_E,1,singlet,1447
CGAATGTCACGGCCAT,HTO_H,1,singlet,1838
CGAATGTCAGCTCGCA,HTO_F,1,singlet,2881
CGAATGTCAGTACACT,HTO_F,1,singlet,1505
CGAATGTCATAGAAAC,HTO_B,1,singlet,3676
CGAATGTCATTTCACT,HTO_B,1,singlet,5366
CGAATGTGTAAGCACG,HTO_C,1,singlet,2132
CGAATGTGTAGCGCAA,HTO_B,1,singlet,1450
CGAATGTGTATCAGTC,multiplet,2,multiplet,1536
CGAATGTGTCACTGGC,HTO_F,1,singlet,2320
CGAATGTGTGTTCGAT,HTO_C,1,singlet,993
CGAATGTGTTAAGGGC,multiplet,2,multiplet,2567
CGAATGTGTTACCGAT,HTO_A,1,singlet,829
CGAATGTGTTCAACCA,HTO_H,1,singlet,791
CGAATGTGTTCCCTTG,HTO_F,1,singlet,789
CGAATGTTCACAGTAC,multiplet,2,multiplet,5216
CGAATGTTCCAGTAGT,multiplet,2,multiplet,9370
CGAATGTTCCATGAAC,HTO_F,1,singlet,1204
CGAATGTTCGCAAGCC,HTO_D,1,singlet,1727
CGAATGTTCTAACTGG,HTO_G,1,singlet,2950
CGACCTTAGAATGTGT,HTO_G,1,singlet,1661
CGACCTTAGAGAGCTC,HTO_A,1,singlet,694
CGACCTTAGCAGACTG,HTO_E,1,singlet,1764
CGACCTTAGCAGATCG,HTO_E,1,singlet,1428
CGACCTTAGCCCAACC,HTO_E,1,singlet,242
CGACCTTAGCGCCTCA,HTO_E,1,singlet,1788
CGACCTTAGGACGAAA,HTO_G,1,singlet,790
CGACCTTAGTGACTCT,HTO_C,1,singlet,1371
CGACCTTCAAGCCTAT,HTO_G,1,singlet,1093
CGACCTTCAAGGACTG,multiplet,2,multiplet,6922
CGACCTTCAAGGCTCC,HTO_H,1,singlet,668
CGACCTTCACCAACCG,multiplet,3,multiplet,1601
CGACCTTCACCATCCT,HTO_D,1,singlet,1548
CGACCTTCACTATCTT,HTO_B,1,singlet,1701
CGACCTTCAGCCTGTG,HTO_H,1,singlet,1182
CGACCTTCAGGCTGAA,HTO_D,1,singlet,1544
CGACCTTCAGGTGCCT,HTO_D,1,singlet,2002
CGACCTTCATAGACTC,multiplet,2,multiplet,3979
CGACCTTGTAAGGGCT,HTO_G,1,singlet,404
CGACCTTGTACGACCC,HTO_C,1,singlet,756
CGACCTTGTCACTGGC,HTO_D,1,singlet,1687
CGACCTTGTCCTGCTT,HTO_B,1,singlet,586
CGACCTTGTGAGTGAC,HTO_B,1,singlet,960
CGACCTTGTGCCTGCA,HTO_G,1,singlet,1768
CGACCTTGTGGAAAGA,HTO_G,1,singlet,1748
CGACCTTGTTCCTCCA,multiplet,2,multiplet,1467
CGACCTTGTTGATTCG,multiplet,3,multiplet,7797
CGACCTTGTTGTACAC,HTO_A,1,singlet,505
CGACCTTTCAACCATG,HTO_A,1,singlet,1386
CGACCTTTCACCGTAA,HTO_C,1,singlet,4921
CGACCTTTCAGGATCT,HTO_A,1,singlet,768
CGACCTTTCAGTGTTG,HTO_A,1,singlet,211
CGACCTTTCATAGCAC,HTO_B,1,singlet,3304
CGACCTTTCATCATTC,HTO_B,1,singlet,835
CGACCTTTCATTCACT,multiplet,2,multiplet,1737
CGACCTTTCCACGTTC,HTO_D,1,singlet,1462
CGACCTTTCCAGAAGG,HTO_C,1,singlet,953
CGACCTTTCCGCAAGC,HTO_C,1,singlet,593
CGACCTTTCCTCCTAG,HTO_F,1,singlet,2372
CGACCTTTCGGCGGTT,HTO_F,1,singlet,2167
CGACCTTTCGTCCAGG,multiplet,2,multiplet,1716
CGACCTTTCTCAAACG,HTO_F,1,singlet,1546
CGACCTTTCTCAACTT,multiplet,2,multiplet,3732
CGACCTTTCTCCAACC,HTO_F,1,singlet,573
CGACTTCAGCGAGAAA,HTO_H,1,singlet,692
CGACTTCAGCGATTCT,multiplet,2,multiplet,14254
CGACTTCCAAACCCAT,multiplet,2,multiplet,2280
CGACTTCCAAGAAAGG,HTO_C,1,singlet,3074
CGACTTCCACACAGAG,HTO_E,1,singlet,996
CGACTTCCACGGTTTA,HTO_A,1,singlet,618
CGACTTCCAGCGTCCA,multiplet,2,multiplet,4416
CGACTTCCATACTACG,HTO_C,1,singlet,807
CGACTTCGTAAAGTCA,HTO_F,1,singlet,6095
CGACTTCGTAGCACGA,multiplet,2,multiplet,9340
CGACTTCGTAGGCTGA,HTO_A,1,singlet,1688
CGACTTCGTATAAACG,HTO_C,1,singlet,346
CGACTTCGTCGGGTCT,HTO_H,1,singlet,1349
CGACTTCGTGGTTTCA,HTO_D,1,singlet,6016
CGACTTCGTTAAAGTG,HTO_G,1,singlet,543
CGACTTCGTTCCATGA,HTO_B,1,singlet,3824
CGACTTCGTTCCGTCT,HTO_C,1,singlet,1436
CGACTTCGTTCTCATT,HTO_B,1,singlet,590
CGACTTCGTTGGTTTG,HTO_E,1,singlet,902
CGACTTCGTTTCCACC,HTO_B,1,singlet,1202
CGACTTCGTTTGTTTC,HTO_C,1,singlet,993
CGACTTCTCAACACTG,HTO_B,1,singlet,378
CGACTTCTCCCTGACT,multiplet,2,multiplet,6825
CGACTTCTCCTAGTGA,HTO_E,1,singlet,1427
CGACTTCTCGATCCCT,HTO_A,1,singlet,542
CGACTTCTCTTGCCGT,HTO_A,1,singlet,1454
CGAGAAGAGACAATAC,multiplet,3,multiplet,8605
CGAGAAGAGACAGAGA,HTO_A,1,singlet,1158
CGAGAAGAGAGGTACC,HTO_G,1,singlet,685
CGAGAAGAGATGGGTC,negative,0,negative,182
CGAGAAGAGCGAGAAA,HTO_E,1,singlet,1205
CGAGAAGAGGACACCA,HTO_C,1,singlet,699
CGAGAAGAGGCAGGTT,HTO_H,1,singlet,786
CGAGAAGAGGGTCGAT,HTO_C,1,singlet,616
CGAGAAGAGGGTTTCT,multiplet,2,multiplet,6678
CGAGAAGAGTCCGGTC,HTO_B,1,singlet,4343
CGAGAAGCAAACCTAC,multiplet,2,multiplet,1664
CGAGAAGCAAAGGCGT,multiplet,2,multiplet,3592
CGAGAAGCAAATTGCC,multiplet,3,multiplet,5925
CGAGAAGCAATGACCT,HTO_E,1,singlet,1616
CGAGAAGCAATGGATA,HTO_H,1,singlet,2322
CGAGAAGCAATGTTGC,HTO_B,1,singlet,1327
CGAGAAGCACGGCGTT,HTO_A,1,singlet,1018
CGAGAAGCAGGTTTCA,HTO_D,1,singlet,876
CGAGAAGCATCCTTGC,HTO_B,1,singlet,2576
CGAGAAGGTAAGCACG,HTO_H,1,singlet,3209
CGAGAAGGTAAGGATT,HTO_G,1,singlet,5117
CGAGAAGGTAGAAGGA,HTO_H,1,singlet,956
CGAGAAGGTCAGCTAT,HTO_H,1,singlet,928
CGAGAAGGTCATCCCT,multiplet,2,multiplet,3669
CGAGAAGGTGAGGCTA,HTO_C,1,singlet,675
CGAGAAGGTGGCGAAT,multiplet,2,multiplet,2903
CGAGAAGGTGGCTCCA,HTO_E,1,singlet,2228
CGAGAAGGTGTGCGTC,HTO_C,1,singlet,626
CGAGAAGGTTATCGGT,HTO_F,1,singlet,2402
CGAGAAGGTTCCTCCA,HTO_B,1,singlet,1986
CGAGAAGGTTTGGGCC,HTO_E,1,singlet,1717
CGAGAAGTCCAAACTG,HTO_E,1,singlet,2554
CGAGAAGTCCAAGCCG,HTO_G,1,singlet,1370
CGAGAAGTCGTCCAGG,HTO_C,1,singlet,1662
CGAGAAGTCTACTCAT,multiplet,2,multiplet,1652
CGAGCACAGACCACGA,HTO_G,1,singlet,2187
CGAGCACAGACTAGGC,multiplet,2,multiplet,2140
CGAGCACAGACTTGAA,HTO_A,1,singlet,3481
CGAGCACAGAGAACAG,HTO_E,1,singlet,4561
CGAGCACAGAGGTAGA,HTO_A,1,singlet,586
CGAGCACCAACTGCGC,multiplet,2,multiplet,1449
CGAGCACCAAGCCGCT,HTO_B,1,singlet,2642
CGAGCACCAATTCCTT,HTO_D,1,singlet,2654
CGAGCACCACACAGAG,HTO_B,1,singlet,2550
CGAGCACCACTTAAGC,multiplet,2,multiplet,3690
CGAGCACCACTTCTGC,HTO_E,1,singlet,1257
CGAGCACCAGAGCCAA,HTO_B,1,singlet,710
CGAGCACCAGGGATTG,HTO_F,1,singlet,288
CGAGCACGTATGGTTC,multiplet,3,multiplet,6238
CGAGCACGTCGCTTTC,HTO_A,1,singlet,1140
CGAGCACGTTCCACGG,multiplet,2,multiplet,2754
CGAGCACGTTCCACTC,HTO_E,1,singlet,1548
CGAGCACTCAAACAAG,HTO_G,1,singlet,2845
CGAGCACTCACTTACT,multiplet,2,multiplet,5355
CGAGCACTCAGCTTAG,HTO_D,1,singlet,1673
CGAGCACTCAGTTAGC,multiplet,2,multiplet,1753
CGAGCACTCCGATATG,HTO_G,1,singlet,7065
CGAGCACTCCTTAATC,HTO_B,1,singlet,1498
CGAGCACTCGTACCGG,multiplet,2,multiplet,4055
CGAGCACTCGTCCGTT,HTO_C,1,singlet,1137
CGAGCACTCTGATTCT,multiplet,2,multiplet,5168
CGAGCCAAGAAGCCCA,HTO_E,1,singlet,1415
CGAGCCAAGAAGGCCT,multiplet,2,multiplet,2875
CGAGCCAAGAAGGGTA,HTO_B,1,singlet,850
CGAGCCAAGATGTGTA,HTO_B,1,singlet,1459
CGAGCCAAGCACCGTC,HTO_B,1,singlet,906
CGAGCCAAGCCACCTG,HTO_G,1,singlet,3205
CGAGCCAAGCTATGCT,multiplet,2,multiplet,6036
CGAGCCAAGGGATCTG,HTO_B,1,singlet,4642
CGAGCCAAGGTAGCCA,HTO_H,1,singlet,3563
CGAGCCAAGTCCATAC,HTO_D,1,singlet,4855
CGAGCCAAGTGGACGT,HTO_E,1,singlet,2160
CGAGCCAAGTTGCAGG,HTO_B,1,singlet,3249
CGAGCCACAAGCTGAG,multiplet,2,multiplet,6134
CGAGCCACACAAGACG,HTO_D,1,singlet,791
CGAGCCACACACAGAG,HTO_G,1,singlet,1389
CGAGCCACACCTCGGA,HTO_F,1,singlet,1711
CGAGCCACACTCTGTC,multiplet,2,multiplet,1990
CGAGCCACAGACAAAT,HTO_D,1,singlet,979
CGAGCCACAGATTGCT,HTO_B,1,singlet,1413
CGAGCCACAGCGTCCA,HTO_C,1,singlet,434
CGAGCCACAGTCAGAG,HTO_H,1,singlet,2281
CGAGCCACATATGCTG,HTO_C,1,singlet,777
CGAGCCACATGCCTTC,HTO_A,1,singlet,794
CGAGCCACATGGTCAT,HTO_E,1,singlet,789
CGAGCCAGTAAAGTCA,multiplet,2,multiplet,1604
CGAGCCAGTAAGTGGC,HTO_F,1,singlet,2065
CGAGCCAGTAGATTAG,HTO_H,1,singlet,1015
CGAGCCAGTCACTTCC,HTO_H,1,singlet,4325
CGAGCCAGTCCATGAT,HTO_C,1,singlet,865
CGAGCCAGTCGCGAAA,HTO_C,1,singlet,954
CGAGCCAGTCTAACGT,HTO_D,1,singlet,1398
CGAGCCAGTCTCAACA,HTO_A,1,singlet,245
CGAGCCAGTCTGCGGT,HTO_H,1,singlet,257
CGAGCCAGTGCTAGCC,HTO_A,1,singlet,414
CGAGCCAGTGTCGCTG,HTO_C,1,singlet,1544
CGAGCCAGTTATCACG,HTO_B,1,singlet,1538
CGAGCCAGTTCTGAAC,HTO_D,1,singlet,1177
CGAGCCAGTTGTTTGG,HTO_G,1,singlet,666
CGAGCCAGTTTCCACC,HTO_E,1,singlet,1311
CGAGCCATCCAGTATG,HTO_F,1,singlet,1371
CGAGCCATCGGAGCAA,HTO_C,1,singlet,971
CGAGCCATCTTCATGT,HTO_G,1,singlet,1621
CGATCGGAGACAGACC,multiplet,2,multiplet,1473
CGATCGGAGACATAAC,HTO_B,1,singlet,2339
CGATCGGAGACCACGA,HTO_E,1,singlet,2251
CGATCGGAGCTGGAAC,HTO_G,1,singlet,3095
CGATCGGAGTACTTGC,HTO_H,1,singlet,1099
CGATCGGAGTGAATTG,HTO_G,1,singlet,1781
CGATCGGAGTGTTTGC,HTO_E,1,singlet,1876
CGATCGGCAATCTACG,HTO_C,1,singlet,1087
CGATCGGCACACCGAC,HTO_G,1,singlet,2425
CGATCGGCACCAGTTA,HTO_D,1,singlet,2834
CGATCGGCAGCCTTGG,multiplet,3,multiplet,3977
CGATCGGCATGTAGTC,HTO_A,1,singlet,319
CGATCGGCATTACGAC,multiplet,2,multiplet,1942
CGATCGGGTAGGCTGA,HTO_A,1,singlet,946
CGATCGGGTAGTGAAT,multiplet,2,multiplet,4464
CGATCGGGTCAAAGCG,HTO_E,1,singlet,1138
CGATCGGGTCTGATCA,HTO_F,1,singlet,1319
CGATCGGGTCTGATTG,HTO_G,1,singlet,2008
CGATCGGGTCTTCGTC,multiplet,2,multiplet,1849
CGATCGGGTGACGCCT,HTO_C,1,singlet,1222
CGATCGGGTGAGTGAC,HTO_F,1,singlet,1313
CGATCGGTCAAACCAC,HTO_E,1,singlet,3799
CGATCGGTCATACGGT,HTO_B,1,singlet,2083
CGATCGGTCCGCAGTG,HTO_F,1,singlet,1085
CGATCGGTCCTTGCCA,multiplet,2,multiplet,3311
CGATCGGTCGTCCAGG,HTO_A,1,singlet,2943
CGATCGGTCTGCTGCT,HTO_G,1,singlet,2571
CGATGGCAGACAGAGA,HTO_D,1,singlet,1786
CGATGGCAGACCCACC,multiplet,2,multiplet,3342
CGATGGCAGAGCAATT,HTO_F,1,singlet,1462
CGATGGCAGCAGCGTA,multiplet,2,multiplet,2310
CGATGGCAGGAATGGA,HTO_A,1,singlet,619
CGATGGCAGTAATCCC,multiplet,2,multiplet,2044
CGATGGCAGTGTACCT,HTO_C,1,singlet,722
CGATGGCAGTTACGGG,multiplet,2,multiplet,6266
CGATGGCCAAGGACAC,HTO_D,1,singlet,2945
CGATGGCCAAGGACTG,HTO_C,1,singlet,2047
CGATGGCCACCAACCG,HTO_A,1,singlet,1093
CGATGGCCACGAAATA,HTO_B,1,singlet,3033
CGATGGCCAGTCACTA,HTO_C,1,singlet,1037
CGATGGCCAGTGAGTG,HTO_A,1,singlet,784
CGATGGCCATCCGGGT,HTO_D,1,singlet,2915
CGATGGCCATTCTCAT,multiplet,2,multiplet,2323
CGATGGCGTAAGTGGC,multiplet,2,multiplet,2700
CGATGGCGTATCGCAT,HTO_F,1,singlet,1521
CGATGGCGTCAAAGCG,HTO_G,1,singlet,1804
CGATGGCGTCTAGTCA,multiplet,2,multiplet,1157
CGATGGCGTGGGTATG,HTO_B,1,singlet,893
CGATGGCTCAGTACGT,HTO_E,1,singlet,527
CGATGGCTCAGTTCGA,HTO_H,1,singlet,521
CGATGGCTCATCTGCC,HTO_A,1,singlet,1862
CGATGGCTCCAAAGTC,HTO_C,1,singlet,2833
CGATGGCTCCTCCTAG,HTO_B,1,singlet,2200
CGATGGCTCTCTTGAT,HTO_G,1,singlet,731
CGATGGCTCTTGTATC,multiplet,2,multiplet,4373
CGATGTAAGAAAGTGG,multiplet,2,multiplet,1582
CGATGTAAGACGACGT,HTO_A,1,singlet,1507
CGATGTAAGAGCTATA,HTO_D,1,singlet,1174
CGATGTAAGCGATTCT,HTO_B,1,singlet,1513
CGATGTAAGCGTCAAG,multiplet,2,multiplet,8423
CGATGTAAGTACGTTC,HTO_G,1,singlet,2902
CGATGTAAGTCATGCT,HTO_G,1,singlet,2459
CGATGTAAGTCTCCTC,HTO_C,1,singlet,816
CGATGTAAGTGTCTCA,HTO_H,1,singlet,3126
CGATGTAAGTTGTAGA,HTO_A,1,singlet,842
CGATGTACAAGACACG,HTO_H,1,singlet,1281
CGATGTACAATCCAAC,HTO_E,1,singlet,2906
CGATGTACACCGAAAG,HTO_A,1,singlet,703
CGATGTACACCGCTAG,HTO_F,1,singlet,411
CGATGTACACCTCGTT,multiplet,2,multiplet,2369
CGATGTACACGCCAGT,HTO_C,1,singlet,989
CGATGTACAGTTCCCT,multiplet,2,multiplet,1837
CGATGTACATATACCG,HTO_F,1,singlet,1022
CGATGTACATGGTAGG,HTO_B,1,singlet,943
CGATGTACATTCTCAT,HTO_A,1,singlet,859
CGATGTAGTCAAACTC,HTO_H,1,singlet,1451
CGATGTAGTCATGCAT,HTO_A,1,singlet,2484
CGATGTAGTCTCCATC,HTO_H,1,singlet,1869
CGATGTAGTGGCGAAT,HTO_A,1,singlet,999
CGATGTATCACAGTAC,HTO_F,1,singlet,1036
CGATGTATCACCATAG,multiplet,2,multiplet,1416
CGATGTATCAGAGCTT,HTO_E,1,singlet,3544
CGATGTATCAGCTTAG,multiplet,2,multiplet,2305
CGATGTATCCAAGTAC,HTO_B,1,singlet,4517
CGATGTATCCCAACGG,HTO_G,1,singlet,1174
CGATGTATCCTTGGTC,HTO_H,1,singlet,4762
CGATGTATCGGAGGTA,HTO_A,1,singlet,3696
CGATGTATCTCACATT,HTO_B,1,singlet,1486
CGATTGAAGAAGGTTT,HTO_G,1,singlet,4071
CGATTGAAGACACTAA,multiplet,2,multiplet,10350
CGATTGAAGAGACTAT,HTO_B,1,singlet,3410
CGATTGAAGAGATGAG,HTO_A,1,singlet,3125
CGATTGAAGATATACG,HTO_A,1,singlet,479
CGATTGAAGCAGCGTA,HTO_H,1,singlet,4548
CGATTGAAGCATCATC,multiplet,3,multiplet,3015
CGATTGAAGCGAAGGG,multiplet,2,multiplet,3766
CGATTGAAGCGATAGC,HTO_G,1,singlet,2288
CGATTGAAGCTAGCCC,HTO_D,1,singlet,4474
CGATTGAAGCTCCTTC,multiplet,2,multiplet,8246
CGATTGAAGGAGTAGA,HTO_B,1,singlet,702
CGATTGAAGGCGTACA,multiplet,2,multiplet,7062
CGATTGAAGTACGACG,HTO_H,1,singlet,2128
CGATTGACAACTGCGC,HTO_F,1,singlet,872
CGATTGACAAGCCCAC,HTO_B,1,singlet,1735
CGATTGACAAGTTAAG,HTO_A,1,singlet,589
CGATTGACAGCCAATT,multiplet,2,multiplet,1087
CGATTGACATCACAAC,HTO_C,1,singlet,1232
CGATTGACATCACCCT,multiplet,2,multiplet,1258
CGATTGACATCACGTA,multiplet,3,multiplet,10377
CGATTGACATGGTCAT,HTO_C,1,singlet,634
CGATTGACATTCCTGC,HTO_B,1,singlet,452
CGATTGAGTAAGTGGC,HTO_B,1,singlet,2013
CGATTGAGTATAGGTA,HTO_B,1,singlet,1428
CGATTGAGTATCAGTC,multiplet,2,multiplet,3392
CGATTGAGTCACACGC,HTO_H,1,singlet,2632
CGATTGAGTCCAACTA,HTO_A,1,singlet,1015
CGATTGAGTCGACTGC,HTO_B,1,singlet,4914
CGATTGAGTGGTACAG,HTO_C,1,singlet,792
CGATTGAGTTGGTAAA,HTO_G,1,singlet,839
CGATTGATCAACGGGA,HTO_B,1,singlet,20097
CGATTGATCACGATGT,HTO_G,1,singlet,949
CGATTGATCAGTGTTG,HTO_D,1,singlet,7460
CGATTGATCATTGCGA,HTO_A,1,singlet,574
CGATTGATCCGTAGTA,HTO_E,1,singlet,412
CGATTGATCGCATGAT,HTO_A,1,singlet,4463
CGATTGATCGCGTTTC,HTO_F,1,singlet,933
CGATTGATCTGGAGCC,HTO_G,1,singlet,1096
CGATTGATCTGTCTAT,HTO_D,1,singlet,1716
CGATTGATCTTAACCT,HTO_G,1,singlet,1049
CGATTGATCTTCGGTC,HTO_F,1,singlet,3577
CGCCAAGAGAAGAAGC,multiplet,2,multiplet,3384
CGCCAAGAGCCGTCGT,multiplet,2,multiplet,1965
CGCCAAGAGCGACGTA,HTO_B,1,singlet,2174
CGCCAAGAGCTGCCCA,HTO_A,1,singlet,996
CGCCAAGAGGTGTGGT,HTO_A,1,singlet,762
CGCCAAGAGGTGTTAA,multiplet,2,multiplet,2751
CGCCAAGAGTCCATAC,HTO_G,1,singlet,712
CGCCAAGCAAGCCTAT,HTO_G,1,singlet,1306
CGCCAAGCAAGCGTAG,HTO_F,1,singlet,2160
CGCCAAGCAAGCTGTT,HTO_H,1,singlet,897
CGCCAAGCAATAGAGT,HTO_A,1,singlet,2201
CGCCAAGCACCTTGTC,HTO_D,1,singlet,1371
CGCCAAGCACGAAATA,HTO_A,1,singlet,1967
CGCCAAGCACGTGAGA,HTO_A,1,singlet,1487
CGCCAAGCACTTGGAT,multiplet,2,multiplet,2570
CGCCAAGCAGCTGTGC,HTO_A,1,singlet,1483
CGCCAAGCAGTCTTCC,HTO_G,1,singlet,2213
CGCCAAGCATCGATTG,HTO_H,1,singlet,276
CGCCAAGCATCTATGG,HTO_A,1,singlet,1493
CGCCAAGCATTGGGCC,HTO_C,1,singlet,1881
CGCCAAGGTACATGTC,HTO_G,1,singlet,844
CGCCAAGGTAGAGCTG,HTO_F,1,singlet,1315
CGCCAAGGTCAACTGT,multiplet,2,multiplet,4385
CGCCAAGGTCCGTTAA,HTO_H,1,singlet,744
CGCCAAGGTCGCATCG,HTO_D,1,singlet,1454
CGCCAAGGTCTAGCCG,multiplet,2,multiplet,4374
CGCCAAGGTCTGGAGA,HTO_A,1,singlet,611
CGCCAAGGTGAACCTT,HTO_F,1,singlet,943
CGCCAAGGTTGAGTTC,HTO_G,1,singlet,1315
CGCCAAGTCACCACCT,HTO_F,1,singlet,2615
CGCCAAGTCACGACTA,HTO_B,1,singlet,1479
CGCCAAGTCCGTTGTC,HTO_G,1,singlet,2667
CGCCAAGTCCTGTAGA,multiplet,2,multiplet,1540
CGCCAAGTCCTTTCTC,HTO_C,1,singlet,1557
CGCCAAGTCTCTAGGA,HTO_H,1,singlet,1467
CGCCAAGTCTCTGTCG,HTO_D,1,singlet,3138
CGCCAAGTCTGGTTCC,HTO_B,1,singlet,2764
CGCGGTAAGAAACGCC,multiplet,2,multiplet,848
CGCGGTAAGACACTAA,multiplet,2,multiplet,7767
CGCGGTAAGATCGATA,HTO_D,1,singlet,3708
CGCGGTAAGATGCCTT,HTO_H,1,singlet,1770
CGCGGTAAGATGTGGC,HTO_B,1,singlet,3980
CGCGGTAAGCAGACTG,HTO_H,1,singlet,974
CGCGGTAAGCAGGTCA,multiplet,3,multiplet,7527
CGCGGTAAGCGGCTTC,HTO_F,1,singlet,518
CGCGGTAAGGCCCTCA,HTO_F,1,singlet,1040
CGCGGTACAACACCTA,HTO_E,1,singlet,1026
CGCGGTACAACTGCTA,HTO_A,1,singlet,300
CGCGGTACACGAAAGC,HTO_A,1,singlet,910
CGCGGTACATCACGTA,HTO_B,1,singlet,4011
CGCGGTACATGCGCAC,HTO_G,1,singlet,891
CGCGGTAGTAAATGAC,HTO_H,1,singlet,3494
CGCGGTAGTACTCGCG,HTO_A,1,singlet,689
CGCGGTAGTCAGAAGC,HTO_B,1,singlet,365
CGCGGTAGTCAGTGGA,HTO_A,1,singlet,986
CGCGGTAGTTCACGGC,HTO_F,1,singlet,4806
CGCGGTATCAAAGTAG,HTO_B,1,singlet,1494
CGCGGTATCCAGAGGA,HTO_F,1,singlet,608
CGCGGTATCTACCAGA,HTO_H,1,singlet,1318
CGCGGTATCTACGAGT,HTO_G,1,singlet,1525
CGCGTTTAGATAGTCA,HTO_G,1,singlet,1112
CGCGTTTAGCTAACTC,HTO_G,1,singlet,1084
CGCGTTTAGCTCAACT,HTO_D,1,singlet,1304
CGCGTTTAGGAGTACC,HTO_G,1,singlet,616
CGCGTTTAGGATATAC,HTO_D,1,singlet,1355
CGCGTTTAGGTGCAAC,HTO_A,1,singlet,2740
CGCGTTTCAAGGACAC,HTO_G,1,singlet,3888
CGCGTTTCAAGTTGTC,HTO_D,1,singlet,1512
CGCGTTTCAATGTTGC,HTO_E,1,singlet,855
CGCGTTTCACAACTGT,HTO_D,1,singlet,1695
CGCGTTTCACACGCTG,HTO_A,1,singlet,1121
CGCGTTTCACGAAAGC,HTO_A,1,singlet,878
CGCGTTTCACTTCTGC,HTO_B,1,singlet,2303
CGCGTTTCAGGTTTCA,HTO_F,1,singlet,1139
CGCGTTTCAGTACACT,HTO_D,1,singlet,2010
CGCGTTTCAGTCAGAG,HTO_E,1,singlet,920
CGCGTTTCATTACCTT,HTO_C,1,singlet,991
CGCGTTTGTAACGCGA,multiplet,2,multiplet,1587
CGCGTTTGTAATAGCA,HTO_E,1,singlet,4109
CGCGTTTGTCAACATC,HTO_F,1,singlet,4498
CGCGTTTGTCAGATAA,HTO_H,1,singlet,1571
CGCGTTTGTCGGCATC,HTO_C,1,singlet,770
CGCGTTTGTCTAGTGT,HTO_D,1,singlet,1685
CGCGTTTGTGATGTGG,HTO_A,1,singlet,811
CGCGTTTGTTACCGAT,HTO_G,1,singlet,705
CGCGTTTGTTGTGGCC,HTO_E,1,singlet,1076
CGCGTTTTCCCTCTTT,HTO_H,1,singlet,3517
CGCGTTTTCTTATCTG,HTO_A,1,singlet,1167
CGCGTTTTCTTGCAAG,HTO_B,1,singlet,1348
CGCGTTTTCTTGCCGT,HTO_B,1,singlet,664
CGCGTTTTCTTTCCTC,HTO_D,1,singlet,2583
CGCTATCAGAATCTCC,HTO_C,1,singlet,1271
CGCTATCAGAATGTGT,HTO_A,1,singlet,4096
CGCTATCAGCCGATTT,HTO_H,1,singlet,483
CGCTATCAGCGTGTCC,HTO_A,1,singlet,752
CGCTATCAGCTGCAAG,HTO_C,1,singlet,654
CGCTATCAGGCATGTG,multiplet,2,multiplet,9903
CGCTATCAGTGAAGTT,HTO_H,1,singlet,1379
CGCTATCAGTGCCAGA,HTO_B,1,singlet,1722
CGCTATCCAATCCGAT,HTO_E,1,singlet,3939
CGCTATCCACATTCGA,HTO_A,1,singlet,508
CGCTATCCACCAGCAC,HTO_H,1,singlet,5066
CGCTATCCACGCTTTC,HTO_H,1,singlet,214
CGCTATCCAGATAATG,multiplet,2,multiplet,3573
CGCTATCCAGCTCGAC,HTO_G,1,singlet,4452
CGCTATCCATCCCACT,HTO_A,1,singlet,225
CGCTATCCATGTTCCC,multiplet,2,multiplet,1909
CGCTATCGTCACCTAA,multiplet,3,multiplet,4824
CGCTATCGTCCGAACC,multiplet,2,multiplet,2955
CGCTATCGTCCGTCAG,HTO_A,1,singlet,1123
CGCTATCGTGAGCGAT,HTO_C,1,singlet,635
CGCTATCGTGTGCGTC,HTO_G,1,singlet,391
CGCTATCGTGTTCTTT,HTO_G,1,singlet,6560
CGCTATCTCAAACCGT,HTO_B,1,singlet,762
CGCTATCTCACCATAG,HTO_E,1,singlet,1643
CGCTATCTCACCTCGT,HTO_D,1,singlet,3079
CGCTATCTCCACTCCA,HTO_E,1,singlet,581
CGCTATCTCCTGCCAT,HTO_G,1,singlet,528
CGCTATCTCTATCGCC,multiplet,2,multiplet,1522
CGCTATCTCTTAACCT,HTO_H,1,singlet,1052
CGCTATCTCTTCTGGC,multiplet,3,multiplet,5010
CGCTGGAAGGTGCACA,HTO_F,1,singlet,347
CGCTGGAAGTATTGGA,multiplet,2,multiplet,4539
CGCTGGAAGTGTCCCG,HTO_E,1,singlet,909
CGCTGGAAGTTAGCGG,HTO_H,1,singlet,1119
CGCTGGACAAAGCAAT,HTO_G,1,singlet,1806
CGCTGGACAAAGGTGC,HTO_B,1,singlet,2088
CGCTGGACAAAGTGCG,multiplet,2,multiplet,1836
CGCTGGACAACACCTA,HTO_B,1,singlet,850
CGCTGGACACAGCCCA,multiplet,3,multiplet,8166
CGCTGGACACTCTGTC,multiplet,2,multiplet,2120
CGCTGGACAGGGCATA,multiplet,2,multiplet,5265
CGCTGGACATCGGAAG,HTO_D,1,singlet,3621
CGCTGGACATGGGAAC,HTO_C,1,singlet,2109
CGCTGGAGTAATCACC,HTO_D,1,singlet,1205
CGCTGGAGTATCAGTC,HTO_G,1,singlet,514
CGCTGGAGTCAATACC,HTO_D,1,singlet,799
CGCTGGAGTCACCTAA,HTO_A,1,singlet,710
CGCTGGAGTCGGGTCT,HTO_H,1,singlet,1199
CGCTGGAGTGCACGAA,HTO_D,1,singlet,1930
CGCTGGAGTGTAATGA,HTO_F,1,singlet,1169
CGCTGGAGTTGAACTC,HTO_H,1,singlet,1348
CGCTGGATCAGTTTGG,HTO_F,1,singlet,363
CGCTGGATCCGTAGTA,HTO_E,1,singlet,833
CGCTGGATCGCTTGTC,HTO_B,1,singlet,4410
CGCTGGATCGGAATCT,HTO_B,1,singlet,1208
CGCTGGATCTAACTCT,HTO_B,1,singlet,3953
CGCTGGATCTCCCTGA,HTO_H,1,singlet,3858
CGCTTCAAGCCGGTAA,HTO_G,1,singlet,392
CGCTTCAAGCTGCAAG,HTO_B,1,singlet,1147
CGCTTCAAGCTGCGAA,HTO_C,1,singlet,2232
CGCTTCACAAACGTGG,HTO_G,1,singlet,1561
CGCTTCACAAAGGTGC,HTO_H,1,singlet,1353
CGCTTCACAAGTCTAC,HTO_G,1,singlet,1149
CGCTTCACACACCGAC,HTO_C,1,singlet,2352
CGCTTCACACATTCGA,HTO_B,1,singlet,5565
CGCTTCACACGGTAGA,HTO_H,1,singlet,1165
CGCTTCACAGACGCCT,HTO_C,1,singlet,2566
CGCTTCACAGCGAACA,HTO_A,1,singlet,669
CGCTTCACAGTCAGAG,HTO_F,1,singlet,866
CGCTTCACAGTCGTGC,HTO_B,1,singlet,2929
CGCTTCACATCATCCC,multiplet,2,multiplet,4417
CGCTTCACATGCCCGA,HTO_C,1,singlet,418
CGCTTCACATTATCTC,HTO_B,1,singlet,3471
CGCTTCACATTCTCAT,HTO_G,1,singlet,849
CGCTTCAGTACTTGAC,multiplet,2,multiplet,1426
CGCTTCAGTCACAAGG,HTO_F,1,singlet,569
CGCTTCAGTGCCTGCA,HTO_B,1,singlet,2937
CGCTTCAGTTACCAGT,HTO_C,1,singlet,1818
CGCTTCATCCGTCAAA,HTO_F,1,singlet,4344
CGCTTCATCGAACGGA,HTO_C,1,singlet,2797
CGCTTCATCGAGAACG,HTO_B,1,singlet,3393
CGCTTCATCGGCTTGG,HTO_F,1,singlet,1851
CGCTTCATCTCGGACG,HTO_D,1,singlet,3132
CGGACACAGAAGGGTA,HTO_B,1,singlet,616
CGGACACAGAGCTGCA,HTO_F,1,singlet,526
CGGACACAGATATGCA,HTO_E,1,singlet,1184
CGGACACAGATTACCC,HTO_H,1,singlet,4732
CGGACACAGCTAAGAT,HTO_C,1,singlet,1134
CGGACACAGGTGTTAA,HTO_H,1,singlet,885
CGGACACAGTTACCCA,HTO_H,1,singlet,1164
CGGACACCAAACGTGG,multiplet,2,multiplet,5028
CGGACACCAAAGCGGT,multiplet,2,multiplet,4285
CGGACACCAAATACAG,HTO_G,1,singlet,663
CGGACACCAACAACCT,HTO_G,1,singlet,715
CGGACACCACAGATTC,HTO_B,1,singlet,358
CGGACACCACCGAAAG,HTO_G,1,singlet,3096
CGGACACCACCTCGTT,HTO_D,1,singlet,1238
CGGACACCATGACATC,multiplet,2,multiplet,6668
CGGACACCATGCAACT,multiplet,2,multiplet,3537
CGGACACGTAAATACG,HTO_C,1,singlet,1171
CGGACACGTCGAACAG,HTO_G,1,singlet,719
CGGACACGTTATCCGA,HTO_D,1,singlet,2981
CGGACACTCACAAACC,multiplet,2,multiplet,2881
CGGACACTCCAGATCA,HTO_H,1,singlet,4511
CGGACACTCCGCAGTG,HTO_C,1,singlet,723
CGGACACTCCTTTCGG,HTO_D,1,singlet,1796
CGGACACTCTACCTGC,multiplet,2,multiplet,981
CGGACGTAGACTAAGT,HTO_D,1,singlet,4740
CGGACGTAGAGTTGGC,HTO_H,1,singlet,237
CGGACGTAGCGCTTAT,HTO_D,1,singlet,757
CGGACGTAGCGTTGCC,multiplet,2,multiplet,1774
CGGACGTAGGATGCGT,HTO_B,1,singlet,1524
CGGACGTAGTGAAGTT,HTO_C,1,singlet,556
CGGACGTAGTGGAGAA,HTO_H,1,singlet,647
CGGACGTAGTGTTTGC,HTO_B,1,singlet,737
CGGACGTCAAATTGCC,HTO_C,1,singlet,1665
CGGACGTCAAGACGTG,HTO_D,1,singlet,1433
CGGACGTCACAGAGGT,HTO_A,1,singlet,340
CGGACGTCAGTTCCCT,HTO_F,1,singlet,854
CGGACGTCATACGCTA,multiplet,3,multiplet,2479
CGGACGTCATCGATTG,HTO_A,1,singlet,958
CGGACGTCATTAGGCT,HTO_H,1,singlet,376
CGGACGTCATTTGCTT,HTO_G,1,singlet,2318
CGGACGTGTACTTAGC,HTO_H,1,singlet,336
CGGACGTGTATAAACG,HTO_E,1,singlet,1562
CGGACGTGTCAGATAA,HTO_B,1,singlet,1061
CGGACGTGTGCGCTTG,HTO_H,1,singlet,1366
CGGACGTTCACTTACT,HTO_E,1,singlet,433
CGGACGTTCAGTCCCT,HTO_A,1,singlet,445
CGGACGTTCATATCGG,HTO_D,1,singlet,2128
CGGACGTTCATGCAAC,multiplet,2,multiplet,2604
CGGACGTTCGCGCCAA,multiplet,2,multiplet,908
CGGACTGAGCGACGTA,HTO_C,1,singlet,579
CGGACTGAGGAGCGAG,HTO_E,1,singlet,1044
CGGACTGAGTAGGCCA,HTO_D,1,singlet,4444
CGGACTGAGTCGTACT,HTO_C,1,singlet,687
CGGACTGAGTTACCCA,multiplet,2,multiplet,1331
CGGACTGCAAACTGCT,HTO_B,1,singlet,573
CGGACTGCAATCCGAT,multiplet,2,multiplet,1012
CGGACTGCAATGAATG,HTO_C,1,singlet,1005
CGGACTGCAATTCCTT,HTO_A,1,singlet,221
CGGACTGCACCCTATC,HTO_C,1,singlet,1512
CGGACTGCACTAAGTC,HTO_F,1,singlet,2531
CGGACTGCAGTGACAG,HTO_D,1,singlet,925
CGGACTGCAGTTAACC,HTO_C,1,singlet,622
CGGACTGCATCTGGTA,HTO_G,1,singlet,871
CGGACTGGTAGATTAG,multiplet,3,multiplet,2181
CGGACTGGTCAGAATA,HTO_F,1,singlet,1974
CGGACTGGTCGAACAG,HTO_C,1,singlet,667
CGGACTGGTTATTCTC,HTO_A,1,singlet,972
CGGACTGGTTCTGGTA,HTO_B,1,singlet,1750
CGGACTGGTTTGACTG,HTO_C,1,singlet,2008
CGGACTGTCAGCTCTC,HTO_B,1,singlet,1514
CGGACTGTCAGTACGT,HTO_C,1,singlet,736
CGGACTGTCATAACCG,HTO_A,1,singlet,196
CGGACTGTCATGCATG,HTO_G,1,singlet,3775
CGGACTGTCCAAAGTC,HTO_G,1,singlet,1670
CGGACTGTCCCTAATT,HTO_E,1,singlet,1065
CGGACTGTCCTCTAGC,multiplet,2,multiplet,2167
CGGACTGTCGTGGGAA,HTO_G,1,singlet,818
CGGACTGTCTCAAGTG,multiplet,2,multiplet,4447
CGGACTGTCTGGGCCA,HTO_B,1,singlet,2553
CGGACTGTCTTGCATT,HTO_C,1,singlet,2346
CGGAGCTAGAGCAATT,HTO_H,1,singlet,1540
CGGAGCTAGAGCTATA,HTO_B,1,singlet,424
CGGAGCTAGGTGACCA,multiplet,2,multiplet,5776
CGGAGCTAGGTGATTA,HTO_E,1,singlet,927
CGGAGCTAGGTTCCTA,HTO_D,1,singlet,1706
CGGAGCTCACATTTCT,HTO_A,1,singlet,638
CGGAGCTCACCAGGCT,multiplet,2,multiplet,1925
CGGAGCTCACGAAAGC,HTO_D,1,singlet,851
CGGAGCTCATCACCCT,HTO_G,1,singlet,1125
CGGAGCTGTAAGTGTA,HTO_C,1,singlet,832
CGGAGCTGTACCGTAT,HTO_G,1,singlet,551
CGGAGCTGTATAATGG,HTO_A,1,singlet,1409
CGGAGCTGTATCGCAT,multiplet,3,multiplet,6454
CGGAGCTGTCGAAAGC,multiplet,3,multiplet,3547
CGGAGCTGTCTCTTTA,multiplet,2,multiplet,4127
CGGAGCTGTCTTCTCG,HTO_A,1,singlet,632
CGGAGCTGTGCAGACA,multiplet,2,multiplet,1338
CGGAGCTGTTACCGAT,multiplet,2,multiplet,1581
CGGAGCTGTTCTGAAC,HTO_D,1,singlet,2870
CGGAGCTTCAACCATG,HTO_D,1,singlet,3172
CGGAGCTTCACCAGGC,HTO_D,1,singlet,2805
CGGAGCTTCACCGGGT,HTO_D,1,singlet,2331
CGGAGCTTCAGCTTAG,HTO_G,1,singlet,816
CGGAGCTTCCTATTCA,HTO_H,1,singlet,3157
CGGAGCTTCGCATGGC,HTO_G,1,singlet,1478
CGGAGCTTCGGAGCAA,multiplet,3,multiplet,5241
CGGAGCTTCTCGCTTG,HTO_B,1,singlet,559
CGGAGTCAGATGTGTA,HTO_B,1,singlet,1309
CGGAGTCAGCCGGTAA,HTO_B,1,singlet,1443
CGGAGTCAGCGATGAC,HTO_G,1,singlet,425
CGGAGTCAGCGCCTCA,HTO_G,1,singlet,895
CGGAGTCAGGATCGCA,HTO_D,1,singlet,3714
CGGAGTCAGGTAGCTG,HTO_A,1,singlet,1073
CGGAGTCAGTCCATAC,HTO_A,1,singlet,1659
CGGAGTCAGTCCGGTC,HTO_F,1,singlet,863
CGGAGTCCAAACGCGA,HTO_E,1,singlet,1861
CGGAGTCCAAATTGCC,multiplet,2,multiplet,2649
CGGAGTCCAAGCCGTC,HTO_G,1,singlet,261
CGGAGTCCAAGGACTG,HTO_A,1,singlet,953
CGGAGTCCAATGACCT,HTO_D,1,singlet,1186
CGGAGTCCAATGGAGC,HTO_B,1,singlet,1318
CGGAGTCCACAGACAG,HTO_A,1,singlet,1101
CGGAGTCCACCGAAAG,HTO_C,1,singlet,822
CGGAGTCGTACCCAAT,multiplet,2,multiplet,2485
CGGAGTCGTCTGATCA,HTO_C,1,singlet,621
CGGAGTCGTTACAGAA,HTO_D,1,singlet,1330
CGGAGTCGTTACGCGC,multiplet,2,multiplet,7651
CGGAGTCGTTGCGCAC,multiplet,3,multiplet,3798
CGGAGTCTCAAAGTAG,HTO_C,1,singlet,671
CGGAGTCTCCAAGTAC,HTO_F,1,singlet,1143
CGGAGTCTCCCATTTA,HTO_C,1,singlet,722
CGGAGTCTCGCAGGCT,multiplet,2,multiplet,3987
CGGAGTCTCGGAGCAA,HTO_E,1,singlet,928
CGGAGTCTCTAAGCCA,HTO_C,1,singlet,1569
CGGAGTCTCTATCCTA,HTO_E,1,singlet,1172
CGGAGTCTCTCACATT,multiplet,2,multiplet,801
CGGCTAGAGAGCAATT,multiplet,2,multiplet,2308
CGGCTAGAGAGCCTAG,multiplet,2,multiplet,2780
CGGCTAGAGATAGTCA,HTO_B,1,singlet,3164
CGGCTAGAGCACGCCT,HTO_D,1,singlet,1748
CGGCTAGAGCTAACAA,HTO_F,1,singlet,703
CGGCTAGAGGCGATAC,multiplet,2,multiplet,1443
CGGCTAGCAAGGTTTC,HTO_B,1,singlet,3283
CGGCTAGCAAGTAGTA,HTO_A,1,singlet,358
CGGCTAGCAAGTCATC,HTO_H,1,singlet,737
CGGCTAGCAATCCAAC,HTO_A,1,singlet,368
CGGCTAGCAATGGACG,HTO_B,1,singlet,1013
CGGCTAGCAATTCCTT,HTO_C,1,singlet,684
CGGCTAGCACGGCCAT,HTO_F,1,singlet,2963
CGGCTAGCAGTAAGAT,HTO_A,1,singlet,903
CGGCTAGCATAGTAAG,HTO_G,1,singlet,531
CGGCTAGCATCAGTAC,HTO_H,1,singlet,1447
CGGCTAGCATGTCGAT,HTO_C,1,singlet,1454
CGGCTAGGTAAATGTG,HTO_A,1,singlet,2252
CGGCTAGGTAATCGTC,HTO_F,1,singlet,539
CGGCTAGGTATAGGGC,multiplet,2,multiplet,2362
CGGCTAGGTCCAGTTA,HTO_C,1,singlet,1949
CGGCTAGGTGAGTATA,HTO_B,1,singlet,6078
CGGCTAGGTGCTCTTC,HTO_C,1,singlet,1130
CGGCTAGGTGGTCCGT,HTO_B,1,singlet,3583
CGGCTAGGTGTTTGGT,HTO_D,1,singlet,1473
CGGCTAGGTTACCAGT,HTO_A,1,singlet,709
CGGCTAGGTTTACTCT,HTO_D,1,singlet,1668
CGGCTAGTCAGAGGTG,HTO_E,1,singlet,731
CGGCTAGTCCCATTTA,HTO_F,1,singlet,2226
CGGCTAGTCCGTACAA,HTO_C,1,singlet,592
CGGCTAGTCCTGTACC,HTO_B,1,singlet,1796
CGGCTAGTCGGTCCGA,HTO_A,1,singlet,770
CGGCTAGTCTCGCATC,HTO_E,1,singlet,1010
CGGCTAGTCTGCTTGC,HTO_B,1,singlet,999
CGGGTCAAGATCCTGT,HTO_B,1,singlet,2070
CGGGTCAAGCACCGTC,multiplet,2,multiplet,5128
CGGGTCAAGCTAGTGG,HTO_C,1,singlet,571
CGGGTCAAGGTGCTTT,HTO_E,1,singlet,4257
CGGGTCAAGTGGTCCC,HTO_A,1,singlet,336
CGGGTCACAACAACCT,HTO_C,1,singlet,2932
CGGGTCACAGGAATGC,HTO_E,1,singlet,1247
CGGGTCACAGGCTGAA,multiplet,2,multiplet,3456
CGGGTCACAGTCTTCC,multiplet,2,multiplet,2182
CGGGTCACATCATCCC,HTO_D,1,singlet,2224
CGGGTCACATGCGCAC,HTO_D,1,singlet,1424
CGGGTCAGTAAACGCG,HTO_G,1,singlet,556
CGGGTCAGTCCAACTA,HTO_A,1,singlet,1020
CGGGTCAGTCTGGAGA,HTO_H,1,singlet,3358
CGGGTCAGTGATAAGT,HTO_H,1,singlet,797
CGGGTCATCAGTTAGC,HTO_G,1,singlet,619
CGGGTCATCCGCATCT,HTO_G,1,singlet,832
CGGGTCATCGGTCCGA,multiplet,2,multiplet,3344
CGGGTCATCTCAAGTG,negative,0,negative,106
CGGTTAAAGAATTCCC,HTO_F,1,singlet,1064
CGGTTAAAGACTAGAT,multiplet,2,multiplet,1402
CGGTTAAAGCGATATA,HTO_C,1,singlet,3681
CGGTTAAAGGACGAAA,HTO_G,1,singlet,1160
CGGTTAAAGGGATGGG,HTO_A,1,singlet,588
CGGTTAAAGTCCTCCT,HTO_C,1,singlet,824
CGGTTAACAAACAACA,HTO_E,1,singlet,1529
CGGTTAACACACCGAC,HTO_E,1,singlet,2228
CGGTTAACACTCTGTC,HTO_C,1,singlet,644
CGGTTAACAGACTCGC,HTO_F,1,singlet,2405
CGGTTAACAGCTCCGA,HTO_E,1,singlet,974
CGGTTAACATCTACGA,HTO_D,1,singlet,2434
CGGTTAAGTCATCCCT,HTO_D,1,singlet,1621
CGGTTAAGTCGACTGC,HTO_B,1,singlet,2678
CGGTTAAGTCGCGGTT,HTO_D,1,singlet,5243
CGGTTAAGTCTCGTTC,HTO_C,1,singlet,1144
CGGTTAAGTGTGACCC,HTO_H,1,singlet,1371
CGGTTAAGTGTGCCTG,HTO_F,1,singlet,1153
CGGTTAAGTGTTCTTT,HTO_B,1,singlet,1237
CGGTTAAGTTAAGAAC,multiplet,2,multiplet,3666
CGGTTAAGTTAAGGGC,multiplet,2,multiplet,1677
CGGTTAAGTTAGATGA,HTO_F,1,singlet,1998
CGGTTAATCACATGCA,HTO_G,1,singlet,1087
CGGTTAATCATGCATG,HTO_A,1,singlet,608
CGGTTAATCCCAGGTG,multiplet,2,multiplet,3073
CGGTTAATCCCTCAGT,HTO_G,1,singlet,2031
CGGTTAATCCGAACGC,multiplet,2,multiplet,759
CGGTTAATCCTAGGGC,HTO_F,1,singlet,2305
CGGTTAATCCTCATTA,HTO_C,1,singlet,983
CGGTTAATCGGTCCGA,HTO_B,1,singlet,2026
CGGTTAATCGTCCGTT,HTO_D,1,singlet,2322
CGGTTAATCTCCTATA,multiplet,2,multiplet,1262
CGGTTAATCTCGGACG,HTO_H,1,singlet,2731
CGTAGCGAGCAAATCA,HTO_E,1,singlet,2703
CGTAGCGAGCTCAACT,HTO_D,1,singlet,4709
CGTAGCGAGGTGACCA,multiplet,3,multiplet,4407
CGTAGCGAGTCTCAAC,multiplet,2,multiplet,2532
CGTAGCGAGTTAGGTA,multiplet,2,multiplet,3453
CGTAGCGCAAACCCAT,HTO_E,1,singlet,1080
CGTAGCGCAATGGAAT,HTO_D,1,singlet,4699
CGTAGCGCACATCCGG,HTO_B,1,singlet,6252
CGTAGCGCACGTAAGG,HTO_H,1,singlet,2218
CGTAGCGCAGCTGCTG,HTO_F,1,singlet,932
CGTAGCGCAGGCTCAC,HTO_G,1,singlet,1675
CGTAGCGCAGGTTTCA,HTO_A,1,singlet,859
CGTAGCGCATAGGATA,HTO_H,1,singlet,833
CGTAGCGCATGTCGAT,HTO_G,1,singlet,579
CGTAGCGGTAAATACG,HTO_F,1,singlet,457
CGTAGCGGTAGGGTAC,multiplet,2,multiplet,1859
CGTAGCGGTATCTGCA,HTO_H,1,singlet,416
CGTAGCGGTCACTTCC,HTO_G,1,singlet,830
CGTAGCGGTCTCCATC,HTO_E,1,singlet,3156
CGTAGCGGTGTGGTTT,HTO_H,1,singlet,783
CGTAGCGGTGTTGAGG,HTO_B,1,singlet,651
CGTAGCGGTTCAACCA,HTO_A,1,singlet,198
CGTAGCGGTTCCGGCA,HTO_H,1,singlet,298
CGTAGCGTCCCACTTG,HTO_A,1,singlet,265
CGTAGCGTCCTAGTGA,multiplet,2,multiplet,3140
CGTAGCGTCGATAGAA,HTO_E,1,singlet,192
CGTAGCGTCGGCTTGG,HTO_F,1,singlet,123
CGTAGCGTCGTCCGTT,HTO_C,1,singlet,70
CGTAGGCAGCTCCTTC,HTO_D,1,singlet,1316
CGTAGGCAGGTCATCT,HTO_D,1,singlet,1496
CGTAGGCAGTATGACA,HTO_G,1,singlet,644
CGTAGGCAGTCTCAAC,multiplet,2,multiplet,2247
CGTAGGCAGTGCGTGA,HTO_H,1,singlet,785
CGTAGGCAGTGGGTTG,HTO_D,1,singlet,2090
CGTAGGCCAATAGCGG,HTO_A,1,singlet,695
CGTAGGCCAATCTACG,multiplet,2,multiplet,1031
CGTAGGCCACGCATCG,HTO_D,1,singlet,492
CGTAGGCCAGCGTAAG,HTO_C,1,singlet,367
CGTAGGCCAGTCGATT,HTO_G,1,singlet,2771
CGTAGGCCATCCAACA,HTO_E,1,singlet,2597
CGTAGGCCATCGTCGG,multiplet,2,multiplet,3123
CGTAGGCGTAAGAGGA,multiplet,2,multiplet,2828
CGTAGGCGTATAGGTA,HTO_C,1,singlet,743
CGTAGGCGTCTCCACT,HTO_F,1,singlet,1987
CGTAGGCGTTAAGACA,HTO_A,1,singlet,1550
CGTAGGCGTTCGGGCT,HTO_F,1,singlet,2514
CGTAGGCTCAACCAAC,HTO_F,1,singlet,251
CGTAGGCTCAGCGACC,HTO_G,1,singlet,487
CGTAGGCTCATCACCC,HTO_G,1,singlet,2206
CGTAGGCTCATGCAAC,multiplet,2,multiplet,3093
CGTAGGCTCATGCATG,HTO_B,1,singlet,2440
CGTAGGCTCATTTGGG,HTO_E,1,singlet,2326
CGTAGGCTCCAGGGCT,HTO_C,1,singlet,600
CGTAGGCTCCCATTTA,multiplet,2,multiplet,8044
CGTAGGCTCCGAATGT,HTO_D,1,singlet,1980
CGTAGGCTCCGCTGTT,HTO_H,1,singlet,705
CGTAGGCTCCGTCATC,HTO_C,1,singlet,338
CGTAGGCTCCTCTAGC,HTO_B,1,singlet,2246
CGTAGGCTCCTTAATC,HTO_B,1,singlet,850
CGTAGGCTCCTTTCGG,HTO_D,1,singlet,1063
CGTAGGCTCGACGGAA,HTO_B,1,singlet,2719
CGTAGGCTCGCCTGTT,multiplet,2,multiplet,1289
CGTAGGCTCGTCGTTC,multiplet,2,multiplet,3011
CGTAGGCTCGTGACAT,multiplet,2,multiplet,878
CGTAGGCTCTACTTAC,multiplet,2,multiplet,3226
CGTCACTAGAGGTAGA,HTO_D,1,singlet,1662
CGTCACTAGAGGTTGC,HTO_D,1,singlet,346
CGTCACTAGATGCGAC,HTO_D,1,singlet,1523
CGTCACTAGTAGGTGC,HTO_D,1,singlet,2605
CGTCACTCACGACTCG,HTO_A,1,singlet,215
CGTCACTCAGGAATCG,HTO_F,1,singlet,614
CGTCACTCATAAAGGT,HTO_A,1,singlet,787
CGTCACTCATTAACCG,multiplet,2,multiplet,4308
CGTCACTGTACCCAAT,HTO_C,1,singlet,1002
CGTCACTGTCAAAGCG,HTO_E,1,singlet,1313
CGTCACTGTCACACGC,HTO_E,1,singlet,1135
CGTCACTGTGACCAAG,HTO_H,1,singlet,949
CGTCACTGTTCTGTTT,multiplet,2,multiplet,1776
CGTCACTTCAACACCA,HTO_C,1,singlet,504
CGTCACTTCACCCGAG,HTO_A,1,singlet,454
CGTCACTTCACCGTAA,HTO_D,1,singlet,3462
CGTCACTTCCGCTGTT,HTO_D,1,singlet,2144
CGTCACTTCCTGCCAT,HTO_F,1,singlet,3485
CGTCACTTCCTTGGTC,HTO_E,1,singlet,743
CGTCACTTCGGTTCGG,multiplet,2,multiplet,2318
CGTCACTTCTCGCTTG,HTO_H,1,singlet,1078
CGTCACTTCTCTAGGA,multiplet,2,multiplet,1506
CGTCACTTCTGCTGTC,HTO_B,1,singlet,844
CGTCACTTCTTCCTTC,HTO_E,1,singlet,1333
CGTCAGGAGACAGAGA,HTO_A,1,singlet,466
CGTCAGGAGCAGGCTA,HTO_D,1,singlet,2543
CGTCAGGAGGACGAAA,HTO_H,1,singlet,701
CGTCAGGAGGCCATAG,HTO_B,1,singlet,5076
CGTCAGGAGTGGTAAT,HTO_D,1,singlet,1761
CGTCAGGCAAATTGCC,HTO_E,1,singlet,1401
CGTCAGGCAAGTTGTC,HTO_C,1,singlet,556
CGTCAGGCACCTCGGA,HTO_G,1,singlet,602
CGTCAGGCACGGTTTA,HTO_H,1,singlet,648
CGTCAGGCAGACTCGC,HTO_F,1,singlet,2671
CGTCAGGCAGCTCCGA,HTO_C,1,singlet,503
CGTCAGGCAGCTGCAC,HTO_G,1,singlet,871
CGTCAGGCAGTCAGCC,HTO_H,1,singlet,953
CGTCAGGGTACAGCAG,multiplet,2,multiplet,4154
CGTCAGGGTACCGTAT,HTO_G,1,singlet,896
CGTCAGGGTAGAAGGA,HTO_B,1,singlet,1319
CGTCAGGGTGTTAAGA,HTO_F,1,singlet,1654
CGTCAGGGTTATTCTC,HTO_D,1,singlet,3577
CGTCAGGGTTCCACAA,HTO_H,1,singlet,774
CGTCAGGGTTCTGGTA,HTO_B,1,singlet,1075
CGTCAGGTCCCAAGTA,HTO_D,1,singlet,1163
CGTCAGGTCCTTTCGG,HTO_A,1,singlet,7882
CGTCAGGTCGAACGGA,HTO_E,1,singlet,941
CGTCAGGTCGGAGCAA,HTO_F,1,singlet,982
CGTCAGGTCGTTTAGG,HTO_H,1,singlet,619
CGTCAGGTCTACGAGT,HTO_D,1,singlet,1701
CGTCCATAGAGAACAG,HTO_D,1,singlet,2237
CGTCCATAGCCTCGTG,HTO_D,1,singlet,1135
CGTCCATAGCCTTGAT,HTO_D,1,singlet,2020
CGTCCATAGCTAACAA,HTO_A,1,singlet,750
CGTCCATAGGACACCA,HTO_H,1,singlet,900
CGTCCATAGGGAAACA,HTO_D,1,singlet,6654
CGTCCATCAATTGCTG,HTO_F,1,singlet,1230
CGTCCATCACATTTCT,HTO_C,1,singlet,631
CGTCCATCAGGGTACA,HTO_A,1,singlet,916
CGTCCATCATAGAAAC,HTO_G,1,singlet,423
CGTCCATCATCACCCT,HTO_E,1,singlet,3685
CGTCCATCATGAGCGA,HTO_C,1,singlet,2226
CGTCCATGTAGGAGTC,HTO_G,1,singlet,2774
CGTCCATGTATATGAG,HTO_B,1,singlet,4061
CGTCCATGTCGCGGTT,HTO_C,1,singlet,462
CGTCCATGTCGCTTCT,HTO_G,1,singlet,1389
CGTCCATGTGACAAAT,HTO_F,1,singlet,769
CGTCCATGTGCACGAA,HTO_F,1,singlet,553
CGTCCATGTTGTACAC,HTO_H,1,singlet,1641
CGTCCATGTTTCGCTC,HTO_D,1,singlet,1245
CGTCCATTCACATAGC,HTO_G,1,singlet,328
CGTCCATTCATGCATG,multiplet,4,multiplet,10298
CGTCCATTCCATTCTA,HTO_G,1,singlet,1089
CGTCCATTCCTTGACC,HTO_D,1,singlet,984
CGTCCATTCCTTTCTC,HTO_C,1,singlet,873
CGTCCATTCTCAACTT,HTO_G,1,singlet,3886
CGTCCATTCTCGTATT,HTO_B,1,singlet,895
CGTCTACAGAATTGTG,HTO_B,1,singlet,859
CGTCTACAGACACGAC,HTO_E,1,singlet,3294
CGTCTACAGCCATCGC,HTO_E,1,singlet,1292
CGTCTACAGCCTCGTG,HTO_G,1,singlet,1197
CGTCTACAGCTATGCT,HTO_A,1,singlet,527
CGTCTACAGCTGCGAA,HTO_A,1,singlet,233
CGTCTACAGGATGTAT,HTO_D,1,singlet,1465
CGTCTACAGTCTTGCA,HTO_D,1,singlet,1320
CGTCTACAGTTAAGTG,HTO_E,1,singlet,1613
CGTCTACCAAGTACCT,HTO_H,1,singlet,746
CGTCTACCACATTTCT,HTO_G,1,singlet,2908
CGTCTACCACCAGATT,HTO_G,1,singlet,1187
CGTCTACCACTCTGTC,HTO_G,1,singlet,1402
CGTCTACCAGCAGTTT,HTO_G,1,singlet,1016
CGTCTACCATAAAGGT,HTO_A,1,singlet,467
CGTCTACCATGCCTTC,HTO_H,1,singlet,354
CGTCTACGTAACGTTC,HTO_F,1,singlet,3655
CGTCTACGTACGAAAT,HTO_H,1,singlet,982
CGTCTACGTACTTCTT,multiplet,2,multiplet,3059
CGTCTACGTATGCTTG,HTO_H,1,singlet,671
CGTCTACGTCCATCCT,HTO_F,1,singlet,1419
CGTCTACGTCGTTGTA,multiplet,2,multiplet,801
CGTCTACGTGTGACCC,HTO_E,1,singlet,506
CGTCTACTCCCTGACT,HTO_D,1,singlet,4400
CGTCTACTCCGTTGTC,HTO_G,1,singlet,2578
CGTCTACTCGTGGACC,HTO_A,1,singlet,1168
CGTGAGCAGACACTAA,HTO_B,1,singlet,2010
CGTGAGCAGAGACTAT,HTO_G,1,singlet,2217
CGTGAGCAGAGATGAG,HTO_D,1,singlet,1666
CGTGAGCAGCAGCCTC,HTO_C,1,singlet,1053
CGTGAGCAGCTACCGC,multiplet,2,multiplet,1691
CGTGAGCAGGAGTACC,HTO_B,1,singlet,2270
CGTGAGCAGGCAAAGA,HTO_F,1,singlet,810
CGTGAGCAGTGTGAAT,multiplet,3,multiplet,2538
CGTGAGCCAAACTGTC,HTO_A,1,singlet,2440
CGTGAGCCAACGATGG,HTO_D,1,singlet,4603
CGTGAGCCAAGAAGAG,HTO_B,1,singlet,984
CGTGAGCCAATCACAC,HTO_G,1,singlet,813
CGTGAGCCACAAGACG,HTO_H,1,singlet,912
CGTGAGCCACCGATAT,multiplet,4,multiplet,3214
CGTGAGCCAGCCTTTC,HTO_G,1,singlet,882
CGTGAGCCATTTGCTT,HTO_C,1,singlet,995
CGTGAGCGTAAGTGGC,multiplet,2,multiplet,2343
CGTGAGCGTAGGCATG,HTO_F,1,singlet,1293
CGTGAGCGTCAGATAA,HTO_A,1,singlet,915
CGTGAGCGTCTAGCCG,HTO_A,1,singlet,277
CGTGAGCGTGACGGTA,HTO_G,1,singlet,1670
CGTGAGCGTGTAAGTA,multiplet,2,multiplet,2033
CGTGAGCGTTACGGAG,HTO_E,1,singlet,1234
CGTGAGCGTTATCACG,multiplet,2,multiplet,1220
CGTGAGCTCAGGTAAA,HTO_G,1,singlet,484
CGTGAGCTCAGTTTGG,HTO_D,1,singlet,2829
CGTGAGCTCATGTGGT,HTO_F,1,singlet,871
CGTGAGCTCCACGACG,HTO_A,1,singlet,1029
CGTGAGCTCCGCGCAA,multiplet,2,multiplet,1424
CGTGAGCTCCTCAACC,HTO_G,1,singlet,610
CGTGAGCTCGGAGGTA,HTO_H,1,singlet,2966
CGTGAGCTCTAAGCCA,HTO_D,1,singlet,1476
CGTGAGCTCTATGTGG,HTO_F,1,singlet,781
CGTGAGCTCTCCCTGA,HTO_G,1,singlet,754
CGTGAGCTCTTCATGT,HTO_B,1,singlet,732
CGTGAGCTCTTTACAC,HTO_G,1,singlet,2643
CGTGTAAAGAATCTCC,HTO_A,1,singlet,256
CGTGTAAAGCGAAGGG,HTO_H,1,singlet,750
CGTGTAAAGGCTAGGT,HTO_A,1,singlet,558
CGTGTAAAGGTAGCTG,HTO_C,1,singlet,757
CGTGTAAAGGTGCACA,HTO_H,1,singlet,1180
CGTGTAAAGTCGCCGT,multiplet,2,multiplet,752
CGTGTAAAGTGGGTTG,HTO_E,1,singlet,232
CGTGTAAAGTTAACGA,HTO_H,1,singlet,398
CGTGTAACAAACGTGG,HTO_H,1,singlet,960
CGTGTAACAAGTTCTG,HTO_C,1,singlet,343
CGTGTAACACGCGAAA,HTO_H,1,singlet,361
CGTGTAACAGCGATCC,HTO_F,1,singlet,551
CGTGTAACATAGACTC,multiplet,2,multiplet,709
CGTGTAACATATACCG,HTO_B,1,singlet,500
CGTGTAACATCGGAAG,HTO_C,1,singlet,355
CGTGTAAGTACATCCA,HTO_E,1,singlet,650
CGTGTAAGTGGTGTAG,HTO_B,1,singlet,2589
CGTGTAAGTGTCAATC,HTO_B,1,singlet,560
CGTGTAAGTTGATTGC,HTO_A,1,singlet,1403
CGTGTAATCAACACGT,HTO_H,1,singlet,366
CGTGTAATCAGTCAGT,HTO_H,1,singlet,295
CGTGTAATCATCTGTT,HTO_H,1,singlet,677
CGTGTAATCATGGTCA,HTO_D,1,singlet,757
CGTGTAATCGAGCCCA,HTO_A,1,singlet,513
CGTGTAATCTCGTTTA,HTO_C,1,singlet,221
CGTGTAATCTTCGGTC,HTO_F,1,singlet,410
CGTGTCTAGCTTATCG,HTO_C,1,singlet,453
CGTGTCTAGTCATGCT,HTO_A,1,singlet,665
CGTGTCTAGTGAACAT,HTO_E,1,singlet,2030
CGTGTCTAGTTAACGA,HTO_B,1,singlet,1943
CGTGTCTCACCCTATC,HTO_G,1,singlet,442
CGTGTCTCACTCAGGC,HTO_C,1,singlet,296
CGTGTCTCACTCTGTC,HTO_B,1,singlet,631
CGTGTCTCAGCGTCCA,HTO_G,1,singlet,321
CGTGTCTCAGGCGATA,multiplet,3,multiplet,2741
CGTGTCTCATACTACG,HTO_G,1,singlet,314
CGTGTCTGTATAAACG,HTO_F,1,singlet,921
CGTGTCTGTCCTGCTT,HTO_C,1,singlet,449
CGTGTCTGTCTCACCT,HTO_G,1,singlet,388
CGTGTCTGTGACAAAT,HTO_G,1,singlet,642
CGTGTCTGTGCAGTAG,HTO_F,1,singlet,272
CGTGTCTTCACATACG,HTO_D,1,singlet,888
CGTGTCTTCACGACTA,multiplet,2,multiplet,1588
CGTGTCTTCCGAGCCA,HTO_D,1,singlet,1250
CGTGTCTTCGCATGAT,multiplet,2,multiplet,495
CGTGTCTTCGGCTACG,HTO_B,1,singlet,130
CGTTAGAAGAATGTGT,HTO_C,1,singlet,603
CGTTAGAAGCCTATGT,HTO_A,1,singlet,2949
CGTTAGAAGTTTGCGT,multiplet,2,multiplet,4864
CGTTAGACAAGCCATT,HTO_C,1,singlet,945
CGTTAGACAGGATCGA,HTO_F,1,singlet,1272
CGTTAGAGTACCATCA,HTO_C,1,singlet,19092
CGTTAGAGTAGAGGAA,HTO_E,1,singlet,1771
CGTTAGAGTGTAAGTA,HTO_F,1,singlet,664
CGTTAGAGTGTCAATC,HTO_H,1,singlet,4967
CGTTAGATCATACGGT,HTO_G,1,singlet,351
CGTTAGATCATTGCCC,multiplet,2,multiplet,1091
CGTTAGATCCATTCTA,HTO_F,1,singlet,765
CGTTAGATCCGAACGC,HTO_F,1,singlet,2951
CGTTAGATCGCCAAAT,HTO_E,1,singlet,2353
CGTTAGATCGCGTTTC,HTO_A,1,singlet,580
CGTTAGATCGTCTGCT,HTO_E,1,singlet,263
CGTTAGATCTGATTCT,multiplet,2,multiplet,8270
CGTTAGATCTGTCCGT,multiplet,2,multiplet,5317
CGTTCTGAGCTAACTC,HTO_F,1,singlet,1230
CGTTCTGAGTCCATAC,multiplet,3,multiplet,664
CGTTCTGCAAGCGAGT,HTO_B,1,singlet,777
CGTTCTGCAAGTCTAC,HTO_E,1,singlet,1054
CGTTCTGCAATAGCGG,HTO_A,1,singlet,1095
CGTTCTGCACAGACTT,HTO_E,1,singlet,1230
CGTTCTGCACAGCGTC,HTO_A,1,singlet,2432
CGTTCTGCAGCCTGTG,HTO_H,1,singlet,844
CGTTCTGCATAGAAAC,HTO_D,1,singlet,2601
CGTTCTGGTACCAGTT,HTO_B,1,singlet,1486
CGTTCTGGTACTCAAC,HTO_B,1,singlet,1854
CGTTCTGGTAGGACAC,HTO_F,1,singlet,1127
CGTTCTGGTATCTGCA,HTO_F,1,singlet,559
CGTTCTGGTCAGTGGA,HTO_H,1,singlet,3899
CGTTCTGGTCCAGTGC,HTO_C,1,singlet,1161
CGTTCTGTCAACGAAA,HTO_H,1,singlet,249
CGTTCTGTCCATGAAC,HTO_H,1,singlet,997
CGTTCTGTCCTGCTTG,HTO_F,1,singlet,912
CGTTCTGTCGAATGCT,HTO_D,1,singlet,2882
CGTTCTGTCGACGGAA,multiplet,2,multiplet,3488
CGTTCTGTCGCGGATC,HTO_H,1,singlet,1112
CGTTCTGTCTGAGGGA,HTO_C,1,singlet,980
CGTTGGGAGACCCACC,HTO_H,1,singlet,371
CGTTGGGAGACTACAA,HTO_G,1,singlet,1409
CGTTGGGAGATCACGG,HTO_C,1,singlet,1013
CGTTGGGAGTAGGCCA,HTO_B,1,singlet,1703
CGTTGGGAGTGTGGCA,multiplet,2,multiplet,9393
CGTTGGGAGTTGCAGG,HTO_E,1,singlet,3701
CGTTGGGCAAAGTCAA,HTO_E,1,singlet,912
CGTTGGGCACACCGCA,multiplet,3,multiplet,3747
CGTTGGGCACATCCAA,HTO_B,1,singlet,906
CGTTGGGCAGTCTTCC,HTO_E,1,singlet,1821
CGTTGGGCAGTTCCCT,HTO_A,1,singlet,1035
CGTTGGGCATCCGTGG,HTO_B,1,singlet,1060
CGTTGGGCATGGATGG,HTO_H,1,singlet,634
CGTTGGGCATGGGAAC,HTO_H,1,singlet,811
CGTTGGGGTACCTACA,HTO_A,1,singlet,486
CGTTGGGGTAGTGAAT,multiplet,2,multiplet,1760
CGTTGGGGTTGGACCC,HTO_F,1,singlet,3612
CGTTGGGGTTTAGCTG,HTO_A,1,singlet,1044
CGTTGGGTCAAACCGT,multiplet,2,multiplet,1292
CGTTGGGTCAAGGTAA,multiplet,2,multiplet,2214
CGTTGGGTCACAATGC,HTO_H,1,singlet,659
CGTTGGGTCACGGTTA,HTO_G,1,singlet,2360
CGTTGGGTCAGTTCGA,multiplet,2,multiplet,2197
CGTTGGGTCGATAGAA,HTO_G,1,singlet,2154
CGTTGGGTCGCACTCT,HTO_F,1,singlet,1324
CGTTGGGTCGCGCCAA,HTO_C,1,singlet,824
CGTTGGGTCTTTAGTC,HTO_H,1,singlet,751
CTAACTTAGACACTAA,HTO_C,1,singlet,708
CTAACTTAGAGCCCAA,HTO_H,1,singlet,1412
CTAACTTAGAGGTTGC,HTO_E,1,singlet,1303
CTAACTTAGATATACG,HTO_C,1,singlet,1306
CTAACTTAGATGCGAC,HTO_H,1,singlet,679
CTAACTTAGGAATTAC,HTO_C,1,singlet,767
CTAACTTAGGGCTCTC,HTO_D,1,singlet,1957
CTAACTTAGTGTACTC,HTO_A,1,singlet,597
CTAACTTAGTTAACGA,HTO_C,1,singlet,641
CTAACTTAGTTCCACA,HTO_C,1,singlet,903
CTAACTTCAAAGTGCG,multiplet,2,multiplet,3754
CTAACTTCAATGAATG,multiplet,2,multiplet,1970
CTAACTTCACACTGCG,HTO_B,1,singlet,2118
CTAACTTCACTCTGTC,HTO_H,1,singlet,2521
CTAACTTCAGACGCCT,HTO_D,1,singlet,3546
CTAACTTCAGCCACCA,HTO_C,1,singlet,845
CTAACTTCATCATCCC,HTO_E,1,singlet,923
CTAACTTCATCGGGTC,HTO_C,1,singlet,655
CTAACTTCATGAAGTA,HTO_B,1,singlet,966
CTAACTTCATGCAATC,HTO_H,1,singlet,1460
CTAACTTCATGGAATA,HTO_C,1,singlet,800
CTAACTTGTACCTACA,HTO_B,1,singlet,3413
CTAACTTGTAGCCTCG,multiplet,2,multiplet,2583
CTAACTTGTGCTCTTC,HTO_D,1,singlet,1599
CTAACTTGTGTGCCTG,HTO_H,1,singlet,1263
CTAACTTGTTACTGAC,HTO_H,1,singlet,1000
CTAACTTGTTGTCTTT,HTO_B,1,singlet,425
CTAACTTGTTTAAGCC,HTO_B,1,singlet,1737
CTAACTTGTTTGTTGG,HTO_H,1,singlet,648
CTAACTTTCCAGATCA,HTO_C,1,singlet,2212
CTAACTTTCCAGTAGT,multiplet,2,multiplet,938
CTAACTTTCCCTTGCA,HTO_F,1,singlet,1915
CTAACTTTCGCTTAGA,multiplet,2,multiplet,739
CTAACTTTCGGCTTGG,HTO_B,1,singlet,2623
CTAAGACAGAGACTAT,HTO_A,1,singlet,1280
CTAAGACAGATCCCAT,HTO_G,1,singlet,4828
CTAAGACAGCGTGTCC,HTO_A,1,singlet,790
CTAAGACAGCTAACTC,HTO_B,1,singlet,2365
CTAAGACAGGCAATTA,HTO_F,1,singlet,1455
CTAAGACAGGCTAGCA,HTO_B,1,singlet,876
CTAAGACAGTACATGA,HTO_H,1,singlet,936
CTAAGACAGTATCTCG,HTO_H,1,singlet,335
CTAAGACAGTCGATAA,multiplet,2,multiplet,3556
CTAAGACAGTGAAGTT,HTO_H,1,singlet,531
CTAAGACAGTGACATA,HTO_H,1,singlet,975
CTAAGACAGTGACTCT,HTO_H,1,singlet,998
CTAAGACAGTGTTTGC,HTO_C,1,singlet,2345
CTAAGACCAAACCCAT,HTO_B,1,singlet,682
CTAAGACCAAGTTGTC,multiplet,2,multiplet,4389
CTAAGACCAATGAAAC,HTO_A,1,singlet,1442
CTAAGACCACAGATTC,multiplet,2,multiplet,2408
CTAAGACCACATAACC,HTO_G,1,singlet,358
CTAAGACCACATCCAA,HTO_D,1,singlet,2216
CTAAGACCACCAGCAC,multiplet,2,multiplet,4378
CTAAGACCACGGTGTC,HTO_E,1,singlet,1031
CTAAGACCACTCTGTC,HTO_D,1,singlet,1815
CTAAGACCATACTACG,HTO_C,1,singlet,2396
CTAAGACGTAGAAGGA,HTO_D,1,singlet,3462
CTAAGACGTAGTACCT,HTO_C,1,singlet,1312
CTAAGACGTATCTGCA,HTO_A,1,singlet,1167
CTAAGACGTCAATGTC,HTO_A,1,singlet,2747
CTAAGACGTCCTCCAT,HTO_A,1,singlet,987
CTAAGACGTCTGATTG,HTO_D,1,singlet,1484
CTAAGACGTGGTCTCG,HTO_D,1,singlet,3143
CTAAGACGTTATCACG,HTO_D,1,singlet,3262
CTAAGACGTTCTGAAC,HTO_A,1,singlet,387
CTAAGACGTTGTTTGG,HTO_H,1,singlet,781
CTAAGACTCCAACCAA,HTO_B,1,singlet,1420
CTAAGACTCCAGAAGG,multiplet,2,multiplet,1051
CTAAGACTCCCAAGAT,HTO_B,1,singlet,914
CTAAGACTCGGAAATA,HTO_H,1,singlet,1141
CTAAGACTCTAGAGTC,multiplet,2,multiplet,4212
CTAAGACTCTCCCTGA,HTO_H,1,singlet,954
CTAAGACTCTCGCATC,multiplet,2,multiplet,1807
CTAAGACTCTCTGTCG,HTO_G,1,singlet,2225
CTAATGGAGAAACCAT,HTO_E,1,singlet,1069
CTAATGGAGAATAGGG,HTO_C,1,singlet,1724
CTAATGGAGATCCCAT,HTO_D,1,singlet,2955
CTAATGGAGCTGTTCA,HTO_D,1,singlet,1678
CTAATGGAGCTTTGGT,HTO_D,1,singlet,1558
CTAATGGAGGAGTAGA,HTO_H,1,singlet,652
CTAATGGAGGCTCAGA,HTO_B,1,singlet,1023
CTAATGGAGTAATCCC,HTO_H,1,singlet,862
CTAATGGAGTGTTAGA,HTO_E,1,singlet,1040
CTAATGGCAACACCCG,multiplet,2,multiplet,804
CTAATGGCACGGCCAT,HTO_C,1,singlet,587
CTAATGGCACGTAAGG,HTO_E,1,singlet,1943
CTAATGGCACTTGGAT,multiplet,2,multiplet,1636
CTAATGGCAGGGTATG,HTO_A,1,singlet,373
CTAATGGCATAGGATA,HTO_H,1,singlet,628
CTAATGGCATCGATTG,HTO_F,1,singlet,309
CTAATGGCATTAGGCT,multiplet,3,multiplet,7054
CTAATGGGTACAGACG,HTO_G,1,singlet,1153
CTAATGGGTACTCGCG,HTO_H,1,singlet,3125
CTAATGGGTAGCAAAT,HTO_C,1,singlet,415
CTAATGGGTATTCTCT,HTO_E,1,singlet,1135
CTAATGGGTCACCCAG,HTO_A,1,singlet,585
CTAATGGGTCATCGGC,HTO_F,1,singlet,1258
CTAATGGGTCATGCCG,HTO_A,1,singlet,1472
CTAATGGGTCTAGTCA,HTO_C,1,singlet,1145
CTAATGGGTCTCGTTC,HTO_A,1,singlet,635
CTAATGGGTCTCTCGT,HTO_A,1,singlet,535
CTAATGGGTTCGCTAA,HTO_B,1,singlet,2330
CTAATGGGTTCTGGTA,HTO_G,1,singlet,662
CTAATGGGTTGTTTGG,HTO_F,1,singlet,1681
CTAATGGTCCGTAGGC,HTO_E,1,singlet,879
CTAATGGTCCTATGTT,HTO_G,1,singlet,1022
CTAATGGTCCTCAATT,multiplet,2,multiplet,2163
CTAATGGTCTAACTCT,HTO_B,1,singlet,691
CTAATGGTCTACCTGC,HTO_C,1,singlet,835
CTACACCAGATATACG,HTO_B,1,singlet,2225
CTACACCAGATCGATA,HTO_B,1,singlet,955
CTACACCAGCTCTCGG,HTO_H,1,singlet,386
CTACACCAGGAGTTGC,HTO_C,1,singlet,1102
CTACACCAGGGCACTA,HTO_C,1,singlet,874
CTACACCAGGGCTTGA,HTO_B,1,singlet,561
CTACACCAGTGGTAGC,HTO_B,1,singlet,2734
CTACACCAGTTCGCAT,HTO_B,1,singlet,2820
CTACACCCAAAGCAAT,multiplet,2,multiplet,2454
CTACACCCAGCCTTTC,HTO_B,1,singlet,848
CTACACCCAGCTGTAT,HTO_H,1,singlet,773
CTACACCCAGGAATCG,HTO_E,1,singlet,1704
CTACACCCAGGTCCAC,HTO_C,1,singlet,1040
CTACACCCAGTCACTA,HTO_G,1,singlet,819
CTACACCCATGACATC,multiplet,2,multiplet,927
CTACACCCATGGATGG,HTO_D,1,singlet,4320
CTACACCCATTGGGCC,HTO_B,1,singlet,2856
CTACACCGTAAACCTC,HTO_G,1,singlet,738
CTACACCGTACCGTAT,HTO_F,1,singlet,871
CTACACCGTACTCAAC,HTO_H,1,singlet,363
CTACACCGTACTCTCC,HTO_E,1,singlet,1309
CTACACCGTAGCGTGA,HTO_D,1,singlet,1510
CTACACCGTGCGATAG,HTO_C,1,singlet,1433
CTACACCGTTGTCTTT,HTO_G,1,singlet,1553
CTACACCTCAAAGTAG,HTO_C,1,singlet,1743
CTACACCTCTACTCAT,multiplet,2,multiplet,2550
CTACACCTCTGGGCCA,HTO_G,1,singlet,1017
CTACACCTCTTAACCT,multiplet,2,multiplet,4504
CTACATTAGACTTGAA,HTO_D,1,singlet,3537
CTACATTAGAGACTTA,HTO_H,1,singlet,1224
CTACATTAGAGCCTAG,multiplet,2,multiplet,5924
CTACATTAGAGTAATC,HTO_E,1,singlet,3271
CTACATTAGCAATATG,multiplet,2,multiplet,214
CTACATTAGCAGGTCA,HTO_E,1,singlet,1835
CTACATTAGCTAACAA,HTO_E,1,singlet,1745
CTACATTAGCTGCCCA,HTO_E,1,singlet,720
CTACATTAGGATGTAT,HTO_H,1,singlet,616
CTACATTAGGCAATTA,HTO_D,1,singlet,13187
CTACATTAGGCTATCT,HTO_C,1,singlet,724
CTACATTAGGTGACCA,HTO_H,1,singlet,771
CTACATTAGTGAACAT,multiplet,2,multiplet,6217
CTACATTCAAGTAGTA,multiplet,2,multiplet,2068
CTACATTCAATAACGA,HTO_F,1,singlet,1785
CTACATTCACAGTCGC,HTO_B,1,singlet,1882
CTACATTCACCTATCC,HTO_D,1,singlet,1034
CTACATTCACCTTGTC,HTO_H,1,singlet,251
CTACATTCACGTCAGC,HTO_D,1,singlet,1460
CTACATTCATCACGAT,HTO_G,1,singlet,1123
CTACATTGTACCGGCT,HTO_C,1,singlet,1848
CTACATTGTACTTAGC,HTO_C,1,singlet,1075
CTACATTGTATGAAAC,HTO_C,1,singlet,1971
CTACATTGTCCATGAT,HTO_C,1,singlet,573
CTACATTGTCTAGGTT,HTO_G,1,singlet,776
CTACATTGTCTCTCTG,HTO_D,1,singlet,2320
CTACATTGTGACAAAT,HTO_A,1,singlet,387
CTACATTGTTAAGGGC,HTO_H,1,singlet,1255
CTACATTGTTACAGAA,HTO_F,1,singlet,1560
CTACATTGTTCGCGAC,HTO_D,1,singlet,2101
CTACATTGTTGAGTTC,HTO_F,1,singlet,2133
CTACATTTCCAAACTG,HTO_B,1,singlet,1398
CTACATTTCCACGACG,multiplet,2,multiplet,2998
CTACATTTCCCAGGTG,HTO_A,1,singlet,447
CTACATTTCCTTAATC,multiplet,2,multiplet,1491
CTACATTTCCTTGGTC,HTO_F,1,singlet,835
CTACATTTCTCTGAGA,multiplet,2,multiplet,3711
CTACATTTCTTCATGT,HTO_H,1,singlet,703
CTACCCAAGATAGTCA,multiplet,2,multiplet,1195
CTACCCAAGCCAGAAC,HTO_E,1,singlet,1437
CTACCCAAGCCCAATT,HTO_B,1,singlet,1708
CTACCCAAGGACTGGT,HTO_D,1,singlet,5098
CTACCCAAGGGAAACA,HTO_H,1,singlet,950
CTACCCAAGGGCTTGA,HTO_B,1,singlet,1167
CTACCCAAGGTAGCTG,HTO_H,1,singlet,2472
CTACCCACAACTGCGC,HTO_E,1,singlet,1628
CTACCCACACATGTGT,multiplet,2,multiplet,2361
CTACCCACAGTCAGAG,HTO_A,1,singlet,922
CTACCCACATACGCTA,HTO_E,1,singlet,1025
CTACCCACATCTCCCA,multiplet,2,multiplet,2084
CTACCCAGTACCAGTT,HTO_C,1,singlet,271
CTACCCAGTCGCATCG,HTO_A,1,singlet,573
CTACCCAGTGAGGGTT,HTO_B,1,singlet,903
CTACCCAGTGATAAGT,HTO_B,1,singlet,1429
CTACCCAGTGCAGTAG,multiplet,3,multiplet,1902
CTACCCAGTTCTGAAC,HTO_G,1,singlet,360
CTACCCATCATCTGCC,HTO_F,1,singlet,1947
CTACCCATCCCTCTTT,HTO_G,1,singlet,3216
CTACCCATCCCTGACT,HTO_B,1,singlet,1062
CTACCCATCCTGCTTG,HTO_D,1,singlet,1350
CTACCCATCGAGGTAG,HTO_A,1,singlet,550
CTACCCATCGGAAATA,HTO_C,1,singlet,746
CTACCCATCTGCCCTA,HTO_C,1,singlet,513
CTACGTCAGAAGATTC,HTO_C,1,singlet,1746
CTACGTCAGCGGATCA,HTO_B,1,singlet,259
CTACGTCAGCTGTTCA,HTO_G,1,singlet,355
CTACGTCAGTGTTAGA,HTO_G,1,singlet,5070
CTACGTCAGTTACGGG,HTO_G,1,singlet,715
CTACGTCCAAAGAATC,HTO_G,1,singlet,806
CTACGTCCAACTGGCC,multiplet,2,multiplet,7783
CTACGTCCAAGCCGTC,HTO_A,1,singlet,754
CTACGTCCAATGTTGC,HTO_A,1,singlet,799
CTACGTCCACCATCCT,HTO_E,1,singlet,740
CTACGTCCACGAAGCA,HTO_F,1,singlet,2692
CTACGTCCAGCTCGCA,HTO_F,1,singlet,785
CTACGTCCATAGTAAG,HTO_H,1,singlet,618
CTACGTCCATCCGTGG,HTO_A,1,singlet,1370
CTACGTCCATGAAGTA,HTO_C,1,singlet,736
CTACGTCGTACAGCAG,HTO_G,1,singlet,961
CTACGTCGTACCGTTA,HTO_C,1,singlet,366
CTACGTCGTGACTACT,HTO_E,1,singlet,1047
CTACGTCGTGATGATA,HTO_F,1,singlet,155
CTACGTCGTTACGTCA,HTO_A,1,singlet,325
CTACGTCGTTAGAACA,HTO_F,1,singlet,2718
CTACGTCGTTCGTCTC,multiplet,2,multiplet,1903
CTACGTCGTTTCCACC,HTO_A,1,singlet,352
CTACGTCGTTTGTTGG,HTO_F,1,singlet,763
CTACGTCTCAGCAACT,HTO_F,1,singlet,1595
CTACGTCTCAGCGATT,HTO_F,1,singlet,1591
CTACGTCTCATGTCCC,multiplet,2,multiplet,1171
CTACGTCTCCCTGACT,HTO_E,1,singlet,1658
CTACGTCTCCGAACGC,HTO_C,1,singlet,744
CTACGTCTCGGCGGTT,HTO_H,1,singlet,583
CTACGTCTCTATCCCG,multiplet,2,multiplet,2401
CTACGTCTCTCTGTCG,HTO_D,1,singlet,3221
CTAGAGTAGAAGGCCT,HTO_B,1,singlet,1529
CTAGAGTAGAGGTTAT,multiplet,2,multiplet,3239
CTAGAGTAGCAATCTC,HTO_B,1,singlet,1441
CTAGAGTAGCAGACTG,HTO_A,1,singlet,3687
CTAGAGTAGCTGAAAT,HTO_G,1,singlet,974
CTAGAGTAGGAATGGA,multiplet,2,multiplet,3348
CTAGAGTAGTGAAGTT,HTO_H,1,singlet,2885
CTAGAGTAGTGATCGG,HTO_C,1,singlet,1658
CTAGAGTAGTTTCCTT,HTO_H,1,singlet,386
CTAGAGTCAAACTGCT,HTO_G,1,singlet,689
CTAGAGTCAACGATCT,HTO_C,1,singlet,923
CTAGAGTCAATGAAAC,multiplet,2,multiplet,2498
CTAGAGTCACAGAGGT,HTO_B,1,singlet,1007
CTAGAGTCACAGGAGT,multiplet,2,multiplet,631
CTAGAGTCACGAAGCA,HTO_G,1,singlet,1239
CTAGAGTCAGATGAGC,HTO_B,1,singlet,1334
CTAGAGTCAGCCAGAA,HTO_B,1,singlet,1056
CTAGAGTCAGGACCCT,HTO_D,1,singlet,3868
CTAGAGTCATACTACG,HTO_B,1,singlet,1352
CTAGAGTCATCGGACC,HTO_B,1,singlet,2119
CTAGAGTCATGGATGG,HTO_F,1,singlet,1557
CTAGAGTCATTATCTC,HTO_A,1,singlet,1478
CTAGAGTCATTTCAGG,HTO_C,1,singlet,1054
CTAGAGTGTCATATGC,HTO_H,1,singlet,1224
CTAGAGTGTGACTCAT,HTO_B,1,singlet,885
CTAGAGTGTGGTCTCG,HTO_A,1,singlet,2616
CTAGAGTTCCCACTTG,multiplet,2,multiplet,2623
CTAGAGTTCGGCGGTT,HTO_C,1,singlet,2307
CTAGAGTTCTGCGTAA,HTO_A,1,singlet,3003
CTAGAGTTCTGTTGAG,HTO_B,1,singlet,1033
CTAGCCTAGACTTTCG,HTO_G,1,singlet,1015
CTAGCCTAGAGACGAA,HTO_C,1,singlet,904
CTAGCCTAGCCTTGAT,HTO_A,1,singlet,856
CTAGCCTAGGAATCGC,HTO_E,1,singlet,1536
CTAGCCTAGGGATCTG,HTO_H,1,singlet,1017
CTAGCCTAGTCATCCA,HTO_H,1,singlet,2758
CTAGCCTAGTGTACTC,HTO_G,1,singlet,2621
CTAGCCTCACCAACCG,HTO_A,1,singlet,1519
CTAGCCTCAGACAGGT,HTO_B,1,singlet,1016
CTAGCCTCAGGGTTAG,HTO_C,1,singlet,1801
CTAGCCTGTACCGTTA,HTO_G,1,singlet,1896
CTAGCCTGTAGAGCTG,multiplet,3,multiplet,6042
CTAGCCTGTAGGACAC,HTO_E,1,singlet,1317
CTAGCCTGTAGTGAAT,HTO_G,1,singlet,1128
CTAGCCTGTCTCCCTA,multiplet,2,multiplet,2120
CTAGCCTGTCTGCCAG,HTO_H,1,singlet,618
CTAGCCTGTTCAGCGC,HTO_B,1,singlet,2268
CTAGCCTGTTCCACAA,HTO_H,1,singlet,3777
CTAGCCTGTTCGGGCT,HTO_G,1,singlet,1012
CTAGCCTTCAGCAACT,HTO_E,1,singlet,3117
CTAGCCTTCAGCGACC,HTO_H,1,singlet,1008
CTAGCCTTCCCACTTG,HTO_G,1,singlet,1537
CTAGCCTTCCGATATG,HTO_F,1,singlet,1682
CTAGCCTTCCGCGCAA,multiplet,3,multiplet,4903
CTAGCCTTCCTATTCA,HTO_F,1,singlet,1361
CTAGCCTTCCTGCCAT,multiplet,3,multiplet,7169
CTAGCCTTCGAATGCT,HTO_H,1,singlet,1204
CTAGCCTTCGTCGTTC,HTO_B,1,singlet,1368
CTAGCCTTCTGGTGTA,HTO_H,1,singlet,958
CTAGCCTTCTTGGGTA,HTO_E,1,singlet,1362
CTAGTGAAGAATGTTG,HTO_G,1,singlet,1286
CTAGTGAAGATAGTCA,HTO_F,1,singlet,1152
CTAGTGAAGCGCCTCA,HTO_F,1,singlet,915
CTAGTGAAGCGCTTAT,HTO_D,1,singlet,3734
CTAGTGAAGCTGCGAA,HTO_B,1,singlet,493
CTAGTGAAGGCCATAG,HTO_F,1,singlet,1738
CTAGTGAAGGGAACGG,HTO_G,1,singlet,781
CTAGTGAAGTGCGATG,HTO_E,1,singlet,1293
CTAGTGAAGTTGCAGG,HTO_D,1,singlet,1793
CTAGTGACAAACCTAC,HTO_E,1,singlet,1355
CTAGTGACAATGTTGC,HTO_F,1,singlet,1895
CTAGTGACACCTCGGA,multiplet,2,multiplet,5226
CTAGTGACACGGACAA,HTO_E,1,singlet,2188
CTAGTGACACGGCCAT,HTO_F,1,singlet,3919
CTAGTGACACTCTGTC,multiplet,2,multiplet,957
CTAGTGACACTTCGAA,HTO_C,1,singlet,651
CTAGTGACAGATGGGT,HTO_B,1,singlet,1089
CTAGTGACAGCATGAG,HTO_C,1,singlet,525
CTAGTGACAGGCAGTA,HTO_C,1,singlet,846
CTAGTGACATCCTTGC,HTO_F,1,singlet,1504
CTAGTGACATGCATGT,HTO_F,1,singlet,936
CTAGTGACATGTCGAT,HTO_E,1,singlet,1022
CTAGTGACATTGGCGC,HTO_G,1,singlet,1838
CTAGTGAGTAAATGAC,HTO_F,1,singlet,1293
CTAGTGAGTACTTAGC,HTO_H,1,singlet,1484
CTAGTGAGTAGTACCT,HTO_D,1,singlet,1531
CTAGTGAGTATTAGCC,HTO_D,1,singlet,1719
CTAGTGAGTCCATGAT,HTO_C,1,singlet,1263
CTAGTGAGTCTTCAAG,HTO_G,1,singlet,1018
CTAGTGAGTGATAAGT,HTO_F,1,singlet,1869
CTAGTGAGTGTGCGTC,HTO_H,1,singlet,1812
CTAGTGAGTTAAAGAC,HTO_E,1,singlet,4763
CTAGTGAGTTAAGGGC,HTO_F,1,singlet,945
CTAGTGATCAAGGTAA,HTO_B,1,singlet,938
CTAGTGATCACCATAG,HTO_G,1,singlet,2830
CTAGTGATCCACTGGG,HTO_G,1,singlet,1244
CTAGTGATCGCCTGAG,HTO_E,1,singlet,1294
CTAGTGATCGTCTGAA,multiplet,2,multiplet,8318
CTAGTGATCTAACTCT,HTO_G,1,singlet,494
CTAGTGATCTGCTGCT,HTO_A,1,singlet,371
CTAGTGATCTTACCTA,HTO_F,1,singlet,4920
CTCACACAGAGGTACC,HTO_C,1,singlet,770
CTCACACAGCGATGAC,HTO_D,1,singlet,1829
CTCACACAGCGTAATA,HTO_D,1,singlet,1123
CTCACACAGCTATGCT,HTO_C,1,singlet,522
CTCACACAGGCTATCT,HTO_C,1,singlet,662
CTCACACAGTGGACGT,multiplet,2,multiplet,667
CTCACACCAAACCCAT,HTO_C,1,singlet,1719
CTCACACCAAATACAG,HTO_D,1,singlet,1821
CTCACACCAAGAAAGG,HTO_A,1,singlet,689
CTCACACCAAGGTTCT,HTO_F,1,singlet,835
CTCACACCAAGTAATG,HTO_C,1,singlet,719
CTCACACCAATGAAAC,HTO_D,1,singlet,1897
CTCACACCACACTGCG,HTO_B,1,singlet,2449
CTCACACCACGGACAA,HTO_D,1,singlet,2863
CTCACACCACGGTGTC,HTO_D,1,singlet,1228
CTCACACCACGTGAGA,multiplet,2,multiplet,6750
CTCACACCAGCCAATT,HTO_G,1,singlet,1492
CTCACACCAGCGAACA,HTO_D,1,singlet,2325
CTCACACCAGGGTTAG,HTO_G,1,singlet,1836
CTCACACCATATGCTG,HTO_E,1,singlet,923
CTCACACCATCACAAC,HTO_H,1,singlet,1150
CTCACACCATCCAACA,HTO_G,1,singlet,1784
CTCACACCATGGGAAC,HTO_E,1,singlet,1373
CTCACACCATGGTCTA,HTO_B,1,singlet,1290
CTCACACCATGGTTGT,HTO_C,1,singlet,4140
CTCACACGTAATAGCA,multiplet,2,multiplet,1825
CTCACACGTACATGTC,HTO_F,1,singlet,1848
CTCACACGTAGTGAAT,HTO_G,1,singlet,2531
CTCACACGTATATCCG,HTO_G,1,singlet,1734
CTCACACGTCTAAAGA,HTO_E,1,singlet,917
CTCACACGTGAAAGAG,HTO_E,1,singlet,1197
CTCACACGTGATAAGT,HTO_G,1,singlet,1807
CTCACACGTGCTTCTC,HTO_G,1,singlet,1038
CTCACACGTTACGGAG,HTO_E,1,singlet,2609
CTCACACTCAGTTCGA,HTO_B,1,singlet,1172
CTCACACTCCGGGTGT,HTO_H,1,singlet,1258
CTCACACTCCTTGACC,HTO_A,1,singlet,1225
CTCACACTCTCAACTT,multiplet,2,multiplet,2076
CTCACACTCTGCTGTC,HTO_H,1,singlet,835
CTCAGAAAGACAGAGA,HTO_B,1,singlet,1044
CTCAGAAAGAGTGAGA,HTO_C,1,singlet,3690
CTCAGAAAGCGGCTTC,HTO_B,1,singlet,1113
CTCAGAAAGCTGCAAG,HTO_D,1,singlet,2162
CTCAGAAAGCTGCCCA,HTO_G,1,singlet,880
CTCAGAAAGCTGGAAC,HTO_A,1,singlet,795
CTCAGAAAGCTTCGCG,multiplet,2,multiplet,2612
CTCAGAAAGCTTTGGT,HTO_C,1,singlet,1527
CTCAGAAAGGCGTACA,HTO_E,1,singlet,2031
CTCAGAAAGTGTACTC,HTO_G,1,singlet,812
CTCAGAACAAACTGCT,HTO_B,1,singlet,1317
CTCAGAACACCAGCAC,HTO_A,1,singlet,525
CTCAGAACACGACGAA,HTO_G,1,singlet,560
CTCAGAACAGATTGCT,HTO_C,1,singlet,601
CTCAGAACATGTCCTC,HTO_A,1,singlet,852
CTCAGAACATGTTCCC,HTO_D,1,singlet,1117
CTCAGAAGTAAGCACG,multiplet,2,multiplet,2632
CTCAGAAGTAGCCTAT,HTO_C,1,singlet,1158
CTCAGAAGTAGCGCAA,HTO_A,1,singlet,1372
CTCAGAAGTATATCCG,HTO_A,1,singlet,986
CTCAGAAGTATCTGCA,HTO_C,1,singlet,2136
CTCAGAAGTCAGAATA,HTO_B,1,singlet,2437
CTCAGAAGTCTTCAAG,HTO_D,1,singlet,2673
CTCAGAAGTCTTTCAT,multiplet,2,multiplet,1014
CTCAGAAGTGAGGCTA,HTO_C,1,singlet,1063
CTCAGAAGTGCAACTT,HTO_A,1,singlet,875
CTCAGAAGTGCATCTA,HTO_F,1,singlet,777
CTCAGAAGTGCCTGGT,HTO_C,1,singlet,465
CTCAGAAGTTATTCTC,HTO_E,1,singlet,1591
CTCAGAATCAGGATCT,multiplet,2,multiplet,2643
CTCAGAATCATCGGAT,HTO_F,1,singlet,1527
CTCAGAATCCTATGTT,multiplet,2,multiplet,2438
CTCAGAATCGTTGACA,HTO_B,1,singlet,793
CTCAGAATCTAGAGTC,HTO_C,1,singlet,847
CTCAGAATCTGAAAGA,HTO_B,1,singlet,3648
CTCAGAATCTGTTGAG,HTO_B,1,singlet,665
CTCAGAATCTTTAGTC,HTO_H,1,singlet,1329
CTCATTAAGAGCTATA,HTO_C,1,singlet,2445
CTCATTAAGCCAGTAG,HTO_G,1,singlet,1289
CTCATTAAGCTGTCTA,negative,0,negative,209
CTCATTAAGGCTAGGT,HTO_F,1,singlet,1150
CTCATTAAGGGAAACA,HTO_D,1,singlet,1234
CTCATTAAGGGTCGAT,HTO_H,1,singlet,883
CTCATTAAGTCACGCC,multiplet,2,multiplet,4027
CTCATTAAGTGGAGAA,HTO_G,1,singlet,2584
CTCATTAAGTTGAGAT,HTO_D,1,singlet,1259
CTCATTACAACCGCCA,multiplet,2,multiplet,2415
CTCATTACAATGCCAT,multiplet,2,multiplet,5463
CTCATTACACATCCAA,HTO_C,1,singlet,744
CTCATTACACCAGTTA,HTO_B,1,singlet,4876
CTCATTACACGAAACG,HTO_H,1,singlet,320
CTCATTACAGGCTGAA,HTO_H,1,singlet,1286
CTCATTACATCTACGA,HTO_C,1,singlet,2217
CTCATTACATGAGCGA,HTO_C,1,singlet,580
CTCATTAGTCATCCCT,HTO_F,1,singlet,253
CTCATTAGTCCATGAT,HTO_D,1,singlet,2319
CTCATTAGTCCCGACA,HTO_A,1,singlet,524
CTCATTAGTCGATTGT,HTO_G,1,singlet,2133
CTCATTAGTGAGGGAG,HTO_A,1,singlet,511
CTCATTAGTGCAGACA,multiplet,3,multiplet,10042
CTCATTAGTGTTTGGT,HTO_B,1,singlet,338
CTCATTAGTTGCTCCT,HTO_F,1,singlet,902
CTCATTAGTTTAGCTG,HTO_C,1,singlet,929
CTCATTATCAACACAC,HTO_G,1,singlet,2348
CTCATTATCCGCTGTT,HTO_B,1,singlet,764
CTCATTATCGATGAGG,HTO_A,1,singlet,627
CTCATTATCTCTGTCG,HTO_C,1,singlet,819
CTCATTATCTGATACG,HTO_H,1,singlet,479
CTCCTAGAGATCCGAG,multiplet,2,multiplet,2584
CTCCTAGAGCGCCTCA,HTO_F,1,singlet,189
CTCCTAGAGGCTATCT,HTO_D,1,singlet,1599
CTCCTAGAGGTGCTAG,multiplet,3,multiplet,4648
CTCCTAGCAATAGCGG,HTO_B,1,singlet,633
CTCCTAGCACGAGAGT,HTO_F,1,singlet,1335
CTCCTAGCACGTTGGC,multiplet,2,multiplet,3730
CTCCTAGCAGACGCAA,HTO_A,1,singlet,1887
CTCCTAGCAGCGAACA,HTO_E,1,singlet,1191
CTCCTAGCAGCGTAAG,multiplet,2,multiplet,3196
CTCCTAGCAGTCTTCC,HTO_A,1,singlet,890
CTCCTAGCATCTATGG,HTO_G,1,singlet,1666
CTCCTAGGTAGAAGGA,HTO_D,1,singlet,1438
CTCCTAGGTATCTGCA,HTO_C,1,singlet,1036
CTCCTAGGTATGAATG,HTO_C,1,singlet,1229
CTCCTAGGTCAAAGAT,HTO_G,1,singlet,2503
CTCCTAGGTCATGCCG,HTO_H,1,singlet,4012
CTCCTAGGTCTCTTTA,HTO_D,1,singlet,1822
CTCCTAGGTGGCAAAC,multiplet,2,multiplet,3730
CTCCTAGGTGTGAATA,multiplet,2,multiplet,4391
CTCCTAGGTTACCAGT,multiplet,2,multiplet,1266
CTCCTAGGTTCCACAA,HTO_A,1,singlet,1216
CTCCTAGGTTTAGGAA,HTO_C,1,singlet,629
CTCCTAGTCGCCCTTA,HTO_A,1,singlet,8629
CTCCTAGTCGTTACGA,HTO_D,1,singlet,1301
CTCCTAGTCTCCCTGA,HTO_E,1,singlet,1384
CTCCTAGTCTGTTGAG,HTO_B,1,singlet,3553
CTCGAAAAGACACGAC,HTO_C,1,singlet,688
CTCGAAAAGAGCTATA,HTO_E,1,singlet,2427
CTCGAAAAGAGCTGCA,HTO_H,1,singlet,1386
CTCGAAAAGATGTGGC,HTO_A,1,singlet,1892
CTCGAAAAGCCATCGC,multiplet,2,multiplet,4065
CTCGAAAAGTTATCGC,multiplet,2,multiplet,1899
CTCGAAACAAGAGTCG,HTO_C,1,singlet,610
CTCGAAACAATGAATG,HTO_F,1,singlet,2329
CTCGAAACAATGCCAT,HTO_E,1,singlet,799
CTCGAAACACAGAGGT,HTO_F,1,singlet,1047
CTCGAAACACAGTCGC,HTO_G,1,singlet,1437
CTCGAAACACGTCTCT,HTO_B,1,singlet,802
CTCGAAAGTAGCGCAA,multiplet,2,multiplet,4034
CTCGAAAGTAGGGACT,HTO_F,1,singlet,478
CTCGAAAGTCAACATC,HTO_G,1,singlet,829
CTCGAAAGTCAAGCGA,HTO_A,1,singlet,741
CTCGAAAGTCAATACC,HTO_E,1,singlet,2525
CTCGAAAGTCCAGTAT,multiplet,2,multiplet,12846
CTCGAAAGTCCTCTTG,HTO_C,1,singlet,636
CTCGAAAGTCTCTTAT,HTO_F,1,singlet,993
CTCGAAAGTTAGTGGG,HTO_G,1,singlet,2818
CTCGAAATCAATCACG,HTO_C,1,singlet,523
CTCGAAATCACAGGCC,multiplet,2,multiplet,2625
CTCGAAATCGTATCAG,HTO_C,1,singlet,1692
CTCGAAATCTCATTCA,HTO_D,1,singlet,1172
CTCGAAATCTGATTCT,HTO_H,1,singlet,3133
CTCGAAATCTTACCTA,HTO_H,1,singlet,4427
CTCGAAATCTTCCTTC,multiplet,2,multiplet,2187
CTCGAAATCTTTCCTC,HTO_F,1,singlet,893
CTCGAGGAGAAACCTA,HTO_G,1,singlet,874
CTCGAGGAGACTAGAT,HTO_C,1,singlet,1230
CTCGAGGAGAGGTAGA,HTO_C,1,singlet,863
CTCGAGGAGCAGGTCA,HTO_C,1,singlet,944
CTCGAGGAGTCCAGGA,HTO_F,1,singlet,6217
CTCGAGGAGTCTCGGC,HTO_G,1,singlet,1063
CTCGAGGAGTGTCCCG,multiplet,2,multiplet,975
CTCGAGGCACATTAGC,HTO_F,1,singlet,1421
CTCGAGGCACCGTTGG,HTO_C,1,singlet,2638
CTCGAGGCAGCTGTTA,multiplet,3,multiplet,5664
CTCGAGGCAGGGCATA,HTO_H,1,singlet,327
CTCGAGGCAGTATCTG,HTO_B,1,singlet,4418
CTCGAGGCAGTGGAGT,HTO_B,1,singlet,3374
CTCGAGGCATAGAAAC,HTO_C,1,singlet,619
CTCGAGGCATCGATGT,HTO_B,1,singlet,719
CTCGAGGCATGAAGTA,multiplet,2,multiplet,4640
CTCGAGGCATGACATC,HTO_D,1,singlet,1808
CTCGAGGGTACAGTTC,multiplet,2,multiplet,3354
CTCGAGGGTAGCGTAG,HTO_G,1,singlet,885
CTCGAGGGTCAAGCGA,HTO_C,1,singlet,2371
CTCGAGGGTCTTCTCG,HTO_D,1,singlet,1699
CTCGAGGGTTCCCGAG,multiplet,2,multiplet,3359
CTCGAGGTCACCAGGC,HTO_B,1,singlet,1069
CTCGAGGTCACGACTA,HTO_C,1,singlet,1240
CTCGAGGTCACGATGT,HTO_A,1,singlet,2728
CTCGAGGTCACGGTTA,HTO_A,1,singlet,342
CTCGAGGTCCAGAAGG,HTO_C,1,singlet,999
CTCGAGGTCCCTTGTG,HTO_G,1,singlet,970
CTCGAGGTCCGTTGTC,HTO_C,1,singlet,499
CTCGAGGTCGGATGTT,multiplet,2,multiplet,767
CTCGAGGTCGGTCTAA,HTO_B,1,singlet,3217
CTCGAGGTCGGTTCGG,multiplet,2,multiplet,3481
CTCGAGGTCTATCCCG,multiplet,2,multiplet,1369
CTCGAGGTCTGCGGCA,HTO_G,1,singlet,1578
CTCGAGGTCTGGGCCA,multiplet,2,multiplet,3129
CTCGGAGAGCATCATC,HTO_A,1,singlet,402
CTCGGAGAGCGTAATA,HTO_H,1,singlet,455
CTCGGAGAGGAACTGC,HTO_F,1,singlet,2850
CTCGGAGAGGACACCA,multiplet,2,multiplet,3086
CTCGGAGAGTGCAAGC,HTO_A,1,singlet,1283
CTCGGAGAGTGGGATC,multiplet,2,multiplet,3847
CTCGGAGAGTGTACCT,HTO_G,1,singlet,3741
CTCGGAGCAATGGACG,HTO_E,1,singlet,2990
CTCGGAGCACATTAGC,HTO_B,1,singlet,2258
CTCGGAGCACCTGGTG,HTO_A,1,singlet,862
CTCGGAGCACTAGTAC,HTO_G,1,singlet,1159
CTCGGAGCACTCTGTC,HTO_G,1,singlet,2508
CTCGGAGCAGACAAAT,multiplet,2,multiplet,1672
CTCGGAGCAGTAAGCG,HTO_C,1,singlet,640
CTCGGAGCATAGAAAC,HTO_D,1,singlet,1849
CTCGGAGCATCAGTAC,HTO_E,1,singlet,4493
CTCGGAGCATGCCCGA,multiplet,2,multiplet,1089
CTCGGAGGTACACCGC,HTO_H,1,singlet,714
CTCGGAGGTACCGAGA,HTO_D,1,singlet,5389
CTCGGAGGTACTCGCG,HTO_A,1,singlet,1264
CTCGGAGGTCACCCAG,multiplet,2,multiplet,1592
CTCGGAGGTGCTAGCC,HTO_H,1,singlet,2035
CTCGGAGGTGTGCGTC,HTO_E,1,singlet,845
CTCGGAGGTGTTCGAT,HTO_E,1,singlet,2477
CTCGGAGTCAACACAC,HTO_E,1,singlet,1576
CTCGGAGTCACCCGAG,HTO_F,1,singlet,1624
CTCGGAGTCTATCCCG,HTO_C,1,singlet,689
CTCGGAGTCTGAGGGA,HTO_E,1,singlet,4096
CTCGGAGTCTGCGTAA,HTO_H,1,singlet,1282
CTCGGAGTCTTGTACT,HTO_A,1,singlet,647
CTCGGGAAGCCCTAAT,HTO_D,1,singlet,1867
CTCGGGAAGGCTCATT,HTO_F,1,singlet,467
CTCGGGAAGTACGTAA,HTO_E,1,singlet,853
CTCGGGAAGTCAATAG,HTO_B,1,singlet,1623
CTCGGGACAAGTAATG,HTO_G,1,singlet,1785
CTCGGGACACCAACCG,HTO_F,1,singlet,2673
CTCGGGACACCACGTG,HTO_D,1,singlet,1523
CTCGGGACACTACAGT,HTO_H,1,singlet,2426
CTCGGGACAGCTTCGG,HTO_A,1,singlet,2488
CTCGGGACAGGCTCAC,HTO_G,1,singlet,798
CTCGGGACAGTAAGCG,HTO_E,1,singlet,2248
CTCGGGACATATGGTC,HTO_B,1,singlet,415
CTCGGGACATGGTCAT,multiplet,2,multiplet,4111
CTCGGGACATGGTCTA,multiplet,2,multiplet,2099
CTCGGGAGTAGTGAAT,HTO_E,1,singlet,962
CTCGGGAGTCAATACC,HTO_D,1,singlet,1717
CTCGGGAGTCCGAACC,HTO_G,1,singlet,1130
CTCGGGAGTCCGACGT,multiplet,2,multiplet,3614
CTCGGGAGTCTCATCC,HTO_H,1,singlet,1111
CTCGGGAGTGTGAATA,HTO_G,1,singlet,1232
CTCGGGAGTTCGGCAC,HTO_C,1,singlet,2269
CTCGGGAGTTGAGTTC,HTO_C,1,singlet,1181
CTCGGGAGTTGTCTTT,HTO_A,1,singlet,866
CTCGGGATCAACGCTA,HTO_E,1,singlet,1034
CTCGGGATCACAATGC,HTO_G,1,singlet,659
CTCGGGATCAGGCGAA,HTO_D,1,singlet,2454
CTCGGGATCATAGCAC,HTO_F,1,singlet,2098
CTCGTACAGAATTGTG,multiplet,2,multiplet,1407
CTCGTACAGAGACGAA,HTO_C,1,singlet,746
CTCGTACAGAGATGAG,HTO_E,1,singlet,979
CTCGTACAGATAGCAT,multiplet,2,multiplet,2185
CTCGTACAGATATGCA,HTO_D,1,singlet,1265
CTCGTACAGCCACTAT,HTO_H,1,singlet,348
CTCGTACAGCTCCCAG,HTO_C,1,singlet,914
CTCGTACAGCTTTGGT,HTO_D,1,singlet,2749
CTCGTACAGGGAAACA,multiplet,2,multiplet,2283
CTCGTACAGGGTCGAT,HTO_D,1,singlet,2409
CTCGTACAGTACGCCC,HTO_G,1,singlet,886
CTCGTACAGTCTTGCA,HTO_E,1,singlet,1513
CTCGTACAGTGCTGCC,HTO_A,1,singlet,1892
CTCGTACAGTTCGATC,HTO_C,1,singlet,1646
CTCGTACCACCAGTTA,HTO_D,1,singlet,1656
CTCGTACCACCGTTGG,multiplet,2,multiplet,1463
CTCGTACCAGGACGTA,negative,0,negative,103
CTCGTACCAGTACACT,HTO_H,1,singlet,780
CTCGTACCAGTCGTGC,HTO_A,1,singlet,773
CTCGTACCATTCCTGC,HTO_H,1,singlet,861
CTCGTACCATTTGCCC,HTO_E,1,singlet,409
CTCGTACGTGCTCTTC,HTO_G,1,singlet,1393
CTCGTACGTGGCGAAT,HTO_B,1,singlet,691
CTCGTACGTGTAACGG,HTO_G,1,singlet,2657
CTCGTACGTTCCTCCA,HTO_C,1,singlet,743
CTCGTACTCAAGGTAA,multiplet,2,multiplet,954
CTCGTACTCACCTCGT,HTO_B,1,singlet,644
CTCGTACTCCTTCAAT,HTO_G,1,singlet,3324
CTCGTACTCGCAAGCC,multiplet,2,multiplet,3664
CTCGTACTCGCCATAA,multiplet,2,multiplet,4226
CTCGTACTCTCACATT,HTO_F,1,singlet,1208
CTCGTACTCTCGGACG,HTO_H,1,singlet,2297
CTCGTCAAGAAGGCCT,HTO_E,1,singlet,741
CTCGTCAAGAGGGCTT,HTO_H,1,singlet,483
CTCGTCAAGCAGGCTA,HTO_B,1,singlet,401
CTCGTCAAGCGATCCC,HTO_B,1,singlet,2181
CTCGTCAAGCGATTCT,HTO_B,1,singlet,1257
CTCGTCAAGGAGTTGC,HTO_B,1,singlet,1144
CTCGTCAAGTAACCCT,HTO_B,1,singlet,342
CTCGTCAAGTACATGA,HTO_E,1,singlet,887
CTCGTCACAAGGACAC,HTO_E,1,singlet,2214
CTCGTCACAATGTTGC,multiplet,2,multiplet,2309
CTCGTCACACAGACTT,HTO_D,1,singlet,1715
CTCGTCACACCAACCG,HTO_E,1,singlet,1438
CTCGTCACACCTATCC,HTO_A,1,singlet,610
CTCGTCACACCTCGGA,HTO_C,1,singlet,974
CTCGTCACAGCCTGTG,HTO_H,1,singlet,903
CTCGTCACATGGATGG,HTO_B,1,singlet,1093
CTCGTCACATTCCTCG,HTO_C,1,singlet,741
CTCGTCAGTGACAAAT,HTO_H,1,singlet,1200
CTCGTCAGTGGTCTCG,HTO_C,1,singlet,818
CTCGTCAGTTCACCTC,HTO_B,1,singlet,1539
CTCGTCAGTTCGTTGA,HTO_B,1,singlet,590
CTCGTCATCACAGTAC,multiplet,2,multiplet,2556
CTCGTCATCAGATAAG,HTO_F,1,singlet,3960
CTCGTCATCAGGTTCA,HTO_C,1,singlet,838
CTCGTCATCATGTCCC,HTO_G,1,singlet,899
CTCGTCATCCCAACGG,HTO_H,1,singlet,1281
CTCGTCATCCGCATCT,HTO_H,1,singlet,1876
CTCGTCATCCTGCCAT,HTO_H,1,singlet,760
CTCGTCATCGCAAACT,HTO_B,1,singlet,733
CTCGTCATCGGCGCTA,HTO_F,1,singlet,634
CTCGTCATCTGTACGA,HTO_E,1,singlet,1251
CTCGTCATCTGTTTGT,HTO_A,1,singlet,1418
CTCGTCATCTTCCTTC,HTO_F,1,singlet,2112
CTCTAATAGACGCTTT,HTO_C,1,singlet,1002
CTCTAATAGACTTTCG,HTO_E,1,singlet,1044
CTCTAATAGAGGGCTT,HTO_C,1,singlet,1470
CTCTAATAGAGTTGGC,HTO_H,1,singlet,2653
CTCTAATAGATGTGTA,HTO_G,1,singlet,734
CTCTAATAGCGGCTTC,HTO_C,1,singlet,1231
CTCTAATAGCTCAACT,HTO_G,1,singlet,1688
CTCTAATAGGGTCTCC,HTO_G,1,singlet,1806
CTCTAATAGTCCGGTC,multiplet,2,multiplet,2540
CTCTAATCAATCAGAA,multiplet,2,multiplet,4265
CTCTAATCAATGGTCT,HTO_A,1,singlet,777
CTCTAATCACAGCGTC,HTO_H,1,singlet,288
CTCTAATCAGTCGATT,HTO_D,1,singlet,1632
CTCTAATCAGTTCCCT,HTO_G,1,singlet,996
CTCTAATCATCCGCGA,HTO_A,1,singlet,642
CTCTAATCATCGACGC,HTO_G,1,singlet,867
CTCTAATCATCTCCCA,HTO_B,1,singlet,2618
CTCTAATGTAATAGCA,HTO_C,1,singlet,1439
CTCTAATGTATCTGCA,HTO_A,1,singlet,610
CTCTAATGTTCGTGAT,multiplet,2,multiplet,1539
CTCTAATTCACCGGGT,multiplet,2,multiplet,2033
CTCTAATTCAGCTCTC,HTO_F,1,singlet,1569
CTCTAATTCATCTGCC,HTO_H,1,singlet,724
CTCTAATTCCACGTGG,multiplet,2,multiplet,3188
CTCTAATTCCAGAGGA,HTO_E,1,singlet,3286
CTCTAATTCGCCTGTT,HTO_F,1,singlet,1718
CTCTAATTCGTAGATC,HTO_F,1,singlet,3565
CTCTAATTCTGCTGCT,multiplet,2,multiplet,1485
CTCTAATTCTTAGCCC,multiplet,2,multiplet,3522
CTCTAATTCTTGCAAG,HTO_F,1,singlet,2285
CTCTACGAGACTACAA,HTO_C,1,singlet,1199
CTCTACGAGACTAGAT,HTO_B,1,singlet,1658
CTCTACGAGAGTAAGG,HTO_H,1,singlet,2080
CTCTACGAGAGTCTGG,multiplet,2,multiplet,5008
CTCTACGAGCAGGCTA,multiplet,2,multiplet,1885
CTCTACGAGGATGGAA,HTO_E,1,singlet,1162
CTCTACGCAACGATGG,HTO_A,1,singlet,398
CTCTACGCAATGTTGC,HTO_H,1,singlet,591
CTCTACGCACACATGT,multiplet,2,multiplet,3840
CTCTACGCACATAACC,HTO_B,1,singlet,1060
CTCTACGCACCAACCG,HTO_D,1,singlet,2172
CTCTACGCAGCGTAAG,HTO_C,1,singlet,428
CTCTACGCAGGGTATG,HTO_A,1,singlet,4206
CTCTACGCAGTCCTTC,HTO_B,1,singlet,825
CTCTACGCATGTAAGA,HTO_B,1,singlet,1531
CTCTACGCATTTGCCC,HTO_A,1,singlet,736
CTCTACGGTAAACACA,HTO_H,1,singlet,4703
CTCTACGGTCTCTTTA,HTO_A,1,singlet,647
CTCTACGGTGTGAAAT,HTO_A,1,singlet,1862
CTCTACGGTTCGTGAT,multiplet,2,multiplet,6120
CTCTACGTCACAACGT,HTO_E,1,singlet,1018
CTCTACGTCATCATTC,HTO_D,1,singlet,1918
CTCTACGTCCGCGGTA,HTO_G,1,singlet,1000
CTCTACGTCCTTGGTC,multiplet,2,multiplet,600
CTCTACGTCTACTTAC,HTO_H,1,singlet,895
CTCTACGTCTTAACCT,HTO_A,1,singlet,1021
CTCTACGTCTTGTCAT,HTO_D,1,singlet,1450
CTCTGGTAGAAACCTA,multiplet,2,multiplet,2553
CTCTGGTAGAGCTTCT,HTO_A,1,singlet,3557
CTCTGGTAGATAGCAT,HTO_E,1,singlet,2193
CTCTGGTAGTCACGCC,HTO_E,1,singlet,1003
CTCTGGTAGTGAACAT,HTO_C,1,singlet,1947
CTCTGGTAGTTAACGA,HTO_A,1,singlet,2899
CTCTGGTCAAGACGTG,HTO_D,1,singlet,1296
CTCTGGTCAAGTCTGT,HTO_G,1,singlet,1969
CTCTGGTCAATGGAAT,HTO_C,1,singlet,637
CTCTGGTCACAGGAGT,HTO_H,1,singlet,868
CTCTGGTCACGGTAAG,HTO_H,1,singlet,1849
CTCTGGTGTAATCACC,multiplet,2,multiplet,1130
CTCTGGTGTATCACCA,multiplet,2,multiplet,1727
CTCTGGTGTGATGTCT,HTO_E,1,singlet,507
CTCTGGTGTTACTGAC,HTO_G,1,singlet,347
CTCTGGTGTTCCACGG,HTO_F,1,singlet,3216
CTCTGGTGTTCTCATT,HTO_C,1,singlet,1321
CTCTGGTGTTGGTAAA,HTO_F,1,singlet,3183
CTCTGGTTCAACACAC,HTO_G,1,singlet,3850
CTCTGGTTCAACGGGA,HTO_G,1,singlet,662
CTCTGGTTCGGTCTAA,HTO_G,1,singlet,765
CTCTGGTTCTCTAGGA,HTO_D,1,singlet,1257
CTCTGGTTCTGATACG,HTO_G,1,singlet,893
CTCTGGTTCTGCGGCA,HTO_G,1,singlet,3551
CTGAAACAGACAAGCC,HTO_F,1,singlet,1053
CTGAAACAGATGTTAG,HTO_D,1,singlet,2556
CTGAAACAGGAACTGC,HTO_F,1,singlet,2740
CTGAAACAGGACGAAA,HTO_A,1,singlet,1026
CTGAAACAGGTTACCT,HTO_C,1,singlet,543
CTGAAACCAAAGGTGC,multiplet,2,multiplet,1663
CTGAAACCAAGCCATT,HTO_F,1,singlet,1897
CTGAAACCAATCTACG,multiplet,3,multiplet,4285
CTGAAACCACTTCGAA,HTO_B,1,singlet,1831
CTGAAACCAGATGGGT,HTO_D,1,singlet,2626
CTGAAACCAGCGTAAG,HTO_E,1,singlet,1046
CTGAAACCAGCTGTAT,HTO_B,1,singlet,1064
CTGAAACCAGGCAGTA,HTO_H,1,singlet,1696
CTGAAACCAGGTGGAT,HTO_E,1,singlet,3645
CTGAAACCAGTATGCT,HTO_H,1,singlet,1501
CTGAAACCATCAGTAC,HTO_G,1,singlet,1076
CTGAAACCATCGACGC,multiplet,2,multiplet,1633
CTGAAACCATGAACCT,HTO_C,1,singlet,569
CTGAAACGTAGGCTGA,HTO_F,1,singlet,1669
CTGAAACGTATTCTCT,HTO_G,1,singlet,1020
CTGAAACGTGCAACGA,multiplet,2,multiplet,1726
CTGAAACGTGCTCTTC,HTO_F,1,singlet,1633
CTGAAACGTGTTGAGG,HTO_G,1,singlet,1134
CTGAAACTCAAACAAG,HTO_A,1,singlet,1340
CTGAAACTCACCGTAA,multiplet,2,multiplet,5039
CTGAAACTCACTCCTG,HTO_H,1,singlet,851
CTGAAACTCAGCGACC,HTO_D,1,singlet,4165
CTGAAACTCAGTTAGC,multiplet,2,multiplet,822
CTGAAACTCATCGATG,HTO_C,1,singlet,946
CTGAAACTCCCATTTA,HTO_B,1,singlet,3852
CTGAAACTCGCAAACT,HTO_B,1,singlet,2731
CTGAAACTCGCTTAGA,HTO_A,1,singlet,887
CTGAAACTCTTGAGGT,HTO_C,1,singlet,784
CTGAAACTCTTGTACT,HTO_C,1,singlet,491
CTGAAGTAGAAACCTA,HTO_F,1,singlet,1691
CTGAAGTAGATCTGAA,HTO_H,1,singlet,1194
CTGAAGTAGCACAGGT,HTO_A,1,singlet,1874
CTGAAGTAGCCAGAAC,HTO_D,1,singlet,1769
CTGAAGTAGTTACCCA,multiplet,2,multiplet,2816
CTGAAGTCAATCAGAA,HTO_A,1,singlet,320
CTGAAGTCACCAGTTA,HTO_E,1,singlet,1368
CTGAAGTCACCCATGG,HTO_C,1,singlet,810
CTGAAGTCACTGTCGG,HTO_B,1,singlet,2337
CTGAAGTCACTTAAGC,HTO_G,1,singlet,5965
CTGAAGTCAGCTGGCT,HTO_E,1,singlet,922
CTGAAGTCATACTACG,HTO_B,1,singlet,4307
CTGAAGTCATGGTCAT,HTO_D,1,singlet,4665
CTGAAGTCATTTGCTT,HTO_H,1,singlet,1336
CTGAAGTGTAAATGAC,HTO_F,1,singlet,783
CTGAAGTGTCAATACC,HTO_D,1,singlet,1274
CTGAAGTGTCCGCTGA,HTO_B,1,singlet,1002
CTGAAGTGTCTCCCTA,HTO_A,1,singlet,1074
CTGAAGTGTCTGCAAT,HTO_G,1,singlet,2248
CTGAAGTGTGTAACGG,HTO_F,1,singlet,2140
CTGAAGTGTGTGGCTC,HTO_E,1,singlet,737
CTGAAGTGTTAAGATG,HTO_G,1,singlet,640
CTGAAGTGTTGAGTTC,HTO_C,1,singlet,1105
CTGAAGTTCACGATGT,HTO_H,1,singlet,433
CTGAAGTTCATACGGT,HTO_D,1,singlet,1645
CTGAAGTTCCAAGTAC,HTO_A,1,singlet,3595
CTGAAGTTCCTAAGTG,HTO_H,1,singlet,1051
CTGAAGTTCCTGCTTG,HTO_H,1,singlet,832
CTGAAGTTCGAACGGA,HTO_H,1,singlet,1780
CTGAAGTTCTGATACG,multiplet,2,multiplet,1144
CTGAAGTTCTGCGTAA,HTO_B,1,singlet,3236
CTGAAGTTCTGTCTAT,multiplet,2,multiplet,1422
CTGATAGAGAGTCGGT,HTO_D,1,singlet,2057
CTGATAGAGATAGTCA,HTO_G,1,singlet,461
CTGATAGAGATCGATA,multiplet,2,multiplet,3799
CTGATAGAGATGTGTA,HTO_D,1,singlet,2440
CTGATAGAGCGACGTA,HTO_H,1,singlet,1567
CTGATAGAGCGTGAAC,HTO_B,1,singlet,1368
CTGATAGAGGCACATG,HTO_D,1,singlet,1522
CTGATAGAGGCGACAT,HTO_F,1,singlet,2178
CTGATAGAGTCTCCTC,HTO_A,1,singlet,502
CTGATAGAGTGTACTC,multiplet,2,multiplet,4846
CTGATAGAGTTGCAGG,HTO_H,1,singlet,1188
CTGATAGCAAGTACCT,multiplet,2,multiplet,2883
CTGATAGCACAACGCC,HTO_H,1,singlet,2073
CTGATAGCACATCCAA,multiplet,2,multiplet,994
CTGATAGCACGTCTCT,multiplet,2,multiplet,1614
CTGATAGCAGGCTCAC,HTO_H,1,singlet,998
CTGATAGCATCTGGTA,HTO_G,1,singlet,465
CTGATAGCATGTTCCC,HTO_F,1,singlet,1647
CTGATAGGTACCAGTT,HTO_F,1,singlet,1797
CTGATAGGTAGGACAC,HTO_G,1,singlet,1900
CTGATAGGTCAATGTC,HTO_G,1,singlet,2371
CTGATAGGTCCGAGTC,HTO_C,1,singlet,999
CTGATAGGTCGAACAG,multiplet,2,multiplet,720
CTGATAGGTGACGGTA,HTO_E,1,singlet,1783
CTGATAGGTGACTCAT,HTO_F,1,singlet,1316
CTGATAGGTGCACCAC,HTO_G,1,singlet,1842
CTGATAGGTGGAAAGA,HTO_H,1,singlet,3920
CTGATAGGTTAAGGGC,HTO_G,1,singlet,1140
CTGATAGGTTGTGGAG,multiplet,2,multiplet,2995
CTGATAGGTTTCCACC,HTO_H,1,singlet,860
CTGATAGTCAGTGCAT,HTO_C,1,singlet,615
CTGATAGTCATGCTCC,HTO_C,1,singlet,692
CTGATAGTCCTACAGA,multiplet,2,multiplet,2513
CTGATAGTCCTTCAAT,HTO_G,1,singlet,3324
CTGATAGTCGAGAACG,HTO_F,1,singlet,1172
CTGATAGTCGATCCCT,HTO_B,1,singlet,312
CTGATAGTCTGACCTC,HTO_G,1,singlet,1570
CTGATCCAGAGCTATA,HTO_G,1,singlet,1157
CTGATCCAGCAGATCG,HTO_B,1,singlet,1183
CTGATCCAGCCACCTG,HTO_B,1,singlet,707
CTGATCCAGGTGGGTT,negative,0,negative,150
CTGATCCAGTAAGTAC,HTO_H,1,singlet,988
CTGATCCAGTATCGAA,multiplet,3,multiplet,10570
CTGATCCAGTGTTAGA,HTO_E,1,singlet,1238
CTGATCCAGTTAACGA,HTO_G,1,singlet,929
CTGATCCCAAACTGCT,multiplet,2,multiplet,2053
CTGATCCCAAATCCGT,HTO_B,1,singlet,994
CTGATCCCAAGCTGTT,HTO_C,1,singlet,692
CTGATCCCAATAGCAA,HTO_D,1,singlet,2129
CTGATCCCACAGCGTC,HTO_F,1,singlet,348
CTGATCCCACGAAAGC,HTO_G,1,singlet,666
CTGATCCCACGGTAAG,HTO_F,1,singlet,6174
CTGATCCCAGTAAGAT,HTO_E,1,singlet,2819
CTGATCCCATGACGGA,HTO_D,1,singlet,4453
CTGATCCCATTTCACT,HTO_A,1,singlet,1301
CTGATCCGTAAGGGAA,HTO_D,1,singlet,4020
CTGATCCGTACGCACC,multiplet,2,multiplet,3266
CTGATCCGTAGCGATG,HTO_G,1,singlet,1893
CTGATCCGTCCAGTTA,HTO_H,1,singlet,419
CTGATCCGTCCGCTGA,multiplet,2,multiplet,3838
CTGATCCGTCTCTCGT,multiplet,2,multiplet,2810
CTGATCCGTGAGGGAG,multiplet,2,multiplet,3469
CTGATCCGTGGGTCAA,HTO_F,1,singlet,1030
CTGATCCGTGTGAAAT,HTO_A,1,singlet,661
CTGATCCGTTTAGCTG,multiplet,2,multiplet,5787
CTGATCCGTTTAGGAA,HTO_E,1,singlet,1094
CTGATCCTCACCTTAT,HTO_G,1,singlet,2802
CTGATCCTCATTGCGA,HTO_C,1,singlet,1480
CTGATCCTCGGAATCT,HTO_D,1,singlet,1757
CTGATCCTCGGACAAG,HTO_F,1,singlet,754
CTGATCCTCTACGAGT,HTO_G,1,singlet,1047
CTGATCCTCTTATCTG,HTO_B,1,singlet,706
CTGATCCTCTTCCTTC,multiplet,2,multiplet,5353
CTGCCTAAGAAACGAG,HTO_D,1,singlet,1516
CTGCCTAAGACAAAGG,HTO_A,1,singlet,1192
CTGCCTAAGAGTGACC,multiplet,2,multiplet,2439
CTGCCTAAGCGCTCCA,HTO_H,1,singlet,2591
CTGCCTAAGGAGTCTG,HTO_G,1,singlet,995
CTGCCTAAGGCTCAGA,HTO_A,1,singlet,2880
CTGCCTAAGTACTTGC,HTO_F,1,singlet,3351
CTGCCTAAGTCCCACG,HTO_A,1,singlet,919
CTGCCTAAGTCCGGTC,HTO_A,1,singlet,986
CTGCCTACAAAGCAAT,HTO_F,1,singlet,2108
CTGCCTACAAAGGAAG,multiplet,2,multiplet,2765
CTGCCTACAACACGCC,HTO_G,1,singlet,1587
CTGCCTACAAGCTGTT,HTO_H,1,singlet,1539
CTGCCTACAATGACCT,HTO_E,1,singlet,2650
CTGCCTACACCAGCAC,HTO_G,1,singlet,541
CTGCCTACACTTGGAT,multiplet,3,multiplet,1722
CTGCCTACAGAGCCAA,multiplet,2,multiplet,2716
CTGCCTACAGGATTGG,HTO_C,1,singlet,524
CTGCCTAGTAGATTAG,HTO_F,1,singlet,4585
CTGCCTAGTAGCCTCG,HTO_H,1,singlet,712
CTGCCTAGTATAGTAG,HTO_G,1,singlet,4039
CTGCCTAGTCCAGTAT,HTO_H,1,singlet,1087
CTGCCTAGTCGACTGC,HTO_B,1,singlet,714
CTGCCTAGTCTAACGT,HTO_H,1,singlet,755
CTGCCTAGTCTCTTTA,HTO_D,1,singlet,4748
CTGCCTAGTGCAACGA,HTO_H,1,singlet,3748
CTGCCTAGTGGTACAG,HTO_A,1,singlet,2905
CTGCCTAGTTATCGGT,HTO_A,1,singlet,261
CTGCCTAGTTCAGTAC,HTO_H,1,singlet,5527
CTGCCTAGTTCGCGAC,HTO_G,1,singlet,1009
CTGCCTAGTTGTGGCC,HTO_D,1,singlet,1662
CTGCCTATCCGAGCCA,HTO_A,1,singlet,431
CTGCCTATCGAATGCT,multiplet,2,multiplet,6936
CTGCCTATCGGAATCT,multiplet,2,multiplet,16908
CTGCCTATCGTAGGTT,HTO_E,1,singlet,1479
CTGCCTATCGTCTGAA,HTO_D,1,singlet,2153
CTGCCTATCTCTTGAT,HTO_C,1,singlet,1932
CTGCCTATCTTACCTA,HTO_B,1,singlet,1654
CTGCCTATCTTCAACT,HTO_C,1,singlet,1159
CTGCGGAAGAATGTTG,HTO_H,1,singlet,774
CTGCGGAAGACGCAAC,HTO_F,1,singlet,316
CTGCGGAAGACTTTCG,HTO_F,1,singlet,1839
CTGCGGAAGATACACA,HTO_D,1,singlet,7821
CTGCGGAAGCAACGGT,multiplet,2,multiplet,1510
CTGCGGAAGCGATAGC,HTO_C,1,singlet,1077
CTGCGGAAGCTAACAA,HTO_C,1,singlet,566
CTGCGGAAGGCTCTTA,HTO_A,1,singlet,1433
CTGCGGAAGGTGCAAC,HTO_D,1,singlet,1654
CTGCGGAAGTCGTTTG,HTO_A,1,singlet,267
CTGCGGACAACGATCT,HTO_G,1,singlet,1514
CTGCGGACAATTGCTG,HTO_G,1,singlet,1254
CTGCGGACACTGTCGG,multiplet,2,multiplet,4288
CTGCGGACAGACAGGT,HTO_H,1,singlet,980
CTGCGGACAGACGCTC,multiplet,2,multiplet,3225
CTGCGGACAGATCGGA,HTO_G,1,singlet,1346
CTGCGGACAGGCTGAA,HTO_C,1,singlet,1109
CTGCGGACATCCCACT,HTO_A,1,singlet,742
CTGCGGACATGCGCAC,HTO_D,1,singlet,1427
CTGCGGAGTCAACATC,multiplet,2,multiplet,3469
CTGCGGAGTCAACTGT,HTO_C,1,singlet,2161
CTGCGGAGTCACTTCC,HTO_F,1,singlet,777
CTGCGGAGTCAGAATA,HTO_A,1,singlet,664
CTGCGGAGTGTGCGTC,HTO_A,1,singlet,810
CTGCGGAGTGTGGCTC,HTO_G,1,singlet,1158
CTGCGGAGTGTTTGGT,HTO_C,1,singlet,686
CTGCGGAGTTAAGTAG,multiplet,2,multiplet,1324
CTGCGGAGTTACTGAC,HTO_E,1,singlet,6949
CTGCGGAGTTCTGTTT,HTO_F,1,singlet,1881
CTGCGGATCACGAAGG,HTO_D,1,singlet,5155
CTGCGGATCCCGACTT,HTO_G,1,singlet,864
CTGCGGATCCGGGTGT,HTO_H,1,singlet,1487
CTGCGGATCGATCCCT,multiplet,2,multiplet,4015
CTGCGGATCTTAACCT,HTO_H,1,singlet,752
CTGCTGTAGAAGGCCT,HTO_A,1,singlet,979
CTGCTGTAGAATCTCC,multiplet,2,multiplet,2183
CTGCTGTAGAGGTAGA,HTO_C,1,singlet,718
CTGCTGTAGAGTACAT,HTO_B,1,singlet,2296
CTGCTGTAGATCGGGT,HTO_E,1,singlet,1253
CTGCTGTAGCCCAACC,HTO_B,1,singlet,5009
CTGCTGTAGCGGCTTC,HTO_E,1,singlet,1435
CTGCTGTAGGCAGGTT,HTO_E,1,singlet,8762
CTGCTGTAGGCGCTCT,HTO_E,1,singlet,3442
CTGCTGTAGTGGGATC,HTO_G,1,singlet,4016
CTGCTGTAGTGTCTCA,HTO_D,1,singlet,3061
CTGCTGTAGTGTTTGC,HTO_D,1,singlet,4485
CTGCTGTCAACGCACC,HTO_D,1,singlet,2585
CTGCTGTCACGTAAGG,multiplet,2,multiplet,1522
CTGCTGTCAGGATTGG,HTO_B,1,singlet,850
CTGCTGTCATTCTCAT,HTO_A,1,singlet,778
CTGCTGTCATTTCACT,HTO_F,1,singlet,1310
CTGCTGTGTAATCGTC,multiplet,2,multiplet,715
CTGCTGTGTACACCGC,HTO_H,1,singlet,3626
CTGCTGTGTAGCGCTC,HTO_F,1,singlet,310
CTGCTGTGTAGGGACT,HTO_F,1,singlet,859
CTGCTGTGTCCCTTGT,HTO_C,1,singlet,1147
CTGCTGTGTCGAGTTT,HTO_H,1,singlet,720
CTGCTGTGTGATAAGT,HTO_H,1,singlet,3952
CTGCTGTGTGGTCTCG,multiplet,2,multiplet,5972
CTGCTGTGTTCCATGA,HTO_E,1,singlet,903
CTGCTGTTCAAACCGT,HTO_G,1,singlet,887
CTGCTGTTCACGCATA,multiplet,2,multiplet,4566
CTGCTGTTCAGAAATG,HTO_A,1,singlet,977
CTGCTGTTCCGTCATC,HTO_E,1,singlet,1607
CTGCTGTTCCTTGACC,HTO_E,1,singlet,1094
CTGCTGTTCGATCCCT,HTO_A,1,singlet,2053
CTGCTGTTCGGAAATA,HTO_G,1,singlet,973
CTGCTGTTCTCGATGA,HTO_F,1,singlet,990
CTGCTGTTCTGATACG,HTO_H,1,singlet,1409
CTGCTGTTCTGCAGTA,multiplet,3,multiplet,2491
CTGGTCTAGATATGCA,HTO_C,1,singlet,910
CTGGTCTAGTACTTGC,multiplet,2,multiplet,3228
CTGGTCTAGTAGCGGT,multiplet,2,multiplet,1770
CTGGTCTAGTGGACGT,HTO_F,1,singlet,747
CTGGTCTAGTGGTCCC,multiplet,3,multiplet,1781
CTGGTCTCAACTGCGC,HTO_F,1,singlet,985
CTGGTCTCACCACCAG,HTO_F,1,singlet,1990
CTGGTCTCACCTTGTC,HTO_A,1,singlet,1981
CTGGTCTCAGCGTAAG,multiplet,2,multiplet,2401
CTGGTCTCAGTTTACG,HTO_A,1,singlet,718
CTGGTCTCATCACGTA,HTO_D,1,singlet,1413
CTGGTCTGTAATCACC,HTO_A,1,singlet,839
CTGGTCTGTACTTAGC,HTO_B,1,singlet,3143
CTGGTCTGTCTGATTG,HTO_B,1,singlet,2024
CTGGTCTGTCTTTCAT,HTO_B,1,singlet,1049
CTGGTCTGTGGCCCTA,HTO_B,1,singlet,1383
CTGGTCTTCAGCTCGG,multiplet,2,multiplet,3110
CTGGTCTTCCACGTGG,HTO_F,1,singlet,487
CTGGTCTTCCCAGGTG,HTO_C,1,singlet,510
CTGGTCTTCCCGACTT,HTO_D,1,singlet,1679
CTGGTCTTCGCATGGC,HTO_A,1,singlet,518
CTGGTCTTCGCCAGCA,HTO_F,1,singlet,4380
CTGGTCTTCGGTCCGA,HTO_E,1,singlet,3815
CTGTGCTAGAGGGATA,HTO_H,1,singlet,928
CTGTGCTAGGGCATGT,multiplet,2,multiplet,1332
CTGTGCTAGTACGATA,multiplet,2,multiplet,1820
CTGTGCTCAACGATCT,HTO_D,1,singlet,1994
CTGTGCTCAACGATGG,HTO_D,1,singlet,2174
CTGTGCTCAATGGTCT,HTO_D,1,singlet,1660
CTGTGCTCACCAACCG,HTO_G,1,singlet,433
CTGTGCTCACGTAAGG,HTO_A,1,singlet,620
CTGTGCTCACTTGGAT,HTO_H,1,singlet,5848
CTGTGCTCATCGGACC,HTO_B,1,singlet,3485
CTGTGCTCATGCATGT,HTO_H,1,singlet,1391
CTGTGCTCATGCCACG,HTO_C,1,singlet,1342
CTGTGCTGTACCGGCT,HTO_A,1,singlet,658
CTGTGCTGTACGCACC,HTO_G,1,singlet,944
CTGTGCTGTAGCTCCG,HTO_H,1,singlet,1234
CTGTGCTGTGTTTGTG,HTO_B,1,singlet,1224
CTGTGCTGTTTGTTTC,HTO_E,1,singlet,450
CTGTGCTTCAGCACAT,HTO_E,1,singlet,2300
CTGTGCTTCATGCTCC,HTO_C,1,singlet,2868
CTGTGCTTCCAAAGTC,HTO_A,1,singlet,2750
CTGTGCTTCCAGTAGT,HTO_C,1,singlet,1054
CTGTGCTTCCGCGTTT,multiplet,2,multiplet,3423
CTGTGCTTCTCAACTT,multiplet,2,multiplet,3589
CTGTGCTTCTCGAGTA,multiplet,2,multiplet,1396
CTGTGCTTCTTGACGA,multiplet,2,multiplet,1600
CTGTGCTTCTTGGGTA,HTO_E,1,singlet,1189
CTGTTTAAGAAGATTC,HTO_B,1,singlet,575
CTGTTTAAGACCTAGG,multiplet,3,multiplet,5447
CTGTTTAAGAGTTGGC,HTO_B,1,singlet,886
CTGTTTAAGCCAACAG,multiplet,2,multiplet,3084
CTGTTTAAGCCACTAT,HTO_A,1,singlet,1205
CTGTTTAAGCGATGAC,HTO_D,1,singlet,920
CTGTTTAAGTCAATAG,HTO_D,1,singlet,1679
CTGTTTACAAACCTAC,HTO_E,1,singlet,1563
CTGTTTACAAACTGCT,multiplet,2,multiplet,7316
CTGTTTACAAGACGTG,multiplet,2,multiplet,2758
CTGTTTACAAGGTTTC,HTO_C,1,singlet,462
CTGTTTACAAGTCATC,HTO_H,1,singlet,827
CTGTTTACAATAGAGT,HTO_G,1,singlet,892
CTGTTTACACGCCAGT,HTO_G,1,singlet,559
CTGTTTACATGGAATA,HTO_D,1,singlet,2018
CTGTTTACATTACCTT,multiplet,2,multiplet,781
CTGTTTACATTCTTAC,HTO_H,1,singlet,2484
CTGTTTAGTCCGAAGA,HTO_G,1,singlet,989
CTGTTTAGTCGAATCT,HTO_D,1,singlet,1350
CTGTTTAGTCGGCACT,HTO_H,1,singlet,308
CTGTTTAGTCTCTCTG,multiplet,2,multiplet,3561
CTGTTTAGTGGGTCAA,HTO_E,1,singlet,1452
CTGTTTAGTGTCCTCT,HTO_G,1,singlet,1043
CTGTTTAGTGTTGGGA,HTO_A,1,singlet,450
CTGTTTAGTTAGATGA,HTO_B,1,singlet,4049
CTGTTTAGTTCTGTTT,HTO_C,1,singlet,962
CTGTTTAGTTGTACAC,HTO_F,1,singlet,875
CTGTTTAGTTGTGGCC,HTO_A,1,singlet,2171
CTGTTTATCATTCACT,HTO_G,1,singlet,841
CTGTTTATCCAATGGT,HTO_G,1,singlet,2137
CTGTTTATCCCTGACT,HTO_G,1,singlet,342
CTGTTTATCTTTAGGG,HTO_G,1,singlet,398
CTTAACTAGAATTCCC,HTO_H,1,singlet,301
CTTAACTAGACGACGT,HTO_D,1,singlet,2370
CTTAACTAGCGATATA,HTO_A,1,singlet,422
CTTAACTAGCTAAACA,HTO_A,1,singlet,1422
CTTAACTAGGTGATTA,multiplet,2,multiplet,1998
CTTAACTCACCATCCT,HTO_H,1,singlet,335
CTTAACTCACGAGAGT,HTO_H,1,singlet,1180
CTTAACTCAGCCTTGG,HTO_B,1,singlet,585
CTTAACTCAGGGATTG,HTO_C,1,singlet,756
CTTAACTCATGTCCTC,HTO_H,1,singlet,793
CTTAACTGTCTGCAAT,multiplet,2,multiplet,1284
CTTAACTGTGTGACGA,HTO_C,1,singlet,2132
CTTAACTGTTTGTTGG,multiplet,2,multiplet,1482
CTTAACTGTTTGTTTC,HTO_B,1,singlet,2428
CTTAACTTCAGTACGT,HTO_C,1,singlet,1318
CTTAACTTCAGTCCCT,HTO_C,1,singlet,907
CTTAACTTCATAGCAC,HTO_B,1,singlet,1546
CTTAACTTCCGTCAAA,HTO_H,1,singlet,2481
CTTAACTTCCTAAGTG,HTO_G,1,singlet,2559
CTTAACTTCCTCAATT,HTO_C,1,singlet,753
CTTAACTTCGCTGATA,HTO_F,1,singlet,5135
CTTAACTTCTTATCTG,HTO_A,1,singlet,1048
CTTACCGAGCAACGGT,HTO_E,1,singlet,3935
CTTACCGAGCCAGTTT,HTO_A,1,singlet,1593
CTTACCGAGGAATCGC,HTO_B,1,singlet,1728
CTTACCGAGGACTGGT,HTO_F,1,singlet,1216
CTTACCGAGGAGTTGC,HTO_H,1,singlet,2783
CTTACCGAGTCACGCC,HTO_B,1,singlet,437
CTTACCGCAAATACAG,HTO_B,1,singlet,1433
CTTACCGCACATGGGA,HTO_G,1,singlet,475
CTTACCGCAGATTGCT,HTO_E,1,singlet,6768
CTTACCGCAGGTGCCT,HTO_A,1,singlet,1731
CTTACCGCAGGTTTCA,multiplet,2,multiplet,1712
CTTACCGCATATACGC,HTO_B,1,singlet,1660
CTTACCGCATTAGGCT,HTO_D,1,singlet,5587
CTTACCGGTAAATACG,multiplet,2,multiplet,3571
CTTACCGGTAACGTTC,HTO_B,1,singlet,2830
CTTACCGGTACCGTTA,HTO_A,1,singlet,1336
CTTACCGGTAGCTAAA,HTO_F,1,singlet,1518
CTTACCGGTATAATGG,HTO_E,1,singlet,1562
CTTACCGGTCAAGCGA,HTO_B,1,singlet,2155
CTTACCGGTCCGAAGA,HTO_F,1,singlet,609
CTTACCGGTCGATTGT,HTO_H,1,singlet,454
CTTACCGGTGCCTGGT,HTO_A,1,singlet,317
CTTACCGGTTCCACAA,multiplet,2,multiplet,1650
CTTACCGGTTGACGTT,HTO_B,1,singlet,2048
CTTACCGTCATATCGG,HTO_C,1,singlet,745
CTTACCGTCGTACCGG,HTO_G,1,singlet,511
CTTACCGTCTACGAGT,HTO_F,1,singlet,1104
CTTACCGTCTGCTGTC,multiplet,2,multiplet,3132
CTTACCGTCTTACCGC,HTO_D,1,singlet,5543
CTTAGGAAGATAGTCA,HTO_C,1,singlet,2650
CTTAGGAAGATCCTGT,HTO_F,1,singlet,1231
CTTAGGAAGCAGATCG,multiplet,2,multiplet,4472
CTTAGGAAGCCAACAG,multiplet,2,multiplet,2799
CTTAGGAAGCCCAGCT,multiplet,2,multiplet,5202
CTTAGGAAGCCGATTT,HTO_E,1,singlet,1624
CTTAGGAAGCTACCGC,HTO_B,1,singlet,888
CTTAGGAAGGCATTGG,multiplet,2,multiplet,943
CTTAGGAAGGCTAGCA,HTO_G,1,singlet,2344
CTTAGGAAGGGATGGG,HTO_C,1,singlet,691
CTTAGGAAGTACGCGA,HTO_F,1,singlet,922
CTTAGGAAGTATCGAA,HTO_H,1,singlet,550
CTTAGGAAGTATTGGA,HTO_A,1,singlet,1244
CTTAGGAAGTGAACAT,HTO_C,1,singlet,682
CTTAGGACAAGCTGAG,HTO_F,1,singlet,4331
CTTAGGACACACTGCG,multiplet,3,multiplet,3000
CTTAGGACACCAGTTA,HTO_D,1,singlet,2464
CTTAGGACACTATCTT,HTO_B,1,singlet,2119
CTTAGGACAGGTCTCG,HTO_G,1,singlet,740
CTTAGGACATATACGC,HTO_B,1,singlet,1617
CTTAGGACATTATCTC,HTO_G,1,singlet,968
CTTAGGAGTATTACCG,HTO_G,1,singlet,762
CTTAGGAGTCCAGTTA,HTO_F,1,singlet,3300
CTTAGGAGTCCGAATT,HTO_D,1,singlet,2497
CTTAGGAGTCGAACAG,HTO_F,1,singlet,1257
CTTAGGAGTGAAAGAG,HTO_D,1,singlet,1971
CTTAGGAGTGAACCTT,HTO_G,1,singlet,931
CTTAGGAGTGCACCAC,HTO_H,1,singlet,856
CTTAGGAGTTAAAGTG,HTO_F,1,singlet,1220
CTTAGGAGTTACAGAA,HTO_D,1,singlet,1881
CTTAGGATCAGGCCCA,multiplet,2,multiplet,1659
CTTAGGATCGGAGGTA,multiplet,2,multiplet,789
CTTAGGATCGGCTTGG,HTO_C,1,singlet,1140
CTTAGGATCTTGACGA,HTO_F,1,singlet,1299
CTTCTCTAGACACTAA,multiplet,2,multiplet,3439
CTTCTCTAGAGCTTCT,HTO_B,1,singlet,2301
CTTCTCTAGATAGTCA,HTO_B,1,singlet,2271
CTTCTCTAGATCCCGC,HTO_H,1,singlet,580
CTTCTCTAGCACGCCT,HTO_F,1,singlet,2174
CTTCTCTAGCGTGAGT,multiplet,2,multiplet,1691
CTTCTCTAGCTAACAA,HTO_A,1,singlet,393
CTTCTCTAGCTGGAAC,HTO_H,1,singlet,550
CTTCTCTAGGCGCTCT,HTO_G,1,singlet,631
CTTCTCTAGGGTCTCC,HTO_H,1,singlet,3948
CTTCTCTAGGTACTCT,HTO_B,1,singlet,858
CTTCTCTAGGTGCACA,HTO_E,1,singlet,1087
CTTCTCTAGTGCGATG,HTO_F,1,singlet,1924
CTTCTCTCAACTGCTA,multiplet,2,multiplet,1453
CTTCTCTCAAGTCTAC,HTO_H,1,singlet,948
CTTCTCTCAATCTACG,HTO_B,1,singlet,432
CTTCTCTCAATGGACG,HTO_F,1,singlet,1244
CTTCTCTCACAAGCCC,HTO_D,1,singlet,1312
CTTCTCTCACATTTCT,HTO_C,1,singlet,777
CTTCTCTCACTGTGTA,HTO_B,1,singlet,765
CTTCTCTCAGCCACCA,HTO_B,1,singlet,1489
CTTCTCTCAGCTCCGA,HTO_A,1,singlet,814
CTTCTCTCAGCTCGCA,HTO_E,1,singlet,4474
CTTCTCTCAGGTCGTC,HTO_A,1,singlet,465
CTTCTCTCAGTATAAG,HTO_C,1,singlet,856
CTTCTCTCATACTCTT,HTO_E,1,singlet,2755
CTTCTCTCATGGGAAC,HTO_E,1,singlet,681
CTTCTCTGTACTCAAC,HTO_F,1,singlet,466
CTTCTCTGTAGGACAC,HTO_C,1,singlet,676
CTTCTCTGTATAGGGC,HTO_D,1,singlet,2026
CTTCTCTGTATAGGTA,HTO_B,1,singlet,1291
CTTCTCTGTCATTAGC,HTO_H,1,singlet,547
CTTCTCTGTCGAAAGC,HTO_G,1,singlet,1056
CTTCTCTGTCGCGTGT,HTO_C,1,singlet,791
CTTCTCTGTCGTGGCT,multiplet,2,multiplet,1281
CTTCTCTGTGCGAAAC,HTO_D,1,singlet,1009
CTTCTCTTCATGCTCC,HTO_F,1,singlet,442
CTTCTCTTCCCTAACC,HTO_G,1,singlet,2587
CTTCTCTTCCTTTCGG,HTO_H,1,singlet,2201
CTTCTCTTCGGAATCT,HTO_F,1,singlet,2190
CTTCTCTTCGGTCTAA,HTO_C,1,singlet,1405
CTTCTCTTCGTTTGCC,HTO_C,1,singlet,3329
CTTCTCTTCTCCAGGG,HTO_F,1,singlet,3234
CTTCTCTTCTTGAGGT,HTO_B,1,singlet,3332
CTTGGCTAGACCGGAT,HTO_C,1,singlet,1221
CTTGGCTAGCAGGCTA,HTO_C,1,singlet,990
CTTGGCTAGCCAGAAC,HTO_A,1,singlet,425
CTTGGCTAGCTAGCCC,HTO_C,1,singlet,862
CTTGGCTAGGCGACAT,HTO_G,1,singlet,1529
CTTGGCTAGGGAAACA,multiplet,2,multiplet,554
CTTGGCTAGGGTCTCC,HTO_C,1,singlet,666
CTTGGCTAGTACACCT,HTO_D,1,singlet,2000
CTTGGCTAGTCCATAC,HTO_B,1,singlet,1675
CTTGGCTAGTGTGGCA,HTO_G,1,singlet,635
CTTGGCTAGTTCGCAT,HTO_G,1,singlet,766
CTTGGCTCAACAACCT,HTO_E,1,singlet,1182
CTTGGCTCAACGCACC,multiplet,2,multiplet,1514
CTTGGCTCAAGCTGTT,HTO_A,1,singlet,1320
CTTGGCTCACATAACC,HTO_H,1,singlet,1363
CTTGGCTCACCGTTGG,multiplet,2,multiplet,526
CTTGGCTCAGGAATGC,HTO_D,1,singlet,1313
CTTGGCTCAGGCGATA,HTO_C,1,singlet,738
CTTGGCTCATATGGTC,multiplet,2,multiplet,2378
CTTGGCTCATTTGCTT,HTO_G,1,singlet,1117
CTTGGCTGTACAAGTA,HTO_F,1,singlet,1662
CTTGGCTGTAGATTAG,multiplet,2,multiplet,2721
CTTGGCTGTGGTACAG,HTO_D,1,singlet,2042
CTTGGCTGTTAGTGGG,HTO_F,1,singlet,1284
CTTGGCTGTTCGGGCT,HTO_D,1,singlet,1990
CTTGGCTTCAACACTG,HTO_H,1,singlet,5411
CTTGGCTTCAAGAAGT,HTO_D,1,singlet,7025
CTTGGCTTCATCATTC,HTO_A,1,singlet,558
CTTGGCTTCATGCAAC,HTO_G,1,singlet,565
CTTGGCTTCCTGCCAT,HTO_G,1,singlet,2096
CTTGGCTTCTGCAGTA,HTO_F,1,singlet,617
CTTGGCTTCTGCTTGC,HTO_G,1,singlet,5341
CTTGGCTTCTTGAGAC,HTO_B,1,singlet,762
CTTTGCGAGAGTACAT,HTO_H,1,singlet,733
CTTTGCGAGATGCCAG,HTO_E,1,singlet,485
CTTTGCGAGCTGTTCA,HTO_E,1,singlet,2366
CTTTGCGAGGCATTGG,multiplet,2,multiplet,6965
CTTTGCGAGTTGAGTA,HTO_B,1,singlet,3897
CTTTGCGCAAAGCAAT,HTO_A,1,singlet,1424
CTTTGCGCAACGCACC,HTO_B,1,singlet,3935
CTTTGCGCAAGCTGGA,HTO_B,1,singlet,1370
CTTTGCGCAAGTTAAG,HTO_B,1,singlet,4608
CTTTGCGCACCATCCT,multiplet,2,multiplet,8646
CTTTGCGCATTGGTAC,HTO_B,1,singlet,3313
CTTTGCGGTAGAGCTG,HTO_A,1,singlet,927
CTTTGCGGTCAACATC,HTO_C,1,singlet,552
CTTTGCGGTCAAGCGA,HTO_F,1,singlet,1563
CTTTGCGGTCTACCTC,HTO_G,1,singlet,1276
CTTTGCGGTGACAAAT,HTO_F,1,singlet,1848
CTTTGCGGTGCTGTAT,multiplet,2,multiplet,1118
CTTTGCGGTGGCGAAT,HTO_G,1,singlet,2352
CTTTGCGGTGTTCTTT,multiplet,2,multiplet,1584
CTTTGCGGTTAAAGAC,HTO_D,1,singlet,1542
CTTTGCGGTTAGTGGG,HTO_A,1,singlet,4209
CTTTGCGGTTGACGTT,multiplet,2,multiplet,4331
CTTTGCGTCACCATAG,HTO_E,1,singlet,3529
CTTTGCGTCACGGTTA,HTO_G,1,singlet,673
CTTTGCGTCACTCCTG,HTO_A,1,singlet,1317
CTTTGCGTCAGCATGT,HTO_H,1,singlet,1357
CTTTGCGTCCGCGTTT,HTO_D,1,singlet,2226
CTTTGCGTCCTAGAAC,HTO_F,1,singlet,1711
CTTTGCGTCGCATGAT,HTO_B,1,singlet,1509
CTTTGCGTCGGAAATA,HTO_D,1,singlet,1710
CTTTGCGTCTTAGCCC,HTO_A,1,singlet,712
GAAACTCAGAAGGGTA,multiplet,2,multiplet,2330
GAAACTCAGACTTTCG,HTO_D,1,singlet,886
GAAACTCAGAGGACGG,multiplet,2,multiplet,4847
GAAACTCAGGCCATAG,HTO_A,1,singlet,430
GAAACTCAGTAGCGGT,multiplet,2,multiplet,3687
GAAACTCAGTGGAGAA,HTO_G,1,singlet,2474
GAAACTCCAAACCCAT,HTO_A,1,singlet,940
GAAACTCCAAACGTGG,HTO_F,1,singlet,2049
GAAACTCCAATCACAC,HTO_D,1,singlet,1172
GAAACTCCACATAACC,HTO_D,1,singlet,2267
GAAACTCCACCAGATT,HTO_E,1,singlet,716
GAAACTCCACCATGTA,HTO_G,1,singlet,715
GAAACTCCACCTCGTT,HTO_E,1,singlet,789
GAAACTCCAGTCGATT,HTO_D,1,singlet,6744
GAAACTCCATAACCTG,HTO_A,1,singlet,1497
GAAACTCCATGCGCAC,HTO_G,1,singlet,1362
GAAACTCGTAAACACA,HTO_A,1,singlet,746
GAAACTCGTAAGTGGC,multiplet,2,multiplet,11805
GAAACTCGTATAATGG,HTO_D,1,singlet,1623
GAAACTCGTATATCCG,HTO_H,1,singlet,608
GAAACTCGTCACAAGG,HTO_D,1,singlet,2323
GAAACTCGTCCAGTAT,multiplet,2,multiplet,2067
GAAACTCGTCCGTCAG,multiplet,2,multiplet,2318
GAAACTCGTGGACGAT,HTO_B,1,singlet,3764
GAAACTCGTGTAAGTA,HTO_H,1,singlet,1093
GAAACTCTCAACGAAA,HTO_E,1,singlet,1125
GAAACTCTCAACGGGA,multiplet,2,multiplet,1584
GAAACTCTCAGTACGT,HTO_B,1,singlet,1024
GAAACTCTCATGTAGC,HTO_G,1,singlet,928
GAAACTCTCCAGATCA,HTO_A,1,singlet,938
GAAACTCTCGCGGATC,HTO_A,1,singlet,198
GAAACTCTCGTAGGTT,HTO_F,1,singlet,3456
GAAACTCTCTATCCTA,HTO_D,1,singlet,1594
GAAACTCTCTTGAGGT,HTO_B,1,singlet,1662
GAAATGAAGACAAAGG,multiplet,2,multiplet,4524
GAAATGAAGAGGTAGA,HTO_C,1,singlet,598
GAAATGAAGCACAGGT,HTO_G,1,singlet,907
GAAATGAAGCCACTAT,HTO_G,1,singlet,799
GAAATGAAGCTTTGGT,HTO_H,1,singlet,1144
GAAATGAAGGCTAGGT,multiplet,2,multiplet,1587
GAAATGAAGGGAGTAA,HTO_E,1,singlet,1656
GAAATGAAGGGATCTG,HTO_A,1,singlet,3242
GAAATGAAGGGCACTA,HTO_G,1,singlet,510
GAAATGAAGGTAGCTG,HTO_G,1,singlet,971
GAAATGAAGTACGCGA,HTO_E,1,singlet,2240
GAAATGAAGTAGCCGA,HTO_F,1,singlet,3939
GAAATGAAGTGGTAAT,multiplet,2,multiplet,4466
GAAATGACACACGCTG,HTO_A,1,singlet,1556
GAAATGACACCCATGG,HTO_A,1,singlet,2320
GAAATGACATAAGACA,multiplet,2,multiplet,2113
GAAATGACATCCGGGT,HTO_C,1,singlet,836
GAAATGAGTCCAACTA,HTO_C,1,singlet,1029
GAAATGAGTCCAGTGC,HTO_C,1,singlet,1111
GAAATGAGTCGGCACT,HTO_F,1,singlet,713
GAAATGAGTGTCAATC,HTO_C,1,singlet,722
GAAATGAGTTCCACGG,HTO_F,1,singlet,3789
GAAATGAGTTCTCATT,HTO_D,1,singlet,1713
GAAATGATCAACGGCC,HTO_C,1,singlet,1251
GAAATGATCGAACTGT,HTO_D,1,singlet,1254
GAAATGATCTCCTATA,HTO_B,1,singlet,3167
GAAATGATCTCGATGA,HTO_E,1,singlet,4744
GAAATGATCTCTGAGA,HTO_H,1,singlet,843
GAACATCAGATCACGG,HTO_D,1,singlet,1749
GAACATCAGCAAATCA,HTO_D,1,singlet,1619
GAACATCAGGCCCTCA,multiplet,3,multiplet,3813
GAACATCAGGCGCTCT,HTO_H,1,singlet,1198
GAACATCAGGTCGGAT,HTO_B,1,singlet,979
GAACATCAGTGTGAAT,HTO_C,1,singlet,3281
GAACATCCAAAGAATC,HTO_B,1,singlet,2982
GAACATCCACAGACAG,HTO_D,1,singlet,9708
GAACATCCACTCAGGC,HTO_F,1,singlet,651
GAACATCCAGCTCGAC,HTO_E,1,singlet,1179
GAACATCCAGCTCGCA,HTO_A,1,singlet,1110
GAACATCCATACCATG,HTO_B,1,singlet,424
GAACATCCATGCTGGC,multiplet,3,multiplet,7729
GAACATCGTCATCCCT,HTO_C,1,singlet,5785
GAACATCGTCTAAAGA,HTO_D,1,singlet,1881
GAACATCGTGTGAATA,HTO_F,1,singlet,1521
GAACATCGTTCACCTC,HTO_A,1,singlet,730
GAACATCTCAACGGCC,HTO_G,1,singlet,933
GAACATCTCAAGATCC,HTO_A,1,singlet,880
GAACATCTCATCGCTC,multiplet,2,multiplet,5023
GAACATCTCCACGTGG,HTO_E,1,singlet,1808
GAACATCTCCTGCCAT,HTO_E,1,singlet,883
GAACATCTCGCAAGCC,HTO_E,1,singlet,1508
GAACATCTCGGAGGTA,HTO_C,1,singlet,998
GAACATCTCTACTATC,HTO_A,1,singlet,1054
GAACATCTCTGCTTGC,multiplet,2,multiplet,4713
GAACATCTCTTCTGGC,negative,0,negative,156
GAACCTAAGAAGCCCA,HTO_G,1,singlet,780
GAACCTAAGAAGGCCT,HTO_B,1,singlet,3895
GAACCTAAGAGTCTGG,HTO_G,1,singlet,2162
GAACCTAAGCAACGGT,multiplet,2,multiplet,2898
GAACCTAAGCGATAGC,HTO_E,1,singlet,1050
GAACCTAAGGAATGGA,HTO_C,1,singlet,1028
GAACCTAAGGGAACGG,HTO_G,1,singlet,2233
GAACCTAAGGGATGGG,HTO_E,1,singlet,420
GAACCTAAGGGTATCG,multiplet,2,multiplet,2503
GAACCTAAGGTGCTTT,HTO_G,1,singlet,3530
GAACCTAAGTGTCTCA,HTO_G,1,singlet,1290
GAACCTAAGTTATCGC,HTO_F,1,singlet,3490
GAACCTACAAAGTGCG,HTO_G,1,singlet,893
GAACCTACACATTCGA,HTO_A,1,singlet,646
GAACCTACACGAGAGT,HTO_C,1,singlet,844
GAACCTACACTAGTAC,HTO_B,1,singlet,1013
GAACCTACAGCTATTG,HTO_F,1,singlet,892
GAACCTACAGTATAAG,multiplet,2,multiplet,2433
GAACCTACATTAACCG,HTO_E,1,singlet,377
GAACCTACATTACCTT,HTO_D,1,singlet,2790
GAACCTACATTGAGCT,HTO_F,1,singlet,1386
GAACCTACATTGCGGC,HTO_G,1,singlet,332
GAACCTAGTAAACCTC,HTO_D,1,singlet,3171
GAACCTAGTCCAGTTA,multiplet,2,multiplet,5639
GAACCTAGTCCTCTTG,HTO_B,1,singlet,1695
GAACCTAGTGGCTCCA,HTO_D,1,singlet,2528
GAACCTAGTTATCGGT,multiplet,2,multiplet,1369
GAACCTAGTTGCGCAC,HTO_H,1,singlet,1650
GAACCTATCAATCTCT,HTO_H,1,singlet,3787
GAACCTATCACAATGC,HTO_B,1,singlet,486
GAACCTATCACCGGGT,HTO_F,1,singlet,957
GAACCTATCACGCATA,HTO_G,1,singlet,568
GAACCTATCAGCTCTC,HTO_F,1,singlet,3318
GAACCTATCCACGCAG,HTO_D,1,singlet,1543
GAACCTATCCCATTAT,HTO_D,1,singlet,2306
GAACCTATCCGGGTGT,HTO_H,1,singlet,418
GAACCTATCGCAGGCT,HTO_A,1,singlet,791
GAACCTATCGTCGTTC,HTO_F,1,singlet,1306
GAACGGAAGACATAAC,HTO_G,1,singlet,1325
GAACGGAAGGCATGTG,HTO_C,1,singlet,1651
GAACGGAAGTTTAGGA,HTO_D,1,singlet,1661
GAACGGACAATCCAAC,HTO_A,1,singlet,692
GAACGGACAATGGACG,multiplet,2,multiplet,1164
GAACGGACACCACCAG,HTO_F,1,singlet,1480
GAACGGACACGTTGGC,multiplet,2,multiplet,5762
GAACGGACAGGTTTCA,HTO_A,1,singlet,544
GAACGGACATGCGCAC,HTO_H,1,singlet,262
GAACGGAGTAGAGCTG,HTO_F,1,singlet,2174
GAACGGAGTAGCTGCC,HTO_B,1,singlet,822
GAACGGAGTATAAACG,HTO_E,1,singlet,432
GAACGGAGTATATGAG,HTO_D,1,singlet,1800
GAACGGAGTCATGCCG,HTO_F,1,singlet,509
GAACGGAGTCGCATAT,HTO_G,1,singlet,1118
GAACGGAGTTACTGAC,HTO_A,1,singlet,1663
GAACGGAGTTAGATGA,HTO_C,1,singlet,439
GAACGGAGTTCCACGG,HTO_B,1,singlet,966
GAACGGAGTTCGCGAC,HTO_C,1,singlet,832
GAACGGAGTTCGGGCT,HTO_F,1,singlet,1894
GAACGGAGTTGAGGTG,HTO_A,1,singlet,219
GAACGGAGTTTGACAC,multiplet,2,multiplet,4772
GAACGGATCAACACCA,HTO_H,1,singlet,1086
GAACGGATCATAAAGG,HTO_A,1,singlet,599
GAACGGATCCAGAAGG,HTO_B,1,singlet,1578
GAACGGATCCGAGCCA,multiplet,2,multiplet,1882
GAACGGATCGTAGGTT,HTO_G,1,singlet,2914
GAACGGATCTAAGCCA,HTO_A,1,singlet,3561
GAAGCAGAGAATCTCC,multiplet,2,multiplet,6522
GAAGCAGAGACCGGAT,HTO_E,1,singlet,507
GAAGCAGAGAGCAATT,HTO_G,1,singlet,9007
GAAGCAGAGATCGGGT,HTO_D,1,singlet,2538
GAAGCAGAGCCGGTAA,multiplet,2,multiplet,1624
GAAGCAGAGCTATGCT,HTO_H,1,singlet,1226
GAAGCAGAGGGAACGG,HTO_C,1,singlet,993
GAAGCAGAGGGATCTG,HTO_H,1,singlet,3758
GAAGCAGAGTGGGTTG,HTO_F,1,singlet,687
GAAGCAGCAAGTCTGT,multiplet,2,multiplet,2745
GAAGCAGCAATAGAGT,HTO_F,1,singlet,197
GAAGCAGCAATGGAAT,HTO_C,1,singlet,1071
GAAGCAGCACCAGGTC,HTO_A,1,singlet,2349
GAAGCAGCACCATCCT,HTO_H,1,singlet,892
GAAGCAGCACGAAGCA,HTO_F,1,singlet,1233
GAAGCAGCAGCTGTGC,HTO_H,1,singlet,1613
GAAGCAGCAGTACACT,HTO_B,1,singlet,5307
GAAGCAGCATCACGAT,HTO_E,1,singlet,4266
GAAGCAGCATGCAATC,HTO_G,1,singlet,1418
GAAGCAGCATGGTTGT,HTO_G,1,singlet,1433
GAAGCAGCATGTCCTC,HTO_B,1,singlet,1775
GAAGCAGCATTAGGCT,HTO_H,1,singlet,1094
GAAGCAGCATTCCTCG,HTO_H,1,singlet,4502
GAAGCAGCATTTGCCC,HTO_D,1,singlet,1555
GAAGCAGGTACCGCTG,HTO_H,1,singlet,768
GAAGCAGGTAGCACGA,multiplet,2,multiplet,2908
GAAGCAGGTAGCGCTC,HTO_E,1,singlet,3144
GAAGCAGGTATAGGTA,multiplet,2,multiplet,6628
GAAGCAGGTCAACTGT,HTO_B,1,singlet,1170
GAAGCAGGTCAAGCGA,HTO_D,1,singlet,2294
GAAGCAGGTCAGAATA,HTO_D,1,singlet,5489
GAAGCAGGTCCGAAGA,HTO_C,1,singlet,1333
GAAGCAGGTCCTGCTT,HTO_G,1,singlet,438
GAAGCAGGTCGCGGTT,HTO_C,1,singlet,459
GAAGCAGGTCGGCTCA,HTO_B,1,singlet,3933
GAAGCAGGTGAAAGAG,HTO_D,1,singlet,7346
GAAGCAGGTGCCTGTG,HTO_G,1,singlet,384
GAAGCAGGTGGTCTCG,HTO_B,1,singlet,1482
GAAGCAGGTTATCACG,HTO_A,1,singlet,2309
GAAGCAGGTTGCGCAC,HTO_A,1,singlet,2699
GAAGCAGTCAGCACAT,HTO_A,1,singlet,4749
GAAGCAGTCAGCTCGG,HTO_H,1,singlet,771
GAAGCAGTCCAAAGTC,HTO_E,1,singlet,2619
GAAGCAGTCCGAACGC,HTO_H,1,singlet,3587
GAAGCAGTCCGGCACA,HTO_C,1,singlet,1242
GAAGCAGTCCTTTCGG,HTO_F,1,singlet,1420
GAAGCAGTCGAATGCT,multiplet,2,multiplet,1422
GAAGCAGTCGACGGAA,HTO_E,1,singlet,1622
GAAGCAGTCGTGGACC,HTO_H,1,singlet,252
GAAGCAGTCTCGCATC,HTO_G,1,singlet,1913
GAAGCAGTCTTTAGTC,HTO_F,1,singlet,3552
GAATAAGAGAAGGGTA,HTO_C,1,singlet,856
GAATAAGAGATGTGGC,HTO_E,1,singlet,1047
GAATAAGAGCGTTCCG,HTO_C,1,singlet,1692
GAATAAGAGTGCGTGA,HTO_D,1,singlet,2758
GAATAAGCAACACCTA,HTO_G,1,singlet,1990
GAATAAGCAAGCTGTT,HTO_B,1,singlet,609
GAATAAGCACAGACTT,multiplet,2,multiplet,3198
GAATAAGCATCTCGCT,HTO_B,1,singlet,3232
GAATAAGCATGGTTGT,HTO_A,1,singlet,2824
GAATAAGGTAGTACCT,HTO_H,1,singlet,1682
GAATAAGGTATAAACG,HTO_D,1,singlet,25493
GAATAAGGTCAAAGAT,multiplet,2,multiplet,1242
GAATAAGGTCAAAGCG,HTO_F,1,singlet,1068
GAATAAGGTCAACATC,HTO_B,1,singlet,4790
GAATAAGGTCAAGCGA,multiplet,2,multiplet,3052
GAATAAGGTCGAAAGC,HTO_A,1,singlet,638
GAATAAGGTCTCCACT,multiplet,2,multiplet,1294
GAATAAGGTGAGGCTA,HTO_H,1,singlet,821
GAATAAGGTGGCCCTA,multiplet,2,multiplet,10689
GAATAAGGTGGCTCCA,multiplet,2,multiplet,1335
GAATAAGGTTACGTCA,HTO_D,1,singlet,2342
GAATAAGGTTCGTTGA,multiplet,2,multiplet,3168
GAATAAGTCAACGGCC,HTO_A,1,singlet,1470
GAATAAGTCAACTCTT,multiplet,2,multiplet,2231
GAATAAGTCACCCTCA,HTO_F,1,singlet,511
GAATAAGTCAGATAAG,HTO_E,1,singlet,1265
GAATAAGTCAGTCAGT,HTO_B,1,singlet,1485
GAATAAGTCGGTGTCG,HTO_A,1,singlet,1520
GAATAAGTCTGTTGAG,HTO_B,1,singlet,815
GAATGAAAGAACAACT,HTO_C,1,singlet,3016
GAATGAAAGATACACA,HTO_D,1,singlet,2433
GAATGAAAGATCACGG,HTO_H,1,singlet,1386
GAATGAAAGCCATCGC,HTO_H,1,singlet,643
GAATGAAAGCTCCTCT,HTO_H,1,singlet,958
GAATGAAAGGAGCGTT,HTO_G,1,singlet,640
GAATGAAAGGTGTTAA,HTO_C,1,singlet,1067
GAATGAAAGTCGAGTG,HTO_A,1,singlet,1217
GAATGAAAGTGGAGTC,multiplet,2,multiplet,5449
GAATGAACACAACGTT,HTO_B,1,singlet,870
GAATGAACACAAGTAA,HTO_D,1,singlet,935
GAATGAACAGCTTAAC,HTO_G,1,singlet,1537
GAATGAACATCCTAGA,HTO_E,1,singlet,869
GAATGAACATGCCTTC,HTO_A,1,singlet,1191
GAATGAACATGGGAAC,multiplet,2,multiplet,2478
GAATGAACATTTCACT,HTO_A,1,singlet,1422
GAATGAAGTACCTACA,multiplet,2,multiplet,1971
GAATGAAGTAGCTCCG,HTO_H,1,singlet,4802
GAATGAAGTCCGAGTC,HTO_G,1,singlet,864
GAATGAAGTCGAATCT,HTO_H,1,singlet,1396
GAATGAAGTCTAAAGA,HTO_B,1,singlet,1009
GAATGAAGTGTAACGG,HTO_C,1,singlet,752
GAATGAAGTTCGTGAT,HTO_H,1,singlet,1470
GAATGAATCAACGCTA,multiplet,2,multiplet,1455
GAATGAATCACCTCGT,HTO_D,1,singlet,4582
GAATGAATCAGCTGGC,HTO_F,1,singlet,1218
GAATGAATCTCCAACC,HTO_D,1,singlet,1645
GAATGAATCTTTAGGG,HTO_B,1,singlet,5465
GACACGCAGAGACGAA,HTO_A,1,singlet,1918
GACACGCAGCAGGCTA,HTO_A,1,singlet,1469
GACACGCAGCGAGAAA,HTO_C,1,singlet,1117
GACACGCAGCGATGAC,HTO_C,1,singlet,1098
GACACGCAGGCTACGA,HTO_H,1,singlet,1053
GACACGCAGGGCACTA,HTO_D,1,singlet,2900
GACACGCAGTACGCCC,HTO_F,1,singlet,1427
GACACGCCAAACCTAC,HTO_G,1,singlet,10194
GACACGCCAAGAAAGG,HTO_E,1,singlet,1822
GACACGCCAAGAGTCG,HTO_A,1,singlet,734
GACACGCCACAGCGTC,HTO_C,1,singlet,655
GACACGCCACCAACCG,HTO_F,1,singlet,4347
GACACGCCACCACCAG,HTO_H,1,singlet,2400
GACACGCCACTTGGAT,multiplet,4,multiplet,21460
GACACGCCATCTGGTA,HTO_A,1,singlet,1007
GACACGCCATTGAGCT,HTO_E,1,singlet,4612
GACACGCGTACAAGTA,HTO_A,1,singlet,865
GACACGCGTACAGACG,HTO_D,1,singlet,5537
GACACGCGTGGGTATG,HTO_B,1,singlet,756
GACACGCTCAATCACG,HTO_B,1,singlet,3376
GACACGCTCACTCTTA,HTO_C,1,singlet,834
GACAGAGAGAAACCGC,multiplet,2,multiplet,5299
GACAGAGAGACTACAA,HTO_F,1,singlet,1270
GACAGAGAGATGAGAG,HTO_B,1,singlet,1461
GACAGAGAGCACCGTC,HTO_G,1,singlet,404
GACAGAGAGCCAGAAC,HTO_H,1,singlet,1839
GACAGAGAGCCCGAAA,HTO_F,1,singlet,3727
GACAGAGAGGATGGAA,HTO_A,1,singlet,648
GACAGAGAGTCCCACG,HTO_H,1,singlet,2458
GACAGAGCAATAGCGG,HTO_D,1,singlet,2296
GACAGAGCACGCGAAA,multiplet,2,multiplet,2632
GACAGAGCAGCTTCGG,HTO_F,1,singlet,4400
GACAGAGCAGGCAGTA,HTO_D,1,singlet,2772
GACAGAGCAGGCTCAC,HTO_A,1,singlet,987
GACAGAGCAGGGCATA,HTO_H,1,singlet,1926
GACAGAGCATCGGGTC,HTO_B,1,singlet,933
GACAGAGCATCGGTTA,multiplet,2,multiplet,2037
GACAGAGCATGCCTTC,HTO_D,1,singlet,1612
GACAGAGCATGTAGTC,multiplet,2,multiplet,1121
GACAGAGGTAGCGCTC,HTO_B,1,singlet,1047
GACAGAGGTAGTAGTA,HTO_D,1,singlet,1330
GACAGAGGTCCTAGCG,multiplet,2,multiplet,4812
GACAGAGGTCGAAAGC,negative,0,negative,96
GACAGAGGTCGGATCC,HTO_B,1,singlet,2870
GACAGAGGTGACAAAT,HTO_A,1,singlet,4009
GACAGAGGTGACGGTA,HTO_B,1,singlet,3090
GACAGAGGTGCGGTAA,HTO_E,1,singlet,966
GACAGAGGTTAAGAAC,HTO_C,1,singlet,977
GACAGAGGTTAGAACA,HTO_D,1,singlet,7278
GACAGAGGTTTAGGAA,HTO_B,1,singlet,4790
GACAGAGTCAACCAAC,HTO_B,1,singlet,1321
GACAGAGTCAGCGACC,HTO_D,1,singlet,1117
GACAGAGTCGGAAACG,multiplet,2,multiplet,3167
GACAGAGTCGTCTGCT,HTO_A,1,singlet,1288
GACAGAGTCTCTGCTG,HTO_G,1,singlet,997
GACAGAGTCTGAAAGA,HTO_B,1,singlet,2044
GACAGAGTCTGCTGCT,HTO_E,1,singlet,961
GACAGAGTCTGTGCAA,HTO_A,1,singlet,2757
GACAGAGTCTTAGAGC,HTO_B,1,singlet,1205
GACCAATAGAAGGGTA,HTO_A,1,singlet,2895
GACCAATAGCATGGCA,HTO_A,1,singlet,324
GACCAATAGCCCAATT,multiplet,2,multiplet,879
GACCAATAGCGCTTAT,HTO_A,1,singlet,642
GACCAATAGCGTTCCG,HTO_F,1,singlet,973
GACCAATAGGAACTGC,HTO_A,1,singlet,265
GACCAATAGGTAAACT,HTO_A,1,singlet,580
GACCAATAGTCCCACG,multiplet,2,multiplet,1943
GACCAATCAACTTGAC,HTO_F,1,singlet,1286
GACCAATCAAGCTGTT,HTO_C,1,singlet,824
GACCAATCAATCGAAA,HTO_G,1,singlet,2670
GACCAATCACAACGCC,HTO_H,1,singlet,5717
GACCAATCACAACTGT,HTO_D,1,singlet,1700
GACCAATCACATCCGG,HTO_F,1,singlet,1200
GACCAATCACATTCGA,HTO_F,1,singlet,3222
GACCAATCACCAGGTC,HTO_H,1,singlet,518
GACCAATCACGAGAGT,HTO_E,1,singlet,1752
GACCAATCACTAGTAC,HTO_F,1,singlet,1913
GACCAATCAGCCTGTG,multiplet,2,multiplet,6167
GACCAATCAGTTCATG,HTO_F,1,singlet,1340
GACCAATCATACGCTA,HTO_D,1,singlet,1770
GACCAATGTAAGTTCC,HTO_F,1,singlet,667
GACCAATGTACCGAGA,HTO_A,1,singlet,1049
GACCAATGTCCGAACC,HTO_F,1,singlet,7453
GACCAATGTCTCCCTA,HTO_B,1,singlet,889
GACCAATGTCTGATTG,HTO_E,1,singlet,2933
GACCAATGTGAGCGAT,multiplet,2,multiplet,1529
GACCAATGTGCCTGTG,HTO_H,1,singlet,772
GACCAATGTGCCTTGG,multiplet,2,multiplet,6886
GACCAATTCAGTACGT,HTO_D,1,singlet,3990
GACCAATTCCACGTTC,HTO_G,1,singlet,1913
GACCAATTCCTATGTT,HTO_B,1,singlet,1006
GACCAATTCGACCAGC,HTO_D,1,singlet,4016
GACCAATTCGACGGAA,HTO_C,1,singlet,1573
GACCAATTCGTCCAGG,HTO_D,1,singlet,2165
GACCAATTCTAGAGTC,HTO_E,1,singlet,1291
GACCTGGAGACGCACA,HTO_E,1,singlet,1224
GACCTGGAGCAGCCTC,HTO_B,1,singlet,2940
GACCTGGAGCGTGAGT,HTO_A,1,singlet,1704
GACCTGGAGGCCCTTG,HTO_H,1,singlet,1255
GACCTGGAGGGATACC,HTO_C,1,singlet,2132
GACCTGGAGTTCGCAT,multiplet,2,multiplet,2134
GACCTGGAGTTGAGAT,HTO_B,1,singlet,740
GACCTGGCAAACCCAT,HTO_E,1,singlet,780
GACCTGGCACGTCTCT,HTO_H,1,singlet,687
GACCTGGCAGCTCGAC,HTO_A,1,singlet,1474
GACCTGGGTAACGCGA,HTO_E,1,singlet,1408
GACCTGGGTAAGTAGT,HTO_G,1,singlet,2371
GACCTGGGTACATCCA,HTO_H,1,singlet,722
GACCTGGGTCAGGACA,multiplet,2,multiplet,2361
GACCTGGGTCCGTTAA,HTO_E,1,singlet,3269
GACCTGGGTCTAGGTT,HTO_C,1,singlet,2294
GACCTGGGTTCACCTC,HTO_A,1,singlet,1465
GACCTGGGTTCAGTAC,HTO_D,1,singlet,1087
GACCTGGGTTGTCGCG,multiplet,2,multiplet,1762
GACCTGGTCCGGCACA,HTO_D,1,singlet,8614
GACCTGGTCCTTTCGG,multiplet,2,multiplet,789
GACCTGGTCGGCGCTA,HTO_D,1,singlet,905
GACCTGGTCTGTCAAG,HTO_E,1,singlet,633
GACGCGTAGCGTCAAG,HTO_H,1,singlet,1751
GACGCGTAGGTGATAT,HTO_G,1,singlet,1063
GACGCGTAGTCGATAA,HTO_D,1,singlet,1454
GACGCGTAGTGAATTG,HTO_C,1,singlet,638
GACGCGTCAACGATGG,HTO_E,1,singlet,452
GACGCGTCAAGCGCTC,multiplet,2,multiplet,2869
GACGCGTCAATCCAAC,HTO_C,1,singlet,547
GACGCGTCAATGTAAG,HTO_G,1,singlet,706
GACGCGTCACATTCGA,HTO_E,1,singlet,1641
GACGCGTCAGATGGGT,HTO_C,1,singlet,644
GACGCGTCATACGCTA,HTO_G,1,singlet,330
GACGCGTCATCCTAGA,HTO_D,1,singlet,981
GACGCGTCATCGATGT,HTO_H,1,singlet,1517
GACGCGTCATCTGGTA,negative,0,negative,143
GACGCGTCATGTAAGA,HTO_G,1,singlet,645
GACGCGTGTACATGTC,HTO_B,1,singlet,1787
GACGCGTGTATAGTAG,HTO_F,1,singlet,667
GACGCGTGTATCGCAT,HTO_B,1,singlet,1936
GACGCGTGTCCCTTGT,HTO_H,1,singlet,864
GACGCGTGTCCGTGAC,HTO_G,1,singlet,914
GACGCGTGTCGCGGTT,HTO_B,1,singlet,2388
GACGCGTGTCTTGTCC,multiplet,2,multiplet,2354
GACGCGTGTGATGTGG,HTO_B,1,singlet,2275
GACGCGTGTGCCTTGG,HTO_F,1,singlet,1098
GACGCGTGTTGGTGGA,HTO_C,1,singlet,1435
GACGCGTGTTGTCGCG,HTO_F,1,singlet,581
GACGCGTGTTTCCACC,HTO_G,1,singlet,1275
GACGCGTGTTTGACTG,multiplet,2,multiplet,2474
GACGCGTTCAACACCA,HTO_B,1,singlet,2387
GACGCGTTCAGTTGAC,HTO_H,1,singlet,618
GACGCGTTCCACGAAT,HTO_E,1,singlet,648
GACGCGTTCGATAGAA,HTO_F,1,singlet,906
GACGCGTTCGTCCGTT,multiplet,2,multiplet,1369
GACGCGTTCTTGTACT,multiplet,2,multiplet,1121
GACGGCTAGAGGTTGC,HTO_G,1,singlet,1268
GACGGCTAGATCTGCT,HTO_D,1,singlet,1496
GACGGCTAGCAATATG,HTO_D,1,singlet,1480
GACGGCTAGTACCGGA,HTO_C,1,singlet,830
GACGGCTCAAGTACCT,HTO_C,1,singlet,851
GACGGCTCACAACGTT,HTO_C,1,singlet,1074
GACGGCTCACGAAGCA,HTO_A,1,singlet,569
GACGGCTCACTAGTAC,HTO_H,1,singlet,1817
GACGGCTCAGCTTAAC,multiplet,2,multiplet,2919
GACGGCTGTCAGATAA,HTO_C,1,singlet,786
GACGGCTGTCGAAAGC,HTO_D,1,singlet,1763
GACGGCTGTCGACTGC,HTO_A,1,singlet,668
GACGGCTGTCTCGTTC,HTO_C,1,singlet,592
GACGGCTGTGGTCTCG,HTO_E,1,singlet,598
GACGGCTGTTAAGGGC,HTO_E,1,singlet,509
GACGGCTGTTCAGTAC,HTO_H,1,singlet,6772
GACGGCTTCAAGCCTA,HTO_A,1,singlet,1679
GACGGCTTCAGCGACC,multiplet,2,multiplet,2579
GACGGCTTCCGCTGTT,multiplet,2,multiplet,3844
GACGGCTTCGTAGGTT,HTO_C,1,singlet,1939
GACGGCTTCTATCCTA,HTO_F,1,singlet,908
GACGGCTTCTGCGACG,HTO_A,1,singlet,1544
GACGTGCAGAATGTTG,HTO_B,1,singlet,770
GACGTGCAGCAAATCA,HTO_F,1,singlet,1783
GACGTGCAGCTGTCTA,HTO_F,1,singlet,718
GACGTGCAGTTTCCTT,HTO_C,1,singlet,1620
GACGTGCCAAAGAATC,HTO_F,1,singlet,1425
GACGTGCCAAGACACG,HTO_D,1,singlet,2291
GACGTGCCAAGCCATT,HTO_F,1,singlet,763
GACGTGCCAAGGACTG,HTO_G,1,singlet,3513
GACGTGCCAAGGCTCC,HTO_H,1,singlet,571
GACGTGCCACTTACGA,multiplet,2,multiplet,1864
GACGTGCCAGGACCCT,HTO_H,1,singlet,1120
GACGTGCCAGGTCTCG,HTO_A,1,singlet,2330
GACGTGCCAGTATGCT,multiplet,2,multiplet,4660
GACGTGCCATAGGATA,multiplet,2,multiplet,2853
GACGTGCCATGCAATC,HTO_G,1,singlet,1968
GACGTGCGTACCGAGA,HTO_E,1,singlet,2614
GACGTGCGTCGAGATG,HTO_A,1,singlet,88
GACGTGCGTTCAGACT,multiplet,2,multiplet,1216
GACGTGCGTTTCCACC,HTO_F,1,singlet,3110
GACGTGCTCATTTGGG,HTO_B,1,singlet,1628
GACGTGCTCCGGGTGT,multiplet,2,multiplet,1257
GACGTGCTCCTCTAGC,HTO_H,1,singlet,853
GACGTGCTCCTTCAAT,multiplet,2,multiplet,6017
GACGTGCTCTCTTATG,HTO_G,1,singlet,1419
GACGTTAAGCCCGAAA,HTO_E,1,singlet,868
GACGTTAAGGCGATAC,HTO_C,1,singlet,2517
GACGTTAAGGTAGCTG,HTO_H,1,singlet,1927
GACGTTAAGTACATGA,HTO_A,1,singlet,480
GACGTTAAGTCGATAA,HTO_D,1,singlet,1615
GACGTTAAGTTACCCA,HTO_E,1,singlet,550
GACGTTAAGTTCCACA,HTO_D,1,singlet,1505
GACGTTACAAGGTGTG,HTO_A,1,singlet,2093
GACGTTACACACCGAC,HTO_F,1,singlet,876
GACGTTACACGAAATA,HTO_F,1,singlet,1299
GACGTTACACTCAGGC,HTO_H,1,singlet,719
GACGTTACAGGATTGG,HTO_G,1,singlet,347
GACGTTACAGGTCTCG,HTO_D,1,singlet,3811
GACGTTACAGTTAACC,HTO_G,1,singlet,2265
GACGTTACATAGGATA,multiplet,2,multiplet,1108
GACGTTACATTACCTT,HTO_B,1,singlet,1018
GACGTTAGTAAGTGGC,HTO_H,1,singlet,329
GACGTTAGTACGCTGC,HTO_H,1,singlet,1861
GACGTTAGTCAAAGAT,HTO_C,1,singlet,722
GACGTTAGTGCACGAA,HTO_H,1,singlet,752
GACGTTAGTGCGATAG,HTO_C,1,singlet,3117
GACGTTAGTTACCGAT,multiplet,2,multiplet,788
GACGTTATCACAGGCC,HTO_H,1,singlet,490
GACGTTATCAGAGACG,multiplet,2,multiplet,3301
GACGTTATCAGCAACT,HTO_H,1,singlet,1341
GACGTTATCCACGTGG,HTO_A,1,singlet,2943
GACGTTATCCATGAAC,HTO_F,1,singlet,2045
GACGTTATCCCTAATT,HTO_G,1,singlet,2910
GACGTTATCGACCAGC,HTO_E,1,singlet,817
GACGTTATCTCTTGAT,multiplet,2,multiplet,2147
GACGTTATCTGGCGTG,HTO_H,1,singlet,604
GACTAACAGAAACCGC,HTO_C,1,singlet,751
GACTAACAGAAGCCCA,HTO_C,1,singlet,1829
GACTAACAGAAGGACA,HTO_C,1,singlet,1960
GACTAACAGCACGCCT,multiplet,2,multiplet,2984
GACTAACAGCAGACTG,HTO_D,1,singlet,4372
GACTAACAGCGATAGC,HTO_G,1,singlet,572
GACTAACAGCGTTGCC,HTO_D,1,singlet,1704
GACTAACAGGCTCATT,HTO_E,1,singlet,918
GACTAACAGGTGTTAA,multiplet,2,multiplet,1310
GACTAACAGTATCGAA,multiplet,2,multiplet,4527
GACTAACAGTCATCCA,HTO_H,1,singlet,1514
GACTAACAGTCTCAAC,HTO_A,1,singlet,665
GACTAACAGTGAACAT,HTO_A,1,singlet,910
GACTAACAGTGTCCCG,HTO_H,1,singlet,195
GACTAACAGTGTTTGC,HTO_F,1,singlet,641
GACTAACCAAGACACG,HTO_A,1,singlet,241
GACTAACCAAGTCTGT,HTO_H,1,singlet,1392
GACTAACCAATAGCGG,HTO_A,1,singlet,1548
GACTAACCACACCGAC,HTO_E,1,singlet,557
GACTAACCAGTCTTCC,HTO_C,1,singlet,984
GACTAACCATAGGATA,HTO_H,1,singlet,2573
GACTAACCATCCGTGG,HTO_G,1,singlet,825
GACTAACCATGAACCT,HTO_G,1,singlet,3121
GACTAACCATTAACCG,HTO_B,1,singlet,1257
GACTAACGTAAAGGAG,multiplet,2,multiplet,4215
GACTAACGTAATCGTC,HTO_D,1,singlet,1999
GACTAACGTTTCCACC,HTO_B,1,singlet,1787
GACTAACTCAACGGCC,HTO_G,1,singlet,974
GACTAACTCAAGATCC,multiplet,2,multiplet,1157
GACTAACTCACGATGT,HTO_B,1,singlet,1682
GACTAACTCCAGTATG,HTO_H,1,singlet,1753
GACTAACTCCCTGACT,multiplet,2,multiplet,1501
GACTAACTCCGAGCCA,HTO_H,1,singlet,1525
GACTAACTCCGTAGGC,multiplet,2,multiplet,4503
GACTAACTCTCAAGTG,HTO_H,1,singlet,2464
GACTAACTCTGCTTGC,HTO_B,1,singlet,2562
GACTAACTCTTCCTTC,multiplet,3,multiplet,4874
GACTACAAGAAGCCCA,multiplet,2,multiplet,917
GACTACAAGAAGGCCT,multiplet,2,multiplet,2126
GACTACAAGAATGTTG,multiplet,2,multiplet,2144
GACTACAAGACTAAGT,HTO_D,1,singlet,1807
GACTACAAGACTGTAA,HTO_B,1,singlet,1010
GACTACAAGCGTAATA,HTO_H,1,singlet,1159
GACTACAAGCGTTGCC,HTO_H,1,singlet,1754
GACTACAAGTTATCGC,HTO_C,1,singlet,1440
GACTACACAAGAGTCG,HTO_E,1,singlet,913
GACTACACAATCGGTT,HTO_H,1,singlet,1060
GACTACACAATCTGCA,HTO_B,1,singlet,5109
GACTACACACCGGAAA,HTO_H,1,singlet,686
GACTACACACGCGAAA,HTO_D,1,singlet,9016
GACTACACACTGTCGG,HTO_B,1,singlet,5721
GACTACACACTTGGAT,HTO_D,1,singlet,3519
GACTACACAGGGTATG,multiplet,2,multiplet,1470
GACTACACATAGGATA,HTO_F,1,singlet,1001
GACTACACATGATCCA,HTO_B,1,singlet,4179
GACTACAGTAAAGTCA,HTO_B,1,singlet,1035
GACTACAGTAACGACG,multiplet,2,multiplet,4030
GACTACAGTACCTACA,HTO_G,1,singlet,908
GACTACAGTACGCACC,multiplet,2,multiplet,3015
GACTACAGTAGTGAAT,HTO_C,1,singlet,491
GACTACAGTCCTGCTT,HTO_C,1,singlet,809
GACTACAGTGCACTTA,HTO_C,1,singlet,733
GACTACAGTTAAGGGC,multiplet,2,multiplet,1641
GACTACAGTTCAGCGC,HTO_H,1,singlet,819
GACTACAGTTGGTTTG,HTO_D,1,singlet,1677
GACTACATCAAACCGT,HTO_A,1,singlet,898
GACTACATCATAGCAC,HTO_C,1,singlet,1694
GACTACATCATATCGG,HTO_C,1,singlet,1260
GACTACATCCAATGGT,HTO_A,1,singlet,309
GACTACATCCTGTAGA,multiplet,2,multiplet,2996
GACTACATCGCCAGCA,multiplet,2,multiplet,2223
GACTACATCTGCGTAA,HTO_D,1,singlet,1839
GACTGCGAGATATGCA,HTO_A,1,singlet,2209
GACTGCGAGTCCTCCT,HTO_F,1,singlet,224
GACTGCGCAAATACAG,HTO_C,1,singlet,1275
GACTGCGCAAATTGCC,HTO_G,1,singlet,1499
GACTGCGCAAGCCATT,HTO_F,1,singlet,1376
GACTGCGCAAGGCTCC,HTO_H,1,singlet,1235
GACTGCGCACACGCTG,HTO_G,1,singlet,1710
GACTGCGCACACTGCG,HTO_H,1,singlet,2214
GACTGCGCACCAACCG,HTO_C,1,singlet,1100
GACTGCGCACGCGAAA,HTO_H,1,singlet,1600
GACTGCGCAGCGTCCA,HTO_D,1,singlet,4485
GACTGCGCAGGCTCAC,HTO_D,1,singlet,4399
GACTGCGGTAGTGAAT,multiplet,2,multiplet,1643
GACTGCGGTCGTCTTC,multiplet,2,multiplet,3214
GACTGCGGTGGTCTCG,HTO_B,1,singlet,1632
GACTGCGGTTACCAGT,HTO_D,1,singlet,1619
GACTGCGGTTCCACGG,HTO_H,1,singlet,937
GACTGCGTCAACGCTA,multiplet,2,multiplet,4876
GACTGCGTCACCGGGT,HTO_D,1,singlet,6820
GACTGCGTCAGAGACG,HTO_H,1,singlet,1752
GACTGCGTCCAAACTG,HTO_H,1,singlet,948
GACTGCGTCCCAAGAT,HTO_G,1,singlet,2839
GACTGCGTCCCTAATT,HTO_E,1,singlet,1857
GACTGCGTCCTCATTA,HTO_F,1,singlet,349
GACTGCGTCCTGCCAT,HTO_C,1,singlet,988
GACTGCGTCGCAAGCC,HTO_E,1,singlet,620
GACTGCGTCGCGCCAA,multiplet,2,multiplet,1560
GACTGCGTCTATCCCG,HTO_B,1,singlet,977
GACTGCGTCTCTAGGA,HTO_A,1,singlet,922
GACTGCGTCTGTCTAT,multiplet,2,multiplet,2678
GACTGCGTCTTACCTA,HTO_D,1,singlet,2430
GACTGCGTCTTCAACT,HTO_G,1,singlet,1509
GAGCAGAAGCCACGCT,HTO_E,1,singlet,1734
GAGCAGAAGCCAGTTT,HTO_H,1,singlet,2410
GAGCAGAAGGAACTGC,HTO_A,1,singlet,1540
GAGCAGAAGGCAGGTT,HTO_B,1,singlet,13040
GAGCAGAAGGGAGTAA,HTO_D,1,singlet,1854
GAGCAGAAGGGTTTCT,HTO_D,1,singlet,1088
GAGCAGAAGGTCATCT,HTO_E,1,singlet,2173
GAGCAGAAGGTGATTA,HTO_H,1,singlet,9766
GAGCAGAAGTGTCTCA,multiplet,2,multiplet,2648
GAGCAGACAAAGCGGT,HTO_H,1,singlet,764
GAGCAGACAACTTGAC,HTO_G,1,singlet,653
GAGCAGACACCATGTA,multiplet,2,multiplet,5875
GAGCAGACACGGTAAG,HTO_G,1,singlet,1283
GAGCAGACATAGAAAC,HTO_D,1,singlet,1562
GAGCAGACATCCTAGA,HTO_A,1,singlet,223
GAGCAGAGTAAACGCG,HTO_D,1,singlet,1333
GAGCAGAGTACTTCTT,HTO_H,1,singlet,1254
GAGCAGAGTCTAAAGA,HTO_H,1,singlet,750
GAGCAGAGTCTGGTCG,HTO_D,1,singlet,4879
GAGCAGATCAACCATG,HTO_H,1,singlet,579
GAGCAGATCACAGGCC,HTO_D,1,singlet,2466
GAGCAGATCGCCTGAG,HTO_G,1,singlet,1363
GAGCAGATCTAACTTC,HTO_H,1,singlet,813
GAGCAGATCTGGCGTG,multiplet,2,multiplet,2990
GAGGTGAAGAGGACGG,HTO_C,1,singlet,794
GAGGTGAAGATGGCGT,HTO_B,1,singlet,3094
GAGGTGAAGCCACGCT,HTO_D,1,singlet,1262
GAGGTGAAGGATGCGT,HTO_A,1,singlet,1009
GAGGTGAAGGCCCGTT,HTO_G,1,singlet,3522
GAGGTGAAGGGATCTG,HTO_G,1,singlet,2255
GAGGTGAAGGTAGCTG,multiplet,2,multiplet,408
GAGGTGAAGTACATGA,HTO_F,1,singlet,263
GAGGTGAAGTGGGCTA,multiplet,2,multiplet,4211
GAGGTGAAGTTACCCA,multiplet,2,multiplet,2170
GAGGTGACAAACGCGA,HTO_C,1,singlet,1667
GAGGTGACAAGCCGCT,HTO_G,1,singlet,1608
GAGGTGACAAGTAGTA,HTO_D,1,singlet,1524
GAGGTGACACATCTTT,HTO_E,1,singlet,528
GAGGTGACACCGTTGG,HTO_B,1,singlet,2457
GAGGTGACACCTTGTC,HTO_G,1,singlet,1432
GAGGTGACAGTTCCCT,HTO_E,1,singlet,728
GAGGTGACATGAAGTA,HTO_A,1,singlet,1527
GAGGTGACATGTTCCC,HTO_E,1,singlet,393
GAGGTGAGTAATCACC,HTO_C,1,singlet,2450
GAGGTGAGTACAGTGG,HTO_D,1,singlet,1389
GAGGTGAGTGAGTATA,multiplet,2,multiplet,2110
GAGGTGAGTTAAGATG,HTO_H,1,singlet,1749
GAGGTGAGTTGGTAAA,HTO_D,1,singlet,1816
GAGGTGAGTTTACTCT,HTO_H,1,singlet,1485
GAGGTGATCACAAACC,HTO_B,1,singlet,892
GAGGTGATCAGTACGT,HTO_E,1,singlet,1401
GAGGTGATCCAAAGTC,HTO_D,1,singlet,1770
GAGGTGATCCCATTTA,HTO_A,1,singlet,911
GAGGTGATCCTTCAAT,HTO_D,1,singlet,1347
GAGGTGATCGCTGATA,multiplet,2,multiplet,4706
GAGGTGATCGTAGATC,HTO_D,1,singlet,1787
GAGGTGATCGTTGCCT,HTO_E,1,singlet,617
GAGGTGATCTACGAGT,HTO_E,1,singlet,404
GAGGTGATCTAGCACA,HTO_G,1,singlet,598
GAGGTGATCTGATACG,HTO_C,1,singlet,384
GAGGTGATCTTTAGTC,multiplet,2,multiplet,10491
GAGTCCGAGAGACGAA,multiplet,2,multiplet,2046
GAGTCCGAGATAGGAG,multiplet,2,multiplet,1889
GAGTCCGAGCATCATC,multiplet,2,multiplet,1073
GAGTCCGAGCTGCGAA,HTO_H,1,singlet,1298
GAGTCCGAGGGTCTCC,HTO_G,1,singlet,5704
GAGTCCGAGTGGTCCC,HTO_A,1,singlet,983
GAGTCCGCAATCGAAA,HTO_E,1,singlet,614
GAGTCCGCACAGATTC,HTO_H,1,singlet,3316
GAGTCCGCACAGCGTC,HTO_E,1,singlet,461
GAGTCCGCACAGGCCT,HTO_E,1,singlet,857
GAGTCCGCACGACGAA,HTO_B,1,singlet,1181
GAGTCCGCACGACTCG,HTO_E,1,singlet,1413
GAGTCCGCAGGCGATA,HTO_H,1,singlet,655
GAGTCCGCAGTCCTTC,HTO_A,1,singlet,2839
GAGTCCGCATACGCCG,HTO_D,1,singlet,1828
GAGTCCGCATCCGCGA,HTO_E,1,singlet,263
GAGTCCGGTAAGCACG,HTO_H,1,singlet,3434
GAGTCCGGTAAGTGGC,HTO_F,1,singlet,1889
GAGTCCGGTAATAGCA,HTO_F,1,singlet,2485
GAGTCCGGTAGCGCAA,multiplet,2,multiplet,3432
GAGTCCGGTCAACTGT,negative,0,negative,77
GAGTCCGGTCATATGC,HTO_C,1,singlet,749
GAGTCCGGTCATCCCT,HTO_H,1,singlet,643
GAGTCCGGTCCAAGTT,HTO_H,1,singlet,971
GAGTCCGGTGATGTGG,multiplet,3,multiplet,4442
GAGTCCGGTGGGTCAA,HTO_B,1,singlet,1915
GAGTCCGGTTACAGAA,HTO_D,1,singlet,1811
GAGTCCGGTTATCACG,HTO_D,1,singlet,1997
GAGTCCGTCAACGGGA,HTO_G,1,singlet,1115
GAGTCCGTCACCACCT,HTO_D,1,singlet,1287
GAGTCCGTCGCGTTTC,HTO_E,1,singlet,327
GAGTCCGTCTACTCAT,HTO_D,1,singlet,1147
GAGTCCGTCTCAAGTG,HTO_F,1,singlet,591
GAGTCCGTCTCTTATG,HTO_H,1,singlet,7106
GATCAGTAGAAGGTTT,HTO_H,1,singlet,1051
GATCAGTAGAGCTGGT,HTO_B,1,singlet,1382
GATCAGTAGCGTCAAG,HTO_H,1,singlet,4097
GATCAGTAGGATATAC,HTO_E,1,singlet,661
GATCAGTAGGGTGTGT,multiplet,2,multiplet,7727
GATCAGTAGTGACTCT,HTO_A,1,singlet,805
GATCAGTAGTGGGTTG,HTO_E,1,singlet,1992
GATCAGTCAAACCCAT,multiplet,2,multiplet,2352
GATCAGTCAAATCCGT,HTO_B,1,singlet,1193
GATCAGTCAATCCAAC,HTO_A,1,singlet,541
GATCAGTCACGTAAGG,HTO_B,1,singlet,1250
GATCAGTCAGCTCCGA,HTO_F,1,singlet,3220
GATCAGTCAGGTCTCG,HTO_F,1,singlet,619
GATCAGTCATCCTAGA,HTO_G,1,singlet,223
GATCAGTCATGAAGTA,HTO_A,1,singlet,1480
GATCAGTCATGTTGAC,HTO_G,1,singlet,294
GATCAGTGTAAATGTG,HTO_G,1,singlet,1110
GATCAGTGTAAGAGGA,HTO_G,1,singlet,1120
GATCAGTGTAATCACC,HTO_B,1,singlet,1199
GATCAGTGTCAATACC,HTO_G,1,singlet,977
GATCAGTGTCCCTACT,HTO_H,1,singlet,768
GATCAGTGTCTCTCTG,HTO_E,1,singlet,1008
GATCAGTGTCTGCCAG,HTO_H,1,singlet,2791
GATCAGTGTGCGAAAC,HTO_D,1,singlet,1636
GATCAGTGTTCCTCCA,HTO_B,1,singlet,941
GATCAGTTCAGCTCTC,HTO_A,1,singlet,204
GATCAGTTCGAGCCCA,multiplet,2,multiplet,3290
GATCAGTTCGCCAAAT,HTO_A,1,singlet,565
GATCAGTTCGTTTAGG,HTO_G,1,singlet,831
GATCAGTTCTGATTCT,multiplet,2,multiplet,3592
GATCAGTTCTGTACGA,HTO_A,1,singlet,1283
GATCAGTTCTTGCATT,multiplet,2,multiplet,1580
GATCGATAGACAGGCT,HTO_E,1,singlet,3645
GATCGATAGAGTACAT,multiplet,2,multiplet,726
GATCGATAGCAAATCA,HTO_F,1,singlet,438
GATCGATAGCCCAGCT,HTO_G,1,singlet,789
GATCGATAGCTACCGC,HTO_H,1,singlet,561
GATCGATAGCTCTCGG,HTO_D,1,singlet,1279
GATCGATAGCTGTTCA,HTO_G,1,singlet,1202
GATCGATAGGGAGTAA,HTO_A,1,singlet,292
GATCGATAGTATCTCG,HTO_B,1,singlet,707
GATCGATAGTTAAGTG,multiplet,2,multiplet,5502
GATCGATCAATAGAGT,HTO_G,1,singlet,838
GATCGATCACAGACTT,HTO_H,1,singlet,3761
GATCGATCACCGATAT,HTO_D,1,singlet,1359
GATCGATCACTGAAGG,HTO_D,1,singlet,2615
GATCGATCACTGTTAG,HTO_H,1,singlet,814
GATCGATCACTTACGA,HTO_C,1,singlet,995
GATCGATCAGCCTGTG,HTO_B,1,singlet,811
GATCGATCAGTAAGCG,HTO_F,1,singlet,4020
GATCGATGTATCACCA,HTO_F,1,singlet,420
GATCGATGTCAGAATA,HTO_F,1,singlet,5611
GATCGATGTGTCAATC,HTO_A,1,singlet,2741
GATCGATGTTGCGTTA,multiplet,2,multiplet,4781
GATCGATTCAAACAAG,HTO_E,1,singlet,3733
GATCGATTCAACGCTA,HTO_H,1,singlet,745
GATCGATTCCCAACGG,HTO_C,1,singlet,549
GATCGATTCCGTAGTA,HTO_D,1,singlet,2886
GATCGATTCCTATGTT,HTO_G,1,singlet,1233
GATCGATTCTCGCATC,HTO_E,1,singlet,3195
GATCGATTCTGAGTGT,HTO_C,1,singlet,1699
GATCGATTCTGCAAGT,HTO_B,1,singlet,1346
GATCGATTCTGCAGTA,HTO_H,1,singlet,520
GATCGCGAGAAACCAT,HTO_B,1,singlet,3017
GATCGCGAGACACGAC,HTO_A,1,singlet,4498
GATCGCGAGACCGGAT,HTO_A,1,singlet,681
GATCGCGAGCCAGTAG,HTO_H,1,singlet,5473
GATCGCGAGCCTATGT,HTO_D,1,singlet,2135
GATCGCGAGCGTGTCC,HTO_B,1,singlet,959
GATCGCGAGGAGCGTT,HTO_D,1,singlet,1215
GATCGCGAGTCTCCTC,HTO_D,1,singlet,2706
GATCGCGAGTGGAGTC,HTO_C,1,singlet,1853
GATCGCGCAACGCACC,multiplet,2,multiplet,3473
GATCGCGCAGCTCCGA,multiplet,3,multiplet,8406
GATCGCGCATCAGTAC,HTO_G,1,singlet,1008
GATCGCGCATCCGTGG,HTO_F,1,singlet,928
GATCGCGGTATAGGGC,HTO_E,1,singlet,1233
GATCGCGGTCCATGAT,multiplet,2,multiplet,4845
GATCGCGGTCCGAGTC,HTO_A,1,singlet,1515
GATCGCGGTGCAACTT,HTO_C,1,singlet,1613
GATCGCGGTTCACGGC,multiplet,2,multiplet,1479
GATCGCGGTTCGCGAC,HTO_H,1,singlet,888
GATCGCGTCAGTTTGG,HTO_H,1,singlet,512
GATCGCGTCATTCACT,multiplet,2,multiplet,1424
GATCGCGTCCACGTGG,HTO_C,1,singlet,1038
GATCGCGTCCATGAAC,multiplet,2,multiplet,1047
GATCGCGTCCCTAATT,HTO_C,1,singlet,603
GATCGCGTCCTCTAGC,HTO_H,1,singlet,244
GATCGCGTCGCATGAT,HTO_A,1,singlet,67
GATCGCGTCGGCTTGG,HTO_A,1,singlet,68
GATCGCGTCTATCGCC,HTO_H,1,singlet,768
GATCGTAAGCAATATG,HTO_D,1,singlet,3833
GATCGTAAGCCGCCTA,HTO_E,1,singlet,1534
GATCGTAAGCGATGAC,HTO_A,1,singlet,831
GATCGTAAGCTACCGC,HTO_C,1,singlet,996
GATCGTAAGCTACCTA,HTO_B,1,singlet,926
GATCGTAAGCTGTTCA,HTO_A,1,singlet,601
GATCGTAAGGCATGGT,HTO_C,1,singlet,1792
GATCGTAAGGTGTGGT,HTO_H,1,singlet,4391
GATCGTAAGTGTGGCA,HTO_D,1,singlet,6865
GATCGTACAAATTGCC,HTO_C,1,singlet,3334
GATCGTACAACGCACC,multiplet,2,multiplet,1039
GATCGTACAAGTTCTG,HTO_F,1,singlet,1957
GATCGTACACACCGCA,HTO_G,1,singlet,2606
GATCGTACACGGCTAC,HTO_C,1,singlet,2009
GATCGTACATCCCATC,HTO_C,1,singlet,2920
GATCGTACATCTATGG,multiplet,3,multiplet,6618
GATCGTACATGCATGT,HTO_D,1,singlet,2886
GATCGTACATGCTAGT,HTO_A,1,singlet,1673
GATCGTACATGTAAGA,HTO_B,1,singlet,1687
GATCGTAGTAAATGTG,multiplet,2,multiplet,4251
GATCGTAGTACGCACC,HTO_D,1,singlet,1573
GATCGTAGTATTCTCT,HTO_D,1,singlet,1221
GATCGTAGTCTCCCTA,HTO_C,1,singlet,1385
GATCGTAGTGTGTGCC,multiplet,2,multiplet,3187
GATCGTAGTTCCATGA,HTO_A,1,singlet,1828
GATCGTATCACCCTCA,HTO_D,1,singlet,1129
GATCGTATCCAAACAC,HTO_E,1,singlet,953
GATCGTATCCGATATG,HTO_A,1,singlet,3225
GATCGTATCCGTAGGC,multiplet,2,multiplet,4714
GATCGTATCGTAGGAG,multiplet,2,multiplet,5523
GATCGTATCTACCTGC,HTO_F,1,singlet,890
GATCGTATCTGCGTAA,HTO_C,1,singlet,5200
GATCTAGAGAAACGCC,HTO_E,1,singlet,1298
GATCTAGAGAGTACCG,HTO_D,1,singlet,1228
GATCTAGAGGCGATAC,HTO_C,1,singlet,926
GATCTAGAGGTCGGAT,HTO_A,1,singlet,536
GATCTAGAGTACGTAA,multiplet,2,multiplet,1617
GATCTAGAGTAGGTGC,multiplet,2,multiplet,2110
GATCTAGAGTTTAGGA,HTO_B,1,singlet,2102
GATCTAGCAAACGCGA,multiplet,2,multiplet,1645
GATCTAGCAACACGCC,HTO_A,1,singlet,1145
GATCTAGCAAGCCGTC,HTO_A,1,singlet,940
GATCTAGCAAGTAATG,HTO_C,1,singlet,992
GATCTAGCAATGTTGC,HTO_A,1,singlet,4158
GATCTAGCACCAGCAC,HTO_A,1,singlet,1108
GATCTAGCACCGAATT,HTO_E,1,singlet,812
GATCTAGCACGGCCAT,HTO_G,1,singlet,3652
GATCTAGCAGACGCCT,HTO_G,1,singlet,1799
GATCTAGCAGAGTGTG,HTO_E,1,singlet,3745
GATCTAGCAGCCAGAA,HTO_A,1,singlet,721
GATCTAGCAGCGAACA,HTO_H,1,singlet,1285
GATCTAGCATAACCTG,HTO_E,1,singlet,912
GATCTAGCATGCGCAC,HTO_H,1,singlet,833
GATCTAGCATGGATGG,HTO_H,1,singlet,3511
GATCTAGGTATGAATG,HTO_G,1,singlet,570
GATCTAGGTCAACTGT,HTO_D,1,singlet,1310
GATCTAGGTCAATACC,HTO_E,1,singlet,2901
GATCTAGGTCCGAAGA,HTO_E,1,singlet,1848
GATCTAGGTCCTGCTT,HTO_B,1,singlet,813
GATCTAGGTTATCCGA,HTO_B,1,singlet,263
GATCTAGTCAAACAAG,HTO_C,1,singlet,697
GATCTAGTCACAATGC,HTO_C,1,singlet,1934
GATCTAGTCAGCACAT,multiplet,2,multiplet,1450
GATCTAGTCATCGCTC,multiplet,2,multiplet,1306
GATCTAGTCATGCATG,HTO_A,1,singlet,517
GATCTAGTCATTATCC,HTO_F,1,singlet,2679
GATCTAGTCCACGACG,HTO_A,1,singlet,308
GATCTAGTCCAGTATG,HTO_F,1,singlet,1580
GATCTAGTCCCTTGCA,HTO_F,1,singlet,1008
GATCTAGTCCGCGCAA,HTO_C,1,singlet,2513
GATCTAGTCCTCTAGC,HTO_H,1,singlet,606
GATGAAAAGACAGAGA,HTO_H,1,singlet,1401
GATGAAAAGATAGGAG,multiplet,2,multiplet,3149
GATGAAAAGCACAGGT,multiplet,2,multiplet,2010
GATGAAAAGGAGTACC,HTO_H,1,singlet,1637
GATGAAAAGGATCGCA,HTO_F,1,singlet,1954
GATGAAAAGGCAGGTT,HTO_E,1,singlet,1288
GATGAAAAGGGCACTA,HTO_A,1,singlet,842
GATGAAAAGGTGATAT,HTO_A,1,singlet,2959
GATGAAAAGTGAACAT,HTO_D,1,singlet,878
GATGAAACAACACGCC,multiplet,2,multiplet,1675
GATGAAACAAGAAGAG,multiplet,2,multiplet,3150
GATGAAACAAGGGTCA,HTO_B,1,singlet,988
GATGAAACACCGATAT,HTO_F,1,singlet,1565
GATGAAACACGCTTTC,multiplet,2,multiplet,3813
GATGAAACAGATGGGT,HTO_E,1,singlet,970
GATGAAACAGCTGTGC,HTO_A,1,singlet,1375
GATGAAACAGGTTTCA,HTO_H,1,singlet,1082
GATGAAACATCCTAGA,HTO_C,1,singlet,564
GATGAAAGTCCATCCT,multiplet,2,multiplet,1504
GATGAAAGTCTTTCAT,HTO_G,1,singlet,690
GATGAAAGTGGAAAGA,HTO_A,1,singlet,278
GATGAAAGTGGACGAT,multiplet,2,multiplet,1449
GATGAAAGTGTTCTTT,HTO_B,1,singlet,755
GATGAAAGTTAAGACA,HTO_A,1,singlet,1313
GATGAAAGTTGCCTCT,HTO_B,1,singlet,1058
GATGAAAGTTTAAGCC,multiplet,2,multiplet,1479
GATGAAATCATAGCAC,HTO_H,1,singlet,212
GATGAAATCTCGTTTA,HTO_D,1,singlet,3646
GATGAGGAGATAGTCA,HTO_A,1,singlet,555
GATGAGGAGCCCAATT,HTO_D,1,singlet,1820
GATGAGGAGGATGCGT,HTO_A,1,singlet,541
GATGAGGAGGCTCTTA,HTO_E,1,singlet,1274
GATGAGGAGTATCGAA,HTO_F,1,singlet,518
GATGAGGAGTATTGGA,multiplet,2,multiplet,2018
GATGAGGAGTTCGATC,multiplet,2,multiplet,5621
GATGAGGCAAACCCAT,multiplet,2,multiplet,2902
GATGAGGCAATCACAC,HTO_D,1,singlet,1537
GATGAGGCAATCTGCA,HTO_B,1,singlet,312
GATGAGGCACCGAAAG,HTO_F,1,singlet,1159
GATGAGGCACGGCCAT,HTO_C,1,singlet,738
GATGAGGCACGGTAAG,HTO_E,1,singlet,1113
GATGAGGCAGACTCGC,HTO_C,1,singlet,730
GATGAGGCAGGCAGTA,HTO_C,1,singlet,1531
GATGAGGCAGTTCATG,HTO_F,1,singlet,1968
GATGAGGCATAGAAAC,HTO_E,1,singlet,1044
GATGAGGCATATGAGA,HTO_A,1,singlet,1471
GATGAGGCATCTGGTA,HTO_E,1,singlet,1585
GATGAGGGTACAGACG,HTO_G,1,singlet,484
GATGAGGGTATAGGTA,HTO_G,1,singlet,3388
GATGAGGGTATGCTTG,HTO_B,1,singlet,2066
GATGAGGGTATTCGTG,HTO_C,1,singlet,570
GATGAGGGTCAGCTAT,multiplet,2,multiplet,3570
GATGAGGGTCATATGC,HTO_F,1,singlet,4305
GATGAGGGTCCGTTAA,HTO_C,1,singlet,874
GATGAGGGTCTCTTAT,HTO_F,1,singlet,571
GATGAGGGTGCACTTA,HTO_E,1,singlet,1021
GATGAGGGTGGTCTCG,HTO_A,1,singlet,817
GATGAGGGTTCAGGCC,HTO_H,1,singlet,681
GATGAGGTCAGATAAG,HTO_D,1,singlet,2589
GATGAGGTCATGTGGT,HTO_H,1,singlet,205
GATGAGGTCCAACCAA,HTO_F,1,singlet,911
GATGAGGTCCGTCAAA,HTO_H,1,singlet,2294
GATGAGGTCGTGGGAA,HTO_B,1,singlet,479
GATGAGGTCTCGTATT,HTO_C,1,singlet,1182
GATGCTAAGACTTTCG,multiplet,2,multiplet,3694
GATGCTAAGAGTAAGG,HTO_B,1,singlet,2480
GATGCTAAGATGTTAG,HTO_B,1,singlet,1129
GATGCTAAGCATCATC,HTO_D,1,singlet,4803
GATGCTAAGCTAAACA,HTO_H,1,singlet,1295
GATGCTAAGGCCCGTT,HTO_D,1,singlet,2653
GATGCTAAGGGCTTCC,HTO_B,1,singlet,1109
GATGCTAAGGGTATCG,multiplet,2,multiplet,1808
GATGCTAAGTATTGGA,HTO_C,1,singlet,628
GATGCTAAGTGATCGG,HTO_F,1,singlet,3425
GATGCTACAAGCTGAG,HTO_H,1,singlet,1167
GATGCTACACTAGTAC,multiplet,2,multiplet,2921
GATGCTACAGCAGTTT,HTO_G,1,singlet,865
GATGCTACATCCTTGC,HTO_H,1,singlet,797
GATGCTACATGCGCAC,HTO_G,1,singlet,1434
GATGCTAGTAAACGCG,HTO_H,1,singlet,499
GATGCTAGTACGACCC,HTO_A,1,singlet,507
GATGCTAGTCTAAAGA,HTO_A,1,singlet,2030
GATGCTAGTCTTCTCG,multiplet,2,multiplet,2050
GATGCTAGTGTCTGAT,HTO_G,1,singlet,1779
GATGCTAGTTCAGACT,HTO_H,1,singlet,1708
GATGCTAGTTCTCATT,HTO_D,1,singlet,2090
GATGCTAGTTGGTTTG,HTO_H,1,singlet,157
GATGCTATCACCTTAT,HTO_F,1,singlet,163
GATGCTATCAGCTTAG,HTO_F,1,singlet,985
GATGCTATCCGCTGTT,negative,0,negative,173
GATTCAGAGAGTACCG,HTO_C,1,singlet,1157
GATTCAGAGATGTAAC,multiplet,2,multiplet,3153
GATTCAGAGCAGCCTC,HTO_G,1,singlet,1328
GATTCAGAGCGTTTAC,HTO_B,1,singlet,3639
GATTCAGAGGCTCATT,HTO_C,1,singlet,330
GATTCAGAGTCCATAC,multiplet,2,multiplet,1975
GATTCAGAGTGATCGG,HTO_B,1,singlet,1374
GATTCAGAGTTGAGAT,HTO_C,1,singlet,654
GATTCAGCAACCGCCA,HTO_D,1,singlet,1520
GATTCAGCACAACTGT,multiplet,2,multiplet,6565
GATTCAGCACCAGGCT,HTO_D,1,singlet,1317
GATTCAGCAGCTGCAC,HTO_C,1,singlet,743
GATTCAGCAGTTAACC,HTO_D,1,singlet,996
GATTCAGCATCGATTG,HTO_B,1,singlet,6995
GATTCAGCATGAGCGA,HTO_E,1,singlet,340
GATTCAGCATGTAAGA,HTO_F,1,singlet,326
GATTCAGCATTCTCAT,HTO_G,1,singlet,637
GATTCAGCATTGGGCC,HTO_H,1,singlet,651
GATTCAGGTCGAGTTT,HTO_B,1,singlet,868
GATTCAGGTTCAGTAC,HTO_D,1,singlet,2942
GATTCAGTCAACTCTT,HTO_C,1,singlet,835
GATTCAGTCAAGATCC,HTO_F,1,singlet,749
GATTCAGTCAGGCCCA,HTO_F,1,singlet,4138
GATTCAGTCATGGTCA,HTO_F,1,singlet,812
GATTCAGTCCGCATAA,HTO_H,1,singlet,4350
GATTCAGTCCTTTACA,HTO_G,1,singlet,871
GATTCAGTCGTGGACC,multiplet,2,multiplet,6861
GATTCAGTCTCTTGAT,HTO_A,1,singlet,1222
GATTCAGTCTGTCTCG,HTO_A,1,singlet,1149
GCAAACTAGAGACGAA,negative,0,negative,227
GCAAACTAGAGCCTAG,HTO_B,1,singlet,3178
GCAAACTAGATATGCA,HTO_H,1,singlet,987
GCAAACTAGATGGGTC,multiplet,2,multiplet,1430
GCAAACTAGCACAGGT,HTO_H,1,singlet,6580
GCAAACTAGCGAAGGG,HTO_D,1,singlet,1799
GCAAACTAGCGCCTCA,HTO_E,1,singlet,882
GCAAACTAGGGATACC,HTO_B,1,singlet,987
GCAAACTAGGTGGGTT,HTO_H,1,singlet,1987
GCAAACTAGTACGATA,HTO_H,1,singlet,2830
GCAAACTAGTCAATAG,HTO_E,1,singlet,2112
GCAAACTAGTGAACAT,HTO_A,1,singlet,897
GCAAACTAGTGGGCTA,HTO_A,1,singlet,1867
GCAAACTAGTGTGAAT,HTO_B,1,singlet,1165
GCAAACTAGTTACCCA,HTO_H,1,singlet,681
GCAAACTCAAAGTCAA,HTO_A,1,singlet,1262
GCAAACTCAAGCGCTC,HTO_G,1,singlet,1062
GCAAACTCAAGGGTCA,HTO_H,1,singlet,584
GCAAACTCACACTGCG,HTO_H,1,singlet,2841
GCAAACTCACATTCGA,HTO_C,1,singlet,656
GCAAACTCACCAGTTA,HTO_B,1,singlet,1877
GCAAACTCACGCTTTC,multiplet,2,multiplet,2351
GCAAACTCAGGTCGTC,HTO_E,1,singlet,1716
GCAAACTCATTCCTCG,HTO_E,1,singlet,1446
GCAAACTCATTCTCAT,HTO_F,1,singlet,868
GCAAACTCATTTGCTT,HTO_D,1,singlet,1527
GCAAACTGTAATTGGA,HTO_A,1,singlet,2607
GCAAACTGTATCAGTC,multiplet,2,multiplet,4178
GCAAACTGTCAGAAGC,HTO_F,1,singlet,5296
GCAAACTGTCGAGTTT,HTO_G,1,singlet,794
GCAAACTGTCTAGTGT,HTO_F,1,singlet,847
GCAAACTGTTGCCTCT,HTO_B,1,singlet,1143
GCAAACTTCAAACAAG,HTO_A,1,singlet,2810
GCAAACTTCAGAAATG,multiplet,2,multiplet,8987
GCAAACTTCCATTCTA,HTO_F,1,singlet,837
GCAAACTTCCCAAGTA,HTO_G,1,singlet,820
GCAAACTTCCGCAGTG,HTO_A,1,singlet,244
GCAAACTTCGCCTGAG,HTO_B,1,singlet,1390
GCAAACTTCTATGTGG,HTO_G,1,singlet,1860
GCAAACTTCTCGTTTA,HTO_A,1,singlet,1042
GCAAACTTCTGTTTGT,HTO_H,1,singlet,6158
GCAATCAAGCCACCTG,HTO_H,1,singlet,886
GCAATCAAGCCAGGAT,HTO_F,1,singlet,1317
GCAATCAAGCTGATAA,HTO_B,1,singlet,1403
GCAATCAAGGAGCGAG,HTO_H,1,singlet,980
GCAATCAAGTGTGAAT,HTO_F,1,singlet,929
GCAATCACACCAGGCT,HTO_D,1,singlet,1693
GCAATCACACGACGAA,HTO_F,1,singlet,526
GCAATCACAGCGTTCG,HTO_C,1,singlet,669
GCAATCACAGCTCGAC,HTO_C,1,singlet,10237
GCAATCACAGCTGTGC,HTO_C,1,singlet,1319
GCAATCACAGTATAAG,HTO_E,1,singlet,2447
GCAATCACAGTCAGCC,HTO_B,1,singlet,1189
GCAATCAGTCCGAGTC,HTO_E,1,singlet,1300
GCAATCAGTCTCGTTC,HTO_D,1,singlet,1051
GCAATCAGTTACAGAA,HTO_F,1,singlet,2199
GCAATCAGTTACGTCA,HTO_F,1,singlet,1347
GCAATCAGTTCCATGA,HTO_C,1,singlet,1499
GCAATCAGTTGATTGC,HTO_H,1,singlet,482
GCAATCATCATGCTCC,HTO_D,1,singlet,1175
GCAATCATCCACTCCA,HTO_H,1,singlet,3597
GCAATCATCGCGATCG,HTO_F,1,singlet,3805
GCAATCATCTACTCAT,HTO_E,1,singlet,832
GCAATCATCTCCTATA,HTO_A,1,singlet,555
GCAATCATCTCTAAGG,HTO_E,1,singlet,1136
GCACATAAGACGACGT,HTO_E,1,singlet,998
GCACATAAGAGCTGGT,HTO_F,1,singlet,3678
GCACATAAGCCGATTT,HTO_D,1,singlet,2466
GCACATAAGCTGAAAT,HTO_H,1,singlet,3166
GCACATAAGGAATCGC,HTO_H,1,singlet,2548
GCACATAAGGAGCGTT,HTO_A,1,singlet,883
GCACATAAGTACGTTC,HTO_D,1,singlet,2037
GCACATAAGTCAATAG,multiplet,2,multiplet,2061
GCACATAAGTGGGTTG,HTO_A,1,singlet,1751
GCACATAAGTGTCCAT,multiplet,2,multiplet,1940
GCACATAAGTTAAGTG,HTO_C,1,singlet,582
GCACATAAGTTGCAGG,HTO_G,1,singlet,1100
GCACATAAGTTTCCTT,HTO_D,1,singlet,1951
GCACATACAAGGCTCC,HTO_A,1,singlet,1030
GCACATACACACATGT,HTO_B,1,singlet,1355
GCACATACACGGTAAG,HTO_E,1,singlet,718
GCACATACACGTTGGC,HTO_G,1,singlet,1935
GCACATACAGCTCCGA,HTO_A,1,singlet,587
GCACATACAGGAACGT,HTO_D,1,singlet,1644
GCACATACATGATCCA,multiplet,2,multiplet,1319
GCACATACATTGGTAC,HTO_B,1,singlet,1256
GCACATAGTATGCTTG,HTO_G,1,singlet,3512
GCACATAGTCATCCCT,multiplet,2,multiplet,1831
GCACATAGTCTGCGGT,HTO_D,1,singlet,1472
GCACATAGTGGTCTCG,HTO_D,1,singlet,1864
GCACATAGTTCCACGG,multiplet,2,multiplet,1087
GCACATAGTTCCATGA,HTO_E,1,singlet,1327
GCACATAGTTGAGGTG,HTO_E,1,singlet,1237
GCACATAGTTTGCATG,HTO_B,1,singlet,1233
GCACATATCAACGCTA,HTO_C,1,singlet,743
GCACATATCCCAACGG,HTO_D,1,singlet,3141
GCACATATCCGATATG,HTO_A,1,singlet,825
GCACATATCCTATTCA,HTO_D,1,singlet,1987
GCACATATCGGAATCT,HTO_G,1,singlet,1194
GCACATATCGTCTGAA,HTO_C,1,singlet,1451
GCACTCTAGAAACCTA,HTO_F,1,singlet,1785
GCACTCTAGAACAACT,HTO_C,1,singlet,1123
GCACTCTAGAGTACAT,multiplet,2,multiplet,1590
GCACTCTAGCGTTCCG,HTO_F,1,singlet,988
GCACTCTAGGCTCATT,HTO_H,1,singlet,3698
GCACTCTAGTTATCGC,HTO_G,1,singlet,1659
GCACTCTCAACACGCC,HTO_C,1,singlet,1718
GCACTCTCAACTGGCC,HTO_G,1,singlet,2382
GCACTCTCACATTTCT,HTO_D,1,singlet,1118
GCACTCTCAGCTCGAC,HTO_E,1,singlet,1419
GCACTCTCATTCCTGC,HTO_H,1,singlet,188
GCACTCTGTACGACCC,multiplet,2,multiplet,3825
GCACTCTGTACTCAAC,HTO_D,1,singlet,2310
GCACTCTGTAGGGACT,HTO_H,1,singlet,2342
GCACTCTGTAGTGAAT,HTO_E,1,singlet,9300
GCACTCTGTATAGGGC,HTO_D,1,singlet,1687
GCACTCTGTCCGACGT,multiplet,2,multiplet,2319
GCACTCTGTCCGTGAC,HTO_A,1,singlet,1021
GCACTCTGTCGGATCC,HTO_H,1,singlet,4208
GCACTCTGTCTAACGT,multiplet,2,multiplet,704
GCACTCTGTTACGTCA,HTO_G,1,singlet,1062
GCACTCTGTTCCACTC,HTO_E,1,singlet,1078
GCACTCTTCAACACGT,HTO_E,1,singlet,809
GCACTCTTCAAGGCTT,multiplet,2,multiplet,1924
GCACTCTTCACAGGCC,HTO_H,1,singlet,1626
GCACTCTTCAGTTGAC,HTO_H,1,singlet,758
GCACTCTTCCCGACTT,HTO_H,1,singlet,871
GCACTCTTCCTCAATT,multiplet,2,multiplet,3443
GCACTCTTCGGTTAAC,HTO_B,1,singlet,1456
GCACTCTTCTATGTGG,HTO_A,1,singlet,2201
GCAGCCAAGAATTCCC,HTO_E,1,singlet,3766
GCAGCCAAGAGCCTAG,multiplet,2,multiplet,3051
GCAGCCAAGCAATATG,HTO_G,1,singlet,1575
GCAGCCAAGCTACCTA,HTO_H,1,singlet,569
GCAGCCAAGCTAGTGG,HTO_D,1,singlet,1748
GCAGCCAAGCTGCAAG,multiplet,2,multiplet,2524
GCAGCCAAGCTGTCTA,HTO_A,1,singlet,762
GCAGCCAAGTAGGTGC,multiplet,2,multiplet,2545
GCAGCCACAAGTTAAG,HTO_E,1,singlet,1516
GCAGCCACAATCTGCA,HTO_C,1,singlet,3262
GCAGCCACAATGTAAG,HTO_D,1,singlet,5553
GCAGCCACACAGCCCA,HTO_A,1,singlet,1895
GCAGCCACACGCATCG,HTO_B,1,singlet,7112
GCAGCCACACGGTAAG,HTO_H,1,singlet,1134
GCAGCCACACTGCCAG,HTO_B,1,singlet,1351
GCAGCCACAGTGACAG,HTO_F,1,singlet,2222
GCAGCCACATCATCCC,HTO_G,1,singlet,438
GCAGCCAGTAACGACG,HTO_H,1,singlet,7144
GCAGCCAGTATATGGA,HTO_E,1,singlet,739
GCAGCCAGTCGATTGT,HTO_E,1,singlet,1552
GCAGCCAGTCTAACGT,HTO_A,1,singlet,599
GCAGCCAGTCTGGAGA,multiplet,2,multiplet,2426
GCAGCCAGTTGGAGGT,HTO_G,1,singlet,1294
GCAGCCATCAATACCG,HTO_D,1,singlet,1430
GCAGCCATCACTTATC,HTO_G,1,singlet,695
GCAGCCATCCGCGTTT,HTO_E,1,singlet,1731
GCAGCCATCCGTAGGC,HTO_A,1,singlet,2740
GCAGCCATCGGCGGTT,HTO_C,1,singlet,4412
GCAGCCATCTAACTCT,HTO_A,1,singlet,3458
GCAGCCATCTGATACG,HTO_G,1,singlet,1224
GCAGCCATCTGTCTCG,HTO_G,1,singlet,612
GCAGCCATCTTGTTTG,HTO_D,1,singlet,2438
GCAGTTAAGACGCACA,multiplet,2,multiplet,1928
GCAGTTAAGAGACGAA,HTO_A,1,singlet,4249
GCAGTTAAGATCTGCT,HTO_G,1,singlet,4130
GCAGTTAAGCGTGAGT,multiplet,2,multiplet,2478
GCAGTTAAGTCCATAC,HTO_E,1,singlet,1520
GCAGTTACAAAGGCGT,HTO_B,1,singlet,3894
GCAGTTACAAGCGCTC,HTO_F,1,singlet,1213
GCAGTTACAATACGCT,HTO_G,1,singlet,1300
GCAGTTACAATCCAAC,HTO_H,1,singlet,1105
GCAGTTACACATCTTT,HTO_B,1,singlet,2882
GCAGTTACACATGGGA,HTO_E,1,singlet,1489
GCAGTTACAGCGTAAG,HTO_C,1,singlet,744
GCAGTTACAGGTGGAT,HTO_A,1,singlet,1477
GCAGTTACAGTTAACC,HTO_D,1,singlet,1240
GCAGTTACATCCCATC,HTO_G,1,singlet,213
GCAGTTACATGCGCAC,HTO_G,1,singlet,983
GCAGTTACATTACCTT,HTO_C,1,singlet,829
GCAGTTAGTATTCTCT,HTO_A,1,singlet,5778
GCAGTTAGTGACAAAT,HTO_E,1,singlet,908
GCAGTTAGTGCTAGCC,multiplet,2,multiplet,2509
GCAGTTAGTTCTGGTA,multiplet,3,multiplet,3854
GCAGTTATCAAGAAGT,HTO_A,1,singlet,1171
GCAGTTATCCAAATGC,HTO_G,1,singlet,1023
GCAGTTATCTATCCCG,HTO_C,1,singlet,738
GCAGTTATCTCGTATT,multiplet,3,multiplet,9212
GCAGTTATCTGCAGTA,HTO_H,1,singlet,335
GCAGTTATCTTCGGTC,HTO_E,1,singlet,1409
GCAGTTATCTTGAGGT,HTO_B,1,singlet,995
GCATACAAGACAAGCC,HTO_B,1,singlet,1493
GCATACAAGACGCACA,HTO_B,1,singlet,6189
GCATACAAGATGTAAC,HTO_G,1,singlet,995
GCATACAAGCACAGGT,HTO_G,1,singlet,548
GCATACAAGCCAGGAT,HTO_E,1,singlet,3700
GCATACAAGCGGCTTC,HTO_E,1,singlet,454
GCATACAAGTACATGA,HTO_G,1,singlet,2909
GCATACACAAACCTAC,HTO_F,1,singlet,2075
GCATACACACCCATGG,HTO_G,1,singlet,3266
GCATACACACGTCTCT,HTO_A,1,singlet,3950
GCATACACACGTGAGA,multiplet,2,multiplet,2618
GCATACACACTCAGGC,HTO_F,1,singlet,1739
GCATACACACTGCCAG,HTO_H,1,singlet,2327
GCATACACAGACAGGT,HTO_E,1,singlet,1501
GCATACACAGATCCAT,HTO_D,1,singlet,2233
GCATACACATATGGTC,HTO_G,1,singlet,5331
GCATACACATGAACCT,HTO_A,1,singlet,2457
GCATACACATGTCGAT,HTO_H,1,singlet,928
GCATACAGTAAACACA,HTO_F,1,singlet,1641
GCATACAGTAAAGTCA,HTO_D,1,singlet,1363
GCATACAGTAGGAGTC,HTO_B,1,singlet,466
GCATACAGTCACCCAG,HTO_B,1,singlet,1509
GCATACAGTCAGCTAT,HTO_F,1,singlet,620
GCATACAGTCGAACAG,multiplet,2,multiplet,1610
GCATACAGTCTCGTTC,multiplet,2,multiplet,1123
GCATACATCAAGCCTA,multiplet,2,multiplet,1296
GCATACATCACCCTCA,multiplet,2,multiplet,1155
GCATACATCACGAAGG,HTO_E,1,singlet,1567
GCATACATCAGAGGTG,HTO_H,1,singlet,2680
GCATACATCAGCGACC,HTO_G,1,singlet,1230
GCATACATCAGTTCGA,HTO_C,1,singlet,1024
GCATACATCCCTCTTT,HTO_C,1,singlet,1729
GCATACATCCGTTGTC,HTO_D,1,singlet,1860
GCATACATCCTTCAAT,HTO_D,1,singlet,3266
GCATACATCGACCAGC,HTO_H,1,singlet,1702
GCATACATCGGAAACG,HTO_A,1,singlet,931
GCATACATCGTGACAT,HTO_H,1,singlet,4325
GCATACATCTTGTTTG,HTO_C,1,singlet,2866
GCATGATAGACTGGGT,HTO_A,1,singlet,625
GCATGATAGAGACTTA,HTO_E,1,singlet,4651
GCATGATAGATGTAAC,HTO_D,1,singlet,1889
GCATGATAGCGTAATA,HTO_G,1,singlet,592
GCATGATAGCTGCGAA,HTO_H,1,singlet,1400
GCATGATAGTACGACG,multiplet,3,multiplet,2454
GCATGATCAATCAGAA,HTO_B,1,singlet,3951
GCATGATCACTCGACG,HTO_A,1,singlet,1187
GCATGATCAGACAAAT,HTO_E,1,singlet,1594
GCATGATCATAGGATA,HTO_E,1,singlet,4685
GCATGATGTAAGTGGC,multiplet,2,multiplet,1399
GCATGATGTCACACGC,HTO_H,1,singlet,287
GCATGATGTCATATGC,HTO_A,1,singlet,1177
GCATGATGTGACCAAG,multiplet,2,multiplet,2998
GCATGATGTTATGCGT,HTO_D,1,singlet,1580
GCATGATGTTCCACTC,HTO_F,1,singlet,325
GCATGATGTTCTGAAC,HTO_B,1,singlet,3071
GCATGATGTTTCGCTC,HTO_A,1,singlet,362
GCATGATTCAGAAATG,multiplet,2,multiplet,2733
GCATGATTCAGTTTGG,HTO_F,1,singlet,3066
GCATGATTCCACTGGG,HTO_B,1,singlet,2627
GCATGATTCGCCAGCA,HTO_F,1,singlet,1127
GCATGATTCGGATGGA,multiplet,2,multiplet,3238
GCATGCGAGAGTCTGG,HTO_A,1,singlet,934
GCATGCGAGTCCAGGA,multiplet,2,multiplet,3255
GCATGCGAGTTACGGG,HTO_B,1,singlet,2219
GCATGCGAGTTTAGGA,HTO_A,1,singlet,731
GCATGCGCAATCGGTT,multiplet,2,multiplet,4508
GCATGCGCACAACTGT,HTO_C,1,singlet,606
GCATGCGCACAGACTT,HTO_B,1,singlet,834
GCATGCGCAGGAACGT,HTO_E,1,singlet,4304
GCATGCGCAGGCGATA,HTO_B,1,singlet,2347
GCATGCGCAGTACACT,HTO_C,1,singlet,817
GCATGCGCATCGACGC,HTO_F,1,singlet,410
GCATGCGGTAGGGTAC,HTO_A,1,singlet,1006
GCATGCGGTCAGGACA,HTO_C,1,singlet,1107
GCATGCGGTTCGAATC,multiplet,2,multiplet,4445
GCATGCGTCCACGTTC,HTO_D,1,singlet,1754
GCATGCGTCCCGACTT,HTO_F,1,singlet,2375
GCATGCGTCTTGAGAC,multiplet,2,multiplet,3389
GCATGTAAGATAGCAT,HTO_E,1,singlet,1665
GCATGTAAGATGCCTT,HTO_F,1,singlet,970
GCATGTAAGCTAACTC,HTO_F,1,singlet,1320
GCATGTAAGCTCCCAG,HTO_A,1,singlet,697
GCATGTAAGTCTCCTC,HTO_H,1,singlet,1093
GCATGTACACCGAAAG,HTO_B,1,singlet,948
GCATGTACACTCGACG,HTO_E,1,singlet,2067
GCATGTACACTTAACG,negative,0,negative,112
GCATGTACACTTAAGC,HTO_F,1,singlet,465
GCATGTACAGGTCTCG,HTO_F,1,singlet,3562
GCATGTACAGTCGATT,HTO_F,1,singlet,1256
GCATGTACATACAGCT,HTO_G,1,singlet,1505
GCATGTAGTAAATGAC,HTO_C,1,singlet,1108
GCATGTAGTACGAAAT,HTO_D,1,singlet,824
GCATGTAGTAGAAGGA,HTO_G,1,singlet,1576
GCATGTAGTAGGACAC,multiplet,2,multiplet,1450
GCATGTAGTCAACTGT,multiplet,2,multiplet,2957
GCATGTAGTCAGTGGA,multiplet,2,multiplet,2741
GCATGTAGTCGCCATG,HTO_D,1,singlet,3253
GCATGTAGTCGGCTCA,HTO_F,1,singlet,1927
GCATGTAGTGCAACTT,HTO_F,1,singlet,1019
GCATGTAGTTACCGAT,HTO_E,1,singlet,796
GCATGTAGTTACGGAG,HTO_B,1,singlet,2398
GCATGTAGTTGACGTT,multiplet,2,multiplet,2010
GCATGTATCAACCATG,HTO_A,1,singlet,292
GCATGTATCACTATTC,HTO_G,1,singlet,927
GCATGTATCATAAAGG,HTO_B,1,singlet,1433
GCATGTATCATGCAAC,HTO_H,1,singlet,1582
GCATGTATCCTAGGGC,multiplet,2,multiplet,1770
GCATGTATCGCGATCG,multiplet,2,multiplet,3601
GCATGTATCGGAAACG,HTO_A,1,singlet,513
GCATGTATCGGTCCGA,HTO_B,1,singlet,2005
GCATGTATCGTCACGG,HTO_C,1,singlet,1233
GCATGTATCTCGCATC,HTO_G,1,singlet,1344
GCCAAATAGACCTTTG,multiplet,2,multiplet,5093
GCCAAATAGAGGTACC,HTO_A,1,singlet,1234
GCCAAATAGATGTTAG,HTO_G,1,singlet,768
GCCAAATAGCGTCAAG,HTO_A,1,singlet,1327
GCCAAATAGGGAAACA,multiplet,2,multiplet,4201
GCCAAATAGTCTCGGC,HTO_D,1,singlet,4619
GCCAAATAGTGGTAAT,HTO_D,1,singlet,3392
GCCAAATAGTGTACGG,HTO_E,1,singlet,1790
GCCAAATAGTTGAGAT,HTO_D,1,singlet,5003
GCCAAATCAAATACAG,HTO_G,1,singlet,755
GCCAAATCAACTGGCC,HTO_B,1,singlet,2644
GCCAAATCAAGTAGTA,HTO_H,1,singlet,1933
GCCAAATCACCTCGTT,HTO_C,1,singlet,2180
GCCAAATCAGGCAGTA,HTO_H,1,singlet,951
GCCAAATCATCGATGT,HTO_D,1,singlet,1672
GCCAAATCATTCCTGC,HTO_E,1,singlet,235
GCCAAATGTATAATGG,HTO_D,1,singlet,1664
GCCAAATGTATAGGGC,HTO_G,1,singlet,804
GCCAAATGTCAGATAA,HTO_C,1,singlet,802
GCCAAATGTTCAACCA,HTO_G,1,singlet,947
GCCAAATTCAAACGGG,HTO_C,1,singlet,946
GCCAAATTCATCGGAT,HTO_A,1,singlet,905
GCCAAATTCATGCTCC,HTO_H,1,singlet,1446
GCCAAATTCCTAGGGC,multiplet,2,multiplet,6607
GCCTCTAAGACAGAGA,multiplet,2,multiplet,3333
GCCTCTAAGCGATATA,HTO_C,1,singlet,2670
GCCTCTAAGCGATTCT,HTO_B,1,singlet,3808
GCCTCTAAGCTGAAAT,HTO_D,1,singlet,2021
GCCTCTAAGCTTCGCG,HTO_D,1,singlet,1102
GCCTCTAAGGACAGAA,multiplet,2,multiplet,1565
GCCTCTAAGGGAACGG,HTO_D,1,singlet,3916
GCCTCTAAGTCATCCA,HTO_B,1,singlet,1351
GCCTCTACAAGCGTAG,HTO_E,1,singlet,1190
GCCTCTACAAGCTGGA,HTO_G,1,singlet,2009
GCCTCTACAATGGAAT,HTO_D,1,singlet,2282
GCCTCTACACAACGCC,HTO_A,1,singlet,1992
GCCTCTACACAGATTC,HTO_D,1,singlet,2426
GCCTCTACAGCCTATA,HTO_B,1,singlet,1144
GCCTCTACAGCTGTAT,HTO_E,1,singlet,803
GCCTCTAGTATTCGTG,HTO_H,1,singlet,1475
GCCTCTAGTCCAGTTA,HTO_D,1,singlet,2003
GCCTCTAGTCCCGACA,HTO_B,1,singlet,701
GCCTCTAGTCCGACGT,HTO_F,1,singlet,1276
GCCTCTAGTCGAATCT,HTO_C,1,singlet,1808
GCCTCTAGTCGCTTCT,multiplet,2,multiplet,698
GCCTCTAGTCTCTCTG,HTO_G,1,singlet,1048
GCCTCTAGTCTCTTAT,HTO_C,1,singlet,665
GCCTCTAGTGCCTGTG,multiplet,2,multiplet,1586
GCCTCTAGTTAAGACA,HTO_F,1,singlet,1734
GCCTCTAGTTAAGGGC,multiplet,2,multiplet,5386
GCCTCTAGTTACAGAA,HTO_H,1,singlet,1007
GCCTCTAGTTCAACCA,HTO_G,1,singlet,761
GCCTCTATCACAGGCC,HTO_D,1,singlet,1207
GCCTCTATCACTGGGC,HTO_A,1,singlet,356
GCCTCTATCAGAAATG,HTO_E,1,singlet,664
GCCTCTATCAGTTAGC,HTO_D,1,singlet,1502
GCCTCTATCCCTCTTT,HTO_H,1,singlet,1308
GCCTCTATCCGTACAA,HTO_D,1,singlet,2324
GCCTCTATCGGTGTCG,HTO_A,1,singlet,3958
GCCTCTATCTCAACTT,multiplet,2,multiplet,2094
GCCTCTATCTGAAAGA,multiplet,2,multiplet,3476
GCGACCAAGACCGGAT,HTO_C,1,singlet,920
GCGACCAAGACGCAAC,HTO_G,1,singlet,2797
GCGACCAAGCCACGTC,HTO_H,1,singlet,2851
GCGACCAAGCGAAGGG,HTO_C,1,singlet,945
GCGACCAAGGCAGTCA,HTO_G,1,singlet,1540
GCGACCAAGGGAACGG,HTO_E,1,singlet,1370
GCGACCACAACACCCG,HTO_A,1,singlet,890
GCGACCACAATGACCT,multiplet,3,multiplet,4234
GCGACCACACCACGTG,HTO_B,1,singlet,3622
GCGACCACACCTATCC,multiplet,2,multiplet,1693
GCGACCACACTCGACG,HTO_B,1,singlet,1499
GCGACCACACTGAAGG,HTO_G,1,singlet,2801
GCGACCACAGACAAGC,HTO_D,1,singlet,3326
GCGACCACAGATGAGC,HTO_B,1,singlet,744
GCGACCACAGCTGTTA,HTO_G,1,singlet,2380
GCGACCACATACCATG,HTO_C,1,singlet,1723
GCGACCACATCGATTG,HTO_E,1,singlet,939
GCGACCAGTCAAGCGA,HTO_A,1,singlet,380
GCGACCAGTCCAAGTT,multiplet,2,multiplet,1264
GCGACCAGTGTTCGAT,HTO_H,1,singlet,1576
GCGACCAGTTTAGCTG,HTO_D,1,singlet,1745
GCGACCATCCGCGTTT,HTO_D,1,singlet,1787
GCGACCATCCTTGCCA,HTO_G,1,singlet,975
GCGACCATCGGCTACG,HTO_G,1,singlet,505
GCGACCATCTCTTATG,HTO_C,1,singlet,655
GCGAGAAAGAAGGTGA,HTO_D,1,singlet,2014
GCGAGAAAGAATTGTG,HTO_F,1,singlet,871
GCGAGAAAGACTGTAA,HTO_H,1,singlet,3322
GCGAGAAAGACTTTCG,HTO_E,1,singlet,751
GCGAGAAAGATATGCA,HTO_B,1,singlet,2420
GCGAGAAAGCCACGCT,HTO_H,1,singlet,2340
GCGAGAAAGCCTTGAT,HTO_B,1,singlet,2752
GCGAGAAAGCTGAACG,HTO_A,1,singlet,4175
GCGAGAAAGCTTATCG,HTO_G,1,singlet,1774
GCGAGAAAGGATGTAT,multiplet,2,multiplet,2855
GCGAGAAAGGCATGTG,HTO_D,1,singlet,2074
GCGAGAAAGTCCGTAT,HTO_C,1,singlet,1094
GCGAGAAAGTCGAGTG,multiplet,2,multiplet,4987
GCGAGAAAGTTACCCA,HTO_F,1,singlet,535
GCGAGAACAACACCCG,HTO_G,1,singlet,3027
GCGAGAACACAGACTT,HTO_A,1,singlet,513
GCGAGAACAGCTCGAC,HTO_H,1,singlet,378
GCGAGAACATATACCG,HTO_F,1,singlet,1532
GCGAGAACATGAACCT,HTO_E,1,singlet,916
GCGAGAACATTTGCTT,HTO_D,1,singlet,1456
GCGAGAAGTACATCCA,HTO_H,1,singlet,2557
GCGAGAAGTGCATCTA,HTO_F,1,singlet,918
GCGAGAAGTTGGAGGT,HTO_D,1,singlet,2485
GCGAGAATCAAGGTAA,HTO_F,1,singlet,855
GCGAGAATCATACGGT,HTO_D,1,singlet,1455
GCGAGAATCCAACCAA,HTO_D,1,singlet,3082
GCGAGAATCCCGACTT,HTO_B,1,singlet,3921
GCGAGAATCCTGCCAT,multiplet,2,multiplet,1537
GCGAGAATCTAACTTC,multiplet,2,multiplet,4671
GCGAGAATCTCTGTCG,HTO_G,1,singlet,1089
GCGCAACAGACGCACA,multiplet,2,multiplet,401
GCGCAACAGAGAGCTC,HTO_C,1,singlet,2154
GCGCAACAGATCCGAG,HTO_E,1,singlet,1187
GCGCAACAGCTGAAAT,HTO_D,1,singlet,2487
GCGCAACAGCTGTTCA,HTO_G,1,singlet,1359
GCGCAACAGGCCCTTG,HTO_A,1,singlet,647
GCGCAACAGTGAAGAG,HTO_F,1,singlet,2213
GCGCAACAGTGGAGAA,HTO_A,1,singlet,2528
GCGCAACAGTGTCCAT,multiplet,2,multiplet,5939
GCGCAACAGTGTCTCA,multiplet,2,multiplet,2759
GCGCAACCAATGGATA,HTO_G,1,singlet,4198
GCGCAACCACAAGCCC,HTO_B,1,singlet,514
GCGCAACCACTCAGGC,multiplet,2,multiplet,2178
GCGCAACCACTTGGAT,HTO_H,1,singlet,12821
GCGCAACCAGCCTATA,HTO_A,1,singlet,600
GCGCAACCAGCTGGCT,HTO_C,1,singlet,1120
GCGCAACCAGTCACTA,HTO_C,1,singlet,607
GCGCAACCATGCATGT,HTO_C,1,singlet,789
GCGCAACCATTTCACT,multiplet,2,multiplet,1548
GCGCAACGTCCGAGTC,HTO_D,1,singlet,1728
GCGCAACGTCTAGCCG,HTO_G,1,singlet,907
GCGCAACGTGGGTCAA,HTO_F,1,singlet,582
GCGCAACGTGTCAATC,HTO_B,1,singlet,2406
GCGCAACGTTGGTTTG,multiplet,2,multiplet,1582
GCGCAACTCACAATGC,HTO_D,1,singlet,1693
GCGCAACTCATGTCCC,HTO_D,1,singlet,1869
GCGCAACTCCTTTACA,HTO_C,1,singlet,840
GCGCAACTCGCCTGTT,HTO_H,1,singlet,3459
GCGCAACTCGGTTCGG,HTO_D,1,singlet,1816
GCGCAACTCGTCACGG,HTO_F,1,singlet,1136
GCGCAACTCTTTAGTC,HTO_G,1,singlet,1136
GCGCAGTAGAAGGTTT,HTO_B,1,singlet,3729
GCGCAGTAGCAGCCTC,HTO_H,1,singlet,1418
GCGCAGTAGCAGGCTA,HTO_C,1,singlet,1006
GCGCAGTAGGCTAGGT,multiplet,2,multiplet,2028
GCGCAGTAGTCGATAA,HTO_B,1,singlet,2132
GCGCAGTCAAATCCGT,HTO_B,1,singlet,10684
GCGCAGTCACGACTCG,HTO_F,1,singlet,1265
GCGCAGTCACGGCCAT,HTO_C,1,singlet,509
GCGCAGTCACGGCGTT,HTO_F,1,singlet,950
GCGCAGTCAGCTCCGA,multiplet,2,multiplet,1946
GCGCAGTCAGGACGTA,HTO_A,1,singlet,1707
GCGCAGTCAGGCAGTA,HTO_A,1,singlet,2018
GCGCAGTCAGTGACAG,HTO_B,1,singlet,1119
GCGCAGTCAGTGAGTG,HTO_A,1,singlet,1114
GCGCAGTCATTATCTC,HTO_C,1,singlet,751
GCGCAGTCATTTGCCC,HTO_A,1,singlet,609
GCGCAGTGTAACGTTC,HTO_H,1,singlet,2277
GCGCAGTGTCGGATCC,HTO_E,1,singlet,394
GCGCAGTGTGATGATA,HTO_C,1,singlet,818
GCGCAGTGTGGAAAGA,HTO_F,1,singlet,1201
GCGCAGTGTGTGCGTC,multiplet,2,multiplet,1423
GCGCAGTGTTAGGGTG,HTO_D,1,singlet,2046
GCGCAGTGTTCAGCGC,HTO_F,1,singlet,2743
GCGCAGTGTTGCGCAC,HTO_G,1,singlet,1978
GCGCAGTGTTGTGGAG,HTO_B,1,singlet,1538
GCGCAGTTCAACACCA,HTO_G,1,singlet,3588
GCGCAGTTCACATGCA,multiplet,2,multiplet,3334
GCGCAGTTCCTCTAGC,HTO_H,1,singlet,3387
GCGCAGTTCGAATGGG,HTO_H,1,singlet,2752
GCGCAGTTCTACTATC,HTO_D,1,singlet,2608
GCGCAGTTCTCTAAGG,HTO_H,1,singlet,853
GCGCAGTTCTGTCTAT,HTO_C,1,singlet,946
GCGCAGTTCTTCATGT,HTO_A,1,singlet,1784
GCGCCAAAGATCCTGT,HTO_D,1,singlet,731
GCGCCAAAGCCTATGT,multiplet,2,multiplet,2105
GCGCCAAAGGGCTTCC,HTO_B,1,singlet,624
GCGCCAAAGGTAGCTG,HTO_G,1,singlet,1146
GCGCCAACAAGCCCAC,HTO_H,1,singlet,1070
GCGCCAACACCAGCAC,multiplet,2,multiplet,2685
GCGCCAACAGAGTGTG,HTO_D,1,singlet,2345
GCGCCAACAGCGATCC,HTO_H,1,singlet,845
GCGCCAACAGCTTAAC,multiplet,2,multiplet,2286
GCGCCAACAGGCAGTA,HTO_A,1,singlet,3702
GCGCCAACAGGTTTCA,multiplet,2,multiplet,6318
GCGCCAAGTAAATGTG,multiplet,2,multiplet,5215
GCGCCAAGTACATCCA,HTO_E,1,singlet,1584
GCGCCAAGTAGCTTGT,HTO_E,1,singlet,1148
GCGCCAAGTCAACATC,HTO_B,1,singlet,1339
GCGCCAAGTCACAAGG,HTO_D,1,singlet,2500
GCGCCAAGTCAGGACA,multiplet,2,multiplet,1461
GCGCCAAGTCCCTACT,HTO_G,1,singlet,1298
GCGCCAAGTGTCAATC,HTO_E,1,singlet,3716
GCGCCAAGTGTGACCC,HTO_H,1,singlet,2610
GCGCCAAGTTACGTCA,HTO_B,1,singlet,3739
GCGCCAAGTTCGGCAC,HTO_G,1,singlet,1019
GCGCCAAGTTGGACCC,HTO_B,1,singlet,2526
GCGCCAATCACTTATC,HTO_A,1,singlet,1372
GCGCCAATCAGGCAAG,HTO_C,1,singlet,672
GCGCCAATCCGCAGTG,multiplet,3,multiplet,3701
GCGCCAATCCTAGTGA,HTO_B,1,singlet,955
GCGCCAATCGCAGGCT,multiplet,2,multiplet,2586
GCGCCAATCGCCGTGA,HTO_A,1,singlet,2465
GCGCCAATCGGCGGTT,HTO_E,1,singlet,3448
GCGCCAATCGTACCGG,negative,0,negative,217
GCGCCAATCTATCCCG,multiplet,2,multiplet,3935
GCGCCAATCTCGAGTA,HTO_E,1,singlet,588
GCGCCAATCTTCGGTC,HTO_C,1,singlet,534
GCGCCAATCTTGAGAC,multiplet,2,multiplet,1722
GCGCCAATCTTTAGGG,multiplet,2,multiplet,4726
GCGCGATAGAAACGAG,HTO_A,1,singlet,404
GCGCGATAGACAAAGG,HTO_C,1,singlet,1376
GCGCGATAGACAGAGA,HTO_C,1,singlet,2294
GCGCGATAGACTGGGT,HTO_F,1,singlet,887
GCGCGATAGAGCAATT,multiplet,2,multiplet,2100
GCGCGATAGAGGTTGC,HTO_F,1,singlet,818
GCGCGATAGCCGCCTA,HTO_A,1,singlet,1044
GCGCGATAGCTGAACG,HTO_D,1,singlet,2474
GCGCGATAGGTTACCT,HTO_F,1,singlet,6121
GCGCGATAGTTCGCAT,HTO_D,1,singlet,1466
GCGCGATAGTTTAGGA,HTO_G,1,singlet,1798
GCGCGATCAATAGCGG,HTO_A,1,singlet,2712
GCGCGATCACAACGCC,HTO_H,1,singlet,1977
GCGCGATCACAAGTAA,HTO_H,1,singlet,1450
GCGCGATCACTTGGAT,multiplet,2,multiplet,1739
GCGCGATCAGGCTGAA,HTO_B,1,singlet,787
GCGCGATCATCACGTA,HTO_E,1,singlet,1864
GCGCGATGTAAGAGGA,HTO_A,1,singlet,1104
GCGCGATGTCACCCAG,HTO_F,1,singlet,633
GCGCGATGTGCCTGCA,HTO_A,1,singlet,584
GCGCGATGTGCCTGGT,HTO_B,1,singlet,2780
GCGCGATGTGTTCTTT,multiplet,2,multiplet,2947
GCGCGATGTTCCGGCA,HTO_G,1,singlet,1590
GCGCGATGTTGTCTTT,HTO_B,1,singlet,600
GCGCGATTCAAACCAC,HTO_F,1,singlet,429
GCGCGATTCACATAGC,HTO_F,1,singlet,1881
GCGCGATTCACCCTCA,HTO_D,1,singlet,2071
GCGCGATTCGCCAGCA,HTO_D,1,singlet,6645
GCGCGATTCTCTGTCG,HTO_A,1,singlet,1140
GCGGGTTAGAGCCCAA,HTO_F,1,singlet,1701
GCGGGTTAGCTACCGC,HTO_B,1,singlet,2857
GCGGGTTAGGATATAC,HTO_F,1,singlet,997
GCGGGTTAGGATGCGT,multiplet,2,multiplet,4537
GCGGGTTAGGCTCTTA,HTO_B,1,singlet,207
GCGGGTTAGGGTCTCC,HTO_A,1,singlet,877
GCGGGTTAGGTACTCT,HTO_H,1,singlet,754
GCGGGTTAGTATCTCG,multiplet,2,multiplet,2279
GCGGGTTCAAGCCTAT,HTO_G,1,singlet,1588
GCGGGTTCACCAGGTC,HTO_D,1,singlet,1943
GCGGGTTCACGACGAA,HTO_C,1,singlet,1346
GCGGGTTCACGGTAGA,HTO_E,1,singlet,3696
GCGGGTTCAGAGCCAA,HTO_A,1,singlet,1394
GCGGGTTCAGGAATGC,HTO_G,1,singlet,1638
GCGGGTTCATACTCTT,HTO_B,1,singlet,479
GCGGGTTCATCCTAGA,HTO_D,1,singlet,1672
GCGGGTTGTCCATGAT,HTO_A,1,singlet,2223
GCGGGTTGTCGACTAT,HTO_G,1,singlet,3840
GCGGGTTGTCGCTTTC,HTO_D,1,singlet,2060
GCGGGTTGTCGGATCC,HTO_D,1,singlet,1214
GCGGGTTGTTATCACG,HTO_G,1,singlet,517
GCGGGTTGTTCGTCTC,multiplet,2,multiplet,1750
GCGGGTTTCACAAACC,HTO_B,1,singlet,1627
GCGGGTTTCACCTCGT,HTO_E,1,singlet,344
GCGGGTTTCCTCAATT,HTO_B,1,singlet,1074
GCGGGTTTCGCAAGCC,HTO_E,1,singlet,1151
GCGGGTTTCTGCTGCT,HTO_D,1,singlet,2845
GCTCCTAAGACTAGGC,HTO_F,1,singlet,1499
GCTCCTAAGACTGGGT,HTO_D,1,singlet,1639
GCTCCTAAGAGCTATA,HTO_H,1,singlet,3325
GCTCCTAAGGTGTTAA,HTO_D,1,singlet,780
GCTCCTAAGTACCGGA,HTO_D,1,singlet,2201
GCTCCTAAGTGACATA,HTO_B,1,singlet,1036
GCTCCTAAGTGGTAAT,HTO_B,1,singlet,1730
GCTCCTAAGTTCGCGC,HTO_H,1,singlet,854
GCTCCTACAGGCTGAA,multiplet,2,multiplet,5804
GCTCCTACAGTAAGCG,multiplet,2,multiplet,3313
GCTCCTACATACGCCG,HTO_H,1,singlet,1209
GCTCCTACATAGTAAG,HTO_H,1,singlet,1436
GCTCCTACATCCTAGA,HTO_H,1,singlet,418
GCTCCTACATGCTAGT,multiplet,2,multiplet,3814
GCTCCTACATTGGGCC,HTO_C,1,singlet,382
GCTCCTAGTAACGCGA,multiplet,2,multiplet,2511
GCTCCTAGTAAGGATT,HTO_H,1,singlet,1067
GCTCCTAGTACACCGC,HTO_D,1,singlet,1393
GCTCCTAGTACCGAGA,HTO_F,1,singlet,1075
GCTCCTAGTAGGGACT,multiplet,2,multiplet,1553
GCTCCTAGTCATATCG,HTO_D,1,singlet,1321
GCTCCTAGTCGTCTTC,multiplet,2,multiplet,4090
GCTCCTAGTGAGTATA,HTO_B,1,singlet,606
GCTCCTAGTTAAGAAC,multiplet,2,multiplet,4207
GCTCCTAGTTACGACT,HTO_C,1,singlet,1310
GCTCCTATCCGGCACA,HTO_A,1,singlet,3309
GCTCCTATCCTATTCA,HTO_H,1,singlet,774
GCTCCTATCTAACTTC,HTO_E,1,singlet,1141
GCTCCTATCTCGTATT,HTO_E,1,singlet,3005
GCTCTGTAGAGAACAG,HTO_B,1,singlet,1007
GCTCTGTAGCAGACTG,HTO_A,1,singlet,1420
GCTCTGTAGGTAGCTG,HTO_D,1,singlet,2576
GCTCTGTAGTATGACA,HTO_A,1,singlet,383
GCTCTGTAGTGAACGC,HTO_H,1,singlet,357
GCTCTGTAGTGGAGTC,HTO_C,1,singlet,854
GCTCTGTAGTTACCCA,HTO_A,1,singlet,3594
GCTCTGTAGTTGAGTA,HTO_H,1,singlet,1004
GCTCTGTCAATAGCAA,HTO_D,1,singlet,1751
GCTCTGTCACACAGAG,HTO_B,1,singlet,1157
GCTCTGTCACACCGAC,HTO_D,1,singlet,1459
GCTCTGTCAGGCTCAC,HTO_A,1,singlet,597
GCTCTGTCAGTATGCT,HTO_G,1,singlet,1943
GCTCTGTCATGGGAAC,multiplet,2,multiplet,787
GCTCTGTCATGGGACA,HTO_H,1,singlet,4179
GCTCTGTGTACTCGCG,HTO_C,1,singlet,1363
GCTCTGTGTCACTTCC,HTO_A,1,singlet,697
GCTCTGTGTCCTGCTT,HTO_A,1,singlet,1402
GCTCTGTGTTAAGAAC,HTO_H,1,singlet,3481
GCTCTGTGTTGATTGC,HTO_G,1,singlet,1080
GCTCTGTTCAAGCCTA,HTO_C,1,singlet,1565
GCTCTGTTCAATCACG,HTO_B,1,singlet,1774
GCTCTGTTCACATGCA,HTO_D,1,singlet,1499
GCTCTGTTCAGCACAT,multiplet,2,multiplet,1952
GCTCTGTTCAGCGATT,HTO_G,1,singlet,3119
GCTCTGTTCCCATTTA,HTO_E,1,singlet,704
GCTCTGTTCCCGGATG,HTO_E,1,singlet,1566
GCTCTGTTCGGCCGAT,HTO_G,1,singlet,635
GCTCTGTTCTGCAGTA,HTO_C,1,singlet,1203
GCTCTGTTCTGTCTAT,HTO_C,1,singlet,592
GCTGCAGAGACGCAAC,HTO_H,1,singlet,207
GCTGCAGAGCATGGCA,HTO_E,1,singlet,2025
GCTGCAGAGCCTATGT,HTO_F,1,singlet,896
GCTGCAGAGCTCCCAG,HTO_G,1,singlet,466
GCTGCAGAGGGTTCCC,HTO_C,1,singlet,3221
GCTGCAGAGTCGTTTG,HTO_C,1,singlet,814
GCTGCAGAGTTGAGTA,HTO_C,1,singlet,722
GCTGCAGAGTTGTCGT,HTO_F,1,singlet,2541
GCTGCAGCAATACGCT,multiplet,2,multiplet,2429
GCTGCAGCAATCACAC,HTO_G,1,singlet,1990
GCTGCAGCACCAGATT,HTO_G,1,singlet,1360
GCTGCAGCACTCAGGC,multiplet,2,multiplet,1601
GCTGCAGCAGACAAAT,HTO_E,1,singlet,3418
GCTGCAGCAGATTGCT,HTO_C,1,singlet,2532
GCTGCAGCAGCATACT,HTO_E,1,singlet,1434
GCTGCAGCATCAGTCA,HTO_F,1,singlet,843
GCTGCAGCATCGTCGG,HTO_D,1,singlet,1939
GCTGCAGCATGTAAGA,HTO_A,1,singlet,2759
GCTGCAGGTAAGTAGT,HTO_D,1,singlet,1477
GCTGCAGGTAATCGTC,HTO_G,1,singlet,839
GCTGCAGGTAGCTCCG,HTO_D,1,singlet,4196
GCTGCAGGTGATGATA,multiplet,2,multiplet,2992
GCTGCAGGTTGTTTGG,multiplet,3,multiplet,4049
GCTGCAGGTTTAGGAA,HTO_D,1,singlet,1905
GCTGCAGGTTTCGCTC,HTO_E,1,singlet,866
GCTGCAGTCCACGAAT,HTO_E,1,singlet,934
GCTGCAGTCCATGCTC,HTO_H,1,singlet,999
GCTGCAGTCGGATGGA,HTO_D,1,singlet,2225
GCTGCAGTCGGTGTCG,HTO_B,1,singlet,2175
GCTGCAGTCTCAAACG,HTO_H,1,singlet,934
GCTGCAGTCTGGAGCC,HTO_H,1,singlet,2574
GCTGCAGTCTTTCCTC,HTO_H,1,singlet,398
GCTGCGAAGATTACCC,HTO_E,1,singlet,319
GCTGCGAAGGTGTGGT,HTO_H,1,singlet,965
GCTGCGAAGTGACTCT,HTO_C,1,singlet,964
GCTGCGACACATAACC,HTO_D,1,singlet,4353
GCTGCGACATGCCCGA,HTO_D,1,singlet,3356
GCTGCGACATGCCTAA,multiplet,2,multiplet,3967
GCTGCGAGTACTCTCC,HTO_H,1,singlet,880
GCTGCGAGTATAGTAG,HTO_H,1,singlet,1760
GCTGCGAGTCAATGTC,HTO_D,1,singlet,1691
GCTGCGAGTGGGTCAA,HTO_B,1,singlet,3124
GCTGCGAGTTCGTCTC,HTO_F,1,singlet,176
GCTGCGATCAACACTG,HTO_B,1,singlet,2774
GCTGCGATCCAAGTAC,HTO_C,1,singlet,1190
GCTGCGATCCGTAGGC,HTO_A,1,singlet,769
GCTGCGATCGGCGCAT,HTO_H,1,singlet,1374
GCTGCGATCGTCACGG,multiplet,2,multiplet,1350
GCTGCGATCTGCTTGC,multiplet,2,multiplet,5449
GCTGCGATCTTCGGTC,HTO_H,1,singlet,2627
GCTGCTTAGAAGAAGC,HTO_D,1,singlet,1487
GCTGCTTAGACATAAC,HTO_D,1,singlet,1854
GCTGCTTAGATATACG,HTO_A,1,singlet,446
GCTGCTTAGATTACCC,multiplet,2,multiplet,1965
GCTGCTTAGCGATAGC,HTO_H,1,singlet,716
GCTGCTTAGGATGTAT,multiplet,2,multiplet,4379
GCTGCTTAGGCCATAG,HTO_E,1,singlet,1285
GCTGCTTAGTCTTGCA,multiplet,2,multiplet,1900
GCTGCTTAGTGCAAGC,HTO_H,1,singlet,625
GCTGCTTAGTGTCCCG,HTO_B,1,singlet,950
GCTGCTTAGTGTGAAT,HTO_F,1,singlet,628
GCTGCTTCAAAGGCGT,HTO_C,1,singlet,401
GCTGCTTCAACTTGAC,HTO_C,1,singlet,2945
GCTGCTTCACCATGTA,HTO_C,1,singlet,962
GCTGCTTCACGGTGTC,HTO_G,1,singlet,2832
GCTGCTTCAGCTCGCA,HTO_G,1,singlet,1989
GCTGCTTCAGCTGTGC,HTO_D,1,singlet,1818
GCTGCTTCATGCTAGT,HTO_D,1,singlet,4361
GCTGCTTGTAAGGATT,HTO_A,1,singlet,503
GCTGCTTGTCCCTACT,HTO_F,1,singlet,425
GCTGCTTGTTACGCGC,HTO_G,1,singlet,2605
GCTGCTTGTTATGCGT,HTO_C,1,singlet,619
GCTGCTTTCAACACGT,HTO_G,1,singlet,2266
GCTGCTTTCCGATATG,HTO_C,1,singlet,858
GCTGCTTTCCTATTCA,HTO_C,1,singlet,569
GCTGCTTTCCTTGCCA,HTO_H,1,singlet,1716
GCTGCTTTCTGAAAGA,HTO_D,1,singlet,1393
GCTGGGTAGACTCGGA,multiplet,2,multiplet,1211
GCTGGGTAGATAGTCA,HTO_A,1,singlet,2718
GCTGGGTAGATCCCAT,HTO_F,1,singlet,1498
GCTGGGTAGATCCCGC,HTO_D,1,singlet,1463
GCTGGGTAGCAACGGT,HTO_F,1,singlet,433
GCTGGGTAGGTGCAAC,HTO_E,1,singlet,904
GCTGGGTAGTACGATA,multiplet,3,multiplet,4314
GCTGGGTAGTTTAGGA,HTO_C,1,singlet,2990
GCTGGGTCAAGCGCTC,HTO_F,1,singlet,408
GCTGGGTCAATACGCT,HTO_D,1,singlet,4323
GCTGGGTCACGCATCG,HTO_H,1,singlet,845
GCTGGGTCACTTAACG,HTO_A,1,singlet,1326
GCTGGGTCAGGCGATA,multiplet,3,multiplet,8665
GCTGGGTCAGTCTTCC,HTO_B,1,singlet,2071
GCTGGGTCATCGATTG,HTO_C,1,singlet,1018
GCTGGGTCATCGGACC,multiplet,2,multiplet,1764
GCTGGGTGTACTTCTT,HTO_G,1,singlet,855
GCTGGGTGTCGGCTCA,multiplet,2,multiplet,2221
GCTGGGTGTCTCAACA,HTO_H,1,singlet,1485
GCTGGGTGTGTGGCTC,multiplet,2,multiplet,3279
GCTGGGTGTGTTCGAT,HTO_G,1,singlet,572
GCTGGGTGTGTTTGTG,multiplet,2,multiplet,1458
GCTGGGTGTTAGATGA,HTO_B,1,singlet,749
GCTGGGTTCATTTGGG,HTO_B,1,singlet,747
GCTGGGTTCCACTGGG,HTO_G,1,singlet,1311
GCTGGGTTCCCAGGTG,HTO_F,1,singlet,4067
GCTGGGTTCGCAGGCT,HTO_D,1,singlet,2506
GCTGGGTTCGCATGAT,HTO_E,1,singlet,896
GCTGGGTTCGGTCTAA,HTO_A,1,singlet,4451
GCTGGGTTCTGGCGAC,HTO_D,1,singlet,2153
GCTGGGTTCTGTCAAG,HTO_B,1,singlet,1436
GCTTCCAAGACAGAGA,HTO_D,1,singlet,5777
GCTTCCAAGAGCTTCT,HTO_A,1,singlet,730
GCTTCCAAGAGGGATA,HTO_G,1,singlet,1452
GCTTCCAAGAGTGACC,HTO_G,1,singlet,792
GCTTCCAAGATAGTCA,HTO_H,1,singlet,611
GCTTCCAAGCCACGTC,HTO_G,1,singlet,1248
GCTTCCAAGGAGTACC,HTO_A,1,singlet,523
GCTTCCAAGTAACCCT,HTO_A,1,singlet,258
GCTTCCAAGTACATGA,HTO_E,1,singlet,4598
GCTTCCACAAATCCGT,HTO_E,1,singlet,1093
GCTTCCACAACTGCGC,HTO_C,1,singlet,1939
GCTTCCACAAGAGGCT,HTO_D,1,singlet,5578
GCTTCCACAAGGACTG,multiplet,2,multiplet,3709
GCTTCCACAATGAAAC,HTO_A,1,singlet,517
GCTTCCACACAGTCGC,HTO_G,1,singlet,157
GCTTCCACAGGTCCAC,HTO_D,1,singlet,2240
GCTTCCACAGTATCTG,HTO_D,1,singlet,2205
GCTTCCACATCACGTA,HTO_D,1,singlet,2758
GCTTCCAGTACACCGC,multiplet,2,multiplet,1755
GCTTCCAGTATAATGG,HTO_B,1,singlet,2198
GCTTCCAGTCAGAAGC,HTO_E,1,singlet,1107
GCTTCCAGTCGAAAGC,HTO_A,1,singlet,2037
GCTTCCAGTCTCTCGT,HTO_G,1,singlet,1157
GCTTCCAGTGGTAACG,HTO_G,1,singlet,947
GCTTCCAGTTCACCTC,HTO_D,1,singlet,3216
GCTTCCATCAAACGGG,HTO_A,1,singlet,265
GCTTCCATCAACGGCC,HTO_G,1,singlet,4418
GCTTCCATCAGTACGT,HTO_E,1,singlet,3039
GCTTCCATCCAAGTAC,HTO_D,1,singlet,1179
GCTTCCATCCTTAATC,HTO_A,1,singlet,525
GCTTCCATCCTTTCTC,HTO_A,1,singlet,1953
GCTTCCATCGTATCAG,HTO_A,1,singlet,392
GCTTCCATCTATGTGG,HTO_E,1,singlet,1252
GCTTCCATCTCTGCTG,HTO_A,1,singlet,899
GCTTCCATCTGTCTCG,HTO_C,1,singlet,1554
GCTTGAAAGAAACCTA,HTO_H,1,singlet,1274
GCTTGAAAGGCTAGGT,multiplet,2,multiplet,2040
GCTTGAAAGGGAACGG,HTO_B,1,singlet,1670
GCTTGAAAGTCGCCGT,HTO_H,1,singlet,451
GCTTGAAAGTGGACGT,HTO_A,1,singlet,871
GCTTGAAAGTGGAGAA,HTO_G,1,singlet,2732
GCTTGAACAAACCCAT,HTO_C,1,singlet,646
GCTTGAACAATCCGAT,HTO_A,1,singlet,682
GCTTGAACACAACTGT,HTO_C,1,singlet,671
GCTTGAACACGGATAG,HTO_D,1,singlet,2872
GCTTGAACACGGCCAT,HTO_D,1,singlet,5348
GCTTGAACACTGCCAG,HTO_E,1,singlet,804
GCTTGAACAGCTGTTA,HTO_B,1,singlet,3014
GCTTGAACAGTTCATG,HTO_A,1,singlet,689
GCTTGAACAGTTTACG,multiplet,2,multiplet,5028
GCTTGAACATGCATGT,HTO_C,1,singlet,1095
GCTTGAACATGCCACG,HTO_B,1,singlet,1185
GCTTGAACATTATCTC,HTO_G,1,singlet,3758
GCTTGAAGTAAGAGGA,HTO_C,1,singlet,797
GCTTGAAGTACAGTTC,HTO_C,1,singlet,939
GCTTGAAGTAGCGTGA,HTO_F,1,singlet,4895
GCTTGAAGTCAAAGAT,HTO_F,1,singlet,795
GCTTGAAGTCCAGTTA,HTO_F,1,singlet,860
GCTTGAAGTCGGGTCT,multiplet,2,multiplet,3903
GCTTGAAGTCTAAACC,HTO_A,1,singlet,433
GCTTGAAGTCTGGTCG,HTO_C,1,singlet,910
GCTTGAAGTGCACCAC,multiplet,2,multiplet,1480
GCTTGAAGTGCGAAAC,HTO_H,1,singlet,5607
GCTTGAAGTGGCGAAT,HTO_G,1,singlet,1521
GCTTGAAGTTCGTTGA,HTO_H,1,singlet,2040
GCTTGAAGTTTACTCT,HTO_D,1,singlet,1228
GCTTGAATCAAGGTAA,HTO_H,1,singlet,1121
GCTTGAATCACAGTAC,multiplet,2,multiplet,1486
GCTTGAATCATCATTC,multiplet,3,multiplet,5782
GCTTGAATCATCGATG,multiplet,2,multiplet,2306
GCTTGAATCCGCGGTA,HTO_D,1,singlet,1085
GCTTGAATCGTGGACC,HTO_H,1,singlet,893
GCTTGAATCTCCTATA,HTO_A,1,singlet,1787
GCTTGAATCTCGTTTA,HTO_F,1,singlet,613
GCTTGAATCTTTCCTC,HTO_F,1,singlet,805
GGAAAGCAGAGACTTA,HTO_H,1,singlet,3380
GGAAAGCAGATATACG,HTO_A,1,singlet,3504
GGAAAGCAGGCATGTG,HTO_B,1,singlet,1070
GGAAAGCAGGGTATCG,HTO_E,1,singlet,1028
GGAAAGCAGTTAAGTG,multiplet,3,multiplet,5270
GGAAAGCCACAGCCCA,multiplet,2,multiplet,1761
GGAAAGCCACATCCAA,HTO_A,1,singlet,1309
GGAAAGCCACATCTTT,HTO_D,1,singlet,2014
GGAAAGCCAGACTCGC,HTO_H,1,singlet,4776
GGAAAGCCAGGGTACA,HTO_B,1,singlet,1942
GGAAAGCCAGGTCTCG,multiplet,2,multiplet,3179
GGAAAGCCAGTGGAGT,HTO_C,1,singlet,3327
GGAAAGCCATCCGGGT,HTO_C,1,singlet,1322
GGAAAGCGTACCAGTT,HTO_C,1,singlet,1954
GGAAAGCGTACTTGAC,HTO_D,1,singlet,2203
GGAAAGCGTAGGAGTC,HTO_B,1,singlet,2332
GGAAAGCGTCGCGAAA,HTO_B,1,singlet,166
GGAAAGCGTGCTTCTC,HTO_E,1,singlet,614
GGAAAGCGTTAAAGAC,HTO_F,1,singlet,1019
GGAAAGCGTTACGTCA,HTO_B,1,singlet,1250
GGAAAGCGTTCCGTCT,HTO_H,1,singlet,696
GGAAAGCGTTGCCTCT,HTO_A,1,singlet,1358
GGAAAGCGTTTACTCT,HTO_B,1,singlet,1246
GGAAAGCGTTTGACAC,HTO_D,1,singlet,1485
GGAAAGCTCAAGATCC,HTO_E,1,singlet,1681
GGAAAGCTCCATGAAC,multiplet,2,multiplet,1235
GGAAAGCTCCTCAATT,HTO_D,1,singlet,2702
GGAAAGCTCCTCGCAT,multiplet,2,multiplet,2603
GGAAAGCTCGCCCTTA,HTO_D,1,singlet,1752
GGAAAGCTCTAACTCT,multiplet,2,multiplet,1749
GGAAAGCTCTCGAGTA,HTO_F,1,singlet,1320
GGAAAGCTCTGCCAGG,HTO_H,1,singlet,1722
GGAACTTAGCGTCAAG,HTO_A,1,singlet,2277
GGAACTTAGGAGTAGA,HTO_C,1,singlet,2868
GGAACTTAGGCTAGAC,HTO_A,1,singlet,588
GGAACTTAGTATCGAA,HTO_B,1,singlet,661
GGAACTTAGTGGTCCC,HTO_H,1,singlet,1694
GGAACTTCAAGGTGTG,multiplet,2,multiplet,5332
GGAACTTCAATCACAC,HTO_D,1,singlet,1557
GGAACTTCAGCGATCC,HTO_C,1,singlet,2936
GGAACTTCATAGACTC,HTO_D,1,singlet,1943
GGAACTTCATAGGATA,HTO_C,1,singlet,2441
GGAACTTCATCATCCC,HTO_C,1,singlet,1086
GGAACTTCATGCCACG,multiplet,2,multiplet,1104
GGAACTTGTAAATGTG,HTO_G,1,singlet,579
GGAACTTGTCACACGC,multiplet,2,multiplet,2537
GGAACTTGTCTAAAGA,HTO_E,1,singlet,1438
GGAACTTGTCTCCCTA,HTO_F,1,singlet,2351
GGAACTTGTCTCTCTG,multiplet,2,multiplet,2332
GGAACTTGTGCAGACA,HTO_E,1,singlet,1516
GGAACTTGTGCCTTGG,multiplet,2,multiplet,6108
GGAACTTGTTACCAGT,HTO_C,1,singlet,932
GGAACTTGTTGTTTGG,multiplet,2,multiplet,2216
GGAACTTTCACCATAG,HTO_F,1,singlet,3280
GGAACTTTCATGTGGT,HTO_A,1,singlet,685
GGAACTTTCCCACTTG,HTO_G,1,singlet,1193
GGAACTTTCCGAGCCA,multiplet,2,multiplet,3432
GGAACTTTCCTTGACC,HTO_E,1,singlet,440
GGAACTTTCGCCTGAG,multiplet,2,multiplet,1198
GGAACTTTCGTACCGG,HTO_E,1,singlet,1877
GGAACTTTCGTTTATC,HTO_B,1,singlet,546
GGAACTTTCTTGTCAT,HTO_A,1,singlet,859
GGAACTTTCTTTAGGG,HTO_B,1,singlet,3019
GGAATAAAGAATAGGG,HTO_E,1,singlet,1862
GGAATAAAGAGTGACC,HTO_C,1,singlet,683
GGAATAAAGCGATCCC,HTO_A,1,singlet,881
GGAATAAAGCGTTGCC,HTO_B,1,singlet,3049
GGAATAAAGGGCATGT,HTO_B,1,singlet,1246
GGAATAACAAAGGAAG,multiplet,2,multiplet,607
GGAATAACAAAGGTGC,HTO_D,1,singlet,2363
GGAATAACAATCCGAT,multiplet,2,multiplet,5937
GGAATAACACATGTGT,HTO_B,1,singlet,1393
GGAATAACACTCGACG,multiplet,2,multiplet,8932
GGAATAACAGCTGCAC,multiplet,2,multiplet,1059
GGAATAAGTCACTGGC,HTO_A,1,singlet,2963
GGAATAAGTCGCTTTC,HTO_F,1,singlet,1402
GGAATAAGTCTAGCCG,HTO_H,1,singlet,455
GGAATAAGTGCAACTT,HTO_E,1,singlet,892
GGAATAAGTGGGTCAA,HTO_D,1,singlet,481
GGAATAATCAAACCGT,HTO_C,1,singlet,1060
GGAATAATCCAAACAC,HTO_E,1,singlet,920
GGAATAATCCATGAGT,HTO_H,1,singlet,937
GGAATAATCCATTCTA,HTO_F,1,singlet,1696
GGAATAATCGGTCCGA,HTO_G,1,singlet,3342
GGAATAATCTACTTAC,HTO_F,1,singlet,390
GGAATAATCTGAGGGA,HTO_B,1,singlet,1716
GGAATAATCTGCAGTA,HTO_E,1,singlet,1407
GGAATAATCTTGACGA,HTO_A,1,singlet,248
GGAATAATCTTGTATC,HTO_H,1,singlet,2772
GGACAAGAGAACAACT,HTO_H,1,singlet,3387
GGACAAGAGATCGATA,multiplet,2,multiplet,6542
GGACAAGAGCAAATCA,multiplet,2,multiplet,4256
GGACAAGAGCACAGGT,multiplet,2,multiplet,614
GGACAAGAGCTAGGCA,multiplet,2,multiplet,2386
GGACAAGAGGAATCGC,multiplet,2,multiplet,3739
GGACAAGAGGTACTCT,HTO_H,1,singlet,1262
GGACAAGCAAGTAATG,HTO_F,1,singlet,3504
GGACAAGCAATGAAAC,HTO_G,1,singlet,613
GGACAAGCACATGTGT,HTO_E,1,singlet,809
GGACAAGCACCTATCC,HTO_F,1,singlet,3047
GGACAAGCAGGAATCG,HTO_B,1,singlet,1758
GGACAAGCAGTCGATT,HTO_G,1,singlet,2759
GGACAAGCATTACCTT,HTO_A,1,singlet,2453
GGACAAGGTCATATCG,HTO_F,1,singlet,2532
GGACAAGGTGATAAGT,HTO_A,1,singlet,1080
GGACAAGGTTTGACTG,HTO_B,1,singlet,840
GGACAAGTCAACTCTT,HTO_G,1,singlet,308
GGACAAGTCCAAACTG,HTO_C,1,singlet,2449
GGACAAGTCCATGCTC,HTO_A,1,singlet,1381
GGACAAGTCCGTTGTC,multiplet,2,multiplet,5158
GGACAAGTCGTGACAT,HTO_F,1,singlet,1345
GGACAAGTCTCGCATC,HTO_C,1,singlet,1805
GGACAAGTCTGGTATG,HTO_D,1,singlet,1383
GGACAAGTCTGTGCAA,HTO_A,1,singlet,753
GGACAAGTCTTTACGT,multiplet,2,multiplet,698
GGACAGAAGCCACCTG,HTO_C,1,singlet,3093
GGACAGAAGCTCCTCT,HTO_F,1,singlet,939
GGACAGAAGGAATTAC,HTO_A,1,singlet,3702
GGACAGAAGGAGCGTT,HTO_A,1,singlet,901
GGACAGAAGGGATCTG,HTO_H,1,singlet,616
GGACAGAAGGGCACTA,HTO_C,1,singlet,547
GGACAGACACCATCCT,HTO_C,1,singlet,671
GGACAGACAGATGGCA,HTO_C,1,singlet,1589
GGACAGACAGCTGCAC,HTO_A,1,singlet,743
GGACAGACATCTATGG,HTO_D,1,singlet,2024
GGACAGACATGACGGA,HTO_H,1,singlet,1001
GGACAGACATTACCTT,HTO_A,1,singlet,475
GGACAGACATTGTGCA,multiplet,2,multiplet,3553
GGACAGACATTTCACT,HTO_C,1,singlet,888
GGACAGAGTACAGTTC,multiplet,2,multiplet,1632
GGACAGAGTCAATACC,HTO_C,1,singlet,1173
GGACAGAGTCTCAACA,HTO_D,1,singlet,3647
GGACAGAGTGACAAAT,HTO_B,1,singlet,1290
GGACAGAGTGATGCCC,multiplet,2,multiplet,4482
GGACAGAGTTCACGGC,HTO_H,1,singlet,368
GGACAGAGTTTAAGCC,HTO_B,1,singlet,1206
GGACAGATCACGAAGG,HTO_C,1,singlet,891
GGACAGATCATCACCC,HTO_G,1,singlet,1375
GGACAGATCCATGCTC,HTO_H,1,singlet,1193
GGACAGATCCTCTAGC,HTO_E,1,singlet,1640
GGACAGATCCTTAATC,multiplet,2,multiplet,1096
GGACAGATCTCACATT,HTO_H,1,singlet,769
GGACATTAGAAGGACA,HTO_G,1,singlet,1245
GGACATTAGCGCCTTG,HTO_C,1,singlet,929
GGACATTAGGAATCGC,multiplet,2,multiplet,3573
GGACATTAGGACCACA,HTO_D,1,singlet,1555
GGACATTAGGACTGGT,HTO_B,1,singlet,2880
GGACATTAGTAAGTAC,HTO_B,1,singlet,1166
GGACATTAGTGATCGG,HTO_C,1,singlet,1026
GGACATTCAAACAACA,HTO_D,1,singlet,2044
GGACATTCAAACTGTC,multiplet,2,multiplet,1558
GGACATTCACTGTCGG,HTO_F,1,singlet,232
GGACATTCATATGGTC,HTO_B,1,singlet,600
GGACATTCATCGTCGG,HTO_A,1,singlet,835
GGACATTCATTAACCG,HTO_H,1,singlet,4322
GGACATTCATTAGCCA,HTO_G,1,singlet,817
GGACATTCATTGGGCC,HTO_H,1,singlet,4228
GGACATTGTCAACTGT,multiplet,2,multiplet,1739
GGACATTGTCCCTTGT,HTO_A,1,singlet,683
GGACATTGTGAGGGTT,HTO_H,1,singlet,1529
GGACATTGTGCCTGGT,HTO_A,1,singlet,798
GGACATTGTTAAGATG,multiplet,2,multiplet,3509
GGACATTGTTCTGAAC,HTO_C,1,singlet,1957
GGACATTGTTGTCGCG,HTO_F,1,singlet,1514
GGACATTTCGAATCCA,HTO_H,1,singlet,2457
GGACATTTCGCCTGAG,multiplet,2,multiplet,3276
GGACATTTCGCCTGTT,HTO_B,1,singlet,3171
GGACATTTCTCATTCA,HTO_C,1,singlet,625
GGACATTTCTGGTATG,HTO_D,1,singlet,370
GGACGTCAGACGCAAC,HTO_F,1,singlet,1327
GGACGTCAGAGCTGGT,HTO_C,1,singlet,1111
GGACGTCAGAGTGACC,HTO_B,1,singlet,961
GGACGTCAGCAACGGT,HTO_D,1,singlet,424
GGACGTCAGCAGATCG,HTO_H,1,singlet,1248
GGACGTCAGCAGGTCA,HTO_H,1,singlet,4300
GGACGTCAGCTCCCAG,multiplet,2,multiplet,3276
GGACGTCAGGCGTACA,HTO_D,1,singlet,1512
GGACGTCAGTGACATA,HTO_G,1,singlet,848
GGACGTCCAAAGGAAG,HTO_B,1,singlet,852
GGACGTCCACAAGCCC,HTO_H,1,singlet,947
GGACGTCCACCAGGCT,HTO_G,1,singlet,1484
GGACGTCCACTGTTAG,multiplet,2,multiplet,2074
GGACGTCCAGACAAAT,HTO_B,1,singlet,744
GGACGTCCAGACAAGC,HTO_C,1,singlet,586
GGACGTCCAGACGCTC,HTO_F,1,singlet,3347
GGACGTCCAGACTCGC,multiplet,2,multiplet,822
GGACGTCCATCACCCT,HTO_G,1,singlet,955
GGACGTCCATGCTAGT,HTO_C,1,singlet,393
GGACGTCCATGTTGAC,HTO_B,1,singlet,1204
GGACGTCGTAAAGTCA,HTO_F,1,singlet,993
GGACGTCGTACACCGC,HTO_D,1,singlet,469
GGACGTCGTACCCAAT,HTO_E,1,singlet,352
GGACGTCGTCTGCCAG,multiplet,2,multiplet,1053
GGACGTCGTCTGCGGT,HTO_A,1,singlet,1111
GGACGTCGTGTGACCC,HTO_G,1,singlet,265
GGACGTCGTTGGTAAA,multiplet,2,multiplet,1611
GGACGTCTCAGGCAAG,HTO_G,1,singlet,2077
GGACGTCTCCCTCTTT,HTO_B,1,singlet,676
GGACGTCTCCCTGACT,HTO_G,1,singlet,1714
GGACGTCTCCGGCACA,HTO_F,1,singlet,1255
GGACGTCTCTTCATGT,HTO_H,1,singlet,758
GGACGTCTCTTGTACT,multiplet,2,multiplet,2261
GGAGCAAAGACAGGCT,HTO_A,1,singlet,707
GGAGCAAAGAGGTTGC,HTO_G,1,singlet,1293
GGAGCAAAGATAGGAG,HTO_H,1,singlet,2717
GGAGCAAAGATCCCAT,multiplet,2,multiplet,5171
GGAGCAAAGATGCGAC,HTO_H,1,singlet,1460
GGAGCAAAGGCTAGCA,HTO_F,1,singlet,631
GGAGCAAAGTGCCAGA,HTO_B,1,singlet,955
GGAGCAACAAAGTGCG,HTO_G,1,singlet,1894
GGAGCAACAACGATGG,HTO_C,1,singlet,633
GGAGCAACACATCTTT,multiplet,2,multiplet,10087
GGAGCAACACGTCAGC,HTO_B,1,singlet,3198
GGAGCAACATCGTCGG,HTO_C,1,singlet,2493
GGAGCAACATTACCTT,HTO_E,1,singlet,3682
GGAGCAAGTAAATACG,HTO_F,1,singlet,4169
GGAGCAAGTAATTGGA,HTO_A,1,singlet,5007
GGAGCAAGTAGAGCTG,HTO_E,1,singlet,1350
GGAGCAAGTCATGCCG,HTO_G,1,singlet,3465
GGAGCAAGTCCAGTAT,multiplet,2,multiplet,5103
GGAGCAAGTCCTCTTG,HTO_B,1,singlet,2089
GGAGCAAGTCGAGATG,HTO_B,1,singlet,936
GGAGCAAGTCTCTTAT,HTO_E,1,singlet,1541
GGAGCAAGTGAGGGTT,HTO_G,1,singlet,4746
GGAGCAAGTTGGTAAA,HTO_C,1,singlet,594
GGAGCAATCAAGGCTT,HTO_A,1,singlet,1561
GGAGCAATCACTGGGC,HTO_C,1,singlet,571
GGAGCAATCAGCTCTC,HTO_G,1,singlet,1053
GGAGCAATCCCATTTA,HTO_F,1,singlet,380
GGAGCAATCCTCTAGC,HTO_F,1,singlet,844
GGAGCAATCGCCGTGA,HTO_G,1,singlet,573
GGATGTTAGAAGGGTA,multiplet,3,multiplet,3596
GGATGTTAGAGGACGG,HTO_D,1,singlet,1766
GGATGTTAGAGGGCTT,HTO_B,1,singlet,1803
GGATGTTAGAGGTTGC,HTO_G,1,singlet,1713
GGATGTTAGCCCTAAT,HTO_A,1,singlet,1140
GGATGTTAGCCTTGAT,HTO_A,1,singlet,419
GGATGTTAGCTAGGCA,multiplet,2,multiplet,7537
GGATGTTAGCTGTTCA,HTO_H,1,singlet,2832
GGATGTTCAATAGCAA,HTO_G,1,singlet,863
GGATGTTCACGAAATA,HTO_B,1,singlet,4056
GGATGTTCACGGATAG,HTO_F,1,singlet,765
GGATGTTCACGGTAGA,HTO_F,1,singlet,1810
GGATGTTCACTTACGA,HTO_B,1,singlet,1185
GGATGTTCAGATGGGT,HTO_A,1,singlet,760
GGATGTTCAGCTGCAC,multiplet,2,multiplet,3569
GGATGTTCATCTCGCT,HTO_B,1,singlet,4010
GGATGTTCATTAACCG,HTO_G,1,singlet,263
GGATGTTGTACACCGC,multiplet,2,multiplet,1711
GGATGTTGTACCGGCT,multiplet,2,multiplet,4485
GGATGTTGTAGCCTAT,negative,0,negative,160
GGATGTTGTAGCTCCG,HTO_F,1,singlet,4516
GGATGTTGTCAGAAGC,HTO_C,1,singlet,796
GGATGTTGTCATATCG,HTO_A,1,singlet,453
GGATGTTGTCGTTGTA,HTO_B,1,singlet,479
GGATGTTGTGAGCGAT,HTO_H,1,singlet,684
GGATGTTGTTCTGAAC,HTO_F,1,singlet,805
GGATGTTGTTTAAGCC,HTO_F,1,singlet,4410
GGATGTTTCAACCAAC,multiplet,2,multiplet,3400
GGATGTTTCACCGTAA,multiplet,2,multiplet,2089
GGATGTTTCATCGATG,HTO_B,1,singlet,288
GGATGTTTCCAGTAGT,HTO_D,1,singlet,1470
GGATGTTTCGCAAGCC,HTO_D,1,singlet,2006
GGATGTTTCGCCAGCA,HTO_C,1,singlet,365
GGATGTTTCGTTACAG,HTO_A,1,singlet,245
GGATGTTTCTCGATGA,HTO_F,1,singlet,426
GGATTACAGAACAATC,HTO_E,1,singlet,1317
GGATTACAGCAGGCTA,HTO_G,1,singlet,1260
GGATTACAGTCGTACT,HTO_A,1,singlet,532
GGATTACAGTGCGATG,multiplet,2,multiplet,1504
GGATTACCACAGTCGC,multiplet,2,multiplet,3013
GGATTACCACCATCCT,multiplet,2,multiplet,1902
GGATTACCAGATAATG,HTO_E,1,singlet,802
GGATTACCAGGAATGC,multiplet,2,multiplet,2671
GGATTACCATGAACCT,HTO_G,1,singlet,1431
GGATTACCATTAACCG,HTO_A,1,singlet,901
GGATTACGTACCATCA,HTO_H,1,singlet,1135
GGATTACGTACGCTGC,HTO_E,1,singlet,1748
GGATTACGTATATCCG,HTO_C,1,singlet,890
GGATTACGTCTAGAGG,HTO_A,1,singlet,701
GGATTACGTGAACCTT,HTO_D,1,singlet,2192
GGATTACGTGAGGGTT,multiplet,3,multiplet,6189
GGATTACGTGCACGAA,HTO_D,1,singlet,1455
GGATTACGTGGCGAAT,HTO_F,1,singlet,799
GGATTACGTTCAGTAC,HTO_F,1,singlet,1510
GGATTACTCAACGGGA,multiplet,2,multiplet,4961
GGATTACTCACGCATA,HTO_E,1,singlet,1877
GGATTACTCACGGTTA,HTO_A,1,singlet,2296
GGATTACTCACTATTC,HTO_G,1,singlet,978
GGATTACTCCCTAATT,HTO_D,1,singlet,1238
GGATTACTCGACCAGC,HTO_B,1,singlet,1289
GGATTACTCGGATGGA,HTO_F,1,singlet,1487
GGATTACTCTATCCTA,HTO_D,1,singlet,1401
GGCAATTAGACAAGCC,HTO_B,1,singlet,1715
GGCAATTAGACCTTTG,HTO_H,1,singlet,1478
GGCAATTAGATGTGTA,HTO_E,1,singlet,1657
GGCAATTAGGCTAGCA,HTO_B,1,singlet,3754
GGCAATTAGGTGTTAA,HTO_H,1,singlet,1119
GGCAATTAGTCCAGGA,HTO_G,1,singlet,4155
GGCAATTAGTCCGTAT,HTO_D,1,singlet,1464
GGCAATTAGTGGCACA,HTO_D,1,singlet,3069
GGCAATTAGTTTAGGA,HTO_A,1,singlet,243
GGCAATTCAAATACAG,HTO_G,1,singlet,2179
GGCAATTCAATCTACG,HTO_E,1,singlet,935
GGCAATTCACTTACGA,HTO_A,1,singlet,758
GGCAATTCAGCCACCA,HTO_D,1,singlet,2161
GGCAATTCATACCATG,HTO_G,1,singlet,1530
GGCAATTCATATGAGA,HTO_A,1,singlet,604
GGCAATTCATTAGGCT,HTO_D,1,singlet,1757
GGCAATTGTAAAGTCA,HTO_C,1,singlet,1730
GGCAATTGTCAGAATA,HTO_A,1,singlet,632
GGCAATTGTCATGCAT,HTO_B,1,singlet,1627
GGCAATTGTCCAAGTT,HTO_B,1,singlet,721
GGCAATTGTCCGAAGA,multiplet,2,multiplet,6135
GGCAATTGTGCGCTTG,multiplet,2,multiplet,3951
GGCAATTGTTTGGCGC,multiplet,2,multiplet,6095
GGCAATTTCAGTTCGA,multiplet,2,multiplet,2014
GGCAATTTCAGTTGAC,HTO_E,1,singlet,3629
GGCAATTTCATATCGG,HTO_B,1,singlet,4996
GGCAATTTCCGCGTTT,HTO_D,1,singlet,1604
GGCAATTTCCTGTACC,HTO_H,1,singlet,861
GGCAATTTCTATCCTA,HTO_H,1,singlet,3213
GGCCGATAGAATAGGG,HTO_C,1,singlet,1295
GGCCGATAGACGCAAC,multiplet,2,multiplet,4797
GGCCGATAGGCTCTTA,HTO_A,1,singlet,673
GGCCGATAGGGTTTCT,HTO_E,1,singlet,1038
GGCCGATAGTACGACG,HTO_C,1,singlet,826
GGCCGATAGTACGTAA,HTO_H,1,singlet,1335
GGCCGATCACGAGGTA,HTO_B,1,singlet,3094
GGCCGATCAGTTCCCT,HTO_G,1,singlet,1519
GGCCGATGTATATGAG,multiplet,2,multiplet,4804
GGCCGATGTCACTTCC,HTO_B,1,singlet,3019
GGCCGATGTCTACCTC,HTO_E,1,singlet,430
GGCCGATGTCTTCGTC,HTO_G,1,singlet,694
GGCCGATGTGTTAAGA,HTO_B,1,singlet,2886
GGCCGATGTTATCCGA,HTO_C,1,singlet,3432
GGCCGATGTTCAGCGC,HTO_C,1,singlet,2825
GGCCGATTCAACGGGA,HTO_H,1,singlet,1320
GGCCGATTCACGATGT,HTO_B,1,singlet,3255
GGCCGATTCACTTACT,HTO_C,1,singlet,2212
GGCCGATTCGCTGATA,HTO_A,1,singlet,548
GGCCGATTCGGAGGTA,HTO_F,1,singlet,1169
GGCCGATTCTGATACG,HTO_B,1,singlet,3340
GGCCGATTCTTCAACT,HTO_A,1,singlet,2769
GGCCGATTCTTCGAGA,HTO_C,1,singlet,566
GGCCGATTCTTGACGA,HTO_C,1,singlet,1075
GGCCGATTCTTGAGAC,HTO_H,1,singlet,4479
GGCGACTAGAAACCAT,HTO_A,1,singlet,1607
GGCGACTAGAAACCTA,HTO_G,1,singlet,2541
GGCGACTAGACAGACC,HTO_F,1,singlet,423
GGCGACTAGACTAGGC,HTO_F,1,singlet,1197
GGCGACTAGAGACTAT,HTO_H,1,singlet,1434
GGCGACTAGAGTAAGG,HTO_C,1,singlet,1305
GGCGACTAGCCCAGCT,HTO_G,1,singlet,501
GGCGACTAGCGCTTAT,HTO_H,1,singlet,568
GGCGACTAGCGTCTAT,HTO_B,1,singlet,733
GGCGACTAGGACAGCT,multiplet,3,multiplet,13557
GGCGACTAGGCTAGAC,HTO_C,1,singlet,2250
GGCGACTAGTGGACGT,HTO_G,1,singlet,5001
GGCGACTCAATAGCAA,HTO_H,1,singlet,1101
GGCGACTCAATGTTGC,HTO_H,1,singlet,3275
GGCGACTCACAAGCCC,multiplet,2,multiplet,5277
GGCGACTCACCAACCG,HTO_D,1,singlet,5245
GGCGACTCACGAAATA,HTO_H,1,singlet,5356
GGCGACTCACTCGACG,HTO_B,1,singlet,1434
GGCGACTCAGACAGGT,HTO_D,1,singlet,3536
GGCGACTCAGCTGCAC,HTO_E,1,singlet,934
GGCGACTCAGTATGCT,HTO_G,1,singlet,2526
GGCGACTCATCCGGGT,multiplet,2,multiplet,9932
GGCGACTGTAAGGGAA,multiplet,2,multiplet,10770
GGCGACTGTAGAAGGA,multiplet,4,multiplet,10424
GGCGACTGTAGCGATG,HTO_E,1,singlet,1216
GGCGACTGTATGGTTC,multiplet,2,multiplet,4093
GGCGACTGTCCTGCTT,multiplet,2,multiplet,3776
GGCGACTGTCTAAACC,HTO_D,1,singlet,2388
GGCGACTGTGAGTGAC,HTO_E,1,singlet,2124
GGCGACTGTTAGTGGG,HTO_G,1,singlet,1187
GGCGACTGTTGGTAAA,multiplet,2,multiplet,1592
GGCGACTGTTTGTTTC,HTO_A,1,singlet,1499
GGCGACTTCACTTACT,HTO_H,1,singlet,360
GGCGACTTCATGCATG,HTO_E,1,singlet,762
GGCGACTTCCCTAATT,multiplet,2,multiplet,1369
GGCGACTTCGCGCCAA,HTO_F,1,singlet,2998
GGCGACTTCGGCATCG,HTO_A,1,singlet,690
GGCGACTTCTAACTCT,HTO_D,1,singlet,10424
GGCGACTTCTCTTATG,HTO_B,1,singlet,2391
GGCGACTTCTGTTTGT,HTO_C,1,singlet,681
GGCGACTTCTTTACAC,HTO_F,1,singlet,1015
GGCGTGTAGAATCTCC,HTO_C,1,singlet,59
GGCGTGTAGAGTACAT,HTO_C,1,singlet,67
GGCGTGTAGCATGGCA,HTO_E,1,singlet,142
GGCGTGTAGCTGAAAT,HTO_B,1,singlet,76
GGCGTGTAGTATGACA,HTO_B,1,singlet,244
GGCGTGTAGTGCGTGA,negative,0,negative,8
GGCGTGTCAGCGAACA,HTO_D,1,singlet,1519
GGCGTGTCAGTCAGAG,HTO_A,1,singlet,754
GGCGTGTCATACCATG,HTO_F,1,singlet,1165
GGCGTGTCATACTCTT,HTO_H,1,singlet,887
GGCGTGTGTACTTCTT,HTO_E,1,singlet,838
GGCGTGTGTCAGGACA,HTO_B,1,singlet,745
GGCGTGTGTCCGCTGA,multiplet,2,multiplet,1007
GGCGTGTGTCTCCACT,HTO_F,1,singlet,1501
GGCGTGTGTCTCTCGT,HTO_F,1,singlet,3182
GGCGTGTGTGACTCAT,HTO_H,1,singlet,3346
GGCGTGTGTGCAACTT,HTO_E,1,singlet,982
GGCGTGTGTGTTCGAT,HTO_F,1,singlet,2650
GGCGTGTGTTAAAGTG,HTO_H,1,singlet,1767
GGCGTGTGTTCGTTGA,HTO_C,1,singlet,2129
GGCGTGTTCAAGAAGT,HTO_A,1,singlet,468
GGCGTGTTCAATCTCT,HTO_F,1,singlet,5694
GGCGTGTTCACTGGGC,HTO_C,1,singlet,1194
GGCGTGTTCACTTCAT,HTO_B,1,singlet,3102
GGCGTGTTCATCGATG,HTO_C,1,singlet,699
GGCGTGTTCCTGCAGG,HTO_C,1,singlet,1449
GGCGTGTTCGTCTGCT,HTO_E,1,singlet,2762
GGCGTGTTCTGTCTAT,HTO_B,1,singlet,1195
GGCTCGAAGAAGCCCA,HTO_E,1,singlet,936
GGCTCGAAGAGCTGCA,multiplet,2,multiplet,2169
GGCTCGAAGCCACTAT,HTO_D,1,singlet,4214
GGCTCGAAGGAGTACC,HTO_G,1,singlet,771
GGCTCGAAGGTCGGAT,HTO_C,1,singlet,1152
GGCTCGAAGGTTACCT,HTO_B,1,singlet,9301
GGCTCGAAGTGGTAGC,HTO_C,1,singlet,1745
GGCTCGACAAAGAATC,multiplet,3,multiplet,3223
GGCTCGACAAGTTCTG,HTO_E,1,singlet,1247
GGCTCGACAATCCGAT,HTO_F,1,singlet,8518
GGCTCGACAATGAAAC,HTO_A,1,singlet,3224
GGCTCGACACGTTGGC,HTO_E,1,singlet,1351
GGCTCGACAGCAGTTT,HTO_E,1,singlet,1338
GGCTCGACAGTTCATG,HTO_C,1,singlet,437
GGCTCGACAGTTTACG,HTO_B,1,singlet,1075
GGCTCGAGTCAACATC,HTO_B,1,singlet,6163
GGCTCGAGTCACTTCC,HTO_H,1,singlet,3606
GGCTCGAGTCTAGAGG,HTO_H,1,singlet,468
GGCTCGAGTCTCGTTC,HTO_C,1,singlet,916
GGCTCGAGTTTCGCTC,HTO_B,1,singlet,687
GGCTCGATCGGATGTT,HTO_G,1,singlet,884
GGCTCGATCTACTCAT,HTO_B,1,singlet,2999
GGCTCGATCTATCGCC,HTO_G,1,singlet,521
GGCTCGATCTCTTGAT,HTO_A,1,singlet,2136
GGCTCGATCTGCTTGC,HTO_E,1,singlet,1835
GGCTCGATCTGTGCAA,HTO_E,1,singlet,1854
GGCTCGATCTTAGCCC,multiplet,2,multiplet,1155
GGCTCGATCTTTACAC,HTO_E,1,singlet,2842
GGCTCGATCTTTAGGG,HTO_E,1,singlet,2534
GGCTGGTAGACTGGGT,HTO_E,1,singlet,869
GGCTGGTAGAGTGACC,HTO_H,1,singlet,1503
GGCTGGTAGCCGCCTA,HTO_H,1,singlet,1415
GGCTGGTAGCGAGAAA,HTO_A,1,singlet,514
GGCTGGTAGGAGCGAG,HTO_H,1,singlet,2386
GGCTGGTAGGTTCCTA,HTO_A,1,singlet,1213
GGCTGGTAGTGTACTC,HTO_A,1,singlet,739
GGCTGGTCAAGGACAC,HTO_D,1,singlet,2915
GGCTGGTCACATGGGA,HTO_D,1,singlet,2036
GGCTGGTCACTGTCGG,HTO_F,1,singlet,1047
GGCTGGTCAGCCTATA,HTO_F,1,singlet,693
GGCTGGTCAGTGGAGT,HTO_G,1,singlet,991
GGCTGGTCATGTTCCC,HTO_D,1,singlet,1714
GGCTGGTGTACACCGC,HTO_D,1,singlet,1433
GGCTGGTGTACATGTC,HTO_H,1,singlet,448
GGCTGGTGTACCGGCT,multiplet,2,multiplet,302
GGCTGGTGTACCTACA,HTO_C,1,singlet,1051
GGCTGGTGTAGGGACT,multiplet,3,multiplet,4209
GGCTGGTGTCCGTCAG,HTO_C,1,singlet,2741
GGCTGGTGTCGCGGTT,HTO_H,1,singlet,3179
GGCTGGTGTCGGGTCT,HTO_D,1,singlet,1623
GGCTGGTGTCTCTTAT,HTO_B,1,singlet,1786
GGCTGGTGTGTAATGA,HTO_C,1,singlet,456
GGCTGGTGTGTTTGTG,HTO_B,1,singlet,3911
GGCTGGTGTTATTCTC,multiplet,2,multiplet,2064
GGCTGGTGTTCAACCA,HTO_G,1,singlet,1435
GGCTGGTGTTCCAACA,HTO_H,1,singlet,982
GGCTGGTGTTCGCTAA,HTO_B,1,singlet,805
GGCTGGTGTTGATTCG,HTO_D,1,singlet,1611
GGCTGGTTCAACTCTT,multiplet,3,multiplet,2722
GGCTGGTTCACATGCA,multiplet,3,multiplet,5254
GGCTGGTTCATTCACT,HTO_G,1,singlet,391
GGCTGGTTCCAGATCA,HTO_G,1,singlet,1058
GGCTGGTTCCCTAATT,HTO_D,1,singlet,3398
GGCTGGTTCGCGTAGC,HTO_E,1,singlet,2189
GGCTGGTTCGGTTCGG,HTO_C,1,singlet,2872
GGCTGGTTCGTCCGTT,HTO_F,1,singlet,679
GGCTGGTTCGTTTAGG,HTO_E,1,singlet,1309
GGCTGGTTCTGACCTC,HTO_C,1,singlet,879
GGCTGGTTCTGTTGAG,multiplet,3,multiplet,23988
GGGAATGAGAAACCAT,multiplet,2,multiplet,1674
GGGAATGAGATCGGGT,HTO_H,1,singlet,3370
GGGAATGAGATGCCTT,HTO_H,1,singlet,1495
GGGAATGAGCGCTTAT,HTO_D,1,singlet,2560
GGGAATGAGGACACCA,HTO_A,1,singlet,1052
GGGAATGAGGTGCTAG,HTO_D,1,singlet,2081
GGGAATGAGTTACCCA,HTO_D,1,singlet,1314
GGGAATGCAAGCTGGA,HTO_D,1,singlet,3067
GGGAATGCACCAACCG,multiplet,2,multiplet,2582
GGGAATGCACGTCAGC,HTO_C,1,singlet,1612
GGGAATGCATCAGTAC,HTO_B,1,singlet,1795
GGGAATGCATTTCAGG,HTO_B,1,singlet,1355
GGGAATGGTAGAGTGC,HTO_F,1,singlet,2892
GGGAATGGTATCGCAT,HTO_A,1,singlet,1538
GGGAATGGTCAGTGGA,HTO_A,1,singlet,845
GGGAATGGTCTAGGTT,HTO_F,1,singlet,834
GGGAATGGTGCCTGCA,HTO_C,1,singlet,812
GGGAATGGTGCGAAAC,HTO_A,1,singlet,683
GGGAATGGTTCAGGCC,HTO_A,1,singlet,472
GGGAATGTCAACCAAC,HTO_F,1,singlet,1318
GGGAATGTCACCATAG,HTO_F,1,singlet,644
GGGAATGTCAGTTGAC,HTO_C,1,singlet,705
GGGAATGTCCCGACTT,HTO_D,1,singlet,1470
GGGAATGTCGGTCTAA,HTO_C,1,singlet,586
GGGAATGTCTTCGAGA,multiplet,2,multiplet,2556
GGGACCTAGAAACCAT,HTO_C,1,singlet,908
GGGACCTAGAGTTGGC,HTO_B,1,singlet,2250
GGGACCTAGCAAATCA,HTO_B,1,singlet,743
GGGACCTAGCAATATG,multiplet,2,multiplet,3671
GGGACCTAGCCTTGAT,HTO_A,1,singlet,712
GGGACCTAGCTAGTCT,HTO_G,1,singlet,3610
GGGACCTAGGCGACAT,multiplet,2,multiplet,4551
GGGACCTCAACGCACC,HTO_A,1,singlet,341
GGGACCTCAATGGAAT,HTO_D,1,singlet,1766
GGGACCTCACGGCTAC,multiplet,2,multiplet,10493
GGGACCTCAGCATGAG,multiplet,2,multiplet,2774
GGGACCTCAGGGTTAG,multiplet,2,multiplet,2939
GGGACCTCAGTTAACC,multiplet,2,multiplet,3415
GGGACCTCATGTCCTC,HTO_F,1,singlet,658
GGGACCTGTAACGTTC,HTO_H,1,singlet,3529
GGGACCTGTACCGCTG,HTO_A,1,singlet,495
GGGACCTGTCAGAAGC,HTO_D,1,singlet,1202
GGGACCTGTCCAAGTT,HTO_A,1,singlet,1353
GGGACCTGTCTCACCT,HTO_B,1,singlet,14427
GGGACCTGTGCAGACA,HTO_G,1,singlet,1026
GGGACCTGTTAGTGGG,HTO_E,1,singlet,681
GGGACCTGTTCAACCA,HTO_H,1,singlet,693
GGGACCTGTTGAACTC,multiplet,2,multiplet,1084
GGGACCTGTTGTTTGG,HTO_E,1,singlet,859
GGGACCTTCAACGCTA,HTO_A,1,singlet,620
GGGACCTTCACCATAG,HTO_F,1,singlet,1621
GGGACCTTCAGCCTAA,HTO_G,1,singlet,780
GGGACCTTCCGCGCAA,HTO_G,1,singlet,1130
GGGACCTTCCGCGGTA,HTO_F,1,singlet,3233
GGGACCTTCCTTGACC,HTO_F,1,singlet,670
GGGACCTTCGAGGTAG,multiplet,2,multiplet,1041
GGGACCTTCGCCTGAG,HTO_G,1,singlet,881
GGGACCTTCGGTTCGG,HTO_G,1,singlet,412
GGGACCTTCGTATCAG,HTO_E,1,singlet,1270
GGGACCTTCTGCAAGT,multiplet,2,multiplet,5279
GGGACCTTCTGTCTAT,HTO_H,1,singlet,1231
GGGAGATAGAGAACAG,HTO_D,1,singlet,1744
GGGAGATAGCCAGAAC,HTO_B,1,singlet,806
GGGAGATAGCCCGAAA,HTO_D,1,singlet,5579
GGGAGATAGCGAAGGG,HTO_D,1,singlet,1173
GGGAGATAGCGATCCC,HTO_H,1,singlet,511
GGGAGATAGGAGCGTT,HTO_A,1,singlet,892
GGGAGATAGGGCTTCC,HTO_D,1,singlet,1511
GGGAGATAGTCGATAA,HTO_B,1,singlet,3234
GGGAGATAGTGAACAT,HTO_A,1,singlet,835
GGGAGATAGTGTTGAA,HTO_B,1,singlet,569
GGGAGATCACGTCTCT,multiplet,2,multiplet,4595
GGGAGATGTACTTGAC,HTO_H,1,singlet,1183
GGGAGATGTCAACTGT,multiplet,2,multiplet,2223
GGGAGATGTCGCTTTC,HTO_D,1,singlet,1948
GGGAGATGTGATAAGT,negative,0,negative,110
GGGAGATGTTCCACGG,HTO_H,1,singlet,898
GGGAGATGTTCGAATC,HTO_H,1,singlet,1387
GGGAGATGTTGACGTT,HTO_B,1,singlet,584
GGGAGATTCAATAAGG,HTO_D,1,singlet,2461
GGGAGATTCACGAAGG,HTO_H,1,singlet,2613
GGGAGATTCATGCAAC,HTO_A,1,singlet,1334
GGGAGATTCCGTTGCT,HTO_B,1,singlet,385
GGGAGATTCGGGAGTA,HTO_B,1,singlet,1333
GGGAGATTCTCGTTTA,HTO_F,1,singlet,724
GGGAGATTCTCTTATG,HTO_D,1,singlet,2940
GGGAGATTCTCTTGAT,HTO_B,1,singlet,1233
GGGAGATTCTGATTCT,HTO_B,1,singlet,1766
GGGAGATTCTGGTATG,HTO_D,1,singlet,1656
GGGATGAAGAATTGTG,HTO_H,1,singlet,789
GGGATGAAGACAAAGG,HTO_H,1,singlet,413
GGGATGAAGAGTTGGC,HTO_F,1,singlet,6795
GGGATGAAGATCGATA,HTO_C,1,singlet,1722
GGGATGAAGGCGATAC,multiplet,2,multiplet,3330
GGGATGAAGGGCACTA,multiplet,2,multiplet,4908
GGGATGAAGGTGATAT,HTO_B,1,singlet,3776
GGGATGAAGTCCGTAT,HTO_D,1,singlet,5033
GGGATGAAGTGGTCCC,multiplet,2,multiplet,10146
GGGATGAAGTGTCTCA,HTO_B,1,singlet,609
GGGATGAAGTGTTAGA,HTO_D,1,singlet,2242
GGGATGACAAATACAG,multiplet,2,multiplet,3350
GGGATGACAACACGCC,HTO_F,1,singlet,1879
GGGATGACAACTGGCC,HTO_A,1,singlet,1042
GGGATGACACCGTTGG,HTO_C,1,singlet,1333
GGGATGACACCTCGGA,HTO_A,1,singlet,696
GGGATGACACGAAACG,HTO_G,1,singlet,1241
GGGATGACACGCGAAA,HTO_H,1,singlet,725
GGGATGACAGACAAAT,HTO_B,1,singlet,574
GGGATGACATGTTGAC,HTO_B,1,singlet,950
GGGATGAGTACGACCC,HTO_H,1,singlet,1399
GGGATGAGTATTACCG,HTO_C,1,singlet,1526
GGGATGAGTCGAACAG,multiplet,2,multiplet,1047
GGGATGAGTGTTCGAT,HTO_D,1,singlet,1392
GGGATGAGTGTTTGGT,HTO_F,1,singlet,939
GGGATGAGTTCCACGG,multiplet,2,multiplet,9697
GGGATGAGTTGAACTC,HTO_B,1,singlet,978
GGGATGATCACATACG,HTO_C,1,singlet,2159
GGGATGATCGAGCCCA,HTO_B,1,singlet,846
GGGATGATCGGCGCAT,multiplet,2,multiplet,2601
GGGATGATCGTCCGTT,HTO_D,1,singlet,1356
GGGATGATCGTGGTCG,HTO_E,1,singlet,1290
GGGATGATCTCGAGTA,HTO_A,1,singlet,2496
GGGATGATCTCGATGA,multiplet,2,multiplet,3706
GGGATGATCTGGTGTA,HTO_C,1,singlet,827
GGGATGATCTTGGGTA,HTO_C,1,singlet,544
GGGCACTAGACCTTTG,HTO_D,1,singlet,1724
GGGCACTAGGAGTAGA,HTO_G,1,singlet,848
GGGCACTAGTAGCGGT,HTO_D,1,singlet,3433
GGGCACTAGTGAAGAG,HTO_E,1,singlet,1133
GGGCACTAGTGAATTG,HTO_G,1,singlet,1866
GGGCACTAGTGGAGAA,HTO_G,1,singlet,1275
GGGCACTCAAGCGCTC,multiplet,2,multiplet,2641
GGGCACTCACAGGTTT,HTO_D,1,singlet,1029
GGGCACTCACCATCCT,HTO_H,1,singlet,566
GGGCACTCACCGGAAA,multiplet,2,multiplet,2536
GGGCACTCAGAGCCAA,multiplet,2,multiplet,4793
GGGCACTCAGGGTACA,HTO_H,1,singlet,1560
GGGCACTCATAAGACA,HTO_A,1,singlet,482
GGGCACTCATACTACG,HTO_B,1,singlet,2155
GGGCACTCATGCTAGT,HTO_A,1,singlet,448
GGGCACTGTACCTACA,HTO_B,1,singlet,1619
GGGCACTGTATAGGTA,HTO_F,1,singlet,482
GGGCACTGTCCCTTGT,HTO_C,1,singlet,921
GGGCACTGTCGGCATC,HTO_A,1,singlet,483
GGGCACTGTCTAACGT,multiplet,2,multiplet,3130
GGGCACTGTCTTTCAT,HTO_B,1,singlet,3331
GGGCACTGTTAAGAAC,HTO_D,1,singlet,3283
GGGCACTGTTGAACTC,HTO_G,1,singlet,1111
GGGCACTGTTGTCGCG,HTO_F,1,singlet,2431
GGGCACTTCAAACAAG,HTO_C,1,singlet,726
GGGCACTTCAGCGATT,HTO_A,1,singlet,2115
GGGCACTTCAGTCCCT,multiplet,2,multiplet,707
GGGCACTTCTGCAAGT,HTO_E,1,singlet,714
GGGCATCAGAAACCTA,HTO_F,1,singlet,359
GGGCATCAGATAGGAG,multiplet,3,multiplet,2624
GGGCATCAGATGTCGG,HTO_A,1,singlet,370
GGGCATCAGTATTGGA,HTO_H,1,singlet,1098
GGGCATCCAATAGCGG,HTO_A,1,singlet,1887
GGGCATCCACGCTTTC,HTO_E,1,singlet,793
GGGCATCCACTGAAGG,HTO_E,1,singlet,1907
GGGCATCCAGTAACGG,HTO_F,1,singlet,3081
GGGCATCCAGTCAGAG,multiplet,2,multiplet,3049
GGGCATCCATACTACG,HTO_D,1,singlet,1899
GGGCATCCATCGGGTC,HTO_H,1,singlet,1271
GGGCATCCATTACCTT,HTO_D,1,singlet,2127
GGGCATCCATTGAGCT,HTO_G,1,singlet,1877
GGGCATCCATTTGCCC,HTO_C,1,singlet,2285
GGGCATCGTATTACCG,HTO_E,1,singlet,1063
GGGCATCGTCCGTTAA,HTO_C,1,singlet,870
GGGCATCGTTACAGAA,HTO_A,1,singlet,302
GGGCATCGTTATCGGT,HTO_C,1,singlet,529
GGGCATCTCAAAGACA,HTO_A,1,singlet,608
GGGCATCTCAACACCA,HTO_B,1,singlet,861
GGGCATCTCACGATGT,HTO_G,1,singlet,1304
GGGCATCTCCCAGGTG,HTO_D,1,singlet,1389
GGGCATCTCGATAGAA,HTO_D,1,singlet,1700
GGGCATCTCGCGCCAA,HTO_B,1,singlet,5197
GGGCATCTCGGAATCT,HTO_B,1,singlet,1050
GGGCATCTCGTTTGCC,multiplet,2,multiplet,3538
GGGCATCTCTGTCAAG,HTO_G,1,singlet,767
GGGCATCTCTGTGCAA,HTO_E,1,singlet,2119
GGGTCTGAGAGTACAT,multiplet,2,multiplet,2590
GGGTCTGAGCCACGTC,HTO_F,1,singlet,1691
GGGTCTGAGCCTATGT,HTO_G,1,singlet,985
GGGTCTGAGCTCTCGG,HTO_D,1,singlet,1831
GGGTCTGAGGCAAAGA,HTO_E,1,singlet,1983
GGGTCTGAGGCCCTCA,multiplet,2,multiplet,3511
GGGTCTGAGTCCTCCT,HTO_C,1,singlet,9507
GGGTCTGAGTCGAGTG,multiplet,2,multiplet,1333
GGGTCTGAGTGAACGC,HTO_F,1,singlet,2694
GGGTCTGAGTGTCCCG,HTO_F,1,singlet,1458
GGGTCTGCAGACTCGC,HTO_D,1,singlet,5318
GGGTCTGCAGGGTACA,HTO_D,1,singlet,2584
GGGTCTGCAGGGTTAG,HTO_C,1,singlet,2564
GGGTCTGCATCCGGGT,multiplet,2,multiplet,3258
GGGTCTGCATCGGAAG,HTO_A,1,singlet,1839
GGGTCTGCATTACGAC,negative,0,negative,110
GGGTCTGGTACGCACC,HTO_H,1,singlet,3009
GGGTCTGGTAGCTTGT,HTO_E,1,singlet,1920
GGGTCTGGTATGGTTC,HTO_E,1,singlet,1062
GGGTCTGGTCACAAGG,HTO_A,1,singlet,833
GGGTCTGGTCGCATAT,HTO_D,1,singlet,2005
GGGTCTGGTGATGTCT,HTO_G,1,singlet,1292
GGGTCTGGTGCCTGGT,HTO_H,1,singlet,1476
GGGTCTGGTTATCACG,HTO_E,1,singlet,793
GGGTCTGGTTCCATGA,HTO_D,1,singlet,1736
GGGTCTGGTTCCCTTG,HTO_B,1,singlet,833
GGGTCTGTCAAACCAC,HTO_F,1,singlet,861
GGGTCTGTCACCCGAG,HTO_C,1,singlet,761
GGGTCTGTCACGAAGG,multiplet,2,multiplet,2219
GGGTCTGTCAGTCCCT,HTO_E,1,singlet,1967
GGGTCTGTCAGTTGAC,multiplet,2,multiplet,2198
GGGTCTGTCCACTCCA,HTO_E,1,singlet,544
GGGTCTGTCCGGCACA,HTO_A,1,singlet,657
GGGTCTGTCCTTTCTC,HTO_B,1,singlet,3504
GGGTCTGTCGGTTCGG,HTO_C,1,singlet,728
GGGTCTGTCGTGGGAA,HTO_G,1,singlet,2751
GGGTCTGTCTAACCGA,HTO_G,1,singlet,2101
GGGTCTGTCTTACCGC,HTO_F,1,singlet,873
GGGTCTGTCTTCAACT,HTO_H,1,singlet,329
GGGTCTGTCTTGACGA,HTO_H,1,singlet,391
GGGTCTGTCTTGTTTG,HTO_E,1,singlet,1258
GGGTTGCAGAATGTGT,multiplet,2,multiplet,6951
GGGTTGCAGAATTCCC,HTO_A,1,singlet,596
GGGTTGCAGAGGTAGA,HTO_F,1,singlet,1588
GGGTTGCAGCGATAGC,HTO_B,1,singlet,1346
GGGTTGCAGTGAACAT,HTO_A,1,singlet,387
GGGTTGCCAAGAGTCG,HTO_E,1,singlet,948
GGGTTGCCAAGGCTCC,HTO_C,1,singlet,899
GGGTTGCCAAGTTCTG,HTO_D,1,singlet,1574
GGGTTGCCACGCGAAA,HTO_D,1,singlet,1708
GGGTTGCCACTGCCAG,HTO_G,1,singlet,2535
GGGTTGCCATCCTTGC,HTO_C,1,singlet,1721
GGGTTGCCATGCCACG,HTO_H,1,singlet,2626
GGGTTGCCATGCCTTC,HTO_B,1,singlet,930
GGGTTGCGTACATCCA,HTO_G,1,singlet,801
GGGTTGCGTAGTACCT,HTO_A,1,singlet,280
GGGTTGCGTATCGCAT,HTO_H,1,singlet,1710
GGGTTGCGTCTCCATC,HTO_D,1,singlet,2714
GGGTTGCGTCTCGTTC,HTO_E,1,singlet,2826
GGGTTGCGTCTTTCAT,multiplet,2,multiplet,3079
GGGTTGCGTGTGAAAT,HTO_E,1,singlet,1192
GGGTTGCGTTTCCACC,HTO_D,1,singlet,1960
GGGTTGCGTTTGGGCC,HTO_B,1,singlet,2415
GGGTTGCTCACCCTCA,HTO_F,1,singlet,3314
GGGTTGCTCACCGTAA,HTO_B,1,singlet,930
GGGTTGCTCAGATAAG,HTO_A,1,singlet,1093
GGGTTGCTCGAATGCT,HTO_B,1,singlet,2282
GGGTTGCTCGATCCCT,multiplet,2,multiplet,2994
GGGTTGCTCTCTGAGA,HTO_G,1,singlet,3531
GGTATTGAGAAGATTC,HTO_G,1,singlet,1071
GGTATTGAGACCTTTG,HTO_B,1,singlet,1938
GGTATTGAGACTAAGT,multiplet,2,multiplet,3251
GGTATTGAGATGTGGC,HTO_B,1,singlet,1431
GGTATTGAGCGACGTA,HTO_E,1,singlet,1143
GGTATTGAGCGTAGTG,multiplet,2,multiplet,1436
GGTATTGAGCGTCAAG,HTO_A,1,singlet,510
GGTATTGAGCGTTTAC,HTO_B,1,singlet,3766
GGTATTGAGGACCACA,HTO_A,1,singlet,510
GGTATTGAGGATCGCA,HTO_H,1,singlet,5263
GGTATTGAGGATGTAT,HTO_F,1,singlet,504
GGTATTGAGGCACATG,HTO_B,1,singlet,4202
GGTATTGAGGCAGTCA,HTO_E,1,singlet,1036
GGTATTGAGTCCAGGA,HTO_E,1,singlet,2834
GGTATTGAGTGTCTCA,HTO_A,1,singlet,1270
GGTATTGAGTTATCGC,multiplet,2,multiplet,5491
GGTATTGCAAGTAATG,multiplet,2,multiplet,3895
GGTATTGCAATGACCT,HTO_A,1,singlet,663
GGTATTGCACTTGGAT,HTO_D,1,singlet,1592
GGTATTGCAGACGCAA,HTO_B,1,singlet,1841
GGTATTGCATGGTAGG,multiplet,2,multiplet,8649
GGTATTGGTAATCGTC,multiplet,4,multiplet,3516
GGTATTGGTCTCTCTG,HTO_G,1,singlet,1805
GGTATTGGTGGTAACG,HTO_B,1,singlet,900
GGTATTGTCACGGTTA,HTO_E,1,singlet,4457
GGTATTGTCAGTGCAT,HTO_E,1,singlet,1315
GGTATTGTCATAGCAC,HTO_C,1,singlet,761
GGTATTGTCCAAATGC,HTO_C,1,singlet,960
GGTATTGTCCATTCTA,HTO_A,1,singlet,3605
GGTATTGTCCCTCAGT,HTO_C,1,singlet,786
GGTATTGTCCGTCAAA,HTO_D,1,singlet,1771
GGTATTGTCCTGCAGG,HTO_H,1,singlet,1627
GGTATTGTCGTTGACA,multiplet,2,multiplet,7349
GGTATTGTCTAACCGA,HTO_A,1,singlet,514
GGTATTGTCTATCGCC,HTO_H,1,singlet,602
GGTATTGTCTATGTGG,HTO_E,1,singlet,1582
GGTATTGTCTGCCCTA,multiplet,2,multiplet,1019
GGTATTGTCTGTCAAG,HTO_C,1,singlet,1197
GGTATTGTCTTGTCAT,HTO_E,1,singlet,1473
GGTGAAGAGAGAACAG,multiplet,2,multiplet,2509
GGTGAAGAGAGTAATC,HTO_A,1,singlet,4202
GGTGAAGAGCAGACTG,HTO_C,1,singlet,666
GGTGAAGAGCCCAGCT,HTO_C,1,singlet,793
GGTGAAGAGCGATCCC,HTO_H,1,singlet,2770
GGTGAAGAGGATCGCA,HTO_H,1,singlet,661
GGTGAAGAGTTATCGC,HTO_D,1,singlet,8810
GGTGAAGCAAGCCTAT,HTO_A,1,singlet,330
GGTGAAGCAATGAAAC,multiplet,2,multiplet,5929
GGTGAAGCAATTGCTG,multiplet,2,multiplet,9296
GGTGAAGCACATGTGT,HTO_E,1,singlet,3339
GGTGAAGCACTCGACG,HTO_C,1,singlet,1756
GGTGAAGCATGAACCT,HTO_A,1,singlet,962
GGTGAAGCATTTCAGG,HTO_A,1,singlet,1523
GGTGAAGGTAGCCTCG,HTO_D,1,singlet,4179
GGTGAAGGTCTCTTTA,HTO_B,1,singlet,1001
GGTGAAGGTCTGATTG,HTO_D,1,singlet,2259
GGTGAAGGTGCCTGGT,HTO_A,1,singlet,1623
GGTGAAGGTTAGAACA,multiplet,2,multiplet,2334
GGTGAAGGTTCCACAA,HTO_F,1,singlet,876
GGTGAAGGTTGAACTC,HTO_C,1,singlet,400
GGTGAAGTCACAGGCC,HTO_G,1,singlet,5392
GGTGAAGTCACCTTAT,HTO_D,1,singlet,2995
GGTGAAGTCATGTGGT,HTO_E,1,singlet,1026
GGTGAAGTCATTGCCC,HTO_C,1,singlet,864
GGTGAAGTCCCTAACC,HTO_D,1,singlet,1404
GGTGAAGTCGACCAGC,HTO_E,1,singlet,1018
GGTGAAGTCGTAGGTT,HTO_H,1,singlet,1494
GGTGAAGTCTAACTTC,HTO_A,1,singlet,1528
GGTGCGTAGAAGGCCT,HTO_C,1,singlet,971
GGTGCGTAGACAGGCT,HTO_C,1,singlet,689
GGTGCGTAGATCCGAG,HTO_B,1,singlet,1839
GGTGCGTAGTCGTTTG,HTO_C,1,singlet,930
GGTGCGTAGTGGAGAA,HTO_A,1,singlet,970
GGTGCGTCAAGAGTCG,HTO_B,1,singlet,1084
GGTGCGTCAAGCTGGA,HTO_D,1,singlet,1977
GGTGCGTCAAGGTTCT,HTO_C,1,singlet,440
GGTGCGTCACAGTCGC,multiplet,2,multiplet,3125
GGTGCGTCACGGCCAT,multiplet,2,multiplet,2317
GGTGCGTCACTCAGGC,HTO_D,1,singlet,1233
GGTGCGTCAGACTCGC,multiplet,2,multiplet,6244
GGTGCGTCAGCTGTAT,HTO_A,1,singlet,593
GGTGCGTCAGGGCATA,HTO_E,1,singlet,3065
GGTGCGTCATACAGCT,HTO_C,1,singlet,2084
GGTGCGTCATACCATG,HTO_D,1,singlet,1315
GGTGCGTCATCTGGTA,HTO_F,1,singlet,1643
GGTGCGTCATTAACCG,HTO_C,1,singlet,2104
GGTGCGTGTACAAGTA,HTO_F,1,singlet,518
GGTGCGTGTACATCCA,HTO_A,1,singlet,3031
GGTGCGTGTAGCGTCC,HTO_E,1,singlet,397
GGTGCGTGTCCGACGT,HTO_F,1,singlet,792
GGTGCGTGTGTGGCTC,HTO_H,1,singlet,845
GGTGCGTGTGTTCGAT,HTO_F,1,singlet,1086
GGTGCGTGTGTTTGGT,HTO_C,1,singlet,1337
GGTGCGTGTTCGTCTC,multiplet,2,multiplet,4001
GGTGCGTGTTCGTGAT,HTO_F,1,singlet,1589
GGTGCGTTCAAAGACA,HTO_F,1,singlet,1832
GGTGCGTTCACCCGAG,HTO_E,1,singlet,501
GGTGCGTTCAGCGACC,HTO_D,1,singlet,1794
GGTGCGTTCCAATGGT,multiplet,2,multiplet,559
GGTGCGTTCCCTTGTG,HTO_G,1,singlet,1085
GGTGCGTTCCTGTACC,multiplet,2,multiplet,2146
GGTGCGTTCGCTTAGA,HTO_H,1,singlet,1297
GGTGCGTTCTCCAGGG,multiplet,3,multiplet,3148
GGTGCGTTCTTATCTG,HTO_E,1,singlet,1551
GGTGTTAAGACCTTTG,HTO_C,1,singlet,1079
GGTGTTAAGCCACGCT,HTO_H,1,singlet,718
GGTGTTAAGCCACTAT,multiplet,2,multiplet,2696
GGTGTTAAGGATGCGT,multiplet,2,multiplet,1853
GGTGTTAAGTCCGGTC,HTO_A,1,singlet,1221
GGTGTTAAGTGTGAAT,multiplet,2,multiplet,6477
GGTGTTAAGTGTGGCA,HTO_C,1,singlet,1132
GGTGTTACAAATACAG,HTO_B,1,singlet,5538
GGTGTTACAACTGGCC,HTO_D,1,singlet,8192
GGTGTTACAAGAGTCG,HTO_C,1,singlet,1900
GGTGTTACAATGTTGC,HTO_A,1,singlet,992
GGTGTTACACAGCGTC,multiplet,3,multiplet,1640
GGTGTTACAGCCAGAA,HTO_B,1,singlet,883
GGTGTTACAGTCGATT,HTO_B,1,singlet,1706
GGTGTTAGTACCGTAT,HTO_H,1,singlet,2765
GGTGTTAGTAGAGTGC,multiplet,3,multiplet,2828
GGTGTTAGTAGCGTGA,HTO_G,1,singlet,3219
GGTGTTAGTAGGGTAC,HTO_A,1,singlet,1478
GGTGTTAGTAGTGAAT,HTO_B,1,singlet,1612
GGTGTTAGTCCTCCAT,HTO_H,1,singlet,847
GGTGTTAGTGCCTGTG,HTO_C,1,singlet,1129
GGTGTTAGTGGCAAAC,HTO_F,1,singlet,734
GGTGTTAGTTCCCTTG,HTO_A,1,singlet,1194
GGTGTTAGTTCTCATT,HTO_C,1,singlet,744
GGTGTTAGTTGACGTT,HTO_G,1,singlet,983
GGTGTTAGTTGGTTTG,HTO_A,1,singlet,392
GGTGTTAGTTTCGCTC,HTO_A,1,singlet,1159
GGTGTTATCAGAGACG,multiplet,2,multiplet,2273
GGTGTTATCAGTCAGT,multiplet,2,multiplet,1636
GGTGTTATCAGTGCAT,HTO_G,1,singlet,1428
GGTGTTATCCCAAGTA,multiplet,2,multiplet,2013
GGTGTTATCCGTACAA,HTO_A,1,singlet,1465
GGTGTTATCCGTAGGC,HTO_D,1,singlet,987
GGTGTTATCCTACAGA,negative,0,negative,171
GGTGTTATCGAGCCCA,HTO_C,1,singlet,1228
GGTGTTATCTGCGACG,HTO_F,1,singlet,967
GGTGTTATCTGCTTGC,HTO_A,1,singlet,2128
GTAACGTAGAATTCCC,HTO_C,1,singlet,695
GTAACGTAGACACGAC,HTO_D,1,singlet,2730
GTAACGTAGAGTACCG,multiplet,2,multiplet,2909
GTAACGTAGATGTGGC,HTO_H,1,singlet,2641
GTAACGTAGCGATAGC,HTO_A,1,singlet,333
GTAACGTAGCGATCCC,HTO_A,1,singlet,1797
GTAACGTAGGAATTAC,HTO_A,1,singlet,2724
GTAACGTAGGAGCGTT,HTO_A,1,singlet,1681
GTAACGTAGGCTACGA,HTO_B,1,singlet,813
GTAACGTAGGTGTGGT,HTO_G,1,singlet,809
GTAACGTAGTCGTACT,HTO_C,1,singlet,1854
GTAACGTCAATACGCT,HTO_B,1,singlet,1195
GTAACGTCACAACGCC,multiplet,2,multiplet,2175
GTAACGTCACAGACTT,HTO_C,1,singlet,641
GTAACGTCACTCTGTC,HTO_F,1,singlet,1144
GTAACGTCAGTCCTTC,multiplet,2,multiplet,1627
GTAACGTCATCTGGTA,HTO_G,1,singlet,1251
GTAACGTCATGCATGT,multiplet,2,multiplet,8434
GTAACGTCATGCTAGT,HTO_F,1,singlet,2024
GTAACGTCATGTCGAT,HTO_F,1,singlet,660
GTAACGTCATTTCACT,HTO_A,1,singlet,1067
GTAACGTGTAGCTTGT,HTO_H,1,singlet,579
GTAACGTGTCGCTTCT,HTO_G,1,singlet,711
GTAACGTGTCTGCCAG,HTO_G,1,singlet,479
GTAACGTGTGATAAAC,HTO_C,1,singlet,692
GTAACGTGTGTTCGAT,HTO_F,1,singlet,986
GTAACGTGTTACGTCA,HTO_F,1,singlet,1442
GTAACGTTCACGATGT,HTO_B,1,singlet,2241
GTAACGTTCCAAATGC,HTO_B,1,singlet,967
GTAACGTTCCACGAAT,HTO_C,1,singlet,505
GTAACGTTCCTGCTTG,HTO_B,1,singlet,3864
GTAACGTTCGAACGGA,multiplet,2,multiplet,1138
GTAACGTTCGGCTACG,multiplet,2,multiplet,3541
GTAACGTTCTGCCCTA,multiplet,2,multiplet,1314
GTAACGTTCTTCCTTC,HTO_F,1,singlet,2826
GTAACTGAGACAAAGG,HTO_H,1,singlet,1262
GTAACTGAGACCTTTG,HTO_B,1,singlet,3699
GTAACTGAGATATGGT,HTO_C,1,singlet,957
GTAACTGAGTTGAGAT,HTO_G,1,singlet,3122
GTAACTGAGTTGCAGG,HTO_C,1,singlet,1025
GTAACTGCAAGTACCT,HTO_H,1,singlet,1378
GTAACTGCAATGTAAG,HTO_A,1,singlet,3997
GTAACTGCACCGGAAA,HTO_A,1,singlet,851
GTAACTGCACGGACAA,HTO_C,1,singlet,1932
GTAACTGCAGGTCCAC,HTO_F,1,singlet,2463
GTAACTGCATATGAGA,HTO_G,1,singlet,658
GTAACTGCATATGCTG,multiplet,2,multiplet,3042
GTAACTGCATCCTAGA,HTO_B,1,singlet,1101
GTAACTGGTACCGTTA,HTO_G,1,singlet,1353
GTAACTGGTAGCTTGT,HTO_F,1,singlet,606
GTAACTGGTAGGGACT,HTO_A,1,singlet,1493
GTAACTGGTATCGCAT,HTO_B,1,singlet,989
GTAACTGGTCAGTGGA,multiplet,2,multiplet,723
GTAACTGGTGTTTGTG,HTO_G,1,singlet,469
GTAACTGGTTATCACG,HTO_H,1,singlet,2985
GTAACTGTCACAATGC,HTO_D,1,singlet,1732
GTAACTGTCACAGTAC,HTO_A,1,singlet,3512
GTAACTGTCAGTCAGT,HTO_B,1,singlet,1892
GTAACTGTCCCATTAT,HTO_H,1,singlet,3980
GTAACTGTCCCGGATG,HTO_B,1,singlet,799
GTAACTGTCTAACTCT,HTO_F,1,singlet,549
GTAACTGTCTCGATGA,HTO_B,1,singlet,3581
GTAACTGTCTTCCTTC,HTO_B,1,singlet,2919
GTACGTAAGCGGCTTC,HTO_E,1,singlet,1608
GTACGTAAGTCAATAG,multiplet,2,multiplet,2153
GTACGTACAACAACCT,HTO_F,1,singlet,692
GTACGTACAAGAGGCT,HTO_F,1,singlet,426
GTACGTACAAGTACCT,HTO_C,1,singlet,639
GTACGTACACATGGGA,HTO_C,1,singlet,3351
GTACGTACACCTGGTG,multiplet,2,multiplet,6493
GTACGTACAGAAGCAC,HTO_F,1,singlet,521
GTACGTACAGCTTAAC,HTO_C,1,singlet,927
GTACGTACAGTGACAG,multiplet,2,multiplet,3343
GTACGTACATAAAGGT,HTO_D,1,singlet,1388
GTACGTACATAAGACA,HTO_F,1,singlet,1956
GTACGTACATCCGGGT,HTO_A,1,singlet,1257
GTACGTACATCCTAGA,multiplet,2,multiplet,5602
GTACGTACATCTATGG,HTO_A,1,singlet,654
GTACGTACATGACGGA,HTO_A,1,singlet,497
GTACGTAGTAATTGGA,HTO_E,1,singlet,989
GTACGTAGTAGCCTCG,multiplet,2,multiplet,1058
GTACGTAGTCGAATCT,HTO_C,1,singlet,2887
GTACGTAGTCGACTGC,HTO_H,1,singlet,799
GTACGTAGTCGTGGCT,HTO_B,1,singlet,790
GTACGTAGTCTAGGTT,multiplet,2,multiplet,1539
GTACGTAGTCTGCAAT,HTO_A,1,singlet,1733
GTACGTAGTCTTCTCG,HTO_F,1,singlet,3814
GTACGTAGTGAGGCTA,HTO_E,1,singlet,6745
GTACGTAGTGTTGGGA,multiplet,2,multiplet,1629
GTACGTAGTTAAGATG,HTO_H,1,singlet,993
GTACGTAGTTACCGAT,HTO_G,1,singlet,1804
GTACGTATCAAAGTAG,HTO_A,1,singlet,328
GTACGTATCAACACAC,HTO_F,1,singlet,1824
GTACGTATCAACGCTA,HTO_H,1,singlet,463
GTACGTATCAAGCCTA,multiplet,2,multiplet,1710
GTACGTATCACTTCAT,HTO_H,1,singlet,881
GTACGTATCATACGGT,HTO_A,1,singlet,719
GTACGTATCATTATCC,HTO_G,1,singlet,1177
GTACGTATCCCAACGG,HTO_A,1,singlet,1628
GTACGTATCGCCTGTT,HTO_B,1,singlet,999
GTACGTATCGGGAGTA,HTO_D,1,singlet,5456
GTACGTATCGTCCAGG,HTO_B,1,singlet,975
GTACGTATCTATCCCG,HTO_B,1,singlet,761
GTACGTATCTGTTTGT,multiplet,2,multiplet,1685
GTACGTATCTTAACCT,HTO_B,1,singlet,3507
GTACGTATCTTATCTG,multiplet,3,multiplet,3864
GTACTCCAGCGATTCT,HTO_B,1,singlet,2640
GTACTCCAGCTCAACT,HTO_A,1,singlet,1000
GTACTCCAGGAGCGTT,HTO_B,1,singlet,963
GTACTCCAGGGTTTCT,HTO_B,1,singlet,317
GTACTCCAGGTGATAT,HTO_D,1,singlet,1255
GTACTCCAGTACCGGA,HTO_E,1,singlet,915
GTACTCCAGTTCGCAT,HTO_F,1,singlet,251
GTACTCCAGTTGCAGG,HTO_E,1,singlet,1501
GTACTCCCAACGATCT,HTO_G,1,singlet,843
GTACTCCCAAGCGTAG,HTO_H,1,singlet,1974
GTACTCCCAATAGCAA,HTO_C,1,singlet,631
GTACTCCCACACCGCA,HTO_H,1,singlet,779
GTACTCCCACGCGAAA,HTO_C,1,singlet,1193
GTACTCCCACTTGGAT,HTO_F,1,singlet,283
GTACTCCCAGCCTGTG,HTO_C,1,singlet,639
GTACTCCCAGCTGTAT,HTO_F,1,singlet,701
GTACTCCCATCACAAC,multiplet,2,multiplet,1737
GTACTCCCATGGGAAC,HTO_F,1,singlet,1273
GTACTCCCATTCACTT,HTO_A,1,singlet,365
GTACTCCCATTTCACT,HTO_D,1,singlet,3194
GTACTCCGTACTTAGC,HTO_D,1,singlet,1749
GTACTCCGTCTAAACC,HTO_D,1,singlet,1735
GTACTCCGTGAGTATA,HTO_B,1,singlet,854
GTACTCCGTGGCGAAT,multiplet,2,multiplet,3371
GTACTCCGTGTAATGA,HTO_C,1,singlet,850
GTACTCCTCAACTCTT,HTO_C,1,singlet,199
GTACTCCTCACAATGC,HTO_F,1,singlet,964
GTACTCCTCAGATAAG,HTO_C,1,singlet,508
GTACTCCTCGCGCCAA,HTO_D,1,singlet,1469
GTACTCCTCGGAAACG,HTO_E,1,singlet,1138
GTACTCCTCGGCCGAT,HTO_B,1,singlet,3934
GTACTCCTCGTTGACA,HTO_A,1,singlet,3393
GTACTCCTCTTCGGTC,HTO_A,1,singlet,611
GTACTTTAGACGCTTT,HTO_A,1,singlet,591
GTACTTTAGACTAAGT,multiplet,2,multiplet,969
GTACTTTAGAGCTGCA,HTO_D,1,singlet,1359
GTACTTTAGATGGCGT,HTO_G,1,singlet,321
GTACTTTAGCGTGAAC,multiplet,2,multiplet,7609
GTACTTTAGCTAGCCC,HTO_D,1,singlet,1186
GTACTTTAGTCTCCTC,multiplet,2,multiplet,1760
GTACTTTAGTGCCATT,HTO_E,1,singlet,1852
GTACTTTCAAGCCGTC,HTO_B,1,singlet,3611
GTACTTTCACATCCAA,HTO_G,1,singlet,601
GTACTTTCACCAGATT,HTO_D,1,singlet,1718
GTACTTTCACTTAAGC,multiplet,2,multiplet,2703
GTACTTTCATGCATGT,HTO_A,1,singlet,1124
GTACTTTCATTATCTC,HTO_B,1,singlet,1156
GTACTTTCATTGGGCC,HTO_D,1,singlet,947
GTACTTTGTAACGACG,HTO_B,1,singlet,717
GTACTTTGTAATCACC,multiplet,2,multiplet,1673
GTACTTTGTACGAAAT,HTO_H,1,singlet,3319
GTACTTTGTAGCGTCC,multiplet,2,multiplet,3933
GTACTTTGTATAATGG,HTO_A,1,singlet,764
GTACTTTGTCACACGC,multiplet,2,multiplet,2662
GTACTTTGTCCAAGTT,HTO_A,1,singlet,2578
GTACTTTGTCCTCTTG,HTO_H,1,singlet,498
GTACTTTGTCTAAAGA,HTO_D,1,singlet,871
GTACTTTGTTCCACGG,HTO_D,1,singlet,2397
GTACTTTGTTGCCTCT,HTO_B,1,singlet,894
GTACTTTGTTGTCTTT,HTO_A,1,singlet,958
GTACTTTTCACCACCT,HTO_G,1,singlet,702
GTACTTTTCACTGGGC,HTO_E,1,singlet,579
GTACTTTTCCTTGCCA,multiplet,2,multiplet,337
GTACTTTTCGGCTACG,HTO_G,1,singlet,1262
GTAGGCCAGAACAACT,multiplet,2,multiplet,1452
GTAGGCCAGAAGCCCA,HTO_G,1,singlet,375
GTAGGCCAGACAAGCC,HTO_H,1,singlet,3161
GTAGGCCAGCAGCGTA,HTO_F,1,singlet,3178
GTAGGCCAGCCAGGAT,HTO_A,1,singlet,850
GTAGGCCAGCCATCGC,HTO_H,1,singlet,2612
GTAGGCCAGCCGGTAA,HTO_G,1,singlet,912
GTAGGCCAGCGATAGC,HTO_D,1,singlet,1782
GTAGGCCAGCTAAACA,HTO_E,1,singlet,509
GTAGGCCAGGATGGAA,HTO_B,1,singlet,1020
GTAGGCCAGTACGACG,HTO_G,1,singlet,1281
GTAGGCCAGTATTGGA,HTO_F,1,singlet,439
GTAGGCCAGTTCGCAT,HTO_E,1,singlet,1950
GTAGGCCCAAACCTAC,HTO_E,1,singlet,2289
GTAGGCCCAAGAGTCG,HTO_B,1,singlet,1382
GTAGGCCCACAACGCC,HTO_C,1,singlet,821
GTAGGCCCACCCTATC,HTO_B,1,singlet,2297
GTAGGCCCACGGTTTA,HTO_H,1,singlet,2042
GTAGGCCCACTGCCAG,HTO_C,1,singlet,763
GTAGGCCCATCAGTAC,multiplet,2,multiplet,2755
GTAGGCCCATGCAACT,HTO_D,1,singlet,809
GTAGGCCCATTCCTCG,multiplet,2,multiplet,5400
GTAGGCCGTACCGGCT,multiplet,2,multiplet,3152
GTAGGCCGTATCTGCA,multiplet,2,multiplet,1167
GTAGGCCGTCCATGAT,HTO_E,1,singlet,2229
GTAGGCCGTCTTCGTC,HTO_H,1,singlet,2954
GTAGGCCGTGCATCTA,multiplet,2,multiplet,1371
GTAGGCCGTTAGTGGG,HTO_H,1,singlet,1477
GTAGGCCGTTATTCTC,HTO_G,1,singlet,711
GTAGGCCGTTCTGTTT,HTO_G,1,singlet,905
GTAGGCCGTTGGGACA,HTO_H,1,singlet,2918
GTAGGCCTCACCAGGC,multiplet,2,multiplet,2691
GTAGGCCTCATGTCCC,HTO_G,1,singlet,364
GTAGGCCTCCAAAGTC,multiplet,2,multiplet,2366
GTAGGCCTCCACTGGG,multiplet,2,multiplet,10774
GTAGGCCTCCTTGCCA,multiplet,2,multiplet,12925
GTAGGCCTCGGACAAG,HTO_G,1,singlet,892
GTAGGCCTCGGATGGA,HTO_E,1,singlet,3012
GTAGGCCTCGTGGGAA,HTO_F,1,singlet,747
GTAGGCCTCTAACTCT,HTO_H,1,singlet,3842
GTAGGCCTCTTAGAGC,HTO_E,1,singlet,875
GTAGTCAAGAATGTTG,multiplet,2,multiplet,5123
GTAGTCAAGAGTTGGC,HTO_B,1,singlet,2682
GTAGTCAAGCGTTCCG,HTO_G,1,singlet,1444
GTAGTCAAGGCTAGCA,HTO_B,1,singlet,709
GTAGTCAAGTAATCCC,HTO_G,1,singlet,783
GTAGTCAAGTACGATA,HTO_D,1,singlet,1559
GTAGTCAAGTGCCAGA,HTO_F,1,singlet,900
GTAGTCACAAGCCTAT,HTO_B,1,singlet,605
GTAGTCACAATGGATA,HTO_F,1,singlet,1048
GTAGTCACACAGACTT,HTO_B,1,singlet,2117
GTAGTCACACGAAAGC,HTO_H,1,singlet,1933
GTAGTCACAGGGAGAG,HTO_C,1,singlet,667
GTAGTCACAGTAACGG,HTO_H,1,singlet,1915
GTAGTCACAGTCAGCC,HTO_C,1,singlet,475
GTAGTCACATACTCTT,HTO_E,1,singlet,2513
GTAGTCACATCAGTAC,HTO_H,1,singlet,1106
GTAGTCACATTATCTC,HTO_D,1,singlet,5214
GTAGTCAGTACGAAAT,HTO_E,1,singlet,787
GTAGTCAGTCTCACCT,HTO_B,1,singlet,1905
GTAGTCAGTCTCCATC,HTO_H,1,singlet,1619
GTAGTCAGTCTCTTTA,HTO_H,1,singlet,1328
GTAGTCAGTTCTGTTT,HTO_C,1,singlet,1969
GTAGTCATCAACACAC,HTO_D,1,singlet,3810
GTAGTCATCATTATCC,HTO_B,1,singlet,3870
GTAGTCATCCCAAGTA,HTO_B,1,singlet,3277
GTAGTCATCCTTTACA,HTO_F,1,singlet,899
GTAGTCATCGCCAGCA,HTO_E,1,singlet,855
GTAGTCATCTGGAGCC,multiplet,2,multiplet,5092
GTAGTCATCTTTACAC,HTO_A,1,singlet,2080
GTATCTTAGAGCTGCA,HTO_H,1,singlet,1726
GTATCTTAGATGTAAC,multiplet,4,multiplet,4068
GTATCTTAGCATCATC,HTO_D,1,singlet,2116
GTATCTTAGCCAGGAT,HTO_D,1,singlet,1242
GTATCTTAGCGATATA,multiplet,2,multiplet,7571
GTATCTTAGGAGTAGA,HTO_B,1,singlet,1501
GTATCTTAGGAGTTGC,HTO_G,1,singlet,1356
GTATCTTAGTGAAGTT,HTO_C,1,singlet,347
GTATCTTCAATAACGA,HTO_B,1,singlet,1059
GTATCTTCAATACGCT,HTO_H,1,singlet,1082
GTATCTTCAATGGTCT,multiplet,2,multiplet,2675
GTATCTTCACCTCGTT,HTO_G,1,singlet,1225
GTATCTTCAGGATTGG,HTO_D,1,singlet,1973
GTATCTTCATCACGAT,HTO_H,1,singlet,677
GTATCTTCATCGGACC,multiplet,2,multiplet,3396
GTATCTTCATTCCTGC,HTO_H,1,singlet,2514
GTATCTTCATTTGCTT,HTO_F,1,singlet,1631
GTATCTTGTAGGGACT,HTO_F,1,singlet,1239
GTATCTTGTCTAGCGC,HTO_H,1,singlet,757
GTATCTTGTGCAGGTA,HTO_H,1,singlet,693
GTATCTTGTGTGCCTG,HTO_H,1,singlet,901
GTATCTTGTTAAGATG,HTO_B,1,singlet,899
GTATCTTGTTCATGGT,HTO_B,1,singlet,907
GTATCTTTCAACGAAA,HTO_F,1,singlet,1459
GTATCTTTCAAGATCC,HTO_A,1,singlet,1447
GTATCTTTCAGTACGT,HTO_F,1,singlet,1131
GTATCTTTCAGTGCAT,HTO_E,1,singlet,2288
GTATCTTTCCGCATCT,HTO_H,1,singlet,545
GTATCTTTCCGCGGTA,HTO_H,1,singlet,740
GTATCTTTCCTCTAGC,HTO_H,1,singlet,2821
GTATCTTTCCTGTACC,HTO_A,1,singlet,427
GTATCTTTCCTTCAAT,HTO_C,1,singlet,732
GTATCTTTCGACAGCC,HTO_D,1,singlet,4562
GTATCTTTCGTGGACC,multiplet,2,multiplet,3629
GTATCTTTCTGCGACG,HTO_B,1,singlet,1061
GTATCTTTCTTGTCAT,HTO_H,1,singlet,704
GTATCTTTCTTTAGTC,HTO_B,1,singlet,1124
GTATTCTAGACTACAA,HTO_F,1,singlet,937
GTATTCTAGAGGGATA,HTO_A,1,singlet,2981
GTATTCTAGCATCATC,HTO_C,1,singlet,624
GTATTCTAGCCCAACC,HTO_B,1,singlet,2475
GTATTCTAGCTATGCT,HTO_G,1,singlet,1488
GTATTCTAGGACAGAA,HTO_B,1,singlet,1385
GTATTCTAGTGTGAAT,HTO_E,1,singlet,1480
GTATTCTCAAACCTAC,HTO_E,1,singlet,4148
GTATTCTCAAAGAATC,HTO_C,1,singlet,2007
GTATTCTCAACCGCCA,HTO_A,1,singlet,1194
GTATTCTCAAGCCTAT,HTO_H,1,singlet,671
GTATTCTCACCAGGTC,HTO_G,1,singlet,872
GTATTCTCAGCGTAAG,HTO_D,1,singlet,1837
GTATTCTCATGGTAGG,HTO_H,1,singlet,1272
GTATTCTCATGGTCAT,HTO_B,1,singlet,3922
GTATTCTCATGTAGTC,HTO_F,1,singlet,1946
GTATTCTGTATATGAG,HTO_E,1,singlet,1172
GTATTCTGTATCAGTC,HTO_D,1,singlet,2889
GTATTCTGTCCGTTAA,HTO_A,1,singlet,1069
GTATTCTGTCTCACCT,HTO_D,1,singlet,1083
GTATTCTGTGAAAGAG,HTO_A,1,singlet,220
GTATTCTGTGCCTGGT,HTO_B,1,singlet,1762
GTATTCTGTGTCGCTG,HTO_H,1,singlet,385
GTATTCTGTTAGTGGG,HTO_G,1,singlet,576
GTATTCTGTTTGGGCC,multiplet,2,multiplet,4548
GTATTCTTCCACTGGG,HTO_B,1,singlet,1150
GTATTCTTCCAGGGCT,HTO_B,1,singlet,2888
GTATTCTTCCCTCTTT,HTO_H,1,singlet,3406
GTATTCTTCGGCTACG,HTO_F,1,singlet,420
GTATTCTTCTGTTTGT,HTO_A,1,singlet,268
GTCAAGTAGAACTCGG,HTO_B,1,singlet,651
GTCAAGTAGACCCACC,HTO_F,1,singlet,1956
GTCAAGTAGACGCAAC,HTO_A,1,singlet,2692
GTCAAGTAGACTGTAA,HTO_B,1,singlet,532
GTCAAGTAGATCTGCT,multiplet,2,multiplet,1432
GTCAAGTAGCCAGAAC,multiplet,2,multiplet,1801
GTCAAGTAGCCCAACC,HTO_E,1,singlet,432
GTCAAGTAGCCCAGCT,HTO_D,1,singlet,2070
GTCAAGTAGCGATTCT,multiplet,3,multiplet,6500
GTCAAGTAGCTATGCT,HTO_B,1,singlet,923
GTCAAGTAGGACACCA,HTO_H,1,singlet,1157
GTCAAGTAGGTTCCTA,HTO_G,1,singlet,2148
GTCAAGTAGTATTGGA,HTO_A,1,singlet,1885
GTCAAGTCAATCCAAC,multiplet,2,multiplet,2929
GTCAAGTCAATGGAGC,HTO_G,1,singlet,3157
GTCAAGTCACCACCAG,multiplet,2,multiplet,1253
GTCAAGTCAGATGGCA,HTO_D,1,singlet,5959
GTCAAGTCATCACGTA,HTO_E,1,singlet,1991
GTCAAGTCATGTCGAT,HTO_D,1,singlet,2180
GTCAAGTGTCAATACC,HTO_D,1,singlet,4050
GTCAAGTGTGCAACTT,HTO_G,1,singlet,1897
GTCAAGTGTGCACGAA,HTO_F,1,singlet,805
GTCAAGTGTGGTTTCA,multiplet,2,multiplet,2063
GTCAAGTGTTACGACT,HTO_A,1,singlet,603
GTCAAGTGTTCATGGT,HTO_A,1,singlet,551
GTCAAGTGTTTCCACC,HTO_C,1,singlet,1181
GTCAAGTTCACATGCA,HTO_G,1,singlet,808
GTCAAGTTCACGAAGG,multiplet,2,multiplet,1400
GTCAAGTTCATCTGCC,HTO_G,1,singlet,2423
GTCAAGTTCCAATGGT,HTO_E,1,singlet,1285
GTCAAGTTCCTCCTAG,HTO_C,1,singlet,1180
GTCAAGTTCGAGGTAG,HTO_B,1,singlet,1553
GTCAAGTTCTGTCAAG,HTO_C,1,singlet,1196
GTCACAAAGACTTGAA,multiplet,2,multiplet,2728
GTCACAAAGAGGTAGA,multiplet,3,multiplet,6307
GTCACAAAGATAGGAG,HTO_H,1,singlet,806
GTCACAAAGCATGGCA,HTO_A,1,singlet,1170
GTCACAAAGCGACGTA,HTO_D,1,singlet,1471
GTCACAAAGCGAGAAA,HTO_D,1,singlet,1910
GTCACAAAGCGTAATA,HTO_E,1,singlet,2748
GTCACAAAGCTCCTCT,multiplet,3,multiplet,5040
GTCACAAAGGCTATCT,HTO_G,1,singlet,2332
GTCACAAAGGGAACGG,HTO_B,1,singlet,3271
GTCACAAAGTACGACG,HTO_B,1,singlet,1399
GTCACAAAGTAGGTGC,HTO_F,1,singlet,1858
GTCACAACAAACGCGA,HTO_D,1,singlet,1206
GTCACAACAAAGTCAA,HTO_G,1,singlet,1744
GTCACAACAACACCCG,multiplet,2,multiplet,2416
GTCACAACAAGGTTTC,HTO_C,1,singlet,1947
GTCACAACAATCTACG,HTO_H,1,singlet,623
GTCACAACACAAGACG,multiplet,2,multiplet,2708
GTCACAACACCAGGCT,multiplet,2,multiplet,1066
GTCACAACACGTTGGC,multiplet,2,multiplet,3392
GTCACAACAGCCTGTG,HTO_C,1,singlet,528
GTCACAACAGTCAGAG,HTO_H,1,singlet,969
GTCACAACAGTGACAG,HTO_H,1,singlet,898
GTCACAACATCCGTGG,HTO_B,1,singlet,889
GTCACAACATTAGGCT,HTO_C,1,singlet,855
GTCACAAGTAAAGTCA,HTO_H,1,singlet,754
GTCACAAGTACCGTTA,HTO_A,1,singlet,614
GTCACAAGTATATGAG,multiplet,2,multiplet,1599
GTCACAAGTATATGGA,HTO_C,1,singlet,835
GTCACAAGTATTAGCC,HTO_F,1,singlet,439
GTCACAAGTCCGTGAC,HTO_G,1,singlet,609
GTCACAAGTCTCTCGT,HTO_F,1,singlet,1167
GTCACAAGTTAAAGAC,HTO_H,1,singlet,816
GTCACAAGTTACCAGT,HTO_G,1,singlet,2202
GTCACAAGTTCGGGCT,HTO_G,1,singlet,1773
GTCACAAGTTTCCACC,HTO_B,1,singlet,387
GTCACAATCATGTAGC,HTO_E,1,singlet,739
GTCACAATCATTGCGA,HTO_B,1,singlet,5651
GTCACAATCCAATGGT,HTO_A,1,singlet,2786
GTCACAATCCCATTTA,HTO_B,1,singlet,2862
GTCACAATCGCGTAGC,HTO_F,1,singlet,326
GTCACAATCGTACCGG,HTO_F,1,singlet,2371
GTCACAATCTCGTTTA,HTO_B,1,singlet,4555
GTCACAATCTGCAGTA,HTO_A,1,singlet,602
GTCACAATCTGCCCTA,HTO_F,1,singlet,292
GTCACAATCTGGAGCC,HTO_D,1,singlet,3913
GTCACGGAGACCACGA,HTO_C,1,singlet,762
GTCACGGAGACTTGAA,multiplet,2,multiplet,1702
GTCACGGAGATGGCGT,multiplet,2,multiplet,2874
GTCACGGAGATTACCC,multiplet,2,multiplet,449
GTCACGGAGCAACGGT,HTO_E,1,singlet,1952
GTCACGGAGCCCAGCT,HTO_E,1,singlet,791
GTCACGGAGCGCCTTG,HTO_H,1,singlet,1124
GTCACGGAGTCGAGTG,HTO_E,1,singlet,2722
GTCACGGAGTGAAGAG,HTO_A,1,singlet,929
GTCACGGAGTGTCTCA,multiplet,2,multiplet,2588
GTCACGGAGTTAACGA,HTO_F,1,singlet,816
GTCACGGCAAATCCGT,HTO_G,1,singlet,1392
GTCACGGCAAGCCCAC,multiplet,2,multiplet,1492
GTCACGGCAAGCCGCT,HTO_E,1,singlet,3495
GTCACGGCACGAGGTA,HTO_E,1,singlet,1026
GTCACGGCAGTCGATT,multiplet,2,multiplet,3110
GTCACGGCATTGGTAC,multiplet,2,multiplet,4058
GTCACGGGTCCAAGTT,multiplet,2,multiplet,1607
GTCACGGGTCTCACCT,HTO_B,1,singlet,2227
GTCACGGGTGACAAAT,HTO_G,1,singlet,1316
GTCACGGGTGGCGAAT,HTO_B,1,singlet,1191
GTCACGGGTTCAGGCC,HTO_A,1,singlet,1635
GTCACGGGTTTGACTG,HTO_D,1,singlet,5922
GTCACGGTCCGAAGAG,HTO_A,1,singlet,185
GTCACGGTCCTTTCTC,multiplet,2,multiplet,1936
GTCACGGTCGACGGAA,HTO_H,1,singlet,524
GTCACGGTCGAGAACG,HTO_B,1,singlet,2804
GTCACGGTCTACGAGT,HTO_E,1,singlet,1867
GTCACGGTCTTTAGTC,multiplet,2,multiplet,3861
GTCATTTAGAATAGGG,HTO_H,1,singlet,814
GTCATTTAGACTAGAT,HTO_C,1,singlet,1656
GTCATTTAGAGCAATT,HTO_B,1,singlet,1113
GTCATTTAGATGCCTT,multiplet,4,multiplet,6774
GTCATTTAGCCACGTC,HTO_F,1,singlet,1510
GTCATTTAGCCCTAAT,HTO_A,1,singlet,1031
GTCATTTAGCGACGTA,HTO_A,1,singlet,2275
GTCATTTAGGCATTGG,HTO_E,1,singlet,1084
GTCATTTAGGCTAGAC,HTO_B,1,singlet,3142
GTCATTTAGTGCAAGC,HTO_F,1,singlet,1139
GTCATTTCAAAGGCGT,HTO_A,1,singlet,3071
GTCATTTCAATGAATG,HTO_B,1,singlet,997
GTCATTTCAGCCAGAA,HTO_G,1,singlet,679
GTCATTTCAGGAATCG,HTO_D,1,singlet,4595
GTCATTTCATCGGTTA,HTO_A,1,singlet,1930
GTCATTTCATGCCTAA,HTO_G,1,singlet,2757
GTCATTTCATTCCTGC,HTO_H,1,singlet,859
GTCATTTCATTGGGCC,HTO_D,1,singlet,2423
GTCATTTGTAGCGTAG,HTO_D,1,singlet,3780
GTCATTTGTCAAAGCG,HTO_A,1,singlet,589
GTCATTTGTCGTCTTC,multiplet,2,multiplet,1012
GTCATTTGTCTACCTC,HTO_C,1,singlet,1335
GTCATTTGTCTGCAAT,multiplet,2,multiplet,4456
GTCATTTGTCTTTCAT,HTO_E,1,singlet,1105
GTCATTTGTGCGATAG,multiplet,2,multiplet,5957
GTCATTTGTTTCCACC,multiplet,2,multiplet,1005
GTCATTTTCAATCACG,multiplet,3,multiplet,4126
GTCATTTTCAGTACGT,HTO_H,1,singlet,859
GTCATTTTCCGAACGC,HTO_H,1,singlet,517
GTCATTTTCCTTTACA,HTO_A,1,singlet,798
GTCATTTTCGAATGCT,HTO_F,1,singlet,458
GTCATTTTCGTACCGG,HTO_B,1,singlet,951
GTCATTTTCTCCAGGG,HTO_B,1,singlet,1025
GTCATTTTCTCGAGTA,HTO_G,1,singlet,1523
GTCATTTTCTTGTATC,HTO_F,1,singlet,1100
GTCCTCAAGAAGATTC,HTO_B,1,singlet,1495
GTCCTCAAGACCGGAT,HTO_C,1,singlet,718
GTCCTCAAGAGTCGGT,HTO_G,1,singlet,1195
GTCCTCAAGCAACGGT,HTO_D,1,singlet,1430
GTCCTCAAGCTGATAA,multiplet,2,multiplet,5897
GTCCTCAAGCTGTCTA,HTO_E,1,singlet,976
GTCCTCAAGGACTGGT,HTO_E,1,singlet,1896
GTCCTCAAGGCATGGT,HTO_B,1,singlet,3519
GTCCTCAAGTTCGCAT,HTO_G,1,singlet,4951
GTCCTCAAGTTGTAGA,multiplet,2,multiplet,1373
GTCCTCACAAAGGAAG,HTO_G,1,singlet,910
GTCCTCACACCATCCT,HTO_D,1,singlet,986
GTCCTCACACCGAATT,HTO_E,1,singlet,4363
GTCCTCACAGAGTGTG,HTO_E,1,singlet,2184
GTCCTCACAGCTCCGA,HTO_D,1,singlet,1891
GTCCTCACAGCTGTTA,HTO_C,1,singlet,734
GTCCTCACAGTGGGAT,HTO_B,1,singlet,642
GTCCTCACATATGAGA,HTO_D,1,singlet,1897
GTCCTCACATTGAGCT,multiplet,2,multiplet,1153
GTCCTCACATTTGCCC,HTO_A,1,singlet,1206
GTCCTCAGTAAAGTCA,HTO_B,1,singlet,3218
GTCCTCAGTAGCGTAG,HTO_G,1,singlet,1421
GTCCTCAGTCTTCAAG,HTO_F,1,singlet,789
GTCCTCAGTGATAAGT,HTO_A,1,singlet,2315
GTCCTCAGTGCGCTTG,HTO_B,1,singlet,1562
GTCCTCATCAATACCG,HTO_B,1,singlet,1790
GTCCTCATCAGAGCTT,HTO_G,1,singlet,1354
GTCCTCATCCGCGCAA,HTO_D,1,singlet,2351
GTCCTCATCCGGCACA,multiplet,2,multiplet,722
GTCCTCATCCGTTGCT,HTO_C,1,singlet,583
GTCCTCATCCTTGGTC,HTO_F,1,singlet,2059
GTCCTCATCTATCCCG,HTO_A,1,singlet,1854
GTCCTCATCTGGTATG,HTO_F,1,singlet,446
GTCCTCATCTTTAGTC,HTO_B,1,singlet,3500
GTCGGGTAGAGACTTA,HTO_H,1,singlet,202
GTCGGGTAGAGATGAG,HTO_G,1,singlet,60
GTCGGGTAGCTAAGAT,HTO_E,1,singlet,60
GTCGGGTAGGACAGCT,multiplet,2,multiplet,154
GTCGGGTAGGACGAAA,HTO_G,1,singlet,54
GTCGGGTCAAACCTAC,HTO_B,1,singlet,458
GTCGGGTCAATACGCT,HTO_D,1,singlet,1437
GTCGGGTCAATGTAAG,HTO_E,1,singlet,1058
GTCGGGTCATAGACTC,HTO_G,1,singlet,2442
GTCGGGTCATCGTCGG,HTO_A,1,singlet,297
GTCGGGTCATGAGCGA,HTO_D,1,singlet,1804
GTCGGGTGTAGAAAGG,HTO_C,1,singlet,922
GTCGGGTGTCTCTTAT,multiplet,2,multiplet,1189
GTCGGGTGTGAGGGTT,HTO_E,1,singlet,984
GTCGGGTGTGATGATA,HTO_H,1,singlet,1412
GTCGGGTGTTCAGACT,HTO_G,1,singlet,911
GTCGGGTGTTCCTCCA,HTO_C,1,singlet,990
GTCGGGTGTTGTGGAG,HTO_G,1,singlet,648
GTCGGGTTCAAGGCTT,HTO_C,1,singlet,555
GTCGGGTTCACTGGGC,multiplet,2,multiplet,4890
GTCGGGTTCAGTTCGA,HTO_D,1,singlet,3770
GTCGGGTTCATCATTC,HTO_A,1,singlet,224
GTCGGGTTCCATTCTA,HTO_A,1,singlet,736
GTCGGGTTCGTGGGAA,HTO_A,1,singlet,3851
GTCGGGTTCTGGCGAC,HTO_A,1,singlet,493
GTCGGGTTCTTTACGT,HTO_H,1,singlet,618
GTCGTAAAGAATTCCC,HTO_C,1,singlet,732
GTCGTAAAGAGTCGGT,HTO_E,1,singlet,626
GTCGTAAAGCTAACAA,multiplet,2,multiplet,1816
GTCGTAAAGCTCCTCT,HTO_G,1,singlet,560
GTCGTAAAGGCGTACA,HTO_D,1,singlet,878
GTCGTAAAGTCCTCCT,HTO_A,1,singlet,2420
GTCGTAAAGTGGACGT,HTO_E,1,singlet,562
GTCGTAAAGTTTAGGA,HTO_D,1,singlet,2055
GTCGTAACAAACCTAC,HTO_A,1,singlet,229
GTCGTAACACAAGCCC,HTO_B,1,singlet,366
GTCGTAACACCATCCT,HTO_D,1,singlet,833
GTCGTAACACCGCTAG,HTO_H,1,singlet,481
GTCGTAACACTCAGGC,HTO_F,1,singlet,525
GTCGTAACAGCGTCCA,multiplet,2,multiplet,467
GTCGTAACAGTTTACG,HTO_H,1,singlet,2191
GTCGTAACATACGCCG,multiplet,2,multiplet,644
GTCGTAACATCACGTA,multiplet,2,multiplet,1823
GTCGTAAGTACCGAGA,HTO_C,1,singlet,468
GTCGTAAGTATGAAAC,multiplet,2,multiplet,6265
GTCGTAAGTCCAGTAT,HTO_B,1,singlet,563
GTCGTAAGTCCGAGTC,HTO_F,1,singlet,781
GTCGTAAGTCGCTTTC,HTO_H,1,singlet,361
GTCGTAAGTTAAGGGC,multiplet,2,multiplet,1186
GTCGTAAGTTTGACAC,HTO_H,1,singlet,2576
GTCGTAATCACGACTA,HTO_B,1,singlet,839
GTCGTAATCACTTATC,HTO_F,1,singlet,665
GTCGTAATCAGTCAGT,HTO_B,1,singlet,1762
GTCGTAATCATAGCAC,HTO_B,1,singlet,633
GTCGTAATCTCCAACC,HTO_A,1,singlet,581
GTCGTAATCTCTGTCG,HTO_G,1,singlet,1304
GTCGTAATCTTAGAGC,HTO_A,1,singlet,1417
GTCTCGTAGAACAATC,HTO_H,1,singlet,602
GTCTCGTAGAGACTTA,HTO_E,1,singlet,711
GTCTCGTAGCAGCCTC,HTO_C,1,singlet,998
GTCTCGTAGCGAGAAA,HTO_D,1,singlet,904
GTCTCGTAGCTAGTCT,HTO_C,1,singlet,706
GTCTCGTAGGTACTCT,HTO_E,1,singlet,893
GTCTCGTCAAACGCGA,HTO_C,1,singlet,826
GTCTCGTCAAGAAGAG,HTO_G,1,singlet,2453
GTCTCGTCACAGCCCA,multiplet,2,multiplet,1102
GTCTCGTCACCGTTGG,HTO_E,1,singlet,497
GTCTCGTCACCTGGTG,HTO_A,1,singlet,2152
GTCTCGTCACCTTGTC,HTO_B,1,singlet,1314
GTCTCGTCACGGCGTT,HTO_C,1,singlet,788
GTCTCGTCAGTATGCT,HTO_G,1,singlet,525
GTCTCGTGTAATCACC,HTO_A,1,singlet,845
GTCTCGTGTATCTGCA,HTO_E,1,singlet,974
GTCTCGTGTCCAAGTT,HTO_C,1,singlet,704
GTCTCGTGTCTTGTCC,multiplet,3,multiplet,5285
GTCTCGTGTGTGGTTT,HTO_E,1,singlet,739
GTCTCGTGTGTTGAGG,HTO_D,1,singlet,1627
GTCTCGTTCACCATAG,HTO_A,1,singlet,717
GTCTCGTTCATCTGTT,HTO_D,1,singlet,774
GTCTCGTTCCAGTATG,HTO_B,1,singlet,979
GTCTCGTTCCGCGGTA,HTO_C,1,singlet,2592
GTCTCGTTCCGTAGGC,HTO_B,1,singlet,2511
GTCTCGTTCGGATGGA,HTO_B,1,singlet,2602
GTCTCGTTCTAACGGT,multiplet,2,multiplet,2558
GTCTCGTTCTCTAGGA,HTO_A,1,singlet,662
GTCTCGTTCTGGGCCA,HTO_E,1,singlet,537
GTCTTCGAGAGTAATC,HTO_C,1,singlet,811
GTCTTCGAGATAGTCA,HTO_D,1,singlet,4973
GTCTTCGAGCAAATCA,multiplet,2,multiplet,7599
GTCTTCGAGCGGATCA,HTO_B,1,singlet,3435
GTCTTCGAGCTGAAAT,multiplet,2,multiplet,1422
GTCTTCGAGGATGGAA,HTO_A,1,singlet,3564
GTCTTCGAGGCCATAG,HTO_G,1,singlet,1610
GTCTTCGAGGCTATCT,HTO_H,1,singlet,352
GTCTTCGAGTGAACGC,HTO_F,1,singlet,1965
GTCTTCGCAAACTGTC,HTO_D,1,singlet,996
GTCTTCGCAGATAATG,HTO_A,1,singlet,810
GTCTTCGCAGCATACT,HTO_A,1,singlet,1166
GTCTTCGCAGCTTAAC,HTO_A,1,singlet,1532
GTCTTCGCAGGGTACA,HTO_F,1,singlet,461
GTCTTCGCAGTGAGTG,HTO_H,1,singlet,372
GTCTTCGCATCCGCGA,HTO_F,1,singlet,1628
GTCTTCGCATGGGACA,HTO_C,1,singlet,1437
GTCTTCGGTACTCGCG,HTO_H,1,singlet,1139
GTCTTCGGTCAACTGT,HTO_H,1,singlet,1221
GTCTTCGGTTAAGATG,HTO_C,1,singlet,574
GTCTTCGGTTTGTTGG,HTO_D,1,singlet,2451
GTCTTCGTCAGAGCTT,HTO_G,1,singlet,1177
GTCTTCGTCAGGCGAA,HTO_H,1,singlet,275
GTCTTCGTCAGGTTCA,HTO_D,1,singlet,1380
GTCTTCGTCCTGCAGG,HTO_B,1,singlet,1345
GTCTTCGTCCTTAATC,HTO_B,1,singlet,4092
GTCTTCGTCGTAGGTT,multiplet,2,multiplet,2012
GTCTTCGTCTGCGACG,HTO_C,1,singlet,3033
GTGAAGGAGAATGTGT,multiplet,2,multiplet,7421
GTGAAGGAGACCGGAT,multiplet,2,multiplet,3593
GTGAAGGAGAGCAATT,multiplet,2,multiplet,3218
GTGAAGGAGAGTAAGG,multiplet,2,multiplet,4350
GTGAAGGAGCACCGTC,HTO_B,1,singlet,262
GTGAAGGAGCTCCTCT,HTO_A,1,singlet,702
GTGAAGGAGGCCATAG,HTO_A,1,singlet,1199
GTGAAGGAGGCCCTCA,multiplet,2,multiplet,982
GTGAAGGAGGCTAGGT,multiplet,2,multiplet,1855
GTGAAGGAGTACGCCC,HTO_G,1,singlet,1176
GTGAAGGAGTAGGCCA,HTO_A,1,singlet,831
GTGAAGGAGTCCATAC,HTO_A,1,singlet,967
GTGAAGGAGTGGGCTA,HTO_D,1,singlet,3675
GTGAAGGCAAACTGTC,HTO_H,1,singlet,4141
GTGAAGGCAACACCCG,HTO_C,1,singlet,1001
GTGAAGGCAATAGCAA,HTO_C,1,singlet,692
GTGAAGGCACAAGACG,HTO_F,1,singlet,400
GTGAAGGCAGCCTATA,HTO_F,1,singlet,1825
GTGAAGGCATGCGCAC,HTO_F,1,singlet,1125
GTGAAGGGTAGGACAC,HTO_C,1,singlet,833
GTGAAGGGTCTAGTGT,HTO_C,1,singlet,1832
GTGAAGGGTGTTGAGG,HTO_C,1,singlet,2322
GTGAAGGGTTGATTGC,HTO_G,1,singlet,281
GTGAAGGTCAGAAATG,HTO_C,1,singlet,949
GTGAAGGTCCCAAGTA,HTO_D,1,singlet,3663
GTGAAGGTCGCGTAGC,HTO_H,1,singlet,469
GTGCAGCAGACTGGGT,HTO_H,1,singlet,1427
GTGCAGCAGCAGATCG,HTO_D,1,singlet,2605
GTGCAGCAGCCAACAG,multiplet,2,multiplet,4844
GTGCAGCAGCGCTCCA,HTO_A,1,singlet,1102
GTGCAGCAGCGTTCCG,multiplet,2,multiplet,2073
GTGCAGCAGCTACCTA,HTO_C,1,singlet,704
GTGCAGCAGGACAGAA,HTO_E,1,singlet,1364
GTGCAGCAGGCTCATT,HTO_C,1,singlet,2386
GTGCAGCAGGTGACCA,HTO_H,1,singlet,6486
GTGCAGCAGTGACTCT,HTO_C,1,singlet,630
GTGCAGCAGTTCGCAT,HTO_E,1,singlet,872
GTGCAGCCAAGCCCAC,HTO_E,1,singlet,2054
GTGCAGCCAATAGAGT,multiplet,2,multiplet,5462
GTGCAGCCAATGGTCT,HTO_F,1,singlet,2993
GTGCAGCCACAAGACG,HTO_G,1,singlet,1167
GTGCAGCCACAGGCCT,HTO_D,1,singlet,1294
GTGCAGCCAGATAATG,HTO_G,1,singlet,4103
GTGCAGCCATTAGGCT,HTO_A,1,singlet,528
GTGCAGCGTAGAGCTG,HTO_H,1,singlet,240
GTGCAGCGTCACAAGG,HTO_H,1,singlet,1383
GTGCAGCGTCTAACGT,HTO_C,1,singlet,536
GTGCAGCGTGCCTGGT,HTO_H,1,singlet,1770
GTGCAGCGTGGGTATG,multiplet,2,multiplet,1932
GTGCAGCGTGTTGAGG,HTO_G,1,singlet,1381
GTGCAGCGTTCTGAAC,HTO_G,1,singlet,1680
GTGCAGCGTTTAGCTG,HTO_F,1,singlet,695
GTGCAGCTCAGGTTCA,HTO_A,1,singlet,890
GTGCAGCTCAGTCCCT,HTO_H,1,singlet,1211
GTGCAGCTCAGTTCGA,HTO_G,1,singlet,2440
GTGCAGCTCCCAACGG,HTO_H,1,singlet,501
GTGCAGCTCCTCAATT,HTO_G,1,singlet,1411
GTGCAGCTCGTTTATC,HTO_C,1,singlet,1711
GTGCAGCTCTCCAGGG,HTO_E,1,singlet,2789
GTGCAGCTCTCTTATG,HTO_F,1,singlet,907
GTGCAGCTCTGCCCTA,HTO_D,1,singlet,6422
GTGCAGCTCTTTACGT,HTO_C,1,singlet,1227
GTGCAGCTCTTTAGGG,HTO_G,1,singlet,3276
GTGCATAAGAAACGAG,HTO_D,1,singlet,3403
GTGCATAAGACCGGAT,multiplet,2,multiplet,6720
GTGCATAAGACTGGGT,HTO_D,1,singlet,2918
GTGCATAAGAGATGAG,HTO_A,1,singlet,3351
GTGCATAAGCCACGCT,HTO_A,1,singlet,3443
GTGCATAAGCTAACTC,HTO_G,1,singlet,939
GTGCATAAGCTACCGC,HTO_H,1,singlet,961
GTGCATAAGCTAGTGG,HTO_C,1,singlet,678
GTGCATAAGGAGTTGC,multiplet,2,multiplet,3316
GTGCATAAGGCACATG,HTO_A,1,singlet,2689
GTGCATAAGGGATGGG,HTO_F,1,singlet,841
GTGCATAAGTGACATA,HTO_F,1,singlet,687
GTGCATAAGTGTCCCG,HTO_C,1,singlet,711
GTGCATAAGTGTCTCA,HTO_B,1,singlet,599
GTGCATAAGTGTTTGC,HTO_G,1,singlet,1625
GTGCATACAATGAATG,HTO_H,1,singlet,1401
GTGCATACACATCCAA,HTO_H,1,singlet,760
GTGCATACACGGACAA,HTO_A,1,singlet,280
GTGCATACAGTCACTA,HTO_B,1,singlet,2628
GTGCATACATTTGCCC,multiplet,2,multiplet,6553
GTGCATAGTCTACCTC,multiplet,2,multiplet,3981
GTGCATAGTCTAGCCG,HTO_E,1,singlet,5171
GTGCATAGTCTCTCTG,HTO_F,1,singlet,591
GTGCATAGTGCTCTTC,HTO_B,1,singlet,2626
GTGCATAGTGTCAATC,multiplet,2,multiplet,2298
GTGCATAGTGTTGGGA,HTO_D,1,singlet,1528
GTGCATAGTTAAAGAC,HTO_B,1,singlet,582
GTGCATAGTTATCCGA,HTO_B,1,singlet,1593
GTGCATATCACAAACC,HTO_B,1,singlet,3280
GTGCATATCCAAGCCG,multiplet,2,multiplet,1378
GTGCATATCGCCAGCA,multiplet,2,multiplet,2051
GTGCGGTAGAATCTCC,HTO_H,1,singlet,945
GTGCGGTAGACACTAA,HTO_B,1,singlet,3330
GTGCGGTAGAGGTTAT,HTO_E,1,singlet,1290
GTGCGGTAGATCGGGT,HTO_E,1,singlet,1993
GTGCGGTAGCAGATCG,HTO_E,1,singlet,4082
GTGCGGTAGCGATGAC,HTO_B,1,singlet,1321
GTGCGGTAGCTTATCG,HTO_A,1,singlet,1115
GTGCGGTAGTTCGATC,multiplet,2,multiplet,2153
GTGCGGTAGTTGCAGG,HTO_H,1,singlet,1045
GTGCGGTCACCCATGG,HTO_F,1,singlet,702
GTGCGGTCAGTATAAG,HTO_G,1,singlet,521
GTGCGGTCATAGACTC,HTO_A,1,singlet,1627
GTGCGGTCATGGAATA,HTO_C,1,singlet,651
GTGCGGTCATTCGACA,HTO_H,1,singlet,1198
GTGCGGTGTAAATGTG,HTO_B,1,singlet,3819
GTGCGGTGTATGAATG,HTO_D,1,singlet,3526
GTGCGGTGTCAATACC,HTO_G,1,singlet,1214
GTGCGGTGTCAGAAGC,HTO_G,1,singlet,368
GTGCGGTGTCTTGTCC,HTO_D,1,singlet,1019
GTGCGGTGTGAGTATA,HTO_H,1,singlet,2380
GTGCGGTGTGCAGACA,HTO_H,1,singlet,725
GTGCGGTGTTGATTGC,HTO_E,1,singlet,817
GTGCGGTTCCAAGCCG,HTO_E,1,singlet,4242
GTGCGGTTCCGTACAA,HTO_B,1,singlet,898
GTGCGGTTCCTTTACA,HTO_B,1,singlet,1159
GTGCGGTTCGAATGCT,HTO_B,1,singlet,4543
GTGCGGTTCGCCAGCA,multiplet,2,multiplet,1208
GTGCGGTTCTACTCAT,HTO_G,1,singlet,391
GTGCTTCAGAAGAAGC,multiplet,2,multiplet,4318
GTGCTTCAGAAGGCCT,HTO_H,1,singlet,989
GTGCTTCAGACAGACC,multiplet,2,multiplet,2175
GTGCTTCAGCAATCTC,HTO_D,1,singlet,2476
GTGCTTCAGCATGGCA,multiplet,2,multiplet,4814
GTGCTTCAGCGGCTTC,HTO_B,1,singlet,3055
GTGCTTCAGTAGATGT,multiplet,2,multiplet,2724
GTGCTTCAGTGTCCCG,HTO_A,1,singlet,3431
GTGCTTCAGTGTGAAT,HTO_C,1,singlet,929
GTGCTTCCAAGCCGTC,HTO_G,1,singlet,1309
GTGCTTCCACCCATGG,HTO_C,1,singlet,846
GTGCTTCCACCGGAAA,HTO_G,1,singlet,1165
GTGCTTCCAGGATCGA,HTO_H,1,singlet,3469
GTGCTTCCATCCGCGA,multiplet,2,multiplet,2804
GTGCTTCCATCGGAAG,HTO_H,1,singlet,1360
GTGCTTCCATTCCTCG,HTO_H,1,singlet,7335
GTGCTTCGTGATGTGG,HTO_E,1,singlet,1031
GTGCTTCGTGCTGTAT,HTO_G,1,singlet,2449
GTGCTTCGTGGCCCTA,HTO_A,1,singlet,1868
GTGCTTCGTGGGTATG,HTO_A,1,singlet,734
GTGCTTCGTGTCGCTG,HTO_A,1,singlet,2553
GTGCTTCGTTATCACG,HTO_E,1,singlet,2435
GTGCTTCGTTCTGGTA,HTO_B,1,singlet,1503
GTGCTTCGTTGGTAAA,HTO_C,1,singlet,1342
GTGCTTCGTTTAAGCC,HTO_G,1,singlet,632
GTGCTTCTCAACACAC,multiplet,2,multiplet,1725
GTGCTTCTCAAGAAGT,HTO_G,1,singlet,998
GTGCTTCTCACATAGC,HTO_C,1,singlet,2011
GTGCTTCTCACCCGAG,HTO_C,1,singlet,1526
GTGCTTCTCACGAAGG,HTO_C,1,singlet,786
GTGCTTCTCACTATTC,HTO_B,1,singlet,1310
GTGCTTCTCATGTGGT,HTO_F,1,singlet,718
GTGCTTCTCCACTCCA,HTO_B,1,singlet,3706
GTGCTTCTCCCTAATT,HTO_C,1,singlet,762
GTGCTTCTCGACAGCC,HTO_A,1,singlet,1229
GTGCTTCTCGATCCCT,HTO_C,1,singlet,461
GTGCTTCTCTTTACAC,HTO_B,1,singlet,1689
GTGGGTCAGAAGGACA,HTO_B,1,singlet,2337
GTGGGTCAGGCCCTTG,multiplet,2,multiplet,3104
GTGGGTCAGGCCGAAT,multiplet,2,multiplet,1339
GTGGGTCAGGTGTTAA,multiplet,2,multiplet,3179
GTGGGTCAGTGAATTG,HTO_F,1,singlet,226
GTGGGTCCACAGAGGT,HTO_G,1,singlet,1985
GTGGGTCCAGCCAATT,multiplet,2,multiplet,7873
GTGGGTCCAGCTTCGG,HTO_G,1,singlet,1489
GTGGGTCCAGGGTTAG,HTO_F,1,singlet,545
GTGGGTCCATCCGGGT,HTO_D,1,singlet,1878
GTGGGTCCATTCACTT,HTO_G,1,singlet,341
GTGGGTCGTATAGGTA,HTO_G,1,singlet,2318
GTGGGTCGTCACTTCC,HTO_H,1,singlet,753
GTGGGTCGTCAGAATA,HTO_E,1,singlet,891
GTGGGTCGTCCGAACC,HTO_G,1,singlet,869
GTGGGTCGTCTACCTC,HTO_C,1,singlet,653
GTGGGTCGTCTAGAGG,HTO_G,1,singlet,522
GTGGGTCGTCTTCTCG,HTO_A,1,singlet,357
GTGGGTCGTGTTTGTG,HTO_E,1,singlet,709
GTGGGTCGTTCACGGC,HTO_A,1,singlet,551
GTGGGTCTCAAACCAC,multiplet,2,multiplet,5429
GTGGGTCTCACCTTAT,HTO_E,1,singlet,647
GTGGGTCTCATCGGAT,HTO_D,1,singlet,1492
GTGGGTCTCGGATGGA,HTO_D,1,singlet,2206
GTGGGTCTCGGCTACG,HTO_B,1,singlet,1256
GTGGGTCTCGTCACGG,HTO_A,1,singlet,635
GTGTGCGAGAAGGACA,HTO_E,1,singlet,3064
GTGTGCGAGAATAGGG,negative,0,negative,142
GTGTGCGAGATCTGAA,HTO_F,1,singlet,261
GTGTGCGAGCAGGCTA,HTO_E,1,singlet,1262
GTGTGCGAGGAGTACC,multiplet,2,multiplet,4957
GTGTGCGAGGCGACAT,HTO_H,1,singlet,1466
GTGTGCGAGGTGACCA,multiplet,2,multiplet,2903
GTGTGCGAGTGCAAGC,multiplet,2,multiplet,5426
GTGTGCGCAACTGCGC,HTO_G,1,singlet,1291
GTGTGCGCAAGGTGTG,HTO_B,1,singlet,3748
GTGTGCGCACCAACCG,HTO_B,1,singlet,1137
GTGTGCGCACGAAACG,HTO_A,1,singlet,3864
GTGTGCGCAGATGGGT,HTO_F,1,singlet,399
GTGTGCGCAGCCTTGG,HTO_A,1,singlet,1684
GTGTGCGCAGGCTCAC,HTO_D,1,singlet,2944
GTGTGCGCATCACAAC,HTO_B,1,singlet,9010
GTGTGCGCATTGGGCC,HTO_B,1,singlet,2647
GTGTGCGGTAAGCACG,HTO_E,1,singlet,2523
GTGTGCGGTAGCGTCC,HTO_E,1,singlet,933
GTGTGCGGTCCTGCTT,HTO_D,1,singlet,2399
GTGTGCGGTCGGCATC,HTO_H,1,singlet,2611
GTGTGCGGTGCAGACA,HTO_F,1,singlet,452
GTGTGCGGTGTGCGTC,HTO_D,1,singlet,1727
GTGTGCGGTTACCGAT,HTO_G,1,singlet,522
GTGTGCGGTTACGACT,HTO_G,1,singlet,1179
GTGTGCGGTTTAGGAA,HTO_A,1,singlet,904
GTGTGCGGTTTGTTTC,HTO_E,1,singlet,845
GTGTGCGTCAATACCG,multiplet,2,multiplet,4541
GTGTGCGTCCAGATCA,HTO_E,1,singlet,995
GTGTGCGTCCGCATCT,HTO_C,1,singlet,813
GTGTGCGTCGCCAGCA,HTO_C,1,singlet,143
GTGTGCGTCGGCATCG,HTO_A,1,singlet,79
GTGTGCGTCGGCGGTT,multiplet,2,multiplet,1383
GTGTTAGAGAAGGGTA,HTO_H,1,singlet,854
GTGTTAGAGAGGACGG,HTO_H,1,singlet,1021
GTGTTAGAGCGACGTA,HTO_G,1,singlet,853
GTGTTAGAGCGATGAC,HTO_B,1,singlet,1944
GTGTTAGAGCGTAGTG,HTO_F,1,singlet,807
GTGTTAGAGCGTGAAC,HTO_A,1,singlet,2090
GTGTTAGAGGTACTCT,HTO_H,1,singlet,1265
GTGTTAGAGGTGCTAG,HTO_C,1,singlet,1096
GTGTTAGAGGTGTTAA,HTO_E,1,singlet,1171
GTGTTAGAGTCAATAG,multiplet,3,multiplet,1597
GTGTTAGCACAACTGT,HTO_B,1,singlet,806
GTGTTAGCAGCATACT,HTO_H,1,singlet,3869
GTGTTAGCAGTATGCT,HTO_A,1,singlet,2949
GTGTTAGCATCGACGC,HTO_F,1,singlet,255
GTGTTAGCATGCAATC,HTO_H,1,singlet,2421
GTGTTAGCATTAACCG,multiplet,2,multiplet,1804
GTGTTAGGTCCATCCT,multiplet,2,multiplet,1486
GTGTTAGGTCTGCCAG,HTO_F,1,singlet,296
GTGTTAGGTTCCACTC,multiplet,2,multiplet,1919
GTGTTAGTCAGAGCTT,HTO_H,1,singlet,3298
GTGTTAGTCAGTGTTG,HTO_B,1,singlet,1074
GTGTTAGTCAGTTAGC,HTO_A,1,singlet,3308
GTGTTAGTCCTACAGA,multiplet,2,multiplet,5478
GTGTTAGTCGGCTACG,HTO_E,1,singlet,4851
GTGTTAGTCGGCTTGG,HTO_H,1,singlet,3505
GTGTTAGTCGTCGTTC,HTO_G,1,singlet,588
GTTAAGCAGAATTCCC,HTO_H,1,singlet,950
GTTAAGCAGAGCTGCA,HTO_B,1,singlet,3429
GTTAAGCAGAGGGCTT,HTO_E,1,singlet,1337
GTTAAGCAGGATATAC,HTO_A,1,singlet,2468
GTTAAGCAGGCACATG,HTO_F,1,singlet,792
GTTAAGCAGGTGATAT,multiplet,2,multiplet,2614
GTTAAGCAGTGTACTC,HTO_D,1,singlet,1917
GTTAAGCCAATCTACG,HTO_B,1,singlet,2581
GTTAAGCCACAGGAGT,multiplet,2,multiplet,2730
GTTAAGCCACCCTATC,HTO_A,1,singlet,1301
GTTAAGCCACTAAGTC,HTO_C,1,singlet,747
GTTAAGCCATCCTAGA,HTO_D,1,singlet,2428
GTTAAGCCATCGATGT,HTO_G,1,singlet,980
GTTAAGCGTAATCGTC,HTO_H,1,singlet,1442
GTTAAGCGTACGCTGC,HTO_G,1,singlet,559
GTTAAGCGTACTTAGC,HTO_D,1,singlet,1260
GTTAAGCGTATAGGGC,HTO_G,1,singlet,572
GTTAAGCGTCAGAAGC,HTO_G,1,singlet,3117
GTTAAGCGTCCAAGTT,HTO_F,1,singlet,1019
GTTAAGCGTCTTCTCG,HTO_A,1,singlet,1133
GTTAAGCGTGAGGCTA,HTO_G,1,singlet,785
GTTAAGCGTGTAAGTA,HTO_H,1,singlet,2232
GTTAAGCTCAACTCTT,HTO_G,1,singlet,556
GTTAAGCTCACTTCAT,HTO_D,1,singlet,1994
GTTAAGCTCCACGTGG,multiplet,2,multiplet,3333
GTTAAGCTCCCTCTTT,multiplet,2,multiplet,2183
GTTAAGCTCCGGGTGT,HTO_B,1,singlet,2709
GTTAAGCTCCTAGGGC,HTO_D,1,singlet,1883
GTTAAGCTCGGCATCG,HTO_G,1,singlet,1999
GTTAAGCTCGTATCAG,HTO_F,1,singlet,1816
GTTAAGCTCTCCTATA,HTO_G,1,singlet,559
GTTAAGCTCTGGTATG,HTO_C,1,singlet,5319
GTTACAGAGAAGGACA,HTO_B,1,singlet,3495
GTTACAGAGAGTTGGC,multiplet,2,multiplet,2523
GTTACAGAGATGCCTT,HTO_C,1,singlet,551
GTTACAGAGATGCGAC,HTO_E,1,singlet,2896
GTTACAGAGCGACGTA,HTO_H,1,singlet,258
GTTACAGAGGAATGGA,HTO_H,1,singlet,1076
GTTACAGAGGGCTCTC,HTO_D,1,singlet,2488
GTTACAGAGGTGCTAG,HTO_G,1,singlet,463
GTTACAGAGTAAGTAC,HTO_H,1,singlet,966
GTTACAGCAACTGGCC,HTO_B,1,singlet,1279
GTTACAGCAAGAAGAG,HTO_G,1,singlet,1810
GTTACAGCAATGACCT,HTO_G,1,singlet,5483
GTTACAGCACCAGCAC,multiplet,2,multiplet,5983
GTTACAGCACGCTTTC,HTO_D,1,singlet,3653
GTTACAGCAGACGCCT,HTO_B,1,singlet,914
GTTACAGCAGGTCTCG,HTO_A,1,singlet,628
GTTACAGCATGCATGT,HTO_E,1,singlet,846
GTTACAGGTATAATGG,HTO_E,1,singlet,1686
GTTACAGGTCAACATC,HTO_F,1,singlet,290
GTTACAGGTCTCATCC,HTO_C,1,singlet,1587
GTTACAGGTCTTCGTC,HTO_B,1,singlet,2548
GTTACAGGTGTTGGGA,HTO_A,1,singlet,1178
GTTACAGGTTTCGCTC,HTO_B,1,singlet,2831
GTTACAGTCAATCACG,HTO_D,1,singlet,2334
GTTACAGTCCTCAACC,HTO_A,1,singlet,289
GTTACAGTCGTTGACA,HTO_C,1,singlet,1094
GTTCATTAGAACTCGG,HTO_H,1,singlet,879
GTTCATTAGACTTTCG,multiplet,2,multiplet,1423
GTTCATTAGCTAACAA,HTO_E,1,singlet,2158
GTTCATTAGCTCAACT,HTO_G,1,singlet,1219
GTTCATTAGTCCGGTC,HTO_C,1,singlet,690
GTTCATTAGTCTCAAC,multiplet,2,multiplet,1051
GTTCATTAGTGAACAT,HTO_A,1,singlet,2750
GTTCATTCAATCAGAA,HTO_G,1,singlet,1833
GTTCATTCAGACGTAG,HTO_B,1,singlet,1531
GTTCATTCAGATAATG,HTO_F,1,singlet,1310
GTTCATTCAGCGTAAG,HTO_G,1,singlet,1372
GTTCATTCATCGATTG,HTO_G,1,singlet,3472
GTTCATTGTAGCACGA,HTO_G,1,singlet,2741
GTTCATTGTAGTACCT,HTO_F,1,singlet,999
GTTCATTGTCCGTTAA,HTO_A,1,singlet,902
GTTCATTGTCTGATTG,multiplet,2,multiplet,1201
GTTCATTGTGACAAAT,HTO_B,1,singlet,1224
GTTCATTGTGCAACTT,multiplet,3,multiplet,5116
GTTCATTGTGTAAGTA,HTO_B,1,singlet,1055
GTTCATTGTTAGAACA,HTO_A,1,singlet,1376
GTTCATTGTTGTCGCG,HTO_B,1,singlet,1025
GTTCATTTCACTTACT,HTO_C,1,singlet,441
GTTCATTTCAGTTTGG,HTO_F,1,singlet,1472
GTTCATTTCATTATCC,HTO_B,1,singlet,636
GTTCATTTCCGCGCAA,multiplet,2,multiplet,4235
GTTCATTTCCGTCATC,HTO_G,1,singlet,906
GTTCATTTCCTTTCTC,HTO_G,1,singlet,1043
GTTCATTTCTGATACG,HTO_D,1,singlet,1110
GTTCATTTCTGCGACG,multiplet,2,multiplet,2655
GTTCATTTCTTGCAAG,HTO_E,1,singlet,964
GTTCGGGAGACAGACC,HTO_G,1,singlet,756
GTTCGGGAGAGTCTGG,HTO_G,1,singlet,504
GTTCGGGAGATCCCGC,HTO_D,1,singlet,5574
GTTCGGGAGCGTCTAT,HTO_D,1,singlet,605
GTTCGGGAGCTAGTGG,multiplet,2,multiplet,1847
GTTCGGGAGGAGTCTG,HTO_E,1,singlet,1419
GTTCGGGAGGGTATCG,HTO_H,1,singlet,1528
GTTCGGGAGTCGTACT,HTO_C,1,singlet,847
GTTCGGGAGTGAACGC,HTO_A,1,singlet,8347
GTTCGGGCAAACAACA,multiplet,2,multiplet,2402
GTTCGGGCACCCAGTG,HTO_H,1,singlet,556
GTTCGGGCAGACGCAA,HTO_D,1,singlet,1913
GTTCGGGCAGATCCAT,HTO_F,1,singlet,1871
GTTCGGGCATAACCTG,HTO_H,1,singlet,1868
GTTCGGGCATACAGCT,HTO_C,1,singlet,1848
GTTCGGGCATATACGC,HTO_E,1,singlet,2627
GTTCGGGCATGAACCT,HTO_D,1,singlet,2721
GTTCGGGCATGCGCAC,HTO_G,1,singlet,1318
GTTCGGGGTACAGCAG,multiplet,2,multiplet,3170
GTTCGGGGTACGACCC,HTO_D,1,singlet,2424
GTTCGGGGTATGGTTC,HTO_A,1,singlet,760
GTTCGGGGTGCGGTAA,HTO_C,1,singlet,958
GTTCGGGGTGTAACGG,HTO_E,1,singlet,653
GTTCGGGGTGTGTGCC,HTO_G,1,singlet,1081
GTTCGGGGTTGTTTGG,multiplet,2,multiplet,2402
GTTCGGGGTTTCGCTC,HTO_A,1,singlet,2626
GTTCGGGTCAACACTG,HTO_A,1,singlet,567
GTTCGGGTCCACGAAT,HTO_A,1,singlet,538
GTTCGGGTCCTATTCA,HTO_B,1,singlet,1937
GTTCGGGTCCTTAATC,HTO_F,1,singlet,293
GTTCGGGTCGACCAGC,HTO_D,1,singlet,2503
GTTCGGGTCGCCATAA,multiplet,4,multiplet,5144
GTTCGGGTCTACTCAT,HTO_B,1,singlet,1189
GTTCGGGTCTCCAGGG,HTO_B,1,singlet,1183
GTTCGGGTCTTGTACT,HTO_H,1,singlet,2573
GTTCTCGAGACCTAGG,HTO_A,1,singlet,727
GTTCTCGAGATATGGT,HTO_F,1,singlet,1076
GTTCTCGAGCTGTTCA,HTO_H,1,singlet,1331
GTTCTCGAGGAATCGC,HTO_E,1,singlet,968
GTTCTCGAGGCTATCT,HTO_D,1,singlet,1618
GTTCTCGAGTGAAGAG,HTO_B,1,singlet,2343
GTTCTCGCAATCCGAT,HTO_B,1,singlet,1452
GTTCTCGCACACGCTG,multiplet,2,multiplet,2466
GTTCTCGCACTCGACG,HTO_H,1,singlet,1211
GTTCTCGCAGACGCTC,HTO_E,1,singlet,1148
GTTCTCGCAGTAAGCG,HTO_A,1,singlet,1505
GTTCTCGCATCAGTAC,HTO_F,1,singlet,1098
GTTCTCGCATCCGTGG,HTO_D,1,singlet,2179
GTTCTCGCATGCTAGT,HTO_A,1,singlet,881
GTTCTCGCATTGGGCC,HTO_B,1,singlet,3658
GTTCTCGGTAAAGTCA,HTO_E,1,singlet,1355
GTTCTCGGTAGTGAAT,multiplet,2,multiplet,1469
GTTCTCGGTCAAAGAT,HTO_G,1,singlet,1121
GTTCTCGGTCATCCCT,multiplet,2,multiplet,2937
GTTCTCGGTCCTGCTT,HTO_A,1,singlet,2812
GTTCTCGGTCGCCATG,HTO_D,1,singlet,4112
GTTCTCGGTGACTCAT,HTO_F,1,singlet,3714
GTTCTCGGTTACGCGC,HTO_E,1,singlet,1003
GTTCTCGGTTCCATGA,HTO_F,1,singlet,703
GTTCTCGTCAGATAAG,HTO_C,1,singlet,1415
GTTCTCGTCAGTGTTG,HTO_E,1,singlet,477
GTTCTCGTCTGCTTGC,HTO_A,1,singlet,221
GTTTCTAAGAGGGATA,HTO_B,1,singlet,1457
GTTTCTAAGCAGACTG,HTO_C,1,singlet,978
GTTTCTAAGCATCATC,HTO_A,1,singlet,661
GTTTCTAAGCTAACAA,HTO_H,1,singlet,2674
GTTTCTAAGCTAGGCA,HTO_C,1,singlet,758
GTTTCTAAGGCAGTCA,multiplet,2,multiplet,1910
GTTTCTAAGGCCCTTG,multiplet,3,multiplet,6614
GTTTCTAAGGGTGTGT,HTO_B,1,singlet,1769
GTTTCTAAGTCCTCCT,multiplet,2,multiplet,1617
GTTTCTAAGTCGTACT,HTO_G,1,singlet,1088
GTTTCTACAACGATGG,HTO_E,1,singlet,985
GTTTCTACAAGACACG,multiplet,2,multiplet,1801
GTTTCTACACATGGGA,HTO_C,1,singlet,627
GTTTCTACAGTACACT,HTO_G,1,singlet,740
GTTTCTACATCGATGT,multiplet,2,multiplet,2699
GTTTCTAGTACCGCTG,HTO_D,1,singlet,2725
GTTTCTAGTCTAGAGG,multiplet,2,multiplet,2323
GTTTCTAGTCTAGTGT,multiplet,2,multiplet,4077
GTTTCTAGTTGAGGTG,multiplet,2,multiplet,6278
GTTTCTAGTTTAGCTG,HTO_E,1,singlet,3191
GTTTCTATCAGAGGTG,HTO_B,1,singlet,3279
GTTTCTATCAGGTAAA,multiplet,2,multiplet,4100
GTTTCTATCTACCTGC,HTO_G,1,singlet,815
GTTTCTATCTGATACG,HTO_D,1,singlet,2727
GTTTCTATCTGTCCGT,HTO_H,1,singlet,1157
GTTTCTATCTTTACAC,multiplet,2,multiplet,2238
TAAACCGAGACAAGCC,HTO_B,1,singlet,1243
TAAACCGAGCTAAACA,HTO_E,1,singlet,5213
TAAACCGAGCTACCGC,multiplet,2,multiplet,2667
TAAACCGAGGACATTA,HTO_B,1,singlet,774
TAAACCGAGTCGTACT,HTO_B,1,singlet,3632
TAAACCGCAACAACCT,multiplet,2,multiplet,3079
TAAACCGCAAGTTCTG,multiplet,2,multiplet,1506
TAAACCGCAATGACCT,HTO_E,1,singlet,1760
TAAACCGCAATGGAAT,HTO_A,1,singlet,368
TAAACCGCAATGTTGC,multiplet,2,multiplet,2052
TAAACCGCACCCATTC,HTO_D,1,singlet,3053
TAAACCGCACGCCAGT,HTO_A,1,singlet,834
TAAACCGCACGGATAG,HTO_G,1,singlet,2538
TAAACCGCAGGAATGC,HTO_E,1,singlet,1231
TAAACCGCATCTCGCT,HTO_G,1,singlet,4794
TAAACCGGTAAAGGAG,HTO_C,1,singlet,1203
TAAACCGGTAAATGAC,HTO_D,1,singlet,1489
TAAACCGGTAACGACG,negative,0,negative,217
TAAACCGGTAATAGCA,HTO_D,1,singlet,2913
TAAACCGGTACATCCA,HTO_H,1,singlet,1918
TAAACCGGTACTTCTT,HTO_B,1,singlet,2544
TAAACCGGTCGACTAT,HTO_E,1,singlet,1086
TAAACCGTCACATAGC,HTO_A,1,singlet,1909
TAAACCGTCAGATAAG,multiplet,2,multiplet,1074
TAAACCGTCCGCGGTA,HTO_D,1,singlet,2196
TAAACCGTCGGCTACG,HTO_C,1,singlet,368
TAAACCGTCGGTGTTA,HTO_A,1,singlet,2727
TAAACCGTCGTAGATC,HTO_H,1,singlet,668
TAAACCGTCTTAGAGC,multiplet,2,multiplet,3568
TAAACCGTCTTGCATT,multiplet,2,multiplet,5564
TAAGAGAAGAGGTAGA,HTO_H,1,singlet,1706
TAAGAGAAGCATGGCA,HTO_E,1,singlet,1196
TAAGAGAAGCTGCCCA,HTO_D,1,singlet,2332
TAAGAGACAAGACGTG,HTO_B,1,singlet,719
TAAGAGACAAGTCATC,HTO_B,1,singlet,3323
TAAGAGACACACGCTG,HTO_A,1,singlet,2716
TAAGAGACACCGAAAG,HTO_C,1,singlet,698
TAAGAGACACGAAACG,HTO_F,1,singlet,861
TAAGAGACATACCATG,HTO_B,1,singlet,809
TAAGAGACATCCTAGA,multiplet,2,multiplet,2079
TAAGAGACATGAGCGA,HTO_C,1,singlet,1084
TAAGAGACATTAGCCA,HTO_B,1,singlet,983
TAAGAGAGTAATTGGA,multiplet,2,multiplet,1993
TAAGAGAGTACGAAAT,HTO_H,1,singlet,3182
TAAGAGAGTAGGCTGA,HTO_B,1,singlet,2429
TAAGAGAGTCAAGCGA,multiplet,2,multiplet,2273
TAAGAGAGTCCGCTGA,HTO_B,1,singlet,995
TAAGAGAGTCTAGAGG,HTO_D,1,singlet,13074
TAAGAGAGTCTCATCC,HTO_D,1,singlet,1912
TAAGAGAGTGTATGGG,HTO_G,1,singlet,366
TAAGAGAGTTGACGTT,HTO_C,1,singlet,1777
TAAGAGAGTTGTGGAG,multiplet,2,multiplet,2216
TAAGAGATCACAACGT,HTO_C,1,singlet,652
TAAGAGATCACAGTAC,negative,0,negative,269
TAAGAGATCACGCGGT,HTO_H,1,singlet,1221
TAAGAGATCAGAGCTT,HTO_D,1,singlet,1485
TAAGAGATCGCACTCT,multiplet,2,multiplet,5280
TAAGAGATCGTCGTTC,HTO_D,1,singlet,946
TAAGAGATCGTTTGCC,HTO_G,1,singlet,1694
TAAGCGTAGAGTCTGG,HTO_B,1,singlet,1098
TAAGCGTAGCCATCGC,HTO_H,1,singlet,804
TAAGCGTAGGAGCGAG,HTO_D,1,singlet,1785
TAAGCGTAGGAGCGTT,HTO_E,1,singlet,1033
TAAGCGTAGGTTACCT,HTO_D,1,singlet,1574
TAAGCGTAGTACCGGA,HTO_C,1,singlet,1710
TAAGCGTAGTTCCACA,multiplet,2,multiplet,1682
TAAGCGTCAATCAGAA,HTO_C,1,singlet,630
TAAGCGTCACTCGACG,HTO_D,1,singlet,1530
TAAGCGTCAGATCTGT,HTO_F,1,singlet,946
TAAGCGTCATAAGACA,multiplet,2,multiplet,3241
TAAGCGTGTACCAGTT,HTO_B,1,singlet,784
TAAGCGTGTACTCTCC,HTO_F,1,singlet,1333
TAAGCGTGTATTAGCC,HTO_F,1,singlet,2104
TAAGCGTGTCTAAAGA,multiplet,2,multiplet,1532
TAAGCGTGTCTAGAGG,HTO_F,1,singlet,3045
TAAGCGTGTCTTCAAG,HTO_F,1,singlet,1890
TAAGCGTGTGTGAATA,HTO_A,1,singlet,1833
TAAGCGTGTTGGGACA,HTO_B,1,singlet,934
TAAGCGTTCAACGGCC,HTO_E,1,singlet,1582
TAAGCGTTCATTGCCC,HTO_D,1,singlet,771
TAAGCGTTCCTGCCAT,multiplet,2,multiplet,3498
TAAGCGTTCTCCAACC,multiplet,2,multiplet,4167
TAAGCGTTCTTATCTG,HTO_A,1,singlet,3644
TAAGTGCAGAAACCGC,HTO_G,1,singlet,3279
TAAGTGCAGAGGACGG,HTO_A,1,singlet,852
TAAGTGCAGATGAGAG,HTO_G,1,singlet,1341
TAAGTGCAGATGTGGC,HTO_C,1,singlet,1625
TAAGTGCAGCATCATC,HTO_G,1,singlet,804
TAAGTGCAGGAACTGC,HTO_E,1,singlet,2186
TAAGTGCAGGCGATAC,multiplet,3,multiplet,3045
TAAGTGCAGTACGTAA,HTO_A,1,singlet,249
TAAGTGCAGTATCTCG,HTO_B,1,singlet,1340
TAAGTGCAGTCGTTTG,multiplet,2,multiplet,3107
TAAGTGCAGTGGGATC,HTO_A,1,singlet,827
TAAGTGCCAAGCGATG,HTO_B,1,singlet,1160
TAAGTGCCAAGTTGTC,HTO_G,1,singlet,789
TAAGTGCCAGCTCCGA,HTO_D,1,singlet,2302
TAAGTGCCAGCTGTAT,HTO_A,1,singlet,674
TAAGTGCCAGGAACGT,HTO_H,1,singlet,1201
TAAGTGCCAGGGAGAG,HTO_F,1,singlet,4190
TAAGTGCCATACGCTA,HTO_F,1,singlet,1254
TAAGTGCCATCGTCGG,HTO_B,1,singlet,2774
TAAGTGCCATGACGGA,HTO_C,1,singlet,959
TAAGTGCCATGCAATC,HTO_F,1,singlet,530
TAAGTGCCATTACGAC,HTO_B,1,singlet,1089
TAAGTGCCATTCTTAC,HTO_G,1,singlet,983
TAAGTGCGTAACGCGA,HTO_A,1,singlet,1013
TAAGTGCGTACTCGCG,HTO_B,1,singlet,1468
TAAGTGCGTCACTGGC,HTO_B,1,singlet,1334
TAAGTGCGTCGGCTCA,HTO_H,1,singlet,164
TAAGTGCGTTACGGAG,HTO_H,1,singlet,3519
TAAGTGCGTTCTGAAC,HTO_E,1,singlet,4372
TAAGTGCGTTTGGCGC,HTO_C,1,singlet,456
TAAGTGCTCAAAGTAG,HTO_G,1,singlet,2265
TAAGTGCTCAATCACG,multiplet,2,multiplet,1714
TAAGTGCTCAGTTGAC,HTO_A,1,singlet,1305
TAAGTGCTCCAAACTG,HTO_F,1,singlet,604
TAAGTGCTCCACTGGG,HTO_H,1,singlet,1470
TAAGTGCTCCAGTATG,multiplet,2,multiplet,7281
TAAGTGCTCCCTCAGT,HTO_C,1,singlet,763
TAAGTGCTCGGCGGTT,HTO_D,1,singlet,1383
TAAGTGCTCGTTACAG,HTO_B,1,singlet,1686
TAAGTGCTCTCGAGTA,HTO_B,1,singlet,3024
TAAGTGCTCTGCAGTA,multiplet,2,multiplet,3153
TAAGTGCTCTGGAGCC,HTO_C,1,singlet,914
TAAGTGCTCTGTTTGT,HTO_B,1,singlet,1170
TACACGAAGAGTGACC,HTO_E,1,singlet,1026
TACACGAAGATTACCC,HTO_F,1,singlet,738
TACACGAAGCCGCCTA,HTO_E,1,singlet,532
TACACGAAGCGCTTAT,multiplet,2,multiplet,2009
TACACGAAGCGTCTAT,HTO_E,1,singlet,741
TACACGAAGCTCCTCT,multiplet,3,multiplet,3727
TACACGAAGGTAAACT,HTO_E,1,singlet,1671
TACACGAAGTCCAGGA,HTO_C,1,singlet,735
TACACGAAGTCTTGCA,HTO_C,1,singlet,2473
TACACGAAGTTTGCGT,HTO_E,1,singlet,1135
TACACGACAAGCTGTT,multiplet,3,multiplet,3787
TACACGACACTTGGAT,HTO_H,1,singlet,637
TACACGACAGAAGCAC,HTO_H,1,singlet,713
TACACGACAGCTGCAC,HTO_A,1,singlet,754
TACACGAGTACAGTGG,HTO_C,1,singlet,1952
TACACGAGTACCGCTG,HTO_B,1,singlet,1534
TACACGAGTATAGGTA,HTO_G,1,singlet,1161
TACACGAGTCTAGTGT,HTO_F,1,singlet,1349
TACACGAGTGCCTTGG,HTO_B,1,singlet,2371
TACACGAGTGTCAATC,HTO_F,1,singlet,1140
TACACGAGTTAAGATG,HTO_D,1,singlet,1812
TACACGATCAAGAAGT,HTO_F,1,singlet,626
TACACGATCAGGTTCA,HTO_E,1,singlet,1361
TACACGATCCGGCACA,HTO_E,1,singlet,679
TACACGATCGCCAAAT,HTO_F,1,singlet,1240
TACACGATCTTTAGTC,HTO_F,1,singlet,1260
TACAGTGAGACTGTAA,HTO_G,1,singlet,2906
TACAGTGAGAGCTGGT,multiplet,2,multiplet,927
TACAGTGAGGTCATCT,HTO_F,1,singlet,3136
TACAGTGAGGTGCAAC,HTO_C,1,singlet,943
TACAGTGAGTGCGTGA,HTO_C,1,singlet,1645
TACAGTGAGTTAAGTG,HTO_H,1,singlet,3664
TACAGTGAGTTACGGG,HTO_E,1,singlet,1357
TACAGTGAGTTCCACA,HTO_H,1,singlet,985
TACAGTGCACAGCCCA,HTO_C,1,singlet,463
TACAGTGCAGACACTT,HTO_C,1,singlet,475
TACAGTGCAGCCTTGG,HTO_F,1,singlet,2668
TACAGTGCAGGGAGAG,HTO_E,1,singlet,2399
TACAGTGCATAAAGGT,HTO_B,1,singlet,6859
TACAGTGCATCCAACA,HTO_H,1,singlet,325
TACAGTGCATGCCTAA,HTO_E,1,singlet,962
TACAGTGGTACATGTC,multiplet,2,multiplet,4468
TACAGTGGTACGCTGC,HTO_D,1,singlet,1677
TACAGTGGTACTCAAC,HTO_B,1,singlet,1058
TACAGTGGTAGAAAGG,HTO_E,1,singlet,1206
TACAGTGGTCATGCAT,HTO_H,1,singlet,6048
TACAGTGGTCTCATCC,HTO_F,1,singlet,905
TACAGTGGTGTAATGA,HTO_H,1,singlet,998
TACAGTGGTGTTCTTT,HTO_D,1,singlet,1529
TACAGTGGTTACCGAT,HTO_B,1,singlet,953
TACAGTGGTTGACGTT,HTO_H,1,singlet,974
TACAGTGGTTGTTTGG,HTO_H,1,singlet,2159
TACAGTGTCACCAGGC,HTO_A,1,singlet,1854
TACAGTGTCAGCATGT,HTO_H,1,singlet,1426
TACAGTGTCCTACAGA,HTO_A,1,singlet,544
TACAGTGTCGCAAACT,HTO_F,1,singlet,1476
TACAGTGTCGTAGATC,HTO_C,1,singlet,632
TACAGTGTCTGCGGCA,HTO_C,1,singlet,1810
TACAGTGTCTTTCCTC,multiplet,2,multiplet,1295
TACCTATAGAGTTGGC,multiplet,2,multiplet,3172
TACCTATAGATCGATA,HTO_A,1,singlet,517
TACCTATAGCGTGAGT,HTO_E,1,singlet,1826
TACCTATAGGAATCGC,HTO_H,1,singlet,1734
TACCTATAGGGAGTAA,multiplet,2,multiplet,2667
TACCTATAGGGCTTCC,HTO_C,1,singlet,741
TACCTATAGTCCAGGA,HTO_G,1,singlet,1154
TACCTATAGTGGGTTG,HTO_C,1,singlet,686
TACCTATCAAAGTGCG,HTO_H,1,singlet,1111
TACCTATCAAATCCGT,HTO_H,1,singlet,675
TACCTATCAAGTAGTA,HTO_A,1,singlet,772
TACCTATCAATTGCTG,HTO_H,1,singlet,1271
TACCTATCACATGACT,HTO_G,1,singlet,751
TACCTATCACTAGTAC,HTO_A,1,singlet,998
TACCTATCAGATCGGA,HTO_F,1,singlet,1536
TACCTATCAGCCTTGG,HTO_A,1,singlet,594
TACCTATCAGGCTCAC,multiplet,2,multiplet,680
TACCTATCATAAAGGT,HTO_E,1,singlet,3949
TACCTATCATACCATG,HTO_A,1,singlet,1480
TACCTATGTAAACGCG,HTO_D,1,singlet,2186
TACCTATGTAATCACC,HTO_G,1,singlet,1377
TACCTATGTATATCCG,multiplet,2,multiplet,4176
TACCTATGTATGAAAC,multiplet,2,multiplet,1458
TACCTATGTCGAATCT,multiplet,2,multiplet,918
TACCTATGTGCCTGTG,HTO_B,1,singlet,1258
TACCTATGTGTGACGA,HTO_D,1,singlet,4383
TACCTATGTGTTCTTT,HTO_C,1,singlet,870
TACCTATGTTAAAGAC,HTO_B,1,singlet,1047
TACCTATTCAGAAATG,HTO_A,1,singlet,907
TACCTATTCAGCTCTC,HTO_B,1,singlet,867
TACCTATTCATAACCG,HTO_D,1,singlet,1502
TACCTATTCATATCGG,HTO_A,1,singlet,284
TACCTATTCCTCTAGC,multiplet,2,multiplet,5797
TACCTATTCGTTTATC,HTO_E,1,singlet,1429
TACCTATTCTAACTGG,HTO_F,1,singlet,2124
TACCTATTCTCACATT,HTO_C,1,singlet,1219
TACCTATTCTTGTACT,HTO_G,1,singlet,280
TACCTATTCTTTCCTC,HTO_E,1,singlet,2026
TACCTTAAGACTACAA,HTO_H,1,singlet,3038
TACCTTAAGAGGTAGA,HTO_D,1,singlet,2357
TACCTTAAGAGTACCG,HTO_B,1,singlet,881
TACCTTAAGGATGTAT,HTO_B,1,singlet,1305
TACCTTAAGGCCCTTG,HTO_C,1,singlet,850
TACCTTAAGGGAAACA,HTO_C,1,singlet,794
TACCTTAAGTAGGCCA,HTO_C,1,singlet,557
TACCTTAAGTATTGGA,HTO_G,1,singlet,2171
TACCTTAAGTGAAGAG,HTO_C,1,singlet,871
TACCTTAAGTGGACGT,HTO_G,1,singlet,1409
TACCTTAAGTTCGATC,HTO_A,1,singlet,1907
TACCTTACAAATACAG,multiplet,2,multiplet,3949
TACCTTACAATGGAAT,HTO_A,1,singlet,519
TACCTTACACGAAGCA,HTO_C,1,singlet,584
TACCTTACAGCTCCGA,HTO_A,1,singlet,755
TACCTTACAGGGCATA,HTO_F,1,singlet,1558
TACCTTACAGTTCATG,HTO_G,1,singlet,3035
TACCTTACATCGGGTC,HTO_G,1,singlet,2986
TACCTTACATTTCAGG,HTO_G,1,singlet,767
TACCTTAGTACGCACC,HTO_E,1,singlet,1255
TACCTTAGTAGAGTGC,HTO_G,1,singlet,1114
TACCTTAGTCATGCCG,HTO_G,1,singlet,753
TACCTTAGTCCATCCT,HTO_C,1,singlet,512
TACCTTAGTCGATTGT,HTO_D,1,singlet,1487
TACCTTAGTCGCCATG,HTO_H,1,singlet,3260
TACCTTAGTGGCCCTA,HTO_D,1,singlet,1305
TACCTTAGTGTCGCTG,HTO_G,1,singlet,816
TACCTTAGTTACCGAT,multiplet,2,multiplet,7015
TACCTTAGTTCGCGAC,multiplet,2,multiplet,2728
TACCTTAGTTGCCTCT,HTO_B,1,singlet,668
TACCTTATCAAACCAC,multiplet,2,multiplet,1798
TACCTTATCAACACCA,HTO_C,1,singlet,618
TACCTTATCAGCCTAA,HTO_F,1,singlet,1571
TACCTTATCCCTGACT,HTO_E,1,singlet,1120
TACCTTATCCGCGTTT,HTO_C,1,singlet,979
TACCTTATCCGTAGTA,HTO_H,1,singlet,4232
TACCTTATCGAATGCT,HTO_E,1,singlet,3004
TACCTTATCGAGAGCA,HTO_B,1,singlet,1143
TACGGATAGACTTGAA,HTO_B,1,singlet,1207
TACGGATAGAGAACAG,HTO_A,1,singlet,334
TACGGATAGAGGTTGC,HTO_D,1,singlet,2073
TACGGATAGCGAAGGG,HTO_F,1,singlet,2094
TACGGATAGGATGTAT,HTO_H,1,singlet,2228
TACGGATAGGGAAACA,multiplet,2,multiplet,7589
TACGGATAGTGAACAT,HTO_B,1,singlet,1673
TACGGATAGTGGTAGC,HTO_E,1,singlet,1223
TACGGATCAAGCTGGA,HTO_A,1,singlet,869
TACGGATCAATCCGAT,HTO_A,1,singlet,2185
TACGGATCACGGATAG,HTO_B,1,singlet,2685
TACGGATCAGATCGGA,HTO_C,1,singlet,1811
TACGGATCAGATGGCA,HTO_E,1,singlet,593
TACGGATCAGCTCCGA,multiplet,2,multiplet,2086
TACGGATCAGGAATCG,HTO_H,1,singlet,3470
TACGGATCATCGACGC,HTO_B,1,singlet,1562
TACGGATCATCGTCGG,HTO_B,1,singlet,1299
TACGGATGTAGCCTAT,HTO_B,1,singlet,2139
TACGGATGTATTCTCT,HTO_D,1,singlet,6801
TACGGATGTCCAGTAT,HTO_G,1,singlet,1487
TACGGATGTCGCGTGT,HTO_H,1,singlet,586
TACGGATGTGGTGTAG,HTO_E,1,singlet,1056
TACGGATGTGTTGAGG,HTO_A,1,singlet,342
TACGGATGTTGCCTCT,HTO_F,1,singlet,1510
TACGGATTCAAACAAG,HTO_F,1,singlet,322
TACGGATTCATCGATG,HTO_F,1,singlet,3053
TACGGATTCCATGAAC,HTO_H,1,singlet,2227
TACGGATTCGGTCCGA,HTO_B,1,singlet,3560
TACGGATTCGTTGCCT,HTO_E,1,singlet,1683
TACGGATTCTCCTATA,multiplet,2,multiplet,7622
TACGGGCAGACAGACC,HTO_B,1,singlet,287
TACGGGCAGCACCGTC,HTO_C,1,singlet,360
TACGGGCAGCTAAACA,HTO_D,1,singlet,2449
TACGGGCAGGCGACAT,HTO_E,1,singlet,1743
TACGGGCAGGGTCGAT,multiplet,2,multiplet,2497
TACGGGCAGTACGACG,multiplet,2,multiplet,2806
TACGGGCAGTCACGCC,multiplet,2,multiplet,6458
TACGGGCCAAGCGAGT,HTO_B,1,singlet,608
TACGGGCCACAGCCCA,HTO_H,1,singlet,2604
TACGGGCCACAGGAGT,HTO_H,1,singlet,809
TACGGGCCACCCTATC,HTO_E,1,singlet,1334
TACGGGCCACGACTCG,HTO_B,1,singlet,2715
TACGGGCCATACTCTT,HTO_C,1,singlet,954
TACGGGCCATATGAGA,HTO_G,1,singlet,4002
TACGGGCCATGCGCAC,HTO_A,1,singlet,1308
TACGGGCGTACAGTGG,multiplet,2,multiplet,1010
TACGGGCGTACCTACA,HTO_G,1,singlet,1181
TACGGGCGTAGAGTGC,HTO_H,1,singlet,574
TACGGGCGTAGCTGCC,HTO_C,1,singlet,702
TACGGGCGTATATGAG,HTO_G,1,singlet,4792
TACGGGCGTCACCCAG,HTO_H,1,singlet,364
TACGGGCGTCATATCG,multiplet,2,multiplet,2005
TACGGGCGTCCTGCTT,HTO_E,1,singlet,942
TACGGGCGTCGCATCG,HTO_D,1,singlet,313
TACGGGCGTCTAGGTT,HTO_C,1,singlet,410
TACGGGCGTGATGTGG,HTO_D,1,singlet,2277
TACGGGCGTGGCCCTA,HTO_G,1,singlet,1128
TACGGGCTCACATACG,HTO_C,1,singlet,2301
TACGGGCTCACCTCGT,HTO_B,1,singlet,1265
TACGGGCTCAGTCAGT,HTO_D,1,singlet,1571
TACGGGCTCATGGTCA,HTO_G,1,singlet,415
TACGGGCTCGCATGAT,HTO_F,1,singlet,1181
TACGGTAAGAGACTTA,HTO_D,1,singlet,3198
TACGGTAAGAGGTTGC,multiplet,2,multiplet,3304
TACGGTAAGAGTAATC,HTO_A,1,singlet,1875
TACGGTAAGTACTTGC,HTO_F,1,singlet,4219
TACGGTAAGTCGTACT,HTO_A,1,singlet,1120
TACGGTAAGTTTCCTT,HTO_A,1,singlet,474
TACGGTACACAAGACG,HTO_G,1,singlet,243
TACGGTACACATCCGG,multiplet,2,multiplet,1686
TACGGTACAGGGATTG,multiplet,2,multiplet,3392
TACGGTACATGTCCTC,HTO_F,1,singlet,300
TACGGTACATTCTCAT,HTO_C,1,singlet,608
TACGGTAGTAACGTTC,HTO_B,1,singlet,1118
TACGGTAGTAAGCACG,multiplet,2,multiplet,2818
TACGGTAGTACTCTCC,HTO_G,1,singlet,1644
TACGGTAGTCCGAAGA,multiplet,2,multiplet,4196
TACGGTAGTCGACTGC,HTO_E,1,singlet,1395
TACGGTAGTGTTAAGA,HTO_E,1,singlet,1689
TACGGTAGTTGTGGCC,multiplet,2,multiplet,2924
TACGGTATCAACCAAC,multiplet,2,multiplet,5116
TACGGTATCACTTCAT,multiplet,2,multiplet,5297
TACGGTATCAGATAAG,HTO_F,1,singlet,507
TACGGTATCGGCGCAT,HTO_G,1,singlet,3287
TACGGTATCTCCAGGG,HTO_F,1,singlet,2662
TACGGTATCTCTTGAT,HTO_A,1,singlet,388
TACGGTATCTGTCTCG,HTO_B,1,singlet,2189
TACGGTATCTTGCAAG,HTO_F,1,singlet,2028
TACTCATAGGACACCA,HTO_A,1,singlet,995
TACTCATAGGGTTTCT,HTO_D,1,singlet,742
TACTCATAGTACCGGA,HTO_E,1,singlet,1137
TACTCATAGTCAATAG,HTO_G,1,singlet,5089
TACTCATAGTCCCACG,HTO_G,1,singlet,1071
TACTCATAGTCGTACT,HTO_E,1,singlet,1047
TACTCATAGTGGGTTG,HTO_D,1,singlet,1269
TACTCATCAATAGAGT,HTO_A,1,singlet,2578
TACTCATCAGATCGGA,HTO_G,1,singlet,1187
TACTCATCAGCTCCGA,HTO_E,1,singlet,3644
TACTCATCAGGACGTA,HTO_G,1,singlet,1073
TACTCATCAGGATTGG,HTO_A,1,singlet,265
TACTCATCAGTTCCCT,HTO_C,1,singlet,625
TACTCATCATCTGGTA,HTO_G,1,singlet,3786
TACTCATCATGGAATA,HTO_A,1,singlet,2715
TACTCATGTACAAGTA,HTO_B,1,singlet,3275
TACTCATGTACTCAAC,multiplet,2,multiplet,1626
TACTCATGTCTCCCTA,HTO_D,1,singlet,1302
TACTCATGTGCCTGGT,HTO_G,1,singlet,2900
TACTCATGTGTGGTTT,HTO_A,1,singlet,1144
TACTCATGTGTTGAGG,HTO_F,1,singlet,920
TACTCATGTTACCAGT,HTO_G,1,singlet,868
TACTCATTCACAACGT,HTO_A,1,singlet,1118
TACTCATTCACTTACT,HTO_D,1,singlet,1573
TACTCATTCAGGTTCA,HTO_F,1,singlet,3668
TACTCATTCCCTCAGT,HTO_B,1,singlet,430
TACTCATTCGTGGACC,HTO_D,1,singlet,1135
TACTCATTCTGTTGAG,HTO_H,1,singlet,619
TACTCGCAGCCAGAAC,HTO_G,1,singlet,1196
TACTCGCAGCCGCCTA,HTO_G,1,singlet,893
TACTCGCAGGATGTAT,HTO_G,1,singlet,259
TACTCGCAGGGATGGG,HTO_D,1,singlet,1977
TACTCGCCAAGCTGAG,HTO_B,1,singlet,1239
TACTCGCCAAGGACTG,multiplet,2,multiplet,1890
TACTCGCCAATAGAGT,HTO_H,1,singlet,989
TACTCGCCATGACGGA,HTO_B,1,singlet,1352
TACTCGCCATTCTCAT,HTO_E,1,singlet,3529
TACTCGCGTCAGAGGT,multiplet,2,multiplet,3167
TACTCGCGTCAGCTAT,HTO_D,1,singlet,4638
TACTCGCTCACAGTAC,multiplet,2,multiplet,3152
TACTCGCTCACCACCT,HTO_F,1,singlet,964
TACTCGCTCCCGACTT,HTO_G,1,singlet,1228
TACTCGCTCCCTAACC,HTO_G,1,singlet,755
TACTCGCTCCCTGACT,HTO_F,1,singlet,1138
TACTCGCTCCTGCAGG,HTO_A,1,singlet,800
TACTCGCTCGCGTTTC,multiplet,2,multiplet,7049
TACTCGCTCGGAAACG,HTO_E,1,singlet,3877
TACTCGCTCTCCAACC,multiplet,2,multiplet,2978
TACTCGCTCTTACCTA,multiplet,2,multiplet,3792
TACTTACAGATAGCAT,HTO_C,1,singlet,300
TACTTACAGATGCGAC,HTO_B,1,singlet,4600
TACTTACAGTAGGTGC,HTO_C,1,singlet,1126
TACTTACAGTGAACAT,HTO_E,1,singlet,2777
TACTTACAGTGCGATG,HTO_E,1,singlet,1142
TACTTACAGTGCTGCC,HTO_F,1,singlet,3349
TACTTACCAAAGGCGT,HTO_D,1,singlet,1431
TACTTACCAAAGGTGC,HTO_G,1,singlet,765
TACTTACCAATCCGAT,HTO_B,1,singlet,1280
TACTTACCACATTCGA,multiplet,2,multiplet,6213
TACTTACCACGTTGGC,HTO_D,1,singlet,1450
TACTTACCAGACGCTC,HTO_H,1,singlet,923
TACTTACCAGTCCTTC,HTO_C,1,singlet,1098
TACTTACCATGCCTTC,HTO_C,1,singlet,594
TACTTACCATGGTCAT,multiplet,2,multiplet,3808
TACTTACCATTCTTAC,HTO_B,1,singlet,1348
TACTTACCATTGCGGC,HTO_H,1,singlet,2277
TACTTACCATTGGGCC,HTO_A,1,singlet,399
TACTTACGTACCGTTA,HTO_G,1,singlet,1177
TACTTACGTGTCCTCT,HTO_H,1,singlet,3746
TACTTACGTTAAAGTG,HTO_B,1,singlet,436
TACTTACTCACGCGGT,HTO_A,1,singlet,596
TACTTACTCCAGAGGA,HTO_D,1,singlet,1660
TACTTACTCCCTAACC,HTO_A,1,singlet,611
TACTTACTCCGTTGTC,HTO_E,1,singlet,527
TACTTACTCGCAAGCC,HTO_G,1,singlet,1262
TACTTACTCTACCAGA,HTO_D,1,singlet,1861
TACTTACTCTTCGGTC,HTO_G,1,singlet,853
TACTTACTCTTGCCGT,HTO_E,1,singlet,1213
TACTTACTCTTTACGT,multiplet,2,multiplet,1957
TACTTGTAGAAACGCC,HTO_E,1,singlet,1078
TACTTGTAGAACTGTA,HTO_B,1,singlet,890
TACTTGTAGACTAGGC,HTO_E,1,singlet,990
TACTTGTAGAGTGAGA,HTO_C,1,singlet,1542
TACTTGTAGATGTCGG,HTO_H,1,singlet,947
TACTTGTAGCAACGGT,HTO_E,1,singlet,1064
TACTTGTAGCGGATCA,HTO_C,1,singlet,2103
TACTTGTAGGCATGGT,HTO_G,1,singlet,841
TACTTGTAGTACTTGC,multiplet,2,multiplet,1703
TACTTGTAGTCATGCT,HTO_H,1,singlet,2930
TACTTGTCAAACTGCT,HTO_C,1,singlet,963
TACTTGTCAATCGGTT,HTO_C,1,singlet,1459
TACTTGTCAATGAAAC,HTO_E,1,singlet,947
TACTTGTCACCAGCAC,HTO_G,1,singlet,783
TACTTGTCACCCATGG,HTO_C,1,singlet,736
TACTTGTCACGTGAGA,HTO_C,1,singlet,1034
TACTTGTCAGGTCCAC,HTO_G,1,singlet,548
TACTTGTCATAAGACA,HTO_C,1,singlet,2832
TACTTGTGTCCATGAT,HTO_D,1,singlet,1982
TACTTGTGTCCGTGAC,HTO_B,1,singlet,2851
TACTTGTGTCTTGATG,multiplet,2,multiplet,2664
TACTTGTGTGATGTCT,HTO_C,1,singlet,766
TACTTGTGTTCCCTTG,HTO_E,1,singlet,3787
TACTTGTTCCCATTAT,HTO_C,1,singlet,2773
TACTTGTTCCCGACTT,HTO_H,1,singlet,2092
TACTTGTTCCCTTGTG,HTO_C,1,singlet,812
TACTTGTTCTATCGCC,HTO_B,1,singlet,2743
TACTTGTTCTTGTATC,HTO_E,1,singlet,3469
TAGACCAAGACTAAGT,HTO_B,1,singlet,2868
TAGACCAAGATACACA,HTO_C,1,singlet,729
TAGACCAAGATAGGAG,multiplet,2,multiplet,1898
TAGACCAAGATGTTAG,HTO_G,1,singlet,630
TAGACCAAGCATGGCA,HTO_G,1,singlet,8234
TAGACCAAGGAACTGC,HTO_D,1,singlet,1499
TAGACCAAGGAGCGAG,HTO_C,1,singlet,834
TAGACCAAGGAGCGTT,HTO_H,1,singlet,2992
TAGACCAAGGCCCGTT,HTO_H,1,singlet,811
TAGACCAAGGGCATGT,multiplet,2,multiplet,1763
TAGACCAAGTCACGCC,HTO_A,1,singlet,654
TAGACCAAGTGTGGCA,HTO_H,1,singlet,2572
TAGACCACAACTGCGC,HTO_B,1,singlet,701
TAGACCACACAGACAG,HTO_G,1,singlet,1035
TAGACCACACAGTCGC,HTO_D,1,singlet,1776
TAGACCACACATCCAA,multiplet,2,multiplet,9963
TAGACCACACATTCGA,HTO_H,1,singlet,519
TAGACCACACCATCCT,HTO_G,1,singlet,1592
TAGACCACACCTGGTG,multiplet,3,multiplet,5054
TAGACCACACGGATAG,HTO_D,1,singlet,2868
TAGACCACACGTCAGC,HTO_F,1,singlet,677
TAGACCACACTTCGAA,HTO_G,1,singlet,586
TAGACCACAGATGAGC,HTO_B,1,singlet,1166
TAGACCACAGCGTCCA,HTO_A,1,singlet,961
TAGACCACAGGACCCT,HTO_F,1,singlet,1051
TAGACCACAGGTGCCT,HTO_E,1,singlet,1235
TAGACCACAGTGAGTG,HTO_A,1,singlet,2381
TAGACCACATCATCCC,HTO_G,1,singlet,469
TAGACCACATCTCGCT,multiplet,2,multiplet,2041
TAGACCAGTAAATACG,multiplet,2,multiplet,1828
TAGACCAGTAAGAGAG,HTO_F,1,singlet,1907
TAGACCAGTACCCAAT,HTO_C,1,singlet,453
TAGACCAGTAGCCTCG,HTO_F,1,singlet,568
TAGACCAGTAGCGTGA,HTO_B,1,singlet,1426
TAGACCAGTGATGATA,multiplet,2,multiplet,817
TAGACCAGTGCTAGCC,HTO_G,1,singlet,1005
TAGACCAGTTCAGGCC,multiplet,2,multiplet,2463
TAGACCAGTTCGAATC,HTO_G,1,singlet,365
TAGACCAGTTGCCTCT,HTO_F,1,singlet,2170
TAGACCAGTTGTACAC,HTO_G,1,singlet,1054
TAGACCAGTTTGTTTC,HTO_A,1,singlet,608
TAGACCATCACCGGGT,HTO_B,1,singlet,682
TAGACCATCACGCGGT,HTO_E,1,singlet,2179
TAGACCATCCTCAATT,multiplet,2,multiplet,1985
TAGAGCTAGACCTAGG,HTO_A,1,singlet,217
TAGAGCTAGAGTACAT,HTO_H,1,singlet,2757
TAGAGCTAGCAGATCG,HTO_D,1,singlet,949
TAGAGCTAGCTCCTCT,HTO_D,1,singlet,2359
TAGAGCTAGGAGTTTA,HTO_H,1,singlet,2131
TAGAGCTAGGGAGTAA,HTO_D,1,singlet,2077
TAGAGCTAGGTAGCTG,HTO_H,1,singlet,1410
TAGAGCTAGTAATCCC,HTO_G,1,singlet,2666
TAGAGCTAGTCCAGGA,multiplet,2,multiplet,3043
TAGAGCTAGTCTCAAC,HTO_H,1,singlet,1064
TAGAGCTAGTTACGGG,HTO_E,1,singlet,877
TAGAGCTCAATAAGCA,multiplet,2,multiplet,2400
TAGAGCTCAATTGCTG,HTO_G,1,singlet,934
TAGAGCTCACCTTGTC,multiplet,2,multiplet,5710
TAGAGCTCACGTCTCT,multiplet,2,multiplet,1658
TAGAGCTCACTACAGT,HTO_D,1,singlet,1739
TAGAGCTCAGCTGTGC,HTO_G,1,singlet,1019
TAGAGCTCAGTGACAG,HTO_A,1,singlet,3841
TAGAGCTCATCAGTAC,HTO_C,1,singlet,1214
TAGAGCTGTAAACCTC,HTO_A,1,singlet,2851
TAGAGCTGTAAATGTG,HTO_F,1,singlet,1666
TAGAGCTGTAATTGGA,HTO_E,1,singlet,2672
TAGAGCTGTATGAAAC,HTO_C,1,singlet,696
TAGAGCTGTCATACTG,HTO_H,1,singlet,1396
TAGAGCTGTCTAACGT,HTO_G,1,singlet,913
TAGAGCTGTCTACCTC,HTO_H,1,singlet,152
TAGAGCTGTGGTGTAG,HTO_B,1,singlet,799
TAGAGCTGTGTTCTTT,HTO_E,1,singlet,960
TAGAGCTGTTGACGTT,HTO_G,1,singlet,1011
TAGAGCTTCCCGGATG,multiplet,2,multiplet,3154
TAGAGCTTCCGAAGAG,HTO_A,1,singlet,597
TAGAGCTTCGCCGTGA,HTO_F,1,singlet,479
TAGAGCTTCTAAGCCA,HTO_G,1,singlet,1779
TAGAGCTTCTAGAGTC,multiplet,2,multiplet,1309
TAGAGCTTCTGCGGCA,HTO_G,1,singlet,1030
TAGCCGGAGAAGGACA,HTO_C,1,singlet,1233
TAGCCGGAGACACGAC,HTO_D,1,singlet,1445
TAGCCGGAGACGCTTT,HTO_E,1,singlet,683
TAGCCGGAGACTAAGT,HTO_E,1,singlet,3987
TAGCCGGAGACTGTAA,HTO_G,1,singlet,527
TAGCCGGAGCAATCTC,HTO_E,1,singlet,1405
TAGCCGGAGGATGCGT,HTO_C,1,singlet,465
TAGCCGGAGGGTTTCT,HTO_G,1,singlet,826
TAGCCGGAGTAACCCT,HTO_A,1,singlet,343
TAGCCGGCAATAAGCA,HTO_F,1,singlet,1527
TAGCCGGCACTACAGT,HTO_E,1,singlet,1945
TAGCCGGCAGATCGGA,HTO_D,1,singlet,2260
TAGCCGGCAGCTGGCT,HTO_G,1,singlet,429
TAGCCGGCATCTACGA,HTO_H,1,singlet,3344
TAGCCGGCATGCAACT,HTO_E,1,singlet,5189
TAGCCGGCATGTCGAT,HTO_A,1,singlet,5518
TAGCCGGGTAAGGGAA,HTO_G,1,singlet,1344
TAGCCGGGTACCATCA,HTO_G,1,singlet,435
TAGCCGGGTAGAGGAA,HTO_B,1,singlet,441
TAGCCGGGTAGGGTAC,HTO_H,1,singlet,869
TAGCCGGGTCCCTACT,HTO_B,1,singlet,3467
TAGCCGGGTCTCCCTA,HTO_G,1,singlet,282
TAGCCGGGTTCCGGCA,HTO_F,1,singlet,1111
TAGCCGGGTTGAGGTG,HTO_A,1,singlet,917
TAGCCGGTCAATCACG,HTO_G,1,singlet,855
TAGCCGGTCAGGCCCA,HTO_B,1,singlet,1220
TAGCCGGTCATCTGTT,HTO_C,1,singlet,1114
TAGCCGGTCATGTCCC,HTO_A,1,singlet,457
TAGCCGGTCCACTGGG,HTO_H,1,singlet,816
TAGCCGGTCCCGACTT,HTO_F,1,singlet,730
TAGCCGGTCCGTCAAA,HTO_H,1,singlet,1277
TAGCCGGTCCTAAGTG,HTO_A,1,singlet,255
TAGCCGGTCTGTACGA,HTO_D,1,singlet,1897
TAGGCATAGAAGGCCT,HTO_D,1,singlet,4188
TAGGCATAGAATCTCC,multiplet,2,multiplet,1889
TAGGCATAGACTAGAT,HTO_F,1,singlet,1001
TAGGCATAGACTTGAA,HTO_E,1,singlet,1253
TAGGCATAGATCTGCT,HTO_H,1,singlet,668
TAGGCATAGATGGCGT,HTO_E,1,singlet,1617
TAGGCATAGCTCCTCT,HTO_A,1,singlet,807
TAGGCATAGTAATCCC,HTO_B,1,singlet,1994
TAGGCATAGTGCCATT,multiplet,2,multiplet,1762
TAGGCATAGTGTACCT,HTO_H,1,singlet,988
TAGGCATAGTTAGGTA,multiplet,2,multiplet,3392
TAGGCATCACATTCGA,HTO_B,1,singlet,1712
TAGGCATCAGTGGAGT,HTO_F,1,singlet,1686
TAGGCATCATCCTAGA,HTO_A,1,singlet,555
TAGGCATCATTGTGCA,HTO_A,1,singlet,427
TAGGCATGTATTCGTG,HTO_B,1,singlet,1166
TAGGCATGTGCAACGA,multiplet,2,multiplet,2832
TAGGCATGTTACGACT,multiplet,2,multiplet,1661
TAGGCATTCAGAGGTG,HTO_F,1,singlet,1637
TAGGCATTCAGTGTTG,HTO_F,1,singlet,2437
TAGGCATTCATTCACT,HTO_H,1,singlet,5415
TAGGCATTCCAAGTAC,multiplet,2,multiplet,5064
TAGGCATTCCACGTGG,HTO_B,1,singlet,1305
TAGGCATTCCATTCTA,HTO_A,1,singlet,3039
TAGGCATTCTCGAGTA,multiplet,2,multiplet,3041
TAGTGGTAGCACCGTC,HTO_B,1,singlet,1119
TAGTGGTAGCTATGCT,HTO_F,1,singlet,426
TAGTGGTAGCTGATAA,HTO_H,1,singlet,1206
TAGTGGTAGGCATGTG,HTO_E,1,singlet,2248
TAGTGGTAGTGAATTG,HTO_B,1,singlet,3958
TAGTGGTCAAATACAG,HTO_F,1,singlet,3496
TAGTGGTCAATGAATG,HTO_B,1,singlet,3398
TAGTGGTCACAGACAG,HTO_B,1,singlet,1731
TAGTGGTCACATCCGG,HTO_G,1,singlet,2977
TAGTGGTCACCCAGTG,HTO_H,1,singlet,1460
TAGTGGTCACCGAAAG,HTO_C,1,singlet,746
TAGTGGTCACTCGACG,multiplet,2,multiplet,2153
TAGTGGTCAGGACCCT,multiplet,3,multiplet,3815
TAGTGGTCATCCGTGG,multiplet,2,multiplet,1390
TAGTGGTCATCGTCGG,HTO_C,1,singlet,505
TAGTGGTCATCTACGA,HTO_B,1,singlet,2527
TAGTGGTGTCAGAAGC,HTO_G,1,singlet,1187
TAGTGGTGTGATGTGG,HTO_D,1,singlet,1755
TAGTGGTGTGCAACGA,HTO_D,1,singlet,1513
TAGTGGTGTGGCAAAC,HTO_C,1,singlet,802
TAGTGGTGTGGTCTCG,HTO_H,1,singlet,903
TAGTGGTGTGTTTGTG,HTO_B,1,singlet,1357
TAGTGGTTCAGTACGT,HTO_G,1,singlet,2229
TAGTGGTTCATGTAGC,HTO_C,1,singlet,2692
TAGTGGTTCCACGAAT,HTO_A,1,singlet,1630
TAGTGGTTCCCTCAGT,HTO_B,1,singlet,933
TAGTGGTTCCGTTGCT,multiplet,3,multiplet,2317
TAGTGGTTCCGTTGTC,HTO_B,1,singlet,1770
TAGTGGTTCGTTTAGG,HTO_H,1,singlet,658
TAGTGGTTCTACTTAC,HTO_C,1,singlet,839
TAGTTGGAGACAAGCC,HTO_D,1,singlet,2196
TAGTTGGAGCCAGTAG,HTO_G,1,singlet,975
TAGTTGGAGCTAACTC,HTO_C,1,singlet,773
TAGTTGGAGTGTCCAT,multiplet,2,multiplet,1383
TAGTTGGAGTTGCAGG,HTO_B,1,singlet,1299
TAGTTGGCAAAGAATC,HTO_H,1,singlet,2870
TAGTTGGCAATAGCAA,HTO_C,1,singlet,699
TAGTTGGCACAAGACG,HTO_E,1,singlet,4551
TAGTTGGCAGCTGTAT,HTO_H,1,singlet,2108
TAGTTGGCATCGACGC,HTO_C,1,singlet,2033
TAGTTGGCATGAACCT,multiplet,2,multiplet,3292
TAGTTGGCATGGGAAC,HTO_D,1,singlet,1371
TAGTTGGCATTGAGCT,HTO_G,1,singlet,481
TAGTTGGGTAGTACCT,HTO_E,1,singlet,2431
TAGTTGGGTCAATGTC,HTO_E,1,singlet,282
TAGTTGGGTCAGCTAT,HTO_H,1,singlet,1016
TAGTTGGGTCATACTG,HTO_H,1,singlet,955
TAGTTGGGTCTTGCGG,HTO_H,1,singlet,317
TAGTTGGGTCTTTCAT,multiplet,2,multiplet,5447
TAGTTGGGTGACGCCT,HTO_C,1,singlet,1140
TAGTTGGGTGAGGGTT,HTO_C,1,singlet,1745
TAGTTGGGTGTCGCTG,HTO_D,1,singlet,7781
TAGTTGGGTGTTCTTT,multiplet,2,multiplet,2840
TAGTTGGGTTATCGGT,HTO_G,1,singlet,1879
TAGTTGGTCATCTGCC,HTO_C,1,singlet,460
TAGTTGGTCCCATTTA,multiplet,2,multiplet,3059
TAGTTGGTCCTGTACC,HTO_A,1,singlet,224
TAGTTGGTCGGAATCT,HTO_F,1,singlet,401
TAGTTGGTCGGCTACG,HTO_D,1,singlet,1552
TAGTTGGTCGTTACGA,HTO_B,1,singlet,592
TAGTTGGTCTTGCAAG,HTO_D,1,singlet,4730
TATCAGGAGACGCTTT,HTO_C,1,singlet,1030
TATCAGGAGATGTGTA,HTO_H,1,singlet,351
TATCAGGAGCCCAGCT,HTO_B,1,singlet,1095
TATCAGGAGCCGTCGT,multiplet,2,multiplet,741
TATCAGGAGCGTTTAC,multiplet,2,multiplet,2065
TATCAGGAGCTAGTGG,HTO_E,1,singlet,4023
TATCAGGAGGAATCGC,HTO_G,1,singlet,1639
TATCAGGAGGATGGTC,HTO_A,1,singlet,965
TATCAGGCAAAGGCGT,multiplet,2,multiplet,967
TATCAGGCAACCGCCA,HTO_B,1,singlet,350
TATCAGGCAAGGTTCT,HTO_F,1,singlet,1220
TATCAGGCAATAGAGT,HTO_C,1,singlet,798
TATCAGGCACAGTCGC,HTO_B,1,singlet,1143
TATCAGGCACATCTTT,HTO_E,1,singlet,1200
TATCAGGCACCAGGCT,HTO_A,1,singlet,2521
TATCAGGCAGCTGCTG,multiplet,2,multiplet,2320
TATCAGGCAGGGAGAG,HTO_A,1,singlet,759
TATCAGGCAGTTAACC,HTO_D,1,singlet,1836
TATCAGGCATGACGGA,HTO_D,1,singlet,1334
TATCAGGGTAAGTTCC,HTO_H,1,singlet,738
TATCAGGGTACTTGAC,HTO_F,1,singlet,668
TATCAGGGTAGAGCTG,multiplet,2,multiplet,1346
TATCAGGGTAGGGTAC,HTO_A,1,singlet,561
TATCAGGTCAGCTCTC,HTO_D,1,singlet,2542
TATCAGGTCCCTTGCA,HTO_E,1,singlet,2825
TATCAGGTCCTAGAAC,multiplet,2,multiplet,2858
TATCAGGTCCTTAATC,multiplet,3,multiplet,2341
TATCAGGTCTGGGCCA,HTO_H,1,singlet,2785
TATCTCAAGACACGAC,HTO_D,1,singlet,2422
TATCTCAAGACATAAC,multiplet,2,multiplet,1491
TATCTCAAGCGATTCT,HTO_G,1,singlet,2676
TATCTCAAGCGTGAAC,HTO_E,1,singlet,2017
TATCTCAAGCTCCTTC,multiplet,2,multiplet,6243
TATCTCAAGCTGAACG,HTO_F,1,singlet,4047
TATCTCAAGGCTAGCA,HTO_C,1,singlet,1560
TATCTCAAGGGATCTG,HTO_C,1,singlet,570
TATCTCAAGTATCGAA,HTO_A,1,singlet,1291
TATCTCAAGTGGAGTC,HTO_H,1,singlet,286
TATCTCACAAATCCGT,HTO_H,1,singlet,200
TATCTCACAAGCCATT,multiplet,2,multiplet,985
TATCTCACACCAGGTC,HTO_D,1,singlet,1949
TATCTCACACGAAACG,HTO_B,1,singlet,642
TATCTCACACGAAATA,HTO_B,1,singlet,813
TATCTCACACGAGGTA,HTO_A,1,singlet,2344
TATCTCACACTCGACG,HTO_D,1,singlet,2959
TATCTCACAGCTGGCT,multiplet,2,multiplet,1325
TATCTCACAGTATAAG,multiplet,2,multiplet,4559
TATCTCACAGTTAACC,HTO_F,1,singlet,691
TATCTCACATACTACG,HTO_D,1,singlet,2869
TATCTCAGTAAAGGAG,HTO_H,1,singlet,527
TATCTCAGTAAGGGAA,HTO_F,1,singlet,3373
TATCTCAGTCACTTCC,HTO_A,1,singlet,1128
TATCTCAGTCCATGAT,negative,0,negative,226
TATCTCATCACATGCA,HTO_B,1,singlet,798
TATCTCATCACGACTA,multiplet,2,multiplet,1146
TATCTCATCATCGGAT,HTO_B,1,singlet,3087
TATCTCATCCAAGCCG,HTO_H,1,singlet,682
TATCTCATCGCATGGC,HTO_E,1,singlet,508
TATCTCATCGTGGACC,HTO_C,1,singlet,849
TATCTCATCTGCGGCA,multiplet,2,multiplet,2896
TATCTCATCTTGACGA,multiplet,2,multiplet,3327
TATGCCCAGACTACAA,HTO_H,1,singlet,867
TATGCCCAGATATGGT,HTO_D,1,singlet,1601
TATGCCCAGCGATCCC,multiplet,3,multiplet,1437
TATGCCCAGCTAACAA,HTO_E,1,singlet,2392
TATGCCCAGCTCAACT,multiplet,2,multiplet,1653
TATGCCCAGCTCTCGG,HTO_A,1,singlet,274
TATGCCCAGGCGTACA,HTO_D,1,singlet,4624
TATGCCCAGTACTTGC,HTO_H,1,singlet,673
TATGCCCAGTCAAGCG,HTO_A,1,singlet,2787
TATGCCCAGTGGAGTC,multiplet,2,multiplet,3600
TATGCCCCAACTGGCC,HTO_D,1,singlet,766
TATGCCCCACACCGAC,HTO_C,1,singlet,1306
TATGCCCCAGACGTAG,HTO_G,1,singlet,2385
TATGCCCCAGTGGAGT,HTO_C,1,singlet,3040
TATGCCCCATCCGTGG,HTO_E,1,singlet,1899
TATGCCCCATCTATGG,HTO_B,1,singlet,1410
TATGCCCCATTGGTAC,HTO_E,1,singlet,974
TATGCCCGTCATCCCT,HTO_E,1,singlet,1131
TATGCCCGTCGACTAT,multiplet,2,multiplet,1655
TATGCCCGTCGAGATG,HTO_H,1,singlet,851
TATGCCCGTCTAGTCA,HTO_A,1,singlet,3881
TATGCCCGTCTCATCC,HTO_H,1,singlet,5607
TATGCCCGTCTGCAAT,HTO_E,1,singlet,2080
TATGCCCGTGCATCTA,HTO_H,1,singlet,955
TATGCCCGTTCCAACA,HTO_G,1,singlet,276
TATGCCCGTTCGTGAT,multiplet,2,multiplet,2671
TATGCCCTCGGCGGTT,HTO_H,1,singlet,931
TATGCCCTCGGCTTGG,multiplet,2,multiplet,1518
TATGCCCTCGGTTCGG,HTO_B,1,singlet,783
TATGCCCTCTAACTTC,HTO_H,1,singlet,4184
TATGCCCTCTACTCAT,HTO_G,1,singlet,3724
TATGCCCTCTCACATT,HTO_C,1,singlet,2222
TATGCCCTCTGTCCGT,HTO_F,1,singlet,1743
TATGCCCTCTTTAGTC,HTO_G,1,singlet,994
TATTACCAGACAAAGG,HTO_B,1,singlet,629
TATTACCAGACATAAC,HTO_G,1,singlet,1779
TATTACCAGCGAAGGG,HTO_B,1,singlet,1154
TATTACCAGCGTTGCC,HTO_D,1,singlet,10762
TATTACCAGGGTTTCT,HTO_C,1,singlet,694
TATTACCCAACGATCT,HTO_B,1,singlet,2329
TATTACCCAAGCCCAC,HTO_E,1,singlet,1996
TATTACCCAAGGACAC,HTO_C,1,singlet,1280
TATTACCCAATCTGCA,multiplet,3,multiplet,3351
TATTACCCACGTTGGC,HTO_C,1,singlet,1150
TATTACCCACTACAGT,HTO_H,1,singlet,696
TATTACCCAGGGTTAG,HTO_A,1,singlet,1149
TATTACCCAGGTGGAT,HTO_A,1,singlet,743
TATTACCGTACCCAAT,HTO_G,1,singlet,784
TATTACCGTCAAAGCG,HTO_F,1,singlet,1098
TATTACCGTCCTCCAT,HTO_G,1,singlet,1415
TATTACCGTCGATTGT,HTO_A,1,singlet,1135
TATTACCGTGTCTGAT,multiplet,2,multiplet,1769
TATTACCGTTCCACTC,HTO_A,1,singlet,308
TATTACCTCACATGCA,HTO_C,1,singlet,1025
TATTACCTCATAACCG,HTO_H,1,singlet,1464
TATTACCTCCAACCAA,HTO_B,1,singlet,3976
TATTACCTCCGTTGTC,HTO_F,1,singlet,1525
TATTACCTCCTATGTT,HTO_E,1,singlet,1279
TATTACCTCTTTAGTC,HTO_C,1,singlet,1564
TCAACGAAGCAGGCTA,HTO_D,1,singlet,1857
TCAACGAAGCCATCGC,HTO_E,1,singlet,1336
TCAACGAAGGCTACGA,HTO_D,1,singlet,4314
TCAACGAAGGGATCTG,HTO_C,1,singlet,935
TCAACGAAGGGTTTCT,HTO_G,1,singlet,972
TCAACGACAATCCGAT,multiplet,2,multiplet,3372
TCAACGACAATGCCAT,HTO_B,1,singlet,1703
TCAACGACACACCGAC,HTO_G,1,singlet,4876
TCAACGACACATAACC,HTO_D,1,singlet,1848
TCAACGACACTGTTAG,HTO_E,1,singlet,1317
TCAACGACAGCGAACA,HTO_A,1,singlet,1194
TCAACGACAGGGTACA,HTO_E,1,singlet,878
TCAACGACATCGACGC,HTO_G,1,singlet,2874
TCAACGAGTAATAGCA,multiplet,2,multiplet,5365
TCAACGAGTAGTACCT,HTO_A,1,singlet,2695
TCAACGAGTCCCTACT,HTO_E,1,singlet,1830
TCAACGAGTCGATTGT,HTO_C,1,singlet,1091
TCAACGAGTCTCGTTC,HTO_F,1,singlet,5522
TCAACGAGTTCGCGAC,HTO_B,1,singlet,3495
TCAACGAGTTGTTTGG,HTO_D,1,singlet,1419
TCAACGATCAACGAAA,HTO_A,1,singlet,4753
TCAACGATCACCCTCA,multiplet,2,multiplet,1337
TCAACGATCAGGCCCA,HTO_C,1,singlet,1937
TCAACGATCCAGATCA,HTO_D,1,singlet,3420
TCAACGATCCGTAGGC,HTO_B,1,singlet,4694
TCAACGATCCTTTCTC,HTO_D,1,singlet,2284
TCAACGATCGGCGCTA,HTO_D,1,singlet,2080
TCAACGATCGTAGGAG,multiplet,2,multiplet,2653
TCAATCTAGAAGCCCA,multiplet,2,multiplet,4467
TCAATCTAGCAATCTC,HTO_H,1,singlet,2683
TCAATCTAGCTAACTC,HTO_G,1,singlet,1797
TCAATCTAGGACACCA,HTO_E,1,singlet,3263
TCAATCTAGGAGTAGA,HTO_E,1,singlet,1084
TCAATCTAGGGTATCG,HTO_B,1,singlet,3747
TCAATCTAGGTTCCTA,HTO_H,1,singlet,1199
TCAATCTAGTCAATAG,HTO_C,1,singlet,620
TCAATCTAGTCGATAA,HTO_D,1,singlet,1093
TCAATCTCAACGATGG,HTO_A,1,singlet,3382
TCAATCTCACAGGCCT,HTO_A,1,singlet,631
TCAATCTCACTGTGTA,multiplet,3,multiplet,1936
TCAATCTCATCGTCGG,multiplet,2,multiplet,7822
TCAATCTCATTACGAC,HTO_A,1,singlet,1355
TCAATCTCATTTCAGG,HTO_D,1,singlet,885
TCAATCTGTACTCTCC,HTO_B,1,singlet,2297
TCAATCTGTATTAGCC,HTO_F,1,singlet,228
TCAATCTGTCCGAACC,HTO_A,1,singlet,1485
TCAATCTGTCGCGTGT,HTO_C,1,singlet,945
TCAATCTGTCTCAACA,multiplet,2,multiplet,4947
TCAATCTGTCTTGCGG,HTO_C,1,singlet,596
TCAATCTGTGAACCTT,HTO_B,1,singlet,3083
TCAATCTGTGAGGCTA,HTO_D,1,singlet,1227
TCAATCTGTGAGTGAC,multiplet,2,multiplet,5205
TCAATCTGTTACTGAC,HTO_F,1,singlet,355
TCAATCTTCAAAGACA,HTO_B,1,singlet,3972
TCAATCTTCAAGCCTA,HTO_D,1,singlet,1151
TCAATCTTCAGCTGGC,HTO_H,1,singlet,293
TCAATCTTCCACGTTC,multiplet,2,multiplet,4683
TCAATCTTCCCTGACT,HTO_D,1,singlet,1393
TCAATCTTCGGTTCGG,HTO_A,1,singlet,1095
TCAATCTTCTGATACG,HTO_A,1,singlet,2793
TCAATCTTCTTGTTTG,HTO_A,1,singlet,1784
TCACAAGAGACTACAA,HTO_E,1,singlet,3255
TCACAAGAGATCCTGT,HTO_D,1,singlet,2007
TCACAAGAGCGTAATA,HTO_C,1,singlet,1240
TCACAAGAGCTACCTA,HTO_D,1,singlet,1893
TCACAAGAGGACAGCT,HTO_E,1,singlet,1723
TCACAAGAGGCTAGGT,multiplet,2,multiplet,5880
TCACAAGAGTCCTCCT,HTO_B,1,singlet,4157
TCACAAGCAATGAATG,HTO_C,1,singlet,1043
TCACAAGCAATGGACG,negative,0,negative,184
TCACAAGCACCTGGTG,multiplet,2,multiplet,1679
TCACAAGCACTATCTT,HTO_A,1,singlet,3582
TCACAAGCACTCTGTC,HTO_C,1,singlet,872
TCACAAGCATGCGCAC,HTO_G,1,singlet,3662
TCACAAGCATGTCTCC,HTO_D,1,singlet,5246
TCACAAGGTAAATGTG,HTO_B,1,singlet,3620
TCACAAGGTACAAGTA,HTO_C,1,singlet,947
TCACAAGGTACGAAAT,HTO_D,1,singlet,1317
TCACAAGGTCCAACTA,HTO_G,1,singlet,668
TCACAAGGTCCAGTTA,multiplet,2,multiplet,2052
TCACAAGGTCCGAGTC,multiplet,2,multiplet,3006
TCACAAGGTCCGTGAC,HTO_G,1,singlet,739
TCACAAGGTCTTCGTC,HTO_C,1,singlet,211
TCACAAGGTTCAGGCC,HTO_C,1,singlet,645
TCACAAGGTTGATTCG,HTO_G,1,singlet,1316
TCACAAGTCAACGAAA,HTO_A,1,singlet,2543
TCACAAGTCCTAAGTG,HTO_E,1,singlet,913
TCACAAGTCGCATGGC,HTO_G,1,singlet,1085
TCACAAGTCGTAGGTT,multiplet,2,multiplet,2669
TCACAAGTCGTCTGAA,HTO_F,1,singlet,938
TCACAAGTCGTTTATC,HTO_A,1,singlet,903
TCACAAGTCTTTACAC,HTO_A,1,singlet,926
TCACGAAAGAATGTGT,HTO_C,1,singlet,588
TCACGAAAGACTCGGA,multiplet,2,multiplet,3930
TCACGAAAGAGTCTGG,HTO_F,1,singlet,823
TCACGAAAGATGCCAG,HTO_A,1,singlet,1475
TCACGAAAGCAATCTC,HTO_B,1,singlet,1261
TCACGAAAGCCCGAAA,HTO_H,1,singlet,1874
TCACGAAAGTACGTAA,HTO_G,1,singlet,668
TCACGAAAGTGACTCT,HTO_D,1,singlet,1260
TCACGAAAGTTATCGC,HTO_C,1,singlet,1065
TCACGAACAATCGGTT,multiplet,2,multiplet,3158
TCACGAACAATGTTGC,HTO_A,1,singlet,628
TCACGAACACCGCTAG,HTO_G,1,singlet,473
TCACGAACAGATGGGT,multiplet,2,multiplet,2343
TCACGAACAGCATGAG,HTO_H,1,singlet,1157
TCACGAACAGCCTATA,HTO_E,1,singlet,577
TCACGAACAGTAGAGC,HTO_A,1,singlet,2321
TCACGAACATCCTTGC,HTO_G,1,singlet,963
TCACGAAGTCCAACTA,HTO_F,1,singlet,1398
TCACGAAGTCCTAGCG,multiplet,2,multiplet,2855
TCACGAAGTCGAAAGC,HTO_H,1,singlet,1174
TCACGAAGTCTGGTCG,HTO_B,1,singlet,1659
TCACGAAGTGCTAGCC,HTO_C,1,singlet,927
TCACGAAGTGGACGAT,HTO_C,1,singlet,863
TCACGAAGTGTTCGAT,HTO_H,1,singlet,3622
TCACGAATCAAAGACA,HTO_E,1,singlet,5035
TCACGAATCATCGATG,multiplet,3,multiplet,8234
TCACGAATCCAAGCCG,multiplet,2,multiplet,2165
TCACGAATCCAGGGCT,multiplet,2,multiplet,1887
TCACGAATCCATGCTC,HTO_A,1,singlet,538
TCACGAATCCCATTAT,HTO_G,1,singlet,711
TCACGAATCCGATATG,HTO_D,1,singlet,873
TCACGAATCCGCAGTG,HTO_C,1,singlet,534
TCACGAATCCGTTGTC,HTO_A,1,singlet,1120
TCACGAATCCTAGGGC,HTO_B,1,singlet,1936
TCACGAATCGTCTGAA,HTO_H,1,singlet,1885
TCACGAATCTACTCAT,HTO_D,1,singlet,1692
TCACGAATCTCATTCA,HTO_C,1,singlet,519
TCACGAATCTGTCAAG,HTO_C,1,singlet,781
TCACGAATCTTGCAAG,HTO_H,1,singlet,562
TCACGAATCTTTAGTC,HTO_B,1,singlet,1834
TCAGATGAGACTCGGA,HTO_D,1,singlet,5183
TCAGATGAGAGGGCTT,HTO_D,1,singlet,5039
TCAGATGAGATTACCC,HTO_B,1,singlet,1292
TCAGATGAGCAATATG,HTO_G,1,singlet,2258
TCAGATGAGCCAACAG,multiplet,2,multiplet,3977
TCAGATGAGGACCACA,HTO_A,1,singlet,2395
TCAGATGAGGCCGAAT,multiplet,2,multiplet,1930
TCAGATGAGTAGCGGT,multiplet,2,multiplet,3507
TCAGATGAGTCAAGCG,HTO_A,1,singlet,663
TCAGATGAGTCAAGGC,HTO_D,1,singlet,1815
TCAGATGAGTGAAGTT,HTO_A,1,singlet,964
TCAGATGAGTGTTGAA,HTO_F,1,singlet,914
TCAGATGCACGAGAGT,HTO_B,1,singlet,4158
TCAGATGCAGCCAGAA,HTO_C,1,singlet,1286
TCAGATGCAGTCAGCC,HTO_F,1,singlet,4855
TCAGATGGTAAGTAGT,HTO_A,1,singlet,680
TCAGATGGTACAGACG,multiplet,2,multiplet,1336
TCAGATGGTAGAAAGG,multiplet,2,multiplet,4605
TCAGATGGTATGGTTC,HTO_E,1,singlet,1190
TCAGATGGTATTAGCC,HTO_G,1,singlet,867
TCAGATGGTCCCGACA,HTO_D,1,singlet,1610
TCAGATGGTCTAAACC,HTO_C,1,singlet,886
TCAGATGGTCTGATTG,HTO_F,1,singlet,875
TCAGATGGTGAGGCTA,HTO_G,1,singlet,870
TCAGATGGTGCAACGA,HTO_A,1,singlet,204
TCAGATGGTGCAGGTA,HTO_E,1,singlet,3968
TCAGATGGTGCTGTAT,HTO_C,1,singlet,945
TCAGATGGTGGCGAAT,HTO_D,1,singlet,1260
TCAGATGGTTGACGTT,HTO_F,1,singlet,631
TCAGATGGTTGAGGTG,multiplet,2,multiplet,1050
TCAGATGTCAAGGCTT,HTO_A,1,singlet,2967
TCAGATGTCATATCGG,multiplet,2,multiplet,2789
TCAGATGTCCCGGATG,HTO_C,1,singlet,393
TCAGCAAAGAAACGAG,HTO_F,1,singlet,5006
TCAGCAAAGATCCGAG,HTO_D,1,singlet,1363
TCAGCAAAGCTAAGAT,HTO_F,1,singlet,1843
TCAGCAAAGGCCATAG,HTO_D,1,singlet,1508
TCAGCAAAGGCGACAT,multiplet,2,multiplet,2716
TCAGCAAAGGGTGTTG,HTO_D,1,singlet,1790
TCAGCAAAGGTGATTA,multiplet,2,multiplet,3828
TCAGCAAAGTTTGCGT,HTO_E,1,singlet,965
TCAGCAACAAATTGCC,HTO_C,1,singlet,847
TCAGCAACAAGGACTG,HTO_C,1,singlet,738
TCAGCAACAAGGCTCC,HTO_H,1,singlet,2532
TCAGCAACATAACCTG,HTO_D,1,singlet,1198
TCAGCAACATCACCCT,multiplet,2,multiplet,824
TCAGCAACATGAAGTA,HTO_B,1,singlet,1300
TCAGCAACATGGTTGT,HTO_B,1,singlet,3200
TCAGCAAGTAAACGCG,HTO_A,1,singlet,2562
TCAGCAAGTCCCTTGT,HTO_B,1,singlet,1193
TCAGCAAGTCCTGCTT,HTO_H,1,singlet,818
TCAGCAAGTCTCCATC,HTO_B,1,singlet,5430
TCAGCAAGTGCACGAA,HTO_E,1,singlet,5176
TCAGCAAGTGCGGTAA,HTO_B,1,singlet,9839
TCAGCAAGTGTGTGCC,HTO_D,1,singlet,1460
TCAGCAAGTTAGATGA,multiplet,2,multiplet,3684
TCAGCAATCACCACCT,HTO_H,1,singlet,2342
TCAGCAATCAGAAATG,HTO_C,1,singlet,941
TCAGCAATCGGATGGA,HTO_E,1,singlet,2760
TCAGCAATCGGCGCAT,HTO_H,1,singlet,1274
TCAGCAATCTCATTCA,HTO_D,1,singlet,1579
TCAGCAATCTCCCTGA,HTO_B,1,singlet,1066
TCAGCAATCTTTCCTC,HTO_B,1,singlet,4605
TCAGCTCAGAAACGAG,HTO_G,1,singlet,845
TCAGCTCAGCACACAG,HTO_G,1,singlet,1223
TCAGCTCAGCTGTTCA,HTO_D,1,singlet,2884
TCAGCTCAGTCAAGGC,HTO_C,1,singlet,822
TCAGCTCCAAATACAG,multiplet,2,multiplet,4286
TCAGCTCCAATCGGTT,HTO_D,1,singlet,2013
TCAGCTCCACCTCGTT,HTO_H,1,singlet,654
TCAGCTCCACCTTGTC,HTO_F,1,singlet,1104
TCAGCTCCACTTGGAT,HTO_E,1,singlet,1329
TCAGCTCCATCCAACA,HTO_A,1,singlet,399
TCAGCTCCATCTATGG,multiplet,2,multiplet,2635
TCAGCTCCATCTGGTA,HTO_H,1,singlet,2977
TCAGCTCCATTAGCCA,HTO_H,1,singlet,1281
TCAGCTCGTAACGTTC,HTO_F,1,singlet,1014
TCAGCTCGTCGCGAAA,multiplet,2,multiplet,4334
TCAGCTCGTGAAAGAG,HTO_F,1,singlet,243
TCAGCTCGTGACTACT,HTO_D,1,singlet,4913
TCAGCTCGTGCACCAC,HTO_G,1,singlet,792
TCAGCTCGTGGCGAAT,HTO_B,1,singlet,2579
TCAGCTCGTTGTGGCC,HTO_B,1,singlet,763
TCAGCTCTCACTATTC,HTO_H,1,singlet,2847
TCAGCTCTCAGATAAG,HTO_C,1,singlet,654
TCAGCTCTCATGTGGT,HTO_A,1,singlet,915
TCAGCTCTCCAGATCA,HTO_B,1,singlet,1064
TCAGCTCTCCCTAACC,HTO_H,1,singlet,586
TCAGCTCTCCTTGCCA,HTO_G,1,singlet,755
TCAGCTCTCCTTTCGG,HTO_F,1,singlet,1695
TCAGCTCTCGAACTGT,HTO_C,1,singlet,698
TCAGCTCTCGGATGGA,HTO_A,1,singlet,586
TCAGCTCTCTACCTGC,multiplet,2,multiplet,4883
TCAGCTCTCTATGTGG,HTO_B,1,singlet,1883
TCAGCTCTCTGACCTC,HTO_A,1,singlet,1758
TCAGGATAGACGCTTT,HTO_E,1,singlet,1318
TCAGGATAGATCCCAT,HTO_A,1,singlet,968
TCAGGATAGTAGATGT,HTO_B,1,singlet,2395
TCAGGATAGTAGCCGA,HTO_F,1,singlet,844
TCAGGATAGTCGATAA,HTO_E,1,singlet,1043
TCAGGATCAACGATGG,HTO_B,1,singlet,925
TCAGGATCAAGTCTAC,HTO_G,1,singlet,861
TCAGGATCAATAAGCA,HTO_E,1,singlet,2132
TCAGGATCAATCGGTT,HTO_B,1,singlet,815
TCAGGATCACAGACAG,HTO_F,1,singlet,1966
TCAGGATCACATGGGA,HTO_G,1,singlet,1201
TCAGGATCAGAGCCAA,HTO_B,1,singlet,1012
TCAGGATCAGCCACCA,HTO_H,1,singlet,1585
TCAGGATCAGCCTATA,HTO_C,1,singlet,1649
TCAGGATCATCACGAT,HTO_D,1,singlet,1404
TCAGGATCATGGTTGT,HTO_D,1,singlet,1297
TCAGGATGTACTCTCC,HTO_H,1,singlet,813
TCAGGATGTCATGCAT,multiplet,2,multiplet,5215
TCAGGATGTCGGGTCT,HTO_G,1,singlet,774
TCAGGATGTTTGACTG,HTO_C,1,singlet,530
TCAGGATTCAACACTG,HTO_B,1,singlet,1262
TCAGGATTCAAGCCTA,HTO_A,1,singlet,304
TCAGGATTCAGTGTTG,multiplet,2,multiplet,2872
TCAGGATTCATGCTCC,HTO_D,1,singlet,1615
TCAGGATTCCAAAGTC,multiplet,2,multiplet,1281
TCAGGATTCCACGTGG,HTO_D,1,singlet,1750
TCAGGATTCTCACATT,HTO_D,1,singlet,1928
TCAGGATTCTCTAAGG,HTO_B,1,singlet,4067
TCAGGATTCTGAGTGT,multiplet,2,multiplet,1070
TCAGGATTCTTCAACT,HTO_A,1,singlet,228
TCAGGTAAGAATTGTG,HTO_H,1,singlet,673
TCAGGTAAGAGCCTAG,HTO_A,1,singlet,432
TCAGGTAAGGCCCTTG,HTO_C,1,singlet,391
TCAGGTAAGTAGCCGA,HTO_C,1,singlet,355
TCAGGTAAGTATGACA,multiplet,2,multiplet,2711
TCAGGTAAGTGCGATG,multiplet,2,multiplet,3001
TCAGGTAAGTTAACGA,HTO_E,1,singlet,3413
TCAGGTACAAAGCAAT,HTO_H,1,singlet,3234
TCAGGTACAAGGACTG,HTO_B,1,singlet,1123
TCAGGTAGTACCGAGA,multiplet,2,multiplet,1933
TCAGGTAGTAGAGTGC,HTO_H,1,singlet,221
TCAGGTAGTAGCTTGT,HTO_A,1,singlet,161
TCAGGTAGTCAGAGGT,HTO_E,1,singlet,817
TCAGGTAGTCCCTTGT,multiplet,2,multiplet,1621
TCAGGTAGTCTAGCCG,HTO_H,1,singlet,1990
TCAGGTAGTGGTACAG,HTO_G,1,singlet,873
TCAGGTAGTTAGGGTG,multiplet,2,multiplet,1257
TCAGGTAGTTATCACG,HTO_A,1,singlet,1009
TCAGGTATCAGGATCT,HTO_F,1,singlet,3252
TCAGGTATCAGGCAAG,HTO_A,1,singlet,892
TCAGGTATCATAGCAC,HTO_F,1,singlet,1667
TCAGGTATCATGGTCA,HTO_E,1,singlet,1729
TCAGGTATCCAAACAC,HTO_F,1,singlet,716
TCAGGTATCGCAAGCC,HTO_F,1,singlet,411
TCAGGTATCGTGGACC,HTO_A,1,singlet,1044
TCAGGTATCTATCGCC,multiplet,2,multiplet,3111
TCAGGTATCTCTTGAT,HTO_B,1,singlet,875
TCAGGTATCTTAGAGC,HTO_G,1,singlet,1903
TCATTACAGCCTCGTG,HTO_G,1,singlet,872
TCATTACAGCGCCTCA,HTO_A,1,singlet,771
TCATTACAGCTAACTC,HTO_B,1,singlet,930
TCATTACAGCTTTGGT,HTO_A,1,singlet,865
TCATTACAGGCTAGCA,HTO_C,1,singlet,743
TCATTACAGGGATACC,HTO_E,1,singlet,6909
TCATTACAGGGTGTGT,HTO_H,1,singlet,324
TCATTACAGTACACCT,HTO_G,1,singlet,3442
TCATTACAGTAGGCCA,multiplet,2,multiplet,767
TCATTACAGTGAATTG,HTO_A,1,singlet,2394
TCATTACAGTTCGATC,HTO_C,1,singlet,555
TCATTACAGTTGCAGG,multiplet,2,multiplet,1434
TCATTACCAAGGTGTG,HTO_H,1,singlet,574
TCATTACCACATGTGT,multiplet,2,multiplet,2843
TCATTACCACCATGTA,multiplet,3,multiplet,3811
TCATTACCACCCTATC,HTO_A,1,singlet,1425
TCATTACCACGACTCG,HTO_F,1,singlet,1180
TCATTACCAGGCTCAC,HTO_E,1,singlet,819
TCATTACCAGGGAGAG,HTO_H,1,singlet,775
TCATTACCATACTCTT,HTO_D,1,singlet,1464
TCATTACCATCCAACA,HTO_B,1,singlet,3622
TCATTACCATGCCCGA,HTO_G,1,singlet,1628
TCATTACCATGTCCTC,HTO_H,1,singlet,2157
TCATTACGTATATCCG,HTO_A,1,singlet,1375
TCATTACGTCCATGAT,HTO_H,1,singlet,1095
TCATTACGTCTAGTCA,multiplet,2,multiplet,2314
TCATTACGTGAGTATA,HTO_A,1,singlet,870
TCATTACGTGCATCTA,HTO_B,1,singlet,212
TCATTACGTTCCGTCT,HTO_F,1,singlet,4883
TCATTACGTTCCTCCA,multiplet,2,multiplet,1187
TCATTACGTTCGGGCT,HTO_D,1,singlet,1186
TCATTACTCAACACAC,HTO_D,1,singlet,7727
TCATTACTCAACGGGA,HTO_G,1,singlet,2498
TCATTACTCAATACCG,HTO_C,1,singlet,1155
TCATTACTCAGTCAGT,HTO_G,1,singlet,352
TCATTACTCCTCCTAG,HTO_E,1,singlet,1031
TCATTACTCTCCAGGG,HTO_A,1,singlet,719
TCATTACTCTGGCGTG,HTO_G,1,singlet,2100
TCATTTGAGCCCGAAA,HTO_H,1,singlet,1520
TCATTTGAGCTGCGAA,multiplet,2,multiplet,5002
TCATTTGAGGACACCA,HTO_E,1,singlet,1876
TCATTTGAGGGCTTCC,HTO_G,1,singlet,469
TCATTTGAGTCGATAA,HTO_H,1,singlet,218
TCATTTGAGTGACATA,HTO_B,1,singlet,3324
TCATTTGCAAGCGAGT,HTO_E,1,singlet,1908
TCATTTGCAAGGCTCC,HTO_D,1,singlet,1782
TCATTTGCAAGTAATG,HTO_H,1,singlet,903
TCATTTGCAAGTTAAG,HTO_D,1,singlet,1447
TCATTTGCACGAGGTA,HTO_E,1,singlet,1332
TCATTTGCAGCCTTGG,HTO_H,1,singlet,1088
TCATTTGCAGGGCATA,multiplet,2,multiplet,10358
TCATTTGCAGTAAGAT,multiplet,2,multiplet,1610
TCATTTGCAGTCACTA,HTO_A,1,singlet,1653
TCATTTGCAGTTTACG,multiplet,2,multiplet,4427
TCATTTGCATATGCTG,HTO_F,1,singlet,1381
TCATTTGCATCTCGCT,multiplet,2,multiplet,2056
TCATTTGGTACAGTTC,HTO_D,1,singlet,1156
TCATTTGGTACCGTTA,HTO_B,1,singlet,648
TCATTTGGTCAACATC,HTO_E,1,singlet,1172
TCATTTGGTCGTTGTA,multiplet,3,multiplet,3241
TCATTTGGTCTAGAGG,HTO_F,1,singlet,4598
TCATTTGGTCTTGATG,multiplet,2,multiplet,926
TCATTTGGTGTGCGTC,multiplet,2,multiplet,1570
TCATTTGGTTGGTGGA,HTO_D,1,singlet,2816
TCATTTGTCAACGGCC,multiplet,3,multiplet,3769
TCATTTGTCAGAGGTG,HTO_C,1,singlet,564
TCATTTGTCAGGTAAA,HTO_C,1,singlet,424
TCATTTGTCCGCGCAA,HTO_A,1,singlet,617
TCATTTGTCCGTTGTC,HTO_D,1,singlet,1512
TCATTTGTCGCGTTTC,HTO_F,1,singlet,252
TCATTTGTCGGCGCTA,multiplet,2,multiplet,1016
TCATTTGTCTAGAGTC,HTO_C,1,singlet,701
TCATTTGTCTCCAGGG,multiplet,2,multiplet,3748
TCATTTGTCTCTTATG,HTO_B,1,singlet,2974
TCATTTGTCTGTCAAG,HTO_C,1,singlet,844
TCCACACAGCAGGCTA,HTO_F,1,singlet,2212
TCCACACAGCGATAGC,multiplet,2,multiplet,2703
TCCACACAGCGTTTAC,HTO_B,1,singlet,279
TCCACACAGCTAGCCC,HTO_H,1,singlet,920
TCCACACAGGCAGTCA,HTO_F,1,singlet,508
TCCACACAGGGCACTA,HTO_D,1,singlet,1349
TCCACACAGTACGTTC,HTO_E,1,singlet,4530
TCCACACAGTATCGAA,HTO_B,1,singlet,980
TCCACACAGTCCCACG,HTO_D,1,singlet,3685
TCCACACAGTCTTGCA,HTO_F,1,singlet,1762
TCCACACAGTGGTAAT,HTO_B,1,singlet,844
TCCACACAGTGTACCT,HTO_A,1,singlet,2738
TCCACACCACAGAGGT,HTO_G,1,singlet,236
TCCACACCACCCATTC,HTO_E,1,singlet,1655
TCCACACCACTAGTAC,HTO_D,1,singlet,1372
TCCACACCAGGACCCT,HTO_B,1,singlet,828
TCCACACCAGGCGATA,HTO_F,1,singlet,490
TCCACACCAGTATGCT,HTO_C,1,singlet,499
TCCACACCATCAGTCA,multiplet,2,multiplet,1699
TCCACACCATGATCCA,multiplet,2,multiplet,938
TCCACACCATTCCTCG,HTO_E,1,singlet,1687
TCCACACGTAAACGCG,HTO_E,1,singlet,1403
TCCACACGTAAGGGAA,HTO_A,1,singlet,1502
TCCACACGTACAGTTC,HTO_G,1,singlet,1189
TCCACACGTCACAAGG,multiplet,2,multiplet,3390
TCCACACGTTCAGGCC,multiplet,2,multiplet,4278
TCCACACGTTCTGAAC,HTO_D,1,singlet,1985
TCCACACGTTTAGGAA,HTO_B,1,singlet,921
TCCACACTCAACGGCC,HTO_G,1,singlet,2085
TCCACACTCCAGAAGG,HTO_F,1,singlet,5016
TCCACACTCCAGGGCT,HTO_F,1,singlet,2593
TCCACACTCCCTGACT,multiplet,2,multiplet,3796
TCCACACTCCTATGTT,HTO_E,1,singlet,738
TCCACACTCCTTGACC,HTO_B,1,singlet,1899
TCCACACTCTATCCTA,HTO_G,1,singlet,1217
TCCACACTCTGCGGCA,HTO_G,1,singlet,1153
TCCCGATAGAAGGCCT,HTO_E,1,singlet,868
TCCCGATAGACTAAGT,HTO_E,1,singlet,4085
TCCCGATAGCAACGGT,multiplet,2,multiplet,1389
TCCCGATAGCAGGCTA,multiplet,2,multiplet,933
TCCCGATAGCTCAACT,HTO_C,1,singlet,527
TCCCGATAGGACATTA,HTO_G,1,singlet,1886
TCCCGATAGTATCGAA,HTO_B,1,singlet,384
TCCCGATAGTCCCACG,HTO_B,1,singlet,1214
TCCCGATAGTCTCGGC,HTO_F,1,singlet,2351
TCCCGATAGTGGGCTA,HTO_C,1,singlet,1251
TCCCGATCACACAGAG,HTO_H,1,singlet,1052
TCCCGATCACACGCTG,HTO_E,1,singlet,1628
TCCCGATCACAGGAGT,HTO_A,1,singlet,3400
TCCCGATCACGGCCAT,HTO_A,1,singlet,342
TCCCGATCACTTCTGC,HTO_A,1,singlet,944
TCCCGATCAGGGTATG,HTO_D,1,singlet,3562
TCCCGATCATCTCGCT,HTO_G,1,singlet,1183
TCCCGATCATTGGTAC,HTO_B,1,singlet,1933
TCCCGATGTACCGGCT,HTO_F,1,singlet,856
TCCCGATGTACCGTAT,HTO_B,1,singlet,442
TCCCGATGTCCGACGT,HTO_G,1,singlet,3197
TCCCGATGTTGTGGCC,HTO_B,1,singlet,1551
TCCCGATTCACAAACC,multiplet,2,multiplet,380
TCCCGATTCATCATTC,HTO_E,1,singlet,529
TCCCGATTCATTTGGG,HTO_F,1,singlet,1831
TCCCGATTCCAGTAGT,HTO_H,1,singlet,1263
TCCCGATTCCATGAAC,HTO_F,1,singlet,1258
TCCCGATTCGGAAACG,HTO_F,1,singlet,2191
TCCCGATTCGGCGGTT,HTO_B,1,singlet,1368
TCCCGATTCGTCCGTT,HTO_D,1,singlet,1605
TCCCGATTCTCTAAGG,HTO_E,1,singlet,4963
TCCCGATTCTGCTTGC,HTO_B,1,singlet,2317
TCCCGATTCTTTACAC,HTO_B,1,singlet,1558
TCGAGGCAGAACAACT,HTO_C,1,singlet,807
TCGAGGCAGAATCTCC,HTO_H,1,singlet,1312
TCGAGGCAGACTGGGT,HTO_B,1,singlet,2603
TCGAGGCAGAGTAATC,HTO_F,1,singlet,1134
TCGAGGCAGCAGGTCA,HTO_E,1,singlet,727
TCGAGGCAGCCACCTG,HTO_H,1,singlet,870
TCGAGGCAGCCCAGCT,HTO_B,1,singlet,846
TCGAGGCAGGCTCAGA,HTO_E,1,singlet,472
TCGAGGCAGGGTGTGT,HTO_C,1,singlet,470
TCGAGGCCAAGTACCT,multiplet,2,multiplet,2402
TCGAGGCCACAGCGTC,HTO_E,1,singlet,1311
TCGAGGCCACCGATAT,HTO_G,1,singlet,507
TCGAGGCCACGCGAAA,HTO_B,1,singlet,1271
TCGAGGCCACTCAGGC,HTO_H,1,singlet,1006
TCGAGGCCAGCTATTG,HTO_H,1,singlet,976
TCGAGGCCATGTTCCC,HTO_C,1,singlet,1317
TCGAGGCGTAAGAGGA,HTO_C,1,singlet,573
TCGAGGCGTATTACCG,HTO_F,1,singlet,1188
TCGAGGCGTCTCTTTA,HTO_B,1,singlet,2145
TCGAGGCGTGATGTCT,HTO_G,1,singlet,1897
TCGAGGCGTGTATGGG,multiplet,2,multiplet,2728
TCGAGGCGTTGAACTC,multiplet,2,multiplet,975
TCGAGGCTCAGTACGT,HTO_G,1,singlet,681
TCGAGGCTCCAGGGCT,multiplet,2,multiplet,1245
TCGAGGCTCCTAGGGC,HTO_D,1,singlet,477
TCGAGGCTCGGCTACG,multiplet,2,multiplet,1139
TCGAGGCTCTCCTATA,HTO_F,1,singlet,598
TCGAGGCTCTGCAGTA,HTO_F,1,singlet,571
TCGAGGCTCTTCCTTC,HTO_F,1,singlet,300
TCGAGGCTCTTGGGTA,HTO_E,1,singlet,425
TCGCGAGAGCTAACTC,HTO_G,1,singlet,629
TCGCGAGAGCTCCTTC,HTO_H,1,singlet,932
TCGCGAGAGTGTGGCA,HTO_A,1,singlet,543
TCGCGAGCAACTTGAC,HTO_E,1,singlet,1635
TCGCGAGCAAGCGTAG,HTO_H,1,singlet,1160
TCGCGAGCACCCATGG,HTO_G,1,singlet,2292
TCGCGAGCAGGCAGTA,HTO_E,1,singlet,654
TCGCGAGCAGTCTTCC,HTO_G,1,singlet,2143
TCGCGAGCATCTATGG,HTO_A,1,singlet,884
TCGCGAGCATTGGGCC,multiplet,2,multiplet,1826
TCGCGAGGTACTTAGC,HTO_E,1,singlet,725
TCGCGAGGTGGGTCAA,HTO_B,1,singlet,2039
TCGCGAGGTGGTGTAG,HTO_C,1,singlet,436
TCGCGAGGTGTAACGG,HTO_D,1,singlet,483
TCGCGAGGTTACCGAT,HTO_G,1,singlet,781
TCGCGAGGTTCAGCGC,HTO_D,1,singlet,2265
TCGCGAGGTTCCGTCT,HTO_A,1,singlet,767
TCGCGAGGTTTCCACC,multiplet,2,multiplet,1333
TCGCGAGTCCTAAGTG,HTO_A,1,singlet,1173
TCGCGAGTCGAATCCA,HTO_C,1,singlet,1807
TCGCGAGTCGACGGAA,HTO_A,1,singlet,569
TCGCGAGTCTGCAGTA,HTO_B,1,singlet,1606
TCGCGAGTCTTGAGGT,multiplet,2,multiplet,1485
TCGCGTTAGACTAAGT,HTO_G,1,singlet,628
TCGCGTTAGCAGCCTC,HTO_D,1,singlet,415
TCGCGTTAGCAGGCTA,HTO_E,1,singlet,668
TCGCGTTAGCGGATCA,HTO_H,1,singlet,481
TCGCGTTAGCTGCCCA,HTO_G,1,singlet,632
TCGCGTTAGGAGTCTG,HTO_E,1,singlet,578
TCGCGTTAGGGCACTA,multiplet,2,multiplet,649
TCGCGTTCAAGTTCTG,HTO_C,1,singlet,4121
TCGCGTTCAATTCCTT,HTO_H,1,singlet,498
TCGCGTTCACCCAGTG,HTO_C,1,singlet,349
TCGCGTTCAGACGTAG,multiplet,3,multiplet,2089
TCGCGTTCAGCTGCAC,HTO_D,1,singlet,705
TCGCGTTCAGTCGTGC,HTO_A,1,singlet,877
TCGCGTTCATACGCCG,HTO_D,1,singlet,578
TCGCGTTCATATACCG,HTO_H,1,singlet,1212
TCGCGTTCATCGGTTA,HTO_H,1,singlet,2031
TCGCGTTCATGGTCTA,HTO_E,1,singlet,826
TCGCGTTGTCGAAAGC,HTO_B,1,singlet,1926
TCGCGTTGTTCAGACT,HTO_G,1,singlet,1694
TCGCGTTGTTCCTCCA,HTO_D,1,singlet,1198
TCGCGTTGTTCTGAAC,HTO_B,1,singlet,1245
TCGCGTTTCCTTAATC,HTO_H,1,singlet,676
TCGCGTTTCGCAAACT,HTO_B,1,singlet,1586
TCGCGTTTCGCAAGCC,HTO_C,1,singlet,653
TCGCGTTTCGCGTTTC,HTO_D,1,singlet,1309
TCGCGTTTCGGAGCAA,HTO_G,1,singlet,599
TCGCGTTTCTCAAACG,multiplet,2,multiplet,1177
TCGCGTTTCTGTACGA,HTO_B,1,singlet,1587
TCGGGACAGAAGGCCT,HTO_D,1,singlet,1574
TCGGGACAGACATAAC,HTO_B,1,singlet,2702
TCGGGACAGAGCAATT,multiplet,2,multiplet,788
TCGGGACAGATGTAAC,HTO_G,1,singlet,965
TCGGGACAGCTAAACA,HTO_A,1,singlet,458
TCGGGACAGGATTCGG,HTO_B,1,singlet,413
TCGGGACAGGCTAGCA,HTO_B,1,singlet,3373
TCGGGACAGTAGCGGT,HTO_H,1,singlet,735
TCGGGACAGTCGCCGT,HTO_G,1,singlet,339
TCGGGACAGTCTCAAC,multiplet,2,multiplet,1452
TCGGGACAGTGCCATT,multiplet,2,multiplet,1762
TCGGGACCAAACTGCT,HTO_F,1,singlet,473
TCGGGACCAAAGAATC,HTO_E,1,singlet,446
TCGGGACCAGCCTTTC,multiplet,2,multiplet,1740
TCGGGACCAGGTCTCG,HTO_D,1,singlet,619
TCGGGACCAGGTGGAT,HTO_C,1,singlet,274
TCGGGACCATCCGCGA,HTO_F,1,singlet,441
TCGGGACCATGAAGTA,HTO_B,1,singlet,2973
TCGGGACGTAGGGACT,HTO_H,1,singlet,786
TCGGGACGTCGACTGC,HTO_H,1,singlet,1100
TCGGGACGTCTCATCC,HTO_C,1,singlet,4607
TCGGGACGTGTAAGTA,HTO_H,1,singlet,411
TCGGGACGTTCGAATC,HTO_D,1,singlet,1160
TCGGGACTCACAAACC,HTO_C,1,singlet,553
TCGGGACTCACCTTAT,HTO_G,1,singlet,2791
TCGGGACTCCAGATCA,HTO_D,1,singlet,756
TCGGGACTCCAGTAGT,HTO_A,1,singlet,904
TCGGGACTCCTCTAGC,HTO_A,1,singlet,335
TCGGGACTCGAGAACG,HTO_C,1,singlet,1491
TCGGGACTCTGCGGCA,HTO_B,1,singlet,1065
TCGGGACTCTGTCTAT,multiplet,2,multiplet,2921
TCGGGACTCTTATCTG,HTO_H,1,singlet,832
TCGGGACTCTTGTCAT,HTO_H,1,singlet,421
TCGGTAAAGAATTGTG,HTO_D,1,singlet,960
TCGGTAAAGATCTGCT,HTO_E,1,singlet,548
TCGGTAAAGATGGCGT,HTO_E,1,singlet,852
TCGGTAAAGCATGGCA,HTO_A,1,singlet,1046
TCGGTAAAGCCAACAG,HTO_D,1,singlet,440
TCGGTAAAGCGATAGC,HTO_H,1,singlet,785
TCGGTAAAGCGTCTAT,HTO_F,1,singlet,1053
TCGGTAAAGCTTTGGT,HTO_A,1,singlet,946
TCGGTAAAGGACCACA,HTO_C,1,singlet,771
TCGGTAAAGGAGTAGA,HTO_F,1,singlet,3164
TCGGTAAAGGCATGTG,HTO_D,1,singlet,776
TCGGTAAAGGGCTTCC,HTO_H,1,singlet,1651
TCGGTAAAGGTGTTAA,HTO_E,1,singlet,1349
TCGGTAAAGTGAAGAG,HTO_D,1,singlet,812
TCGGTAAAGTTGAGTA,multiplet,2,multiplet,4544
TCGGTAACAAACCCAT,HTO_D,1,singlet,1405
TCGGTAACAATCAGAA,multiplet,2,multiplet,1490
TCGGTAACACAGCCCA,HTO_H,1,singlet,294
TCGGTAACACCAGGTC,HTO_H,1,singlet,811
TCGGTAACATACCATG,HTO_H,1,singlet,225
TCGGTAACATCGATGT,HTO_C,1,singlet,1659
TCGGTAACATGCAATC,HTO_F,1,singlet,3068
TCGGTAAGTACGCACC,HTO_A,1,singlet,236
TCGGTAAGTGCCTGCA,HTO_F,1,singlet,3705
TCGGTAAGTTAAAGTG,HTO_A,1,singlet,595
TCGGTAATCAAGGTAA,HTO_A,1,singlet,771
TCGGTAATCACCCGAG,HTO_B,1,singlet,1328
TCGGTAATCACGAAGG,HTO_C,1,singlet,467
TCGGTAATCATGCATG,multiplet,2,multiplet,4507
TCGGTAATCATGTCTT,HTO_C,1,singlet,1029
TCGGTAATCCAGAAGG,multiplet,3,multiplet,1752
TCGGTAATCCTCATTA,HTO_C,1,singlet,573
TCGGTAATCGCCATAA,HTO_F,1,singlet,2025
TCGGTAATCGGATGTT,HTO_G,1,singlet,831
TCGGTAATCGTTACAG,HTO_H,1,singlet,875
TCGGTAATCGTTGACA,HTO_E,1,singlet,617
TCGGTAATCTATCGCC,HTO_H,1,singlet,1183
TCGGTAATCTGCAGTA,multiplet,3,multiplet,7805
TCGTACCAGCAGGTCA,HTO_G,1,singlet,1009
TCGTACCAGCGTGAGT,HTO_E,1,singlet,402
TCGTACCAGGTAGCCA,HTO_G,1,singlet,333
TCGTACCAGTGGTAAT,HTO_B,1,singlet,1273
TCGTACCAGTTGAGAT,HTO_D,1,singlet,442
TCGTACCCAAGGACTG,multiplet,2,multiplet,805
TCGTACCCACCTATCC,HTO_D,1,singlet,433
TCGTACCCAGCGAACA,HTO_A,1,singlet,276
TCGTACCCAGTATCTG,HTO_E,1,singlet,177
TCGTACCCAGTCCTTC,HTO_D,1,singlet,390
TCGTACCCAGTTCATG,HTO_E,1,singlet,595
TCGTACCCATATGAGA,multiplet,2,multiplet,1054
TCGTACCCATGGGAAC,HTO_F,1,singlet,363
TCGTACCGTACCGGCT,HTO_B,1,singlet,679
TCGTACCGTATATCCG,HTO_F,1,singlet,1181
TCGTACCGTATCGCAT,HTO_D,1,singlet,733
TCGTACCGTCTGGAGA,HTO_F,1,singlet,315
TCGTACCGTGACCAAG,HTO_G,1,singlet,330
TCGTACCGTTCAGGCC,HTO_D,1,singlet,919
TCGTACCTCACCATAG,multiplet,2,multiplet,970
TCGTACCTCAGGCCCA,HTO_B,1,singlet,305
TCGTACCTCCAGTATG,HTO_C,1,singlet,449
TCGTACCTCCGCATAA,HTO_H,1,singlet,1255
TCGTACCTCGCGTTTC,HTO_B,1,singlet,127
TCGTACCTCGTACGGC,HTO_A,1,singlet,285
TCGTACCTCTAACTGG,HTO_D,1,singlet,488
TCGTACCTCTTTACAC,multiplet,2,multiplet,1749
TCGTAGAAGAGACTTA,multiplet,2,multiplet,1384
TCGTAGAAGAGTAATC,HTO_E,1,singlet,1563
TCGTAGAAGCACGCCT,HTO_F,1,singlet,1104
TCGTAGAAGCAGACTG,HTO_H,1,singlet,1169
TCGTAGAAGTACGCGA,HTO_B,1,singlet,1479
TCGTAGAAGTATTGGA,HTO_F,1,singlet,1222
TCGTAGAAGTGGGATC,HTO_C,1,singlet,1260
TCGTAGACAACGATCT,HTO_G,1,singlet,514
TCGTAGACAATAGCGG,HTO_E,1,singlet,1208
TCGTAGACACCCATTC,HTO_D,1,singlet,713
TCGTAGACACGGATAG,HTO_H,1,singlet,2669
TCGTAGACAGCAGTTT,HTO_B,1,singlet,985
TCGTAGACATACGCCG,HTO_E,1,singlet,945
TCGTAGACATCCCATC,HTO_F,1,singlet,1570
TCGTAGACATTTGCTT,HTO_H,1,singlet,1745
TCGTAGAGTACATGTC,HTO_D,1,singlet,783
TCGTAGAGTATGGTTC,HTO_F,1,singlet,1657
TCGTAGAGTCAGATAA,HTO_G,1,singlet,269
TCGTAGAGTCGGATCC,HTO_H,1,singlet,422
TCGTAGAGTCGGCTCA,HTO_E,1,singlet,2011
TCGTAGAGTGCACTTA,HTO_B,1,singlet,1428
TCGTAGAGTTAAGTAG,HTO_G,1,singlet,2328
TCGTAGATCAGAGACG,HTO_B,1,singlet,904
TCGTAGATCATCTGCC,HTO_A,1,singlet,858
TCGTAGATCCCAACGG,HTO_F,1,singlet,449
TCGTAGATCCCATTTA,HTO_G,1,singlet,481
TCGTAGATCGGTGTTA,multiplet,2,multiplet,1495
TCGTAGATCTGCCAGG,HTO_C,1,singlet,1098
TCTATTGAGAAGGACA,HTO_B,1,singlet,767
TCTATTGAGAATCTCC,HTO_F,1,singlet,781
TCTATTGAGAGCCTAG,HTO_A,1,singlet,1668
TCTATTGAGCCTTGAT,HTO_G,1,singlet,2240
TCTATTGAGCGACGTA,HTO_C,1,singlet,2375
TCTATTGAGCTAAGAT,HTO_C,1,singlet,746
TCTATTGAGCTAGGCA,multiplet,2,multiplet,5459
TCTATTGAGGACATTA,HTO_G,1,singlet,684
TCTATTGAGGTGCACA,HTO_D,1,singlet,1307
TCTATTGAGTACATGA,HTO_C,1,singlet,1850
TCTATTGAGTTCGATC,HTO_D,1,singlet,1924
TCTATTGCAATCCGAT,HTO_B,1,singlet,2497
TCTATTGCACCAGATT,HTO_C,1,singlet,793
TCTATTGCACCAGGTC,HTO_D,1,singlet,1503
TCTATTGCACGGCCAT,HTO_D,1,singlet,1494
TCTATTGCACTATCTT,HTO_H,1,singlet,824
TCTATTGCACTTCTGC,HTO_G,1,singlet,694
TCTATTGCAGATCGGA,HTO_B,1,singlet,2935
TCTATTGCAGCTGTGC,HTO_E,1,singlet,1038
TCTATTGCAGGTCCAC,HTO_G,1,singlet,2064
TCTATTGCAGTGACAG,HTO_C,1,singlet,3583
TCTATTGCAGTTAACC,multiplet,2,multiplet,2975
TCTATTGCATGCAATC,HTO_F,1,singlet,1616
TCTATTGGTAGCTAAA,HTO_C,1,singlet,445
TCTATTGGTCGCATAT,HTO_B,1,singlet,3078
TCTATTGGTCTCCATC,HTO_E,1,singlet,1226
TCTATTGGTCTTGTCC,HTO_E,1,singlet,847
TCTATTGGTGACTACT,HTO_F,1,singlet,3330
TCTATTGTCAATACCG,HTO_H,1,singlet,691
TCTATTGTCCTTGCCA,HTO_H,1,singlet,657
TCTATTGTCGCGATCG,HTO_F,1,singlet,753
TCTATTGTCTGCTGCT,HTO_C,1,singlet,794
TCTATTGTCTGTCTAT,HTO_C,1,singlet,1478
TCTCATAAGAAGGACA,HTO_A,1,singlet,227
TCTCATAAGAGACTAT,HTO_C,1,singlet,1200
TCTCATAAGATGAGAG,HTO_E,1,singlet,1647
TCTCATAAGCGCCTCA,HTO_D,1,singlet,1384
TCTCATAAGCGTTGCC,HTO_B,1,singlet,943
TCTCATAAGCTCCCAG,HTO_H,1,singlet,2980
TCTCATAAGGACGAAA,HTO_D,1,singlet,1359
TCTCATAAGGAGTTGC,HTO_D,1,singlet,1391
TCTCATAAGGATGCGT,HTO_C,1,singlet,442
TCTCATAAGGATGGAA,HTO_G,1,singlet,1115
TCTCATAAGGGCATGT,HTO_G,1,singlet,1170
TCTCATAAGTAATCCC,HTO_C,1,singlet,678
TCTCATAAGTATCTCG,HTO_G,1,singlet,754
TCTCATACAACCGCCA,multiplet,2,multiplet,2933
TCTCATACAAGGTTCT,HTO_F,1,singlet,255
TCTCATACAAGTTCTG,HTO_A,1,singlet,478
TCTCATACAATAGAGT,HTO_A,1,singlet,1895
TCTCATACACGGTGTC,HTO_G,1,singlet,667
TCTCATACAGGAACGT,multiplet,2,multiplet,3445
TCTCATACATAAAGGT,HTO_A,1,singlet,387
TCTCATACATTCCTCG,HTO_H,1,singlet,691
TCTCATAGTCAGAGGT,HTO_C,1,singlet,765
TCTCATAGTCGTCTTC,HTO_B,1,singlet,1226
TCTCATAGTCTGATTG,HTO_E,1,singlet,1334
TCTCATAGTCTTGCGG,HTO_H,1,singlet,4659
TCTCATAGTGCGGTAA,HTO_H,1,singlet,1150
TCTCATAGTGCTAGCC,multiplet,2,multiplet,1124
TCTCATAGTTCTCATT,HTO_H,1,singlet,2258
TCTCATAGTTGGTGGA,HTO_B,1,singlet,558
TCTCATAGTTGTGGCC,HTO_A,1,singlet,1124
TCTCATAGTTTGACAC,HTO_H,1,singlet,2798
TCTCATATCAACGCTA,HTO_F,1,singlet,1089
TCTCATATCAATACCG,multiplet,2,multiplet,2215
TCTCATATCATCGCTC,multiplet,2,multiplet,1489
TCTCATATCCGGGTGT,HTO_B,1,singlet,1829
TCTCATATCGCGGATC,HTO_H,1,singlet,450
TCTCATATCGGCCGAT,HTO_G,1,singlet,525
TCTCATATCGTTGACA,HTO_H,1,singlet,697
TCTCATATCTACCAGA,HTO_F,1,singlet,1147
TCTCATATCTACGAGT,HTO_H,1,singlet,374
TCTCATATCTGCCAGG,HTO_A,1,singlet,2003
TCTCATATCTGGTGTA,multiplet,3,multiplet,3287
TCTCTAAAGACTACAA,HTO_B,1,singlet,896
TCTCTAAAGCATGGCA,HTO_C,1,singlet,1417
TCTCTAAAGCTAACAA,HTO_F,1,singlet,1066
TCTCTAAAGGACTGGT,multiplet,2,multiplet,1822
TCTCTAAAGGGAAACA,HTO_C,1,singlet,4078
TCTCTAACAAGACGTG,HTO_F,1,singlet,1178
TCTCTAACAATCAGAA,multiplet,2,multiplet,3047
TCTCTAACACCAGATT,HTO_H,1,singlet,2852
TCTCTAACACCTCGGA,HTO_G,1,singlet,880
TCTCTAACACGAGGTA,HTO_C,1,singlet,2317
TCTCTAACAGACAGGT,HTO_A,1,singlet,875
TCTCTAACAGCCACCA,HTO_F,1,singlet,486
TCTCTAAGTACAGTGG,HTO_F,1,singlet,2746
TCTCTAAGTACGCTGC,HTO_F,1,singlet,1374
TCTCTAAGTGATGTGG,HTO_H,1,singlet,647
TCTCTAAGTGCCTGGT,HTO_D,1,singlet,697
TCTCTAAGTGTTGGGA,HTO_B,1,singlet,1831
TCTCTAAGTTTCGCTC,HTO_G,1,singlet,941
TCTCTAAGTTTGTTTC,HTO_A,1,singlet,831
TCTCTAATCAACTCTT,HTO_A,1,singlet,397
TCTCTAATCACTCTTA,HTO_H,1,singlet,454
TCTCTAATCCTATTCA,HTO_A,1,singlet,531
TCTCTAATCGGCGCAT,HTO_C,1,singlet,509
TCTCTAATCGTTACAG,HTO_B,1,singlet,3125
TCTCTAATCTAACTCT,HTO_E,1,singlet,661
TCTCTAATCTACTCAT,HTO_A,1,singlet,2128
TCTCTAATCTCAAACG,HTO_G,1,singlet,1598
TCTCTAATCTGACCTC,HTO_H,1,singlet,919
TCTCTAATCTGCAAGT,multiplet,2,multiplet,2541
TCTGAGAAGACTAAGT,HTO_G,1,singlet,1139
TCTGAGAAGACTAGAT,HTO_A,1,singlet,1069
TCTGAGAAGACTGGGT,HTO_G,1,singlet,1794
TCTGAGAAGAGATGAG,HTO_E,1,singlet,1931
TCTGAGAAGCGAAGGG,HTO_A,1,singlet,870
TCTGAGAAGGATGCGT,HTO_C,1,singlet,2218
TCTGAGAAGTAATCCC,HTO_B,1,singlet,771
TCTGAGAAGTGAACAT,HTO_A,1,singlet,936
TCTGAGAAGTGTACGG,HTO_G,1,singlet,1083
TCTGAGACACAGCGTC,multiplet,2,multiplet,1522
TCTGAGACACGAAGCA,HTO_E,1,singlet,1165
TCTGAGACATGGGAAC,HTO_A,1,singlet,1136
TCTGAGACATTCACTT,multiplet,2,multiplet,1272
TCTGAGACATTCTTAC,HTO_F,1,singlet,760
TCTGAGAGTACCGAGA,HTO_G,1,singlet,1411
TCTGAGAGTATGAATG,HTO_B,1,singlet,699
TCTGAGAGTCTCCATC,HTO_H,1,singlet,1399
TCTGAGAGTGATGCCC,HTO_C,1,singlet,815
TCTGAGAGTGGCTCCA,HTO_H,1,singlet,893
TCTGAGAGTTGGAGGT,HTO_C,1,singlet,1300
TCTGAGAGTTGTACAC,HTO_E,1,singlet,466
TCTGAGATCAGCTCTC,HTO_F,1,singlet,6058
TCTGAGATCAGCTTAG,HTO_A,1,singlet,1326
TCTGAGATCAGTGCAT,HTO_F,1,singlet,1496
TCTGAGATCCGAATGT,HTO_C,1,singlet,1139
TCTGAGATCCGCAGTG,HTO_D,1,singlet,1814
TCTGGAAAGACACTAA,multiplet,2,multiplet,5728
TCTGGAAAGATATGGT,HTO_D,1,singlet,974
TCTGGAAAGCAGATCG,HTO_F,1,singlet,1984
TCTGGAAAGCCTCGTG,HTO_B,1,singlet,1838
TCTGGAAAGCTAGTGG,HTO_C,1,singlet,803
TCTGGAAAGGAATGGA,HTO_B,1,singlet,1377
TCTGGAAAGTGGCACA,HTO_H,1,singlet,2006
TCTGGAACAATCACAC,HTO_D,1,singlet,1161
TCTGGAACAATGGACG,HTO_G,1,singlet,1009
TCTGGAACACAAGTAA,HTO_B,1,singlet,894
TCTGGAACACACTGCG,HTO_A,1,singlet,1032
TCTGGAACACCGTTGG,multiplet,2,multiplet,1725
TCTGGAACACGGTTTA,HTO_C,1,singlet,825
TCTGGAACAGATAATG,HTO_E,1,singlet,1259
TCTGGAACAGCTCCGA,HTO_E,1,singlet,1841
TCTGGAACAGCTGCTG,HTO_A,1,singlet,1099
TCTGGAACATCATCCC,HTO_B,1,singlet,1307
TCTGGAAGTACATGTC,HTO_C,1,singlet,1138
TCTGGAAGTACCATCA,HTO_B,1,singlet,882
TCTGGAAGTCCCTTGT,HTO_F,1,singlet,1576
TCTGGAAGTCTAGCCG,HTO_E,1,singlet,1139
TCTGGAAGTCTCAACA,HTO_F,1,singlet,1835
TCTGGAAGTGAGTATA,HTO_H,1,singlet,967
TCTGGAAGTGGTAACG,HTO_D,1,singlet,1188
TCTGGAAGTGTTTGGT,HTO_A,1,singlet,469
TCTGGAATCACATAGC,HTO_D,1,singlet,1382
TCTGGAATCAGATAAG,HTO_B,1,singlet,979
TCTGGAATCAGCTCTC,HTO_D,1,singlet,2617
TCTGGAATCATACGGT,HTO_H,1,singlet,4768
TCTGGAATCCTAGGGC,HTO_G,1,singlet,1192
TCTGGAATCCTCAACC,HTO_C,1,singlet,1253
TCTGGAATCCTTGACC,HTO_F,1,singlet,582
TCTGGAATCGGAGCAA,HTO_G,1,singlet,868
TCTGGAATCGTTGCCT,HTO_G,1,singlet,688
TCTGGAATCGTTTATC,HTO_F,1,singlet,1616
TCTGGAATCTGGTGTA,multiplet,2,multiplet,1722
TCTTCGGAGAAACGAG,HTO_D,1,singlet,1662
TCTTCGGAGAAGAAGC,HTO_E,1,singlet,1379
TCTTCGGAGACCACGA,HTO_A,1,singlet,254
TCTTCGGAGAGCCTAG,HTO_D,1,singlet,1026
TCTTCGGAGCTAAGAT,multiplet,2,multiplet,1678
TCTTCGGAGGAGTTTA,HTO_D,1,singlet,586
TCTTCGGAGGCTAGCA,HTO_D,1,singlet,2026
TCTTCGGAGTATCGAA,HTO_A,1,singlet,1443
TCTTCGGAGTCACGCC,HTO_D,1,singlet,1807
TCTTCGGCACAGACAG,HTO_A,1,singlet,452
TCTTCGGCATCATCCC,HTO_C,1,singlet,771
TCTTCGGCATTAGCCA,HTO_B,1,singlet,1362
TCTTCGGGTCAAGCGA,HTO_H,1,singlet,1381
TCTTCGGGTCGAAAGC,HTO_H,1,singlet,4389
TCTTCGGGTCGAACAG,HTO_H,1,singlet,890
TCTTCGGGTCTAGCCG,HTO_B,1,singlet,2794
TCTTCGGGTCTTGCGG,HTO_G,1,singlet,2538
TCTTCGGGTTAAGGGC,HTO_F,1,singlet,2492
TCTTCGGGTTCAGACT,multiplet,2,multiplet,2511
TCTTCGGGTTTGCATG,HTO_F,1,singlet,1514
TCTTCGGTCAGTCCCT,HTO_D,1,singlet,1672
TCTTCGGTCAGTTAGC,HTO_A,1,singlet,3277
TCTTCGGTCATCGGAT,HTO_D,1,singlet,1486
TCTTCGGTCCCTCTTT,HTO_A,1,singlet,3093
TCTTCGGTCGCCTGTT,HTO_H,1,singlet,1871
TCTTCGGTCTACCTGC,HTO_H,1,singlet,2046
TCTTCGGTCTTAGAGC,multiplet,2,multiplet,3240
TCTTCGGTCTTCTGGC,HTO_A,1,singlet,1276
TCTTTCCAGACACGAC,HTO_E,1,singlet,910
TCTTTCCAGAGGTACC,multiplet,3,multiplet,8158
TCTTTCCAGCTAGCCC,multiplet,2,multiplet,1118
TCTTTCCAGGCGATAC,HTO_E,1,singlet,673
TCTTTCCAGGCTCAGA,HTO_B,1,singlet,5327
TCTTTCCAGGGATCTG,HTO_E,1,singlet,1205
TCTTTCCAGTAGGTGC,HTO_H,1,singlet,1392
TCTTTCCAGTTGTCGT,HTO_C,1,singlet,2416
TCTTTCCCAAACGCGA,HTO_B,1,singlet,2391
TCTTTCCCAAATCCGT,HTO_E,1,singlet,797
TCTTTCCCAACTGGCC,HTO_F,1,singlet,1159
TCTTTCCCACCGAAAG,multiplet,2,multiplet,4655
TCTTTCCCAGCTGCTG,HTO_C,1,singlet,2836
TCTTTCCCATCACGAT,HTO_H,1,singlet,2819
TCTTTCCCATTACCTT,HTO_G,1,singlet,3093
TCTTTCCGTAAATACG,HTO_H,1,singlet,753
TCTTTCCGTAAGGATT,HTO_G,1,singlet,327
TCTTTCCGTAGAGCTG,HTO_A,1,singlet,653
TCTTTCCGTATAAACG,multiplet,2,multiplet,2413
TCTTTCCGTCATATCG,HTO_H,1,singlet,358
TCTTTCCGTCGCGGTT,HTO_A,1,singlet,958
TCTTTCCGTCTAGAGG,HTO_H,1,singlet,998
TCTTTCCGTTCAGACT,HTO_F,1,singlet,3230
TCTTTCCGTTGAGGTG,HTO_B,1,singlet,3871
TCTTTCCGTTGATTCG,HTO_C,1,singlet,3283
TCTTTCCGTTTGCATG,HTO_B,1,singlet,796
TCTTTCCTCAACTCTT,multiplet,3,multiplet,3672
TCTTTCCTCAGGTTCA,HTO_A,1,singlet,973
TCTTTCCTCATTATCC,HTO_D,1,singlet,895
TCTTTCCTCCGCAAGC,HTO_B,1,singlet,2274
TCTTTCCTCCTCGCAT,multiplet,2,multiplet,3401
TCTTTCCTCGCTAGCG,multiplet,2,multiplet,2228
TCTTTCCTCTAAGCCA,HTO_B,1,singlet,5226
TCTTTCCTCTCCAGGG,HTO_G,1,singlet,924
TCTTTCCTCTTACCTA,HTO_E,1,singlet,758
TCTTTCCTCTTGCCGT,HTO_D,1,singlet,1556
TGAAAGAAGAATCTCC,HTO_A,1,singlet,2205
TGAAAGAAGAGCCCAA,HTO_D,1,singlet,3877
TGAAAGAAGAGGACGG,HTO_E,1,singlet,3528
TGAAAGAAGAGTCTGG,HTO_A,1,singlet,986
TGAAAGAAGCCACGTC,HTO_D,1,singlet,1280
TGAAAGAAGCGGATCA,HTO_D,1,singlet,2080
TGAAAGAAGCGTCAAG,HTO_D,1,singlet,2487
TGAAAGAAGCGTTTAC,multiplet,2,multiplet,2343
TGAAAGAAGGCGCTCT,HTO_B,1,singlet,2081
TGAAAGAAGGTAGCCA,HTO_B,1,singlet,1192
TGAAAGAAGTCCAGGA,HTO_G,1,singlet,1222
TGAAAGAAGTCCGGTC,HTO_C,1,singlet,1313
TGAAAGAAGTCGCCGT,HTO_C,1,singlet,1065
TGAAAGACAAGGTGTG,HTO_G,1,singlet,1279
TGAAAGACACGCTTTC,HTO_F,1,singlet,579
TGAAAGACAGGTCGTC,HTO_E,1,singlet,856
TGAAAGACATCGTCGG,HTO_E,1,singlet,623
TGAAAGAGTACCTACA,HTO_B,1,singlet,1422
TGAAAGAGTAGTAGTA,HTO_G,1,singlet,1088
TGAAAGAGTCTTCTCG,multiplet,2,multiplet,1933
TGAAAGAGTTATCACG,multiplet,2,multiplet,3648
TGAAAGAGTTTGACAC,HTO_H,1,singlet,241
TGAAAGATCACTGGGC,HTO_B,1,singlet,2298
TGAAAGATCCCGACTT,HTO_B,1,singlet,512
TGAAAGATCCGTTGTC,HTO_A,1,singlet,1650
TGAAAGATCCTGTACC,HTO_A,1,singlet,185
TGAAAGATCGTTGCCT,HTO_D,1,singlet,6552
TGAAAGATCTAAGCCA,multiplet,2,multiplet,2067
TGAAAGATCTGATTCT,HTO_B,1,singlet,3018
TGAAAGATCTTGCCGT,multiplet,2,multiplet,1044
TGACAACAGAGTGACC,HTO_A,1,singlet,1217
TGACAACAGATGTGTA,HTO_A,1,singlet,1269
TGACAACAGCCCAGCT,HTO_G,1,singlet,813
TGACAACAGCGAGAAA,HTO_D,1,singlet,832
TGACAACAGCGTCTAT,multiplet,3,multiplet,4946
TGACAACAGCGTGAAC,HTO_B,1,singlet,1073
TGACAACAGGGAACGG,multiplet,2,multiplet,2156
TGACAACAGTATCTCG,HTO_A,1,singlet,1062
TGACAACCAAATTGCC,HTO_F,1,singlet,5952
TGACAACCAAGCCGTC,HTO_G,1,singlet,362
TGACAACCAAGTCATC,HTO_G,1,singlet,1327
TGACAACCACTGTTAG,HTO_H,1,singlet,923
TGACAACCAGCTGTAT,HTO_G,1,singlet,644
TGACAACGTACGAAAT,HTO_C,1,singlet,977
TGACAACGTAGTACCT,multiplet,2,multiplet,3251
TGACAACGTCACAAGG,HTO_H,1,singlet,827
TGACAACGTCACTTCC,HTO_E,1,singlet,2631
TGACAACGTGCACGAA,HTO_G,1,singlet,1749
TGACAACGTTGAGGTG,HTO_E,1,singlet,908
TGACAACTCACCAGGC,HTO_F,1,singlet,1390
TGACAACTCCATGAAC,multiplet,2,multiplet,2174
TGACAACTCGGCGCAT,multiplet,2,multiplet,2194
TGACAACTCGTTGACA,HTO_F,1,singlet,895
TGACGGCAGAAACCAT,HTO_A,1,singlet,1042
TGACGGCAGAAGATTC,multiplet,2,multiplet,6891
TGACGGCAGACTAGAT,HTO_H,1,singlet,2556
TGACGGCAGATCACGG,HTO_C,1,singlet,823
TGACGGCAGCCTCGTG,multiplet,2,multiplet,2356
TGACGGCAGCTAAGAT,multiplet,2,multiplet,4472
TGACGGCAGCTGTCTA,multiplet,2,multiplet,2448
TGACGGCAGGATTCGG,HTO_H,1,singlet,3241
TGACGGCCAACAACCT,HTO_C,1,singlet,383
TGACGGCCAACACGCC,HTO_B,1,singlet,3454
TGACGGCCAATCAGAA,multiplet,3,multiplet,5666
TGACGGCCATACGCCG,HTO_H,1,singlet,2666
TGACGGCCATGGATGG,HTO_A,1,singlet,385
TGACGGCCATGTCGAT,HTO_A,1,singlet,744
TGACGGCGTAGATTAG,HTO_D,1,singlet,1314
TGACGGCGTCAGAATA,HTO_F,1,singlet,925
TGACGGCGTCAGATAA,HTO_D,1,singlet,1399
TGACGGCGTCCAACTA,HTO_G,1,singlet,763
TGACGGCGTCTAGTCA,multiplet,2,multiplet,2096
TGACGGCGTCTCATCC,HTO_H,1,singlet,741
TGACGGCGTCTGATTG,HTO_G,1,singlet,1407
TGACGGCGTGACAAAT,HTO_H,1,singlet,711
TGACGGCGTTACCGAT,HTO_D,1,singlet,1974
TGACGGCGTTCGTGAT,multiplet,2,multiplet,1623
TGACGGCTCAGCAACT,HTO_B,1,singlet,3533
TGACGGCTCAGCACAT,HTO_C,1,singlet,1027
TGACGGCTCAGTTAGC,HTO_G,1,singlet,2066
TGACGGCTCCAAGTAC,HTO_F,1,singlet,1508
TGACGGCTCCTGTACC,HTO_A,1,singlet,1229
TGACGGCTCGACAGCC,HTO_A,1,singlet,449
TGACGGCTCGCGATCG,HTO_F,1,singlet,2142
TGACGGCTCTCAACTT,multiplet,2,multiplet,1607
TGACGGCTCTGATACG,multiplet,2,multiplet,1828
TGACGGCTCTTATCTG,HTO_B,1,singlet,3470
TGACTAGAGACAGGCT,HTO_H,1,singlet,1080
TGACTAGAGATACACA,HTO_B,1,singlet,3997
TGACTAGAGGAATCGC,HTO_D,1,singlet,1481
TGACTAGAGGGATCTG,HTO_D,1,singlet,1805
TGACTAGAGGTAAACT,HTO_H,1,singlet,1679
TGACTAGCAAAGGCGT,multiplet,2,multiplet,1533
TGACTAGCAAGGTTCT,HTO_E,1,singlet,492
TGACTAGCACAGGCCT,HTO_C,1,singlet,2140
TGACTAGCACAGGTTT,HTO_F,1,singlet,910
TGACTAGCAGATGAGC,multiplet,2,multiplet,6485
TGACTAGCAGCTTAAC,multiplet,2,multiplet,1797
TGACTAGCAGGGTATG,HTO_F,1,singlet,1041
TGACTAGCAGTATCTG,multiplet,2,multiplet,1393
TGACTAGCATAGGATA,HTO_D,1,singlet,1699
TGACTAGCATCGATGT,HTO_A,1,singlet,737
TGACTAGGTAGCTAAA,HTO_B,1,singlet,1842
TGACTAGGTTATTCTC,HTO_A,1,singlet,856
TGACTAGGTTTACTCT,HTO_A,1,singlet,2321
TGACTAGGTTTGTTGG,HTO_E,1,singlet,821
TGACTAGTCAAAGACA,HTO_A,1,singlet,227
TGACTAGTCAAGAAGT,HTO_F,1,singlet,1826
TGACTAGTCACCACCT,HTO_F,1,singlet,490
TGACTAGTCACCAGGC,HTO_F,1,singlet,1234
TGACTAGTCAGTACGT,HTO_G,1,singlet,3536
TGACTAGTCCATTCTA,HTO_H,1,singlet,1970
TGACTAGTCCCTTGTG,HTO_G,1,singlet,806
TGACTAGTCCGCAAGC,multiplet,2,multiplet,1548
TGACTAGTCTCAAACG,HTO_C,1,singlet,1317
TGACTAGTCTCGCATC,HTO_A,1,singlet,1155
TGACTAGTCTGCTGTC,HTO_C,1,singlet,741
TGACTAGTCTTGACGA,multiplet,2,multiplet,3864
TGACTTTAGAAGGTGA,HTO_A,1,singlet,983
TGACTTTAGATCGATA,HTO_E,1,singlet,2156
TGACTTTAGCTAGGCA,HTO_C,1,singlet,851
TGACTTTAGGATGGAA,HTO_D,1,singlet,3011
TGACTTTCAATCACAC,HTO_B,1,singlet,1019
TGACTTTCACCTGGTG,HTO_A,1,singlet,1326
TGACTTTCAGCCAATT,HTO_H,1,singlet,1019
TGACTTTCAGTTAACC,HTO_H,1,singlet,1505
TGACTTTCATCCCATC,multiplet,2,multiplet,6456
TGACTTTCATGGATGG,HTO_E,1,singlet,2838
TGACTTTGTCAACATC,HTO_C,1,singlet,913
TGACTTTGTCCGAAGA,multiplet,2,multiplet,2963
TGACTTTGTCCTAGCG,HTO_D,1,singlet,4233
TGACTTTGTCTCCACT,multiplet,2,multiplet,2225
TGACTTTGTGCAGTAG,HTO_F,1,singlet,1033
TGACTTTGTGGGTCAA,HTO_B,1,singlet,844
TGACTTTTCAGAGCTT,HTO_B,1,singlet,2086
TGACTTTTCAGTTTGG,HTO_B,1,singlet,2669
TGACTTTTCATTCACT,HTO_H,1,singlet,1670
TGACTTTTCGTATCAG,HTO_E,1,singlet,1475
TGACTTTTCGTCTGAA,HTO_H,1,singlet,3052
TGACTTTTCTATGTGG,HTO_B,1,singlet,422
TGAGAGGAGCCATCGC,HTO_B,1,singlet,3221
TGAGAGGAGCGGCTTC,HTO_D,1,singlet,2250
TGAGAGGAGCTGATAA,HTO_H,1,singlet,1818
TGAGAGGAGGACATTA,HTO_H,1,singlet,1167
TGAGAGGAGGCAGGTT,HTO_B,1,singlet,2424
TGAGAGGAGGTGATAT,HTO_G,1,singlet,1436
TGAGAGGAGTGAAGTT,HTO_A,1,singlet,574
TGAGAGGAGTGATCGG,multiplet,2,multiplet,983
TGAGAGGAGTGCCATT,HTO_G,1,singlet,1262
TGAGAGGAGTGCGTGA,multiplet,2,multiplet,1715
TGAGAGGAGTGTTAGA,HTO_A,1,singlet,1218
TGAGAGGAGTGTTGAA,multiplet,2,multiplet,5648
TGAGAGGAGTTGTCGT,negative,0,negative,134
TGAGAGGCAAGTACCT,HTO_A,1,singlet,2688
TGAGAGGCACCGATAT,HTO_E,1,singlet,1203
TGAGAGGCACCGGAAA,HTO_D,1,singlet,2935
TGAGAGGCACGCTTTC,HTO_H,1,singlet,1448
TGAGAGGCAGGGATTG,HTO_F,1,singlet,487
TGAGAGGGTAAAGTCA,HTO_F,1,singlet,2686
TGAGAGGGTAGCTCCG,HTO_G,1,singlet,2861
TGAGAGGGTATATGGA,HTO_H,1,singlet,3628
TGAGAGGGTATGGTTC,HTO_A,1,singlet,1935
TGAGAGGGTCGGGTCT,multiplet,2,multiplet,2703
TGAGAGGGTCTCCATC,HTO_E,1,singlet,1910
TGAGAGGGTTATGTGC,HTO_F,1,singlet,1603
TGAGAGGTCAAACGGG,HTO_C,1,singlet,829
TGAGAGGTCATAACCG,HTO_F,1,singlet,4438
TGAGAGGTCATCATTC,HTO_G,1,singlet,1416
TGAGCATAGAACAATC,HTO_C,1,singlet,1009
TGAGCATAGCAATCTC,HTO_A,1,singlet,1030
TGAGCATAGCTGGAAC,HTO_H,1,singlet,5818
TGAGCATAGGGATGGG,HTO_B,1,singlet,898
TGAGCATAGGTGATTA,multiplet,2,multiplet,4628
TGAGCATAGTATGACA,HTO_E,1,singlet,3079
TGAGCATCAACGATGG,HTO_H,1,singlet,656
TGAGCATCACAGTCGC,HTO_C,1,singlet,2175
TGAGCATCACCGATAT,multiplet,2,multiplet,4046
TGAGCATCAGACGTAG,HTO_H,1,singlet,166
TGAGCATCAGCTGTGC,HTO_H,1,singlet,721
TGAGCATCATTTGCTT,multiplet,2,multiplet,6958
TGAGCATGTAAAGTCA,HTO_E,1,singlet,781
TGAGCATGTACCGCTG,HTO_A,1,singlet,206
TGAGCATGTATAATGG,HTO_F,1,singlet,1093
TGAGCATGTATGAATG,HTO_A,1,singlet,1777
TGAGCATGTCAATGTC,HTO_G,1,singlet,1367
TGAGCATGTCGGCACT,HTO_B,1,singlet,3749
TGAGCATGTCGGCATC,HTO_B,1,singlet,3166
TGAGCATGTCTAGTGT,HTO_C,1,singlet,877
TGAGCATGTTAAGGGC,multiplet,2,multiplet,640
TGAGCATGTTGTCGCG,HTO_E,1,singlet,3890
TGAGCATTCACCCGAG,HTO_H,1,singlet,1087
TGAGCATTCCAACCAA,HTO_H,1,singlet,1467
TGAGCATTCCTCCTAG,HTO_E,1,singlet,1362
TGAGCATTCCTGCAGG,HTO_E,1,singlet,807
TGAGCATTCGGAAACG,HTO_F,1,singlet,900
TGAGCATTCTCCTATA,HTO_H,1,singlet,1229
TGAGCCGAGATATACG,multiplet,2,multiplet,3686
TGAGCCGAGCGTGAAC,HTO_E,1,singlet,1306
TGAGCCGAGGAGTCTG,multiplet,2,multiplet,3939
TGAGCCGAGGCTCATT,HTO_A,1,singlet,6178
TGAGCCGCAAACGCGA,HTO_B,1,singlet,751
TGAGCCGCAACACCTA,multiplet,2,multiplet,7075
TGAGCCGCAAGAAGAG,HTO_G,1,singlet,1007
TGAGCCGCACAGACAG,HTO_A,1,singlet,5004
TGAGCCGCACGAAACG,HTO_C,1,singlet,2241
TGAGCCGCACTTAAGC,multiplet,2,multiplet,2280
TGAGCCGCAGACTCGC,multiplet,5,multiplet,8840
TGAGCCGCAGATGGCA,negative,0,negative,286
TGAGCCGCAGCGTAAG,HTO_B,1,singlet,1299
TGAGCCGCATACCATG,HTO_E,1,singlet,948
TGAGCCGCATCATCCC,multiplet,2,multiplet,2770
TGAGCCGCATGATCCA,multiplet,2,multiplet,6722
TGAGCCGGTCTCTTAT,HTO_G,1,singlet,1737
TGAGCCGGTGTCTGAT,HTO_A,1,singlet,664
TGAGCCGGTTCGAATC,HTO_H,1,singlet,650
TGAGCCGGTTCGTCTC,HTO_H,1,singlet,1157
TGAGCCGGTTGTACAC,HTO_A,1,singlet,252
TGAGCCGGTTTGTTTC,HTO_C,1,singlet,962
TGAGCCGTCAGGTTCA,HTO_H,1,singlet,2290
TGAGCCGTCATCTGTT,HTO_H,1,singlet,3097
TGAGCCGTCCTCAATT,HTO_A,1,singlet,633
TGAGCCGTCCTTGACC,HTO_C,1,singlet,498
TGAGCCGTCGAATGGG,HTO_H,1,singlet,1068
TGAGCCGTCGCCCTTA,HTO_F,1,singlet,2464
TGAGCCGTCGTGGTCG,HTO_H,1,singlet,379
TGAGCCGTCTACGAGT,HTO_H,1,singlet,1672
TGAGCCGTCTGCCCTA,HTO_D,1,singlet,1620
TGAGCCGTCTGGGCCA,multiplet,2,multiplet,1513
TGAGCCGTCTTGACGA,HTO_D,1,singlet,2531
TGAGGGAAGAAAGTGG,HTO_C,1,singlet,2622
TGAGGGAAGAAGATTC,HTO_B,1,singlet,3070
TGAGGGAAGAGGTACC,HTO_A,1,singlet,858
TGAGGGAAGATACACA,multiplet,2,multiplet,3003
TGAGGGAAGATGTAAC,HTO_A,1,singlet,4978
TGAGGGAAGCCGATTT,HTO_H,1,singlet,787
TGAGGGAAGCTCCTCT,HTO_H,1,singlet,4174
TGAGGGAAGGAGCGTT,HTO_A,1,singlet,2422
TGAGGGAAGGCAGGTT,HTO_G,1,singlet,387
TGAGGGAAGGTGATAT,HTO_E,1,singlet,4557
TGAGGGAAGTTCGCGC,HTO_E,1,singlet,910
TGAGGGACAATCAGAA,HTO_F,1,singlet,886
TGAGGGACACTAAGTC,HTO_A,1,singlet,650
TGAGGGACAGCCTGTG,HTO_F,1,singlet,3723
TGAGGGACAGTCAGAG,multiplet,2,multiplet,6574
TGAGGGACAGTTAACC,multiplet,2,multiplet,1332
TGAGGGACATAACCTG,HTO_C,1,singlet,1566
TGAGGGACATACGCTA,HTO_G,1,singlet,1038
TGAGGGACATCTCCCA,multiplet,2,multiplet,2106
TGAGGGACATGAACCT,HTO_H,1,singlet,1499
TGAGGGAGTACGCACC,HTO_E,1,singlet,1845
TGAGGGAGTAGCGATG,HTO_H,1,singlet,3265
TGAGGGAGTAGGGACT,HTO_H,1,singlet,2301
TGAGGGAGTATATGGA,HTO_H,1,singlet,4435
TGAGGGAGTCAACATC,multiplet,2,multiplet,4496
TGAGGGAGTCAGGACA,HTO_H,1,singlet,804
TGAGGGAGTGAGGGTT,HTO_G,1,singlet,2108
TGAGGGATCAACACTG,HTO_B,1,singlet,1606
TGAGGGATCATAGCAC,HTO_E,1,singlet,1065
TGAGGGATCGGCATCG,multiplet,2,multiplet,7713
TGAGGGATCTGCGTAA,HTO_G,1,singlet,1325
TGAGGGATCTGCTGCT,HTO_F,1,singlet,1351
TGAGGGATCTTAACCT,HTO_E,1,singlet,3427
TGAGGGATCTTAGAGC,HTO_D,1,singlet,729
TGAGGGATCTTGTTTG,HTO_F,1,singlet,617
TGATTTCAGACGACGT,HTO_C,1,singlet,2188
TGATTTCAGCGATATA,HTO_A,1,singlet,1144
TGATTTCAGCTGCCCA,HTO_C,1,singlet,448
TGATTTCAGCTTATCG,HTO_B,1,singlet,771
TGATTTCAGGACACCA,HTO_H,1,singlet,416
TGATTTCAGGATTCGG,HTO_G,1,singlet,1219
TGATTTCAGTCGCCGT,HTO_E,1,singlet,2460
TGATTTCAGTGCGTGA,HTO_H,1,singlet,1222
TGATTTCAGTGTGAAT,HTO_G,1,singlet,717
TGATTTCAGTGTTAGA,HTO_C,1,singlet,2098
TGATTTCAGTTACCCA,HTO_B,1,singlet,2493
TGATTTCCAAACTGCT,HTO_D,1,singlet,2911
TGATTTCCAGCCTGTG,HTO_B,1,singlet,1276
TGATTTCCAGGCTGAA,HTO_B,1,singlet,1495
TGATTTCCAGGGTTAG,HTO_B,1,singlet,3046
TGATTTCCAGTGAGTG,HTO_B,1,singlet,3506
TGATTTCCATACTACG,HTO_D,1,singlet,1190
TGATTTCGTAGTGAAT,HTO_G,1,singlet,751
TGATTTCGTCACACGC,HTO_E,1,singlet,1856
TGATTTCGTCTCCACT,HTO_D,1,singlet,2644
TGATTTCGTCTCCATC,multiplet,2,multiplet,1794
TGATTTCGTTGGACCC,HTO_B,1,singlet,1626
TGATTTCTCACGATGT,HTO_A,1,singlet,842
TGATTTCTCATGTCTT,multiplet,3,multiplet,6292
TGATTTCTCCCTAATT,multiplet,2,multiplet,773
TGATTTCTCTGACCTC,multiplet,3,multiplet,522
TGATTTCTCTGTACGA,HTO_G,1,singlet,1346
TGATTTCTCTTGTATC,multiplet,2,multiplet,3150
TGCACCTAGAACAATC,HTO_B,1,singlet,2875
TGCACCTAGAATTCCC,HTO_H,1,singlet,2206
TGCACCTAGAGGTACC,HTO_D,1,singlet,4579
TGCACCTAGAGTAATC,HTO_F,1,singlet,1893
TGCACCTAGAGTGAGA,HTO_D,1,singlet,1883
TGCACCTAGCAATATG,HTO_H,1,singlet,1154
TGCACCTAGCGGATCA,HTO_D,1,singlet,1390
TGCACCTAGGCATGGT,HTO_C,1,singlet,1130
TGCACCTAGGGAGTAA,HTO_C,1,singlet,1244
TGCACCTAGTTTAGGA,HTO_B,1,singlet,946
TGCACCTCAAGGTTCT,HTO_D,1,singlet,3606
TGCACCTCACAGATTC,HTO_A,1,singlet,748
TGCACCTCACGAAATA,HTO_C,1,singlet,745
TGCACCTCACGAAGCA,HTO_H,1,singlet,2620
TGCACCTCACTGTCGG,HTO_H,1,singlet,1074
TGCACCTCAGCTATTG,HTO_D,1,singlet,1467
TGCACCTCAGGCTCAC,multiplet,2,multiplet,4260
TGCACCTCATCACAAC,multiplet,2,multiplet,1219
TGCACCTCATCGGTTA,HTO_B,1,singlet,2078
TGCACCTCATTCGACA,HTO_F,1,singlet,2257
TGCACCTGTAGCTGCC,HTO_G,1,singlet,1454
TGCACCTGTCTAAACC,HTO_G,1,singlet,1229
TGCACCTGTCTCTTAT,HTO_E,1,singlet,1654
TGCACCTGTTAAGAAC,multiplet,2,multiplet,1561
TGCACCTTCAGTTAGC,HTO_H,1,singlet,1187
TGCACCTTCCTAAGTG,HTO_E,1,singlet,5987
TGCACCTTCCTCAACC,HTO_B,1,singlet,2873
TGCACCTTCCTCAATT,HTO_E,1,singlet,1191
TGCACCTTCCTGTACC,HTO_H,1,singlet,2593
TGCACCTTCGTACCGG,multiplet,3,multiplet,10423
TGCACCTTCGTGGTCG,HTO_E,1,singlet,1604
TGCACCTTCTGCCAGG,HTO_F,1,singlet,4898
TGCCAAAAGAAGGTGA,HTO_A,1,singlet,711
TGCCAAAAGACACGAC,HTO_A,1,singlet,739
TGCCAAAAGACAGGCT,HTO_D,1,singlet,2599
TGCCAAAAGCGATCCC,HTO_F,1,singlet,4031
TGCCAAAAGCTAAGAT,HTO_D,1,singlet,2156
TGCCAAAAGCTCCTCT,HTO_C,1,singlet,1019
TGCCAAAAGCTTCGCG,multiplet,2,multiplet,9390
TGCCAAAAGGACTGGT,HTO_E,1,singlet,873
TGCCAAAAGGAGCGTT,HTO_D,1,singlet,1403
TGCCAAAAGGCAGTCA,HTO_D,1,singlet,152794
TGCCAAAAGTAAGTAC,HTO_H,1,singlet,784
TGCCAAAAGTCATCCA,HTO_F,1,singlet,1591
TGCCAAAAGTGAAGTT,HTO_C,1,singlet,883
TGCCAAAAGTGCAAGC,HTO_B,1,singlet,1264
TGCCAAACAATGACCT,HTO_H,1,singlet,617
TGCCAAACACCACGTG,HTO_A,1,singlet,551
TGCCAAACACGAAACG,HTO_G,1,singlet,741
TGCCAAACAGACGTAG,HTO_C,1,singlet,2430
TGCCAAACATGCAACT,HTO_F,1,singlet,1021
TGCCAAACATGCCCGA,HTO_C,1,singlet,1178
TGCCAAAGTATGAATG,HTO_F,1,singlet,1455
TGCCAAAGTCAGTGGA,HTO_A,1,singlet,477
TGCCAAAGTCCTGCTT,HTO_F,1,singlet,1175
TGCCAAAGTCGCTTCT,HTO_F,1,singlet,2516
TGCCAAAGTGGGTATG,HTO_C,1,singlet,1348
TGCCAAAGTTCACCTC,HTO_E,1,singlet,1384
TGCCAAAGTTTACTCT,multiplet,2,multiplet,3396
TGCCAAATCAATACCG,HTO_B,1,singlet,1011
TGCCAAATCATGCAAC,HTO_E,1,singlet,1298
TGCCAAATCCAGTATG,HTO_G,1,singlet,4005
TGCCAAATCCTGTAGA,HTO_B,1,singlet,2476
TGCCAAATCTAACGGT,HTO_H,1,singlet,1149
TGCCCATAGACAGAGA,multiplet,2,multiplet,996
TGCCCATAGACCGGAT,HTO_H,1,singlet,614
TGCCCATAGACTAGGC,HTO_D,1,singlet,2091
TGCCCATAGAGATGAG,HTO_E,1,singlet,2001
TGCCCATAGCAGCGTA,HTO_C,1,singlet,1316
TGCCCATAGCCAGAAC,HTO_D,1,singlet,3279
TGCCCATAGGACAGAA,HTO_B,1,singlet,1212
TGCCCATAGGGTGTGT,multiplet,2,multiplet,1498
TGCCCATAGGTTACCT,HTO_A,1,singlet,1466
TGCCCATAGTACGATA,HTO_E,1,singlet,450
TGCCCATAGTGAATTG,multiplet,2,multiplet,2662
TGCCCATCAAACCCAT,HTO_H,1,singlet,225
TGCCCATCAATGGATA,HTO_C,1,singlet,979
TGCCCATCACAACGCC,HTO_F,1,singlet,1234
TGCCCATCACATCCGG,HTO_F,1,singlet,1147
TGCCCATCACCAACCG,HTO_A,1,singlet,326
TGCCCATCACCGGAAA,HTO_F,1,singlet,1213
TGCCCATCAGACGCCT,multiplet,2,multiplet,3903
TGCCCATCAGACGTAG,multiplet,2,multiplet,5040
TGCCCATCAGCCACCA,multiplet,3,multiplet,4089
TGCCCATCAGCGTAAG,multiplet,2,multiplet,3259
TGCCCATCAGCTGTGC,HTO_F,1,singlet,1055
TGCCCATCAGGGCATA,HTO_B,1,singlet,5560
TGCCCATCATACTCTT,HTO_H,1,singlet,471
TGCCCATCATTGGGCC,HTO_H,1,singlet,831
TGCCCATCATTGGTAC,HTO_E,1,singlet,4758
TGCCCATGTAACGACG,HTO_A,1,singlet,942
TGCCCATGTAGCGATG,HTO_E,1,singlet,3356
TGCCCATGTAGCGTCC,HTO_E,1,singlet,752
TGCCCATGTCCGTCAG,HTO_E,1,singlet,2531
TGCCCATGTCTAGAGG,HTO_G,1,singlet,1267
TGCCCATGTCTCAACA,HTO_G,1,singlet,510
TGCCCATGTGTCGCTG,HTO_A,1,singlet,441
TGCCCATGTGTGTGCC,HTO_H,1,singlet,529
TGCCCATGTTCAGTAC,HTO_C,1,singlet,620
TGCCCATGTTGATTCG,HTO_B,1,singlet,1810
TGCCCATGTTTAAGCC,HTO_H,1,singlet,1302
TGCCCATTCAACACGT,HTO_C,1,singlet,1782
TGCCCATTCAGTGCAT,HTO_C,1,singlet,1560
TGCCCATTCCAAACAC,HTO_C,1,singlet,1359
TGCCCATTCCGAGCCA,HTO_E,1,singlet,1013
TGCCCATTCGATGAGG,HTO_C,1,singlet,418
TGCCCATTCTTCGGTC,multiplet,2,multiplet,5060
TGCCCTAAGACTGTAA,multiplet,2,multiplet,3743
TGCCCTAAGCCTCGTG,HTO_H,1,singlet,1075
TGCCCTAAGCGTAGTG,HTO_E,1,singlet,911
TGCCCTAAGGCCGAAT,HTO_E,1,singlet,2575
TGCCCTAAGTACGCCC,HTO_C,1,singlet,922
TGCCCTAAGTAGCGGT,HTO_H,1,singlet,1755
TGCCCTAAGTGTTAGA,HTO_C,1,singlet,1766
TGCCCTACAACTGCGC,HTO_F,1,singlet,1928
TGCCCTACAATTGCTG,HTO_G,1,singlet,219
TGCCCTACACTAGTAC,HTO_H,1,singlet,1081
TGCCCTACAGATCCAT,HTO_D,1,singlet,4932
TGCCCTACAGCTGCTG,multiplet,2,multiplet,2238
TGCCCTACATAGACTC,HTO_H,1,singlet,734
TGCCCTACATATACCG,HTO_H,1,singlet,1787
TGCCCTACATGTTGAC,multiplet,2,multiplet,7797
TGCCCTAGTAAAGGAG,HTO_B,1,singlet,1927
TGCCCTAGTATAGGTA,HTO_C,1,singlet,1023
TGCCCTAGTCAGGACA,HTO_E,1,singlet,1328
TGCCCTAGTGAGGGTT,HTO_E,1,singlet,4171
TGCCCTAGTGCCTGGT,HTO_G,1,singlet,1237
TGCCCTAGTTAAGATG,HTO_F,1,singlet,2101
TGCCCTATCAATAAGG,multiplet,2,multiplet,2866
TGCCCTATCAGATAAG,HTO_G,1,singlet,2605
TGCCCTATCAGTTTGG,HTO_A,1,singlet,2644
TGCCCTATCCAAACAC,HTO_A,1,singlet,823
TGCCCTATCCGCAAGC,multiplet,4,multiplet,14151
TGCCCTATCGATAGAA,HTO_B,1,singlet,588
TGCCCTATCTCCTATA,HTO_A,1,singlet,881
TGCCCTATCTGGCGAC,multiplet,2,multiplet,2853
TGCGCAGAGACCCACC,HTO_E,1,singlet,1169
TGCGCAGAGAGGTACC,HTO_A,1,singlet,2263
TGCGCAGAGCTACCGC,HTO_B,1,singlet,1458
TGCGCAGAGTACGATA,HTO_H,1,singlet,1680
TGCGCAGCACAACGCC,HTO_C,1,singlet,601
TGCGCAGCACCGAATT,HTO_C,1,singlet,2875
TGCGCAGCACCGCTAG,multiplet,2,multiplet,2316
TGCGCAGCACGACTCG,HTO_C,1,singlet,2522
TGCGCAGCAGGAATCG,HTO_G,1,singlet,1370
TGCGCAGCAGGGTACA,HTO_F,1,singlet,3296
TGCGCAGCATCGGAAG,HTO_E,1,singlet,6735
TGCGCAGCATGGATGG,HTO_F,1,singlet,826
TGCGCAGCATTGGCGC,HTO_E,1,singlet,1928
TGCGCAGGTAAAGTCA,HTO_A,1,singlet,914
TGCGCAGGTAGCTGCC,multiplet,2,multiplet,1612
TGCGCAGGTATGAATG,multiplet,2,multiplet,2781
TGCGCAGGTCATATGC,HTO_C,1,singlet,636
TGCGCAGGTCCATCCT,HTO_C,1,singlet,885
TGCGCAGGTCTCTCTG,HTO_C,1,singlet,936
TGCGCAGGTCTTGTCC,HTO_E,1,singlet,1457
TGCGCAGGTTAAAGAC,HTO_A,1,singlet,564
TGCGCAGTCAAGATCC,HTO_E,1,singlet,4713
TGCGCAGTCCGCATCT,HTO_A,1,singlet,1308
TGCGCAGTCCTAGTGA,HTO_A,1,singlet,1070
TGCGCAGTCGCATGGC,HTO_C,1,singlet,619
TGCGCAGTCGGAAATA,HTO_D,1,singlet,1581
TGCGCAGTCGTGACAT,multiplet,2,multiplet,1160
TGCGCAGTCTGAAAGA,HTO_F,1,singlet,1367
TGCGGGTAGACAAAGG,HTO_D,1,singlet,1520
TGCGGGTAGCCCAATT,HTO_C,1,singlet,648
TGCGGGTAGGGTCTCC,HTO_F,1,singlet,639
TGCGGGTAGTAACCCT,multiplet,2,multiplet,2704
TGCGGGTAGTTTCCTT,HTO_B,1,singlet,3730
TGCGGGTCACAGCGTC,HTO_A,1,singlet,1798
TGCGGGTCACAGGTTT,HTO_C,1,singlet,812
TGCGGGTCAGAGCCAA,HTO_A,1,singlet,1398
TGCGGGTCAGCCAGAA,HTO_B,1,singlet,912
TGCGGGTCAGCGTTCG,HTO_E,1,singlet,690
TGCGGGTCATATACGC,HTO_A,1,singlet,1111
TGCGGGTCATCCCATC,HTO_A,1,singlet,1252
TGCGGGTCATCGGACC,multiplet,2,multiplet,2743
TGCGGGTGTGCACGAA,multiplet,3,multiplet,4545
TGCGGGTGTTCCACTC,multiplet,3,multiplet,3162
TGCGGGTTCAACCAAC,HTO_H,1,singlet,3656
TGCGGGTTCCCAAGTA,HTO_G,1,singlet,778
TGCGGGTTCCTGTAGA,HTO_F,1,singlet,437
TGCGGGTTCGCCTGTT,HTO_C,1,singlet,679
TGCGGGTTCGGCTACG,HTO_F,1,singlet,968
TGCGGGTTCTCGAGTA,multiplet,2,multiplet,974
TGCGGGTTCTGGCGTG,multiplet,2,multiplet,4020
TGCGGGTTCTTGAGAC,HTO_B,1,singlet,2514
TGCGGGTTCTTTAGTC,HTO_E,1,singlet,899
TGCGTGGAGAAGGACA,multiplet,2,multiplet,1018
TGCGTGGAGACAATAC,multiplet,2,multiplet,7510
TGCGTGGAGACACGAC,HTO_H,1,singlet,1335
TGCGTGGAGACTACAA,HTO_D,1,singlet,2012
TGCGTGGAGCAGGTCA,HTO_A,1,singlet,4732
TGCGTGGAGCCATCGC,HTO_C,1,singlet,844
TGCGTGGAGCGACGTA,HTO_B,1,singlet,1068
TGCGTGGAGGAACTGC,multiplet,2,multiplet,1089
TGCGTGGAGGGTGTTG,HTO_A,1,singlet,399
TGCGTGGAGTGCGATG,multiplet,3,multiplet,5451
TGCGTGGAGTGTCTCA,HTO_B,1,singlet,1089
TGCGTGGAGTGTGGCA,HTO_C,1,singlet,539
TGCGTGGCAAGTCTAC,HTO_A,1,singlet,267
TGCGTGGCACAACGTT,HTO_C,1,singlet,605
TGCGTGGCAGTATCTG,multiplet,2,multiplet,6350
TGCGTGGCATAACCTG,HTO_D,1,singlet,6289
TGCGTGGCATTCTCAT,HTO_F,1,singlet,955
TGCGTGGCATTGGGCC,HTO_E,1,singlet,1362
TGCGTGGGTAATAGCA,HTO_C,1,singlet,602
TGCGTGGGTACCCAAT,HTO_B,1,singlet,2234
TGCGTGGGTAGCTAAA,HTO_B,1,singlet,1862
TGCGTGGGTCCAAGTT,multiplet,3,multiplet,2752
TGCGTGGGTCTGATTG,HTO_D,1,singlet,1651
TGCGTGGGTGCTGTAT,multiplet,3,multiplet,13270
TGCGTGGGTTATGTGC,HTO_A,1,singlet,3440
TGCGTGGGTTGCGTTA,HTO_E,1,singlet,1621
TGCGTGGTCAAACCAC,HTO_D,1,singlet,1296
TGCGTGGTCATGCATG,HTO_A,1,singlet,727
TGCGTGGTCCACGTGG,HTO_C,1,singlet,1253
TGCGTGGTCCCTCTTT,HTO_F,1,singlet,779
TGCGTGGTCCGGCACA,HTO_D,1,singlet,2057
TGCGTGGTCGCAAGCC,HTO_C,1,singlet,577
TGCGTGGTCGCTGATA,HTO_F,1,singlet,2239
TGCGTGGTCGGAGGTA,multiplet,2,multiplet,4244
TGCGTGGTCTCCAACC,HTO_A,1,singlet,751
TGCGTGGTCTCGTATT,HTO_G,1,singlet,682
TGCGTGGTCTCTAAGG,HTO_H,1,singlet,5599
TGCGTGGTCTGTTGAG,HTO_F,1,singlet,924
TGCTACCAGACTACAA,HTO_H,1,singlet,3472
TGCTACCAGACTAGGC,HTO_H,1,singlet,1515
TGCTACCAGAGCCTAG,HTO_C,1,singlet,2876
TGCTACCAGATGCCAG,HTO_A,1,singlet,2340
TGCTACCAGATGCGAC,multiplet,2,multiplet,3941
TGCTACCAGCCAACAG,HTO_E,1,singlet,2344
TGCTACCAGCTGCCCA,HTO_H,1,singlet,914
TGCTACCAGGATCGCA,HTO_E,1,singlet,1256
TGCTACCAGGGAACGG,HTO_B,1,singlet,1071
TGCTACCAGTCATCCA,HTO_D,1,singlet,1017
TGCTACCCACAGACTT,HTO_A,1,singlet,925
TGCTACCCACATGGGA,HTO_F,1,singlet,426
TGCTACCCACCTGGTG,HTO_C,1,singlet,773
TGCTACCCACTTAACG,HTO_G,1,singlet,1216
TGCTACCCAGAAGCAC,multiplet,2,multiplet,4283
TGCTACCCAGATTGCT,HTO_E,1,singlet,1319
TGCTACCCATACGCTA,HTO_B,1,singlet,1537
TGCTACCCATACTCTT,HTO_C,1,singlet,927
TGCTACCCATGCAACT,HTO_D,1,singlet,3422
TGCTACCCATGCCCGA,HTO_F,1,singlet,1965
TGCTACCGTACTCAAC,HTO_C,1,singlet,3111
TGCTACCGTACTCTCC,HTO_D,1,singlet,1584
TGCTACCGTCCAGTGC,HTO_E,1,singlet,4049
TGCTACCGTCCGTTAA,HTO_E,1,singlet,1139
TGCTACCGTGAGTGAC,HTO_D,1,singlet,1852
TGCTACCGTGCGATAG,multiplet,2,multiplet,1657
TGCTACCGTGTCGCTG,HTO_F,1,singlet,1455
TGCTACCGTGTTCGAT,negative,0,negative,253
TGCTACCGTTCCCGAG,HTO_D,1,singlet,1681
TGCTACCTCAACCATG,multiplet,2,multiplet,6806
TGCTACCTCAATCTCT,HTO_H,1,singlet,5633
TGCTACCTCACCATAG,HTO_H,1,singlet,580
TGCTACCTCAGATAAG,HTO_G,1,singlet,1714
TGCTACCTCAGCGACC,HTO_C,1,singlet,734
TGCTACCTCAGTTGAC,HTO_H,1,singlet,1248
TGCTACCTCATGCTCC,multiplet,2,multiplet,2652
TGCTACCTCCAAACTG,multiplet,2,multiplet,727
TGCTACCTCGAATCCA,HTO_H,1,singlet,2933
TGCTACCTCGATGAGG,HTO_E,1,singlet,1481
TGCTACCTCTACCAGA,HTO_H,1,singlet,399
TGCTACCTCTGCGACG,multiplet,2,multiplet,3469
TGCTACCTCTTAGAGC,HTO_C,1,singlet,759
TGCTGCTAGATCCCGC,HTO_C,1,singlet,919
TGCTGCTAGCTGGAAC,HTO_D,1,singlet,1712
TGCTGCTAGGATATAC,multiplet,3,multiplet,4855
TGCTGCTAGGCTCTTA,multiplet,2,multiplet,1846
TGCTGCTAGGGTTTCT,HTO_C,1,singlet,1657
TGCTGCTAGTGTACGG,HTO_D,1,singlet,1113
TGCTGCTCAATAACGA,HTO_G,1,singlet,1634
TGCTGCTCACAGGAGT,HTO_E,1,singlet,1105
TGCTGCTCACCTGGTG,HTO_C,1,singlet,427
TGCTGCTCACTCTGTC,HTO_E,1,singlet,2587
TGCTGCTCAGACAAGC,HTO_D,1,singlet,1855
TGCTGCTCAGATTGCT,HTO_C,1,singlet,660
TGCTGCTCAGCATGAG,HTO_G,1,singlet,3001
TGCTGCTCAGCTTAAC,HTO_D,1,singlet,533
TGCTGCTCAGTCGATT,HTO_D,1,singlet,1323
TGCTGCTCAGTCTTCC,HTO_C,1,singlet,1512
TGCTGCTCATCTCGCT,HTO_D,1,singlet,1459
TGCTGCTGTGGACGAT,HTO_B,1,singlet,706
TGCTGCTTCAACACCA,HTO_C,1,singlet,1447
TGCTGCTTCAACGGCC,HTO_H,1,singlet,1087
TGCTGCTTCAAGATCC,HTO_G,1,singlet,1194
TGCTGCTTCACCGTAA,multiplet,2,multiplet,2215
TGCTGCTTCATTCACT,multiplet,2,multiplet,3114
TGCTGCTTCCAGATCA,HTO_G,1,singlet,419
TGCTGCTTCCTACAGA,HTO_C,1,singlet,857
TGCTGCTTCCTTTACA,multiplet,2,multiplet,4109
TGCTGCTTCTCGCTTG,HTO_G,1,singlet,3281
TGCTGCTTCTGAAAGA,multiplet,2,multiplet,1706
TGCTGCTTCTGGTGTA,HTO_B,1,singlet,3293
TGGACGCAGACAAAGG,HTO_D,1,singlet,1527
TGGACGCAGACACTAA,HTO_B,1,singlet,836
TGGACGCAGACTGTAA,HTO_D,1,singlet,1818
TGGACGCAGAGTCTGG,HTO_G,1,singlet,909
TGGACGCAGCCAGGAT,HTO_G,1,singlet,3602
TGGACGCAGCCCTAAT,multiplet,2,multiplet,361
TGGACGCAGGAATGGA,HTO_H,1,singlet,622
TGGACGCAGGCAAAGA,HTO_B,1,singlet,2807
TGGACGCAGGCACATG,multiplet,3,multiplet,5460
TGGACGCAGTGAAGTT,HTO_C,1,singlet,1055
TGGACGCCAATAGCAA,HTO_A,1,singlet,840
TGGACGCCAATTCCTT,HTO_C,1,singlet,1142
TGGACGCCAGCCAGAA,HTO_B,1,singlet,1564
TGGACGCCAGTAACGG,multiplet,2,multiplet,2208
TGGACGCCATCCCATC,HTO_E,1,singlet,1515
TGGACGCCATCGGACC,HTO_E,1,singlet,1425
TGGACGCCATCTATGG,HTO_C,1,singlet,1012
TGGACGCCATGCCACG,HTO_C,1,singlet,781
TGGACGCCATTGAGCT,HTO_A,1,singlet,2250
TGGACGCGTAACGCGA,HTO_G,1,singlet,3292
TGGACGCGTACAGACG,HTO_H,1,singlet,1331
TGGACGCGTACTTGAC,HTO_F,1,singlet,4259
TGGACGCGTAGAGGAA,HTO_C,1,singlet,653
TGGACGCGTATAAACG,multiplet,3,multiplet,7191
TGGACGCGTCAAACTC,HTO_F,1,singlet,816
TGGACGCGTCACTTCC,HTO_D,1,singlet,1108
TGGACGCGTCGACTAT,HTO_C,1,singlet,60
TGGACGCGTGAGGGAG,multiplet,3,multiplet,6000
TGGACGCGTGCACCAC,HTO_A,1,singlet,335
TGGACGCGTGGTACAG,HTO_G,1,singlet,469
TGGACGCGTTGAGGTG,multiplet,2,multiplet,719
TGGACGCGTTTCGCTC,HTO_D,1,singlet,1451
TGGACGCGTTTGTTTC,HTO_D,1,singlet,775
TGGACGCTCAACACTG,HTO_G,1,singlet,1139
TGGACGCTCCACGACG,multiplet,2,multiplet,2525
TGGACGCTCCAGAGGA,multiplet,2,multiplet,11082
TGGACGCTCGCGGATC,HTO_H,1,singlet,310
TGGACGCTCGTTGCCT,HTO_B,1,singlet,1082
TGGACGCTCTACCTGC,HTO_D,1,singlet,1905
TGGACGCTCTGAGGGA,HTO_D,1,singlet,1814
TGGACGCTCTGCAAGT,HTO_G,1,singlet,1417
TGGCCAGAGATAGGAG,HTO_G,1,singlet,1678
TGGCCAGAGCGCCTTG,HTO_H,1,singlet,615
TGGCCAGAGGCAAAGA,HTO_A,1,singlet,761
TGGCCAGAGTACGTTC,HTO_H,1,singlet,1133
TGGCCAGAGTGACATA,HTO_G,1,singlet,2530
TGGCCAGCACATTAGC,HTO_G,1,singlet,3221
TGGCCAGCACTCAGGC,HTO_E,1,singlet,814
TGGCCAGCAGGAATGC,HTO_D,1,singlet,1454
TGGCCAGCAGTAAGCG,HTO_E,1,singlet,718
TGGCCAGCATCACGTA,HTO_H,1,singlet,3683
TGGCCAGGTATCTGCA,HTO_B,1,singlet,1107
TGGCCAGGTCACCCAG,HTO_A,1,singlet,923
TGGCCAGGTCCGAAGA,HTO_F,1,singlet,1723
TGGCCAGGTGCAACGA,multiplet,2,multiplet,5041
TGGCCAGGTGGACGAT,HTO_B,1,singlet,918
TGGCCAGGTGGTTTCA,HTO_G,1,singlet,948
TGGCCAGTCAAGCCTA,HTO_H,1,singlet,1016
TGGCCAGTCACCACCT,HTO_H,1,singlet,512
TGGCCAGTCACTCTTA,HTO_H,1,singlet,2103
TGGCCAGTCAGCGATT,HTO_C,1,singlet,808
TGGCCAGTCCGCGGTA,HTO_H,1,singlet,3052
TGGCCAGTCGACAGCC,HTO_F,1,singlet,766
TGGCCAGTCGGAGCAA,multiplet,2,multiplet,2856
TGGCCAGTCGTCCGTT,multiplet,2,multiplet,6764
TGGCCAGTCTGCAAGT,HTO_C,1,singlet,876
TGGCCAGTCTGCTGCT,HTO_G,1,singlet,437
TGGCCAGTCTTACCTA,multiplet,3,multiplet,125675
TGGCCAGTCTTCCTTC,HTO_B,1,singlet,3254
TGGCCAGTCTTTACAC,multiplet,2,multiplet,2030
TGGCCAGTCTTTAGGG,HTO_D,1,singlet,1304
TGGCCAGTCTTTAGTC,HTO_H,1,singlet,817
TGGCGCAAGCCCTAAT,HTO_B,1,singlet,1518
TGGCGCAAGTACGACG,HTO_F,1,singlet,3307
TGGCGCAAGTCTCGGC,HTO_H,1,singlet,1538
TGGCGCACAAGTAATG,HTO_B,1,singlet,5931
TGGCGCACAAGTCTAC,HTO_F,1,singlet,4056
TGGCGCACAATGAAAC,HTO_A,1,singlet,3079
TGGCGCACACCTATCC,negative,0,negative,318
TGGCGCACACGGTGTC,multiplet,2,multiplet,1378
TGGCGCACACTGTCGG,HTO_C,1,singlet,703
TGGCGCACATCCGGGT,HTO_A,1,singlet,3931
TGGCGCACATCTATGG,HTO_E,1,singlet,1307
TGGCGCACATTCGACA,HTO_C,1,singlet,714
TGGCGCACATTGGGCC,HTO_H,1,singlet,638
TGGCGCAGTAAACACA,HTO_D,1,singlet,1603
TGGCGCAGTAAGTTCC,HTO_C,1,singlet,661
TGGCGCAGTACTCAAC,HTO_B,1,singlet,1631
TGGCGCAGTCAGTGGA,HTO_H,1,singlet,1418
TGGCGCAGTCGGGTCT,multiplet,2,multiplet,2510
TGGCGCAGTCTTCAAG,HTO_A,1,singlet,657
TGGCGCAGTGTTCTTT,HTO_B,1,singlet,2551
TGGCGCAGTTATGCGT,HTO_A,1,singlet,927
TGGCGCAGTTTAGGAA,multiplet,2,multiplet,2616
TGGCGCATCAAGATCC,HTO_H,1,singlet,2105
TGGCGCATCACCATAG,HTO_E,1,singlet,1566
TGGCGCATCACCTCGT,HTO_C,1,singlet,1720
TGGCGCATCCAAACTG,HTO_D,1,singlet,1485
TGGCGCATCCCTTGTG,multiplet,3,multiplet,7352
TGGCGCATCCTAGGGC,HTO_C,1,singlet,669
TGGCGCATCGAATGCT,multiplet,2,multiplet,9604
TGGCGCATCGCTTAGA,HTO_C,1,singlet,654
TGGCGCATCTCACATT,HTO_H,1,singlet,860
TGGCTGGAGAGGGCTT,multiplet,3,multiplet,10659
TGGCTGGAGAGGTTGC,HTO_H,1,singlet,956
TGGCTGGAGAGTCTGG,HTO_B,1,singlet,1431
TGGCTGGAGAGTGACC,multiplet,2,multiplet,5174
TGGCTGGAGATCACGG,HTO_B,1,singlet,2117
TGGCTGGAGCACGCCT,HTO_F,1,singlet,2860
TGGCTGGAGCTTATCG,HTO_B,1,singlet,2972
TGGCTGGAGGAATTAC,HTO_A,1,singlet,305
TGGCTGGAGGCATGTG,HTO_A,1,singlet,363
TGGCTGGAGGGATACC,HTO_A,1,singlet,545
TGGCTGGAGGGCATGT,HTO_G,1,singlet,962
TGGCTGGAGTGTCCCG,HTO_F,1,singlet,1914
TGGCTGGAGTGTTAGA,HTO_C,1,singlet,906
TGGCTGGCAAGTTGTC,HTO_D,1,singlet,1115
TGGCTGGCAATCGAAA,HTO_B,1,singlet,956
TGGCTGGCACCTCGTT,HTO_E,1,singlet,866
TGGCTGGCAGCTGCTG,HTO_D,1,singlet,1207
TGGCTGGCAGTGAGTG,HTO_C,1,singlet,715
TGGCTGGCATAGACTC,HTO_A,1,singlet,1088
TGGCTGGCATCAGTAC,multiplet,2,multiplet,2677
TGGCTGGCATCTCGCT,HTO_B,1,singlet,2629
TGGCTGGCATTAGCCA,HTO_D,1,singlet,2196
TGGCTGGGTAAGAGAG,multiplet,2,multiplet,2817
TGGCTGGGTACCAGTT,HTO_G,1,singlet,1098
TGGCTGGGTACTTCTT,HTO_F,1,singlet,1247
TGGCTGGGTTAAAGAC,HTO_A,1,singlet,631
TGGCTGGGTTACGACT,HTO_E,1,singlet,2716
TGGCTGGTCAGTACGT,HTO_B,1,singlet,1350
TGGCTGGTCCAGTAGT,HTO_B,1,singlet,229
TGGCTGGTCGAATGGG,HTO_G,1,singlet,1377
TGGCTGGTCGTATCAG,HTO_B,1,singlet,3909
TGGCTGGTCTGATTCT,HTO_G,1,singlet,1598
TGGCTGGTCTGGGCCA,multiplet,2,multiplet,8400
TGGCTGGTCTGTGCAA,HTO_G,1,singlet,1081
TGGCTGGTCTTGCCGT,HTO_F,1,singlet,1614
TGGGAAGAGAAAGTGG,HTO_A,1,singlet,837
TGGGAAGAGACATAAC,HTO_D,1,singlet,2797
TGGGAAGAGACCTTTG,HTO_B,1,singlet,2649
TGGGAAGAGAGCCTAG,multiplet,2,multiplet,4964
TGGGAAGAGCGATTCT,HTO_G,1,singlet,413
TGGGAAGAGCTAGTGG,HTO_F,1,singlet,345
TGGGAAGAGGTGGGTT,HTO_C,1,singlet,1255
TGGGAAGCACGAAACG,HTO_H,1,singlet,1600
TGGGAAGCACTGAAGG,HTO_E,1,singlet,1781
TGGGAAGCAGACGCAA,HTO_H,1,singlet,1889
TGGGAAGCAGATTGCT,HTO_C,1,singlet,779
TGGGAAGCAGGTCTCG,HTO_C,1,singlet,464
TGGGAAGCATCAGTCA,HTO_B,1,singlet,1148
TGGGAAGCATTCCTGC,HTO_C,1,singlet,875
TGGGAAGGTCCGCTGA,HTO_A,1,singlet,773
TGGGAAGGTCGCGTGT,HTO_H,1,singlet,2564
TGGGAAGGTCTCTCGT,HTO_H,1,singlet,1033
TGGGAAGGTTACGTCA,HTO_D,1,singlet,2003
TGGGAAGGTTGAGGTG,multiplet,2,multiplet,3420
TGGGAAGGTTGTACAC,HTO_H,1,singlet,1173
TGGGAAGTCAACACGT,HTO_H,1,singlet,1464
TGGGAAGTCCAACCAA,HTO_D,1,singlet,6030
TGGGAAGTCTATCCCG,HTO_H,1,singlet,1195
TGGGCGTAGCGATCCC,HTO_B,1,singlet,2802
TGGGCGTAGCGATGAC,HTO_F,1,singlet,379
TGGGCGTAGCTAACTC,HTO_E,1,singlet,1331
TGGGCGTAGCTGCGAA,HTO_C,1,singlet,1083
TGGGCGTAGGATATAC,HTO_H,1,singlet,448
TGGGCGTAGGGAGTAA,HTO_A,1,singlet,3344
TGGGCGTAGGGCTCTC,HTO_F,1,singlet,749
TGGGCGTAGGTGCTTT,multiplet,2,multiplet,1722
TGGGCGTAGTAGGTGC,HTO_A,1,singlet,666
TGGGCGTAGTATCTCG,HTO_G,1,singlet,6608
TGGGCGTAGTGGACGT,HTO_F,1,singlet,1548
TGGGCGTCAAAGTGCG,HTO_H,1,singlet,2353
TGGGCGTCAATGGAGC,HTO_G,1,singlet,274
TGGGCGTCACATCCAA,HTO_D,1,singlet,3434
TGGGCGTCACCCAGTG,HTO_B,1,singlet,2903
TGGGCGTCAGGACCCT,HTO_F,1,singlet,565
TGGGCGTCAGGCTGAA,HTO_C,1,singlet,797
TGGGCGTCATGGAATA,HTO_H,1,singlet,2627
TGGGCGTCATGTCTCC,HTO_F,1,singlet,601
TGGGCGTCATTTGCTT,multiplet,2,multiplet,1904
TGGGCGTGTATGAATG,HTO_G,1,singlet,985
TGGGCGTGTCGGATCC,HTO_F,1,singlet,1573
TGGGCGTGTCGTTGTA,HTO_E,1,singlet,2792
TGGGCGTGTCTTGTCC,HTO_A,1,singlet,705
TGGGCGTGTGTGACCC,HTO_A,1,singlet,603
TGGGCGTGTTGGAGGT,HTO_G,1,singlet,2178
TGGGCGTTCAGCATGT,HTO_E,1,singlet,1076
TGGGCGTTCCACGTGG,HTO_H,1,singlet,780
TGGGCGTTCGTGGTCG,HTO_D,1,singlet,1163
TGGGCGTTCTTACCTA,HTO_A,1,singlet,508
TGGGCGTTCTTGTATC,HTO_C,1,singlet,1209
TGGTTAGAGAAGGTTT,HTO_G,1,singlet,493
TGGTTAGAGACCCACC,HTO_G,1,singlet,1219
TGGTTAGAGAGACTAT,HTO_F,1,singlet,5534
TGGTTAGAGAGGGATA,HTO_A,1,singlet,617
TGGTTAGAGATGTTAG,HTO_D,1,singlet,1417
TGGTTAGAGATTACCC,HTO_E,1,singlet,1927
TGGTTAGAGCAGGCTA,HTO_C,1,singlet,625
TGGTTAGAGGATCGCA,HTO_B,1,singlet,2839
TGGTTAGAGGCTCAGA,HTO_H,1,singlet,1186
TGGTTAGAGTTAAGTG,HTO_F,1,singlet,1078
TGGTTAGAGTTGTCGT,HTO_A,1,singlet,894
TGGTTAGCAATGGTCT,HTO_C,1,singlet,1359
TGGTTAGCACATAACC,HTO_B,1,singlet,1591
TGGTTAGCACTGAAGG,HTO_C,1,singlet,1979
TGGTTAGCAGCGTTCG,HTO_B,1,singlet,1415
TGGTTAGCAGTTCCCT,HTO_H,1,singlet,1100
TGGTTAGCATCTCCCA,HTO_A,1,singlet,818
TGGTTAGCATGGATGG,HTO_G,1,singlet,888
TGGTTAGCATTCTTAC,HTO_B,1,singlet,1426
TGGTTAGGTAAACGCG,HTO_F,1,singlet,2768
TGGTTAGGTAGGACAC,multiplet,2,multiplet,2252
TGGTTAGGTCCGCTGA,HTO_H,1,singlet,925
TGGTTAGGTCCTCTTG,multiplet,4,multiplet,6746
TGGTTAGGTCTGGAGA,HTO_F,1,singlet,1805
TGGTTAGGTGAGTGAC,HTO_H,1,singlet,1097
TGGTTAGGTTCCATGA,HTO_E,1,singlet,893
TGGTTAGGTTCGTGAT,HTO_G,1,singlet,1208
TGGTTAGGTTTGTTTC,HTO_F,1,singlet,997
TGGTTAGTCAACGGCC,HTO_E,1,singlet,3009
TGGTTAGTCCGATATG,HTO_G,1,singlet,1161
TGGTTAGTCCGTAGGC,HTO_A,1,singlet,796
TGGTTAGTCGCTGATA,HTO_H,1,singlet,1116
TGGTTAGTCGGAGGTA,HTO_F,1,singlet,2461
TGGTTAGTCGTTTATC,HTO_G,1,singlet,546
TGGTTAGTCTGCAAGT,HTO_H,1,singlet,3222
TGGTTAGTCTGTGCAA,HTO_H,1,singlet,1845
TGGTTCCAGAACAACT,HTO_G,1,singlet,1560
TGGTTCCAGAGTGAGA,HTO_A,1,singlet,613
TGGTTCCAGCCGATTT,multiplet,2,multiplet,996
TGGTTCCAGCTCAACT,HTO_C,1,singlet,1933
TGGTTCCAGCTTTGGT,HTO_C,1,singlet,1890
TGGTTCCAGGATGTAT,HTO_D,1,singlet,2444
TGGTTCCAGGGAACGG,HTO_A,1,singlet,299
TGGTTCCAGGTGATTA,HTO_B,1,singlet,2139
TGGTTCCAGTCAATAG,HTO_G,1,singlet,727
TGGTTCCAGTCCTCCT,HTO_D,1,singlet,4845
TGGTTCCCAAAGGAAG,HTO_C,1,singlet,1421
TGGTTCCCAACGATCT,HTO_C,1,singlet,1290
TGGTTCCCACCTGGTG,HTO_A,1,singlet,472
TGGTTCCCACGTGAGA,HTO_G,1,singlet,855
TGGTTCCCAGACGCAA,HTO_A,1,singlet,991
TGGTTCCGTAAAGGAG,HTO_F,1,singlet,879
TGGTTCCGTACAGACG,multiplet,2,multiplet,2215
TGGTTCCGTACCGCTG,HTO_A,1,singlet,1079
TGGTTCCGTACGACCC,HTO_G,1,singlet,829
TGGTTCCGTGACTCAT,HTO_F,1,singlet,981
TGGTTCCGTGCCTGTG,HTO_F,1,singlet,3674
TGGTTCCGTGGAAAGA,HTO_E,1,singlet,606
TGGTTCCGTTCACCTC,HTO_C,1,singlet,527
TGGTTCCGTTCGCTAA,multiplet,2,multiplet,8113
TGGTTCCGTTGGAGGT,multiplet,2,multiplet,869
TGGTTCCTCAACGAAA,HTO_H,1,singlet,686
TGGTTCCTCACATACG,HTO_C,1,singlet,2383
TGGTTCCTCCACGTTC,HTO_C,1,singlet,1688
TGGTTCCTCCGCAGTG,HTO_E,1,singlet,1385
TGGTTCCTCCGCTGTT,HTO_G,1,singlet,1075
TGGTTCCTCCTCAACC,HTO_C,1,singlet,393
TGGTTCCTCGAATGGG,HTO_D,1,singlet,1347
TGGTTCCTCGCCTGAG,HTO_E,1,singlet,1339
TGGTTCCTCTGGAGCC,HTO_A,1,singlet,4844
TGGTTCCTCTGTTGAG,HTO_H,1,singlet,1335
TGGTTCCTCTGTTTGT,multiplet,2,multiplet,2102
TGGTTCCTCTTGCCGT,HTO_E,1,singlet,3257
TGGTTCCTCTTTAGTC,HTO_C,1,singlet,475
TGTATTCAGCGATATA,HTO_F,1,singlet,930
TGTATTCAGCGCTCCA,HTO_B,1,singlet,1807
TGTATTCAGCGTTTAC,HTO_D,1,singlet,2605
TGTATTCAGGACTGGT,HTO_G,1,singlet,853
TGTATTCAGTTACCCA,HTO_D,1,singlet,1487
TGTATTCAGTTGTCGT,HTO_G,1,singlet,1188
TGTATTCCAAGCTGAG,HTO_D,1,singlet,8140
TGTATTCCAAGGACTG,HTO_D,1,singlet,2604
TGTATTCCAGACTCGC,HTO_B,1,singlet,643
TGTATTCCAGGGATTG,HTO_B,1,singlet,796
TGTATTCCATCCTAGA,multiplet,2,multiplet,2090
TGTATTCCATGATCCA,HTO_F,1,singlet,555
TGTATTCGTAAACGCG,HTO_B,1,singlet,1550
TGTATTCGTAGCAAAT,HTO_E,1,singlet,432
TGTATTCGTAGTAGTA,HTO_C,1,singlet,633
TGTATTCGTCCCTACT,multiplet,2,multiplet,706
TGTATTCGTCTAGTCA,HTO_A,1,singlet,1178
TGTATTCGTGACGGTA,HTO_G,1,singlet,1869
TGTATTCGTTCCGGCA,HTO_D,1,singlet,7649
TGTATTCGTTCGTCTC,multiplet,2,multiplet,1717
TGTATTCGTTGTCGCG,HTO_H,1,singlet,2194
TGTATTCTCACAACGT,HTO_C,1,singlet,503
TGTATTCTCACGGTTA,negative,0,negative,194
TGTATTCTCCACGAAT,HTO_C,1,singlet,1412
TGTATTCTCCAGATCA,HTO_E,1,singlet,751
TGTATTCTCCATGAGT,HTO_H,1,singlet,952
TGTATTCTCCGCGTTT,HTO_C,1,singlet,622
TGTATTCTCGAGGTAG,HTO_G,1,singlet,973
TGTATTCTCGTCACGG,HTO_H,1,singlet,907
TGTATTCTCTTAACCT,HTO_F,1,singlet,1565
TGTATTCTCTTATCTG,HTO_F,1,singlet,631
TGTCCCAAGAACTGTA,HTO_B,1,singlet,1237
TGTCCCAAGAATTCCC,HTO_G,1,singlet,438
TGTCCCAAGCCATCGC,HTO_G,1,singlet,1186
TGTCCCAAGCTGTCTA,HTO_H,1,singlet,2366
TGTCCCAAGGTGCACA,HTO_E,1,singlet,1303
TGTCCCAAGTATGACA,HTO_G,1,singlet,2701
TGTCCCAAGTCCAGGA,HTO_E,1,singlet,1511
TGTCCCAAGTGAAGTT,HTO_E,1,singlet,856
TGTCCCAAGTGGTAAT,multiplet,2,multiplet,1529
TGTCCCAAGTGGTCCC,HTO_H,1,singlet,4096
TGTCCCACACAGGAGT,HTO_H,1,singlet,2078
TGTCCCACACTTAACG,HTO_H,1,singlet,1268
TGTCCCACAGGGTATG,multiplet,2,multiplet,4957
TGTCCCACATGGGACA,HTO_E,1,singlet,890
TGTCCCAGTATAAACG,multiplet,2,multiplet,6044
TGTCCCAGTATTCTCT,multiplet,2,multiplet,4343
TGTCCCAGTCGCGTGT,multiplet,2,multiplet,996
TGTCCCAGTCTCCACT,HTO_F,1,singlet,1507
TGTCCCAGTCTCCATC,HTO_A,1,singlet,1310
TGTCCCAGTGCATCTA,HTO_F,1,singlet,2059
TGTCCCAGTTAAAGTG,multiplet,2,multiplet,1400
TGTCCCAGTTATCCGA,multiplet,2,multiplet,4763
TGTCCCAGTTGACGTT,multiplet,2,multiplet,4049
TGTCCCATCACAGGCC,HTO_A,1,singlet,533
TGTCCCATCAGTACGT,HTO_A,1,singlet,949
TGTCCCATCCACGACG,HTO_A,1,singlet,747
TGTCCCATCCCACTTG,HTO_B,1,singlet,1178
TGTCCCATCCTCCTAG,HTO_H,1,singlet,841
TGTCCCATCCTGCAGG,HTO_D,1,singlet,1796
TGTCCCATCGCATGGC,HTO_E,1,singlet,860
TGTCCCATCGCGTAGC,multiplet,2,multiplet,1244
TGTCCCATCTCAAACG,HTO_E,1,singlet,960
TGTCCCATCTGAAAGA,HTO_F,1,singlet,3791
TGTCCCATCTTTAGTC,HTO_C,1,singlet,760
TGTGGTAAGACAATAC,HTO_B,1,singlet,4432
TGTGGTAAGACGCACA,HTO_H,1,singlet,3292
TGTGGTAAGAGAACAG,HTO_E,1,singlet,1498
TGTGGTAAGCCTATGT,HTO_H,1,singlet,3060
TGTGGTAAGCGTTTAC,HTO_C,1,singlet,681
TGTGGTACAAGGTTCT,HTO_G,1,singlet,2392
TGTGGTACAAGTAGTA,HTO_D,1,singlet,8531
TGTGGTACACCGCTAG,HTO_A,1,singlet,129
TGTGGTACAGCTCGAC,HTO_E,1,singlet,1122
TGTGGTACAGGGAGAG,multiplet,2,multiplet,2393
TGTGGTACATTATCTC,multiplet,2,multiplet,3628
TGTGGTAGTCACAAGG,HTO_C,1,singlet,834
TGTGGTAGTCGCCATG,HTO_G,1,singlet,1743
TGTGGTAGTCTCTCGT,HTO_H,1,singlet,590
TGTGGTAGTGCAGACA,HTO_H,1,singlet,1087
TGTGGTAGTGTGACCC,HTO_A,1,singlet,488
TGTGGTAGTGTGGCTC,HTO_G,1,singlet,2233
TGTGGTAGTTACGGAG,HTO_D,1,singlet,3672
TGTGGTAGTTAGGGTG,HTO_G,1,singlet,1583
TGTGGTAGTTCCTCCA,HTO_D,1,singlet,1874
TGTGGTATCAGCGATT,multiplet,2,multiplet,1351
TGTGGTATCATCATTC,HTO_G,1,singlet,1159
TGTGGTATCATTGCGA,HTO_C,1,singlet,884
TGTGGTATCCAAACTG,HTO_F,1,singlet,2593
TGTGGTATCCCATTAT,HTO_E,1,singlet,1121
TGTGGTATCCGCATAA,HTO_D,1,singlet,3529
TGTGGTATCCGTTGTC,HTO_C,1,singlet,458
TGTGGTATCTAGCACA,HTO_C,1,singlet,812
TGTGGTATCTCCCTGA,HTO_H,1,singlet,4156
TGTGGTATCTGCTTGC,HTO_D,1,singlet,1714
TGTGGTATCTTATCTG,HTO_B,1,singlet,2343
TGTGTTTAGAGTGAGA,HTO_C,1,singlet,1520
TGTGTTTAGATAGTCA,multiplet,2,multiplet,1121
TGTGTTTAGCCCAATT,HTO_D,1,singlet,1974
TGTGTTTAGCTAACAA,HTO_F,1,singlet,3211
TGTGTTTAGGAATCGC,HTO_D,1,singlet,1273
TGTGTTTAGGAGTTGC,HTO_F,1,singlet,1229
TGTGTTTAGTATCGAA,HTO_C,1,singlet,568
TGTGTTTAGTTGTCGT,HTO_C,1,singlet,324
TGTGTTTCACCAGATT,multiplet,2,multiplet,26991
TGTGTTTCATAGAAAC,HTO_E,1,singlet,1321
TGTGTTTCATATACCG,HTO_F,1,singlet,2525
TGTGTTTCATCCCATC,HTO_F,1,singlet,392
TGTGTTTCATCGTCGG,HTO_H,1,singlet,565
TGTGTTTCATTCACTT,HTO_F,1,singlet,860
TGTGTTTGTACAGCAG,HTO_F,1,singlet,626
TGTGTTTGTATAGGTA,HTO_A,1,singlet,1568
TGTGTTTGTATCACCA,HTO_B,1,singlet,753
TGTGTTTGTCAGTGGA,HTO_G,1,singlet,937
TGTGTTTGTCCCGACA,multiplet,3,multiplet,5645
TGTGTTTGTCTAAACC,HTO_E,1,singlet,1215
TGTGTTTGTGACCAAG,HTO_G,1,singlet,1014
TGTGTTTGTGCGATAG,HTO_C,1,singlet,648
TGTGTTTGTTGTTTGG,HTO_E,1,singlet,1499
TGTGTTTTCAGCTCTC,HTO_A,1,singlet,198
TGTGTTTTCATAAAGG,HTO_C,1,singlet,1462
TGTGTTTTCATCTGCC,HTO_F,1,singlet,1131
TGTGTTTTCCAAACAC,HTO_F,1,singlet,1132
TGTGTTTTCGCCCTTA,HTO_D,1,singlet,1172
TGTGTTTTCGGTTAAC,HTO_B,1,singlet,3189
TGTGTTTTCGTACGGC,multiplet,3,multiplet,2458
TGTGTTTTCGTCTGCT,multiplet,2,multiplet,1864
TGTGTTTTCGTGGTCG,HTO_B,1,singlet,1123
TGTGTTTTCTAACTGG,multiplet,2,multiplet,1709
TGTTCCGAGACAGACC,HTO_G,1,singlet,993
TGTTCCGAGCAATCTC,multiplet,2,multiplet,2045
TGTTCCGAGCTCCCAG,HTO_C,1,singlet,668
TGTTCCGAGTCACGCC,HTO_C,1,singlet,941
TGTTCCGCAACACCTA,HTO_G,1,singlet,761
TGTTCCGCACCGAAAG,HTO_G,1,singlet,1106
TGTTCCGCACCTTGTC,HTO_G,1,singlet,976
TGTTCCGCACTCGACG,HTO_B,1,singlet,1102
TGTTCCGCAGCCTTTC,HTO_D,1,singlet,4214
TGTTCCGCAGCGATCC,HTO_G,1,singlet,4129
TGTTCCGCAGTGGGAT,HTO_A,1,singlet,1104
TGTTCCGGTACATCCA,multiplet,2,multiplet,6577
TGTTCCGGTACCTACA,HTO_F,1,singlet,1199
TGTTCCGGTAGATTAG,multiplet,2,multiplet,1114
TGTTCCGGTCCGAATT,multiplet,2,multiplet,6441
TGTTCCGGTCCGTTAA,HTO_D,1,singlet,1758
TGTTCCGGTGACGCCT,HTO_H,1,singlet,2406
TGTTCCGGTGCTGTAT,HTO_C,1,singlet,716
TGTTCCGGTTCCACGG,HTO_B,1,singlet,2795
TGTTCCGTCAGCTGGC,multiplet,2,multiplet,1460
TGTTCCGTCAGTCCCT,HTO_F,1,singlet,4123
TGTTCCGTCGGTCTAA,HTO_D,1,singlet,1657
TGTTCCGTCGTCCAGG,HTO_C,1,singlet,1808
TGTTCCGTCGTGACAT,HTO_A,1,singlet,321
TGTTCCGTCTAACTGG,HTO_C,1,singlet,863
TGTTCCGTCTGGTGTA,HTO_D,1,singlet,963
TTAACTCAGAATTCCC,HTO_F,1,singlet,1406
TTAACTCAGACTAGGC,HTO_E,1,singlet,1890
TTAACTCAGAGACTTA,HTO_C,1,singlet,963
TTAACTCAGAGCCTAG,HTO_C,1,singlet,455
TTAACTCAGATGAGAG,HTO_G,1,singlet,866
TTAACTCAGCACAGGT,multiplet,2,multiplet,3747
TTAACTCAGCGATATA,HTO_C,1,singlet,658
TTAACTCAGCGTTTAC,multiplet,2,multiplet,4682
TTAACTCAGCTCCTTC,multiplet,2,multiplet,4182
TTAACTCAGCTGTTCA,multiplet,2,multiplet,1529
TTAACTCAGGCTCTTA,HTO_E,1,singlet,1014
TTAACTCAGTCGTACT,HTO_D,1,singlet,1749
TTAACTCAGTGAAGAG,HTO_E,1,singlet,739
TTAACTCAGTGGTAGC,HTO_B,1,singlet,1124
TTAACTCCAAACCCAT,HTO_B,1,singlet,746
TTAACTCCAAGCGATG,multiplet,2,multiplet,2309
TTAACTCCACGCTTTC,HTO_E,1,singlet,429
TTAACTCCACGGTAAG,HTO_D,1,singlet,1207
TTAACTCCACTTGGAT,HTO_B,1,singlet,379
TTAACTCCAGACGCAA,HTO_E,1,singlet,1121
TTAACTCCATACTCTT,HTO_C,1,singlet,195
TTAACTCCATGGTAGG,HTO_B,1,singlet,3537
TTAACTCCATTGGTAC,HTO_E,1,singlet,1198
TTAACTCGTACCGTTA,HTO_H,1,singlet,853
TTAACTCGTATCTGCA,HTO_G,1,singlet,1263
TTAACTCGTATGAATG,multiplet,2,multiplet,3024
TTAACTCGTATTCTCT,multiplet,2,multiplet,528
TTAACTCGTCGCATAT,HTO_C,1,singlet,2756
TTAACTCGTCTGGAGA,HTO_F,1,singlet,608
TTAACTCGTCTGGTCG,HTO_E,1,singlet,2383
TTAACTCGTGGTACAG,HTO_B,1,singlet,2533
TTAACTCGTGTTCGAT,multiplet,2,multiplet,3519
TTAACTCGTTATGCGT,HTO_B,1,singlet,1482
TTAACTCTCAAGGTAA,HTO_C,1,singlet,1162
TTAACTCTCAGGCGAA,multiplet,2,multiplet,2862
TTAACTCTCCAGGGCT,HTO_F,1,singlet,1056
TTAACTCTCCTATTCA,HTO_G,1,singlet,205
TTAACTCTCGTCTGCT,HTO_B,1,singlet,2081
TTAACTCTCTTACCGC,HTO_A,1,singlet,3004
TTAACTCTCTTGAGAC,HTO_F,1,singlet,335
TTAACTCTCTTGCATT,HTO_A,1,singlet,121972
TTAGGACAGACGCAAC,HTO_E,1,singlet,1737
TTAGGACAGATGGCGT,HTO_G,1,singlet,622
TTAGGACAGCCCAATT,HTO_D,1,singlet,1440
TTAGGACAGCGTCAAG,multiplet,2,multiplet,1093
TTAGGACAGCTAACAA,HTO_A,1,singlet,992
TTAGGACAGCTAAGAT,HTO_B,1,singlet,1231
TTAGGACAGGCTATCT,multiplet,2,multiplet,2820
TTAGGACAGTCAAGCG,HTO_B,1,singlet,950
TTAGGACAGTGTCTCA,HTO_D,1,singlet,3633
TTAGGACCACACATGT,HTO_D,1,singlet,1616
TTAGGACCATCCTAGA,multiplet,2,multiplet,1314
TTAGGACCATGTAAGA,HTO_D,1,singlet,1401
TTAGGACCATTCCTGC,multiplet,2,multiplet,1233
TTAGGACCATTCTTAC,HTO_B,1,singlet,1337
TTAGGACGTAAGGGCT,HTO_C,1,singlet,1053
TTAGGACGTACGAAAT,HTO_H,1,singlet,619
TTAGGACGTACTTGAC,HTO_D,1,singlet,1782
TTAGGACGTCATACTG,HTO_B,1,singlet,850
TTAGGACGTCCTCCAT,multiplet,2,multiplet,1109
TTAGGACGTTATTCTC,HTO_B,1,singlet,900
TTAGGACTCACAATGC,HTO_A,1,singlet,433
TTAGGACTCCAGGGCT,HTO_F,1,singlet,1489
TTAGGACTCCATGCTC,HTO_F,1,singlet,2191
TTAGGACTCCCTTGTG,HTO_C,1,singlet,1039
TTAGGACTCCGCAGTG,HTO_F,1,singlet,3725
TTAGGACTCCTCAATT,HTO_D,1,singlet,1783
TTAGGACTCCTTAATC,multiplet,2,multiplet,7851
TTAGGACTCGATGAGG,HTO_B,1,singlet,3508
TTAGGACTCTCCAGGG,HTO_H,1,singlet,954
TTAGGACTCTGCGGCA,multiplet,2,multiplet,1274
TTAGGCAAGAAGAAGC,HTO_D,1,singlet,1702
TTAGGCAAGAAGGACA,multiplet,2,multiplet,1905
TTAGGCAAGACAGACC,HTO_E,1,singlet,1965
TTAGGCAAGATCGATA,HTO_D,1,singlet,2801
TTAGGCAAGCCACGCT,HTO_B,1,singlet,929
TTAGGCAAGGTACTCT,HTO_B,1,singlet,1285
TTAGGCAAGGTGCAAC,HTO_B,1,singlet,1791
TTAGGCAAGTGGGATC,HTO_F,1,singlet,786
TTAGGCAAGTGGGCTA,HTO_F,1,singlet,783
TTAGGCAAGTGGGTTG,HTO_C,1,singlet,919
TTAGGCAAGTGGTCCC,HTO_E,1,singlet,5999
TTAGGCAAGTTACGGG,HTO_F,1,singlet,741
TTAGGCAAGTTGCAGG,multiplet,2,multiplet,4140
TTAGGCACAAGTTGTC,HTO_B,1,singlet,2083
TTAGGCACACACGCTG,multiplet,2,multiplet,5501
TTAGGCACACATTAGC,HTO_A,1,singlet,1525
TTAGGCACACCTGGTG,HTO_G,1,singlet,2196
TTAGGCACAGCTGCAC,HTO_B,1,singlet,2036
TTAGGCACAGGAATGC,HTO_B,1,singlet,7182
TTAGGCACATCGGGTC,HTO_C,1,singlet,1363
TTAGGCACATGAACCT,HTO_H,1,singlet,652
TTAGGCAGTAAATGAC,HTO_C,1,singlet,1415
TTAGGCAGTACAGTGG,HTO_H,1,singlet,3154
TTAGGCAGTAGGACAC,HTO_C,1,singlet,942
TTAGGCAGTCCAACTA,HTO_B,1,singlet,3825
TTAGGCAGTTCCCGAG,HTO_D,1,singlet,1977
TTAGGCAGTTGAGTTC,HTO_E,1,singlet,712
TTAGGCAGTTGGTTTG,HTO_A,1,singlet,619
TTAGGCATCAACGGGA,HTO_E,1,singlet,1821
TTAGGCATCACGACTA,HTO_G,1,singlet,908
TTAGGCATCCATGCTC,HTO_D,1,singlet,2459
TTAGGCATCGTGACAT,HTO_B,1,singlet,1543
TTAGTTCAGATCTGCT,multiplet,2,multiplet,3267
TTAGTTCAGCAAATCA,HTO_E,1,singlet,1475
TTAGTTCAGGCACATG,HTO_E,1,singlet,5471
TTAGTTCAGGGCTTCC,HTO_D,1,singlet,1608
TTAGTTCAGTTAGGTA,multiplet,2,multiplet,1353
TTAGTTCCAATGACCT,HTO_C,1,singlet,680
TTAGTTCCAATGGAAT,multiplet,2,multiplet,2041
TTAGTTCCAATGTAAG,HTO_E,1,singlet,1488
TTAGTTCCACACCGCA,HTO_B,1,singlet,2686
TTAGTTCCACATCCGG,HTO_D,1,singlet,7776
TTAGTTCCACGAAATA,HTO_B,1,singlet,851
TTAGTTCCACTAAGTC,HTO_B,1,singlet,1781
TTAGTTCCAGTACACT,HTO_D,1,singlet,4158
TTAGTTCCATATGCTG,multiplet,2,multiplet,1687
TTAGTTCCATCCTAGA,multiplet,3,multiplet,3369
TTAGTTCGTAACGTTC,HTO_C,1,singlet,2357
TTAGTTCGTAATTGGA,HTO_G,1,singlet,1056
TTAGTTCGTAGCGCTC,HTO_E,1,singlet,2484
TTAGTTCGTATTAGCC,HTO_G,1,singlet,5413
TTAGTTCGTCGAGTTT,HTO_A,1,singlet,361
TTAGTTCGTCTCAACA,multiplet,2,multiplet,1570
TTAGTTCGTGACTCAT,HTO_A,1,singlet,733
TTAGTTCGTGCGATAG,multiplet,2,multiplet,4664
TTAGTTCGTTCCTCCA,multiplet,2,multiplet,403
TTAGTTCGTTGGACCC,multiplet,2,multiplet,2563
TTAGTTCTCAAAGACA,HTO_B,1,singlet,4703
TTAGTTCTCAAAGTAG,HTO_A,1,singlet,670
TTAGTTCTCACGATGT,HTO_A,1,singlet,1169
TTAGTTCTCAGCATGT,HTO_E,1,singlet,465
TTAGTTCTCAGTCCCT,HTO_H,1,singlet,1228
TTAGTTCTCCGCGCAA,multiplet,2,multiplet,2318
TTAGTTCTCCGTCAAA,HTO_E,1,singlet,2972
TTAGTTCTCGTGGTCG,HTO_C,1,singlet,2639
TTAGTTCTCTCGTTTA,multiplet,2,multiplet,1346
TTATGCTAGACTCGGA,HTO_E,1,singlet,4724
TTATGCTAGACTGTAA,HTO_C,1,singlet,2054
TTATGCTAGAGTCTGG,HTO_F,1,singlet,1377
TTATGCTAGATGTTAG,HTO_G,1,singlet,2393
TTATGCTAGCAATCTC,HTO_B,1,singlet,1639
TTATGCTAGCGACGTA,HTO_G,1,singlet,2372
TTATGCTAGGAACTGC,HTO_F,1,singlet,1627
TTATGCTAGGAATCGC,HTO_A,1,singlet,4272
TTATGCTAGGAATGGA,HTO_B,1,singlet,2367
TTATGCTAGGCGATAC,HTO_F,1,singlet,912
TTATGCTAGGGCTTCC,multiplet,2,multiplet,4936
TTATGCTAGGTGACCA,multiplet,2,multiplet,2646
TTATGCTAGTCGTTTG,multiplet,3,multiplet,5766
TTATGCTAGTGCCATT,HTO_C,1,singlet,1441
TTATGCTAGTTGTAGA,HTO_H,1,singlet,710
TTATGCTCAAACTGTC,HTO_C,1,singlet,1247
TTATGCTCAACCGCCA,HTO_A,1,singlet,2145
TTATGCTCAACGATCT,HTO_C,1,singlet,1700
TTATGCTCAAGTCATC,HTO_E,1,singlet,1072
TTATGCTCACAAGTAA,multiplet,2,multiplet,1200
TTATGCTCAGATCTGT,HTO_G,1,singlet,1883
TTATGCTCAGTAAGAT,HTO_A,1,singlet,2339
TTATGCTCAGTAGAGC,HTO_F,1,singlet,394
TTATGCTCATGTCTCC,HTO_F,1,singlet,18934
TTATGCTGTAAATGTG,HTO_A,1,singlet,1215
TTATGCTGTAGCTGCC,HTO_B,1,singlet,648
TTATGCTGTATCACCA,HTO_B,1,singlet,345
TTATGCTGTCCAGTAT,multiplet,2,multiplet,2088
TTATGCTGTCTAGCGC,multiplet,2,multiplet,5301
TTATGCTGTGGTCCGT,HTO_C,1,singlet,1285
TTATGCTGTTAAGATG,multiplet,2,multiplet,2787
TTATGCTGTTGAGGTG,HTO_C,1,singlet,754
TTATGCTTCGGCTACG,HTO_A,1,singlet,345
TTATGCTTCGTTACGA,HTO_A,1,singlet,1732
TTATGCTTCTCGGACG,HTO_G,1,singlet,2520
TTATGCTTCTCTGCTG,HTO_C,1,singlet,779
TTCCCAGAGACAAGCC,HTO_F,1,singlet,557
TTCCCAGAGATGTCGG,HTO_A,1,singlet,768
TTCCCAGAGCTGGAAC,HTO_H,1,singlet,3957
TTCCCAGAGGCATGGT,HTO_G,1,singlet,2401
TTCCCAGAGTACGTAA,HTO_H,1,singlet,2648
TTCCCAGCAAAGCGGT,HTO_H,1,singlet,615
TTCCCAGCAAGTTAAG,HTO_E,1,singlet,1104
TTCCCAGCAATAACGA,HTO_D,1,singlet,3507
TTCCCAGCAATGACCT,HTO_A,1,singlet,2245
TTCCCAGCACCAGGTC,HTO_A,1,singlet,13715
TTCCCAGCACCGGAAA,HTO_A,1,singlet,1012
TTCCCAGCAGACAGGT,HTO_E,1,singlet,2830
TTCCCAGCAGCATGAG,HTO_F,1,singlet,1276
TTCCCAGCAGGGTTAG,HTO_D,1,singlet,3357
TTCCCAGCATAGTAAG,HTO_E,1,singlet,937
TTCCCAGCATCCTTGC,HTO_H,1,singlet,1265
TTCCCAGCATCGGTTA,multiplet,3,multiplet,4865
TTCCCAGCATCTACGA,HTO_F,1,singlet,3463
TTCCCAGGTATAAACG,HTO_C,1,singlet,676
TTCCCAGGTCACACGC,HTO_E,1,singlet,659
TTCCCAGGTCACCTAA,HTO_F,1,singlet,1485
TTCCCAGGTCGAGATG,HTO_A,1,singlet,816
TTCCCAGGTCTGGAGA,HTO_B,1,singlet,2027
TTCCCAGGTGGCGAAT,HTO_H,1,singlet,651
TTCCCAGGTGTCGCTG,HTO_B,1,singlet,786
TTCCCAGGTTCACGGC,HTO_C,1,singlet,886
TTCCCAGGTTCCACAA,HTO_B,1,singlet,1305
TTCCCAGTCAAACCAC,HTO_D,1,singlet,1341
TTCCCAGTCAACGAAA,HTO_A,1,singlet,407
TTCCCAGTCACGCATA,HTO_C,1,singlet,954
TTCCCAGTCACTGGGC,HTO_G,1,singlet,1242
TTCCCAGTCCCTTGCA,HTO_F,1,singlet,2187
TTCCCAGTCCTCAATT,HTO_H,1,singlet,239
TTCCCAGTCGAATGCT,HTO_B,1,singlet,1968
TTCCCAGTCGCACTCT,HTO_E,1,singlet,2959
TTCCCAGTCTTCCTTC,multiplet,2,multiplet,458
TTCGAAGAGACTGTAA,HTO_C,1,singlet,1370
TTCGAAGAGACTTTCG,HTO_G,1,singlet,944
TTCGAAGAGCCACGTC,HTO_A,1,singlet,1534
TTCGAAGAGCGCTCCA,HTO_B,1,singlet,396
TTCGAAGAGGCAAAGA,HTO_E,1,singlet,2049
TTCGAAGAGTAGATGT,HTO_F,1,singlet,670
TTCGAAGAGTCCCACG,multiplet,2,multiplet,2110
TTCGAAGAGTGGTAGC,HTO_H,1,singlet,1156
TTCGAAGCAACGCACC,HTO_H,1,singlet,764
TTCGAAGCACTACAGT,HTO_C,1,singlet,2927
TTCGAAGCACTGAAGG,HTO_D,1,singlet,2096
TTCGAAGCATCAGTAC,HTO_H,1,singlet,828
TTCGAAGCATCGGTTA,multiplet,2,multiplet,1788
TTCGAAGCATGACATC,HTO_C,1,singlet,938
TTCGAAGGTAAACGCG,HTO_D,1,singlet,1724
TTCGAAGGTAAGTGTA,multiplet,2,multiplet,3953
TTCGAAGGTCATATGC,HTO_H,1,singlet,716
TTCGAAGGTCCCTACT,HTO_G,1,singlet,829
TTCGAAGGTCGAGATG,HTO_H,1,singlet,1567
TTCGAAGGTCTAGTCA,HTO_E,1,singlet,920
TTCGAAGGTGAGTATA,HTO_B,1,singlet,2671
TTCGAAGGTGTGAAAT,HTO_H,1,singlet,408
TTCGAAGGTTACGGAG,multiplet,2,multiplet,3158
TTCGAAGGTTCCTCCA,HTO_A,1,singlet,657
TTCGAAGGTTCGCGAC,HTO_D,1,singlet,1867
TTCGAAGGTTCGGGCT,HTO_G,1,singlet,620
TTCGAAGGTTGTACAC,HTO_B,1,singlet,1485
TTCGAAGTCACAGGCC,HTO_H,1,singlet,2635
TTCGAAGTCCAGAGGA,multiplet,2,multiplet,5019
TTCGAAGTCCGAAGAG,HTO_H,1,singlet,1798
TTCGAAGTCGTCACGG,HTO_C,1,singlet,856
TTCGAAGTCTCCGGTT,HTO_B,1,singlet,2585
TTCGAAGTCTTTACGT,HTO_B,1,singlet,3454
TTCGGTCAGAATAGGG,HTO_A,1,singlet,1438
TTCGGTCAGCAATCTC,multiplet,2,multiplet,3391
TTCGGTCAGCGGATCA,HTO_D,1,singlet,1860
TTCGGTCAGCTAGTCT,HTO_A,1,singlet,836
TTCGGTCAGGACCACA,HTO_B,1,singlet,3664
TTCGGTCAGGGCACTA,HTO_F,1,singlet,1311
TTCGGTCAGTCACGCC,HTO_A,1,singlet,3398
TTCGGTCCAAAGCGGT,HTO_B,1,singlet,2422
TTCGGTCCAAGCTGTT,HTO_D,1,singlet,1361
TTCGGTCCAATGTAAG,HTO_G,1,singlet,3254
TTCGGTCCAATTGCTG,multiplet,2,multiplet,5421
TTCGGTCCACATCCGG,HTO_A,1,singlet,1589
TTCGGTCCAGACACTT,HTO_H,1,singlet,1409
TTCGGTCCATCCGCGA,HTO_H,1,singlet,553
TTCGGTCGTAATAGCA,HTO_E,1,singlet,1577
TTCGGTCGTAGCACGA,HTO_G,1,singlet,379
TTCGGTCGTCCAACTA,HTO_C,1,singlet,748
TTCGGTCGTCTGCCAG,HTO_D,1,singlet,1151
TTCGGTCGTGCCTGGT,multiplet,2,multiplet,320
TTCGGTCGTGTGGCTC,multiplet,4,multiplet,4853
TTCGGTCGTTACGTCA,HTO_E,1,singlet,1323
TTCGGTCGTTCGTCTC,HTO_F,1,singlet,962
TTCGGTCGTTTGGGCC,HTO_H,1,singlet,1316
TTCGGTCTCAATCTCT,HTO_E,1,singlet,867
TTCGGTCTCACCTTAT,multiplet,2,multiplet,1696
TTCGGTCTCATTGCCC,multiplet,2,multiplet,1683
TTCGGTCTCCATTCTA,HTO_D,1,singlet,4231
TTCGGTCTCCGCATAA,HTO_H,1,singlet,445
TTCGGTCTCCTAGTGA,HTO_F,1,singlet,991
TTCGGTCTCCTATGTT,HTO_G,1,singlet,1451
TTCGGTCTCCTATTCA,HTO_F,1,singlet,1421
TTCGGTCTCGAGGTAG,HTO_G,1,singlet,2916
TTCGGTCTCGCGTAGC,multiplet,2,multiplet,1243
TTCGGTCTCGGCATCG,HTO_G,1,singlet,2892
TTCGGTCTCTGCAGTA,HTO_C,1,singlet,630
TTCTACAAGACCCACC,multiplet,2,multiplet,3344
TTCTACAAGAGTCTGG,HTO_D,1,singlet,1712
TTCTACAAGCAATCTC,HTO_B,1,singlet,893
TTCTACAAGCGTGAAC,HTO_A,1,singlet,602
TTCTACAAGCGTTTAC,HTO_B,1,singlet,2606
TTCTACAAGGTGTTAA,HTO_F,1,singlet,1197
TTCTACAAGTCACGCC,HTO_A,1,singlet,1138
TTCTACAAGTCGCCGT,HTO_D,1,singlet,1974
TTCTACAAGTGCGATG,HTO_H,1,singlet,1167
TTCTACAAGTTTCCTT,HTO_A,1,singlet,389
TTCTACACAAAGTGCG,HTO_G,1,singlet,3440
TTCTACACAATAGAGT,multiplet,2,multiplet,4321
TTCTACACACCGTTGG,HTO_D,1,singlet,1800
TTCTACACACGGTGTC,HTO_B,1,singlet,1827
TTCTACACACTATCTT,HTO_A,1,singlet,303
TTCTACACATCGGACC,HTO_B,1,singlet,4898
TTCTACACATGTCCTC,HTO_C,1,singlet,2088
TTCTACAGTACGCTGC,HTO_F,1,singlet,409
TTCTACAGTAGTAGTA,HTO_A,1,singlet,1119
TTCTACAGTATATGGA,HTO_E,1,singlet,2365
TTCTACAGTCAATGTC,multiplet,2,multiplet,2190
TTCTACAGTCGTTGTA,HTO_G,1,singlet,431
TTCTACAGTCTTCAAG,HTO_A,1,singlet,458
TTCTACAGTGCCTGCA,HTO_H,1,singlet,1543
TTCTACAGTGCTCTTC,HTO_B,1,singlet,965
TTCTACAGTTACGACT,HTO_H,1,singlet,794
TTCTACAGTTTGACAC,HTO_D,1,singlet,793
TTCTACATCAGCTGGC,multiplet,2,multiplet,3269
TTCTACATCCTCAACC,HTO_B,1,singlet,1114
TTCTACATCCTTTCTC,HTO_H,1,singlet,1717
TTCTACATCGCGTTTC,HTO_G,1,singlet,803
TTCTACATCGGCGGTT,HTO_F,1,singlet,1783
TTCTACATCGTATCAG,HTO_G,1,singlet,3365
TTCTACATCTACTTAC,HTO_C,1,singlet,611
TTCTACATCTTACCGC,HTO_F,1,singlet,1755
TTCTCAAAGACACGAC,HTO_G,1,singlet,1218
TTCTCAAAGAGGGCTT,HTO_A,1,singlet,2448
TTCTCAAAGGACATTA,multiplet,2,multiplet,1801
TTCTCAAAGGAGTACC,multiplet,2,multiplet,2157
TTCTCAACAACGATGG,HTO_E,1,singlet,5388
TTCTCAACAAGCGATG,HTO_A,1,singlet,1477
TTCTCAACACAGCCCA,multiplet,2,multiplet,2949
TTCTCAACACGGTAGA,HTO_G,1,singlet,689
TTCTCAACACTCGACG,HTO_H,1,singlet,780
TTCTCAACAGCAGTTT,HTO_D,1,singlet,2497
TTCTCAACATCCGGGT,multiplet,2,multiplet,908
TTCTCAACATTATCTC,HTO_B,1,singlet,2340
TTCTCAAGTAACGTTC,HTO_E,1,singlet,988
TTCTCAAGTAAGGGCT,HTO_B,1,singlet,1343
TTCTCAAGTACGAAAT,HTO_C,1,singlet,742
TTCTCAAGTACTTGAC,multiplet,2,multiplet,5698
TTCTCAAGTGGCAAAC,HTO_H,1,singlet,1971
TTCTCAATCAGTACGT,HTO_G,1,singlet,2098
TTCTCAATCGTGGGAA,HTO_E,1,singlet,975
TTCTCAATCGTTTAGG,HTO_A,1,singlet,958
TTCTCCTAGAAACCGC,multiplet,2,multiplet,6696
TTCTCCTAGAGTGACC,HTO_A,1,singlet,581
TTCTCCTAGATTACCC,HTO_A,1,singlet,359
TTCTCCTAGCACGCCT,HTO_D,1,singlet,2257
TTCTCCTAGCTAAGAT,HTO_H,1,singlet,836
TTCTCCTAGCTGCAAG,HTO_A,1,singlet,778
TTCTCCTAGGAGTACC,multiplet,2,multiplet,2459
TTCTCCTAGTTCGCGC,HTO_C,1,singlet,768
TTCTCCTAGTTGTAGA,HTO_D,1,singlet,1863
TTCTCCTCAACACCTA,HTO_B,1,singlet,5213
TTCTCCTCACATTCGA,HTO_G,1,singlet,1073
TTCTCCTCACGAAACG,HTO_B,1,singlet,385
TTCTCCTCAGCCTATA,multiplet,2,multiplet,4220
TTCTCCTCAGGCAGTA,HTO_C,1,singlet,1391
TTCTCCTCATAGAAAC,HTO_F,1,singlet,3893
TTCTCCTCATGCAATC,HTO_G,1,singlet,1121
TTCTCCTCATGTTCCC,negative,0,negative,96
TTCTCCTGTACTCTCC,HTO_B,1,singlet,14314
TTCTCCTGTAGCACGA,HTO_F,1,singlet,2412
TTCTCCTGTAGGAGTC,HTO_A,1,singlet,503
TTCTCCTGTAGGGACT,HTO_D,1,singlet,1718
TTCTCCTGTATAATGG,HTO_C,1,singlet,1553
TTCTCCTGTCCTGCTT,HTO_B,1,singlet,1996
TTCTCCTGTCGAATCT,HTO_A,1,singlet,2815
TTCTCCTGTCTGATTG,multiplet,2,multiplet,5856
TTCTCCTGTGCTGTAT,HTO_H,1,singlet,535
TTCTCCTGTGGAAAGA,HTO_C,1,singlet,673
TTCTCCTGTGTAATGA,HTO_A,1,singlet,1979
TTCTCCTGTTGGACCC,HTO_A,1,singlet,1169
TTCTCCTTCAACACTG,HTO_B,1,singlet,1137
TTCTCCTTCAGTGCAT,HTO_E,1,singlet,666
TTCTCCTTCATAAAGG,multiplet,2,multiplet,386
TTCTCCTTCGCACTCT,HTO_G,1,singlet,1261
TTCTCCTTCGCTGATA,HTO_B,1,singlet,993
TTCTCCTTCGTCTGCT,HTO_E,1,singlet,2963
TTCTCCTTCTCCTATA,HTO_A,1,singlet,968
TTCTCCTTCTGGAGCC,HTO_B,1,singlet,3312
TTCTCCTTCTGTACGA,HTO_A,1,singlet,976
TTCTTAGAGAAACCAT,HTO_C,1,singlet,1101
TTCTTAGAGAAGGCCT,HTO_D,1,singlet,1912
TTCTTAGAGACCACGA,HTO_E,1,singlet,933
TTCTTAGAGATGCCAG,HTO_G,1,singlet,10067
TTCTTAGAGCCATCGC,HTO_A,1,singlet,2380
TTCTTAGAGCGATTCT,HTO_D,1,singlet,1498
TTCTTAGAGGTACTCT,HTO_G,1,singlet,521
TTCTTAGAGGTTCCTA,HTO_G,1,singlet,1033
TTCTTAGCAAGCGAGT,HTO_E,1,singlet,2026
TTCTTAGCAAGGGTCA,HTO_A,1,singlet,372
TTCTTAGCAAGGTTTC,HTO_H,1,singlet,1283
TTCTTAGCACCTCGTT,multiplet,2,multiplet,2710
TTCTTAGCACGAAACG,HTO_F,1,singlet,2076
TTCTTAGCACGACTCG,HTO_C,1,singlet,902
TTCTTAGCAGATCCAT,HTO_C,1,singlet,946
TTCTTAGCAGCTATTG,multiplet,2,multiplet,5139
TTCTTAGCATAAGACA,multiplet,2,multiplet,3121
TTCTTAGCATACTCTT,HTO_G,1,singlet,1071
TTCTTAGCATCCCATC,multiplet,2,multiplet,4635
TTCTTAGGTAAAGGAG,HTO_D,1,singlet,873
TTCTTAGGTAAGTAGT,HTO_A,1,singlet,219
TTCTTAGGTAAGTGTA,HTO_H,1,singlet,669
TTCTTAGGTACCATCA,HTO_E,1,singlet,1288
TTCTTAGGTACTTAGC,multiplet,2,multiplet,1348
TTCTTAGGTAGTACCT,HTO_E,1,singlet,673
TTCTTAGGTCATACTG,HTO_G,1,singlet,1113
TTCTTAGGTCGGCATC,HTO_C,1,singlet,1378
TTCTTAGGTCTAGGTT,HTO_B,1,singlet,2122
TTCTTAGGTTTCCACC,HTO_B,1,singlet,769
TTCTTAGTCCAGTATG,HTO_E,1,singlet,2253
TTCTTAGTCCCTCTTT,HTO_C,1,singlet,601
TTCTTAGTCCGTCATC,HTO_B,1,singlet,2264
TTCTTAGTCGGAGGTA,HTO_A,1,singlet,1067
TTCTTAGTCTTTAGTC,HTO_B,1,singlet,1436
TTGAACGAGAACAATC,HTO_A,1,singlet,701
TTGAACGAGACCTAGG,HTO_E,1,singlet,1389
TTGAACGAGCAACGGT,HTO_G,1,singlet,876
TTGAACGAGCCACGCT,HTO_C,1,singlet,558
TTGAACGAGCGTTTAC,HTO_D,1,singlet,1643
TTGAACGAGGCCCGTT,HTO_E,1,singlet,633
TTGAACGAGGGCATGT,HTO_F,1,singlet,1526
TTGAACGAGTAAGTAC,HTO_D,1,singlet,1368
TTGAACGAGTACGCCC,HTO_C,1,singlet,1080
TTGAACGAGTGTACCT,HTO_F,1,singlet,926
TTGAACGCAACCGCCA,HTO_C,1,singlet,908
TTGAACGCAAGGTTTC,HTO_E,1,singlet,871
TTGAACGCAATAGCGG,multiplet,2,multiplet,878
TTGAACGCAATGGAGC,multiplet,2,multiplet,4109
TTGAACGCAATTGCTG,HTO_E,1,singlet,1251
TTGAACGCACTAAGTC,HTO_A,1,singlet,352
TTGAACGCAGACACTT,HTO_B,1,singlet,1263
TTGAACGCAGTCTTCC,HTO_F,1,singlet,1260
TTGAACGCATGCCTTC,HTO_F,1,singlet,897
TTGAACGCATGGATGG,HTO_H,1,singlet,845
TTGAACGCATTGTGCA,HTO_G,1,singlet,696
TTGAACGGTAAGAGAG,HTO_H,1,singlet,528
TTGAACGGTAATAGCA,HTO_F,1,singlet,505
TTGAACGGTCATATGC,HTO_A,1,singlet,844
TTGAACGGTCTCATCC,HTO_A,1,singlet,288
TTGAACGGTCTGATTG,multiplet,2,multiplet,2257
TTGAACGGTGAAATCA,HTO_E,1,singlet,3992
TTGAACGGTGACTCAT,HTO_A,1,singlet,5974
TTGAACGGTGCAGACA,HTO_G,1,singlet,722
TTGAACGGTTATGTGC,HTO_C,1,singlet,1223
TTGAACGGTTCGCGAC,HTO_B,1,singlet,704
TTGAACGTCAGCTCTC,HTO_H,1,singlet,2841
TTGAACGTCATGCATG,HTO_G,1,singlet,443
TTGAACGTCATGGTCA,HTO_G,1,singlet,834
TTGAACGTCCAAAGTC,HTO_A,1,singlet,716
TTGAACGTCCGCAGTG,multiplet,2,multiplet,1863
TTGAACGTCCTCGCAT,HTO_B,1,singlet,2258
TTGAACGTCCTGCAGG,HTO_C,1,singlet,687
TTGAACGTCGCGATCG,HTO_A,1,singlet,188
TTGAACGTCGGCGCAT,HTO_A,1,singlet,163
TTGAACGTCTGCGTAA,multiplet,2,multiplet,6887
TTGAACGTCTTACCTA,HTO_D,1,singlet,1380
TTGAACGTCTTGTATC,HTO_B,1,singlet,624
TTGACTTAGATCCGAG,multiplet,2,multiplet,3606
TTGACTTAGCCCGAAA,HTO_E,1,singlet,2319
TTGACTTAGGCGCTCT,HTO_F,1,singlet,1148
TTGACTTAGGTAGCTG,HTO_D,1,singlet,1149
TTGACTTAGTAGATGT,HTO_B,1,singlet,1775
TTGACTTAGTGGTAAT,multiplet,2,multiplet,1469
TTGACTTAGTGTTAGA,HTO_A,1,singlet,2357
TTGACTTAGTTCCACA,HTO_H,1,singlet,753
TTGACTTCAACGATGG,HTO_A,1,singlet,2205
TTGACTTCAAGTCATC,multiplet,2,multiplet,2898
TTGACTTCACGACTCG,HTO_D,1,singlet,2000
TTGACTTCACGGCGTT,HTO_A,1,singlet,3208
TTGACTTCACTGTGTA,HTO_F,1,singlet,1090
TTGACTTCACTTACGA,HTO_F,1,singlet,1539
TTGACTTCAGCATGAG,HTO_C,1,singlet,1002
TTGACTTCAGGGAGAG,HTO_C,1,singlet,1562
TTGACTTCAGTCAGCC,HTO_F,1,singlet,1597
TTGACTTCATCGATGT,HTO_F,1,singlet,2287
TTGACTTCATCGATTG,HTO_B,1,singlet,2122
TTGACTTGTAACGTTC,HTO_F,1,singlet,2113
TTGACTTGTAGCTTGT,HTO_B,1,singlet,1051
TTGACTTGTATGCTTG,HTO_E,1,singlet,1340
TTGACTTGTCTCCACT,HTO_H,1,singlet,280
TTGACTTGTCTCCATC,HTO_G,1,singlet,1578
TTGACTTGTCTGGTCG,HTO_G,1,singlet,853
TTGACTTGTGCACGAA,HTO_G,1,singlet,938
TTGACTTGTTCCATGA,multiplet,2,multiplet,2590
TTGACTTTCCAGAGGA,HTO_G,1,singlet,2238
TTGACTTTCCTTGCCA,HTO_G,1,singlet,2492
TTGACTTTCGCATGGC,HTO_H,1,singlet,1041
TTGACTTTCGGCGCAT,HTO_B,1,singlet,1168
TTGACTTTCTCACATT,multiplet,3,multiplet,863
TTGACTTTCTCGTATT,multiplet,2,multiplet,3271
TTGCCGTAGAATGTGT,HTO_G,1,singlet,1059
TTGCCGTAGATGTAAC,HTO_C,1,singlet,922
TTGCCGTAGCACGCCT,HTO_F,1,singlet,1989
TTGCCGTAGCCCAATT,HTO_E,1,singlet,1165
TTGCCGTAGCGACGTA,multiplet,2,multiplet,3278
TTGCCGTAGCTGCAAG,multiplet,2,multiplet,2942
TTGCCGTAGGAGTTTA,HTO_F,1,singlet,5144
TTGCCGTAGGCACATG,multiplet,2,multiplet,1754
TTGCCGTAGTAGTGCG,HTO_G,1,singlet,975
TTGCCGTAGTATGACA,HTO_B,1,singlet,3350
TTGCCGTAGTCCGGTC,HTO_H,1,singlet,1358
TTGCCGTAGTTCGCGC,multiplet,3,multiplet,3700
TTGCCGTCAAGCGCTC,multiplet,2,multiplet,6780
TTGCCGTCAGTCGTGC,HTO_A,1,singlet,1185
TTGCCGTCATAGACTC,HTO_G,1,singlet,1880
TTGCCGTGTAAGTTCC,multiplet,2,multiplet,961
TTGCCGTGTATGGTTC,HTO_E,1,singlet,1210
TTGCCGTGTGCGCTTG,HTO_H,1,singlet,625
TTGCCGTGTGGTAACG,multiplet,2,multiplet,2919
TTGCCGTGTTCGAATC,HTO_H,1,singlet,558
TTGCCGTTCACTCCTG,HTO_H,1,singlet,447
TTGCCGTTCAGCAACT,multiplet,3,multiplet,5689
TTGCCGTTCAGTTGAC,HTO_E,1,singlet,5124
TTGCCGTTCCACTGGG,HTO_E,1,singlet,1465
TTGCCGTTCCCATTTA,HTO_B,1,singlet,1742
TTGCCGTTCCTTGACC,HTO_B,1,singlet,1254
TTGCCGTTCGTCCGTT,HTO_G,1,singlet,1252
TTGCCGTTCTGATTCT,HTO_G,1,singlet,1892
TTGCGTCAGGCAAAGA,multiplet,2,multiplet,6517
TTGCGTCAGGCCGAAT,HTO_C,1,singlet,3110
TTGCGTCAGTAACCCT,HTO_B,1,singlet,1065
TTGCGTCAGTTAACGA,multiplet,2,multiplet,2054
TTGCGTCAGTTCGCGC,multiplet,2,multiplet,1729
TTGCGTCCAACTGCTA,HTO_A,1,singlet,1168
TTGCGTCCACATTCGA,HTO_H,1,singlet,858
TTGCGTCCACCAACCG,HTO_B,1,singlet,2847
TTGCGTCCACGGACAA,HTO_D,1,singlet,1514
TTGCGTCCAGCTCGCA,HTO_A,1,singlet,1846
TTGCGTCCAGCTGTTA,HTO_F,1,singlet,950
TTGCGTCCATGTCGAT,HTO_E,1,singlet,846
TTGCGTCCATGTCTCC,HTO_E,1,singlet,750
TTGCGTCGTCAGAAGC,negative,0,negative,74
TTGCGTCGTCAGAATA,HTO_G,1,singlet,254
TTGCGTCGTTATCGGT,HTO_H,1,singlet,202
TTGCGTCTCAACGAAA,HTO_E,1,singlet,2919
TTGCGTCTCACCATAG,multiplet,2,multiplet,815
TTGCGTCTCACGACTA,HTO_F,1,singlet,766
TTGCGTCTCAGTTAGC,HTO_H,1,singlet,486
TTGCGTCTCCACGAAT,HTO_C,1,singlet,1055
TTGCGTCTCCCGACTT,HTO_F,1,singlet,2537
TTGCGTCTCCTGCTTG,HTO_H,1,singlet,2357
TTGGAACAGAAGGTTT,HTO_G,1,singlet,3778
TTGGAACAGACCCACC,HTO_F,1,singlet,990
TTGGAACAGACGCTTT,HTO_D,1,singlet,2102
TTGGAACAGATATGGT,multiplet,2,multiplet,4219
TTGGAACAGCGATGAC,HTO_G,1,singlet,1222
TTGGAACAGGACAGAA,HTO_A,1,singlet,413
TTGGAACAGGTCGGAT,HTO_C,1,singlet,1674
TTGGAACCAATTGCTG,HTO_G,1,singlet,1197
TTGGAACCACAGCGTC,HTO_D,1,singlet,1046
TTGGAACCACTCTGTC,multiplet,2,multiplet,732
TTGGAACCATGTAGTC,HTO_F,1,singlet,1052
TTGGAACCATTCTTAC,multiplet,2,multiplet,5559
TTGGAACGTAGTACCT,HTO_E,1,singlet,1116
TTGGAACGTCGAACAG,multiplet,2,multiplet,2865
TTGGAACGTGACGGTA,HTO_E,1,singlet,2114
TTGGAACGTGATGCCC,multiplet,2,multiplet,1638
TTGGAACGTGGTTTCA,HTO_G,1,singlet,738
TTGGAACGTGTAACGG,multiplet,2,multiplet,3665
TTGGAACGTGTGCGTC,HTO_D,1,singlet,1224
TTGGAACGTTAAGATG,HTO_G,1,singlet,737
TTGGAACGTTGGGACA,HTO_F,1,singlet,2249
TTGGAACTCACGACTA,HTO_C,1,singlet,630
TTGGAACTCACGATGT,HTO_F,1,singlet,1941
TTGGAACTCAGTCAGT,multiplet,2,multiplet,5068
TTGGAACTCCAGTATG,HTO_A,1,singlet,1372
TTGGAACTCTCTGCTG,HTO_B,1,singlet,2246
TTGGAACTCTGGTATG,HTO_A,1,singlet,1215
TTGGAACTCTTGCAAG,HTO_B,1,singlet,2791
TTGGAACTCTTTACAC,HTO_C,1,singlet,726
TTGGCAAAGACAAGCC,HTO_H,1,singlet,1315
TTGGCAAAGACACGAC,HTO_D,1,singlet,2087
TTGGCAAAGAGCTTCT,HTO_A,1,singlet,1101
TTGGCAAAGAGTACCG,HTO_D,1,singlet,3017
TTGGCAAAGATCCCAT,multiplet,2,multiplet,2611
TTGGCAAAGCACACAG,HTO_B,1,singlet,1186
TTGGCAAAGCCATCGC,HTO_F,1,singlet,1025
TTGGCAAAGCCGATTT,HTO_G,1,singlet,2476
TTGGCAAAGCCTCGTG,HTO_D,1,singlet,2101
TTGGCAAAGCTTATCG,HTO_A,1,singlet,2612
TTGGCAAAGGACTGGT,multiplet,3,multiplet,5015
TTGGCAAAGGGATACC,multiplet,2,multiplet,5714
TTGGCAAAGTACGTAA,HTO_C,1,singlet,727
TTGGCAAAGTCACGCC,HTO_F,1,singlet,4606
TTGGCAACAAGCTGTT,HTO_E,1,singlet,1000
TTGGCAACACAAGCCC,HTO_F,1,singlet,4021
TTGGCAACACCAGATT,HTO_A,1,singlet,914
TTGGCAACACTGTGTA,HTO_D,1,singlet,6372
TTGGCAACAGCTTAAC,HTO_C,1,singlet,1282
TTGGCAACAGTGAGTG,HTO_B,1,singlet,8481
TTGGCAACATCCGGGT,HTO_B,1,singlet,2315
TTGGCAACATGATCCA,HTO_D,1,singlet,1236
TTGGCAACATGGATGG,HTO_G,1,singlet,881
TTGGCAACATTGTGCA,multiplet,2,multiplet,1576
TTGGCAAGTCCAGTTA,HTO_F,1,singlet,1801
TTGGCAAGTCCGAACC,HTO_E,1,singlet,2495
TTGGCAAGTCCGAATT,HTO_B,1,singlet,1429
TTGGCAAGTCTTCTCG,multiplet,2,multiplet,2004
TTGGCAAGTGAGGGTT,HTO_C,1,singlet,1013
TTGGCAAGTGCGAAAC,HTO_H,1,singlet,1046
TTGGCAAGTGTATGGG,HTO_H,1,singlet,4327
TTGGCAAGTGTGGCTC,multiplet,2,multiplet,2880
TTGGCAAGTTATCGGT,HTO_B,1,singlet,779
TTGGCAAGTTCCCGAG,HTO_B,1,singlet,3364
TTGGCAAGTTGTGGCC,multiplet,2,multiplet,744
TTGGCAATCAAAGTAG,HTO_E,1,singlet,1342
TTGGCAATCAGCTCGG,HTO_A,1,singlet,10834
TTGGCAATCATGCATG,HTO_D,1,singlet,1704
TTGGCAATCCTATGTT,HTO_F,1,singlet,673
TTGGCAATCGCCTGAG,HTO_F,1,singlet,714
TTGGCAATCGTCTGAA,HTO_D,1,singlet,1685
TTGGCAATCGTTTGCC,HTO_G,1,singlet,3137
TTGGCAATCTGAGGGA,HTO_C,1,singlet,803
TTGGCAATCTGAGTGT,multiplet,2,multiplet,5491
TTGGCAATCTGGTATG,HTO_A,1,singlet,2314
TTGGCAATCTTCGGTC,HTO_G,1,singlet,1035
TTGTAGGAGACCACGA,HTO_B,1,singlet,2455
TTGTAGGAGACCTTTG,HTO_G,1,singlet,1337
TTGTAGGAGCAGCCTC,HTO_B,1,singlet,423
TTGTAGGAGCTACCTA,HTO_A,1,singlet,220
TTGTAGGAGCTTATCG,HTO_D,1,singlet,1189
TTGTAGGAGTGAATTG,HTO_E,1,singlet,1953
TTGTAGGAGTGCGATG,HTO_H,1,singlet,1071
TTGTAGGAGTTCGATC,HTO_H,1,singlet,412
TTGTAGGAGTTGAGAT,HTO_D,1,singlet,1995
TTGTAGGAGTTGTAGA,HTO_D,1,singlet,1957
TTGTAGGCAAAGTGCG,HTO_D,1,singlet,4580
TTGTAGGCAACTGCGC,HTO_A,1,singlet,220
TTGTAGGCAAGTAGTA,HTO_E,1,singlet,2173
TTGTAGGCACCAGATT,HTO_F,1,singlet,1475
TTGTAGGCATCAGTAC,HTO_A,1,singlet,2475
TTGTAGGGTAGCGTGA,HTO_H,1,singlet,6797
TTGTAGGGTCTACCTC,HTO_G,1,singlet,841
TTGTAGGGTCTAGCCG,HTO_B,1,singlet,685
TTGTAGGGTTAAAGAC,HTO_H,1,singlet,1221
TTGTAGGGTTATCCGA,HTO_G,1,singlet,1506
TTGTAGGGTTTGTTGG,HTO_F,1,singlet,376
TTGTAGGTCAACACGT,HTO_H,1,singlet,981
TTGTAGGTCACGATGT,multiplet,2,multiplet,4133
TTGTAGGTCCGTAGTA,multiplet,2,multiplet,888
TTGTAGGTCCTCAATT,HTO_C,1,singlet,1325
TTGTAGGTCGACAGCC,HTO_F,1,singlet,3144
TTGTAGGTCGACGGAA,HTO_G,1,singlet,411
TTGTAGGTCTAAGCCA,HTO_H,1,singlet,219
TTGTAGGTCTTGAGGT,HTO_H,1,singlet,496
TTTACTGAGAGTGACC,HTO_B,1,singlet,1934
TTTACTGAGATCTGCT,HTO_A,1,singlet,1589
TTTACTGAGCTAACTC,HTO_G,1,singlet,2435
TTTACTGAGCTCTCGG,HTO_C,1,singlet,2261
TTTACTGAGTAGCCGA,HTO_G,1,singlet,351
TTTACTGAGTCAATAG,HTO_F,1,singlet,2673
TTTACTGAGTGCGATG,HTO_H,1,singlet,913
TTTACTGCAAGTTAAG,HTO_B,1,singlet,705
TTTACTGCAATAAGCA,HTO_D,1,singlet,3556
TTTACTGCAATGCCAT,HTO_C,1,singlet,736
TTTACTGCAATGGAGC,HTO_D,1,singlet,1510
TTTACTGCACGGTAGA,HTO_H,1,singlet,538
TTTACTGCACGGTGTC,HTO_H,1,singlet,1290
TTTACTGCAGACGCTC,HTO_C,1,singlet,1652
TTTACTGCAGGATCGA,HTO_A,1,singlet,2991
TTTACTGCAGTATGCT,HTO_B,1,singlet,1287
TTTACTGCATACTACG,HTO_D,1,singlet,1405
TTTACTGCATGGATGG,HTO_C,1,singlet,1646
TTTACTGCATTCGACA,HTO_D,1,singlet,1669
TTTACTGGTACTCTCC,HTO_E,1,singlet,1116
TTTACTGGTAGCTCCG,multiplet,2,multiplet,4337
TTTACTGGTAGTAGTA,multiplet,2,multiplet,3314
TTTACTGGTCAGCTAT,HTO_A,1,singlet,7889
TTTACTGGTCGACTAT,multiplet,2,multiplet,2658
TTTACTGGTGCACCAC,HTO_D,1,singlet,861
TTTACTGGTGGTAACG,HTO_F,1,singlet,593
TTTACTGGTTACTGAC,HTO_E,1,singlet,426
TTTACTGGTTCCTCCA,multiplet,2,multiplet,1581
TTTACTGGTTCGAATC,HTO_A,1,singlet,1311
TTTACTGGTTGATTGC,HTO_F,1,singlet,2577
TTTACTGGTTGCTCCT,HTO_G,1,singlet,708
TTTACTGTCAAGATCC,HTO_G,1,singlet,899
TTTACTGTCACATAGC,HTO_F,1,singlet,2046
TTTACTGTCACGACTA,HTO_G,1,singlet,2547
TTTACTGTCAGGCCCA,HTO_A,1,singlet,4191
TTTACTGTCCAGGGCT,multiplet,2,multiplet,4072
TTTACTGTCCGCAGTG,HTO_G,1,singlet,1898
TTTACTGTCGGTGTCG,HTO_F,1,singlet,1611
TTTACTGTCTAACTTC,HTO_G,1,singlet,461
TTTACTGTCTGCAGTA,HTO_B,1,singlet,3505
TTTACTGTCTGCTTGC,multiplet,2,multiplet,2565
TTTACTGTCTGTCTAT,HTO_G,1,singlet,841
TTTACTGTCTTAACCT,HTO_D,1,singlet,2386
TTTATGCAGAATAGGG,multiplet,2,multiplet,4414
TTTATGCAGAATGTTG,HTO_B,1,singlet,650
TTTATGCAGAGACTTA,HTO_G,1,singlet,246
TTTATGCAGCATGGCA,HTO_G,1,singlet,1567
TTTATGCAGCGTGAAC,HTO_F,1,singlet,834
TTTATGCCAATCACAC,HTO_A,1,singlet,552
TTTATGCCAGACGTAG,multiplet,2,multiplet,3379
TTTATGCCAGGATCGA,HTO_C,1,singlet,2249
TTTATGCCAGGCTCAC,HTO_A,1,singlet,391
TTTATGCCATGGTTGT,HTO_A,1,singlet,533
TTTATGCCATGTAAGA,HTO_G,1,singlet,907
TTTATGCCATGTAGTC,HTO_G,1,singlet,615
TTTATGCGTAAATGTG,HTO_G,1,singlet,1381
TTTATGCGTCAGGACA,HTO_F,1,singlet,1412
TTTATGCGTCTAAACC,HTO_D,1,singlet,1323
TTTATGCGTCTTGATG,HTO_D,1,singlet,9797
TTTATGCGTGATGATA,HTO_B,1,singlet,798
TTTATGCGTGTAATGA,HTO_F,1,singlet,3273
TTTATGCGTGTTCGAT,HTO_B,1,singlet,627
TTTATGCGTTATCACG,multiplet,2,multiplet,1699
TTTATGCGTTATCCGA,multiplet,2,multiplet,3568
TTTATGCTCAACGAAA,HTO_G,1,singlet,960
TTTATGCTCAACTCTT,HTO_G,1,singlet,871
TTTATGCTCACCGGGT,HTO_E,1,singlet,2711
TTTATGCTCCAAGTAC,HTO_C,1,singlet,754
TTTATGCTCCTAGGGC,HTO_H,1,singlet,579
TTTATGCTCCTAGTGA,multiplet,2,multiplet,2843
TTTATGCTCCTGCCAT,HTO_D,1,singlet,2935
TTTATGCTCTTGTACT,HTO_B,1,singlet,563
TTTCCTCAGAAGGGTA,HTO_D,1,singlet,4094
TTTCCTCAGACTGGGT,HTO_G,1,singlet,906
TTTCCTCAGAGACTTA,HTO_F,1,singlet,781
TTTCCTCAGATACACA,HTO_F,1,singlet,877
TTTCCTCAGTGTCCAT,HTO_B,1,singlet,3442
TTTCCTCCAACTTGAC,HTO_A,1,singlet,2685
TTTCCTCCAAGCGTAG,HTO_H,1,singlet,2406
TTTCCTCCAATGAAAC,HTO_B,1,singlet,1228
TTTCCTCCACGAAGCA,HTO_B,1,singlet,2933
TTTCCTCCAGAAGCAC,HTO_B,1,singlet,1140
TTTCCTCCAGACAGGT,HTO_D,1,singlet,1771
TTTCCTCCAGACGCTC,HTO_F,1,singlet,1734
TTTCCTCCAGCCAGAA,HTO_D,1,singlet,4747
TTTCCTCCAGCGAACA,HTO_C,1,singlet,969
TTTCCTCCAGCTTCGG,HTO_B,1,singlet,825
TTTCCTCCAGGTGCCT,HTO_H,1,singlet,2199
TTTCCTCGTAAATGTG,HTO_B,1,singlet,3139
TTTCCTCGTAAGGGCT,HTO_G,1,singlet,616
TTTCCTCGTACCCAAT,HTO_F,1,singlet,1012
TTTCCTCGTCCGAGTC,HTO_G,1,singlet,796
TTTCCTCGTCGAAAGC,multiplet,2,multiplet,1158
TTTCCTCGTGACCAAG,HTO_F,1,singlet,1210
TTTCCTCGTGCTCTTC,HTO_A,1,singlet,391
TTTCCTCGTTTGACTG,HTO_E,1,singlet,2300
TTTCCTCTCACCATAG,HTO_H,1,singlet,1373
TTTCCTCTCCAAATGC,HTO_A,1,singlet,1427
TTTCCTCTCCACTCCA,HTO_C,1,singlet,1019
TTTCCTCTCGCGTAGC,HTO_G,1,singlet,257
TTTCCTCTCGCTTGTC,HTO_A,1,singlet,2813
TTTCCTCTCGGACAAG,HTO_E,1,singlet,783
TTTCCTCTCGGTGTCG,HTO_B,1,singlet,2102
TTTCCTCTCTACGAGT,HTO_B,1,singlet,1320
TTTCCTCTCTCGTATT,HTO_C,1,singlet,1154
TTTGCGCAGATGTGGC,HTO_H,1,singlet,888
TTTGCGCAGCTAAACA,multiplet,2,multiplet,1312
TTTGCGCAGCTACCGC,HTO_A,1,singlet,3964
TTTGCGCAGCTACCTA,HTO_D,1,singlet,2589
TTTGCGCAGCTATGCT,HTO_H,1,singlet,888
TTTGCGCAGGCAATTA,HTO_H,1,singlet,3519
TTTGCGCAGGGTCTCC,multiplet,2,multiplet,1371
TTTGCGCAGGTACTCT,HTO_H,1,singlet,863
TTTGCGCAGTCATGCT,HTO_H,1,singlet,884
TTTGCGCAGTCTCCTC,HTO_F,1,singlet,2799
TTTGCGCCAAGTAATG,HTO_E,1,singlet,2544
TTTGCGCCAATCAGAA,HTO_E,1,singlet,2980
TTTGCGCCACATAACC,HTO_C,1,singlet,2845
TTTGCGCCACTTAAGC,HTO_G,1,singlet,224
TTTGCGCCAGCTCCGA,multiplet,2,multiplet,2155
TTTGCGCCAGGTCGTC,HTO_H,1,singlet,915
TTTGCGCCATCCCATC,HTO_H,1,singlet,1392
TTTGCGCCATCTCGCT,HTO_B,1,singlet,1239
TTTGCGCCATGGTAGG,HTO_G,1,singlet,3411
TTTGCGCCATTTGCCC,HTO_G,1,singlet,612
TTTGCGCGTAAATACG,HTO_E,1,singlet,1798
TTTGCGCGTATATCCG,HTO_B,1,singlet,2336
TTTGCGCGTCACTTCC,HTO_H,1,singlet,362
TTTGCGCGTCAGGACA,HTO_A,1,singlet,284
TTTGCGCGTCTCAACA,multiplet,2,multiplet,1567
TTTGCGCGTCTCCACT,negative,0,negative,185
TTTGCGCGTGAGTGAC,HTO_B,1,singlet,653
TTTGCGCGTGCTCTTC,HTO_A,1,singlet,701
TTTGCGCGTGTCCTCT,HTO_E,1,singlet,1452
TTTGCGCGTTCCCGAG,HTO_E,1,singlet,1137
TTTGCGCGTTCGTGAT,HTO_G,1,singlet,824
TTTGCGCGTTGGTGGA,HTO_A,1,singlet,526
TTTGCGCGTTTCGCTC,HTO_B,1,singlet,1889
TTTGCGCTCAAGGTAA,HTO_F,1,singlet,1426
TTTGCGCTCCACTGGG,HTO_F,1,singlet,2657
TTTGCGCTCCGCGTTT,HTO_A,1,singlet,968
TTTGCGCTCCGGGTGT,HTO_A,1,singlet,610
TTTGCGCTCGATAGAA,HTO_D,1,singlet,2044
TTTGCGCTCGTTACGA,multiplet,2,multiplet,5320
TTTGCGCTCGTTGACA,HTO_D,1,singlet,1223
TTTGCGCTCTAACCGA,HTO_F,1,singlet,2238
TTTGCGCTCTGTCCGT,HTO_B,1,singlet,1645
TTTGGTTAGCCACTAT,multiplet,2,multiplet,1289
TTTGGTTAGCTGAACG,HTO_G,1,singlet,1828
TTTGGTTAGGTAGCTG,HTO_G,1,singlet,1220
TTTGGTTAGTCGTACT,HTO_A,1,singlet,633
TTTGGTTCAAGAGGCT,multiplet,2,multiplet,1760
TTTGGTTCAATAAGCA,HTO_B,1,singlet,1103
TTTGGTTCAATCGGTT,HTO_D,1,singlet,6424
TTTGGTTCAGCCAGAA,HTO_H,1,singlet,2660
TTTGGTTCAGCTGTTA,HTO_C,1,singlet,2450
TTTGGTTCAGGTCGTC,HTO_A,1,singlet,864
TTTGGTTCAGTGGAGT,HTO_G,1,singlet,1020
TTTGGTTCATTTGCCC,HTO_A,1,singlet,1132
TTTGGTTGTAAGCACG,HTO_H,1,singlet,906
TTTGGTTGTACCGTAT,HTO_G,1,singlet,2555
TTTGGTTGTACTCAAC,HTO_D,1,singlet,1650
TTTGGTTGTACTTCTT,HTO_B,1,singlet,857
TTTGGTTGTCACAAGG,multiplet,2,multiplet,4427
TTTGGTTGTCATATGC,HTO_G,1,singlet,4743
TTTGGTTGTCCGAAGA,HTO_C,1,singlet,373
TTTGGTTGTCTCTTAT,HTO_B,1,singlet,1600
TTTGGTTGTCTGCCAG,multiplet,2,multiplet,3772
TTTGGTTGTGGAAAGA,HTO_B,1,singlet,1232
TTTGGTTGTTCATGGT,HTO_E,1,singlet,1376
TTTGGTTTCACTCTTA,HTO_F,1,singlet,1495
TTTGGTTTCACTGGGC,negative,0,negative,265
TTTGGTTTCCAAACTG,HTO_G,1,singlet,1003
TTTGGTTTCCATGCTC,multiplet,2,multiplet,1531
TTTGGTTTCGGATGGA,multiplet,2,multiplet,4460
TTTGGTTTCGTGGTCG,HTO_A,1,singlet,730
TTTGGTTTCTCAAACG,HTO_F,1,singlet,671
TTTGGTTTCTCAAGTG,HTO_D,1,singlet,1571
TTTGGTTTCTGCAGTA,HTO_F,1,singlet,917
TTTGGTTTCTTGTATC,multiplet,3,multiplet,5681
TTTGTCAAGAGTAATC,HTO_G,1,singlet,1591
TTTGTCAAGCAACGGT,HTO_A,1,singlet,1506
TTTGTCAAGCCACCTG,multiplet,2,multiplet,2362
TTTGTCAAGCGTAATA,HTO_H,1,singlet,903
TTTGTCAAGCTACCTA,HTO_C,1,singlet,206
TTTGTCAAGGACACCA,multiplet,2,multiplet,3852
TTTGTCAAGGCAGTCA,HTO_H,1,singlet,655
TTTGTCAAGGGTCGAT,HTO_A,1,singlet,829
TTTGTCAAGGGTCTCC,HTO_A,1,singlet,740
TTTGTCAAGTCTTGCA,HTO_A,1,singlet,3068
TTTGTCAAGTGTACCT,HTO_A,1,singlet,1827
TTTGTCACAACACCTA,HTO_G,1,singlet,870
TTTGTCACACCACGTG,HTO_C,1,singlet,594
TTTGTCACACGCGAAA,HTO_A,1,singlet,973
TTTGTCACACGGACAA,HTO_G,1,singlet,702
TTTGTCACAGTACACT,HTO_G,1,singlet,1278
TTTGTCACAGTGGAGT,HTO_C,1,singlet,2119
TTTGTCACATAGGATA,HTO_D,1,singlet,6702
TTTGTCACATCCTTGC,HTO_G,1,singlet,2032
TTTGTCAGTAAACACA,HTO_E,1,singlet,1304
TTTGTCAGTAAGTGGC,HTO_A,1,singlet,928
TTTGTCAGTAATCACC,HTO_G,1,singlet,957
TTTGTCAGTGCTTCTC,HTO_H,1,singlet,268
TTTGTCAGTGTTCGAT,HTO_G,1,singlet,2822
TTTGTCAGTTACAGAA,HTO_D,1,singlet,1921
TTTGTCAGTTAGTGGG,HTO_C,1,singlet,663
TTTGTCAGTTCACGGC,HTO_H,1,singlet,905
TTTGTCAGTTCGCGAC,HTO_E,1,singlet,2024
TTTGTCAGTTGATTCG,multiplet,2,multiplet,6821
TTTGTCAGTTGCCTCT,HTO_C,1,singlet,1009
TTTGTCAGTTGGGACA,HTO_F,1,singlet,2254
TTTGTCAGTTGTGGCC,HTO_F,1,singlet,935
TTTGTCATCACCTCGT,HTO_H,1,singlet,740
TTTGTCATCAGCACAT,HTO_F,1,singlet,1718
TTTGTCATCAGGTAAA,HTO_A,1,singlet,1024
TTTGTCATCATAACCG,HTO_E,1,singlet,1957
TTTGTCATCATCGGAT,HTO_A,1,singlet,930
TTTGTCATCCGAGCCA,HTO_E,1,singlet,1677
TTTGTCATCTAACTGG,HTO_E,1,singlet,1571
TTTGTCATCTGCTGCT,HTO_F,1,singlet,3793
