pred_id	recall	precision
baseline:E2G_Distance	0.0	0.0
baseline:E2G_Distance	0.03821656050955414	0.8181818181818182
baseline:E2G_Distance	0.07218683651804671	0.7906976744186046
baseline:E2G_Distance	0.10615711252653928	0.78125
baseline:E2G_Distance	0.1316348195329087	0.7294117647058823
baseline:E2G_Distance	0.16348195329087048	0.7264150943396226
baseline:E2G_Distance	0.1932059447983015	0.7109375
baseline:E2G_Distance	0.21443736730360935	0.6733333333333333
baseline:E2G_Distance	0.23779193205944799	0.6549707602339181
baseline:E2G_Distance	0.25902335456475584	0.6256410256410256
baseline:E2G_Distance	0.2760084925690021	0.6018518518518519
baseline:E2G_Distance	0.2908704883227176	0.5732217573221757
baseline:E2G_Distance	0.3078556263269639	0.5576923076923077
baseline:E2G_Distance	0.3248407643312102	0.5387323943661971
baseline:E2G_Distance	0.3375796178343949	0.521311475409836
baseline:E2G_Distance	0.35456475583864117	0.5107033639143731
baseline:E2G_Distance	0.3651804670912951	0.4942528735632184
baseline:E2G_Distance	0.38004246284501064	0.48509485094850946
baseline:E2G_Distance	0.3991507430997877	0.47959183673469385
baseline:E2G_Distance	0.4118895966029724	0.46973365617433416
baseline:E2G_Distance	0.4309978768577495	0.46774193548387094
baseline:E2G_Distance	0.4416135881104034	0.4551422319474836
baseline:E2G_Distance	0.4543524416135881	0.4476987447698745
baseline:E2G_Distance	0.46709129511677283	0.4408817635270541
baseline:E2G_Distance	0.47558386411889597	0.4307692307692308
baseline:E2G_Distance	0.4861995753715499	0.4232902033271719
baseline:E2G_Distance	0.49469214437367304	0.41238938053097346
baseline:E2G_Distance	0.505307855626327	0.40545144804088584
baseline:E2G_Distance	0.5222929936305732	0.40327868852459015
baseline:E2G_Distance	0.5392781316348195	0.40253565768621236
baseline:E2G_Distance	0.5498938428874734	0.39663093415007655
baseline:E2G_Distance	0.5562632696390658	0.3887240356083086
baseline:E2G_Distance	0.5626326963906582	0.3807471264367816
baseline:E2G_Distance	0.5668789808917197	0.3713490959666203
baseline:E2G_Distance	0.5753715498938429	0.36522911051212936
baseline:E2G_Distance	0.5881104033970276	0.362565445026178
baseline:E2G_Distance	0.5944798301486199	0.356234096692112
baseline:E2G_Distance	0.6050955414012739	0.3527227722772277
baseline:E2G_Distance	0.613588110403397	0.34777376654632974
baseline:E2G_Distance	0.6178343949044586	0.3399532710280374
baseline:E2G_Distance	0.6242038216560509	0.3348519362186788
baseline:E2G_Distance	0.6284501061571125	0.3288888888888889
baseline:E2G_Distance	0.6454352441613588	0.3297180043383948
baseline:E2G_Distance	0.6475583864118896	0.32343584305408274
baseline:E2G_Distance	0.6539278131634819	0.31917098445595854
baseline:E2G_Distance	0.6602972399150743	0.3154158215010142
baseline:E2G_Distance	0.6645435244161358	0.31020812685827553
baseline:E2G_Distance	0.6666666666666666	0.3048543689320388
baseline:E2G_Distance	0.6709129511677282	0.3006660323501427
baseline:E2G_Distance	0.6794055201698513	0.29767441860465116
baseline:E2G_Distance	0.692144373673036	0.296094459582198
baseline:E2G_Distance	0.6942675159235668	0.2906666666666667
baseline:E2G_Distance	0.6942675159235668	0.2850915431560593
baseline:E2G_Distance	0.6963906581740976	0.2808219178082192
baseline:E2G_Distance	0.6985138004246284	0.276006711409396
baseline:E2G_Distance	0.7006369426751592	0.2720527617477329
baseline:E2G_Distance	0.7048832271762208	0.2688259109311741
baseline:E2G_Distance	0.7112526539278131	0.26650755767700873
baseline:E2G_Distance	0.7133757961783439	0.2627052384675528
baseline:E2G_Distance	0.7133757961783439	0.25846153846153846
baseline:E2G_Distance	0.7176220806794055	0.25547996976568405
baseline:E2G_Distance	0.721868365180467	0.25297619047619047
baseline:E2G_Distance	0.7239915074309978	0.24963396778916544
baseline:E2G_Distance	0.7282377919320594	0.247296322999279
baseline:E2G_Distance	0.7303609341825902	0.24431818181818182
baseline:E2G_Distance	0.732484076433121	0.24109014675052412
baseline:E2G_Distance	0.732484076433121	0.23743977976600136
baseline:E2G_Distance	0.7367303609341825	0.23541383989145184
baseline:E2G_Distance	0.7388535031847133	0.23246492985971945
baseline:E2G_Distance	0.7409766454352441	0.22990777338603424
baseline:E2G_Distance	0.7430997876857749	0.22727272727272727
baseline:E2G_Distance	0.7430997876857749	0.22407170294494239
baseline:E2G_Distance	0.7473460721868365	0.22236260265319013
baseline:E2G_Distance	0.7494692144373672	0.21993769470404984
baseline:E2G_Distance	0.7494692144373672	0.21683046683046683
baseline:E2G_Distance	0.7537154989384289	0.2147610405323654
baseline:E2G_Distance	0.7579617834394905	0.21313432835820895
baseline:E2G_Distance	0.7579617834394905	0.21024734982332155
baseline:E2G_Distance	0.7579617834394905	0.20767888307155322
baseline:E2G_Distance	0.7622080679405521	0.20620333141872488
baseline:E2G_Distance	0.7622080679405521	0.20363017583664209
baseline:E2G_Distance	0.7643312101910829	0.20179372197309417
baseline:E2G_Distance	0.7664543524416136	0.2
baseline:E2G_Distance	0.7685774946921444	0.1982475355969332
baseline:E2G_Distance	0.772823779193206	0.19686316928069228
baseline:E2G_Distance	0.772823779193206	0.1946524064171123
baseline:E2G_Distance	0.772823779193206	0.19249074563722898
baseline:E2G_Distance	0.772823779193206	0.19027705175117615
baseline:E2G_Distance	0.772823779193206	0.18811369509043926
baseline:E2G_Distance	0.772823779193206	0.18609406952965235
baseline:E2G_Distance	0.7749469214437368	0.18462316641375823
baseline:E2G_Distance	0.7749469214437368	0.18268268268268267
baseline:E2G_Distance	0.7749469214437368	0.1806930693069307
baseline:E2G_Distance	0.7749469214437368	0.17883390494855464
baseline:E2G_Distance	0.7770700636942676	0.17749757516973813
baseline:E2G_Distance	0.7791932059447984	0.17610364683301344
baseline:E2G_Distance	0.7791932059447984	0.17426400759734093
baseline:E2G_Distance	0.7791932059447984	0.17230046948356809
baseline:E2G_Distance	0.7791932059447984	0.17053903345724908
baseline:E2G_Distance	0.7813163481953291	0.1693511274735389
baseline:E2G_Distance	0.7813163481953291	0.16757741347905283
baseline:E2G_Distance	0.7834394904458599	0.16644113667117727
baseline:E2G_Distance	0.7834394904458599	0.1648793565683646
baseline:E2G_Distance	0.7834394904458599	0.16327433628318583
baseline:E2G_Distance	0.7855626326963907	0.16213847502191062
baseline:E2G_Distance	0.7855626326963907	0.1605902777777778
baseline:E2G_Distance	0.7876857749469215	0.15956989247311829
baseline:E2G_Distance	0.7876857749469215	0.15814151747655583
baseline:E2G_Distance	0.7898089171974523	0.1570945945945946
baseline:E2G_Distance	0.7919320594479831	0.15600167294019238
baseline:E2G_Distance	0.7940552016985138	0.1550580431177446
baseline:E2G_Distance	0.7940552016985138	0.15365653245686114
baseline:E2G_Distance	0.7961783439490446	0.15274949083503056
baseline:E2G_Distance	0.7983014861995754	0.1518578352180937
baseline:E2G_Distance	0.802547770700637	0.1513210568454764
baseline:E2G_Distance	0.802547770700637	0.1500595474394601
baseline:E2G_Distance	0.802547770700637	0.1487603305785124
baseline:E2G_Distance	0.802547770700637	0.14748341786968397
baseline:E2G_Distance	0.802547770700637	0.14628482972136223
baseline:E2G_Distance	0.802547770700637	0.14504988488104376
baseline:E2G_Distance	0.8046709129511678	0.14421613394216135
baseline:E2G_Distance	0.8046709129511678	0.1430188679245283
baseline:E2G_Distance	0.8046709129511678	0.14184131736526945
baseline:E2G_Distance	0.8046709129511678	0.14073523950984032
baseline:E2G_Distance	0.8067940552016986	0.1400147383935151
baseline:E2G_Distance	0.8067940552016986	0.1388888888888889
baseline:E2G_Distance	0.8067940552016986	0.13778100072516317
baseline:E2G_Distance	0.8067940552016986	0.13664149586479685
baseline:E2G_Distance	0.8089171974522293	0.13597430406852248
baseline:E2G_Distance	0.8089171974522293	0.13496280552603612
baseline:E2G_Distance	0.8089171974522293	0.1339662447257384
baseline:E2G_Distance	0.8089171974522293	0.13289152424136727
baseline:E2G_Distance	0.8089171974522293	0.13187954309449637
baseline:E2G_Distance	0.8110403397027601	0.13127147766323025
baseline:E2G_Distance	0.8110403397027601	0.13028649386084584
baseline:E2G_Distance	0.8110403397027601	0.1293599729089062
baseline:E2G_Distance	0.8110403397027601	0.1284033613445378
baseline:E2G_Distance	0.8110403397027601	0.12750333778371162
baseline:E2G_Distance	0.8110403397027601	0.1265738899933731
baseline:E2G_Distance	0.8110403397027601	0.12569924317209608
baseline:E2G_Distance	0.8110403397027601	0.12479581836001306
baseline:E2G_Distance	0.8195329087048833	0.12508101101749838
baseline:E2G_Distance	0.8195329087048833	0.12423559703894432
baseline:E2G_Distance	0.8195329087048833	0.12324393358876118
baseline:E2G_Distance	0.8195329087048833	0.1223842739378567
baseline:E2G_Distance	0.8195329087048833	0.12149826880705068
baseline:E2G_Distance	0.8195329087048833	0.1207004377736085
baseline:E2G_Distance	0.8195329087048833	0.1199130164647406
baseline:E2G_Distance	0.8195329087048833	0.11909904350509103
baseline:E2G_Distance	0.8195329087048833	0.11833231146535868
baseline:E2G_Distance	0.8195329087048833	0.11753958587088915
baseline:E2G_Distance	0.8195329087048833	0.1167927382753404
baseline:E2G_Distance	0.8195329087048833	0.11598557692307693
baseline:E2G_Distance	0.8195329087048833	0.11518949567293345
baseline:E2G_Distance	0.8195329087048833	0.11443818559146161
baseline:E2G_Distance	0.8195329087048833	0.11366313309776208
baseline:E2G_Distance	0.8195329087048833	0.1128985083357707
baseline:E2G_Distance	0.8237791932059448	0.1127906976744186
baseline:E2G_Distance	0.8259023354564756	0.1123627960716349
baseline:E2G_Distance	0.8259023354564756	0.11155721250358475
baseline:E2G_Distance	0.8259023354564756	0.11088939566704675
baseline:E2G_Distance	0.8259023354564756	0.11016709147550269
baseline:E2G_Distance	0.8259023354564756	0.10945413618458076
baseline:E2G_Distance	0.8280254777070064	0.10909090909090909
baseline:E2G_Distance	0.8280254777070064	0.10836343428730202
baseline:E2G_Distance	0.8301486199575372	0.1080110497237569
baseline:E2G_Distance	0.8301486199575372	0.10735859417902252
baseline:E2G_Distance	0.8301486199575372	0.10668485675306957
baseline:E2G_Distance	0.8301486199575372	0.10604827773257391
baseline:E2G_Distance	0.8301486199575372	0.10536243600107788
baseline:E2G_Distance	0.8301486199575372	0.1047695605573419
baseline:E2G_Distance	0.8301486199575372	0.10415556739477891
baseline:E2G_Distance	0.8301486199575372	0.10352131321154355
baseline:E2G_Distance	0.8301486199575372	0.10289473684210526
baseline:E2G_Distance	0.8301486199575372	0.1023292331850301
baseline:E2G_Distance	0.8301486199575372	0.10174342961228207
baseline:E2G_Distance	0.8301486199575372	0.10116429495472186
baseline:E2G_Distance	0.8301486199575372	0.10059171597633136
baseline:E2G_Distance	0.8301486199575372	0.10005117707267144
baseline:E2G_Distance	0.832271762208068	0.09972017298397354
baseline:E2G_Distance	0.832271762208068	0.09919028340080972
baseline:E2G_Distance	0.832271762208068	0.09866599546941858
baseline:E2G_Distance	0.832271762208068	0.0980980980980981
baseline:E2G_Distance	0.832271762208068	0.09758526263380632
baseline:E2G_Distance	0.832271762208068	0.09698169223156854
baseline:E2G_Distance	0.832271762208068	0.09648043317745508
baseline:E2G_Distance	0.832271762208068	0.09596083231334149
baseline:E2G_Distance	0.832271762208068	0.09544679814950086
baseline:E2G_Distance	0.832271762208068	0.09493824170501332
baseline:E2G_Distance	0.8343949044585988	0.09465317919075145
baseline:E2G_Distance	0.8343949044585988	0.0941317365269461
baseline:E2G_Distance	0.8365180467091295	0.09389895138226882
baseline:E2G_Distance	0.8365180467091295	0.09340919867235657
baseline:E2G_Distance	0.8365180467091295	0.09288071664309289
baseline:E2G_Distance	0.8386411889596603	0.09261430246189918
baseline:E2G_Distance	0.8386411889596603	0.09213902495917892
baseline:E2G_Distance	0.8386411889596603	0.09168987929433611
baseline:E2G_Distance	0.8386411889596603	0.09116085852757905
baseline:E2G_Distance	0.8386411889596603	0.09065871012164334
baseline:E2G_Distance	0.8386411889596603	0.09022384650525354
baseline:E2G_Distance	0.8386411889596603	0.08977272727272727
baseline:E2G_Distance	0.8386411889596603	0.08928571428571429
baseline:E2G_Distance	0.8386411889596603	0.08878399640368623
baseline:E2G_Distance	0.8386411889596603	0.0883668903803132
baseline:E2G_Distance	0.8386411889596603	0.08793410507569012
baseline:E2G_Distance	0.8386411889596603	0.08752492798581875
baseline:E2G_Distance	0.8407643312101911	0.0873015873015873
baseline:E2G_Distance	0.8407643312101911	0.08682306511729884
baseline:E2G_Distance	0.8407643312101911	0.08638743455497382
baseline:E2G_Distance	0.8407643312101911	0.08595615367918386
baseline:E2G_Distance	0.8407643312101911	0.08554763447828904
baseline:E2G_Distance	0.8428874734607219	0.08535798752956353
baseline:E2G_Distance	0.8450106157112527	0.08513368983957219
baseline:E2G_Distance	0.8450106157112527	0.08471690080885483
baseline:E2G_Distance	0.8450106157112527	0.08432203389830509
baseline:E2G_Distance	0.8450106157112527	0.08393083087304935
baseline:E2G_Distance	0.8450106157112527	0.08350818296265212
baseline:E2G_Distance	0.8450106157112527	0.08314184249007729
baseline:E2G_Distance	0.8471337579617835	0.08296943231441048
baseline:E2G_Distance	0.8471337579617835	0.08257450331125828
baseline:E2G_Distance	0.8471337579617835	0.08221718524623944
baseline:E2G_Distance	0.8471337579617835	0.08182936833470057
baseline:E2G_Distance	0.8471337579617835	0.08147845619767205
baseline:E2G_Distance	0.8492569002123143	0.08131734092295181
baseline:E2G_Distance	0.8492569002123143	0.08093889113719142
baseline:E2G_Distance	0.8492569002123143	0.08058017727639001
baseline:E2G_Distance	0.8492569002123143	0.08020854220974534
baseline:E2G_Distance	0.8492569002123143	0.07987220447284345
baseline:E2G_Distance	0.8492569002123143	0.07952286282306163
baseline:E2G_Distance	0.8492569002123143	0.0791295746785361
baseline:E2G_Distance	0.8492569002123143	0.07880220646178093
baseline:E2G_Distance	0.8492569002123143	0.07844675426554226
baseline:E2G_Distance	0.8492569002123143	0.078125
baseline:E2G_Distance	0.8492569002123143	0.07777561734396267
baseline:E2G_Distance	0.8492569002123143	0.07745933384972889
baseline:E2G_Distance	0.8492569002123143	0.07710100231303008
baseline:E2G_Distance	0.8492569002123143	0.07677543186180422
baseline:E2G_Distance	0.8492569002123143	0.0764379896808714
baseline:E2G_Distance	0.8535031847133758	0.07649857278782113
baseline:E2G_Distance	0.8535031847133758	0.07619408642911296
baseline:E2G_Distance	0.8535031847133758	0.0758633704472542
baseline:E2G_Distance	0.8535031847133758	0.0755639097744361
baseline:E2G_Distance	0.8535031847133758	0.07523862998315553
baseline:E2G_Distance	0.8556263269639066	0.07511649580615098
baseline:E2G_Distance	0.8556263269639066	0.07476808905380333
baseline:E2G_Distance	0.8556263269639066	0.07445039719194532
baseline:E2G_Distance	0.8556263269639066	0.07414903403863846
baseline:E2G_Distance	0.8556263269639066	0.07382304451364718
baseline:E2G_Distance	0.8577494692144374	0.07372262773722628
baseline:E2G_Distance	0.8577494692144374	0.0734145011811739
baseline:E2G_Distance	0.8577494692144374	0.07309571195947169
baseline:E2G_Distance	0.8577494692144374	0.07280591097495044
baseline:E2G_Distance	0.8577494692144374	0.0725314183123878
baseline:E2G_Distance	0.8598726114649682	0.07242489270386267
baseline:E2G_Distance	0.861995753715499	0.07233208622839836
baseline:E2G_Distance	0.861995753715499	0.07206247781327653
baseline:E2G_Distance	0.861995753715499	0.07179487179487179
baseline:E2G_Distance	0.861995753715499	0.0715292459478506
baseline:E2G_Distance	0.861995753715499	0.07125307125307126
baseline:E2G_Distance	0.861995753715499	0.07099143206854346
baseline:E2G_Distance	0.861995753715499	0.07071938686639959
baseline:E2G_Distance	0.861995753715499	0.07044941870553531
baseline:E2G_Distance	0.861995753715499	0.07018150388936906
baseline:E2G_Distance	0.8641188959660298	0.07007575757575757
baseline:E2G_Distance	0.8662420382165605	0.0699828473413379
baseline:E2G_Distance	0.8662420382165605	0.06971975393028025
baseline:E2G_Distance	0.8683651804670913	0.06962887299965952
baseline:E2G_Distance	0.8683651804670913	0.06935730032219772
baseline:E2G_Distance	0.8683651804670913	0.06908783783783784
baseline:E2G_Distance	0.8683651804670913	0.06884362901868372
baseline:E2G_Distance	0.8683651804670913	0.06858963608921684
baseline:E2G_Distance	0.8683651804670913	0.06832609421984631
baseline:E2G_Distance	0.8683651804670913	0.0680872315631763
baseline:E2G_Distance	0.8683651804670913	0.06780503978779841
baseline:E2G_Distance	0.8683651804670913	0.0675698000991244
baseline:E2G_Distance	0.8683651804670913	0.06728080276361244
baseline:E2G_Distance	0.8683651804670913	0.06703819046058024
baseline:E2G_Distance	0.8683651804670913	0.06677551020408164
baseline:E2G_Distance	0.8683651804670913	0.06652569941444372
baseline:E2G_Distance	0.8704883227176221	0.06643979906011992
baseline:E2G_Distance	0.8704883227176221	0.06620377845955111
baseline:E2G_Distance	0.8704883227176221	0.06596942880128721
baseline:E2G_Distance	0.8704883227176221	0.06574727389352149
baseline:E2G_Distance	0.8704883227176221	0.06552661019657983
baseline:E2G_Distance	0.8704883227176221	0.06529702181876094
baseline:E2G_Distance	0.8704883227176221	0.06506903666084748
baseline:E2G_Distance	0.8704883227176221	0.06485289465359063
baseline:E2G_Distance	0.8704883227176221	0.06461780929866036
baseline:E2G_Distance	0.8704883227176221	0.06440464970153943
baseline:E2G_Distance	0.8726114649681529	0.0643494598403006
baseline:E2G_Distance	0.8726114649681529	0.0641185647425897
baseline:E2G_Distance	0.8726114649681529	0.06389925373134328
baseline:E2G_Distance	0.8726114649681529	0.06369130636913063
baseline:E2G_Distance	0.8726114649681529	0.06346510191476219
baseline:E2G_Distance	0.8726114649681529	0.06323076923076923
baseline:E2G_Distance	0.8726114649681529	0.06301747930082796
baseline:E2G_Distance	0.8726114649681529	0.06280562347188264
baseline:E2G_Distance	0.8726114649681529	0.0625951873286628
baseline:E2G_Distance	0.8747346072186837	0.06254744193107636
baseline:E2G_Distance	0.8747346072186837	0.06234866828087167
baseline:E2G_Distance	0.8747346072186837	0.062132408384859
baseline:E2G_Distance	0.8747346072186837	0.0619362597714973
baseline:E2G_Distance	0.8747346072186837	0.06174134572156451
baseline:E2G_Distance	0.8747346072186837	0.06153846153846154
baseline:E2G_Distance	0.8747346072186837	0.06134603930911257
baseline:E2G_Distance	0.8747346072186837	0.061136667161299896
baseline:E2G_Distance	0.8747346072186837	0.060937731104866145
baseline:E2G_Distance	0.8747346072186837	0.060749041580654674
baseline:E2G_Distance	0.8747346072186837	0.06054371785451874
baseline:E2G_Distance	0.8747346072186837	0.06035745678288895
baseline:E2G_Distance	0.8747346072186837	0.06017233825032861
baseline:E2G_Distance	0.8768577494692145	0.06011644832605531
baseline:E2G_Distance	0.8768577494692145	0.05993324626324191
baseline:E2G_Distance	0.8768577494692145	0.05974251410386229
baseline:E2G_Distance	0.8768577494692145	0.05956158061724834
baseline:E2G_Distance	0.8768577494692145	0.05938173975557153
baseline:E2G_Distance	0.8768577494692145	0.05919449620180593
baseline:E2G_Distance	0.8768577494692145	0.05901686196056016
baseline:E2G_Distance	0.8768577494692145	0.058823529411764705
baseline:E2G_Distance	0.8768577494692145	0.05864811133200795
baseline:E2G_Distance	0.8768577494692145	0.05847373637264618
baseline:E2G_Distance	0.8768577494692145	0.058300395256917
baseline:E2G_Distance	0.8768577494692145	0.058119898677174216
baseline:E2G_Distance	0.8768577494692145	0.057948645994106915
baseline:E2G_Distance	0.8768577494692145	0.05777839955232233
baseline:E2G_Distance	0.8768577494692145	0.05760111576011158
baseline:E2G_Distance	0.8768577494692145	0.05741693312943139
baseline:E2G_Distance	0.8768577494692145	0.05724185724185724
baseline:E2G_Distance	0.8768577494692145	0.057075732448866774
baseline:E2G_Distance	0.8768577494692145	0.0569027280242491
baseline:E2G_Distance	0.8768577494692145	0.05673856298942163
baseline:E2G_Distance	0.8768577494692145	0.05657534246575342
baseline:E2G_Distance	0.8768577494692145	0.05640535372848948
baseline:E2G_Distance	0.8768577494692145	0.056236383442265794
baseline:E2G_Distance	0.8768577494692145	0.056076035302104546
baseline:E2G_Distance	0.8768577494692145	0.05590902937593069
baseline:E2G_Distance	0.8768577494692145	0.05573549257759784
baseline:E2G_Distance	0.8768577494692145	0.05557798412057596
baseline:E2G_Distance	0.8768577494692145	0.055413927277606335
baseline:E2G_Distance	0.8768577494692145	0.05525083612040134
baseline:E2G_Distance	0.8768577494692145	0.05509605122732124
baseline:E2G_Distance	0.8768577494692145	0.05489831184367938
baseline:E2G_Distance	0.8768577494692145	0.054745493107104984
baseline:E2G_Distance	0.8768577494692145	0.05458630716362675
baseline:E2G_Distance	0.8789808917197452	0.054567022538552785
baseline:E2G_Distance	0.8789808917197452	0.05439495467087111
baseline:E2G_Distance	0.8789808917197452	0.054245283018867926
baseline:E2G_Distance	0.8789808917197452	0.054089365037888686
baseline:E2G_Distance	0.8789808917197452	0.05394136807817589
baseline:E2G_Distance	0.881104033970276	0.05391711056255684
baseline:E2G_Distance	0.881104033970276	0.053763440860215055
baseline:E2G_Distance	0.881104033970276	0.053610644619558195
baseline:E2G_Distance	0.881104033970276	0.05346560164905952
baseline:E2G_Distance	0.881104033970276	0.053321341385070026
baseline:E2G_Distance	0.881104033970276	0.05317785750896976
baseline:E2G_Distance	0.881104033970276	0.05302159192538648
baseline:E2G_Distance	0.881104033970276	0.052879714576962285
baseline:E2G_Distance	0.881104033970276	0.05273859448468675
baseline:E2G_Distance	0.881104033970276	0.052598225602027884
baseline:E2G_Distance	0.881104033970276	0.05245860194665655
baseline:E2G_Distance	0.881104033970276	0.052313122400100845
baseline:E2G_Distance	0.881104033970276	0.05217500628614533
baseline:E2G_Distance	0.881104033970276	0.05203761755485893
baseline:E2G_Distance	0.881104033970276	0.05190095047523762
baseline:E2G_Distance	0.881104033970276	0.05176499937632531
baseline:E2G_Distance	0.881104033970276	0.05162975864642946
baseline:E2G_Distance	0.881104033970276	0.051495222732348925
baseline:E2G_Distance	0.881104033970276	0.05134232339477916
baseline:E2G_Distance	0.881104033970276	0.05120927936821323
baseline:E2G_Distance	0.881104033970276	0.051076923076923075
baseline:E2G_Distance	0.881104033970276	0.050945249202062365
baseline:E2G_Distance	0.881104033970276	0.05080803134182174
baseline:E2G_Distance	0.881104033970276	0.05066536442436821
baseline:E2G_Distance	0.881104033970276	0.050535801266439355
baseline:E2G_Distance	0.881104033970276	0.05040689906473946
baseline:E2G_Distance	0.881104033970276	0.05027865277441241
baseline:E2G_Distance	0.881104033970276	0.05014499758337361
baseline:E2G_Distance	0.881104033970276	0.05001807882367121
baseline:E2G_Distance	0.881104033970276	0.04988580358216132
baseline:E2G_Distance	0.881104033970276	0.049760191846522785
baseline:E2G_Distance	0.8832271762208068	0.049754814017462026
baseline:E2G_Distance	0.8832271762208068	0.049630159866380336
baseline:E2G_Distance	0.8832271762208068	0.049494348602022606
baseline:E2G_Distance	0.8853503184713376	0.04948380206479174
baseline:E2G_Distance	0.8853503184713376	0.049354953248905195
baseline:E2G_Distance	0.8853503184713376	0.049226773698500766
baseline:E2G_Distance	0.8853503184713376	0.049105040037682526
baseline:E2G_Distance	0.8853503184713376	0.04897815362931642
baseline:E2G_Distance	0.8874734607218684	0.04897480960749854
baseline:E2G_Distance	0.8874734607218684	0.048854604955586724
baseline:E2G_Distance	0.8874734607218684	0.04872930753089298
baseline:E2G_Distance	0.8874734607218684	0.04861030352366554
baseline:E2G_Distance	0.8874734607218684	0.04849187935034803
baseline:E2G_Distance	0.8874734607218684	0.04837403078347414
baseline:E2G_Distance	0.8874734607218684	0.048256753636573536
baseline:E2G_Distance	0.8874734607218684	0.04814004376367615
baseline:E2G_Distance	0.8874734607218684	0.04802389705882353
baseline:E2G_Distance	0.8874734607218684	0.04790830945558739
baseline:E2G_Distance	0.8874734607218684	0.047782350251486055
baseline:E2G_Distance	0.8874734607218684	0.047657051647474635
baseline:E2G_Distance	0.8874734607218684	0.04753781417036279
baseline:E2G_Distance	0.8874734607218684	0.04742455184933061
baseline:E2G_Distance	0.8874734607218684	0.047311827956989246
baseline:E2G_Distance	0.8874734607218684	0.047199638663053295
baseline:E2G_Distance	0.8895966029723992	0.047189998873747044
baseline:E2G_Distance	0.8980891719745223	0.047522750252780584
baseline:E2G_Distance	1.0	0.045480880648899186
ENCODEstats:std	0.0	0.0
ENCODEstats:std	0.008492569002123142	0.0273972602739726
ENCODEstats:std	0.02335456475583864	0.06707317073170732
ENCODEstats:std	0.02335456475583864	0.06358381502890173
ENCODEstats:std	0.02335456475583864	0.05913978494623656
ENCODEstats:std	0.02335456475583864	0.05527638190954774
ENCODEstats:std	0.025477707006369428	0.05263157894736842
ENCODEstats:std	0.025477707006369428	0.03773584905660377
ENCODEstats:std	0.03397027600849257	0.048484848484848485
ENCODEstats:std	0.03397027600849257	0.04610951008645533
ENCODEstats:std	0.03397027600849257	0.04456824512534819
ENCODEstats:std	0.036093418259023353	0.04461942257217848
ENCODEstats:std	0.036093418259023353	0.04028436018957346
ENCODEstats:std	0.036093418259023353	0.038636363636363635
ENCODEstats:std	0.036093418259023353	0.03711790393013101
ENCODEstats:std	0.036093418259023353	0.035864978902953586
ENCODEstats:std	0.036093418259023353	0.03469387755102041
ENCODEstats:std	0.040339702760084924	0.037848605577689244
ENCODEstats:std	0.04246284501061571	0.03816793893129771
ENCODEstats:std	0.04246284501061571	0.037037037037037035
ENCODEstats:std	0.04670912951167728	0.03389830508474576
ENCODEstats:std	0.04883227176220807	0.03276353276353276
ENCODEstats:std	0.04883227176220807	0.032167832167832165
ENCODEstats:std	0.04883227176220807	0.03074866310160428
ENCODEstats:std	0.04883227176220807	0.029831387808041506
ENCODEstats:std	0.04883227176220807	0.027878787878787878
ENCODEstats:std	0.04883227176220807	0.026744186046511628
ENCODEstats:std	0.04883227176220807	0.026255707762557076
ENCODEstats:std	0.050955414012738856	0.02711864406779661
ENCODEstats:std	0.055201698513800426	0.028921023359288096
ENCODEstats:std	0.055201698513800426	0.028477546549835708
ENCODEstats:std	0.05732484076433121	0.027777777777777776
ENCODEstats:std	0.059447983014861996	0.028484231943031537
ENCODEstats:std	0.06157112526539278	0.028265107212475632
ENCODEstats:std	0.06157112526539278	0.027281279397930385
ENCODEstats:std	0.06369426751592357	0.027881040892193308
ENCODEstats:std	0.06369426751592357	0.027472527472527472
ENCODEstats:std	0.06794055201698514	0.02901178603807797
ENCODEstats:std	0.06794055201698514	0.02867383512544803
ENCODEstats:std	0.07006369426751592	0.029151943462897525
ENCODEstats:std	0.07006369426751592	0.028795811518324606
ENCODEstats:std	0.07006369426751592	0.028229255774165955
ENCODEstats:std	0.07006369426751592	0.027989821882951654
ENCODEstats:std	0.07006369426751592	0.02787162162162162
ENCODEstats:std	0.07430997876857749	0.028973509933774833
ENCODEstats:std	0.07643312101910828	0.028191072826938137
ENCODEstats:std	0.08492569002123142	0.03110419906687403
ENCODEstats:std	0.09129511677282377	0.03159441587068332
ENCODEstats:std	0.09129511677282377	0.031363967906637494
ENCODEstats:std	0.09129511677282377	0.03127272727272727
ENCODEstats:std	0.10828025477707007	0.03637660485021398
ENCODEstats:std	0.11464968152866242	0.0380818053596615
ENCODEstats:std	0.12101910828025478	0.039804469273743016
ENCODEstats:std	0.12101910828025478	0.0395558639833449
ENCODEstats:std	0.12101910828025478	0.03941908713692946
ENCODEstats:std	0.12101910828025478	0.03914835164835165
ENCODEstats:std	0.12101910828025478	0.03877551020408163
ENCODEstats:std	0.12101910828025478	0.03747534516765286
ENCODEstats:std	0.12101910828025478	0.03713355048859935
ENCODEstats:std	0.12314225053078556	0.037371134020618556
ENCODEstats:std	0.12314225053078556	0.03680203045685279
ENCODEstats:std	0.12526539278131635	0.037177063642092
ENCODEstats:std	0.14012738853503184	0.039309112567004166
ENCODEstats:std	0.14012738853503184	0.03905325443786982
ENCODEstats:std	0.14012738853503184	0.038777908343125736
ENCODEstats:std	0.14225053078556263	0.039021549213744906
ENCODEstats:std	0.14225053078556263	0.03868360277136259
ENCODEstats:std	0.14225053078556263	0.035963499731615674
ENCODEstats:std	0.14437367303609341	0.03636363636363636
ENCODEstats:std	0.14437367303609341	0.036036036036036036
ENCODEstats:std	0.1464968152866242	0.036334913112164295
ENCODEstats:std	0.14861995753715498	0.035897435897435895
ENCODEstats:std	0.15074309978768577	0.03631713554987212
ENCODEstats:std	0.1592356687898089	0.03826530612244898
ENCODEstats:std	0.1592356687898089	0.03812913065582105
ENCODEstats:std	0.16348195329087048	0.038869257950530034
ENCODEstats:std	0.16348195329087048	0.03867403314917127
ENCODEstats:std	0.16348195329087048	0.03851925962981491
ENCODEstats:std	0.1740976645435244	0.0389363722697056
ENCODEstats:std	0.1762208067940552	0.03920642418516769
ENCODEstats:std	0.17834394904458598	0.03934426229508197
ENCODEstats:std	0.17834394904458598	0.03908794788273615
ENCODEstats:std	0.17834394904458598	0.03885291396854764
ENCODEstats:std	0.18471337579617833	0.04
ENCODEstats:std	0.18471337579617833	0.03987167736021998
ENCODEstats:std	0.18471337579617833	0.03958143767060965
ENCODEstats:std	0.18683651804670912	0.039927404718693285
ENCODEstats:std	0.18683651804670912	0.038903625110521665
ENCODEstats:std	0.1932059447983015	0.03992979376919702
ENCODEstats:std	0.19532908704883228	0.04010462074978204
ENCODEstats:std	0.19745222929936307	0.04039965247610773
ENCODEstats:std	0.19745222929936307	0.04027717626678216
ENCODEstats:std	0.19745222929936307	0.04003443822643134
ENCODEstats:std	0.19745222929936307	0.03974358974358974
ENCODEstats:std	0.19745222929936307	0.03959131545338442
ENCODEstats:std	0.19745222929936307	0.038114754098360654
ENCODEstats:std	0.19745222929936307	0.037959183673469385
ENCODEstats:std	0.19957537154989385	0.03822692151281008
ENCODEstats:std	0.208067940552017	0.039595959595959594
ENCODEstats:std	0.208067940552017	0.0394842868654311
ENCODEstats:std	0.208067940552017	0.03924709651581898
ENCODEstats:std	0.21019108280254778	0.037714285714285714
ENCODEstats:std	0.21231422505307856	0.037993920972644375
ENCODEstats:std	0.21231422505307856	0.03775009437523594
ENCODEstats:std	0.21231422505307856	0.036231884057971016
ENCODEstats:std	0.21231422505307856	0.036153289949385395
ENCODEstats:std	0.21231422505307856	0.03604902667627974
ENCODEstats:std	0.21231422505307856	0.03581661891117478
ENCODEstats:std	0.21443736730360935	0.036071428571428574
ENCODEstats:std	0.23354564755838642	0.037787701820680177
ENCODEstats:std	0.23354564755838642	0.03770997600274254
ENCODEstats:std	0.23354564755838642	0.037606837606837605
ENCODEstats:std	0.23354564755838642	0.03747870528109029
ENCODEstats:std	0.2356687898089172	0.03751267320040554
ENCODEstats:std	0.2356687898089172	0.03728585824655694
ENCODEstats:std	0.2356687898089172	0.03716103113491798
ENCODEstats:std	0.2356687898089172	0.037
ENCODEstats:std	0.2356687898089172	0.036828135368281355
ENCODEstats:std	0.2356687898089172	0.036597428288822946
ENCODEstats:std	0.2356687898089172	0.03652517275419546
ENCODEstats:std	0.2356687898089172	0.03636959370904325
ENCODEstats:std	0.23779193205944799	0.03664921465968586
ENCODEstats:std	0.23991507430997877	0.03685583822570124
ENCODEstats:std	0.23991507430997877	0.03675992192582954
ENCODEstats:std	0.23991507430997877	0.03659326424870466
ENCODEstats:std	0.23991507430997877	0.035158680771624144
ENCODEstats:std	0.24203821656050956	0.03522867737948084
ENCODEstats:std	0.24203821656050956	0.035076923076923075
ENCODEstats:std	0.24203821656050956	0.03494788473329246
ENCODEstats:std	0.25477707006369427	0.03591739000299311
ENCODEstats:std	0.25477707006369427	0.03581020590868397
ENCODEstats:std	0.25902335456475584	0.03622327790973872
ENCODEstats:std	0.2632696390658174	0.036686390532544376
ENCODEstats:std	0.2653927813163482	0.03680800942285041
ENCODEstats:std	0.2653927813163482	0.036699941280093955
ENCODEstats:std	0.267515923566879	0.03686366296079579
ENCODEstats:std	0.267515923566879	0.03660662405578152
ENCODEstats:std	0.26963906581740976	0.03684363214389324
ENCODEstats:std	0.26963906581740976	0.03669459693730136
ENCODEstats:std	0.27176220806794055	0.03686635944700461
ENCODEstats:std	0.27176220806794055	0.03676048248133257
ENCODEstats:std	0.2760084925690021	0.035239902412577934
ENCODEstats:std	0.2760084925690021	0.035154137371552194
ENCODEstats:std	0.2760084925690021	0.03397804495556717
ENCODEstats:std	0.2802547770700637	0.03445575567736883
ENCODEstats:std	0.2802547770700637	0.03436605050768029
ENCODEstats:std	0.2802547770700637	0.034303534303534305
ENCODEstats:std	0.2802547770700637	0.03417918177110305
ENCODEstats:std	0.2802547770700637	0.03411734298268286
ENCODEstats:std	0.2802547770700637	0.03403816400206292
ENCODEstats:std	0.2908704883227176	0.03413904809369549
ENCODEstats:std	0.2929936305732484	0.03346265761396702
ENCODEstats:std	0.2951167728237792	0.033550567221819934
ENCODEstats:std	0.30148619957537154	0.034142822793940854
ENCODEstats:std	0.30148619957537154	0.03380952380952381
ENCODEstats:std	0.3057324840764331	0.03418803418803419
ENCODEstats:std	0.3057324840764331	0.03411513859275053
ENCODEstats:std	0.3078556263269639	0.03425466572171037
ENCODEstats:std	0.3078556263269639	0.03419811320754717
ENCODEstats:std	0.3078556263269639	0.03402957052335132
ENCODEstats:std	0.3078556263269639	0.03390226794482114
ENCODEstats:std	0.3078556263269639	0.033854774690637406
ENCODEstats:std	0.31422505307855625	0.034434620753839
ENCODEstats:std	0.31634819532908703	0.0345227062094532
ENCODEstats:std	0.31634819532908703	0.03446680545917187
ENCODEstats:std	0.3205944798301486	0.03483275663206459
ENCODEstats:std	0.3205944798301486	0.03474459272894616
ENCODEstats:std	0.3227176220806794	0.03486238532110092
ENCODEstats:std	0.3227176220806794	0.034758746855705465
ENCODEstats:std	0.3227176220806794	0.03471904979442668
ENCODEstats:std	0.3248407643312102	0.03485193621867882
ENCODEstats:std	0.3248407643312102	0.034772727272727275
ENCODEstats:std	0.3248407643312102	0.03470961887477314
ENCODEstats:std	0.32696390658174096	0.034849513464584744
ENCODEstats:std	0.32696390658174096	0.03476297968397291
ENCODEstats:std	0.33121019108280253	0.03515889114266396
ENCODEstats:std	0.3375796178343949	0.035682226211849195
ENCODEstats:std	0.3375796178343949	0.03560232870577698
ENCODEstats:std	0.3375796178343949	0.03555456171735241
ENCODEstats:std	0.3375796178343949	0.03551485369667188
ENCODEstats:std	0.3375796178343949	0.03542780748663102
ENCODEstats:std	0.33970276008492567	0.03554765607642746
ENCODEstats:std	0.33970276008492567	0.035453135386660756
ENCODEstats:std	0.33970276008492567	0.035343494588027394
ENCODEstats:std	0.33970276008492567	0.03513394817742644
ENCODEstats:std	0.34182590233545646	0.0352760736196319
ENCODEstats:std	0.34182590233545646	0.03519125683060109
ENCODEstats:std	0.34182590233545646	0.03508389627369797
ENCODEstats:std	0.34182590233545646	0.03425531914893617
ENCODEstats:std	0.34394904458598724	0.03440220853684434
ENCODEstats:std	0.34394904458598724	0.034365719134493
ENCODEstats:std	0.34394904458598724	0.03423499577345731
ENCODEstats:std	0.34394904458598724	0.03417000632777895
ENCODEstats:std	0.34394904458598724	0.034126816937012854
ENCODEstats:std	0.34394904458598724	0.033884124660112945
ENCODEstats:std	0.34394904458598724	0.033799290632171915
ENCODEstats:std	0.35668789808917195	0.03393939393939394
ENCODEstats:std	0.35668789808917195	0.03383004430124849
ENCODEstats:std	0.35881104033970274	0.03396984924623116
ENCODEstats:std	0.3609341825902335	0.033932135728542916
ENCODEstats:std	0.3630573248407643	0.03409090909090909
ENCODEstats:std	0.3630573248407643	0.034050179211469536
ENCODEstats:std	0.3630573248407643	0.03400954653937947
ENCODEstats:std	0.3630573248407643	0.033921840904582425
ENCODEstats:std	0.3630573248407643	0.033582089552238806
ENCODEstats:std	0.3630573248407643	0.033529411764705884
ENCODEstats:std	0.37154989384288745	0.034219788815017596
ENCODEstats:std	0.37367303609341823	0.03436157750878563
ENCODEstats:std	0.37367303609341823	0.034274586173320354
ENCODEstats:std	0.37579617834394907	0.03442240373395566
ENCODEstats:std	0.37791932059447986	0.03453628249902988
ENCODEstats:std	0.38004246284501064	0.03467648198372724
ENCODEstats:std	0.38004246284501064	0.034642926262821755
ENCODEstats:std	0.386411889596603	0.03516228748068006
ENCODEstats:std	0.386411889596603	0.03512157468159012
ENCODEstats:std	0.386411889596603	0.03501346671796845
ENCODEstats:std	0.386411889596603	0.034966378482228624
ENCODEstats:std	0.386411889596603	0.034216958074826095
ENCODEstats:std	0.386411889596603	0.03413993622209717
ENCODEstats:std	0.3885350318471338	0.034282502810041214
ENCODEstats:std	0.3885350318471338	0.034205607476635515
ENCODEstats:std	0.3885350318471338	0.03402751952398661
ENCODEstats:std	0.3885350318471338	0.0339265850945495
ENCODEstats:std	0.3885350318471338	0.033895165771439154
ENCODEstats:std	0.3885350318471338	0.033838757396449703
ENCODEstats:std	0.39065817409766457	0.03397968605724838
ENCODEstats:std	0.39490445859872614	0.03427307904919845
ENCODEstats:std	0.39490445859872614	0.03422263109475621
ENCODEstats:std	0.3970276008492569	0.03436236677692025
ENCODEstats:std	0.3991507430997877	0.0344954128440367
ENCODEstats:std	0.3991507430997877	0.03441962651043574
ENCODEstats:std	0.4012738853503185	0.03455842018650576
ENCODEstats:std	0.40764331210191085	0.03500455788514129
ENCODEstats:std	0.4118895966029724	0.035253498091949845
ENCODEstats:std	0.4118895966029724	0.03522149600580973
ENCODEstats:std	0.4118895966029724	0.03515766582094962
ENCODEstats:std	0.4118895966029724	0.03508137432188065
ENCODEstats:std	0.416135881104034	0.035398230088495575
ENCODEstats:std	0.4182590233545648	0.03550829127613554
ENCODEstats:std	0.42250530785562634	0.03582358235823582
ENCODEstats:std	0.42250530785562634	0.03574636249326388
ENCODEstats:std	0.42250530785562634	0.03565669234904139
ENCODEstats:std	0.42250530785562634	0.035624776226279985
ENCODEstats:std	0.42250530785562634	0.03552936975540082
ENCODEstats:std	0.4267515923566879	0.03495044340114763
ENCODEstats:std	0.4267515923566879	0.03486556808326106
ENCODEstats:std	0.4267515923566879	0.03479916897506925
ENCODEstats:std	0.4267515923566879	0.034757046515649315
ENCODEstats:std	0.43312101910828027	0.035233160621761656
ENCODEstats:std	0.43312101910828027	0.03516635062920186
ENCODEstats:std	0.43524416135881105	0.03521731661226593
ENCODEstats:std	0.43524416135881105	0.035150891632373116
ENCODEstats:std	0.43524416135881105	0.03511476533059267
ENCODEstats:std	0.43524416135881105	0.03508471675509156
ENCODEstats:std	0.43524416135881105	0.03502477362036562
ENCODEstats:std	0.43524416135881105	0.034935241990456715
ENCODEstats:std	0.43524416135881105	0.03488767869298843
ENCODEstats:std	0.43736730360934184	0.03499830105334693
ENCODEstats:std	0.4416135881104034	0.03529611403359918
ENCODEstats:std	0.4416135881104034	0.03509363927788088
ENCODEstats:std	0.4416135881104034	0.03506405933917734
ENCODEstats:std	0.4437367303609342	0.035149680457450386
ENCODEstats:std	0.4437367303609342	0.03512014787430684
ENCODEstats:std	0.4437367303609342	0.03503772003352892
ENCODEstats:std	0.445859872611465	0.035164099129269925
ENCODEstats:std	0.44798301486199577	0.034829976890062724
ENCODEstats:std	0.44798301486199577	0.034629903167569344
ENCODEstats:std	0.45010615711252655	0.03475979668798164
ENCODEstats:std	0.45222929936305734	0.03482668410725965
ENCODEstats:std	0.45222929936305734	0.034758485639686684
ENCODEstats:std	0.45222929936305734	0.03471316818774446
ENCODEstats:std	0.45222929936305734	0.03445486897444193
ENCODEstats:std	0.4564755838641189	0.03395987995577318
ENCODEstats:std	0.4585987261146497	0.03409629044988161
ENCODEstats:std	0.4607218683651805	0.034200157604412924
ENCODEstats:std	0.4607218683651805	0.034124862399748386
ENCODEstats:std	0.46284501061571126	0.03424980361351139
ENCODEstats:std	0.46496815286624205	0.03434755332496863
ENCODEstats:std	0.46496815286624205	0.03429376761666145
ENCODEstats:std	0.46709129511677283	0.03440187646598905
ENCODEstats:std	0.46709129511677283	0.03436426116838488
ENCODEstats:std	0.4692144373673036	0.03447737909516381
ENCODEstats:std	0.4692144373673036	0.03444513715710723
ENCODEstats:std	0.4713375796178344	0.03453103126458236
ENCODEstats:std	0.4713375796178344	0.034472049689440995
ENCODEstats:std	0.47770700636942676	0.03487831343977678
ENCODEstats:std	0.4840764331210191	0.035310515719374325
ENCODEstats:std	0.4840764331210191	0.035266821345707654
ENCODEstats:std	0.4840764331210191	0.03523412146499768
ENCODEstats:std	0.4840764331210191	0.03517975621046135
ENCODEstats:std	0.4840764331210191	0.03514180024660912
ENCODEstats:std	0.4861995753715499	0.03521451637705674
ENCODEstats:std	0.4883227176220807	0.03534111862323294
ENCODEstats:std	0.4883227176220807	0.035259849762379274
ENCODEstats:std	0.4883227176220807	0.035211267605633804
ENCODEstats:std	0.4883227176220807	0.03517895380850413
ENCODEstats:std	0.4883227176220807	0.03513596089214788
ENCODEstats:std	0.4883227176220807	0.03508771929824561
ENCODEstats:std	0.4883227176220807	0.03503960999390616
ENCODEstats:std	0.49044585987261147	0.03513307984790875
ENCODEstats:std	0.49044585987261147	0.03507440024293957
ENCODEstats:std	0.49256900212314225	0.035183500151653016
ENCODEstats:std	0.49256900212314225	0.03511427274103224
ENCODEstats:std	0.49256900212314225	0.035082413428096176
ENCODEstats:std	0.49256900212314225	0.034987181420600214
ENCODEstats:std	0.4989384288747346	0.035354295170753725
ENCODEstats:std	0.5010615711252654	0.03545140453657804
ENCODEstats:std	0.5010615711252654	0.035419480714392916
ENCODEstats:std	0.5010615711252654	0.035366401918177734
ENCODEstats:std	0.5010615711252654	0.03533992213237496
ENCODEstats:std	0.5010615711252654	0.03522913867741454
ENCODEstats:std	0.5031847133757962	0.03530989272943981
ENCODEstats:std	0.505307855626327	0.03541139711352477
ENCODEstats:std	0.505307855626327	0.03536404160475483
ENCODEstats:std	0.505307855626327	0.03532205402196498
ENCODEstats:std	0.5116772823779193	0.03566671599822406
ENCODEstats:std	0.5138004246284501	0.035777646363098756
ENCODEstats:std	0.5159235668789809	0.0358989511006057
ENCODEstats:std	0.5222929936305732	0.03629389200354087
ENCODEstats:std	0.524416135881104	0.036409198113207544
ENCODEstats:std	0.5265392781316348	0.03651354534746761
ENCODEstats:std	0.5286624203821656	0.03662303279894102
ENCODEstats:std	0.5286624203821656	0.036585365853658534
ENCODEstats:std	0.5286624203821656	0.03652633123074666
ENCODEstats:std	0.5307855626326964	0.03663003663003663
ENCODEstats:std	0.5307855626326964	0.036603221083455345
ENCODEstats:std	0.5307855626326964	0.03653368405670028
ENCODEstats:std	0.5307855626326964	0.03645377661125693
ENCODEstats:std	0.5329087048832272	0.036556947276434604
ENCODEstats:std	0.5371549893842887	0.03677860154092165
ENCODEstats:std	0.5371549893842887	0.036746550472040666
ENCODEstats:std	0.5392781316348195	0.03684363214389324
ENCODEstats:std	0.5392781316348195	0.0368169299898536
ENCODEstats:std	0.5392781316348195	0.03677961193165363
ENCODEstats:std	0.5392781316348195	0.03673705525021695
ENCODEstats:std	0.5392781316348195	0.03668929654773942
ENCODEstats:std	0.5435244161358811	0.036956835570954236
ENCODEstats:std	0.5498938428874734	0.03735217767522354
ENCODEstats:std	0.5498938428874734	0.03730375918190984
ENCODEstats:std	0.5498938428874734	0.037266187050359716
ENCODEstats:std	0.5498938428874734	0.03722869052752623
ENCODEstats:std	0.554140127388535	0.037462322376919766
ENCODEstats:std	0.554140127388535	0.03744082628030412
ENCODEstats:std	0.5583864118895966	0.03768988248781886
ENCODEstats:std	0.5583864118895966	0.03762517882689557
ENCODEstats:std	0.5583864118895966	0.03759828448892066
ENCODEstats:std	0.5583864118895966	0.03756606199114412
ENCODEstats:std	0.5605095541401274	0.037687366167023555
ENCODEstats:std	0.5668789808917197	0.03808844507845934
ENCODEstats:std	0.5711252653927813	0.038324547656361306
ENCODEstats:std	0.5753715498938429	0.0385710219185881
ENCODEstats:std	0.5774946921443737	0.038669320443559856
ENCODEstats:std	0.5817409766454352	0.03883219954648526
ENCODEstats:std	0.5817409766454352	0.03879920702350609
ENCODEstats:std	0.583864118895966	0.03891325880854676
ENCODEstats:std	0.5859872611464968	0.03902163155662378
ENCODEstats:std	0.5859872611464968	0.038977545544414634
ENCODEstats:std	0.5859872611464968	0.03855287051264143
ENCODEstats:std	0.5881104033970276	0.03860627177700349
ENCODEstats:std	0.5881104033970276	0.03857401476117532
ENCODEstats:std	0.5923566878980892	0.03878231859883236
ENCODEstats:std	0.5923566878980892	0.03875
ENCODEstats:std	0.5923566878980892	0.03870162297128589
ENCODEstats:std	0.5944798301486199	0.038808038808038806
ENCODEstats:std	0.5944798301486199	0.038781163434903045
ENCODEstats:std	0.5944798301486199	0.038743600387436
ENCODEstats:std	0.5987261146496815	0.038928768636112644
ENCODEstats:std	0.6008492569002123	0.039018337239762856
ENCODEstats:std	0.6008492569002123	0.03891639163916392
ENCODEstats:std	0.6008492569002123	0.03888430887606485
ENCODEstats:std	0.6008492569002123	0.03884161405435081
ENCODEstats:std	0.6050955414012739	0.0390625
ENCODEstats:std	0.613588110403397	0.03957277831028345
ENCODEstats:std	0.6157112526539278	0.039677110411821044
ENCODEstats:std	0.6157112526539278	0.039649986327590925
ENCODEstats:std	0.6157112526539278	0.03960666484567058
ENCODEstats:std	0.6178343949044586	0.039716118465947865
ENCODEstats:std	0.6178343949044586	0.03969444823352885
ENCODEstats:std	0.6178343949044586	0.03966198718822407
ENCODEstats:std	0.6199575371549894	0.039760348583877995
ENCODEstats:std	0.6199575371549894	0.03971168230654155
ENCODEstats:std	0.6199575371549894	0.039630836047774155
ENCODEstats:std	0.6199575371549894	0.039603960396039604
ENCODEstats:std	0.6199575371549894	0.03956639566395664
ENCODEstats:std	0.6220806794055201	0.0396320844041661
ENCODEstats:std	0.6263269639065817	0.03984870998243955
ENCODEstats:std	0.6326963906581741	0.04021592442645074
ENCODEstats:std	0.6326963906581741	0.04018338727076591
ENCODEstats:std	0.6348195329087049	0.040285637294529775
ENCODEstats:std	0.6348195329087049	0.040231431646932186
ENCODEstats:std	0.6348195329087049	0.04020438348796558
ENCODEstats:std	0.6369426751592356	0.04027386226339106
ENCODEstats:std	0.6369426751592356	0.040230655759688885
ENCODEstats:std	0.643312101910828	0.040583980712563625
ENCODEstats:std	0.6475583864118896	0.04081359561086578
ENCODEstats:std	0.6475583864118896	0.04071009076348105
ENCODEstats:std	0.6475583864118896	0.04068836712913554
ENCODEstats:std	0.6518046709129511	0.040895164513121085
ENCODEstats:std	0.6539278131634819	0.04098469727212242
ENCODEstats:std	0.6539278131634819	0.04096289400186195
ENCODEstats:std	0.6581740976645435	0.040549378678875085
ENCODEstats:std	0.6624203821656051	0.0407843137254902
ENCODEstats:std	0.6666666666666666	0.04101358411703239
ENCODEstats:std	0.6666666666666666	0.040970772442588725
ENCODEstats:std	0.6666666666666666	0.040906722251172485
ENCODEstats:std	0.6666666666666666	0.04083756015086487
ENCODEstats:std	0.6666666666666666	0.040736896730669436
ENCODEstats:std	0.6666666666666666	0.04070521130412238
ENCODEstats:std	0.6666666666666666	0.04066830721409144
ENCODEstats:std	0.6666666666666666	0.04064724919093851
ENCODEstats:std	0.6687898089171974	0.04073451441872494
ENCODEstats:std	0.6709129511677282	0.040811055146584015
ENCODEstats:std	0.6751592356687898	0.041011091049780755
ENCODEstats:std	0.6772823779193206	0.04109236120056679
ENCODEstats:std	0.6772823779193206	0.0410394956902097
ENCODEstats:std	0.6878980891719745	0.04162384378211716
ENCODEstats:std	0.6878980891719745	0.041586445899114366
ENCODEstats:std	0.6900212314225053	0.04169339320076972
ENCODEstats:std	0.692144373673036	0.041800230798820365
ENCODEstats:std	0.6942675159235668	0.041906958861976165
ENCODEstats:std	0.6942675159235668	0.04188548738311772
ENCODEstats:std	0.6963906581740976	0.04195983113726494
ENCODEstats:std	0.6963906581740976	0.04193300946049604
ENCODEstats:std	0.7006369426751592	0.04215097713628816
ENCODEstats:std	0.7070063694267515	0.042490749011101184
ENCODEstats:std	0.7070063694267515	0.0424420086668366
ENCODEstats:std	0.7070063694267515	0.0424095771777891
ENCODEstats:std	0.7070063694267515	0.04238798370672098
ENCODEstats:std	0.7091295116772823	0.04249363867684478
ENCODEstats:std	0.7091295116772823	0.042466624284806104
ENCODEstats:std	0.7091295116772823	0.04238040857759168
ENCODEstats:std	0.7112526539278131	0.04247495879295043
ENCODEstats:std	0.7133757961783439	0.042563972637446164
ENCODEstats:std	0.7133757961783439	0.0425208807896735
ENCODEstats:std	0.7133757961783439	0.0424832469338728
ENCODEstats:std	0.7176220806794055	0.0427037271004422
ENCODEstats:std	0.7176220806794055	0.0426821568379846
ENCODEstats:std	0.721868365180467	0.04251594347880455
ENCODEstats:std	0.7261146496815286	0.04274465691788527
ENCODEstats:std	0.7261146496815286	0.04269662921348315
ENCODEstats:std	0.7261146496815286	0.04266999376169682
ENCODEstats:std	0.7282377919320594	0.042682926829268296
ENCODEstats:std	0.7282377919320594	0.042629878200348
ENCODEstats:std	0.7303609341825902	0.042732919254658386
ENCODEstats:std	0.732484076433121	0.042798660215854115
ENCODEstats:std	0.7367303609341825	0.043014751456551384
ENCODEstats:std	0.7367303609341825	0.04299343327964317
ENCODEstats:std	0.7367303609341825	0.042929605344550294
ENCODEstats:std	0.7388535031847133	0.04301606922126082
ENCODEstats:std	0.7409766454352441	0.043107707509881424
ENCODEstats:std	0.7430997876857749	0.043209876543209874
ENCODEstats:std	0.7515923566878981	0.04366596768224991
ENCODEstats:std	0.7558386411889597	0.043869377695625385
ENCODEstats:std	0.7558386411889597	0.04383696589090014
ENCODEstats:std	0.7579617834394905	0.04392764857881137
ENCODEstats:std	0.7600849256900213	0.04402361042793901
ENCODEstats:std	0.7600849256900213	0.04382421349002326
ENCODEstats:std	0.7600849256900213	0.04367984382625671
ENCODEstats:std	0.7643312101910829	0.043891733723482075
ENCODEstats:std	0.7643312101910829	0.04385430624923864
ENCODEstats:std	0.7685774946921444	0.044071098125152176
ENCODEstats:std	0.7707006369426752	0.04416058394160584
ENCODEstats:std	0.7707006369426752	0.04413373860182371
ENCODEstats:std	0.7791932059447984	0.04419556840077071
ENCODEstats:std	0.7791932059447984	0.04415303176130895
ENCODEstats:std	0.7855626326963907	0.04447649957927636
ENCODEstats:std	0.7898089171974523	0.04469005285920231
ENCODEstats:std	0.7919320594479831	0.044777911164465785
ENCODEstats:std	0.7919320594479831	0.04474568138195777
ENCODEstats:std	0.7961783439490446	0.04495324862143371
ENCODEstats:std	0.7961783439490446	0.044926320833832516
ENCODEstats:std	0.8046709129511678	0.045324085147094
ENCODEstats:std	0.8067940552016986	0.04532442748091603
ENCODEstats:std	0.8110403397027601	0.04553582071760639
ENCODEstats:std	0.8152866242038217	0.045730618077884956
ENCODEstats:std	0.8174097664543525	0.045827877633615045
ENCODEstats:std	0.821656050955414	0.04560989982321744
ENCODEstats:std	0.8237791932059448	0.045706208033926256
ENCODEstats:std	0.8237791932059448	0.04567392583872867
ENCODEstats:std	0.8237791932059448	0.045652429697611484
ENCODEstats:std	0.8259023354564756	0.04574855933200047
ENCODEstats:std	0.8280254777070064	0.045839210155148094
ENCODEstats:std	0.8343949044585988	0.04617011278195489
ENCODEstats:std	0.8407643312101911	0.045706371191135735
ENCODEstats:std	0.8407643312101911	0.04568527918781726
ENCODEstats:std	0.8450106157112527	0.045884251786949506
ENCODEstats:std	0.851380042462845	0.04618219509386157
ENCODEstats:std	0.8556263269639066	0.04637514384349827
ENCODEstats:std	0.861995753715499	0.04629418472063854
ENCODEstats:std	0.8662420382165605	0.0464851315939387
ENCODEstats:std	0.8726114649681529	0.04680560300649129
ENCODEstats:std	0.8747346072186837	0.046887447365426195
ENCODEstats:std	0.881104033970276	0.04658733722496632
ENCODEstats:std	0.8874734607218684	0.046892528606686114
ENCODEstats:std	0.8938428874734607	0.047207894146669656
ENCODEstats:std	1.0	0.045480880648899186
ENCODEstats:mean	0.0	0.0
ENCODEstats:mean	0.0	0.0
ENCODEstats:mean	0.021231422505307854	0.06134969325153374
ENCODEstats:mean	0.02335456475583864	0.06321839080459771
ENCODEstats:mean	0.02335456475583864	0.060109289617486336
ENCODEstats:mean	0.02335456475583864	0.05339805825242718
ENCODEstats:mean	0.02335456475583864	0.049773755656108594
ENCODEstats:mean	0.02335456475583864	0.044715447154471545
ENCODEstats:mean	0.02335456475583864	0.040740740740740744
ENCODEstats:mean	0.025477707006369428	0.041379310344827586
ENCODEstats:mean	0.025477707006369428	0.04040404040404041
ENCODEstats:mean	0.025477707006369428	0.03858520900321544
ENCODEstats:mean	0.025477707006369428	0.036585365853658534
ENCODEstats:mean	0.025477707006369428	0.03519061583577713
ENCODEstats:mean	0.027600849256900213	0.036931818181818184
ENCODEstats:mean	0.027600849256900213	0.029885057471264367
ENCODEstats:mean	0.027600849256900213	0.0273109243697479
ENCODEstats:mean	0.027600849256900213	0.026804123711340205
ENCODEstats:mean	0.027600849256900213	0.026156941649899398
ENCODEstats:mean	0.029723991507430998	0.027613412228796843
ENCODEstats:mean	0.029723991507430998	0.02464788732394366
ENCODEstats:mean	0.029723991507430998	0.024013722126929673
ENCODEstats:mean	0.029723991507430998	0.020319303338171262
ENCODEstats:mean	0.029723991507430998	0.019525801952580194
ENCODEstats:mean	0.03397027600849257	0.01871345029239766
ENCODEstats:mean	0.03397027600849257	0.01839080459770115
ENCODEstats:mean	0.03397027600849257	0.017259978425026967
ENCODEstats:mean	0.036093418259023353	0.018046709129511677
ENCODEstats:mean	0.036093418259023353	0.017543859649122806
ENCODEstats:mean	0.036093418259023353	0.017364657814096015
ENCODEstats:mean	0.036093418259023353	0.017137096774193547
ENCODEstats:mean	0.040339702760084924	0.018849206349206348
ENCODEstats:mean	0.040339702760084924	0.01828681424446583
ENCODEstats:mean	0.040339702760084924	0.018095238095238095
ENCODEstats:mean	0.044585987261146494	0.019662921348314606
ENCODEstats:mean	0.044585987261146494	0.018437225636523266
ENCODEstats:mean	0.044585987261146494	0.018150388936905792
ENCODEstats:mean	0.044585987261146494	0.017796610169491526
ENCODEstats:mean	0.044585987261146494	0.017661900756938603
ENCODEstats:mean	0.044585987261146494	0.0175
ENCODEstats:mean	0.04670912951167728	0.01810699588477366
ENCODEstats:mean	0.055201698513800426	0.021103896103896104
ENCODEstats:mean	0.055201698513800426	0.02091713596138375
ENCODEstats:mean	0.055201698513800426	0.020569620253164556
ENCODEstats:mean	0.055201698513800426	0.02047244094488189
ENCODEstats:mean	0.06157112526539278	0.02265625
ENCODEstats:mean	0.06157112526539278	0.022498060512024826
ENCODEstats:mean	0.06157112526539278	0.020293911826452064
ENCODEstats:mean	0.06157112526539278	0.020166898470097356
ENCODEstats:mean	0.06369426751592357	0.020134228187919462
ENCODEstats:mean	0.06369426751592357	0.0200133422281521
ENCODEstats:mean	0.06581740976645435	0.02052980132450331
ENCODEstats:mean	0.06581740976645435	0.01967005076142132
ENCODEstats:mean	0.06581740976645435	0.019472361809045227
ENCODEstats:mean	0.06581740976645435	0.019206939281288724
ENCODEstats:mean	0.07855626326963906	0.021790341578327443
ENCODEstats:mean	0.07855626326963906	0.021688159437280186
ENCODEstats:mean	0.07855626326963906	0.02152414194299011
ENCODEstats:mean	0.07855626326963906	0.02141203703703704
ENCODEstats:mean	0.08067940552016985	0.021764032073310423
ENCODEstats:mean	0.08067940552016985	0.02161547212741752
ENCODEstats:mean	0.08067940552016985	0.02148106274731487
ENCODEstats:mean	0.08067940552016985	0.021288515406162466
ENCODEstats:mean	0.08492569002123142	0.022197558268590455
ENCODEstats:mean	0.08492569002123142	0.02207505518763797
ENCODEstats:mean	0.0870488322717622	0.022441160372194856
ENCODEstats:mean	0.09129511677282377	0.023420479302832243
ENCODEstats:mean	0.09978768577494693	0.025501899077590883
ENCODEstats:mean	0.09978768577494693	0.025364274150026983
ENCODEstats:mean	0.09978768577494693	0.02521459227467811
ENCODEstats:mean	0.1040339702760085	0.026091586794462194
ENCODEstats:mean	0.10615711252653928	0.02631578947368421
ENCODEstats:mean	0.10828025477707007	0.025098425196850394
ENCODEstats:mean	0.10828025477707007	0.02501226091221187
ENCODEstats:mean	0.11040339702760085	0.02529182879377432
ENCODEstats:mean	0.11040339702760085	0.02516940948693127
ENCODEstats:mean	0.11040339702760085	0.025012025012025013
ENCODEstats:mean	0.11040339702760085	0.02480916030534351
ENCODEstats:mean	0.11252653927813164	0.025202092249167855
ENCODEstats:mean	0.11252653927813164	0.02399275690357628
ENCODEstats:mean	0.11889596602972399	0.025236593059936908
ENCODEstats:mean	0.11889596602972399	0.02512337371018394
ENCODEstats:mean	0.11889596602972399	0.024933214603739984
ENCODEstats:mean	0.11889596602972399	0.02475685234305924
ENCODEstats:mean	0.11889596602972399	0.024637043554773426
ENCODEstats:mean	0.12738853503184713	0.025477707006369428
ENCODEstats:mean	0.12738853503184713	0.02526315789473684
ENCODEstats:mean	0.12738853503184713	0.02517834662190516
ENCODEstats:mean	0.12738853503184713	0.02506265664160401
ENCODEstats:mean	0.12738853503184713	0.024896265560165973
ENCODEstats:mean	0.12738853503184713	0.024752475247524754
ENCODEstats:mean	0.12951167728237792	0.02507192766132347
ENCODEstats:mean	0.1337579617834395	0.024609375
ENCODEstats:mean	0.13588110403397027	0.02494154325798909
ENCODEstats:mean	0.13588110403397027	0.023782980304719436
ENCODEstats:mean	0.13588110403397027	0.023668639053254437
ENCODEstats:mean	0.15074309978768577	0.026026392961876834
ENCODEstats:mean	0.15074309978768577	0.025808796801163214
ENCODEstats:mean	0.16560509554140126	0.028027308659719728
ENCODEstats:mean	0.16560509554140126	0.027797576621525304
ENCODEstats:mean	0.17197452229299362	0.028764204545454544
ENCODEstats:mean	0.17197452229299362	0.028642149929278642
ENCODEstats:mean	0.1740976645435244	0.028832630098452883
ENCODEstats:mean	0.1762208067940552	0.02902097902097902
ENCODEstats:mean	0.17834394904458598	0.02930914166085136
ENCODEstats:mean	0.17834394904458598	0.029166666666666667
ENCODEstats:mean	0.18046709129511676	0.029391424619640387
ENCODEstats:mean	0.18046709129511676	0.029269972451790634
ENCODEstats:mean	0.18259023354564755	0.029063872930043935
ENCODEstats:mean	0.18471337579617833	0.02838499184339315
ENCODEstats:mean	0.18471337579617833	0.028265107212475632
ENCODEstats:mean	0.18683651804670912	0.028469750889679714
ENCODEstats:mean	0.18683651804670912	0.02832314129385259
ENCODEstats:mean	0.18683651804670912	0.02825040128410915
ENCODEstats:mean	0.18895966029723993	0.028489116517285532
ENCODEstats:mean	0.18895966029723993	0.02788220551378446
ENCODEstats:mean	0.1910828025477707	0.028116213683223992
ENCODEstats:mean	0.1910828025477707	0.028019925280199254
ENCODEstats:mean	0.1910828025477707	0.027924294135898232
ENCODEstats:mean	0.1910828025477707	0.027472527472527472
ENCODEstats:mean	0.1932059447983015	0.027726995734308348
ENCODEstats:mean	0.1932059447983015	0.02763437594898269
ENCODEstats:mean	0.19957537154989385	0.02837307576214911
ENCODEstats:mean	0.19957537154989385	0.027630805408583186
ENCODEstats:mean	0.20169851380042464	0.027275337352856734
ENCODEstats:mean	0.20382165605095542	0.027381631488876214
ENCODEstats:mean	0.20382165605095542	0.027342637425234975
ENCODEstats:mean	0.20382165605095542	0.027280477408354646
ENCODEstats:mean	0.20382165605095542	0.027226318774815655
ENCODEstats:mean	0.20382165605095542	0.027172374752335127
ENCODEstats:mean	0.20382165605095542	0.02707275803722504
ENCODEstats:mean	0.20382165605095542	0.0270042194092827
ENCODEstats:mean	0.2059447983014862	0.02720897615708275
ENCODEstats:mean	0.21231422505307856	0.02800336040324839
ENCODEstats:mean	0.21231422505307856	0.027901785714285716
ENCODEstats:mean	0.21443736730360935	0.028094575799721837
ENCODEstats:mean	0.21443736730360935	0.028063350930814114
ENCODEstats:mean	0.21443736730360935	0.027762506871907643
ENCODEstats:mean	0.21656050955414013	0.027968193035371538
ENCODEstats:mean	0.21656050955414013	0.02787646898059579
ENCODEstats:mean	0.21656050955414013	0.027830832196452934
ENCODEstats:mean	0.21656050955414013	0.027709861450692746
ENCODEstats:mean	0.21868365180467092	0.027928416485900217
ENCODEstats:mean	0.21868365180467092	0.02785289345592212
ENCODEstats:mean	0.21868365180467092	0.027777777777777776
ENCODEstats:mean	0.2208067940552017	0.02738283307003686
ENCODEstats:mean	0.2229299363057325	0.026916175339656498
ENCODEstats:mean	0.2229299363057325	0.02686108979278588
ENCODEstats:mean	0.2229299363057325	0.02667005334010668
ENCODEstats:mean	0.24628450106157113	0.028812717337307503
ENCODEstats:mean	0.2484076433121019	0.02900347050074368
ENCODEstats:mean	0.2484076433121019	0.028953229398663696
ENCODEstats:mean	0.2505307855626327	0.02914299827117807
ENCODEstats:mean	0.2505307855626327	0.028914481744670425
ENCODEstats:mean	0.2505307855626327	0.02882266731802638
ENCODEstats:mean	0.2505307855626327	0.028654686741136474
ENCODEstats:mean	0.2505307855626327	0.028516191396810053
ENCODEstats:mean	0.2505307855626327	0.02844058809351651
ENCODEstats:mean	0.25902335456475584	0.02927765778737701
ENCODEstats:mean	0.2611464968152866	0.029454022988505746
ENCODEstats:mean	0.2611464968152866	0.028598000465008138
ENCODEstats:mean	0.2611464968152866	0.028564793311658152
ENCODEstats:mean	0.2632696390658174	0.028723650683344915
ENCODEstats:mean	0.2632696390658174	0.02865064695009242
ENCODEstats:mean	0.2632696390658174	0.0285648468094909
ENCODEstats:mean	0.2632696390658174	0.02849264705882353
ENCODEstats:mean	0.2632696390658174	0.02842081136832455
ENCODEstats:mean	0.2632696390658174	0.028329906328535527
ENCODEstats:mean	0.2632696390658174	0.028271773825809393
ENCODEstats:mean	0.267515923566879	0.028655901751193997
ENCODEstats:mean	0.267515923566879	0.02843601895734597
ENCODEstats:mean	0.267515923566879	0.028346456692913385
ENCODEstats:mean	0.267515923566879	0.02827648114901257
ENCODEstats:mean	0.26963906581740976	0.028468953149518045
ENCODEstats:mean	0.26963906581740976	0.028398926654740607
ENCODEstats:mean	0.27388535031847133	0.028801071667782986
ENCODEstats:mean	0.2781316348195329	0.029195453532427012
ENCODEstats:mean	0.2781316348195329	0.029111111111111112
ENCODEstats:mean	0.2781316348195329	0.02898871431732684
ENCODEstats:mean	0.2781316348195329	0.02879753792042207
ENCODEstats:mean	0.2781316348195329	0.028746982664033357
ENCODEstats:mean	0.2781316348195329	0.028546524297232513
ENCODEstats:mean	0.2781316348195329	0.028484453141987387
ENCODEstats:mean	0.2781316348195329	0.028447339847991315
ENCODEstats:mean	0.2781316348195329	0.028410323140316635
ENCODEstats:mean	0.2781316348195329	0.028354978354978355
ENCODEstats:mean	0.2781316348195329	0.028281519861830744
ENCODEstats:mean	0.2823779193205945	0.02865144334338647
ENCODEstats:mean	0.28874734607218683	0.029228454760369654
ENCODEstats:mean	0.2908704883227176	0.029367631296891746
ENCODEstats:mean	0.2908704883227176	0.029286019666524155
ENCODEstats:mean	0.2929936305732484	0.02943058221369162
ENCODEstats:mean	0.2929936305732484	0.02938045560996381
ENCODEstats:mean	0.2929936305732484	0.029342972570699552
ENCODEstats:mean	0.2929936305732484	0.02928071292170592
ENCODEstats:mean	0.2929936305732484	0.029249682068673167
ENCODEstats:mean	0.2929936305732484	0.029138513513513514
ENCODEstats:mean	0.2951167728237792	0.029232386961093586
ENCODEstats:mean	0.2951167728237792	0.029177162048698572
ENCODEstats:mean	0.2951167728237792	0.029122145401215167
ENCODEstats:mean	0.2951167728237792	0.0288981288981289
ENCODEstats:mean	0.2951167728237792	0.028850145288501453
ENCODEstats:mean	0.2951167728237792	0.028820236367406177
ENCODEstats:mean	0.2951167728237792	0.028772510867315255
ENCODEstats:mean	0.2951167728237792	0.02871900826446281
ENCODEstats:mean	0.29936305732484075	0.029060181368507833
ENCODEstats:mean	0.29936305732484075	0.028934947670839317
ENCODEstats:mean	0.29936305732484075	0.02886977886977887
ENCODEstats:mean	0.29936305732484075	0.028822567457072772
ENCODEstats:mean	0.29936305732484075	0.02874617737003058
ENCODEstats:mean	0.29936305732484075	0.028705211726384364
ENCODEstats:mean	0.29936305732484075	0.028664362675340515
ENCODEstats:mean	0.29936305732484075	0.028641072516758074
ENCODEstats:mean	0.3036093418259023	0.02901196997362548
ENCODEstats:mean	0.3036093418259023	0.02890640792399434
ENCODEstats:mean	0.3057324840764331	0.02903225806451613
ENCODEstats:mean	0.3078556263269639	0.02918679549114332
ENCODEstats:mean	0.31210191082802546	0.02947663926208141
ENCODEstats:mean	0.31210191082802546	0.029447115384615384
ENCODEstats:mean	0.31422505307855625	0.029156816390858944
ENCODEstats:mean	0.31634819532908703	0.029301868239921338
ENCODEstats:mean	0.31634819532908703	0.02923861852433281
ENCODEstats:mean	0.31634819532908703	0.02919851067999216
ENCODEstats:mean	0.31634819532908703	0.029061829529939538
ENCODEstats:mean	0.3184713375796178	0.02918855808523059
ENCODEstats:mean	0.33121019108280253	0.029461756373937678
ENCODEstats:mean	0.3333333333333333	0.02938424106307318
ENCODEstats:mean	0.3333333333333333	0.029323870003735524
ENCODEstats:mean	0.3333333333333333	0.029247391952309985
ENCODEstats:mean	0.3333333333333333	0.029203869047619048
ENCODEstats:mean	0.3354564755838641	0.029362572012637055
ENCODEstats:mean	0.3354564755838641	0.02928637627432808
ENCODEstats:mean	0.3375796178343949	0.029444444444444443
ENCODEstats:mean	0.3375796178343949	0.029411764705882353
ENCODEstats:mean	0.34182590233545646	0.029732225300092337
ENCODEstats:mean	0.34394904458598724	0.029867256637168143
ENCODEstats:mean	0.34394904458598724	0.029828760817529
ENCODEstats:mean	0.34394904458598724	0.029790364104450167
ENCODEstats:mean	0.34394904458598724	0.02975206611570248
ENCODEstats:mean	0.3481953290870488	0.03006967363403007
ENCODEstats:mean	0.3481953290870488	0.030047636496885306
ENCODEstats:mean	0.3481953290870488	0.029937933552391383
ENCODEstats:mean	0.3481953290870488	0.02988338192419825
ENCODEstats:mean	0.35456475583864117	0.030369158028732496
ENCODEstats:mean	0.35456475583864117	0.030325040857090976
ENCODEstats:mean	0.35881104033970274	0.03063814358230602
ENCODEstats:mean	0.3609341825902335	0.030746970519081207
ENCODEstats:mean	0.3651804670912951	0.030233784496396555
ENCODEstats:mean	0.36942675159235666	0.03048353188507358
ENCODEstats:mean	0.37367303609341823	0.030774610945969574
ENCODEstats:mean	0.37367303609341823	0.030173152751585806
ENCODEstats:mean	0.37579617834394907	0.030308219178082192
ENCODEstats:mean	0.37579617834394907	0.030240902101486417
ENCODEstats:mean	0.37791932059447986	0.03037542662116041
ENCODEstats:mean	0.37791932059447986	0.030349531116794545
ENCODEstats:mean	0.386411889596603	0.030973451327433628
ENCODEstats:mean	0.39065817409766457	0.030539419087136928
ENCODEstats:mean	0.39065817409766457	0.03050397877984085
ENCODEstats:mean	0.39065817409766457	0.030453492221118834
ENCODEstats:mean	0.39065817409766457	0.030378074954597985
ENCODEstats:mean	0.39065817409766457	0.030328003955826605
ENCODEstats:mean	0.39065817409766457	0.03029804050716285
ENCODEstats:mean	0.39065817409766457	0.030258181220194046
ENCODEstats:mean	0.39065817409766457	0.030203545633617858
ENCODEstats:mean	0.39490445859872614	0.03044189852700491
ENCODEstats:mean	0.39490445859872614	0.030412034009156312
ENCODEstats:mean	0.3970276008492569	0.030550563633393236
ENCODEstats:mean	0.3970276008492569	0.03052064631956912
ENCODEstats:mean	0.3991507430997877	0.030638852672750978
ENCODEstats:mean	0.3991507430997877	0.030603939443268762
ENCODEstats:mean	0.4012738853503185	0.03073170731707317
ENCODEstats:mean	0.4012738853503185	0.03052818607656275
ENCODEstats:mean	0.4012738853503185	0.030508474576271188
ENCODEstats:mean	0.4012738853503185	0.030483870967741935
ENCODEstats:mean	0.4012738853503185	0.03044458762886598
ENCODEstats:mean	0.4012738853503185	0.030410297666934837
ENCODEstats:mean	0.4012738853503185	0.030371203599550055
ENCODEstats:mean	0.4012738853503185	0.03025936599423631
ENCODEstats:mean	0.4033970276008493	0.030365990091097972
ENCODEstats:mean	0.4033970276008493	0.03031753630126057
ENCODEstats:mean	0.4033970276008493	0.03025959547698678
ENCODEstats:mean	0.4033970276008493	0.030201875695437926
ENCODEstats:mean	0.4033970276008493	0.030149158997143762
ENCODEstats:mean	0.40552016985138006	0.030269413629160063
ENCODEstats:mean	0.40552016985138006	0.030202403542061985
ENCODEstats:mean	0.4118895966029724	0.030575256107171
ENCODEstats:mean	0.4118895966029724	0.03048876316203049
ENCODEstats:mean	0.416135881104034	0.030759573132454487
ENCODEstats:mean	0.416135881104034	0.030696945967110416
ENCODEstats:mean	0.416135881104034	0.030672926447574335
ENCODEstats:mean	0.416135881104034	0.030610651257223176
ENCODEstats:mean	0.416135881104034	0.030577223088923557
ENCODEstats:mean	0.4182590233545648	0.030704488778054862
ENCODEstats:mean	0.42038216560509556	0.030821917808219176
ENCODEstats:mean	0.42038216560509556	0.030778796828851235
ENCODEstats:mean	0.42462845010615713	0.03102699348433137
ENCODEstats:mean	0.43312101910828027	0.03161320316132032
ENCODEstats:mean	0.43312101910828027	0.03158872716011149
ENCODEstats:mean	0.43312101910828027	0.03154476573372506
ENCODEstats:mean	0.43736730360934184	0.03179993825254708
ENCODEstats:mean	0.43736730360934184	0.031780314717679725
ENCODEstats:mean	0.4416135881104034	0.03201477605048484
ENCODEstats:mean	0.4416135881104034	0.03198523758265416
ENCODEstats:mean	0.4416135881104034	0.0319459376439871
ENCODEstats:mean	0.4416135881104034	0.03192142418661756
ENCODEstats:mean	0.4437367303609342	0.03204047217537943
ENCODEstats:mean	0.4437367303609342	0.032011027722468985
ENCODEstats:mean	0.4437367303609342	0.03198653198653199
ENCODEstats:mean	0.4437367303609342	0.031898656898656896
ENCODEstats:mean	0.4437367303609342	0.03184034125533212
ENCODEstats:mean	0.4437367303609342	0.031816105952199726
ENCODEstats:mean	0.4437367303609342	0.0317629179331307
ENCODEstats:mean	0.4437367303609342	0.031580537926866124
ENCODEstats:mean	0.44798301486199577	0.03184905660377359
ENCODEstats:mean	0.44798301486199577	0.03180584865842629
ENCODEstats:mean	0.45222929936305734	0.03205900060204696
ENCODEstats:mean	0.4543524416135881	0.032136957501126294
ENCODEstats:mean	0.4543524416135881	0.032098395080245985
ENCODEstats:mean	0.4585987261146497	0.03237895368010793
ENCODEstats:mean	0.4607218683651805	0.03249475890985325
ENCODEstats:mean	0.4607218683651805	0.03245587795393359
ENCODEstats:mean	0.4607218683651805	0.03243162457031834
ENCODEstats:mean	0.4607218683651805	0.03237839450910176
ENCODEstats:mean	0.4607218683651805	0.03230608902783981
ENCODEstats:mean	0.46284501061571126	0.032401902497027346
ENCODEstats:mean	0.46284501061571126	0.032344213649851634
ENCODEstats:mean	0.46284501061571126	0.03231065658811324
ENCODEstats:mean	0.46284501061571126	0.03226761397276495
ENCODEstats:mean	0.46709129511677283	0.03252513305736251
ENCODEstats:mean	0.4713375796178344	0.03278688524590164
ENCODEstats:mean	0.4734607218683652	0.032886005014009734
ENCODEstats:mean	0.47558386411889597	0.032994550007364856
ENCODEstats:mean	0.4840764331210191	0.0335195530726257
ENCODEstats:mean	0.4840764331210191	0.033480176211453744
ENCODEstats:mean	0.4861995753715499	0.033567868660216944
ENCODEstats:mean	0.4861995753715499	0.03354328401933499
ENCODEstats:mean	0.4861995753715499	0.03350402340892465
ENCODEstats:mean	0.4861995753715499	0.033450189891907685
ENCODEstats:mean	0.4861995753715499	0.033406272793581326
ENCODEstats:mean	0.4861995753715499	0.03333333333333333
ENCODEstats:mean	0.4861995753715499	0.03329940380980079
ENCODEstats:mean	0.4883227176220807	0.033410807669959325
ENCODEstats:mean	0.4883227176220807	0.03339140534262486
ENCODEstats:mean	0.4883227176220807	0.03335750543872371
ENCODEstats:mean	0.49044585987261147	0.033478260869565214
ENCODEstats:mean	0.49256900212314225	0.03358911249457072
ENCODEstats:mean	0.49256900212314225	0.03352116746134952
ENCODEstats:mean	0.49256900212314225	0.03349696794686688
ENCODEstats:mean	0.49256900212314225	0.033458321315258145
ENCODEstats:mean	0.49469214437367304	0.033578325407119185
ENCODEstats:mean	0.4989384288747346	0.03381781551302346
ENCODEstats:mean	0.5010615711252654	0.03393242271746945
ENCODEstats:mean	0.5010615711252654	0.033903174831202414
ENCODEstats:mean	0.5010615711252654	0.03387397732165925
ENCODEstats:mean	0.5074309978768577	0.033709449929478136
ENCODEstats:mean	0.5074309978768577	0.033680947012401354
ENCODEstats:mean	0.5095541401273885	0.03376952300548755
ENCODEstats:mean	0.5095541401273885	0.03374103753690426
ENCODEstats:mean	0.5095541401273885	0.03365114974761638
ENCODEstats:mean	0.5116772823779193	0.03376295881199216
ENCODEstats:mean	0.5159235668789809	0.03400503778337532
ENCODEstats:mean	0.5201698513800425	0.03425615212527964
ENCODEstats:mean	0.5201698513800425	0.03423700391280045
ENCODEstats:mean	0.5201698513800425	0.034189226904828354
ENCODEstats:mean	0.5265392781316348	0.034569277948146085
ENCODEstats:mean	0.5307855626326964	0.03481409274474307
ENCODEstats:mean	0.5329087048832272	0.034865953604667314
ENCODEstats:mean	0.5371549893842887	0.03505126073704627
ENCODEstats:mean	0.5371549893842887	0.03501730103806228
ENCODEstats:mean	0.5371549893842887	0.03497373513961847
ENCODEstats:mean	0.5371549893842887	0.03492545554942021
ENCODEstats:mean	0.5371549893842887	0.03490136570561457
ENCODEstats:mean	0.5371549893842887	0.034872501722949686
ENCODEstats:mean	0.5371549893842887	0.03484848484848485
ENCODEstats:mean	0.5392781316348195	0.034962147281486576
ENCODEstats:mean	0.5392781316348195	0.03493329665795626
ENCODEstats:mean	0.5414012738853503	0.035003431708991076
ENCODEstats:mean	0.5414012738853503	0.03494107974787613
ENCODEstats:mean	0.5414012738853503	0.03491715733260304
ENCODEstats:mean	0.5435244161358811	0.03503010399562124
ENCODEstats:mean	0.5498938428874734	0.03539218365673681
ENCODEstats:mean	0.5498938428874734	0.035363189513926814
ENCODEstats:mean	0.5498938428874734	0.03532942299822671
ENCODEstats:mean	0.5520169851380042	0.035431997819569364
ENCODEstats:mean	0.554140127388535	0.035519869352204685
ENCODEstats:mean	0.554140127388535	0.03548606390210741
ENCODEstats:mean	0.554140127388535	0.035461956521739134
ENCODEstats:mean	0.554140127388535	0.035394629780309196
ENCODEstats:mean	0.554140127388535	0.035313218779596804
ENCODEstats:mean	0.554140127388535	0.03528934559221201
ENCODEstats:mean	0.554140127388535	0.03526074034044853
ENCODEstats:mean	0.554140127388535	0.03524169592222522
ENCODEstats:mean	0.5605095541401274	0.035622722979355016
ENCODEstats:mean	0.5605095541401274	0.03558431055398301
ENCODEstats:mean	0.5626326963906582	0.03569985181193588
ENCODEstats:mean	0.5668789808917197	0.035916061339790153
ENCODEstats:mean	0.5668789808917197	0.03586781300376142
ENCODEstats:mean	0.5690021231422505	0.03597798362196268
ENCODEstats:mean	0.5711252653927813	0.03607832618025751
ENCODEstats:mean	0.5732484076433121	0.036193029490616625
ENCODEstats:mean	0.5732484076433121	0.03616394320921511
ENCODEstats:mean	0.5753715498938429	0.03620090836227625
ENCODEstats:mean	0.5774946921443737	0.03631023895341076
ENCODEstats:mean	0.5817409766454352	0.03653820509401254
ENCODEstats:mean	0.583864118895966	0.03664223850766156
ENCODEstats:mean	0.583864118895966	0.03625098866332718
ENCODEstats:mean	0.5859872611464968	0.03635405690200211
ENCODEstats:mean	0.5881104033970276	0.036461761221534814
ENCODEstats:mean	0.5902335456475584	0.03652608067271055
ENCODEstats:mean	0.5902335456475584	0.036497308651700144
ENCODEstats:mean	0.5902335456475584	0.03645901639344262
ENCODEstats:mean	0.5923566878980892	0.036427732079905996
ENCODEstats:mean	0.5966029723991507	0.03665058040954741
ENCODEstats:mean	0.6072186836518046	0.03724928366762178
ENCODEstats:mean	0.6093418259023354	0.037326050201586684
ENCODEstats:mean	0.6093418259023354	0.036851566512583464
ENCODEstats:mean	0.6114649681528662	0.03695624278198383
ENCODEstats:mean	0.613588110403397	0.037060784816619646
ENCODEstats:mean	0.613588110403397	0.03699436763952893
ENCODEstats:mean	0.613588110403397	0.03695652173913044
ENCODEstats:mean	0.613588110403397	0.03693762781186094
ENCODEstats:mean	0.613588110403397	0.036914037552688725
ENCODEstats:mean	0.6157112526539278	0.036989795918367346
ENCODEstats:mean	0.6157112526539278	0.036966220522625874
ENCODEstats:mean	0.6157112526539278	0.03692856233286642
ENCODEstats:mean	0.6157112526539278	0.036876907426246185
ENCODEstats:mean	0.6157112526539278	0.036848792884371026
ENCODEstats:mean	0.6157112526539278	0.036811373445036814
ENCODEstats:mean	0.6157112526539278	0.03678335870116692
ENCODEstats:mean	0.6157112526539278	0.03676470588235294
ENCODEstats:mean	0.6178343949044586	0.03685410334346505
ENCODEstats:mean	0.6199575371549894	0.03694799443249399
ENCODEstats:mean	0.6199575371549894	0.03691996459729422
ENCODEstats:mean	0.6220806794055201	0.037013643254168775
ENCODEstats:mean	0.6220806794055201	0.03695761856710394
ENCODEstats:mean	0.6263269639065817	0.037186436404890964
ENCODEstats:mean	0.6284501061571125	0.03727490240523863
ENCODEstats:mean	0.6284501061571125	0.037237388350735943
ENCODEstats:mean	0.6305732484076433	0.03734439834024896
ENCODEstats:mean	0.6369426751592356	0.037678975131876416
ENCODEstats:mean	0.6369426751592356	0.03766005523474768
ENCODEstats:mean	0.6390658174097664	0.03776662484316186
ENCODEstats:mean	0.643312101910828	0.03799849510910459
ENCODEstats:mean	0.6475583864118896	0.03822534152149392
ENCODEstats:mean	0.6560509554140127	0.038653990492869654
ENCODEstats:mean	0.6560509554140127	0.038634658664666165
ENCODEstats:mean	0.6581740976645435	0.03873547419717606
ENCODEstats:mean	0.6645435244161358	0.03908591408591409
ENCODEstats:mean	0.6666666666666666	0.03919121318022965
ENCODEstats:mean	0.6666666666666666	0.03916188575704665
ENCODEstats:mean	0.6709129511677282	0.039386763056213386
ENCODEstats:mean	0.673036093418259	0.039486796213253614
ENCODEstats:mean	0.673036093418259	0.039452395768512755
ENCODEstats:mean	0.6772823779193206	0.039656887120835406
ENCODEstats:mean	0.6857749469214437	0.04011923984598187
ENCODEstats:mean	0.6857749469214437	0.04007941431939446
ENCODEstats:mean	0.6878980891719745	0.04018355450824755
ENCODEstats:mean	0.6985138004246284	0.04073798910351659
ENCODEstats:mean	0.6985138004246284	0.04071782178217822
ENCODEstats:mean	0.70276008492569	0.040869243116434126
ENCODEstats:mean	0.70276008492569	0.04082891328481559
ENCODEstats:mean	0.7091295116772823	0.04117864628282579
ENCODEstats:mean	0.7091295116772823	0.04115327747658945
ENCODEstats:mean	0.7091295116772823	0.04112287613888205
ENCODEstats:mean	0.7154989384288747	0.04146671588532053
ENCODEstats:mean	0.7154989384288747	0.04143612443132915
ENCODEstats:mean	0.7261146496815286	0.04199410609037328
ENCODEstats:mean	0.7430997876857749	0.04233188195452346
ENCODEstats:mean	0.7473460721868365	0.0425531914893617
ENCODEstats:mean	0.7537154989384289	0.042874396135265704
ENCODEstats:mean	0.7579617834394905	0.043095123128923225
ENCODEstats:mean	0.7622080679405521	0.04331563706563706
ENCODEstats:mean	0.7664543524416136	0.04353593825373854
ENCODEstats:mean	0.7685774946921444	0.043635486981677914
ENCODEstats:mean	0.7749469214437368	0.043954720616570325
ENCODEstats:mean	0.7749469214437368	0.04391241578440808
ENCODEstats:mean	0.7791932059447984	0.04410527580819613
ENCODEstats:mean	0.7791932059447984	0.04407878933461446
ENCODEstats:mean	0.7834394904458599	0.04427645788336933
ENCODEstats:mean	0.7898089171974523	0.04460966542750929
ENCODEstats:mean	0.8004246284501062	0.04477434679334917
ENCODEstats:mean	0.8046709129511678	0.044985163204747776
ENCODEstats:mean	0.8046709129511678	0.04495848161328588
ENCODEstats:mean	0.8089171974522293	0.04516358463726885
ENCODEstats:mean	0.8152866242038217	0.045481463934620395
ENCODEstats:mean	0.821656050955414	0.04580965909090909
ENCODEstats:mean	0.8301486199575372	0.04625029571800331
ENCODEstats:mean	0.8365180467091295	0.04656659969270772
ENCODEstats:mean	0.8428874734607219	0.0464544816288322
ENCODEstats:mean	0.851380042462845	0.0462727902146319
ENCODEstats:mean	0.8577494692144374	0.04659208857109907
ENCODEstats:mean	0.8662420382165605	0.04702627939142462
ENCODEstats:mean	0.8704883227176221	0.04721870321317517
ENCODEstats:mean	0.8832271762208068	0.0466733984068215
ENCODEstats:mean	0.89171974522293	0.04709576138147567
ENCODEstats:mean	1.0	0.045480880648899186
ENCODEstats:disp	0.008492569002123142	0.8
ENCODEstats:disp	0.014861995753715499	0.5
ENCODEstats:disp	0.016985138004246284	0.42105263157894735
ENCODEstats:disp	0.025477707006369428	0.41379310344827586
ENCODEstats:disp	0.03821656050955414	0.1111111111111111
ENCODEstats:disp	0.040339702760084924	0.1130952380952381
ENCODEstats:disp	0.04246284501061571	0.08130081300813008
ENCODEstats:disp	0.04670912951167728	0.08494208494208494
ENCODEstats:disp	0.04670912951167728	0.0763888888888889
ENCODEstats:disp	0.050955414012738856	0.07973421926910298
ENCODEstats:disp	0.08067940552016985	0.08520179372197309
ENCODEstats:disp	0.09129511677282377	0.08285163776493257
ENCODEstats:disp	0.09554140127388536	0.08604206500956023
ENCODEstats:disp	0.09978768577494693	0.08719851576994433
ENCODEstats:disp	0.1040339702760085	0.08860759493670886
ENCODEstats:disp	0.11464968152866242	0.09557522123893805
ENCODEstats:disp	0.12951167728237792	0.10590277777777778
ENCODEstats:disp	0.12951167728237792	0.10391822827938671
ENCODEstats:disp	0.12951167728237792	0.10217755443886097
ENCODEstats:disp	0.1337579617834395	0.10294117647058823
ENCODEstats:disp	0.1337579617834395	0.10096153846153846
ENCODEstats:disp	0.1337579617834395	0.09574468085106383
ENCODEstats:disp	0.14012738853503184	0.09895052473763119
ENCODEstats:disp	0.1464968152866242	0.09067017082785808
ENCODEstats:disp	0.14861995753715498	0.08997429305912596
ENCODEstats:disp	0.15074309978768577	0.08953341740226986
ENCODEstats:disp	0.15286624203821655	0.08643457382953182
ENCODEstats:disp	0.15711252653927812	0.08788598574821853
ENCODEstats:disp	0.15711252653927812	0.08716136631330977
ENCODEstats:disp	0.15711252653927812	0.08574739281575898
ENCODEstats:disp	0.1592356687898089	0.0859106529209622
ENCODEstats:disp	0.1592356687898089	0.0843644544431946
ENCODEstats:disp	0.1613588110403397	0.08453837597330367
ENCODEstats:disp	0.16560509554140126	0.08459869848156182
ENCODEstats:disp	0.17834394904458598	0.08926673751328375
ENCODEstats:disp	0.18046709129511676	0.08956796628029505
ENCODEstats:disp	0.18046709129511676	0.08808290155440414
ENCODEstats:disp	0.18046709129511676	0.08735868448098665
ENCODEstats:disp	0.18046709129511676	0.08629441624365482
ENCODEstats:disp	0.18046709129511676	0.08568548387096774
ENCODEstats:disp	0.18046709129511676	0.085
ENCODEstats:disp	0.18259023354564755	0.08406647116324535
ENCODEstats:disp	0.18895966029723993	0.08256029684601113
ENCODEstats:disp	0.1932059447983015	0.08318098720292505
ENCODEstats:disp	0.1932059447983015	0.08235294117647059
ENCODEstats:disp	0.19532908704883228	0.08280828082808281
ENCODEstats:disp	0.19957537154989385	0.08377896613190731
ENCODEstats:disp	0.19957537154989385	0.08252853380158033
ENCODEstats:disp	0.19957537154989385	0.0817391304347826
ENCODEstats:disp	0.19957537154989385	0.07580645161290323
ENCODEstats:disp	0.21868365180467092	0.07791225416036308
ENCODEstats:disp	0.21868365180467092	0.07715355805243446
ENCODEstats:disp	0.2208067940552017	0.07663964627855564
ENCODEstats:disp	0.2229299363057325	0.07586705202312138
ENCODEstats:disp	0.2229299363057325	0.07532281205164992
ENCODEstats:disp	0.22505307855626328	0.07507082152974505
ENCODEstats:disp	0.22505307855626328	0.0741777466759972
ENCODEstats:disp	0.22717622080679406	0.0739972337482711
ENCODEstats:disp	0.22717622080679406	0.07369146005509641
ENCODEstats:disp	0.22717622080679406	0.0732375085557837
ENCODEstats:disp	0.22717622080679406	0.07259158751696065
ENCODEstats:disp	0.22717622080679406	0.07142857142857142
ENCODEstats:disp	0.23142250530785563	0.07208994708994709
ENCODEstats:disp	0.23142250530785563	0.07156927117531188
ENCODEstats:disp	0.23142250530785563	0.07068741893644617
ENCODEstats:disp	0.23779193205944799	0.07133757961783439
ENCODEstats:disp	0.23779193205944799	0.07048458149779736
ENCODEstats:disp	0.2505307855626327	0.07053197848176927
ENCODEstats:disp	0.2505307855626327	0.07007125890736342
ENCODEstats:disp	0.2505307855626327	0.06978119455943228
ENCODEstats:disp	0.2505307855626327	0.06566499721758487
ENCODEstats:disp	0.2505307855626327	0.06385281385281386
ENCODEstats:disp	0.2526539278131635	0.06411637931034483
ENCODEstats:disp	0.2526539278131635	0.06360235168359166
ENCODEstats:disp	0.2526539278131635	0.06276371308016877
ENCODEstats:disp	0.2526539278131635	0.062140992167101824
ENCODEstats:disp	0.2526539278131635	0.061850311850311854
ENCODEstats:disp	0.2526539278131635	0.061277033985581875
ENCODEstats:disp	0.2526539278131635	0.06086956521739131
ENCODEstats:disp	0.2526539278131635	0.05991943605236657
ENCODEstats:disp	0.2526539278131635	0.059292476332835076
ENCODEstats:disp	0.2526539278131635	0.05905707196029777
ENCODEstats:disp	0.25477707006369427	0.05853658536585366
ENCODEstats:disp	0.25690021231422505	0.058737864077669906
ENCODEstats:disp	0.25690021231422505	0.05836951278340569
ENCODEstats:disp	0.25902335456475584	0.05700934579439252
ENCODEstats:disp	0.2632696390658174	0.05778191985088537
ENCODEstats:disp	0.2632696390658174	0.05740740740740741
ENCODEstats:disp	0.2632696390658174	0.05486725663716814
ENCODEstats:disp	0.2632696390658174	0.054649625385632436
ENCODEstats:disp	0.2653927813163482	0.05492091388400703
ENCODEstats:disp	0.267515923566879	0.05516637478108581
ENCODEstats:disp	0.267515923566879	0.05483028720626632
ENCODEstats:disp	0.26963906581740976	0.05483592400690846
ENCODEstats:disp	0.27176220806794055	0.05512489233419466
ENCODEstats:disp	0.27176220806794055	0.0548885077186964
ENCODEstats:disp	0.27176220806794055	0.05463081519419548
ENCODEstats:disp	0.2760084925690021	0.05531914893617021
ENCODEstats:disp	0.2781316348195329	0.055484963998305804
ENCODEstats:disp	0.2781316348195329	0.053976102183765966
ENCODEstats:disp	0.2823779193205945	0.05450819672131148
ENCODEstats:disp	0.2823779193205945	0.054330065359477125
ENCODEstats:disp	0.2823779193205945	0.053999187982135606
ENCODEstats:disp	0.2823779193205945	0.053607416364369206
ENCODEstats:disp	0.2823779193205945	0.05330661322645291
ENCODEstats:disp	0.2823779193205945	0.05305145592341444
ENCODEstats:disp	0.2823779193205945	0.052840683353198255
ENCODEstats:disp	0.2823779193205945	0.05267326732673267
ENCODEstats:disp	0.28450106157112526	0.051897753679318356
ENCODEstats:disp	0.28450106157112526	0.051657671549730146
ENCODEstats:disp	0.2908704883227176	0.05251054043694902
ENCODEstats:disp	0.2951167728237792	0.05305343511450382
ENCODEstats:disp	0.29723991507430997	0.053313023610053314
ENCODEstats:disp	0.29723991507430997	0.052258305337812616
ENCODEstats:disp	0.29723991507430997	0.05130084279956028
ENCODEstats:disp	0.29723991507430997	0.05107624954396206
ENCODEstats:disp	0.29723991507430997	0.04878048780487805
ENCODEstats:disp	0.29936305732484075	0.04885654885654886
ENCODEstats:disp	0.30148619957537154	0.04896551724137931
ENCODEstats:disp	0.30148619957537154	0.04874699622382424
ENCODEstats:disp	0.30148619957537154	0.04858022579541567
ENCODEstats:disp	0.30148619957537154	0.048365122615803814
ENCODEstats:disp	0.3036093418259023	0.04858987427794767
ENCODEstats:disp	0.3057324840764331	0.04871447902571042
ENCODEstats:disp	0.3057324840764331	0.04851752021563342
ENCODEstats:disp	0.3057324840764331	0.04825737265415549
ENCODEstats:disp	0.3078556263269639	0.048446374874707654
ENCODEstats:disp	0.3078556263269639	0.04810882548108825
ENCODEstats:disp	0.3078556263269639	0.04730831973898858
ENCODEstats:disp	0.3078556263269639	0.047215890589384565
ENCODEstats:disp	0.3078556263269639	0.04710851202079272
ENCODEstats:disp	0.3099787685774947	0.046085858585858584
ENCODEstats:disp	0.31210191082802546	0.046313799621928164
ENCODEstats:disp	0.31210191082802546	0.04621188305564288
ENCODEstats:disp	0.31210191082802546	0.04596622889305816
ENCODEstats:disp	0.31210191082802546	0.045808663134933
ENCODEstats:disp	0.31422505307855625	0.04599129894344313
ENCODEstats:disp	0.31422505307855625	0.045934202358783364
ENCODEstats:disp	0.31422505307855625	0.04420549581839905
ENCODEstats:disp	0.31422505307855625	0.04413957649865792
ENCODEstats:disp	0.3184713375796178	0.04460303300624442
ENCODEstats:disp	0.3184713375796178	0.04453681710213777
ENCODEstats:disp	0.3227176220806794	0.04497041420118343
ENCODEstats:disp	0.3248407643312102	0.04515938606847698
ENCODEstats:disp	0.32696390658174096	0.04532077692760447
ENCODEstats:disp	0.32696390658174096	0.04506877377816798
ENCODEstats:disp	0.32696390658174096	0.04480651731160896
ENCODEstats:disp	0.32696390658174096	0.044715447154471545
ENCODEstats:disp	0.32908704883227174	0.0447459584295612
ENCODEstats:disp	0.33121019108280253	0.04481470841712152
ENCODEstats:disp	0.3333333333333333	0.044163150492264415
ENCODEstats:disp	0.33970276008492567	0.04476776720761052
ENCODEstats:disp	0.33970276008492567	0.04450625869262865
ENCODEstats:disp	0.34182590233545646	0.04470980283254652
ENCODEstats:disp	0.34182590233545646	0.044598337950138504
ENCODEstats:disp	0.34182590233545646	0.044475138121546964
ENCODEstats:disp	0.34182590233545646	0.04430379746835443
ENCODEstats:disp	0.34394904458598724	0.044481054365733116
ENCODEstats:disp	0.346072186836518	0.044620859567478785
ENCODEstats:disp	0.346072186836518	0.04452335427478831
ENCODEstats:disp	0.3524416135881104	0.04525627044711014
ENCODEstats:disp	0.3524416135881104	0.04514549904813707
ENCODEstats:disp	0.35456475583864117	0.04531886024423338
ENCODEstats:disp	0.37579617834394907	0.045997920997921
ENCODEstats:disp	0.37579617834394907	0.04590248962655602
ENCODEstats:disp	0.37579617834394907	0.04580745341614907
ENCODEstats:disp	0.37579617834394907	0.04571280991735537
ENCODEstats:disp	0.37579617834394907	0.04555984555984556
ENCODEstats:disp	0.37579617834394907	0.04544287548138639
ENCODEstats:disp	0.37579617834394907	0.04528012279355334
ENCODEstats:disp	0.37791932059447986	0.04541974993620822
ENCODEstats:disp	0.37791932059447986	0.045361875637105
ENCODEstats:disp	0.37791932059447986	0.04518913429804519
ENCODEstats:disp	0.38004246284501064	0.04400196656833825
ENCODEstats:disp	0.38004246284501064	0.04263935207241543
ENCODEstats:disp	0.38004246284501064	0.04252791636968401
ENCODEstats:disp	0.3821656050955414	0.04269449715370019
ENCODEstats:disp	0.3821656050955414	0.04262372720814587
ENCODEstats:disp	0.3821656050955414	0.04184100418410042
ENCODEstats:disp	0.3821656050955414	0.041637751561415685
ENCODEstats:disp	0.3842887473460722	0.0418013856812933
ENCODEstats:disp	0.3842887473460722	0.04167626064932074
ENCODEstats:disp	0.3842887473460722	0.04051936422655026
ENCODEstats:disp	0.3842887473460722	0.04032078413900646
ENCODEstats:disp	0.3842887473460722	0.040150842945874
ENCODEstats:disp	0.386411889596603	0.0402922293557671
ENCODEstats:disp	0.39278131634819535	0.04082983888766277
ENCODEstats:disp	0.39278131634819535	0.04067722075637643
ENCODEstats:disp	0.39278131634819535	0.04059688391485627
ENCODEstats:disp	0.39278131634819535	0.040534618755477654
ENCODEstats:disp	0.39278131634819535	0.04049912434325744
ENCODEstats:disp	0.39278131634819535	0.04039301310043668
ENCODEstats:disp	0.40976645435244163	0.042020465926409754
ENCODEstats:disp	0.4118895966029724	0.04220143571894714
ENCODEstats:disp	0.416135881104034	0.04257167680278019
ENCODEstats:disp	0.4182590233545648	0.042723921058338755
ENCODEstats:disp	0.4182590233545648	0.041986359761295826
ENCODEstats:disp	0.4182590233545648	0.04173728813559322
ENCODEstats:disp	0.4288747346072187	0.04272419627749577
ENCODEstats:disp	0.4288747346072187	0.04253527058328069
ENCODEstats:disp	0.4288747346072187	0.04235688823652757
ENCODEstats:disp	0.4288747346072187	0.042294807370184255
ENCODEstats:disp	0.4288747346072187	0.042206435436690344
ENCODEstats:disp	0.4288747346072187	0.04187396351575456
ENCODEstats:disp	0.4288747346072187	0.04182194616977226
ENCODEstats:disp	0.4288747346072187	0.041787339677285894
ENCODEstats:disp	0.4288747346072187	0.04169246646026832
ENCODEstats:disp	0.43312101910828027	0.04195804195804196
ENCODEstats:disp	0.43524416135881105	0.04202542025420254
ENCODEstats:disp	0.43524416135881105	0.04183673469387755
ENCODEstats:disp	0.43524416135881105	0.041692088671954446
ENCODEstats:disp	0.4394904458598726	0.041962294749645246
ENCODEstats:disp	0.4437367303609342	0.04230769230769231
ENCODEstats:disp	0.445859872611465	0.042458552365547915
ENCODEstats:disp	0.445859872611465	0.04232164449818621
ENCODEstats:disp	0.445859872611465	0.04225352112676056
ENCODEstats:disp	0.445859872611465	0.0421179302045728
ENCODEstats:disp	0.445859872611465	0.04201680672268908
ENCODEstats:disp	0.445859872611465	0.041941282204913125
ENCODEstats:disp	0.44798301486199577	0.04193163751987281
ENCODEstats:disp	0.44798301486199577	0.04182358771060456
ENCODEstats:disp	0.45010615711252655	0.04195527409459727
ENCODEstats:disp	0.45010615711252655	0.04191379992091736
ENCODEstats:disp	0.45010615711252655	0.041822844742552774
ENCODEstats:disp	0.45010615711252655	0.041789867928247584
ENCODEstats:disp	0.45010615711252655	0.04168305151395989
ENCODEstats:disp	0.45010615711252655	0.04162576084822305
ENCODEstats:disp	0.45010615711252655	0.04155233241865935
ENCODEstats:disp	0.45010615711252655	0.041487279843444226
ENCODEstats:disp	0.45222929936305734	0.041617819460726846
ENCODEstats:disp	0.4564755838641189	0.04079696394686907
ENCODEstats:disp	0.4564755838641189	0.0406888720666162
ENCODEstats:disp	0.4564755838641189	0.04055838521033767
ENCODEstats:disp	0.4585987261146497	0.04070096099491238
ENCODEstats:disp	0.4585987261146497	0.04060913705583756
ENCODEstats:disp	0.4585987261146497	0.04056338028169014
ENCODEstats:disp	0.4607218683651805	0.04043980618710399
ENCODEstats:disp	0.4607218683651805	0.040297121634168986
ENCODEstats:disp	0.4607218683651805	0.040207522697795074
ENCODEstats:disp	0.4607218683651805	0.04016287247825282
ENCODEstats:disp	0.4607218683651805	0.03990437660904744
ENCODEstats:disp	0.46284501061571126	0.04005144221936432
ENCODEstats:disp	0.46284501061571126	0.04001468428781204
ENCODEstats:disp	0.46284501061571126	0.03998532648569332
ENCODEstats:disp	0.46284501061571126	0.039912120102526545
ENCODEstats:disp	0.46496815286624205	0.03905135520684736
ENCODEstats:disp	0.46709129511677283	0.03916681502581449
ENCODEstats:disp	0.46709129511677283	0.03904170363797693
ENCODEstats:disp	0.46709129511677283	0.03897254207263064
ENCODEstats:disp	0.46709129511677283	0.03888299752562743
ENCODEstats:disp	0.46709129511677283	0.03879386351613472
ENCODEstats:disp	0.46709129511677283	0.03818781461551814
ENCODEstats:disp	0.4692144373673036	0.03832148430726547
ENCODEstats:disp	0.4692144373673036	0.038241910365115074
ENCODEstats:disp	0.4692144373673036	0.03811659192825112
ENCODEstats:disp	0.4713375796178344	0.03805279396640384
ENCODEstats:disp	0.4713375796178344	0.037981180496150554
ENCODEstats:disp	0.4713375796178344	0.037916310845431254
ENCODEstats:disp	0.4734607218683652	0.03805460750853242
ENCODEstats:disp	0.4734607218683652	0.03777740132136202
ENCODEstats:disp	0.4734607218683652	0.03771989174560216
ENCODEstats:disp	0.47558386411889597	0.037844230444331814
ENCODEstats:disp	0.47983014861995754	0.03813702328720891
ENCODEstats:disp	0.47983014861995754	0.038021534320323014
ENCODEstats:disp	0.4861995753715499	0.03836488524040878
ENCODEstats:disp	0.4861995753715499	0.038313535218336955
ENCODEstats:disp	0.4883227176220807	0.038410153640614564
ENCODEstats:disp	0.4883227176220807	0.0383461153717906
ENCODEstats:disp	0.49256900212314225	0.0385894876912841
ENCODEstats:disp	0.4968152866242038	0.03884462151394422
ENCODEstats:disp	0.4968152866242038	0.03878667329686723
ENCODEstats:disp	0.4989384288747346	0.03887510339123242
ENCODEstats:disp	0.4989384288747346	0.03882372377333554
ENCODEstats:disp	0.4989384288747346	0.038785278098696155
ENCODEstats:disp	0.4989384288747346	0.038746908491343775
ENCODEstats:disp	0.4989384288747346	0.03868312757201646
ENCODEstats:disp	0.5031847133757962	0.03801732435033686
ENCODEstats:disp	0.505307855626327	0.03812269742111164
ENCODEstats:disp	0.5074309978768577	0.03819721911459166
ENCODEstats:disp	0.5095541401273885	0.03830806065442937
ENCODEstats:disp	0.5095541401273885	0.03814973772055317
ENCODEstats:disp	0.5095541401273885	0.038101285918399744
ENCODEstats:disp	0.5201698513800425	0.03882110600538742
ENCODEstats:disp	0.5201698513800425	0.03879037365421153
ENCODEstats:disp	0.5201698513800425	0.038747430017396806
ENCODEstats:disp	0.5201698513800425	0.038704581358609796
ENCODEstats:disp	0.5201698513800425	0.03866182736310557
ENCODEstats:disp	0.5201698513800425	0.038594833018273475
ENCODEstats:disp	0.5201698513800425	0.03854625550660793
ENCODEstats:disp	0.524416135881104	0.038812067881835326
ENCODEstats:disp	0.5286624203821656	0.039040451552210725
ENCODEstats:disp	0.5286624203821656	0.03900375939849624
ENCODEstats:disp	0.5286624203821656	0.0389549436795995
ENCODEstats:disp	0.5286624203821656	0.03887587822014051
ENCODEstats:disp	0.5286624203821656	0.03882132834424696
ENCODEstats:disp	0.5307855626326964	0.0389529448426301
ENCODEstats:disp	0.535031847133758	0.03922178988326848
ENCODEstats:disp	0.535031847133758	0.039191290824261274
ENCODEstats:disp	0.5392781316348195	0.03944711911787545
ENCODEstats:disp	0.5392781316348195	0.039367637941723495
ENCODEstats:disp	0.5435244161358811	0.039622349481504414
ENCODEstats:disp	0.5477707006369427	0.03990719257540603
ENCODEstats:disp	0.5498938428874734	0.04003710001545834
ENCODEstats:disp	0.5498938428874734	0.04000617856039543
ENCODEstats:disp	0.5520169851380042	0.040129649637289704
ENCODEstats:disp	0.554140127388535	0.04014766958929396
ENCODEstats:disp	0.554140127388535	0.040104486785494775
ENCODEstats:disp	0.5562632696390658	0.04015325670498084
ENCODEstats:disp	0.5562632696390658	0.03966091432031486
ENCODEstats:disp	0.5562632696390658	0.039636913767019666
ENCODEstats:disp	0.5562632696390658	0.0395830185828675
ENCODEstats:disp	0.5583864118895966	0.039265452373842935
ENCODEstats:disp	0.5583864118895966	0.039201073185273515
ENCODEstats:disp	0.5583864118895966	0.03914855611789223
ENCODEstats:disp	0.5605095541401274	0.03923316986179224
ENCODEstats:disp	0.5605095541401274	0.03918658156449458
ENCODEstats:disp	0.5605095541401274	0.03911690620832716
ENCODEstats:disp	0.5668789808917197	0.03952627683197631
ENCODEstats:disp	0.5668789808917197	0.039456184424412594
ENCODEstats:disp	0.5690021231422505	0.03954552161723476
ENCODEstats:disp	0.5690021231422505	0.03944657050338534
ENCODEstats:disp	0.5711252653927813	0.03956464185909692
ENCODEstats:disp	0.5711252653927813	0.03949493466451329
ENCODEstats:disp	0.5711252653927813	0.0394254726659827
ENCODEstats:disp	0.5711252653927813	0.03937930024886547
ENCODEstats:disp	0.5711252653927813	0.03930450029222677
ENCODEstats:disp	0.5711252653927813	0.03926434097212086
ENCODEstats:disp	0.5753715498938429	0.03952742123687281
ENCODEstats:disp	0.5753715498938429	0.039458357600465926
ENCODEstats:disp	0.5774946921443737	0.039552130289370366
ENCODEstats:disp	0.5774946921443737	0.03952913820665601
ENCODEstats:disp	0.583864118895966	0.039936102236421724
ENCODEstats:disp	0.583864118895966	0.0397456279809221
ENCODEstats:disp	0.5859872611464968	0.03984984117816922
ENCODEstats:disp	0.5859872611464968	0.03980386501297952
ENCODEstats:disp	0.5902335456475584	0.04004032838830477
ENCODEstats:disp	0.5923566878980892	0.040103492884864166
ENCODEstats:disp	0.5944798301486199	0.040224105731935064
ENCODEstats:disp	0.5944798301486199	0.040183696900114814
ENCODEstats:disp	0.5944798301486199	0.04014336917562724
ENCODEstats:disp	0.5966029723991507	0.040211791642816255
ENCODEstats:disp	0.5966029723991507	0.04018304018304018
ENCODEstats:disp	0.5987261146496815	0.040285714285714286
ENCODEstats:disp	0.5987261146496815	0.04021103664622843
ENCODEstats:disp	0.5987261146496815	0.04018238814477059
ENCODEstats:disp	0.5987261146496815	0.04013663535439795
ENCODEstats:disp	0.6008492569002123	0.04021600113684809
ENCODEstats:disp	0.6008492569002123	0.04016463241555492
ENCODEstats:disp	0.6008492569002123	0.04012476960158798
ENCODEstats:disp	0.6008492569002123	0.04006228765571914
ENCODEstats:disp	0.6008492569002123	0.04
ENCODEstats:disp	0.6008492569002123	0.03996610648213529
ENCODEstats:disp	0.6008492569002123	0.03992100437297221
ENCODEstats:disp	0.6008492569002123	0.039892867211728224
ENCODEstats:disp	0.6008492569002123	0.03986476968587125
ENCODEstats:disp	0.6008492569002123	0.03979749683588806
ENCODEstats:disp	0.6050955414012739	0.04002808988764045
ENCODEstats:disp	0.6072186836518046	0.040145985401459854
ENCODEstats:disp	0.6114649681528662	0.04036440084092502
ENCODEstats:disp	0.613588110403397	0.0404082774049217
ENCODEstats:disp	0.613588110403397	0.04037440625873149
ENCODEstats:disp	0.613588110403397	0.04031245640954108
ENCODEstats:disp	0.613588110403397	0.04028436018957346
ENCODEstats:disp	0.613588110403397	0.04024509121292299
ENCODEstats:disp	0.613588110403397	0.04022268615170494
ENCODEstats:disp	0.613588110403397	0.04018353726362625
ENCODEstats:disp	0.613588110403397	0.04013888888888889
ENCODEstats:disp	0.6157112526539278	0.040249826509368494
ENCODEstats:disp	0.6157112526539278	0.04014952235913056
ENCODEstats:disp	0.6242038216560509	0.04061334438458351
ENCODEstats:disp	0.6284501061571125	0.04083321837494827
ENCODEstats:disp	0.6305732484076433	0.040926002480363786
ENCODEstats:disp	0.6305732484076433	0.04087530966143683
ENCODEstats:disp	0.6305732484076433	0.04082474226804124
ENCODEstats:disp	0.6326963906581741	0.040872308325332604
ENCODEstats:disp	0.6326963906581741	0.040810736784442615
ENCODEstats:disp	0.6369426751592356	0.041028446389496716
ENCODEstats:disp	0.6369426751592356	0.04100041000410004
ENCODEstats:disp	0.643312101910828	0.041331332696767156
ENCODEstats:disp	0.6496815286624203	0.04170641951751397
ENCODEstats:disp	0.6560509554140127	0.04204653694380188
ENCODEstats:disp	0.6560509554140127	0.0420179494152842
ENCODEstats:disp	0.6560509554140127	0.041972290138549306
ENCODEstats:disp	0.6560509554140127	0.04192672998643148
ENCODEstats:disp	0.6602972399150743	0.042152344808891296
ENCODEstats:disp	0.6624203821656051	0.042190669371196754
ENCODEstats:disp	0.6645435244161358	0.042297297297297295
ENCODEstats:disp	0.6751592356687898	0.042886041807147675
ENCODEstats:disp	0.6772823779193206	0.04299191374663073
ENCODEstats:disp	0.6772823779193206	0.04296875
ENCODEstats:disp	0.6772823779193206	0.04293405114401077
ENCODEstats:disp	0.6794055201698513	0.04303388918773534
ENCODEstats:disp	0.6794055201698513	0.04296455424274973
ENCODEstats:disp	0.6794055201698513	0.04290119318943558
ENCODEstats:disp	0.6815286624203821	0.0430064308681672
ENCODEstats:disp	0.6815286624203821	0.042977640915785244
ENCODEstats:disp	0.6815286624203821	0.04292017649418371
ENCODEstats:disp	0.6815286624203821	0.042868589743589744
ENCODEstats:disp	0.6900212314225053	0.043373815561190444
ENCODEstats:disp	0.6900212314225053	0.04329292660183828
ENCODEstats:disp	0.692144373673036	0.04329349269588313
ENCODEstats:disp	0.692144373673036	0.04324754576810825
ENCODEstats:disp	0.692144373673036	0.04321887843033276
ENCODEstats:disp	0.6963906581740976	0.04344370860927153
ENCODEstats:disp	0.6985138004246284	0.04353579462749768
ENCODEstats:disp	0.6985138004246284	0.0434897554527429
ENCODEstats:disp	0.6985138004246284	0.043432343234323434
ENCODEstats:disp	0.6985138004246284	0.04339796860572484
ENCODEstats:disp	0.6985138004246284	0.043357933579335796
ENCODEstats:disp	0.6985138004246284	0.04332938232582642
ENCODEstats:disp	0.7006369426751592	0.04332983193277311
ENCODEstats:disp	0.7006369426751592	0.043273013375295044
ENCODEstats:disp	0.70276008492569	0.04337002096436059
ENCODEstats:disp	0.7048832271762208	0.042816610781532115
ENCODEstats:disp	0.7070063694267515	0.042923433874709975
ENCODEstats:disp	0.7070063694267515	0.042890262751159196
ENCODEstats:disp	0.7091295116772823	0.04295267489711934
ENCODEstats:disp	0.7112526539278131	0.043059125964010285
ENCODEstats:disp	0.7112526539278131	0.04300385109114249
ENCODEstats:disp	0.7112526539278131	0.04294871794871795
ENCODEstats:disp	0.7112526539278131	0.04289921885004482
ENCODEstats:disp	0.7154989384288747	0.04313323947267375
ENCODEstats:disp	0.7176220806794055	0.043222506393861895
ENCODEstats:disp	0.7176220806794055	0.04318936877076412
ENCODEstats:disp	0.7197452229299363	0.043283963227783454
ENCODEstats:disp	0.7239915074309978	0.043494897959183675
ENCODEstats:disp	0.7239915074309978	0.04346163650267652
ENCODEstats:disp	0.7239915074309978	0.04339526597098498
ENCODEstats:disp	0.7239915074309978	0.04337318748410074
ENCODEstats:disp	0.7261146496815286	0.04346720894763599
ENCODEstats:disp	0.7261146496815286	0.04340652367051656
ENCODEstats:disp	0.7282377919320594	0.04350583460172501
ENCODEstats:disp	0.7282377919320594	0.04348377281947262
ENCODEstats:disp	0.732484076433121	0.043687476256806385
ENCODEstats:disp	0.732484076433121	0.04361567635903919
ENCODEstats:disp	0.7430997876857749	0.04420866489832007
ENCODEstats:disp	0.7430997876857749	0.04418076243372886
ENCODEstats:disp	0.7430997876857749	0.0441417581031656
ENCODEstats:disp	0.7430997876857749	0.04372267332916927
ENCODEstats:disp	0.7452229299363057	0.043820224719101124
ENCODEstats:disp	0.7452229299363057	0.043798352882455704
ENCODEstats:disp	0.7494692144373672	0.044020451427858834
ENCODEstats:disp	0.7494692144373672	0.04398753894080997
ENCODEstats:disp	0.7494692144373672	0.0439437321050666
ENCODEstats:disp	0.7515923566878981	0.04402985074626865
ENCODEstats:disp	0.7515923566878981	0.04399154964583075
ENCODEstats:disp	0.7537154989384289	0.04406653426017875
ENCODEstats:disp	0.7537154989384289	0.043995538480604786
ENCODEstats:disp	0.7558386411889597	0.04405940594059406
ENCODEstats:disp	0.7579617834394905	0.04415584415584416
ENCODEstats:disp	0.7600849256900213	0.04385642533382335
ENCODEstats:disp	0.7622080679405521	0.04389289644210784
ENCODEstats:disp	0.7664543524416136	0.044094295834860145
ENCODEstats:disp	0.7707006369426752	0.04430611497619919
ENCODEstats:disp	0.7707006369426752	0.04427909246157599
ENCODEstats:disp	0.7749469214437368	0.044501341136308215
ENCODEstats:disp	0.7770700636942676	0.044601511089446745
ENCODEstats:disp	0.7791932059447984	0.04468525508340436
ENCODEstats:disp	0.7791932059447984	0.04460921356509055
ENCODEstats:disp	0.7876857749469215	0.04505708039834831
ENCODEstats:disp	0.7876857749469215	0.045035202719106576
ENCODEstats:disp	0.7919320594479831	0.04524502668607472
ENCODEstats:disp	0.7919320594479831	0.045223084384093115
ENCODEstats:disp	0.7940552016985138	0.04531136418706082
ENCODEstats:disp	0.8004246284501062	0.04519841745594053
ENCODEstats:disp	0.8004246284501062	0.045014925373134326
ENCODEstats:disp	0.8004246284501062	0.04485959067110899
ENCODEstats:disp	0.802547770700637	0.04494649227110583
ENCODEstats:disp	0.8046709129511678	0.045043974328500117
ENCODEstats:disp	0.8046709129511678	0.04499050332383666
ENCODEstats:disp	0.8067940552016986	0.045050385299347954
ENCODEstats:disp	0.8110403397027601	0.045249940772328835
ENCODEstats:disp	0.8131634819532909	0.04534690977977741
ENCODEstats:disp	0.8152866242038217	0.04543840965566205
ENCODEstats:disp	0.8152866242038217	0.0453257790368272
ENCODEstats:disp	0.8152866242038217	0.045277679518924654
ENCODEstats:disp	0.8195329087048833	0.04549204478491455
ENCODEstats:disp	0.8259023354564756	0.045818610129564195
ENCODEstats:disp	0.832271762208068	0.04534937528921795
ENCODEstats:disp	0.832271762208068	0.045328399629972246
ENCODEstats:disp	0.832271762208068	0.0452969724982667
ENCODEstats:disp	0.8343949044585988	0.04539154539154539
ENCODEstats:disp	0.8386411889596603	0.04560147771877165
ENCODEstats:disp	0.8450106157112527	0.04592660973921071
ENCODEstats:disp	0.8492569002123143	0.04613078076346442
ENCODEstats:disp	0.8492569002123143	0.04610951008645533
ENCODEstats:disp	0.8577494692144374	0.04613452095466484
ENCODEstats:disp	0.861995753715499	0.04631530914898471
ENCODEstats:disp	0.8662420382165605	0.046522234891676166
ENCODEstats:disp	0.8662420382165605	0.0464851315939387
ENCODEstats:disp	0.8726114649681529	0.04680560300649129
ENCODEstats:disp	0.8747346072186837	0.046887447365426195
ENCODEstats:disp	0.881104033970276	0.04658733722496632
ENCODEstats:disp	0.8874734607218684	0.046892528606686114
ENCODEstats:disp	0.8938428874734607	0.047207894146669656
ENCODEstats:disp	1.0	0.045480880648899186
phastCons:mean_phastCons	0.0	0.0
phastCons:mean_phastCons	0.0	0.0
phastCons:mean_phastCons	0.004246284501061571	0.046511627906976744
phastCons:mean_phastCons	0.006369426751592357	0.043478260869565216
phastCons:mean_phastCons	0.008492569002123142	0.04395604395604396
phastCons:mean_phastCons	0.008492569002123142	0.03571428571428571
phastCons:mean_phastCons	0.008492569002123142	0.030534351145038167
phastCons:mean_phastCons	0.010615711252653927	0.031446540880503145
phastCons:mean_phastCons	0.012738853503184714	0.03428571428571429
phastCons:mean_phastCons	0.016985138004246284	0.041237113402061855
phastCons:mean_phastCons	0.02335456475583864	0.05116279069767442
phastCons:mean_phastCons	0.027600849256900213	0.05531914893617021
phastCons:mean_phastCons	0.027600849256900213	0.05019305019305019
phastCons:mean_phastCons	0.027600849256900213	0.046762589928057555
phastCons:mean_phastCons	0.03184713375796178	0.049342105263157895
phastCons:mean_phastCons	0.03184713375796178	0.046153846153846156
phastCons:mean_phastCons	0.03397027600849257	0.046242774566473986
phastCons:mean_phastCons	0.03821656050955414	0.047493403693931395
phastCons:mean_phastCons	0.03821656050955414	0.04580152671755725
phastCons:mean_phastCons	0.040339702760084924	0.04578313253012048
phastCons:mean_phastCons	0.04246284501061571	0.046620046620046623
phastCons:mean_phastCons	0.04246284501061571	0.044543429844097995
phastCons:mean_phastCons	0.044585987261146494	0.04468085106382979
phastCons:mean_phastCons	0.04670912951167728	0.04462474645030426
phastCons:mean_phastCons	0.04883227176220807	0.043560606060606064
phastCons:mean_phastCons	0.050955414012738856	0.043478260869565216
phastCons:mean_phastCons	0.050955414012738856	0.040955631399317405
phastCons:mean_phastCons	0.055201698513800426	0.042692939244663386
phastCons:mean_phastCons	0.05732484076433121	0.04231974921630094
phastCons:mean_phastCons	0.05732484076433121	0.04035874439461883
phastCons:mean_phastCons	0.06369426751592357	0.043227665706051875
phastCons:mean_phastCons	0.06581740976645435	0.043115438108484005
phastCons:mean_phastCons	0.06794055201698514	0.042666666666666665
phastCons:mean_phastCons	0.06794055201698514	0.04145077720207254
phastCons:mean_phastCons	0.07218683651804671	0.043037974683544304
phastCons:mean_phastCons	0.07430997876857749	0.04263093788063337
phastCons:mean_phastCons	0.08067940552016985	0.044340723453908985
phastCons:mean_phastCons	0.08067940552016985	0.04323094425483504
phastCons:mean_phastCons	0.08067940552016985	0.04212860310421286
phastCons:mean_phastCons	0.08067940552016985	0.04121475054229935
phastCons:mean_phastCons	0.08492569002123142	0.042328042328042326
phastCons:mean_phastCons	0.08917197452229299	0.043568464730290454
phastCons:mean_phastCons	0.08917197452229299	0.04242424242424243
phastCons:mean_phastCons	0.08917197452229299	0.04146100691016782
phastCons:mean_phastCons	0.09129511677282377	0.04122722914669223
phastCons:mean_phastCons	0.09554140127388536	0.04257332071901608
phastCons:mean_phastCons	0.09554140127388536	0.04197761194029851
phastCons:mean_phastCons	0.09766454352441614	0.04129263913824058
phastCons:mean_phastCons	0.09978768577494693	0.0412280701754386
phastCons:mean_phastCons	0.09978768577494693	0.03986429177268872
phastCons:mean_phastCons	0.1040339702760085	0.04107292539815591
phastCons:mean_phastCons	0.1040339702760085	0.0403957131079967
phastCons:mean_phastCons	0.1040339702760085	0.03938906752411576
phastCons:mean_phastCons	0.11252653927813164	0.041699449252557044
phastCons:mean_phastCons	0.12101910828025478	0.04351145038167939
phastCons:mean_phastCons	0.12526539278131635	0.043964232488822655
phastCons:mean_phastCons	0.12951167728237792	0.0445906432748538
phastCons:mean_phastCons	0.12951167728237792	0.043916486681065514
phastCons:mean_phastCons	0.14012738853503184	0.046218487394957986
phastCons:mean_phastCons	0.14012738853503184	0.04532967032967033
phastCons:mean_phastCons	0.14225053078556263	0.04505716207128446
phastCons:mean_phastCons	0.14861995753715498	0.04608294930875576
phastCons:mean_phastCons	0.15074309978768577	0.04613385315139701
phastCons:mean_phastCons	0.15074309978768577	0.04525175270873168
phastCons:mean_phastCons	0.15498938428874734	0.04585427135678392
phastCons:mean_phastCons	0.15498938428874734	0.0453416149068323
phastCons:mean_phastCons	0.1592356687898089	0.045787545787545784
phastCons:mean_phastCons	0.1613588110403397	0.04597701149425287
phastCons:mean_phastCons	0.16348195329087048	0.045887961859356376
phastCons:mean_phastCons	0.16348195329087048	0.04466357308584687
phastCons:mean_phastCons	0.16348195329087048	0.04417670682730924
phastCons:mean_phastCons	0.16985138004246284	0.045274476513865305
phastCons:mean_phastCons	0.16985138004246284	0.04489337822671156
phastCons:mean_phastCons	0.17197452229299362	0.04502501389660923
phastCons:mean_phastCons	0.1740976645435244	0.04478427089022392
phastCons:mean_phastCons	0.17834394904458598	0.045627376425855515
phastCons:mean_phastCons	0.18046709129511676	0.04560085836909871
phastCons:mean_phastCons	0.18259023354564755	0.04538258575197889
phastCons:mean_phastCons	0.18683651804670912	0.045785639958376693
phastCons:mean_phastCons	0.18895966029723993	0.04575835475578406
phastCons:mean_phastCons	0.1932059447983015	0.04609929078014184
phastCons:mean_phastCons	0.1932059447983015	0.0457286432160804
phastCons:mean_phastCons	0.1932059447983015	0.04498269896193772
phastCons:mean_phastCons	0.19532908704883228	0.045142296368989206
phastCons:mean_phastCons	0.19532908704883228	0.04433734939759036
phastCons:mean_phastCons	0.19532908704883228	0.04399808703969393
phastCons:mean_phastCons	0.19532908704883228	0.04362256993835941
phastCons:mean_phastCons	0.19745222929936307	0.04372355430183357
phastCons:mean_phastCons	0.20169851380042464	0.044309701492537316
phastCons:mean_phastCons	0.20382165605095542	0.04436229205175601
phastCons:mean_phastCons	0.208067940552017	0.04503676470588235
phastCons:mean_phastCons	0.21231422505307856	0.04555808656036447
phastCons:mean_phastCons	0.21231422505307856	0.045310376076121435
phastCons:mean_phastCons	0.21231422505307856	0.0449034575662326
phastCons:mean_phastCons	0.21231422505307856	0.044306601683650866
phastCons:mean_phastCons	0.21443736730360935	0.044434667839859214
phastCons:mean_phastCons	0.21656050955414013	0.044386422976501305
phastCons:mean_phastCons	0.21868365180467092	0.04462738301559792
phastCons:mean_phastCons	0.2208067940552017	0.044501497646555414
phastCons:mean_phastCons	0.22717622080679406	0.04547386315342117
phastCons:mean_phastCons	0.23779193205944799	0.047039059218815626
phastCons:mean_phastCons	0.23779193205944799	0.04668611921634014
phastCons:mean_phastCons	0.23779193205944799	0.04618556701030928
phastCons:mean_phastCons	0.24416135881104034	0.04682410423452769
phastCons:mean_phastCons	0.24416135881104034	0.04614767255216693
phastCons:mean_phastCons	0.2484076433121019	0.046576433121019105
phastCons:mean_phastCons	0.2484076433121019	0.04631828978622328
phastCons:mean_phastCons	0.2526539278131635	0.046466224131198754
phastCons:mean_phastCons	0.25690021231422505	0.04702681694520015
phastCons:mean_phastCons	0.25902335456475584	0.047158871279474296
phastCons:mean_phastCons	0.2611464968152866	0.047180667433831994
phastCons:mean_phastCons	0.2632696390658174	0.04714828897338403
phastCons:mean_phastCons	0.2653927813163482	0.0472768532526475
phastCons:mean_phastCons	0.267515923566879	0.04703247480403135
phastCons:mean_phastCons	0.267515923566879	0.04671857619577308
phastCons:mean_phastCons	0.26963906581740976	0.04672553348050037
phastCons:mean_phastCons	0.27388535031847133	0.047097480832420595
phastCons:mean_phastCons	0.2781316348195329	0.047446577327055414
phastCons:mean_phastCons	0.2802547770700637	0.04744787922358016
phastCons:mean_phastCons	0.2802547770700637	0.047092400998929716
phastCons:mean_phastCons	0.2823779193205945	0.04719659332860184
phastCons:mean_phastCons	0.28450106157112526	0.04703404703404703
phastCons:mean_phastCons	0.2929936305732484	0.04794996525364837
phastCons:mean_phastCons	0.2929936305732484	0.047569803516028956
phastCons:mean_phastCons	0.2951167728237792	0.047602739726027396
phastCons:mean_phastCons	0.2951167728237792	0.04735945485519591
phastCons:mean_phastCons	0.29723991507430997	0.04723346828609987
phastCons:mean_phastCons	0.29936305732484075	0.04731543624161074
phastCons:mean_phastCons	0.29936305732484075	0.04696868754163891
phastCons:mean_phastCons	0.3057324840764331	0.04763479986768111
phastCons:mean_phastCons	0.3078556263269639	0.047775947281713346
phastCons:mean_phastCons	0.3078556263269639	0.047416612164813604
phastCons:mean_phastCons	0.3099787685774947	0.047510575984380084
phastCons:mean_phastCons	0.3099787685774947	0.04711197160374314
phastCons:mean_phastCons	0.31210191082802546	0.047221329906842274
phastCons:mean_phastCons	0.31210191082802546	0.04693486590038314
phastCons:mean_phastCons	0.3184713375796178	0.04746835443037975
phastCons:mean_phastCons	0.3227176220806794	0.047619047619047616
phastCons:mean_phastCons	0.3227176220806794	0.04727838258164852
phastCons:mean_phastCons	0.3227176220806794	0.04688463911165947
phastCons:mean_phastCons	0.32696390658174096	0.04699420201403723
phastCons:mean_phastCons	0.32696390658174096	0.046624280956706024
phastCons:mean_phastCons	0.33121019108280253	0.046945531146554316
phastCons:mean_phastCons	0.3333333333333333	0.046921697549312615
phastCons:mean_phastCons	0.3333333333333333	0.046684507879869164
phastCons:mean_phastCons	0.3333333333333333	0.04632634995573916
phastCons:mean_phastCons	0.3375796178343949	0.04670975323149236
phastCons:mean_phastCons	0.33970276008492567	0.046797309154723604
phastCons:mean_phastCons	0.346072186836518	0.0472463768115942
phastCons:mean_phastCons	0.346072186836518	0.047055427251732104
phastCons:mean_phastCons	0.3503184713375796	0.047400172364263145
phastCons:mean_phastCons	0.3524416135881104	0.04745568896512293
phastCons:mean_phastCons	0.35668789808917195	0.04772727272727273
phastCons:mean_phastCons	0.35881104033970274	0.047767100056529115
phastCons:mean_phastCons	0.35881104033970274	0.047538677918424754
phastCons:mean_phastCons	0.35881104033970274	0.047154017857142856
phastCons:mean_phastCons	0.3630573248407643	0.047486809219661204
phastCons:mean_phastCons	0.3673036093418259	0.0478693967902601
phastCons:mean_phastCons	0.37154989384288745	0.04818281938325991
phastCons:mean_phastCons	0.37154989384288745	0.04759314658689149
phastCons:mean_phastCons	0.37579617834394907	0.04781199351701783
phastCons:mean_phastCons	0.37579617834394907	0.047593439096531326
phastCons:mean_phastCons	0.37579617834394907	0.047275641025641024
phastCons:mean_phastCons	0.37579617834394907	0.04691227140206732
phastCons:mean_phastCons	0.37579617834394907	0.04665260938323669
phastCons:mean_phastCons	0.37579617834394907	0.04644450275518237
phastCons:mean_phastCons	0.37579617834394907	0.04620203602192639
phastCons:mean_phastCons	0.3821656050955414	0.04672897196261682
phastCons:mean_phastCons	0.3821656050955414	0.04653567735263702
phastCons:mean_phastCons	0.3842887473460722	0.04662545079855744
phastCons:mean_phastCons	0.3885350318471338	0.04670750382848392
phastCons:mean_phastCons	0.3885350318471338	0.046564885496183206
phastCons:mean_phastCons	0.39065817409766457	0.046511627906976744
phastCons:mean_phastCons	0.39065817409766457	0.046242774566473986
phastCons:mean_phastCons	0.39278131634819535	0.0462037962037962
phastCons:mean_phastCons	0.39278131634819535	0.04596273291925466
phastCons:mean_phastCons	0.39490445859872614	0.04603960396039604
phastCons:mean_phastCons	0.3991507430997877	0.046282619399310686
phastCons:mean_phastCons	0.4033970276008493	0.04642071829953579
phastCons:mean_phastCons	0.4033970276008493	0.04630757981964416
phastCons:mean_phastCons	0.40976645435244163	0.046844660194174756
phastCons:mean_phastCons	0.40976645435244163	0.04659584741670691
phastCons:mean_phastCons	0.4118895966029724	0.04652278177458034
phastCons:mean_phastCons	0.4118895966029724	0.046234509056244044
phastCons:mean_phastCons	0.4118895966029724	0.045960672826344466
phastCons:mean_phastCons	0.4140127388535032	0.04596888260254597
phastCons:mean_phastCons	0.4140127388535032	0.04574243490499648
phastCons:mean_phastCons	0.4140127388535032	0.04559270516717325
phastCons:mean_phastCons	0.4182590233545648	0.045899347623485555
phastCons:mean_phastCons	0.42038216560509556	0.0458970792767733
phastCons:mean_phastCons	0.42462845010615713	0.04615739672282483
phastCons:mean_phastCons	0.42462845010615713	0.045966444495518274
phastCons:mean_phastCons	0.42462845010615713	0.04580852038479157
phastCons:mean_phastCons	0.42462845010615713	0.04558924093913836
phastCons:mean_phastCons	0.4267515923566879	0.045609257998638526
phastCons:mean_phastCons	0.4267515923566879	0.04543399638336347
phastCons:mean_phastCons	0.43524416135881105	0.04611923509561305
phastCons:mean_phastCons	0.43524416135881105	0.04597443372953577
phastCons:mean_phastCons	0.4394904458598726	0.04631908704408145
phastCons:mean_phastCons	0.44798301486199577	0.04674346477625166
phastCons:mean_phastCons	0.45222929936305734	0.04698874917273329
phastCons:mean_phastCons	0.4543524416135881	0.046991655687307864
phastCons:mean_phastCons	0.4543524416135881	0.04681688908335156
phastCons:mean_phastCons	0.4585987261146497	0.047151277013752456
phastCons:mean_phastCons	0.4585987261146497	0.0469769464984776
phastCons:mean_phastCons	0.4607218683651805	0.046929065743944634
phastCons:mean_phastCons	0.46284501061571126	0.046972635207929325
phastCons:mean_phastCons	0.46496815286624205	0.047036082474226804
phastCons:mean_phastCons	0.46496815286624205	0.046885035324341684
phastCons:mean_phastCons	0.46496815286624205	0.046724983998293154
phastCons:mean_phastCons	0.4692144373673036	0.04689157649055803
phastCons:mean_phastCons	0.4692144373673036	0.046703296703296704
phastCons:mean_phastCons	0.4713375796178344	0.04678609062170706
phastCons:mean_phastCons	0.4734607218683652	0.04687828463317217
phastCons:mean_phastCons	0.47770700636942676	0.047130289065772935
phastCons:mean_phastCons	0.4840764331210191	0.04748021657642649
phastCons:mean_phastCons	0.4861995753715499	0.04750051856461315
phastCons:mean_phastCons	0.4861995753715499	0.04730427597603801
phastCons:mean_phastCons	0.4968152866242038	0.04819773429454171
phastCons:mean_phastCons	0.4989384288747346	0.04826453070445677
phastCons:mean_phastCons	0.5031847133757962	0.04851586489252815
phastCons:mean_phastCons	0.5074309978768577	0.04871585813289849
phastCons:mean_phastCons	0.5138004246284501	0.049137055837563455
phastCons:mean_phastCons	0.5159235668789809	0.04914054600606673
phastCons:mean_phastCons	0.5159235668789809	0.04883440514469453
phastCons:mean_phastCons	0.5201698513800425	0.04910803768290239
phastCons:mean_phastCons	0.5201698513800425	0.04897061762942235
phastCons:mean_phastCons	0.5222929936305732	0.04895522388059702
phastCons:mean_phastCons	0.524416135881104	0.049037125272979945
phastCons:mean_phastCons	0.5265392781316348	0.0490506329113924
phastCons:mean_phastCons	0.5286624203821656	0.048986818807790676
phastCons:mean_phastCons	0.5286624203821656	0.04885226603884638
phastCons:mean_phastCons	0.535031847133758	0.049094097019286964
phastCons:mean_phastCons	0.5371549893842887	0.04915484748397125
phastCons:mean_phastCons	0.5435244161358811	0.04931612406087459
phastCons:mean_phastCons	0.5456475583864119	0.04935663529863645
phastCons:mean_phastCons	0.5498938428874734	0.04957886676875957
phastCons:mean_phastCons	0.5498938428874734	0.04938036224976168
phastCons:mean_phastCons	0.5498938428874734	0.04919278252611586
phastCons:mean_phastCons	0.5498938428874734	0.049025175089911034
phastCons:mean_phastCons	0.5498938428874734	0.04876671060064018
phastCons:mean_phastCons	0.5583864118895966	0.0492324971920629
phastCons:mean_phastCons	0.5583864118895966	0.04907632020899422
phastCons:mean_phastCons	0.5583864118895966	0.048948445933370555
phastCons:mean_phastCons	0.5583864118895966	0.04864065100795265
phastCons:mean_phastCons	0.564755838641189	0.04903225806451613
phastCons:mean_phastCons	0.5668789808917197	0.049035812672176306
phastCons:mean_phastCons	0.5690021231422505	0.04896765941896583
phastCons:mean_phastCons	0.5711252653927813	0.048944687045123725
phastCons:mean_phastCons	0.5732484076433121	0.048975149646290586
phastCons:mean_phastCons	0.583864118895966	0.04955847900522617
phastCons:mean_phastCons	0.5859872611464968	0.04960460100647016
phastCons:mean_phastCons	0.5923566878980892	0.049892703862660946
phastCons:mean_phastCons	0.5923566878980892	0.049768105601141636
phastCons:mean_phastCons	0.5944798301486199	0.04975124378109453
phastCons:mean_phastCons	0.5966029723991507	0.049655416151263475
phastCons:mean_phastCons	0.6008492569002123	0.04985905567300916
phastCons:mean_phastCons	0.6008492569002123	0.04965783470784348
phastCons:mean_phastCons	0.6008492569002123	0.049501486793772954
phastCons:mean_phastCons	0.6029723991507431	0.04952048823016565
phastCons:mean_phastCons	0.6029723991507431	0.04933981931897151
phastCons:mean_phastCons	0.6050955414012739	0.04933356413363337
phastCons:mean_phastCons	0.6050955414012739	0.04919730709476955
phastCons:mean_phastCons	0.6050955414012739	0.04893543956043956
phastCons:mean_phastCons	0.6072186836518046	0.048989379924631725
phastCons:mean_phastCons	0.6093418259023354	0.04902630679877007
phastCons:mean_phastCons	0.6093418259023354	0.04889267461669506
phastCons:mean_phastCons	0.6157112526539278	0.04922763537599728
phastCons:mean_phastCons	0.6178343949044586	0.04929696764357107
phastCons:mean_phastCons	0.6178343949044586	0.04913880445795339
phastCons:mean_phastCons	0.6199575371549894	0.04919137466307277
phastCons:mean_phastCons	0.6220806794055201	0.04916932371203222
phastCons:mean_phastCons	0.6220806794055201	0.04907050745268799
phastCons:mean_phastCons	0.6242038216560509	0.04906542056074766
phastCons:mean_phastCons	0.6284501061571125	0.0492184901895577
phastCons:mean_phastCons	0.6326963906581741	0.04932141674942072
phastCons:mean_phastCons	0.6348195329087049	0.04933179343342683
phastCons:mean_phastCons	0.6390658174097664	0.04954732510288066
phastCons:mean_phastCons	0.6390658174097664	0.04936044604788455
phastCons:mean_phastCons	0.6390658174097664	0.04916693890885332
phastCons:mean_phastCons	0.643312101910828	0.04931640625
phastCons:mean_phastCons	0.6475583864118896	0.04945678611966921
phastCons:mean_phastCons	0.6496815286624203	0.04948253557567917
phastCons:mean_phastCons	0.6539278131634819	0.04966139954853273
phastCons:mean_phastCons	0.6581740976645435	0.04984724232191671
phastCons:mean_phastCons	0.6645435244161358	0.050071988481842904
phastCons:mean_phastCons	0.6645435244161358	0.04985664224275247
phastCons:mean_phastCons	0.6645435244161358	0.04961953075459734
phastCons:mean_phastCons	0.6645435244161358	0.04945489018802338
phastCons:mean_phastCons	0.6645435244161358	0.0493846639318397
phastCons:mean_phastCons	0.6666666666666666	0.04925490196078432
phastCons:mean_phastCons	0.673036093418259	0.04955447866187275
phastCons:mean_phastCons	0.6772823779193206	0.049758228045546714
phastCons:mean_phastCons	0.6815286624203821	0.0498292455759081
phastCons:mean_phastCons	0.6857749469214437	0.04987646695491044
phastCons:mean_phastCons	0.6857749469214437	0.04971525319378175
phastCons:mean_phastCons	0.6900212314225053	0.0498237007511881
phastCons:mean_phastCons	0.6900212314225053	0.0496031746031746
phastCons:mean_phastCons	0.6942675159235668	0.049764115050981585
phastCons:mean_phastCons	0.6963906581740976	0.049779936257398696
phastCons:mean_phastCons	0.6985138004246284	0.04977307110438729
phastCons:mean_phastCons	0.70276008492569	0.049962264150943396
phastCons:mean_phastCons	0.70276008492569	0.04980439362022269
phastCons:mean_phastCons	0.70276008492569	0.04964007198560288
phastCons:mean_phastCons	0.70276008492569	0.049432497013142174
phastCons:mean_phastCons	0.7070063694267515	0.049524092801903626
phastCons:mean_phastCons	0.7070063694267515	0.04941385962308948
phastCons:mean_phastCons	0.7091295116772823	0.04940828402366864
phastCons:mean_phastCons	0.7154989384288747	0.04969768470727031
phastCons:mean_phastCons	0.7176220806794055	0.049669360764144015
phastCons:mean_phastCons	0.7197452229299363	0.04969217238346526
phastCons:mean_phastCons	0.7197452229299363	0.04950350467289719
phastCons:mean_phastCons	0.7197452229299363	0.049344978165938864
phastCons:mean_phastCons	0.7197452229299363	0.04923032239326169
phastCons:mean_phastCons	0.7197452229299363	0.049109083007388095
phastCons:mean_phastCons	0.7197452229299363	0.04891069109796566
phastCons:mean_phastCons	0.7197452229299363	0.048776978417266185
phastCons:mean_phastCons	0.7197452229299363	0.04848398169336384
phastCons:mean_phastCons	0.7261146496815286	0.04877353108956075
phastCons:mean_phastCons	0.7261146496815286	0.04864172948371498
phastCons:mean_phastCons	0.7282377919320594	0.04861111111111111
phastCons:mean_phastCons	0.7346072186836518	0.048808012413598535
phastCons:mean_phastCons	0.7346072186836518	0.04858868136497683
phastCons:mean_phastCons	0.7346072186836518	0.0484525976753956
phastCons:mean_phastCons	0.7367303609341825	0.048470456767704985
phastCons:mean_phastCons	0.7367303609341825	0.04830850619518307
phastCons:mean_phastCons	0.7388535031847133	0.04829979181124219
phastCons:mean_phastCons	0.7409766454352441	0.04823106688778331
phastCons:mean_phastCons	0.7473460721868365	0.04851157662624035
phastCons:mean_phastCons	0.7473460721868365	0.04835829097403489
phastCons:mean_phastCons	0.7473460721868365	0.048252227553118573
phastCons:mean_phastCons	0.7494692144373672	0.04825700615174299
phastCons:mean_phastCons	0.7494692144373672	0.04809264305177112
phastCons:mean_phastCons	0.7515923566878981	0.04808475957620212
phastCons:mean_phastCons	0.7579617834394905	0.048347778981581796
phastCons:mean_phastCons	0.7579617834394905	0.04827586206896552
phastCons:mean_phastCons	0.7600849256900213	0.04824797843665768
phastCons:mean_phastCons	0.7622080679405521	0.048039609260002676
phastCons:mean_phastCons	0.7622080679405521	0.047911383958361135
phastCons:mean_phastCons	0.7622080679405521	0.047675962815405044
phastCons:mean_phastCons	0.7643312101910829	0.04770739464617016
phastCons:mean_phastCons	0.7643312101910829	0.047619047619047616
phastCons:mean_phastCons	0.7664543524416136	0.04756884965081038
phastCons:mean_phastCons	0.7685774946921444	0.04764411687286128
phastCons:mean_phastCons	0.772823779193206	0.047775298595616224
phastCons:mean_phastCons	0.772823779193206	0.047619047619047616
phastCons:mean_phastCons	0.7791932059447984	0.04785500065197549
phastCons:mean_phastCons	0.7834394904458599	0.04796568308852203
phastCons:mean_phastCons	0.7876857749469215	0.04805699481865285
phastCons:mean_phastCons	0.7919320594479831	0.04810420428166108
phastCons:mean_phastCons	0.7940552016985138	0.048028765891871064
phastCons:mean_phastCons	0.7961783439490446	0.04802766393442623
phastCons:mean_phastCons	0.7961783439490446	0.04792944785276074
phastCons:mean_phastCons	0.7961783439490446	0.04780114722753346
phastCons:mean_phastCons	0.7983014861995754	0.047824980920885274
phastCons:mean_phastCons	0.8004246284501062	0.04784263959390863
phastCons:mean_phastCons	0.802547770700637	0.047854158754272694
phastCons:mean_phastCons	0.8046709129511678	0.04786562263197777
phastCons:mean_phastCons	0.8131634819532909	0.04829151431093179
phastCons:mean_phastCons	0.8152866242038217	0.048271527341294786
phastCons:mean_phastCons	0.8152866242038217	0.04804804804804805
phastCons:mean_phastCons	0.8174097664543525	0.048070920214758395
phastCons:mean_phastCons	0.8174097664543525	0.04798105682951147
phastCons:mean_phastCons	0.8195329087048833	0.04798011187072716
phastCons:mean_phastCons	0.8237791932059448	0.0481329859818881
phastCons:mean_phastCons	0.8237791932059448	0.04804953560371517
phastCons:mean_phastCons	0.832271762208068	0.048424953675108094
phastCons:mean_phastCons	0.8343949044585988	0.04841093865484109
phastCons:mean_phastCons	0.8407643312101911	0.04863072577674076
phastCons:mean_phastCons	0.8471337579617835	0.048873101420872124
phastCons:mean_phastCons	0.8535031847133758	0.04913824715804914
phastCons:mean_phastCons	0.8556263269639066	0.04915833130031715
phastCons:mean_phastCons	0.8598726114649682	0.0492640797956453
phastCons:mean_phastCons	0.8598726114649682	0.04908495939886075
phastCons:mean_phastCons	0.861995753715499	0.04908717204691089
phastCons:mean_phastCons	0.8641188959660298	0.04913085465958474
phastCons:mean_phastCons	0.8641188959660298	0.049053874894540196
phastCons:mean_phastCons	0.8641188959660298	0.04893003125751383
phastCons:mean_phastCons	0.8641188959660298	0.04880681136826958
phastCons:mean_phastCons	0.8662420382165605	0.048827190043082815
phastCons:mean_phastCons	0.8662420382165605	0.04864671515440563
phastCons:mean_phastCons	0.8662420382165605	0.04853098608302605
phastCons:mean_phastCons	0.8704883227176221	0.048601232811759126
phastCons:mean_phastCons	0.8704883227176221	0.04842329042163694
phastCons:mean_phastCons	0.8726114649681529	0.048495575221238936
phastCons:mean_phastCons	0.8726114649681529	0.04832451499118166
phastCons:mean_phastCons	0.8747346072186837	0.0483227773868168
phastCons:mean_phastCons	0.8768577494692145	0.048332358104154476
phastCons:mean_phastCons	0.881104033970276	0.048441694875685774
phastCons:mean_phastCons	0.8832271762208068	0.048462255358807084
phastCons:mean_phastCons	0.8832271762208068	0.048377718339341784
phastCons:mean_phastCons	0.8853503184713376	0.048286243631310795
phastCons:mean_phastCons	0.8895966029723992	0.048372200415608406
phastCons:mean_phastCons	0.89171974522293	0.04830917874396135
phastCons:mean_phastCons	0.89171974522293	0.048143053645116916
phastCons:mean_phastCons	0.8938428874734607	0.048147301006404394
phastCons:mean_phastCons	0.8959660297239915	0.04816801734961763
phastCons:mean_phastCons	0.8959660297239915	0.048047364226346354
phastCons:mean_phastCons	0.8959660297239915	0.04792187145128322
phastCons:mean_phastCons	0.8959660297239915	0.04784038090919397
phastCons:mean_phastCons	0.8959660297239915	0.04775916704391127
phastCons:mean_phastCons	0.8959660297239915	0.04767284229552644
phastCons:mean_phastCons	0.8959660297239915	0.047527874760671246
phastCons:mean_phastCons	0.8959660297239915	0.047437050359712234
phastCons:mean_phastCons	0.8980891719745223	0.047416208945185515
phyloP:min_phyloP	0.1040339702760085	0.033863165169315826
phyloP:min_phyloP	0.1040339702760085	0.03349282296650718
phyloP:min_phyloP	0.1040339702760085	0.0330188679245283
phyloP:min_phyloP	0.10828025477707007	0.03418230563002681
phyloP:min_phyloP	0.10828025477707007	0.03388704318936877
phyloP:min_phyloP	0.10828025477707007	0.0334865397242285
phyloP:min_phyloP	0.11040339702760085	0.03383214053350683
phyloP:min_phyloP	0.11889596602972399	0.0360592401802962
phyloP:min_phyloP	0.11889596602972399	0.035691523263224986
phyloP:min_phyloP	0.11889596602972399	0.03530895334174023
phyloP:min_phyloP	0.12101910828025478	0.03549190535491906
phyloP:min_phyloP	0.12101910828025478	0.03522867737948084
phyloP:min_phyloP	0.12314225053078556	0.03540903540903541
phyloP:min_phyloP	0.12526539278131635	0.0358227079538555
phyloP:min_phyloP	0.12526539278131635	0.03545673076923077
phyloP:min_phyloP	0.12526539278131635	0.03522388059701492
phyloP:min_phyloP	0.12738853503184713	0.035629453681710214
phyloP:min_phyloP	0.12951167728237792	0.0357981220657277
phyloP:min_phyloP	0.12951167728237792	0.035239745811669554
phyloP:min_phyloP	0.1316348195329087	0.035509736540664374
phyloP:min_phyloP	0.13800424628450106	0.0368689733408962
phyloP:min_phyloP	0.14012738853503184	0.03718309859154929
phyloP:min_phyloP	0.14012738853503184	0.03699551569506727
phyloP:min_phyloP	0.14012738853503184	0.03640375068946498
phyloP:min_phyloP	0.14012738853503184	0.03594771241830065
phyloP:min_phyloP	0.14012738853503184	0.03556034482758621
phyloP:min_phyloP	0.14225053078556263	0.03571428571428571
phyloP:min_phyloP	0.15074309978768577	0.03760593220338983
phyloP:min_phyloP	0.15286624203821655	0.03769633507853403
phyloP:min_phyloP	0.15286624203821655	0.03734439834024896
phyloP:min_phyloP	0.15498938428874734	0.03760947964966512
phyloP:min_phyloP	0.15498938428874734	0.037378392217101895
phyloP:min_phyloP	0.1592356687898089	0.03809040121889284
phyloP:min_phyloP	0.1592356687898089	0.037783375314861464
phyloP:min_phyloP	0.16348195329087048	0.03838484546360917
phyloP:min_phyloP	0.16348195329087048	0.03809995051954478
phyloP:min_phyloP	0.16348195329087048	0.03794972893050764
phyloP:min_phyloP	0.16560509554140126	0.03804878048780488
phyloP:min_phyloP	0.16772823779193205	0.03831231813773036
phyloP:min_phyloP	0.16772823779193205	0.038072289156626506
phyloP:min_phyloP	0.16772823779193205	0.03781713738630924
phyloP:min_phyloP	0.16772823779193205	0.03756538278649548
phyloP:min_phyloP	0.16772823779193205	0.037211493170042395
phyloP:min_phyloP	0.16772823779193205	0.03707179727827311
phyloP:min_phyloP	0.17197452229299362	0.037569573283859
phyloP:min_phyloP	0.17197452229299362	0.03736162361623616
phyloP:min_phyloP	0.17197452229299362	0.037241379310344824
phyloP:min_phyloP	0.17197452229299362	0.037003197807217905
phyloP:min_phyloP	0.1740976645435244	0.037188208616780044
phyloP:min_phyloP	0.17834394904458598	0.03776978417266187
phyloP:min_phyloP	0.17834394904458598	0.03761755485893417
phyloP:min_phyloP	0.17834394904458598	0.037366548042704624
phyloP:min_phyloP	0.18259023354564755	0.037935597706219674
phyloP:min_phyloP	0.18259023354564755	0.03773584905660377
phyloP:min_phyloP	0.18471337579617833	0.037793223284100785
phyloP:min_phyloP	0.18683651804670912	0.03793103448275862
phyloP:min_phyloP	0.18683651804670912	0.037462750106428265
phyloP:min_phyloP	0.18895966029723993	0.03760033798056612
phyloP:min_phyloP	0.1910828025477707	0.037751677852348994
phyloP:min_phyloP	0.1910828025477707	0.03737541528239203
phyloP:min_phyloP	0.1932059447983015	0.03755674783326455
phyloP:min_phyloP	0.19957537154989385	0.03858784893267652
phyloP:min_phyloP	0.20169851380042464	0.03868078175895766
phyloP:min_phyloP	0.20169851380042464	0.03841488071168621
phyloP:min_phyloP	0.20169851380042464	0.03793929712460064
phyloP:min_phyloP	0.20169851380042464	0.03766851704996035
phyloP:min_phyloP	0.20382165605095542	0.03785488958990536
phyloP:min_phyloP	0.21443736730360935	0.03940694498634413
phyloP:min_phyloP	0.21656050955414013	0.0395195660596668
phyloP:min_phyloP	0.22505307855626328	0.040769230769230766
phyloP:min_phyloP	0.22717622080679406	0.040902140672782875
phyloP:min_phyloP	0.22717622080679406	0.04071537290715373
phyloP:min_phyloP	0.22929936305732485	0.04080090668681526
phyloP:min_phyloP	0.22929936305732485	0.040586245772266064
phyloP:min_phyloP	0.22929936305732485	0.040328603435399554
phyloP:min_phyloP	0.22929936305732485	0.03994082840236687
phyloP:min_phyloP	0.22929936305732485	0.039315617036767385
phyloP:min_phyloP	0.23142250530785563	0.03932178932178932
phyloP:min_phyloP	0.23354564755838642	0.03939828080229226
phyloP:min_phyloP	0.23779193205944799	0.03970223325062035
phyloP:min_phyloP	0.24203821656050956	0.04022582921665491
phyloP:min_phyloP	0.24203821656050956	0.039929947460595444
phyloP:min_phyloP	0.24203821656050956	0.03970741901776385
phyloP:min_phyloP	0.24416135881104034	0.039847539847539845
phyloP:min_phyloP	0.24416135881104034	0.03961419221495005
phyloP:min_phyloP	0.24628450106157113	0.03980782429649966
phyloP:min_phyloP	0.24628450106157113	0.03949608443990466
phyloP:min_phyloP	0.2484076433121019	0.03959390862944162
phyloP:min_phyloP	0.2526539278131635	0.04009433962264151
phyloP:min_phyloP	0.25477707006369427	0.04009355162044771
phyloP:min_phyloP	0.2611464968152866	0.0405004939084623
phyloP:min_phyloP	0.2653927813163482	0.040929927963326784
phyloP:min_phyloP	0.267515923566879	0.041028980788016936
phyloP:min_phyloP	0.27388535031847133	0.041653212786567646
phyloP:min_phyloP	0.27388535031847133	0.041452442159383034
phyloP:min_phyloP	0.27388535031847133	0.04124040920716113
phyloP:min_phyloP	0.2781316348195329	0.04170646290990131
phyloP:min_phyloP	0.2781316348195329	0.041351010101010104
phyloP:min_phyloP	0.28874734607218683	0.04264659767952336
phyloP:min_phyloP	0.28874734607218683	0.042328042328042326
phyloP:min_phyloP	0.2908704883227176	0.04244114002478315
phyloP:min_phyloP	0.2929936305732484	0.04244847739157182
phyloP:min_phyloP	0.2929936305732484	0.04234427738570114
phyloP:min_phyloP	0.2929936305732484	0.04203472433749619
phyloP:min_phyloP	0.2929936305732484	0.041945288753799395
phyloP:min_phyloP	0.2951167728237792	0.04207021791767555
phyloP:min_phyloP	0.2951167728237792	0.041867469879518074
phyloP:min_phyloP	0.29723991507430997	0.042067307692307696
phyloP:min_phyloP	0.29723991507430997	0.041916167664670656
phyloP:min_phyloP	0.29936305732484075	0.04207699194270367
phyloP:min_phyloP	0.29936305732484075	0.04191438763376932
phyloP:min_phyloP	0.29936305732484075	0.041642055522740695
phyloP:min_phyloP	0.3078556263269639	0.04239766081871345
phyloP:min_phyloP	0.3099787685774947	0.042491268917345754
phyloP:min_phyloP	0.31634819532908703	0.043188405797101447
phyloP:min_phyloP	0.31634819532908703	0.042989036353144834
phyloP:min_phyloP	0.31634819532908703	0.042754662840746055
phyloP:min_phyloP	0.31634819532908703	0.04249857387335995
phyloP:min_phyloP	0.3205944798301486	0.04276408949306146
phyloP:min_phyloP	0.3205944798301486	0.04257118691852269
phyloP:min_phyloP	0.3205944798301486	0.04234436343241727
phyloP:min_phyloP	0.3205944798301486	0.04215522054718034
phyloP:min_phyloP	0.3205944798301486	0.04202616198163095
phyloP:min_phyloP	0.3248407643312102	0.04232365145228216
phyloP:min_phyloP	0.32908704883227174	0.04269972451790634
phyloP:min_phyloP	0.3375796178343949	0.04358552631578947
phyloP:min_phyloP	0.33970276008492567	0.04368004368004368
phyloP:min_phyloP	0.34182590233545646	0.043714363290795547
phyloP:min_phyloP	0.34182590233545646	0.043560606060606064
phyloP:min_phyloP	0.34394904458598724	0.04370110601564608
phyloP:min_phyloP	0.346072186836518	0.04375838926174497
phyloP:min_phyloP	0.3481953290870488	0.043698374633626434
phyloP:min_phyloP	0.3524416135881104	0.04403183023872679
phyloP:min_phyloP	0.35456475583864117	0.04402847350382283
phyloP:min_phyloP	0.35881104033970274	0.04439190964013659
phyloP:min_phyloP	0.3609341825902335	0.04435168275502217
phyloP:min_phyloP	0.3630573248407643	0.044450220951390694
phyloP:min_phyloP	0.36942675159235666	0.04500775995861355
phyloP:min_phyloP	0.36942675159235666	0.04479917610710608
phyloP:min_phyloP	0.37154989384288745	0.044802867383512544
phyloP:min_phyloP	0.37367303609341823	0.044783715012722644
phyloP:min_phyloP	0.37579617834394907	0.04478744939271255
phyloP:min_phyloP	0.3821656050955414	0.045317220543806644
phyloP:min_phyloP	0.386411889596603	0.0455
phyloP:min_phyloP	0.3885350318471338	0.0456245325355273
phyloP:min_phyloP	0.39278131634819535	0.045780747339767384
phyloP:min_phyloP	0.3970276008492569	0.04616144161935325
phyloP:min_phyloP	0.3991507430997877	0.04615762337343481
phyloP:min_phyloP	0.3991507430997877	0.04601076847772883
phyloP:min_phyloP	0.40552016985138006	0.046472019464720196
phyloP:min_phyloP	0.40764331210191085	0.04647785039941903
phyloP:min_phyloP	0.4118895966029724	0.046634615384615385
phyloP:min_phyloP	0.4140127388535032	0.046494992846924176
phyloP:min_phyloP	0.416135881104034	0.04657794676806084
phyloP:min_phyloP	0.416135881104034	0.046467520151730675
phyloP:min_phyloP	0.4182590233545648	0.04646226415094339
phyloP:min_phyloP	0.42038216560509556	0.046511627906976744
phyloP:min_phyloP	0.42250530785562634	0.04644107351225204
phyloP:min_phyloP	0.4267515923566879	0.04671159656053916
phyloP:min_phyloP	0.4288747346072187	0.04673762147154095
phyloP:min_phyloP	0.4288747346072187	0.04661897069005308
phyloP:min_phyloP	0.4309978768577495	0.04669887278582931
phyloP:min_phyloP	0.43524416135881105	0.046986018794407516
phyloP:min_phyloP	0.43736730360934184	0.04688211197086937
phyloP:min_phyloP	0.4394904458598726	0.04696007259528131
phyloP:min_phyloP	0.4437367303609342	0.047199638663053295
phyloP:min_phyloP	0.4437367303609342	0.047019122609673794
phyloP:min_phyloP	0.44798301486199577	0.047235280949182896
phyloP:min_phyloP	0.45010615711252655	0.04731086810979692
phyloP:min_phyloP	0.4564755838641189	0.047619047619047616
phyloP:min_phyloP	0.4585987261146497	0.04757709251101322
phyloP:min_phyloP	0.4607218683651805	0.047619047619047616
phyloP:min_phyloP	0.46496815286624205	0.04792122538293216
phyloP:min_phyloP	0.46496815286624205	0.0477332170880558
phyloP:min_phyloP	0.46496815286624205	0.04760869565217391
phyloP:min_phyloP	0.46709129511677283	0.04763967085318319
phyloP:min_phyloP	0.4692144373673036	0.0475678002582867
phyloP:min_phyloP	0.4692144373673036	0.04741471787170135
phyloP:min_phyloP	0.47770700636942676	0.04797441364605544
phyloP:min_phyloP	0.4861995753715499	0.04843485617597293
phyloP:min_phyloP	0.4861995753715499	0.04801845250576641
phyloP:min_phyloP	0.4861995753715499	0.04788791300711
phyloP:min_phyloP	0.4883227176220807	0.04792665138570536
phyloP:min_phyloP	0.4883227176220807	0.04780710870920807
phyloP:min_phyloP	0.49044585987261147	0.04778651220521307
phyloP:min_phyloP	0.49256900212314225	0.04771698889345948
phyloP:min_phyloP	0.49469214437367304	0.047687269750307
phyloP:min_phyloP	0.4989384288747346	0.04782254782254782
phyloP:min_phyloP	0.4989384288747346	0.047599756937411385
phyloP:min_phyloP	0.5010615711252654	0.04770568021022842
phyloP:min_phyloP	0.505307855626327	0.04788732394366197
phyloP:min_phyloP	0.505307855626327	0.047590481903619274
phyloP:min_phyloP	0.505307855626327	0.04721285459234279
phyloP:min_phyloP	0.5074309978768577	0.04731736289843595
phyloP:min_phyloP	0.5074309978768577	0.04701947668699587
phyloP:min_phyloP	0.5095541401273885	0.047040376323010585
phyloP:min_phyloP	0.5095541401273885	0.04689331770222743
phyloP:min_phyloP	0.5095541401273885	0.04674717569146864
phyloP:min_phyloP	0.5095541401273885	0.04645760743321719
phyloP:min_phyloP	0.5095541401273885	0.04634099246958873
phyloP:min_phyloP	0.5095541401273885	0.046153846153846156
phyloP:min_phyloP	0.5095541401273885	0.045924225028702644
phyloP:min_phyloP	0.5095541401273885	0.045784051888592144
phyloP:min_phyloP	0.5159235668789809	0.04618893746436039
phyloP:min_phyloP	0.5180467091295117	0.04620337057375497
phyloP:min_phyloP	0.524416135881104	0.046507249105629825
phyloP:min_phyloP	0.5286624203821656	0.04675178370259106
phyloP:min_phyloP	0.5307855626326964	0.046737707982800525
phyloP:min_phyloP	0.5392781316348195	0.047299813780260706
phyloP:min_phyloP	0.5392781316348195	0.04710682492581603
phyloP:min_phyloP	0.5392781316348195	0.04698483166851646
phyloP:min_phyloP	0.5414012738853503	0.04701327433628318
phyloP:min_phyloP	0.5435244161358811	0.04694663487988263
phyloP:min_phyloP	0.5498938428874734	0.04734052275635167
phyloP:min_phyloP	0.5520169851380042	0.04735883424408015
phyloP:min_phyloP	0.5520169851380042	0.047109983692697956
phyloP:min_phyloP	0.554140127388535	0.04719710669077758
phyloP:min_phyloP	0.5562632696390658	0.04721571454316093
phyloP:min_phyloP	0.5605095541401274	0.0473967684021544
phyloP:min_phyloP	0.5605095541401274	0.04723564143853999
phyloP:min_phyloP	0.5605095541401274	0.04701691896705254
phyloP:min_phyloP	0.5626326963906582	0.04706091280412005
phyloP:min_phyloP	0.5626326963906582	0.046861184792219276
phyloP:min_phyloP	0.5690021231422505	0.04712502197995428
phyloP:min_phyloP	0.5690021231422505	0.04685314685314685
phyloP:min_phyloP	0.5711252653927813	0.04683147632311978
phyloP:min_phyloP	0.5732484076433121	0.04672897196261682
phyloP:min_phyloP	0.5796178343949044	0.047044632086851626
phyloP:min_phyloP	0.5796178343949044	0.046899158220237075
phyloP:min_phyloP	0.5796178343949044	0.046826758147512866
phyloP:min_phyloP	0.5796178343949044	0.046706586826347304
phyloP:min_phyloP	0.5817409766454352	0.04671781756180733
phyloP:min_phyloP	0.5817409766454352	0.04660656574247321
phyloP:min_phyloP	0.583864118895966	0.04666553538096046
phyloP:min_phyloP	0.5902335456475584	0.046927751519243756
phyloP:min_phyloP	0.5902335456475584	0.04677772168938247
phyloP:min_phyloP	0.5923566878980892	0.04675716440422323
phyloP:min_phyloP	0.5944798301486199	0.046721174703821124
phyloP:min_phyloP	0.5944798301486199	0.04651935537464695
phyloP:min_phyloP	0.6029723991507431	0.046957671957671955
phyloP:min_phyloP	0.6050955414012739	0.04685958566261098
phyloP:min_phyloP	0.6050955414012739	0.0467673121102724
phyloP:min_phyloP	0.6050955414012739	0.04654581087702107
phyloP:min_phyloP	0.6050955414012739	0.04643206256109482
phyloP:min_phyloP	0.613588110403397	0.04686993188452806
phyloP:min_phyloP	0.6220806794055201	0.0473420584908709
phyloP:min_phyloP	0.6220806794055201	0.04706827309236948
phyloP:min_phyloP	0.6305732484076433	0.04751239801631739
phyloP:min_phyloP	0.6305732484076433	0.04739865943185445
phyloP:min_phyloP	0.6305732484076433	0.04730805989168525
phyloP:min_phyloP	0.6369426751592356	0.04755865567533291
phyloP:min_phyloP	0.6390658174097664	0.04755134281200632
phyloP:min_phyloP	0.6454352441613588	0.04778371581263754
phyloP:min_phyloP	0.6475583864118896	0.04785064323815501
phyloP:min_phyloP	0.6475583864118896	0.04767859934344224
phyloP:min_phyloP	0.6496815286624203	0.04767097678766163
phyloP:min_phyloP	0.6518046709129511	0.047715262667081135
phyloP:min_phyloP	0.6518046709129511	0.04757477142414381
phyloP:min_phyloP	0.6518046709129511	0.047471779805164684
phyloP:min_phyloP	0.6518046709129511	0.047238036621018616
phyloP:min_phyloP	0.6518046709129511	0.04688454489920586
phyloP:min_phyloP	0.6581740976645435	0.04721291501675297
phyloP:min_phyloP	0.6602972399150743	0.04718555606129571
phyloP:min_phyloP	0.6624203821656051	0.04717979736881899
phyloP:min_phyloP	0.6624203821656051	0.047009190899502784
phyloP:min_phyloP	0.6624203821656051	0.046790641871625675
phyloP:min_phyloP	0.6645435244161358	0.046772265391512254
phyloP:min_phyloP	0.6666666666666666	0.04678885412010133
phyloP:min_phyloP	0.6709129511677282	0.0469678953626635
phyloP:min_phyloP	0.6709129511677282	0.04683563065065955
phyloP:min_phyloP	0.6709129511677282	0.046621422248450874
phyloP:min_phyloP	0.673036093418259	0.04663822274532882
phyloP:min_phyloP	0.6815286624203821	0.04689554419284149
phyloP:min_phyloP	0.6857749469214437	0.04701601164483261
phyloP:min_phyloP	0.6900212314225053	0.047115105827776164
phyloP:min_phyloP	0.692144373673036	0.047178002894356
phyloP:min_phyloP	0.6942675159235668	0.047165729121592385
phyloP:min_phyloP	0.6942675159235668	0.047003018542475204
phyloP:min_phyloP	0.7006369426751592	0.047203547418109
phyloP:min_phyloP	0.7048832271762208	0.04719931760022747
phyloP:min_phyloP	0.7048832271762208	0.047058823529411764
phyloP:min_phyloP	0.7112526539278131	0.04735651682216568
phyloP:min_phyloP	0.7112526539278131	0.04728966685488425
phyloP:min_phyloP	0.7133757961783439	0.047357293868921777
phyloP:min_phyloP	0.7154989384288747	0.04738470191226097
phyloP:min_phyloP	0.7176220806794055	0.04738539184074022
phyloP:min_phyloP	0.7197452229299363	0.04743912678421495
phyloP:min_phyloP	0.721868365180467	0.047479402318112
phyloP:min_phyloP	0.721868365180467	0.04737355440992058
phyloP:min_phyloP	0.721868365180467	0.04730763879226381
phyloP:min_phyloP	0.721868365180467	0.04718945176960444
phyloP:min_phyloP	0.7261146496815286	0.047322540473225407
phyloP:min_phyloP	0.7282377919320594	0.04739532955644604
phyloP:min_phyloP	0.732484076433121	0.04756652419688405
phyloP:min_phyloP	0.732484076433121	0.04746835443037975
phyloP:min_phyloP	0.7346072186836518	0.04753400192334112
phyloP:min_phyloP	0.7346072186836518	0.04739076838789207
phyloP:min_phyloP	0.7367303609341825	0.047462727397072905
phyloP:min_phyloP	0.7367303609341825	0.04731388055631306
phyloP:min_phyloP	0.7452229299363057	0.04772912700571118
phyloP:min_phyloP	0.7473460721868365	0.04770294077788318
phyloP:min_phyloP	0.7473460721868365	0.04761260651968078
phyloP:min_phyloP	0.7515923566878981	0.04767034742795583
phyloP:min_phyloP	0.7537154989384289	0.04773430146564475
phyloP:min_phyloP	0.7537154989384289	0.04758713136729222
phyloP:min_phyloP	0.7600849256900213	0.04786736194678433
phyloP:min_phyloP	0.7707006369426752	0.048354868789130145
phyloP:min_phyloP	0.7770700636942676	0.04860557768924303
phyloP:min_phyloP	0.7791932059447984	0.04862215156332803
phyloP:min_phyloP	0.7791932059447984	0.04850647634152789
phyloP:min_phyloP	0.7813163481953291	0.04854881266490765
phyloP:min_phyloP	0.7834394904458599	0.048456992777413
phyloP:min_phyloP	0.7834394904458599	0.04831107619795758
phyloP:min_phyloP	0.7834394904458599	0.04820378837361202
phyloP:min_phyloP	0.7855626326963907	0.0482776617954071
phyloP:min_phyloP	0.7876857749469215	0.0482821447162936
phyloP:min_phyloP	0.7898089171974523	0.04822400829660358
phyloP:min_phyloP	0.7898089171974523	0.04805580674331482
phyloP:min_phyloP	0.7919320594479831	0.04809800128949065
phyloP:min_phyloP	0.7961783439490446	0.04823151125401929
phyloP:min_phyloP	0.7961783439490446	0.04815100154083205
phyloP:min_phyloP	0.7983014861995754	0.048205128205128206
phyloP:min_phyloP	0.7983014861995754	0.047989789406509255
phyloP:min_phyloP	0.802547770700637	0.04817127564674398
phyloP:min_phyloP	0.802547770700637	0.04806714140386572
phyloP:min_phyloP	0.802547770700637	0.047631048387096774
phyloP:min_phyloP	0.802547770700637	0.04748743718592965
phyloP:min_phyloP	0.802547770700637	0.047362485904022054
phyloP:min_phyloP	0.8046709129511678	0.047345409119300436
phyloP:min_phyloP	0.8046709129511678	0.04728633811603244
phyloP:min_phyloP	0.8046709129511678	0.04711586275484833
phyloP:min_phyloP	0.8046709129511678	0.047022332506203475
phyloP:min_phyloP	0.8046709129511678	0.04691174650328011
phyloP:min_phyloP	0.8089171974522293	0.04707772148770543
phyloP:min_phyloP	0.8110403397027601	0.04703275055405073
phyloP:min_phyloP	0.8131634819532909	0.04698233562315996
phyloP:min_phyloP	0.8131634819532909	0.04682151589242054
phyloP:min_phyloP	0.8131634819532909	0.04670731707317073
phyloP:min_phyloP	0.8131634819532909	0.04664474485446352
phyloP:min_phyloP	0.8152866242038217	0.046618914653393226
phyloP:min_phyloP	0.8237791932059448	0.04692791485244315
phyloP:min_phyloP	0.8259023354564756	0.04696933107944941
phyloP:min_phyloP	0.8259023354564756	0.04687311724304133
phyloP:min_phyloP	0.8259023354564756	0.04676604953113729
phyloP:min_phyloP	0.8259023354564756	0.04664268585131894
phyloP:min_phyloP	0.8280254777070064	0.04667304930588798
phyloP:min_phyloP	0.8343949044585988	0.04695901541402796
phyloP:min_phyloP	0.8365180467091295	0.04693828925422921
phyloP:min_phyloP	0.8365180467091295	0.04685456058984421
phyloP:min_phyloP	0.8365180467091295	0.04680446661914944
phyloP:min_phyloP	0.8386411889596603	0.04674556213017751
phyloP:min_phyloP	0.8407643312101911	0.046780862374483166
phyloP:min_phyloP	0.8407643312101911	0.04665959703075292
phyloP:min_phyloP	0.8407643312101911	0.0465772759350741
phyloP:min_phyloP	0.8428874734607219	0.04657437822618489
phyloP:min_phyloP	0.8450106157112527	0.04645733629041671
phyloP:min_phyloP	0.851380042462845	0.04666589084138252
phyloP:min_phyloP	0.8556263269639066	0.046816914498141265
phyloP:min_phyloP	0.8556263269639066	0.04666512274201019
phyloP:min_phyloP	0.8556263269639066	0.04656268053148469
phyloP:min_phyloP	0.8577494692144374	0.046608214120904476
phyloP:min_phyloP	0.8577494692144374	0.046511627906976744
phyloP:min_phyloP	0.8577494692144374	0.04639944871942116
phyloP:min_phyloP	0.8598726114649682	0.04645028099552701
phyloP:min_phyloP	0.8598726114649682	0.04639706724710734
phyloP:min_phyloP	0.8662420382165605	0.046665904151892944
phyloP:min_phyloP	0.8683651804670913	0.046694828176732504
phyloP:min_phyloP	0.8683651804670913	0.04649312265545072
phyloP:min_phyloP	0.8747346072186837	0.04665911664779162
phyloP:min_phyloP	0.8832271762208068	0.04703753957485301
phyloP:min_phyloP	0.8853503184713376	0.047044223826714804
phyloP:min_phyloP	0.8853503184713376	0.04682762492981471
phyloP:min_phyloP	0.8853503184713376	0.04676985195154778
phyloP:min_phyloP	0.8895966029723992	0.04689948511305127
phyloP:min_phyloP	0.8938428874734607	0.04699709756642108
phyloP:min_phyloP	0.9044585987261147	0.04746518105849582
phyloP:min_phyloP	0.9044585987261147	0.04730179880079947
phyloP:min_phyloP	0.9087048832271762	0.04741856857965877
phyloP:min_phyloP	0.9087048832271762	0.047298043982760524
phyloP:min_phyloP	0.9087048832271762	0.047240618101545256
phyloP:min_phyloP	0.9129511677282378	0.047409040793825796
phyloP:min_phyloP	0.9150743099787686	0.047378256568099374
phyloP:min_phyloP	0.9150743099787686	0.0472950729726764
phyloP:min_phyloP	0.9150743099787686	0.04722252656951901
phyloP:min_phyloP	0.9150743099787686	0.04713988843924314
phyloP:min_phyloP	0.9150743099787686	0.04707295762341634
phyloP:min_phyloP	0.9150743099787686	0.04699084169210641
phyloP:min_phyloP	0.9150743099787686	0.04683255460176029
phyloP:min_phyloP	0.921443736730361	0.04708179648513777
phyloP:min_phyloP	0.9235668789808917	0.047042283983994806
phyloP:min_phyloP	0.9256900212314225	0.046977696368925764
phyloP:min_phyloP	0.9278131634819533	0.04690350971342707
phyloP:min_phyloP	0.9299363057324841	0.04689507494646681
phyloP:min_phyloP	0.9320594479830149	0.04691674682056215
phyloP:min_phyloP	0.9320594479830149	0.04685665492581919
phyloP:min_phyloP	0.9363057324840764	0.04699488491048593
phyloP:min_phyloP	0.940552016985138	0.047152740819584885
phyloP:min_phyloP	0.9426751592356688	0.047223994894703254
phyloP:min_phyloP	0.9426751592356688	0.047128754909245306
phyloP:min_phyloP	0.9469214437367304	0.047210754736953534
phyloP:min_phyloP	0.9511677282377919	0.04732727656877245
phyloP:min_phyloP	0.9532908704883227	0.04727808781720543
phyloP:min_phyloP	0.9575371549893843	0.04735405291894162
phyloP:min_phyloP	0.9575371549893843	0.047249869041382925
phyloP:min_phyloP	0.9596602972399151	0.04729022808118853
phyloP:min_phyloP	0.9596602972399151	0.04711768998227874
phyloP:min_phyloP	0.9596602972399151	0.04702944542711476
phyloP:min_phyloP	0.9617834394904459	0.04705515736989716
phyloP:min_phyloP	0.9639065817409767	0.04708566687409251
phyloP:min_phyloP	0.9681528662420382	0.047214744253468624
phyloP:min_phyloP	0.970276008492569	0.04722050010332714
phyloP:min_phyloP	0.9766454352441614	0.04743735175827576
phyloP:min_phyloP	0.9766454352441614	0.047378720774539085
phyloP:min_phyloP	0.9766454352441614	0.04732023454377122
phyloP:min_phyloP	0.9830148619957537	0.047492050466714536
phyloP:min_phyloP	0.9830148619957537	0.04741423451100871
phyloP:min_phyloP	0.9830148619957537	0.04722080571137175
phyloP:min_phyloP	0.9872611464968153	0.04732824427480916
phyloP:min_phyloP	0.9893842887473461	0.047348099979678926
phyloP:min_phyloP	0.9893842887473461	0.04719943279651575
phyloP:min_phyloP	0.9893842887473461	0.04713259836148478
phyloP:min_phyloP	0.9893842887473461	0.0470137207425343
phyloP:min_phyloP	0.9893842887473461	0.046914325984093425
phyloP:min_phyloP	0.9893842887473461	0.04680124535502662
phyloP:min_phyloP	0.9915074309978769	0.046845220182565955
phyloP:min_phyloP	0.9936305732484076	0.046795320467953205
phyloP:min_phyloP	0.9936305732484076	0.046683291770573565
phyloP:min_phyloP	0.9936305732484076	0.046581068975813676
phyloP:min_phyloP	0.9936305732484076	0.046553267681289166
phyloP:min_phyloP	0.9936305732484076	0.04640555280118989
phyloP:min_phyloP	0.9936305732484076	0.046263345195729534
phyloP:min_phyloP	0.9936305732484076	0.046181172291296625
phyloP:min_phyloP	0.9978768577494692	0.04625984251968504
phyloP:min_phyloP	0.9978768577494692	0.046209812211188674
phyloP:min_phyloP	1.0	0.04606356968215159
phyloP:max_phyloP	0.021231422505307854	0.05847953216374269
phyloP:max_phyloP	0.036093418259023353	0.05862068965517241
phyloP:max_phyloP	0.04670912951167728	0.05994550408719346
phyloP:max_phyloP	0.06157112526539278	0.06415929203539823
phyloP:max_phyloP	0.06369426751592357	0.05649717514124294
phyloP:max_phyloP	0.06581740976645435	0.05344827586206897
phyloP:max_phyloP	0.07430997876857749	0.0546875
phyloP:max_phyloP	0.07855626326963906	0.05131761442441054
phyloP:max_phyloP	0.0870488322717622	0.04846335697399527
phyloP:max_phyloP	0.09129511677282377	0.0473568281938326
phyloP:max_phyloP	0.09129511677282377	0.04584221748400853
phyloP:max_phyloP	0.09554140127388536	0.046583850931677016
phyloP:max_phyloP	0.09554140127388536	0.045180722891566265
phyloP:max_phyloP	0.09766454352441614	0.04505386875612145
phyloP:max_phyloP	0.09978768577494693	0.0436397400185701
phyloP:max_phyloP	0.10191082802547771	0.043596730245231606
phyloP:max_phyloP	0.10615711252653928	0.043440486533449174
phyloP:max_phyloP	0.10615711252653928	0.042625745950554135
phyloP:max_phyloP	0.10828025477707007	0.04204451772464963
phyloP:max_phyloP	0.11252653927813164	0.04253611556982344
phyloP:max_phyloP	0.12951167728237792	0.047286821705426356
phyloP:max_phyloP	0.12951167728237792	0.04638783269961977
phyloP:max_phyloP	0.12951167728237792	0.04555638536221061
phyloP:max_phyloP	0.1337579617834395	0.04618768328445748
phyloP:max_phyloP	0.14225053078556263	0.04748405386250886
phyloP:max_phyloP	0.1464968152866242	0.047487955953200274
phyloP:max_phyloP	0.1592356687898089	0.0495703899537343
phyloP:max_phyloP	0.1592356687898089	0.04801536491677337
phyloP:max_phyloP	0.1613588110403397	0.0480708412397217
phyloP:max_phyloP	0.1613588110403397	0.0472636815920398
phyloP:max_phyloP	0.16348195329087048	0.047123623011015914
phyloP:max_phyloP	0.16772823779193205	0.047362110311750596
phyloP:max_phyloP	0.16772823779193205	0.046773238602723505
phyloP:max_phyloP	0.1762208067940552	0.04825581395348837
phyloP:max_phyloP	0.18259023354564755	0.04903078677309008
phyloP:max_phyloP	0.18895966029723993	0.04955456570155902
phyloP:max_phyloP	0.18895966029723993	0.049144119271120924
phyloP:max_phyloP	0.18895966029723993	0.048501362397820165
phyloP:max_phyloP	0.18895966029723993	0.04808211777417612
phyloP:max_phyloP	0.18895966029723993	0.04756814537680385
phyloP:max_phyloP	0.19745222929936307	0.049206349206349205
phyloP:max_phyloP	0.19957537154989385	0.04857881136950904
phyloP:max_phyloP	0.20382165605095542	0.04923076923076923
phyloP:max_phyloP	0.20382165605095542	0.0486322188449848
phyloP:max_phyloP	0.20382165605095542	0.04831404126824358
phyloP:max_phyloP	0.20382165605095542	0.04771371769383698
phyloP:max_phyloP	0.21231422505307856	0.04940711462450593
phyloP:max_phyloP	0.21231422505307856	0.04870920603994155
phyloP:max_phyloP	0.21443736730360935	0.04886308659893566
phyloP:max_phyloP	0.21868365180467092	0.04932950191570881
phyloP:max_phyloP	0.22505307855626328	0.050332383665717
phyloP:max_phyloP	0.22929936305732485	0.050728041333959605
phyloP:max_phyloP	0.23142250530785563	0.05013799448022079
phyloP:max_phyloP	0.2356687898089172	0.050592525068368276
phyloP:max_phyloP	0.2356687898089172	0.050340136054421766
phyloP:max_phyloP	0.2356687898089172	0.04986522911051213
phyloP:max_phyloP	0.23779193205944799	0.04986642920747997
phyloP:max_phyloP	0.23779193205944799	0.049491825011047284
phyloP:max_phyloP	0.23991507430997877	0.049714034315882095
phyloP:max_phyloP	0.24628450106157113	0.05074365704286964
phyloP:max_phyloP	0.24628450106157113	0.05036908380373426
phyloP:max_phyloP	0.24628450106157113	0.050173010380622836
phyloP:max_phyloP	0.2484076433121019	0.050171526586620926
phyloP:max_phyloP	0.2505307855626327	0.05019140791152701
phyloP:max_phyloP	0.25690021231422505	0.05127118644067796
phyloP:max_phyloP	0.25902335456475584	0.05143338954468803
phyloP:max_phyloP	0.2611464968152866	0.05168067226890756
phyloP:max_phyloP	0.2611464968152866	0.050889532478278855
phyloP:max_phyloP	0.2611464968152866	0.05045118949958983
phyloP:max_phyloP	0.2611464968152866	0.05020408163265306
phyloP:max_phyloP	0.2611464968152866	0.050061050061050064
phyloP:max_phyloP	0.2632696390658174	0.050080775444264945
phyloP:max_phyloP	0.2653927813163482	0.05016051364365971
phyloP:max_phyloP	0.2653927813163482	0.04982064567556795
phyloP:max_phyloP	0.2653927813163482	0.04950495049504951
phyloP:max_phyloP	0.2653927813163482	0.04925137903861308
phyloP:max_phyloP	0.2653927813163482	0.04892367906066536
phyloP:max_phyloP	0.267515923566879	0.048894062863795114
phyloP:max_phyloP	0.267515923566879	0.04874274661508704
phyloP:max_phyloP	0.27388535031847133	0.049577248270561106
phyloP:max_phyloP	0.27388535031847133	0.049293083683607186
phyloP:max_phyloP	0.2760084925690021	0.04948610582413399
phyloP:max_phyloP	0.2781316348195329	0.04956488838441166
phyloP:max_phyloP	0.2781316348195329	0.04945262363155908
phyloP:max_phyloP	0.2781316348195329	0.04930372600677456
phyloP:max_phyloP	0.2823779193205945	0.049868766404199474
phyloP:max_phyloP	0.2823779193205945	0.04958985831469053
phyloP:max_phyloP	0.2823779193205945	0.04942400594574508
phyloP:max_phyloP	0.28662420382165604	0.049778761061946904
phyloP:max_phyloP	0.2951167728237792	0.05067444403937295
phyloP:max_phyloP	0.2951167728237792	0.05039883973894126
phyloP:max_phyloP	0.29723991507430997	0.050143266475644696
phyloP:max_phyloP	0.29723991507430997	0.04985754985754986
phyloP:max_phyloP	0.29723991507430997	0.04950495049504951
phyloP:max_phyloP	0.3057324840764331	0.05034965034965035
phyloP:max_phyloP	0.3078556263269639	0.05029483177245924
phyloP:max_phyloP	0.3099787685774947	0.05025817555938038
phyloP:max_phyloP	0.31422505307855625	0.0505982905982906
phyloP:max_phyloP	0.31634819532908703	0.050491358861402914
phyloP:max_phyloP	0.3184713375796178	0.050454086781029264
phyloP:max_phyloP	0.3205944798301486	0.05045105245573004
phyloP:max_phyloP	0.3227176220806794	0.05051512130275839
phyloP:max_phyloP	0.3227176220806794	0.05024793388429752
phyloP:max_phyloP	0.32908704883227174	0.05057096247960848
phyloP:max_phyloP	0.33121019108280253	0.05076472502440612
phyloP:max_phyloP	0.3333333333333333	0.05080906148867314
phyloP:max_phyloP	0.3333333333333333	0.050433665274654677
phyloP:max_phyloP	0.3333333333333333	0.04993638676844784
phyloP:max_phyloP	0.3354564755838641	0.0499841822208162
phyloP:max_phyloP	0.33970276008492567	0.050393700787401574
phyloP:max_phyloP	0.33970276008492567	0.05025125628140704
phyloP:max_phyloP	0.34394904458598724	0.050530255770430445
phyloP:max_phyloP	0.3503184713375796	0.051305970149253734
phyloP:max_phyloP	0.3503184713375796	0.05117866004962779
phyloP:max_phyloP	0.3503184713375796	0.05102040816326531
phyloP:max_phyloP	0.3524416135881104	0.051139864448552064
phyloP:max_phyloP	0.3524416135881104	0.05076452599388379
phyloP:max_phyloP	0.35668789808917195	0.05123513266239707
phyloP:max_phyloP	0.35668789808917195	0.05111043504715546
phyloP:max_phyloP	0.35881104033970274	0.05119660708876098
phyloP:max_phyloP	0.35881104033970274	0.051119177253478525
phyloP:max_phyloP	0.35881104033970274	0.050965018094089265
phyloP:max_phyloP	0.35881104033970274	0.05085765874210051
phyloP:max_phyloP	0.35881104033970274	0.0506291192330737
phyloP:max_phyloP	0.35881104033970274	0.05044776119402985
phyloP:max_phyloP	0.35881104033970274	0.05011862396204033
phyloP:max_phyloP	0.35881104033970274	0.04998521147589471
phyloP:max_phyloP	0.3609341825902335	0.050177095631641085
phyloP:max_phyloP	0.3673036093418259	0.05088235294117647
phyloP:max_phyloP	0.37367303609341823	0.051552431165787935
phyloP:max_phyloP	0.37579617834394907	0.051573426573426576
phyloP:max_phyloP	0.38004246284501064	0.05186902347145755
phyloP:max_phyloP	0.38004246284501064	0.0515701526937482
phyloP:max_phyloP	0.38004246284501064	0.05149597238204833
phyloP:max_phyloP	0.3821656050955414	0.051590713671539126
phyloP:max_phyloP	0.386411889596603	0.05191100969766115
phyloP:max_phyloP	0.3885350318471338	0.052032982655672445
phyloP:max_phyloP	0.3885350318471338	0.05185604987248512
phyloP:max_phyloP	0.39065817409766457	0.05196272239480373
phyloP:max_phyloP	0.39065817409766457	0.051685393258426963
phyloP:max_phyloP	0.39490445859872614	0.052071668533034715
phyloP:max_phyloP	0.3970276008492569	0.05223463687150838
phyloP:max_phyloP	0.3970276008492569	0.0520456443083774
phyloP:max_phyloP	0.3970276008492569	0.05174322080796901
phyloP:max_phyloP	0.3970276008492569	0.051586206896551724
phyloP:max_phyloP	0.3991507430997877	0.05163416643779182
phyloP:max_phyloP	0.3991507430997877	0.051535087719298246
phyloP:max_phyloP	0.40764331210191085	0.05240174672489083
phyloP:max_phyloP	0.40764331210191085	0.05207485760781123
phyloP:max_phyloP	0.40976645435244163	0.052176263855095974
phyloP:max_phyloP	0.40976645435244163	0.052049622437971954
phyloP:max_phyloP	0.40976645435244163	0.051951547779273216
phyloP:max_phyloP	0.40976645435244163	0.051576696953500804
phyloP:max_phyloP	0.4118895966029724	0.05160947060388401
phyloP:max_phyloP	0.4140127388535032	0.051669316375198726
phyloP:max_phyloP	0.416135881104034	0.05179704016913319
phyloP:max_phyloP	0.416135881104034	0.051633298208640675
phyloP:max_phyloP	0.416135881104034	0.05153825926899816
phyloP:max_phyloP	0.4182590233545648	0.05162473794549266
phyloP:max_phyloP	0.42038216560509556	0.05172413793103448
phyloP:max_phyloP	0.42250530785562634	0.05178246161852719
phyloP:max_phyloP	0.4267515923566879	0.05216714248637425
phyloP:max_phyloP	0.4267515923566879	0.05200517464424321
phyloP:max_phyloP	0.4288747346072187	0.052061855670103095
phyloP:max_phyloP	0.4288747346072187	0.051901336073997946
phyloP:max_phyloP	0.4309978768577495	0.051958024059380596
phyloP:max_phyloP	0.4309978768577495	0.05168024439918534
phyloP:max_phyloP	0.43736730360934184	0.052270997208830244
phyloP:max_phyloP	0.43736730360934184	0.05196770938446014
phyloP:max_phyloP	0.43736730360934184	0.051863041289023165
phyloP:max_phyloP	0.4394904458598726	0.05160807778608826
phyloP:max_phyloP	0.4437367303609342	0.051771117166212535
phyloP:max_phyloP	0.445859872611465	0.051749630359783146
phyloP:max_phyloP	0.445859872611465	0.051495831289847964
phyloP:max_phyloP	0.44798301486199577	0.05166503428011753
phyloP:max_phyloP	0.45010615711252655	0.051770451770451774
phyloP:max_phyloP	0.4564755838641189	0.05222249210590236
phyloP:max_phyloP	0.4585987261146497	0.05238903710890128
phyloP:max_phyloP	0.4585987261146497	0.0521865184827253
phyloP:max_phyloP	0.4607218683651805	0.05222623345367028
phyloP:max_phyloP	0.46284501061571126	0.052178075634274776
phyloP:max_phyloP	0.46284501061571126	0.05204105991883504
phyloP:max_phyloP	0.46496815286624205	0.0521304451321114
phyloP:max_phyloP	0.46496815286624205	0.05195729537366548
phyloP:max_phyloP	0.46709129511677283	0.05205868433506862
phyloP:max_phyloP	0.4692144373673036	0.052098066949552095
phyloP:max_phyloP	0.4692144373673036	0.05179282868525897
phyloP:max_phyloP	0.4734607218683652	0.052139350011690434
phyloP:max_phyloP	0.4734607218683652	0.05190875232774674
phyloP:max_phyloP	0.47558386411889597	0.05200835848618528
phyloP:max_phyloP	0.47558386411889597	0.05179190751445087
phyloP:max_phyloP	0.47770700636942676	0.05184331797235023
phyloP:max_phyloP	0.47770700636942676	0.05147563486616335
phyloP:max_phyloP	0.47983014861995754	0.05156285649098791
phyloP:max_phyloP	0.47983014861995754	0.05141037306642402
phyloP:max_phyloP	0.4819532908704883	0.051450589301903896
phyloP:max_phyloP	0.4819532908704883	0.05114916629112213
phyloP:max_phyloP	0.4861995753715499	0.051495390150663366
phyloP:max_phyloP	0.4883227176220807	0.051615798922800715
phyloP:max_phyloP	0.4883227176220807	0.0514886948735169
phyloP:max_phyloP	0.4883227176220807	0.05143112701252236
phyloP:max_phyloP	0.4883227176220807	0.051270619705751225
phyloP:max_phyloP	0.4883227176220807	0.051179350244770806
phyloP:max_phyloP	0.49044585987261147	0.05117412494461675
phyloP:max_phyloP	0.49469214437367304	0.0515600796636424
phyloP:max_phyloP	0.4968152866242038	0.05161005734450816
phyloP:max_phyloP	0.4968152866242038	0.05151915455746367
phyloP:max_phyloP	0.4968152866242038	0.05128205128205128
phyloP:max_phyloP	0.4989384288747346	0.05131004366812227
phyloP:max_phyloP	0.4989384288747346	0.051109177903436276
phyloP:max_phyloP	0.5010615711252654	0.051259774109470024
phyloP:max_phyloP	0.5031847133757962	0.05132091814638372
phyloP:max_phyloP	0.5031847133757962	0.05122109358115409
phyloP:max_phyloP	0.5031847133757962	0.05097870509787051
phyloP:max_phyloP	0.505307855626327	0.05087644292432664
phyloP:max_phyloP	0.505307855626327	0.050789586000853607
phyloP:max_phyloP	0.505307855626327	0.05050933786078098
phyloP:max_phyloP	0.5095541401273885	0.0506649778340722
phyloP:max_phyloP	0.5095541401273885	0.05048380311316786
phyloP:max_phyloP	0.5116772823779193	0.0506196177273682
phyloP:max_phyloP	0.5116772823779193	0.0504606365159129
phyloP:max_phyloP	0.5159235668789809	0.05066722268557131
phyloP:max_phyloP	0.5159235668789809	0.05050924963625026
phyloP:max_phyloP	0.5159235668789809	0.05036269430051814
phyloP:max_phyloP	0.5159235668789809	0.050175511046871776
phyloP:max_phyloP	0.5159235668789809	0.05004118616144975
phyloP:max_phyloP	0.5180467091295117	0.05019543303846945
phyloP:max_phyloP	0.5201698513800425	0.05022550225502255
phyloP:max_phyloP	0.5201698513800425	0.04993885038728088
phyloP:max_phyloP	0.524416135881104	0.050244100895036614
phyloP:max_phyloP	0.524416135881104	0.05018285249898415
phyloP:max_phyloP	0.5286624203821656	0.05047638353942834
phyloP:max_phyloP	0.5371549893842887	0.051111111111111114
phyloP:max_phyloP	0.5371549893842887	0.05104923325262308
phyloP:max_phyloP	0.5371549893842887	0.05089519211426272
phyloP:max_phyloP	0.5392781316348195	0.050952858575727185
phyloP:max_phyloP	0.5392781316348195	0.05090180360721443
phyloP:max_phyloP	0.5435244161358811	0.05116929842094743
phyloP:max_phyloP	0.5435244161358811	0.05108760726401916
phyloP:max_phyloP	0.5456475583864119	0.05118502290380402
phyloP:max_phyloP	0.5477707006369427	0.05126167295847407
phyloP:max_phyloP	0.5477707006369427	0.05113974231912785
phyloP:max_phyloP	0.5477707006369427	0.05104867431737238
phyloP:max_phyloP	0.5520169851380042	0.05130228887134965
phyloP:max_phyloP	0.5520169851380042	0.05121134528264723
phyloP:max_phyloP	0.5520169851380042	0.050880626223091974
phyloP:max_phyloP	0.5520169851380042	0.050761421319796954
phyloP:max_phyloP	0.5562632696390658	0.050972762645914396
phyloP:max_phyloP	0.5605095541401274	0.051222351571594875
phyloP:max_phyloP	0.5668789808917197	0.051644100580270795
phyloP:max_phyloP	0.5690021231422505	0.0517774343122102
phyloP:max_phyloP	0.5690021231422505	0.05162781737622809
phyloP:max_phyloP	0.5690021231422505	0.05145929339477726
phyloP:max_phyloP	0.5690021231422505	0.05130168453292496
phyloP:max_phyloP	0.5690021231422505	0.05114503816793893
phyloP:max_phyloP	0.5690021231422505	0.05097964618603766
phyloP:max_phyloP	0.5732484076433121	0.051233396584440226
phyloP:max_phyloP	0.5732484076433121	0.0510590015128593
phyloP:max_phyloP	0.5732484076433121	0.0509433962264151
phyloP:max_phyloP	0.5753715498938429	0.05099736544975536
phyloP:max_phyloP	0.5753715498938429	0.05093027626386017
phyloP:max_phyloP	0.5796178343949044	0.05119069941871367
phyloP:max_phyloP	0.5817409766454352	0.0511384845091452
phyloP:max_phyloP	0.5817409766454352	0.051033712050661206
phyloP:max_phyloP	0.5817409766454352	0.0508443124884023
phyloP:max_phyloP	0.5817409766454352	0.05058150267675835
phyloP:max_phyloP	0.5817409766454352	0.050460405156537755
phyloP:max_phyloP	0.583864118895966	0.05044945881489635
phyloP:max_phyloP	0.583864118895966	0.05028341561528616
phyloP:max_phyloP	0.583864118895966	0.050118461818844544
phyloP:max_phyloP	0.5881104033970276	0.05029048656499637
phyloP:max_phyloP	0.5881104033970276	0.0501448225923244
phyloP:max_phyloP	0.5881104033970276	0.05004516711833785
phyloP:max_phyloP	0.5881104033970276	0.04996392496392496
phyloP:max_phyloP	0.5881104033970276	0.04987396471011883
phyloP:max_phyloP	0.5881104033970276	0.04981118503866211
phyloP:max_phyloP	0.5902335456475584	0.049874416935773234
phyloP:max_phyloP	0.5902335456475584	0.04969610296746514
phyloP:max_phyloP	0.5923566878980892	0.04973262032085562
phyloP:max_phyloP	0.5923566878980892	0.049635296210638676
phyloP:max_phyloP	0.5923566878980892	0.04955595026642984
phyloP:max_phyloP	0.5923566878980892	0.049354325137095346
phyloP:max_phyloP	0.5923566878980892	0.04923239809422975
phyloP:max_phyloP	0.5923566878980892	0.04905925795674345
phyloP:max_phyloP	0.5966029723991507	0.049186066865044634
phyloP:max_phyloP	0.6008492569002123	0.04943231441048035
phyloP:max_phyloP	0.6029723991507431	0.04950322468188949
phyloP:max_phyloP	0.6050955414012739	0.049565217391304345
phyloP:max_phyloP	0.6093418259023354	0.04976590948500087
phyloP:max_phyloP	0.6114649681528662	0.04987876688604087
phyloP:max_phyloP	0.6157112526539278	0.05009500777336327
phyloP:max_phyloP	0.6157112526539278	0.04995693367786391
phyloP:max_phyloP	0.6178343949044586	0.05
phyloP:max_phyloP	0.6199575371549894	0.050042844901456725
phyloP:max_phyloP	0.6220806794055201	0.05016264338298237
phyloP:max_phyloP	0.6220806794055201	0.0499914690325883
phyloP:max_phyloP	0.6242038216560509	0.0498812351543943
phyloP:max_phyloP	0.6263269639065817	0.04994074826477061
phyloP:max_phyloP	0.6326963906581741	0.05031234171872362
phyloP:max_phyloP	0.6369426751592356	0.05057316250842886
phyloP:max_phyloP	0.6369426751592356	0.05036091992613732
phyloP:max_phyloP	0.6411889596602972	0.050501672240802674
phyloP:max_phyloP	0.6475583864118896	0.05072343256278064
phyloP:max_phyloP	0.6518046709129511	0.05092899800928998
phyloP:max_phyloP	0.6518046709129511	0.050886789325377095
phyloP:max_phyloP	0.6518046709129511	0.05080258149925534
phyloP:max_phyloP	0.6518046709129511	0.05061830173124485
phyloP:max_phyloP	0.6539278131634819	0.05063291139240506
phyloP:max_phyloP	0.6560509554140127	0.050705612077453235
phyloP:max_phyloP	0.6645435244161358	0.0511437908496732
phyloP:max_phyloP	0.6666666666666666	0.051173402868318126
phyloP:max_phyloP	0.6687898089171974	0.05108660395718456
phyloP:max_phyloP	0.673036093418259	0.05128619964407054
phyloP:max_phyloP	0.6751592356687898	0.0512985965478303
phyloP:max_phyloP	0.6772823779193206	0.05128617363344051
phyloP:max_phyloP	0.6794055201698513	0.051290270876743066
phyloP:max_phyloP	0.6794055201698513	0.05109372505189207
phyloP:max_phyloP	0.6794055201698513	0.05089867981549229
phyloP:max_phyloP	0.6815286624203821	0.050976655550262026
phyloP:max_phyloP	0.6815286624203821	0.05085551330798479
phyloP:max_phyloP	0.6815286624203821	0.05076704096156887
phyloP:max_phyloP	0.6815286624203821	0.050686878256750355
phyloP:max_phyloP	0.6815286624203821	0.050630914826498424
phyloP:max_phyloP	0.6815286624203821	0.05045583149952845
phyloP:max_phyloP	0.6815286624203821	0.05040037682524729
phyloP:max_phyloP	0.6815286624203821	0.05027407987470634
phyloP:max_phyloP	0.6815286624203821	0.050132750273309386
phyloP:max_phyloP	0.6836518046709129	0.05021050990176205
phyloP:max_phyloP	0.6878980891719745	0.05032618825722274
phyloP:max_phyloP	0.6900212314225053	0.050286244777966886
phyloP:max_phyloP	0.692144373673036	0.05030864197530864
phyloP:max_phyloP	0.692144373673036	0.05020018478595627
phyloP:max_phyloP	0.692144373673036	0.049801405438435684
phyloP:max_phyloP	0.6963906581740976	0.05003813882532418
phyloP:max_phyloP	0.6985138004246284	0.050106609808102345
phyloP:max_phyloP	0.7006369426751592	0.05020538566864446
phyloP:max_phyloP	0.7006369426751592	0.050106286061342244
phyloP:max_phyloP	0.7070063694267515	0.050393462469733655
phyloP:max_phyloP	0.7070063694267515	0.050302114803625377
phyloP:max_phyloP	0.7070063694267515	0.050195960205004525
phyloP:max_phyloP	0.7091295116772823	0.050240673886883275
phyloP:max_phyloP	0.7091295116772823	0.0499178000298909
phyloP:max_phyloP	0.7091295116772823	0.04975420825264412
phyloP:max_phyloP	0.7091295116772823	0.04970238095238095
phyloP:max_phyloP	0.7133757961783439	0.049918288515822314
phyloP:max_phyloP	0.7176220806794055	0.050074074074074076
phyloP:max_phyloP	0.7197452229299363	0.05007385524372231
phyloP:max_phyloP	0.7197452229299363	0.04992636229749632
phyloP:max_phyloP	0.7197452229299363	0.04977973568281938
phyloP:max_phyloP	0.7197452229299363	0.04970674486803519
phyloP:max_phyloP	0.7197452229299363	0.04962670180061485
phyloP:max_phyloP	0.721868365180467	0.049693072201110786
phyloP:max_phyloP	0.721868365180467	0.049526584122359794
phyloP:max_phyloP	0.721868365180467	0.049461739889438465
phyloP:max_phyloP	0.721868365180467	0.04933971847337106
phyloP:max_phyloP	0.7239915074309978	0.04939165701042874
phyloP:max_phyloP	0.7239915074309978	0.0492845786963434
phyloP:max_phyloP	0.7282377919320594	0.04945926459985581
phyloP:max_phyloP	0.7303609341825902	0.04948928211768091
phyloP:max_phyloP	0.732484076433121	0.04946236559139785
phyloP:max_phyloP	0.732484076433121	0.04936328516239805
phyloP:max_phyloP	0.7346072186836518	0.049428571428571426
phyloP:max_phyloP	0.7346072186836518	0.04928774928774929
phyloP:max_phyloP	0.7388535031847133	0.049473983508672166
phyloP:max_phyloP	0.7409766454352441	0.04953867991483322
phyloP:max_phyloP	0.7430997876857749	0.04956103086944209
phyloP:max_phyloP	0.7430997876857749	0.04949794937066893
phyloP:max_phyloP	0.7430997876857749	0.04940014114326041
phyloP:max_phyloP	0.7473460721868365	0.049542575650950035
phyloP:max_phyloP	0.7537154989384289	0.049643406516571106
phyloP:max_phyloP	0.7600849256900213	0.049930264993026496
phyloP:max_phyloP	0.7600849256900213	0.049729129045700794
phyloP:max_phyloP	0.7600849256900213	0.04961884961884962
phyloP:max_phyloP	0.7622080679405521	0.049661087287314984
phyloP:max_phyloP	0.7664543524416136	0.04977937120794264
phyloP:max_phyloP	0.7664543524416136	0.04971766974245972
phyloP:max_phyloP	0.7770700636942676	0.05017135023989033
phyloP:max_phyloP	0.7770700636942676	0.05006839945280438
phyloP:max_phyloP	0.7770700636942676	0.04997269251774986
phyloP:max_phyloP	0.7791932059447984	0.05003408316291752
phyloP:max_phyloP	0.7813163481953291	0.050081654872074034
phyloP:max_phyloP	0.7813163481953291	0.049993207444640676
phyloP:max_phyloP	0.7813163481953291	0.049911840499118405
phyloP:max_phyloP	0.7813163481953291	0.04975662520281233
phyloP:max_phyloP	0.7834394904458599	0.04983792544570503
phyloP:max_phyloP	0.7855626326963907	0.049898853674983146
phyloP:max_phyloP	0.7855626326963907	0.04983164983164983
phyloP:max_phyloP	0.7876857749469215	0.04987899973111051
phyloP:max_phyloP	0.7898089171974523	0.0499194847020934
phyloP:max_phyloP	0.7898089171974523	0.04978586723768737
phyloP:max_phyloP	0.7898089171974523	0.04971268207937993
phyloP:max_phyloP	0.7940552016985138	0.04991991457554725
phyloP:max_phyloP	0.7940552016985138	0.04982016784334621
phyloP:max_phyloP	0.7940552016985138	0.04970099667774086
phyloP:max_phyloP	0.7940552016985138	0.04952986359422593
phyloP:max_phyloP	0.7940552016985138	0.04934036939313984
phyloP:max_phyloP	0.7940552016985138	0.04922995919441885
phyloP:max_phyloP	0.7961783439490446	0.04929670040751939
phyloP:max_phyloP	0.7961783439490446	0.04924491135915955
phyloP:max_phyloP	0.7961783439490446	0.04915454187966968
phyloP:max_phyloP	0.7983014861995754	0.04919534214313751
phyloP:max_phyloP	0.7983014861995754	0.04910539375734622
phyloP:max_phyloP	0.802547770700637	0.04928292046936115
phyloP:max_phyloP	0.802547770700637	0.04921234214295014
phyloP:max_phyloP	0.802547770700637	0.04915474642392718
phyloP:max_phyloP	0.802547770700637	0.04909090909090909
phyloP:max_phyloP	0.802547770700637	0.04902087926338996
phyloP:max_phyloP	0.8046709129511678	0.04908690584121228
phyloP:max_phyloP	0.8089171974522293	0.04929486350109975
phyloP:max_phyloP	0.8089171974522293	0.04918032786885246
phyloP:max_phyloP	0.8110403397027601	0.04918877156837497
phyloP:max_phyloP	0.8110403397027601	0.04901206055940467
phyloP:max_phyloP	0.8110403397027601	0.04894298526585522
phyloP:max_phyloP	0.8131634819532909	0.048989511383985676
phyloP:max_phyloP	0.8131634819532909	0.04890194075587334
phyloP:max_phyloP	0.8131634819532909	0.04884581048335671
phyloP:max_phyloP	0.8131634819532909	0.04875254582484725
phyloP:max_phyloP	0.8152866242038217	0.04872478111914732
phyloP:max_phyloP	0.821656050955414	0.048943973694195016
phyloP:max_phyloP	0.821656050955414	0.048894504106127605
phyloP:max_phyloP	0.821656050955414	0.04881432896064581
phyloP:max_phyloP	0.8237791932059448	0.04881731253145445
phyloP:max_phyloP	0.8237791932059448	0.048768225238813474
phyloP:max_phyloP	0.8280254777070064	0.04890895410082769
phyloP:max_phyloP	0.8301486199575372	0.04893004630208985
phyloP:max_phyloP	0.8301486199575372	0.04875919690734506
phyloP:max_phyloP	0.832271762208068	0.04873803307223673
phyloP:max_phyloP	0.8343949044585988	0.048723034961567074
phyloP:max_phyloP	0.8365180467091295	0.0486840479426665
phyloP:max_phyloP	0.8386411889596603	0.04875339422364848
phyloP:max_phyloP	0.8386411889596603	0.048687292000493036
phyloP:max_phyloP	0.8407643312101911	0.04861281610606433
phyloP:max_phyloP	0.8407643312101911	0.04848781682380311
phyloP:max_phyloP	0.8407643312101911	0.04845222072678331
phyloP:max_phyloP	0.8407643312101911	0.04834574533024051
phyloP:max_phyloP	0.8428874734607219	0.048408730642604564
phyloP:max_phyloP	0.8428874734607219	0.04829683698296837
phyloP:max_phyloP	0.8428874734607219	0.04815623483745755
phyloP:max_phyloP	0.8428874734607219	0.04799903276508282
phyloP:max_phyloP	0.8450106157112527	0.048056025114706594
phyloP:max_phyloP	0.8471337579617835	0.04805491990846682
phyloP:max_phyloP	0.8471337579617835	0.047979797979797977
phyloP:max_phyloP	0.8471337579617835	0.047870425914817036
phyloP:max_phyloP	0.8492569002123143	0.04780686028445082
phyloP:max_phyloP	0.8492569002123143	0.04771561493498747
phyloP:max_phyloP	0.8492569002123143	0.04761337935960005
phyloP:max_phyloP	0.8598726114649682	0.047736916548797734
phyloP:max_phyloP	0.861995753715499	0.047663770838224935
phyloP:max_phyloP	0.8683651804670913	0.047847449695835285
phyloP:max_phyloP	0.8683651804670913	0.0477803738317757
phyloP:max_phyloP	0.8704883227176221	0.047763280521901215
phyloP:max_phyloP	0.8747346072186837	0.04775150672229949
phyloP:max_phyloP	0.8747346072186837	0.04767414950242999
phyloP:max_phyloP	0.8789808917197452	0.04782809611829945
phyloP:max_phyloP	0.8789808917197452	0.04777841892671668
phyloP:max_phyloP	0.8789808917197452	0.047673883003224324
phyloP:max_phyloP	0.8789808917197452	0.04763000460193281
phyloP:max_phyloP	0.8853503184713376	0.047722590981918056
phyloP:max_phyloP	0.8874734607218684	0.047727791733272434
phyloP:max_phyloP	0.8874734607218684	0.047586520947176685
phyloP:max_phyloP	0.8874734607218684	0.04740303923792243
phyloP:max_phyloP	0.8874734607218684	0.0473493429995469
phyloP:max_phyloP	0.89171974522293	0.0473559589581689
phyloP:max_phyloP	1.0	0.045480880648899186
Pinloop:Pinloop	0.029723991507430998	0.6086956521739131
Pinloop:Pinloop	0.04883227176220807	0.6571428571428571
Pinloop:Pinloop	0.06581740976645435	0.6739130434782609
Pinloop:Pinloop	0.0870488322717622	0.7068965517241379
Pinloop:Pinloop	0.10615711252653928	0.684931506849315
Pinloop:Pinloop	0.12526539278131635	0.6941176470588235
Pinloop:Pinloop	0.14225053078556263	0.6767676767676768
Pinloop:Pinloop	0.15711252653927812	0.6727272727272727
Pinloop:Pinloop	0.16985138004246284	0.6504065040650406
Pinloop:Pinloop	0.18683651804670912	0.6470588235294118
Pinloop:Pinloop	0.19745222929936307	0.6326530612244898
Pinloop:Pinloop	0.21231422505307856	0.6289308176100629
Pinloop:Pinloop	0.2229299363057325	0.6104651162790697
Pinloop:Pinloop	0.23991507430997877	0.6108108108108108
Pinloop:Pinloop	0.2526539278131635	0.6040609137055838
Pinloop:Pinloop	0.25902335456475584	0.5700934579439252
Pinloop:Pinloop	0.27176220806794055	0.5614035087719298
Pinloop:Pinloop	0.2802547770700637	0.5523012552301255
Pinloop:Pinloop	0.28662420382165604	0.5335968379446641
Pinloop:Pinloop	0.2951167728237792	0.516728624535316
Pinloop:Pinloop	0.3099787685774947	0.5195729537366548
Pinloop:Pinloop	0.3184713375796178	0.5136986301369864
Pinloop:Pinloop	0.33121019108280253	0.5131578947368421
Pinloop:Pinloop	0.34394904458598724	0.5126582278481012
Pinloop:Pinloop	0.346072186836518	0.49544072948328266
Pinloop:Pinloop	0.3524416135881104	0.4868035190615836
Pinloop:Pinloop	0.3630573248407643	0.48441926345609065
Pinloop:Pinloop	0.37367303609341823	0.4835164835164835
Pinloop:Pinloop	0.3821656050955414	0.48
Pinloop:Pinloop	0.3842887473460722	0.46770025839793283
Pinloop:Pinloop	0.3885350318471338	0.4575
Pinloop:Pinloop	0.3970276008492569	0.45498783454987834
Pinloop:Pinloop	0.4033970276008493	0.4481132075471698
Pinloop:Pinloop	0.40976645435244163	0.4426605504587156
Pinloop:Pinloop	0.4140127388535032	0.43429844097995546
Pinloop:Pinloop	0.4182590233545648	0.4264069264069264
Pinloop:Pinloop	0.42038216560509556	0.41596638655462187
Pinloop:Pinloop	0.42250530785562634	0.40365111561866124
Pinloop:Pinloop	0.4267515923566879	0.39723320158102765
Pinloop:Pinloop	0.4394904458598726	0.40038684719535783
Pinloop:Pinloop	0.44798301486199577	0.3988657844990548
Pinloop:Pinloop	0.44798301486199577	0.38786764705882354
Pinloop:Pinloop	0.4564755838641189	0.38669064748201437
Pinloop:Pinloop	0.4585987261146497	0.38028169014084506
Pinloop:Pinloop	0.46496815286624205	0.37823834196891193
Pinloop:Pinloop	0.46709129511677283	0.37225042301184436
Pinloop:Pinloop	0.4713375796178344	0.3657331136738056
Pinloop:Pinloop	0.4819532908704883	0.36553945249597425
Pinloop:Pinloop	0.4883227176220807	0.36334913112164297
Pinloop:Pinloop	0.4883227176220807	0.3543913713405239
Pinloop:Pinloop	0.4883227176220807	0.3474320241691843
Pinloop:Pinloop	0.4968152866242038	0.3476968796433878
Pinloop:Pinloop	0.5010615711252654	0.3430232558139535
Pinloop:Pinloop	0.5010615711252654	0.33666191155492153
Pinloop:Pinloop	0.5010615711252654	0.33146067415730335
Pinloop:Pinloop	0.5074309978768577	0.328748280605227
Pinloop:Pinloop	0.5159235668789809	0.32926829268292684
Pinloop:Pinloop	0.524416135881104	0.3288948069241012
Pinloop:Pinloop	0.524416135881104	0.32329842931937175
Pinloop:Pinloop	0.524416135881104	0.3170731707317073
Pinloop:Pinloop	0.535031847133758	0.3157894736842105
Pinloop:Pinloop	0.5371549893842887	0.311960542540074
Pinloop:Pinloop	0.5371549893842887	0.30481927710843376
Pinloop:Pinloop	0.5498938428874734	0.30542452830188677
Pinloop:Pinloop	0.5562632696390658	0.3042973286875726
Pinloop:Pinloop	0.5626326963906582	0.3001132502831257
Pinloop:Pinloop	0.5626326963906582	0.29575892857142855
Pinloop:Pinloop	0.5626326963906582	0.2918502202643172
Pinloop:Pinloop	0.5668789808917197	0.289587852494577
Pinloop:Pinloop	0.5668789808917197	0.28586723768736616
Pinloop:Pinloop	0.5774946921443737	0.28451882845188287
Pinloop:Pinloop	0.5774946921443737	0.2801235839340886
Pinloop:Pinloop	0.583864118895966	0.2783400809716599
Pinloop:Pinloop	0.583864118895966	0.2741774675972084
Pinloop:Pinloop	0.583864118895966	0.270935960591133
Pinloop:Pinloop	0.583864118895966	0.2667313288069835
Pinloop:Pinloop	0.583864118895966	0.26340996168582376
Pinloop:Pinloop	0.5859872611464968	0.2608695652173913
Pinloop:Pinloop	0.5881104033970276	0.2588785046728972
Pinloop:Pinloop	0.5966029723991507	0.2587476979742173
Pinloop:Pinloop	0.5966029723991507	0.2561531449407475
Pinloop:Pinloop	0.5987261146496815	0.25428313796212804
Pinloop:Pinloop	0.6029723991507431	0.2531194295900178
Pinloop:Pinloop	0.6050955414012739	0.25088028169014087
Pinloop:Pinloop	0.6178343949044586	0.2493573264781491
Pinloop:Pinloop	0.6199575371549894	0.24745762711864408
Pinloop:Pinloop	0.6284501061571125	0.24707846410684475
Pinloop:Pinloop	0.6305732484076433	0.24404272801972063
Pinloop:Pinloop	0.6305732484076433	0.24165988608624897
Pinloop:Pinloop	0.6326963906581741	0.23993558776167473
Pinloop:Pinloop	0.6326963906581741	0.237829209896249
Pinloop:Pinloop	0.6348195329087049	0.235618597320725
Pinloop:Pinloop	0.6348195329087049	0.23359375
Pinloop:Pinloop	0.6390658174097664	0.23315259488768397
Pinloop:Pinloop	0.6411889596602972	0.23159509202453987
Pinloop:Pinloop	0.6411889596602972	0.22930903568716782
Pinloop:Pinloop	0.6411889596602972	0.22740963855421686
Pinloop:Pinloop	0.6411889596602972	0.2253731343283582
Pinloop:Pinloop	0.6411889596602972	0.22254974207811348
Pinloop:Pinloop	0.6475583864118896	0.22197962154294032
Pinloop:Pinloop	0.6496815286624203	0.22046109510086456
Pinloop:Pinloop	0.6539278131634819	0.21890547263681592
Pinloop:Pinloop	0.6539278131634819	0.216140350877193
Pinloop:Pinloop	0.6539278131634819	0.21433542101600556
Pinloop:Pinloop	0.6560509554140127	0.2128099173553719
Pinloop:Pinloop	0.6645435244161358	0.21278042148198503
Pinloop:Pinloop	0.6687898089171974	0.21240728253540123
Pinloop:Pinloop	0.6709129511677282	0.21151271753681392
Pinloop:Pinloop	0.6709129511677282	0.20968812209688123
Pinloop:Pinloop	0.6836518046709129	0.21170282708744248
Pinloop:Pinloop	0.6878980891719745	0.21135029354207435
Pinloop:Pinloop	0.6900212314225053	0.21035598705501618
Pinloop:Pinloop	0.6900212314225053	0.20793346129238643
Pinloop:Pinloop	0.692144373673036	0.206984126984127
Pinloop:Pinloop	0.692144373673036	0.2055485498108449
Pinloop:Pinloop	0.692144373673036	0.2038774233896185
Pinloop:Pinloop	0.692144373673036	0.20210787352758836
Pinloop:Pinloop	0.692144373673036	0.20012277470841006
Pinloop:Pinloop	0.6985138004246284	0.19987849331713245
Pinloop:Pinloop	0.6985138004246284	0.19819277108433736
Pinloop:Pinloop	0.7006369426751592	0.1967799642218247
Pinloop:Pinloop	0.7006369426751592	0.19538188277087035
Pinloop:Pinloop	0.7006369426751592	0.19377568995889607
Pinloop:Pinloop	0.7006369426751592	0.19253208868144692
Pinloop:Pinloop	0.70276008492569	0.19121894858463315
Pinloop:Pinloop	0.70276008492569	0.18990246701090074
Pinloop:Pinloop	0.70276008492569	0.18838929994308481
Pinloop:Pinloop	0.70276008492569	0.18616422947131608
Pinloop:Pinloop	0.7048832271762208	0.18526785714285715
Pinloop:Pinloop	0.7048832271762208	0.18352681039248203
Pinloop:Pinloop	0.7048832271762208	0.18201754385964913
Pinloop:Pinloop	0.7070063694267515	0.18127381600435494
Pinloop:Pinloop	0.7070063694267515	0.18
Pinloop:Pinloop	0.7070063694267515	0.17807486631016042
Pinloop:Pinloop	0.7070063694267515	0.17684545937334042
Pinloop:Pinloop	0.7091295116772823	0.17597471022128555
Pinloop:Pinloop	0.7112526539278131	0.1752092050209205
Pinloop:Pinloop	0.7112526539278131	0.17393561786085152
Pinloop:Pinloop	0.7133757961783439	0.1731066460587326
Pinloop:Pinloop	0.7154989384288747	0.17246673490276357
Pinloop:Pinloop	0.7197452229299363	0.17208121827411169
Pinloop:Pinloop	0.7239915074309978	0.171875
Pinloop:Pinloop	0.7239915074309978	0.17041479260369816
Pinloop:Pinloop	0.7239915074309978	0.16931479642502484
Pinloop:Pinloop	0.7282377919320594	0.1693827160493827
Pinloop:Pinloop	0.7282377919320594	0.16682879377431906
Pinloop:Pinloop	0.7282377919320594	0.165620473201352
Pinloop:Pinloop	0.7282377919320594	0.1645873320537428
Pinloop:Pinloop	0.7303609341825902	0.16388756550738448
Pinloop:Pinloop	0.732484076433121	0.1623529411764706
Pinloop:Pinloop	0.7346072186836518	0.16175783076203834
Pinloop:Pinloop	0.7367303609341825	0.1613953488372093
Pinloop:Pinloop	0.7388535031847133	0.1607390300230947
Pinloop:Pinloop	0.7388535031847133	0.15977961432506887
Pinloop:Pinloop	0.7388535031847133	0.15875912408759124
Pinloop:Pinloop	0.7388535031847133	0.15725259828287394
Pinloop:Pinloop	0.7388535031847133	0.15371024734982333
Pinloop:Pinloop	0.7409766454352441	0.15333919156414763
Pinloop:Pinloop	0.7409766454352441	0.15246832678025338
Pinloop:Pinloop	0.7430997876857749	0.15184381778741865
Pinloop:Pinloop	0.7430997876857749	0.15092712376024148
Pinloop:Pinloop	0.7452229299363057	0.14955262036642522
Pinloop:Pinloop	0.7452229299363057	0.14835164835164835
Pinloop:Pinloop	0.7473460721868365	0.14789915966386555
Pinloop:Pinloop	0.7494692144373672	0.14726741760534
Pinloop:Pinloop	0.7494692144373672	0.14659468438538206
Pinloop:Pinloop	0.7494692144373672	0.14568716467189435
Pinloop:Pinloop	0.7494692144373672	0.14502875924404274
Pinloop:Pinloop	0.7515923566878981	0.14478527607361963
Pinloop:Pinloop	0.7515923566878981	0.14384396586753354
Pinloop:Pinloop	0.7515923566878981	0.14303030303030304
Pinloop:Pinloop	0.7515923566878981	0.142225793491362
Pinloop:Pinloop	0.7515923566878981	0.14154338264694122
Pinloop:Pinloop	0.7515923566878981	0.14047619047619048
Pinloop:Pinloop	0.7515923566878981	0.139755230951441
Pinloop:Pinloop	0.7537154989384289	0.13916111328890632
Pinloop:Pinloop	0.7537154989384289	0.1382937280872614
Pinloop:Pinloop	0.7537154989384289	0.13743708865660084
Pinloop:Pinloop	0.7537154989384289	0.13653846153846153
Pinloop:Pinloop	0.7537154989384289	0.13591117917304749
Pinloop:Pinloop	0.7537154989384289	0.13508371385083714
Pinloop:Pinloop	0.7537154989384289	0.1344187807648618
Pinloop:Pinloop	0.7558386411889597	0.13418771202412363
Pinloop:Pinloop	0.7558386411889597	0.1333832896215811
Pinloop:Pinloop	0.7558386411889597	0.1326872903466269
Pinloop:Pinloop	0.7558386411889597	0.13146233382570163
Pinloop:Pinloop	0.7558386411889597	0.1305942773294204
Pinloop:Pinloop	0.7558386411889597	0.12983223924142961
Pinloop:Pinloop	0.7600849256900213	0.12975715839072127
Pinloop:Pinloop	0.7600849256900213	0.12905551550108146
Pinloop:Pinloop	0.7600849256900213	0.12849964106245512
Pinloop:Pinloop	0.7600849256900213	0.12762923351158645
Pinloop:Pinloop	0.7622080679405521	0.12721474131821403
Pinloop:Pinloop	0.7643312101910829	0.12702893436838392
Pinloop:Pinloop	0.7643312101910829	0.12636012636012636
Pinloop:Pinloop	0.7643312101910829	0.12556679455877223
Pinloop:Pinloop	0.7643312101910829	0.12486992715920915
Pinloop:Pinloop	0.7643312101910829	0.12422360248447205
Pinloop:Pinloop	0.7664543524416136	0.12384219554030874
Pinloop:Pinloop	0.7664543524416136	0.12337662337662338
Pinloop:Pinloop	0.7664543524416136	0.12262228260869565
Pinloop:Pinloop	0.7664543524416136	0.12208319242475482
Pinloop:Pinloop	0.7664543524416136	0.12134453781512605
Pinloop:Pinloop	0.7664543524416136	0.12073578595317726
Pinloop:Pinloop	0.7664543524416136	0.11989372301560944
Pinloop:Pinloop	0.7685774946921444	0.11978821972203839
Pinloop:Pinloop	0.7685774946921444	0.11911813096413294
Pinloop:Pinloop	0.7685774946921444	0.11864962307440184
Pinloop:Pinloop	0.7685774946921444	0.11787691305763595
Pinloop:Pinloop	0.7685774946921444	0.11696284329563812
Pinloop:Pinloop	0.7685774946921444	0.11651110395880271
Pinloop:Pinloop	0.7685774946921444	0.11591418507845021
Pinloop:Pinloop	0.7685774946921444	0.11532335138579165
Pinloop:Pinloop	0.7707006369426752	0.11490978157644824
Pinloop:Pinloop	0.7707006369426752	0.11429471032745592
Pinloop:Pinloop	0.7707006369426752	0.1137218045112782
Pinloop:Pinloop	0.7707006369426752	0.11276794035414725
Pinloop:Pinloop	0.772823779193206	0.11203447214527547
Pinloop:Pinloop	0.772823779193206	0.1114854517611026
Pinloop:Pinloop	0.772823779193206	0.1109417860408412
Pinloop:Pinloop	0.772823779193206	0.11033646559563504
Pinloop:Pinloop	0.772823779193206	0.10973771480253242
Pinloop:Pinloop	0.772823779193206	0.10917816436712657
Pinloop:Pinloop	0.772823779193206	0.10852713178294573
Pinloop:Pinloop	0.772823779193206	0.10810810810810811
Pinloop:Pinloop	0.772823779193206	0.107596807567248
Pinloop:Pinloop	0.772823779193206	0.10655737704918032
Pinloop:Pinloop	0.772823779193206	0.10566037735849057
Pinloop:Pinloop	0.772823779193206	0.10505050505050505
Pinloop:Pinloop	0.772823779193206	0.10456765297328353
Pinloop:Pinloop	0.772823779193206	0.10405946255002858
Pinloop:Pinloop	0.772823779193206	0.10340909090909091
Pinloop:Pinloop	0.772823779193206	0.10294117647058823
Pinloop:Pinloop	0.7749469214437368	0.10261456283384875
Pinloop:Pinloop	0.7749469214437368	0.10195530726256984
Pinloop:Pinloop	0.7749469214437368	0.10158641803506818
Pinloop:Pinloop	0.7770700636942676	0.1015256588072122
Pinloop:Pinloop	0.7770700636942676	0.10104914411927111
Pinloop:Pinloop	0.7770700636942676	0.10071546505228399
Pinloop:Pinloop	0.7770700636942676	0.10030145245272677
Pinloop:Pinloop	0.7770700636942676	0.09953766657601305
Pinloop:Pinloop	0.7791932059447984	0.09921600432549338
Pinloop:Pinloop	0.7791932059447984	0.09873553941350552
Pinloop:Pinloop	0.7791932059447984	0.09833869239013933
Pinloop:Pinloop	0.7813163481953291	0.09826435246995995
Pinloop:Pinloop	0.7876857749469215	0.0985653560042508
Pinloop:Pinloop	0.7898089171974523	0.09854304635761589
Pinloop:Pinloop	0.7898089171974523	0.0981012658227848
Pinloop:Pinloop	0.7898089171974523	0.09748427672955975
Pinloop:Pinloop	0.7898089171974523	0.09712793733681462
Pinloop:Pinloop	0.7919320594479831	0.09695866909279958
Pinloop:Pinloop	0.7919320594479831	0.09660709660709661
Pinloop:Pinloop	0.7961783439490446	0.09674922600619196
Pinloop:Pinloop	0.7961783439490446	0.0962772785622593
Pinloop:Pinloop	0.7961783439490446	0.09585889570552147
Pinloop:Pinloop	0.7983014861995754	0.09577177789098319
Pinloop:Pinloop	0.8004246284501062	0.09551558145426907
Pinloop:Pinloop	0.8004246284501062	0.09510595358224017
Pinloop:Pinloop	0.8004246284501062	0.09477124183006536
Pinloop:Pinloop	0.8004246284501062	0.0940384135694687
Pinloop:Pinloop	0.8004246284501062	0.09350198412698413
Pinloop:Pinloop	0.802547770700637	0.0934487021013597
Pinloop:Pinloop	0.802547770700637	0.09317229479911264
Pinloop:Pinloop	0.802547770700637	0.09287469287469287
Pinloop:Pinloop	0.802547770700637	0.09230769230769231
Pinloop:Pinloop	0.802547770700637	0.0919931856899489
Pinloop:Pinloop	0.802547770700637	0.09168081494057725
Pinloop:Pinloop	0.802547770700637	0.09119420989143547
Pinloop:Pinloop	0.802547770700637	0.09082172032676598
Pinloop:Pinloop	0.802547770700637	0.09053892215568862
Pinloop:Pinloop	0.802547770700637	0.09025787965616046
Pinloop:Pinloop	0.802547770700637	0.08991436726926737
Pinloop:Pinloop	0.802547770700637	0.08950982713710633
Pinloop:Pinloop	0.802547770700637	0.08921406655652585
Pinloop:Pinloop	0.802547770700637	0.08877407233442931
Pinloop:Pinloop	0.802547770700637	0.08835904628330996
Pinloop:Pinloop	0.802547770700637	0.08796835001163603
Pinloop:Pinloop	0.802547770700637	0.08762169680111266
Pinloop:Pinloop	0.8046709129511678	0.08742791234140715
Pinloop:Pinloop	0.8046709129511678	0.08710641231900712
Pinloop:Pinloop	0.8046709129511678	0.08674753948271915
Pinloop:Pinloop	0.8046709129511678	0.08643101482326111
Pinloop:Pinloop	0.8046709129511678	0.08599954617653732
Pinloop:Pinloop	0.8046709129511678	0.0856497175141243
Pinloop:Pinloop	0.8046709129511678	0.08537958999774724
Pinloop:Pinloop	0.8046709129511678	0.08497757847533632
Pinloop:Pinloop	0.8046709129511678	0.0845793349698728
Pinloop:Pinloop	0.8046709129511678	0.08424094243165148
Pinloop:Pinloop	0.8046709129511678	0.08392382639503985
Pinloop:Pinloop	0.8067940552016986	0.08392226148409894
Pinloop:Pinloop	0.8067940552016986	0.08344312692138779
Pinloop:Pinloop	0.8110403397027601	0.08360691617421755
Pinloop:Pinloop	0.8110403397027601	0.0832969908416921
Pinloop:Pinloop	0.8110403397027601	0.08280945154996748
Pinloop:Pinloop	0.8110403397027601	0.08254105445116681
Pinloop:Pinloop	0.8110403397027601	0.08206229860365198
Pinloop:Pinloop	0.8110403397027601	0.081851296335976
Pinloop:Pinloop	0.8110403397027601	0.0815020268828675
Pinloop:Pinloop	0.8110403397027601	0.081104033970276
Pinloop:Pinloop	0.8110403397027601	0.08060772314834354
Pinloop:Pinloop	0.8110403397027601	0.08031959629941127
Pinloop:Pinloop	0.8110403397027601	0.07994976977814985
Pinloop:Pinloop	0.8110403397027601	0.07964970809007506
Pinloop:Pinloop	0.8110403397027601	0.07938487115544472
Pinloop:Pinloop	0.8110403397027601	0.07918739635157546
Pinloop:Pinloop	0.8131634819532909	0.07898535780573314
Pinloop:Pinloop	0.8131634819532909	0.07870941224825319
Pinloop:Pinloop	0.8131634819532909	0.07838722881702824
Pinloop:Pinloop	0.8131634819532909	0.07814731687410732
Pinloop:Pinloop	0.8131634819532909	0.07784552845528456
Pinloop:Pinloop	0.8131634819532909	0.07749898826386079
Pinloop:Pinloop	0.8131634819532909	0.07707788287381767
Pinloop:Pinloop	0.8131634819532909	0.07679967916583116
Pinloop:Pinloop	0.8131634819532909	0.07650819017179385
Pinloop:Pinloop	0.8131634819532909	0.0761280063605645
Pinloop:Pinloop	0.8131634819532909	0.07578155916106055
Pinloop:Pinloop	0.8131634819532909	0.07551261829652997
Pinloop:Pinloop	0.8131634819532909	0.07531956735496559
Pinloop:Pinloop	0.8131634819532909	0.07483391949980461
Pinloop:Pinloop	0.8131634819532909	0.07454262358894512
Pinloop:Pinloop	0.8131634819532909	0.07422480620155039
Pinloop:Pinloop	0.8131634819532909	0.0740096618357488
Pinloop:Pinloop	0.8131634819532909	0.07366801307943835
Pinloop:Pinloop	0.8131634819532909	0.07344199424736338
Pinloop:Pinloop	0.8131634819532909	0.07316141356255969
Pinloop:Pinloop	0.8131634819532909	0.07278601292284302
Pinloop:Pinloop	0.8131634819532909	0.0724966874881696
Pinloop:Pinloop	0.8131634819532909	0.07229143072857683
Pinloop:Pinloop	0.8131634819532909	0.0718708951022706
Pinloop:Pinloop	0.8131634819532909	0.07168257533221037
Pinloop:Pinloop	0.8131634819532909	0.07149523987306328
Pinloop:Pinloop	0.8131634819532909	0.07116313638052768
Pinloop:Pinloop	0.8131634819532909	0.07097850259451445
Pinloop:Pinloop	0.8131634819532909	0.07075558839830039
Pinloop:Pinloop	0.8131634819532909	0.07036560720191071
Pinloop:Pinloop	0.8152866242038217	0.07039413382218149
Pinloop:Pinloop	0.8152866242038217	0.070111374840241
Pinloop:Pinloop	0.8152866242038217	0.06980548991092529
Pinloop:Pinloop	0.8152866242038217	0.06961566352429296
Pinloop:Pinloop	0.8152866242038217	0.06931407942238267
Pinloop:Pinloop	0.8152866242038217	0.06907717215326498
Pinloop:Pinloop	0.8174097664543525	0.06868867082961641
Pinloop:Pinloop	0.8174097664543525	0.06834723948162613
Pinloop:Pinloop	0.8174097664543525	0.06814159292035399
Pinloop:Pinloop	0.821656050955414	0.06829010058231869
Pinloop:Pinloop	0.8237791932059448	0.06818980667838313
Pinloop:Pinloop	0.8237791932059448	0.06779661016949153
Pinloop:Pinloop	0.8237791932059448	0.0676311661146941
Pinloop:Pinloop	0.8237791932059448	0.067349418503732
Pinloop:Pinloop	0.8237791932059448	0.0671628873117535
Pinloop:Pinloop	0.8237791932059448	0.06691962745774405
Pinloop:Pinloop	0.8237791932059448	0.06655231560891939
Pinloop:Pinloop	0.8237791932059448	0.06632478632478632
Pinloop:Pinloop	0.8237791932059448	0.06612133605998637
Pinloop:Pinloop	0.8237791932059448	0.06588554932925794
Pinloop:Pinloop	0.8237791932059448	0.06559594251901944
Pinloop:Pinloop	0.8237791932059448	0.06538591169531513
Pinloop:Pinloop	0.8237791932059448	0.06525395223679785
Pinloop:Pinloop	0.8237791932059448	0.06492637215528782
Pinloop:Pinloop	0.8237791932059448	0.06479625918503674
Pinloop:Pinloop	0.8259023354564756	0.06467165419783874
Pinloop:Pinloop	0.8259023354564756	0.064180828246164
Pinloop:Pinloop	0.8259023354564756	0.06403292181069958
Pinloop:Pinloop	0.8280254777070064	0.0639763779527559
Pinloop:Pinloop	0.8280254777070064	0.06376716808371484
Pinloop:Pinloop	0.8301486199575372	0.06352558895207149
Pinloop:Pinloop	0.8301486199575372	0.06321746160064673
Pinloop:Pinloop	0.8301486199575372	0.06278098908156711
Pinloop:Pinloop	0.8301486199575372	0.06262011531069828
Pinloop:Pinloop	0.8301486199575372	0.06240025534631344
Pinloop:Pinloop	0.8301486199575372	0.06210292249047014
Pinloop:Pinloop	0.8301486199575372	0.06195531611472033
Pinloop:Pinloop	0.8301486199575372	0.06166219839142091
Pinloop:Pinloop	0.8301486199575372	0.06152635719905586
Pinloop:Pinloop	0.8365180467091295	0.0617361328737073
Pinloop:Pinloop	0.8365180467091295	0.06150483921323759
Pinloop:Pinloop	0.8365180467091295	0.06129433727442439
Pinloop:Pinloop	0.8428874734607219	0.06153130812151271
Pinloop:Pinloop	0.8450106157112527	0.06127790608160123
Pinloop:Pinloop	0.8450106157112527	0.06108041743400859
Pinloop:Pinloop	0.8450106157112527	0.06073554097359988
Pinloop:Pinloop	0.8450106157112527	0.06054152722847581
Pinloop:Pinloop	0.8450106157112527	0.060193587416817906
Pinloop:Pinloop	0.8450106157112527	0.059921710328214396
Pinloop:Pinloop	0.8450106157112527	0.059563005088296914
Pinloop:Pinloop	0.8450106157112527	0.05942959534119755
Pinloop:Pinloop	0.8450106157112527	0.05925264254875689
Pinloop:Pinloop	0.8450106157112527	0.0591030591030591
Pinloop:Pinloop	0.8450106157112527	0.058936768843476976
Pinloop:Pinloop	0.8450106157112527	0.058797459004284236
Pinloop:Pinloop	0.8450106157112527	0.05858972471662005
Pinloop:Pinloop	0.8450106157112527	0.05840915761667156
Pinloop:Pinloop	0.8450106157112527	0.05816162501826684
Pinloop:Pinloop	0.8450106157112527	0.05805981035740335
Pinloop:Pinloop	0.8450106157112527	0.057958351536333184
Pinloop:Pinloop	0.8450106157112527	0.05782362342002034
Pinloop:Pinloop	0.8450106157112527	0.05766444508838018
Pinloop:Pinloop	0.8450106157112527	0.057556037599421545
Pinloop:Pinloop	0.8450106157112527	0.05734870317002882
Pinloop:Pinloop	0.8450106157112527	0.05723324705205637
Pinloop:Pinloop	0.8450106157112527	0.05692219679633867
Pinloop:Pinloop	0.8450106157112527	0.056776034236804565
Pinloop:Pinloop	0.8450106157112527	0.0566628701594533
Pinloop:Pinloop	0.8450106157112527	0.05646992054483541
Pinloop:Pinloop	0.8450106157112527	0.056357972245822716
Pinloop:Pinloop	0.8450106157112527	0.05623057360836394
Pinloop:Pinloop	0.8450106157112527	0.05605633802816901
Pinloop:Pinloop	0.8450106157112527	0.055812648997335575
pLI_LOEUF:pLI	0.04246284501061571	0.053475935828877004
pLI_LOEUF:pLI	0.04883227176220807	0.053613053613053616
pLI_LOEUF:pLI	0.04883227176220807	0.04811715481171548
pLI_LOEUF:pLI	0.055201698513800426	0.052313883299798795
pLI_LOEUF:pLI	0.059447983014861996	0.0550098231827112
pLI_LOEUF:pLI	0.06581740976645435	0.05973025048169557
pLI_LOEUF:pLI	0.06794055201698514	0.06049149338374291
pLI_LOEUF:pLI	0.07006369426751592	0.06133828996282528
pLI_LOEUF:pLI	0.07006369426751592	0.059033989266547404
pLI_LOEUF:pLI	0.07218683651804671	0.05975395430579965
pLI_LOEUF:pLI	0.07218683651804671	0.05733558178752108
pLI_LOEUF:pLI	0.07643312101910828	0.05209840810419682
pLI_LOEUF:pLI	0.07643312101910828	0.049315068493150684
pLI_LOEUF:pLI	0.09766454352441614	0.06157965194109773
pLI_LOEUF:pLI	0.09766454352441614	0.0610079575596817
pLI_LOEUF:pLI	0.09766454352441614	0.059895833333333336
pLI_LOEUF:pLI	0.09766454352441614	0.058823529411764705
pLI_LOEUF:pLI	0.11677282377919321	0.06373117033603708
pLI_LOEUF:pLI	0.11889596602972399	0.06436781609195402
pLI_LOEUF:pLI	0.11889596602972399	0.06356413166855845
pLI_LOEUF:pLI	0.12951167728237792	0.06823266219239374
pLI_LOEUF:pLI	0.1316348195329087	0.06835722160970231
pLI_LOEUF:pLI	0.1316348195329087	0.06768558951965066
pLI_LOEUF:pLI	0.1337579617834395	0.0670926517571885
pLI_LOEUF:pLI	0.13800424628450106	0.06856540084388185
pLI_LOEUF:pLI	0.13800424628450106	0.06806282722513089
pLI_LOEUF:pLI	0.13800424628450106	0.06539235412474849
pLI_LOEUF:pLI	0.13800424628450106	0.06461232604373758
pLI_LOEUF:pLI	0.13800424628450106	0.063913470993117
pLI_LOEUF:pLI	0.13800424628450106	0.06341463414634146
pLI_LOEUF:pLI	0.13800424628450106	0.0626808100289296
pLI_LOEUF:pLI	0.14225053078556263	0.06423777564717162
pLI_LOEUF:pLI	0.14225053078556263	0.06368821292775666
pLI_LOEUF:pLI	0.14225053078556263	0.06273408239700375
pLI_LOEUF:pLI	0.1464968152866242	0.06430568499534017
pLI_LOEUF:pLI	0.14861995753715498	0.06469500924214418
pLI_LOEUF:pLI	0.15286624203821655	0.06605504587155964
pLI_LOEUF:pLI	0.15286624203821655	0.05925925925925926
pLI_LOEUF:pLI	0.15498938428874734	0.05959183673469388
pLI_LOEUF:pLI	0.1592356687898089	0.06067961165048544
pLI_LOEUF:pLI	0.1592356687898089	0.060144346431435444
pLI_LOEUF:pLI	0.1592356687898089	0.05985634477254589
pLI_LOEUF:pLI	0.16348195329087048	0.06120826709062003
pLI_LOEUF:pLI	0.16348195329087048	0.060297572435395456
pLI_LOEUF:pLI	0.16772823779193205	0.0612878200155159
pLI_LOEUF:pLI	0.17197452229299362	0.06245181187355436
pLI_LOEUF:pLI	0.1762208067940552	0.06350420811017597
pLI_LOEUF:pLI	0.18046709129511676	0.06424792139077853
pLI_LOEUF:pLI	0.18046709129511676	0.06395786305492852
pLI_LOEUF:pLI	0.18259023354564755	0.06451612903225806
pLI_LOEUF:pLI	0.18471337579617833	0.06449221645663454
pLI_LOEUF:pLI	0.18471337579617833	0.0635500365230095
pLI_LOEUF:pLI	0.18471337579617833	0.06336489439184267
pLI_LOEUF:pLI	0.18471337579617833	0.06236559139784946
pLI_LOEUF:pLI	0.18471337579617833	0.061877667140825036
pLI_LOEUF:pLI	0.18471337579617833	0.06161473087818697
pLI_LOEUF:pLI	0.18471337579617833	0.05750165234633179
pLI_LOEUF:pLI	0.1932059447983015	0.05967213114754098
pLI_LOEUF:pLI	0.1932059447983015	0.059244791666666664
pLI_LOEUF:pLI	0.1932059447983015	0.0586340206185567
pLI_LOEUF:pLI	0.1932059447983015	0.058146964856230034
pLI_LOEUF:pLI	0.1932059447983015	0.05368731563421829
pLI_LOEUF:pLI	0.19532908704883228	0.053895723491505565
pLI_LOEUF:pLI	0.19745222929936307	0.05419580419580419
pLI_LOEUF:pLI	0.19745222929936307	0.05394431554524362
pLI_LOEUF:pLI	0.19745222929936307	0.051070840197693576
pLI_LOEUF:pLI	0.208067940552017	0.04959514170040486
pLI_LOEUF:pLI	0.208067940552017	0.04924623115577889
pLI_LOEUF:pLI	0.208067940552017	0.04897551224387806
pLI_LOEUF:pLI	0.208067940552017	0.048829098156452415
pLI_LOEUF:pLI	0.208067940552017	0.04736587723537941
pLI_LOEUF:pLI	0.21019108280254778	0.047619047619047616
pLI_LOEUF:pLI	0.21231422505307856	0.04789272030651341
pLI_LOEUF:pLI	0.21231422505307856	0.0477326968973747
pLI_LOEUF:pLI	0.21231422505307856	0.0475511174512601
pLI_LOEUF:pLI	0.21231422505307856	0.04737091425864519
pLI_LOEUF:pLI	0.21231422505307856	0.04714757190004715
pLI_LOEUF:pLI	0.21656050955414013	0.047708138447146865
pLI_LOEUF:pLI	0.21868365180467092	0.04696762425900593
pLI_LOEUF:pLI	0.21868365180467092	0.04677565849227974
pLI_LOEUF:pLI	0.21868365180467092	0.045595396193005754
pLI_LOEUF:pLI	0.2229299363057325	0.04633715798764342
pLI_LOEUF:pLI	0.2229299363057325	0.045931758530183726
pLI_LOEUF:pLI	0.2229299363057325	0.0455531453362256
pLI_LOEUF:pLI	0.2229299363057325	0.045375972342264474
pLI_LOEUF:pLI	0.2229299363057325	0.043933054393305436
pLI_LOEUF:pLI	0.22505307855626328	0.04401993355481727
pLI_LOEUF:pLI	0.22505307855626328	0.04385601985932975
pLI_LOEUF:pLI	0.22505307855626328	0.04376548307184145
pLI_LOEUF:pLI	0.22505307855626328	0.04251905334937826
pLI_LOEUF:pLI	0.22505307855626328	0.04226475279106858
pLI_LOEUF:pLI	0.22929936305732485	0.042789223454833596
pLI_LOEUF:pLI	0.22929936305732485	0.042704626334519574
pLI_LOEUF:pLI	0.23779193205944799	0.04289544235924933
pLI_LOEUF:pLI	0.23779193205944799	0.0427807486631016
pLI_LOEUF:pLI	0.24203821656050956	0.04341203351104341
pLI_LOEUF:pLI	0.24203821656050956	0.04285714285714286
pLI_LOEUF:pLI	0.24203821656050956	0.0425531914893617
pLI_LOEUF:pLI	0.2484076433121019	0.043333333333333335
pLI_LOEUF:pLI	0.2484076433121019	0.04251453488372093
pLI_LOEUF:pLI	0.2484076433121019	0.042406669083001086
pLI_LOEUF:pLI	0.2484076433121019	0.04229934924078091
pLI_LOEUF:pLI	0.2505307855626327	0.04217298070050036
pLI_LOEUF:pLI	0.2505307855626327	0.042067736185383245
pLI_LOEUF:pLI	0.2505307855626327	0.04184397163120567
pLI_LOEUF:pLI	0.2526539278131635	0.04207920792079208
pLI_LOEUF:pLI	0.25477707006369427	0.04231311706629055
pLI_LOEUF:pLI	0.25477707006369427	0.04178272980501393
pLI_LOEUF:pLI	0.25477707006369427	0.041666666666666664
pLI_LOEUF:pLI	0.25477707006369427	0.041508128675198895
pLI_LOEUF:pLI	0.25902335456475584	0.04006568144499179
pLI_LOEUF:pLI	0.25902335456475584	0.03986928104575163
pLI_LOEUF:pLI	0.2611464968152866	0.039122137404580155
pLI_LOEUF:pLI	0.2611464968152866	0.038258164852255055
pLI_LOEUF:pLI	0.267515923566879	0.039081885856079406
pLI_LOEUF:pLI	0.267515923566879	0.03884093711467324
pLI_LOEUF:pLI	0.267515923566879	0.0386977886977887
pLI_LOEUF:pLI	0.26963906581740976	0.03892123812442538
pLI_LOEUF:pLI	0.27388535031847133	0.03943748089269337
pLI_LOEUF:pLI	0.2781316348195329	0.03991468616697136
pLI_LOEUF:pLI	0.2781316348195329	0.03981762917933131
pLI_LOEUF:pLI	0.2781316348195329	0.039636913767019666
pLI_LOEUF:pLI	0.2802547770700637	0.03989120580235721
pLI_LOEUF:pLI	0.2802547770700637	0.039819004524886875
pLI_LOEUF:pLI	0.2823779193205945	0.03954802259887006
pLI_LOEUF:pLI	0.28450106157112526	0.03968018951732307
pLI_LOEUF:pLI	0.28450106157112526	0.03951636685343556
pLI_LOEUF:pLI	0.28874734607218683	0.040011768167107976
pLI_LOEUF:pLI	0.30148619957537154	0.04160562554937006
pLI_LOEUF:pLI	0.3057324840764331	0.04172703564184294
pLI_LOEUF:pLI	0.31210191082802546	0.04142011834319527
pLI_LOEUF:pLI	0.31210191082802546	0.04103852596314908
pLI_LOEUF:pLI	0.31210191082802546	0.04098132143852802
pLI_LOEUF:pLI	0.31210191082802546	0.040821993890585946
pLI_LOEUF:pLI	0.31210191082802546	0.04066390041493776
pLI_LOEUF:pLI	0.31210191082802546	0.0405853119823302
pLI_LOEUF:pLI	0.31210191082802546	0.040451293340671435
pLI_LOEUF:pLI	0.31422505307855625	0.04053683922213092
pLI_LOEUF:pLI	0.31634819532908703	0.04076607387140903
pLI_LOEUF:pLI	0.31634819532908703	0.040654843110504775
pLI_LOEUF:pLI	0.31634819532908703	0.04055525313010343
pLI_LOEUF:pLI	0.3227176220806794	0.04121475054229935
pLI_LOEUF:pLI	0.3248407643312102	0.04123989218328841
pLI_LOEUF:pLI	0.3248407643312102	0.04110693175711983
pLI_LOEUF:pLI	0.3354564755838641	0.04207723035952064
pLI_LOEUF:pLI	0.3354564755838641	0.04197662061636557
pLI_LOEUF:pLI	0.3354564755838641	0.041920933934730696
pLI_LOEUF:pLI	0.3354564755838641	0.0418100026462027
pLI_LOEUF:pLI	0.3354564755838641	0.04167765761012925
pLI_LOEUF:pLI	0.33970276008492567	0.042105263157894736
pLI_LOEUF:pLI	0.33970276008492567	0.04197271773347324
pLI_LOEUF:pLI	0.34394904458598724	0.04237509809050484
pLI_LOEUF:pLI	0.34394904458598724	0.04226454474302113
pLI_LOEUF:pLI	0.34394904458598724	0.042165538781884435
pLI_LOEUF:pLI	0.34394904458598724	0.0408884401817264
pLI_LOEUF:pLI	0.34394904458598724	0.04074446680080483
pLI_LOEUF:pLI	0.34394904458598724	0.040672859653527495
pLI_LOEUF:pLI	0.35668789808917195	0.04202101050525263
pLI_LOEUF:pLI	0.35668789808917195	0.041811846689895474
pLI_LOEUF:pLI	0.35668789808917195	0.0417702635504724
pLI_LOEUF:pLI	0.35881104033970274	0.04196672460888999
pLI_LOEUF:pLI	0.3673036093418259	0.04280059376546264
pLI_LOEUF:pLI	0.3673036093418259	0.04272659916028649
pLI_LOEUF:pLI	0.36942675159235666	0.04275184275184275
pLI_LOEUF:pLI	0.37154989384288745	0.04288164665523156
pLI_LOEUF:pLI	0.37154989384288745	0.042745481191988274
pLI_LOEUF:pLI	0.37154989384288745	0.04234212436486814
pLI_LOEUF:pLI	0.37579617834394907	0.04153954470781507
pLI_LOEUF:pLI	0.38004246284501064	0.04183220378593129
pLI_LOEUF:pLI	0.38004246284501064	0.041783380018674134
pLI_LOEUF:pLI	0.3821656050955414	0.04191895668374476
pLI_LOEUF:pLI	0.3842887473460722	0.042044134727061554
pLI_LOEUF:pLI	0.386411889596603	0.042149143121815655
pLI_LOEUF:pLI	0.3970276008492569	0.0431970431970432
pLI_LOEUF:pLI	0.40976645435244163	0.0432154052843708
pLI_LOEUF:pLI	0.4118895966029724	0.042238188547790115
pLI_LOEUF:pLI	0.4118895966029724	0.04219225750326229
pLI_LOEUF:pLI	0.416135881104034	0.042543954851313216
pLI_LOEUF:pLI	0.42250530785562634	0.04310158111327702
pLI_LOEUF:pLI	0.42250530785562634	0.0429805615550756
pLI_LOEUF:pLI	0.42250530785562634	0.04292493528904228
pLI_LOEUF:pLI	0.42250530785562634	0.04283254412397761
pLI_LOEUF:pLI	0.42250530785562634	0.04277730008598452
pLI_LOEUF:pLI	0.42250530785562634	0.04267638859103581
pLI_LOEUF:pLI	0.42250530785562634	0.04263067694944302
pLI_LOEUF:pLI	0.42462845010615713	0.0427715996578272
pLI_LOEUF:pLI	0.4267515923566879	0.04216488357457521
pLI_LOEUF:pLI	0.4267515923566879	0.041971183963249115
pLI_LOEUF:pLI	0.4267515923566879	0.041927409261576974
pLI_LOEUF:pLI	0.4288747346072187	0.042039542143600415
pLI_LOEUF:pLI	0.4288747346072187	0.04196966548929981
pLI_LOEUF:pLI	0.43736730360934184	0.0427297241236258
pLI_LOEUF:pLI	0.4394904458598726	0.04275092936802974
pLI_LOEUF:pLI	0.4416135881104034	0.042833607907743
pLI_LOEUF:pLI	0.4416135881104034	0.04275436793422405
pLI_LOEUF:pLI	0.4416135881104034	0.04267542059909725
pLI_LOEUF:pLI	0.4437367303609342	0.04271408134069078
pLI_LOEUF:pLI	0.4607218683651805	0.04407881373146456
pLI_LOEUF:pLI	0.46496815286624205	0.04428715874620829
pLI_LOEUF:pLI	0.46709129511677283	0.04439063761097659
pLI_LOEUF:pLI	0.46709129511677283	0.04418557943362121
pLI_LOEUF:pLI	0.46709129511677283	0.04406168636090527
pLI_LOEUF:pLI	0.4713375796178344	0.04438224710115954
pLI_LOEUF:pLI	0.4734607218683652	0.044537647293788694
pLI_LOEUF:pLI	0.4734607218683652	0.04442231075697211
pLI_LOEUF:pLI	0.4734607218683652	0.04430757003775084
pLI_LOEUF:pLI	0.47558386411889597	0.044444444444444446
pLI_LOEUF:pLI	0.47558386411889597	0.044382801664355064
pLI_LOEUF:pLI	0.47558386411889597	0.04433887569279493
pLI_LOEUF:pLI	0.47558386411889597	0.04430379746835443
pLI_LOEUF:pLI	0.47558386411889597	0.04422507403751234
pLI_LOEUF:pLI	0.47770700636942676	0.04438745314657724
pLI_LOEUF:pLI	0.49044585987261147	0.0448021722265322
pLI_LOEUF:pLI	0.49044585987261147	0.044715447154471545
pLI_LOEUF:pLI	0.49044585987261147	0.04454300038565368
pLI_LOEUF:pLI	0.49469214437367304	0.04481631082900558
pLI_LOEUF:pLI	0.49469214437367304	0.04476464937560039
pLI_LOEUF:pLI	0.49469214437367304	0.044670245398773005
pLI_LOEUF:pLI	0.5031847133757962	0.04538490999617005
pLI_LOEUF:pLI	0.505307855626327	0.045463228271251196
pLI_LOEUF:pLI	0.5074309978768577	0.045541158536585365
pLI_LOEUF:pLI	0.5074309978768577	0.045506473724295504
pLI_LOEUF:pLI	0.5074309978768577	0.04535965078762574
pLI_LOEUF:pLI	0.5074309978768577	0.04528230390299356
pLI_LOEUF:pLI	0.5074309978768577	0.04510284959426307
pLI_LOEUF:pLI	0.5074309978768577	0.04497553631915695
pLI_LOEUF:pLI	0.5074309978768577	0.044798500468603564
pLI_LOEUF:pLI	0.5074309978768577	0.04469796147372358
pLI_LOEUF:pLI	0.5074309978768577	0.04463952185282032
pLI_LOEUF:pLI	0.5095541401273885	0.04473438956197577
pLI_LOEUF:pLI	0.5138004246284501	0.04503163379233346
pLI_LOEUF:pLI	0.5138004246284501	0.044989775051124746
pLI_LOEUF:pLI	0.5138004246284501	0.044897959183673466
pLI_LOEUF:pLI	0.5159235668789809	0.04495005549389567
pLI_LOEUF:pLI	0.5159235668789809	0.04490851968212899
pLI_LOEUF:pLI	0.5180467091295117	0.04498525073746313
pLI_LOEUF:pLI	0.5201698513800425	0.045078196872125116
pLI_LOEUF:pLI	0.5201698513800425	0.045011941943781004
pLI_LOEUF:pLI	0.5222929936305732	0.04507971412864211
pLI_LOEUF:pLI	0.5265392781316348	0.045371386754482254
pLI_LOEUF:pLI	0.5286624203821656	0.045512703344909526
pLI_LOEUF:pLI	0.5329087048832272	0.04582800803359503
pLI_LOEUF:pLI	0.5371549893842887	0.04615103976650858
pLI_LOEUF:pLI	0.5371549893842887	0.045866569978245106
pLI_LOEUF:pLI	0.5371549893842887	0.045808437443418434
pLI_LOEUF:pLI	0.5414012738853503	0.04613714492491406
pLI_LOEUF:pLI	0.5414012738853503	0.04607878568847127
pLI_LOEUF:pLI	0.5414012738853503	0.04599567099567099
pLI_LOEUF:pLI	0.5414012738853503	0.04583857630774762
pLI_LOEUF:pLI	0.5435244161358811	0.04581245526127416
pLI_LOEUF:pLI	0.5498938428874734	0.04628305932809149
pLI_LOEUF:pLI	0.5498938428874734	0.04609361096280477
pLI_LOEUF:pLI	0.5626326963906582	0.04615116684082202
pLI_LOEUF:pLI	0.5626326963906582	0.046078942792557816
pLI_LOEUF:pLI	0.5668789808917197	0.04637026745397708
pLI_LOEUF:pLI	0.5690021231422505	0.046495489243580844
pLI_LOEUF:pLI	0.5690021231422505	0.04645519154099497
pLI_LOEUF:pLI	0.5690021231422505	0.04633471645919779
pLI_LOEUF:pLI	0.5690021231422505	0.04626273088209908
pLI_LOEUF:pLI	0.5732484076433121	0.04655172413793104
pLI_LOEUF:pLI	0.5753715498938429	0.04662766689607708
pLI_LOEUF:pLI	0.5753715498938429	0.04657157587214298
pLI_LOEUF:pLI	0.5753715498938429	0.04648370497427101
pLI_LOEUF:pLI	0.583864118895966	0.047121315969842356
pLI_LOEUF:pLI	0.583864118895966	0.04706486393975697
pLI_LOEUF:pLI	0.583864118895966	0.04700854700854701
pLI_LOEUF:pLI	0.5859872611464968	0.04709094011260877
pLI_LOEUF:pLI	0.5859872611464968	0.047018739352640546
pLI_LOEUF:pLI	0.5902335456475584	0.0473030457716522
pLI_LOEUF:pLI	0.5923566878980892	0.047384510869565216
pLI_LOEUF:pLI	0.5966029723991507	0.047675602307431286
pLI_LOEUF:pLI	0.6008492569002123	0.04798236690403527
pLI_LOEUF:pLI	0.6072186836518046	0.048458149779735685
pLI_LOEUF:pLI	0.6072186836518046	0.04836800270590225
pLI_LOEUF:pLI	0.6093418259023354	0.04837350412944547
pLI_LOEUF:pLI	0.6093418259023354	0.04830023561090542
pLI_LOEUF:pLI	0.613588110403397	0.04855510752688172
pLI_LOEUF:pLI	0.613588110403397	0.04827125438449975
pLI_LOEUF:pLI	0.6242038216560509	0.04897551224387806
pLI_LOEUF:pLI	0.6242038216560509	0.04887780548628429
pLI_LOEUF:pLI	0.6242038216560509	0.04883720930232558
pLI_LOEUF:pLI	0.6263269639065817	0.04896265560165975
pLI_LOEUF:pLI	0.6390658174097664	0.04857972885732731
pLI_LOEUF:pLI	0.6411889596602972	0.04809683070552636
pLI_LOEUF:pLI	0.6411889596602972	0.04803562907587085
pLI_LOEUF:pLI	0.6411889596602972	0.04792890017457546
pLI_LOEUF:pLI	0.6411889596602972	0.04786812490093517
pLI_LOEUF:pLI	0.6411889596602972	0.047807503561817316
pLI_LOEUF:pLI	0.6411889596602972	0.04712123576220939
pLI_LOEUF:pLI	0.643312101910828	0.04724041159962582
pLI_LOEUF:pLI	0.6454352441613588	0.04735202492211838
pLI_LOEUF:pLI	0.6454352441613588	0.04729309271935283
pLI_LOEUF:pLI	0.6454352441613588	0.04725633452510493
pLI_LOEUF:pLI	0.6475583864118896	0.04736024844720497
pLI_LOEUF:pLI	0.6496815286624203	0.04744186046511628
pLI_LOEUF:pLI	0.6496815286624203	0.04737575476079889
pLI_LOEUF:pLI	0.6496815286624203	0.04730983302411874
pLI_LOEUF:pLI	0.6496815286624203	0.04722222222222222
pLI_LOEUF:pLI	0.6518046709129511	0.047288971041281574
pLI_LOEUF:pLI	0.6518046709129511	0.04716546320479336
pLI_LOEUF:pLI	0.6518046709129511	0.04711479435236341
pLI_LOEUF:pLI	0.6518046709129511	0.047049808429118774
pLI_LOEUF:pLI	0.6518046709129511	0.047013782542113323
pLI_LOEUF:pLI	0.6581740976645435	0.04741511165494035
pLI_LOEUF:pLI	0.6581740976645435	0.04735716468072105
pLI_LOEUF:pLI	0.6602972399150743	0.04747366814226835
pLI_LOEUF:pLI	0.6624203821656051	0.04758273600732042
pLI_LOEUF:pLI	0.6645435244161358	0.04769160444918483
pLI_LOEUF:pLI	0.6645435244161358	0.04738116863457463
pLI_LOEUF:pLI	0.6687898089171974	0.047619047619047616
pLI_LOEUF:pLI	0.6687898089171974	0.04746835443037975
pLI_LOEUF:pLI	0.6687898089171974	0.0472972972972973
pLI_LOEUF:pLI	0.6751592356687898	0.04769046190761848
pLI_LOEUF:pLI	0.6751592356687898	0.04764758765358106
pLI_LOEUF:pLI	0.6751592356687898	0.047583420619482265
pLI_LOEUF:pLI	0.6751592356687898	0.047526528172171574
pLI_LOEUF:pLI	0.6751592356687898	0.047455603641247575
pLI_LOEUF:pLI	0.6794055201698513	0.046879578083797245
pLI_LOEUF:pLI	0.6836518046709129	0.04714494875549048
pLI_LOEUF:pLI	0.6836518046709129	0.04709667983033494
pLI_LOEUF:pLI	0.6900212314225053	0.04713560551124003
pLI_LOEUF:pLI	0.692144373673036	0.04673835125448029
pLI_LOEUF:pLI	0.7006369426751592	0.047257625662322784
pLI_LOEUF:pLI	0.7048832271762208	0.04751681694575641
pLI_LOEUF:pLI	0.7112526539278131	0.04736321221546727
pLI_LOEUF:pLI	0.7112526539278131	0.047203043539523745
pLI_LOEUF:pLI	0.7112526539278131	0.047149894440534836
pLI_LOEUF:pLI	0.7154989384288747	0.04739803094233474
pLI_LOEUF:pLI	0.7154989384288747	0.04735806632939854
pLI_LOEUF:pLI	0.7176220806794055	0.04745857905082842
pLI_LOEUF:pLI	0.7176220806794055	0.047431939376929556
pLI_LOEUF:pLI	0.7176220806794055	0.04735219949565705
pLI_LOEUF:pLI	0.7176220806794055	0.047299188357122865
pLI_LOEUF:pLI	0.7176220806794055	0.04720011171624075
pLI_LOEUF:pLI	0.7176220806794055	0.04714086471408647
pLI_LOEUF:pLI	0.7197452229299363	0.046147563299754966
pLI_LOEUF:pLI	0.7197452229299363	0.04611617467011291
pLI_LOEUF:pLI	0.7197452229299363	0.04602226445832202
pLI_LOEUF:pLI	0.7197452229299363	0.04598480737927292
pLI_LOEUF:pLI	0.7197452229299363	0.045953639690931275
pLI_LOEUF:pLI	0.7197452229299363	0.04591629418935392
pLI_LOEUF:pLI	0.7197452229299363	0.04584178498985801
pLI_LOEUF:pLI	0.7197452229299363	0.045792246386600025
pLI_LOEUF:pLI	0.7197452229299363	0.04569348968863728
pLI_LOEUF:pLI	0.7197452229299363	0.04563812600969305
pLI_LOEUF:pLI	0.7197452229299363	0.045595158036314726
pLI_LOEUF:pLI	0.7197452229299363	0.04555227089492072
pLI_LOEUF:pLI	0.7197452229299363	0.045509464357631896
pLI_LOEUF:pLI	0.721868365180467	0.04560085836909871
pLI_LOEUF:pLI	0.721868365180467	0.04551539491298527
pLI_LOEUF:pLI	0.7239915074309978	0.04557604918470997
pLI_LOEUF:pLI	0.7239915074309978	0.04551521623064602
pLI_LOEUF:pLI	0.7239915074309978	0.045430322408739676
pLI_LOEUF:pLI	0.7303609341825902	0.045720361509835196
pLI_LOEUF:pLI	0.7303609341825902	0.045647558386411886
pLI_LOEUF:pLI	0.7367303609341825	0.04598462761728068
pLI_LOEUF:pLI	0.7367303609341825	0.045935927985173416
pLI_LOEUF:pLI	0.7388535031847133	0.0459830866807611
pLI_LOEUF:pLI	0.7388535031847133	0.04592846773129207
pLI_LOEUF:pLI	0.7409766454352441	0.04599367422245651
pLI_LOEUF:pLI	0.7430997876857749	0.0460586919331491
pLI_LOEUF:pLI	0.7452229299363057	0.04614171158143815
pLI_LOEUF:pLI	0.7473460721868365	0.04620635337358887
pLI_LOEUF:pLI	0.7494692144373672	0.04629508196721312
pLI_LOEUF:pLI	0.7515923566878981	0.04639580602883355
pLI_LOEUF:pLI	0.7537154989384289	0.0464903090623363
pLI_LOEUF:pLI	0.7579617834394905	0.04668497449980384
pLI_LOEUF:pLI	0.7622080679405521	0.046891327063740856
pLI_LOEUF:pLI	0.7622080679405521	0.04658103023225639
pLI_LOEUF:pLI	0.7643312101910829	0.04658987964281092
pLI_LOEUF:pLI	0.7643312101910829	0.04654169360051713
pLI_LOEUF:pLI	0.7643312101910829	0.046469601135923584
pLI_LOEUF:pLI	0.7643312101910829	0.04643363859151296
pLI_LOEUF:pLI	0.7643312101910829	0.04636785162287481
pLI_LOEUF:pLI	0.7643312101910829	0.04632608415905289
pLI_LOEUF:pLI	0.7664543524416136	0.04634741301835923
pLI_LOEUF:pLI	0.7685774946921444	0.04638052530429212
pLI_LOEUF:pLI	0.7685774946921444	0.04634489822045833
pLI_LOEUF:pLI	0.7685774946921444	0.04630340240470709
pLI_LOEUF:pLI	0.7685774946921444	0.04623243933588761
pLI_LOEUF:pLI	0.7749469214437368	0.046573944111267064
pLI_LOEUF:pLI	0.7770700636942676	0.046642028800815596
pLI_LOEUF:pLI	0.7770700636942676	0.0465589619641267
pLI_LOEUF:pLI	0.7770700636942676	0.04644080700418728
pLI_LOEUF:pLI	0.7770700636942676	0.046381954124952475
pLI_LOEUF:pLI	0.7791932059447984	0.04648511716276124
pLI_LOEUF:pLI	0.7791932059447984	0.04642044017202125
pLI_LOEUF:pLI	0.7791932059447984	0.046379375710855555
pLI_LOEUF:pLI	0.7791932059447984	0.04635008840616317
pLI_LOEUF:pLI	0.7855626326963907	0.046652376749464125
pLI_LOEUF:pLI	0.7855626326963907	0.04662885948330183
pLI_LOEUF:pLI	0.7855626326963907	0.046587761269201715
pLI_LOEUF:pLI	0.7855626326963907	0.046546735438419924
pLI_LOEUF:pLI	0.7855626326963907	0.04648825229300163
pLI_LOEUF:pLI	0.7876857749469215	0.04655540218346091
pLI_LOEUF:pLI	0.7898089171974523	0.04662822762597142
pLI_LOEUF:pLI	0.7898089171974523	0.04655237141784507
pLI_LOEUF:pLI	0.7898089171974523	0.046494188226471694
pLI_LOEUF:pLI	0.7898089171974523	0.046395609877775
pLI_LOEUF:pLI	0.7919320594479831	0.0464797507788162
pLI_LOEUF:pLI	0.8004246284501062	0.046948941469489414
pLI_LOEUF:pLI	0.802547770700637	0.047003233026610296
pLI_LOEUF:pLI	0.8067940552016986	0.04650593562599437
pLI_LOEUF:pLI	0.8110403397027601	0.04672782874617737
pLI_LOEUF:pLI	0.8110403397027601	0.04668785138108042
pLI_LOEUF:pLI	0.8110403397027601	0.04661947766658531
pLI_LOEUF:pLI	0.8110403397027601	0.046579685404218994
pLI_LOEUF:pLI	0.8110403397027601	0.04655130392395808
pLI_LOEUF:pLI	0.8110403397027601	0.04652862362971985
pLI_LOEUF:pLI	0.8110403397027601	0.046505965424884346
pLI_LOEUF:pLI	0.8110403397027601	0.04645506506141311
pLI_LOEUF:pLI	0.8110403397027601	0.04639863962103729
pLI_LOEUF:pLI	0.8110403397027601	0.04633110976349303
pLI_LOEUF:pLI	0.8131634819532909	0.04642987028730755
pLI_LOEUF:pLI	0.8131634819532909	0.046373652984622836
pLI_LOEUF:pLI	0.8131634819532909	0.046334381804984275
pLI_LOEUF:pLI	0.8131634819532909	0.046289581822576746
pLI_LOEUF:pLI	0.8131634819532909	0.04625045284385944
pLI_LOEUF:pLI	0.821656050955414	0.04600570613409415
pLI_LOEUF:pLI	0.821656050955414	0.04596745456705072
pLI_LOEUF:pLI	0.8301486199575372	0.046376467797414306
pLI_LOEUF:pLI	0.8301486199575372	0.04633799478549419
pLI_LOEUF:pLI	0.8301486199575372	0.046288623179827154
pLI_LOEUF:pLI	0.8301486199575372	0.04619019492025989
pLI_LOEUF:pLI	0.8301486199575372	0.046146583264487194
pLI_LOEUF:pLI	0.832271762208068	0.046031000469704084
pLI_LOEUF:pLI	0.8343949044585988	0.04609970674486803
pLI_LOEUF:pLI	0.8407643312101911	0.0463754538002108
pLI_LOEUF:pLI	0.8450106157112527	0.04658239700374532
pLI_LOEUF:pLI	0.8556263269639066	0.047090441691984106
pLI_LOEUF:pLI	0.8556263269639066	0.04706844195281476
pLI_LOEUF:pLI	0.8577494692144374	0.04712469380613554
pLI_LOEUF:pLI	0.861995753715499	0.04732486303765008
pLI_LOEUF:pLI	0.8641188959660298	0.04677085727418984
pLI_LOEUF:pLI	0.8641188959660298	0.04616082567766814
pLI_LOEUF:pLI	0.8641188959660298	0.04612943443273263
pLI_LOEUF:pLI	0.8747346072186837	0.04665911664779162
pLI_LOEUF:pLI	0.8747346072186837	0.046585255540479424
pLI_LOEUF:pLI	0.8768577494692145	0.04661925725251157
pLI_LOEUF:pLI	0.8768577494692145	0.04658244980825626
pLI_LOEUF:pLI	0.881104033970276	0.04674476233385898
pLI_LOEUF:pLI	0.881104033970276	0.04671319225574066
pLI_LOEUF:pLI	0.8832271762208068	0.04679941500731241
pLI_LOEUF:pLI	0.8832271762208068	0.04677310546435799
pLI_LOEUF:pLI	0.8874734607218684	0.04696629213483146
pLI_LOEUF:pLI	0.89171974522293	0.04716981132075472
pLI_LOEUF:pLI	0.8938428874734607	0.04723967684021544
pLI_LOEUF:pLI	0.8959660297239915	0.04731472138132078
pLI_LOEUF:LOEUF	0.0	0.0
pLI_LOEUF:LOEUF	0.0	0.0
pLI_LOEUF:LOEUF	0.0	0.0
pLI_LOEUF:LOEUF	0.004246284501061571	0.16666666666666666
pLI_LOEUF:LOEUF	0.004246284501061571	0.13333333333333333
pLI_LOEUF:LOEUF	0.008492569002123142	0.025
pLI_LOEUF:LOEUF	0.008492569002123142	0.024242424242424242
pLI_LOEUF:LOEUF	0.008492569002123142	0.023255813953488372
pLI_LOEUF:LOEUF	0.016985138004246284	0.0446927374301676
pLI_LOEUF:LOEUF	0.016985138004246284	0.03619909502262444
pLI_LOEUF:LOEUF	0.016985138004246284	0.03587443946188341
pLI_LOEUF:LOEUF	0.01910828025477707	0.039301310043668124
pLI_LOEUF:LOEUF	0.01910828025477707	0.038461538461538464
pLI_LOEUF:LOEUF	0.01910828025477707	0.03571428571428571
pLI_LOEUF:LOEUF	0.01910828025477707	0.03543307086614173
pLI_LOEUF:LOEUF	0.01910828025477707	0.03474903474903475
pLI_LOEUF:LOEUF	0.01910828025477707	0.03383458646616541
pLI_LOEUF:LOEUF	0.021231422505307854	0.033444816053511704
pLI_LOEUF:LOEUF	0.021231422505307854	0.03289473684210526
pLI_LOEUF:LOEUF	0.021231422505307854	0.032467532467532464
pLI_LOEUF:LOEUF	0.02335456475583864	0.035483870967741936
pLI_LOEUF:LOEUF	0.02335456475583864	0.03492063492063492
pLI_LOEUF:LOEUF	0.025477707006369428	0.03680981595092025
pLI_LOEUF:LOEUF	0.025477707006369428	0.036036036036036036
pLI_LOEUF:LOEUF	0.027600849256900213	0.03724928366762178
pLI_LOEUF:LOEUF	0.027600849256900213	0.03611111111111111
pLI_LOEUF:LOEUF	0.036093418259023353	0.045576407506702415
pLI_LOEUF:LOEUF	0.040339702760084924	0.05
pLI_LOEUF:LOEUF	0.040339702760084924	0.04922279792746114
pLI_LOEUF:LOEUF	0.04246284501061571	0.05025125628140704
pLI_LOEUF:LOEUF	0.04670912951167728	0.04526748971193416
pLI_LOEUF:LOEUF	0.04883227176220807	0.046464646464646465
pLI_LOEUF:LOEUF	0.05307855626326964	0.04970178926441352
pLI_LOEUF:LOEUF	0.05307855626326964	0.04873294346978557
pLI_LOEUF:LOEUF	0.05307855626326964	0.04752851711026616
pLI_LOEUF:LOEUF	0.055201698513800426	0.048598130841121495
pLI_LOEUF:LOEUF	0.07643312101910828	0.05844155844155844
pLI_LOEUF:LOEUF	0.07855626326963906	0.05958132045088567
pLI_LOEUF:LOEUF	0.07855626326963906	0.05910543130990415
pLI_LOEUF:LOEUF	0.07855626326963906	0.05754276827371695
pLI_LOEUF:LOEUF	0.07855626326963906	0.05692307692307692
pLI_LOEUF:LOEUF	0.08067940552016985	0.05740181268882175
pLI_LOEUF:LOEUF	0.08067940552016985	0.05637982195845697
pLI_LOEUF:LOEUF	0.08280254777070063	0.05710102489019034
pLI_LOEUF:LOEUF	0.08280254777070063	0.055714285714285716
pLI_LOEUF:LOEUF	0.08917197452229299	0.059322033898305086
pLI_LOEUF:LOEUF	0.09129511677282377	0.059805285118219746
pLI_LOEUF:LOEUF	0.09129511677282377	0.05939226519337017
pLI_LOEUF:LOEUF	0.09129511677282377	0.05874316939890711
pLI_LOEUF:LOEUF	0.09129511677282377	0.0560625814863103
pLI_LOEUF:LOEUF	0.09129511677282377	0.055627425614489
pLI_LOEUF:LOEUF	0.09129511677282377	0.05477707006369427
pLI_LOEUF:LOEUF	0.09129511677282377	0.05415617128463476
pLI_LOEUF:LOEUF	0.09554140127388536	0.056532663316582916
pLI_LOEUF:LOEUF	0.09554140127388536	0.05610972568578554
pLI_LOEUF:LOEUF	0.09766454352441614	0.05707196029776675
pLI_LOEUF:LOEUF	0.09766454352441614	0.056511056511056514
pLI_LOEUF:LOEUF	0.09978768577494693	0.0562874251497006
pLI_LOEUF:LOEUF	0.09978768577494693	0.05562130177514793
pLI_LOEUF:LOEUF	0.10191082802547771	0.05581395348837209
pLI_LOEUF:LOEUF	0.11889596602972399	0.06422018348623854
pLI_LOEUF:LOEUF	0.12314225053078556	0.06480446927374302
pLI_LOEUF:LOEUF	0.12526539278131635	0.06555555555555556
pLI_LOEUF:LOEUF	0.12526539278131635	0.06462212486308871
pLI_LOEUF:LOEUF	0.12738853503184713	0.06543075245365322
pLI_LOEUF:LOEUF	0.12951167728237792	0.06524064171122995
pLI_LOEUF:LOEUF	0.14225053078556263	0.0703781512605042
pLI_LOEUF:LOEUF	0.14437367303609341	0.07112970711297072
pLI_LOEUF:LOEUF	0.14437367303609341	0.06813627254509018
pLI_LOEUF:LOEUF	0.14437367303609341	0.0670611439842209
pLI_LOEUF:LOEUF	0.14437367303609341	0.06647116324535679
pLI_LOEUF:LOEUF	0.1464968152866242	0.06621880998080615
pLI_LOEUF:LOEUF	0.1464968152866242	0.0655893536121673
pLI_LOEUF:LOEUF	0.1464968152866242	0.06534090909090909
pLI_LOEUF:LOEUF	0.1464968152866242	0.06497175141242938
pLI_LOEUF:LOEUF	0.1464968152866242	0.06466729147141519
pLI_LOEUF:LOEUF	0.1464968152866242	0.06448598130841121
pLI_LOEUF:LOEUF	0.15074309978768577	0.06610800744878957
pLI_LOEUF:LOEUF	0.15074309978768577	0.06537753222836096
pLI_LOEUF:LOEUF	0.15074309978768577	0.06513761467889909
pLI_LOEUF:LOEUF	0.15074309978768577	0.06478102189781022
pLI_LOEUF:LOEUF	0.15074309978768577	0.0646041856232939
pLI_LOEUF:LOEUF	0.15074309978768577	0.06339285714285714
pLI_LOEUF:LOEUF	0.15074309978768577	0.06283185840707965
pLI_LOEUF:LOEUF	0.15074309978768577	0.062280701754385964
pLI_LOEUF:LOEUF	0.15074309978768577	0.0571658615136876
pLI_LOEUF:LOEUF	0.15286624203821655	0.057692307692307696
pLI_LOEUF:LOEUF	0.15498938428874734	0.05830670926517572
pLI_LOEUF:LOEUF	0.15498938428874734	0.05734485467399843
pLI_LOEUF:LOEUF	0.16348195329087048	0.05955143078112916
pLI_LOEUF:LOEUF	0.16348195329087048	0.05918524212144504
pLI_LOEUF:LOEUF	0.17197452229299362	0.060674157303370786
pLI_LOEUF:LOEUF	0.17197452229299362	0.06022304832713755
pLI_LOEUF:LOEUF	0.1740976645435244	0.05555555555555555
pLI_LOEUF:LOEUF	0.1740976645435244	0.05134627426424546
pLI_LOEUF:LOEUF	0.18259023354564755	0.053482587064676616
pLI_LOEUF:LOEUF	0.18683651804670912	0.05448916408668731
pLI_LOEUF:LOEUF	0.18683651804670912	0.05415384615384616
pLI_LOEUF:LOEUF	0.1910828025477707	0.05507955936352509
pLI_LOEUF:LOEUF	0.1910828025477707	0.054777845404747415
pLI_LOEUF:LOEUF	0.1910828025477707	0.05382775119617225
pLI_LOEUF:LOEUF	0.1910828025477707	0.05373134328358209
pLI_LOEUF:LOEUF	0.1910828025477707	0.05328596802841918
pLI_LOEUF:LOEUF	0.1910828025477707	0.05306603773584906
pLI_LOEUF:LOEUF	0.1932059447983015	0.05346650998824912
pLI_LOEUF:LOEUF	0.20382165605095542	0.051696284329563816
pLI_LOEUF:LOEUF	0.20382165605095542	0.05152979066022544
pLI_LOEUF:LOEUF	0.20382165605095542	0.05125467164975974
pLI_LOEUF:LOEUF	0.208067940552017	0.052127659574468084
pLI_LOEUF:LOEUF	0.208067940552017	0.05201698513800425
pLI_LOEUF:LOEUF	0.208067940552017	0.051715039577836415
pLI_LOEUF:LOEUF	0.208067940552017	0.05166051660516605
pLI_LOEUF:LOEUF	0.21231422505307856	0.05241090146750524
pLI_LOEUF:LOEUF	0.21231422505307856	0.05005005005005005
pLI_LOEUF:LOEUF	0.21231422505307856	0.04791566842357451
pLI_LOEUF:LOEUF	0.21231422505307856	0.047778308647873864
pLI_LOEUF:LOEUF	0.21231422505307856	0.04737091425864519
pLI_LOEUF:LOEUF	0.21231422505307856	0.04714757190004715
pLI_LOEUF:LOEUF	0.21231422505307856	0.04692632566870014
pLI_LOEUF:LOEUF	0.21231422505307856	0.045413260672116255
pLI_LOEUF:LOEUF	0.21231422505307856	0.04518752824220515
pLI_LOEUF:LOEUF	0.21231422505307856	0.04506534474988734
pLI_LOEUF:LOEUF	0.21231422505307856	0.044964028776978415
pLI_LOEUF:LOEUF	0.21231422505307856	0.0447427293064877
pLI_LOEUF:LOEUF	0.21443736730360935	0.04504906333630687
pLI_LOEUF:LOEUF	0.21868365180467092	0.04575744113727232
pLI_LOEUF:LOEUF	0.21868365180467092	0.04561558901682905
pLI_LOEUF:LOEUF	0.22929936305732485	0.045112781954887216
pLI_LOEUF:LOEUF	0.2356687898089172	0.046019900497512436
pLI_LOEUF:LOEUF	0.2356687898089172	0.0444
pLI_LOEUF:LOEUF	0.2356687898089172	0.04411764705882353
pLI_LOEUF:LOEUF	0.2356687898089172	0.04406510520047638
pLI_LOEUF:LOEUF	0.23779193205944799	0.0431266846361186
pLI_LOEUF:LOEUF	0.24203821656050956	0.04369490226140284
pLI_LOEUF:LOEUF	0.24203821656050956	0.04351145038167939
pLI_LOEUF:LOEUF	0.24203821656050956	0.04326375711574953
pLI_LOEUF:LOEUF	0.24203821656050956	0.04311649016641452
pLI_LOEUF:LOEUF	0.24628450106157113	0.043691148775894535
pLI_LOEUF:LOEUF	0.24628450106157113	0.04360902255639098
pLI_LOEUF:LOEUF	0.2505307855626327	0.04407919312663429
pLI_LOEUF:LOEUF	0.2505307855626327	0.04398061871039881
pLI_LOEUF:LOEUF	0.25477707006369427	0.044593088071348944
pLI_LOEUF:LOEUF	0.2632696390658174	0.045689019896831246
pLI_LOEUF:LOEUF	0.2632696390658174	0.044797687861271675
pLI_LOEUF:LOEUF	0.2653927813163482	0.04511006856730422
pLI_LOEUF:LOEUF	0.267515923566879	0.04520990312163617
pLI_LOEUF:LOEUF	0.267515923566879	0.044633368756641874
pLI_LOEUF:LOEUF	0.267515923566879	0.04411764705882353
pLI_LOEUF:LOEUF	0.267515923566879	0.043568464730290454
pLI_LOEUF:LOEUF	0.267515923566879	0.04329896907216495
pLI_LOEUF:LOEUF	0.267515923566879	0.0430327868852459
pLI_LOEUF:LOEUF	0.267515923566879	0.042915531335149866
pLI_LOEUF:LOEUF	0.27388535031847133	0.043640054127198916
pLI_LOEUF:LOEUF	0.27388535031847133	0.04321608040201005
pLI_LOEUF:LOEUF	0.2760084925690021	0.04329004329004329
pLI_LOEUF:LOEUF	0.2760084925690021	0.04320372216683283
pLI_LOEUF:LOEUF	0.2760084925690021	0.04303210857332009
pLI_LOEUF:LOEUF	0.2760084925690021	0.042833607907743
pLI_LOEUF:LOEUF	0.28450106157112526	0.042921204356181936
pLI_LOEUF:LOEUF	0.28450106157112526	0.042852574352414456
pLI_LOEUF:LOEUF	0.28450106157112526	0.04271597067261715
pLI_LOEUF:LOEUF	0.28662420382165604	0.04292527821939587
pLI_LOEUF:LOEUF	0.28662420382165604	0.042789223454833596
pLI_LOEUF:LOEUF	0.28662420382165604	0.04268099905153335
pLI_LOEUF:LOEUF	0.2908704883227176	0.04157814871016692
pLI_LOEUF:LOEUF	0.2908704883227176	0.0413023816701839
pLI_LOEUF:LOEUF	0.2929936305732484	0.04152873909118267
pLI_LOEUF:LOEUF	0.2929936305732484	0.041379310344827586
pLI_LOEUF:LOEUF	0.2951167728237792	0.04159186116098145
pLI_LOEUF:LOEUF	0.29723991507430997	0.04181600955794504
pLI_LOEUF:LOEUF	0.29723991507430997	0.04121283485428319
pLI_LOEUF:LOEUF	0.29936305732484075	0.041385383034928086
pLI_LOEUF:LOEUF	0.3036093418259023	0.04184957565115598
pLI_LOEUF:LOEUF	0.3057324840764331	0.04197027105800058
pLI_LOEUF:LOEUF	0.3057324840764331	0.04189700320046552
pLI_LOEUF:LOEUF	0.3099787685774947	0.040611961057023645
pLI_LOEUF:LOEUF	0.3099787685774947	0.04053303720155469
pLI_LOEUF:LOEUF	0.31210191082802546	0.04078801331853496
pLI_LOEUF:LOEUF	0.31422505307855625	0.04103132797338509
pLI_LOEUF:LOEUF	0.31634819532908703	0.04106945975744212
pLI_LOEUF:LOEUF	0.31634819532908703	0.040956569543705336
pLI_LOEUF:LOEUF	0.3205944798301486	0.04059139784946236
pLI_LOEUF:LOEUF	0.3227176220806794	0.040783471961363026
pLI_LOEUF:LOEUF	0.32908704883227174	0.04141063318193962
pLI_LOEUF:LOEUF	0.33121019108280253	0.04164442071542979
pLI_LOEUF:LOEUF	0.33121019108280253	0.04158890962410024
pLI_LOEUF:LOEUF	0.33121019108280253	0.04154460719041278
pLI_LOEUF:LOEUF	0.3333333333333333	0.041567381519724646
pLI_LOEUF:LOEUF	0.3333333333333333	0.04141387496702717
pLI_LOEUF:LOEUF	0.3333333333333333	0.04135932560590095
pLI_LOEUF:LOEUF	0.3354564755838641	0.041557075223566546
pLI_LOEUF:LOEUF	0.3375796178343949	0.04095826893353941
pLI_LOEUF:LOEUF	0.3375796178343949	0.04088454615582412
pLI_LOEUF:LOEUF	0.3375796178343949	0.04080061585835258
pLI_LOEUF:LOEUF	0.3375796178343949	0.040706605222734255
pLI_LOEUF:LOEUF	0.3375796178343949	0.040633784819831334
pLI_LOEUF:LOEUF	0.3375796178343949	0.040519877675840976
pLI_LOEUF:LOEUF	0.3375796178343949	0.04049923586347427
pLI_LOEUF:LOEUF	0.3375796178343949	0.04044772322564233
pLI_LOEUF:LOEUF	0.33970276008492567	0.04055766793409379
pLI_LOEUF:LOEUF	0.33970276008492567	0.0403530895334174
pLI_LOEUF:LOEUF	0.34182590233545646	0.040584824804638264
pLI_LOEUF:LOEUF	0.34182590233545646	0.04043194374686088
pLI_LOEUF:LOEUF	0.34182590233545646	0.04035087719298246
pLI_LOEUF:LOEUF	0.34182590233545646	0.04025
pLI_LOEUF:LOEUF	0.34182590233545646	0.040169660678642714
pLI_LOEUF:LOEUF	0.34182590233545646	0.04009962640099626
pLI_LOEUF:LOEUF	0.34394904458598724	0.040328603435399554
pLI_LOEUF:LOEUF	0.34394904458598724	0.040238450074515646
pLI_LOEUF:LOEUF	0.3503184713375796	0.04087193460490463
pLI_LOEUF:LOEUF	0.3524416135881104	0.0410484668644906
pLI_LOEUF:LOEUF	0.35668789808917195	0.041440552540700545
pLI_LOEUF:LOEUF	0.35881104033970274	0.0415948806300763
pLI_LOEUF:LOEUF	0.3609341825902335	0.04165645675079637
pLI_LOEUF:LOEUF	0.3609341825902335	0.04163605192260593
pLI_LOEUF:LOEUF	0.3609341825902335	0.04151404151404151
pLI_LOEUF:LOEUF	0.3630573248407643	0.041717492071236886
pLI_LOEUF:LOEUF	0.3630573248407643	0.04167682183767975
pLI_LOEUF:LOEUF	0.3651804670912951	0.041138483616359724
pLI_LOEUF:LOEUF	0.3673036093418259	0.041288782816229115
pLI_LOEUF:LOEUF	0.3673036093418259	0.041219918989754585
pLI_LOEUF:LOEUF	0.36942675159235666	0.04140885292717753
pLI_LOEUF:LOEUF	0.36942675159235666	0.04135963869740908
pLI_LOEUF:LOEUF	0.37154989384288745	0.04152823920265781
pLI_LOEUF:LOEUF	0.37154989384288745	0.04148885727833096
pLI_LOEUF:LOEUF	0.37579617834394907	0.04189349112426036
pLI_LOEUF:LOEUF	0.37791932059447986	0.042040623523854515
pLI_LOEUF:LOEUF	0.38004246284501064	0.04220702664465928
pLI_LOEUF:LOEUF	0.386411889596603	0.042823529411764705
pLI_LOEUF:LOEUF	0.386411889596603	0.04271297817413753
pLI_LOEUF:LOEUF	0.39065817409766457	0.04314185228604924
pLI_LOEUF:LOEUF	0.39065817409766457	0.04294049008168028
pLI_LOEUF:LOEUF	0.39065817409766457	0.042890442890442894
pLI_LOEUF:LOEUF	0.39065817409766457	0.042820572492436586
pLI_LOEUF:LOEUF	0.39278131634819535	0.04302325581395349
pLI_LOEUF:LOEUF	0.39278131634819535	0.042983271375464684
pLI_LOEUF:LOEUF	0.39490445859872614	0.04314544189283229
pLI_LOEUF:LOEUF	0.3970276008492569	0.043287037037037034
pLI_LOEUF:LOEUF	0.40552016985138006	0.04413123844731978
pLI_LOEUF:LOEUF	0.40976645435244163	0.044552169898430284
pLI_LOEUF:LOEUF	0.40976645435244163	0.04451107011070111
pLI_LOEUF:LOEUF	0.40976645435244163	0.04445980188896568
pLI_LOEUF:LOEUF	0.4140127388535032	0.044735030970406056
pLI_LOEUF:LOEUF	0.4182590233545648	0.045152418060967224
pLI_LOEUF:LOEUF	0.4182590233545648	0.045018281535649
pLI_LOEUF:LOEUF	0.42038216560509556	0.04510250569476082
pLI_LOEUF:LOEUF	0.42250530785562634	0.04523755398954308
pLI_LOEUF:LOEUF	0.42250530785562634	0.04514519056261343
pLI_LOEUF:LOEUF	0.42250530785562634	0.04510426110607434
pLI_LOEUF:LOEUF	0.42250530785562634	0.0449311356965455
pLI_LOEUF:LOEUF	0.42250530785562634	0.04490072202166065
pLI_LOEUF:LOEUF	0.42250530785562634	0.04457885304659498
pLI_LOEUF:LOEUF	0.42250530785562634	0.04450905837620219
pLI_LOEUF:LOEUF	0.42250530785562634	0.04447921323200715
pLI_LOEUF:LOEUF	0.4288747346072187	0.04506916555109326
pLI_LOEUF:LOEUF	0.4288747346072187	0.04498886414253898
pLI_LOEUF:LOEUF	0.4309978768577495	0.045131169408626055
pLI_LOEUF:LOEUF	0.4309978768577495	0.04507104795737123
pLI_LOEUF:LOEUF	0.43312101910828027	0.04500330906684315
pLI_LOEUF:LOEUF	0.43312101910828027	0.0448943661971831
pLI_LOEUF:LOEUF	0.43312101910828027	0.044707429322813935
pLI_LOEUF:LOEUF	0.43524416135881105	0.04470126471870912
pLI_LOEUF:LOEUF	0.43736730360934184	0.0448703986059682
pLI_LOEUF:LOEUF	0.43736730360934184	0.044831338411316646
pLI_LOEUF:LOEUF	0.4416135881104034	0.04524690015227322
pLI_LOEUF:LOEUF	0.4437367303609342	0.04538545059717698
pLI_LOEUF:LOEUF	0.4437367303609342	0.04529692241005635
pLI_LOEUF:LOEUF	0.45010615711252655	0.045808124459809856
pLI_LOEUF:LOEUF	0.45010615711252655	0.04574881312041433
pLI_LOEUF:LOEUF	0.45222929936305734	0.04593487168427863
pLI_LOEUF:LOEUF	0.4543524416135881	0.04611075199310494
pLI_LOEUF:LOEUF	0.4543524416135881	0.04607104413347686
pLI_LOEUF:LOEUF	0.4543524416135881	0.04555129842486164
pLI_LOEUF:LOEUF	0.4543524416135881	0.04438913088570836
pLI_LOEUF:LOEUF	0.46284501061571126	0.04514392213708843
pLI_LOEUF:LOEUF	0.46496815286624205	0.04531346989447548
pLI_LOEUF:LOEUF	0.46496815286624205	0.04526663910706904
pLI_LOEUF:LOEUF	0.46709129511677283	0.045426388602106134
pLI_LOEUF:LOEUF	0.46709129511677283	0.04537017941843679
pLI_LOEUF:LOEUF	0.46709129511677283	0.045286125977768626
pLI_LOEUF:LOEUF	0.46709129511677283	0.045220966084275435
pLI_LOEUF:LOEUF	0.4734607218683652	0.04579995892380365
pLI_LOEUF:LOEUF	0.47558386411889597	0.04590163934426229
pLI_LOEUF:LOEUF	0.47558386411889597	0.045845272206303724
pLI_LOEUF:LOEUF	0.47770700636942676	0.04598405885959534
pLI_LOEUF:LOEUF	0.47983014861995754	0.04604726976365118
pLI_LOEUF:LOEUF	0.47983014861995754	0.045925624872993294
pLI_LOEUF:LOEUF	0.4819532908704883	0.045775357935067554
pLI_LOEUF:LOEUF	0.4840764331210191	0.045875251509054325
pLI_LOEUF:LOEUF	0.4861995753715499	0.04598393574297189
pLI_LOEUF:LOEUF	0.4861995753715499	0.045947030497592294
pLI_LOEUF:LOEUF	0.4883227176220807	0.046
pLI_LOEUF:LOEUF	0.49044585987261147	0.04604345226230815
pLI_LOEUF:LOEUF	0.49044585987261147	0.04602510460251046
pLI_LOEUF:LOEUF	0.49044585987261147	0.04592445328031809
pLI_LOEUF:LOEUF	0.49469214437367304	0.04625769307127258
pLI_LOEUF:LOEUF	0.4968152866242038	0.04630912329309321
pLI_LOEUF:LOEUF	0.5095541401273885	0.04739336492890995
pLI_LOEUF:LOEUF	0.5095541401273885	0.0473746545598105
pLI_LOEUF:LOEUF	0.5095541401273885	0.04686584651435267
pLI_LOEUF:LOEUF	0.5095541401273885	0.04682926829268293
pLI_LOEUF:LOEUF	0.5095541401273885	0.04668352460610776
pLI_LOEUF:LOEUF	0.5095541401273885	0.04653868528214078
pLI_LOEUF:LOEUF	0.5095541401273885	0.046511627906976744
pLI_LOEUF:LOEUF	0.5095541401273885	0.046475600309837335
pLI_LOEUF:LOEUF	0.5116772823779193	0.04555765595463138
pLI_LOEUF:LOEUF	0.5138004246284501	0.04567761419403549
pLI_LOEUF:LOEUF	0.5159235668789809	0.045831761599396455
pLI_LOEUF:LOEUF	0.5180467091295117	0.045873284451964653
pLI_LOEUF:LOEUF	0.5222929936305732	0.04620586025544703
pLI_LOEUF:LOEUF	0.5222929936305732	0.046084675908579995
pLI_LOEUF:LOEUF	0.5222929936305732	0.045921224565988426
pLI_LOEUF:LOEUF	0.5265392781316348	0.04561338973698731
pLI_LOEUF:LOEUF	0.5265392781316348	0.04557148107313488
pLI_LOEUF:LOEUF	0.5265392781316348	0.04492753623188406
pLI_LOEUF:LOEUF	0.5265392781316348	0.0442225392296719
pLI_LOEUF:LOEUF	0.5329087048832272	0.04470169189670525
pLI_LOEUF:LOEUF	0.5329087048832272	0.044416917359759334
pLI_LOEUF:LOEUF	0.5329087048832272	0.044377652050919376
pLI_LOEUF:LOEUF	0.535031847133758	0.044538706256627786
pLI_LOEUF:LOEUF	0.5498938428874734	0.045703193929768834
pLI_LOEUF:LOEUF	0.5498938428874734	0.045638766519823785
pLI_LOEUF:LOEUF	0.5626326963906582	0.04602292462660646
pLI_LOEUF:LOEUF	0.5626326963906582	0.04590334314914256
pLI_LOEUF:LOEUF	0.5626326963906582	0.045871559633027525
pLI_LOEUF:LOEUF	0.564755838641189	0.046028724692853434
pLI_LOEUF:LOEUF	0.5668789808917197	0.04616182572614108
pLI_LOEUF:LOEUF	0.5668789808917197	0.0461139896373057
pLI_LOEUF:LOEUF	0.5690021231422505	0.0462707182320442
pLI_LOEUF:LOEUF	0.5711252653927813	0.046419327006039686
pLI_LOEUF:LOEUF	0.5753715498938429	0.04667585256631071
pLI_LOEUF:LOEUF	0.5753715498938429	0.046507636862879696
pLI_LOEUF:LOEUF	0.5753715498938429	0.04644387317909169
pLI_LOEUF:LOEUF	0.5774946921443737	0.04657534246575343
pLI_LOEUF:LOEUF	0.5774946921443737	0.04651958269197879
pLI_LOEUF:LOEUF	0.5796178343949044	0.0466586908220817
pLI_LOEUF:LOEUF	0.5817409766454352	0.0467896174863388
pLI_LOEUF:LOEUF	0.5817409766454352	0.046511627906976744
pLI_LOEUF:LOEUF	0.5859872611464968	0.04675588683720142
pLI_LOEUF:LOEUF	0.5859872611464968	0.04669260700389105
pLI_LOEUF:LOEUF	0.5859872611464968	0.046668921203922895
pLI_LOEUF:LOEUF	0.5859872611464968	0.04665314401622718
pLI_LOEUF:LOEUF	0.5966029723991507	0.04646932363155284
pLI_LOEUF:LOEUF	0.5966029723991507	0.04643860518922492
pLI_LOEUF:LOEUF	0.5987261146496815	0.04658077304261645
pLI_LOEUF:LOEUF	0.6008492569002123	0.046722800066039294
pLI_LOEUF:LOEUF	0.6029723991507431	0.04683377308707124
pLI_LOEUF:LOEUF	0.6029723991507431	0.04681833168480053
pLI_LOEUF:LOEUF	0.6050955414012739	0.046967699406723795
pLI_LOEUF:LOEUF	0.6093418259023354	0.04725835666062901
pLI_LOEUF:LOEUF	0.6093418259023354	0.04723502304147465
pLI_LOEUF:LOEUF	0.6093418259023354	0.047211712452706035
pLI_LOEUF:LOEUF	0.6093418259023354	0.04711096520026264
pLI_LOEUF:LOEUF	0.6093418259023354	0.047002947920078614
pLI_LOEUF:LOEUF	0.6093418259023354	0.0469030887399902
pLI_LOEUF:LOEUF	0.6114649681528662	0.047020408163265304
pLI_LOEUF:LOEUF	0.6114649681528662	0.046875
pLI_LOEUF:LOEUF	0.6157112526539278	0.04717748495200911
pLI_LOEUF:LOEUF	0.6157112526539278	0.04707028079857166
pLI_LOEUF:LOEUF	0.6157112526539278	0.04704737183646982
pLI_LOEUF:LOEUF	0.6157112526539278	0.046910384988676807
pLI_LOEUF:LOEUF	0.6157112526539278	0.04686489980607628
pLI_LOEUF:LOEUF	0.6157112526539278	0.0467817389901597
pLI_LOEUF:LOEUF	0.6157112526539278	0.046736502820306204
pLI_LOEUF:LOEUF	0.6157112526539278	0.04669887278582931
pLI_LOEUF:LOEUF	0.6263269639065817	0.04745053884510214
pLI_LOEUF:LOEUF	0.6305732484076433	0.047710843373493975
pLI_LOEUF:LOEUF	0.6326963906581741	0.047840744902873655
pLI_LOEUF:LOEUF	0.6326963906581741	0.047810043317824485
pLI_LOEUF:LOEUF	0.6369426751592356	0.04797697105389413
pLI_LOEUF:LOEUF	0.6369426751592356	0.047214353163361665
pLI_LOEUF:LOEUF	0.6390658174097664	0.0473568281938326
pLI_LOEUF:LOEUF	0.6390658174097664	0.04731216598553914
pLI_LOEUF:LOEUF	0.643312101910828	0.047574187470560525
pLI_LOEUF:LOEUF	0.6454352441613588	0.04765637247217432
pLI_LOEUF:LOEUF	0.6454352441613588	0.04764143551167529
pLI_LOEUF:LOEUF	0.6454352441613588	0.047626507911640296
pLI_LOEUF:LOEUF	0.6475583864118896	0.047768206734534066
pLI_LOEUF:LOEUF	0.6496815286624203	0.047872340425531915
pLI_LOEUF:LOEUF	0.6496815286624203	0.04784240150093809
pLI_LOEUF:LOEUF	0.6496815286624203	0.047805030463990004
pLI_LOEUF:LOEUF	0.6518046709129511	0.04794627518350773
pLI_LOEUF:LOEUF	0.6518046709129511	0.04789391575663027
pLI_LOEUF:LOEUF	0.6518046709129511	0.04779697960454616
pLI_LOEUF:LOEUF	0.6518046709129511	0.047457103107126294
pLI_LOEUF:LOEUF	0.6518046709129511	0.04739848695383665
pLI_LOEUF:LOEUF	0.6518046709129511	0.047288971041281574
pLI_LOEUF:LOEUF	0.6539278131634819	0.04736275565123789
pLI_LOEUF:LOEUF	0.6539278131634819	0.04730456151128859
pLI_LOEUF:LOEUF	0.6539278131634819	0.04725375882172445
pLI_LOEUF:LOEUF	0.6539278131634819	0.04723926380368098
pLI_LOEUF:LOEUF	0.6539278131634819	0.047203065134099616
pLI_LOEUF:LOEUF	0.6539278131634819	0.047174146117322714
pLI_LOEUF:LOEUF	0.6539278131634819	0.04714526251339354
pLI_LOEUF:LOEUF	0.6539278131634819	0.04708760128420731
pLI_LOEUF:LOEUF	0.6581740976645435	0.04734993126622881
pLI_LOEUF:LOEUF	0.6581740976645435	0.04729214340198322
pLI_LOEUF:LOEUF	0.6581740976645435	0.047270509301616345
pLI_LOEUF:LOEUF	0.6602972399150743	0.04738686576260856
pLI_LOEUF:LOEUF	0.6602972399150743	0.04735079171741778
pLI_LOEUF:LOEUF	0.6645435244161358	0.047088912291259215
pLI_LOEUF:LOEUF	0.673036093418259	0.04761189546410333
pLI_LOEUF:LOEUF	0.673036093418259	0.047511990407673864
pLI_LOEUF:LOEUF	0.673036093418259	0.04735584105168808
pLI_LOEUF:LOEUF	0.673036093418259	0.047313432835820894
pLI_LOEUF:LOEUF	0.673036093418259	0.047235881388764715
pLI_LOEUF:LOEUF	0.673036093418259	0.04721477509681263
pLI_LOEUF:LOEUF	0.673036093418259	0.04717963982735526
pLI_LOEUF:LOEUF	0.673036093418259	0.047144556811421774
pLI_LOEUF:LOEUF	0.673036093418259	0.047130538209931606
pLI_LOEUF:LOEUF	0.673036093418259	0.04710952593253084
pLI_LOEUF:LOEUF	0.6751592356687898	0.04718100890207715
pLI_LOEUF:LOEUF	0.6751592356687898	0.04711111111111111
pLI_LOEUF:LOEUF	0.6751592356687898	0.04708320994965946
pLI_LOEUF:LOEUF	0.6751592356687898	0.04704837993786063
pLI_LOEUF:LOEUF	0.6772823779193206	0.04716144293317564
pLI_LOEUF:LOEUF	0.6772823779193206	0.04714053494901729
pLI_LOEUF:LOEUF	0.6794055201698513	0.047239444936522
pLI_LOEUF:LOEUF	0.6794055201698513	0.04720460244873875
pLI_LOEUF:LOEUF	0.6794055201698513	0.04716981132075472
pLI_LOEUF:LOEUF	0.6794055201698513	0.04713507143909265
pLI_LOEUF:LOEUF	0.6836518046709129	0.04739476008242567
pLI_LOEUF:LOEUF	0.6836518046709129	0.04735990586851008
pLI_LOEUF:LOEUF	0.6836518046709129	0.04733901793590121
pLI_LOEUF:LOEUF	0.6857749469214437	0.04745115322462171
pLI_LOEUF:LOEUF	0.692144373673036	0.04683235167361011
pLI_LOEUF:LOEUF	0.7006369426751592	0.0473186119873817
pLI_LOEUF:LOEUF	0.7006369426751592	0.04725085910652921
pLI_LOEUF:LOEUF	0.70276008492569	0.04731275014293882
pLI_LOEUF:LOEUF	0.70276008492569	0.04725870930896631
pLI_LOEUF:LOEUF	0.7048832271762208	0.04736767013839349
pLI_LOEUF:LOEUF	0.7048832271762208	0.04659649122807018
pLI_LOEUF:LOEUF	0.7070063694267515	0.04670406732117812
pLI_LOEUF:LOEUF	0.7091295116772823	0.046818054387440425
pLI_LOEUF:LOEUF	0.7091295116772823	0.04680493273542601
pLI_LOEUF:LOEUF	0.7091295116772823	0.04674597620713786
pLI_LOEUF:LOEUF	0.7133757961783439	0.04699300699300699
pLI_LOEUF:LOEUF	0.7133757961783439	0.04689462665736218
pLI_LOEUF:LOEUF	0.7133757961783439	0.04684232538686742
pLI_LOEUF:LOEUF	0.7133757961783439	0.04681621847568622
pLI_LOEUF:LOEUF	0.7133757961783439	0.04671857619577308
pLI_LOEUF:LOEUF	0.7133757961783439	0.0466537073035268
pLI_LOEUF:LOEUF	0.7133757961783439	0.04661487236403995
pLI_LOEUF:LOEUF	0.7154989384288747	0.04667590027700831
pLI_LOEUF:LOEUF	0.7154989384288747	0.046630690466306905
pLI_LOEUF:LOEUF	0.7176220806794055	0.04672380425767211
pLI_LOEUF:LOEUF	0.7176220806794055	0.0466786355475763
pLI_LOEUF:LOEUF	0.721868365180467	0.04688361831218974
pLI_LOEUF:LOEUF	0.721868365180467	0.04687069203198235
pLI_LOEUF:LOEUF	0.721868365180467	0.046831955922865015
pLI_LOEUF:LOEUF	0.721868365180467	0.04676753782668501
pLI_LOEUF:LOEUF	0.721868365180467	0.046754675467546754
pLI_LOEUF:LOEUF	0.7303609341825902	0.04725274725274725
pLI_LOEUF:LOEUF	0.7303609341825902	0.04722031571722718
pLI_LOEUF:LOEUF	0.7303609341825902	0.04718792866941015
pLI_LOEUF:LOEUF	0.7303609341825902	0.047110380717611616
pLI_LOEUF:LOEUF	0.732484076433121	0.04720207962785607
pLI_LOEUF:LOEUF	0.7346072186836518	0.047319474835886215
pLI_LOEUF:LOEUF	0.7388535031847133	0.04681824297053679
pLI_LOEUF:LOEUF	0.7409766454352441	0.04687709872397582
pLI_LOEUF:LOEUF	0.7452229299363057	0.04712041884816754
pLI_LOEUF:LOEUF	0.7473460721868365	0.04717866237769736
pLI_LOEUF:LOEUF	0.7473460721868365	0.04715338245144005
pLI_LOEUF:LOEUF	0.7473460721868365	0.047077704961883106
pLI_LOEUF:LOEUF	0.7473460721868365	0.04706511565717342
pLI_LOEUF:LOEUF	0.7473460721868365	0.047052533083812326
pLI_LOEUF:LOEUF	0.7515923566878981	0.04728827144002137
pLI_LOEUF:LOEUF	0.7515923566878981	0.04725670804965959
pLI_LOEUF:LOEUF	0.7515923566878981	0.04721888755502201
pLI_LOEUF:LOEUF	0.7515923566878981	0.047155987744771546
pLI_LOEUF:LOEUF	0.7515923566878981	0.04713087471708161
pLI_LOEUF:LOEUF	0.7515923566878981	0.047105788423153695
pLI_LOEUF:LOEUF	0.7558386411889597	0.047353019420058526
pLI_LOEUF:LOEUF	0.7558386411889597	0.04730897009966777
pLI_LOEUF:LOEUF	0.7558386411889597	0.04727127871464613
pLI_LOEUF:LOEUF	0.7558386411889597	0.04723991507430998
pLI_LOEUF:LOEUF	0.7558386411889597	0.047221116858999865
pLI_LOEUF:LOEUF	0.7579617834394905	0.047328649078615934
pLI_LOEUF:LOEUF	0.7600849256900213	0.04742349980129819
pLI_LOEUF:LOEUF	0.7600849256900213	0.04736076200555629
pLI_LOEUF:LOEUF	0.7622080679405521	0.04744284392758028
pLI_LOEUF:LOEUF	0.7622080679405521	0.047417778364813104
pLI_LOEUF:LOEUF	0.7622080679405521	0.0473739773027184
pLI_LOEUF:LOEUF	0.7664543524416136	0.04757511860832894
pLI_LOEUF:LOEUF	0.7664543524416136	0.047543790333201635
pLI_LOEUF:LOEUF	0.7685774946921444	0.04763157894736842
pLI_LOEUF:LOEUF	0.7707006369426752	0.04765655769988184
pLI_LOEUF:LOEUF	0.7707006369426752	0.047625295198110734
pLI_LOEUF:LOEUF	0.7707006369426752	0.047513089005235605
pLI_LOEUF:LOEUF	0.7707006369426752	0.04746338912133891
pLI_LOEUF:LOEUF	0.7707006369426752	0.0474385781495034
pLI_LOEUF:LOEUF	0.7707006369426752	0.04739522130826479
pLI_LOEUF:LOEUF	0.7707006369426752	0.047370481534647006
pLI_LOEUF:LOEUF	0.7707006369426752	0.04735812133072407
pLI_LOEUF:LOEUF	0.7707006369426752	0.04732724902216428
pLI_LOEUF:LOEUF	0.7707006369426752	0.04729641693811075
pLI_LOEUF:LOEUF	0.7813163481953291	0.0472097498396408
pLI_LOEUF:LOEUF	0.7813163481953291	0.04715530497180933
pLI_LOEUF:LOEUF	0.7813163481953291	0.0471311475409836
pLI_LOEUF:LOEUF	0.7813163481953291	0.0471190781049936
pLI_LOEUF:LOEUF	0.7813163481953291	0.04702875399361022
pLI_LOEUF:LOEUF	0.7834394904458599	0.0471144024514811
pLI_LOEUF:LOEUF	0.7834394904458599	0.04709636247606892
pLI_LOEUF:LOEUF	0.7834394904458599	0.047078336310283235
pLI_LOEUF:LOEUF	0.7834394904458599	0.047054322876817135
pLI_LOEUF:LOEUF	0.7834394904458599	0.04703632887189293
pLI_LOEUF:LOEUF	0.7834394904458599	0.04701235826219901
pLI_LOEUF:LOEUF	0.7834394904458599	0.046964490263459335
pLI_LOEUF:LOEUF	0.7834394904458599	0.04695253849090215
pLI_LOEUF:LOEUF	0.7834394904458599	0.04692865318580695
pLI_LOEUF:LOEUF	0.7834394904458599	0.0468869123252859
pLI_LOEUF:LOEUF	0.7834394904458599	0.04684524565189793
pLI_LOEUF:LOEUF	0.7834394904458599	0.046833354486609975
pLI_LOEUF:LOEUF	0.7834394904458599	0.04679178290641643
pLI_LOEUF:LOEUF	0.7961783439490446	0.04658963846440552
pLI_LOEUF:LOEUF	0.7983014861995754	0.04663855122798313
pLI_LOEUF:LOEUF	0.7983014861995754	0.046615422762211756
pLI_LOEUF:LOEUF	0.802547770700637	0.046834345186470075
pLI_LOEUF:LOEUF	0.802547770700637	0.046822742474916385
pLI_LOEUF:LOEUF	0.802547770700637	0.04677638906075981
pLI_LOEUF:LOEUF	0.802547770700637	0.04667819214620894
pLI_LOEUF:LOEUF	0.802547770700637	0.04658614739955632
pLI_LOEUF:LOEUF	0.8046709129511678	0.04668062569281931
pLI_LOEUF:LOEUF	0.8046709129511678	0.04657163922339641
pLI_LOEUF:LOEUF	0.8046709129511678	0.046508774082709536
pLI_LOEUF:LOEUF	0.8046709129511678	0.04647455548743103
pLI_LOEUF:LOEUF	0.8046709129511678	0.04642332190102891
pLI_LOEUF:LOEUF	0.8046709129511678	0.04638355158487333
pLI_LOEUF:LOEUF	0.8046709129511678	0.04630987292277615
pLI_LOEUF:LOEUF	0.8046709129511678	0.04629290338341273
pLI_LOEUF:LOEUF	0.8046709129511678	0.046270296667073614
pLI_LOEUF:LOEUF	0.8067940552016986	0.04636408003904344
pLI_LOEUF:LOEUF	0.8067940552016986	0.046318868844466114
pLI_LOEUF:LOEUF	0.8067940552016986	0.04629065659641857
pLI_LOEUF:LOEUF	0.8067940552016986	0.046206225680933855
pLI_LOEUF:LOEUF	0.8067940552016986	0.046166929899161706
pLI_LOEUF:LOEUF	0.8089171974522293	0.04624908958485069
pLI_LOEUF:LOEUF	0.8089171974522293	0.04580427987496995
pLI_LOEUF:LOEUF	0.8089171974522293	0.04578226387887527
pLI_LOEUF:LOEUF	0.8089171974522293	0.045716342692584594
pLI_LOEUF:LOEUF	0.8237791932059448	0.04649490713001798
pLI_LOEUF:LOEUF	0.8259023354564756	0.046547804235969846
pLI_LOEUF:LOEUF	0.8259023354564756	0.04647550776583035
pLI_LOEUF:LOEUF	0.8259023354564756	0.04644776119402985
pLI_LOEUF:LOEUF	0.8259023354564756	0.04642558777897124
pLI_LOEUF:LOEUF	0.8259023354564756	0.04638130439966615
pLI_LOEUF:LOEUF	0.8259023354564756	0.04632606883410742
pLI_LOEUF:LOEUF	0.8259023354564756	0.04630952380952381
pLI_LOEUF:LOEUF	0.8259023354564756	0.04626546146527117
pLI_LOEUF:LOEUF	0.8259023354564756	0.046248959695636666
pLI_LOEUF:LOEUF	0.8259023354564756	0.046188553787698886
pLI_LOEUF:LOEUF	0.8301486199575372	0.0463874718234666
pLI_LOEUF:LOEUF	0.8301486199575372	0.04633799478549419
pLI_LOEUF:LOEUF	0.832271762208068	0.046412502959981054
pLI_LOEUF:LOEUF	0.832271762208068	0.04637406837809062
pLI_LOEUF:LOEUF	0.832271762208068	0.04634117507979667
pLI_LOEUF:LOEUF	0.832271762208068	0.04629738986654069
pLI_LOEUF:LOEUF	0.8343949044585988	0.04636621047663993
pLI_LOEUF:LOEUF	0.8343949044585988	0.04631157200094273
pLI_LOEUF:LOEUF	0.8492569002123143	0.04700352526439483
pLI_LOEUF:LOEUF	0.8492569002123143	0.04695386782486207
pLI_LOEUF:LOEUF	0.8492569002123143	0.0469208211143695
pLI_LOEUF:LOEUF	0.8492569002123143	0.046832923545252314
pLI_LOEUF:LOEUF	0.8492569002123143	0.04678909814013335
pLI_LOEUF:LOEUF	0.8492569002123143	0.04676174888940846
pLI_LOEUF:LOEUF	0.851380042462845	0.04685674222949287
pLI_LOEUF:LOEUF	0.851380042462845	0.04682938222585543
pLI_LOEUF:LOEUF	0.851380042462845	0.04678567261696418
pLI_LOEUF:LOEUF	0.8556263269639066	0.04699708454810496
pLI_LOEUF:LOEUF	0.8577494692144374	0.04709173563352372
pLI_LOEUF:LOEUF	0.861995753715499	0.0472972972972973
pLI_LOEUF:LOEUF	0.861995753715499	0.04728627999068251
pLI_LOEUF:LOEUF	0.861995753715499	0.04723676556137289
pLI_LOEUF:LOEUF	0.861995753715499	0.047170907400952714
pLI_LOEUF:LOEUF	0.8641188959660298	0.04727061556329849
pLI_LOEUF:LOEUF	0.8662420382165605	0.047331786542923436
pLI_LOEUF:LOEUF	0.8747346072186837	0.04756407296236435
pLI_LOEUF:LOEUF	0.8747346072186837	0.047449038350800415
pLI_LOEUF:LOEUF	0.8789808917197452	0.04763548498446669
pLI_LOEUF:LOEUF	0.8789808917197452	0.047619047619047616
pLI_LOEUF:LOEUF	0.8789808917197452	0.04759714876983215
pLI_LOEUF:LOEUF	0.881104033970276	0.04767922794117647
pLI_LOEUF:LOEUF	0.8832271762208068	0.047766678149041224
pLI_LOEUF:LOEUF	0.8832271762208068	0.04775571116978533
pLI_LOEUF:LOEUF	0.8853503184713376	0.0478265856176167
pLI_LOEUF:LOEUF	0.8874734607218684	0.047924787892685165
pLI_LOEUF:LOEUF	0.8959660297239915	0.0473997528922835
pLI_LOEUF:LOEUF	0.8959660297239915	0.047378466374761424
pLI_LOEUF:LOEUF	0.8959660297239915	0.04736783028398249
pLI_LOEUF:LOEUF	0.8959660297239915	0.04733595064498037
pLI_LOEUF:LOEUF	0.8959660297239915	0.04731472138132078
pLI_LOEUF:LOEUF	1.0	0.045480880648899186
